# Blender 5.0.1
# www.blender.org
mtllib Atún.mtl
o Lata_Atún
v 0.860764 0.631877 -0.255418
v 0.804422 0.625768 -0.247654
v 0.757053 0.625768 -0.233285
v 0.713399 0.625768 -0.209951
v 0.673029 0.625768 -0.178548
v 0.634388 0.625768 -0.140284
v 0.614413 0.625768 -0.096630
v 0.604391 0.625768 -0.049261
v 0.601007 0.625768 -0.000000
v 0.604391 0.625768 0.049261
v 0.614413 0.625768 0.096630
v 0.634388 0.625768 0.140284
v 0.673029 0.625768 0.178548
v 0.713399 0.625768 0.209951
v 0.757054 0.625768 0.233285
v 0.804422 0.625768 0.247654
v 0.860764 0.631877 0.255418
v 0.928234 0.634252 0.247654
v 0.975603 0.634252 0.233285
v 1.019257 0.634252 0.209951
v 1.057521 0.634252 0.178548
v 1.088923 0.634252 0.140284
v 1.112257 0.634252 0.096630
v 1.126626 0.634252 0.049261
v 1.131478 0.634252 -0.000000
v 1.126626 0.634252 -0.049261
v 1.112257 0.634252 -0.096630
v 1.088923 0.634252 -0.140284
v 1.057521 0.634252 -0.178548
v 1.019257 0.634252 -0.209951
v 0.975603 0.634252 -0.233285
v 0.928234 0.634252 -0.247654
v 0.357312 0.638494 -0.261646
v 0.309223 0.634252 -0.256206
v 0.260219 0.634252 -0.241340
v 0.215057 0.634252 -0.217201
v 0.176217 0.634252 -0.184714
v 0.146878 0.634252 -0.145129
v 0.124248 0.634252 -0.099966
v 0.109991 0.634252 -0.050962
v 0.105177 0.634252 -0.000000
v 0.109991 0.634252 0.050962
v 0.124248 0.634252 0.099966
v 0.146878 0.634252 0.145129
v 0.176217 0.634252 0.184714
v 0.215057 0.634252 0.217201
v 0.260219 0.634252 0.241340
v 0.309223 0.634252 0.256206
v 0.357312 0.638494 0.261646
v 0.433410 0.625768 0.256206
v 0.475824 0.634252 0.262067
v 0.209637 0.634252 -0.000000
v 0.213630 0.634252 0.050962
v 0.433410 0.625768 -0.256206
v 0.384406 0.625768 -0.241340
v 0.225453 0.634252 0.099966
v 0.339243 0.625768 -0.217201
v 0.271128 0.631877 0.145391
v 0.300534 0.625768 -0.184714
v 0.300534 0.625768 0.184714
v 0.271128 0.631877 -0.145391
v 0.339243 0.625768 0.217201
v 0.225453 0.634252 -0.099966
v 0.384406 0.625768 0.241340
v 0.213630 0.634252 -0.050962
v 0.475824 0.634252 -0.262067
v 0.699383 0.634252 0.262067
v 0.488125 0.634252 0.050962
v 0.607965 0.625768 -0.241340
v 0.481256 0.634252 0.099966
v 0.562802 0.625768 -0.217201
v 0.451139 0.631877 0.145391
v 0.515539 0.625768 -0.184714
v 0.515540 0.625768 0.184714
v 0.451139 0.631877 -0.145391
v 0.562802 0.625768 0.217201
v 0.481256 0.634252 -0.099966
v 0.607965 0.625768 0.241340
v 0.488125 0.634252 -0.050962
v 0.656969 0.625768 0.256206
v 0.490444 0.634252 -0.000000
v 0.656969 0.625768 -0.256206
v 0.699383 0.634252 -0.262067
v 0.878973 0.634252 -0.217627
v 0.836516 0.634252 -0.213445
v 0.795691 0.634252 -0.201061
v 0.758066 0.634252 -0.180950
v 0.725088 0.634252 -0.153885
v 0.698023 0.634252 -0.120907
v 0.677912 0.634252 -0.083282
v 0.665528 0.634252 -0.042457
v 0.661346 0.634252 -0.000000
v 0.665528 0.634252 0.042457
v 0.677912 0.634252 0.083282
v 0.698023 0.634252 0.120907
v 0.725088 0.634252 0.153885
v 0.758066 0.634252 0.180950
v 0.795691 0.634252 0.201061
v 0.836516 0.634252 0.213445
v 0.878973 0.634252 0.217627
v 0.921430 0.634252 0.213445
v 0.962255 0.634252 0.201061
v 0.994669 0.631877 0.173562
v 1.026031 0.625768 0.147059
v 1.051895 0.625768 0.115543
v 1.071114 0.625768 0.079588
v 1.082949 0.625768 0.040573
v 1.086945 0.625768 -0.000000
v 1.082949 0.625768 -0.040573
v 1.071114 0.625768 -0.079588
v 1.051896 0.625768 -0.115543
v 1.026031 0.625768 -0.147059
v 0.994670 0.631877 -0.173562
v 0.962255 0.634252 -0.201061
v 0.921430 0.634252 -0.213445
v 0.884564 0.625768 -0.089514
v 0.864811 0.625768 -0.086703
v 0.845603 0.625768 -0.080561
v 0.827678 0.625768 -0.071322
v 0.811724 0.625768 -0.059343
v 0.798354 0.625768 -0.045083
v 0.788082 0.625768 -0.029090
v 0.781303 0.625768 -0.011980
v 0.778278 0.625768 0.005591
v 0.774083 0.625768 0.021595
v 0.784915 0.625768 0.038960
v 0.789535 0.625768 0.058898
v 0.803817 0.625768 0.067249
v 0.818381 0.625768 0.077534
v 0.835273 0.625768 0.084840
v 0.853845 0.625768 0.088885
v 0.873382 0.625768 0.089514
v 0.893134 0.625768 0.086703
v 0.912342 0.625768 0.080561
v 0.930268 0.625768 0.071322
v 0.946222 0.625768 0.059343
v 0.959592 0.625768 0.045083
v 0.969864 0.625768 0.029091
v 0.976643 0.625768 0.011980
v 0.979668 0.625768 -0.005591
v 0.983863 0.625768 -0.021595
v 0.973031 0.625768 -0.038960
v 0.968411 0.625768 -0.058898
v 0.954128 0.625768 -0.067249
v 0.939565 0.625768 -0.077534
v 0.922672 0.625768 -0.084840
v 0.904101 0.625768 -0.088885
v 0.748405 0.634252 -0.054083
v 0.740363 0.634252 -0.027571
v 0.985732 0.625768 0.106759
v 1.004508 0.625768 0.083880
v 0.737648 0.634252 -0.000000
v 1.018460 0.625768 0.057778
v 0.740363 0.634252 0.027571
v 1.027052 0.625768 0.029455
v 0.748405 0.634252 0.054083
v 1.029953 0.625768 -0.000000
v 0.761465 0.634252 0.078516
v 1.027052 0.625768 -0.029455
v 0.779041 0.634252 0.099932
v 1.018460 0.625768 -0.057777
v 0.800457 0.634252 0.117508
v 1.004508 0.625768 -0.083880
v 0.824890 0.634252 0.130568
v 0.878973 0.634252 -0.141325
v 0.851402 0.634252 -0.138610
v 0.985732 0.625768 -0.106759
v 0.851402 0.634252 0.138610
v 0.824890 0.634252 -0.130568
v 0.963206 0.631877 -0.125654
v 0.878973 0.634252 0.141325
v 0.800457 0.634252 -0.117508
v 0.933056 0.634252 -0.130568
v 0.906544 0.634252 0.138610
v 0.779041 0.634252 -0.099932
v 0.906544 0.634252 -0.138610
v 0.933056 0.634252 0.130568
v 0.761465 0.634252 -0.078516
v 0.963206 0.631877 0.125654
v 0.959436 0.625768 -0.033329
v 0.951387 0.625768 -0.029995
v 0.940556 0.625768 -0.025509
v 0.927359 0.625768 -0.020042
v 0.912302 0.625768 -0.013805
v 0.895964 0.625768 -0.007038
v 0.878973 0.625768 0.000000
v 0.861982 0.625768 0.007038
v 0.845644 0.625768 0.013805
v 0.830587 0.625768 0.020042
v 0.817389 0.625768 0.025509
v 0.806558 0.625768 0.029995
v 0.798510 0.625768 0.033329
v 0.804422 0.676673 -0.247654
v 0.860764 0.670564 -0.255418
v 0.757054 0.676673 -0.233285
v 0.713399 0.676673 -0.209951
v 0.673029 0.676673 -0.178548
v 0.634388 0.676673 -0.140284
v 0.614413 0.676673 -0.096630
v 0.604391 0.676673 -0.049261
v 0.601007 0.676673 -0.000000
v 0.604391 0.676673 0.049261
v 0.614413 0.676673 0.096630
v 0.634388 0.676673 0.140284
v 0.673029 0.676673 0.178548
v 0.713399 0.676673 0.209951
v 0.757054 0.676673 0.233285
v 0.804422 0.676673 0.247654
v 0.860764 0.670564 0.255418
v 0.928234 0.668189 0.247654
v 0.975603 0.668189 0.233285
v 1.019258 0.668189 0.209951
v 1.057521 0.668189 0.178548
v 1.088924 0.668189 0.140284
v 1.112258 0.668189 0.096630
v 1.126627 0.668189 0.049261
v 1.131478 0.668189 -0.000000
v 1.126627 0.668189 -0.049261
v 1.112257 0.668189 -0.096630
v 1.088923 0.668189 -0.140284
v 1.057521 0.668189 -0.178548
v 1.019257 0.668189 -0.209951
v 0.975603 0.668189 -0.233285
v 0.928234 0.668189 -0.247654
v 0.309223 0.668189 -0.256206
v 0.357312 0.663947 -0.261646
v 0.260219 0.668189 -0.241340
v 0.215057 0.668189 -0.217201
v 0.176217 0.668189 -0.184714
v 0.146878 0.668189 -0.145129
v 0.124248 0.668189 -0.099966
v 0.109991 0.668189 -0.050962
v 0.105177 0.668189 -0.000000
v 0.109991 0.668189 0.050962
v 0.124248 0.668189 0.099966
v 0.146878 0.668189 0.145129
v 0.176217 0.668189 0.184714
v 0.215057 0.668189 0.217201
v 0.260219 0.668189 0.241340
v 0.309223 0.668189 0.256206
v 0.357312 0.663947 0.261646
v 0.433410 0.676673 0.256206
v 0.699383 0.668189 0.262067
v 0.209637 0.668189 -0.000000
v 0.488125 0.668189 0.050962
v 0.433410 0.676673 -0.256206
v 0.607965 0.676673 -0.241340
v 0.481256 0.668189 0.099966
v 0.562802 0.676673 -0.217201
v 0.451139 0.670564 0.145391
v 0.515539 0.676673 -0.184714
v 0.515540 0.676673 0.184714
v 0.451139 0.670564 -0.145391
v 0.562802 0.676673 0.217201
v 0.481256 0.668189 -0.099966
v 0.607965 0.676673 0.241340
v 0.488125 0.668189 -0.050962
v 0.475824 0.668189 -0.262067
v 0.656969 0.676673 0.256206
v 0.475824 0.668189 0.262067
v 0.213630 0.668189 0.050962
v 0.656969 0.676673 -0.256206
v 0.384406 0.676673 -0.241340
v 0.225453 0.668189 0.099966
v 0.339243 0.676673 -0.217201
v 0.271128 0.670564 0.145391
v 0.300534 0.676673 -0.184714
v 0.300534 0.676673 0.184714
v 0.271128 0.670564 -0.145391
v 0.339243 0.676673 0.217201
v 0.225453 0.668189 -0.099966
v 0.384406 0.676673 0.241340
v 0.213630 0.668189 -0.050962
v 0.699383 0.668189 -0.262067
v 0.490444 0.668189 -0.000000
v 0.836516 0.668189 -0.213445
v 0.878973 0.668189 -0.217627
v 0.795691 0.668189 -0.201061
v 0.758066 0.668189 -0.180950
v 0.725088 0.668189 -0.153885
v 0.698023 0.668189 -0.120907
v 0.677912 0.668189 -0.083282
v 0.665528 0.668189 -0.042457
v 0.661346 0.668189 -0.000000
v 0.665528 0.668189 0.042457
v 0.677912 0.668189 0.083282
v 0.698023 0.668189 0.120907
v 0.725088 0.668189 0.153885
v 0.758066 0.668189 0.180950
v 0.795691 0.668189 0.201061
v 0.836516 0.668189 0.213445
v 0.878973 0.668189 0.217627
v 0.921430 0.668189 0.213445
v 0.962255 0.668189 0.201061
v 0.994669 0.670564 0.173562
v 1.026628 0.674500 0.147334
v 1.059923 0.673656 0.120907
v 1.080034 0.673656 0.083282
v 1.092418 0.673656 0.042457
v 1.096600 0.673656 -0.000000
v 1.092418 0.673656 -0.042457
v 1.080034 0.673656 -0.083282
v 1.059923 0.673656 -0.120907
v 1.026628 0.674500 -0.147334
v 0.994669 0.670564 -0.173562
v 0.962255 0.668189 -0.201061
v 0.921430 0.668189 -0.213445
v 0.858936 0.686129 -0.100734
v 0.878973 0.686129 -0.102707
v 0.839669 0.686129 -0.094889
v 0.821912 0.686129 -0.085398
v 0.806348 0.686129 -0.072625
v 0.793575 0.686129 -0.057061
v 0.784084 0.686129 -0.039304
v 0.778239 0.686129 -0.020037
v 0.776266 0.686129 -0.000000
v 0.778239 0.686129 0.020037
v 0.784084 0.686129 0.039304
v 0.793575 0.686129 0.057061
v 0.806348 0.686129 0.072625
v 0.821912 0.686129 0.085398
v 0.839669 0.686129 0.094889
v 0.858936 0.686129 0.100734
v 0.878973 0.686129 0.102707
v 0.899010 0.686129 0.100734
v 0.918277 0.686129 0.094889
v 0.936034 0.686129 0.085398
v 0.951598 0.686129 0.072625
v 0.964371 0.686129 0.057061
v 0.973862 0.686129 0.039304
v 0.979706 0.686129 0.020037
v 0.981680 0.686129 -0.000000
v 0.979706 0.686129 -0.020037
v 0.973862 0.686129 -0.039304
v 0.964371 0.686129 -0.057061
v 0.951598 0.686129 -0.072625
v 0.936034 0.686129 -0.085398
v 0.918277 0.686129 -0.094889
v 0.899010 0.686129 -0.100734
v 0.740363 0.668189 -0.027571
v 0.985779 0.674500 0.107128
v 0.996481 0.673656 0.078516
v 0.737648 0.668189 -0.000000
v 1.009540 0.673656 0.054083
v 0.740363 0.668189 0.027571
v 1.017583 0.673656 0.027571
v 0.748405 0.668189 0.054083
v 1.020298 0.673656 -0.000000
v 0.761465 0.668189 0.078516
v 1.017583 0.673656 -0.027571
v 0.779041 0.668189 0.099932
v 1.009541 0.673656 -0.054083
v 0.800457 0.668189 0.117508
v 0.996481 0.673656 -0.078516
v 0.824890 0.668189 0.130568
v 0.851402 0.668189 -0.138610
v 0.985780 0.674500 -0.107128
v 0.851402 0.668189 0.138610
v 0.824890 0.668189 -0.130568
v 0.963206 0.670564 -0.125654
v 0.878973 0.668189 0.141325
v 0.800457 0.668189 -0.117508
v 0.933056 0.668189 -0.130568
v 0.906544 0.668189 0.138610
v 0.779041 0.668189 -0.099932
v 0.906544 0.668189 -0.138610
v 0.933056 0.668189 0.130568
v 0.761465 0.668189 -0.078516
v 0.963206 0.670564 0.125654
v 0.748405 0.668189 -0.054083
v 0.878973 0.668189 -0.141325
v 0.866695 0.736706 -0.077234
v 0.884564 0.736706 -0.079859
v 0.849298 0.736706 -0.071641
v 0.833042 0.736706 -0.063295
v 0.818551 0.736706 -0.052516
v 0.806381 0.736706 -0.039719
v 0.797002 0.736706 -0.025396
v 0.790772 0.736706 -0.010097
v 0.787932 0.736706 0.005591
v 0.788287 0.736376 0.018770
v 0.793835 0.736706 0.035265
v 0.801576 0.736376 0.050853
v 0.810644 0.736706 0.060422
v 0.823745 0.736706 0.069507
v 0.838968 0.736706 0.075920
v 0.855729 0.736706 0.079416
v 0.873382 0.736706 0.079859
v 0.891251 0.736706 0.077234
v 0.908648 0.736706 0.071641
v 0.924904 0.736706 0.063295
v 0.939395 0.736706 0.052516
v 0.951564 0.736706 0.039719
v 0.960944 0.736706 0.025396
v 0.967174 0.736706 0.010097
v 0.970013 0.736706 -0.005591
v 0.969659 0.736376 -0.018770
v 0.964111 0.736706 -0.035265
v 0.956370 0.736376 -0.050853
v 0.947302 0.736706 -0.060422
v 0.934201 0.736706 -0.069507
v 0.918978 0.736706 -0.075920
v 0.902217 0.736706 -0.079416
v 0.959436 0.737365 -0.033329
v 0.951387 0.737365 -0.029995
v 0.940556 0.737365 -0.025509
v 0.927359 0.737365 -0.020042
v 0.912302 0.737365 -0.013805
v 0.895964 0.737365 -0.007038
v 0.878973 0.737365 -0.000000
v 0.861982 0.737365 0.007038
v 0.845644 0.737365 0.013805
v 0.830587 0.737365 0.020042
v 0.817389 0.737365 0.025509
v 0.806558 0.737365 0.029995
v 0.798510 0.737365 0.033329
v 0.930670 0.724613 0.077370
v 0.801603 0.724613 -0.051697
v 0.914583 0.724613 0.085969
v 0.897127 0.724613 -0.091265
v 0.813175 0.724613 -0.065798
v 0.897127 0.724613 0.091265
v 0.914583 0.724613 -0.085969
v 0.827276 0.724613 -0.077370
v 0.878973 0.724613 0.093053
v 0.930670 0.724613 -0.077370
v 0.843363 0.724613 -0.085969
v 0.860819 0.724613 0.091265
v 0.944771 0.724613 -0.065798
v 0.878973 0.724613 -0.093053
v 0.860819 0.724613 -0.091265
v 0.843363 0.724613 0.085969
v 0.956343 0.724613 -0.051697
v 0.827276 0.724613 0.077370
v 0.964942 0.724613 -0.035610
v 0.813175 0.724613 0.065798
v 0.970237 0.724613 -0.018154
v 0.801603 0.724613 0.051697
v 0.972025 0.724613 -0.000000
v 0.793004 0.724613 0.035610
v 0.970237 0.724613 0.018154
v 0.787708 0.724613 0.018154
v 0.964942 0.724613 0.035610
v 0.785920 0.724613 -0.000000
v 0.944771 0.724613 0.065798
v 0.956343 0.724613 0.051697
v 0.793004 0.724613 -0.035610
v 0.787708 0.724613 -0.018154
v 1.044645 0.661586 0.110699
v 1.023574 0.663095 0.130769
v 1.063058 0.661586 0.076251
v 1.074397 0.661586 0.038872
v 1.078226 0.661586 -0.000000
v 1.074397 0.661586 -0.038872
v 1.063058 0.661586 -0.076251
v 1.044645 0.661586 -0.110699
v 1.023574 0.663095 -0.130769
v 1.001753 0.663095 0.111629
v 1.012536 0.661586 0.089244
v 1.027380 0.661586 0.061472
v 1.036521 0.661586 0.031338
v 1.039607 0.661586 -0.000000
v 1.036521 0.661586 -0.031338
v 1.027380 0.661586 -0.061472
v 1.012536 0.661586 -0.089244
v 1.001753 0.663095 -0.111629
v 0.829514 0.626397 -0.251619
v 0.780385 0.625768 -0.241632
v 0.734653 0.625768 -0.222689
v 0.693233 0.625768 -0.195189
v 0.652325 0.625768 -0.160187
v 0.622266 0.625768 -0.119030
v 0.608591 0.625768 -0.073298
v 0.601856 0.625768 -0.024750
v 0.601856 0.625768 0.024750
v 0.608591 0.625768 0.073298
v 0.622266 0.625768 0.119030
v 0.652325 0.625768 0.160187
v 0.693233 0.625768 0.195189
v 0.734653 0.625768 0.222689
v 0.780385 0.625768 0.241632
v 0.829514 0.626397 0.251619
v 0.902025 0.633998 0.251619
v 0.952271 0.634252 0.241632
v 0.998003 0.634252 0.222689
v 1.039160 0.634252 0.195189
v 1.074161 0.634252 0.160187
v 1.101662 0.634252 0.119030
v 1.120605 0.634252 0.073298
v 1.130261 0.634252 0.024750
v 1.130262 0.634252 -0.024750
v 1.120605 0.634252 -0.073298
v 1.101662 0.634252 -0.119030
v 1.074162 0.634252 -0.160187
v 1.039160 0.634252 -0.195189
v 0.998003 0.634252 -0.222689
v 0.952271 0.634252 -0.241632
v 0.902025 0.633998 -0.251619
v 0.334663 0.634979 -0.260017
v 0.284356 0.634252 -0.249976
v 0.237045 0.634252 -0.230379
v 0.194560 0.634252 -0.201929
v 0.160514 0.634252 -0.165719
v 0.134696 0.634252 -0.123140
v 0.115966 0.634252 -0.075829
v 0.106384 0.634252 -0.025604
v 0.106385 0.634252 0.025604
v 0.115966 0.634252 0.075829
v 0.134696 0.634252 0.123140
v 0.160514 0.634252 0.165719
v 0.194560 0.634252 0.201929
v 0.237045 0.634252 0.230379
v 0.284356 0.634252 0.249976
v 0.334663 0.634979 0.260017
v 0.354594 0.626828 0.256206
v 0.790648 0.633998 0.261383
v 0.157407 0.627889 -0.000000
v 0.543051 0.626828 0.050750
v 0.354594 0.626828 -0.256206
v 0.697980 0.625768 -0.240333
v 0.544814 0.626828 0.099549
v 0.653006 0.625768 -0.216294
v 0.554745 0.626397 0.144551
v 0.607625 0.625768 -0.183943
v 0.607625 0.625768 0.183943
v 0.554745 0.626397 -0.144551
v 0.653006 0.625768 0.216294
v 0.544814 0.626828 -0.099549
v 0.697980 0.625768 0.240333
v 0.543051 0.626828 -0.050750
v 0.397566 0.634979 -0.261995
v 0.543168 0.625768 0.256206
v 0.397566 0.634979 0.261995
v 0.161810 0.627889 0.050962
v 0.543167 0.625768 -0.256206
v 0.305590 0.626828 -0.241340
v 0.174851 0.627889 0.099967
v 0.260428 0.626828 -0.217201
v 0.197571 0.627458 0.145157
v 0.222722 0.626828 -0.184714
v 0.222722 0.626828 0.184714
v 0.197571 0.627458 -0.145157
v 0.260428 0.626828 0.217201
v 0.174851 0.627889 -0.099966
v 0.305590 0.626828 0.241340
v 0.161810 0.627889 -0.050962
v 0.585581 0.634252 -0.262067
v 0.457699 0.626828 -0.260071
v 0.210639 0.634252 -0.025604
v 0.408543 0.625768 0.249976
v 0.218585 0.634252 -0.075829
v 0.361232 0.625768 0.230379
v 0.236758 0.633998 -0.123030
v 0.318763 0.625768 0.201929
v 0.285129 0.626397 -0.165905
v 0.285129 0.626397 0.165905
v 0.318763 0.625768 -0.201929
v 0.236758 0.633998 0.123030
v 0.361232 0.625768 -0.230379
v 0.218585 0.634252 0.075829
v 0.408543 0.625768 -0.249976
v 0.210639 0.634252 0.025604
v 0.457699 0.626828 0.260071
v 0.585581 0.634252 0.262067
v 0.494164 0.625768 -0.241340
v 0.449001 0.625768 -0.217201
v 0.360138 0.633743 0.151182
v 0.405505 0.625768 -0.184714
v 0.405505 0.625768 0.184714
v 0.360138 0.633743 -0.151182
v 0.449001 0.625768 0.217201
v 0.494164 0.625768 0.241340
v 0.746780 0.625768 0.255137
v 0.542455 0.626828 -0.000000
v 0.746780 0.625768 -0.255137
v 0.790648 0.633998 -0.261383
v 0.681258 0.626828 0.260071
v 0.489862 0.634252 0.025604
v 0.632102 0.625768 -0.249976
v 0.485246 0.634252 0.075829
v 0.584791 0.625768 -0.230379
v 0.474276 0.633998 0.123030
v 0.541253 0.625768 -0.201929
v 0.482836 0.626397 0.165905
v 0.482836 0.626397 -0.165905
v 0.541253 0.625768 0.201929
v 0.474276 0.633998 -0.123030
v 0.584791 0.625768 0.230379
v 0.485246 0.634252 -0.075829
v 0.632102 0.625768 0.249976
v 0.489862 0.634252 -0.025604
v 0.681258 0.626828 -0.260071
v 0.857642 0.634252 -0.216578
v 0.815799 0.634252 -0.208255
v 0.776385 0.634252 -0.191929
v 0.740912 0.634252 -0.168227
v 0.710746 0.634252 -0.138060
v 0.687044 0.634252 -0.102588
v 0.670718 0.634252 -0.063173
v 0.662395 0.634252 -0.021331
v 0.662395 0.634252 0.021331
v 0.670718 0.634252 0.063173
v 0.687044 0.634252 0.102588
v 0.710746 0.634252 0.138060
v 0.740912 0.634252 0.168227
v 0.776385 0.634252 0.191929
v 0.815799 0.634252 0.208255
v 0.857642 0.634252 0.216578
v 0.900304 0.634252 0.216578
v 0.942146 0.634252 0.208255
v 0.980917 0.633998 0.191244
v 1.011044 0.626397 0.160769
v 1.039737 0.625768 0.131936
v 1.062387 0.625768 0.098037
v 1.077989 0.625768 0.060371
v 1.085943 0.625768 0.020385
v 1.085943 0.625768 -0.020385
v 1.077989 0.625768 -0.060371
v 1.062387 0.625768 -0.098037
v 1.039737 0.625768 -0.131936
v 1.011044 0.626397 -0.160769
v 0.980917 0.633998 -0.191244
v 0.942147 0.634252 -0.208255
v 0.900304 0.634252 -0.216578
v 1.108339 0.626828 -0.045624
v 1.095031 0.626828 -0.089494
v 0.709332 0.626828 0.166217
v 0.745216 0.626828 0.195450
v 1.073420 0.626828 -0.129925
v 0.785856 0.626828 0.217173
v 0.877097 0.627458 -0.235379
v 0.829953 0.626828 -0.230549
v 1.044337 0.626828 -0.165363
v 0.829953 0.626828 0.230549
v 0.785856 0.626828 -0.217173
v 1.009020 0.627458 -0.194687
v 0.877097 0.627458 0.235379
v 0.745216 0.626828 -0.195450
v 0.968929 0.627889 -0.217173
v 0.924832 0.627889 0.230549
v 0.709332 0.626828 -0.166217
v 0.924832 0.627889 -0.230549
v 0.968929 0.627889 0.217173
v 0.679193 0.626828 -0.130596
v 1.009020 0.627458 0.194687
v 0.657891 0.626828 -0.089956
v 1.044336 0.626828 0.165363
v 0.645057 0.626828 -0.045859
v 1.073420 0.626828 0.129925
v 0.640724 0.626828 -0.000000
v 1.095031 0.626828 0.089494
v 0.645057 0.626828 0.045859
v 1.108339 0.626828 0.045624
v 0.657891 0.626828 0.089956
v 1.112832 0.626828 -0.000000
v 0.679193 0.626828 0.130596
v 0.874667 0.625768 -0.088535
v 0.855093 0.625768 -0.084036
v 0.836436 0.625768 -0.076309
v 0.819414 0.625768 -0.065648
v 0.804681 0.625768 -0.052465
v 0.792803 0.625768 -0.037266
v 0.784237 0.625768 -0.020635
v 0.779311 0.625768 -0.003210
v 0.777387 0.625768 0.014286
v 0.780243 0.625768 0.028648
v 0.788903 0.625768 0.049555
v 0.797039 0.625768 0.061730
v 0.810771 0.625768 0.072742
v 0.826575 0.625768 0.081579
v 0.844393 0.625768 0.087282
v 0.863539 0.625768 0.089631
v 0.883279 0.625768 0.088535
v 0.902853 0.625768 0.084036
v 0.921510 0.625768 0.076309
v 0.938531 0.625768 0.065648
v 0.953264 0.625768 0.052465
v 0.965142 0.625768 0.037266
v 0.973709 0.625768 0.020635
v 0.978635 0.625768 0.003210
v 0.980559 0.625768 -0.014286
v 0.977702 0.625768 -0.028648
v 0.969043 0.625768 -0.049555
v 0.960907 0.625768 -0.061730
v 0.947175 0.625768 -0.072742
v 0.931371 0.625768 -0.081579
v 0.913553 0.625768 -0.087282
v 0.894406 0.625768 -0.089631
v 0.759684 0.626828 -0.022797
v 1.006130 0.625768 0.127157
v 0.980832 0.625768 0.066962
v 0.757208 0.626828 0.000699
v 0.992316 0.625768 0.045879
v 0.758781 0.626828 0.024023
v 0.999445 0.625768 0.023032
v 0.766349 0.626828 0.046651
v 1.001945 0.625768 -0.000699
v 0.776998 0.626828 0.068002
v 1.000348 0.625768 -0.024258
v 0.792378 0.626828 0.085607
v 0.992712 0.625768 -0.047112
v 0.810743 0.626828 0.100470
v 0.981951 0.625768 -0.068672
v 0.831730 0.626828 0.111472
v 0.855903 0.626828 -0.117918
v 0.966421 0.625768 -0.086460
v 0.854532 0.626828 0.118191
v 0.833021 0.626828 -0.110937
v 0.947806 0.626397 -0.101314
v 0.878274 0.626828 0.120367
v 0.811905 0.626828 -0.099693
v 0.926216 0.626828 -0.111472
v 0.902043 0.626828 0.117918
v 0.793366 0.626828 -0.084618
v 0.903414 0.626828 -0.118191
v 0.924925 0.626828 0.110937
v 0.778118 0.626828 -0.066291
v 0.946644 0.626397 0.100537
v 0.766744 0.626828 -0.045417
v 0.965433 0.625768 0.085472
v 1.028493 0.625768 0.099906
v 1.045111 0.625768 0.068817
v 1.055344 0.625768 0.035082
v 1.058800 0.625768 -0.000000
v 1.055344 0.625768 -0.035082
v 1.045111 0.625768 -0.068817
v 1.028494 0.625768 -0.099906
v 0.879672 0.626828 -0.120367
v 1.006130 0.625768 -0.127157
v 0.983074 0.633743 -0.147411
v 0.983074 0.633743 0.147411
v 0.974889 0.626397 0.116669
v 0.754336 0.634252 -0.066620
v 0.946101 0.633998 0.125560
v 0.892825 0.634252 -0.140644
v 0.769727 0.634252 -0.089655
v 0.919997 0.634252 0.135239
v 0.919997 0.634252 -0.135239
v 0.789317 0.634252 -0.109246
v 0.892825 0.634252 0.140644
v 0.946101 0.633998 -0.125560
v 0.812353 0.634252 -0.124637
v 0.865121 0.634252 0.140644
v 0.974889 0.626397 -0.116669
v 0.837949 0.634252 -0.135239
v 0.837949 0.634252 0.135239
v 0.995682 0.625768 -0.095780
v 0.865121 0.634252 -0.140644
v 0.812353 0.634252 0.124637
v 1.012125 0.625768 -0.071171
v 0.789317 0.634252 0.109246
v 1.023451 0.625768 -0.043827
v 0.769728 0.634252 0.089655
v 1.029225 0.625768 -0.014799
v 0.754336 0.634252 0.066620
v 1.029225 0.625768 0.014799
v 0.743734 0.634252 0.041024
v 1.023451 0.625768 0.043827
v 0.738329 0.634252 0.013852
v 1.012125 0.625768 0.071171
v 0.738329 0.634252 -0.013852
v 0.995682 0.625768 0.095780
v 0.743734 0.634252 -0.041024
v 0.953467 0.625768 -0.049825
v 0.963394 0.625768 -0.034969
v 0.966880 0.625768 -0.017444
v 0.942316 0.625768 -0.053776
v 0.955781 0.625768 -0.031815
v 0.961788 0.625768 -0.006765
v 0.928729 0.625768 -0.055659
v 0.946296 0.625768 -0.027886
v 0.953513 0.625768 0.004174
v 0.913231 0.625768 -0.055404
v 0.934223 0.625768 -0.022885
v 0.942374 0.625768 0.014952
v 0.896417 0.625768 -0.053020
v 0.920028 0.625768 -0.017005
v 0.928798 0.625768 0.025156
v 0.878931 0.625768 -0.048598
v 0.904254 0.625768 -0.010472
v 0.913308 0.625768 0.034393
v 0.861448 0.625768 -0.042309
v 0.887509 0.625768 -0.003536
v 0.896498 0.625768 0.042309
v 0.844638 0.625768 -0.034393
v 0.870436 0.625768 0.003536
v 0.879014 0.625768 0.048598
v 0.829148 0.625768 -0.025156
v 0.853692 0.625768 0.010472
v 0.861529 0.625768 0.053020
v 0.815572 0.625768 -0.014952
v 0.837918 0.625768 0.017005
v 0.844714 0.625768 0.055404
v 0.804433 0.625768 -0.004174
v 0.823723 0.625768 0.022885
v 0.829216 0.625768 0.055659
v 0.796158 0.625768 0.006765
v 0.811650 0.625768 0.027886
v 0.815630 0.625768 0.053776
v 0.791065 0.625768 0.017444
v 0.802165 0.625768 0.031815
v 0.804478 0.625768 0.049825
v 0.794551 0.625768 0.034969
v 0.829514 0.676044 -0.251619
v 0.780385 0.676673 -0.241632
v 0.734653 0.676673 -0.222689
v 0.693233 0.676673 -0.195189
v 0.652325 0.676673 -0.160187
v 0.622266 0.676673 -0.119030
v 0.608591 0.676673 -0.073298
v 0.601856 0.676673 -0.024750
v 0.601856 0.676673 0.024750
v 0.608591 0.676673 0.073298
v 0.622266 0.676673 0.119030
v 0.652325 0.676673 0.160187
v 0.693233 0.676673 0.195189
v 0.734653 0.676673 0.222689
v 0.780385 0.676673 0.241632
v 0.829514 0.676044 0.251619
v 0.902025 0.668443 0.251619
v 0.952271 0.668189 0.241632
v 0.998003 0.668189 0.222689
v 1.039160 0.668189 0.195189
v 1.074162 0.668189 0.160187
v 1.101662 0.668189 0.119030
v 1.120605 0.668189 0.073298
v 1.130262 0.668189 0.024750
v 1.130262 0.668189 -0.024750
v 1.120605 0.668189 -0.073298
v 1.101662 0.668189 -0.119030
v 1.074162 0.668189 -0.160187
v 1.039160 0.668189 -0.195189
v 0.998003 0.668189 -0.222689
v 0.952271 0.668189 -0.241632
v 0.902025 0.668443 -0.251619
v 0.334663 0.667462 -0.260017
v 0.284356 0.668189 -0.249976
v 0.237045 0.668189 -0.230379
v 0.194560 0.668189 -0.201929
v 0.160514 0.668189 -0.165719
v 0.134696 0.668189 -0.123140
v 0.115966 0.668189 -0.075829
v 0.106384 0.668189 -0.025604
v 0.106385 0.668189 0.025604
v 0.115966 0.668189 0.075829
v 0.134696 0.668189 0.123140
v 0.160514 0.668189 0.165719
v 0.194560 0.668189 0.201929
v 0.237045 0.668189 0.230379
v 0.284356 0.668189 0.249976
v 0.334663 0.667462 0.260017
v 0.354594 0.675612 0.256206
v 0.790648 0.668443 0.261383
v 0.157407 0.674552 -0.000000
v 0.543051 0.675612 0.050750
v 0.354594 0.675612 -0.256206
v 0.697980 0.676673 -0.240333
v 0.544814 0.675612 0.099549
v 0.653006 0.676673 -0.216294
v 0.554745 0.676044 0.144551
v 0.607625 0.676673 -0.183943
v 0.607625 0.676673 0.183943
v 0.554745 0.676044 -0.144551
v 0.653006 0.676673 0.216294
v 0.544814 0.675612 -0.099549
v 0.697980 0.676673 0.240333
v 0.543051 0.675612 -0.050750
v 0.397566 0.667462 -0.261995
v 0.543168 0.676673 0.256206
v 0.397566 0.667462 0.261995
v 0.161810 0.674552 0.050962
v 0.543168 0.676673 -0.256206
v 0.305590 0.675612 -0.241340
v 0.174851 0.674552 0.099966
v 0.260428 0.675612 -0.217201
v 0.197571 0.674983 0.145157
v 0.222722 0.675612 -0.184714
v 0.222722 0.675612 0.184714
v 0.197571 0.674983 -0.145157
v 0.260428 0.675612 0.217201
v 0.174851 0.674552 -0.099966
v 0.305590 0.675612 0.241340
v 0.161810 0.674552 -0.050962
v 0.585581 0.668189 -0.262067
v 0.457699 0.675612 -0.260071
v 0.210639 0.668189 -0.025604
v 0.408543 0.676673 0.249976
v 0.218585 0.668189 -0.075829
v 0.361232 0.676673 0.230379
v 0.236758 0.668443 -0.123030
v 0.318763 0.676673 0.201929
v 0.285129 0.676044 -0.165905
v 0.285129 0.676044 0.165905
v 0.318763 0.676673 -0.201929
v 0.236758 0.668443 0.123030
v 0.361232 0.676673 -0.230379
v 0.218585 0.668189 0.075829
v 0.408543 0.676673 -0.249976
v 0.210639 0.668189 0.025604
v 0.457699 0.675612 0.260071
v 0.585582 0.668189 0.262067
v 0.494164 0.676673 -0.241340
v 0.449001 0.676673 -0.217201
v 0.360138 0.668698 0.151182
v 0.405505 0.676673 -0.184714
v 0.405505 0.676673 0.184714
v 0.360138 0.668698 -0.151182
v 0.449001 0.676673 0.217201
v 0.494164 0.676673 0.241340
v 0.746780 0.676673 0.255137
v 0.542455 0.675612 -0.000000
v 0.746780 0.676673 -0.255137
v 0.790648 0.668443 -0.261383
v 0.681258 0.675612 0.260071
v 0.489862 0.668189 0.025604
v 0.632102 0.676673 -0.249976
v 0.485246 0.668189 0.075829
v 0.584791 0.676673 -0.230379
v 0.474276 0.668443 0.123030
v 0.541253 0.676673 -0.201929
v 0.482836 0.676044 0.165905
v 0.482836 0.676044 -0.165905
v 0.541253 0.676673 0.201929
v 0.474276 0.668443 -0.123030
v 0.584791 0.676673 0.230379
v 0.485246 0.668189 -0.075829
v 0.632102 0.676673 0.249976
v 0.489862 0.668189 -0.025604
v 0.681258 0.675612 -0.260071
v 0.857642 0.668189 -0.216578
v 0.815799 0.668189 -0.208255
v 0.776385 0.668189 -0.191929
v 0.740912 0.668189 -0.168227
v 0.710746 0.668189 -0.138060
v 0.687044 0.668189 -0.102588
v 0.670718 0.668189 -0.063173
v 0.662395 0.668189 -0.021331
v 0.662395 0.668189 0.021331
v 0.670718 0.668189 0.063173
v 0.687044 0.668189 0.102588
v 0.710746 0.668189 0.138060
v 0.740912 0.668189 0.168227
v 0.776385 0.668189 0.191929
v 0.815799 0.668189 0.208255
v 0.857642 0.668189 0.216578
v 0.900304 0.668189 0.216578
v 0.942146 0.668189 0.208255
v 0.980917 0.668443 0.191244
v 1.011023 0.675820 0.160903
v 1.046654 0.673746 0.137295
v 1.070902 0.673656 0.102588
v 1.087228 0.673656 0.063173
v 1.095551 0.673656 0.021331
v 1.095551 0.673656 -0.021331
v 1.087228 0.673656 -0.063173
v 1.070902 0.673656 -0.102588
v 1.046654 0.673746 -0.137295
v 1.011023 0.675820 -0.160903
v 0.980917 0.668443 -0.191244
v 0.942146 0.668189 -0.208255
v 0.900304 0.668189 -0.216578
v 1.109522 0.675235 -0.045859
v 1.096146 0.675235 -0.089956
v 0.709332 0.675612 0.166217
v 0.745216 0.675612 0.195450
v 1.074423 0.675235 -0.130596
v 0.785856 0.675612 0.217173
v 0.877097 0.674983 -0.235379
v 0.829953 0.675612 -0.230549
v 1.044549 0.675389 -0.165530
v 0.829953 0.675612 0.230549
v 0.785856 0.675612 -0.217173
v 1.009020 0.674983 -0.194687
v 0.877097 0.674983 0.235379
v 0.745216 0.675612 -0.195450
v 0.968929 0.674552 -0.217173
v 0.924832 0.674552 0.230549
v 0.709332 0.675612 -0.166217
v 0.924832 0.674552 -0.230549
v 0.968929 0.674552 0.217173
v 0.679193 0.675612 -0.130596
v 1.009020 0.674983 0.194687
v 0.657891 0.675612 -0.089956
v 1.044549 0.675389 0.165530
v 0.645057 0.675612 -0.045859
v 1.074423 0.675235 0.130596
v 0.640724 0.675612 -0.000000
v 1.096146 0.675235 0.089956
v 0.645057 0.675612 0.045859
v 1.109522 0.675235 0.045859
v 0.657891 0.675612 0.089956
v 1.114039 0.675235 -0.000000
v 0.679193 0.675612 0.130596
v 0.868906 0.686129 -0.102212
v 0.849159 0.686129 -0.098284
v 0.830557 0.686129 -0.090579
v 0.813816 0.686129 -0.079393
v 0.799580 0.686129 -0.065156
v 0.788394 0.686129 -0.048416
v 0.780689 0.686129 -0.029814
v 0.776761 0.686129 -0.010067
v 0.776761 0.686129 0.010067
v 0.780689 0.686129 0.029814
v 0.788394 0.686129 0.048416
v 0.799580 0.686129 0.065156
v 0.813816 0.686129 0.079393
v 0.830557 0.686129 0.090579
v 0.849159 0.686129 0.098284
v 0.868906 0.686129 0.102212
v 0.889040 0.686129 0.102212
v 0.908787 0.686129 0.098284
v 0.927388 0.686129 0.090579
v 0.944129 0.686129 0.079393
v 0.958366 0.686129 0.065156
v 0.969552 0.686129 0.048416
v 0.977257 0.686129 0.029814
v 0.981185 0.686129 0.010067
v 0.981185 0.686129 -0.010067
v 0.977257 0.686129 -0.029814
v 0.969552 0.686129 -0.048416
v 0.958366 0.686129 -0.065156
v 0.944129 0.686129 -0.079393
v 0.927388 0.686129 -0.090579
v 0.908787 0.686129 -0.098284
v 0.889040 0.686129 -0.102212
v 0.759301 0.676794 -0.023804
v 1.003242 0.673837 0.130859
v 0.980426 0.677478 0.067789
v 0.756957 0.676794 -0.000000
v 0.991701 0.677478 0.046694
v 0.759301 0.676794 0.023804
v 0.998645 0.677478 0.023804
v 0.766245 0.676794 0.046694
v 1.000989 0.677478 -0.000000
v 0.777520 0.676794 0.067789
v 0.998645 0.677478 -0.023804
v 0.792694 0.676794 0.086278
v 0.991701 0.677478 -0.046694
v 0.811184 0.676794 0.101453
v 0.980426 0.677478 -0.067789
v 0.832279 0.676794 0.112728
v 0.855169 0.676794 -0.119672
v 0.965962 0.677631 -0.087034
v 0.855169 0.676794 0.119672
v 0.832279 0.676794 -0.112728
v 0.947364 0.677226 -0.102297
v 0.878973 0.676794 0.122016
v 0.811184 0.676794 -0.101453
v 0.925666 0.676794 -0.112728
v 0.902777 0.676794 0.119672
v 0.792694 0.676794 -0.086278
v 0.902777 0.676794 -0.119672
v 0.925667 0.676794 0.112728
v 0.777520 0.676794 -0.067789
v 0.947364 0.677226 0.102297
v 0.766245 0.676794 -0.046694
v 0.965962 0.677631 0.087034
v 1.029953 0.667621 -0.000000
v 1.025046 0.667907 0.136618
v 1.052576 0.667621 0.115998
v 1.052576 0.667621 -0.115998
v 1.025046 0.667907 -0.136618
v 1.018460 0.667621 0.057777
v 1.004508 0.667621 0.083880
v 0.878973 0.676794 -0.122016
v 1.003242 0.673837 -0.130859
v 0.983074 0.668698 -0.147411
v 0.983074 0.668698 0.147411
v 0.974824 0.675820 0.116794
v 0.754336 0.668189 -0.066620
v 0.946101 0.668443 0.125560
v 0.892825 0.668189 -0.140644
v 0.769727 0.668189 -0.089655
v 0.919997 0.668189 0.135239
v 0.919997 0.668189 -0.135239
v 0.789317 0.668189 -0.109246
v 0.892825 0.668189 0.140644
v 0.946101 0.668443 -0.125560
v 0.812353 0.668189 -0.124637
v 0.865121 0.668189 0.140644
v 0.974824 0.675820 -0.116794
v 0.837948 0.668189 -0.135239
v 0.837949 0.668189 0.135239
v 0.989024 0.673746 -0.090333
v 0.865121 0.668189 -0.140644
v 0.812353 0.668189 0.124637
v 1.003610 0.673656 -0.066620
v 0.789317 0.668189 0.109246
v 1.014212 0.673656 -0.041024
v 0.769727 0.668189 0.089655
v 1.019617 0.673656 -0.013852
v 0.754336 0.668189 0.066620
v 1.019617 0.673656 0.013852
v 0.743733 0.668189 0.041024
v 1.014212 0.673656 0.041024
v 0.738329 0.668189 0.013852
v 1.003610 0.673656 0.066620
v 0.738329 0.668189 -0.013852
v 0.989024 0.673746 0.090333
v 0.743734 0.668189 -0.041024
v 0.929949 0.734206 0.075611
v 0.802200 0.734206 -0.050200
v 0.913841 0.734206 0.084178
v 0.897763 0.734206 -0.089783
v 0.813847 0.734206 -0.064138
v 0.896392 0.734206 0.089511
v 0.915132 0.734206 -0.084713
v 0.827996 0.734206 -0.075611
v 0.878274 0.734206 0.091403
v 0.931111 0.734206 -0.076387
v 0.844105 0.734206 -0.084178
v 0.860183 0.734206 0.089783
v 0.945087 0.734206 -0.065126
v 0.878973 0.705124 -0.094259
v 0.861554 0.734206 -0.089511
v 0.842814 0.734206 0.084713
v 0.956344 0.734163 -0.051562
v 0.826834 0.734206 0.076387
v 0.964838 0.734206 -0.035567
v 0.812859 0.734206 0.065126
v 0.970142 0.734163 -0.018250
v 0.801602 0.734163 0.051562
v 0.971774 0.734206 -0.000699
v 0.793107 0.734206 0.035567
v 0.969854 0.734206 0.017147
v 0.787803 0.734163 0.018250
v 0.964443 0.734206 0.034333
v 0.786172 0.734206 0.000699
v 0.945624 0.705124 0.066651
v 0.955746 0.734206 0.050200
v 0.791889 0.705124 -0.036071
v 0.788091 0.734206 -0.017147
v 0.457800 0.651220 -0.099966
v 0.417172 0.651220 -0.139928
v 0.129034 0.651220 0.145129
v 0.105272 0.651220 0.099966
v 0.822119 0.651220 -0.137257
v 0.849989 0.651220 -0.145712
v 0.929510 0.651220 0.254068
v 0.861932 0.651220 0.260699
v 0.229224 0.651220 -0.000000
v 0.233062 0.651220 0.050962
v 0.160734 0.651220 0.184714
v 0.849989 0.651220 0.145712
v 0.822119 0.651220 0.137257
v 0.978105 0.651220 0.239326
v 0.467928 0.651220 -0.050962
v 0.200133 0.651220 0.217201
v 1.022891 0.651220 0.215388
v 0.705794 0.651220 0.262698
v 0.482235 0.651220 0.262698
v 0.245295 0.651220 0.241340
v 0.878973 0.651220 -0.148566
v 1.062145 0.651220 0.183173
v 0.471348 0.651220 -0.000000
v 0.294299 0.651220 0.256206
v 0.796434 0.651220 0.123528
v 1.094361 0.651220 0.143918
v 0.353581 0.651220 0.261923
v 1.118299 0.651220 0.099132
v 0.878973 0.651220 -0.211087
v 0.837792 0.651220 -0.207031
v 0.288016 0.651220 0.139928
v 0.417172 0.651220 0.139928
v 0.773921 0.651220 0.105052
v 1.133041 0.651220 0.050537
v 0.798193 0.651220 -0.195019
v 1.138018 0.651220 -0.000000
v 0.761699 0.651220 -0.175513
v 0.755445 0.651220 0.082539
v 0.986441 0.651220 -0.170760
v 0.959752 0.651220 -0.195019
v 1.133041 0.651220 -0.050537
v 0.729712 0.651220 -0.149261
v 0.288016 0.651220 -0.139928
v 0.920154 0.651220 -0.207031
v 1.118299 0.651220 -0.099132
v 0.703460 0.651220 -0.117274
v 0.741716 0.651220 0.056854
v 1.094361 0.651220 -0.143918
v 0.683954 0.651220 -0.080780
v 1.062145 0.651220 -0.183173
v 0.964209 0.651220 -0.134417
v 0.671942 0.651220 -0.041181
v 0.482235 0.651220 -0.262698
v 0.705794 0.651220 -0.262698
v 0.733261 0.651220 0.028984
v 1.022891 0.651220 -0.215388
v 0.986441 0.651220 0.170760
v 0.964209 0.651220 0.134417
v 0.667886 0.651220 -0.000000
v 0.978105 0.651220 -0.239326
v 0.671942 0.651220 0.041181
v 0.233062 0.651220 -0.050962
v 0.730407 0.651220 -0.000000
v 0.929510 0.651220 -0.254068
v 0.741716 0.651220 -0.056854
v 0.755445 0.651220 -0.082539
v 0.683954 0.651220 0.080780
v 0.861932 0.651220 -0.260699
v 0.935827 0.651220 0.137257
v 0.703460 0.651220 0.117274
v 0.244429 0.651220 -0.099966
v 0.733261 0.651220 -0.028984
v 0.294299 0.651220 -0.256206
v 0.353581 0.651220 -0.261923
v 0.907957 0.651220 -0.145712
v 0.729712 0.651220 0.149261
v 0.467928 0.651220 0.050962
v 0.245295 0.651220 -0.241340
v 0.773921 0.651220 -0.105052
v 0.761699 0.651220 0.175513
v 0.200133 0.651220 -0.217201
v 0.907957 0.651220 0.145712
v 0.798193 0.651220 0.195019
v 0.457800 0.651220 0.099966
v 0.160734 0.651220 -0.184714
v 0.935827 0.651220 -0.137257
v 0.837792 0.651220 0.207031
v 0.129034 0.651220 -0.145129
v 0.796434 0.651220 -0.123528
v 0.878973 0.651220 0.211087
v 0.105272 0.651220 -0.099966
v 0.878973 0.651220 0.148566
v 0.920154 0.651220 0.207031
v 0.090559 0.651220 -0.050962
v 0.959753 0.651220 0.195019
v 0.244429 0.651220 0.099966
v 0.085591 0.651220 -0.000000
v 0.090559 0.651220 0.050962
v 0.875613 0.736706 -0.078927
v 0.857895 0.736706 -0.074798
v 0.840987 0.736706 -0.067794
v 0.825539 0.736706 -0.058185
v 0.812144 0.736706 -0.046341
v 0.801318 0.736706 -0.032715
v 0.793476 0.736706 -0.017832
v 0.788919 0.736706 -0.002264
v 0.787802 0.736649 0.013159
v 0.790298 0.736649 0.025704
v 0.798095 0.736649 0.044528
v 0.805201 0.736649 0.055163
v 0.816896 0.736706 0.065279
v 0.831126 0.736706 0.073065
v 0.847195 0.736706 0.078043
v 0.864486 0.736706 0.080023
v 0.882333 0.736706 0.078927
v 0.900051 0.736706 0.074798
v 0.916959 0.736706 0.067794
v 0.932407 0.736706 0.058185
v 0.945801 0.736706 0.046341
v 0.956628 0.736706 0.032715
v 0.964470 0.736706 0.017832
v 0.969027 0.736706 0.002264
v 0.970144 0.736649 -0.013159
v 0.967648 0.736649 -0.025704
v 0.959851 0.736649 -0.044528
v 0.952745 0.736649 -0.055163
v 0.941050 0.736706 -0.065279
v 0.926820 0.736706 -0.073065
v 0.910750 0.736706 -0.078043
v 0.893460 0.736706 -0.080023
v 0.952614 0.737282 -0.048972
v 0.962279 0.737282 -0.034507
v 0.965673 0.737282 -0.017444
v 0.941645 0.737283 -0.052772
v 0.955781 0.737365 -0.031815
v 0.960605 0.737283 -0.007000
v 0.928268 0.737283 -0.054545
v 0.946296 0.737365 -0.027886
v 0.952398 0.737283 0.003712
v 0.912996 0.737283 -0.054221
v 0.934223 0.737365 -0.022885
v 0.941371 0.737283 0.014282
v 0.896417 0.737283 -0.051813
v 0.920028 0.737365 -0.017005
v 0.927945 0.737283 0.024303
v 0.879167 0.737282 -0.047414
v 0.904254 0.737365 -0.010472
v 0.912637 0.737282 0.033390
v 0.861910 0.737282 -0.041194
v 0.887509 0.737365 -0.003536
v 0.896036 0.737282 0.041194
v 0.845308 0.737282 -0.033390
v 0.870436 0.737365 0.003536
v 0.878779 0.737282 0.047414
v 0.830001 0.737282 -0.024303
v 0.853691 0.737365 0.010472
v 0.861529 0.737282 0.051813
v 0.816575 0.737282 -0.014282
v 0.837918 0.737365 0.017005
v 0.844950 0.737282 0.054221
v 0.805548 0.737282 -0.003712
v 0.823723 0.737365 0.022885
v 0.829678 0.737282 0.054544
v 0.797341 0.737282 0.007000
v 0.811650 0.737365 0.027886
v 0.816301 0.737282 0.052772
v 0.792272 0.737282 0.017444
v 0.802165 0.737365 0.031815
v 0.805332 0.737282 0.048972
v 0.795666 0.737282 0.034507
v 0.931341 0.705124 0.078374
v 0.800599 0.705124 -0.052368
v 0.915044 0.705124 0.087084
v 0.897362 0.705124 -0.092448
v 0.812321 0.705124 -0.066651
v 0.897362 0.705124 0.092448
v 0.915045 0.705124 -0.087084
v 0.826605 0.705124 -0.078374
v 0.878973 0.705124 0.094259
v 0.931340 0.705124 -0.078374
v 0.842901 0.705124 -0.087084
v 0.860584 0.705124 0.092448
v 0.945624 0.705124 -0.066651
v 0.879672 0.734206 -0.091403
v 0.860584 0.705124 -0.092448
v 0.842901 0.705124 0.087084
v 0.957347 0.705124 -0.052368
v 0.826605 0.705124 0.078374
v 0.966057 0.705124 -0.036071
v 0.812321 0.705124 0.066651
v 0.971421 0.705124 -0.018389
v 0.800599 0.705124 0.052368
v 0.973232 0.705124 -0.000000
v 0.791889 0.705124 0.036071
v 0.971421 0.705124 0.018389
v 0.786525 0.705124 0.018389
v 0.966057 0.705124 0.036071
v 0.784713 0.705124 -0.000000
v 0.944099 0.734206 0.064138
v 0.957347 0.705124 0.052368
v 0.793503 0.734206 -0.034333
v 0.786525 0.705124 -0.018389
v 0.938005 0.724613 0.071930
v 0.796908 0.724613 -0.043864
v 0.922837 0.724613 0.082065
v 0.888094 0.724613 -0.092604
v 0.789928 0.724613 -0.027012
v 0.950903 0.724613 0.059032
v 0.786369 0.724613 -0.009121
v 0.961038 0.724613 0.043864
v 0.786369 0.724613 0.009121
v 0.968018 0.724613 0.027012
v 0.789927 0.724613 0.027012
v 0.971577 0.724613 0.009121
v 0.796908 0.724613 0.043864
v 0.971577 0.724613 -0.009121
v 0.807042 0.724613 0.059032
v 0.968018 0.724613 -0.027012
v 0.819941 0.724613 0.071930
v 0.961038 0.724613 -0.043864
v 0.835108 0.724613 0.082065
v 0.869852 0.724613 -0.092604
v 0.950903 0.724613 -0.059032
v 0.851961 0.724613 0.089045
v 0.851961 0.724613 -0.089045
v 0.938005 0.724613 -0.071930
v 0.869852 0.724613 0.092604
v 0.835108 0.724613 -0.082065
v 0.922837 0.724613 -0.082065
v 0.888094 0.724613 0.092604
v 0.819941 0.724613 -0.071930
v 0.905985 0.724613 -0.089045
v 0.905984 0.724613 0.089045
v 0.807043 0.724613 -0.059032
v 1.033314 0.661845 0.124964
v 1.054697 0.661586 0.093927
v 1.069645 0.661586 0.057840
v 1.077265 0.661586 0.019530
v 1.077265 0.661586 -0.019530
v 1.069645 0.661586 -0.057840
v 1.054697 0.661586 -0.093927
v 1.033314 0.661845 -0.124964
v 1.011429 0.662103 0.122702
v 1.028590 0.659323 0.099971
v 1.045219 0.659323 0.068861
v 1.055459 0.659323 0.035105
v 1.058917 0.659323 -0.000000
v 1.055459 0.659323 -0.035105
v 1.045219 0.659323 -0.068861
v 1.028590 0.659323 -0.099971
v 1.011429 0.662103 -0.122702
v 1.004457 0.661845 -0.101814
v 1.020639 0.661586 -0.075722
v 1.032690 0.661586 -0.046630
v 1.038833 0.661586 -0.015745
v 1.038833 0.661586 0.015745
v 1.032690 0.661586 0.046630
v 1.020639 0.661586 0.075722
v 1.004457 0.661845 0.101814
v 1.027052 0.667621 -0.029455
v 1.004508 0.667621 -0.083880
v 0.996215 0.667907 -0.110353
v 0.996215 0.667907 0.110353
v 1.071870 0.667621 0.079901
v 1.083751 0.667621 0.040733
v 1.027052 0.667621 0.029455
v 1.087763 0.667621 -0.000000
v 1.018460 0.667621 -0.057777
v 1.083751 0.667621 -0.040733
v 1.071870 0.667621 -0.079901
v 0.379068 0.627850 0.260058
v 0.158512 0.627889 0.025604
v 0.329727 0.626828 -0.249976
v 0.167275 0.627889 0.075829
v 0.282416 0.626828 -0.230379
v 0.184861 0.627825 0.123147
v 0.240073 0.626828 -0.201929
v 0.209302 0.626942 0.165726
v 0.209302 0.626942 -0.165726
v 0.240073 0.626828 0.201929
v 0.184861 0.627825 -0.123147
v 0.282416 0.626828 0.230379
v 0.167275 0.627889 -0.075829
v 0.329727 0.626828 0.249976
v 0.158512 0.627889 -0.025604
v 0.379068 0.627850 -0.260058
v 0.567457 0.626828 -0.260071
v 0.518301 0.625768 0.249976
v 0.470990 0.625768 0.230379
v 0.427922 0.625768 0.201929
v 0.380723 0.626701 -0.166364
v 0.380723 0.626701 0.166364
v 0.427922 0.625768 -0.201929
v 0.470990 0.625768 -0.230379
v 0.518301 0.625768 -0.249976
v 0.567457 0.626828 0.260071
v 0.771331 0.626765 0.259047
v 0.542605 0.626828 0.025498
v 0.722017 0.625768 -0.248933
v 0.543790 0.626828 0.075513
v 0.674903 0.625768 -0.229418
v 0.546681 0.626765 0.122633
v 0.631757 0.625768 -0.201086
v 0.578802 0.625881 0.165034
v 0.578802 0.625881 -0.165034
v 0.631757 0.625768 0.201086
v 0.546681 0.626765 -0.122633
v 0.674903 0.625768 0.229418
v 0.543790 0.626828 -0.075513
v 0.722016 0.625768 0.248933
v 0.542605 0.626828 -0.025498
v 0.771331 0.626765 -0.259047
v 1.102761 0.626828 -0.067886
v 0.726655 0.626828 0.181708
v 1.085218 0.626828 -0.110240
v 0.765003 0.626828 0.207309
v 0.852961 0.626942 -0.234011
v 1.059748 0.626828 -0.148358
v 0.807576 0.626828 0.224943
v 0.807576 0.626828 -0.224943
v 1.027338 0.626942 -0.180791
v 0.852961 0.626942 0.234011
v 0.765003 0.626828 -0.207309
v 0.989677 0.627825 -0.207157
v 0.901676 0.627825 0.234011
v 0.726655 0.626828 -0.181708
v 0.947209 0.627889 -0.224943
v 0.947209 0.627889 0.224943
v 0.693333 0.626828 -0.149124
v 0.901676 0.627825 -0.234011
v 0.989677 0.627825 0.207157
v 0.667412 0.626828 -0.110809
v 1.027338 0.626942 0.180791
v 0.650436 0.626828 -0.068236
v 1.059748 0.626828 0.148358
v 0.641811 0.626828 -0.023040
v 1.085218 0.626828 0.110240
v 0.641811 0.626828 0.023040
v 1.102761 0.626828 0.067886
v 0.650436 0.626828 0.068236
v 1.111705 0.626828 0.022922
v 0.667412 0.626828 0.110809
v 1.111705 0.626828 -0.022922
v 0.693333 0.626828 0.149124
v 0.762655 0.626828 -0.034272
v 0.973587 0.625768 0.076585
v 0.757863 0.626828 -0.011103
v 0.987094 0.625768 0.056693
v 0.757569 0.626828 0.012474
v 0.996446 0.625768 0.034622
v 0.762112 0.626828 0.035312
v 1.001283 0.625768 0.011221
v 0.771370 0.626828 0.057664
v 1.001578 0.625768 -0.012592
v 0.784307 0.626828 0.077025
v 0.996989 0.625768 -0.035662
v 0.801186 0.626828 0.093488
v 0.987640 0.625768 -0.058233
v 0.820957 0.626828 0.106483
v 0.867733 0.626828 -0.119718
v 0.974572 0.625768 -0.077791
v 0.842958 0.626828 0.115387
v 0.844295 0.626828 -0.114981
v 0.957532 0.625881 -0.094425
v 0.866343 0.626828 0.119855
v 0.822190 0.626828 -0.105824
v 0.937107 0.626765 -0.106655
v 0.890213 0.626828 0.119718
v 0.802267 0.626828 -0.092601
v 0.914988 0.626828 -0.115387
v 0.913650 0.626828 0.114981
v 0.785291 0.626828 -0.075820
v 0.891603 0.626828 -0.119855
v 0.935875 0.626765 0.105997
v 0.771916 0.626828 -0.056124
v 0.956452 0.625881 0.093539
v 0.993502 0.626701 0.138795
v 0.993502 0.626701 -0.138795
v 1.017980 0.625768 -0.114080
v 1.037565 0.625768 -0.084769
v 1.051056 0.625768 -0.052201
v 1.057933 0.625768 -0.017626
v 1.057933 0.625768 0.017626
v 1.051056 0.625768 0.052201
v 1.037565 0.625768 0.084769
v 1.017980 0.625768 0.114080
v 0.958909 0.625768 -0.047807
v 0.969300 0.625768 -0.022719
v 0.948225 0.625768 -0.052051
v 0.964747 0.625768 -0.012163
v 0.935796 0.625768 -0.054982
v 0.958031 0.625768 -0.001302
v 0.921183 0.625768 -0.055800
v 0.948277 0.625768 0.009609
v 0.904949 0.625768 -0.054474
v 0.935860 0.625768 0.020151
v 0.887716 0.625768 -0.051055
v 0.921256 0.625768 0.029919
v 0.870147 0.625768 -0.045673
v 0.905028 0.625768 0.038536
v 0.852918 0.625768 -0.038536
v 0.887799 0.625768 0.045673
v 0.836689 0.625768 -0.029919
v 0.870230 0.625768 0.051055
v 0.822086 0.625768 -0.020151
v 0.852997 0.625768 0.054474
v 0.809669 0.625768 -0.009609
v 0.836762 0.625768 0.055800
v 0.799915 0.625768 0.001302
v 0.822150 0.625768 0.054982
v 0.793199 0.625768 0.012163
v 0.809721 0.625768 0.052051
v 0.788645 0.625768 0.022719
v 0.799037 0.625768 0.047807
v 0.379068 0.674591 0.260058
v 0.158512 0.674552 0.025604
v 0.329727 0.675612 -0.249976
v 0.167275 0.674552 0.075829
v 0.282416 0.675612 -0.230379
v 0.184861 0.674615 0.123147
v 0.240073 0.675612 -0.201929
v 0.209302 0.675499 0.165726
v 0.209302 0.675499 -0.165726
v 0.240073 0.675612 0.201929
v 0.184861 0.674615 -0.123147
v 0.282416 0.675612 0.230379
v 0.167275 0.674552 -0.075829
v 0.329727 0.675612 0.249976
v 0.158512 0.674552 -0.025604
v 0.379068 0.674591 -0.260058
v 0.567457 0.675612 -0.260071
v 0.518301 0.676673 0.249976
v 0.470990 0.676673 0.230379
v 0.427922 0.676673 0.201929
v 0.380723 0.675740 -0.166364
v 0.380723 0.675740 0.166364
v 0.427922 0.676673 -0.201929
v 0.470990 0.676673 -0.230379
v 0.518301 0.676673 -0.249976
v 0.567457 0.675612 0.260071
v 0.771331 0.675676 0.259047
v 0.542605 0.675612 0.025498
v 0.722017 0.676673 -0.248933
v 0.543790 0.675612 0.075513
v 0.674903 0.676673 -0.229418
v 0.546681 0.675676 0.122633
v 0.631757 0.676673 -0.201086
v 0.578802 0.676560 0.165034
v 0.578802 0.676560 -0.165034
v 0.631757 0.676673 0.201086
v 0.546681 0.675676 -0.122633
v 0.674903 0.676673 0.229418
v 0.543790 0.675612 -0.075513
v 0.722017 0.676673 0.248933
v 0.542605 0.675612 -0.025498
v 0.771331 0.675676 -0.259047
v 1.103916 0.675235 -0.068236
v 0.726655 0.675612 0.181708
v 1.086282 0.675235 -0.110809
v 0.765003 0.675612 0.207309
v 0.852961 0.675499 -0.234011
v 1.060552 0.675258 -0.148991
v 0.807576 0.675612 0.224943
v 0.807576 0.675612 -0.224943
v 1.027352 0.675459 -0.180800
v 0.852961 0.675499 0.234011
v 0.765003 0.675612 -0.207309
v 0.989677 0.674615 -0.207157
v 0.901676 0.674615 0.234011
v 0.726655 0.675612 -0.181708
v 0.947209 0.674552 -0.224943
v 0.947209 0.674552 0.224943
v 0.693333 0.675612 -0.149124
v 0.901676 0.674615 -0.234011
v 0.989677 0.674615 0.207157
v 0.667412 0.675612 -0.110809
v 1.027352 0.675459 0.180800
v 0.650436 0.675612 -0.068236
v 1.060552 0.675258 0.148991
v 0.641811 0.675612 -0.023040
v 1.086282 0.675235 0.110809
v 0.641811 0.675612 0.023040
v 1.103916 0.675235 0.068236
v 0.650436 0.675612 0.068236
v 1.112906 0.675235 0.023040
v 0.667412 0.675612 0.110809
v 1.112906 0.675235 -0.023040
v 0.693333 0.675612 0.149124
v 0.762211 0.676794 -0.035419
v 0.973438 0.677500 0.077556
v 0.757545 0.676794 -0.011960
v 0.986581 0.677478 0.057518
v 0.757545 0.676794 0.011960
v 0.995735 0.677478 0.035419
v 0.762211 0.676794 0.035419
v 1.000401 0.677478 0.011960
v 0.771365 0.676794 0.057518
v 1.000401 0.677478 -0.011960
v 0.784653 0.676794 0.077406
v 0.995735 0.677478 -0.035419
v 0.801567 0.676794 0.094319
v 0.986581 0.677478 -0.057518
v 0.821455 0.676794 0.107608
v 0.867013 0.676794 -0.121428
v 0.973438 0.677500 -0.077556
v 0.843554 0.676794 0.116762
v 0.843554 0.676794 -0.116762
v 0.957155 0.677702 -0.095264
v 0.867013 0.676794 0.121428
v 0.821455 0.676794 -0.107608
v 0.936610 0.676858 -0.107780
v 0.890933 0.676794 0.121428
v 0.801567 0.676794 -0.094319
v 0.914392 0.676794 -0.116762
v 0.914392 0.676794 0.116762
v 0.784653 0.676794 -0.077406
v 0.890933 0.676794 -0.121428
v 0.936610 0.676858 0.107780
v 0.771365 0.676794 -0.057518
v 0.957155 0.677702 0.095264
v 0.993206 0.675408 0.139194
v 0.993206 0.675408 -0.139194
v 1.078772 0.667621 0.060608
v 1.063109 0.667621 0.098423
v 0.996968 0.667692 0.096218
v 0.996968 0.667692 -0.096218
v 1.029225 0.667621 -0.014799
v 1.040175 0.667692 0.131104
v 1.040175 0.667692 -0.131104
v 1.012125 0.667621 0.071171
v 0.807680 0.734206 -0.057445
v 0.905243 0.734206 0.087264
v 0.906580 0.734206 -0.087670
v 0.820641 0.734206 -0.070212
v 0.887374 0.734206 0.090894
v 0.923335 0.734206 -0.080940
v 0.835843 0.734206 -0.080281
v 0.869181 0.734206 0.091031
v 0.938385 0.734206 -0.071099
v 0.852703 0.734206 -0.087264
v 0.851366 0.734206 0.087670
v 0.951119 0.734195 -0.058564
v 0.870572 0.734206 -0.090894
v 0.834611 0.734206 0.080940
v 0.960902 0.734195 -0.043923
v 0.819560 0.734206 0.071099
v 0.967964 0.734195 -0.026874
v 0.806827 0.734195 0.058564
v 0.971399 0.734195 -0.009604
v 0.797044 0.734195 0.043923
v 0.971258 0.734206 0.008264
v 0.789982 0.734195 0.026874
v 0.967575 0.734206 0.025864
v 0.786547 0.734195 0.009604
v 0.960486 0.734206 0.042471
v 0.786688 0.734206 -0.008264
v 0.950266 0.734206 0.057445
v 0.790371 0.734206 -0.025864
v 0.447553 0.651220 -0.122601
v 0.116105 0.651220 0.123140
v 0.835847 0.651220 -0.142168
v 0.902294 0.651220 0.258023
v 0.230186 0.651220 0.025604
v 0.143897 0.651220 0.165719
v 0.835847 0.651220 0.142168
v 0.954170 0.651220 0.247890
v 0.463683 0.651220 -0.075829
v 0.179566 0.651220 0.201929
v 1.001086 0.651220 0.228456
v 0.591993 0.651220 0.262698
v 0.222122 0.651220 0.230379
v 0.864411 0.651220 -0.147850
v 1.043309 0.651220 0.200244
v 0.470490 0.651220 -0.025604
v 0.269432 0.651220 0.249976
v 0.808939 0.651220 0.131023
v 1.079217 0.651220 0.164336
v 0.320615 0.651220 0.260044
v 1.107429 0.651220 0.122113
v 0.858283 0.651220 -0.210070
v 0.352772 0.651220 0.145859
v 0.784724 0.651220 0.114843
v 1.126863 0.651220 0.075197
v 0.817698 0.651220 -0.201997
v 0.796840 0.651220 0.262386
v 1.136770 0.651220 0.025391
v 0.779468 0.651220 -0.186161
v 0.764130 0.651220 0.094249
v 0.977375 0.651220 -0.185548
v 1.136770 0.651220 -0.025391
v 0.745061 0.651220 -0.163172
v 0.352772 0.651220 -0.145859
v 0.940248 0.651220 -0.201997
v 1.126863 0.651220 -0.075197
v 0.715801 0.651220 -0.133912
v 0.747950 0.651220 0.070033
v 0.899663 0.651220 -0.210070
v 1.107429 0.651220 -0.122113
v 0.692811 0.651220 -0.099505
v 1.079217 0.651220 -0.164336
v 0.979433 0.651220 -0.150349
v 0.676976 0.651220 -0.061275
v 0.591993 0.651220 -0.262698
v 0.736804 0.651220 0.043126
v 1.043309 0.651220 -0.200244
v 0.979433 0.651220 0.150349
v 0.668903 0.651220 -0.020690
v 1.001086 0.651220 -0.228456
v 0.668903 0.651220 0.020690
v 0.230186 0.651220 -0.025604
v 0.731123 0.651220 0.014562
v 0.954170 0.651220 -0.247890
v 0.747950 0.651220 -0.070033
v 0.676976 0.651220 0.061275
v 0.796840 0.651220 -0.262386
v 0.902294 0.651220 -0.258023
v 0.949374 0.651220 0.132303
v 0.692811 0.651220 0.099505
v 0.237826 0.651220 -0.075829
v 0.731123 0.651220 -0.014562
v 0.320615 0.651220 -0.260044
v 0.893535 0.651220 -0.147850
v 0.715801 0.651220 0.133912
v 0.470490 0.651220 0.025604
v 0.269432 0.651220 -0.249976
v 0.764130 0.651220 -0.094249
v 0.745061 0.651220 0.163172
v 0.255825 0.651220 -0.122601
v 0.736804 0.651220 -0.043126
v 0.222122 0.651220 -0.230379
v 0.922099 0.651220 0.142168
v 0.779468 0.651220 0.186161
v 0.463683 0.651220 0.075829
v 0.179566 0.651220 -0.201929
v 0.922099 0.651220 -0.142168
v 0.817698 0.651220 0.201997
v 0.143897 0.651220 -0.165719
v 0.784724 0.651220 -0.114843
v 0.858283 0.651220 0.210070
v 0.447553 0.651220 0.122601
v 0.116105 0.651220 -0.123140
v 0.893535 0.651220 0.147850
v 0.899663 0.651220 0.210070
v 0.403075 0.651220 -0.262601
v 0.096725 0.651220 -0.075829
v 0.949374 0.651220 -0.132303
v 0.940248 0.651220 0.201997
v 0.255825 0.651220 0.122601
v 0.086837 0.651220 -0.025604
v 0.808940 0.651220 -0.131023
v 0.977375 0.651220 0.185548
v 0.403075 0.651220 0.262601
v 0.086837 0.651220 0.025604
v 0.864411 0.651220 0.147850
v 0.237826 0.651220 0.075829
v 0.096725 0.651220 0.075829
v 0.956949 0.737203 -0.046497
v 0.966989 0.737203 -0.022259
v 0.947459 0.737282 -0.051118
v 0.963546 0.737282 -0.012281
v 0.935227 0.737283 -0.053918
v 0.956876 0.737283 -0.001652
v 0.920833 0.737283 -0.054646
v 0.947213 0.737283 0.009040
v 0.904831 0.737283 -0.053273
v 0.934927 0.737283 0.019386
v 0.887834 0.737282 -0.049854
v 0.920491 0.737282 0.028986
v 0.870498 0.737282 -0.044518
v 0.904459 0.737282 0.037472
v 0.853487 0.737282 -0.037472
v 0.887448 0.737282 0.044518
v 0.837455 0.737282 -0.028986
v 0.870111 0.737282 0.049854
v 0.823019 0.737282 -0.019386
v 0.853115 0.737282 0.053273
v 0.810733 0.737282 -0.009040
v 0.837113 0.737282 0.054645
v 0.801069 0.737282 0.001652
v 0.822719 0.737282 0.053918
v 0.794400 0.737282 0.012281
v 0.810487 0.737282 0.051118
v 0.790957 0.737203 0.022259
v 0.800997 0.737203 0.046497
v 0.888764 0.734206 -0.091031
v 0.922103 0.734206 0.080281
v 0.797459 0.734206 -0.042471
v 0.937305 0.734206 0.070212
v 0.938770 0.705124 0.072863
v 0.795844 0.705124 -0.044433
v 0.923406 0.705124 0.083129
v 0.888212 0.705124 -0.093805
v 0.788773 0.705124 -0.027362
v 0.951836 0.705124 0.059797
v 0.785168 0.705124 -0.009239
v 0.962102 0.705124 0.044433
v 0.785168 0.705124 0.009239
v 0.969173 0.705124 0.027362
v 0.788773 0.705124 0.027362
v 0.972778 0.705124 0.009239
v 0.795844 0.705124 0.044433
v 0.972778 0.705124 -0.009239
v 0.806110 0.705124 0.059797
v 0.969173 0.705124 -0.027362
v 0.819176 0.705124 0.072863
v 0.962102 0.705124 -0.044433
v 0.834539 0.705124 0.083129
v 0.869734 0.705124 -0.093805
v 0.951836 0.705124 -0.059797
v 0.851611 0.705124 0.090200
v 0.851611 0.705124 -0.090200
v 0.938770 0.705124 -0.072863
v 0.869734 0.705124 0.093805
v 0.834539 0.705124 -0.083129
v 0.923406 0.705124 -0.083129
v 0.888212 0.705124 0.093805
v 0.819175 0.705124 -0.072863
v 0.906335 0.705124 -0.090200
v 0.906335 0.705124 0.090200
v 0.806110 0.705124 -0.059797
v 1.018764 0.659672 -0.113537
v 1.037668 0.659323 -0.084824
v 1.051167 0.659323 -0.052235
v 1.058049 0.659323 -0.017637
v 1.058049 0.659323 0.017637
v 1.051167 0.659323 0.052235
v 1.037668 0.659323 0.084824
v 1.018764 0.659672 0.113537
v 1.029225 0.667621 0.014799
v 1.086757 0.667621 0.020465
v 1.007837 0.667764 0.126859
v 1.012125 0.667621 -0.071171
v 1.086757 0.667621 -0.020465
v 1.023451 0.667621 0.043827
v 1.078772 0.667621 -0.060608
v 1.007837 0.667764 -0.126859
v 1.023451 0.667621 -0.043827
v 1.063109 0.667621 -0.098423
v 0.000000 -0.163038 -1.192557
v 0.000000 0.654501 -1.192658
v 0.308656 -0.163038 -1.151922
v 0.308683 0.654501 -1.152020
v 0.596278 -0.163038 -1.032785
v 0.596329 0.654501 -1.032873
v 0.843265 -0.163038 -0.843265
v 0.843337 0.654501 -0.843337
v 1.032785 -0.163038 -0.596278
v 1.032872 0.654501 -0.596329
v 1.151921 -0.163038 -0.308656
v 1.152019 0.654501 -0.308683
v 1.192557 -0.163038 -0.000000
v 1.192658 0.654501 -0.000000
v 1.151922 -0.163038 0.308656
v 1.152020 0.654501 0.308683
v 1.032785 -0.163038 0.596278
v 1.032873 0.654501 0.596329
v 0.843265 -0.163038 0.843265
v 0.843337 0.654501 0.843337
v 0.596278 -0.163038 1.032785
v 0.596329 0.654501 1.032872
v 0.308656 -0.163038 1.151921
v 0.308683 0.654501 1.152019
v 0.000000 -0.163038 1.192557
v 0.000000 0.654501 1.192658
v -0.308656 -0.163038 1.151922
v -0.308683 0.654501 1.152020
v -0.596278 -0.163038 1.032785
v -0.596329 0.654501 1.032873
v -0.843265 -0.163038 0.843265
v -0.843337 0.654501 0.843337
v -1.032785 -0.163038 0.596278
v -1.032872 0.654501 0.596329
v -1.151921 -0.163038 0.308656
v -1.152019 0.654501 0.308683
v -1.192557 -0.163038 -0.000000
v -1.192658 0.654501 -0.000000
v -1.151922 -0.163038 -0.308656
v -1.152020 0.654501 -0.308683
v -1.032785 -0.163038 -0.596278
v -1.032873 0.654501 -0.596329
v -0.843265 -0.163038 -0.843265
v -0.843337 0.654501 -0.843337
v -0.596278 -0.163038 -1.032785
v -0.596329 0.654501 -1.032872
v -0.308656 -0.163038 -1.151921
v -0.308683 0.654501 -1.152019
v 0.000000 0.598293 -1.188136
v 0.307512 0.598293 -1.147651
v 0.594068 0.598293 -1.028956
v 0.840139 0.598293 -0.840139
v 1.028956 0.598293 -0.594068
v 1.147651 0.598293 -0.307512
v 1.188136 0.598293 0.000000
v 1.147651 0.598293 0.307512
v 1.028956 0.598293 0.594068
v 0.840139 0.598293 0.840139
v 0.594068 0.598293 1.028956
v 0.307512 0.598293 1.147651
v 0.000000 0.598293 1.188136
v -0.307512 0.598293 1.147651
v -0.594068 0.598293 1.028956
v -0.840139 0.598293 0.840139
v -1.028956 0.598293 0.594068
v -1.147651 0.598293 0.307512
v -1.188136 0.598293 0.000000
v -1.147651 0.598293 -0.307512
v -1.028956 0.598293 -0.594068
v -0.840139 0.598293 -0.840139
v -0.594068 0.598293 -1.028956
v -0.307512 0.598293 -1.147651
v 0.307512 -0.092973 -1.147651
v 0.594068 -0.092973 -1.028956
v 0.840139 -0.092973 -0.840139
v 1.028956 -0.092973 -0.594068
v 1.147651 -0.092973 -0.307512
v 1.188136 -0.092973 0.000000
v 1.147651 -0.092973 0.307512
v 1.028956 -0.092973 0.594068
v 0.840139 -0.092973 0.840139
v 0.594068 -0.092973 1.028956
v 0.307512 -0.092973 1.147651
v 0.000000 -0.092973 1.188136
v -0.307512 -0.092973 1.147651
v -0.594068 -0.092973 1.028956
v -0.840139 -0.092973 0.840139
v -1.028956 -0.092973 0.594068
v -1.147651 -0.092973 0.307512
v -1.188136 -0.092973 0.000000
v -1.147651 -0.092973 -0.307512
v -1.028956 -0.092973 -0.594068
v -0.840139 -0.092973 -0.840139
v -0.594068 -0.092973 -1.028956
v -0.307512 -0.092973 -1.147651
v 0.000000 -0.092973 -1.188136
v 0.000000 -0.171782 -1.212909
v 0.313924 -0.171782 -1.171580
v 0.313365 0.654789 -1.169493
v 0.000000 0.654789 -1.210749
v 0.000000 0.609131 -1.210748
v 0.313924 -0.097753 -1.171579
v 0.606454 -0.171782 -1.050410
v 0.605374 0.654789 -1.048539
v 0.606454 -0.097753 -1.050409
v 0.857656 -0.171782 -0.857656
v 0.856129 0.654789 -0.856129
v 0.857656 -0.097753 -0.857656
v 1.050410 -0.171782 -0.606454
v 1.048539 0.654789 -0.605374
v 1.050410 -0.097753 -0.606454
v 1.171579 -0.171782 -0.313924
v 1.169493 0.654789 -0.313365
v 1.171579 -0.097753 -0.313924
v 1.212908 -0.171782 0.000000
v 1.210749 0.654789 0.000000
v 1.212909 -0.097753 0.000000
v 1.171579 -0.171782 0.313924
v 1.169493 0.654789 0.313365
v 1.171579 -0.097753 0.313924
v 1.050409 -0.171782 0.606454
v 1.048539 0.654789 0.605374
v 1.050409 -0.097753 0.606454
v 0.857656 -0.171782 0.857656
v 0.856129 0.654789 0.856129
v 0.857656 -0.097753 0.857656
v 0.606454 -0.171782 1.050410
v 0.605374 0.654789 1.048539
v 0.606454 -0.097753 1.050410
v 0.313924 -0.171782 1.171579
v 0.313365 0.654789 1.169493
v 0.313924 -0.097753 1.171579
v 0.000000 -0.171782 1.212909
v 0.000000 0.654789 1.210749
v 0.000000 -0.097753 1.212909
v -0.313924 -0.171782 1.171580
v -0.313365 0.654789 1.169493
v -0.313924 -0.097753 1.171580
v -0.606454 -0.171782 1.050409
v -0.605374 0.654789 1.048539
v -0.606454 -0.097753 1.050410
v -0.857656 -0.171782 0.857656
v -0.856129 0.654789 0.856129
v -0.857656 -0.097753 0.857656
v -1.050409 -0.171782 0.606454
v -1.048539 0.654789 0.605374
v -1.050410 -0.097753 0.606454
v -1.171579 -0.171782 0.313924
v -1.169493 0.654789 0.313365
v -1.171580 -0.097753 0.313924
v -1.212909 -0.171782 -0.000000
v -1.210749 0.654789 -0.000000
v -1.212909 -0.097753 -0.000000
v -1.171580 -0.171782 -0.313924
v -1.169493 0.654789 -0.313365
v -1.171580 -0.097753 -0.313924
v -1.050410 -0.171782 -0.606454
v -1.048539 0.654789 -0.605374
v -1.050410 -0.097753 -0.606454
v -0.857656 -0.171782 -0.857656
v -0.856129 0.654789 -0.856129
v -0.857656 -0.097753 -0.857656
v -0.606454 -0.171782 -1.050410
v -0.605374 0.654789 -1.048539
v -0.606454 -0.097753 -1.050410
v -0.313924 -0.171782 -1.171579
v -0.313365 0.654789 -1.169493
v -0.313924 -0.097753 -1.171580
v 0.313365 0.609131 -1.169493
v 0.605374 0.609131 -1.048539
v 0.856129 0.609131 -0.856129
v 1.048539 0.609131 -0.605374
v 1.169493 0.609131 -0.313365
v 1.210749 0.609131 0.000000
v 1.169493 0.609131 0.313365
v 1.048539 0.609131 0.605374
v 0.856129 0.609131 0.856129
v 0.605374 0.609131 1.048539
v 0.313365 0.609131 1.169493
v 0.000000 0.609131 1.210749
v -0.313365 0.609131 1.169493
v -0.605374 0.609131 1.048539
v -0.856129 0.609131 0.856129
v -1.048539 0.609131 0.605374
v -1.169493 0.609131 0.313365
v -1.210749 0.609131 -0.000000
v -1.169493 0.609131 -0.313365
v -1.048539 0.609131 -0.605374
v -0.856129 0.609131 -0.856129
v -0.605374 0.609131 -1.048539
v -0.313365 0.609131 -1.169493
v 0.000000 -0.097753 -1.212909
v 0.000616 -0.115006 -1.178630
v 0.258570 -0.108167 -1.130178
v 0.550148 -0.108167 -1.001326
v 0.803489 -0.108167 -0.803489
v 1.001326 -0.108167 -0.550148
v 1.130178 -0.108167 -0.258570
v 1.178630 -0.115006 -0.000616
v 1.129845 -0.108167 0.254284
v 0.999237 -0.108167 0.544558
v 0.799127 -0.108167 0.799127
v 0.544558 -0.108167 0.999237
v 0.254284 -0.108167 1.129845
v -0.000616 -0.115006 1.178630
v -0.258570 -0.108167 1.130178
v -0.550148 -0.108167 1.001326
v -0.803489 -0.108167 0.803489
v -1.001326 -0.108167 0.550148
v -1.130178 -0.108167 0.258570
v -1.178630 -0.115006 0.000616
v -1.129845 -0.108167 -0.254284
v -0.999237 -0.108167 -0.544558
v -0.799127 -0.108167 -0.799127
v -0.544558 -0.108167 -0.999237
v -0.254284 -0.108167 -1.129845
v -0.251351 0.619806 -0.938054
v 0.126758 0.619806 -0.962824
v 0.371636 0.619806 -0.897210
v 0.591188 0.619806 -0.770451
v 0.770451 0.619806 -0.591188
v 0.897210 0.619806 -0.371636
v 0.962824 0.619806 -0.126758
v 0.962824 0.619806 0.126758
v 0.897210 0.619806 0.371636
v 0.770451 0.619806 0.591188
v 0.591188 0.619806 0.770451
v 0.371636 0.619806 0.897210
v 0.126758 0.619806 0.962824
v -0.126758 0.619806 0.962824
v -0.371636 0.619806 0.897210
v -0.591188 0.619806 0.770451
v -0.770451 0.619806 0.591188
v -0.897210 0.619806 0.371636
v -0.962824 0.619806 0.126758
v -0.962824 0.619806 -0.126758
v -0.897210 0.619806 -0.371636
v -0.770451 0.619806 -0.591188
v -0.591188 0.619806 -0.770451
v -0.371636 0.619806 -0.897210
v 1.028394 -0.094488 -0.011125
v 0.849091 -0.094488 -0.322514
v 0.608329 -0.094488 -0.608329
v 0.322514 -0.094488 -0.849091
v 0.011125 -0.094488 -1.028394
v 0.840450 -0.094488 0.294166
v 0.603701 -0.094488 -0.016381
v 0.322627 -0.094488 -0.322627
v 0.016381 -0.094488 -0.603701
v -0.294166 -0.094488 -0.840450
v 0.587320 -0.094488 0.587320
v 0.304019 -0.094488 0.304019
v 0.000000 -0.094488 0.000000
v -0.304019 -0.094488 -0.304019
v -0.587320 -0.094488 -0.587320
v 0.294166 -0.094488 0.840450
v -0.016381 -0.094488 0.603702
v -0.322627 -0.094488 0.322627
v -0.603701 -0.094488 0.016381
v -0.840450 -0.094488 -0.294166
v -0.011125 -0.094488 1.028394
v -0.322514 -0.094488 0.849091
v -0.608329 -0.094488 0.608329
v -0.849091 -0.094488 0.322514
v -1.028394 -0.094488 0.011125
v -0.126758 0.619806 -0.962824
v -0.130287 0.619806 -0.989628
v -0.381982 0.619806 -0.922186
v -0.607646 0.619806 -0.791899
v -0.791899 0.619806 -0.607646
v -0.922186 0.619806 -0.381982
v -0.989628 0.619806 -0.130287
v -0.989628 0.619806 0.130287
v -0.922186 0.619806 0.381982
v -0.791899 0.619806 0.607646
v -0.607646 0.619806 0.791899
v -0.381982 0.619806 0.922186
v -0.130287 0.619806 0.989628
v 0.130287 0.619806 0.989628
v 0.381982 0.619806 0.922186
v 0.607646 0.619806 0.791899
v 0.791899 0.619806 0.607646
v 0.922186 0.619806 0.381982
v 0.989628 0.619806 0.130287
v 0.989628 0.619806 -0.130287
v 0.922186 0.619806 -0.381982
v 0.791899 0.619806 -0.607646
v 0.607646 0.619806 -0.791899
v 0.381982 0.619806 -0.922186
v 0.130287 0.619806 -0.989628
v 0.155658 -0.163038 -1.182340
v 0.155671 0.654501 -1.182440
v -0.849733 0.663170 -0.849733
v 1.160210 0.599359 -0.310877
v 0.456366 -0.163038 -1.101765
v 0.456405 0.654501 -1.101859
v 0.000000 0.663170 1.201704
v 0.725974 -0.163038 -0.946107
v 0.726035 0.654501 -0.946188
v -0.310945 -0.092506 -1.160462
v 0.946107 -0.163038 -0.725974
v 0.946188 0.654501 -0.726035
v -0.849908 -0.175338 -0.849908
v 1.101765 -0.163038 -0.456366
v 1.101859 0.654501 -0.456405
v 1.201138 0.599359 0.000000
v 1.182340 -0.163038 -0.155658
v 1.182440 0.654501 -0.155671
v 0.849733 0.663170 -0.849733
v 1.182340 -0.163038 0.155658
v 1.182440 0.654501 0.155671
v 0.000000 -0.175338 1.201952
v 1.101765 -0.163038 0.456366
v 1.101859 0.654501 0.456405
v -0.600700 -0.092506 -1.040442
v 0.946107 -0.163038 0.725974
v 0.946188 0.654501 0.726035
v 1.160210 0.599359 0.310877
v 0.725974 -0.163038 0.946107
v 0.726035 0.654501 0.946188
v 0.849908 -0.175338 -0.849908
v 0.456366 -0.163038 1.101765
v 0.456405 0.654501 1.101859
v -0.849518 -0.092506 -0.849518
v 0.155658 -0.163038 1.182340
v 0.155671 0.654501 1.182440
v -1.040706 0.663170 -0.600852
v -0.155658 -0.163038 1.182340
v -0.155671 0.654501 1.182440
v 1.040216 0.599359 0.600569
v -0.456366 -0.163038 1.101765
v -0.456405 0.654501 1.101859
v 0.311024 0.663170 1.160756
v -0.725974 -0.163038 0.946107
v -0.726035 0.654501 0.946188
v -1.040442 -0.092506 -0.600700
v -0.946107 -0.163038 0.725974
v -0.946188 0.654501 0.726035
v -1.040921 -0.175338 -0.600976
v -1.101765 -0.163038 0.456366
v -1.101859 0.654501 0.456405
v 0.849333 0.599359 0.849333
v -1.182340 -0.163038 0.155658
v -1.182440 0.654501 0.155671
v 0.600852 0.663170 -1.040706
v -1.182340 -0.163038 -0.155658
v -1.182440 0.654501 -0.155671
v 0.311088 -0.175338 1.160996
v -1.101765 -0.163038 -0.456366
v -1.101859 0.654501 -0.456405
v -1.160462 -0.092506 -0.310945
v -0.946107 -0.163038 -0.725974
v -0.946188 0.654501 -0.726035
v 0.600569 0.599359 1.040216
v -0.725974 -0.163038 -0.946107
v -0.726035 0.654501 -0.946188
v 0.600976 -0.175338 -1.040921
v -0.456366 -0.163038 -1.101765
v -0.456405 0.654501 -1.101859
v -1.201399 -0.092506 -0.000000
v -0.155658 -0.163038 -1.182340
v -0.155671 0.654501 -1.182440
v 0.000000 0.252660 -1.188136
v -1.160756 0.663170 -0.311024
v 0.310877 0.599359 1.160210
v 0.600852 0.663170 1.040706
v -1.160462 -0.092506 0.310945
v -1.160996 -0.175338 -0.311088
v -1.201952 -0.175338 -0.000000
v 0.000000 0.599359 1.201138
v 0.600976 -0.175338 1.040921
v 0.849908 -0.175338 0.849908
v -1.040442 -0.092506 0.600700
v -0.310877 0.599359 1.160210
v 0.000000 0.663170 -1.201704
v 0.311024 0.663170 -1.160756
v -0.849518 -0.092506 0.849518
v -1.160756 0.663170 0.311024
v -1.201704 0.663170 0.000000
v -0.849333 0.599359 0.849333
v -0.600569 0.599359 1.040216
v 0.311088 -0.175338 -1.160996
v 0.000000 -0.175338 -1.201952
v 1.040706 0.663170 0.600852
v 0.849733 0.663170 0.849733
v -0.310945 -0.092506 1.160462
v -0.155081 0.598293 -1.177956
v -0.454674 0.598293 -1.097681
v -0.723282 0.598293 -0.942600
v -0.942600 0.598293 -0.723282
v -1.097681 0.598293 -0.454674
v -1.177956 0.598293 -0.155081
v -1.177956 0.598293 0.155081
v -1.097681 0.598293 0.454674
v -0.942600 0.598293 0.723282
v -0.723282 0.598293 0.942600
v -0.454674 0.598293 1.097681
v -0.155081 0.598293 1.177956
v 0.155081 0.598293 1.177956
v 0.454674 0.598293 1.097681
v 0.723282 0.598293 0.942600
v 0.942600 0.598293 0.723282
v 1.097681 0.598293 0.454674
v 1.177956 0.598293 0.155081
v 1.177956 0.598293 -0.155081
v 1.097681 0.598293 -0.454674
v 0.942600 0.598293 -0.723282
v 0.723282 0.598293 -0.942600
v 0.454674 0.598293 -1.097681
v 0.155081 0.598293 -1.177956
v 0.307512 0.252660 -1.147651
v 0.594068 0.252660 -1.028956
v 0.840139 0.252660 -0.840139
v 1.028956 0.252660 -0.594068
v 1.147651 0.252660 -0.307512
v 1.188136 0.252660 0.000000
v 1.147651 0.252660 0.307512
v 1.028956 0.252660 0.594068
v 0.840139 0.252660 0.840139
v 0.594068 0.252660 1.028956
v 0.307512 0.252660 1.147651
v 0.000000 0.252660 1.188136
v -0.307512 0.252660 1.147651
v -0.594068 0.252660 1.028956
v -0.840139 0.252660 0.840139
v -1.028956 0.252660 0.594068
v -1.147651 0.252660 0.307512
v -1.188136 0.252660 0.000000
v -1.147651 0.252660 -0.307512
v -1.028956 0.252660 -0.594068
v -0.840139 0.252660 -0.840139
v -0.594068 0.252660 -1.028956
v -0.307512 0.252660 -1.147651
v -0.600700 -0.092506 1.040442
v 0.155081 -0.092973 -1.177956
v 0.454674 -0.092973 -1.097681
v 0.723282 -0.092973 -0.942600
v 0.942600 -0.092973 -0.723282
v 1.097681 -0.092973 -0.454674
v 1.177956 -0.092973 -0.155081
v 1.177956 -0.092973 0.155081
v 1.097681 -0.092973 0.454674
v 0.942600 -0.092973 0.723282
v 0.723282 -0.092973 0.942600
v 0.454674 -0.092973 1.097681
v 0.155081 -0.092973 1.177956
v -0.155081 -0.092973 1.177956
v -0.454674 -0.092973 1.097681
v -0.723282 -0.092973 0.942600
v -0.942600 -0.092973 0.723282
v -1.097681 -0.092973 0.454674
v -1.177956 -0.092973 0.155081
v -1.177956 -0.092973 -0.155081
v -1.097681 -0.092973 -0.454674
v -0.942600 -0.092973 -0.723282
v -0.723282 -0.092973 -0.942600
v -0.454674 -0.092973 -1.097681
v -0.155081 -0.092973 -1.177956
v 0.158314 -0.171782 -1.202517
v 0.158032 0.654789 -1.200375
v 0.000000 0.631960 -1.214141
v 0.314378 -0.134767 -1.173274
v 0.464154 -0.171782 -1.120567
v 0.463328 0.654789 -1.118572
v 0.607331 -0.134767 -1.051929
v 0.738363 -0.171782 -0.962253
v 0.737048 0.654789 -0.960539
v 0.858896 -0.134767 -0.858896
v 0.962253 -0.171782 -0.738363
v 0.960539 0.654789 -0.737048
v 1.051929 -0.134767 -0.607331
v 1.120567 -0.171782 -0.464154
v 1.118572 0.654789 -0.463328
v 1.173274 -0.134767 -0.314378
v 1.202517 -0.171782 -0.158314
v 1.200375 0.654789 -0.158032
v 1.214663 -0.134767 0.000000
v 1.202517 -0.171782 0.158314
v 1.200376 0.654789 0.158032
v 1.173274 -0.134767 0.314378
v 1.120567 -0.171782 0.464154
v 1.118572 0.654789 0.463328
v 1.051929 -0.134767 0.607331
v 0.962253 -0.171782 0.738363
v 0.960539 0.654789 0.737048
v 0.858896 -0.134767 0.858896
v 0.738363 -0.171782 0.962253
v 0.737048 0.654789 0.960539
v 0.607331 -0.134767 1.051929
v 0.464154 -0.171782 1.120567
v 0.463328 0.654789 1.118572
v 0.314378 -0.134767 1.173274
v 0.158314 -0.171782 1.202517
v 0.158032 0.654789 1.200375
v 0.000000 -0.134767 1.214663
v -0.158314 -0.171782 1.202517
v -0.158032 0.654789 1.200375
v -0.314378 -0.134767 1.173274
v -0.464154 -0.171782 1.120567
v -0.463328 0.654789 1.118572
v -0.607331 -0.134767 1.051929
v -0.738363 -0.171782 0.962253
v -0.737048 0.654789 0.960539
v -0.858896 -0.134767 0.858896
v -0.962253 -0.171782 0.738363
v -0.960539 0.654789 0.737048
v -1.051929 -0.134767 0.607331
v -1.120567 -0.171782 0.464154
v -1.118572 0.654789 0.463328
v -1.173274 -0.134767 0.314378
v -1.202517 -0.171782 0.158314
v -1.200375 0.654789 0.158032
v -1.214663 -0.134767 -0.000000
v -1.202517 -0.171782 -0.158314
v -1.200375 0.654789 -0.158032
v -1.173274 -0.134767 -0.314378
v -1.120567 -0.171782 -0.464154
v -1.118572 0.654789 -0.463328
v -1.051929 -0.134767 -0.607331
v -0.962253 -0.171782 -0.738363
v -0.960539 0.654789 -0.737048
v -0.858896 -0.134767 -0.858896
v -0.738363 -0.171782 -0.962253
v -0.737048 0.654789 -0.960539
v -0.607331 -0.134767 -1.051929
v -0.464154 -0.171782 -1.120567
v -0.463328 0.654789 -1.118572
v -0.314378 -0.134767 -1.173274
v -0.158314 -0.171782 -1.202517
v -0.158032 0.654789 -1.200375
v 0.314243 0.631960 -1.172770
v 0.607070 0.631960 -1.051476
v 0.858527 0.631960 -0.858527
v 1.051476 0.631960 -0.607070
v 1.172770 0.631960 -0.314243
v 1.214141 0.631960 0.000000
v 1.172770 0.631960 0.314243
v 1.051476 0.631960 0.607070
v 0.858527 0.631960 0.858527
v 0.607070 0.631960 1.051476
v 0.314243 0.631960 1.172770
v 0.000000 0.631960 1.214141
v -0.314243 0.631960 1.172770
v -0.607070 0.631960 1.051476
v -0.858527 0.631960 0.858527
v -1.051476 0.631960 0.607070
v -1.172770 0.631960 0.314243
v -1.214141 0.631960 0.000000
v -1.172770 0.631960 -0.314243
v -1.051476 0.631960 -0.607070
v -0.858527 0.631960 -0.858527
v -0.607070 0.631960 -1.051476
v -0.314243 0.631960 -1.172770
v -0.158032 0.609131 -1.200375
v -0.463328 0.609131 -1.118572
v -0.737048 0.609131 -0.960539
v -0.960539 0.609131 -0.737048
v -1.118572 0.609131 -0.463328
v -1.200375 0.609131 -0.158032
v -1.200375 0.609131 0.158032
v -1.118572 0.609131 0.463328
v -0.960539 0.609131 0.737048
v -0.737048 0.609131 0.960539
v -0.463328 0.609131 1.118572
v -0.158032 0.609131 1.200375
v 0.158032 0.609131 1.200376
v 0.463328 0.609131 1.118572
v 0.737048 0.609131 0.960539
v 0.960539 0.609131 0.737048
v 1.118572 0.609131 0.463328
v 1.200375 0.609131 0.158032
v 1.200376 0.609131 -0.158032
v 1.118572 0.609131 -0.463328
v 0.960539 0.609131 -0.737048
v 0.737048 0.609131 -0.960539
v 0.463328 0.609131 -1.118572
v 0.158032 0.609131 -1.200375
v 0.000000 -0.134767 -1.214663
v 0.158314 -0.097753 -1.202517
v 0.464154 -0.097753 -1.120567
v 0.738363 -0.097753 -0.962253
v 0.962253 -0.097753 -0.738363
v 1.120567 -0.097753 -0.464154
v 1.202517 -0.097753 -0.158314
v 1.202517 -0.097753 0.158314
v 1.120567 -0.097753 0.464154
v 0.962253 -0.097753 0.738363
v 0.738363 -0.097753 0.962253
v 0.464154 -0.097753 1.120567
v 0.158314 -0.097753 1.202517
v -0.158314 -0.097753 1.202517
v -0.464154 -0.097753 1.120567
v -0.738363 -0.097753 0.962253
v -0.962253 -0.097753 0.738363
v -1.120567 -0.097753 0.464154
v -1.202517 -0.097753 0.158314
v -1.202517 -0.097753 -0.158314
v -1.120567 -0.097753 -0.464154
v -0.962253 -0.097753 -0.738363
v -0.738363 -0.097753 -0.962253
v -0.464154 -0.097753 -1.120567
v -0.158314 -0.097753 -1.202517
v 0.000000 -0.092506 -1.201399
v 1.040921 -0.175338 -0.600976
v 1.040216 0.599359 -0.600569
v -0.311088 -0.175338 1.160996
v 1.040706 0.663170 -0.600852
v 0.849333 0.599359 -0.849333
v -0.600976 -0.175338 -1.040921
v -0.311024 0.663170 1.160756
v 0.600569 0.599359 -1.040216
v -0.600852 0.663170 -1.040706
v 0.310945 -0.092506 -1.160463
v 1.160996 -0.175338 -0.311088
v 0.310877 0.599359 -1.160210
v -0.600976 -0.175338 1.040921
v 0.600700 -0.092506 -1.040442
v 1.160756 0.663170 -0.311024
v 0.000000 0.599359 -1.201138
v -0.311088 -0.175338 -1.160996
v -0.600852 0.663170 1.040706
v 0.849518 -0.092506 -0.849518
v -0.311024 0.663170 -1.160756
v 1.040442 -0.092506 -0.600700
v 1.201952 -0.175338 -0.000000
v -0.849908 -0.175338 0.849908
v 1.160462 -0.092506 -0.310945
v 1.201704 0.663170 -0.000000
v -0.310877 0.599359 -1.160210
v -0.849733 0.663170 0.849733
v 1.201399 -0.092506 -0.000000
v -0.600569 0.599359 -1.040216
v 1.160463 -0.092506 0.310945
v 1.160996 -0.175338 0.311088
v -0.849333 0.599359 -0.849333
v -1.040921 -0.175338 0.600976
v 1.040442 -0.092506 0.600700
v 1.160756 0.663170 0.311024
v -1.040216 0.599359 -0.600569
v -1.040706 0.663170 0.600852
v 0.849518 -0.092506 0.849518
v -1.160210 0.599359 -0.310877
v 0.600700 -0.092506 1.040442
v 1.040921 -0.175338 0.600976
v -1.201138 0.599359 0.000000
v -1.160996 -0.175338 0.311088
v 0.310945 -0.092506 1.160462
v -1.160210 0.599359 0.310877
v 0.000000 -0.092506 1.201399
v -1.040216 0.599359 0.600569
v 0.109997 -0.109338 -1.165295
v 0.407938 -0.108167 -1.075029
v 0.682745 -0.108167 -0.910277
v 0.910277 -0.108167 -0.682745
v 1.075029 -0.108167 -0.407938
v 1.165295 -0.109338 -0.109997
v 1.165254 -0.109338 0.107472
v 1.073977 -0.108167 0.402599
v 0.907019 -0.108167 0.677541
v 0.677541 -0.108167 0.907019
v 0.402599 -0.108167 1.073977
v 0.107472 -0.109338 1.165254
v -0.109997 -0.109338 1.165295
v -0.407938 -0.108167 1.075029
v -0.682745 -0.108167 0.910277
v -0.910277 -0.108167 0.682745
v -1.075029 -0.108167 0.407938
v -1.165295 -0.109338 0.109997
v -1.165254 -0.109338 -0.107472
v -1.073977 -0.108167 -0.402599
v -0.907019 -0.108167 -0.677541
v -0.677541 -0.108167 -0.907019
v -0.402599 -0.108167 -1.073977
v -0.107472 -0.109338 -1.165254
v 1.025981 -0.135544 -0.588854
v 0.835948 -0.135544 -0.835948
v 0.835403 -0.135544 0.835403
v 1.025719 -0.135544 0.588156
v -0.588854 -0.135544 1.025981
v -0.301537 -0.135544 1.146001
v -1.145959 -0.135544 -0.301002
v -1.187097 -0.136431 0.000097
v 0.000097 -0.136431 -1.187097
v -0.301002 -0.135544 -1.145959
v 0.588854 -0.135544 -1.025981
v 0.301537 -0.135544 -1.146001
v 1.145959 -0.135544 0.301002
v 1.187097 -0.136431 -0.000097
v -0.000097 -0.136431 1.187097
v 0.301002 -0.135544 1.145959
v -1.146001 -0.135544 0.301537
v -1.025981 -0.135544 0.588854
v -0.588155 -0.135544 -1.025719
v -0.835403 -0.135544 -0.835403
v 1.146001 -0.135544 -0.301537
v 0.588155 -0.135544 1.025719
v -0.835948 -0.135544 0.835948
v -1.025720 -0.135544 -0.588155
v -0.258348 0.619806 -0.964167
v -0.499090 0.619806 -0.864449
v -0.705820 0.619806 -0.705820
v -0.864449 0.619806 -0.499090
v -0.964168 0.619806 -0.258348
v -0.998180 0.619806 0.000000
v -0.964167 0.619806 0.258348
v -0.864449 0.619806 0.499090
v -0.705820 0.619806 0.705820
v -0.499090 0.619806 0.864449
v -0.258348 0.619806 0.964168
v 0.000000 0.619806 0.998180
v 0.258348 0.619806 0.964167
v 0.499090 0.619806 0.864449
v 0.705820 0.619806 0.705820
v 0.864449 0.619806 0.499090
v 0.964168 0.619806 0.258348
v 0.998180 0.619806 0.000000
v 0.964167 0.619806 -0.258348
v 0.864449 0.619806 -0.499090
v 0.705820 0.619806 -0.705820
v 0.499090 0.619806 -0.864449
v 0.258348 0.619806 -0.964168
v 0.000000 0.619806 -0.998180
v -0.124547 0.606980 -0.946026
v -0.365152 0.606980 -0.881556
v -0.580874 0.606980 -0.757009
v -0.757009 0.606980 -0.580874
v -0.881556 0.606980 -0.365152
v -0.946026 0.606980 -0.124547
v -0.946026 0.606980 0.124547
v -0.881556 0.606980 0.365152
v -0.757009 0.606980 0.580874
v -0.580874 0.606980 0.757009
v -0.365152 0.606980 0.881556
v -0.124547 0.606980 0.946026
v 0.124547 0.606980 0.946026
v 0.365152 0.606980 0.881556
v 0.580874 0.606980 0.757009
v 0.757009 0.606980 0.580874
v 0.881556 0.606980 0.365152
v 0.946026 0.606980 0.124547
v 0.946026 0.606980 -0.124547
v 0.881556 0.606980 -0.365152
v 0.757009 0.606980 -0.580874
v 0.580874 0.606980 -0.757009
v 0.365152 0.606980 -0.881556
v 0.124547 0.606980 -0.946026
v 1.090454 -0.096198 0.141265
v 1.091246 -0.096198 -0.154226
v 0.934810 -0.096198 0.438994
v 0.943956 -0.094488 0.141257
v 0.711133 -0.096198 0.711133
v 0.720542 -0.094488 0.444035
v 0.438994 -0.096198 0.934810
v 0.444035 -0.094488 0.720542
v 0.141265 -0.096198 1.090454
v 0.141257 -0.094488 0.943956
v -0.154226 -0.096198 1.091246
v 0.947286 -0.094488 -0.168712
v 0.940852 -0.096198 -0.455815
v 0.728700 -0.094488 0.139687
v 0.735121 -0.094488 -0.173373
v 0.449510 -0.094488 0.449510
v 0.458612 -0.094488 0.144217
v 0.139687 -0.094488 0.728700
v 0.144217 -0.094488 0.458612
v -0.168712 -0.094488 0.947286
v -0.173373 -0.094488 0.735121
v -0.455815 -0.096198 0.940852
v 0.735444 -0.094488 -0.469887
v 0.724119 -0.096198 -0.724119
v 0.467558 -0.094488 -0.171367
v 0.472289 -0.094488 -0.472289
v 0.153319 -0.094488 0.153319
v 0.163659 -0.094488 -0.163659
v -0.171367 -0.094488 0.467558
v -0.163659 -0.094488 0.163659
v -0.469887 -0.094488 0.735444
v -0.472289 -0.094488 0.472289
v -0.724119 -0.096198 0.724119
v 0.469887 -0.094488 -0.735444
v 0.455815 -0.096198 -0.940853
v 0.171367 -0.094488 -0.467558
v 0.173373 -0.094488 -0.735121
v -0.153319 -0.094488 -0.153319
v -0.144217 -0.094488 -0.458612
v -0.467558 -0.094488 0.171367
v -0.458612 -0.094488 -0.144217
v -0.735444 -0.094488 0.469887
v -0.735121 -0.094488 0.173373
v -0.940852 -0.096198 0.455815
v 0.168712 -0.094488 -0.947286
v 0.154226 -0.096198 -1.091246
v -0.139687 -0.094488 -0.728700
v -0.141257 -0.094488 -0.943956
v -0.449510 -0.094488 -0.449510
v -0.444035 -0.094488 -0.720542
v -0.728700 -0.094488 -0.139687
v -0.720542 -0.094488 -0.444035
v -0.947286 -0.094488 0.168712
v -0.943956 -0.094488 -0.141257
v -1.091246 -0.096198 0.154226
v -0.141265 -0.096198 -1.090454
v -0.438994 -0.096198 -0.934810
v -0.711133 -0.096198 -0.711133
v -0.934810 -0.096198 -0.438994
v -1.090454 -0.096198 -0.141265
v 0.000000 0.610223 -1.016724
v 0.263147 0.610223 -0.982080
v 0.508362 0.610223 -0.880509
v 0.718932 0.610223 -0.718932
v 0.880508 0.610223 -0.508362
v 0.982080 0.610223 -0.263147
v 1.016724 0.610223 0.000000
v 0.982080 0.610223 0.263147
v 0.880509 0.610223 0.508362
v 0.718932 0.610223 0.718932
v 0.508362 0.610223 0.880508
v 0.263147 0.610223 0.982080
v 0.000000 0.610223 1.016724
v -0.263147 0.610223 0.982080
v -0.508362 0.610223 0.880509
v -0.718932 0.610223 0.718932
v -0.880508 0.610223 0.508362
v -0.982080 0.610223 0.263147
v -1.016724 0.610223 0.000000
v -0.982080 0.610223 -0.263147
v -0.880509 0.610223 -0.508362
v -0.718932 0.610223 -0.718932
v -0.508362 0.610223 -0.880508
v -0.263147 0.610223 -0.982080
v 0.132707 0.610223 -1.008013
v 0.389078 0.610223 -0.939318
v 0.618934 0.610223 -0.806611
v 0.806611 0.610223 -0.618934
v 0.939318 0.610223 -0.389078
v 1.008013 0.610223 -0.132707
v 1.008013 0.610223 0.132707
v 0.939318 0.610223 0.389078
v 0.806611 0.610223 0.618934
v 0.618934 0.610223 0.806611
v 0.389078 0.610223 0.939318
v 0.132707 0.610223 1.008013
v -0.132707 0.610223 1.008013
v -0.389078 0.610223 0.939318
v -0.618934 0.610223 0.806611
v -0.806611 0.610223 0.618934
v -0.939318 0.610223 0.389078
v -1.008013 0.610223 0.132707
v -1.008013 0.610223 -0.132707
v -0.939318 0.610223 -0.389078
v -0.806611 0.610223 -0.618934
v -0.618934 0.610223 -0.806611
v -0.389078 0.610223 -0.939318
v -0.132707 0.610223 -1.008013
v -0.153536 0.610223 -1.166219
v -0.450144 0.610223 -1.086743
v -0.716075 0.610223 -0.933207
v -0.933207 0.610223 -0.716075
v -1.086743 0.610223 -0.450144
v -1.166219 0.610223 -0.153536
v -1.166219 0.610223 0.153536
v -1.086743 0.610223 0.450144
v -0.933207 0.610223 0.716075
v -0.716075 0.610223 0.933207
v -0.450144 0.610223 1.086743
v -0.153536 0.610223 1.166219
v -0.000000 0.600582 -0.441586
v 0.114291 0.600582 -0.426539
v 0.220793 0.600582 -0.382425
v 0.312249 0.600582 -0.312249
v 0.382425 0.600582 -0.220793
v 0.426539 0.600582 -0.114291
v 0.441586 0.600582 0.000000
v 0.426539 0.600582 0.114291
v 0.382425 0.600582 0.220793
v 0.312249 0.600582 0.312249
v 0.220793 0.600582 0.382425
v 0.114291 0.600582 0.426539
v -0.000000 0.600582 0.441586
v -0.114291 0.600582 0.426539
v -0.220793 0.600582 0.382425
v -0.312249 0.600582 0.312249
v -0.382425 0.600582 0.220793
v -0.426539 0.600582 0.114291
v -0.441586 0.600582 0.000000
v -0.426539 0.600582 -0.114291
v -0.382425 0.600582 -0.220793
v -0.312249 0.600582 -0.312249
v -0.220793 0.600582 -0.382425
v -0.114291 0.600582 -0.426539
v 0.057638 0.600582 -0.437803
v 0.168986 0.600582 -0.407967
v 0.268817 0.600582 -0.350329
v 0.350329 0.600582 -0.268817
v 0.407967 0.600582 -0.168986
v 0.437803 0.600582 -0.057638
v 0.437803 0.600582 0.057638
v 0.407967 0.600582 0.168986
v 0.350329 0.600582 0.268817
v 0.268817 0.600582 0.350329
v 0.168986 0.600582 0.407967
v 0.057638 0.600582 0.437803
v -0.057638 0.600582 0.437803
v -0.168986 0.600582 0.407967
v -0.268817 0.600582 0.350329
v -0.350329 0.600582 0.268817
v -0.407967 0.600582 0.168986
v -0.437803 0.600582 0.057638
v -0.437803 0.600582 -0.057638
v -0.407967 0.600582 -0.168986
v -0.350329 0.600582 -0.268817
v -0.268817 0.600582 -0.350329
v -0.168986 0.600582 -0.407967
v -0.057638 0.600582 -0.437803
v -0.061345 0.626686 -0.465962
v -0.179855 0.626686 -0.434208
v -0.286108 0.626686 -0.372863
v -0.372863 0.626686 -0.286108
v -0.434208 0.626686 -0.179855
v -0.465962 0.626686 -0.061345
v -0.465962 0.626686 0.061345
v -0.434208 0.626686 0.179855
v -0.372863 0.626686 0.286108
v -0.286108 0.626686 0.372863
v -0.179855 0.626686 0.434208
v -0.061345 0.626686 0.465962
v 0.061345 0.626686 0.465962
v 0.179855 0.626686 0.434208
v 0.286108 0.626686 0.372863
v 0.372863 0.626686 0.286108
v 0.434208 0.626686 0.179855
v 0.465962 0.626686 0.061345
v 0.465962 0.626686 -0.061345
v 0.434208 0.626686 -0.179855
v 0.372863 0.626686 -0.286108
v 0.286108 0.626686 -0.372863
v 0.179855 0.626686 -0.434208
v 0.061345 0.626686 -0.465962
v -0.121642 0.626686 -0.453974
v -0.234995 0.626686 -0.407022
v -0.332332 0.626686 -0.332332
v -0.407022 0.626686 -0.234995
v -0.453974 0.626686 -0.121642
v -0.469989 0.626686 0.000000
v -0.453974 0.626686 0.121642
v -0.407022 0.626686 0.234995
v -0.332332 0.626686 0.332332
v -0.234995 0.626686 0.407022
v -0.121642 0.626686 0.453974
v -0.000000 0.626686 0.469989
v 0.121642 0.626686 0.453974
v 0.234995 0.626686 0.407022
v 0.332332 0.626686 0.332332
v 0.407022 0.626686 0.234995
v 0.453974 0.626686 0.121642
v 0.469989 0.626686 0.000000
v 0.453974 0.626686 -0.121642
v 0.407022 0.626686 -0.234995
v 0.332332 0.626686 -0.332332
v 0.234995 0.626686 -0.407022
v 0.121642 0.626686 -0.453974
v -0.000000 0.626686 -0.469989
v 0.000000 0.626686 -0.501567
v 0.129815 0.626686 -0.484477
v 0.250784 0.626686 -0.434370
v 0.354662 0.626686 -0.354662
v 0.434370 0.626686 -0.250784
v 0.484477 0.626686 -0.129815
v 0.501567 0.626686 0.000000
v 0.484477 0.626686 0.129815
v 0.434370 0.626686 0.250784
v 0.354662 0.626686 0.354662
v 0.250784 0.626686 0.434370
v 0.129815 0.626686 0.484477
v 0.000000 0.626686 0.501567
v -0.129815 0.626686 0.484477
v -0.250784 0.626686 0.434370
v -0.354662 0.626686 0.354662
v -0.434370 0.626686 0.250784
v -0.484477 0.626686 0.129815
v -0.501567 0.626686 0.000000
v -0.484477 0.626686 -0.129815
v -0.434370 0.626686 -0.250784
v -0.354662 0.626686 -0.354662
v -0.250784 0.626686 -0.434370
v -0.129815 0.626686 -0.484477
v 0.065467 0.626686 -0.497270
v 0.191939 0.626686 -0.463382
v 0.305331 0.626686 -0.397915
v 0.397915 0.626686 -0.305331
v 0.463382 0.626686 -0.191939
v 0.497270 0.626686 -0.065467
v 0.497270 0.626686 0.065467
v 0.463382 0.626686 0.191939
v 0.397915 0.626686 0.305331
v 0.305331 0.626686 0.397915
v 0.191939 0.626686 0.463382
v 0.065467 0.626686 0.497270
v -0.065467 0.626686 0.497270
v -0.191939 0.626686 0.463382
v -0.305331 0.626686 0.397915
v -0.397915 0.626686 0.305331
v -0.463382 0.626686 0.191939
v -0.497270 0.626686 0.065467
v -0.497270 0.626686 -0.065467
v -0.463382 0.626686 -0.191939
v -0.397915 0.626686 -0.305331
v -0.305331 0.626686 -0.397915
v -0.191939 0.626686 -0.463382
v -0.065467 0.626686 -0.497270
v -0.069615 0.604734 -0.528779
v -0.204101 0.604734 -0.492743
v -0.324678 0.604734 -0.423128
v -0.423128 0.604734 -0.324678
v -0.492743 0.604734 -0.204101
v -0.528779 0.604734 -0.069615
v -0.528779 0.604734 0.069615
v -0.492743 0.604734 0.204101
v -0.423128 0.604734 0.324678
v -0.324678 0.604734 0.423128
v -0.204101 0.604734 0.492743
v -0.069615 0.604734 0.528779
v 0.069615 0.604734 0.528779
v 0.204101 0.604734 0.492743
v 0.324678 0.604734 0.423128
v 0.423128 0.604734 0.324678
v 0.492743 0.604734 0.204101
v 0.528779 0.604734 0.069615
v 0.528779 0.604734 -0.069615
v 0.492743 0.604734 -0.204101
v 0.423128 0.604734 -0.324678
v 0.324678 0.604734 -0.423128
v 0.204101 0.604734 -0.492743
v 0.069615 0.604734 -0.528779
v -0.138041 0.604734 -0.515175
v -0.266674 0.604734 -0.461893
v -0.377134 0.604734 -0.377134
v -0.461893 0.604734 -0.266674
v -0.515175 0.604734 -0.138041
v -0.533348 0.604734 0.000000
v -0.515175 0.604734 0.138041
v -0.461893 0.604734 0.266674
v -0.377134 0.604734 0.377134
v -0.266674 0.604734 0.461893
v -0.138041 0.604734 0.515175
v -0.000000 0.604734 0.533348
v 0.138041 0.604734 0.515175
v 0.266674 0.604734 0.461893
v 0.377134 0.604734 0.377134
v 0.461893 0.604734 0.266674
v 0.515175 0.604734 0.138041
v 0.533348 0.604734 0.000000
v 0.515175 0.604734 -0.138041
v 0.461893 0.604734 -0.266674
v 0.377134 0.604734 -0.377134
v 0.266674 0.604734 -0.461893
v 0.138041 0.604734 -0.515175
v -0.000000 0.604734 -0.533348
v -0.000000 0.604734 -0.587403
v 0.152031 0.604734 -0.567388
v 0.293702 0.604734 -0.508706
v 0.415357 0.604734 -0.415357
v 0.508706 0.604734 -0.293702
v 0.567388 0.604734 -0.152031
v 0.587403 0.604734 0.000000
v 0.567388 0.604734 0.152031
v 0.508706 0.604734 0.293702
v 0.415357 0.604734 0.415357
v 0.293702 0.604734 0.508706
v 0.152031 0.604734 0.567388
v -0.000000 0.604734 0.587403
v -0.152031 0.604734 0.567388
v -0.293702 0.604734 0.508706
v -0.415357 0.604734 0.415357
v -0.508706 0.604734 0.293702
v -0.567388 0.604734 0.152031
v -0.587403 0.604734 0.000000
v -0.567388 0.604734 -0.152031
v -0.508706 0.604734 -0.293702
v -0.415357 0.604734 -0.415357
v -0.293702 0.604734 -0.508706
v -0.152031 0.604734 -0.567388
v 0.076671 0.604734 -0.582371
v 0.224787 0.604734 -0.542683
v 0.357584 0.604734 -0.466013
v 0.466013 0.604734 -0.357584
v 0.542683 0.604734 -0.224787
v 0.582371 0.604734 -0.076671
v 0.582371 0.604734 0.076671
v 0.542683 0.604734 0.224787
v 0.466013 0.604734 0.357584
v 0.357584 0.604734 0.466013
v 0.224787 0.604734 0.542683
v 0.076671 0.604734 0.582371
v -0.076671 0.604734 0.582371
v -0.224787 0.604734 0.542683
v -0.357584 0.604734 0.466013
v -0.466013 0.604734 0.357584
v -0.542683 0.604734 0.224787
v -0.582371 0.604734 0.076671
v -0.582371 0.604734 -0.076671
v -0.542683 0.604734 -0.224787
v -0.466013 0.604734 -0.357584
v -0.357584 0.604734 -0.466013
v -0.224787 0.604734 -0.542683
v -0.076671 0.604734 -0.582371
v -0.083365 0.604734 -0.633216
v -0.244412 0.604734 -0.590064
v -0.388804 0.604734 -0.506699
v -0.506699 0.604734 -0.388804
v -0.590064 0.604734 -0.244412
v -0.633216 0.604734 -0.083365
v -0.633216 0.604734 0.083365
v -0.590064 0.604734 0.244412
v -0.506699 0.604734 0.388804
v -0.388804 0.604734 0.506699
v -0.244412 0.604734 0.590064
v -0.083365 0.604734 0.633216
v 0.083365 0.604734 0.633216
v 0.244412 0.604734 0.590064
v 0.388804 0.604734 0.506699
v 0.506699 0.604734 0.388804
v 0.590064 0.604734 0.244412
v 0.633216 0.604734 0.083365
v 0.633216 0.604734 -0.083365
v 0.590064 0.604734 -0.244412
v 0.506699 0.604734 -0.388804
v 0.388804 0.604734 -0.506699
v 0.244412 0.604734 -0.590064
v 0.083365 0.604734 -0.633216
v -0.165305 0.604734 -0.616925
v -0.319344 0.604734 -0.553120
v -0.451621 0.604734 -0.451621
v -0.553120 0.604734 -0.319344
v -0.616925 0.604734 -0.165305
v -0.638688 0.604734 0.000000
v -0.616925 0.604734 0.165305
v -0.553120 0.604734 0.319344
v -0.451621 0.604734 0.451621
v -0.319344 0.604734 0.553120
v -0.165305 0.604734 0.616925
v -0.156852 0.663170 1.191408
v -0.731693 -0.175338 -0.953561
v 0.952915 0.599359 -0.731198
v 0.953364 0.663170 -0.731542
v -0.156884 -0.175338 1.191654
v 1.109693 0.599359 -0.459650
v 0.953561 -0.175338 -0.731693
v -0.156812 -0.092506 -1.191106
v -0.953364 0.663170 -0.731542
v 1.190847 0.599359 -0.156778
v 0.156852 0.663170 1.191408
v -0.459750 -0.092506 -1.109934
v -0.953561 -0.175338 -0.731693
v 1.190847 0.599359 0.156778
v 0.731542 0.663170 -0.953364
v 0.156884 -0.175338 1.191654
v -0.731356 -0.092506 -0.953122
v 1.109693 0.599359 0.459650
v 0.731693 -0.175338 -0.953561
v -0.953122 -0.092506 -0.731356
v -1.110215 0.663170 -0.459866
v 0.952915 0.599359 0.731197
v -0.246965 0.606980 -0.921687
v 0.459866 0.663170 1.110215
v -1.109934 -0.092506 -0.459750
v 0.938998 -0.135544 -0.718551
v -0.155081 0.252660 -1.177956
v -0.454674 0.252660 -1.097681
v -0.723282 0.252660 -0.942600
v -0.942600 0.252660 -0.723282
v -1.097680 0.252660 -0.454674
v -1.177956 0.252660 -0.155081
v -1.177956 0.252660 0.155081
v -1.097681 0.252660 0.454674
v -0.942600 0.252660 0.723282
v -0.723282 0.252660 0.942600
v -0.454674 0.252660 1.097680
v -0.155081 0.252660 1.177956
v 0.155081 0.252660 1.177956
v 0.454674 0.252660 1.097681
v 0.723282 0.252660 0.942600
v 0.942600 0.252660 0.723282
v 1.097680 0.252660 0.454674
v 1.177956 0.252660 0.155081
v 1.177956 0.252660 -0.155081
v 1.097681 0.252660 -0.454674
v 0.942600 0.252660 -0.723282
v 0.723282 0.252660 -0.942600
v 0.454674 0.252660 -1.097680
v 0.155081 0.252660 -1.177956
v -1.110445 -0.175338 -0.459961
v 0.731198 0.599359 0.952915
v 0.459866 0.663170 -1.110215
v 0.459961 -0.175338 1.110445
v -1.191106 -0.092506 -0.156812
v 0.459650 0.599359 1.109693
v 0.459961 -0.175338 -1.110445
v -1.191106 -0.092506 0.156812
v -1.191408 0.663170 -0.156852
v 0.156778 0.599359 1.190847
v 0.731542 0.663170 0.953364
v -1.109934 -0.092506 0.459750
v -1.191654 -0.175338 -0.156884
v -0.156778 0.599359 1.190847
v 0.731693 -0.175338 0.953561
v -0.953122 -0.092506 0.731356
v -0.459650 0.599359 1.109693
v 0.156852 0.663170 -1.191408
v -0.731356 -0.092506 0.953122
v -1.191408 0.663170 0.156852
v -0.731197 0.599359 0.952915
v 0.156884 -0.175338 -1.191654
v 0.953364 0.663170 0.731542
v -0.459750 -0.092506 1.109934
v 0.158475 0.631960 -1.203738
v 0.464626 0.631960 -1.121706
v 0.739113 0.631960 -0.963230
v 0.963230 0.631960 -0.739113
v 1.121706 0.631960 -0.464626
v 1.203738 0.631960 -0.158475
v 1.203738 0.631960 0.158475
v 1.121706 0.631960 0.464626
v 0.963230 0.631960 0.739113
v 0.739113 0.631960 0.963230
v 0.464626 0.631960 1.121706
v 0.158475 0.631960 1.203738
v -0.158475 0.631960 1.203738
v -0.464626 0.631960 1.121706
v -0.739113 0.631960 0.963230
v -0.963230 0.631960 0.739113
v -1.121706 0.631960 0.464626
v -1.203738 0.631960 0.158475
v -1.203738 0.631960 -0.158475
v -1.121706 0.631960 -0.464626
v -0.963230 0.631960 -0.739113
v -0.739113 0.631960 -0.963230
v -0.464626 0.631960 -1.121706
v -0.158475 0.631960 -1.203738
v 0.158543 -0.134767 -1.204256
v 0.464825 -0.134767 -1.122188
v 0.739431 -0.134767 -0.963645
v 0.963645 -0.134767 -0.739431
v 1.122188 -0.134767 -0.464825
v 1.204256 -0.134767 -0.158543
v 1.204256 -0.134767 0.158543
v 1.122188 -0.134767 0.464825
v 0.963645 -0.134767 0.739431
v 0.739431 -0.134767 0.963645
v 0.464825 -0.134767 1.122188
v 0.158543 -0.134767 1.204256
v -0.158543 -0.134767 1.204256
v -0.464825 -0.134767 1.122188
v -0.739431 -0.134767 0.963645
v -0.963645 -0.134767 0.739431
v -1.122188 -0.134767 0.464825
v -1.204256 -0.134767 0.158543
v -1.204256 -0.134767 -0.158543
v -1.122188 -0.134767 -0.464825
v -0.963645 -0.134767 -0.739431
v -0.739431 -0.134767 -0.963645
v -0.464825 -0.134767 -1.122188
v -0.158543 -0.134767 -1.204256
v 0.731197 0.599359 -0.952915
v -0.731542 0.663170 -0.953364
v 0.156812 -0.092506 -1.191106
v 1.110445 -0.175338 -0.459961
v 0.459650 0.599359 -1.109693
v -0.459961 -0.175338 1.110445
v 0.459750 -0.092506 -1.109934
v 1.110215 0.663170 -0.459866
v 0.156778 0.599359 -1.190848
v -0.459961 -0.175338 -1.110445
v -0.459866 0.663170 1.110215
v 0.731356 -0.092506 -0.953122
v -0.459866 0.663170 -1.110215
v 0.953122 -0.092506 -0.731356
v 1.191654 -0.175338 -0.156884
v -0.731693 -0.175338 0.953561
v 1.109934 -0.092506 -0.459750
v 1.191408 0.663170 -0.156852
v -0.156778 0.599359 -1.190847
v -0.156884 -0.175338 -1.191654
v -0.731542 0.663170 0.953364
v 1.191106 -0.092506 -0.156812
v -0.459650 0.599359 -1.109693
v -0.156852 0.663170 -1.191408
v 1.191106 -0.092506 0.156812
v 1.191654 -0.175338 0.156884
v -0.731198 0.599359 -0.952915
v -0.953561 -0.175338 0.731693
v 1.109934 -0.092506 0.459750
v 1.191408 0.663170 0.156852
v -0.952915 0.599359 -0.731197
v -0.953364 0.663170 0.731542
v 0.953122 -0.092506 0.731356
v -1.109693 0.599359 -0.459650
v 0.731356 -0.092506 0.953122
v 1.110445 -0.175338 0.459961
v -1.190847 0.599359 -0.156778
v -1.110445 -0.175338 0.459961
v 0.459750 -0.092506 1.109934
v 1.110215 0.663170 0.459866
v -1.190847 0.599359 0.156778
v -1.110215 0.663170 0.459866
v 0.156812 -0.092506 1.191106
v -1.109693 0.599359 0.459650
v -0.156812 -0.092506 1.191106
v 0.953561 -0.175338 0.731693
v -0.952915 0.599359 0.731198
v -1.191654 -0.175338 0.156884
v 0.938591 -0.135544 0.717901
v -0.449044 -0.135544 1.095360
v -1.176848 -0.135766 -0.149604
v -0.149604 -0.135766 -1.176848
v 0.449044 -0.135544 -1.095360
v 1.176848 -0.135766 0.149604
v 0.149604 -0.135766 1.176848
v -1.095360 -0.135544 0.449044
v -0.717901 -0.135544 -0.938591
v 1.095360 -0.135544 -0.449044
v 0.717901 -0.135544 0.938591
v -0.718551 -0.135544 0.938998
v -1.095228 -0.135544 -0.448376
v 0.718551 -0.135544 -0.938998
v 1.095228 -0.135544 0.448376
v 0.149925 -0.135766 -1.176854
v -0.149925 -0.135766 1.176854
v -1.176854 -0.135766 0.149925
v -0.448376 -0.135544 -1.095228
v 1.176854 -0.135766 -0.149925
v 0.448376 -0.135544 1.095228
v -0.938998 -0.135544 0.718551
v -0.938591 -0.135544 -0.717901
v 0.000000 0.619806 -0.971145
v 0.251351 0.619806 -0.938054
v 0.485572 0.619806 -0.841036
v 0.686703 0.619806 -0.686703
v 0.841036 0.619806 -0.485572
v 0.938054 0.619806 -0.251351
v 0.971145 0.619806 0.000000
v 0.938054 0.619806 0.251351
v 0.841036 0.619806 0.485572
v 0.686703 0.619806 0.686703
v 0.485572 0.619806 0.841036
v 0.251351 0.619806 0.938054
v 0.000000 0.619806 0.971145
v -0.251351 0.619806 0.938054
v -0.485572 0.619806 0.841036
v -0.686703 0.619806 0.686703
v -0.841036 0.619806 0.485572
v -0.938054 0.619806 0.251351
v -0.971145 0.619806 0.000000
v -0.938054 0.619806 -0.251351
v -0.841036 0.619806 -0.485572
v -0.686703 0.619806 -0.686703
v -0.485572 0.619806 -0.841036
v 1.138071 -0.097844 -0.003766
v 1.022169 -0.096198 0.291818
v 0.830339 -0.096198 0.579742
v 0.579742 -0.096198 0.830339
v 0.291818 -0.096198 1.022169
v -0.003766 -0.097844 1.138072
v 1.025085 -0.096198 -0.307930
v 0.847265 -0.094488 -0.016689
v 0.594881 -0.094488 0.296437
v 0.296437 -0.094488 0.594881
v -0.016689 -0.094488 0.847265
v -0.307930 -0.096198 1.025085
v 0.839940 -0.096198 -0.595331
v 0.609400 -0.094488 -0.326106
v 0.314040 -0.094488 -0.010028
v -0.010028 -0.094488 0.314040
v -0.326106 -0.094488 0.609400
v -0.595331 -0.096198 0.839940
v 0.595331 -0.096198 -0.839940
v 0.326106 -0.094488 -0.609400
v 0.010028 -0.094488 -0.314040
v -0.314040 -0.094488 0.010028
v -0.609400 -0.094488 0.326106
v -0.839940 -0.096198 0.595332
v 0.307930 -0.096198 -1.025085
v 0.016689 -0.094488 -0.847265
v -0.296437 -0.094488 -0.594881
v -0.594881 -0.094488 -0.296437
v -0.847265 -0.094488 0.016689
v -1.025085 -0.096198 0.307930
v 0.003766 -0.097844 -1.138071
v -0.291818 -0.096198 -1.022169
v -0.579742 -0.096198 -0.830339
v -0.830340 -0.096198 -0.579742
v -1.022169 -0.096198 -0.291818
v -1.138071 -0.097844 0.003766
v 0.153536 0.610223 1.166219
v 0.450144 0.610223 1.086743
v 0.716075 0.610223 0.933207
v 0.933207 0.610223 0.716075
v 1.086743 0.610223 0.450144
v 1.166219 0.610223 0.153536
v 1.166219 0.610223 -0.153536
v 1.086743 0.610223 -0.450144
v 0.933207 0.610223 -0.716075
v 0.716075 0.610223 -0.933207
v 0.450144 0.610223 -1.086743
v 0.153536 0.610223 -1.166219
v -0.304448 0.610223 -1.136215
v -0.588148 0.610223 -1.018703
v -0.831767 0.610223 -0.831767
v -1.018703 0.610223 -0.588148
v -1.136215 0.610223 -0.304448
v -1.176296 0.610223 -0.000000
v -1.136215 0.610223 0.304448
v -1.018703 0.610223 0.588148
v -0.831767 0.610223 0.831767
v -0.588148 0.610223 1.018703
v -0.304448 0.610223 1.136215
v 0.000000 0.610223 1.176296
v 0.304448 0.610223 1.136215
v 0.588148 0.610223 1.018703
v 0.831767 0.610223 0.831767
v 1.018703 0.610223 0.588148
v 1.136215 0.610223 0.304448
v 1.176296 0.610223 -0.000000
v 1.136215 0.610223 -0.304448
v 1.018703 0.610223 -0.588148
v 0.831767 0.610223 -0.831767
v 0.588148 0.610223 -1.018703
v 0.304448 0.610223 -1.136215
v 0.000000 0.610223 -1.176296
v -0.000000 0.604734 0.638688
v 0.165305 0.604734 0.616925
v 0.319344 0.604734 0.553120
v 0.451621 0.604734 0.451621
v 0.553120 0.604734 0.319344
v 0.616925 0.604734 0.165305
v 0.638688 0.604734 0.000000
v 0.616925 0.604734 -0.165305
v 0.553120 0.604734 -0.319344
v 0.451621 0.604734 -0.451621
v 0.319344 0.604734 -0.553120
v 0.165305 0.604734 -0.616925
v -0.000000 0.604734 -0.638688
v -0.000000 0.618854 -0.666667
v 0.172546 0.618854 -0.643950
v 0.333333 0.618854 -0.577350
v 0.471405 0.618854 -0.471405
v 0.577350 0.618854 -0.333333
v 0.643950 0.618854 -0.172546
v 0.666667 0.618854 0.000000
v 0.643950 0.618854 0.172546
v 0.577350 0.618854 0.333333
v 0.471405 0.618854 0.471405
v 0.333333 0.618854 0.577350
v 0.172546 0.618854 0.643950
v -0.000000 0.618854 0.666667
v -0.172546 0.618854 0.643950
v -0.333333 0.618854 0.577350
v -0.471405 0.618854 0.471405
v -0.577350 0.618854 0.333333
v -0.643950 0.618854 0.172546
v -0.666667 0.618854 0.000000
v -0.643950 0.618854 -0.172546
v -0.577350 0.618854 -0.333333
v -0.471405 0.618854 -0.471405
v -0.333333 0.618854 -0.577350
v -0.172546 0.618854 -0.643950
v 0.087016 0.618854 -0.660955
v 0.255119 0.618854 -0.615912
v 0.405836 0.618854 -0.528896
v 0.528896 0.618854 -0.405836
v 0.615912 0.618854 -0.255119
v 0.660955 0.618854 -0.087016
v 0.660955 0.618854 0.087016
v 0.615912 0.618854 0.255119
v 0.528896 0.618854 0.405836
v 0.405836 0.618854 0.528896
v 0.255119 0.618854 0.615912
v 0.087016 0.618854 0.660955
v -0.087016 0.618854 0.660955
v -0.255119 0.618854 0.615912
v -0.405836 0.618854 0.528896
v -0.528896 0.618854 0.405836
v -0.615912 0.618854 0.255119
v -0.660955 0.618854 0.087016
v -0.660955 0.618854 -0.087016
v -0.615912 0.618854 -0.255119
v -0.528896 0.618854 -0.405836
v -0.405836 0.618854 -0.528896
v -0.255119 0.618854 -0.615912
v -0.087016 0.618854 -0.660955
v -0.090699 0.618854 -0.688928
v -0.265916 0.618854 -0.641979
v -0.423012 0.618854 -0.551280
v -0.551280 0.618854 -0.423012
v -0.641979 0.618854 -0.265916
v -0.688928 0.618854 -0.090699
v -0.688928 0.618854 0.090699
v -0.641979 0.618854 0.265916
v -0.551280 0.618854 0.423012
v -0.423012 0.618854 0.551280
v -0.265916 0.618854 0.641979
v -0.090699 0.618854 0.688928
v 0.090699 0.618854 0.688928
v 0.265916 0.618854 0.641979
v 0.423012 0.618854 0.551280
v 0.551280 0.618854 0.423012
v 0.641979 0.618854 0.265916
v 0.688928 0.618854 0.090699
v 0.688928 0.618854 -0.090699
v 0.641979 0.618854 -0.265916
v 0.551280 0.618854 -0.423012
v 0.423012 0.618854 -0.551280
v 0.265916 0.618854 -0.641979
v 0.090699 0.618854 -0.688928
v -0.179849 0.618854 -0.671204
v -0.347441 0.618854 -0.601785
v -0.491355 0.618854 -0.491355
v -0.601785 0.618854 -0.347441
v -0.671204 0.618854 -0.179849
v -0.694882 0.618854 0.000000
v -0.671204 0.618854 0.179849
v -0.601785 0.618854 0.347441
v -0.491355 0.618854 0.491355
v -0.347441 0.618854 0.601785
v -0.179849 0.618854 0.671204
v -0.000000 0.618854 0.694882
v 0.179849 0.618854 0.671204
v 0.347441 0.618854 0.601785
v 0.491355 0.618854 0.491355
v 0.601785 0.618854 0.347441
v 0.671204 0.618854 0.179849
v 0.694882 0.618854 0.000000
v 0.671204 0.618854 -0.179849
v 0.601785 0.618854 -0.347441
v 0.491355 0.618854 -0.491355
v 0.347441 0.618854 -0.601785
v 0.179849 0.618854 -0.671204
v -0.000000 0.618854 -0.694882
v -0.000000 0.606643 -0.715650
v 0.185224 0.606643 -0.691265
v 0.357825 0.606643 -0.619771
v 0.506041 0.606643 -0.506041
v 0.619771 0.606643 -0.357825
v 0.691265 0.606643 -0.185224
v 0.715650 0.606643 0.000000
v 0.691265 0.606643 0.185224
v 0.619771 0.606643 0.357825
v 0.506041 0.606643 0.506041
v 0.357825 0.606643 0.619771
v 0.185224 0.606643 0.691265
v -0.000000 0.606643 0.715650
v -0.185224 0.606643 0.691265
v -0.357825 0.606643 0.619771
v -0.506041 0.606643 0.506041
v -0.619771 0.606643 0.357825
v -0.691265 0.606643 0.185224
v -0.715650 0.606643 0.000000
v -0.691265 0.606643 -0.185224
v -0.619771 0.606643 -0.357825
v -0.506041 0.606643 -0.506041
v -0.357825 0.606643 -0.619771
v -0.185224 0.606643 -0.691265
v 0.093410 0.606643 -0.709519
v 0.273864 0.606643 -0.661166
v 0.435655 0.606643 -0.567756
v 0.567756 0.606643 -0.435655
v 0.661166 0.606643 -0.273864
v 0.709519 0.606643 -0.093410
v 0.709519 0.606643 0.093410
v 0.661166 0.606643 0.273864
v 0.567756 0.606643 0.435655
v 0.435655 0.606643 0.567756
v 0.273864 0.606643 0.661166
v 0.093410 0.606643 0.709519
v -0.093410 0.606643 0.709519
v -0.273864 0.606643 0.661166
v -0.435655 0.606643 0.567756
v -0.567756 0.606643 0.435655
v -0.661166 0.606643 0.273864
v -0.709519 0.606643 0.093410
v -0.709519 0.606643 -0.093410
v -0.661166 0.606643 -0.273864
v -0.567756 0.606643 -0.435655
v -0.435655 0.606643 -0.567756
v -0.273864 0.606643 -0.661166
v -0.093410 0.606643 -0.709519
v -0.099274 0.606643 -0.754059
v -0.291056 0.606643 -0.702672
v -0.463003 0.606643 -0.603398
v -0.603398 0.606643 -0.463003
v -0.702672 0.606643 -0.291056
v -0.754059 0.606643 -0.099274
v -0.754059 0.606643 0.099274
v -0.702672 0.606643 0.291056
v -0.603398 0.606643 0.463003
v -0.463003 0.606643 0.603398
v -0.291056 0.606643 0.702672
v -0.099274 0.606643 0.754059
v 0.099274 0.606643 0.754059
v 0.291056 0.606643 0.702672
v 0.463003 0.606643 0.603398
v 0.603398 0.606643 0.463003
v 0.702672 0.606643 0.291056
v 0.754059 0.606643 0.099274
v 0.754059 0.606643 -0.099274
v 0.702672 0.606643 -0.291056
v 0.603398 0.606643 -0.463003
v 0.463003 0.606643 -0.603398
v 0.291056 0.606643 -0.702672
v 0.099274 0.606643 -0.754059
v -0.196851 0.606643 -0.734659
v -0.380288 0.606643 -0.658678
v -0.537808 0.606643 -0.537808
v -0.658678 0.606643 -0.380288
v -0.734659 0.606643 -0.196851
v -0.760576 0.606643 0.000000
v -0.734659 0.606643 0.196851
v -0.658678 0.606643 0.380288
v -0.537808 0.606643 0.537808
v -0.380288 0.606643 0.658678
v -0.196851 0.606643 0.734659
v -0.000000 0.606643 0.760576
v 0.196851 0.606643 0.734659
v 0.380288 0.606643 0.658678
v 0.537808 0.606643 0.537808
v 0.658678 0.606643 0.380288
v 0.734659 0.606643 0.196851
v 0.760576 0.606643 0.000000
v 0.734659 0.606643 -0.196851
v 0.658678 0.606643 -0.380288
v 0.537808 0.606643 -0.537808
v 0.380288 0.606643 -0.658678
v 0.196851 0.606643 -0.734659
v -0.000000 0.606643 -0.760576
v -0.000000 0.606643 -0.809408
v 0.209490 0.606643 -0.781828
v 0.404704 0.606643 -0.700968
v 0.572338 0.606643 -0.572338
v 0.700968 0.606643 -0.404704
v 0.781828 0.606643 -0.209490
v 0.809408 0.606643 0.000000
v 0.781828 0.606643 0.209490
v 0.700968 0.606643 0.404704
v 0.572338 0.606643 0.572338
v 0.404704 0.606643 0.700968
v 0.209490 0.606643 0.781828
v -0.000000 0.606643 0.809408
v -0.209490 0.606643 0.781828
v -0.404704 0.606643 0.700968
v -0.572338 0.606643 0.572338
v -0.700968 0.606643 0.404704
v -0.781828 0.606643 0.209490
v -0.809408 0.606643 0.000000
v -0.781828 0.606643 -0.209490
v -0.700968 0.606643 -0.404704
v -0.572338 0.606643 -0.572338
v -0.404704 0.606643 -0.700968
v -0.209490 0.606643 -0.781828
v 0.105648 0.606643 -0.802473
v 0.309743 0.606643 -0.747786
v 0.492730 0.606643 -0.642138
v 0.642138 0.606643 -0.492730
v 0.747786 0.606643 -0.309743
v 0.802473 0.606643 -0.105648
v 0.802473 0.606643 0.105648
v 0.747786 0.606643 0.309743
v 0.642138 0.606643 0.492730
v 0.492730 0.606643 0.642138
v 0.309743 0.606643 0.747786
v 0.105648 0.606643 0.802473
v -0.105648 0.606643 0.802473
v -0.309743 0.606643 0.747786
v -0.492730 0.606643 0.642138
v -0.642138 0.606643 0.492730
v -0.747786 0.606643 0.309743
v -0.802473 0.606643 0.105648
v -0.802473 0.606643 -0.105648
v -0.747786 0.606643 -0.309743
v -0.642138 0.606643 -0.492730
v -0.492730 0.606643 -0.642138
v -0.309743 0.606643 -0.747786
v -0.105648 0.606643 -0.802473
v -0.108870 0.619538 -0.826946
v -0.319189 0.619538 -0.770591
v -0.507757 0.619538 -0.661722
v -0.661722 0.619538 -0.507757
v -0.770591 0.619538 -0.319189
v -0.826946 0.619538 -0.108870
v -0.826946 0.619538 0.108870
v -0.770591 0.619538 0.319189
v -0.661722 0.619538 0.507757
v -0.507757 0.619538 0.661722
v -0.319189 0.619538 0.770591
v -0.108870 0.619538 0.826946
v 0.108870 0.619538 0.826946
v 0.319189 0.619538 0.770591
v 0.507757 0.619538 0.661722
v 0.661722 0.619538 0.507757
v 0.770591 0.619538 0.319189
v 0.826946 0.619538 0.108870
v 0.826946 0.619538 -0.108870
v 0.770591 0.619538 -0.319189
v 0.661722 0.619538 -0.507757
v 0.507757 0.619538 -0.661722
v 0.319189 0.619538 -0.770591
v 0.108870 0.619538 -0.826946
v -0.215879 0.619538 -0.805671
v -0.417046 0.619538 -0.722345
v -0.589792 0.619538 -0.589792
v -0.722345 0.619538 -0.417046
v -0.805671 0.619538 -0.215879
v -0.834092 0.619538 0.000000
v -0.805671 0.619538 0.215879
v -0.722345 0.619538 0.417046
v -0.589792 0.619538 0.589792
v -0.417046 0.619538 0.722345
v -0.215879 0.619538 0.805671
v -0.000000 0.619538 0.834092
v 0.215879 0.619538 0.805671
v 0.417046 0.619538 0.722345
v 0.589792 0.619538 0.589792
v 0.722345 0.619538 0.417046
v 0.805671 0.619538 0.215879
v 0.834092 0.619538 0.000000
v 0.805671 0.619538 -0.215879
v 0.722345 0.619538 -0.417046
v 0.589792 0.619538 -0.589792
v 0.417046 0.619538 -0.722345
v 0.215879 0.619538 -0.805671
v -0.000000 0.619538 -0.834092
v -0.000000 0.619538 -0.855842
v 0.221508 0.619538 -0.826680
v 0.427921 0.619538 -0.741181
v 0.605172 0.619538 -0.605172
v 0.741181 0.619538 -0.427921
v 0.826680 0.619538 -0.221508
v 0.855842 0.619538 0.000000
v 0.826680 0.619538 0.221508
v 0.741181 0.619538 0.427921
v 0.605172 0.619538 0.605172
v 0.427921 0.619538 0.741181
v 0.221508 0.619538 0.826680
v -0.000000 0.619538 0.855842
v -0.221508 0.619538 0.826680
v -0.427921 0.619538 0.741181
v -0.605172 0.619538 0.605172
v -0.741181 0.619538 0.427921
v -0.826680 0.619538 0.221508
v -0.855842 0.619538 0.000000
v -0.826680 0.619538 -0.221508
v -0.741181 0.619538 -0.427921
v -0.605172 0.619538 -0.605172
v -0.427921 0.619538 -0.741181
v -0.221508 0.619538 -0.826680
v 0.111708 0.619538 -0.848510
v 0.327513 0.619538 -0.790685
v 0.520997 0.619538 -0.678977
v 0.678977 0.619538 -0.520997
v 0.790685 0.619538 -0.327513
v 0.848510 0.619538 -0.111708
v 0.848510 0.619538 0.111708
v 0.790685 0.619538 0.327513
v 0.678977 0.619538 0.520997
v 0.520997 0.619538 0.678977
v 0.327513 0.619538 0.790685
v 0.111708 0.619538 0.848510
v -0.111708 0.619538 0.848510
v -0.327513 0.619538 0.790685
v -0.520997 0.619538 0.678977
v -0.678977 0.619538 0.520997
v -0.790685 0.619538 0.327513
v -0.848510 0.619538 0.111708
v -0.848510 0.619538 -0.111708
v -0.790685 0.619538 -0.327513
v -0.678977 0.619538 -0.520997
v -0.520997 0.619538 -0.678977
v -0.327513 0.619538 -0.790685
v -0.111708 0.619538 -0.848510
v -0.114025 0.606980 -0.866107
v -0.334305 0.606980 -0.807084
v -0.531802 0.606980 -0.693058
v -0.693058 0.606980 -0.531802
v -0.807084 0.606980 -0.334305
v -0.866107 0.606980 -0.114025
v -0.866107 0.606980 0.114025
v -0.807084 0.606980 0.334305
v -0.693058 0.606980 0.531802
v -0.531802 0.606980 0.693058
v -0.334305 0.606980 0.807084
v -0.114025 0.606980 0.866107
v 0.114025 0.606980 0.866107
v 0.334305 0.606980 0.807084
v 0.531802 0.606980 0.693058
v 0.693058 0.606980 0.531802
v 0.807084 0.606980 0.334305
v 0.866107 0.606980 0.114025
v 0.866107 0.606980 -0.114025
v 0.807084 0.606980 -0.334305
v 0.693058 0.606980 -0.531802
v 0.531802 0.606980 -0.693058
v 0.334305 0.606980 -0.807084
v 0.114025 0.606980 -0.866107
v -0.226102 0.606980 -0.843825
v -0.436796 0.606980 -0.756553
v -0.617723 0.606980 -0.617723
v -0.756553 0.606980 -0.436796
v -0.843825 0.606980 -0.226102
v -0.873592 0.606980 0.000000
v -0.843825 0.606980 0.226102
v -0.756553 0.606980 0.436796
v -0.617723 0.606980 0.617723
v -0.436796 0.606980 0.756553
v -0.226102 0.606980 0.843825
v -0.000000 0.606980 0.873592
v 0.226102 0.606980 0.843825
v 0.436796 0.606980 0.756553
v 0.617723 0.606980 0.617723
v 0.756553 0.606980 0.436796
v 0.843825 0.606980 0.226102
v 0.873592 0.606980 0.000000
v 0.843825 0.606980 -0.226102
v 0.756553 0.606980 -0.436796
v 0.617723 0.606980 -0.617723
v 0.436796 0.606980 -0.756553
v 0.226102 0.606980 -0.843825
v -0.000000 0.606980 -0.873592
v -0.000000 0.606980 -0.918917
v 0.237833 0.606980 -0.887605
v 0.459458 0.606980 -0.795805
v 0.649772 0.606980 -0.649772
v 0.795805 0.606980 -0.459458
v 0.887605 0.606980 -0.237833
v 0.918917 0.606980 0.000000
v 0.887605 0.606980 0.237833
v 0.795805 0.606980 0.459458
v 0.649772 0.606980 0.649772
v 0.459458 0.606980 0.795805
v 0.237833 0.606980 0.887605
v -0.000000 0.606980 0.918917
v -0.237833 0.606980 0.887605
v -0.459458 0.606980 0.795805
v -0.649772 0.606980 0.649772
v -0.795805 0.606980 0.459458
v -0.887605 0.606980 0.237833
v -0.918917 0.606980 0.000000
v -0.887605 0.606980 -0.237833
v -0.795805 0.606980 -0.459458
v -0.649772 0.606980 -0.649772
v -0.459458 0.606980 -0.795805
v -0.237833 0.606980 -0.887605
v 0.119941 0.606980 -0.911044
v 0.351650 0.606980 -0.848958
v 0.559394 0.606980 -0.729017
v 0.729017 0.606980 -0.559394
v 0.848958 0.606980 -0.351650
v 0.911044 0.606980 -0.119941
v 0.911044 0.606980 0.119941
v 0.848958 0.606980 0.351650
v 0.729017 0.606980 0.559394
v 0.559394 0.606980 0.729017
v 0.351650 0.606980 0.848958
v 0.119941 0.606980 0.911044
v -0.119941 0.606980 0.911044
v -0.351650 0.606980 0.848958
v -0.559394 0.606980 0.729017
v -0.729017 0.606980 0.559394
v -0.848958 0.606980 0.351650
v -0.911044 0.606980 0.119941
v -0.911044 0.606980 -0.119941
v -0.848958 0.606980 -0.351650
v -0.729017 0.606980 -0.559394
v -0.559394 0.606980 -0.729017
v -0.351650 0.606980 -0.848958
v -0.119941 0.606980 -0.911044
v -0.477100 0.606980 -0.826362
v -0.674722 0.606980 -0.674722
v -0.826362 0.606980 -0.477100
v -0.921687 0.606980 -0.246965
v -0.954201 0.606980 0.000000
v -0.921687 0.606980 0.246965
v -0.826362 0.606980 0.477100
v -0.674722 0.606980 0.674722
v -0.477100 0.606980 0.826362
v -0.246965 0.606980 0.921687
v 0.000000 0.606980 0.954201
v 0.246965 0.606980 0.921687
v 0.477100 0.606980 0.826362
v 0.674722 0.606980 0.674722
v 0.826362 0.606980 0.477100
v 0.921687 0.606980 0.246965
v 0.954201 0.606980 0.000000
v 0.921687 0.606980 -0.246965
v 0.826362 0.606980 -0.477100
v 0.674722 0.606980 -0.674722
v 0.477100 0.606980 -0.826362
v 0.246965 0.606980 -0.921687
v 0.000000 0.606980 -0.954201
v -0.056154 0.600582 0.426529
v -0.053710 0.600582 0.407967
v -0.050346 0.600582 0.382415
v -0.046122 0.600582 0.350329
v -0.041107 0.600582 0.312241
v -0.035390 0.600582 0.268817
v -0.029067 0.600582 0.220788
v -0.022247 0.600582 0.168986
v -0.015046 0.600582 0.114288
v -0.007588 0.600582 0.057638
v 0.000000 0.600582 -0.000000
v 0.007588 0.600582 -0.057638
v 0.015046 0.600582 -0.114288
v 0.022247 0.600582 -0.168986
v 0.029067 0.600582 -0.220788
v 0.035390 0.600582 -0.268817
v 0.041107 0.600582 -0.312241
v 0.046122 0.600582 -0.350329
v 0.050346 0.600582 -0.382415
v 0.053710 0.600582 -0.407967
v 0.056154 0.600582 -0.426529
vn 0.0852 -0.6968 -0.7122
vn 0.0122 -0.9992 -0.0376
vn 0.0078 -0.9998 0.0179
vn 0.0097 -0.9999 0.0141
vn 0.0103 -0.9999 0.0114
vn 0.0060 -0.9999 0.0098
vn 0.0037 -1.0000 0.0029
vn 0.0038 -1.0000 0.0013
vn 0.0038 -1.0000 -0.0000
vn 0.0038 -1.0000 -0.0013
vn 0.0037 -1.0000 -0.0029
vn 0.0060 -0.9999 -0.0098
vn 0.0103 -0.9999 -0.0114
vn 0.0097 -0.9999 -0.0141
vn 0.0078 -0.9998 -0.0179
vn 0.0122 -0.9992 0.0376
vn 0.0852 -0.6968 0.7122
vn 0.1403 -0.7062 0.6939
vn 0.2706 -0.7071 0.6533
vn 0.3924 -0.7042 0.5918
vn 0.5064 -0.6974 0.5071
vn 0.5962 -0.6970 0.3984
vn 0.6625 -0.6970 0.2744
vn 0.7033 -0.6970 0.1399
vn 0.7171 -0.6970 -0.0000
vn 0.7033 -0.6970 -0.1399
vn 0.6625 -0.6970 -0.2744
vn 0.5962 -0.6970 -0.3984
vn 0.5064 -0.6974 -0.5071
vn 0.3924 -0.7042 -0.5918
vn 0.2706 -0.7071 -0.6533
vn 0.1403 -0.7062 -0.6939
vn -0.0319 -0.1167 -0.9927
vn -0.1650 -0.5217 -0.8370
vn -0.2778 -0.6766 -0.6819
vn -0.3584 -0.7582 -0.5446
vn -0.4126 -0.8195 -0.3977
vn -0.4137 -0.8731 -0.2578
vn -0.4113 -0.8961 -0.1670
vn -0.4129 -0.9072 -0.0807
vn -0.4131 -0.9107 -0.0000
vn -0.4129 -0.9072 0.0807
vn -0.4113 -0.8961 0.1670
vn -0.4137 -0.8731 0.2578
vn -0.4126 -0.8195 0.3977
vn -0.3584 -0.7582 0.5446
vn -0.2778 -0.6766 0.6819
vn -0.1650 -0.5217 0.8370
vn -0.0319 -0.1167 0.9927
vn -0.0065 -0.9856 0.1692
vn -0.0006 -0.1491 0.9888
vn 0.3997 -0.9166 -0.0000
vn 0.4003 -0.9143 -0.0623
vn -0.0065 -0.9856 -0.1692
vn -0.0069 -0.9998 -0.0187
vn 0.3903 -0.9087 -0.1483
vn -0.0069 -0.9999 -0.0111
vn 0.1753 -0.8359 -0.5201
vn -0.0060 -0.9999 0.0121
vn -0.0060 -0.9999 -0.0121
vn 0.1753 -0.8359 0.5201
vn -0.0069 -0.9999 0.0111
vn 0.3903 -0.9087 0.1483
vn -0.0069 -0.9998 0.0187
vn 0.4003 -0.9143 0.0623
vn -0.0006 -0.1491 -0.9888
vn 0.0048 -0.1711 0.9852
vn -0.3989 -0.9161 -0.0393
vn -0.0000 -1.0000 -0.0000
vn -0.3487 -0.9331 -0.0882
vn -0.1595 -0.8940 -0.4187
vn -0.0013 -1.0000 0.0095
vn -0.0013 -1.0000 -0.0095
vn -0.1595 -0.8940 0.4187
vn -0.3487 -0.9331 0.0882
vn -0.3989 -0.9161 0.0393
vn 0.0001 -0.9911 0.1333
vn -0.4151 -0.9098 -0.0000
vn 0.0001 -0.9911 -0.1333
vn 0.0048 -0.1711 -0.9852
vn 0.0046 -0.7137 0.7005
vn 0.1380 -0.7060 0.6946
vn 0.2688 -0.7094 0.6515
vn 0.3888 -0.7130 0.5835
vn 0.4914 -0.7173 0.4941
vn 0.5736 -0.7232 0.3848
vn 0.6377 -0.7239 0.2632
vn 0.6784 -0.7223 0.1343
vn 0.6923 -0.7216 -0.0000
vn 0.6784 -0.7223 -0.1343
vn 0.6377 -0.7239 -0.2632
vn 0.5736 -0.7232 -0.3848
vn 0.4914 -0.7173 -0.4941
vn 0.3888 -0.7130 -0.5835
vn 0.2688 -0.7094 -0.6515
vn 0.1380 -0.7060 -0.6946
vn 0.0046 -0.7137 -0.7005
vn -0.1351 -0.7197 -0.6810
vn -0.2788 -0.7245 -0.6303
vn -0.5292 -0.8476 -0.0391
vn 0.0015 -0.9998 0.0217
vn 0.0176 -0.9998 0.0117
vn 0.0195 -0.9998 0.0081
vn 0.0207 -0.9998 0.0041
vn 0.0211 -0.9998 -0.0000
vn 0.0207 -0.9998 -0.0041
vn 0.0195 -0.9998 -0.0081
vn 0.0176 -0.9998 -0.0117
vn 0.0015 -0.9998 -0.0217
vn -0.5292 -0.8476 0.0391
vn -0.2788 -0.7245 0.6303
vn -0.1351 -0.7197 0.6810
vn -0.0004 -0.9998 -0.0176
vn -0.0035 -0.9999 -0.0165
vn -0.0063 -0.9999 -0.0153
vn -0.0092 -0.9999 -0.0141
vn -0.0121 -0.9998 -0.0128
vn -0.0154 -0.9998 -0.0110
vn -0.0190 -0.9998 -0.0087
vn -0.0227 -0.9997 -0.0053
vn -0.0252 -0.9997 -0.0013
vn -0.0395 -0.9992 0.0074
vn -0.0243 -0.9997 0.0101
vn -0.0332 -0.9992 0.0227
vn -0.0169 -0.9997 0.0188
vn -0.0123 -0.9997 0.0198
vn -0.0073 -0.9998 0.0196
vn -0.0031 -0.9998 0.0187
vn 0.0004 -0.9998 0.0176
vn 0.0035 -0.9999 0.0165
vn 0.0055 -0.9999 0.0154
vn -0.0044 -0.9999 0.0129
vn -0.0008 -1.0000 0.0010
vn -0.0008 -1.0000 -0.0011
vn -0.0048 -0.9999 -0.0142
vn 0.0062 -0.9998 -0.0194
vn 0.0031 -0.9998 -0.0187
vn -0.6416 -0.7192 -0.2667
vn -0.6834 -0.7171 -0.1368
vn -0.0121 -0.9998 0.0156
vn -0.6991 -0.7151 -0.0012
vn -0.6886 -0.7121 0.1369
vn -0.6469 -0.7139 0.2680
vn -0.5837 -0.7121 0.3901
vn -0.4934 -0.7151 0.4952
vn -0.3865 -0.7171 0.5800
vn -0.2650 -0.7192 0.6423
vn -0.0006 -0.7228 -0.6911
vn -0.1349 -0.7238 -0.6767
vn -0.0121 -0.9998 -0.0157
vn -0.1343 -0.7212 0.6796
vn -0.2639 -0.7242 -0.6371
vn -0.2693 -0.7915 -0.5486
vn 0.0006 -0.7228 0.6911
vn -0.3831 -0.7238 -0.5739
vn 0.2353 -0.7248 -0.6475
vn 0.1349 -0.7238 0.6767
vn -0.4882 -0.7228 -0.4891
vn 0.1343 -0.7212 -0.6796
vn 0.2341 -0.7297 0.6425
vn -0.5756 -0.7212 -0.3856
vn -0.2698 -0.7925 0.5470
vn 0.0122 0.9992 -0.0376
vn 0.0852 0.6968 -0.7122
vn 0.0078 0.9998 0.0179
vn 0.0097 0.9999 0.0141
vn 0.0103 0.9999 0.0114
vn 0.0060 0.9999 0.0098
vn 0.0037 1.0000 0.0029
vn 0.0038 1.0000 0.0013
vn 0.0038 1.0000 -0.0000
vn 0.0038 1.0000 -0.0013
vn 0.0037 1.0000 -0.0029
vn 0.0060 0.9999 -0.0098
vn 0.0103 0.9999 -0.0114
vn 0.0097 0.9999 -0.0141
vn 0.0078 0.9998 -0.0179
vn 0.0122 0.9992 0.0376
vn 0.0852 0.6968 0.7122
vn 0.1403 0.7062 0.6939
vn 0.2706 0.7071 0.6533
vn 0.3924 0.7043 0.5916
vn 0.5055 0.6983 0.5068
vn 0.5973 0.6954 0.3994
vn 0.6641 0.6952 0.2751
vn 0.7050 0.6952 0.1402
vn 0.7188 0.6952 -0.0000
vn 0.7050 0.6952 -0.1402
vn 0.6641 0.6952 -0.2751
vn 0.5973 0.6954 -0.3994
vn 0.5055 0.6983 -0.5068
vn 0.3924 0.7043 -0.5916
vn 0.2706 0.7071 -0.6533
vn 0.1403 0.7062 -0.6939
vn -0.1650 0.5217 -0.8370
vn -0.0319 0.1167 -0.9927
vn -0.2778 0.6766 -0.6819
vn -0.3584 0.7582 -0.5446
vn -0.4126 0.8195 -0.3977
vn -0.4137 0.8731 -0.2578
vn -0.4113 0.8961 -0.1670
vn -0.4129 0.9072 -0.0807
vn -0.4131 0.9107 -0.0000
vn -0.4129 0.9072 0.0807
vn -0.4113 0.8961 0.1670
vn -0.4137 0.8731 0.2578
vn -0.4126 0.8195 0.3977
vn -0.3584 0.7582 0.5446
vn -0.2778 0.6766 0.6819
vn -0.1650 0.5217 0.8370
vn -0.0319 0.1167 0.9927
vn -0.0065 0.9856 0.1692
vn 0.0048 0.1711 0.9852
vn 0.3997 0.9166 -0.0000
vn -0.3989 0.9161 -0.0393
vn -0.0065 0.9856 -0.1692
vn -0.0000 1.0000 -0.0000
vn -0.3487 0.9331 -0.0882
vn -0.1595 0.8940 -0.4187
vn -0.0013 1.0000 0.0095
vn -0.0013 1.0000 -0.0095
vn -0.1595 0.8940 0.4187
vn -0.3487 0.9331 0.0882
vn -0.3989 0.9161 0.0393
vn -0.0006 0.1491 -0.9888
vn 0.0001 0.9911 0.1333
vn -0.0006 0.1491 0.9888
vn 0.4003 0.9143 -0.0623
vn 0.0001 0.9911 -0.1333
vn -0.0069 0.9998 -0.0187
vn 0.3903 0.9087 -0.1483
vn -0.0069 0.9999 -0.0111
vn 0.1753 0.8359 -0.5201
vn -0.0060 0.9999 0.0121
vn -0.0060 0.9999 -0.0121
vn 0.1753 0.8359 0.5201
vn -0.0069 0.9999 0.0111
vn 0.3903 0.9087 0.1483
vn -0.0069 0.9998 0.0187
vn 0.4003 0.9143 0.0623
vn 0.0048 0.1711 -0.9852
vn -0.4151 0.9098 -0.0000
vn 0.1380 0.7060 0.6946
vn 0.0046 0.7137 0.7005
vn 0.2688 0.7094 0.6515
vn 0.3888 0.7130 0.5835
vn 0.4914 0.7173 0.4941
vn 0.5736 0.7232 0.3848
vn 0.6377 0.7239 0.2632
vn 0.6784 0.7223 0.1343
vn 0.6923 0.7216 -0.0000
vn 0.6784 0.7223 -0.1343
vn 0.6377 0.7239 -0.2632
vn 0.5736 0.7232 -0.3848
vn 0.4914 0.7173 -0.4941
vn 0.3888 0.7130 -0.5835
vn 0.2688 0.7094 -0.6515
vn 0.1380 0.7060 -0.6946
vn 0.0046 0.7137 -0.7005
vn -0.1351 0.7197 -0.6810
vn -0.2788 0.7245 -0.6303
vn -0.5270 0.8489 -0.0418
vn 0.0203 0.9726 -0.2315
vn -0.2668 0.9452 -0.1881
vn -0.3058 0.9436 -0.1267
vn -0.3246 0.9436 -0.0646
vn -0.3310 0.9436 -0.0000
vn -0.3246 0.9436 0.0646
vn -0.3058 0.9436 0.1267
vn -0.2668 0.9452 0.1881
vn 0.0203 0.9726 0.2315
vn -0.5270 0.8489 0.0418
vn -0.2788 0.7245 0.6303
vn -0.1351 0.7197 0.6810
vn -0.1391 0.7012 -0.6993
vn -0.0000 0.7012 -0.7130
vn -0.2729 0.7012 -0.6587
vn -0.3961 0.7012 -0.5928
vn -0.5042 0.7012 -0.5042
vn -0.5928 0.7012 -0.3961
vn -0.6587 0.7012 -0.2729
vn -0.6993 0.7012 -0.1391
vn -0.7130 0.7012 -0.0000
vn -0.6993 0.7012 0.1391
vn -0.6587 0.7012 0.2729
vn -0.5928 0.7012 0.3961
vn -0.5042 0.7012 0.5042
vn -0.3961 0.7012 0.5928
vn -0.2729 0.7012 0.6587
vn -0.1391 0.7012 0.6993
vn -0.0000 0.7012 0.7130
vn 0.1391 0.7012 0.6993
vn 0.2709 0.7017 0.6589
vn 0.3763 0.7141 0.5903
vn 0.4961 0.7197 0.4857
vn 0.5844 0.7122 0.3889
vn 0.6490 0.7118 0.2688
vn 0.6889 0.7118 0.1370
vn 0.7024 0.7118 -0.0000
vn 0.6889 0.7118 -0.1370
vn 0.6490 0.7118 -0.2688
vn 0.5844 0.7122 -0.3889
vn 0.4961 0.7197 -0.4857
vn 0.3763 0.7141 -0.5903
vn 0.2709 0.7017 -0.6589
vn 0.1391 0.7012 -0.6993
vn -0.7044 0.6958 -0.1401
vn 0.2942 0.9549 -0.0393
vn 0.3142 0.9300 0.1909
vn -0.7182 0.6958 -0.0000
vn 0.3446 0.9278 0.1428
vn -0.7044 0.6958 0.1401
vn 0.3659 0.9278 0.0728
vn -0.6636 0.6958 0.2749
vn 0.3730 0.9278 -0.0000
vn -0.5972 0.6958 0.3990
vn 0.3659 0.9278 -0.0728
vn -0.5079 0.6958 0.5079
vn 0.3446 0.9278 -0.1427
vn -0.3990 0.6958 0.5972
vn 0.3142 0.9300 -0.1909
vn -0.2749 0.6958 0.6636
vn -0.1401 0.6958 -0.7044
vn 0.2942 0.9549 0.0393
vn -0.1401 0.6958 0.7044
vn -0.2749 0.6958 -0.6636
vn -0.2553 0.7857 -0.5635
vn -0.0000 0.6958 0.7182
vn -0.3990 0.6958 -0.5972
vn 0.2449 0.7013 -0.6695
vn 0.1401 0.6958 0.7044
vn -0.5079 0.6958 -0.5079
vn 0.1401 0.6958 -0.7044
vn 0.2449 0.7013 0.6695
vn -0.5972 0.6958 -0.3990
vn -0.2553 0.7857 0.5635
vn -0.6636 0.6958 -0.2749
vn -0.0000 0.6958 -0.7182
vn -0.0225 0.9944 -0.1034
vn -0.0038 0.9930 -0.1184
vn -0.0390 0.9948 -0.0943
vn -0.0572 0.9944 -0.0890
vn -0.0810 0.9930 -0.0864
vn -0.1171 0.9895 -0.0853
vn -0.1794 0.9803 -0.0829
vn -0.2999 0.9515 -0.0694
vn -0.5220 0.8529 -0.0088
vn -0.7691 0.6194 0.1574
vn -0.6581 0.7019 0.2726
vn -0.6552 0.6194 0.4325
vn -0.3628 0.8529 0.3753
vn -0.1630 0.9515 0.2611
vn -0.0683 0.9803 0.1855
vn -0.0225 0.9895 0.1431
vn 0.0038 0.9930 0.1184
vn 0.0225 0.9944 0.1034
vn 0.0390 0.9948 0.0943
vn 0.0572 0.9944 0.0890
vn 0.0810 0.9930 0.0864
vn 0.1171 0.9895 0.0853
vn 0.1794 0.9803 0.0829
vn 0.2999 0.9514 0.0694
vn 0.5219 0.8529 0.0088
vn 0.7691 0.6194 -0.1574
vn 0.6581 0.7019 -0.2726
vn 0.6552 0.6194 -0.4325
vn 0.3628 0.8529 -0.3753
vn 0.1630 0.9514 -0.2611
vn 0.0683 0.9803 -0.1855
vn 0.0225 0.9895 -0.1431
vn 0.0151 0.9999 -0.0063
vn 0.0011 1.0000 -0.0005
vn 0.0006 1.0000 -0.0002
vn 0.0003 1.0000 -0.0001
vn 0.0002 1.0000 -0.0001
vn 0.0001 1.0000 -0.0000
vn -0.0001 1.0000 -0.0000
vn -0.0002 1.0000 0.0001
vn -0.0003 1.0000 0.0001
vn -0.0006 1.0000 0.0002
vn -0.0011 1.0000 0.0005
vn -0.0151 0.9999 0.0063
vn 0.5498 0.1261 0.8257
vn -0.8252 0.0998 -0.5560
vn 0.3794 0.1297 0.9161
vn 0.1903 0.0998 -0.9766
vn -0.7003 0.1157 -0.7044
vn 0.1951 0.1261 0.9726
vn 0.3775 0.0807 -0.9225
vn -0.5498 0.1261 -0.8257
vn 0.0029 0.1157 0.9933
vn 0.5513 0.0613 -0.8321
vn -0.3794 0.1297 -0.9161
vn -0.1903 0.0998 0.9766
vn 0.7043 0.0445 -0.7085
vn -0.0029 0.1157 -0.9933
vn -0.1951 0.1261 -0.9726
vn -0.3776 0.0808 0.9225
vn 0.8308 0.0354 -0.5555
vn -0.5513 0.0613 0.8321
vn 0.9233 0.0364 -0.3824
vn -0.7043 0.0445 0.7086
vn 0.9802 0.0354 -0.1947
vn -0.8308 0.0354 0.5555
vn 0.9990 0.0445 0.0030
vn -0.9233 0.0364 0.3824
vn 0.9782 0.0613 0.1986
vn -0.9802 0.0354 0.1947
vn 0.9192 0.0807 0.3853
vn -0.9990 0.0445 -0.0030
vn 0.7003 0.1157 0.7044
vn 0.8252 0.0999 0.5560
vn -0.9192 0.0808 -0.3853
vn -0.9782 0.0613 -0.1986
vn -0.2770 0.9398 -0.2001
vn 0.0832 0.8621 -0.4999
vn -0.3141 0.9404 -0.1301
vn -0.3335 0.9404 -0.0663
vn -0.3400 0.9404 -0.0000
vn -0.3335 0.9404 0.0663
vn -0.3141 0.9404 0.1301
vn -0.2770 0.9398 0.2001
vn 0.0832 0.8621 0.4999
vn 0.4969 0.8460 -0.1935
vn 0.2844 0.9440 0.1673
vn 0.3004 0.9457 0.1244
vn 0.3189 0.9457 0.0634
vn 0.3252 0.9457 -0.0000
vn 0.3189 0.9457 -0.0634
vn 0.3004 0.9457 -0.1244
vn 0.2844 0.9440 -0.1673
vn 0.4969 0.8460 0.1935
vn 0.0539 -0.9122 -0.4062
vn 0.0066 -0.9998 0.0201
vn 0.0089 -0.9998 0.0159
vn 0.0103 -0.9999 0.0127
vn 0.0089 -0.9999 0.0107
vn 0.0040 -1.0000 0.0057
vn 0.0037 -1.0000 0.0019
vn 0.0038 -1.0000 0.0007
vn 0.0038 -1.0000 -0.0007
vn 0.0037 -1.0000 -0.0019
vn 0.0040 -1.0000 -0.0057
vn 0.0089 -0.9999 -0.0107
vn 0.0103 -0.9999 -0.0127
vn 0.0089 -0.9998 -0.0159
vn 0.0066 -0.9998 -0.0201
vn 0.0539 -0.9122 0.4062
vn 0.0946 -0.7048 0.7031
vn 0.2053 -0.7070 0.6767
vn 0.3331 -0.7067 0.6242
vn 0.4510 -0.7000 0.5537
vn 0.5543 -0.6970 0.4549
vn 0.6324 -0.6970 0.3380
vn 0.6862 -0.6970 0.2082
vn 0.7136 -0.6970 0.0703
vn 0.7136 -0.6970 -0.0703
vn 0.6862 -0.6970 -0.2082
vn 0.6324 -0.6970 -0.3380
vn 0.5543 -0.6970 -0.4549
vn 0.4510 -0.7000 -0.5537
vn 0.3331 -0.7067 -0.6242
vn 0.2053 -0.7070 -0.6767
vn 0.0946 -0.7048 -0.7031
vn -0.0925 -0.3428 -0.9348
vn -0.2265 -0.6141 -0.7560
vn -0.3215 -0.7226 -0.6120
vn -0.3898 -0.7889 -0.4750
vn -0.4190 -0.8503 -0.3183
vn -0.4105 -0.8870 -0.2115
vn -0.4124 -0.9027 -0.1229
vn -0.4130 -0.9098 -0.0400
vn -0.4130 -0.9098 0.0400
vn -0.4124 -0.9027 0.1229
vn -0.4105 -0.8870 0.2115
vn -0.4190 -0.8503 0.3183
vn -0.3898 -0.7889 0.4750
vn -0.3215 -0.7226 0.6120
vn -0.2265 -0.6141 0.7560
vn -0.0925 -0.3428 0.9348
vn -0.0643 -0.8846 0.4618
vn 0.0439 -0.3611 0.9315
vn -0.0033 -1.0000 -0.0000
vn -0.0755 -0.9971 -0.0016
vn -0.0643 -0.8846 -0.4618
vn -0.0650 -0.9979 -0.0058
vn -0.0299 -0.9979 -0.0577
vn -0.0006 -1.0000 0.0021
vn -0.0006 -1.0000 -0.0021
vn -0.0299 -0.9979 0.0577
vn -0.0650 -0.9979 0.0058
vn -0.0755 -0.9971 0.0016
vn -0.0077 -0.1431 -0.9897
vn -0.0000 -0.9911 0.1335
vn -0.0077 -0.1431 0.9897
vn -0.0034 -1.0000 0.0022
vn -0.0000 -0.9911 -0.1335
vn -0.0845 -0.9709 -0.2243
vn -0.0052 -1.0000 0.0026
vn -0.0880 -0.9863 -0.1395
vn -0.0364 -0.9985 -0.0398
vn -0.0879 -0.9932 -0.0765
vn -0.0879 -0.9932 0.0765
vn -0.0364 -0.9985 0.0398
vn -0.0880 -0.9863 0.1395
vn -0.0052 -1.0000 -0.0026
vn -0.0845 -0.9709 0.2243
vn -0.0034 -1.0000 -0.0022
vn -0.0000 -0.1493 -0.9888
vn -0.0021 -0.7029 -0.7113
vn 0.3999 -0.9160 0.0308
vn -0.0069 -0.9996 0.0268
vn 0.4010 -0.9111 0.0951
vn -0.0069 -0.9999 0.0141
vn 0.3208 -0.9026 0.2871
vn -0.0070 -0.9999 0.0089
vn 0.0085 -0.9874 0.1577
vn 0.0085 -0.9874 -0.1577
vn -0.0070 -0.9999 -0.0089
vn 0.3208 -0.9026 -0.2871
vn -0.0069 -0.9999 -0.0141
vn 0.4010 -0.9111 -0.0951
vn -0.0069 -0.9996 -0.0268
vn 0.3999 -0.9160 -0.0308
vn -0.0021 -0.7029 0.7113
vn -0.0000 -0.1493 0.9888
vn -0.0022 -0.7109 -0.7033
vn -0.0004 -0.9998 0.0203
vn -0.0004 -0.9998 -0.0203
vn -0.0022 -0.7109 0.7033
vn 0.0018 -0.9927 0.1205
vn -0.0795 -0.9968 -0.0000
vn 0.0018 -0.9927 -0.1205
vn 0.0439 -0.3611 -0.9315
vn 0.0020 -0.7144 0.6997
vn -0.4110 -0.9114 -0.0200
vn -0.3803 -0.9231 -0.0572
vn -0.2730 -0.9438 -0.1865
vn -0.0153 -0.9959 -0.0887
vn -0.0153 -0.9959 0.0887
vn -0.2730 -0.9438 0.1865
vn -0.3803 -0.9231 0.0572
vn -0.4110 -0.9114 0.0200
vn 0.0020 -0.7144 -0.6997
vn 0.0727 -0.7081 0.7023
vn 0.2042 -0.7074 0.6766
vn 0.3305 -0.7113 0.6203
vn 0.4427 -0.7148 0.5413
vn 0.5347 -0.7204 0.4418
vn 0.6082 -0.7243 0.3248
vn 0.6613 -0.7230 0.1997
vn 0.6888 -0.7218 0.0675
vn 0.6888 -0.7218 -0.0675
vn 0.6613 -0.7230 -0.1997
vn 0.6082 -0.7243 -0.3248
vn 0.5347 -0.7204 -0.4418
vn 0.4427 -0.7148 -0.5413
vn 0.3305 -0.7113 -0.6203
vn 0.2042 -0.7074 -0.6766
vn 0.0727 -0.7081 -0.7023
vn -0.0662 -0.7181 -0.6928
vn -0.2015 -0.7199 -0.6641
vn -0.4281 -0.7656 -0.4801
vn -0.1251 -0.9904 0.0579
vn 0.0163 -0.9998 0.0134
vn 0.0186 -0.9998 0.0100
vn 0.0202 -0.9998 0.0061
vn 0.0210 -0.9998 0.0021
vn 0.0210 -0.9998 -0.0021
vn 0.0202 -0.9998 -0.0061
vn 0.0186 -0.9998 -0.0100
vn 0.0163 -0.9998 -0.0134
vn -0.1251 -0.9904 -0.0579
vn -0.4281 -0.7656 0.4801
vn -0.2015 -0.7199 0.6641
vn -0.0662 -0.7181 0.6928
vn 0.2093 -0.9770 -0.0416
vn 0.1972 -0.9770 -0.0817
vn 0.1324 -0.9821 -0.1343
vn 0.1092 -0.9806 -0.1629
vn 0.1774 -0.9770 -0.1186
vn 0.0782 -0.9791 -0.1879
vn 0.0424 -0.9983 0.0395
vn 0.0466 -0.9794 0.1966
vn 0.1453 -0.9777 -0.1518
vn 0.0466 -0.9794 -0.1966
vn 0.0782 -0.9791 0.1879
vn 0.0099 -0.9922 -0.1240
vn 0.0424 -0.9983 -0.0395
vn 0.1092 -0.9806 0.1629
vn 0.0022 -0.9999 -0.0148
vn 0.0039 -1.0000 0.0084
vn 0.1324 -0.9821 0.1343
vn 0.0039 -1.0000 -0.0084
vn 0.0022 -0.9999 0.0148
vn 0.1465 -0.9843 0.0985
vn 0.0099 -0.9922 0.1240
vn 0.1633 -0.9844 0.0654
vn 0.1453 -0.9777 0.1518
vn 0.1758 -0.9838 0.0337
vn 0.1774 -0.9770 0.1186
vn 0.1802 -0.9836 -0.0000
vn 0.1972 -0.9770 0.0817
vn 0.1758 -0.9838 -0.0337
vn 0.2093 -0.9770 0.0416
vn 0.1633 -0.9844 -0.0654
vn 0.2134 -0.9770 -0.0000
vn 0.1465 -0.9843 -0.0985
vn -0.0020 -0.9999 -0.0170
vn -0.0049 -0.9999 -0.0159
vn -0.0077 -0.9999 -0.0147
vn -0.0106 -0.9999 -0.0135
vn -0.0137 -0.9998 -0.0120
vn -0.0172 -0.9998 -0.0100
vn -0.0209 -0.9998 -0.0071
vn -0.0244 -0.9997 -0.0031
vn -0.0249 -0.9997 -0.0017
vn -0.0237 -0.9997 0.0109
vn -0.0244 -0.9997 0.0091
vn -0.0164 -0.9997 0.0188
vn -0.0151 -0.9997 0.0195
vn -0.0097 -0.9998 0.0198
vn -0.0051 -0.9998 0.0192
vn -0.0013 -0.9998 0.0182
vn 0.0020 -0.9999 0.0170
vn 0.0049 -0.9999 0.0159
vn 0.0018 -0.9999 0.0151
vn -0.0042 -1.0000 0.0063
vn -0.0043 -1.0000 -0.0065
vn 0.0021 -0.9998 -0.0184
vn 0.0051 -0.9998 -0.0192
vn 0.0013 -0.9998 -0.0182
vn -0.2002 -0.9789 -0.0412
vn -0.0168 -0.9997 0.0151
vn -0.2093 -0.9779 -0.0023
vn -0.2183 -0.9749 0.0430
vn -0.1959 -0.9773 0.0811
vn -0.1847 -0.9749 0.1240
vn -0.1463 -0.9779 0.1496
vn -0.1124 -0.9789 0.1707
vn -0.0749 -0.9800 0.1845
vn -0.0372 -0.9821 -0.1848
vn -0.0047 -1.0000 -0.0076
vn -0.0368 -0.9809 0.1909
vn -0.0718 -0.9822 -0.1734
vn -0.0424 -0.9881 -0.1476
vn 0.0008 -0.9816 0.1908
vn -0.1043 -0.9821 -0.1570
vn 0.0658 -0.9807 -0.1840
vn 0.0372 -0.9821 0.1848
vn -0.1343 -0.9816 -0.1355
vn 0.0368 -0.9809 -0.1909
vn 0.0633 -0.9828 0.1735
vn -0.1610 -0.9809 -0.1090
vn -0.0424 -0.9887 0.1436
vn -0.1834 -0.9800 -0.0775
vn -0.0047 -1.0000 0.0074
vn -0.0008 -0.9816 -0.1908
vn -0.0168 -0.9997 -0.0151
vn -0.6079 -0.6843 -0.4026
vn -0.6079 -0.6843 0.4026
vn -0.1152 -0.9829 0.1436
vn -0.6114 -0.7202 -0.3278
vn 0.0813 -0.7628 0.6415
vn 0.0671 -0.7220 -0.6886
vn -0.5343 -0.7220 -0.4395
vn 0.2004 -0.7241 0.6599
vn 0.2005 -0.7202 -0.6641
vn -0.4376 -0.7234 -0.5340
vn 0.0682 -0.7234 0.6871
vn 0.0832 -0.7589 -0.6459
vn -0.3250 -0.7241 -0.6083
vn -0.0671 -0.7220 0.6886
vn -0.1154 -0.9828 -0.1444
vn -0.2004 -0.7241 -0.6599
vn -0.2005 -0.7202 0.6641
vn -0.0682 -0.7234 -0.6871
vn -0.3272 -0.7181 0.6142
vn -0.4422 -0.7162 0.5400
vn -0.5401 -0.7132 0.4468
vn -0.6196 -0.7129 0.3284
vn -0.6704 -0.7129 0.2059
vn -0.6978 -0.7132 0.0660
vn -0.6945 -0.7162 -0.0692
vn -0.6657 -0.7181 -0.2029
vn 0.0539 0.9122 -0.4062
vn 0.0066 0.9998 0.0201
vn 0.0089 0.9998 0.0159
vn 0.0103 0.9999 0.0127
vn 0.0089 0.9999 0.0107
vn 0.0040 1.0000 0.0057
vn 0.0037 1.0000 0.0019
vn 0.0038 1.0000 0.0007
vn 0.0038 1.0000 -0.0007
vn 0.0037 1.0000 -0.0019
vn 0.0040 1.0000 -0.0057
vn 0.0089 0.9999 -0.0107
vn 0.0103 0.9999 -0.0127
vn 0.0089 0.9998 -0.0159
vn 0.0066 0.9998 -0.0201
vn 0.0539 0.9122 0.4062
vn 0.0946 0.7048 0.7031
vn 0.2053 0.7070 0.6767
vn 0.3331 0.7067 0.6242
vn 0.4510 0.7008 0.5527
vn 0.5539 0.6966 0.4560
vn 0.6339 0.6952 0.3388
vn 0.6878 0.6952 0.2087
vn 0.7153 0.6952 0.0705
vn 0.7153 0.6952 -0.0705
vn 0.6878 0.6952 -0.2087
vn 0.6339 0.6952 -0.3388
vn 0.5539 0.6966 -0.4560
vn 0.4510 0.7008 -0.5527
vn 0.3331 0.7067 -0.6242
vn 0.2053 0.7070 -0.6767
vn 0.0946 0.7048 -0.7031
vn -0.0925 0.3428 -0.9348
vn -0.2265 0.6141 -0.7560
vn -0.3215 0.7226 -0.6120
vn -0.3898 0.7889 -0.4750
vn -0.4190 0.8503 -0.3183
vn -0.4105 0.8870 -0.2115
vn -0.4124 0.9027 -0.1229
vn -0.4130 0.9098 -0.0400
vn -0.4130 0.9098 0.0400
vn -0.4124 0.9027 0.1229
vn -0.4105 0.8870 0.2115
vn -0.4190 0.8503 0.3183
vn -0.3898 0.7889 0.4750
vn -0.3215 0.7226 0.6120
vn -0.2265 0.6141 0.7560
vn -0.0925 0.3428 0.9348
vn -0.0643 0.8846 0.4618
vn 0.0439 0.3611 0.9315
vn -0.0033 1.0000 -0.0000
vn -0.0755 0.9971 -0.0016
vn -0.0643 0.8846 -0.4618
vn -0.0650 0.9979 -0.0058
vn -0.0299 0.9979 -0.0577
vn -0.0006 1.0000 0.0021
vn -0.0006 1.0000 -0.0021
vn -0.0299 0.9979 0.0577
vn -0.0650 0.9979 0.0058
vn -0.0755 0.9971 0.0016
vn -0.0077 0.1431 -0.9897
vn -0.0000 0.9911 0.1335
vn -0.0077 0.1431 0.9897
vn -0.0034 1.0000 0.0022
vn -0.0000 0.9911 -0.1335
vn -0.0845 0.9709 -0.2243
vn -0.0052 1.0000 0.0026
vn -0.0880 0.9863 -0.1395
vn -0.0364 0.9985 -0.0398
vn -0.0879 0.9932 -0.0765
vn -0.0879 0.9932 0.0765
vn -0.0364 0.9985 0.0398
vn -0.0880 0.9863 0.1395
vn -0.0052 1.0000 -0.0026
vn -0.0845 0.9709 0.2243
vn -0.0034 1.0000 -0.0022
vn -0.0000 0.1493 -0.9888
vn -0.0021 0.7029 -0.7113
vn 0.3999 0.9160 0.0308
vn -0.0069 0.9996 0.0268
vn 0.4010 0.9111 0.0951
vn -0.0069 0.9999 0.0141
vn 0.3208 0.9026 0.2871
vn -0.0070 0.9999 0.0089
vn 0.0085 0.9874 0.1577
vn 0.0085 0.9874 -0.1577
vn -0.0070 0.9999 -0.0089
vn 0.3208 0.9026 -0.2871
vn -0.0069 0.9999 -0.0141
vn 0.4010 0.9111 -0.0951
vn -0.0069 0.9996 -0.0268
vn 0.3999 0.9160 -0.0308
vn -0.0021 0.7029 0.7113
vn -0.0000 0.1493 0.9888
vn -0.0022 0.7109 -0.7033
vn -0.0004 0.9998 0.0203
vn -0.0004 0.9998 -0.0203
vn -0.0022 0.7109 0.7033
vn 0.0018 0.9927 0.1205
vn -0.0795 0.9968 -0.0000
vn 0.0018 0.9927 -0.1206
vn 0.0439 0.3611 -0.9315
vn 0.0020 0.7144 0.6997
vn -0.4110 0.9114 -0.0200
vn -0.3803 0.9231 -0.0572
vn -0.2730 0.9438 -0.1865
vn -0.0153 0.9959 -0.0887
vn -0.0153 0.9959 0.0887
vn -0.2730 0.9438 0.1865
vn -0.3803 0.9231 0.0572
vn -0.4110 0.9114 0.0200
vn 0.0020 0.7144 -0.6997
vn 0.0727 0.7081 0.7023
vn 0.2042 0.7074 0.6766
vn 0.3305 0.7113 0.6203
vn 0.4427 0.7148 0.5413
vn 0.5347 0.7204 0.4418
vn 0.6082 0.7243 0.3248
vn 0.6613 0.7230 0.1997
vn 0.6888 0.7218 0.0675
vn 0.6888 0.7218 -0.0675
vn 0.6613 0.7230 -0.1997
vn 0.6082 0.7243 -0.3248
vn 0.5347 0.7204 -0.4418
vn 0.4427 0.7148 -0.5413
vn 0.3305 0.7113 -0.6203
vn 0.2042 0.7074 -0.6766
vn 0.0727 0.7081 -0.7023
vn -0.0662 0.7181 -0.6928
vn -0.2015 0.7199 -0.6641
vn -0.4281 0.7656 -0.4801
vn -0.1003 0.9949 0.0134
vn -0.1739 0.9571 -0.2320
vn -0.2919 0.9436 -0.1560
vn -0.3167 0.9436 -0.0961
vn -0.3294 0.9436 -0.0324
vn -0.3294 0.9436 0.0324
vn -0.3167 0.9436 0.0961
vn -0.2919 0.9436 0.1560
vn -0.1739 0.9571 0.2319
vn -0.1003 0.9949 -0.0134
vn -0.4281 0.7656 0.4801
vn -0.2015 0.7199 0.6641
vn -0.0662 0.7181 0.6928
vn 0.1505 0.9882 -0.0299
vn 0.1418 0.9882 -0.0587
vn 0.1324 0.9821 -0.1343
vn 0.1092 0.9806 -0.1629
vn 0.1291 0.9880 -0.0852
vn 0.0782 0.9791 -0.1879
vn 0.0424 0.9983 0.0395
vn 0.0466 0.9794 0.1966
vn 0.1339 0.9844 -0.1139
vn 0.0466 0.9794 -0.1966
vn 0.0782 0.9791 0.1879
vn 0.0105 0.9925 -0.1221
vn 0.0424 0.9983 -0.0395
vn 0.1092 0.9806 0.1629
vn 0.0022 0.9999 -0.0148
vn 0.0039 1.0000 0.0084
vn 0.1324 0.9821 0.1343
vn 0.0039 1.0000 -0.0084
vn 0.0022 0.9999 0.0148
vn 0.1465 0.9843 0.0985
vn 0.0105 0.9925 0.1221
vn 0.1633 0.9844 0.0654
vn 0.1339 0.9844 0.1139
vn 0.1758 0.9838 0.0337
vn 0.1291 0.9880 0.0852
vn 0.1802 0.9836 -0.0000
vn 0.1418 0.9882 0.0587
vn 0.1758 0.9838 -0.0337
vn 0.1505 0.9882 0.0299
vn 0.1633 0.9844 -0.0654
vn 0.1535 0.9882 -0.0000
vn 0.1465 0.9843 -0.0985
vn -0.0699 0.7012 -0.7096
vn -0.2070 0.7012 -0.6823
vn -0.3361 0.7012 -0.6288
vn -0.4523 0.7012 -0.5512
vn -0.5512 0.7012 -0.4523
vn -0.6288 0.7012 -0.3361
vn -0.6823 0.7012 -0.2070
vn -0.7096 0.7012 -0.0699
vn -0.7096 0.7012 0.0699
vn -0.6823 0.7012 0.2070
vn -0.6288 0.7012 0.3361
vn -0.5512 0.7012 0.4523
vn -0.4523 0.7012 0.5512
vn -0.3361 0.7012 0.6288
vn -0.2070 0.7012 0.6823
vn -0.0699 0.7012 0.7096
vn 0.0699 0.7012 0.7096
vn 0.2070 0.7012 0.6823
vn 0.3248 0.7056 0.6297
vn 0.4361 0.7207 0.5389
vn 0.5450 0.7148 0.4382
vn 0.6195 0.7117 0.3311
vn 0.6722 0.7117 0.2039
vn 0.6991 0.7117 0.0689
vn 0.6991 0.7117 -0.0689
vn 0.6722 0.7117 -0.2039
vn 0.6195 0.7117 -0.3311
vn 0.5450 0.7148 -0.4382
vn 0.4361 0.7207 -0.5389
vn 0.3248 0.7056 -0.6297
vn 0.2070 0.7012 -0.6823
vn 0.0699 0.7012 -0.7096
vn -0.4127 0.9071 -0.0821
vn 0.2682 0.9240 -0.2724
vn 0.2512 0.9542 0.1622
vn -0.4208 0.9071 -0.0000
vn 0.2774 0.9539 0.1149
vn -0.4127 0.9071 0.0821
vn 0.2945 0.9539 0.0586
vn -0.3888 0.9071 0.1610
vn 0.3003 0.9539 -0.0000
vn -0.3499 0.9071 0.2338
vn 0.2945 0.9539 -0.0586
vn -0.2976 0.9071 0.2976
vn 0.2774 0.9539 -0.1149
vn -0.2338 0.9071 0.3499
vn 0.2512 0.9542 -0.1622
vn -0.1610 0.9071 0.3888
vn -0.0821 0.9071 -0.4127
vn 0.2059 0.9678 -0.1449
vn -0.0821 0.9071 0.4127
vn -0.1610 0.9071 -0.3888
vn 0.0723 0.9426 -0.3260
vn -0.0000 0.9071 0.4208
vn -0.2338 0.9071 -0.3499
vn 0.1510 0.9085 -0.3896
vn 0.0821 0.9071 0.4127
vn -0.2976 0.9071 -0.2976
vn 0.0821 0.9071 -0.4127
vn 0.1510 0.9085 0.3896
vn -0.3499 0.9071 -0.2338
vn 0.0723 0.9426 0.3260
vn -0.3888 0.9071 -0.1610
vn 0.2059 0.9678 0.1449
vn 0.5300 0.8480 -0.0000
vn 0.0714 0.8043 -0.5900
vn -0.4485 0.8356 -0.3173
vn -0.4485 0.8356 0.3173
vn 0.0714 0.8043 0.5900
vn 0.4897 0.8480 0.2028
vn 0.4539 0.8481 0.2734
vn -0.0000 0.9071 -0.4208
vn 0.2682 0.9240 0.2724
vn -0.6053 0.6878 -0.4008
vn -0.6053 0.6878 0.4008
vn -0.0430 0.9904 0.1311
vn -0.6334 0.6958 -0.3386
vn 0.0923 0.7362 0.6704
vn 0.0704 0.6958 -0.7148
vn -0.5552 0.6958 -0.4556
vn 0.2085 0.6958 0.6873
vn 0.2085 0.6958 -0.6873
vn -0.4556 0.6958 -0.5552
vn 0.0704 0.6958 0.7148
vn 0.0923 0.7362 -0.6704
vn -0.3386 0.6958 -0.6334
vn -0.0704 0.6958 0.7148
vn -0.0430 0.9904 -0.1311
vn -0.2085 0.6958 -0.6873
vn -0.2085 0.6958 0.6873
vn 0.3170 0.9414 -0.1153
vn -0.0704 0.6958 -0.7148
vn -0.3386 0.6958 0.6334
vn 0.3290 0.9278 -0.1758
vn -0.4556 0.6958 0.5552
vn 0.3570 0.9278 -0.1083
vn -0.5552 0.6958 0.4556
vn 0.3712 0.9278 -0.0366
vn -0.6334 0.6958 0.3386
vn 0.3712 0.9278 0.0366
vn -0.6873 0.6958 0.2085
vn 0.3570 0.9278 0.1083
vn -0.7148 0.6958 0.0704
vn 0.3290 0.9278 0.1758
vn -0.7148 0.6958 -0.0704
vn 0.3170 0.9414 0.1153
vn -0.6873 0.6958 -0.2085
vn 0.3944 0.6995 0.5959
vn -0.6208 0.6575 -0.4269
vn 0.2716 0.7044 0.6558
vn 0.1371 0.6575 -0.7409
vn -0.5109 0.6846 -0.5199
vn 0.1424 0.6995 0.7003
vn 0.2888 0.6125 -0.7358
vn -0.3944 0.6995 -0.5959
vn 0.0063 0.6846 0.7289
vn 0.4530 0.5318 -0.7155
vn -0.2716 0.7044 -0.6558
vn -0.1371 0.6575 0.7409
vn 0.6379 0.3685 -0.6763
vn -0.0000 0.2391 -0.9710
vn -0.1424 0.6995 -0.7003
vn -0.2888 0.6125 0.7358
vn 0.8218 0.1190 -0.5572
vn -0.4530 0.5318 0.7155
vn 0.9134 0.1499 -0.3784
vn -0.6379 0.3685 0.6763
vn 0.9751 0.1190 -0.1871
vn -0.8218 0.1190 0.5572
vn 0.9292 0.3685 0.0272
vn -0.9134 0.1499 0.3784
vn 0.8263 0.5318 0.1856
vn -0.9751 0.1190 0.1871
vn 0.7246 0.6125 0.3161
vn -0.9293 0.3684 -0.0272
vn 0.6866 0.2391 0.6866
vn 0.6208 0.6575 0.4269
vn -0.8971 0.2391 -0.3716
vn -0.8263 0.5318 -0.1856
vn -0.9563 -0.0000 0.2924
vn -0.1758 -0.0000 0.9844
vn -0.8517 -0.0000 0.5241
vn -0.9306 -0.0000 0.3660
vn -0.3827 -0.0000 -0.9239
vn -0.1951 -0.0000 -0.9808
vn 0.1959 -0.0000 0.9806
vn 0.0707 -0.0000 0.9975
vn 1.0000 -0.0000 -0.0000
vn 0.9877 -0.0000 -0.1564
vn -0.7325 -0.0000 0.6808
vn -0.1951 -0.0000 0.9808
vn -0.3827 -0.0000 0.9239
vn 0.3827 -0.0000 0.9239
vn -0.9934 -0.0000 0.1146
vn -0.5710 -0.0000 0.8209
vn 0.5556 -0.0000 0.8315
vn 0.0033 -0.0000 1.0000
vn -0.0005 -0.0000 1.0000
vn -0.4013 -0.0000 0.9159
vn -0.0000 -0.0000 -1.0000
vn 0.7071 -0.0000 0.7071
vn -1.0000 -0.0000 -0.0000
vn -0.2159 -0.0000 0.9764
vn -0.5556 -0.0000 0.8315
vn 0.8315 -0.0000 0.5556
vn -0.0406 -0.0000 0.9992
vn 0.9239 -0.0000 0.3827
vn -0.0000 -0.0000 1.0000
vn 0.1951 -0.0000 0.9808
vn 0.2093 -0.0000 -0.9778
vn -0.1758 -0.0000 -0.9844
vn -0.7071 -0.0000 0.7071
vn 0.9808 -0.0000 0.1951
vn -0.8315 -0.0000 0.5556
vn -0.9969 -0.0000 0.0791
vn -0.4056 -0.0000 0.9140
vn 0.9808 -0.0000 -0.1951
vn 0.2093 -0.0000 0.9778
vn 0.9239 -0.0000 -0.3827
vn -0.9239 -0.0000 0.3827
vn 0.8315 -0.0000 -0.5556
vn 0.7071 -0.0000 -0.7071
vn -0.4886 -0.0000 -0.8725
vn -0.0005 -0.0000 -1.0000
vn 0.0033 -0.0000 -1.0000
vn -0.9808 -0.0000 0.1951
vn 0.5556 -0.0000 -0.8315
vn -0.9969 -0.0000 -0.0791
vn -0.4886 -0.0000 0.8725
vn 0.3827 -0.0000 -0.9239
vn 0.9877 -0.0000 0.1564
vn 0.1959 -0.0000 -0.9806
vn -0.9239 -0.0000 -0.3827
vn -0.8315 -0.0000 -0.5556
vn 0.0707 -0.0000 -0.9975
vn 0.3421 -0.0000 0.9397
vn 0.9260 -0.0000 0.3775
vn -0.9808 -0.0000 -0.1951
vn -0.2159 -0.0000 -0.9764
vn -0.0406 -0.0000 -0.9992
vn 0.1951 -0.0000 -0.9808
vn -0.9934 -0.0000 -0.1146
vn -0.4013 -0.0000 -0.9160
vn -0.7071 -0.0000 -0.7071
vn -0.5710 -0.0000 -0.8209
vn -0.9563 -0.0000 -0.2924
vn -0.7325 -0.0000 -0.6808
vn 0.3421 -0.0000 -0.9397
vn -0.8517 -0.0000 -0.5241
vn -0.5556 -0.0000 -0.8315
vn -0.9306 -0.0000 -0.3660
vn -0.9825 -0.0000 -0.1862
vn -0.4056 -0.0000 -0.9140
vn 0.9260 -0.0000 -0.3775
vn -0.9825 -0.0000 0.1862
vn -0.0137 0.9938 -0.1100
vn -0.0308 0.9947 -0.0983
vn -0.0477 0.9947 -0.0912
vn -0.0681 0.9938 -0.0874
vn -0.0969 0.9916 -0.0858
vn -0.1436 0.9860 -0.0845
vn -0.2293 0.9702 -0.0788
vn -0.3980 0.9161 -0.0491
vn -0.6540 0.7540 0.0609
vn -0.7036 0.6771 0.2158
vn -0.6501 0.6771 0.3449
vn -0.5055 0.7541 0.4194
vn -0.2467 0.9161 0.3161
vn -0.1064 0.9702 0.2178
vn -0.0417 0.9860 0.1613
vn -0.0079 0.9916 0.1292
vn 0.0137 0.9938 0.1100
vn 0.0308 0.9947 0.0983
vn 0.0477 0.9947 0.0912
vn 0.0681 0.9938 0.0874
vn 0.0969 0.9916 0.0858
vn 0.1436 0.9860 0.0845
vn 0.2293 0.9702 0.0788
vn 0.3980 0.9161 0.0491
vn 0.6540 0.7541 -0.0609
vn 0.7036 0.6771 -0.2158
vn 0.6501 0.6771 -0.3449
vn 0.5055 0.7541 -0.4194
vn 0.2467 0.9161 -0.3161
vn 0.1064 0.9702 -0.2178
vn 0.0417 0.9860 -0.1613
vn 0.0079 0.9916 -0.1292
vn 0.0444 0.9977 -0.0509
vn 0.1500 0.9867 -0.0621
vn 0.0674 0.9977 0.0046
vn 0.0098 0.9997 -0.0245
vn 0.0017 1.0000 -0.0007
vn 0.0243 0.9997 0.0104
vn 0.0030 0.9999 -0.0167
vn 0.0008 1.0000 -0.0003
vn 0.0139 0.9999 0.0097
vn 0.0001 0.9999 -0.0130
vn 0.0004 1.0000 -0.0002
vn 0.0092 0.9999 0.0091
vn -0.0015 0.9999 -0.0109
vn 0.0067 0.9999 0.0088
vn -0.0027 0.9999 -0.0097
vn 0.0001 1.0000 -0.0001
vn 0.0050 0.9999 0.0088
vn -0.0038 1.0000 -0.0091
vn 0.0038 1.0000 0.0091
vn -0.0050 0.9999 -0.0088
vn 0.0027 0.9999 0.0097
vn -0.0067 0.9999 -0.0088
vn -0.0001 1.0000 0.0001
vn 0.0015 0.9999 0.0109
vn -0.0092 0.9999 -0.0091
vn -0.0001 0.9999 0.0130
vn -0.0139 0.9999 -0.0097
vn -0.0004 1.0000 0.0002
vn -0.0030 0.9999 0.0167
vn -0.0243 0.9997 -0.0104
vn -0.0008 1.0000 0.0003
vn -0.0098 0.9997 0.0245
vn -0.0674 0.9977 -0.0046
vn -0.0017 1.0000 0.0007
vn -0.0444 0.9977 0.0509
vn -0.1500 0.9867 0.0621
vn 0.5395 0.2391 0.8073
vn -0.8073 0.2391 -0.5394
vn 0.3716 0.2391 0.8971
vn 0.1894 0.2391 -0.9523
vn -0.6866 0.2391 -0.6866
vn 0.1894 0.2391 0.9523
vn 0.3716 0.2391 -0.8971
vn -0.5394 0.2391 -0.8073
vn -0.0000 0.2391 0.9710
vn 0.5394 0.2391 -0.8073
vn -0.3716 0.2391 -0.8971
vn -0.1894 0.2391 0.9523
vn 0.6866 0.2391 -0.6866
vn -0.0063 0.6846 -0.7289
vn -0.1894 0.2391 -0.9523
vn -0.3716 0.2391 0.8971
vn 0.8073 0.2391 -0.5394
vn -0.5394 0.2391 0.8073
vn 0.8971 0.2391 -0.3716
vn -0.6866 0.2391 0.6866
vn 0.9523 0.2391 -0.1894
vn -0.8073 0.2391 0.5394
vn 0.9710 0.2391 -0.0000
vn -0.8971 0.2391 0.3716
vn 0.9523 0.2391 0.1894
vn -0.9523 0.2391 0.1894
vn 0.8971 0.2391 0.3716
vn -0.9710 0.2391 -0.0000
vn 0.5109 0.6846 0.5199
vn 0.8073 0.2391 0.5394
vn -0.7246 0.6125 -0.3161
vn -0.9523 0.2391 -0.1894
vn 0.6279 0.1217 0.7687
vn -0.8764 0.0905 -0.4731
vn 0.4668 0.1288 0.8749
vn 0.0940 0.1083 -0.9897
vn -0.9533 0.0709 -0.2935
vn 0.7663 0.1083 0.6333
vn -0.9935 0.0524 -0.1014
vn 0.8764 0.0905 0.4731
vn -0.9947 0.0384 0.0959
vn 0.9533 0.0709 0.2935
vn -0.9561 0.0357 0.2907
vn 0.9935 0.0524 0.1014
vn -0.8817 0.0357 0.4705
vn 0.9947 0.0384 -0.0959
vn -0.7711 0.0384 0.6355
vn 0.9561 0.0357 -0.2907
vn -0.6308 0.0524 0.7742
vn 0.8817 0.0357 -0.4705
vn -0.4666 0.0709 0.8816
vn -0.0996 0.1217 -0.9876
vn 0.7711 0.0384 -0.6355
vn -0.2852 0.0905 0.9542
vn -0.2886 0.1288 -0.9487
vn 0.6308 0.0524 -0.7742
vn -0.0940 0.1083 0.9897
vn -0.4668 0.1288 -0.8749
vn 0.4666 0.0709 -0.8816
vn 0.0996 0.1217 0.9876
vn -0.6279 0.1217 -0.7687
vn 0.2852 0.0905 -0.9542
vn 0.2886 0.1288 0.9487
vn -0.7663 0.1083 -0.6333
vn -0.1894 0.9270 -0.3237
vn -0.2998 0.9404 -0.1603
vn -0.3253 0.9404 -0.0987
vn -0.3383 0.9404 -0.0333
vn -0.3383 0.9404 0.0333
vn -0.3253 0.9404 0.0987
vn -0.2998 0.9404 0.1603
vn -0.1894 0.9270 0.3237
vn 0.3305 0.8662 -0.3749
vn 0.0036 0.9999 -0.0103
vn -0.0034 1.0000 -0.0014
vn -0.0036 1.0000 -0.0007
vn -0.0036 1.0000 -0.0000
vn -0.0036 1.0000 0.0007
vn -0.0034 1.0000 0.0014
vn 0.0036 0.9999 0.0103
vn 0.3305 0.8662 0.3749
vn 0.3741 0.9239 -0.0807
vn 0.2868 0.9457 -0.1533
vn 0.3112 0.9457 -0.0944
vn 0.3236 0.9457 -0.0319
vn 0.3236 0.9457 0.0319
vn 0.3112 0.9457 0.0944
vn 0.2868 0.9457 0.1533
vn 0.3741 0.9239 0.0807
vn 0.5199 0.8480 -0.1034
vn 0.4539 0.8481 -0.2734
vn 0.6056 0.7703 0.1999
vn 0.6056 0.7703 -0.1999
vn -0.5079 0.8353 -0.2104
vn -0.5392 0.8353 -0.1073
vn 0.5199 0.8480 0.1034
vn -0.5498 0.8353 -0.0000
vn 0.4897 0.8480 -0.2028
vn -0.5392 0.8353 0.1073
vn -0.5079 0.8353 0.2104
vn -0.0263 -0.6583 0.7523
vn -0.0033 -1.0000 0.0011
vn -0.0799 -0.9504 -0.3006
vn -0.0035 -1.0000 0.0035
vn -0.0867 -0.9808 -0.1745
vn -0.0146 -0.9998 -0.0122
vn -0.0893 -0.9897 -0.1118
vn -0.0699 -0.9976 -0.0034
vn -0.0699 -0.9976 0.0034
vn -0.0893 -0.9897 0.1118
vn -0.0146 -0.9998 0.0122
vn -0.0867 -0.9808 0.1745
vn -0.0036 -1.0000 -0.0035
vn -0.0799 -0.9504 0.3006
vn -0.0033 -1.0000 -0.0011
vn -0.0263 -0.6583 -0.7523
vn -0.0000 -0.7053 -0.7089
vn -0.0051 -0.9837 0.1799
vn -0.0051 -0.9837 -0.1799
vn -0.0000 -0.7053 0.7089
vn 0.0169 -0.7743 0.6326
vn -0.0785 -0.9969 -0.0008
vn -0.0710 -0.9975 -0.0023
vn -0.0534 -0.9981 -0.0294
vn -0.0068 -0.9998 -0.0208
vn -0.0068 -0.9998 0.0208
vn -0.0534 -0.9981 0.0294
vn -0.0710 -0.9975 0.0023
vn -0.0785 -0.9969 0.0008
vn 0.0169 -0.7743 -0.6326
vn 0.2042 -0.9770 -0.0619
vn 0.1222 -0.9812 -0.1492
vn 0.1882 -0.9770 -0.1006
vn 0.0944 -0.9799 -0.1759
vn 0.0608 -0.9919 0.1119
vn 0.1650 -0.9770 -0.1354
vn 0.0606 -0.9781 -0.1990
vn 0.0606 -0.9781 0.1990
vn 0.0818 -0.9834 -0.1621
vn 0.0608 -0.9919 -0.1119
vn 0.0944 -0.9799 0.1759
vn -0.0038 -0.9986 -0.0537
vn 0.0160 -0.9998 -0.0072
vn 0.1222 -0.9812 0.1492
vn 0.0031 -0.9999 -0.0102
vn 0.0031 -0.9999 0.0102
vn 0.1397 -0.9832 0.1171
vn 0.0160 -0.9998 0.0072
vn -0.0038 -0.9986 0.0537
vn 0.1548 -0.9846 0.0811
vn 0.0818 -0.9834 0.1621
vn 0.1705 -0.9841 0.0499
vn 0.1650 -0.9770 0.1354
vn 0.1791 -0.9837 0.0170
vn 0.1882 -0.9770 0.1006
vn 0.1791 -0.9837 -0.0170
vn 0.2042 -0.9770 0.0619
vn 0.1705 -0.9841 -0.0499
vn 0.2124 -0.9770 0.0209
vn 0.1548 -0.9846 -0.0811
vn 0.2124 -0.9770 -0.0209
vn 0.1397 -0.9832 -0.1171
vn -0.1926 -0.9794 -0.0599
vn -0.2059 -0.9783 -0.0216
vn -0.2134 -0.9769 0.0139
vn -0.2041 -0.9765 0.0687
vn -0.1929 -0.9765 0.0958
vn -0.1607 -0.9769 0.1411
vn -0.1303 -0.9783 0.1609
vn -0.0938 -0.9794 0.1786
vn -0.0192 -0.9819 -0.1885
vn -0.0559 -0.9805 0.1886
vn -0.0547 -0.9822 -0.1797
vn -0.0391 -0.9970 -0.0674
vn -0.0179 -0.9813 0.1916
vn -0.0884 -0.9822 -0.1658
vn 0.0253 -0.9842 -0.1750
vn 0.0192 -0.9819 0.1885
vn -0.1197 -0.9819 -0.1468
vn 0.0559 -0.9805 -0.1886
vn 0.0547 -0.9822 0.1797
vn -0.1481 -0.9813 -0.1229
vn 0.0179 -0.9813 -0.1916
vn 0.0237 -0.9858 0.1664
vn -0.1728 -0.9805 -0.0938
vn -0.0387 -0.9970 0.0664
vn -0.1689 -0.9774 0.1275
vn -0.1689 -0.9774 -0.1275
vn -0.0263 0.6583 0.7523
vn -0.0033 1.0000 0.0011
vn -0.0799 0.9504 -0.3006
vn -0.0035 1.0000 0.0035
vn -0.0867 0.9808 -0.1745
vn -0.0146 0.9998 -0.0122
vn -0.0893 0.9897 -0.1118
vn -0.0699 0.9976 -0.0034
vn -0.0699 0.9976 0.0034
vn -0.0893 0.9897 0.1118
vn -0.0146 0.9998 0.0122
vn -0.0867 0.9808 0.1745
vn -0.0035 1.0000 -0.0035
vn -0.0799 0.9504 0.3006
vn -0.0033 1.0000 -0.0011
vn -0.0263 0.6583 -0.7523
vn -0.0000 0.7053 -0.7089
vn -0.0051 0.9837 0.1799
vn -0.0051 0.9837 -0.1799
vn -0.0000 0.7053 0.7089
vn 0.0169 0.7743 0.6326
vn -0.0785 0.9969 -0.0008
vn -0.0710 0.9975 -0.0023
vn -0.0534 0.9981 -0.0294
vn -0.0068 0.9998 -0.0208
vn -0.0068 0.9998 0.0208
vn -0.0534 0.9981 0.0294
vn -0.0710 0.9975 0.0023
vn -0.0785 0.9969 0.0008
vn 0.0169 0.7743 -0.6326
vn 0.1469 0.9882 -0.0445
vn 0.1222 0.9812 -0.1492
vn 0.1353 0.9882 -0.0723
vn 0.0944 0.9799 -0.1759
vn 0.0608 0.9919 0.1119
vn 0.1306 0.9866 -0.0978
vn 0.0606 0.9781 -0.1990
vn 0.0606 0.9781 0.1990
vn 0.0843 0.9861 -0.1434
vn 0.0608 0.9919 -0.1119
vn 0.0944 0.9799 0.1759
vn -0.0038 0.9986 -0.0537
vn 0.0160 0.9998 -0.0072
vn 0.1222 0.9812 0.1492
vn 0.0031 0.9999 -0.0102
vn 0.0031 0.9999 0.0102
vn 0.1397 0.9832 0.1171
vn 0.0160 0.9998 0.0072
vn -0.0038 0.9986 0.0537
vn 0.1548 0.9846 0.0811
vn 0.0843 0.9861 0.1434
vn 0.1705 0.9841 0.0499
vn 0.1306 0.9866 0.0978
vn 0.1791 0.9837 0.0170
vn 0.1353 0.9882 0.0723
vn 0.1791 0.9837 -0.0170
vn 0.1469 0.9882 0.0445
vn 0.1705 0.9841 -0.0499
vn 0.1527 0.9882 0.0150
vn 0.1548 0.9846 -0.0811
vn 0.1527 0.9882 -0.0150
vn 0.1397 0.9832 -0.1171
vn -0.4027 0.9071 -0.1222
vn 0.2399 0.9581 0.1563
vn -0.4188 0.9071 -0.0412
vn 0.2648 0.9539 0.1415
vn -0.4188 0.9071 0.0412
vn 0.2873 0.9539 0.0872
vn -0.4027 0.9071 0.1222
vn 0.2988 0.9539 0.0294
vn -0.3711 0.9071 0.1984
vn 0.2988 0.9539 -0.0294
vn -0.3253 0.9071 0.2670
vn 0.2873 0.9539 -0.0872
vn -0.2670 0.9071 0.3253
vn 0.2648 0.9539 -0.1415
vn -0.1984 0.9071 0.3711
vn -0.0412 0.9071 -0.4188
vn 0.2399 0.9581 -0.1563
vn -0.1222 0.9071 0.4027
vn -0.1222 0.9071 -0.4027
vn 0.1217 0.9677 -0.2208
vn -0.0412 0.9071 0.4188
vn -0.1984 0.9071 -0.3711
vn 0.1234 0.9194 -0.3735
vn 0.0412 0.9071 0.4188
vn -0.2670 0.9071 -0.3253
vn 0.1222 0.9071 -0.4027
vn 0.1222 0.9071 0.4027
vn -0.3253 0.9071 -0.2670
vn 0.0412 0.9071 -0.4188
vn 0.1234 0.9194 0.3735
vn -0.3711 0.9071 -0.1984
vn 0.1217 0.9677 0.2208
vn -0.1156 0.9902 0.0789
vn -0.1156 0.9902 -0.0789
vn -0.5261 0.8353 -0.1596
vn -0.4849 0.8353 -0.2592
vn 0.5185 0.8399 0.1604
vn 0.5185 0.8399 -0.1604
vn 0.5275 0.8480 -0.0520
vn -0.3206 0.8347 -0.4478
vn -0.3206 0.8347 0.4478
vn 0.4675 0.8480 0.2499
vn -0.5667 0.6728 -0.4756
vn 0.2078 0.7032 0.6799
vn 0.2118 0.6379 -0.7404
vn -0.4535 0.6934 -0.5599
vn 0.0753 0.6934 0.7166
vn 0.3689 0.5786 -0.7274
vn -0.3338 0.7032 -0.6278
vn -0.0644 0.6728 0.7370
vn 0.5427 0.4649 -0.6995
vn -0.2079 0.7032 -0.6799
vn -0.2118 0.6379 0.7404
vn 0.7334 0.2394 -0.6362
vn -0.0753 0.6934 -0.7166
vn -0.3689 0.5786 0.7274
vn 0.8789 0.1320 -0.4584
vn -0.5427 0.4649 0.6995
vn 0.9456 0.1320 -0.2973
vn -0.7334 0.2394 0.6362
vn 0.9685 0.2394 -0.0688
vn -0.8789 0.1320 0.4584
vn 0.8784 0.4649 0.1109
vn -0.9456 0.1320 0.2973
vn 0.7752 0.5786 0.2535
vn -0.9685 0.2394 0.0688
vn 0.6733 0.6379 0.3738
vn -0.8784 0.4649 -0.1109
vn 0.5667 0.6728 0.4756
vn -0.7752 0.5786 -0.2535
vn -0.7074 -0.0000 0.7068
vn -0.8937 -0.0000 0.4487
vn -0.2903 -0.0000 -0.9569
vn 0.1173 -0.0000 0.9931
vn 0.9969 -0.0000 -0.0781
vn -0.8003 -0.0000 0.5996
vn -0.2903 -0.0000 0.9569
vn 0.2903 -0.0000 0.9569
vn -0.9848 -0.0000 0.1735
vn -0.6527 -0.0000 0.7577
vn 0.4714 -0.0000 0.8819
vn -0.4881 -0.0000 0.8728
vn -0.0980 -0.0000 -0.9952
vn 0.6344 -0.0000 0.7730
vn -0.9984 -0.0000 0.0570
vn -0.3104 -0.0000 0.9506
vn -0.4714 -0.0000 0.8819
vn 0.7730 -0.0000 0.6344
vn -0.1213 -0.0000 0.9926
vn 0.8819 -0.0000 0.4714
vn 0.0980 -0.0000 0.9952
vn 0.0199 -0.0000 -0.9998
vn -0.6344 -0.0000 0.7730
vn 0.9569 -0.0000 0.2903
vn 0.0346 -0.0000 0.9994
vn 0.9952 -0.0000 0.0980
vn -0.7730 -0.0000 0.6344
vn -0.6782 -0.0000 0.7349
vn 0.9952 -0.0000 -0.0980
vn 0.0199 -0.0000 0.9998
vn 0.9569 -0.0000 -0.2903
vn -0.8819 -0.0000 0.4714
vn -0.0980 -0.0000 0.9952
vn 0.8819 -0.0000 -0.4714
vn 0.7730 -0.0000 -0.6344
vn -0.8467 -0.0000 -0.5320
vn -0.9569 -0.0000 0.2903
vn 0.6344 -0.0000 -0.7730
vn -0.8467 -0.0000 0.5320
vn 0.4714 -0.0000 -0.8819
vn 0.9969 -0.0000 0.0781
vn -0.9952 -0.0000 0.0980
vn 0.2903 -0.0000 -0.9569
vn -0.8819 -0.0000 -0.4714
vn 0.0346 -0.0000 -0.9994
vn 0.1173 -0.0000 -0.9931
vn 0.1099 -0.0000 0.9939
vn 0.9720 -0.0000 0.2349
vn -0.9952 -0.0000 -0.0980
vn -0.1213 -0.0000 -0.9926
vn 0.0980 -0.0000 -0.9952
vn -0.9984 -0.0000 -0.0570
vn -0.3104 -0.0000 -0.9506
vn -0.7730 -0.0000 -0.6344
vn 0.6452 -0.0000 0.7640
vn -0.9569 -0.0000 -0.2903
vn -0.4881 -0.0000 -0.8728
vn -0.9848 -0.0000 -0.1735
vn -0.6527 -0.0000 -0.7577
vn -0.8003 -0.0000 -0.5996
vn -0.6344 -0.0000 -0.7730
vn -0.7074 -0.0000 -0.7068
vn -0.8937 -0.0000 -0.4487
vn -0.0057 -0.0000 -1.0000
vn -0.9607 -0.0000 -0.2775
vn 0.1099 -0.0000 -0.9939
vn 0.6452 -0.0000 -0.7640
vn -0.9956 -0.0000 -0.0934
vn -0.4714 -0.0000 -0.8819
vn -0.6782 -0.0000 -0.7349
vn -0.0057 -0.0000 1.0000
vn -0.9956 -0.0000 0.0934
vn 0.9720 -0.0000 -0.2349
vn -0.9607 -0.0000 0.2775
vn 0.1799 0.9764 -0.1192
vn 0.2115 0.9764 -0.0429
vn 0.0176 0.9993 -0.0323
vn 0.0353 0.9993 0.0103
vn 0.0055 0.9998 -0.0198
vn 0.0179 0.9998 0.0101
vn 0.0013 0.9999 -0.0146
vn 0.0112 0.9999 0.0094
vn -0.0008 0.9999 -0.0118
vn 0.0078 0.9999 0.0089
vn -0.0021 0.9999 -0.0102
vn 0.0057 0.9999 0.0088
vn -0.0032 1.0000 -0.0093
vn 0.0043 1.0000 0.0089
vn -0.0043 1.0000 -0.0089
vn 0.0032 1.0000 0.0093
vn -0.0057 0.9999 -0.0088
vn 0.0021 0.9999 0.0103
vn -0.0078 0.9999 -0.0089
vn 0.0008 0.9999 0.0118
vn -0.0112 0.9999 -0.0094
vn -0.0013 0.9999 0.0146
vn -0.0179 0.9998 -0.0101
vn -0.0055 0.9998 0.0198
vn -0.0353 0.9993 -0.0104
vn -0.0176 0.9993 0.0323
vn -0.2115 0.9764 0.0429
vn -0.1800 0.9764 0.1192
vn 0.0644 0.6728 -0.7370
vn 0.3338 0.7032 0.6278
vn -0.6733 0.6379 -0.3738
vn 0.4535 0.6934 0.5599
vn 0.6160 0.2391 0.7506
vn -0.8563 0.2391 -0.4577
vn 0.4577 0.2391 0.8563
vn 0.0952 0.2391 -0.9663
vn -0.9292 0.2391 -0.2819
vn 0.7506 0.2391 0.6160
vn -0.9663 0.2391 -0.0952
vn 0.8563 0.2391 0.4577
vn -0.9663 0.2391 0.0952
vn 0.9292 0.2391 0.2819
vn -0.9292 0.2391 0.2819
vn 0.9663 0.2391 0.0952
vn -0.8563 0.2391 0.4577
vn 0.9663 0.2391 -0.0952
vn -0.7506 0.2391 0.6160
vn 0.9292 0.2391 -0.2819
vn -0.6160 0.2391 0.7506
vn 0.8563 0.2391 -0.4577
vn -0.4577 0.2391 0.8563
vn -0.0952 0.2391 -0.9663
vn 0.7506 0.2391 -0.6160
vn -0.2819 0.2391 0.9292
vn -0.2819 0.2391 -0.9292
vn 0.6160 0.2391 -0.7506
vn -0.0952 0.2391 0.9663
vn -0.4577 0.2391 -0.8563
vn 0.4577 0.2391 -0.8563
vn 0.0952 0.2391 0.9663
vn -0.6160 0.2391 -0.7506
vn 0.2819 0.2391 -0.9292
vn 0.2819 0.2391 0.9292
vn -0.7506 0.2391 -0.6160
vn 0.0648 0.9946 0.0812
vn -0.0032 1.0000 0.0017
vn -0.0035 1.0000 0.0011
vn -0.0036 1.0000 0.0004
vn -0.0036 1.0000 -0.0004
vn -0.0035 1.0000 -0.0011
vn -0.0032 1.0000 -0.0017
vn 0.0648 0.9946 -0.0812
vn 0.5275 0.8480 0.0520
vn -0.5471 0.8353 -0.0539
vn 0.4764 0.7093 -0.5195
vn 0.4675 0.8480 -0.2499
vn -0.5471 0.8353 0.0539
vn 0.5072 0.8480 0.1539
vn -0.5261 0.8353 0.1596
vn 0.4764 0.7093 0.5195
vn 0.5072 0.8480 -0.1539
vn -0.4849 0.8353 0.2592
vn 0.0001 -0.4203 0.9074
vn -0.0000 0.5526 0.8334
vn -0.2357 -0.4482 0.8623
vn -0.2157 0.5526 0.8050
vn -0.4416 -0.4769 0.7600
vn -0.4167 0.5526 0.7218
vn -0.6177 -0.4868 0.6177
vn -0.5893 0.5526 0.5893
vn -0.7600 -0.4769 0.4416
vn -0.7218 0.5526 0.4167
vn -0.8623 -0.4483 0.2357
vn -0.8050 0.5526 0.2157
vn -0.9074 -0.4203 -0.0001
vn -0.8334 0.5526 -0.0000
vn -0.8606 -0.4514 -0.2357
vn -0.8050 0.5526 -0.2157
vn -0.7560 -0.4850 -0.4397
vn -0.7218 0.5526 -0.4167
vn -0.6136 -0.4970 -0.6136
vn -0.5893 0.5526 -0.5893
vn -0.4397 -0.4850 -0.7560
vn -0.4167 0.5526 -0.7218
vn -0.2357 -0.4514 -0.8606
vn -0.2157 0.5526 -0.8050
vn -0.0001 -0.4203 -0.9074
vn -0.0000 0.5526 -0.8334
vn 0.2357 -0.4482 -0.8623
vn 0.2157 0.5526 -0.8050
vn 0.4416 -0.4769 -0.7600
vn 0.4167 0.5526 -0.7218
vn 0.6177 -0.4868 -0.6177
vn 0.5893 0.5526 -0.5893
vn 0.7600 -0.4769 -0.4416
vn 0.7218 0.5526 -0.4167
vn 0.8623 -0.4483 -0.2357
vn 0.8050 0.5526 -0.2157
vn 0.9074 -0.4203 0.0001
vn 0.8334 0.5526 -0.0000
vn 0.8606 -0.4514 0.2357
vn 0.8050 0.5526 0.2157
vn 0.7560 -0.4850 0.4397
vn 0.7218 0.5526 0.4167
vn 0.6136 -0.4970 0.6136
vn 0.5893 0.5526 0.5893
vn 0.4397 -0.4850 0.7560
vn 0.4167 0.5526 0.7218
vn 0.2357 -0.4514 0.8606
vn 0.2157 0.5526 0.8050
vn -0.0000 -0.6920 -0.7219
vn 0.1868 -0.6920 -0.6973
vn 0.3610 -0.6920 -0.6252
vn 0.5105 -0.6920 -0.5105
vn 0.6252 -0.6920 -0.3610
vn 0.6973 -0.6920 -0.1868
vn 0.7219 -0.6920 -0.0000
vn 0.6973 -0.6920 0.1868
vn 0.6252 -0.6920 0.3610
vn 0.5105 -0.6920 0.5105
vn 0.3610 -0.6920 0.6252
vn 0.1868 -0.6920 0.6973
vn -0.0000 -0.6920 0.7219
vn -0.1868 -0.6920 0.6973
vn -0.3610 -0.6920 0.6252
vn -0.5105 -0.6920 0.5105
vn -0.6252 -0.6920 0.3610
vn -0.6973 -0.6920 0.1868
vn -0.7219 -0.6920 -0.0000
vn -0.6973 -0.6920 -0.1868
vn -0.6252 -0.6920 -0.3610
vn -0.5105 -0.6920 -0.5105
vn -0.3610 -0.6920 -0.6252
vn -0.1868 -0.6920 -0.6973
vn 0.1756 0.7347 -0.6553
vn 0.3392 0.7347 -0.5875
vn 0.4797 0.7347 -0.4797
vn 0.5875 0.7347 -0.3392
vn 0.6553 0.7347 -0.1756
vn 0.6784 0.7347 -0.0000
vn 0.6553 0.7347 0.1756
vn 0.5875 0.7347 0.3392
vn 0.4797 0.7347 0.4797
vn 0.3392 0.7347 0.5875
vn 0.1756 0.7347 0.6553
vn -0.0000 0.7347 0.6784
vn -0.1756 0.7347 0.6553
vn -0.3392 0.7347 0.5875
vn -0.4797 0.7347 0.4797
vn -0.5875 0.7347 0.3392
vn -0.6553 0.7347 0.1756
vn -0.6784 0.7347 -0.0000
vn -0.6553 0.7347 -0.1756
vn -0.5875 0.7347 -0.3392
vn -0.4797 0.7347 -0.4797
vn -0.3392 0.7347 -0.5875
vn -0.1756 0.7347 -0.6553
vn -0.0000 0.7347 -0.6784
vn -0.0000 -0.5957 -0.8032
vn 0.2079 -0.5957 -0.7758
vn 0.2297 0.4610 -0.8571
vn -0.0000 0.4610 -0.8874
vn -0.0000 -0.4409 -0.8975
vn 0.2160 0.5508 -0.8062
vn 0.4016 -0.5957 -0.6956
vn 0.4437 0.4610 -0.7685
vn 0.4173 0.5508 -0.7228
vn 0.5679 -0.5957 -0.5679
vn 0.6275 0.4610 -0.6275
vn 0.5902 0.5508 -0.5902
vn 0.6956 -0.5957 -0.4016
vn 0.7685 0.4610 -0.4437
vn 0.7228 0.5508 -0.4173
vn 0.7758 -0.5957 -0.2079
vn 0.8571 0.4610 -0.2297
vn 0.8062 0.5508 -0.2160
vn 0.8032 -0.5957 -0.0000
vn 0.8874 0.4610 -0.0000
vn 0.8346 0.5508 -0.0000
vn 0.7758 -0.5957 0.2079
vn 0.8571 0.4610 0.2297
vn 0.8062 0.5508 0.2160
vn 0.6956 -0.5957 0.4016
vn 0.7685 0.4610 0.4437
vn 0.7228 0.5508 0.4173
vn 0.5679 -0.5957 0.5679
vn 0.6275 0.4610 0.6275
vn 0.5902 0.5508 0.5902
vn 0.4016 -0.5957 0.6956
vn 0.4437 0.4610 0.7685
vn 0.4173 0.5508 0.7228
vn 0.2079 -0.5957 0.7758
vn 0.2297 0.4610 0.8571
vn 0.2160 0.5508 0.8062
vn -0.0000 -0.5957 0.8032
vn -0.0000 0.4610 0.8874
vn -0.0000 0.5508 0.8346
vn -0.2079 -0.5957 0.7758
vn -0.2297 0.4610 0.8571
vn -0.2160 0.5508 0.8062
vn -0.4016 -0.5957 0.6956
vn -0.4437 0.4610 0.7685
vn -0.4173 0.5508 0.7228
vn -0.5679 -0.5957 0.5679
vn -0.6275 0.4610 0.6275
vn -0.5902 0.5508 0.5902
vn -0.6956 -0.5957 0.4016
vn -0.7685 0.4610 0.4437
vn -0.7228 0.5508 0.4173
vn -0.7758 -0.5957 0.2079
vn -0.8571 0.4610 0.2297
vn -0.8062 0.5508 0.2160
vn -0.8032 -0.5957 -0.0000
vn -0.8874 0.4610 -0.0000
vn -0.8346 0.5508 -0.0000
vn -0.7758 -0.5957 -0.2079
vn -0.8571 0.4610 -0.2297
vn -0.8062 0.5508 -0.2160
vn -0.6956 -0.5957 -0.4016
vn -0.7685 0.4610 -0.4437
vn -0.7228 0.5508 -0.4173
vn -0.5679 -0.5957 -0.5679
vn -0.6275 0.4610 -0.6275
vn -0.5902 0.5508 -0.5902
vn -0.4016 -0.5957 -0.6956
vn -0.4437 0.4610 -0.7685
vn -0.4173 0.5508 -0.7228
vn -0.2079 -0.5957 -0.7758
vn -0.2297 0.4610 -0.8571
vn -0.2160 0.5508 -0.8062
vn 0.2323 -0.4409 -0.8670
vn 0.4488 -0.4409 -0.7773
vn 0.6347 -0.4409 -0.6347
vn 0.7773 -0.4409 -0.4488
vn 0.8670 -0.4409 -0.2323
vn 0.8975 -0.4409 -0.0000
vn 0.8670 -0.4409 0.2323
vn 0.7773 -0.4409 0.4488
vn 0.6347 -0.4409 0.6347
vn 0.4488 -0.4409 0.7773
vn 0.2323 -0.4409 0.8670
vn -0.0000 -0.4409 0.8975
vn -0.2323 -0.4409 0.8670
vn -0.4488 -0.4409 0.7773
vn -0.6347 -0.4409 0.6347
vn -0.7773 -0.4409 0.4488
vn -0.8670 -0.4409 0.2323
vn -0.8975 -0.4409 -0.0000
vn -0.8670 -0.4409 -0.2323
vn -0.7773 -0.4409 -0.4488
vn -0.6347 -0.4409 -0.6347
vn -0.4488 -0.4409 -0.7773
vn -0.2323 -0.4409 -0.8670
vn -0.0000 0.5508 -0.8346
vn -0.0004 -0.7068 0.7074
vn -0.1255 -0.8726 0.4720
vn -0.1798 -0.9332 0.3111
vn -0.2303 -0.9455 0.2303
vn -0.3111 -0.9332 0.1798
vn -0.4720 -0.8726 0.1255
vn -0.7074 -0.7068 0.0004
vn -0.4585 -0.8801 -0.1229
vn -0.2888 -0.9425 -0.1681
vn -0.2105 -0.9547 -0.2105
vn -0.1681 -0.9425 -0.2888
vn -0.1229 -0.8801 -0.4585
vn 0.0004 -0.7068 -0.7074
vn 0.1255 -0.8726 -0.4720
vn 0.1798 -0.9332 -0.3111
vn 0.2303 -0.9455 -0.2303
vn 0.3111 -0.9332 -0.1798
vn 0.4720 -0.8726 -0.1255
vn 0.7074 -0.7068 -0.0004
vn 0.4585 -0.8801 0.1229
vn 0.2888 -0.9425 0.1681
vn 0.2105 -0.9547 0.2105
vn 0.1681 -0.9425 0.2888
vn 0.1229 -0.8801 0.4585
vn 0.0793 0.9519 0.2959
vn -0.0400 0.9519 0.3037
vn -0.1172 0.9519 0.2830
vn -0.1865 0.9519 0.2431
vn -0.2431 0.9519 0.1865
vn -0.2830 0.9519 0.1172
vn -0.3037 0.9519 0.0400
vn -0.3037 0.9519 -0.0400
vn -0.2830 0.9519 -0.1172
vn -0.2431 0.9519 -0.1865
vn -0.1865 0.9519 -0.2431
vn -0.1172 0.9519 -0.2830
vn -0.0400 0.9519 -0.3037
vn 0.0400 0.9519 -0.3037
vn 0.1172 0.9519 -0.2830
vn 0.1865 0.9519 -0.2431
vn 0.2431 0.9519 -0.1865
vn 0.2830 0.9519 -0.1172
vn 0.3037 0.9519 -0.0400
vn 0.3037 0.9519 0.0400
vn 0.2830 0.9519 0.1172
vn 0.2431 0.9519 0.1865
vn 0.1865 0.9519 0.2431
vn 0.1172 0.9519 0.2830
vn -0.0148 -0.9999 -0.0000
vn -0.0050 -1.0000 0.0033
vn -0.0038 -1.0000 0.0038
vn -0.0033 -1.0000 0.0050
vn -0.0000 -0.9999 0.0148
vn -0.0046 -1.0000 -0.0031
vn 0.0031 -1.0000 0.0046
vn -0.0036 -1.0000 -0.0036
vn 0.0036 -1.0000 0.0036
vn -0.0031 -1.0000 -0.0046
vn 0.0046 -1.0000 0.0031
vn -0.0000 -0.9999 -0.0148
vn 0.0033 -1.0000 -0.0050
vn 0.0038 -1.0000 -0.0038
vn 0.0050 -1.0000 -0.0033
vn 0.0148 -0.9999 -0.0000
vn 0.0400 0.9519 0.3037
vn -0.0320 0.9694 -0.2434
vn -0.0939 0.9694 -0.2268
vn -0.1494 0.9694 -0.1947
vn -0.1947 0.9694 -0.1494
vn -0.2268 0.9694 -0.0939
vn -0.2434 0.9694 -0.0320
vn -0.2434 0.9694 0.0320
vn -0.2268 0.9694 0.0939
vn -0.1947 0.9694 0.1494
vn -0.1494 0.9694 0.1947
vn -0.0939 0.9694 0.2268
vn -0.0320 0.9694 0.2434
vn 0.0320 0.9694 0.2434
vn 0.0939 0.9694 0.2268
vn 0.1494 0.9694 0.1947
vn 0.1947 0.9694 0.1494
vn 0.2268 0.9694 0.0939
vn 0.2434 0.9694 0.0320
vn 0.2434 0.9694 -0.0320
vn 0.2268 0.9694 -0.0939
vn 0.1947 0.9694 -0.1494
vn 0.1494 0.9694 -0.1947
vn 0.0939 0.9694 -0.2268
vn 0.0320 0.9694 -0.2434
vn -0.1220 -0.4298 0.8946
vn -0.1088 0.5526 0.8263
vn -0.0143 0.9998 -0.0143
vn 0.4208 -0.9001 -0.1128
vn -0.3421 -0.4648 0.8167
vn -0.3189 0.5526 0.7700
vn -0.0000 0.9998 0.0202
vn -0.5336 -0.4843 0.6934
vn -0.5074 0.5526 0.6612
vn -0.0528 0.9789 -0.1972
vn -0.6934 -0.4843 0.5336
vn -0.6612 0.5526 0.5074
vn 0.1948 -0.9613 0.1948
vn -0.8167 -0.4648 0.3421
vn -0.7700 0.5526 0.3189
vn 0.4357 -0.9001 -0.0000
vn -0.8946 -0.4298 0.1220
vn -0.8263 0.5526 0.1088
vn 0.0143 0.9998 -0.0143
vn -0.8941 -0.4309 -0.1223
vn -0.8263 0.5526 -0.1088
vn -0.0000 -0.9613 -0.2755
vn -0.8137 -0.4705 -0.3414
vn -0.7700 0.5526 -0.3189
vn -0.1021 0.9789 -0.1768
vn -0.6889 -0.4940 -0.5305
vn -0.6612 0.5526 -0.5074
vn 0.4208 -0.9001 0.1128
vn -0.5305 -0.4940 -0.6889
vn -0.5074 0.5526 -0.6612
vn -0.1948 -0.9613 0.1948
vn -0.3414 -0.4705 -0.8137
vn -0.3189 0.5526 -0.7700
vn -0.1444 0.9789 -0.1444
vn -0.1223 -0.4309 -0.8941
vn -0.1088 0.5526 -0.8263
vn -0.0175 0.9998 -0.0101
vn 0.1220 -0.4298 -0.8946
vn 0.1088 0.5526 -0.8263
vn 0.3773 -0.9001 0.2178
vn 0.3421 -0.4648 -0.8167
vn 0.3189 0.5526 -0.7700
vn 0.0052 0.9998 0.0195
vn 0.5336 -0.4843 -0.6934
vn 0.5074 0.5526 -0.6612
vn -0.1768 0.9789 -0.1021
vn 0.6934 -0.4843 -0.5336
vn 0.6612 0.5526 -0.5074
vn 0.2386 -0.9613 0.1377
vn 0.8167 -0.4648 -0.3421
vn 0.7700 0.5526 -0.3189
vn 0.3081 -0.9001 0.3081
vn 0.8946 -0.4298 -0.1220
vn 0.8263 0.5526 -0.1088
vn 0.0101 0.9998 -0.0175
vn 0.8941 -0.4309 0.1223
vn 0.8263 0.5526 0.1088
vn -0.0713 -0.9613 -0.2661
vn 0.8137 -0.4705 0.3414
vn 0.7700 0.5526 0.3189
vn -0.1972 0.9789 -0.0528
vn 0.6889 -0.4940 0.5305
vn 0.6612 0.5526 0.5074
vn 0.2178 -0.9001 0.3773
vn 0.5305 -0.4940 0.6889
vn 0.5074 0.5526 0.6612
vn -0.1377 -0.9613 0.2386
vn 0.3414 -0.4705 0.8137
vn 0.3189 0.5526 0.7700
vn -0.2042 0.9789 -0.0000
vn 0.1223 -0.4309 0.8941
vn 0.1088 0.5526 0.8263
vn -0.0195 0.9998 -0.0052
vn 0.1128 -0.9001 0.4208
vn 0.0101 0.9998 0.0175
vn -0.1972 0.9789 0.0528
vn 0.2661 -0.9613 0.0713
vn 0.2755 -0.9613 -0.0000
vn -0.0000 -0.9001 0.4357
vn -0.1377 -0.9613 -0.2386
vn -0.1948 -0.9613 -0.1948
vn -0.1768 0.9789 0.1021
vn -0.1128 -0.9001 0.4208
vn -0.0000 0.9998 -0.0202
vn 0.0052 0.9998 -0.0195
vn -0.1444 0.9789 0.1444
vn -0.0195 0.9998 0.0052
vn -0.0202 0.9998 -0.0000
vn -0.3081 -0.9001 0.3081
vn -0.2178 -0.9001 0.3773
vn -0.0713 -0.9613 0.2661
vn -0.0000 -0.9613 0.2755
vn 0.0175 0.9998 0.0101
vn 0.0143 0.9998 0.0143
vn -0.0528 0.9789 0.1972
vn -0.0942 -0.6919 -0.7158
vn -0.2763 -0.6919 -0.6670
vn -0.4395 -0.6919 -0.5728
vn -0.5728 -0.6919 -0.4395
vn -0.6670 -0.6919 -0.2763
vn -0.7158 -0.6919 -0.0942
vn -0.7158 -0.6919 0.0942
vn -0.6670 -0.6919 0.2763
vn -0.5728 -0.6919 0.4395
vn -0.4395 -0.6919 0.5728
vn -0.2763 -0.6919 0.6670
vn -0.0942 -0.6919 0.7158
vn 0.0942 -0.6919 0.7158
vn 0.2763 -0.6919 0.6670
vn 0.4395 -0.6919 0.5728
vn 0.5728 -0.6919 0.4395
vn 0.6670 -0.6919 0.2763
vn 0.7158 -0.6919 0.0942
vn 0.7158 -0.6919 -0.0942
vn 0.6670 -0.6919 -0.2763
vn 0.5728 -0.6919 -0.4395
vn 0.4395 -0.6919 -0.5728
vn 0.2763 -0.6919 -0.6670
vn 0.0942 -0.6919 -0.7158
vn 0.2588 -0.0000 -0.9659
vn 0.5000 -0.0000 -0.8660
vn 0.8660 -0.0000 -0.5000
vn 0.9659 -0.0000 -0.2588
vn 0.9659 -0.0000 0.2588
vn 0.8660 -0.0000 0.5000
vn 0.5000 -0.0000 0.8660
vn 0.2588 -0.0000 0.9659
vn -0.2588 -0.0000 0.9659
vn -0.5000 -0.0000 0.8660
vn -0.8660 -0.0000 0.5000
vn -0.9659 -0.0000 0.2588
vn -0.9659 -0.0000 -0.2588
vn -0.8660 -0.0000 -0.5000
vn -0.5000 -0.0000 -0.8660
vn -0.2588 -0.0000 -0.9659
vn -0.1021 0.9789 0.1768
vn 0.0886 0.7347 -0.6726
vn 0.2596 0.7347 -0.6268
vn 0.4130 0.7347 -0.5382
vn 0.5382 0.7347 -0.4130
vn 0.6268 0.7347 -0.2596
vn 0.6726 0.7347 -0.0886
vn 0.6726 0.7347 0.0886
vn 0.6268 0.7347 0.2596
vn 0.5382 0.7347 0.4130
vn 0.4130 0.7347 0.5382
vn 0.2596 0.7347 0.6268
vn 0.0886 0.7347 0.6726
vn -0.0886 0.7347 0.6726
vn -0.2596 0.7347 0.6268
vn -0.4130 0.7347 0.5382
vn -0.5382 0.7347 0.4130
vn -0.6268 0.7347 0.2596
vn -0.6726 0.7347 0.0886
vn -0.6726 0.7347 -0.0886
vn -0.6268 0.7347 -0.2596
vn -0.5382 0.7347 -0.4130
vn -0.4130 0.7347 -0.5382
vn -0.2596 0.7347 -0.6268
vn -0.0886 0.7347 -0.6726
vn 0.1048 -0.5958 -0.7963
vn 0.1158 0.4611 -0.8798
vn 0.3074 -0.5958 -0.7420
vn 0.3396 0.4611 -0.8198
vn 0.4889 -0.5958 -0.6372
vn 0.5402 0.4610 -0.7040
vn 0.6372 -0.5958 -0.4889
vn 0.7040 0.4611 -0.5402
vn 0.7420 -0.5958 -0.3074
vn 0.8198 0.4611 -0.3396
vn 0.7963 -0.5958 -0.1048
vn 0.8798 0.4611 -0.1158
vn 0.7963 -0.5958 0.1048
vn 0.8798 0.4611 0.1158
vn 0.7420 -0.5958 0.3074
vn 0.8198 0.4611 0.3396
vn 0.6372 -0.5958 0.4889
vn 0.7040 0.4610 0.5402
vn 0.4889 -0.5958 0.6372
vn 0.5402 0.4611 0.7040
vn 0.3074 -0.5957 0.7420
vn 0.3396 0.4611 0.8198
vn 0.1048 -0.5958 0.7963
vn 0.1158 0.4611 0.8798
vn -0.1048 -0.5958 0.7963
vn -0.1158 0.4611 0.8798
vn -0.3074 -0.5958 0.7420
vn -0.3396 0.4611 0.8198
vn -0.4889 -0.5958 0.6372
vn -0.5402 0.4610 0.7040
vn -0.6372 -0.5958 0.4889
vn -0.7040 0.4611 0.5402
vn -0.7420 -0.5958 0.3074
vn -0.8198 0.4611 0.3396
vn -0.7963 -0.5958 0.1048
vn -0.8798 0.4611 0.1158
vn -0.7963 -0.5958 -0.1048
vn -0.8798 0.4611 -0.1158
vn -0.7420 -0.5958 -0.3074
vn -0.8198 0.4611 -0.3396
vn -0.6372 -0.5958 -0.4889
vn -0.7040 0.4610 -0.5402
vn -0.4889 -0.5958 -0.6372
vn -0.5402 0.4611 -0.7040
vn -0.3074 -0.5958 -0.7420
vn -0.3396 0.4611 -0.8198
vn -0.1048 -0.5958 -0.7963
vn -0.1158 0.4611 -0.8798
vn -0.1172 -0.4409 -0.8899
vn -0.3435 -0.4409 -0.8292
vn -0.5464 -0.4409 -0.7121
vn -0.7121 -0.4409 -0.5464
vn -0.8292 -0.4409 -0.3435
vn -0.8899 -0.4409 -0.1172
vn -0.8899 -0.4409 0.1172
vn -0.8292 -0.4409 0.3435
vn -0.7121 -0.4409 0.5464
vn -0.5464 -0.4409 0.7121
vn -0.3435 -0.4409 0.8292
vn -0.1172 -0.4409 0.8899
vn 0.1172 -0.4409 0.8899
vn 0.3435 -0.4409 0.8292
vn 0.5464 -0.4409 0.7121
vn 0.7121 -0.4409 0.5464
vn 0.8292 -0.4409 0.3435
vn 0.8899 -0.4409 0.1172
vn 0.8899 -0.4409 -0.1172
vn 0.8292 -0.4409 -0.3435
vn 0.7121 -0.4409 -0.5464
vn 0.5464 -0.4409 -0.7121
vn 0.3435 -0.4409 -0.8292
vn 0.1172 -0.4409 -0.8899
vn 0.1089 0.5509 -0.8275
vn 0.3194 0.5509 -0.7711
vn 0.5081 0.5509 -0.6621
vn 0.6621 0.5509 -0.5081
vn 0.7711 0.5509 -0.3194
vn 0.8275 0.5509 -0.1089
vn 0.8275 0.5509 0.1089
vn 0.7711 0.5509 0.3194
vn 0.6621 0.5509 0.5081
vn 0.5081 0.5509 0.6621
vn 0.3194 0.5509 0.7711
vn 0.1089 0.5509 0.8275
vn -0.1089 0.5509 0.8275
vn -0.3194 0.5509 0.7711
vn -0.5081 0.5509 0.6621
vn -0.6621 0.5509 0.5081
vn -0.7711 0.5509 0.3194
vn -0.8275 0.5509 0.1089
vn -0.8275 0.5509 -0.1089
vn -0.7711 0.5509 -0.3194
vn -0.6621 0.5509 -0.5081
vn -0.5081 0.5509 -0.6621
vn -0.3194 0.5509 -0.7711
vn -0.1089 0.5509 -0.8275
vn -0.0000 0.9789 -0.2042
vn -0.2386 -0.9613 0.1377
vn 0.3773 -0.9001 -0.2178
vn 0.0713 -0.9613 -0.2661
vn 0.0175 0.9998 -0.0101
vn 0.3081 -0.9001 -0.3081
vn 0.1377 -0.9613 0.2386
vn -0.0052 0.9998 0.0195
vn 0.2178 -0.9001 -0.3773
vn -0.0101 0.9998 -0.0175
vn 0.0528 0.9789 -0.1972
vn -0.2661 -0.9613 0.0713
vn 0.1128 -0.9001 -0.4208
vn 0.1377 -0.9613 -0.2386
vn 0.1021 0.9789 -0.1768
vn 0.0195 0.9998 -0.0052
vn -0.0000 -0.9001 -0.4357
vn 0.0713 -0.9613 0.2661
vn -0.0101 0.9998 0.0175
vn 0.1444 0.9789 -0.1444
vn -0.0052 0.9998 -0.0195
vn 0.1768 0.9789 -0.1021
vn -0.2755 -0.9613 -0.0000
vn 0.1948 -0.9613 -0.1948
vn 0.1972 0.9789 -0.0528
vn 0.0202 0.9998 -0.0000
vn -0.1128 -0.9001 -0.4208
vn -0.0143 0.9998 0.0143
vn 0.2042 0.9789 -0.0000
vn -0.2178 -0.9001 -0.3773
vn 0.1972 0.9789 0.0528
vn -0.2661 -0.9613 -0.0713
vn -0.3081 -0.9001 -0.3081
vn 0.2386 -0.9613 -0.1377
vn 0.1768 0.9789 0.1021
vn 0.0195 0.9998 0.0052
vn -0.3773 -0.9001 -0.2178
vn -0.0175 0.9998 0.0101
vn 0.1444 0.9789 0.1444
vn -0.4208 -0.9001 -0.1128
vn 0.1021 0.9789 0.1768
vn -0.2386 -0.9613 -0.1377
vn -0.4357 -0.9001 -0.0000
vn 0.2661 -0.9613 -0.0713
vn 0.0528 0.9789 0.1972
vn -0.4208 -0.9001 0.1128
vn -0.0000 0.9789 0.2042
vn -0.3773 -0.9001 0.2178
vn -0.0734 -0.7927 0.6051
vn -0.1562 -0.9130 0.3768
vn -0.2032 -0.9427 0.2646
vn -0.2646 -0.9427 0.2032
vn -0.3768 -0.9130 0.1562
vn -0.6051 -0.7927 0.0734
vn -0.5995 -0.7971 -0.0729
vn -0.3570 -0.9221 -0.1494
vn -0.2426 -0.9519 -0.1870
vn -0.1870 -0.9519 -0.2426
vn -0.1494 -0.9221 -0.3570
vn -0.0729 -0.7971 -0.5995
vn 0.0734 -0.7927 -0.6051
vn 0.1562 -0.9130 -0.3768
vn 0.2032 -0.9427 -0.2646
vn 0.2646 -0.9427 -0.2032
vn 0.3768 -0.9130 -0.1562
vn 0.6051 -0.7927 -0.0734
vn 0.5995 -0.7971 0.0729
vn 0.3570 -0.9221 0.1494
vn 0.2426 -0.9519 0.1870
vn 0.1870 -0.9519 0.2426
vn 0.1494 -0.9221 0.3570
vn 0.0729 -0.7971 0.5995
vn -0.6862 -0.6062 0.4020
vn -0.5472 -0.6333 0.5472
vn -0.5313 -0.6598 -0.5313
vn -0.6697 -0.6302 -0.3930
vn 0.4020 -0.6062 -0.6862
vn 0.2351 -0.5076 -0.8289
vn 0.8197 -0.5231 0.2334
vn 0.9466 -0.3226 0.0005
vn 0.0005 -0.3226 0.9466
vn 0.2334 -0.5231 0.8197
vn -0.4020 -0.6062 0.6862
vn -0.2351 -0.5076 0.8289
vn -0.8197 -0.5231 -0.2334
vn -0.9466 -0.3226 -0.0005
vn -0.0005 -0.3226 -0.9466
vn -0.2334 -0.5231 -0.8197
vn 0.8289 -0.5076 -0.2351
vn 0.6862 -0.6062 -0.4020
vn 0.3930 -0.6302 0.6697
vn 0.5313 -0.6598 0.5313
vn -0.8289 -0.5076 0.2351
vn -0.3930 -0.6302 -0.6697
vn 0.5472 -0.6333 -0.5472
vn 0.6697 -0.6302 0.3930
vn -0.0635 0.9694 -0.2371
vn -0.1227 0.9694 -0.2126
vn -0.1736 0.9694 -0.1736
vn -0.2126 0.9694 -0.1227
vn -0.2371 0.9694 -0.0635
vn -0.2455 0.9694 -0.0000
vn -0.2371 0.9694 0.0635
vn -0.2126 0.9694 0.1227
vn -0.1736 0.9694 0.1736
vn -0.1227 0.9694 0.2126
vn -0.0635 0.9694 0.2371
vn -0.0000 0.9694 0.2455
vn 0.0635 0.9694 0.2371
vn 0.1227 0.9694 0.2126
vn 0.1736 0.9694 0.1736
vn 0.2126 0.9694 0.1227
vn 0.2371 0.9694 0.0635
vn 0.2455 0.9694 -0.0000
vn 0.2371 0.9694 -0.0635
vn 0.2126 0.9694 -0.1227
vn 0.1736 0.9694 -0.1736
vn 0.1227 0.9694 -0.2126
vn 0.0635 0.9694 -0.2371
vn -0.0000 0.9694 -0.2455
vn 0.0431 0.9439 0.3273
vn 0.1263 0.9439 0.3050
vn 0.2010 0.9439 0.2619
vn 0.2619 0.9439 0.2010
vn 0.3050 0.9439 0.1263
vn 0.3273 0.9439 0.0431
vn 0.3273 0.9439 -0.0431
vn 0.3050 0.9439 -0.1263
vn 0.2619 0.9439 -0.2010
vn 0.2010 0.9439 -0.2619
vn 0.1263 0.9439 -0.3050
vn 0.0431 0.9439 -0.3273
vn -0.0431 0.9439 -0.3273
vn -0.1263 0.9439 -0.3050
vn -0.2010 0.9439 -0.2619
vn -0.2619 0.9439 -0.2010
vn -0.3050 0.9439 -0.1263
vn -0.3273 0.9439 -0.0431
vn -0.3273 0.9439 0.0431
vn -0.3050 0.9439 0.1263
vn -0.2619 0.9439 0.2010
vn -0.2010 0.9439 0.2619
vn -0.1263 0.9439 0.3050
vn -0.0431 0.9439 0.3273
vn -0.1000 -0.9946 -0.0267
vn -0.1047 -0.9941 0.0272
vn -0.0527 -0.9981 -0.0327
vn -0.0056 -1.0000 -0.0031
vn -0.0386 -0.9985 -0.0386
vn -0.0040 -1.0000 -0.0033
vn -0.0327 -0.9981 -0.0527
vn -0.0033 -1.0000 -0.0040
vn -0.0267 -0.9946 -0.1000
vn -0.0031 -1.0000 -0.0056
vn 0.0272 -0.9941 -0.1047
vn -0.0060 -1.0000 0.0031
vn -0.0580 -0.9977 0.0350
vn 0.0031 -1.0000 -0.0060
vn 0.0350 -0.9977 -0.0580
vn -0.0043 -1.0000 0.0035
vn -0.0426 -0.9982 0.0426
vn 0.0035 -1.0000 -0.0043
vn 0.0426 -0.9982 -0.0426
vn -0.0035 -1.0000 0.0043
vn -0.0350 -0.9977 0.0580
vn 0.0043 -1.0000 -0.0035
vn 0.0580 -0.9977 -0.0350
vn -0.0031 -1.0000 0.0060
vn -0.0272 -0.9941 0.1047
vn 0.0031 -1.0000 0.0056
vn 0.0033 -1.0000 0.0040
vn 0.0040 -1.0000 0.0033
vn 0.0060 -1.0000 -0.0031
vn 0.0056 -1.0000 0.0031
vn 0.1047 -0.9941 -0.0272
vn 0.0267 -0.9946 0.1000
vn 0.0327 -0.9981 0.0527
vn 0.0386 -0.9985 0.0386
vn 0.0527 -0.9981 0.0327
vn 0.1000 -0.9946 0.0267
vn -0.0000 0.9739 -0.2269
vn 0.0587 0.9739 -0.2192
vn 0.1134 0.9739 -0.1965
vn 0.1604 0.9739 -0.1604
vn 0.1965 0.9739 -0.1134
vn 0.2192 0.9739 -0.0587
vn 0.2269 0.9739 -0.0000
vn 0.2192 0.9739 0.0587
vn 0.1965 0.9739 0.1134
vn 0.1604 0.9739 0.1604
vn 0.1134 0.9739 0.1965
vn 0.0587 0.9739 0.2192
vn -0.0000 0.9739 0.2269
vn -0.0587 0.9739 0.2192
vn -0.1134 0.9739 0.1965
vn -0.1604 0.9739 0.1604
vn -0.1965 0.9739 0.1134
vn -0.2192 0.9739 0.0587
vn -0.2269 0.9739 -0.0000
vn -0.2192 0.9739 -0.0587
vn -0.1965 0.9739 -0.1134
vn -0.1604 0.9739 -0.1604
vn -0.1134 0.9739 -0.1965
vn -0.0587 0.9739 -0.2192
vn 0.0296 0.9739 -0.2250
vn 0.0868 0.9739 -0.2096
vn 0.1381 0.9739 -0.1800
vn 0.1800 0.9739 -0.1381
vn 0.2097 0.9739 -0.0868
vn 0.2250 0.9739 -0.0296
vn 0.2250 0.9739 0.0296
vn 0.2097 0.9739 0.0868
vn 0.1800 0.9739 0.1381
vn 0.1381 0.9739 0.1800
vn 0.0868 0.9739 0.2096
vn 0.0296 0.9739 0.2250
vn -0.0296 0.9739 0.2250
vn -0.0868 0.9739 0.2096
vn -0.1381 0.9739 0.1800
vn -0.1800 0.9739 0.1381
vn -0.2096 0.9739 0.0868
vn -0.2250 0.9739 0.0296
vn -0.2250 0.9739 -0.0296
vn -0.2097 0.9739 -0.0868
vn -0.1800 0.9739 -0.1381
vn -0.1381 0.9739 -0.1800
vn -0.0868 0.9739 -0.2096
vn -0.0296 0.9739 -0.2250
vn 0.0766 0.8095 0.5821
vn 0.2247 0.8095 0.5425
vn 0.3574 0.8095 0.4658
vn 0.4658 0.8095 0.3574
vn 0.5425 0.8095 0.2247
vn 0.5821 0.8095 0.0766
vn 0.5821 0.8095 -0.0766
vn 0.5425 0.8095 -0.2247
vn 0.4658 0.8095 -0.3574
vn 0.3574 0.8095 -0.4658
vn 0.2247 0.8095 -0.5425
vn 0.0766 0.8095 -0.5821
vn -0.0000 0.9266 0.3761
vn -0.0973 0.9266 0.3633
vn -0.1881 0.9266 0.3257
vn -0.2660 0.9266 0.2660
vn -0.3257 0.9266 0.1881
vn -0.3633 0.9266 0.0974
vn -0.3761 0.9266 -0.0000
vn -0.3633 0.9266 -0.0974
vn -0.3257 0.9266 -0.1881
vn -0.2660 0.9266 -0.2660
vn -0.1881 0.9266 -0.3257
vn -0.0974 0.9266 -0.3633
vn -0.0000 0.9266 -0.3761
vn 0.0973 0.9266 -0.3633
vn 0.1881 0.9266 -0.3257
vn 0.2660 0.9266 -0.2660
vn 0.3257 0.9266 -0.1881
vn 0.3633 0.9266 -0.0974
vn 0.3761 0.9266 -0.0000
vn 0.3633 0.9266 0.0974
vn 0.3257 0.9266 0.1881
vn 0.2660 0.9266 0.2660
vn 0.1881 0.9266 0.3257
vn 0.0974 0.9266 0.3633
vn -0.0491 0.9266 0.3729
vn -0.1439 0.9266 0.3475
vn -0.2290 0.9266 0.2984
vn -0.2984 0.9266 0.2290
vn -0.3475 0.9266 0.1439
vn -0.3729 0.9266 0.0491
vn -0.3729 0.9266 -0.0491
vn -0.3475 0.9266 -0.1439
vn -0.2984 0.9266 -0.2290
vn -0.2290 0.9266 -0.2984
vn -0.1439 0.9266 -0.3475
vn -0.0491 0.9266 -0.3729
vn 0.0491 0.9266 -0.3729
vn 0.1439 0.9266 -0.3475
vn 0.2290 0.9266 -0.2984
vn 0.2984 0.9266 -0.2290
vn 0.3475 0.9266 -0.1439
vn 0.3729 0.9266 -0.0491
vn 0.3729 0.9266 0.0491
vn 0.3475 0.9266 0.1439
vn 0.2984 0.9266 0.2290
vn 0.2290 0.9266 0.2984
vn 0.1439 0.9266 0.3475
vn 0.0491 0.9266 0.3729
vn 0.0457 0.9368 0.3469
vn 0.1339 0.9368 0.3233
vn 0.2130 0.9368 0.2776
vn 0.2776 0.9368 0.2130
vn 0.3233 0.9368 0.1339
vn 0.3469 0.9368 0.0457
vn 0.3469 0.9368 -0.0457
vn 0.3233 0.9368 -0.1339
vn 0.2776 0.9368 -0.2130
vn 0.2130 0.9368 -0.2776
vn 0.1339 0.9368 -0.3233
vn 0.0457 0.9368 -0.3469
vn -0.0457 0.9368 -0.3469
vn -0.1339 0.9368 -0.3233
vn -0.2130 0.9368 -0.2776
vn -0.2776 0.9368 -0.2130
vn -0.3233 0.9368 -0.1339
vn -0.3469 0.9368 -0.0457
vn -0.3469 0.9368 0.0457
vn -0.3233 0.9368 0.1339
vn -0.2776 0.9368 0.2130
vn -0.2130 0.9368 0.2776
vn -0.1339 0.9368 0.3233
vn -0.0457 0.9368 0.3469
vn 0.0905 0.9368 0.3379
vn 0.1749 0.9368 0.3030
vn 0.2474 0.9368 0.2474
vn 0.3030 0.9368 0.1749
vn 0.3379 0.9368 0.0905
vn 0.3498 0.9368 -0.0000
vn 0.3379 0.9368 -0.0905
vn 0.3030 0.9368 -0.1749
vn 0.2474 0.9368 -0.2474
vn 0.1749 0.9368 -0.3030
vn 0.0905 0.9368 -0.3379
vn -0.0000 0.9368 -0.3498
vn -0.0905 0.9368 -0.3379
vn -0.1749 0.9368 -0.3030
vn -0.2474 0.9368 -0.2474
vn -0.3030 0.9368 -0.1749
vn -0.3379 0.9368 -0.0905
vn -0.3498 0.9368 -0.0000
vn -0.3379 0.9368 0.0905
vn -0.3030 0.9368 0.1749
vn -0.2474 0.9368 0.2474
vn -0.1749 0.9368 0.3030
vn -0.0905 0.9368 0.3379
vn -0.0000 0.9368 0.3498
vn -0.0000 0.9511 -0.3089
vn 0.0799 0.9511 -0.2984
vn 0.1544 0.9511 -0.2675
vn 0.2184 0.9511 -0.2184
vn 0.2675 0.9511 -0.1544
vn 0.2984 0.9511 -0.0799
vn 0.3089 0.9511 -0.0000
vn 0.2984 0.9511 0.0799
vn 0.2675 0.9511 0.1544
vn 0.2184 0.9511 0.2184
vn 0.1544 0.9511 0.2675
vn 0.0799 0.9511 0.2984
vn -0.0000 0.9511 0.3089
vn -0.0799 0.9511 0.2984
vn -0.1544 0.9511 0.2675
vn -0.2184 0.9511 0.2184
vn -0.2675 0.9511 0.1544
vn -0.2984 0.9511 0.0799
vn -0.3089 0.9511 -0.0000
vn -0.2984 0.9511 -0.0799
vn -0.2675 0.9511 -0.1544
vn -0.2184 0.9511 -0.2184
vn -0.1544 0.9511 -0.2675
vn -0.0799 0.9511 -0.2984
vn 0.0403 0.9511 -0.3062
vn 0.1182 0.9511 -0.2853
vn 0.1880 0.9511 -0.2450
vn 0.2450 0.9511 -0.1880
vn 0.2853 0.9511 -0.1182
vn 0.3062 0.9511 -0.0403
vn 0.3062 0.9511 0.0403
vn 0.2853 0.9511 0.1182
vn 0.2450 0.9511 0.1880
vn 0.1880 0.9511 0.2450
vn 0.1182 0.9511 0.2853
vn 0.0403 0.9511 0.3062
vn -0.0403 0.9511 0.3062
vn -0.1182 0.9511 0.2853
vn -0.1880 0.9511 0.2450
vn -0.2450 0.9511 0.1880
vn -0.2853 0.9511 0.1182
vn -0.3062 0.9511 0.0403
vn -0.3062 0.9511 -0.0403
vn -0.2853 0.9511 -0.1182
vn -0.2450 0.9511 -0.1880
vn -0.1880 0.9511 -0.2450
vn -0.1182 0.9511 -0.2853
vn -0.0403 0.9511 -0.3062
vn -0.0374 0.9581 -0.2839
vn -0.1096 0.9581 -0.2645
vn -0.1743 0.9581 -0.2271
vn -0.2271 0.9581 -0.1743
vn -0.2645 0.9581 -0.1096
vn -0.2839 0.9581 -0.0374
vn -0.2839 0.9581 0.0374
vn -0.2645 0.9581 0.1096
vn -0.2271 0.9581 0.1743
vn -0.1743 0.9581 0.2271
vn -0.1096 0.9581 0.2645
vn -0.0374 0.9581 0.2839
vn 0.0374 0.9581 0.2839
vn 0.1096 0.9581 0.2645
vn 0.1743 0.9581 0.2271
vn 0.2271 0.9581 0.1743
vn 0.2645 0.9581 0.1096
vn 0.2839 0.9581 0.0374
vn 0.2839 0.9581 -0.0374
vn 0.2645 0.9581 -0.1096
vn 0.2271 0.9581 -0.1743
vn 0.1743 0.9581 -0.2271
vn 0.1096 0.9581 -0.2645
vn 0.0374 0.9581 -0.2839
vn -0.0741 0.9581 -0.2765
vn -0.1431 0.9581 -0.2479
vn -0.2024 0.9581 -0.2024
vn -0.2479 0.9581 -0.1431
vn -0.2765 0.9581 -0.0741
vn -0.2863 0.9581 -0.0000
vn -0.2765 0.9581 0.0741
vn -0.2479 0.9581 0.1431
vn -0.2024 0.9581 0.2024
vn -0.1431 0.9581 0.2479
vn -0.0741 0.9581 0.2765
vn -0.0000 0.9581 0.2863
vn 0.0741 0.9581 0.2765
vn 0.1431 0.9581 0.2479
vn 0.2024 0.9581 0.2024
vn 0.2479 0.9581 0.1431
vn 0.2765 0.9581 0.0741
vn 0.2863 0.9581 -0.0000
vn 0.2765 0.9581 -0.0741
vn 0.2479 0.9581 -0.1431
vn 0.2024 0.9581 -0.2024
vn 0.1431 0.9581 -0.2479
vn 0.0741 0.9581 -0.2765
vn -0.0000 0.9581 -0.2863
vn 0.0314 0.9706 0.2386
vn 0.0921 0.9706 0.2223
vn 0.1465 0.9706 0.1909
vn 0.1909 0.9706 0.1465
vn 0.2223 0.9706 0.0921
vn 0.2386 0.9706 0.0314
vn 0.2386 0.9706 -0.0314
vn 0.2223 0.9706 -0.0921
vn 0.1909 0.9706 -0.1465
vn 0.1465 0.9706 -0.1909
vn 0.0921 0.9706 -0.2223
vn 0.0314 0.9706 -0.2386
vn -0.0314 0.9706 -0.2386
vn -0.0921 0.9706 -0.2223
vn -0.1465 0.9706 -0.1909
vn -0.1909 0.9706 -0.1465
vn -0.2223 0.9706 -0.0921
vn -0.2386 0.9706 -0.0314
vn -0.2386 0.9706 0.0314
vn -0.2223 0.9706 0.0921
vn -0.1909 0.9706 0.1465
vn -0.1465 0.9706 0.1909
vn -0.0921 0.9706 0.2223
vn -0.0314 0.9706 0.2386
vn 0.0623 0.9706 0.2325
vn 0.1203 0.9706 0.2084
vn 0.1702 0.9706 0.1702
vn 0.2084 0.9706 0.1203
vn 0.2325 0.9706 0.0623
vn 0.2407 0.9706 -0.0000
vn 0.2325 0.9706 -0.0623
vn 0.2084 0.9706 -0.1203
vn 0.1702 0.9706 -0.1702
vn 0.1203 0.9706 -0.2084
vn 0.0623 0.9706 -0.2325
vn -0.0026 0.9998 0.0199
vn 0.1677 -0.9613 0.2186
vn 0.3456 -0.9001 -0.2652
vn 0.0159 0.9998 -0.0122
vn 0.0360 -0.9613 -0.2732
vn 0.4025 -0.9001 -0.1667
vn -0.2186 -0.9613 0.1677
vn -0.0266 0.9789 -0.2024
vn -0.0159 0.9998 -0.0122
vn 0.4319 -0.9001 -0.0569
vn 0.0026 0.9998 0.0199
vn -0.0781 0.9789 -0.1886
vn 0.2186 -0.9613 0.1677
vn 0.4319 -0.9001 0.0569
vn 0.0122 0.9998 -0.0159
vn -0.0360 -0.9613 -0.2732
vn -0.1243 0.9789 -0.1620
vn 0.4025 -0.9001 0.1667
vn -0.1677 -0.9613 0.2186
vn -0.1620 0.9789 -0.1243
vn -0.0185 0.9998 -0.0077
vn 0.3456 -0.9001 0.2652
vn 0.0855 0.9439 0.3189
vn 0.0077 0.9998 0.0186
vn -0.1886 0.9789 -0.0781
vn -0.6168 -0.6267 0.4762
vn -0.1305 -0.0000 -0.9914
vn -0.6088 -0.0000 -0.7934
vn -0.7934 -0.0000 -0.6088
vn -0.9914 -0.0000 -0.1305
vn -0.9914 -0.0000 0.1305
vn -0.7934 -0.0000 0.6088
vn -0.6088 -0.0000 0.7934
vn -0.1305 -0.0000 0.9914
vn 0.1305 -0.0000 0.9914
vn 0.6088 -0.0000 0.7934
vn 0.7934 -0.0000 0.6088
vn 0.9914 -0.0000 0.1305
vn 0.9914 -0.0000 -0.1305
vn 0.7934 -0.0000 -0.6088
vn 0.6088 -0.0000 -0.7934
vn 0.1305 -0.0000 -0.9914
vn 0.2546 -0.9613 0.1054
vn 0.2652 -0.9001 0.3456
vn 0.0077 0.9998 -0.0186
vn -0.1054 -0.9613 -0.2546
vn -0.2024 0.9789 -0.0266
vn 0.1667 -0.9001 0.4025
vn -0.1054 -0.9613 0.2546
vn -0.2024 0.9789 0.0266
vn -0.0199 0.9998 -0.0026
vn 0.0569 -0.9001 0.4319
vn 0.0122 0.9998 0.0159
vn -0.1886 0.9789 0.0781
vn 0.2732 -0.9613 0.0360
vn -0.0569 -0.9001 0.4319
vn -0.1677 -0.9613 -0.2186
vn -0.1620 0.9789 0.1243
vn -0.1667 -0.9001 0.4025
vn 0.0026 0.9998 -0.0199
vn -0.1243 0.9789 0.1620
vn -0.0199 0.9998 0.0026
vn -0.2652 -0.9001 0.3456
vn -0.0360 -0.9613 0.2732
vn 0.0159 0.9998 0.0122
vn -0.0781 0.9789 0.1886
vn 0.2652 -0.9001 -0.3456
vn -0.0122 0.9998 -0.0159
vn 0.0266 0.9789 -0.2024
vn -0.2546 -0.9613 0.1054
vn 0.1667 -0.9001 -0.4025
vn 0.1054 -0.9613 -0.2546
vn 0.0781 0.9789 -0.1886
vn 0.0185 0.9998 -0.0077
vn 0.0569 -0.9001 -0.4319
vn 0.1054 -0.9613 0.2546
vn -0.0077 0.9998 0.0186
vn 0.1243 0.9789 -0.1620
vn -0.0077 0.9998 -0.0185
vn 0.1620 0.9789 -0.1243
vn -0.2732 -0.9613 0.0360
vn 0.1677 -0.9613 -0.2186
vn 0.1886 0.9789 -0.0781
vn 0.0199 0.9998 -0.0026
vn -0.0569 -0.9001 -0.4319
vn 0.0360 -0.9613 0.2732
vn -0.0122 0.9998 0.0159
vn 0.2024 0.9789 -0.0266
vn -0.1667 -0.9001 -0.4025
vn -0.0026 0.9998 -0.0199
vn 0.2024 0.9789 0.0266
vn -0.2732 -0.9613 -0.0360
vn -0.2652 -0.9001 -0.3456
vn 0.2186 -0.9613 -0.1677
vn 0.1886 0.9789 0.0781
vn 0.0199 0.9998 0.0026
vn -0.3456 -0.9001 -0.2652
vn -0.0159 0.9998 0.0122
vn 0.1620 0.9789 0.1243
vn -0.4025 -0.9001 -0.1667
vn 0.1243 0.9789 0.1620
vn -0.2546 -0.9613 -0.1054
vn -0.4319 -0.9001 -0.0569
vn 0.2546 -0.9613 -0.1054
vn 0.0781 0.9789 0.1886
vn 0.0185 0.9998 0.0077
vn -0.4319 -0.9001 0.0569
vn -0.0185 0.9998 0.0077
vn 0.0266 0.9789 0.2024
vn -0.4025 -0.9001 0.1667
vn -0.0266 0.9789 0.2024
vn -0.2186 -0.9613 -0.1677
vn -0.3456 -0.9001 0.2652
vn 0.2732 -0.9613 -0.0360
vn -0.5995 -0.6527 -0.4633
vn 0.3225 -0.5686 -0.7568
vn 0.8955 -0.4238 0.1356
vn 0.1356 -0.4238 0.8955
vn -0.3225 -0.5686 0.7568
vn -0.8955 -0.4238 -0.1356
vn -0.1356 -0.4238 -0.8955
vn 0.7568 -0.5686 -0.3225
vn 0.4633 -0.6527 0.5995
vn -0.7568 -0.5686 0.3225
vn -0.4633 -0.6527 -0.5995
vn 0.4762 -0.6267 -0.6168
vn 0.7430 -0.5891 0.3175
vn -0.4762 -0.6267 0.6168
vn -0.7430 -0.5891 -0.3175
vn -0.1355 -0.4149 0.8997
vn 0.1355 -0.4149 -0.8997
vn 0.8997 -0.4149 -0.1355
vn 0.3175 -0.5891 0.7430
vn -0.8997 -0.4149 0.1355
vn -0.3175 -0.5891 -0.7430
vn 0.6168 -0.6267 -0.4762
vn 0.5995 -0.6527 0.4633
vn -0.0000 0.9519 0.3063
vn -0.0793 0.9519 0.2959
vn -0.1532 0.9519 0.2653
vn -0.2166 0.9519 0.2166
vn -0.2653 0.9519 0.1532
vn -0.2959 0.9519 0.0793
vn -0.3063 0.9519 -0.0000
vn -0.2959 0.9519 -0.0793
vn -0.2653 0.9519 -0.1532
vn -0.2166 0.9519 -0.2166
vn -0.1532 0.9519 -0.2653
vn -0.0793 0.9519 -0.2959
vn -0.0000 0.9519 -0.3063
vn 0.0793 0.9519 -0.2959
vn 0.1532 0.9519 -0.2653
vn 0.2166 0.9519 -0.2166
vn 0.2653 0.9519 -0.1532
vn 0.2959 0.9519 -0.0793
vn 0.3063 0.9519 -0.0000
vn 0.2959 0.9519 0.0793
vn 0.2653 0.9519 0.1532
vn 0.2166 0.9519 0.2166
vn 0.1532 0.9519 0.2653
vn -0.2133 -0.9770 -0.0000
vn -0.0672 -0.9973 -0.0310
vn -0.0440 -0.9984 -0.0350
vn -0.0350 -0.9984 -0.0440
vn -0.0310 -0.9973 -0.0672
vn -0.0000 -0.9770 -0.2133
vn -0.0727 -0.9968 0.0324
vn 0.0324 -0.9968 -0.0727
vn -0.0488 -0.9981 0.0383
vn 0.0383 -0.9981 -0.0488
vn -0.0383 -0.9981 0.0488
vn 0.0488 -0.9981 -0.0383
vn -0.0324 -0.9968 0.0727
vn 0.0727 -0.9968 -0.0324
vn -0.0000 -0.9770 0.2133
vn 0.0310 -0.9973 0.0672
vn 0.0350 -0.9984 0.0440
vn 0.0440 -0.9984 0.0350
vn 0.0672 -0.9973 0.0310
vn 0.2133 -0.9770 -0.0000
vn -0.0766 0.8095 -0.5821
vn -0.2247 0.8095 -0.5425
vn -0.3574 0.8095 -0.4658
vn -0.4658 0.8095 -0.3574
vn -0.5425 0.8095 -0.2247
vn -0.5821 0.8095 -0.0766
vn -0.5821 0.8095 0.0766
vn -0.5425 0.8095 0.2247
vn -0.4658 0.8095 0.3574
vn -0.3574 0.8095 0.4658
vn -0.2247 0.8095 0.5425
vn -0.0766 0.8095 0.5821
vn 0.1520 0.8095 0.5672
vn 0.2936 0.8095 0.5085
vn 0.4152 0.8095 0.4152
vn 0.5085 0.8095 0.2936
vn 0.5672 0.8095 0.1520
vn 0.5872 0.8095 -0.0000
vn 0.5672 0.8095 -0.1520
vn 0.5085 0.8095 -0.2936
vn 0.4152 0.8095 -0.4152
vn 0.2936 0.8095 -0.5085
vn 0.1520 0.8095 -0.5672
vn -0.0000 0.8095 -0.5872
vn -0.1520 0.8095 -0.5672
vn -0.2936 0.8095 -0.5085
vn -0.4152 0.8095 -0.4152
vn -0.5085 0.8095 -0.2936
vn -0.5672 0.8095 -0.1520
vn -0.5872 0.8095 -0.0000
vn -0.5672 0.8095 0.1520
vn -0.5085 0.8095 0.2936
vn -0.4152 0.8095 0.4152
vn -0.2936 0.8095 0.5085
vn -0.1520 0.8095 0.5672
vn -0.0000 0.8095 0.5872
vn -0.0000 0.9706 -0.2407
vn -0.0623 0.9706 -0.2325
vn -0.1203 0.9706 -0.2084
vn -0.1702 0.9706 -0.1702
vn -0.2084 0.9706 -0.1203
vn -0.2325 0.9706 -0.0623
vn -0.2407 0.9706 -0.0000
vn -0.2325 0.9706 0.0623
vn -0.2084 0.9706 0.1203
vn -0.1702 0.9706 0.1702
vn -0.1203 0.9706 0.2084
vn -0.0623 0.9706 0.2325
vn -0.0000 0.9706 0.2407
vn -0.0000 0.9750 0.2224
vn -0.0576 0.9750 0.2148
vn -0.1112 0.9750 0.1926
vn -0.1573 0.9750 0.1573
vn -0.1926 0.9750 0.1112
vn -0.2148 0.9750 0.0576
vn -0.2224 0.9750 -0.0000
vn -0.2148 0.9750 -0.0576
vn -0.1926 0.9750 -0.1112
vn -0.1573 0.9750 -0.1573
vn -0.1112 0.9750 -0.1926
vn -0.0576 0.9750 -0.2148
vn -0.0000 0.9750 -0.2224
vn 0.0576 0.9750 -0.2148
vn 0.1112 0.9750 -0.1926
vn 0.1573 0.9750 -0.1573
vn 0.1926 0.9750 -0.1112
vn 0.2148 0.9750 -0.0576
vn 0.2224 0.9750 -0.0000
vn 0.2148 0.9750 0.0576
vn 0.1926 0.9750 0.1112
vn 0.1573 0.9750 0.1573
vn 0.1112 0.9750 0.1926
vn 0.0576 0.9750 0.2148
vn -0.0290 0.9750 0.2205
vn -0.0851 0.9750 0.2055
vn -0.1354 0.9750 0.1765
vn -0.1765 0.9750 0.1354
vn -0.2055 0.9750 0.0851
vn -0.2205 0.9750 0.0290
vn -0.2205 0.9750 -0.0290
vn -0.2055 0.9750 -0.0851
vn -0.1765 0.9750 -0.1354
vn -0.1354 0.9750 -0.1765
vn -0.0851 0.9750 -0.2055
vn -0.0290 0.9750 -0.2205
vn 0.0290 0.9750 -0.2205
vn 0.0851 0.9750 -0.2055
vn 0.1354 0.9750 -0.1765
vn 0.1765 0.9750 -0.1354
vn 0.2055 0.9750 -0.0851
vn 0.2205 0.9750 -0.0290
vn 0.2205 0.9750 0.0290
vn 0.2055 0.9750 0.0851
vn 0.1765 0.9750 0.1354
vn 0.1354 0.9750 0.1765
vn 0.0851 0.9750 0.2055
vn 0.0290 0.9750 0.2205
vn -0.0356 0.9621 -0.2704
vn -0.1044 0.9621 -0.2520
vn -0.1660 0.9621 -0.2164
vn -0.2164 0.9621 -0.1660
vn -0.2520 0.9621 -0.1044
vn -0.2704 0.9621 -0.0356
vn -0.2704 0.9621 0.0356
vn -0.2520 0.9621 0.1044
vn -0.2164 0.9621 0.1660
vn -0.1660 0.9621 0.2164
vn -0.1044 0.9621 0.2520
vn -0.0356 0.9621 0.2704
vn 0.0356 0.9621 0.2704
vn 0.1044 0.9621 0.2520
vn 0.1660 0.9621 0.2164
vn 0.2164 0.9621 0.1660
vn 0.2520 0.9621 0.1044
vn 0.2704 0.9621 0.0356
vn 0.2704 0.9621 -0.0356
vn 0.2520 0.9621 -0.1044
vn 0.2164 0.9621 -0.1660
vn 0.1660 0.9621 -0.2164
vn 0.1044 0.9621 -0.2520
vn 0.0356 0.9621 -0.2704
vn -0.0706 0.9621 -0.2635
vn -0.1364 0.9621 -0.2362
vn -0.1929 0.9621 -0.1929
vn -0.2362 0.9621 -0.1364
vn -0.2635 0.9621 -0.0706
vn -0.2728 0.9621 -0.0000
vn -0.2635 0.9621 0.0706
vn -0.2362 0.9621 0.1364
vn -0.1929 0.9621 0.1929
vn -0.1364 0.9621 0.2362
vn -0.0706 0.9621 0.2635
vn -0.0000 0.9621 0.2728
vn 0.0706 0.9621 0.2635
vn 0.1364 0.9621 0.2362
vn 0.1929 0.9621 0.1929
vn 0.2362 0.9621 0.1364
vn 0.2635 0.9621 0.0706
vn 0.2728 0.9621 -0.0000
vn 0.2635 0.9621 -0.0706
vn 0.2362 0.9621 -0.1364
vn 0.1929 0.9621 -0.1929
vn 0.1364 0.9621 -0.2362
vn 0.0706 0.9621 -0.2635
vn -0.0000 0.9621 -0.2728
vn -0.0000 0.9676 -0.2524
vn 0.0653 0.9676 -0.2438
vn 0.1262 0.9676 -0.2186
vn 0.1785 0.9676 -0.1785
vn 0.2186 0.9676 -0.1262
vn 0.2438 0.9676 -0.0653
vn 0.2524 0.9676 -0.0000
vn 0.2438 0.9676 0.0653
vn 0.2186 0.9676 0.1262
vn 0.1785 0.9676 0.1785
vn 0.1262 0.9676 0.2186
vn 0.0653 0.9676 0.2438
vn -0.0000 0.9676 0.2524
vn -0.0653 0.9676 0.2438
vn -0.1262 0.9676 0.2186
vn -0.1785 0.9676 0.1785
vn -0.2186 0.9676 0.1262
vn -0.2438 0.9676 0.0653
vn -0.2524 0.9676 -0.0000
vn -0.2438 0.9676 -0.0653
vn -0.2186 0.9676 -0.1262
vn -0.1785 0.9676 -0.1785
vn -0.1262 0.9676 -0.2186
vn -0.0653 0.9676 -0.2438
vn 0.0329 0.9676 -0.2502
vn 0.0966 0.9676 -0.2332
vn 0.1537 0.9676 -0.2002
vn 0.2002 0.9676 -0.1537
vn 0.2332 0.9676 -0.0966
vn 0.2502 0.9676 -0.0329
vn 0.2502 0.9676 0.0329
vn 0.2332 0.9676 0.0966
vn 0.2002 0.9676 0.1537
vn 0.1537 0.9676 0.2002
vn 0.0966 0.9676 0.2332
vn 0.0329 0.9676 0.2502
vn -0.0329 0.9676 0.2502
vn -0.0966 0.9676 0.2332
vn -0.1537 0.9676 0.2002
vn -0.2002 0.9676 0.1537
vn -0.2332 0.9676 0.0966
vn -0.2502 0.9676 0.0329
vn -0.2502 0.9676 -0.0329
vn -0.2332 0.9676 -0.0966
vn -0.2002 0.9676 -0.1537
vn -0.1537 0.9676 -0.2002
vn -0.0966 0.9676 -0.2332
vn -0.0329 0.9676 -0.2502
vn -0.0000 0.9688 0.2477
vn -0.0641 0.9688 0.2393
vn -0.1239 0.9688 0.2145
vn -0.1752 0.9688 0.1752
vn -0.2145 0.9688 0.1239
vn -0.2393 0.9688 0.0641
vn -0.2477 0.9688 -0.0000
vn -0.2393 0.9688 -0.0641
vn -0.2145 0.9688 -0.1239
vn -0.1752 0.9688 -0.1752
vn -0.1239 0.9688 -0.2145
vn -0.0641 0.9688 -0.2393
vn -0.0000 0.9688 -0.2477
vn 0.0641 0.9688 -0.2393
vn 0.1239 0.9688 -0.2145
vn 0.1752 0.9688 -0.1752
vn 0.2145 0.9688 -0.1239
vn 0.2393 0.9688 -0.0641
vn 0.2477 0.9688 -0.0000
vn 0.2393 0.9688 0.0641
vn 0.2145 0.9688 0.1239
vn 0.1752 0.9688 0.1752
vn 0.1239 0.9688 0.2145
vn 0.0641 0.9688 0.2393
vn -0.0323 0.9688 0.2456
vn -0.0948 0.9688 0.2288
vn -0.1508 0.9688 0.1965
vn -0.1965 0.9688 0.1508
vn -0.2288 0.9688 0.0948
vn -0.2456 0.9688 0.0323
vn -0.2456 0.9688 -0.0323
vn -0.2288 0.9688 -0.0948
vn -0.1965 0.9688 -0.1508
vn -0.1508 0.9688 -0.1965
vn -0.0948 0.9688 -0.2288
vn -0.0323 0.9688 -0.2456
vn 0.0323 0.9688 -0.2456
vn 0.0948 0.9688 -0.2288
vn 0.1508 0.9688 -0.1965
vn 0.1965 0.9688 -0.1508
vn 0.2288 0.9688 -0.0948
vn 0.2456 0.9688 -0.0323
vn 0.2456 0.9688 0.0323
vn 0.2288 0.9688 0.0948
vn 0.1965 0.9688 0.1508
vn 0.1508 0.9688 0.1965
vn 0.0948 0.9688 0.2288
vn 0.0323 0.9688 0.2456
vn 0.0299 0.9734 0.2270
vn 0.0876 0.9734 0.2116
vn 0.1394 0.9734 0.1817
vn 0.1817 0.9734 0.1394
vn 0.2116 0.9734 0.0876
vn 0.2270 0.9734 0.0299
vn 0.2270 0.9734 -0.0299
vn 0.2116 0.9734 -0.0876
vn 0.1817 0.9734 -0.1394
vn 0.1394 0.9734 -0.1817
vn 0.0876 0.9734 -0.2116
vn 0.0299 0.9734 -0.2270
vn -0.0299 0.9734 -0.2270
vn -0.0876 0.9734 -0.2116
vn -0.1394 0.9734 -0.1817
vn -0.1817 0.9734 -0.1394
vn -0.2116 0.9734 -0.0876
vn -0.2270 0.9734 -0.0299
vn -0.2270 0.9734 0.0299
vn -0.2116 0.9734 0.0876
vn -0.1817 0.9734 0.1394
vn -0.1394 0.9734 0.1817
vn -0.0876 0.9734 0.2116
vn -0.0299 0.9734 0.2270
vn 0.0593 0.9734 0.2212
vn 0.1145 0.9734 0.1983
vn 0.1619 0.9734 0.1619
vn 0.1983 0.9734 0.1145
vn 0.2212 0.9734 0.0593
vn 0.2290 0.9734 -0.0000
vn 0.2212 0.9734 -0.0593
vn 0.1983 0.9734 -0.1145
vn 0.1619 0.9734 -0.1619
vn 0.1145 0.9734 -0.1983
vn 0.0593 0.9734 -0.2212
vn -0.0000 0.9734 -0.2290
vn -0.0593 0.9734 -0.2212
vn -0.1145 0.9734 -0.1983
vn -0.1619 0.9734 -0.1619
vn -0.1983 0.9734 -0.1145
vn -0.2212 0.9734 -0.0593
vn -0.2290 0.9734 -0.0000
vn -0.2212 0.9734 0.0593
vn -0.1983 0.9734 0.1145
vn -0.1619 0.9734 0.1619
vn -0.1145 0.9734 0.1983
vn -0.0593 0.9734 0.2212
vn -0.0000 0.9734 0.2290
vn -0.0000 0.9493 -0.3144
vn 0.0814 0.9493 -0.3037
vn 0.1572 0.9493 -0.2723
vn 0.2223 0.9493 -0.2223
vn 0.2723 0.9493 -0.1572
vn 0.3037 0.9493 -0.0814
vn 0.3144 0.9493 -0.0000
vn 0.3037 0.9493 0.0814
vn 0.2723 0.9493 0.1572
vn 0.2223 0.9493 0.2223
vn 0.1572 0.9493 0.2723
vn 0.0814 0.9493 0.3037
vn -0.0000 0.9493 0.3144
vn -0.0814 0.9493 0.3037
vn -0.1572 0.9493 0.2723
vn -0.2223 0.9493 0.2223
vn -0.2723 0.9493 0.1572
vn -0.3037 0.9493 0.0814
vn -0.3144 0.9493 -0.0000
vn -0.3037 0.9493 -0.0814
vn -0.2723 0.9493 -0.1572
vn -0.2223 0.9493 -0.2223
vn -0.1572 0.9493 -0.2723
vn -0.0814 0.9493 -0.3037
vn 0.0410 0.9493 -0.3117
vn 0.1203 0.9493 -0.2905
vn 0.1914 0.9493 -0.2494
vn 0.2494 0.9493 -0.1914
vn 0.2905 0.9493 -0.1203
vn 0.3117 0.9493 -0.0410
vn 0.3117 0.9493 0.0410
vn 0.2905 0.9493 0.1203
vn 0.2494 0.9493 0.1914
vn 0.1914 0.9493 0.2494
vn 0.1203 0.9493 0.2905
vn 0.0410 0.9493 0.3117
vn -0.0410 0.9493 0.3117
vn -0.1203 0.9493 0.2905
vn -0.1914 0.9493 0.2494
vn -0.2494 0.9493 0.1914
vn -0.2905 0.9493 0.1203
vn -0.3117 0.9493 0.0410
vn -0.3117 0.9493 -0.0410
vn -0.2905 0.9493 -0.1203
vn -0.2494 0.9493 -0.1914
vn -0.1914 0.9493 -0.2494
vn -0.1203 0.9493 -0.2905
vn -0.0410 0.9493 -0.3117
vn -0.0381 0.9566 -0.2890
vn -0.1116 0.9566 -0.2693
vn -0.1775 0.9566 -0.2313
vn -0.2313 0.9566 -0.1775
vn -0.2693 0.9566 -0.1116
vn -0.2890 0.9566 -0.0381
vn -0.2890 0.9566 0.0381
vn -0.2693 0.9566 0.1116
vn -0.2313 0.9566 0.1775
vn -0.1775 0.9566 0.2313
vn -0.1116 0.9566 0.2693
vn -0.0381 0.9566 0.2890
vn 0.0381 0.9566 0.2890
vn 0.1116 0.9566 0.2693
vn 0.1775 0.9566 0.2313
vn 0.2313 0.9566 0.1775
vn 0.2693 0.9566 0.1116
vn 0.2890 0.9566 0.0381
vn 0.2890 0.9566 -0.0381
vn 0.2693 0.9566 -0.1116
vn 0.2313 0.9566 -0.1775
vn 0.1775 0.9566 -0.2313
vn 0.1116 0.9566 -0.2693
vn 0.0381 0.9566 -0.2890
vn -0.0754 0.9566 -0.2815
vn -0.1457 0.9566 -0.2524
vn -0.2061 0.9566 -0.2061
vn -0.2524 0.9566 -0.1457
vn -0.2815 0.9566 -0.0754
vn -0.2915 0.9566 -0.0000
vn -0.2815 0.9566 0.0754
vn -0.2524 0.9566 0.1457
vn -0.2061 0.9566 0.2061
vn -0.1457 0.9566 0.2524
vn -0.0754 0.9566 0.2815
vn -0.0000 0.9566 0.2915
vn 0.0754 0.9566 0.2815
vn 0.1457 0.9566 0.2524
vn 0.2061 0.9566 0.2061
vn 0.2524 0.9566 0.1457
vn 0.2815 0.9566 0.0754
vn 0.2915 0.9566 -0.0000
vn 0.2815 0.9566 -0.0754
vn 0.2524 0.9566 -0.1457
vn 0.2061 0.9566 -0.2061
vn 0.1457 0.9566 -0.2524
vn 0.0754 0.9566 -0.2815
vn -0.0000 0.9566 -0.2915
vn 0.1651 0.9439 0.2859
vn 0.2335 0.9439 0.2335
vn 0.2859 0.9439 0.1651
vn 0.3189 0.9439 0.0855
vn 0.3302 0.9439 -0.0000
vn 0.3189 0.9439 -0.0855
vn 0.2859 0.9439 -0.1651
vn 0.2335 0.9439 -0.2335
vn 0.1651 0.9439 -0.2859
vn 0.0855 0.9439 -0.3189
vn -0.0000 0.9439 -0.3302
vn -0.0855 0.9439 -0.3189
vn -0.1651 0.9439 -0.2859
vn -0.2335 0.9439 -0.2335
vn -0.2859 0.9439 -0.1651
vn -0.3189 0.9439 -0.0855
vn -0.3302 0.9439 -0.0000
vn -0.3189 0.9439 0.0855
vn -0.2859 0.9439 0.1651
vn -0.2335 0.9439 0.2335
vn -0.1651 0.9439 0.2859
vn -0.0855 0.9439 0.3189
vn -0.0000 0.9439 0.3302
vt 0.077781 0.415762
vt 0.077698 0.426133
vt 0.076666 0.428554
vt 0.076749 0.418139
vt 0.077825 0.431577
vt 0.077029 0.434539
vt 0.076305 0.437896
vt 0.076099 0.431789
vt 0.076196 0.421341
vt 0.048293 0.450333
vt 0.048257 0.457085
vt 0.044884 0.457498
vt 0.044937 0.450706
vt 0.048176 0.463873
vt 0.044808 0.464321
vt 0.041410 0.464448
vt 0.041485 0.457611
vt 0.041558 0.450802
vt 0.009434 0.427097
vt 0.009334 0.437557
vt 0.008240 0.434343
vt 0.008362 0.423896
vt 0.009188 0.443667
vt 0.008005 0.440448
vt 0.007138 0.437136
vt 0.007473 0.431042
vt 0.007597 0.420605
vt 0.054866 0.448750
vt 0.054798 0.455374
vt 0.051571 0.456374
vt 0.051606 0.449683
vt 0.054695 0.462034
vt 0.051482 0.463107
vt 0.012467 0.433107
vt 0.012487 0.443582
vt 0.010752 0.440648
vt 0.010805 0.430177
vt 0.012501 0.449672
vt 0.010690 0.446755
vt 0.061511 0.442633
vt 0.060891 0.452385
vt 0.057910 0.454050
vt 0.058085 0.447204
vt 0.060729 0.459097
vt 0.057786 0.460678
vt 0.016611 0.438277
vt 0.016848 0.448595
vt 0.014527 0.446292
vt 0.014406 0.435842
vt 0.016939 0.454774
vt 0.014598 0.452371
vt 0.066814 0.438838
vt 0.066337 0.449152
vt 0.063723 0.450874
vt 0.064334 0.440843
vt 0.066098 0.455326
vt 0.063501 0.457335
vt 0.021829 0.442178
vt 0.022206 0.451957
vt 0.019418 0.450377
vt 0.019047 0.440330
vt 0.022214 0.458671
vt 0.019485 0.456845
vt 0.071066 0.433751
vt 0.070815 0.444233
vt 0.068714 0.446900
vt 0.069069 0.436447
vt 0.070660 0.450327
vt 0.068498 0.452978
vt 0.028304 0.448463
vt 0.028226 0.455085
vt 0.025146 0.453690
vt 0.025128 0.446841
vt 0.028180 0.461744
vt 0.025119 0.460318
vt 0.074223 0.427799
vt 0.074100 0.438270
vt 0.072615 0.441334
vt 0.072788 0.430853
vt 0.074111 0.444390
vt 0.072539 0.447448
vt 0.034836 0.450189
vt 0.034726 0.456939
vt 0.031429 0.456156
vt 0.031540 0.449468
vt 0.034657 0.463726
vt 0.031369 0.462888
vt 0.075263 0.435077
vt 0.075361 0.424618
vt 0.075366 0.441193
vt 0.038088 0.457425
vt 0.038182 0.450634
vt 0.038015 0.464247
vt 0.006975 0.427799
vt 0.007110 0.417395
vt 0.006485 0.433769
vt 0.005753 0.430793
vt 0.005994 0.425360
vt 0.006128 0.414999
vt 0.007777 0.391159
vt 0.007761 0.406136
vt 0.007254 0.402938
vt 0.007222 0.387955
vt 0.006259 0.400550
vt 0.006194 0.385563
vt 0.076627 0.391878
vt 0.076332 0.406860
vt 0.075476 0.410120
vt 0.075719 0.395139
vt 0.074318 0.413280
vt 0.074506 0.398298
vt 0.072869 0.416311
vt 0.072996 0.401323
vt 0.071148 0.419185
vt 0.071205 0.404188
vt 0.069172 0.421939
vt 0.069149 0.406991
vt 0.066967 0.424874
vt 0.066847 0.410343
vt 0.022220 0.418377
vt 0.021035 0.430387
vt 0.019007 0.427634
vt 0.019560 0.414148
vt 0.016752 0.424331
vt 0.017166 0.409818
vt 0.064648 0.428133
vt 0.064361 0.414623
vt 0.062571 0.430850
vt 0.061608 0.418792
vt 0.014607 0.421352
vt 0.014936 0.406419
vt 0.012688 0.418559
vt 0.012940 0.403574
vt 0.011027 0.415652
vt 0.011210 0.400674
vt 0.009642 0.412593
vt 0.009764 0.397619
vt 0.008549 0.409411
vt 0.008617 0.394438
vt 0.078326 0.386313
vt 0.077950 0.401303
vt 0.076905 0.403671
vt 0.077248 0.388684
vt 0.078152 0.364495
vt 0.078668 0.374132
vt 0.077616 0.376710
vt 0.077214 0.368807
vt 0.076938 0.379968
vt 0.076442 0.372184
vt 0.048829 0.398313
vt 0.048884 0.406234
vt 0.045482 0.406225
vt 0.045494 0.398593
vt 0.048747 0.413366
vt 0.045381 0.413063
vt 0.041985 0.412946
vt 0.042049 0.406205
vt 0.042127 0.398663
vt 0.010487 0.377840
vt 0.009784 0.385728
vt 0.008597 0.382541
vt 0.009291 0.374714
vt 0.007713 0.379252
vt 0.008370 0.371482
vt 0.055266 0.397119
vt 0.055458 0.406198
vt 0.052221 0.406228
vt 0.052097 0.397822
vt 0.055319 0.414525
vt 0.052065 0.413852
vt 0.013709 0.383676
vt 0.013035 0.391685
vt 0.011267 0.388785
vt 0.011962 0.380837
vt 0.061194 0.394593
vt 0.061514 0.405076
vt 0.058562 0.406055
vt 0.058304 0.396142
vt 0.058477 0.415624
vt 0.017979 0.389061
vt 0.017369 0.397688
vt 0.015075 0.394497
vt 0.015719 0.386368
vt 0.066471 0.389566
vt 0.066902 0.398206
vt 0.064301 0.401959
vt 0.063926 0.392267
vt 0.023151 0.394197
vt 0.022611 0.404670
vt 0.019890 0.401495
vt 0.020468 0.391815
vt 0.070852 0.384269
vt 0.071360 0.392293
vt 0.069262 0.395063
vt 0.068787 0.386920
vt 0.029025 0.396849
vt 0.028642 0.405925
vt 0.025542 0.405714
vt 0.026008 0.395808
vt 0.028597 0.414259
vt 0.025417 0.415282
vt 0.074194 0.378499
vt 0.074734 0.386403
vt 0.073188 0.389430
vt 0.072658 0.381465
vt 0.035434 0.398177
vt 0.035214 0.406100
vt 0.031878 0.406025
vt 0.032177 0.397619
vt 0.035206 0.413240
vt 0.031870 0.413658
vt 0.075986 0.383240
vt 0.075455 0.375397
vt 0.038616 0.406158
vt 0.038763 0.398525
vt 0.038585 0.413001
vt 0.007103 0.375982
vt 0.007666 0.368091
vt 0.006104 0.373383
vt 0.006817 0.363764
vt 0.036282 0.327768
vt 0.036765 0.330335
vt 0.033799 0.331048
vt 0.033071 0.328543
vt 0.037391 0.333642
vt 0.034747 0.334273
vt 0.032174 0.335157
vt 0.030911 0.332035
vt 0.029941 0.329609
vt 0.065070 0.384737
vt 0.067244 0.382449
vt 0.063441 0.382507
vt 0.065467 0.380415
vt 0.067263 0.378121
vt 0.069188 0.379981
vt 0.028128 0.333305
vt 0.026932 0.330987
vt 0.029692 0.336285
vt 0.027323 0.337645
vt 0.025466 0.334828
vt 0.024051 0.332631
vt 0.070897 0.377345
vt 0.068863 0.375678
vt 0.070207 0.373080
vt 0.072354 0.374550
vt 0.009454 0.361426
vt 0.009732 0.364776
vt 0.011916 0.361135
vt 0.012140 0.364065
vt 0.012705 0.366950
vt 0.010370 0.367937
vt 0.022944 0.336601
vt 0.021333 0.334551
vt 0.025078 0.339219
vt 0.022978 0.340994
vt 0.020569 0.338602
vt 0.018770 0.336704
vt 0.073563 0.371631
vt 0.071341 0.370373
vt 0.072200 0.367563
vt 0.074514 0.368597
vt 0.011259 0.370989
vt 0.013506 0.369777
vt 0.014585 0.372506
vt 0.012408 0.373932
vt 0.018340 0.340819
vt 0.016380 0.339090
vt 0.021017 0.342937
vt 0.019003 0.345131
vt 0.016173 0.343201
vt 0.014120 0.341665
vt 0.075217 0.365449
vt 0.072824 0.364689
vt 0.073106 0.361763
vt 0.075562 0.362104
vt 0.013807 0.376755
vt 0.015876 0.375131
vt 0.017425 0.377605
vt 0.015462 0.379424
vt 0.014039 0.345737
vt 0.012002 0.344460
vt 0.016055 0.347032
vt 0.014328 0.349652
vt 0.012281 0.348569
vt 0.010163 0.347502
vt 0.075495 0.358657
vt 0.077919 0.358631
vt 0.073099 0.358819
vt 0.072712 0.355894
vt 0.075043 0.355392
vt 0.077384 0.354886
vt 0.017354 0.381931
vt 0.019173 0.379936
vt 0.021155 0.382069
vt 0.019481 0.384264
vt 0.010978 0.351595
vt 0.008751 0.350773
vt 0.013170 0.352423
vt 0.012427 0.355279
vt 0.010107 0.354730
vt 0.007777 0.354177
vt 0.074235 0.352238
vt 0.076478 0.351463
vt 0.072024 0.353020
vt 0.070927 0.350223
vt 0.072995 0.349185
vt 0.075134 0.348162
vt 0.021817 0.386422
vt 0.023312 0.384020
vt 0.025665 0.385732
vt 0.024345 0.388322
vt 0.009590 0.357983
vt 0.007167 0.357908
vt 0.011982 0.358193
vt 0.071295 0.346320
vt 0.073357 0.345083
vt 0.069255 0.347579
vt 0.066343 0.345616
vt 0.069211 0.343742
vt 0.071294 0.342247
vt 0.027037 0.389913
vt 0.028159 0.387230
vt 0.030803 0.388455
vt 0.029876 0.391195
vt 0.067092 0.341315
vt 0.069085 0.339626
vt 0.064372 0.343377
vt 0.062450 0.341394
vt 0.064907 0.339052
vt 0.066744 0.337190
vt 0.032838 0.392205
vt 0.033546 0.389445
vt 0.036387 0.390142
vt 0.035896 0.392933
vt 0.062572 0.337003
vt 0.064225 0.334986
vt 0.060386 0.339577
vt 0.058173 0.337957
vt 0.060087 0.335179
vt 0.061546 0.333010
vt 0.039021 0.393388
vt 0.039280 0.390594
vt 0.042209 0.390746
vt 0.042180 0.393554
vt 0.057456 0.333601
vt 0.058698 0.331308
vt 0.055832 0.336549
vt 0.053373 0.335372
vt 0.054699 0.332276
vt 0.055717 0.329870
vt 0.045342 0.393452
vt 0.045142 0.390654
vt 0.048043 0.390262
vt 0.048476 0.393062
vt 0.051831 0.331230
vt 0.052609 0.328740
vt 0.050818 0.334436
vt 0.048188 0.333752
vt 0.048880 0.330458
vt 0.049414 0.327900
vt 0.051549 0.392398
vt 0.050898 0.389624
vt 0.053662 0.388692
vt 0.054532 0.391450
vt 0.045869 0.329986
vt 0.046150 0.327393
vt 0.045505 0.333328
vt 0.042795 0.333167
vt 0.042828 0.329801
vt 0.042854 0.327189
vt 0.057397 0.390228
vt 0.056331 0.387523
vt 0.058855 0.386077
vt 0.060122 0.388694
vt 0.039784 0.329925
vt 0.039555 0.327326
vt 0.040082 0.333273
vt 0.062689 0.386846
vt 0.061244 0.384414
vt 0.035630 0.376790
vt 0.036780 0.374308
vt 0.038153 0.374816
vt 0.037254 0.377359
vt 0.038813 0.371593
vt 0.039854 0.372080
vt 0.040919 0.372455
vt 0.039563 0.375192
vt 0.038919 0.377802
vt 0.056805 0.346575
vt 0.053877 0.349157
vt 0.052748 0.348043
vt 0.055389 0.345230
vt 0.050340 0.351503
vt 0.049477 0.350561
vt 0.048537 0.349714
vt 0.051507 0.347057
vt 0.053838 0.344039
vt 0.041003 0.375425
vt 0.040622 0.378051
vt 0.041999 0.372714
vt 0.043084 0.372856
vt 0.042455 0.375520
vt 0.042342 0.378168
vt 0.050169 0.346205
vt 0.052165 0.343008
vt 0.047530 0.348971
vt 0.046469 0.348339
vt 0.048751 0.345493
vt 0.050396 0.342147
vt 0.043906 0.375489
vt 0.044063 0.378087
vt 0.044155 0.372983
vt 0.045052 0.373415
vt 0.045330 0.375361
vt 0.045772 0.377873
vt 0.047268 0.344928
vt 0.048546 0.341464
vt 0.045365 0.347822
vt 0.044230 0.347427
vt 0.045736 0.344513
vt 0.046639 0.340965
vt 0.046726 0.374969
vt 0.047445 0.377465
vt 0.045931 0.372652
vt 0.047211 0.372091
vt 0.048129 0.374470
vt 0.049082 0.376930
vt 0.044172 0.344253
vt 0.044690 0.340656
vt 0.043077 0.347156
vt 0.041916 0.347011
vt 0.042592 0.344149
vt 0.042721 0.340539
vt 0.049495 0.373876
vt 0.050644 0.376209
vt 0.048526 0.371624
vt 0.049681 0.371582
vt 0.050782 0.373211
vt 0.052146 0.375369
vt 0.041013 0.344183
vt 0.040749 0.340616
vt 0.040769 0.346889
vt 0.039806 0.346458
vt 0.039463 0.344333
vt 0.038795 0.340886
vt 0.051910 0.372332
vt 0.053542 0.374364
vt 0.050048 0.370646
vt 0.050747 0.369816
vt 0.052993 0.371363
vt 0.054854 0.373252
vt 0.037947 0.344764
vt 0.036877 0.341346
vt 0.038872 0.347250
vt 0.037513 0.347856
vt 0.036428 0.345319
vt 0.035014 0.341991
vt 0.053990 0.370301
vt 0.056032 0.371997
vt 0.051445 0.368965
vt 0.052059 0.368029
vt 0.054884 0.369145
vt 0.057110 0.370655
vt 0.034955 0.345984
vt 0.033229 0.342817
vt 0.036118 0.348379
vt 0.034888 0.348474
vt 0.033575 0.346735
vt 0.031535 0.343813
vt 0.055661 0.367905
vt 0.058028 0.369199
vt 0.052585 0.367017
vt 0.053017 0.365937
vt 0.056320 0.366592
vt 0.058830 0.367677
vt 0.024601 0.360673
vt 0.027405 0.360357
vt 0.027514 0.361848
vt 0.024737 0.362384
vt 0.031257 0.359470
vt 0.031403 0.360729
vt 0.031649 0.361976
vt 0.027760 0.363318
vt 0.025012 0.364075
vt 0.032382 0.347713
vt 0.029958 0.344973
vt 0.034532 0.349453
vt 0.033826 0.350346
vt 0.031259 0.348803
vt 0.028516 0.346288
vt 0.056848 0.365217
vt 0.059455 0.366075
vt 0.053352 0.364798
vt 0.053586 0.363610
vt 0.057247 0.363793
vt 0.059952 0.364432
vt 0.028145 0.364753
vt 0.025476 0.365730
vt 0.031995 0.363200
vt 0.032437 0.364391
vt 0.028660 0.366145
vt 0.026070 0.367343
vt 0.030246 0.350004
vt 0.027241 0.347740
vt 0.033132 0.351267
vt 0.032542 0.352276
vt 0.029398 0.351335
vt 0.026044 0.349410
vt 0.057506 0.362331
vt 0.060260 0.362745
vt 0.053717 0.362384
vt 0.053745 0.361129
vt 0.057630 0.360840
vt 0.060430 0.361038
vt 0.029308 0.367479
vt 0.026842 0.368879
vt 0.032972 0.365539
vt 0.033595 0.366634
vt 0.030075 0.368744
vt 0.027731 0.370353
vt 0.028813 0.352823
vt 0.026166 0.351893
vt 0.032063 0.353363
vt 0.031693 0.354516
vt 0.028296 0.354315
vt 0.025687 0.353763
vt 0.057613 0.359332
vt 0.060413 0.359320
vt 0.053670 0.359855
vt 0.053495 0.358574
vt 0.057463 0.357813
vt 0.060252 0.357597
vt 0.030960 0.369929
vt 0.028781 0.371716
vt 0.034301 0.367667
vt 0.035082 0.368628
vt 0.031948 0.371024
vt 0.029934 0.372995
vt 0.027885 0.355823
vt 0.025203 0.355513
vt 0.031430 0.355718
vt 0.031270 0.356953
vt 0.027596 0.357337
vt 0.024850 0.357238
vt 0.057184 0.356291
vt 0.059936 0.355865
vt 0.053220 0.357297
vt 0.052847 0.356037
vt 0.056784 0.354772
vt 0.059487 0.354107
vt 0.033037 0.372017
vt 0.031224 0.374133
vt 0.035932 0.369509
vt 0.036843 0.370301
vt 0.034211 0.372902
vt 0.032599 0.375167
vt 0.027434 0.358850
vt 0.024653 0.358957
vt 0.031213 0.358207
vt 0.056288 0.353252
vt 0.059042 0.352235
vt 0.052373 0.354812
vt 0.051797 0.353640
vt 0.055711 0.351748
vt 0.059211 0.349752
vt 0.035464 0.373667
vt 0.034082 0.376037
vt 0.037807 0.370998
vt 0.054877 0.350390
vt 0.058049 0.348054
vt 0.051117 0.352533
vt 0.062377 0.346946
vt 0.061149 0.345496
vt 0.059634 0.343895
vt 0.025741 0.343553
vt 0.024192 0.345125
vt 0.022933 0.346552
vt 0.029395 0.340685
vt 0.027493 0.342044
vt 0.033568 0.338536
vt 0.031428 0.339512
vt 0.038080 0.337224
vt 0.035792 0.337770
vt 0.042758 0.336812
vt 0.040409 0.336903
vt 0.047427 0.337319
vt 0.045105 0.336951
vt 0.051912 0.338721
vt 0.049704 0.337911
vt 0.056040 0.340954
vt 0.054031 0.339741
vt 0.057913 0.342351
vt 0.036363 0.349686
vt 0.036108 0.350391
vt 0.038041 0.349094
vt 0.038258 0.349603
vt 0.039651 0.348333
vt 0.040343 0.348647
vt 0.035827 0.351072
vt 0.035615 0.351838
vt 0.038458 0.350073
vt 0.038698 0.350638
vt 0.041035 0.348924
vt 0.041741 0.349309
vt 0.035475 0.352683
vt 0.035406 0.353599
vt 0.038976 0.351293
vt 0.039287 0.352031
vt 0.042453 0.349798
vt 0.043163 0.350387
vt 0.035409 0.354575
vt 0.035480 0.355602
vt 0.039630 0.352847
vt 0.039999 0.353731
vt 0.043863 0.351069
vt 0.044547 0.351839
vt 0.035618 0.356669
vt 0.035820 0.357766
vt 0.040390 0.354675
vt 0.040799 0.355671
vt 0.045207 0.352689
vt 0.045835 0.353612
vt 0.036082 0.358881
vt 0.036402 0.360005
vt 0.041221 0.356708
vt 0.041652 0.357777
vt 0.046426 0.354598
vt 0.046972 0.355637
vt 0.036776 0.361127
vt 0.037201 0.362237
vt 0.042087 0.358868
vt 0.042523 0.359969
vt 0.047470 0.356721
vt 0.047917 0.357836
vt 0.037673 0.363325
vt 0.038188 0.364380
vt 0.042955 0.361073
vt 0.043381 0.362166
vt 0.048308 0.358974
vt 0.048643 0.360119
vt 0.038742 0.365394
vt 0.039329 0.366356
vt 0.043797 0.363237
vt 0.044199 0.364277
vt 0.048920 0.361261
vt 0.049137 0.362387
vt 0.039945 0.367257
vt 0.040584 0.368090
vt 0.044583 0.365274
vt 0.044948 0.366219
vt 0.049291 0.363487
vt 0.049383 0.364550
vt 0.041240 0.368846
vt 0.041907 0.369518
vt 0.045289 0.367104
vt 0.045603 0.367919
vt 0.049410 0.365567
vt 0.049373 0.366528
vt 0.042580 0.370100
vt 0.043250 0.370586
vt 0.045887 0.368657
vt 0.046139 0.369312
vt 0.049271 0.367425
vt 0.049106 0.368248
vt 0.043914 0.370972
vt 0.044563 0.371253
vt 0.046357 0.369876
vt 0.046538 0.370346
vt 0.048879 0.368992
vt 0.048592 0.369649
vt 0.045212 0.371572
vt 0.046734 0.370855
vt 0.048331 0.370332
vt 0.398607 0.374772
vt 0.397568 0.372403
vt 0.397446 0.362013
vt 0.398484 0.364424
vt 0.397004 0.369211
vt 0.396870 0.358787
vt 0.397055 0.352695
vt 0.397788 0.356040
vt 0.398591 0.358993
vt 0.369104 0.340365
vt 0.365758 0.340001
vt 0.365689 0.333224
vt 0.369051 0.333628
vt 0.362390 0.339914
vt 0.362301 0.333120
vt 0.362209 0.326297
vt 0.365596 0.326416
vt 0.368954 0.326854
vt 0.330420 0.363636
vt 0.329356 0.366831
vt 0.329219 0.356407
vt 0.330303 0.353200
vt 0.328596 0.370116
vt 0.328460 0.359703
vt 0.328115 0.353624
vt 0.328973 0.350318
vt 0.330146 0.347104
vt 0.375659 0.341928
vt 0.372407 0.341005
vt 0.372356 0.334329
vt 0.375574 0.335318
vt 0.372251 0.327610
vt 0.375455 0.328672
vt 0.333434 0.357634
vt 0.331783 0.360560
vt 0.331711 0.350113
vt 0.333434 0.347183
vt 0.331636 0.344020
vt 0.333434 0.341107
vt 0.382298 0.348013
vt 0.378871 0.343461
vt 0.378679 0.336631
vt 0.381655 0.338284
vt 0.378540 0.330018
vt 0.381476 0.331587
vt 0.337555 0.352468
vt 0.335362 0.354903
vt 0.335461 0.344475
vt 0.337769 0.342172
vt 0.335517 0.338410
vt 0.337844 0.336007
vt 0.387593 0.351784
vt 0.385116 0.349792
vt 0.384480 0.339784
vt 0.387090 0.341495
vt 0.384243 0.333338
vt 0.386836 0.335335
vt 0.342746 0.348566
vt 0.339978 0.350415
vt 0.340326 0.340390
vt 0.343101 0.338807
vt 0.340377 0.333936
vt 0.343092 0.332107
vt 0.391846 0.356847
vt 0.389848 0.354164
vt 0.389464 0.343735
vt 0.391565 0.346390
vt 0.389234 0.337671
vt 0.391395 0.340311
vt 0.349186 0.342280
vt 0.346024 0.343906
vt 0.346027 0.337071
vt 0.349093 0.335672
vt 0.345984 0.330457
vt 0.349031 0.329027
vt 0.395013 0.362774
vt 0.393572 0.359732
vt 0.393367 0.349276
vt 0.394857 0.352328
vt 0.393275 0.343177
vt 0.394850 0.346223
vt 0.355692 0.340542
vt 0.352408 0.341269
vt 0.352282 0.334596
vt 0.355566 0.333807
vt 0.352206 0.327878
vt 0.355482 0.327034
vt 0.396160 0.365944
vt 0.396025 0.355510
vt 0.396110 0.349409
vt 0.359026 0.340090
vt 0.358916 0.333313
vt 0.358827 0.326506
vt 0.328114 0.373320
vt 0.327967 0.362939
vt 0.327136 0.375713
vt 0.326993 0.365374
vt 0.326745 0.359953
vt 0.327471 0.356983
vt 0.328785 0.399523
vt 0.328231 0.402728
vt 0.328265 0.387753
vt 0.328769 0.384559
vt 0.327204 0.405120
vt 0.327273 0.390139
vt 0.397572 0.398627
vt 0.396650 0.395371
vt 0.396333 0.380411
vt 0.397202 0.383662
vt 0.395423 0.392220
vt 0.395164 0.377261
vt 0.393902 0.389204
vt 0.393708 0.374242
vt 0.392102 0.386350
vt 0.391980 0.371381
vt 0.390038 0.383558
vt 0.389999 0.368639
vt 0.387728 0.380220
vt 0.387790 0.365718
vt 0.343180 0.372317
vt 0.340531 0.376542
vt 0.339963 0.363085
vt 0.341979 0.360334
vt 0.338147 0.380870
vt 0.337720 0.366385
vt 0.385230 0.375956
vt 0.385467 0.362474
vt 0.382468 0.371804
vt 0.383388 0.359769
vt 0.335925 0.384267
vt 0.335585 0.369361
vt 0.333935 0.387111
vt 0.333674 0.372151
vt 0.332210 0.390010
vt 0.332020 0.375055
vt 0.330768 0.393064
vt 0.330642 0.378110
vt 0.329623 0.396245
vt 0.329554 0.381287
vt 0.399298 0.404182
vt 0.398210 0.401817
vt 0.397788 0.386844
vt 0.398842 0.389204
vt 0.399259 0.426051
vt 0.398300 0.421728
vt 0.398650 0.413798
vt 0.399716 0.416376
vt 0.397509 0.418343
vt 0.397954 0.410539
vt 0.369789 0.392265
vt 0.366453 0.391992
vt 0.366419 0.384384
vt 0.369816 0.384367
vt 0.363086 0.391930
vt 0.362990 0.384412
vt 0.362908 0.377690
vt 0.366297 0.377565
vt 0.369656 0.377254
vt 0.331475 0.412852
vt 0.330280 0.415988
vt 0.329596 0.408145
vt 0.330781 0.404954
vt 0.329360 0.419230
vt 0.328713 0.411440
vt 0.376228 0.393444
vt 0.373058 0.392748
vt 0.373148 0.384365
vt 0.376380 0.384388
vt 0.372965 0.376761
vt 0.376210 0.376080
vt 0.334693 0.406999
vt 0.332948 0.409847
vt 0.332262 0.401893
vt 0.334027 0.398990
vt 0.382162 0.395956
vt 0.379268 0.394414
vt 0.379479 0.384523
vt 0.382430 0.385492
vt 0.379356 0.374975
vt 0.338957 0.401598
vt 0.336700 0.404299
vt 0.336063 0.396174
vt 0.338353 0.392980
vt 0.387459 0.400969
vt 0.384903 0.398274
vt 0.385226 0.388596
vt 0.387839 0.392336
vt 0.344123 0.396448
vt 0.341442 0.398837
vt 0.340868 0.389173
vt 0.343582 0.385996
vt 0.391861 0.406256
vt 0.389785 0.403610
vt 0.390211 0.395469
vt 0.392319 0.398231
vt 0.349989 0.393780
vt 0.346976 0.394830
vt 0.346507 0.384947
vt 0.349602 0.384727
vt 0.346372 0.375399
vt 0.349547 0.376412
vt 0.395230 0.412022
vt 0.393679 0.409057
vt 0.394158 0.401087
vt 0.395718 0.404109
vt 0.356395 0.392434
vt 0.353140 0.393001
vt 0.352832 0.384619
vt 0.356164 0.384535
vt 0.352814 0.377004
vt 0.356143 0.377413
vt 0.396505 0.415126
vt 0.396985 0.407269
vt 0.359722 0.392077
vt 0.359561 0.384468
vt 0.359515 0.377643
vt 0.328658 0.422635
vt 0.328102 0.414716
vt 0.327812 0.426982
vt 0.327103 0.417321
vt 0.357364 0.463651
vt 0.354103 0.462862
vt 0.354800 0.460529
vt 0.357820 0.461255
vt 0.350927 0.461756
vt 0.351859 0.459507
vt 0.352733 0.457423
vt 0.355451 0.458365
vt 0.358248 0.459028
vt 0.388276 0.408085
vt 0.386092 0.405798
vt 0.390231 0.410553
vt 0.388327 0.412419
vt 0.386519 0.410123
vt 0.384483 0.408029
vt 0.347881 0.460309
vt 0.349035 0.458175
vt 0.344988 0.458559
vt 0.346348 0.456545
vt 0.347629 0.454699
vt 0.350117 0.456207
vt 0.391952 0.413190
vt 0.393422 0.415987
vt 0.391295 0.417469
vt 0.389938 0.414866
vt 0.330716 0.425965
vt 0.330445 0.429332
vt 0.331351 0.422789
vt 0.333676 0.423778
vt 0.333115 0.426680
vt 0.332898 0.429625
vt 0.342290 0.456510
vt 0.343849 0.454610
vt 0.339767 0.454243
vt 0.341567 0.452401
vt 0.343964 0.450041
vt 0.345388 0.452833
vt 0.394646 0.418912
vt 0.395612 0.421952
vt 0.393314 0.423001
vt 0.392442 0.420183
vt 0.332238 0.419724
vt 0.333385 0.416768
vt 0.335550 0.418194
vt 0.334474 0.420937
vt 0.337404 0.451794
vt 0.339367 0.450088
vt 0.335157 0.449183
vt 0.337210 0.447659
vt 0.340034 0.445724
vt 0.342018 0.447953
vt 0.396330 0.425110
vt 0.396689 0.428468
vt 0.394244 0.428824
vt 0.393950 0.425886
vt 0.334781 0.413932
vt 0.336433 0.411251
vt 0.338385 0.413066
vt 0.336838 0.415555
vt 0.333040 0.446370
vt 0.335073 0.445098
vt 0.331198 0.443314
vt 0.333309 0.442250
vt 0.335346 0.441168
vt 0.337082 0.443803
vt 0.399049 0.431944
vt 0.396633 0.431932
vt 0.398525 0.435706
vt 0.396191 0.435213
vt 0.393867 0.434724
vt 0.394247 0.431783
vt 0.338323 0.408733
vt 0.340448 0.406389
vt 0.342113 0.408576
vt 0.340132 0.410723
vt 0.329779 0.440031
vt 0.331996 0.439210
vt 0.328795 0.436615
vt 0.331116 0.436061
vt 0.333426 0.435512
vt 0.334179 0.438383
vt 0.397630 0.439147
vt 0.395391 0.438384
vt 0.396298 0.442465
vt 0.394160 0.441457
vt 0.392096 0.440431
vt 0.393186 0.437615
vt 0.342782 0.404220
vt 0.345309 0.402308
vt 0.346623 0.404887
vt 0.344270 0.406612
vt 0.328175 0.432868
vt 0.330589 0.432793
vt 0.332972 0.432583
vt 0.394534 0.445566
vt 0.392470 0.444346
vt 0.392490 0.448431
vt 0.390398 0.446959
vt 0.387526 0.445097
vt 0.390430 0.443099
vt 0.348001 0.400706
vt 0.350839 0.399414
vt 0.351764 0.402139
vt 0.349118 0.403376
vt 0.390311 0.451097
vt 0.388305 0.449443
vt 0.388012 0.453606
vt 0.386165 0.451812
vt 0.383707 0.449516
vt 0.385599 0.447378
vt 0.353802 0.398394
vt 0.356862 0.397656
vt 0.357355 0.400432
vt 0.354511 0.401139
vt 0.385549 0.455937
vt 0.383941 0.454079
vt 0.382907 0.458056
vt 0.381494 0.456078
vt 0.380166 0.454266
vt 0.382356 0.452342
vt 0.359990 0.397192
vt 0.363153 0.397017
vt 0.363189 0.399811
vt 0.360253 0.399971
vt 0.380062 0.459881
vt 0.378853 0.457778
vt 0.377056 0.461407
vt 0.376065 0.459183
vt 0.375137 0.457123
vt 0.377719 0.455839
vt 0.366319 0.397112
vt 0.369457 0.397496
vt 0.369037 0.400283
vt 0.366128 0.399897
vt 0.373911 0.462597
vt 0.373153 0.460283
vt 0.370674 0.463473
vt 0.370154 0.461089
vt 0.369668 0.458875
vt 0.372446 0.458137
vt 0.372536 0.398155
vt 0.375524 0.399098
vt 0.374670 0.401846
vt 0.371899 0.400918
vt 0.367367 0.464005
vt 0.367091 0.461584
vt 0.364028 0.464223
vt 0.363995 0.461783
vt 0.363966 0.459515
vt 0.366833 0.459336
vt 0.378395 0.400315
vt 0.381127 0.401846
vt 0.379880 0.404459
vt 0.377347 0.403014
vt 0.360684 0.464095
vt 0.360896 0.461668
vt 0.361095 0.459413
vt 0.383702 0.403691
vt 0.382277 0.406122
vt 0.356570 0.413700
vt 0.358210 0.413113
vt 0.358978 0.415617
vt 0.357576 0.416133
vt 0.359892 0.412661
vt 0.360422 0.415237
vt 0.360957 0.417837
vt 0.359757 0.418154
vt 0.358593 0.418588
vt 0.377960 0.444052
vt 0.375657 0.444532
vt 0.373901 0.442499
vt 0.375131 0.441493
vt 0.374058 0.445514
vt 0.372621 0.443425
vt 0.371018 0.441199
vt 0.372033 0.440415
vt 0.372959 0.439535
vt 0.361615 0.412401
vt 0.361897 0.415002
vt 0.363354 0.412281
vt 0.363387 0.414910
vt 0.363421 0.417564
vt 0.362183 0.417640
vt 0.372485 0.446456
vt 0.371277 0.444244
vt 0.370848 0.447246
vt 0.369864 0.444926
vt 0.368774 0.442449
vt 0.369928 0.441879
vt 0.365095 0.412358
vt 0.364880 0.414966
vt 0.366824 0.412575
vt 0.366360 0.415165
vt 0.365891 0.417779
vt 0.364661 0.417611
vt 0.369152 0.447875
vt 0.368399 0.445475
vt 0.367407 0.448340
vt 0.366889 0.445873
vt 0.366321 0.443234
vt 0.367567 0.442901
vt 0.368517 0.412986
vt 0.367813 0.415510
vt 0.370171 0.413532
vt 0.369227 0.415991
vt 0.368274 0.418473
vt 0.367098 0.418067
vt 0.365626 0.448628
vt 0.365350 0.446127
vt 0.363826 0.448744
vt 0.363794 0.446224
vt 0.363761 0.443526
vt 0.365048 0.443443
vt 0.371752 0.414261
vt 0.370586 0.416612
vt 0.373269 0.415116
vt 0.371881 0.417359
vt 0.370480 0.419622
vt 0.369404 0.418993
vt 0.362023 0.448678
vt 0.362236 0.446172
vt 0.360235 0.448440
vt 0.360690 0.445963
vt 0.361191 0.443312
vt 0.362471 0.443482
vt 0.374681 0.416135
vt 0.373096 0.418231
vt 0.376006 0.417265
vt 0.374224 0.419215
vt 0.372428 0.421183
vt 0.371491 0.420354
vt 0.358477 0.448025
vt 0.359169 0.445608
vt 0.356764 0.447442
vt 0.357688 0.445101
vt 0.358715 0.442601
vt 0.359935 0.443017
vt 0.377198 0.418536
vt 0.375251 0.420306
vt 0.378285 0.419897
vt 0.376171 0.421488
vt 0.374044 0.423101
vt 0.373281 0.422102
vt 0.355105 0.446697
vt 0.356255 0.444459
vt 0.353506 0.445798
vt 0.354888 0.443677
vt 0.356431 0.441417
vt 0.357543 0.442065
vt 0.379215 0.421370
vt 0.376972 0.422756
vt 0.380026 0.422909
vt 0.377654 0.424091
vt 0.375269 0.425296
vt 0.374707 0.424172
vt 0.345502 0.430075
vt 0.345632 0.428348
vt 0.348235 0.428795
vt 0.348141 0.430303
vt 0.345902 0.426636
vt 0.348468 0.427308
vt 0.351045 0.427994
vt 0.350857 0.429252
vt 0.350787 0.430526
vt 0.351880 0.444858
vt 0.353582 0.442785
vt 0.349564 0.444435
vt 0.352325 0.441810
vt 0.354441 0.439806
vt 0.355393 0.440662
vt 0.380661 0.424527
vt 0.378202 0.425486
vt 0.381165 0.426187
vt 0.378617 0.426928
vt 0.376059 0.427688
vt 0.375721 0.426472
vt 0.346362 0.424962
vt 0.348845 0.425853
vt 0.346954 0.423326
vt 0.349355 0.424440
vt 0.351771 0.425572
vt 0.351351 0.426764
vt 0.348297 0.442988
vt 0.351253 0.440642
vt 0.347073 0.441363
vt 0.350349 0.439336
vt 0.352842 0.437822
vt 0.353587 0.438856
vt 0.381479 0.427890
vt 0.378890 0.428405
vt 0.381654 0.429611
vt 0.379022 0.429907
vt 0.376382 0.430200
vt 0.376279 0.428935
vt 0.347725 0.421764
vt 0.350001 0.423086
vt 0.348617 0.420267
vt 0.350770 0.421798
vt 0.352939 0.423346
vt 0.352302 0.424430
vt 0.347152 0.438885
vt 0.349705 0.437867
vt 0.346642 0.437028
vt 0.349152 0.436373
vt 0.351693 0.435549
vt 0.352210 0.436716
vt 0.381636 0.431342
vt 0.379013 0.431423
vt 0.381475 0.433075
vt 0.378859 0.432944
vt 0.376229 0.432742
vt 0.376364 0.431473
vt 0.349669 0.418878
vt 0.351661 0.420593
vt 0.350829 0.417577
vt 0.352660 0.419477
vt 0.354507 0.421395
vt 0.353677 0.422332
vt 0.346139 0.435274
vt 0.348699 0.434866
vt 0.345770 0.433540
vt 0.348381 0.433344
vt 0.351005 0.433080
vt 0.351290 0.434335
vt 0.381151 0.434813
vt 0.378580 0.434470
vt 0.380694 0.436575
vt 0.378166 0.435984
vt 0.375604 0.435219
vt 0.375974 0.433995
vt 0.352126 0.416414
vt 0.353764 0.418466
vt 0.353512 0.415359
vt 0.354957 0.417565
vt 0.356416 0.419789
vt 0.355423 0.420546
vt 0.345565 0.431807
vt 0.348190 0.431822
vt 0.350837 0.431806
vt 0.380234 0.438443
vt 0.377651 0.437490
vt 0.380369 0.440918
vt 0.377044 0.438973
vt 0.374509 0.437517
vt 0.375118 0.436400
vt 0.355007 0.414468
vt 0.356233 0.416786
vt 0.357476 0.419134
vt 0.379188 0.442573
vt 0.376172 0.440299
vt 0.373788 0.438566
vt 0.382404 0.445135
vt 0.383565 0.443744
vt 0.381360 0.446408
vt 0.345148 0.445624
vt 0.346226 0.446872
vt 0.343950 0.444260
vt 0.372012 0.456825
vt 0.374569 0.455869
vt 0.369372 0.457526
vt 0.369061 0.456103
vt 0.371556 0.455441
vt 0.373971 0.454546
vt 0.377018 0.454659
vt 0.379332 0.453193
vt 0.376276 0.453413
vt 0.378448 0.452064
vt 0.376469 0.445788
vt 0.374825 0.446752
vt 0.378344 0.445691
vt 0.378439 0.446639
vt 0.377198 0.446985
vt 0.375580 0.447998
vt 0.351101 0.446132
vt 0.349223 0.446082
vt 0.352772 0.447053
vt 0.352049 0.448317
vt 0.350404 0.447346
vt 0.349153 0.447031
vt 0.361900 0.450134
vt 0.359973 0.449876
vt 0.363845 0.450203
vt 0.363863 0.451664
vt 0.361777 0.451593
vt 0.359709 0.451314
vt 0.381296 0.451452
vt 0.381987 0.449421
vt 0.380251 0.450548
vt 0.380968 0.449306
vt 0.346425 0.451915
vt 0.348434 0.453605
vt 0.345680 0.449903
vt 0.346696 0.449761
vt 0.347445 0.450985
vt 0.349288 0.452454
vt 0.373154 0.447749
vt 0.371405 0.448594
vt 0.373826 0.449049
vt 0.371966 0.449947
vt 0.118043 0.338092
vt 0.118413 0.339267
vt 0.117297 0.339687
vt 0.116946 0.338610
vt 0.118716 0.340464
vt 0.117551 0.340785
vt 0.116503 0.341753
vt 0.116196 0.340711
vt 0.115791 0.339686
vt 0.099100 0.352729
vt 0.098128 0.351977
vt 0.098936 0.351084
vt 0.099833 0.351785
vt 0.097232 0.351131
vt 0.098107 0.350303
vt 0.099352 0.349127
vt 0.100166 0.349917
vt 0.101041 0.350635
vt 0.106659 0.329954
vt 0.107889 0.330083
vt 0.107610 0.331235
vt 0.106490 0.331134
vt 0.109107 0.330285
vt 0.108721 0.331431
vt 0.107694 0.332423
vt 0.106659 0.332156
vt 0.105623 0.331990
vt 0.116920 0.335904
vt 0.117515 0.336979
vt 0.116482 0.337578
vt 0.115926 0.336585
vt 0.115294 0.338689
vt 0.114708 0.337728
vt 0.101223 0.353961
vt 0.100120 0.353417
vt 0.100785 0.352402
vt 0.101797 0.352914
vt 0.101966 0.351274
vt 0.102934 0.351828
vt 0.104185 0.330084
vt 0.105419 0.329943
vt 0.105372 0.331143
vt 0.104262 0.331271
vt 0.104596 0.331931
vt 0.103588 0.331978
vt 0.115420 0.333952
vt 0.116216 0.334894
vt 0.115278 0.335650
vt 0.114545 0.334779
vt 0.114042 0.336813
vt 0.113299 0.335955
vt 0.103543 0.354795
vt 0.102360 0.354432
vt 0.102847 0.353335
vt 0.103929 0.353648
vt 0.103934 0.352291
vt 0.104956 0.352656
vt 0.101777 0.330674
vt 0.102973 0.330343
vt 0.103169 0.331501
vt 0.102106 0.331817
vt 0.102611 0.332127
vt 0.101677 0.332379
vt 0.113567 0.332332
vt 0.114518 0.333115
vt 0.113714 0.333999
vt 0.112824 0.333293
vt 0.112484 0.335165
vt 0.111610 0.334446
vt 0.105989 0.355123
vt 0.104760 0.354996
vt 0.105039 0.353844
vt 0.106158 0.353943
vt 0.105991 0.352923
vt 0.107027 0.353089
vt 0.099525 0.331733
vt 0.100636 0.331167
vt 0.101083 0.332237
vt 0.100123 0.332734
vt 0.100822 0.332714
vt 0.100210 0.333005
vt 0.111434 0.331111
vt 0.112520 0.331688
vt 0.111863 0.332685
vt 0.110855 0.332164
vt 0.110684 0.333807
vt 0.109716 0.333252
vt 0.108465 0.355012
vt 0.107227 0.355123
vt 0.107278 0.353933
vt 0.108387 0.353815
vt 0.108054 0.353151
vt 0.109061 0.353105
vt 0.097554 0.333255
vt 0.098510 0.332456
vt 0.099235 0.333377
vt 0.098359 0.334107
vt 0.099521 0.333541
vt 0.098583 0.334344
vt 0.110867 0.354398
vt 0.109675 0.354741
vt 0.109479 0.353582
vt 0.110544 0.353263
vt 0.110039 0.352955
vt 0.110973 0.352705
vt 0.095923 0.335136
vt 0.096703 0.334163
vt 0.097581 0.334939
vt 0.096887 0.335790
vt 0.097728 0.335235
vt 0.097153 0.335892
vt 0.113109 0.353329
vt 0.112025 0.353939
vt 0.111567 0.352853
vt 0.112524 0.352343
vt 0.111827 0.352371
vt 0.112439 0.352076
vt 0.094736 0.337323
vt 0.095294 0.336212
vt 0.096337 0.336719
vt 0.095859 0.337717
vt 0.096828 0.336486
vt 0.096445 0.337321
vt 0.115098 0.351830
vt 0.114146 0.352637
vt 0.113417 0.351709
vt 0.114292 0.350979
vt 0.113130 0.351543
vt 0.114068 0.350741
vt 0.094000 0.339693
vt 0.094335 0.338499
vt 0.095482 0.338760
vt 0.095189 0.339838
vt 0.096139 0.338238
vt 0.095935 0.339205
vt 0.116728 0.349946
vt 0.115948 0.350920
vt 0.115070 0.350145
vt 0.115763 0.349294
vt 0.114923 0.349849
vt 0.115497 0.349192
vt 0.093729 0.342155
vt 0.093830 0.340921
vt 0.095011 0.340938
vt 0.094928 0.342057
vt 0.095833 0.340208
vt 0.095835 0.341237
vt 0.117914 0.347758
vt 0.117356 0.348870
vt 0.116314 0.348363
vt 0.116791 0.347366
vt 0.115822 0.348597
vt 0.116205 0.347762
vt 0.093934 0.344618
vt 0.093797 0.343390
vt 0.094964 0.343177
vt 0.095099 0.344297
vt 0.095940 0.342281
vt 0.096147 0.343330
vt 0.118650 0.345389
vt 0.118315 0.346583
vt 0.117168 0.346322
vt 0.117461 0.345245
vt 0.116511 0.346844
vt 0.116715 0.345877
vt 0.094606 0.346991
vt 0.094237 0.345815
vt 0.095352 0.345396
vt 0.095702 0.346474
vt 0.096454 0.344372
vt 0.096858 0.345397
vt 0.118921 0.342927
vt 0.118820 0.344161
vt 0.117639 0.344144
vt 0.117722 0.343025
vt 0.116817 0.344874
vt 0.116815 0.343845
vt 0.026186 0.419281
vt 0.024156 0.423125
vt 0.029087 0.417934
vt 0.347135 0.371405
vt 0.350031 0.372743
vt 0.345104 0.367574
vt 0.058116 0.463958
vt 0.054947 0.465354
vt 0.061142 0.462299
vt 0.378860 0.326744
vt 0.381880 0.328391
vt 0.375698 0.325359
vt 0.023261 0.366504
vt 0.022753 0.364647
vt 0.023960 0.368309
vt 0.344169 0.424191
vt 0.344866 0.422366
vt 0.343664 0.426067
vt 0.080290 0.358403
vt 0.080755 0.364221
vt 0.079691 0.354392
vt 0.401414 0.432161
vt 0.400827 0.436190
vt 0.401855 0.426312
vt 0.044867 0.447361
vt 0.048107 0.447010
vt 0.041592 0.447458
vt 0.365697 0.343339
vt 0.362433 0.343251
vt 0.368927 0.343682
vt 0.064015 0.460406
vt 0.066735 0.458270
vt 0.384748 0.330272
vt 0.387464 0.332397
vt 0.061653 0.366896
vt 0.060919 0.368685
vt 0.062199 0.365046
vt 0.382832 0.423697
vt 0.383387 0.425561
vt 0.382089 0.421894
vt 0.078728 0.350697
vt 0.077240 0.347147
vt 0.399876 0.439901
vt 0.398402 0.443467
vt 0.032181 0.417167
vt 0.035389 0.416625
vt 0.353119 0.373502
vt 0.356320 0.374035
vt 0.069283 0.455853
vt 0.071603 0.453160
vt 0.390010 0.334801
vt 0.392329 0.337482
vt 0.075370 0.343822
vt 0.073179 0.340826
vt 0.396549 0.446808
vt 0.394387 0.449828
vt 0.080180 0.400501
vt 0.080005 0.414947
vt 0.080567 0.385521
vt 0.401069 0.389995
vt 0.401537 0.404961
vt 0.400828 0.375575
vt 0.073652 0.450229
vt 0.075405 0.447100
vt 0.394378 0.340399
vt 0.396133 0.343516
vt 0.022412 0.362758
vt 0.022269 0.360859
vt 0.343328 0.427974
vt 0.343191 0.429890
vt 0.070868 0.338044
vt 0.068375 0.335489
vt 0.392116 0.452643
vt 0.389685 0.455264
vt 0.038666 0.416308
vt 0.041962 0.416221
vt 0.359590 0.374344
vt 0.362878 0.374423
vt 0.076847 0.443810
vt 0.077975 0.440400
vt 0.397579 0.346793
vt 0.398712 0.350192
vt 0.060031 0.370408
vt 0.058972 0.372032
vt 0.381190 0.420158
vt 0.380121 0.418520
vt 0.065720 0.333128
vt 0.062850 0.331050
vt 0.387098 0.457738
vt 0.384267 0.459966
vt 0.078821 0.436774
vt 0.079446 0.432221
vt 0.399567 0.353806
vt 0.400204 0.358344
vt 0.059829 0.329207
vt 0.056630 0.327700
vt 0.381240 0.461946
vt 0.378004 0.463552
vt 0.014480 0.363785
vt 0.014959 0.366437
vt 0.014250 0.361107
vt 0.335444 0.426959
vt 0.335221 0.429652
vt 0.335920 0.424291
vt 0.060227 0.431743
vt 0.059577 0.423502
vt 0.059354 0.440029
vt 0.381049 0.358885
vt 0.380156 0.350618
vt 0.380426 0.367110
vt 0.057774 0.373558
vt 0.056427 0.374952
vt 0.378912 0.416981
vt 0.377554 0.415573
vt 0.053320 0.326461
vt 0.049893 0.325596
vt 0.374645 0.464861
vt 0.371169 0.465767
vt 0.015714 0.369035
vt 0.016685 0.371559
vt 0.336670 0.421677
vt 0.337638 0.419138
vt 0.080925 0.373293
vt 0.401971 0.417204
vt 0.046407 0.325019
vt 0.042878 0.324836
vt 0.367635 0.466371
vt 0.364059 0.466571
vt 0.017900 0.373974
vt 0.019314 0.376273
vt 0.338851 0.416707
vt 0.340265 0.414393
vt 0.054961 0.376223
vt 0.053373 0.377334
vt 0.376076 0.414290
vt 0.374475 0.413168
vt 0.017510 0.348697
vt 0.016241 0.350852
vt 0.019300 0.347614
vt 0.338528 0.442130
vt 0.340319 0.443216
vt 0.337249 0.439967
vt 0.039346 0.324948
vt 0.035849 0.325454
vt 0.360479 0.466467
vt 0.356930 0.465958
vt 0.020953 0.378415
vt 0.022770 0.380401
vt 0.341902 0.412236
vt 0.343719 0.410235
vt 0.023373 0.431321
vt 0.024052 0.439611
vt 0.344308 0.359398
vt 0.344967 0.351124
vt 0.015340 0.353264
vt 0.014675 0.355806
vt 0.336338 0.437542
vt 0.335663 0.434985
vt 0.032406 0.326250
vt 0.029072 0.327422
vt 0.353429 0.465145
vt 0.350036 0.463925
vt 0.024782 0.382190
vt 0.026944 0.383790
vt 0.345732 0.408432
vt 0.347896 0.406818
vt 0.051691 0.378300
vt 0.049919 0.379087
vt 0.372779 0.412192
vt 0.370991 0.411397
vt 0.014332 0.358436
vt 0.335311 0.432339
vt 0.025844 0.328864
vt 0.022786 0.330644
vt 0.346757 0.462405
vt 0.343679 0.460505
vt 0.029262 0.385158
vt 0.031695 0.386312
vt 0.350217 0.405436
vt 0.352654 0.404270
vt 0.019876 0.332664
vt 0.017174 0.334969
vt 0.340789 0.458350
vt 0.338138 0.455943
vt 0.021671 0.348428
vt 0.023560 0.350133
vt 0.342683 0.442386
vt 0.344565 0.440668
vt 0.034240 0.387208
vt 0.036856 0.387877
vt 0.355204 0.403361
vt 0.357826 0.402683
vt 0.004045 0.399702
vt 0.003970 0.384726
vt 0.003921 0.414138
vt 0.325067 0.390987
vt 0.324937 0.376573
vt 0.324986 0.405958
vt 0.048080 0.379714
vt 0.046187 0.380148
vt 0.369137 0.410765
vt 0.367227 0.410328
vt 0.014629 0.337472
vt 0.012264 0.340207
vt 0.335639 0.453385
vt 0.333296 0.450628
vt 0.063593 0.348840
vt 0.061676 0.350519
vt 0.065999 0.348094
vt 0.384775 0.441846
vt 0.387179 0.442596
vt 0.382856 0.440165
vt 0.039532 0.388275
vt 0.042233 0.388440
vt 0.360509 0.402276
vt 0.363219 0.402104
vt 0.010014 0.343158
vt 0.008078 0.346444
vt 0.331057 0.447663
vt 0.329120 0.444370
vt 0.044939 0.388331
vt 0.047621 0.387988
vt 0.365933 0.402207
vt 0.368624 0.402546
vt 0.038321 0.447292
vt 0.035090 0.446872
vt 0.359172 0.343425
vt 0.355952 0.343852
vt 0.044261 0.380413
vt 0.042318 0.380478
vt 0.365284 0.410063
vt 0.363325 0.410000
vt 0.006517 0.349962
vt 0.005479 0.353636
vt 0.327553 0.440844
vt 0.326506 0.437158
vt 0.032993 0.378107
vt 0.031333 0.377108
vt 0.034750 0.378931
vt 0.353928 0.412426
vt 0.355697 0.411587
vt 0.352259 0.413444
vt 0.050252 0.387374
vt 0.052813 0.386531
vt 0.371264 0.403157
vt 0.373834 0.403999
vt 0.003865 0.372499
vt 0.004220 0.363437
vt 0.324871 0.418208
vt 0.325224 0.427311
vt 0.004801 0.357632
vt 0.325816 0.433146
vt 0.061321 0.352249
vt 0.061762 0.353946
vt 0.382511 0.438433
vt 0.382960 0.436732
vt 0.055271 0.385427
vt 0.057616 0.384109
vt 0.376302 0.405103
vt 0.378657 0.406422
vt 0.031936 0.446200
vt 0.028901 0.445283
vt 0.352811 0.344530
vt 0.349787 0.345452
vt 0.040376 0.380372
vt 0.038458 0.380068
vt 0.361366 0.410111
vt 0.359432 0.410425
vt 0.004646 0.435962
vt 0.004118 0.431403
vt 0.005414 0.439600
vt 0.325634 0.354799
vt 0.326392 0.351168
vt 0.325115 0.359347
vt 0.022299 0.358966
vt 0.022517 0.357106
vt 0.343230 0.431798
vt 0.343457 0.433671
vt 0.059813 0.382553
vt 0.061860 0.380807
vt 0.380863 0.407980
vt 0.382920 0.409729
vt 0.045252 0.416365
vt 0.048497 0.416746
vt 0.366160 0.374271
vt 0.369395 0.373883
vt 0.006466 0.443030
vt 0.007833 0.446346
vt 0.327434 0.347745
vt 0.328789 0.344435
vt 0.029766 0.375963
vt 0.028328 0.374665
vt 0.350684 0.414607
vt 0.349240 0.415926
vt 0.063720 0.378857
vt 0.065401 0.376750
vt 0.384790 0.411683
vt 0.386482 0.413795
vt 0.026105 0.443748
vt 0.347004 0.346991
vt 0.036573 0.379595
vt 0.357533 0.410909
vt 0.009513 0.449508
vt 0.011490 0.452481
vt 0.330456 0.341276
vt 0.332420 0.338307
vt 0.062243 0.355696
vt 0.062587 0.357509
vt 0.383446 0.434974
vt 0.383791 0.433151
vt 0.066864 0.374479
vt 0.068127 0.372090
vt 0.387956 0.416071
vt 0.389231 0.418468
vt 0.051666 0.417350
vt 0.054720 0.418177
vt 0.372554 0.373272
vt 0.375598 0.372438
vt 0.013743 0.455225
vt 0.016230 0.457702
vt 0.334658 0.335564
vt 0.337131 0.333088
vt 0.022901 0.355293
vt 0.023423 0.353541
vt 0.343852 0.435495
vt 0.344388 0.437252
vt 0.069149 0.369584
vt 0.069956 0.367005
vt 0.390266 0.420981
vt 0.391084 0.423571
vt 0.018898 0.459902
vt 0.021727 0.461862
vt 0.339785 0.330886
vt 0.342600 0.328924
vt 0.027008 0.373242
vt 0.025841 0.371694
vt 0.347916 0.417370
vt 0.346747 0.418939
vt 0.070490 0.364361
vt 0.070773 0.361691
vt 0.391629 0.426225
vt 0.391923 0.428909
vt 0.057610 0.419602
vt 0.378476 0.371008
vt 0.024716 0.463590
vt 0.027854 0.465057
vt 0.345574 0.327193
vt 0.348698 0.325722
vt 0.062766 0.359373
vt 0.062758 0.361265
vt 0.383969 0.431275
vt 0.383959 0.429370
vt 0.070746 0.359016
vt 0.070456 0.356378
vt 0.391903 0.431599
vt 0.391619 0.434253
vt 0.003865 0.424660
vt 0.324871 0.366075
vt 0.031119 0.466230
vt 0.034482 0.467088
vt 0.351949 0.324544
vt 0.355298 0.323680
vt 0.023897 0.351853
vt 0.344882 0.438943
vt 0.069839 0.353814
vt 0.068978 0.351370
vt 0.391008 0.436833
vt 0.390150 0.439293
vt 0.057175 0.444090
vt 0.054335 0.445554
vt 0.377973 0.346572
vt 0.375139 0.345118
vt 0.037911 0.467620
vt 0.041373 0.467815
vt 0.358714 0.323141
vt 0.362164 0.322938
vt 0.024813 0.370048
vt 0.345718 0.420607
vt 0.067777 0.349225
vt 0.388953 0.441454
vt 0.079841 0.425477
vt 0.400623 0.365070
vt 0.044838 0.467695
vt 0.048278 0.467238
vt 0.365618 0.323049
vt 0.369047 0.323497
vt 0.062577 0.363164
vt 0.383772 0.427457
vt 0.051276 0.446406
vt 0.372088 0.344277
vt 0.051658 0.466454
vt 0.372418 0.324270
vt 0.100548 0.333413
vt 0.099946 0.333475
vt 0.099020 0.334807
vt 0.098759 0.334530
vt 0.097541 0.336252
vt 0.097638 0.335655
vt 0.101958 0.333513
vt 0.101227 0.333420
vt 0.099752 0.335581
vt 0.099353 0.335159
vt 0.097561 0.337665
vt 0.097510 0.336930
vt 0.103546 0.333960
vt 0.102733 0.333693
vt 0.100733 0.336620
vt 0.100213 0.336069
vt 0.097917 0.339276
vt 0.097697 0.338450
vt 0.105246 0.334744
vt 0.104386 0.334312
vt 0.101929 0.337886
vt 0.101307 0.337227
vt 0.098604 0.341018
vt 0.098221 0.340135
vt 0.106990 0.335835
vt 0.106117 0.335254
vt 0.108717 0.332789
vt 0.103296 0.339333
vt 0.102594 0.338590
vt 0.099593 0.342822
vt 0.099063 0.341917
vt 0.108710 0.337189
vt 0.107857 0.336482
vt 0.104780 0.340905
vt 0.104027 0.340107
vt 0.100846 0.344616
vt 0.100189 0.343725
vt 0.097940 0.347355
vt 0.097355 0.346394
vt 0.110336 0.338753
vt 0.109539 0.337948
vt 0.106325 0.342541
vt 0.105549 0.341719
vt 0.102314 0.346329
vt 0.101556 0.345487
vt 0.098608 0.348269
vt 0.111804 0.340466
vt 0.111093 0.339595
vt 0.107870 0.344177
vt 0.107101 0.343363
vt 0.103941 0.347892
vt 0.103111 0.347133
vt 0.113057 0.342261
vt 0.112460 0.341358
vt 0.109355 0.345749
vt 0.108624 0.344975
vt 0.105660 0.349246
vt 0.104793 0.348599
vt 0.114046 0.344065
vt 0.113587 0.343166
vt 0.110722 0.347197
vt 0.110056 0.346492
vt 0.107405 0.350337
vt 0.106534 0.349827
vt 0.114733 0.345807
vt 0.114429 0.344948
vt 0.116710 0.342801
vt 0.111918 0.348464
vt 0.111344 0.347856
vt 0.109105 0.351122
vt 0.108265 0.350770
vt 0.115090 0.347418
vt 0.114953 0.346633
vt 0.112899 0.349503
vt 0.112438 0.349014
vt 0.110692 0.351570
vt 0.109917 0.351389
vt 0.115109 0.348831
vt 0.115141 0.348153
vt 0.113631 0.350277
vt 0.113298 0.349925
vt 0.112102 0.351671
vt 0.111423 0.351664
vt 0.115012 0.349428
vt 0.113892 0.350554
vt 0.112704 0.351607
vt 0.110291 0.330646
vt 0.109804 0.331744
vt 0.096447 0.350183
vt 0.097375 0.349430
vt 0.095719 0.349189
vt 0.096719 0.348501
vt 0.118853 0.341692
vt 0.117686 0.341905
vt 0.095132 0.348107
vt 0.096165 0.347507
vt 0.091445 0.351887
vt 0.090578 0.350398
vt 0.092958 0.349198
vt 0.093688 0.350470
vt 0.089893 0.348816
vt 0.092366 0.347856
vt 0.123692 0.339581
vt 0.123934 0.341292
vt 0.121278 0.341504
vt 0.121080 0.340047
vt 0.123973 0.343022
vt 0.121320 0.342976
vt 0.093554 0.354600
vt 0.092420 0.353307
vt 0.094526 0.351672
vt 0.095487 0.352779
vt 0.110266 0.325372
vt 0.111926 0.325837
vt 0.111062 0.328365
vt 0.109652 0.327954
vt 0.113525 0.326488
vt 0.112429 0.328897
vt 0.123882 0.344751
vt 0.121235 0.344447
vt 0.123586 0.346461
vt 0.120993 0.345902
vt 0.089327 0.347186
vt 0.091893 0.346466
vt 0.088958 0.345499
vt 0.091570 0.345033
vt 0.123161 0.348147
vt 0.120625 0.347333
vt 0.122535 0.349774
vt 0.120105 0.348718
vt 0.088715 0.343788
vt 0.091372 0.343576
vt 0.088677 0.342059
vt 0.091330 0.342105
vt 0.121784 0.351351
vt 0.119463 0.350053
vt 0.120841 0.352829
vt 0.118674 0.351312
vt 0.088768 0.340329
vt 0.091415 0.340634
vt 0.089065 0.338619
vt 0.091657 0.339178
vt 0.119781 0.354227
vt 0.117769 0.352492
vt 0.118554 0.355482
vt 0.116735 0.353560
vt 0.089490 0.336933
vt 0.092025 0.337748
vt 0.090116 0.335306
vt 0.092545 0.336362
vt 0.117233 0.356635
vt 0.115606 0.354526
vt 0.115777 0.357621
vt 0.114392 0.355383
vt 0.090867 0.333729
vt 0.093188 0.335027
vt 0.091811 0.332251
vt 0.093977 0.333768
vt 0.114242 0.358472
vt 0.113075 0.356068
vt 0.112627 0.359138
vt 0.111713 0.356657
vt 0.092870 0.330851
vt 0.094882 0.332588
vt 0.094098 0.329596
vt 0.095915 0.331519
vt 0.110965 0.359669
vt 0.110299 0.357091
vt 0.109259 0.359995
vt 0.108848 0.357374
vt 0.095422 0.328441
vt 0.097041 0.330549
vt 0.096880 0.327463
vt 0.098271 0.329713
vt 0.107538 0.360191
vt 0.107381 0.357525
vt 0.105805 0.360191
vt 0.105908 0.357547
vt 0.115067 0.327263
vt 0.113732 0.329569
vt 0.116504 0.328215
vt 0.114959 0.330373
vt 0.098408 0.326605
vt 0.099573 0.328996
vt 0.100026 0.325945
vt 0.100943 0.328430
vt 0.104078 0.360053
vt 0.104443 0.357414
vt 0.102385 0.359712
vt 0.102998 0.357129
vt 0.117865 0.329271
vt 0.116112 0.331279
vt 0.119091 0.330478
vt 0.117161 0.332302
vt 0.101685 0.325412
vt 0.102356 0.327988
vt 0.103393 0.325084
vt 0.103803 0.327698
vt 0.100724 0.359248
vt 0.101586 0.356719
vt 0.099123 0.358596
vt 0.100216 0.356192
vt 0.120224 0.331771
vt 0.118116 0.333413
vt 0.121206 0.333188
vt 0.118970 0.334604
vt 0.105117 0.324894
vt 0.105271 0.327566
vt 0.106848 0.324894
vt 0.106744 0.327538
vt 0.097583 0.357815
vt 0.098923 0.355496
vt 0.096140 0.356869
vt 0.097677 0.354721
vt 0.122074 0.334680
vt 0.119694 0.335878
vt 0.122758 0.336263
vt 0.120284 0.337223
vt 0.108573 0.325031
vt 0.108208 0.327670
vt 0.094780 0.355806
vt 0.096540 0.353797
vt 0.123323 0.337894
vt 0.120757 0.338613
vt 0.348962 0.449199
vt 0.350715 0.450424
vt 0.347771 0.448282
vt 0.353831 0.454816
vt 0.351496 0.453745
vt 0.352693 0.451549
vt 0.354790 0.452501
vt 0.353832 0.449321
vt 0.355716 0.450169
vt 0.358782 0.456242
vt 0.356270 0.455647
vt 0.356985 0.453244
vt 0.359251 0.453777
vt 0.357681 0.450839
vt 0.363928 0.456677
vt 0.361344 0.456582
vt 0.361563 0.454085
vt 0.363896 0.454168
vt 0.366509 0.456513
vt 0.366226 0.454022
vt 0.368528 0.453651
vt 0.365947 0.451535
vt 0.368006 0.451200
vt 0.370778 0.453057
vt 0.372952 0.452255
vt 0.370020 0.450670
vt 0.375022 0.451248
vt 0.376969 0.450071
vt 0.378688 0.448802
vt 0.379854 0.447855
vt 0.365786 0.450080
vt 0.367706 0.449768
vt 0.366675 0.457961
vt 0.363947 0.458133
vt 0.380609 0.447199
vt 0.354470 0.448006
vt 0.356242 0.448803
vt 0.361216 0.458035
vt 0.358508 0.457672
vt 0.369584 0.449271
vt 0.355850 0.457042
vt 0.353268 0.456155
vt 0.346998 0.447645
vt 0.358081 0.449430
vt 0.350787 0.455010
vt 0.776486 0.743978
vt 0.776486 0.723405
vt 0.778129 0.723405
vt 0.778129 0.743978
vt 0.776486 0.702832
vt 0.778129 0.702832
vt 0.779746 0.702832
vt 0.779746 0.723405
vt 0.779746 0.743978
vt 0.758684 0.334777
vt 0.758684 0.355440
vt 0.756656 0.355440
vt 0.756656 0.334777
vt 0.758684 0.376105
vt 0.756656 0.376105
vt 0.755147 0.376105
vt 0.755147 0.355440
vt 0.755147 0.334777
vt 0.789307 0.085649
vt 0.789307 0.106221
vt 0.787596 0.106221
vt 0.787596 0.085649
vt 0.789307 0.126794
vt 0.787596 0.126794
vt 0.785799 0.126794
vt 0.785799 0.106221
vt 0.785799 0.085649
vt 0.776486 0.126794
vt 0.776486 0.106221
vt 0.778129 0.106221
vt 0.778129 0.126794
vt 0.776486 0.085649
vt 0.778129 0.085649
vt 0.779746 0.085649
vt 0.779746 0.106221
vt 0.779746 0.126794
vt 0.758684 0.706544
vt 0.758684 0.727191
vt 0.756656 0.727191
vt 0.756656 0.706544
vt 0.758684 0.747793
vt 0.756656 0.747793
vt 0.755147 0.747793
vt 0.755147 0.727191
vt 0.755147 0.706544
vt 0.789307 0.044503
vt 0.789307 0.065076
vt 0.787596 0.065076
vt 0.787596 0.044503
vt 0.785799 0.065076
vt 0.785799 0.044503
vt 0.758684 0.086987
vt 0.758684 0.107650
vt 0.756656 0.107650
vt 0.756656 0.086987
vt 0.758684 0.128312
vt 0.756656 0.128312
vt 0.755147 0.128312
vt 0.755147 0.107650
vt 0.755147 0.086987
vt 0.742040 0.293456
vt 0.742040 0.272810
vt 0.743778 0.272810
vt 0.743778 0.293456
vt 0.742040 0.252209
vt 0.743778 0.252209
vt 0.745436 0.252209
vt 0.745436 0.272810
vt 0.745436 0.293456
vt 0.776486 0.414813
vt 0.776486 0.394240
vt 0.778129 0.394240
vt 0.778129 0.414813
vt 0.776486 0.373668
vt 0.778129 0.373668
vt 0.779746 0.373668
vt 0.779746 0.394240
vt 0.779746 0.414813
vt 0.789307 0.003358
vt 0.789307 0.023930
vt 0.787596 0.023930
vt 0.787596 0.003358
vt 0.785799 0.023930
vt 0.785799 0.003358
vt 0.776486 0.785123
vt 0.776486 0.764550
vt 0.778129 0.764550
vt 0.778129 0.785123
vt 0.779746 0.764550
vt 0.779746 0.785123
vt 0.742040 0.334777
vt 0.742040 0.314115
vt 0.743778 0.314115
vt 0.743778 0.334777
vt 0.745436 0.314115
vt 0.745436 0.334777
vt 0.758684 0.396769
vt 0.756656 0.396769
vt 0.758684 0.417433
vt 0.756656 0.417433
vt 0.755147 0.417433
vt 0.755147 0.396769
vt 0.789307 0.949705
vt 0.789307 0.970278
vt 0.787596 0.970278
vt 0.787596 0.949705
vt 0.789307 0.990851
vt 0.787596 0.990851
vt 0.785799 0.990851
vt 0.785799 0.970278
vt 0.785799 0.949705
vt 0.776486 0.167940
vt 0.776486 0.147367
vt 0.778129 0.147367
vt 0.778129 0.167940
vt 0.779746 0.147367
vt 0.779746 0.167940
vt 0.758684 0.768394
vt 0.756656 0.768394
vt 0.758684 0.789040
vt 0.756656 0.789040
vt 0.755147 0.789040
vt 0.755147 0.768394
vt 0.742040 0.376105
vt 0.742040 0.355440
vt 0.743778 0.355440
vt 0.743778 0.376105
vt 0.745436 0.355440
vt 0.745436 0.376105
vt 0.789307 0.908560
vt 0.789307 0.929132
vt 0.787596 0.929132
vt 0.787596 0.908560
vt 0.785799 0.929132
vt 0.785799 0.908560
vt 0.758684 0.148975
vt 0.756656 0.148975
vt 0.758684 0.169638
vt 0.756656 0.169638
vt 0.755147 0.169638
vt 0.755147 0.148975
vt 0.742040 0.417433
vt 0.742040 0.396769
vt 0.743778 0.396769
vt 0.743778 0.417433
vt 0.745436 0.396769
vt 0.745436 0.417433
vt 0.776486 0.455959
vt 0.776486 0.435386
vt 0.778129 0.435386
vt 0.778129 0.455959
vt 0.779746 0.435386
vt 0.779746 0.455959
vt 0.789307 0.867414
vt 0.789307 0.887987
vt 0.787596 0.887987
vt 0.787596 0.867414
vt 0.785799 0.887987
vt 0.785799 0.867414
vt 0.268497 0.088251
vt 0.277007 0.102964
vt 0.274515 0.104194
vt 0.266192 0.089793
vt 0.287956 0.185776
vt 0.283570 0.202197
vt 0.280938 0.201305
vt 0.285236 0.185237
vt 0.037489 0.202343
vt 0.033077 0.185929
vt 0.035802 0.185385
vt 0.040115 0.201450
vt 0.232756 0.268497
vt 0.218043 0.277007
vt 0.216812 0.274515
vt 0.231213 0.266192
vt 0.776486 0.826269
vt 0.776486 0.805696
vt 0.778129 0.805696
vt 0.778129 0.826269
vt 0.779746 0.805696
vt 0.779746 0.826269
vt 0.742040 0.458754
vt 0.742040 0.438095
vt 0.743778 0.438095
vt 0.743778 0.458754
vt 0.745436 0.438095
vt 0.745436 0.458754
vt 0.762484 0.107650
vt 0.762484 0.128312
vt 0.762484 0.086987
vt 0.354115 0.067605
vt 0.367206 0.051680
vt 0.373807 0.054053
vt 0.360521 0.070458
vt 0.343156 0.085057
vt 0.349311 0.088398
vt 0.734260 0.288844
vt 0.688922 0.288844
vt 0.688922 0.268458
vt 0.734260 0.268458
vt 0.643584 0.288844
vt 0.643584 0.268458
vt 0.643584 0.248072
vt 0.688922 0.248072
vt 0.734260 0.248072
vt 0.734260 0.329617
vt 0.688922 0.329617
vt 0.688922 0.309231
vt 0.734260 0.309231
vt 0.643584 0.329617
vt 0.643584 0.309231
vt 0.734260 0.370390
vt 0.688922 0.370390
vt 0.688922 0.350004
vt 0.734260 0.350004
vt 0.643584 0.370390
vt 0.643584 0.350004
vt 0.734260 0.411163
vt 0.688922 0.411163
vt 0.688922 0.390777
vt 0.734260 0.390777
vt 0.643584 0.411163
vt 0.643584 0.390777
vt 0.734260 0.451936
vt 0.688922 0.451936
vt 0.688922 0.431550
vt 0.734260 0.431550
vt 0.643584 0.451936
vt 0.643584 0.431550
vt 0.734260 0.492709
vt 0.688922 0.492709
vt 0.688922 0.472323
vt 0.734260 0.472323
vt 0.643584 0.492709
vt 0.643584 0.472323
vt 0.734260 0.533482
vt 0.688922 0.533482
vt 0.688922 0.513095
vt 0.734260 0.513095
vt 0.643584 0.533482
vt 0.643584 0.513095
vt 0.734260 0.574255
vt 0.688922 0.574255
vt 0.688922 0.553868
vt 0.734260 0.553868
vt 0.643584 0.574255
vt 0.643584 0.553868
vt 0.734260 0.615028
vt 0.688922 0.615028
vt 0.688922 0.594641
vt 0.734260 0.594641
vt 0.643584 0.615028
vt 0.643584 0.594641
vt 0.734260 0.655801
vt 0.688922 0.655801
vt 0.688922 0.635414
vt 0.734260 0.635414
vt 0.643584 0.655801
vt 0.643584 0.635414
vt 0.734260 0.696573
vt 0.688922 0.696573
vt 0.688922 0.676187
vt 0.734260 0.676187
vt 0.643584 0.696573
vt 0.643584 0.676187
vt 0.734260 0.737346
vt 0.688922 0.737346
vt 0.688922 0.716960
vt 0.734260 0.716960
vt 0.643584 0.737346
vt 0.643584 0.716960
vt 0.734260 0.778119
vt 0.688922 0.778119
vt 0.688922 0.757733
vt 0.734260 0.757733
vt 0.643584 0.778119
vt 0.643584 0.757733
vt 0.734260 0.818892
vt 0.688922 0.818892
vt 0.688922 0.798506
vt 0.734260 0.798506
vt 0.643584 0.818892
vt 0.643584 0.798506
vt 0.734260 0.859665
vt 0.688922 0.859665
vt 0.688922 0.839279
vt 0.734260 0.839279
vt 0.643584 0.859665
vt 0.643584 0.839279
vt 0.734260 0.900438
vt 0.688922 0.900438
vt 0.688922 0.880052
vt 0.734260 0.880052
vt 0.643584 0.900438
vt 0.643584 0.880052
vt 0.734260 0.941211
vt 0.688922 0.941211
vt 0.688922 0.920825
vt 0.734260 0.920825
vt 0.643584 0.941211
vt 0.643584 0.920825
vt 0.734260 0.981984
vt 0.688922 0.981984
vt 0.688922 0.961597
vt 0.734260 0.961597
vt 0.643584 0.981984
vt 0.643584 0.961597
vt 0.734260 0.044207
vt 0.688922 0.044207
vt 0.688922 0.023821
vt 0.734260 0.023821
vt 0.643584 0.044207
vt 0.643584 0.023821
vt 0.643584 0.003434
vt 0.688922 0.003434
vt 0.734260 0.003434
vt 0.734260 0.084980
vt 0.688922 0.084980
vt 0.688922 0.064593
vt 0.734260 0.064593
vt 0.643584 0.084980
vt 0.643584 0.064593
vt 0.734260 0.125753
vt 0.688922 0.125753
vt 0.688922 0.105366
vt 0.734260 0.105366
vt 0.643584 0.125753
vt 0.643584 0.105366
vt 0.734260 0.166526
vt 0.688922 0.166526
vt 0.688922 0.146139
vt 0.734260 0.146139
vt 0.643584 0.166526
vt 0.643584 0.146139
vt 0.734260 0.207299
vt 0.688922 0.207299
vt 0.688922 0.186912
vt 0.734260 0.186912
vt 0.643584 0.207299
vt 0.643584 0.186912
vt 0.688922 0.227685
vt 0.734260 0.227685
vt 0.643584 0.227685
vt 0.758684 0.438095
vt 0.756656 0.438095
vt 0.758684 0.458754
vt 0.756656 0.458754
vt 0.755147 0.458754
vt 0.755147 0.438095
vt 0.789307 0.826269
vt 0.789307 0.846841
vt 0.787596 0.846841
vt 0.787596 0.826269
vt 0.785799 0.846841
vt 0.785799 0.826269
vt 0.776486 0.209085
vt 0.776486 0.188513
vt 0.778129 0.188513
vt 0.778129 0.209085
vt 0.779746 0.188513
vt 0.779746 0.209085
vt 0.758684 0.809699
vt 0.756656 0.809699
vt 0.758684 0.830361
vt 0.756656 0.830361
vt 0.755147 0.830361
vt 0.755147 0.809699
vt 0.742040 0.500000
vt 0.742040 0.479400
vt 0.743778 0.479400
vt 0.743778 0.500000
vt 0.745436 0.479400
vt 0.745436 0.500000
vt 0.789307 0.785123
vt 0.789307 0.805696
vt 0.787596 0.805696
vt 0.787596 0.785123
vt 0.785799 0.805696
vt 0.785799 0.785123
vt 0.758684 0.190299
vt 0.756656 0.190299
vt 0.758684 0.210959
vt 0.756656 0.210959
vt 0.755147 0.210959
vt 0.755147 0.190299
vt 0.742040 0.541250
vt 0.742040 0.520602
vt 0.743778 0.520602
vt 0.743778 0.541250
vt 0.745436 0.520602
vt 0.745436 0.541250
vt 0.776486 0.497104
vt 0.776486 0.476531
vt 0.778129 0.476531
vt 0.778129 0.497104
vt 0.779746 0.476531
vt 0.779746 0.497104
vt 0.789307 0.743978
vt 0.789307 0.764550
vt 0.787596 0.764550
vt 0.787596 0.743978
vt 0.785799 0.764550
vt 0.785799 0.743978
vt 0.776486 0.867414
vt 0.776486 0.846841
vt 0.778129 0.846841
vt 0.778129 0.867414
vt 0.779746 0.846841
vt 0.779746 0.867414
vt 0.742040 0.582572
vt 0.742040 0.561910
vt 0.743778 0.561910
vt 0.743778 0.582572
vt 0.745436 0.561910
vt 0.745436 0.582572
vt 0.758684 0.479400
vt 0.756656 0.479400
vt 0.758684 0.500000
vt 0.756656 0.500000
vt 0.755147 0.500000
vt 0.755147 0.479400
vt 0.789307 0.702832
vt 0.789307 0.723405
vt 0.787596 0.723405
vt 0.787596 0.702832
vt 0.785799 0.723405
vt 0.785799 0.702832
vt 0.758684 0.851024
vt 0.756656 0.851024
vt 0.758684 0.871689
vt 0.756656 0.871689
vt 0.755147 0.871689
vt 0.755147 0.851024
vt 0.742040 0.623897
vt 0.742040 0.603234
vt 0.743778 0.603234
vt 0.743778 0.623897
vt 0.745436 0.603234
vt 0.745436 0.623897
vt 0.789307 0.661686
vt 0.789307 0.682259
vt 0.787596 0.682259
vt 0.787596 0.661686
vt 0.785799 0.682259
vt 0.785799 0.661686
vt 0.776486 0.250231
vt 0.776486 0.229658
vt 0.778129 0.229658
vt 0.778129 0.250231
vt 0.779746 0.229658
vt 0.779746 0.250231
vt 0.742040 0.665222
vt 0.742040 0.644560
vt 0.743778 0.644560
vt 0.743778 0.665222
vt 0.745436 0.644560
vt 0.745436 0.665222
vt 0.776486 0.538250
vt 0.776486 0.517677
vt 0.778129 0.517677
vt 0.778129 0.538250
vt 0.779746 0.517677
vt 0.779746 0.538250
vt 0.789307 0.620541
vt 0.789307 0.641114
vt 0.787596 0.641114
vt 0.787596 0.620541
vt 0.785799 0.641114
vt 0.785799 0.620541
vt 0.758684 0.231607
vt 0.756656 0.231607
vt 0.758684 0.252209
vt 0.756656 0.252209
vt 0.755147 0.252209
vt 0.755147 0.231607
vt 0.776486 0.908560
vt 0.776486 0.887987
vt 0.778129 0.887987
vt 0.778129 0.908560
vt 0.779746 0.887987
vt 0.779746 0.908560
vt 0.742040 0.706544
vt 0.742040 0.685883
vt 0.743778 0.685883
vt 0.743778 0.706544
vt 0.745436 0.685883
vt 0.745436 0.706544
vt 0.785799 0.250231
vt 0.782772 0.250231
vt 0.782772 0.229658
vt 0.785799 0.229658
vt 0.782772 0.209085
vt 0.785799 0.209085
vt 0.782772 0.188513
vt 0.785799 0.188513
vt 0.782772 0.167940
vt 0.785799 0.167940
vt 0.782772 0.147367
vt 0.785799 0.147367
vt 0.782772 0.126794
vt 0.782772 0.106221
vt 0.782772 0.085649
vt 0.782772 0.065076
vt 0.779746 0.065076
vt 0.779746 0.044503
vt 0.782772 0.044503
vt 0.782772 0.023930
vt 0.779746 0.023930
vt 0.779746 0.003358
vt 0.782772 0.003358
vt 0.782772 0.990851
vt 0.782772 0.970278
vt 0.779746 0.990851
vt 0.779746 0.970278
vt 0.779746 0.949705
vt 0.782772 0.949705
vt 0.782772 0.929132
vt 0.779746 0.929132
vt 0.782772 0.908560
vt 0.782772 0.887987
vt 0.782772 0.867414
vt 0.782772 0.846841
vt 0.782772 0.826269
vt 0.782772 0.805696
vt 0.782772 0.785123
vt 0.782772 0.764550
vt 0.782772 0.743978
vt 0.782772 0.723405
vt 0.782772 0.702832
vt 0.782772 0.682259
vt 0.779746 0.682259
vt 0.779746 0.661686
vt 0.782772 0.661686
vt 0.782772 0.641114
vt 0.779746 0.641114
vt 0.779746 0.620541
vt 0.782772 0.620541
vt 0.782772 0.599968
vt 0.785799 0.599968
vt 0.779746 0.599968
vt 0.779746 0.579395
vt 0.782772 0.579395
vt 0.785799 0.579395
vt 0.782772 0.558823
vt 0.785799 0.558823
vt 0.779746 0.558823
vt 0.782772 0.538250
vt 0.785799 0.538250
vt 0.782772 0.517677
vt 0.785799 0.517677
vt 0.782772 0.497104
vt 0.785799 0.497104
vt 0.782772 0.476531
vt 0.785799 0.476531
vt 0.782772 0.455959
vt 0.785799 0.455959
vt 0.782772 0.435386
vt 0.785799 0.435386
vt 0.782772 0.414813
vt 0.785799 0.414813
vt 0.782772 0.394240
vt 0.785799 0.394240
vt 0.782772 0.373668
vt 0.785799 0.373668
vt 0.782772 0.353095
vt 0.785799 0.353095
vt 0.779746 0.353095
vt 0.779746 0.332522
vt 0.782772 0.332522
vt 0.785799 0.332522
vt 0.782772 0.311949
vt 0.785799 0.311949
vt 0.779746 0.311949
vt 0.779746 0.291376
vt 0.782772 0.291376
vt 0.785799 0.291376
vt 0.782772 0.270804
vt 0.785799 0.270804
vt 0.779746 0.270804
vt 0.750291 0.252209
vt 0.750291 0.231607
vt 0.745436 0.231607
vt 0.745436 0.210959
vt 0.750291 0.210959
vt 0.750291 0.190299
vt 0.745436 0.190299
vt 0.745436 0.169638
vt 0.750291 0.169638
vt 0.750291 0.148975
vt 0.745436 0.148975
vt 0.745436 0.128312
vt 0.750291 0.128312
vt 0.750291 0.107650
vt 0.745436 0.107650
vt 0.745436 0.086987
vt 0.750291 0.086987
vt 0.750291 0.066326
vt 0.755147 0.066326
vt 0.745436 0.066326
vt 0.745436 0.045666
vt 0.750291 0.045666
vt 0.755147 0.045666
vt 0.750291 0.025018
vt 0.755147 0.025018
vt 0.745436 0.025018
vt 0.745436 0.004416
vt 0.750291 0.004416
vt 0.755147 0.004416
vt 0.755147 0.995584
vt 0.750291 0.995584
vt 0.750291 0.974983
vt 0.755147 0.974983
vt 0.745436 0.995584
vt 0.745436 0.974983
vt 0.745436 0.954338
vt 0.750291 0.954338
vt 0.755147 0.954338
vt 0.750291 0.933679
vt 0.755147 0.933679
vt 0.745436 0.933679
vt 0.745436 0.913017
vt 0.750291 0.913017
vt 0.755147 0.913017
vt 0.750291 0.892353
vt 0.755147 0.892353
vt 0.745436 0.892353
vt 0.745436 0.871689
vt 0.750291 0.871689
vt 0.750291 0.851024
vt 0.745436 0.851024
vt 0.745436 0.830361
vt 0.750291 0.830361
vt 0.750291 0.809699
vt 0.745436 0.809699
vt 0.745436 0.789040
vt 0.750291 0.789040
vt 0.750291 0.768394
vt 0.745436 0.768394
vt 0.745436 0.747793
vt 0.750291 0.747793
vt 0.750291 0.727191
vt 0.745436 0.727191
vt 0.750291 0.706544
vt 0.750291 0.685883
vt 0.755147 0.685883
vt 0.750291 0.665222
vt 0.755147 0.665222
vt 0.750291 0.644560
vt 0.755147 0.644560
vt 0.750291 0.623897
vt 0.755147 0.623897
vt 0.750291 0.603234
vt 0.755147 0.603234
vt 0.750291 0.582572
vt 0.755147 0.582572
vt 0.750291 0.561910
vt 0.755147 0.561910
vt 0.750291 0.541250
vt 0.755147 0.541250
vt 0.750291 0.520602
vt 0.755147 0.520602
vt 0.750291 0.500000
vt 0.750291 0.479400
vt 0.750291 0.458754
vt 0.750291 0.438095
vt 0.750291 0.417433
vt 0.750291 0.396769
vt 0.750291 0.376105
vt 0.750291 0.355440
vt 0.750291 0.334777
vt 0.750291 0.314115
vt 0.755147 0.314115
vt 0.750291 0.293456
vt 0.755147 0.293456
vt 0.750291 0.272810
vt 0.755147 0.272810
vt 0.789307 0.147367
vt 0.787596 0.147367
vt 0.789307 0.167940
vt 0.787596 0.167940
vt 0.776486 0.353095
vt 0.778129 0.353095
vt 0.776486 0.332522
vt 0.778129 0.332522
vt 0.742040 0.231607
vt 0.743778 0.231607
vt 0.742040 0.210959
vt 0.743778 0.210959
vt 0.758684 0.045666
vt 0.758684 0.066326
vt 0.756656 0.066326
vt 0.756656 0.045666
vt 0.789307 0.188513
vt 0.787596 0.188513
vt 0.789307 0.209085
vt 0.787596 0.209085
vt 0.758684 0.665222
vt 0.758684 0.685883
vt 0.756656 0.685883
vt 0.756656 0.665222
vt 0.742040 0.190299
vt 0.743778 0.190299
vt 0.742040 0.169638
vt 0.743778 0.169638
vt 0.776486 0.065076
vt 0.778129 0.065076
vt 0.776486 0.044503
vt 0.778129 0.044503
vt 0.789307 0.229658
vt 0.787596 0.229658
vt 0.789307 0.250231
vt 0.787596 0.250231
vt 0.758684 0.293456
vt 0.758684 0.314115
vt 0.756656 0.314115
vt 0.756656 0.293456
vt 0.776486 0.682259
vt 0.778129 0.682259
vt 0.776486 0.661686
vt 0.778129 0.661686
vt 0.742040 0.148975
vt 0.743778 0.148975
vt 0.742040 0.128312
vt 0.743778 0.128312
vt 0.776486 0.311949
vt 0.778129 0.311949
vt 0.776486 0.291376
vt 0.778129 0.291376
vt 0.742040 0.107650
vt 0.743778 0.107650
vt 0.742040 0.086987
vt 0.743778 0.086987
vt 0.758684 0.004416
vt 0.758684 0.025018
vt 0.756656 0.025018
vt 0.756656 0.004416
vt 0.758684 0.623897
vt 0.758684 0.644560
vt 0.756656 0.644560
vt 0.756656 0.623897
vt 0.742040 0.066326
vt 0.743778 0.066326
vt 0.742040 0.045666
vt 0.743778 0.045666
vt 0.776486 0.023930
vt 0.778129 0.023930
vt 0.776486 0.003358
vt 0.778129 0.003358
vt 0.789307 0.270804
vt 0.787596 0.270804
vt 0.789307 0.291376
vt 0.787596 0.291376
vt 0.758684 0.272810
vt 0.756656 0.272810
vt 0.776486 0.641114
vt 0.778129 0.641114
vt 0.776486 0.620541
vt 0.778129 0.620541
vt 0.742040 0.025018
vt 0.743778 0.025018
vt 0.742040 0.004416
vt 0.743778 0.004416
vt 0.789307 0.311949
vt 0.787596 0.311949
vt 0.789307 0.332522
vt 0.787596 0.332522
vt 0.776486 0.270804
vt 0.778129 0.270804
vt 0.742040 0.995584
vt 0.742040 0.974983
vt 0.743778 0.974983
vt 0.743778 0.995584
vt 0.742040 0.954338
vt 0.743778 0.954338
vt 0.758684 0.954338
vt 0.758684 0.974983
vt 0.756656 0.974983
vt 0.756656 0.954338
vt 0.758684 0.995584
vt 0.756656 0.995584
vt 0.789307 0.353095
vt 0.787596 0.353095
vt 0.789307 0.373668
vt 0.787596 0.373668
vt 0.758684 0.582572
vt 0.758684 0.603234
vt 0.756656 0.603234
vt 0.756656 0.582572
vt 0.742040 0.933679
vt 0.743778 0.933679
vt 0.742040 0.913017
vt 0.743778 0.913017
vt 0.776486 0.990851
vt 0.776486 0.970278
vt 0.778129 0.970278
vt 0.778129 0.990851
vt 0.776486 0.949705
vt 0.778129 0.949705
vt 0.789307 0.394240
vt 0.787596 0.394240
vt 0.789307 0.414813
vt 0.787596 0.414813
vt 0.776486 0.599968
vt 0.778129 0.599968
vt 0.776486 0.579395
vt 0.778129 0.579395
vt 0.742040 0.892353
vt 0.743778 0.892353
vt 0.742040 0.871689
vt 0.743778 0.871689
vt 0.789307 0.435386
vt 0.787596 0.435386
vt 0.789307 0.455959
vt 0.787596 0.455959
vt 0.742040 0.851024
vt 0.743778 0.851024
vt 0.742040 0.830361
vt 0.743778 0.830361
vt 0.758684 0.913017
vt 0.758684 0.933679
vt 0.756656 0.933679
vt 0.756656 0.913017
vt 0.789307 0.476531
vt 0.787596 0.476531
vt 0.789307 0.497104
vt 0.787596 0.497104
vt 0.758684 0.541250
vt 0.758684 0.561910
vt 0.756656 0.561910
vt 0.756656 0.541250
vt 0.742040 0.809699
vt 0.743778 0.809699
vt 0.742040 0.789040
vt 0.743778 0.789040
vt 0.776486 0.929132
vt 0.778129 0.929132
vt 0.789307 0.517677
vt 0.787596 0.517677
vt 0.789307 0.538250
vt 0.787596 0.538250
vt 0.776486 0.558823
vt 0.778129 0.558823
vt 0.742040 0.768394
vt 0.743778 0.768394
vt 0.742040 0.747793
vt 0.743778 0.747793
vt 0.789307 0.558823
vt 0.787596 0.558823
vt 0.789307 0.579395
vt 0.787596 0.579395
vt 0.742040 0.727191
vt 0.743778 0.727191
vt 0.758684 0.892353
vt 0.756656 0.892353
vt 0.789307 0.599968
vt 0.787596 0.599968
vt 0.758684 0.520602
vt 0.756656 0.520602
vt 0.762484 0.892353
vt 0.762484 0.913017
vt 0.762484 0.871689
vt 0.536067 0.013845
vt 0.554767 0.022520
vt 0.551131 0.029217
vt 0.531812 0.020170
vt 0.516418 0.007603
vt 0.511642 0.013515
vt 0.762484 0.685883
vt 0.762484 0.706544
vt 0.762484 0.665222
vt 0.636158 0.175418
vt 0.632465 0.195704
vt 0.626880 0.191460
vt 0.630864 0.170814
vt 0.637292 0.154818
vt 0.632233 0.149958
vt 0.762484 0.479400
vt 0.762484 0.500000
vt 0.762484 0.458754
vt 0.505586 0.315029
vt 0.485157 0.316388
vt 0.490489 0.311214
vt 0.510260 0.310186
vt 0.525277 0.311161
vt 0.524473 0.308199
vt 0.762484 0.272810
vt 0.762484 0.293456
vt 0.762484 0.252209
vt 0.336235 0.223079
vt 0.328754 0.204457
vt 0.331676 0.203519
vt 0.337751 0.216521
vt 0.346222 0.240952
vt 0.347657 0.233662
vt 0.762484 0.190299
vt 0.762484 0.210959
vt 0.762484 0.169638
vt 0.324569 0.143691
vt 0.328262 0.123405
vt 0.333848 0.127649
vt 0.329864 0.148295
vt 0.323436 0.164291
vt 0.328494 0.169151
vt 0.762484 0.974983
vt 0.762484 0.995584
vt 0.762484 0.954338
vt 0.455142 0.004080
vt 0.475570 0.002721
vt 0.470239 0.007895
vt 0.450468 0.008923
vt 0.435450 0.007948
vt 0.436255 0.010910
vt 0.762484 0.768394
vt 0.762484 0.789040
vt 0.762484 0.747793
vt 0.624492 0.096030
vt 0.631974 0.114651
vt 0.629051 0.115590
vt 0.622976 0.102588
vt 0.614506 0.078157
vt 0.613071 0.085447
vt 0.762484 0.561910
vt 0.762484 0.582572
vt 0.762484 0.541250
vt 0.578519 0.281575
vt 0.561861 0.293745
vt 0.555029 0.292150
vt 0.571775 0.279642
vt 0.593522 0.267429
vt 0.586920 0.265056
vt 0.762484 0.355440
vt 0.762484 0.376105
vt 0.762484 0.334777
vt 0.388499 0.285630
vt 0.372563 0.272550
vt 0.374920 0.265325
vt 0.391487 0.278617
vt 0.405960 0.296588
vt 0.409596 0.289891
vt 0.762484 0.066326
vt 0.762484 0.045666
vt 0.382208 0.037534
vt 0.398867 0.025364
vt 0.405698 0.026959
vt 0.388953 0.039467
vt 0.762484 0.851024
vt 0.762484 0.830361
vt 0.572228 0.033479
vt 0.588164 0.046559
vt 0.585808 0.053784
vt 0.569241 0.040492
vt 0.762484 0.644560
vt 0.762484 0.623897
vt 0.626239 0.215356
vt 0.617571 0.234052
vt 0.611417 0.230711
vt 0.620357 0.211538
vt 0.762484 0.438095
vt 0.762484 0.417433
vt 0.464582 0.315222
vt 0.444310 0.311505
vt 0.449086 0.305594
vt 0.469739 0.309717
vt 0.762484 0.148975
vt 0.334488 0.103753
vt 0.340370 0.107571
vt 0.762484 0.933679
vt 0.496145 0.003887
vt 0.490989 0.009392
vt 0.762484 0.231607
vt 0.324834 0.184749
vt 0.329620 0.189134
vt 0.762484 0.727191
vt 0.635894 0.134360
vt 0.631108 0.129975
vt 0.762484 0.520602
vt 0.543941 0.303715
vt 0.537657 0.302089
vt 0.762484 0.314115
vt 0.358405 0.257572
vt 0.360214 0.250250
vt 0.762484 0.025018
vt 0.762484 0.004416
vt 0.416786 0.015394
vt 0.423070 0.017020
vt 0.762484 0.809699
vt 0.602322 0.061537
vt 0.600514 0.068859
vt 0.762484 0.603234
vt 0.606613 0.251504
vt 0.600207 0.248651
vt 0.762484 0.396769
vt 0.424661 0.305264
vt 0.428916 0.298939
vt 0.118664 0.037489
vt 0.135078 0.033077
vt 0.135621 0.035802
vt 0.119557 0.040115
vt 0.030838 0.152082
vt 0.033050 0.135230
vt 0.035771 0.135770
vt 0.033612 0.152262
vt 0.258145 0.074771
vt 0.256056 0.076604
vt 0.043999 0.218043
vt 0.046491 0.216812
vt 0.290155 0.151928
vt 0.290168 0.168924
vt 0.287395 0.168744
vt 0.287387 0.152111
vt 0.135230 0.287957
vt 0.118809 0.283571
vt 0.119701 0.280938
vt 0.135770 0.285236
vt 0.217902 0.043934
vt 0.232629 0.052421
vt 0.231086 0.054732
vt 0.216677 0.046422
vt 0.062861 0.246236
vt 0.052509 0.232756
vt 0.054815 0.231213
vt 0.064950 0.244402
vt 0.169079 0.290155
vt 0.152082 0.290168
vt 0.152262 0.287395
vt 0.168896 0.287387
vt 0.103104 0.277073
vt 0.088378 0.268586
vt 0.089920 0.266274
vt 0.104329 0.274584
vt 0.246236 0.258145
vt 0.244402 0.256057
vt 0.088251 0.052509
vt 0.102963 0.043999
vt 0.104194 0.046491
vt 0.089793 0.054815
vt 0.037436 0.118809
vt 0.043934 0.103104
vt 0.046422 0.104329
vt 0.040068 0.119701
vt 0.283518 0.118664
vt 0.280892 0.119557
vt 0.246117 0.062762
vt 0.244289 0.064848
vt 0.268586 0.232629
vt 0.258245 0.246117
vt 0.256158 0.244290
vt 0.266274 0.231086
vt 0.185776 0.033050
vt 0.202197 0.037436
vt 0.201305 0.040068
vt 0.185237 0.035771
vt 0.202343 0.283518
vt 0.201450 0.280892
vt 0.291394 0.134386
vt 0.293680 0.151695
vt 0.287929 0.135078
vt 0.072561 0.260902
vt 0.060207 0.248566
vt 0.074889 0.258245
vt 0.027326 0.169312
vt 0.027313 0.151853
vt 0.030852 0.169079
vt 0.286916 0.203331
vt 0.280242 0.219463
vt 0.277072 0.217903
vt 0.117676 0.286916
vt 0.101543 0.280242
vt 0.060104 0.072562
vt 0.072440 0.060207
vt 0.074771 0.062862
vt 0.062762 0.074889
vt 0.271434 0.086286
vt 0.280174 0.101399
vt 0.049482 0.086417
vt 0.052420 0.088378
vt 0.293693 0.169153
vt 0.291422 0.186464
vt 0.219463 0.040764
vt 0.234589 0.049482
vt 0.034090 0.117676
vt 0.040764 0.101543
vt 0.049573 0.234720
vt 0.040832 0.219607
vt 0.271524 0.234589
vt 0.260902 0.248445
vt 0.248445 0.060104
vt 0.101399 0.040832
vt 0.117526 0.034144
vt 0.169153 0.027313
vt 0.186463 0.029584
vt 0.168924 0.030838
vt 0.285204 0.135621
vt 0.134386 0.029613
vt 0.151695 0.027326
vt 0.151928 0.030852
vt 0.033619 0.168896
vt 0.169312 0.293680
vt 0.151853 0.293693
vt 0.029584 0.134543
vt 0.054732 0.089921
vt 0.248566 0.260799
vt 0.234720 0.271434
vt 0.168744 0.033612
vt 0.203331 0.034090
vt 0.076604 0.064950
vt 0.064848 0.076717
vt 0.076717 0.256158
vt 0.185929 0.287930
vt 0.185385 0.285204
vt 0.029613 0.186620
vt 0.274584 0.216677
vt 0.260799 0.072440
vt 0.152111 0.033619
vt 0.034144 0.203480
vt 0.134543 0.291422
vt 0.086286 0.049573
vt 0.203480 0.286863
vt 0.186620 0.291394
vt 0.086417 0.271524
vt 0.286862 0.117526
vt 0.219607 0.280174
vt 0.437502 0.016592
vt 0.457509 0.017215
vt 0.440665 0.030672
vt 0.420345 0.028112
vt 0.478977 0.020143
vt 0.500742 0.025633
vt 0.486053 0.042909
vt 0.462971 0.035613
vt 0.522339 0.033528
vt 0.543307 0.043627
vt 0.532348 0.063811
vt 0.509366 0.052397
vt 0.563198 0.055712
vt 0.581581 0.069525
vt 0.575093 0.091254
vt 0.554438 0.076869
vt 0.598039 0.084789
vt 0.612187 0.101198
vt 0.610075 0.122654
vt 0.593783 0.106638
vt 0.623606 0.117638
vt 0.623290 0.138302
vt 0.403462 0.042112
vt 0.423869 0.046737
vt 0.408176 0.064794
vt 0.387994 0.058205
vt 0.446710 0.053649
vt 0.470791 0.062725
vt 0.455818 0.084255
vt 0.431179 0.073580
vt 0.495487 0.073704
vt 0.520149 0.086278
vt 0.507271 0.109997
vt 0.481419 0.096513
vt 0.544128 0.100114
vt 0.566785 0.114845
vt 0.556883 0.139129
vt 0.532660 0.124335
vt 0.587513 0.130099
vt 0.605750 0.145490
vt 0.599153 0.168486
vt 0.579256 0.153979
vt 0.620743 0.160086
vt 0.615670 0.181824
vt 0.374205 0.076096
vt 0.393873 0.084569
vt 0.381198 0.105712
vt 0.362321 0.095462
vt 0.416652 0.095070
vt 0.441397 0.107145
vt 0.427774 0.131001
vt 0.403376 0.117753
vt 0.467406 0.120438
vt 0.493933 0.134563
vt 0.480364 0.159554
vt 0.453688 0.145070
vt 0.520227 0.149118
vt 0.545541 0.163690
vt 0.532954 0.188108
vt 0.507040 0.174038
vt 0.569145 0.177867
vt 0.590358 0.191252
vt 0.579530 0.213397
vt 0.557352 0.201356
vt 0.608177 0.203132
vt 0.598406 0.223646
vt 0.352551 0.115977
vt 0.370370 0.127857
vt 0.361575 0.150623
vt 0.345057 0.137285
vt 0.391582 0.141242
vt 0.415186 0.155419
vt 0.403844 0.179980
vt 0.381471 0.165130
vt 0.440501 0.169991
vt 0.466795 0.184546
vt 0.453456 0.209112
vt 0.428067 0.194774
vt 0.493322 0.198671
vt 0.519331 0.211964
vt 0.504909 0.234854
vt 0.479309 0.222596
vt 0.544076 0.224039
vt 0.566854 0.234539
vt 0.552552 0.254315
vt 0.529549 0.245529
vt 0.586523 0.243013
vt 0.572734 0.260903
vt 0.339985 0.159023
vt 0.354978 0.173619
vt 0.350653 0.196455
vt 0.337438 0.180807
vt 0.373214 0.189010
vt 0.393942 0.204264
vt 0.385635 0.227855
vt 0.366945 0.212471
vt 0.416600 0.218995
vt 0.440578 0.232830
vt 0.428379 0.255298
vt 0.406289 0.242240
vt 0.465241 0.245405
vt 0.489936 0.256384
vt 0.474675 0.276200
vt 0.451362 0.266712
vt 0.514018 0.265460
vt 0.536858 0.272372
vt 0.520062 0.288437
vt 0.497757 0.283496
vt 0.557265 0.276997
vt 0.540383 0.290997
vt 0.337122 0.201471
vt 0.348541 0.217911
vt 0.362688 0.234320
vt 0.379147 0.249584
vt 0.397530 0.263397
vt 0.417420 0.275482
vt 0.438389 0.285581
vt 0.459985 0.293476
vt 0.481750 0.298966
vt 0.503218 0.301894
vt 0.523225 0.302517
vt 0.084769 0.047305
vt 0.100190 0.038383
vt 0.220668 0.038317
vt 0.236105 0.047210
vt 0.070638 0.058155
vt 0.262954 0.250243
vt 0.250368 0.262852
vt 0.296419 0.169330
vt 0.294098 0.186994
vt 0.133852 0.026934
vt 0.151514 0.024604
vt 0.291082 0.073141
vt 0.301357 0.090937
vt 0.282623 0.100190
vt 0.273701 0.084769
vt 0.204207 0.031504
vt 0.220817 0.282623
vt 0.204359 0.289445
vt 0.024588 0.151676
vt 0.026908 0.134012
vt 0.091100 0.301451
vt 0.073303 0.291176
vt 0.084901 0.273796
vt 0.100338 0.282690
vt 0.170872 0.317269
vt 0.150322 0.317269
vt 0.151676 0.296419
vt 0.169492 0.296403
vt 0.236237 0.273701
vt 0.250243 0.058052
vt 0.262852 0.070638
vt 0.770296 0.435386
vt 0.770296 0.414813
vt 0.317269 0.150134
vt 0.317269 0.170684
vt 0.296402 0.151515
vt 0.134012 0.294098
vt 0.024604 0.169492
vt 0.770296 0.867414
vt 0.770296 0.846841
vt 0.770296 0.209085
vt 0.770296 0.188513
vt 0.289503 0.204207
vt 0.031561 0.204359
vt 0.026934 0.187155
vt 0.289445 0.116648
vt 0.294072 0.133852
vt 0.770296 0.497104
vt 0.770296 0.476531
vt 0.129763 0.006444
vt 0.150134 0.003737
vt 0.038383 0.220817
vt 0.211093 0.309244
vt 0.191243 0.314562
vt 0.187154 0.294072
vt 0.056985 0.278685
vt 0.070764 0.262954
vt 0.191062 0.006395
vt 0.210911 0.011714
vt 0.186994 0.026908
vt 0.291176 0.247703
vt 0.278685 0.264022
vt 0.273796 0.236105
vt 0.129945 0.314611
vt 0.042321 0.056985
vt 0.056852 0.042454
vt 0.058052 0.070764
vt 0.247703 0.029831
vt 0.264022 0.042321
vt 0.309244 0.109914
vt 0.770296 0.805696
vt 0.770296 0.785123
vt 0.770296 0.743978
vt 0.770296 0.723405
vt 0.003737 0.150322
vt 0.006395 0.129945
vt 0.770296 0.373668
vt 0.770296 0.353095
vt 0.770296 0.455959
vt 0.770296 0.764550
vt 0.770296 0.167940
vt 0.770296 0.826269
vt 0.031504 0.116800
vt 0.038317 0.100338
vt 0.770296 0.394240
vt 0.169330 0.024588
vt 0.230069 0.301357
vt 0.047210 0.084901
vt 0.314562 0.129764
vt 0.011763 0.211093
vt 0.006444 0.191243
vt 0.029830 0.073303
vt 0.110095 0.309292
vt 0.116799 0.289503
vt 0.029924 0.247866
vt 0.019649 0.230069
vt 0.047305 0.236237
vt 0.019556 0.091100
vt 0.301451 0.229906
vt 0.282690 0.220668
vt 0.003737 0.170872
vt 0.770296 0.126794
vt 0.770296 0.106221
vt 0.770296 0.291376
vt 0.770296 0.270804
vt 0.170684 0.003737
vt 0.770296 0.332522
vt 0.770296 0.147367
vt 0.770296 0.702832
vt 0.770296 0.250231
vt 0.770296 0.229658
vt 0.116647 0.031561
vt 0.278553 0.056852
vt 0.109914 0.011763
vt 0.309292 0.210911
vt 0.011714 0.110095
vt 0.073141 0.029924
vt 0.090937 0.019649
vt 0.229906 0.019556
vt 0.770296 0.970278
vt 0.770296 0.949705
vt 0.314611 0.191062
vt 0.770296 0.085649
vt 0.770296 0.599968
vt 0.770296 0.579395
vt 0.770296 0.661686
vt 0.770296 0.641114
vt 0.770296 0.311949
vt 0.770296 0.065076
vt 0.770296 0.044503
vt 0.770296 0.023930
vt 0.058155 0.250368
vt 0.770296 0.682259
vt 0.042454 0.264154
vt 0.264154 0.278553
vt 0.247866 0.291082
vt 0.770296 0.538250
vt 0.770296 0.517677
vt 0.770296 0.887987
vt 0.770296 0.908560
vt 0.770296 0.620541
vt 0.770296 0.929132
vt 0.770296 0.003358
vt 0.770296 0.558823
vt 0.770296 0.990851
vt 0.156242 0.226112
vt 0.147715 0.224995
vt 0.148506 0.221004
vt 0.156505 0.222068
vt 0.222774 0.181600
vt 0.219488 0.189548
vt 0.215837 0.187750
vt 0.218936 0.180299
vt 0.172575 0.221005
vt 0.164574 0.222048
vt 0.164247 0.217112
vt 0.171603 0.216132
vt 0.140642 0.102109
vt 0.148431 0.100002
vt 0.149403 0.104874
vt 0.142235 0.106792
vt 0.096027 0.173368
vt 0.094899 0.164842
vt 0.098959 0.164574
vt 0.100001 0.172575
vt 0.156164 0.094899
vt 0.164764 0.094894
vt 0.164501 0.098939
vt 0.156432 0.098959
vt 0.140707 0.218935
vt 0.133256 0.215838
vt 0.135442 0.211400
vt 0.142301 0.214229
vt 0.109185 0.126258
vt 0.114106 0.119863
vt 0.117828 0.123122
vt 0.113317 0.129016
vt 0.209909 0.117124
vt 0.215149 0.123943
vt 0.211767 0.126206
vt 0.206864 0.119798
vt 0.098232 0.139407
vt 0.101518 0.131459
vt 0.105169 0.133256
vt 0.102071 0.140707
vt 0.102110 0.180364
vt 0.104873 0.171603
vt 0.106793 0.178772
vt 0.187823 0.215819
vt 0.180364 0.218897
vt 0.178771 0.214214
vt 0.185623 0.211364
vt 0.094895 0.156242
vt 0.098940 0.156505
vt 0.197063 0.215149
vt 0.189618 0.219453
vt 0.194801 0.211767
vt 0.103899 0.156827
vt 0.103895 0.164248
vt 0.222047 0.156433
vt 0.222066 0.164501
vt 0.217107 0.164179
vt 0.217111 0.156759
vt 0.101553 0.189618
vt 0.098257 0.181674
vt 0.105187 0.187823
vt 0.226111 0.164764
vt 0.224995 0.173291
vt 0.221004 0.172500
vt 0.172500 0.100002
vt 0.180299 0.102071
vt 0.178705 0.106777
vt 0.171538 0.104854
vt 0.201209 0.206863
vt 0.192050 0.207656
vt 0.197932 0.203130
vt 0.117182 0.209961
vt 0.111097 0.203883
vt 0.114143 0.201209
vt 0.119863 0.206900
vt 0.139406 0.222774
vt 0.131459 0.219488
vt 0.218897 0.140642
vt 0.221005 0.148431
vt 0.216134 0.149404
vt 0.214213 0.142235
vt 0.215819 0.133184
vt 0.211365 0.135384
vt 0.207655 0.128956
vt 0.147638 0.096027
vt 0.214231 0.178705
vt 0.216152 0.171538
vt 0.149468 0.216153
vt 0.156827 0.217110
vt 0.194748 0.109186
vt 0.201143 0.114106
vt 0.197884 0.117827
vt 0.191991 0.113319
vt 0.187750 0.105169
vt 0.185565 0.109606
vt 0.117876 0.197930
vt 0.123123 0.203180
vt 0.203131 0.123076
vt 0.126258 0.211821
vt 0.129015 0.207688
vt 0.119797 0.114143
vt 0.126206 0.109240
vt 0.128957 0.113350
vt 0.123075 0.117877
vt 0.096011 0.147715
vt 0.100003 0.148507
vt 0.203883 0.209909
vt 0.131388 0.101554
vt 0.139332 0.098257
vt 0.133183 0.105188
vt 0.105814 0.124009
vt 0.111045 0.117182
vt 0.222749 0.139332
vt 0.224980 0.147638
vt 0.081404 0.213424
vt 0.075170 0.202648
vt 0.077975 0.201263
vt 0.084000 0.211687
vt 0.236112 0.123161
vt 0.240344 0.133348
vt 0.234062 0.135484
vt 0.230169 0.126096
vt 0.165170 0.231065
vt 0.155919 0.231084
vt 0.164842 0.226108
vt 0.219278 0.121181
vt 0.223920 0.129183
vt 0.219453 0.131389
vt 0.216070 0.097066
vt 0.223871 0.104865
vt 0.218890 0.109238
vt 0.211698 0.102057
vt 0.090411 0.207398
vt 0.084894 0.197845
vt 0.090837 0.194910
vt 0.095926 0.203708
vt 0.084306 0.175707
vt 0.082976 0.165631
vt 0.089942 0.165170
vt 0.091141 0.174343
vt 0.211769 0.218890
vt 0.203708 0.225080
vt 0.199826 0.219278
vt 0.207170 0.213653
vt 0.230595 0.113609
vt 0.225080 0.117299
vt 0.113609 0.090411
vt 0.123161 0.084895
vt 0.126096 0.090838
vt 0.117298 0.095926
vt 0.213653 0.113836
vt 0.243225 0.176906
vt 0.240371 0.187562
vt 0.234094 0.185435
vt 0.236716 0.175616
vt 0.165968 0.076353
vt 0.176906 0.077781
vt 0.175616 0.084290
vt 0.165539 0.082967
vt 0.236700 0.145300
vt 0.238031 0.155375
vt 0.231064 0.155836
vt 0.229866 0.146663
vt 0.126180 0.230208
vt 0.117374 0.225133
vt 0.121243 0.219336
vt 0.129264 0.223945
vt 0.097065 0.104937
vt 0.104864 0.097136
vt 0.109238 0.102116
vt 0.102057 0.109309
vt 0.077781 0.144100
vt 0.080635 0.133445
vt 0.086913 0.135572
vt 0.084290 0.145391
vt 0.097061 0.129264
vt 0.101670 0.121243
vt 0.199764 0.101670
vt 0.207098 0.107309
vt 0.203824 0.111046
vt 0.196998 0.105815
vt 0.084845 0.123249
vt 0.090359 0.113695
vt 0.095873 0.117374
vt 0.090798 0.126180
vt 0.199644 0.239754
vt 0.188965 0.244184
vt 0.187659 0.240344
vt 0.197845 0.236112
vt 0.165631 0.238031
vt 0.155468 0.238039
vt 0.227453 0.137733
vt 0.080662 0.187659
vt 0.086944 0.185522
vt 0.143311 0.247203
vt 0.132141 0.244219
vt 0.133445 0.240372
vt 0.144100 0.243225
vt 0.097086 0.191824
vt 0.093554 0.183274
vt 0.177799 0.247184
vt 0.177004 0.243201
vt 0.218822 0.226923
vt 0.209653 0.233966
vt 0.207398 0.230595
vt 0.216142 0.223871
vt 0.082968 0.155468
vt 0.089923 0.155919
vt 0.209566 0.086981
vt 0.218742 0.094015
vt 0.207311 0.090360
vt 0.072300 0.154775
vt 0.073803 0.143311
vt 0.076353 0.155038
vt 0.174343 0.229866
vt 0.173368 0.224980
vt 0.121180 0.101729
vt 0.129182 0.097086
vt 0.123943 0.105858
vt 0.248706 0.166232
vt 0.247203 0.177695
vt 0.244653 0.165968
vt 0.102264 0.226992
vt 0.094083 0.218822
vt 0.097135 0.216142
vt 0.104937 0.223941
vt 0.230208 0.194826
vt 0.223945 0.191742
vt 0.227493 0.183199
vt 0.203632 0.095873
vt 0.239754 0.121362
vt 0.244184 0.132042
vt 0.199549 0.081207
vt 0.197757 0.084845
vt 0.137732 0.093554
vt 0.146663 0.091141
vt 0.244218 0.188865
vt 0.087040 0.209653
vt 0.243200 0.144003
vt 0.238038 0.165539
vt 0.231083 0.165087
vt 0.166232 0.072300
vt 0.177695 0.073803
vt 0.226923 0.102185
vt 0.191824 0.223920
vt 0.183274 0.227453
vt 0.181674 0.222749
vt 0.124008 0.215192
vt 0.081253 0.199644
vt 0.121457 0.239799
vt 0.111440 0.234025
vt 0.113695 0.230647
vt 0.123249 0.236161
vt 0.194910 0.230169
vt 0.194826 0.090798
vt 0.234025 0.209566
vt 0.226992 0.218742
vt 0.223941 0.216070
vt 0.230647 0.207311
vt 0.073823 0.177799
vt 0.072308 0.166337
vt 0.076355 0.166069
vt 0.077806 0.177004
vt 0.113836 0.107354
vt 0.107308 0.113909
vt 0.253836 0.141880
vt 0.255465 0.154222
vt 0.252349 0.154428
vt 0.250768 0.142492
vt 0.166337 0.248699
vt 0.166069 0.244652
vt 0.226107 0.156164
vt 0.076823 0.188965
vt 0.185522 0.234062
vt 0.239799 0.199549
vt 0.236161 0.197757
vt 0.142600 0.250792
vt 0.130968 0.247681
vt 0.093514 0.137808
vt 0.091138 0.146749
vt 0.188865 0.076788
vt 0.187562 0.080635
vt 0.229743 0.221152
vt 0.221234 0.229670
vt 0.219336 0.199763
vt 0.213698 0.207098
vt 0.209961 0.203824
vt 0.215192 0.196998
vt 0.121362 0.081253
vt 0.132042 0.076823
vt 0.133348 0.080662
vt 0.237006 0.109319
vt 0.243031 0.119744
vt 0.233966 0.111354
vt 0.175707 0.236700
vt 0.247680 0.190038
vt 0.243081 0.201165
vt 0.083940 0.109412
vt 0.091263 0.099854
vt 0.094015 0.102265
vt 0.086981 0.111441
vt 0.174258 0.091138
vt 0.165087 0.089922
vt 0.101728 0.199826
vt 0.099773 0.091337
vt 0.109319 0.084000
vt 0.111353 0.087040
vt 0.102184 0.094083
vt 0.073359 0.190142
vt 0.070238 0.178514
vt 0.146749 0.229868
vt 0.190142 0.247647
vt 0.178514 0.250768
vt 0.250791 0.178407
vt 0.102116 0.211769
vt 0.225133 0.203632
vt 0.252354 0.166469
vt 0.218950 0.211698
vt 0.221152 0.091263
vt 0.229670 0.099773
vt 0.099854 0.229743
vt 0.091337 0.221234
vt 0.155836 0.089942
vt 0.166468 0.068652
vt 0.178407 0.070215
vt 0.247647 0.130864
vt 0.154937 0.076355
vt 0.155375 0.082975
vt 0.119744 0.077975
vt 0.211687 0.237006
vt 0.237066 0.211595
vt 0.113909 0.213698
vt 0.107353 0.207170
vt 0.119841 0.243081
vt 0.097709 0.088986
vt 0.107583 0.081404
vt 0.144002 0.077806
vt 0.145299 0.084306
vt 0.166578 0.252349
vt 0.154538 0.252354
vt 0.154775 0.248707
vt 0.097796 0.232093
vt 0.088986 0.223298
vt 0.185435 0.086913
vt 0.191742 0.097062
vt 0.183199 0.093514
vt 0.109309 0.218950
vt 0.065541 0.166784
vt 0.065531 0.154335
vt 0.068652 0.154538
vt 0.068658 0.166578
vt 0.077925 0.119841
vt 0.081207 0.121457
vt 0.135571 0.234094
vt 0.145391 0.236717
vt 0.211821 0.194748
vt 0.207689 0.191990
vt 0.211399 0.185565
vt 0.106776 0.142302
vt 0.104855 0.149468
vt 0.135484 0.086944
vt 0.166784 0.255465
vt 0.154335 0.255476
vt 0.189548 0.101518
vt 0.142492 0.070238
vt 0.154428 0.068658
vt 0.154670 0.072308
vt 0.143208 0.073823
vt 0.117123 0.111098
vt 0.105858 0.197063
vt 0.109240 0.194801
vt 0.199966 0.276531
vt 0.184484 0.280689
vt 0.183328 0.274895
vt 0.198063 0.270934
vt 0.058562 0.092476
vt 0.068313 0.079752
vt 0.072760 0.083647
vt 0.063477 0.095756
vt 0.276577 0.199828
vt 0.270452 0.214642
vt 0.265148 0.212031
vt 0.270981 0.197932
vt 0.050555 0.106364
vt 0.055858 0.108976
vt 0.092476 0.262444
vt 0.106364 0.270452
vt 0.073326 0.130969
vt 0.076788 0.132141
vt 0.270387 0.106233
vt 0.262363 0.092355
vt 0.214642 0.050555
vt 0.199828 0.044429
vt 0.282800 0.168446
vt 0.282791 0.152415
vt 0.241254 0.068313
vt 0.228530 0.058562
vt 0.262444 0.228530
vt 0.257530 0.225251
vt 0.079642 0.068410
vt 0.083541 0.072850
vt 0.181600 0.098232
vt 0.173292 0.096011
vt 0.044429 0.121179
vt 0.040289 0.136666
vt 0.092354 0.058643
vt 0.106233 0.050620
vt 0.280689 0.136522
vt 0.255170 0.223676
vt 0.246116 0.235494
vt 0.243985 0.233627
vt 0.252815 0.222105
vt 0.085412 0.074981
vt 0.097216 0.065910
vt 0.098791 0.068264
vt 0.087280 0.077109
vt 0.191042 0.070363
vt 0.202545 0.075123
vt 0.201165 0.077925
vt 0.190038 0.073326
vt 0.250643 0.191042
vt 0.245883 0.202545
vt 0.123855 0.052753
vt 0.138233 0.048893
vt 0.138787 0.051670
vt 0.124767 0.055435
vt 0.110105 0.058460
vt 0.111359 0.060999
vt 0.069942 0.205230
vt 0.064878 0.193027
vt 0.070403 0.191148
vt 0.104338 0.076554
vt 0.115776 0.069942
vt 0.118358 0.075171
vt 0.235494 0.074890
vt 0.246025 0.085412
vt 0.243898 0.087280
vt 0.233627 0.077021
vt 0.272113 0.138234
vt 0.274067 0.152992
vt 0.271240 0.153179
vt 0.269336 0.138788
vt 0.053381 0.167589
vt 0.053378 0.153546
vt 0.059712 0.153957
vt 0.059718 0.167169
vt 0.089674 0.079835
vt 0.100806 0.071275
vt 0.093861 0.084604
vt 0.274074 0.167879
vt 0.272141 0.182640
vt 0.269363 0.182089
vt 0.271248 0.167696
vt 0.046939 0.168015
vt 0.046933 0.153127
vt 0.049758 0.153311
vt 0.049766 0.167828
vt 0.213331 0.081338
vt 0.211595 0.083941
vt 0.075123 0.118462
vt 0.081338 0.107675
vt 0.052711 0.123985
vt 0.058398 0.110226
vt 0.060940 0.111478
vt 0.055393 0.124893
vt 0.255097 0.097216
vt 0.252742 0.098792
vt 0.244518 0.216568
vt 0.236483 0.227055
vt 0.232093 0.223210
vt 0.239668 0.213331
vt 0.104438 0.244519
vt 0.093951 0.236483
vt 0.107675 0.239668
vt 0.110226 0.262608
vt 0.097330 0.255170
vt 0.098902 0.252815
vt 0.111478 0.260067
vt 0.267625 0.153418
vt 0.267628 0.167461
vt 0.261295 0.167049
vt 0.261288 0.153837
vt 0.100915 0.249798
vt 0.089766 0.241260
vt 0.058460 0.210901
vt 0.052753 0.197151
vt 0.055435 0.196239
vt 0.060999 0.209647
vt 0.085513 0.246116
vt 0.087379 0.243985
vt 0.067151 0.141992
vt 0.070363 0.129965
vt 0.070215 0.142600
vt 0.152992 0.046940
vt 0.167879 0.046933
vt 0.167695 0.049758
vt 0.153179 0.049766
vt 0.182773 0.272113
vt 0.168015 0.274067
vt 0.167828 0.271240
vt 0.182219 0.269336
vt 0.061427 0.140857
vt 0.064840 0.128094
vt 0.262546 0.110106
vt 0.268253 0.123855
vt 0.265571 0.124768
vt 0.260007 0.111359
vt 0.268295 0.197022
vt 0.265613 0.196113
vt 0.167588 0.267625
vt 0.153546 0.267629
vt 0.153957 0.261295
vt 0.167169 0.261288
vt 0.055197 0.139622
vt 0.058829 0.126057
vt 0.083647 0.248246
vt 0.072850 0.237466
vt 0.074981 0.235594
vt 0.153127 0.274074
vt 0.138366 0.272142
vt 0.138917 0.269363
vt 0.153311 0.271248
vt 0.088914 0.097796
vt 0.141992 0.253855
vt 0.095756 0.257530
vt 0.262608 0.210780
vt 0.260066 0.209529
vt 0.167049 0.059712
vt 0.180149 0.061427
vt 0.179014 0.067151
vt 0.166671 0.065531
vt 0.095642 0.063557
vt 0.108849 0.055917
vt 0.210901 0.262546
vt 0.197151 0.268253
vt 0.196239 0.265571
vt 0.209647 0.260007
vt 0.126057 0.262178
vt 0.113078 0.256817
vt 0.115884 0.251119
vt 0.128093 0.256166
vt 0.265809 0.181385
vt 0.262178 0.194949
vt 0.256166 0.192913
vt 0.259579 0.180149
vt 0.168201 0.276892
vt 0.152944 0.276904
vt 0.074890 0.085513
vt 0.065836 0.097330
vt 0.250604 0.129858
vt 0.141880 0.067170
vt 0.154222 0.065541
vt 0.063557 0.225365
vt 0.055917 0.212157
vt 0.065910 0.223790
vt 0.237359 0.072760
vt 0.248157 0.083541
vt 0.127979 0.064878
vt 0.129858 0.070403
vt 0.253855 0.179014
vt 0.255476 0.166671
vt 0.137678 0.046112
vt 0.152805 0.044114
vt 0.108976 0.265148
vt 0.256816 0.207928
vt 0.249798 0.220091
vt 0.251118 0.205123
vt 0.220200 0.249731
vt 0.208041 0.256755
vt 0.205230 0.251064
vt 0.216669 0.244452
vt 0.046112 0.183328
vt 0.044114 0.168201
vt 0.048893 0.182773
vt 0.192913 0.064840
vt 0.061452 0.180267
vt 0.067170 0.179126
vt 0.123074 0.270981
vt 0.123984 0.268295
vt 0.276904 0.168063
vt 0.274918 0.183191
vt 0.112966 0.064251
vt 0.125934 0.058865
vt 0.079835 0.231333
vt 0.071275 0.220200
vt 0.076554 0.216669
vt 0.084604 0.227145
vt 0.225251 0.063477
vt 0.223676 0.065836
vt 0.227145 0.236402
vt 0.213424 0.239602
vt 0.223298 0.232021
vt 0.212031 0.055858
vt 0.210780 0.058399
vt 0.248246 0.237359
vt 0.237466 0.248157
vt 0.235594 0.246025
vt 0.139497 0.055228
vt 0.140739 0.061452
vt 0.181385 0.055197
vt 0.194949 0.058829
vt 0.225365 0.257450
vt 0.223790 0.255097
vt 0.122944 0.050073
vt 0.084524 0.093951
vt 0.257450 0.095642
vt 0.265089 0.108850
vt 0.058865 0.195072
vt 0.055227 0.181509
vt 0.168592 0.282791
vt 0.152561 0.282800
vt 0.050073 0.198063
vt 0.244452 0.104338
vt 0.251064 0.115776
vt 0.245836 0.118359
vt 0.239602 0.107583
vt 0.202648 0.245836
vt 0.044476 0.199966
vt 0.040318 0.184484
vt 0.139622 0.265809
vt 0.140857 0.259579
vt 0.064190 0.113078
vt 0.069888 0.115884
vt 0.276531 0.121040
vt 0.270934 0.122944
vt 0.280718 0.184341
vt 0.227055 0.084524
vt 0.236402 0.093861
vt 0.232020 0.097709
vt 0.223210 0.088914
vt 0.136666 0.280718
vt 0.137815 0.274919
vt 0.121178 0.276577
vt 0.228652 0.262363
vt 0.214773 0.270387
vt 0.212157 0.265089
vt 0.118462 0.245883
vt 0.109412 0.237066
vt 0.252596 0.079642
vt 0.050620 0.214773
vt 0.180267 0.259555
vt 0.179126 0.253836
vt 0.193027 0.256129
vt 0.191148 0.250604
vt 0.252693 0.241254
vt 0.241364 0.252597
vt 0.201263 0.243031
vt 0.248698 0.154670
vt 0.244652 0.154938
vt 0.247184 0.143208
vt 0.155038 0.244653
vt 0.206900 0.201143
vt 0.164179 0.103897
vt 0.156759 0.103894
vt 0.135383 0.109643
vt 0.203179 0.197884
vt 0.109641 0.185622
vt 0.109607 0.135441
vt 0.130864 0.073359
vt 0.113351 0.192051
vt 0.079746 0.089766
vt 0.265779 0.139497
vt 0.259555 0.140739
vt 0.195072 0.262142
vt 0.241172 0.089674
vt 0.249731 0.100806
vt 0.262142 0.125934
vt 0.256128 0.127979
vt 0.241260 0.231240
vt 0.181509 0.265779
vt 0.207928 0.064190
vt 0.205123 0.069888
vt 0.153418 0.053381
vt 0.167460 0.053378
vt 0.153837 0.059718
vt 0.071209 0.100915
vt 0.076488 0.104438
vt 0.064251 0.208041
vt 0.231333 0.241172
vt 0.068191 0.098902
vt 0.077021 0.087379
vt 0.220091 0.071209
vt 0.216568 0.076488
vt 0.231240 0.079746
vt 0.051670 0.182219
vt 0.256755 0.112966
vt 0.222215 0.252742
vt 0.129965 0.250643
vt 0.182089 0.051644
vt 0.196113 0.055393
vt 0.051644 0.138917
vt 0.077109 0.233726
vt 0.068264 0.222215
vt 0.124893 0.265613
vt 0.233726 0.243898
vt 0.209529 0.060940
vt 0.222104 0.068191
vt 0.044102 0.152944
vt 0.046088 0.137816
vt 0.048865 0.138366
vt 0.038206 0.152561
vt 0.184341 0.040289
vt 0.197932 0.050025
vt 0.183191 0.046088
vt 0.276892 0.152805
vt 0.137808 0.227493
vt 0.152415 0.038215
vt 0.168446 0.038206
vt 0.168063 0.044102
vt 0.121040 0.044476
vt 0.050025 0.123074
vt 0.038215 0.168592
vt 0.274894 0.137679
vt 0.058643 0.228652
vt 0.079752 0.252693
vt 0.068410 0.241364
vt 0.197022 0.052711
vt 0.182640 0.048865
vt 0.229868 0.174258
vt 0.136522 0.040318
vt 0.105353 0.156922
vt 0.107753 0.157077
vt 0.111056 0.157292
vt 0.115205 0.157561
vt 0.120130 0.157881
vt 0.125745 0.158246
vt 0.131955 0.158649
vt 0.138653 0.159084
vt 0.145725 0.159543
vt 0.153051 0.160019
vt 0.160503 0.160503
vt 0.167956 0.160987
vt 0.175281 0.161463
vt 0.182353 0.161922
vt 0.189052 0.162357
vt 0.195262 0.162761
vt 0.200877 0.163125
vt 0.205801 0.163445
vt 0.209950 0.163715
vt 0.213253 0.163929
vt 0.215654 0.164085
s 1
usemtl Atún
f 51/1/51 533/2/495 1403/3/1245 563/4/525
f 533/2/495 49/5/49 514/6/480 1403/3/1245
f 1403/3/1245 514/6/480 48/7/48 515/8/481
f 563/4/525 1403/3/1245 515/8/481 50/9/50
f 53/10/53 534/11/496 1404/12/1246 562/13/524
f 534/11/496 42/14/42 507/15/473 1404/12/1246
f 1404/12/1246 507/15/473 41/16/41 517/17/483
f 562/13/524 1404/12/1246 517/17/483 52/18/52
f 55/19/55 536/20/498 1405/21/1247 561/22/523
f 536/20/498 35/23/35 500/24/466 1405/21/1247
f 1405/21/1247 500/24/466 34/25/34 519/26/485
f 561/22/523 1405/21/1247 519/26/485 54/27/54
f 56/28/56 537/29/499 1406/30/1248 560/31/522
f 537/29/499 43/32/43 508/33/474 1406/30/1248
f 1406/30/1248 508/33/474 42/14/42 534/11/496
f 560/31/522 1406/30/1248 534/11/496 53/10/53
f 57/34/57 538/35/500 1407/36/1249 559/37/521
f 538/35/500 36/38/36 501/39/467 1407/36/1249
f 1407/36/1249 501/39/467 35/23/35 536/20/498
f 559/37/521 1407/36/1249 536/20/498 55/19/55
f 58/40/58 539/41/501 1408/42/1250 558/43/520
f 539/41/501 44/44/44 509/45/475 1408/42/1250
f 1408/42/1250 509/45/475 43/32/43 537/29/499
f 558/43/520 1408/42/1250 537/29/499 56/28/56
f 59/46/59 540/47/502 1409/48/1251 557/49/519
f 540/47/502 37/50/37 502/51/468 1409/48/1251
f 1409/48/1251 502/51/468 36/38/36 538/35/500
f 557/49/519 1409/48/1251 538/35/500 57/34/57
f 60/52/60 541/53/503 1410/54/1252 556/55/518
f 541/53/503 45/56/45 510/57/476 1410/54/1252
f 1410/54/1252 510/57/476 44/44/44 539/41/501
f 556/55/518 1410/54/1252 539/41/501 58/40/58
f 61/58/61 542/59/504 1411/60/1253 555/61/517
f 542/59/504 38/62/38 503/63/469 1411/60/1253
f 1411/60/1253 503/63/469 37/50/37 540/47/502
f 555/61/517 1411/60/1253 540/47/502 59/46/59
f 62/64/62 543/65/505 1412/66/1254 554/67/516
f 543/65/505 46/68/46 511/69/477 1412/66/1254
f 1412/66/1254 511/69/477 45/56/45 541/53/503
f 554/67/516 1412/66/1254 541/53/503 60/52/60
f 63/70/63 544/71/506 1413/72/1255 553/73/515
f 544/71/506 39/74/39 504/75/470 1413/72/1255
f 1413/72/1255 504/75/470 38/62/38 542/59/504
f 553/73/515 1413/72/1255 542/59/504 61/58/61
f 64/76/64 545/77/507 1414/78/1256 552/79/514
f 545/77/507 47/80/47 512/81/478 1414/78/1256
f 1414/78/1256 512/81/478 46/68/46 543/65/505
f 552/79/514 1414/78/1256 543/65/505 62/64/62
f 65/82/65 546/83/508 1415/84/1257 551/85/513
f 546/83/508 40/86/40 505/87/471 1415/84/1257
f 1415/84/1257 505/87/471 39/74/39 544/71/506
f 551/85/513 1415/84/1257 544/71/506 63/70/63
f 50/9/50 515/8/481 1416/88/1258 550/89/512
f 515/8/481 48/7/48 513/90/479 1416/88/1258
f 1416/88/1258 513/90/479 47/80/47 545/77/507
f 550/89/512 1416/88/1258 545/77/507 64/76/64
f 52/18/52 517/17/483 1417/91/1259 549/92/511
f 517/17/483 41/16/41 506/93/472 1417/91/1259
f 1417/91/1259 506/93/472 40/86/40 546/83/508
f 549/92/511 1417/91/1259 546/83/508 65/82/65
f 54/27/54 519/26/485 1418/94/1260 548/95/510
f 519/26/485 34/25/34 499/96/465 1418/94/1260
f 1418/94/1260 499/96/465 33/97/33 531/98/493
f 548/95/510 1418/94/1260 531/98/493 66/99/66
f 82/100/79 535/101/497 1419/102/1261 592/103/544
f 535/101/497 54/27/54 548/95/510 1419/102/1261
f 1419/102/1261 548/95/510 66/99/66 547/104/509
f 592/103/544 1419/102/1261 547/104/509 83/105/80
f 80/106/77 532/107/494 1420/108/69 590/109/69
f 532/107/494 50/9/50 550/89/512 1420/108/69
f 1420/108/69 550/89/512 64/76/64 572/110/69
f 590/109/69 1420/108/69 572/110/69 78/111/69
f 78/111/69 572/110/69 1421/112/69 588/113/69
f 572/110/69 64/76/64 552/79/514 1421/112/69
f 1421/112/69 552/79/514 62/64/62 571/114/69
f 588/113/69 1421/112/69 571/114/69 76/115/69
f 76/115/69 571/114/69 1422/116/69 586/117/69
f 571/114/69 62/64/62 554/67/516 1422/116/69
f 1422/116/69 554/67/516 60/52/60 569/118/529
f 586/117/69 1422/116/69 569/118/529 74/119/73
f 75/120/74 570/121/530 1423/122/1262 585/123/540
f 570/121/530 61/58/61 555/61/517 1423/122/1262
f 1423/122/1262 555/61/517 59/46/59 568/124/528
f 585/123/540 1423/122/1262 568/124/528 73/125/72
f 74/119/73 569/118/529 1424/126/1263 584/127/539
f 569/118/529 60/52/60 556/55/518 1424/126/1263
f 1424/126/1263 556/55/518 58/40/58 567/128/527
f 584/127/539 1424/126/1263 567/128/527 72/129/71
f 73/125/72 568/124/528 1425/130/69 583/131/69
f 568/124/528 59/46/59 557/49/519 1425/130/69
f 1425/130/69 557/49/519 57/34/57 566/132/69
f 583/131/69 1425/130/69 566/132/69 71/133/69
f 71/133/69 566/132/69 1426/134/69 581/135/69
f 566/132/69 57/34/57 559/37/521 1426/134/69
f 1426/134/69 559/37/521 55/19/55 565/136/69
f 581/135/69 1426/134/69 565/136/69 69/137/69
f 69/137/69 565/136/69 1427/138/69 579/139/69
f 565/136/69 55/19/55 561/22/523 1427/138/69
f 1427/138/69 561/22/523 54/27/54 535/101/497
f 579/139/69 1427/138/69 535/101/497 82/100/79
f 67/140/67 564/141/526 1428/142/1264 577/143/535
f 564/141/526 51/1/51 563/4/525 1428/142/1264
f 1428/142/1264 563/4/525 50/9/50 532/107/494
f 577/143/535 1428/142/1264 532/107/494 80/106/77
f 17/144/17 516/145/482 1429/146/1265 482/147/448
f 516/145/482 67/140/67 577/143/535 1429/146/1265
f 1429/146/1265 577/143/535 80/106/77 573/148/531
f 482/147/448 1429/146/1265 573/148/531 16/149/16
f 10/150/10 518/151/484 1430/152/1266 475/153/441
f 518/151/484 68/154/68 578/155/536 1430/152/1266
f 1430/152/1266 578/155/536 81/156/78 574/157/532
f 475/153/441 1430/152/1266 574/157/532 9/158/9
f 3/159/3 520/160/69 1431/161/69 468/162/434
f 520/160/69 69/137/69 579/139/69 1431/161/69
f 1431/161/69 579/139/69 82/100/79 575/163/533
f 468/162/434 1431/161/69 575/163/533 2/164/2
f 11/165/11 521/166/486 1432/167/1267 476/168/442
f 521/166/486 70/169/70 580/170/537 1432/167/1267
f 1432/167/1267 580/170/537 68/154/68 518/151/484
f 476/168/442 1432/167/1267 518/151/484 10/150/10
f 4/171/4 522/172/69 1433/173/69 469/174/435
f 522/172/69 71/133/69 581/135/69 1433/173/69
f 1433/173/69 581/135/69 69/137/69 520/160/69
f 469/174/435 1433/173/69 520/160/69 3/159/3
f 12/175/12 523/176/487 1434/177/1268 477/178/443
f 523/176/487 72/129/71 582/179/538 1434/177/1268
f 1434/177/1268 582/179/538 70/169/70 521/166/486
f 477/178/443 1434/177/1268 521/166/486 11/165/11
f 5/180/5 524/181/488 1435/182/69 470/183/436
f 524/181/488 73/125/72 583/131/69 1435/182/69
f 1435/182/69 583/131/69 71/133/69 522/172/69
f 470/183/436 1435/182/69 522/172/69 4/171/4
f 13/184/13 525/185/489 1436/186/1269 478/187/444
f 525/185/489 74/119/73 584/127/539 1436/186/1269
f 1436/186/1269 584/127/539 72/129/71 523/176/487
f 478/187/444 1436/186/1269 523/176/487 12/175/12
f 6/188/6 526/189/490 1437/190/1270 471/191/437
f 526/189/490 75/120/74 585/123/540 1437/190/1270
f 1437/190/1270 585/123/540 73/125/72 524/181/488
f 471/191/437 1437/190/1270 524/181/488 5/180/5
f 14/192/14 527/193/69 1438/194/69 479/195/445
f 527/193/69 76/115/69 586/117/69 1438/194/69
f 1438/194/69 586/117/69 74/119/73 525/185/489
f 479/195/445 1438/194/69 525/185/489 13/184/13
f 7/196/7 528/197/491 1439/198/1271 472/199/438
f 528/197/491 77/200/75 587/201/541 1439/198/1271
f 1439/198/1271 587/201/541 75/120/74 526/189/490
f 472/199/438 1439/198/1271 526/189/490 6/188/6
f 15/202/15 529/203/69 1440/204/69 480/205/446
f 529/203/69 78/111/69 588/113/69 1440/204/69
f 1440/204/69 588/113/69 76/115/69 527/193/69
f 480/205/446 1440/204/69 527/193/69 14/192/14
f 8/206/8 530/207/492 1441/208/1272 473/209/439
f 530/207/492 79/210/76 589/211/542 1441/208/1272
f 1441/208/1272 589/211/542 77/200/75 528/197/491
f 473/209/439 1441/208/1272 528/197/491 7/196/7
f 16/149/16 573/148/531 1442/212/69 481/213/447
f 573/148/531 80/106/77 590/109/69 1442/212/69
f 1442/212/69 590/109/69 78/111/69 529/203/69
f 481/213/447 1442/212/69 529/203/69 15/202/15
f 9/158/9 574/157/532 1443/214/1273 474/215/440
f 574/157/532 81/156/78 591/216/543 1443/214/1273
f 1443/214/1273 591/216/543 79/210/76 530/207/492
f 474/215/440 1443/214/1273 530/207/492 8/206/8
f 2/164/2 575/163/533 1444/217/1274 467/218/433
f 575/163/533 82/100/79 592/103/544 1444/217/1274
f 1444/217/1274 592/103/544 83/105/80 576/219/534
f 467/218/433 1444/217/1274 576/219/534 1/220/1
f 26/221/26 625/222/577 1445/223/1275 492/224/458
f 625/222/577 109/225/106 618/226/570 1445/223/1275
f 1445/223/1275 618/226/570 110/227/107 626/228/578
f 492/224/458 1445/223/1275 626/228/578 27/229/27
f 13/184/13 627/230/579 1446/231/1276 479/195/445
f 627/230/579 96/232/93 605/233/557 1446/231/1276
f 1446/231/1276 605/233/557 97/234/94 628/235/580
f 479/195/445 1446/231/1276 628/235/580 14/192/14
f 27/229/27 626/228/578 1447/236/1277 493/237/459
f 626/228/578 110/227/107 619/238/571 1447/236/1277
f 1447/236/1277 619/238/571 111/239/108 629/240/581
f 493/237/459 1447/236/1277 629/240/581 28/241/28
f 14/192/14 628/235/580 1448/242/1278 480/205/446
f 628/235/580 97/234/94 606/243/558 1448/242/1278
f 1448/242/1278 606/243/558 98/244/95 630/245/582
f 480/205/446 1448/242/1278 630/245/582 15/202/15
f 1/220/1 631/246/583 1449/247/1279 467/218/433
f 631/246/583 84/248/81 593/249/545 1449/247/1279
f 1449/247/1279 593/249/545 85/250/82 632/251/584
f 467/218/433 1449/247/1279 632/251/584 2/164/2
f 28/241/28 629/240/581 1450/252/1280 494/253/460
f 629/240/581 111/239/108 620/254/572 1450/252/1280
f 1450/252/1280 620/254/572 112/255/109 633/256/585
f 494/253/460 1450/252/1280 633/256/585 29/257/29
f 15/202/15 630/245/582 1451/258/1281 481/213/447
f 630/245/582 98/244/95 607/259/559 1451/258/1281
f 1451/258/1281 607/259/559 99/260/96 634/261/586
f 481/213/447 1451/258/1281 634/261/586 16/149/16
f 2/164/2 632/251/584 1452/262/1282 468/162/434
f 632/251/584 85/250/82 594/263/546 1452/262/1282
f 1452/262/1282 594/263/546 86/264/83 635/265/587
f 468/162/434 1452/262/1282 635/265/587 3/159/3
f 29/257/29 633/256/585 1453/266/1283 495/267/461
f 633/256/585 112/255/109 621/268/573 1453/266/1283
f 1453/266/1283 621/268/573 113/269/110 636/270/588
f 495/267/461 1453/266/1283 636/270/588 30/271/30
f 16/149/16 634/261/586 1454/272/1284 482/147/448
f 634/261/586 99/260/96 608/273/560 1454/272/1284
f 1454/272/1284 608/273/560 100/274/97 637/275/589
f 482/147/448 1454/272/1284 637/275/589 17/144/17
f 3/159/3 635/265/587 1455/276/1285 469/174/435
f 635/265/587 86/264/83 595/277/547 1455/276/1285
f 1455/276/1285 595/277/547 87/278/84 638/279/590
f 469/174/435 1455/276/1285 638/279/590 4/171/4
f 30/271/30 636/270/588 1456/280/1286 496/281/462
f 636/270/588 113/269/110 622/282/574 1456/280/1286
f 1456/280/1286 622/282/574 114/283/111 639/284/591
f 496/281/462 1456/280/1286 639/284/591 31/285/31
f 17/144/17 637/275/589 1457/286/1287 483/287/449
f 637/275/589 100/274/97 609/288/561 1457/286/1287
f 1457/286/1287 609/288/561 101/289/98 640/290/592
f 483/287/449 1457/286/1287 640/290/592 18/291/18
f 4/171/4 638/279/590 1458/292/1288 470/183/436
f 638/279/590 87/278/84 596/293/548 1458/292/1288
f 1458/292/1288 596/293/548 88/294/85 641/295/593
f 470/183/436 1458/292/1288 641/295/593 5/180/5
f 31/285/31 639/284/591 1459/296/1289 497/297/463
f 639/284/591 114/283/111 623/298/575 1459/296/1289
f 1459/296/1289 623/298/575 115/299/112 642/300/594
f 497/297/463 1459/296/1289 642/300/594 32/301/32
f 18/291/18 640/290/592 1460/302/1290 484/303/450
f 640/290/592 101/289/98 610/304/562 1460/302/1290
f 1460/302/1290 610/304/562 102/305/99 643/306/595
f 484/303/450 1460/302/1290 643/306/595 19/307/19
f 5/180/5 641/295/593 1461/308/1291 471/191/437
f 641/295/593 88/294/85 597/309/549 1461/308/1291
f 1461/308/1291 597/309/549 89/310/86 644/311/596
f 471/191/437 1461/308/1291 644/311/596 6/188/6
f 32/301/32 642/300/594 1462/312/1292 498/313/464
f 642/300/594 115/299/112 624/314/576 1462/312/1292
f 1462/312/1292 624/314/576 84/248/81 631/246/583
f 498/313/464 1462/312/1292 631/246/583 1/220/1
f 19/307/19 643/306/595 1463/315/1293 485/316/451
f 643/306/595 102/305/99 611/317/563 1463/315/1293
f 1463/315/1293 611/317/563 103/318/100 645/319/597
f 485/316/451 1463/315/1293 645/319/597 20/320/20
f 6/188/6 644/311/596 1464/321/1294 472/199/438
f 644/311/596 89/310/86 598/322/550 1464/321/1294
f 1464/321/1294 598/322/550 90/323/87 646/324/598
f 472/199/438 1464/321/1294 646/324/598 7/196/7
f 20/320/20 645/319/597 1465/325/1295 486/326/452
f 645/319/597 103/318/100 612/327/564 1465/325/1295
f 1465/325/1295 612/327/564 104/328/101 647/329/599
f 486/326/452 1465/325/1295 647/329/599 21/330/21
f 7/196/7 646/324/598 1466/331/1296 473/209/439
f 646/324/598 90/323/87 599/332/551 1466/331/1296
f 1466/331/1296 599/332/551 91/333/88 648/334/600
f 473/209/439 1466/331/1296 648/334/600 8/206/8
f 21/330/21 647/329/599 1467/335/1297 487/336/453
f 647/329/599 104/328/101 613/337/565 1467/335/1297
f 1467/335/1297 613/337/565 105/338/102 649/339/601
f 487/336/453 1467/335/1297 649/339/601 22/340/22
f 8/206/8 648/334/600 1468/341/1298 474/215/440
f 648/334/600 91/333/88 600/342/552 1468/341/1298
f 1468/341/1298 600/342/552 92/343/89 650/344/602
f 474/215/440 1468/341/1298 650/344/602 9/158/9
f 22/340/22 649/339/601 1469/345/1299 488/346/454
f 649/339/601 105/338/102 614/347/566 1469/345/1299
f 1469/345/1299 614/347/566 106/348/103 651/349/603
f 488/346/454 1469/345/1299 651/349/603 23/350/23
f 9/158/9 650/344/602 1470/351/1300 475/153/441
f 650/344/602 92/343/89 601/352/553 1470/351/1300
f 1470/351/1300 601/352/553 93/353/90 652/354/604
f 475/153/441 1470/351/1300 652/354/604 10/150/10
f 23/350/23 651/349/603 1471/355/1301 489/356/455
f 651/349/603 106/348/103 615/357/567 1471/355/1301
f 1471/355/1301 615/357/567 107/358/104 653/359/605
f 489/356/455 1471/355/1301 653/359/605 24/360/24
f 10/150/10 652/354/604 1472/361/1302 476/168/442
f 652/354/604 93/353/90 602/362/554 1472/361/1302
f 1472/361/1302 602/362/554 94/363/91 654/364/606
f 476/168/442 1472/361/1302 654/364/606 11/165/11
f 24/360/24 653/359/605 1473/365/1303 490/366/456
f 653/359/605 107/358/104 616/367/568 1473/365/1303
f 1473/365/1303 616/367/568 108/368/105 655/369/607
f 490/366/456 1473/365/1303 655/369/607 25/370/25
f 11/165/11 654/364/606 1474/371/1304 477/178/443
f 654/364/606 94/363/91 603/372/555 1474/371/1304
f 1474/371/1304 603/372/555 95/373/92 656/374/608
f 477/178/443 1474/371/1304 656/374/608 12/175/12
f 25/370/25 655/369/607 1475/375/1305 491/376/457
f 655/369/607 108/368/105 617/377/569 1475/375/1305
f 1475/375/1305 617/377/569 109/225/106 625/222/577
f 491/376/457 1475/375/1305 625/222/577 26/221/26
f 12/175/12 656/374/608 1476/378/1306 478/187/444
f 656/374/608 95/373/92 604/379/556 1476/378/1306
f 1476/378/1306 604/379/556 96/232/93 627/230/579
f 478/187/444 1476/378/1306 627/230/579 13/184/13
f 148/380/138 719/381/656 1477/382/1307 763/383/685
f 719/381/656 122/384/119 663/385/615 1477/382/1307
f 1477/382/1307 663/385/615 123/386/120 689/387/633
f 763/383/685 1477/382/1307 689/387/633 149/388/139
f 150/389/140 720/390/657 1478/391/69 762/392/69
f 720/390/657 136/393/133 677/394/69 1478/391/69
f 1478/391/69 677/394/69 137/395/69 691/396/69
f 762/392/69 1478/391/69 691/396/69 151/397/69
f 149/388/139 689/387/633 1479/398/1308 761/399/684
f 689/387/633 123/386/120 664/400/616 1479/398/1308
f 1479/398/1308 664/400/616 124/401/121 692/402/635
f 761/399/684 1479/398/1308 692/402/635 152/403/141
f 151/397/69 691/396/69 1480/404/69 760/405/69
f 691/396/69 137/395/69 678/406/69 1480/404/69
f 1480/404/69 678/406/69 138/407/69 693/408/69
f 760/405/69 1480/404/69 693/408/69 153/409/69
f 152/403/141 692/402/635 1481/410/1309 759/411/683
f 692/402/635 124/401/121 665/412/617 1481/410/1309
f 1481/410/1309 665/412/617 125/413/122 694/414/636
f 759/411/683 1481/410/1309 694/414/636 154/415/142
f 153/409/69 693/408/69 1482/416/69 758/417/69
f 693/408/69 138/407/69 679/418/69 1482/416/69
f 1482/416/69 679/418/69 139/419/69 695/420/69
f 758/417/69 1482/416/69 695/420/69 155/421/69
f 154/415/142 694/414/636 1483/422/1310 757/423/682
f 694/414/636 125/413/122 666/424/618 1483/422/1310
f 1483/422/1310 666/424/618 126/425/123 696/426/637
f 757/423/682 1483/422/1310 696/426/637 156/427/143
f 155/421/69 695/420/69 1484/428/69 756/429/69
f 695/420/69 139/419/69 680/430/69 1484/428/69
f 1484/428/69 680/430/69 140/431/69 697/432/69
f 756/429/69 1484/428/69 697/432/69 157/433/69
f 156/427/143 696/426/637 1485/434/1311 755/435/681
f 696/426/637 126/425/123 667/436/619 1485/434/1311
f 1485/434/1311 667/436/619 127/437/124 698/438/638
f 755/435/681 1485/434/1311 698/438/638 158/439/144
f 157/433/69 697/432/69 1486/440/69 754/441/69
f 697/432/69 140/431/69 681/442/69 1486/440/69
f 1486/440/69 681/442/69 141/443/69 699/444/69
f 754/441/69 1486/440/69 699/444/69 159/445/69
f 158/439/144 698/438/638 1487/446/1312 753/447/680
f 698/438/638 127/437/124 668/448/620 1487/446/1312
f 1487/446/1312 668/448/620 128/449/125 700/450/639
f 753/447/680 1487/446/1312 700/450/639 160/451/145
f 159/445/69 699/444/69 1488/452/69 752/453/69
f 699/444/69 141/443/69 682/454/69 1488/452/69
f 1488/452/69 682/454/69 142/455/69 701/456/69
f 752/453/69 1488/452/69 701/456/69 161/457/69
f 160/451/145 700/450/639 1489/458/1313 751/459/679
f 700/450/639 128/449/125 669/460/621 1489/458/1313
f 1489/458/1313 669/460/621 129/461/126 702/462/640
f 751/459/679 1489/458/1313 702/462/640 162/463/146
f 161/457/69 701/456/69 1490/464/69 750/465/69
f 701/456/69 142/455/69 683/466/69 1490/464/69
f 1490/464/69 683/466/69 143/467/69 703/468/69
f 750/465/69 1490/464/69 703/468/69 163/469/69
f 162/463/146 702/462/640 1491/470/1314 749/471/678
f 702/462/640 129/461/126 670/472/622 1491/470/1314
f 1491/470/1314 670/472/622 130/473/127 704/474/641
f 749/471/678 1491/470/1314 704/474/641 164/475/147
f 165/476/148 728/477/658 1492/478/1315 748/479/677
f 728/477/658 116/480/113 657/481/609 1492/478/1315
f 1492/478/1315 657/481/609 117/482/114 705/483/642
f 748/479/677 1492/478/1315 705/483/642 166/484/149
f 163/469/69 703/468/69 1493/485/69 747/486/69
f 703/468/69 143/467/69 684/487/69 1493/485/69
f 1493/485/69 684/487/69 144/488/134 706/489/643
f 747/486/69 1493/485/69 706/489/643 167/490/150
f 164/475/147 704/474/641 1494/491/1316 746/492/676
f 704/474/641 130/473/127 671/493/623 1494/491/1316
f 1494/491/1316 671/493/623 131/494/128 707/495/644
f 746/492/676 1494/491/1316 707/495/644 168/496/151
f 166/484/149 705/483/642 1495/497/1317 745/498/675
f 705/483/642 117/482/114 658/499/610 1495/497/1317
f 1495/497/1317 658/499/610 118/500/115 708/501/645
f 745/498/675 1495/497/1317 708/501/645 169/502/152
f 167/490/150 706/489/643 1496/503/1318 744/504/674
f 706/489/643 144/488/134 685/505/629 1496/503/1318
f 1496/503/1318 685/505/629 145/506/135 709/507/646
f 744/504/674 1496/503/1318 709/507/646 170/508/153
f 168/496/151 707/495/644 1497/509/1319 743/510/673
f 707/495/644 131/494/128 672/511/624 1497/509/1319
f 1497/509/1319 672/511/624 132/512/129 710/513/647
f 743/510/673 1497/509/1319 710/513/647 171/514/154
f 169/502/152 708/501/645 1498/515/1320 742/516/672
f 708/501/645 118/500/115 659/517/611 1498/515/1320
f 1498/515/1320 659/517/611 119/518/116 711/519/648
f 742/516/672 1498/515/1320 711/519/648 172/520/155
f 170/508/153 709/507/646 1499/521/1321 741/522/671
f 709/507/646 145/506/135 686/523/630 1499/521/1321
f 1499/521/1321 686/523/630 146/524/136 712/525/649
f 741/522/671 1499/521/1321 712/525/649 173/526/156
f 171/514/154 710/513/647 1500/527/1322 740/528/670
f 710/513/647 132/512/129 673/529/625 1500/527/1322
f 1500/527/1322 673/529/625 133/530/130 713/531/650
f 740/528/670 1500/527/1322 713/531/650 174/532/157
f 172/520/155 711/519/648 1501/533/1323 739/534/669
f 711/519/648 119/518/116 660/535/612 1501/533/1323
f 1501/533/1323 660/535/612 120/536/117 714/537/651
f 739/534/669 1501/533/1323 714/537/651 175/538/158
f 173/526/156 712/525/649 1502/539/1324 738/540/668
f 712/525/649 146/524/136 687/541/631 1502/539/1324
f 1502/539/1324 687/541/631 147/542/137 715/543/652
f 738/540/668 1502/539/1324 715/543/652 176/544/159
f 174/532/157 713/531/650 1503/545/1325 737/546/667
f 713/531/650 133/530/130 674/547/626 1503/545/1325
f 1503/545/1325 674/547/626 134/548/131 716/549/653
f 737/546/667 1503/545/1325 716/549/653 177/550/160
f 175/538/158 714/537/651 1504/551/1326 736/552/666
f 714/537/651 120/536/117 661/553/613 1504/551/1326
f 1504/551/1326 661/553/613 121/554/118 717/555/654
f 736/552/666 1504/551/1326 717/555/654 178/556/161
f 176/544/159 715/543/652 1505/557/1327 735/558/665
f 715/543/652 147/542/137 688/559/632 1505/557/1327
f 1505/557/1327 688/559/632 116/480/113 728/477/658
f 735/558/665 1505/557/1327 728/477/658 165/476/148
f 177/550/160 716/549/653 1506/560/1328 734/561/664
f 716/549/653 134/548/131 675/562/627 1506/560/1328
f 1506/560/1328 675/562/627 135/563/132 718/564/655
f 734/561/664 1506/560/1328 718/564/655 179/565/162
f 178/556/161 717/555/654 1507/566/1329 733/567/663
f 717/555/654 121/554/118 662/568/614 1507/566/1329
f 1507/566/1329 662/568/614 122/384/119 719/381/656
f 733/567/663 1507/566/1329 719/381/656 148/380/138
f 179/565/162 718/564/655 1508/569/1330 732/570/662
f 718/564/655 135/563/132 676/571/628 1508/569/1330
f 1508/569/1330 676/571/628 136/393/133 720/390/657
f 732/570/662 1508/569/1330 720/390/657 150/389/140
f 103/318/100 731/572/661 1509/573/1331 612/327/564
f 731/572/661 179/565/162 732/570/662 1509/573/1331
f 1509/573/1331 732/570/662 150/389/140 690/574/634
f 612/327/564 1509/573/1331 690/574/634 104/328/101
f 112/255/109 729/575/659 1510/576/1332 621/268/573
f 729/575/659 167/490/150 744/504/674 1510/576/1332
f 1510/576/1332 744/504/674 170/508/153 730/577/660
f 621/268/573 1510/576/1332 730/577/660 113/269/110
f 111/239/108 727/578/69 1511/579/69 620/254/572
f 727/578/69 163/469/69 747/486/69 1511/579/69
f 1511/579/69 747/486/69 167/490/150 729/575/659
f 620/254/572 1511/579/69 729/575/659 112/255/109
f 110/227/107 726/580/69 1512/581/69 619/238/571
f 726/580/69 161/457/69 750/465/69 1512/581/69
f 1512/581/69 750/465/69 163/469/69 727/578/69
f 619/238/571 1512/581/69 727/578/69 111/239/108
f 109/225/106 725/582/69 1513/583/69 618/226/570
f 725/582/69 159/445/69 752/453/69 1513/583/69
f 1513/583/69 752/453/69 161/457/69 726/580/69
f 618/226/570 1513/583/69 726/580/69 110/227/107
f 108/368/105 724/584/69 1514/585/69 617/377/569
f 724/584/69 157/433/69 754/441/69 1514/585/69
f 1514/585/69 754/441/69 159/445/69 725/582/69
f 617/377/569 1514/585/69 725/582/69 109/225/106
f 107/358/104 723/586/69 1515/587/69 616/367/568
f 723/586/69 155/421/69 756/429/69 1515/587/69
f 1515/587/69 756/429/69 157/433/69 724/584/69
f 616/367/568 1515/587/69 724/584/69 108/368/105
f 106/348/103 722/588/69 1516/589/69 615/357/567
f 722/588/69 153/409/69 758/417/69 1516/589/69
f 1516/589/69 758/417/69 155/421/69 723/586/69
f 615/357/567 1516/589/69 723/586/69 107/358/104
f 105/338/102 721/590/69 1517/591/69 614/347/566
f 721/590/69 151/397/69 760/405/69 1517/591/69
f 1517/591/69 760/405/69 153/409/69 722/588/69
f 614/347/566 1517/591/69 722/588/69 106/348/103
f 104/328/101 690/574/634 1518/592/69 613/337/565
f 690/574/634 150/389/140 762/392/69 1518/592/69
f 1518/592/69 762/392/69 151/397/69 721/590/69
f 613/337/565 1518/592/69 721/590/69 105/338/102
f 144/488/134 684/487/69 1519/593/69 764/594/69
f 684/487/69 143/467/69 683/466/69 1519/593/69
f 1519/593/69 683/466/69 142/455/69 765/595/69
f 764/594/69 1519/593/69 765/595/69 180/596/69
f 180/596/69 765/595/69 1520/597/69 766/598/69
f 765/595/69 142/455/69 682/454/69 1520/597/69
f 1520/597/69 682/454/69 141/443/69 681/442/69
f 766/598/69 1520/597/69 681/442/69 140/431/69
f 145/506/135 685/505/629 1521/599/69 767/600/69
f 685/505/629 144/488/134 764/594/69 1521/599/69
f 1521/599/69 764/594/69 180/596/69 768/601/69
f 767/600/69 1521/599/69 768/601/69 181/602/69
f 181/602/69 768/601/69 1522/603/69 769/604/69
f 768/601/69 180/596/69 766/598/69 1522/603/69
f 1522/603/69 766/598/69 140/431/69 680/430/69
f 769/604/69 1522/603/69 680/430/69 139/419/69
f 146/524/136 686/523/630 1523/605/69 770/606/69
f 686/523/630 145/506/135 767/600/69 1523/605/69
f 1523/605/69 767/600/69 181/602/69 771/607/69
f 770/606/69 1523/605/69 771/607/69 182/608/69
f 182/608/69 771/607/69 1524/609/69 772/610/69
f 771/607/69 181/602/69 769/604/69 1524/609/69
f 1524/609/69 769/604/69 139/419/69 679/418/69
f 772/610/69 1524/609/69 679/418/69 138/407/69
f 147/542/137 687/541/631 1525/611/69 773/612/69
f 687/541/631 146/524/136 770/606/69 1525/611/69
f 1525/611/69 770/606/69 182/608/69 774/613/69
f 773/612/69 1525/611/69 774/613/69 183/614/69
f 183/614/69 774/613/69 1526/615/69 775/616/69
f 774/613/69 182/608/69 772/610/69 1526/615/69
f 1526/615/69 772/610/69 138/407/69 678/406/69
f 775/616/69 1526/615/69 678/406/69 137/395/69
f 116/480/113 688/559/632 1527/617/69 776/618/69
f 688/559/632 147/542/137 773/612/69 1527/617/69
f 1527/617/69 773/612/69 183/614/69 777/619/69
f 776/618/69 1527/617/69 777/619/69 184/620/69
f 184/620/69 777/619/69 1528/621/69 778/622/69
f 777/619/69 183/614/69 775/616/69 1528/621/69
f 1528/621/69 775/616/69 137/395/69 677/394/69
f 778/622/69 1528/621/69 677/394/69 136/393/133
f 117/482/114 657/481/609 1529/623/69 779/624/69
f 657/481/609 116/480/113 776/618/69 1529/623/69
f 1529/623/69 776/618/69 184/620/69 780/625/69
f 779/624/69 1529/623/69 780/625/69 185/626/69
f 185/626/69 780/625/69 1530/627/69 781/628/69
f 780/625/69 184/620/69 778/622/69 1530/627/69
f 1530/627/69 778/622/69 136/393/133 676/571/628
f 781/628/69 1530/627/69 676/571/628 135/563/132
f 118/500/115 658/499/610 1531/629/69 782/630/69
f 658/499/610 117/482/114 779/624/69 1531/629/69
f 1531/629/69 779/624/69 185/626/69 783/631/69
f 782/630/69 1531/629/69 783/631/69 186/632/69
f 186/632/69 783/631/69 1532/633/69 784/634/69
f 783/631/69 185/626/69 781/628/69 1532/633/69
f 1532/633/69 781/628/69 135/563/132 675/562/627
f 784/634/69 1532/633/69 675/562/627 134/548/131
f 119/518/116 659/517/611 1533/635/69 785/636/69
f 659/517/611 118/500/115 782/630/69 1533/635/69
f 1533/635/69 782/630/69 186/632/69 786/637/69
f 785/636/69 1533/635/69 786/637/69 187/638/69
f 187/638/69 786/637/69 1534/639/69 787/640/69
f 786/637/69 186/632/69 784/634/69 1534/639/69
f 1534/639/69 784/634/69 134/548/131 674/547/626
f 787/640/69 1534/639/69 674/547/626 133/530/130
f 120/536/117 660/535/612 1535/641/69 788/642/69
f 660/535/612 119/518/116 785/636/69 1535/641/69
f 1535/641/69 785/636/69 187/638/69 789/643/69
f 788/642/69 1535/641/69 789/643/69 188/644/69
f 188/644/69 789/643/69 1536/645/69 790/646/69
f 789/643/69 187/638/69 787/640/69 1536/645/69
f 1536/645/69 787/640/69 133/530/130 673/529/625
f 790/646/69 1536/645/69 673/529/625 132/512/129
f 121/554/118 661/553/613 1537/647/69 791/648/69
f 661/553/613 120/536/117 788/642/69 1537/647/69
f 1537/647/69 788/642/69 188/644/69 792/649/69
f 791/648/69 1537/647/69 792/649/69 189/650/69
f 189/650/69 792/649/69 1538/651/69 793/652/69
f 792/649/69 188/644/69 790/646/69 1538/651/69
f 1538/651/69 790/646/69 132/512/129 672/511/624
f 793/652/69 1538/651/69 672/511/624 131/494/128
f 122/384/119 662/568/614 1539/653/69 794/654/69
f 662/568/614 121/554/118 791/648/69 1539/653/69
f 1539/653/69 791/648/69 189/650/69 795/655/69
f 794/654/69 1539/653/69 795/655/69 190/656/69
f 190/656/69 795/655/69 1540/657/69 796/658/69
f 795/655/69 189/650/69 793/652/69 1540/657/69
f 1540/657/69 793/652/69 131/494/128 671/493/623
f 796/658/69 1540/657/69 671/493/623 130/473/127
f 123/386/120 663/385/615 1541/659/69 797/660/69
f 663/385/615 122/384/119 794/654/69 1541/659/69
f 1541/659/69 794/654/69 190/656/69 798/661/69
f 797/660/69 1541/659/69 798/661/69 191/662/69
f 191/662/69 798/661/69 1542/663/69 799/664/69
f 798/661/69 190/656/69 796/658/69 1542/663/69
f 1542/663/69 796/658/69 130/473/127 670/472/622
f 799/664/69 1542/663/69 670/472/622 129/461/126
f 124/401/121 664/400/616 1543/665/69 800/666/69
f 664/400/616 123/386/120 797/660/69 1543/665/69
f 1543/665/69 797/660/69 191/662/69 801/667/69
f 800/666/69 1543/665/69 801/667/69 192/668/69
f 192/668/69 801/667/69 1544/669/69 802/670/69
f 801/667/69 191/662/69 799/664/69 1544/669/69
f 1544/669/69 799/664/69 129/461/126 669/460/621
f 802/670/69 1544/669/69 669/460/621 128/449/125
f 125/413/122 665/412/617 1545/671/69 666/424/618
f 665/412/617 124/401/121 800/666/69 1545/671/69
f 1545/671/69 800/666/69 192/668/69 803/672/69
f 666/424/618 1545/671/69 803/672/69 126/425/123
f 126/425/123 803/672/69 1546/673/69 667/436/619
f 803/672/69 192/668/69 802/670/69 1546/673/69
f 1546/673/69 802/670/69 128/449/125 668/448/620
f 667/436/619 1546/673/69 668/448/620 127/437/124
f 260/674/227 900/675/778 1547/676/1333 870/677/748
f 900/675/778 242/678/212 852/679/734 1547/676/1333
f 1547/676/1333 852/679/734 240/680/210 851/681/733
f 870/677/748 1547/676/1333 851/681/733 241/682/211
f 261/683/228 899/684/777 1548/685/1334 871/686/749
f 899/684/777 244/687/214 854/688/736 1548/685/1334
f 1548/685/1334 854/688/736 233/689/203 844/690/726
f 871/686/749 1548/685/1334 844/690/726 234/691/204
f 263/692/230 898/693/776 1549/694/1335 873/695/751
f 898/693/776 246/696/216 856/697/738 1549/694/1335
f 1549/694/1335 856/697/738 225/698/195 837/699/719
f 873/695/751 1549/694/1335 837/699/719 227/700/197
f 264/701/231 897/702/775 1550/703/1336 874/704/752
f 897/702/775 261/683/228 871/686/749 1550/703/1336
f 1550/703/1336 871/686/749 234/691/204 845/705/727
f 874/704/752 1550/703/1336 845/705/727 235/706/205
f 265/707/232 896/708/774 1551/709/1337 875/710/753
f 896/708/774 263/692/230 873/695/751 1551/709/1337
f 1551/709/1337 873/695/751 227/700/197 838/711/720
f 875/710/753 1551/709/1337 838/711/720 228/712/198
f 266/713/233 895/714/773 1552/715/1338 876/716/754
f 895/714/773 264/701/231 874/704/752 1552/715/1338
f 1552/715/1338 874/704/752 235/706/205 846/717/728
f 876/716/754 1552/715/1338 846/717/728 236/718/206
f 267/719/234 894/720/772 1553/721/1339 877/722/755
f 894/720/772 265/707/232 875/710/753 1553/721/1339
f 1553/721/1339 875/710/753 228/712/198 839/723/721
f 877/722/755 1553/721/1339 839/723/721 229/724/199
f 268/725/235 893/726/771 1554/727/1340 878/728/756
f 893/726/771 266/713/233 876/716/754 1554/727/1340
f 1554/727/1340 876/716/754 236/718/206 847/729/729
f 878/728/756 1554/727/1340 847/729/729 237/730/207
f 269/731/236 892/732/770 1555/733/1341 879/734/757
f 892/732/770 267/719/234 877/722/755 1555/733/1341
f 1555/733/1341 877/722/755 229/724/199 840/735/722
f 879/734/757 1555/733/1341 840/735/722 230/736/200
f 270/737/237 891/738/769 1556/739/1342 880/740/758
f 891/738/769 268/725/235 878/728/756 1556/739/1342
f 1556/739/1342 878/728/756 237/730/207 848/741/730
f 880/740/758 1556/739/1342 848/741/730 238/742/208
f 271/743/238 890/744/768 1557/745/1343 881/746/759
f 890/744/768 269/731/236 879/734/757 1557/745/1343
f 1557/745/1343 879/734/757 230/736/200 841/747/723
f 881/746/759 1557/745/1343 841/747/723 231/748/201
f 272/749/239 889/750/767 1558/751/1344 882/752/760
f 889/750/767 270/737/237 880/740/758 1558/751/1344
f 1558/751/1344 880/740/758 238/742/208 849/753/731
f 882/752/760 1558/751/1344 849/753/731 239/754/209
f 273/755/240 888/756/766 1559/757/1345 883/758/761
f 888/756/766 271/743/238 881/746/759 1559/757/1345
f 1559/757/1345 881/746/759 231/748/201 842/759/724
f 883/758/761 1559/757/1345 842/759/724 232/760/202
f 242/678/212 887/761/765 1560/762/1346 852/679/734
f 887/761/765 272/749/239 882/752/760 1560/762/1346
f 1560/762/1346 882/752/760 239/754/209 850/763/732
f 852/679/734 1560/762/1346 850/763/732 240/680/210
f 244/687/214 886/764/764 1561/765/1347 854/688/736
f 886/764/764 273/755/240 883/758/761 1561/765/1347
f 1561/765/1347 883/758/761 232/760/202 843/766/725
f 854/688/736 1561/765/1347 843/766/725 233/689/203
f 246/696/216 885/767/763 1562/768/1348 856/697/738
f 885/767/763 258/769/225 868/770/746 1562/768/1348
f 1562/768/1348 868/770/746 226/771/196 836/772/718
f 856/697/738 1562/768/1348 836/772/718 225/698/195
f 262/773/229 929/774/797 1563/775/1349 872/776/750
f 929/774/797 274/777/241 884/778/762 1563/775/1349
f 1563/775/1349 884/778/762 258/769/225 885/767/763
f 872/776/750 1563/775/1349 885/767/763 246/696/216
f 259/779/226 927/780/217 1564/781/217 869/782/747
f 927/780/217 256/783/217 909/784/217 1564/781/217
f 1564/781/217 909/784/217 272/749/239 887/761/765
f 869/782/747 1564/781/217 887/761/765 242/678/212
f 256/783/217 925/785/217 1565/786/217 909/784/217
f 925/785/217 254/787/217 908/788/217 1565/786/217
f 1565/786/217 908/788/217 270/737/237 889/750/767
f 909/784/217 1565/786/217 889/750/767 272/749/239
f 254/787/217 923/789/217 1566/790/217 908/788/217
f 923/789/217 252/791/221 906/792/782 1566/790/217
f 1566/790/217 906/792/782 268/725/235 891/738/769
f 908/788/217 1566/790/217 891/738/769 270/737/237
f 253/793/222 922/794/793 1567/795/1350 907/796/783
f 922/794/793 251/797/220 905/798/781 1567/795/1350
f 1567/795/1350 905/798/781 267/719/234 892/732/770
f 907/796/783 1567/795/1350 892/732/770 269/731/236
f 252/791/221 921/799/792 1568/800/1351 906/792/782
f 921/799/792 250/801/219 904/802/780 1568/800/1351
f 1568/800/1351 904/802/780 266/713/233 893/726/771
f 906/792/782 1568/800/1351 893/726/771 268/725/235
f 251/797/220 920/803/217 1569/804/217 905/798/781
f 920/803/217 249/805/217 903/806/217 1569/804/217
f 1569/804/217 903/806/217 265/707/232 894/720/772
f 905/798/781 1569/804/217 894/720/772 267/719/234
f 249/805/217 918/807/217 1570/808/217 903/806/217
f 918/807/217 247/809/217 902/810/217 1570/808/217
f 1570/808/217 902/810/217 263/692/230 896/708/774
f 903/806/217 1570/808/217 896/708/774 265/707/232
f 247/809/217 916/811/217 1571/812/217 902/810/217
f 916/811/217 262/773/229 872/776/750 1571/812/217
f 1571/812/217 872/776/750 246/696/216 898/693/776
f 902/810/217 1571/812/217 898/693/776 263/692/230
f 243/813/213 914/814/788 1572/815/1352 901/816/779
f 914/814/788 259/779/226 869/782/747 1572/815/1352
f 1572/815/1352 869/782/747 242/678/212 900/675/778
f 901/816/779 1572/815/1352 900/675/778 260/674/227
f 209/817/179 819/818/701 1573/819/1353 853/820/735
f 819/818/701 208/821/178 910/822/784 1573/819/1353
f 1573/819/1353 910/822/784 259/779/226 914/814/788
f 853/820/735 1573/819/1353 914/814/788 243/813/213
f 202/823/172 812/824/694 1574/825/1354 855/826/737
f 812/824/694 201/827/171 911/828/785 1574/825/1354
f 1574/825/1354 911/828/785 275/829/242 915/830/789
f 855/826/737 1574/825/1354 915/830/789 245/831/215
f 195/832/165 805/833/687 1575/834/217 857/835/217
f 805/833/687 193/836/163 912/837/786 1575/834/217
f 1575/834/217 912/837/786 262/773/229 916/811/217
f 857/835/217 1575/834/217 916/811/217 247/809/217
f 203/838/173 813/839/695 1576/840/1355 858/841/739
f 813/839/695 202/823/172 855/826/737 1576/840/1355
f 1576/840/1355 855/826/737 245/831/215 917/842/790
f 858/841/739 1576/840/1355 917/842/790 248/843/218
f 196/844/166 806/845/688 1577/846/217 859/847/217
f 806/845/688 195/832/165 857/835/217 1577/846/217
f 1577/846/217 857/835/217 247/809/217 918/807/217
f 859/847/217 1577/846/217 918/807/217 249/805/217
f 204/848/174 814/849/696 1578/850/1356 860/851/740
f 814/849/696 203/838/173 858/841/739 1578/850/1356
f 1578/850/1356 858/841/739 248/843/218 919/852/791
f 860/851/740 1578/850/1356 919/852/791 250/801/219
f 197/853/167 807/854/689 1579/855/217 861/856/741
f 807/854/689 196/844/166 859/847/217 1579/855/217
f 1579/855/217 859/847/217 249/805/217 920/803/217
f 861/856/741 1579/855/217 920/803/217 251/797/220
f 205/857/175 815/858/697 1580/859/1357 862/860/742
f 815/858/697 204/848/174 860/851/740 1580/859/1357
f 1580/859/1357 860/851/740 250/801/219 921/799/792
f 862/860/742 1580/859/1357 921/799/792 252/791/221
f 198/861/168 808/862/690 1581/863/1358 863/864/743
f 808/862/690 197/853/167 861/856/741 1581/863/1358
f 1581/863/1358 861/856/741 251/797/220 922/794/793
f 863/864/743 1581/863/1358 922/794/793 253/793/222
f 206/865/176 816/866/698 1582/867/217 864/868/217
f 816/866/698 205/857/175 862/860/742 1582/867/217
f 1582/867/217 862/860/742 252/791/221 923/789/217
f 864/868/217 1582/867/217 923/789/217 254/787/217
f 199/869/169 809/870/691 1583/871/1359 865/872/744
f 809/870/691 198/861/168 863/864/743 1583/871/1359
f 1583/871/1359 863/864/743 253/793/222 924/873/794
f 865/872/744 1583/871/1359 924/873/794 255/874/223
f 207/875/177 817/876/699 1584/877/217 866/878/217
f 817/876/699 206/865/176 864/868/217 1584/877/217
f 1584/877/217 864/868/217 254/787/217 925/785/217
f 866/878/217 1584/877/217 925/785/217 256/783/217
f 200/879/170 810/880/692 1585/881/1360 867/882/745
f 810/880/692 199/869/169 865/872/744 1585/881/1360
f 1585/881/1360 865/872/744 255/874/223 926/883/795
f 867/882/745 1585/881/1360 926/883/795 257/884/224
f 208/821/178 818/885/700 1586/886/217 910/822/784
f 818/885/700 207/875/177 866/878/217 1586/886/217
f 1586/886/217 866/878/217 256/783/217 927/780/217
f 910/822/784 1586/886/217 927/780/217 259/779/226
f 201/827/171 811/887/693 1587/888/1361 911/828/785
f 811/887/693 200/879/170 867/882/745 1587/888/1361
f 1587/888/1361 867/882/745 257/884/224 928/889/796
f 911/828/785 1587/888/1361 928/889/796 275/829/242
f 193/836/163 804/890/686 1588/891/1362 912/837/786
f 804/890/686 194/892/164 913/893/787 1588/891/1362
f 1588/891/1362 913/893/787 274/777/241 929/774/797
f 912/837/786 1588/891/1362 929/774/797 262/773/229
f 218/894/188 829/895/711 1589/896/1363 962/897/830
f 829/895/711 219/898/189 963/899/831 1589/896/1363
f 1589/896/1363 963/899/831 302/900/269 955/901/823
f 962/897/830 1589/896/1363 955/901/823 301/902/268
f 205/857/175 816/866/698 1590/903/1364 964/904/832
f 816/866/698 206/865/176 965/905/833 1590/903/1364
f 1590/903/1364 965/905/833 289/906/256 942/907/810
f 964/904/832 1590/903/1364 942/907/810 288/908/255
f 219/898/189 830/909/712 1591/910/1365 963/899/831
f 830/909/712 220/911/190 966/912/834 1591/910/1365
f 1591/910/1365 966/912/834 303/913/270 956/914/824
f 963/899/831 1591/910/1365 956/914/824 302/900/269
f 206/865/176 817/876/699 1592/915/1366 965/905/833
f 817/876/699 207/875/177 967/916/835 1592/915/1366
f 1592/915/1366 967/916/835 290/917/257 943/918/811
f 965/905/833 1592/915/1366 943/918/811 289/906/256
f 194/892/164 804/890/686 1593/919/1367 968/920/836
f 804/890/686 193/836/163 969/921/837 1593/919/1367
f 1593/919/1367 969/921/837 276/922/243 930/923/798
f 968/920/836 1593/919/1367 930/923/798 277/924/244
f 220/911/190 831/925/713 1594/926/1368 966/912/834
f 831/925/713 221/927/191 970/928/838 1594/926/1368
f 1594/926/1368 970/928/838 304/929/271 957/930/825
f 966/912/834 1594/926/1368 957/930/825 303/913/270
f 207/875/177 818/885/700 1595/931/1369 967/916/835
f 818/885/700 208/821/178 971/932/839 1595/931/1369
f 1595/931/1369 971/932/839 291/933/258 944/934/812
f 967/916/835 1595/931/1369 944/934/812 290/917/257
f 193/836/163 805/833/687 1596/935/1370 969/921/837
f 805/833/687 195/832/165 972/936/840 1596/935/1370
f 1596/935/1370 972/936/840 278/937/245 931/938/799
f 969/921/837 1596/935/1370 931/938/799 276/922/243
f 221/927/191 832/939/714 1597/940/1371 970/928/838
f 832/939/714 222/941/192 973/942/841 1597/940/1371
f 1597/940/1371 973/942/841 305/943/272 958/944/826
f 970/928/838 1597/940/1371 958/944/826 304/929/271
f 208/821/178 819/818/701 1598/945/1372 971/932/839
f 819/818/701 209/817/179 974/946/842 1598/945/1372
f 1598/945/1372 974/946/842 292/947/259 945/948/813
f 971/932/839 1598/945/1372 945/948/813 291/933/258
f 195/832/165 806/845/688 1599/949/1373 972/936/840
f 806/845/688 196/844/166 975/950/843 1599/949/1373
f 1599/949/1373 975/950/843 279/951/246 932/952/800
f 972/936/840 1599/949/1373 932/952/800 278/937/245
f 222/941/192 833/953/715 1600/954/1374 973/942/841
f 833/953/715 223/955/193 976/956/844 1600/954/1374
f 1600/954/1374 976/956/844 306/957/273 959/958/827
f 973/942/841 1600/954/1374 959/958/827 305/943/272
f 209/817/179 820/959/702 1601/960/1375 974/946/842
f 820/959/702 210/961/180 977/962/845 1601/960/1375
f 1601/960/1375 977/962/845 293/963/260 946/964/814
f 974/946/842 1601/960/1375 946/964/814 292/947/259
f 196/844/166 807/854/689 1602/965/1376 975/950/843
f 807/854/689 197/853/167 978/966/846 1602/965/1376
f 1602/965/1376 978/966/846 280/967/247 933/968/801
f 975/950/843 1602/965/1376 933/968/801 279/951/246
f 223/955/193 834/969/716 1603/970/1377 976/956/844
f 834/969/716 224/971/194 979/972/847 1603/970/1377
f 1603/970/1377 979/972/847 307/973/274 960/974/828
f 976/956/844 1603/970/1377 960/974/828 306/957/273
f 210/961/180 821/975/703 1604/976/1378 977/962/845
f 821/975/703 211/977/181 980/978/848 1604/976/1378
f 1604/976/1378 980/978/848 294/979/261 947/980/815
f 977/962/845 1604/976/1378 947/980/815 293/963/260
f 197/853/167 808/862/690 1605/981/1379 978/966/846
f 808/862/690 198/861/168 981/982/849 1605/981/1379
f 1605/981/1379 981/982/849 281/983/248 934/984/802
f 978/966/846 1605/981/1379 934/984/802 280/967/247
f 224/971/194 835/985/717 1606/986/1380 979/972/847
f 835/985/717 194/892/164 968/920/836 1606/986/1380
f 1606/986/1380 968/920/836 277/924/244 961/987/829
f 979/972/847 1606/986/1380 961/987/829 307/973/274
f 211/977/181 822/988/704 1607/989/1381 980/978/848
f 822/988/704 212/990/182 982/991/850 1607/989/1381
f 1607/989/1381 982/991/850 295/992/262 948/993/816
f 980/978/848 1607/989/1381 948/993/816 294/979/261
f 198/861/168 809/870/691 1608/994/1382 981/982/849
f 809/870/691 199/869/169 983/995/851 1608/994/1382
f 1608/994/1382 983/995/851 282/996/249 935/997/803
f 981/982/849 1608/994/1382 935/997/803 281/983/248
f 212/990/182 823/998/705 1609/999/1383 982/991/850
f 823/998/705 213/1000/183 984/1001/852 1609/999/1383
f 1609/999/1383 984/1001/852 296/1002/263 949/1003/817
f 982/991/850 1609/999/1383 949/1003/817 295/992/262
f 199/869/169 810/880/692 1610/1004/1384 983/995/851
f 810/880/692 200/879/170 985/1005/853 1610/1004/1384
f 1610/1004/1384 985/1005/853 283/1006/250 936/1007/804
f 983/995/851 1610/1004/1384 936/1007/804 282/996/249
f 213/1000/183 824/1008/706 1611/1009/1385 984/1001/852
f 824/1008/706 214/1010/184 986/1011/854 1611/1009/1385
f 1611/1009/1385 986/1011/854 297/1012/264 950/1013/818
f 984/1001/852 1611/1009/1385 950/1013/818 296/1002/263
f 200/879/170 811/887/693 1612/1014/1386 985/1005/853
f 811/887/693 201/827/171 987/1015/855 1612/1014/1386
f 1612/1014/1386 987/1015/855 284/1016/251 937/1017/805
f 985/1005/853 1612/1014/1386 937/1017/805 283/1006/250
f 214/1010/184 825/1018/707 1613/1019/1387 986/1011/854
f 825/1018/707 215/1020/185 988/1021/856 1613/1019/1387
f 1613/1019/1387 988/1021/856 298/1022/265 951/1023/819
f 986/1011/854 1613/1019/1387 951/1023/819 297/1012/264
f 201/827/171 812/824/694 1614/1024/1388 987/1015/855
f 812/824/694 202/823/172 989/1025/857 1614/1024/1388
f 1614/1024/1388 989/1025/857 285/1026/252 938/1027/806
f 987/1015/855 1614/1024/1388 938/1027/806 284/1016/251
f 215/1020/185 826/1028/708 1615/1029/1389 988/1021/856
f 826/1028/708 216/1030/186 990/1031/858 1615/1029/1389
f 1615/1029/1389 990/1031/858 299/1032/266 952/1033/820
f 988/1021/856 1615/1029/1389 952/1033/820 298/1022/265
f 202/823/172 813/839/695 1616/1034/1390 989/1025/857
f 813/839/695 203/838/173 991/1035/859 1616/1034/1390
f 1616/1034/1390 991/1035/859 286/1036/253 939/1037/807
f 989/1025/857 1616/1034/1390 939/1037/807 285/1026/252
f 216/1030/186 827/1038/709 1617/1039/1391 990/1031/858
f 827/1038/709 217/1040/187 992/1041/860 1617/1039/1391
f 1617/1039/1391 992/1041/860 300/1042/267 953/1043/821
f 990/1031/858 1617/1039/1391 953/1043/821 299/1032/266
f 203/838/173 814/849/696 1618/1044/1392 991/1035/859
f 814/849/696 204/848/174 993/1045/861 1618/1044/1392
f 1618/1044/1392 993/1045/861 287/1046/254 940/1047/808
f 991/1035/859 1618/1044/1392 940/1047/808 286/1036/253
f 217/1040/187 828/1048/710 1619/1049/1393 992/1041/860
f 828/1048/710 218/894/188 962/897/830 1619/1049/1393
f 1619/1049/1393 962/897/830 301/902/268 954/1050/822
f 992/1041/860 1619/1049/1393 954/1050/822 300/1042/267
f 204/848/174 815/858/697 1620/1051/1394 993/1045/861
f 815/858/697 205/857/175 964/904/832 1620/1051/1394
f 1620/1051/1394 964/904/832 288/908/255 941/1052/809
f 993/1045/861 1620/1051/1394 941/1052/809 287/1046/254
f 370/1053/337 1100/1054/968 1621/1055/1395 1056/1056/924
f 1100/1054/968 340/1057/307 1026/1058/894 1621/1055/1395
f 1621/1055/1395 1026/1058/894 315/1059/282 1000/1060/868
f 1056/1056/924 1621/1055/1395 1000/1060/868 314/1061/281
f 341/1062/308 1099/1063/967 1622/1064/1396 1057/1065/925
f 1099/1063/967 342/1066/309 1028/1067/896 1622/1064/1396
f 1622/1064/1396 1028/1067/896 329/1068/296 1014/1069/882
f 1057/1065/925 1622/1064/1396 1014/1069/882 328/1070/295
f 340/1057/307 1098/1071/966 1623/1072/1397 1026/1058/894
f 1098/1071/966 343/1073/310 1029/1074/897 1623/1072/1397
f 1623/1072/1397 1029/1074/897 316/1075/283 1001/1076/869
f 1026/1058/894 1623/1072/1397 1001/1076/869 315/1059/282
f 342/1066/309 1097/1077/965 1624/1078/1398 1028/1067/896
f 1097/1077/965 344/1079/311 1030/1080/898 1624/1078/1398
f 1624/1078/1398 1030/1080/898 330/1081/297 1015/1082/883
f 1028/1067/896 1624/1078/1398 1015/1082/883 329/1068/296
f 343/1073/310 1096/1083/964 1625/1084/1399 1029/1074/897
f 1096/1083/964 345/1085/312 1031/1086/899 1625/1084/1399
f 1625/1084/1399 1031/1086/899 317/1087/284 1002/1088/870
f 1029/1074/897 1625/1084/1399 1002/1088/870 316/1075/283
f 344/1079/311 1095/1089/963 1626/1090/1400 1030/1080/898
f 1095/1089/963 346/1091/313 1032/1092/900 1626/1090/1400
f 1626/1090/1400 1032/1092/900 331/1093/298 1016/1094/884
f 1030/1080/898 1626/1090/1400 1016/1094/884 330/1081/297
f 345/1085/312 1094/1095/962 1627/1096/1401 1031/1086/899
f 1094/1095/962 347/1097/314 1033/1098/901 1627/1096/1401
f 1627/1096/1401 1033/1098/901 318/1099/285 1003/1100/871
f 1031/1086/899 1627/1096/1401 1003/1100/871 317/1087/284
f 346/1091/313 1093/1101/961 1628/1102/1402 1032/1092/900
f 1093/1101/961 348/1103/315 1034/1104/902 1628/1102/1402
f 1628/1102/1402 1034/1104/902 332/1105/299 1017/1106/885
f 1032/1092/900 1628/1102/1402 1017/1106/885 331/1093/298
f 347/1097/314 1092/1107/960 1629/1108/1403 1033/1098/901
f 1092/1107/960 349/1109/316 1035/1110/903 1629/1108/1403
f 1629/1108/1403 1035/1110/903 319/1111/286 1004/1112/872
f 1033/1098/901 1629/1108/1403 1004/1112/872 318/1099/285
f 348/1103/315 1091/1113/959 1630/1114/1404 1034/1104/902
f 1091/1113/959 350/1115/317 1036/1116/904 1630/1114/1404
f 1630/1114/1404 1036/1116/904 333/1117/300 1018/1118/886
f 1034/1104/902 1630/1114/1404 1018/1118/886 332/1105/299
f 349/1109/316 1090/1119/958 1631/1120/1405 1035/1110/903
f 1090/1119/958 351/1121/318 1037/1122/905 1631/1120/1405
f 1631/1120/1405 1037/1122/905 320/1123/287 1005/1124/873
f 1035/1110/903 1631/1120/1405 1005/1124/873 319/1111/286
f 350/1115/317 1089/1125/957 1632/1126/1406 1036/1116/904
f 1089/1125/957 352/1127/319 1038/1128/906 1632/1126/1406
f 1632/1126/1406 1038/1128/906 334/1129/301 1019/1130/887
f 1036/1116/904 1632/1126/1406 1019/1130/887 333/1117/300
f 351/1121/318 1088/1131/956 1633/1132/1407 1037/1122/905
f 1088/1131/956 353/1133/320 1039/1134/907 1633/1132/1407
f 1633/1132/1407 1039/1134/907 321/1135/288 1006/1136/874
f 1037/1122/905 1633/1132/1407 1006/1136/874 320/1123/287
f 352/1127/319 1087/1137/955 1634/1138/1408 1038/1128/906
f 1087/1137/955 354/1139/321 1040/1140/908 1634/1138/1408
f 1634/1138/1408 1040/1140/908 335/1141/302 1020/1142/888
f 1038/1128/906 1634/1138/1408 1020/1142/888 334/1129/301
f 353/1133/320 1086/1143/954 1635/1144/1409 1039/1134/907
f 1086/1143/954 355/1145/322 1041/1146/909 1635/1144/1409
f 1635/1144/1409 1041/1146/909 322/1147/289 1007/1148/875
f 1039/1134/907 1635/1144/1409 1007/1148/875 321/1135/288
f 371/1149/338 1085/1150/953 1636/1151/1410 1065/1152/933
f 1085/1150/953 356/1153/323 1042/1154/910 1636/1151/1410
f 1636/1151/1410 1042/1154/910 308/1155/275 994/1156/862
f 1065/1152/933 1636/1151/1410 994/1156/862 309/1157/276
f 354/1139/321 1084/1158/952 1637/1159/1411 1040/1140/908
f 1084/1158/952 357/1160/324 1043/1161/911 1637/1159/1411
f 1637/1159/1411 1043/1161/911 336/1162/303 1021/1163/889
f 1040/1140/908 1637/1159/1411 1021/1163/889 335/1141/302
f 355/1145/322 1083/1164/951 1638/1165/1412 1041/1146/909
f 1083/1164/951 358/1166/325 1044/1167/912 1638/1165/1412
f 1638/1165/1412 1044/1167/912 323/1168/290 1008/1169/876
f 1041/1146/909 1638/1165/1412 1008/1169/876 322/1147/289
f 356/1153/323 1082/1170/950 1639/1171/1413 1042/1154/910
f 1082/1170/950 359/1172/326 1045/1173/913 1639/1171/1413
f 1639/1171/1413 1045/1173/913 310/1174/277 995/1175/863
f 1042/1154/910 1639/1171/1413 995/1175/863 308/1155/275
f 357/1160/324 1081/1176/949 1640/1177/1414 1043/1161/911
f 1081/1176/949 360/1178/327 1046/1179/914 1640/1177/1414
f 1640/1177/1414 1046/1179/914 337/1180/304 1022/1181/890
f 1043/1161/911 1640/1177/1414 1022/1181/890 336/1162/303
f 358/1166/325 1080/1182/948 1641/1183/1415 1044/1167/912
f 1080/1182/948 361/1184/328 1047/1185/915 1641/1183/1415
f 1641/1183/1415 1047/1185/915 324/1186/291 1009/1187/877
f 1044/1167/912 1641/1183/1415 1009/1187/877 323/1168/290
f 359/1172/326 1079/1188/947 1642/1189/1416 1045/1173/913
f 1079/1188/947 362/1190/329 1048/1191/916 1642/1189/1416
f 1642/1189/1416 1048/1191/916 311/1192/278 996/1193/864
f 1045/1173/913 1642/1189/1416 996/1193/864 310/1174/277
f 360/1178/327 1078/1194/946 1643/1195/1417 1046/1179/914
f 1078/1194/946 363/1196/330 1049/1197/917 1643/1195/1417
f 1643/1195/1417 1049/1197/917 338/1198/305 1023/1199/891
f 1046/1179/914 1643/1195/1417 1023/1199/891 337/1180/304
f 361/1184/328 1077/1200/945 1644/1201/1418 1047/1185/915
f 1077/1200/945 364/1202/331 1050/1203/918 1644/1201/1418
f 1644/1201/1418 1050/1203/918 325/1204/292 1010/1205/878
f 1047/1185/915 1644/1201/1418 1010/1205/878 324/1186/291
f 362/1190/329 1076/1206/944 1645/1207/1419 1048/1191/916
f 1076/1206/944 365/1208/332 1051/1209/919 1645/1207/1419
f 1645/1207/1419 1051/1209/919 312/1210/279 997/1211/865
f 1048/1191/916 1645/1207/1419 997/1211/865 311/1192/278
f 363/1196/330 1075/1212/943 1646/1213/1420 1049/1197/917
f 1075/1212/943 366/1214/333 1052/1215/920 1646/1213/1420
f 1646/1213/1420 1052/1215/920 339/1216/306 1024/1217/892
f 1049/1197/917 1646/1213/1420 1024/1217/892 338/1198/305
f 364/1202/331 1074/1218/942 1647/1219/1421 1050/1203/918
f 1074/1218/942 367/1220/334 1053/1221/921 1647/1219/1421
f 1647/1219/1421 1053/1221/921 326/1222/293 1011/1223/879
f 1050/1203/918 1647/1219/1421 1011/1223/879 325/1204/292
f 365/1208/332 1073/1224/941 1648/1225/1422 1051/1209/919
f 1073/1224/941 368/1226/335 1054/1227/922 1648/1225/1422
f 1648/1225/1422 1054/1227/922 313/1228/280 998/1229/866
f 1051/1209/919 1648/1225/1422 998/1229/866 312/1210/279
f 366/1214/333 1072/1230/940 1649/1231/1423 1052/1215/920
f 1072/1230/940 371/1149/338 1065/1152/933 1649/1231/1423
f 1649/1231/1423 1065/1152/933 309/1157/276 1025/1232/893
f 1052/1215/920 1649/1231/1423 1025/1232/893 339/1216/306
f 367/1220/334 1071/1233/939 1650/1234/1424 1053/1221/921
f 1071/1233/939 369/1235/336 1055/1236/923 1650/1234/1424
f 1650/1234/1424 1055/1236/923 327/1237/294 1012/1238/880
f 1053/1221/921 1650/1234/1424 1012/1238/880 326/1222/293
f 368/1226/335 1070/1239/938 1651/1240/1425 1054/1227/922
f 1070/1239/938 370/1053/337 1056/1056/924 1651/1240/1425
f 1651/1240/1425 1056/1056/924 314/1061/281 999/1241/867
f 1054/1227/922 1651/1240/1425 999/1241/867 313/1228/280
f 369/1235/336 1069/1242/937 1652/1243/1426 1055/1236/923
f 1069/1242/937 341/1062/308 1057/1065/925 1652/1243/1426
f 1652/1243/1426 1057/1065/925 328/1070/295 1013/1244/881
f 1055/1236/923 1652/1243/1426 1013/1244/881 327/1237/294
f 295/992/262 949/1003/817 1653/1245/1427 1068/1246/936
f 949/1003/817 296/1002/263 1027/1247/895 1653/1245/1427
f 1653/1245/1427 1027/1247/895 341/1062/308 1069/1242/937
f 1068/1246/936 1653/1245/1427 1069/1242/937 369/1235/336
f 304/929/271 958/944/826 1654/1248/1428 1066/1249/934
f 958/944/826 305/943/272 1067/1250/935 1654/1248/1428
f 1654/1248/1428 1067/1250/935 360/1178/327 1081/1176/949
f 1066/1249/934 1654/1248/1428 1081/1176/949 357/1160/324
f 298/1022/265 952/1033/820 1655/1251/1429 1396/1252/1238
f 952/1033/820 299/1032/266 1397/1253/1239 1655/1251/1429
f 1655/1251/1429 1397/1253/1239 452/1254/418 1369/1255/1211
f 1396/1252/1238 1655/1251/1429 1369/1255/1211 451/1256/417
f 297/1012/264 951/1023/819 1656/1257/1430 1060/1258/928
f 951/1023/819 298/1022/265 1396/1252/1238 1656/1257/1430
f 1656/1257/1430 1396/1252/1238 451/1256/417 1368/1259/1210
f 1060/1258/928 1656/1257/1430 1368/1259/1210 449/1260/415
f 342/1066/309 1099/1063/967 1657/1261/1431 1064/1262/932
f 1099/1063/967 341/1062/308 1395/1263/1237 1657/1261/1431
f 1657/1261/1431 1395/1263/1237 458/1264/424 1391/1265/1233
f 1064/1262/932 1657/1261/1431 1391/1265/1233 459/1266/425
f 357/1160/324 1084/1158/952 1658/1267/1432 1394/1268/1236
f 1084/1158/952 354/1139/321 1393/1269/1235 1658/1267/1432
f 1658/1267/1432 1393/1269/1235 465/1270/431 1384/1271/1226
f 1394/1268/1236 1658/1267/1432 1384/1271/1226 466/1272/432
f 350/1115/317 1091/1113/959 1659/1273/1433 1392/1274/1234
f 1091/1113/959 348/1103/315 1058/1275/926 1659/1273/1433
f 1659/1273/1433 1058/1275/926 462/1276/428 1387/1277/1229
f 1392/1274/1234 1659/1273/1433 1387/1277/1229 463/1278/429
f 296/1002/263 950/1013/818 1660/1279/1434 1059/1280/927
f 950/1013/818 297/1012/264 1060/1258/928 1660/1279/1434
f 1660/1279/1434 1060/1258/928 449/1260/415 1367/1281/1209
f 1059/1280/927 1660/1279/1434 1367/1281/1209 450/1282/416
f 303/913/270 957/930/825 1661/1283/1435 1061/1284/929
f 957/930/825 304/929/271 1062/1285/930 1661/1283/1435
f 1661/1283/1435 1062/1285/930 457/1286/423 1374/1287/1216
f 1061/1284/929 1661/1283/1435 1374/1287/1216 456/1288/422
f 344/1079/311 1097/1077/965 1662/1289/1436 1063/1290/931
f 1097/1077/965 342/1066/309 1064/1262/932 1662/1289/1436
f 1662/1289/1436 1064/1262/932 459/1266/425 1390/1291/1232
f 1063/1290/931 1662/1289/1436 1390/1291/1232 460/1292/426
f 421/1293/387 1366/1294/1208 1663/1295/1437 1105/1296/973
f 1366/1294/1208 418/1297/384 1102/1298/970 1663/1295/1437
f 1663/1295/1437 1102/1298/970 377/1299/344 1235/1300/1081
f 1105/1296/973 1663/1295/1437 1235/1300/1081 376/1301/343
f 422/1302/388 1365/1303/1207 1664/1304/1438 1106/1305/974
f 1365/1303/1207 419/1306/385 1103/1307/971 1664/1304/1438
f 1664/1304/1438 1103/1307/971 390/1308/357 1248/1309/1094
f 1106/1305/974 1664/1304/1438 1248/1309/1094 389/1310/356
f 423/1311/389 1364/1312/1206 1665/1313/1439 1107/1314/975
f 1364/1312/1206 420/1315/386 1104/1316/972 1665/1313/1439
f 1665/1313/1439 1104/1316/972 403/1317/370 1261/1318/1107
f 1107/1314/975 1665/1313/1439 1261/1318/1107 402/1319/369
f 424/1320/390 1363/1321/1205 1666/1322/1440 1108/1323/976
f 1363/1321/1205 421/1293/387 1105/1296/973 1666/1322/1440
f 1666/1322/1440 1105/1296/973 376/1301/343 1234/1324/1080
f 1108/1323/976 1666/1322/1440 1234/1324/1080 375/1325/342
f 425/1326/391 1362/1327/1204 1667/1328/1441 1109/1329/977
f 1362/1327/1204 422/1302/388 1106/1305/974 1667/1328/1441
f 1667/1328/1441 1106/1305/974 389/1310/356 1247/1330/1093
f 1109/1329/977 1667/1328/1441 1247/1330/1093 388/1331/355
f 426/1332/392 1361/1333/1203 1668/1334/1442 1110/1335/978
f 1361/1333/1203 423/1311/389 1107/1314/975 1668/1334/1442
f 1668/1334/1442 1107/1314/975 402/1319/369 1260/1336/1106
f 1110/1335/978 1668/1334/1442 1260/1336/1106 401/1337/368
f 427/1338/393 1360/1339/1202 1669/1340/1443 1111/1341/979
f 1360/1339/1202 424/1320/390 1108/1323/976 1669/1340/1443
f 1669/1340/1443 1108/1323/976 375/1325/342 1233/1342/1079
f 1111/1341/979 1669/1340/1443 1233/1342/1079 374/1343/341
f 428/1344/394 1359/1345/1201 1670/1346/1444 1112/1347/980
f 1359/1345/1201 425/1326/391 1109/1329/977 1670/1346/1444
f 1670/1346/1444 1109/1329/977 388/1331/355 1246/1348/1092
f 1112/1347/980 1670/1346/1444 1246/1348/1092 387/1349/354
f 429/1350/395 1358/1351/1200 1671/1352/1445 1113/1353/981
f 1358/1351/1200 426/1332/392 1110/1335/978 1671/1352/1445
f 1671/1352/1445 1110/1335/978 401/1337/368 1259/1354/1105
f 1113/1353/981 1671/1352/1445 1259/1354/1105 400/1355/367
f 431/1356/397 1357/1357/1199 1672/1358/1446 1115/1359/983
f 1357/1357/1199 427/1338/393 1111/1341/979 1672/1358/1446
f 1672/1358/1446 1111/1341/979 374/1343/341 1232/1360/1078
f 1115/1359/983 1672/1358/1446 1232/1360/1078 372/1361/339
f 432/1362/398 1356/1363/1198 1673/1364/1447 1116/1365/984
f 1356/1363/1198 428/1344/394 1112/1347/980 1673/1364/1447
f 1673/1364/1447 1112/1347/980 387/1349/354 1245/1366/1091
f 1116/1365/984 1673/1364/1447 1245/1366/1091 386/1367/353
f 433/1368/399 1355/1369/1197 1674/1370/1448 1117/1371/985
f 1355/1369/1197 429/1350/395 1113/1353/981 1674/1370/1448
f 1674/1370/1448 1113/1353/981 400/1355/367 1258/1372/1104
f 1117/1371/985 1674/1370/1448 1258/1372/1104 399/1373/366
f 430/1374/396 1354/1375/1196 1675/1376/1449 1316/1377/1158
f 1354/1375/1196 431/1356/397 1115/1359/983 1675/1376/1449
f 1675/1376/1449 1115/1359/983 372/1361/339 1231/1378/1077
f 1316/1377/1158 1675/1376/1449 1231/1378/1077 373/1379/340
f 434/1380/400 1353/1381/1195 1676/1382/1450 1118/1383/986
f 1353/1381/1195 432/1362/398 1116/1365/984 1676/1382/1450
f 1676/1382/1450 1116/1365/984 386/1367/353 1244/1384/1090
f 1118/1383/986 1676/1382/1450 1244/1384/1090 385/1385/352
f 435/1386/401 1352/1387/1194 1677/1388/1451 1119/1389/987
f 1352/1387/1194 433/1368/399 1117/1371/985 1677/1388/1451
f 1677/1388/1451 1117/1371/985 399/1373/366 1257/1390/1103
f 1119/1389/987 1677/1388/1451 1257/1390/1103 398/1391/365
f 436/1392/402 1351/1393/1193 1678/1394/1452 1120/1395/988
f 1351/1393/1193 434/1380/400 1118/1383/986 1678/1394/1452
f 1678/1394/1452 1118/1383/986 385/1385/352 1243/1396/1089
f 1120/1395/988 1678/1394/1452 1243/1396/1089 384/1397/351
f 437/1398/403 1350/1399/1192 1679/1400/1453 1121/1401/989
f 1350/1399/1192 435/1386/401 1119/1389/987 1679/1400/1453
f 1679/1400/1453 1119/1389/987 398/1391/365 1256/1402/1102
f 1121/1401/989 1679/1400/1453 1256/1402/1102 397/1403/364
f 438/1404/404 1349/1405/1191 1680/1406/1454 1122/1407/990
f 1349/1405/1191 436/1392/402 1120/1395/988 1680/1406/1454
f 1680/1406/1454 1120/1395/988 384/1397/351 1242/1408/1088
f 1122/1407/990 1680/1406/1454 1242/1408/1088 383/1409/350
f 439/1410/405 1348/1411/1190 1681/1412/1455 1123/1413/991
f 1348/1411/1190 437/1398/403 1121/1401/989 1681/1412/1455
f 1681/1412/1455 1121/1401/989 397/1403/364 1255/1414/1101
f 1123/1413/991 1681/1412/1455 1255/1414/1101 396/1415/363
f 440/1416/406 1347/1417/1189 1682/1418/1456 1124/1419/992
f 1347/1417/1189 438/1404/404 1122/1407/990 1682/1418/1456
f 1682/1418/1456 1122/1407/990 383/1409/350 1241/1420/1087
f 1124/1419/992 1682/1418/1456 1241/1420/1087 382/1421/349
f 441/1422/407 1346/1423/1188 1683/1424/1457 1125/1425/993
f 1346/1423/1188 439/1410/405 1123/1413/991 1683/1424/1457
f 1683/1424/1457 1123/1413/991 396/1415/363 1254/1426/1100
f 1125/1425/993 1683/1424/1457 1254/1426/1100 395/1427/362
f 442/1428/408 1345/1429/1187 1684/1430/1458 1126/1431/994
f 1345/1429/1187 440/1416/406 1124/1419/992 1684/1430/1458
f 1684/1430/1458 1124/1419/992 382/1421/349 1240/1432/1086
f 1126/1431/994 1684/1430/1458 1240/1432/1086 381/1433/348
f 443/1434/409 1344/1435/1186 1685/1436/1459 1127/1437/995
f 1344/1435/1186 441/1422/407 1125/1425/993 1685/1436/1459
f 1685/1436/1459 1125/1425/993 395/1427/362 1253/1438/1099
f 1127/1437/995 1685/1436/1459 1253/1438/1099 394/1439/361
f 444/1440/410 1343/1441/1185 1686/1442/1460 1128/1443/996
f 1343/1441/1185 442/1428/408 1126/1431/994 1686/1442/1460
f 1686/1442/1460 1126/1431/994 381/1433/348 1239/1444/1085
f 1128/1443/996 1686/1442/1460 1239/1444/1085 380/1445/347
f 446/1446/412 1342/1447/1184 1687/1448/1461 1130/1449/998
f 1342/1447/1184 443/1434/409 1127/1437/995 1687/1448/1461
f 1687/1448/1461 1127/1437/995 394/1439/361 1252/1450/1098
f 1130/1449/998 1687/1448/1461 1252/1450/1098 393/1451/360
f 448/1452/414 1341/1453/1183 1688/1454/1462 1132/1455/1000
f 1341/1453/1183 444/1440/410 1128/1443/996 1688/1454/1462
f 1688/1454/1462 1128/1443/996 380/1445/347 1238/1456/1084
f 1132/1455/1000 1688/1454/1462 1238/1456/1084 379/1457/346
f 445/1458/411 1340/1459/1182 1689/1460/1463 1331/1461/1173
f 1340/1459/1182 446/1446/412 1130/1449/998 1689/1460/1463
f 1689/1460/1463 1130/1449/998 393/1451/360 1251/1462/1097
f 1331/1461/1173 1689/1460/1463 1251/1462/1097 392/1463/359
f 447/1464/413 1339/1465/1181 1690/1466/1464 1333/1467/1175
f 1339/1465/1181 448/1452/414 1132/1455/1000 1690/1466/1464
f 1690/1466/1464 1132/1455/1000 379/1457/346 1237/1468/1083
f 1333/1467/1175 1690/1466/1464 1237/1468/1083 378/1469/345
f 75/120/74 587/201/541 1691/1470/1465 1134/1471/1002
f 587/201/541 77/200/75 1133/1472/1001 1691/1470/1465
f 1691/1473/1465 1133/1474/1001 255/874/223 924/873/794
f 1134/1475/1002 1691/1473/1465 924/873/794 253/793/222
f 43/32/43 509/45/475 1692/1476/1466 1136/1477/1004
f 509/45/475 44/44/44 1135/1478/1003 1692/1476/1466
f 1692/1479/1466 1135/1480/1003 236/718/206 846/717/728
f 1136/1481/1004 1692/1479/1466 846/717/728 235/706/205
f 166/484/149 745/498/675 1693/1482/1467 1138/1483/1006
f 745/498/675 169/502/152 1137/1484/1005 1693/1482/1467
f 1693/1485/1467 1137/1486/1005 359/1172/326 1082/1170/950
f 1138/1487/1006 1693/1485/1467 1082/1170/950 356/1153/323
f 17/144/17 483/287/449 1694/1488/1468 1140/1489/1008
f 483/287/449 18/291/18 1139/1490/1007 1694/1488/1468
f 1694/1491/1468 1139/1492/1007 210/961/180 820/959/702
f 1140/1493/1008 1694/1491/1468 820/959/702 209/817/179
f 53/10/53 562/13/524 1695/1494/1469 1142/1495/1010
f 562/13/524 52/18/52 1141/1496/1009 1695/1494/1469
f 1695/1497/1469 1141/1498/1009 244/687/214 899/684/777
f 1142/1499/1010 1695/1497/1469 899/684/777 261/683/228
f 44/44/44 510/57/476 1696/1500/1470 1135/1478/1003
f 510/57/476 45/56/45 1143/1501/1011 1696/1500/1470
f 1696/1502/1470 1143/1503/1011 237/730/207 847/729/729
f 1135/1480/1003 1696/1502/1470 847/729/729 236/718/206
f 164/475/147 746/492/676 1697/1504/1471 1145/1505/1013
f 746/492/676 168/496/151 1144/1506/1012 1697/1504/1471
f 1697/1507/1471 1144/1508/1012 358/1166/325 1083/1164/951
f 1145/1509/1013 1697/1507/1471 1083/1164/951 355/1145/322
f 18/291/18 484/303/450 1698/1510/1472 1139/1490/1007
f 484/303/450 19/307/19 1146/1511/1014 1698/1510/1472
f 1698/1512/1472 1146/1513/1014 211/977/181 821/975/703
f 1139/1492/1007 1698/1512/1472 821/975/703 210/961/180
f 77/200/75 589/211/542 1699/1514/1473 1133/1472/1001
f 589/211/542 79/210/76 1147/1515/1015 1699/1514/1473
f 1699/1516/1473 1147/1517/1015 257/884/224 926/883/795
f 1133/1474/1001 1699/1516/1473 926/883/795 255/874/223
f 45/56/45 511/69/477 1700/1518/1474 1143/1501/1011
f 511/69/477 46/68/46 1148/1519/1016 1700/1518/1474
f 1700/1520/1474 1148/1521/1016 238/742/208 848/741/730
f 1143/1503/1011 1700/1520/1474 848/741/730 237/730/207
f 19/307/19 485/316/451 1701/1522/1475 1146/1511/1014
f 485/316/451 20/320/20 1149/1523/1017 1701/1522/1475
f 1701/1524/1475 1149/1525/1017 212/990/182 822/988/704
f 1146/1513/1014 1701/1524/1475 822/988/704 211/977/181
f 51/1/51 564/141/526 1702/1526/1029 1151/1527/1019
f 564/141/526 67/140/67 1150/1528/1018 1702/1526/1029
f 1702/1529/1029 1150/1530/1018 243/813/213 901/816/779
f 1151/1531/1019 1702/1529/1029 901/816/779 260/674/227
f 46/68/46 512/81/478 1703/1532/1476 1148/1519/1016
f 512/81/478 47/80/47 1152/1533/1020 1703/1532/1476
f 1703/1534/1476 1152/1535/1020 239/754/209 849/753/731
f 1148/1521/1016 1703/1534/1476 849/753/731 238/742/208
f 165/476/148 748/479/677 1704/1536/1477 1153/1537/1021
f 748/479/677 166/484/149 1138/1483/1006 1704/1536/1477
f 1704/1538/1477 1138/1487/1006 356/1153/323 1085/1150/953
f 1153/1539/1021 1704/1538/1477 1085/1150/953 371/1149/338
f 20/320/20 486/326/452 1705/1540/1478 1149/1523/1017
f 486/326/452 21/330/21 1154/1541/1022 1705/1540/1478
f 1705/1542/1478 1154/1543/1022 213/1000/183 823/998/705
f 1149/1525/1017 1705/1542/1478 823/998/705 212/990/182
f 79/210/76 591/216/543 1706/1544/1479 1147/1515/1015
f 591/216/543 81/156/78 1155/1545/1023 1706/1544/1479
f 1706/1546/1479 1155/1547/1023 275/829/242 928/889/796
f 1147/1517/1015 1706/1546/1479 928/889/796 257/884/224
f 47/80/47 513/90/479 1707/1548/1480 1152/1533/1020
f 513/90/479 48/7/48 1156/1549/1024 1707/1548/1480
f 1707/1550/1480 1156/1551/1024 240/680/210 850/763/732
f 1152/1535/1020 1707/1550/1480 850/763/732 239/754/209
f 162/463/146 749/471/678 1708/1552/1481 1157/1553/1025
f 749/471/678 164/475/147 1145/1505/1013 1708/1552/1481
f 1708/1554/1481 1145/1509/1013 355/1145/322 1086/1143/954
f 1157/1555/1025 1708/1554/1481 1086/1143/954 353/1133/320
f 21/330/21 487/336/453 1709/1556/1482 1154/1541/1022
f 487/336/453 22/340/22 1158/1557/1026 1709/1556/1482
f 1709/1558/1482 1158/1559/1026 214/1010/184 824/1008/706
f 1154/1543/1022 1709/1558/1482 824/1008/706 213/1000/183
f 48/7/48 514/6/480 1710/1560/1483 1156/1549/1024
f 514/6/480 49/5/49 1159/1561/1027 1710/1560/1483
f 1710/1562/1483 1159/1563/1027 241/682/211 851/681/733
f 1156/1551/1024 1710/1562/1483 851/681/733 240/680/210
f 22/340/22 488/346/454 1711/1564/1484 1158/1557/1026
f 488/346/454 23/350/23 1160/1565/1028 1711/1564/1484
f 1711/1566/1484 1160/1567/1028 215/1020/185 825/1018/707
f 1158/1559/1026 1711/1566/1484 825/1018/707 214/1010/184
f 85/250/82 593/249/545 1712/1568/1485 1162/1569/1030
f 593/249/545 84/248/81 1161/1570/1029 1712/1568/1485
f 1712/1571/1485 1161/1572/1029 277/924/244 930/923/798
f 1162/1573/1030 1712/1571/1485 930/923/798 276/922/243
f 72/129/71 567/128/527 1713/1574/1486 1164/1575/1032
f 567/128/527 58/40/58 1163/1576/1031 1713/1574/1486
f 1713/1577/1486 1163/1578/1031 266/713/233 904/802/780
f 1164/1579/1032 1713/1577/1486 904/802/780 250/801/219
f 160/451/145 751/459/679 1714/1580/1487 1165/1581/1033
f 751/459/679 162/463/146 1157/1553/1025 1714/1580/1487
f 1714/1582/1487 1157/1555/1025 353/1133/320 1088/1131/956
f 1165/1583/1033 1714/1582/1487 1088/1131/956 351/1121/318
f 23/350/23 489/356/455 1715/1584/1488 1160/1565/1028
f 489/356/455 24/360/24 1166/1585/1034 1715/1584/1488
f 1715/1586/1488 1166/1587/1034 216/1030/186 826/1028/708
f 1160/1567/1028 1715/1586/1488 826/1028/708 215/1020/185
f 86/264/83 594/263/546 1716/1588/1472 1167/1589/1014
f 594/263/546 85/250/82 1162/1569/1030 1716/1588/1472
f 1716/1590/1472 1162/1573/1030 276/922/243 931/938/799
f 1167/1591/1014 1716/1590/1472 931/938/799 278/937/245
f 67/140/67 516/145/482 1717/1592/1489 1150/1528/1018
f 516/145/482 17/144/17 1140/1489/1008 1717/1592/1489
f 1717/1593/1489 1140/1493/1008 209/817/179 853/820/735
f 1150/1530/1018 1717/1593/1489 853/820/735 243/813/213
f 24/360/24 490/366/456 1718/1594/1490 1166/1585/1034
f 490/366/456 25/370/25 1168/1595/1009 1718/1594/1490
f 1718/1596/1490 1168/1597/1009 217/1040/187 827/1038/709
f 1166/1587/1034 1718/1596/1490 827/1038/709 216/1030/186
f 87/278/84 595/277/547 1719/1598/1475 1169/1599/1017
f 595/277/547 86/264/83 1167/1589/1014 1719/1598/1475
f 1719/1600/1475 1167/1591/1014 278/937/245 932/952/800
f 1169/1601/1017 1719/1600/1475 932/952/800 279/951/246
f 158/439/144 753/447/680 1720/1602/1491 1170/1603/1035
f 753/447/680 160/451/145 1165/1581/1033 1720/1602/1491
f 1720/1604/1491 1165/1583/1033 351/1121/318 1090/1119/958
f 1170/1605/1035 1720/1604/1491 1090/1119/958 349/1109/316
f 114/283/111 622/282/574 1721/1606/1492 1172/1607/1037
f 622/282/574 113/269/110 1171/1608/1036 1721/1606/1492
f 1721/1609/1492 1171/1610/1036 305/943/272 959/958/827
f 1172/1611/1037 1721/1609/1492 959/958/827 306/957/273
f 25/370/25 491/376/457 1722/1612/1493 1168/1595/1009
f 491/376/457 26/221/26 1173/1613/1038 1722/1612/1493
f 1722/1614/1493 1173/1615/1038 218/894/188 828/1048/710
f 1168/1597/1009 1722/1614/1493 828/1048/710 217/1040/187
f 88/294/85 596/293/548 1723/1616/1478 1174/1617/1022
f 596/293/548 87/278/84 1169/1599/1017 1723/1616/1478
f 1723/1618/1478 1169/1601/1017 279/951/246 933/968/801
f 1174/1619/1022 1723/1618/1478 933/968/801 280/967/247
f 61/58/61 570/121/530 1724/1620/1494 1175/1621/1039
f 570/121/530 75/120/74 1134/1471/1002 1724/1620/1494
f 1724/1622/1494 1134/1475/1002 253/793/222 907/796/783
f 1175/1623/1039 1724/1622/1494 907/796/783 269/731/236
f 115/299/112 623/298/575 1725/1624/1471 1176/1625/1012
f 623/298/575 114/283/111 1172/1607/1037 1725/1624/1471
f 1725/1626/1471 1172/1611/1037 306/957/273 960/974/828
f 1176/1627/1012 1725/1626/1471 960/974/828 307/973/274
f 26/221/26 492/224/458 1726/1628/1495 1173/1613/1038
f 492/224/458 27/229/27 1177/1629/1040 1726/1628/1495
f 1726/1630/1495 1177/1631/1040 219/898/189 829/895/711
f 1173/1615/1038 1726/1630/1495 829/895/711 218/894/188
f 89/310/86 597/309/549 1727/1632/1482 1178/1633/1026
f 597/309/549 88/294/85 1174/1617/1022 1727/1632/1482
f 1727/1634/1482 1174/1619/1022 280/967/247 934/984/802
f 1178/1635/1026 1727/1634/1482 934/984/802 281/983/248
f 156/427/143 755/435/681 1728/1636/1496 1179/1637/1041
f 755/435/681 158/439/144 1170/1603/1035 1728/1636/1496
f 1728/1638/1496 1170/1605/1035 349/1109/316 1092/1107/960
f 1179/1639/1041 1728/1638/1496 1092/1107/960 347/1097/314
f 84/248/81 624/314/576 1729/1640/1497 1161/1570/1029
f 624/314/576 115/299/112 1176/1625/1012 1729/1640/1497
f 1729/1641/1497 1176/1627/1012 307/973/274 961/987/829
f 1161/1572/1029 1729/1641/1497 961/987/829 277/924/244
f 27/229/27 493/237/459 1730/1642/1498 1177/1629/1040
f 493/237/459 28/241/28 1180/1643/1042 1730/1642/1498
f 1730/1644/1498 1180/1645/1042 220/911/190 830/909/712
f 1177/1631/1040 1730/1644/1498 830/909/712 219/898/189
f 90/323/87 598/322/550 1731/1646/1484 1181/1647/1028
f 598/322/550 89/310/86 1178/1633/1026 1731/1646/1484
f 1731/1648/1484 1178/1635/1026 281/983/248 935/997/803
f 1181/1649/1028 1731/1648/1484 935/997/803 282/996/249
f 28/241/28 494/253/460 1732/1650/1499 1180/1643/1042
f 494/253/460 29/257/29 1182/1651/1043 1732/1650/1499
f 1732/1652/1499 1182/1653/1043 221/927/191 831/925/713
f 1180/1645/1042 1732/1652/1499 831/925/713 220/911/190
f 113/269/110 730/577/660 1733/1654/1500 1171/1608/1036
f 730/577/660 170/508/153 1183/1655/1044 1733/1654/1500
f 1733/1656/1500 1183/1657/1044 360/1178/327 1067/1250/935
f 1171/1610/1036 1733/1656/1500 1067/1250/935 305/943/272
f 91/333/88 599/332/551 1734/1658/1488 1184/1659/1034
f 599/332/551 90/323/87 1181/1647/1028 1734/1658/1488
f 1734/1660/1488 1181/1649/1028 282/996/249 936/1007/804
f 1184/1661/1034 1734/1660/1488 936/1007/804 283/1006/250
f 83/105/80 547/104/509 1735/1662/1021 1186/1663/1046
f 547/104/509 66/99/66 1185/1664/1045 1735/1662/1021
f 1735/1665/1021 1185/1666/1045 258/769/225 884/778/762
f 1186/1667/1046 1735/1665/1021 884/778/762 274/777/241
f 154/415/142 757/423/682 1736/1668/1501 1187/1669/1047
f 757/423/682 156/427/143 1179/1637/1041 1736/1668/1501
f 1736/1670/1501 1179/1639/1041 347/1097/314 1094/1095/962
f 1187/1671/1047 1736/1670/1501 1094/1095/962 345/1085/312
f 29/257/29 495/267/461 1737/1672/1502 1182/1651/1043
f 495/267/461 30/271/30 1188/1673/1048 1737/1672/1502
f 1737/1674/1502 1188/1675/1048 222/941/192 832/939/714
f 1182/1653/1043 1737/1674/1502 832/939/714 221/927/191
f 179/565/162 731/572/661 1738/1676/1503 1190/1677/1050
f 731/572/661 103/318/100 1189/1678/1049 1738/1676/1503
f 1738/1679/1503 1189/1680/1049 295/992/262 1068/1246/936
f 1190/1681/1050 1738/1679/1503 1068/1246/936 369/1235/336
f 92/343/89 600/342/552 1739/1682/1490 1191/1683/1009
f 600/342/552 91/333/88 1184/1659/1034 1739/1682/1490
f 1739/1684/1490 1184/1661/1034 283/1006/250 937/1017/805
f 1191/1685/1009 1739/1684/1490 937/1017/805 284/1016/251
f 30/271/30 496/281/462 1740/1686/1504 1188/1673/1048
f 496/281/462 31/285/31 1192/1687/1051 1740/1686/1504
f 1740/1688/1504 1192/1689/1051 223/955/193 833/953/715
f 1188/1675/1048 1740/1688/1504 833/953/715 222/941/192
f 93/353/90 601/352/553 1741/1690/1493 1193/1691/1038
f 601/352/553 92/343/89 1191/1683/1009 1741/1690/1493
f 1741/1692/1493 1191/1685/1009 284/1016/251 938/1027/806
f 1193/1693/1038 1741/1692/1493 938/1027/806 285/1026/252
f 52/18/52 549/92/511 1742/1694/1505 1141/1496/1009
f 549/92/511 65/82/65 1194/1695/1052 1742/1694/1505
f 1742/1696/1505 1194/1697/1052 273/755/240 886/764/764
f 1141/1498/1009 1742/1696/1505 886/764/764 244/687/214
f 152/403/141 759/411/683 1743/1698/1506 1195/1699/1023
f 759/411/683 154/415/142 1187/1669/1047 1743/1698/1506
f 1743/1700/1506 1187/1671/1047 345/1085/312 1096/1083/964
f 1195/1701/1023 1743/1700/1506 1096/1083/964 343/1073/310
f 31/285/31 497/297/463 1744/1702/1507 1192/1687/1051
f 497/297/463 32/301/32 1196/1703/1053 1744/1702/1507
f 1744/1704/1507 1196/1705/1053 224/971/194 834/969/716
f 1192/1689/1051 1744/1704/1507 834/969/716 223/955/193
f 178/556/161 733/567/663 1745/1706/1508 1198/1707/1055
f 733/567/663 148/380/138 1197/1708/1054 1745/1706/1508
f 1745/1709/1508 1197/1710/1054 370/1053/337 1070/1239/938
f 1198/1711/1055 1745/1709/1508 1070/1239/938 368/1226/335
f 94/363/91 602/362/554 1746/1712/1495 1199/1713/1040
f 602/362/554 93/353/90 1193/1691/1038 1746/1712/1495
f 1746/1714/1495 1193/1693/1038 285/1026/252 939/1037/807
f 1199/1715/1040 1746/1714/1495 939/1037/807 286/1036/253
f 1/220/1 576/219/534 1747/1716/1509 1200/1717/1056
f 576/219/534 83/105/80 1186/1663/1046 1747/1716/1509
f 1747/1718/1509 1186/1667/1046 274/777/241 913/893/787
f 1200/1719/1056 1747/1718/1509 913/893/787 194/892/164
f 32/301/32 498/313/464 1748/1720/1510 1196/1703/1053
f 498/313/464 1/220/1 1200/1717/1056 1748/1720/1510
f 1748/1721/1510 1200/1719/1056 194/892/164 835/985/717
f 1196/1705/1053 1748/1721/1510 835/985/717 224/971/194
f 177/550/160 734/561/664 1749/1722/1511 1201/1723/1057
f 734/561/664 179/565/162 1190/1677/1050 1749/1722/1511
f 1749/1724/1511 1190/1681/1050 369/1235/336 1071/1233/939
f 1201/1725/1057 1749/1724/1511 1071/1233/939 367/1220/334
f 95/373/92 603/372/555 1750/1726/1498 1202/1727/1042
f 603/372/555 94/363/91 1199/1713/1040 1750/1726/1498
f 1750/1728/1498 1199/1715/1040 286/1036/253 940/1047/808
f 1202/1729/1042 1750/1728/1498 940/1047/808 287/1046/254
f 65/82/65 551/85/513 1751/1730/1512 1194/1695/1052
f 551/85/513 63/70/63 1203/1731/1058 1751/1730/1512
f 1751/1732/1512 1203/1733/1058 271/743/238 888/756/766
f 1194/1697/1052 1751/1732/1512 888/756/766 273/755/240
f 149/388/139 761/399/684 1752/1734/1513 1204/1735/1059
f 761/399/684 152/403/141 1195/1699/1023 1752/1734/1513
f 1752/1736/1513 1195/1701/1023 343/1073/310 1098/1071/966
f 1204/1737/1059 1752/1736/1513 1098/1071/966 340/1057/307
f 33/97/33 499/96/465 1753/1738/1514 1206/1739/1061
f 499/96/465 34/25/34 1205/1740/1060 1753/1738/1514
f 1753/1741/1514 1205/1742/1060 225/698/195 836/772/718
f 1206/1743/1061 1753/1741/1514 836/772/718 226/771/196
f 176/544/159 735/558/665 1754/1744/1515 1207/1745/1062
f 735/558/665 165/476/148 1153/1537/1021 1754/1744/1515
f 1754/1746/1515 1153/1539/1021 371/1149/338 1072/1230/940
f 1207/1747/1062 1754/1746/1515 1072/1230/940 366/1214/333
f 96/232/93 604/379/556 1755/1748/1499 1208/1749/1043
f 604/379/556 95/373/92 1202/1727/1042 1755/1748/1499
f 1755/1750/1499 1202/1729/1042 287/1046/254 941/1052/809
f 1208/1751/1043 1755/1750/1499 941/1052/809 288/908/255
f 81/156/78 578/155/536 1756/1752/1516 1155/1545/1023
f 578/155/536 68/154/68 1209/1753/1063 1756/1752/1516
f 1756/1754/1516 1209/1755/1063 245/831/215 915/830/789
f 1155/1547/1023 1756/1754/1516 915/830/789 275/829/242
f 34/25/34 500/24/466 1757/1756/1517 1205/1740/1060
f 500/24/466 35/23/35 1210/1757/1064 1757/1756/1517
f 1757/1758/1517 1210/1759/1064 227/700/197 837/699/719
f 1205/1742/1060 1757/1758/1517 837/699/719 225/698/195
f 175/538/158 736/552/666 1758/1760/1518 1211/1761/1065
f 736/552/666 178/556/161 1198/1707/1055 1758/1760/1518
f 1758/1762/1518 1198/1711/1055 368/1226/335 1073/1224/941
f 1211/1763/1065 1758/1762/1518 1073/1224/941 365/1208/332
f 97/234/94 605/233/557 1759/1764/1502 1212/1765/1048
f 605/233/557 96/232/93 1208/1749/1043 1759/1764/1502
f 1759/1766/1502 1208/1751/1043 288/908/255 942/907/810
f 1212/1767/1048 1759/1766/1502 942/907/810 289/906/256
f 63/70/63 553/73/515 1760/1768/1519 1203/1731/1058
f 553/73/515 61/58/61 1175/1621/1039 1760/1768/1519
f 1760/1769/1519 1175/1623/1039 269/731/236 890/744/768
f 1203/1733/1058 1760/1769/1519 890/744/768 271/743/238
f 148/380/138 763/383/685 1761/1770/1520 1197/1708/1054
f 763/383/685 149/388/139 1204/1735/1059 1761/1770/1520
f 1761/1771/1520 1204/1737/1059 340/1057/307 1100/1054/968
f 1197/1710/1054 1761/1771/1520 1100/1054/968 370/1053/337
f 35/23/35 501/39/467 1762/1772/1521 1210/1757/1064
f 501/39/467 36/38/36 1213/1773/1066 1762/1772/1521
f 1762/1774/1521 1213/1775/1066 228/712/198 838/711/720
f 1210/1759/1064 1762/1774/1521 838/711/720 227/700/197
f 174/532/157 737/546/667 1763/1776/1472 1214/1777/1030
f 737/546/667 177/550/160 1201/1723/1057 1763/1776/1472
f 1763/1778/1472 1201/1725/1057 367/1220/334 1074/1218/942
f 1214/1779/1030 1763/1778/1472 1074/1218/942 364/1202/331
f 98/244/95 606/243/558 1764/1780/1504 1215/1781/1051
f 606/243/558 97/234/94 1212/1765/1048 1764/1780/1504
f 1764/1782/1504 1212/1767/1048 289/906/256 943/918/811
f 1215/1783/1051 1764/1782/1504 943/918/811 290/917/257
f 68/154/68 580/170/537 1765/1784/1522 1209/1753/1063
f 580/170/537 70/169/70 1216/1785/1067 1765/1784/1522
f 1765/1786/1522 1216/1787/1067 248/843/218 917/842/790
f 1209/1755/1063 1765/1786/1522 917/842/790 245/831/215
f 36/38/36 502/51/468 1766/1788/1523 1213/1773/1066
f 502/51/468 37/50/37 1217/1789/1068 1766/1788/1523
f 1766/1790/1523 1217/1791/1068 229/724/199 839/723/721
f 1213/1775/1066 1766/1790/1523 839/723/721 228/712/198
f 173/526/156 738/540/668 1767/1792/1507 1218/1793/1069
f 738/540/668 176/544/159 1207/1745/1062 1767/1792/1507
f 1767/1794/1507 1207/1747/1062 366/1214/333 1075/1212/943
f 1218/1795/1069 1767/1794/1507 1075/1212/943 363/1196/330
f 99/260/96 607/259/559 1768/1796/1507 1219/1797/1062
f 607/259/559 98/244/95 1215/1781/1051 1768/1796/1507
f 1768/1798/1507 1215/1783/1051 290/917/257 944/934/812
f 1219/1799/1062 1768/1798/1507 944/934/812 291/933/258
f 37/50/37 503/63/469 1769/1800/1524 1217/1789/1068
f 503/63/469 38/62/38 1220/1801/1070 1769/1800/1524
f 1769/1802/1524 1220/1803/1070 230/736/200 840/735/722
f 1217/1791/1068 1769/1802/1524 840/735/722 229/724/199
f 172/520/155 739/534/669 1770/1804/1525 1221/1805/1071
f 739/534/669 175/538/158 1211/1761/1065 1770/1804/1525
f 1770/1806/1525 1211/1763/1065 365/1208/332 1076/1206/944
f 1221/1807/1071 1770/1806/1525 1076/1206/944 362/1190/329
f 100/274/97 608/273/560 1771/1808/1515 1222/1809/1021
f 608/273/560 99/260/96 1219/1797/1062 1771/1808/1515
f 1771/1810/1515 1219/1799/1062 291/933/258 945/948/813
f 1222/1811/1021 1771/1810/1515 945/948/813 292/947/259
f 70/169/70 582/179/538 1772/1812/1526 1216/1785/1067
f 582/179/538 72/129/71 1164/1575/1032 1772/1812/1526
f 1772/1813/1526 1164/1579/1032 250/801/219 919/852/791
f 1216/1787/1067 1772/1813/1526 919/852/791 248/843/218
f 38/62/38 504/75/470 1773/1814/1527 1220/1801/1070
f 504/75/470 39/74/39 1223/1815/1072 1773/1814/1527
f 1773/1816/1527 1223/1817/1072 231/748/201 841/747/723
f 1220/1803/1070 1773/1816/1527 841/747/723 230/736/200
f 171/514/154 740/528/670 1774/1818/1485 1224/1819/1029
f 740/528/670 174/532/157 1214/1777/1030 1774/1818/1485
f 1774/1820/1485 1214/1779/1030 364/1202/331 1077/1200/945
f 1224/1821/1029 1774/1820/1485 1077/1200/945 361/1184/328
f 101/289/98 609/288/561 1775/1822/1477 1225/1823/1006
f 609/288/561 100/274/97 1222/1809/1021 1775/1822/1477
f 1775/1824/1477 1222/1811/1021 292/947/259 946/964/814
f 1225/1825/1006 1775/1824/1477 946/964/814 293/963/260
f 66/99/66 531/98/493 1776/1826/1528 1185/1664/1045
f 531/98/493 33/97/33 1206/1739/1061 1776/1826/1528
f 1776/1827/1528 1206/1743/1061 226/771/196 868/770/746
f 1185/1666/1045 1776/1827/1528 868/770/746 258/769/225
f 39/74/39 505/87/471 1777/1828/1529 1223/1815/1072
f 505/87/471 40/86/40 1226/1829/1073 1777/1828/1529
f 1777/1830/1529 1226/1831/1073 232/760/202 842/759/724
f 1223/1817/1072 1777/1830/1529 842/759/724 231/748/201
f 170/508/153 741/522/671 1778/1832/1530 1183/1655/1044
f 741/522/671 173/526/156 1218/1793/1069 1778/1832/1530
f 1778/1833/1530 1218/1795/1069 363/1196/330 1078/1194/946
f 1183/1657/1044 1778/1833/1530 1078/1194/946 360/1178/327
f 102/305/99 610/304/562 1779/1834/1467 1227/1835/1074
f 610/304/562 101/289/98 1225/1823/1006 1779/1834/1467
f 1779/1836/1467 1225/1825/1006 293/963/260 947/980/815
f 1227/1837/1074 1779/1836/1467 947/980/815 294/979/261
f 58/40/58 558/43/520 1780/1838/1531 1163/1576/1031
f 558/43/520 56/28/56 1228/1839/1075 1780/1838/1531
f 1780/1840/1531 1228/1841/1075 264/701/231 895/714/773
f 1163/1578/1031 1780/1840/1531 895/714/773 266/713/233
f 40/86/40 506/93/472 1781/1842/1532 1226/1829/1073
f 506/93/472 41/16/41 1229/1843/1023 1781/1842/1532
f 1781/1844/1532 1229/1845/1023 233/689/203 843/766/725
f 1226/1831/1073 1781/1844/1532 843/766/725 232/760/202
f 169/502/152 742/516/672 1782/1846/1533 1137/1484/1005
f 742/516/672 172/520/155 1221/1805/1071 1782/1846/1533
f 1782/1847/1533 1221/1807/1071 362/1190/329 1079/1188/947
f 1137/1486/1005 1782/1847/1533 1079/1188/947 359/1172/326
f 103/318/100 611/317/563 1783/1848/1534 1189/1678/1049
f 611/317/563 102/305/99 1227/1835/1074 1783/1848/1534
f 1783/1849/1534 1227/1837/1074 294/979/261 948/993/816
f 1189/1680/1049 1783/1849/1534 948/993/816 295/992/262
f 49/5/49 533/2/495 1784/1850/1535 1159/1561/1027
f 533/2/495 51/1/51 1151/1527/1019 1784/1850/1535
f 1784/1851/1535 1151/1531/1019 260/674/227 870/677/748
f 1159/1563/1027 1784/1851/1535 870/677/748 241/682/211
f 41/16/41 507/15/473 1785/1852/1536 1229/1843/1023
f 507/15/473 42/14/42 1230/1853/1076 1785/1852/1536
f 1785/1854/1536 1230/1855/1076 234/691/204 844/690/726
f 1229/1845/1023 1785/1854/1536 844/690/726 233/689/203
f 168/496/151 743/510/673 1786/1856/1497 1144/1506/1012
f 743/510/673 171/514/154 1224/1819/1029 1786/1856/1497
f 1786/1857/1497 1224/1821/1029 361/1184/328 1080/1182/948
f 1144/1508/1012 1786/1857/1497 1080/1182/948 358/1166/325
f 56/28/56 560/31/522 1787/1858/1537 1228/1839/1075
f 560/31/522 53/10/53 1142/1495/1010 1787/1858/1537
f 1787/1859/1537 1142/1499/1010 261/683/228 897/702/775
f 1228/1841/1075 1787/1859/1537 897/702/775 264/701/231
f 42/14/42 508/33/474 1788/1860/1538 1230/1853/1076
f 508/33/474 43/32/43 1136/1477/1004 1788/1860/1538
f 1788/1861/1538 1136/1481/1004 235/706/205 845/705/727
f 1230/1855/1076 1788/1861/1538 845/705/727 234/691/204
f 400/1355/367 1263/1862/1109 1789/1863/1539 1258/1372/1104
f 1263/1862/1109 404/1864/371 1264/1865/1110 1789/1863/1539
f 1789/1863/1539 1264/1865/1110 398/1391/365 1257/1390/1103
f 1258/1372/1104 1789/1863/1539 1257/1390/1103 399/1373/366
f 404/1864/371 1265/1866/1111 1790/1867/1540 1264/1865/1110
f 1265/1866/1111 396/1415/363 1255/1414/1101 1790/1867/1540
f 1790/1867/1540 1255/1414/1101 397/1403/364 1256/1402/1102
f 1264/1865/1110 1790/1867/1540 1256/1402/1102 398/1391/365
f 401/1337/368 1266/1868/1112 1791/1869/1541 1259/1354/1105
f 1266/1868/1112 405/1870/372 1267/1871/1113 1791/1869/1541
f 1791/1869/1541 1267/1871/1113 404/1864/371 1263/1862/1109
f 1259/1354/1105 1791/1869/1541 1263/1862/1109 400/1355/367
f 405/1870/372 1268/1872/1114 1792/1873/1542 1267/1871/1113
f 1268/1872/1114 395/1427/362 1254/1426/1100 1792/1873/1542
f 1792/1873/1542 1254/1426/1100 396/1415/363 1265/1866/1111
f 1267/1871/1113 1792/1873/1542 1265/1866/1111 404/1864/371
f 402/1319/369 1269/1874/1115 1793/1875/1543 1260/1336/1106
f 1269/1874/1115 406/1876/373 1270/1877/1116 1793/1875/1543
f 1793/1875/1543 1270/1877/1116 405/1870/372 1266/1868/1112
f 1260/1336/1106 1793/1875/1543 1266/1868/1112 401/1337/368
f 406/1876/373 1271/1878/1117 1794/1879/1544 1270/1877/1116
f 1271/1878/1117 394/1439/361 1253/1438/1099 1794/1879/1544
f 1794/1879/1544 1253/1438/1099 395/1427/362 1268/1872/1114
f 1270/1877/1116 1794/1879/1544 1268/1872/1114 405/1870/372
f 403/1317/370 1272/1880/1118 1795/1881/1545 1261/1318/1107
f 1272/1880/1118 407/1882/374 1273/1883/1119 1795/1881/1545
f 1795/1881/1545 1273/1883/1119 406/1876/373 1269/1874/1115
f 1261/1318/1107 1795/1881/1545 1269/1874/1115 402/1319/369
f 407/1882/374 1274/1884/1120 1796/1885/1546 1273/1883/1119
f 1274/1884/1120 393/1451/360 1252/1450/1098 1796/1885/1546
f 1796/1885/1546 1252/1450/1098 394/1439/361 1271/1878/1117
f 1273/1883/1119 1796/1885/1546 1271/1878/1117 406/1876/373
f 373/1379/340 1275/1886/1121 1797/1887/1547 1262/1888/1108
f 1275/1886/1121 408/1889/375 1276/1890/375 1797/1887/1547
f 1797/1887/1547 1276/1890/375 407/1882/374 1272/1880/1118
f 1262/1888/1108 1797/1887/1547 1272/1880/1118 403/1317/370
f 408/1889/375 1277/1891/1122 1798/1892/1548 1276/1890/375
f 1277/1891/1122 392/1463/359 1251/1462/1097 1798/1892/1548
f 1798/1892/1548 1251/1462/1097 393/1451/360 1274/1884/1120
f 1276/1890/375 1798/1892/1548 1274/1884/1120 407/1882/374
f 372/1361/339 1278/1893/1123 1799/1894/1549 1231/1378/1077
f 1278/1893/1123 409/1895/376 1279/1896/1124 1799/1894/1549
f 1799/1894/1549 1279/1896/1124 408/1889/375 1275/1886/1121
f 1231/1378/1077 1799/1894/1549 1275/1886/1121 373/1379/340
f 409/1895/376 1280/1897/1125 1800/1898/1550 1279/1896/1124
f 1280/1897/1125 391/1899/358 1250/1900/1096 1800/1898/1550
f 1800/1898/1550 1250/1900/1096 392/1463/359 1277/1891/1122
f 1279/1896/1124 1800/1898/1550 1277/1891/1122 408/1889/375
f 374/1343/341 1281/1901/1126 1801/1902/1551 1232/1360/1078
f 1281/1901/1126 410/1903/217 1282/1904/217 1801/1902/1551
f 1801/1902/1551 1282/1904/217 409/1895/376 1278/1893/1123
f 1232/1360/1078 1801/1902/1551 1278/1893/1123 372/1361/339
f 410/1903/217 1283/1905/1127 1802/1906/1552 1282/1904/217
f 1283/1905/1127 390/1308/357 1249/1907/1095 1802/1906/1552
f 1802/1906/1552 1249/1907/1095 391/1899/358 1280/1897/1125
f 1282/1904/217 1802/1906/1552 1280/1897/1125 409/1895/376
f 375/1325/342 1284/1908/1128 1803/1909/1553 1233/1342/1079
f 1284/1908/1128 411/1910/377 1285/1911/217 1803/1909/1553
f 1803/1909/1553 1285/1911/217 410/1903/217 1281/1901/1126
f 1233/1342/1079 1803/1909/1553 1281/1901/1126 374/1343/341
f 411/1910/377 1286/1912/1129 1804/1913/1554 1285/1911/217
f 1286/1912/1129 389/1310/356 1248/1309/1094 1804/1913/1554
f 1804/1913/1554 1248/1309/1094 390/1308/357 1283/1905/1127
f 1285/1911/217 1804/1913/1554 1283/1905/1127 410/1903/217
f 376/1301/343 1287/1914/1130 1805/1915/1555 1234/1324/1080
f 1287/1914/1130 412/1916/378 1288/1917/1131 1805/1915/1555
f 1805/1915/1555 1288/1917/1131 411/1910/377 1284/1908/1128
f 1234/1324/1080 1805/1915/1555 1284/1908/1128 375/1325/342
f 412/1916/378 1289/1918/1132 1806/1919/1556 1288/1917/1131
f 1289/1918/1132 388/1331/355 1247/1330/1093 1806/1919/1556
f 1806/1919/1556 1247/1330/1093 389/1310/356 1286/1912/1129
f 1288/1917/1131 1806/1919/1556 1286/1912/1129 411/1910/377
f 377/1299/344 1290/1920/1133 1807/1921/1557 1235/1300/1081
f 1290/1920/1133 413/1922/379 1291/1923/378 1807/1921/1557
f 1807/1921/1557 1291/1923/378 412/1916/378 1287/1914/1130
f 1235/1300/1081 1807/1921/1557 1287/1914/1130 376/1301/343
f 413/1922/379 1292/1924/1134 1808/1925/1558 1291/1923/378
f 1292/1924/1134 387/1349/354 1246/1348/1092 1808/1925/1558
f 1808/1925/1558 1246/1348/1092 388/1331/355 1289/1918/1132
f 1291/1923/378 1808/1925/1558 1289/1918/1132 412/1916/378
f 378/1469/345 1293/1926/1135 1809/1927/1559 1236/1928/1082
f 1293/1926/1135 414/1929/380 1294/1930/1136 1809/1927/1559
f 1809/1927/1559 1294/1930/1136 413/1922/379 1290/1920/1133
f 1236/1928/1082 1809/1927/1559 1290/1920/1133 377/1299/344
f 414/1929/380 1295/1931/1137 1810/1932/1560 1294/1930/1136
f 1295/1931/1137 386/1367/353 1245/1366/1091 1810/1932/1560
f 1810/1932/1560 1245/1366/1091 387/1349/354 1292/1924/1134
f 1294/1930/1136 1810/1932/1560 1292/1924/1134 413/1922/379
f 379/1457/346 1296/1933/1138 1811/1934/1561 1237/1468/1083
f 1296/1933/1138 415/1935/381 1297/1936/1139 1811/1934/1561
f 1811/1934/1561 1297/1936/1139 414/1929/380 1293/1926/1135
f 1237/1468/1083 1811/1934/1561 1293/1926/1135 378/1469/345
f 415/1935/381 1298/1937/1140 1812/1938/1562 1297/1936/1139
f 1298/1937/1140 385/1385/352 1244/1384/1090 1812/1938/1562
f 1812/1938/1562 1244/1384/1090 386/1367/353 1295/1931/1137
f 1297/1936/1139 1812/1938/1562 1295/1931/1137 414/1929/380
f 380/1445/347 1299/1939/1141 1813/1940/1563 1238/1456/1084
f 1299/1939/1141 416/1941/382 1300/1942/1142 1813/1940/1563
f 1813/1940/1563 1300/1942/1142 415/1935/381 1296/1933/1138
f 1238/1456/1084 1813/1940/1563 1296/1933/1138 379/1457/346
f 416/1941/382 1301/1943/1143 1814/1944/1564 1300/1942/1142
f 1301/1943/1143 384/1397/351 1243/1396/1089 1814/1944/1564
f 1814/1944/1564 1243/1396/1089 385/1385/352 1298/1937/1140
f 1300/1942/1142 1814/1944/1564 1298/1937/1140 415/1935/381
f 381/1433/348 1240/1432/1086 1815/1945/1565 1239/1444/1085
f 1240/1432/1086 382/1421/349 1302/1946/1144 1815/1945/1565
f 1815/1945/1565 1302/1946/1144 416/1941/382 1299/1939/1141
f 1239/1444/1085 1815/1945/1565 1299/1939/1141 380/1445/347
f 382/1421/349 1241/1420/1087 1816/1947/1566 1302/1946/1144
f 1241/1420/1087 383/1409/350 1242/1408/1088 1816/1947/1566
f 1816/1947/1566 1242/1408/1088 384/1397/351 1301/1943/1143
f 1302/1946/1144 1816/1947/1566 1301/1943/1143 416/1941/382
f 420/1315/386 1338/1948/1180 1817/1949/1567 1104/1316/972
f 1338/1948/1180 430/1374/396 1316/1377/1158 1817/1949/1567
f 1817/1949/1567 1316/1377/1158 373/1379/340 1262/1888/1108
f 1104/1316/972 1817/1949/1567 1262/1888/1108 403/1317/370
f 419/1306/385 1337/1950/1179 1818/1951/1568 1103/1307/971
f 1337/1950/1179 417/1952/383 1101/1953/969 1818/1951/1568
f 1818/1951/1568 1101/1953/969 391/1899/358 1249/1907/1095
f 1103/1307/971 1818/1951/1568 1249/1907/1095 390/1308/357
f 418/1297/384 1336/1954/1178 1819/1955/1569 1102/1298/970
f 1336/1954/1178 447/1464/413 1333/1467/1175 1819/1955/1569
f 1819/1955/1569 1333/1467/1175 378/1469/345 1236/1928/1082
f 1102/1298/970 1819/1955/1569 1236/1928/1082 377/1299/344
f 417/1952/383 1335/1956/1177 1820/1957/1570 1101/1953/969
f 1335/1956/1177 445/1458/411 1331/1461/1173 1820/1957/1570
f 1820/1957/1570 1331/1461/1173 392/1463/359 1250/1900/1096
f 1101/1953/969 1820/1957/1570 1250/1900/1096 391/1899/358
f 327/1958/294 1013/1959/881 1821/1960/1571 1303/1961/1145
f 1013/1959/881 328/1962/295 1129/1963/997 1821/1960/1571
f 1821/1960/1571 1129/1963/997 445/1458/411 1335/1956/1177
f 1303/1961/1145 1821/1960/1571 1335/1956/1177 417/1952/383
f 313/1964/280 999/1965/867 1822/1966/1572 1304/1967/1146
f 999/1965/867 314/1968/281 1131/1969/999 1822/1966/1572
f 1822/1966/1572 1131/1969/999 447/1464/413 1336/1954/1178
f 1304/1967/1146 1822/1966/1572 1336/1954/1178 418/1297/384
f 326/1970/293 1012/1971/880 1823/1972/1573 1305/1973/1147
f 1012/1971/880 327/1958/294 1303/1961/1145 1823/1972/1573
f 1823/1972/1573 1303/1961/1145 417/1952/383 1337/1950/1179
f 1305/1973/1147 1823/1972/1573 1337/1950/1179 419/1306/385
f 339/1974/306 1025/1975/893 1824/1976/1574 1306/1977/1148
f 1025/1975/893 309/1978/276 1114/1979/982 1824/1976/1574
f 1824/1976/1574 1114/1979/982 430/1374/396 1338/1948/1180
f 1306/1977/1148 1824/1976/1574 1338/1948/1180 420/1315/386
f 314/1968/281 1000/1980/868 1825/1981/1575 1131/1969/999
f 1000/1980/868 315/1982/282 1334/1983/1176 1825/1981/1575
f 1825/1981/1575 1334/1983/1176 448/1452/414 1339/1465/1181
f 1131/1969/999 1825/1981/1575 1339/1465/1181 447/1464/413
f 328/1962/295 1014/1984/882 1826/1985/1576 1129/1963/997
f 1014/1984/882 329/1986/296 1332/1987/1174 1826/1985/1576
f 1826/1985/1576 1332/1987/1174 446/1446/412 1340/1459/1182
f 1129/1963/997 1826/1985/1576 1340/1459/1182 445/1458/411
f 315/1982/282 1001/1988/869 1827/1989/1577 1334/1983/1176
f 1001/1988/869 316/1990/283 1330/1991/1172 1827/1989/1577
f 1827/1989/1577 1330/1991/1172 444/1440/410 1341/1453/1183
f 1334/1983/1176 1827/1989/1577 1341/1453/1183 448/1452/414
f 329/1986/296 1015/1992/883 1828/1993/1578 1332/1987/1174
f 1015/1992/883 330/1994/297 1329/1995/1171 1828/1993/1578
f 1828/1993/1578 1329/1995/1171 443/1434/409 1342/1447/1184
f 1332/1987/1174 1828/1993/1578 1342/1447/1184 446/1446/412
f 316/1990/283 1002/1996/870 1829/1997/1579 1330/1991/1172
f 1002/1996/870 317/1998/284 1328/1999/1170 1829/1997/1579
f 1829/1997/1579 1328/1999/1170 442/1428/408 1343/1441/1185
f 1330/1991/1172 1829/1997/1579 1343/1441/1185 444/1440/410
f 330/1994/297 1016/2000/884 1830/2001/1580 1329/1995/1171
f 1016/2000/884 331/2002/298 1327/2003/1169 1830/2001/1580
f 1830/2001/1580 1327/2003/1169 441/1422/407 1344/1435/1186
f 1329/1995/1171 1830/2001/1580 1344/1435/1186 443/1434/409
f 317/1998/284 1003/2004/871 1831/2005/1581 1328/1999/1170
f 1003/2004/871 318/2006/285 1326/2007/1168 1831/2005/1581
f 1831/2005/1581 1326/2007/1168 440/1416/406 1345/1429/1187
f 1328/1999/1170 1831/2005/1581 1345/1429/1187 442/1428/408
f 331/2002/298 1017/2008/885 1832/2009/1582 1327/2003/1169
f 1017/2008/885 332/2010/299 1325/2011/1167 1832/2009/1582
f 1832/2009/1582 1325/2011/1167 439/1410/405 1346/1423/1188
f 1327/2003/1169 1832/2009/1582 1346/1423/1188 441/1422/407
f 318/2006/285 1004/2012/872 1833/2013/1583 1326/2007/1168
f 1004/2012/872 319/2014/286 1324/2015/1166 1833/2013/1583
f 1833/2013/1583 1324/2015/1166 438/1404/404 1347/1417/1189
f 1326/2007/1168 1833/2013/1583 1347/1417/1189 440/1416/406
f 332/2010/299 1018/2016/886 1834/2017/1584 1325/2011/1167
f 1018/2016/886 333/2018/300 1323/2019/1165 1834/2017/1584
f 1834/2017/1584 1323/2019/1165 437/1398/403 1348/1411/1190
f 1325/2011/1167 1834/2017/1584 1348/1411/1190 439/1410/405
f 319/2014/286 1005/2020/873 1835/2021/1585 1324/2015/1166
f 1005/2020/873 320/2022/287 1322/2023/1164 1835/2021/1585
f 1835/2021/1585 1322/2023/1164 436/1392/402 1349/1405/1191
f 1324/2015/1166 1835/2021/1585 1349/1405/1191 438/1404/404
f 333/2018/300 1019/2024/887 1836/2025/1586 1323/2019/1165
f 1019/2024/887 334/2026/301 1321/2027/1163 1836/2025/1586
f 1836/2025/1586 1321/2027/1163 435/1386/401 1350/1399/1192
f 1323/2019/1165 1836/2025/1586 1350/1399/1192 437/1398/403
f 320/2022/287 1006/2028/874 1837/2029/1587 1322/2023/1164
f 1006/2028/874 321/2030/288 1320/2031/1162 1837/2029/1587
f 1837/2029/1587 1320/2031/1162 434/1380/400 1351/1393/1193
f 1322/2023/1164 1837/2029/1587 1351/1393/1193 436/1392/402
f 334/2026/301 1020/2032/888 1838/2033/1588 1321/2027/1163
f 1020/2032/888 335/2034/302 1319/2035/1161 1838/2033/1588
f 1838/2033/1588 1319/2035/1161 433/1368/399 1352/1387/1194
f 1321/2027/1163 1838/2033/1588 1352/1387/1194 435/1386/401
f 321/2030/288 1007/2036/875 1839/2037/1589 1320/2031/1162
f 1007/2036/875 322/2038/289 1318/2039/1160 1839/2037/1589
f 1839/2037/1589 1318/2039/1160 432/1362/398 1353/1381/1195
f 1320/2031/1162 1839/2037/1589 1353/1381/1195 434/1380/400
f 309/1978/276 994/2040/862 1840/2041/1590 1114/1979/982
f 994/2040/862 308/2042/275 1317/2043/1159 1840/2041/1590
f 1840/2041/1590 1317/2043/1159 431/1356/397 1354/1375/1196
f 1114/1979/982 1840/2041/1590 1354/1375/1196 430/1374/396
f 335/2034/302 1021/2044/889 1841/2045/1591 1319/2035/1161
f 1021/2044/889 336/2046/303 1315/2047/1157 1841/2045/1591
f 1841/2045/1591 1315/2047/1157 429/1350/395 1355/1369/1197
f 1319/2035/1161 1841/2045/1591 1355/1369/1197 433/1368/399
f 322/2038/289 1008/2048/876 1842/2049/1592 1318/2039/1160
f 1008/2048/876 323/2050/290 1314/2051/1156 1842/2049/1592
f 1842/2049/1592 1314/2051/1156 428/1344/394 1356/1363/1198
f 1318/2039/1160 1842/2049/1592 1356/1363/1198 432/1362/398
f 308/2042/275 995/2052/863 1843/2053/1593 1317/2043/1159
f 995/2052/863 310/2054/277 1313/2055/1155 1843/2053/1593
f 1843/2053/1593 1313/2055/1155 427/1338/393 1357/1357/1199
f 1317/2043/1159 1843/2053/1593 1357/1357/1199 431/1356/397
f 336/2046/303 1022/2056/890 1844/2057/1594 1315/2047/1157
f 1022/2056/890 337/2058/304 1312/2059/1154 1844/2057/1594
f 1844/2057/1594 1312/2059/1154 426/1332/392 1358/1351/1200
f 1315/2047/1157 1844/2057/1594 1358/1351/1200 429/1350/395
f 323/2050/290 1009/2060/877 1845/2061/1595 1314/2051/1156
f 1009/2060/877 324/2062/291 1311/2063/1153 1845/2061/1595
f 1845/2061/1595 1311/2063/1153 425/1326/391 1359/1345/1201
f 1314/2051/1156 1845/2061/1595 1359/1345/1201 428/1344/394
f 310/2054/277 996/2064/864 1846/2065/1596 1313/2055/1155
f 996/2064/864 311/2066/278 1310/2067/1152 1846/2065/1596
f 1846/2065/1596 1310/2067/1152 424/1320/390 1360/1339/1202
f 1313/2055/1155 1846/2065/1596 1360/1339/1202 427/1338/393
f 337/2058/304 1023/2068/891 1847/2069/1597 1312/2059/1154
f 1023/2068/891 338/2070/305 1309/2071/1151 1847/2069/1597
f 1847/2069/1597 1309/2071/1151 423/1311/389 1361/1333/1203
f 1312/2059/1154 1847/2069/1597 1361/1333/1203 426/1332/392
f 324/2062/291 1010/2072/878 1848/2073/1598 1311/2063/1153
f 1010/2072/878 325/2074/292 1308/2075/1150 1848/2073/1598
f 1848/2073/1598 1308/2075/1150 422/1302/388 1362/1327/1204
f 1311/2063/1153 1848/2073/1598 1362/1327/1204 425/1326/391
f 311/2066/278 997/2076/865 1849/2077/1599 1310/2067/1152
f 997/2076/865 312/2078/279 1307/2079/1149 1849/2077/1599
f 1849/2077/1599 1307/2079/1149 421/1293/387 1363/1321/1205
f 1310/2067/1152 1849/2077/1599 1363/1321/1205 424/1320/390
f 338/2070/305 1024/2080/892 1850/2081/1600 1309/2071/1151
f 1024/2080/892 339/1974/306 1306/1977/1148 1850/2081/1600
f 1850/2081/1600 1306/1977/1148 420/1315/386 1364/1312/1206
f 1309/2071/1151 1850/2081/1600 1364/1312/1206 423/1311/389
f 325/2074/292 1011/2082/879 1851/2083/1601 1308/2075/1150
f 1011/2082/879 326/1970/293 1305/1973/1147 1851/2083/1601
f 1851/2083/1601 1305/1973/1147 419/1306/385 1365/1303/1207
f 1308/2075/1150 1851/2083/1601 1365/1303/1207 422/1302/388
f 312/2078/279 998/2084/866 1852/2085/1602 1307/2079/1149
f 998/2084/866 313/1964/280 1304/1967/1146 1852/2085/1602
f 1852/2085/1602 1304/1967/1146 418/1297/384 1366/1294/1208
f 1307/2079/1149 1852/2085/1602 1366/1294/1208 421/1293/387
f 456/1288/422 1374/1287/1216 1853/2086/1603 1382/2087/1224
f 1374/1287/1216 457/1286/423 1383/2088/1225 1853/2086/1603
f 1853/2086/1603 1383/2088/1225 466/1272/432 1384/1271/1226
f 1382/2087/1224 1853/2086/1603 1384/1271/1226 465/1270/431
f 455/2089/421 1373/2090/1215 1854/2091/1604 1381/2092/1223
f 1373/2090/1215 456/1288/422 1382/2087/1224 1854/2091/1604
f 1854/2091/1604 1382/2087/1224 465/1270/431 1385/2093/1227
f 1381/2092/1223 1854/2091/1604 1385/2093/1227 464/2094/430
f 454/2095/420 1372/2096/1214 1855/2097/1605 1380/2098/1222
f 1372/2096/1214 455/2089/421 1381/2092/1223 1855/2097/1605
f 1855/2097/1605 1381/2092/1223 464/2094/430 1386/2099/1228
f 1380/2098/1222 1855/2097/1605 1386/2099/1228 463/1278/429
f 453/2100/419 1371/2101/1213 1856/2102/1606 1379/2103/1221
f 1371/2101/1213 454/2095/420 1380/2098/1222 1856/2102/1606
f 1856/2102/1606 1380/2098/1222 463/1278/429 1387/1277/1229
f 1379/2103/1221 1856/2102/1606 1387/1277/1229 462/1276/428
f 452/1254/418 1370/2104/1212 1857/2105/1607 1378/2106/1220
f 1370/2104/1212 453/2100/419 1379/2103/1221 1857/2105/1607
f 1857/2105/1607 1379/2103/1221 462/1276/428 1388/2107/1230
f 1378/2106/1220 1857/2105/1607 1388/2107/1230 461/2108/427
f 451/1256/417 1369/1255/1211 1858/2109/1608 1377/2110/1219
f 1369/1255/1211 452/1254/418 1378/2106/1220 1858/2109/1608
f 1858/2109/1608 1378/2106/1220 461/2108/427 1389/2111/1231
f 1377/2110/1219 1858/2109/1608 1389/2111/1231 460/1292/426
f 449/1260/415 1368/1259/1210 1859/2112/1609 1376/2113/1218
f 1368/1259/1210 451/1256/417 1377/2110/1219 1859/2112/1609
f 1859/2112/1609 1377/2110/1219 460/1292/426 1390/1291/1232
f 1376/2113/1218 1859/2112/1609 1390/1291/1232 459/1266/425
f 450/1282/416 1367/1281/1209 1860/2114/1610 1375/2115/1217
f 1367/1281/1209 449/1260/415 1376/2113/1218 1860/2114/1610
f 1860/2114/1610 1376/2113/1218 459/1266/425 1391/1265/1233
f 1375/2115/1217 1860/2114/1610 1391/1265/1233 458/1264/424
f 348/1103/315 1093/1101/961 1861/2116/1611 1058/1275/926
f 1093/1101/961 346/1091/313 1398/2117/1240 1861/2116/1611
f 1861/2116/1611 1398/2117/1240 461/2108/427 1388/2107/1230
f 1058/1275/926 1861/2116/1611 1388/2107/1230 462/1276/428
f 299/1032/266 953/1043/821 1862/2118/1612 1397/1253/1239
f 953/1043/821 300/1042/267 1399/2119/1241 1862/2118/1612
f 1862/2118/1612 1399/2119/1241 453/2100/419 1370/2104/1212
f 1397/1253/1239 1862/2118/1612 1370/2104/1212 452/1254/418
f 341/1062/308 1027/1247/895 1863/2120/1613 1395/1263/1237
f 1027/1247/895 296/1002/263 1059/1280/927 1863/2120/1613
f 1863/2120/1613 1059/1280/927 450/1282/416 1375/2115/1217
f 1395/1263/1237 1863/2120/1613 1375/2115/1217 458/1264/424
f 354/1139/321 1087/1137/955 1864/2121/1614 1393/1269/1235
f 1087/1137/955 352/1127/319 1400/2122/1242 1864/2121/1614
f 1864/2121/1614 1400/2122/1242 464/2094/430 1385/2093/1227
f 1393/1269/1235 1864/2121/1614 1385/2093/1227 465/1270/431
f 300/1042/267 954/1050/822 1865/2123/1615 1399/2119/1241
f 954/1050/822 301/902/268 1401/2124/1243 1865/2123/1615
f 1865/2123/1615 1401/2124/1243 454/2095/420 1371/2101/1213
f 1399/2119/1241 1865/2123/1615 1371/2101/1213 453/2100/419
f 346/1091/313 1095/1089/963 1866/2125/1616 1398/2117/1240
f 1095/1089/963 344/1079/311 1063/1290/931 1866/2125/1616
f 1866/2125/1616 1063/1290/931 460/1292/426 1389/2111/1231
f 1398/2117/1240 1866/2125/1616 1389/2111/1231 461/2108/427
f 301/902/268 955/901/823 1867/2126/1617 1401/2124/1243
f 955/901/823 302/900/269 1402/2127/1244 1867/2126/1617
f 1867/2126/1617 1402/2127/1244 455/2089/421 1372/2096/1214
f 1401/2124/1243 1867/2126/1617 1372/2096/1214 454/2095/420
f 304/929/271 1066/1249/934 1868/2128/1618 1062/1285/930
f 1066/1249/934 357/1160/324 1394/1268/1236 1868/2128/1618
f 1868/2128/1618 1394/1268/1236 466/1272/432 1383/2088/1225
f 1062/1285/930 1868/2128/1618 1383/2088/1225 457/1286/423
f 352/1127/319 1089/1125/957 1869/2129/1619 1400/2122/1242
f 1089/1125/957 350/1115/317 1392/1274/1234 1869/2129/1619
f 1869/2129/1619 1392/1274/1234 463/1278/429 1386/2099/1228
f 1400/2122/1242 1869/2129/1619 1386/2099/1228 464/2094/430
f 302/900/269 956/914/824 1870/2130/1620 1402/2127/1244
f 956/914/824 303/913/270 1061/1284/929 1870/2130/1620
f 1870/2130/1620 1061/1284/929 456/1288/422 1373/2090/1215
f 1402/2127/1244 1870/2130/1620 1373/2090/1215 455/2089/421
f 1896/2131/1646 2199/2132/1940 3012/2133/2625 2167/2134/1908
f 2199/2132/1940 1898/2135/1648 2480/2136/2165 3012/2133/2625
f 3012/2133/2625 2480/2136/2165 2007/2137/1757 2367/2138/2087
f 2167/2134/1908 3012/2133/2625 2367/2138/2087 2004/2139/1754
f 1915/2140/1665 2225/2141/1966 3013/2142/2626 2479/2143/2164
f 2225/2141/1966 1913/2144/1663 2173/2145/1914 3013/2142/2626
f 3013/2142/2626 2173/2145/1914 2030/2146/1780 2393/2147/2104
f 2479/2143/2164 3013/2142/2626 2393/2147/2104 2033/2148/1783
f 1923/2149/1673 2277/2150/2017 3014/2151/2627 2475/2152/2160
f 2277/2150/2017 1922/2153/1672 2478/2154/2163 3014/2151/2627
f 3014/2151/2627 2478/2154/2163 2041/2155/1791 2444/2156/2130
f 2475/2152/2160 3014/2151/2627 2444/2156/2130 2042/2157/1792
f 1878/2158/1628 2172/2159/1913 3015/2160/2628 2179/2161/1920
f 2172/2159/1913 1880/2162/1630 2477/2163/2162 3015/2160/2628
f 3015/2160/2628 2477/2163/2162 1980/2164/1730 2340/2165/2069
f 2179/2161/1920 3015/2160/2628 2340/2165/2069 1977/2166/1727
f 1897/2167/1647 2198/2168/1939 3016/2169/2629 2476/2170/2161
f 2198/2168/1939 1895/2171/1645 2182/2172/1923 3016/2169/2629
f 3016/2169/2629 2182/2172/1923 2003/2173/1753 2366/2174/2086
f 2476/2170/2161 3016/2169/2629 2366/2174/2086 2006/2175/1756
f 1924/2176/1674 2276/2177/2016 3017/2178/2630 2164/2179/1905
f 2276/2177/2016 1923/2149/1673 2475/2152/2160 3017/2178/2630
f 3017/2178/2630 2475/2152/2160 2042/2157/1792 2443/2180/2129
f 2164/2179/1905 3017/2178/2630 2443/2180/2129 2043/2181/1793
f 1879/2182/1629 2171/2183/1912 3018/2184/2631 2474/2185/2159
f 2171/2183/1912 1877/2186/1627 2191/2187/1932 3018/2184/2631
f 3018/2184/2631 2191/2187/1932 1976/2188/1726 2339/2189/2068
f 2474/2185/2159 3018/2184/2631 2339/2189/2068 1979/2190/1729
f 1965/2191/1715 2328/2192/2061 3019/2193/2632 2170/2194/1911
f 2328/2192/2061 1966/2195/1716 2473/2196/2158 3019/2193/2632
f 3019/2193/2632 2473/2196/2158 2062/2197/1812 2472/2198/2157
f 2170/2194/1911 3019/2193/2632 2472/2198/2157 2038/2199/1788
f 1912/2200/1662 2223/2201/1964 3020/2202/2633 2197/2203/1938
f 2223/2201/1964 1914/2204/1664 2163/2205/1904 3020/2202/2633
f 3020/2202/2633 2163/2205/1904 2031/2206/1781 2391/2207/2103
f 2197/2203/1938 3020/2202/2633 2391/2207/2103 2028/2208/1778
f 1925/2209/1675 2275/2210/2015 3021/2211/2634 2176/2212/1917
f 2275/2210/2015 1924/2176/1674 2164/2179/1905 3021/2211/2634
f 3021/2211/2634 2164/2179/1905 2043/2181/1793 2442/2213/2128
f 2176/2212/1917 3021/2211/2634 2442/2213/2128 2044/2214/1794
f 1894/2215/1644 2196/2216/1937 3022/2217/2635 2203/2218/1944
f 2196/2216/1937 1896/2131/1646 2167/2134/1908 3022/2217/2635
f 3022/2217/2635 2167/2134/1908 2004/2139/1754 2364/2219/2085
f 2203/2218/1944 3022/2217/2635 2364/2219/2085 2001/2220/1751
f 1964/2221/1714 2327/2222/2060 3023/2223/2636 2185/2224/1926
f 2327/2222/2060 1965/2191/1715 2170/2194/1911 3023/2223/2636
f 3023/2223/2636 2170/2194/1911 2038/2199/1788 2471/2225/2156
f 2185/2224/1926 3023/2223/2636 2471/2225/2156 2035/2226/1785
f 1913/2144/1663 2222/2227/1963 3024/2228/2637 2173/2145/1914
f 2222/2227/1963 1911/2229/1661 2209/2230/1950 3024/2228/2637
f 3024/2228/2637 2209/2230/1950 2027/2231/1777 2390/2232/2102
f 2173/2145/1914 3024/2228/2637 2390/2232/2102 2030/2146/1780
f 1926/2233/1676 2274/2234/2014 3025/2235/2638 2188/2236/1929
f 2274/2234/2014 1925/2237/1675 2176/2238/1917 3025/2235/2638
f 3025/2235/2638 2176/2238/1917 2044/2239/1794 2441/2240/2127
f 2188/2236/1929 3025/2235/2638 2441/2240/2127 2045/2241/1795
f 1876/2242/1626 2169/2243/1910 3026/2244/2639 2215/2245/1956
f 2169/2243/1910 1878/2158/1628 2179/2161/1920 3026/2244/2639
f 3026/2244/2639 2179/2161/1920 1977/2166/1727 2337/2246/2067
f 2215/2245/1956 3026/2244/2639 2337/2246/2067 1974/2247/1724
f 1895/2171/1645 2195/2248/1936 3027/2249/2640 2182/2172/1923
f 2195/2248/1936 1893/2250/1643 2218/2251/1959 3027/2249/2640
f 3027/2249/2640 2218/2251/1959 2000/2252/1750 2363/2253/2084
f 2182/2172/1923 3027/2249/2640 2363/2253/2084 2003/2173/1753
f 1963/2254/1713 2326/2255/2059 3028/2256/2641 2194/2257/1935
f 2326/2255/2059 1964/2221/1714 2185/2224/1926 3028/2256/2641
f 3028/2256/2641 2185/2224/1926 2035/2226/1785 2470/2258/2155
f 2194/2257/1935 3028/2256/2641 2470/2258/2155 2032/2259/1782
f 1927/2260/1677 2273/2261/2013 3029/2262/2642 2200/2263/1941
f 2273/2261/2013 1926/2233/1676 2188/2236/1929 3029/2262/2642
f 3029/2262/2642 2188/2236/1929 2045/2241/1795 2440/2264/2126
f 2200/2263/1941 3029/2262/2642 2440/2264/2126 2046/2265/1796
f 1877/2186/1627 2168/2266/1909 3030/2267/2643 2191/2187/1932
f 2168/2266/1909 1875/2268/1625 2227/2269/1968 3030/2267/2643
f 3030/2267/2643 2227/2269/1968 1973/2270/1723 2336/2271/2066
f 2191/2187/1932 3030/2267/2643 2336/2271/2066 1976/2188/1726
f 1962/2272/1712 2325/2273/2058 3031/2274/2644 2206/2275/1947
f 2325/2273/2058 1963/2254/1713 2194/2257/1935 3031/2274/2644
f 3031/2274/2644 2194/2257/1935 2032/2259/1782 2469/2276/2154
f 2206/2275/1947 3031/2274/2644 2469/2276/2154 2029/2277/1779
f 1910/2278/1660 2220/2279/1961 3032/2280/2645 2234/2281/1974
f 2220/2279/1961 1912/2200/1662 2197/2203/1938 3032/2280/2645
f 3032/2280/2645 2197/2203/1938 2028/2208/1778 2388/2282/2101
f 2234/2281/1974 3032/2280/2645 2388/2282/2101 2025/2283/1775
f 1928/2284/1678 2272/2285/2012 3033/2286/2646 2212/2287/1953
f 2272/2285/2012 1927/2260/1677 2200/2263/1941 3033/2286/2646
f 3033/2286/2646 2200/2263/1941 2046/2265/1796 2439/2288/2125
f 2212/2287/1953 3033/2286/2646 2439/2288/2125 2047/2289/1797
f 3208/2290/2765 2090/2291/1840 2614/2292/2299 3764/2293/3209
f 3205/2294/2762 2136/2295/1877 2593/2296/2278 3767/2297/3212
f 3219/2298/2776 2101/2299/1851 2603/2300/2288 3753/2301/3198
f 3226/2302/2783 2108/2303/1858 2596/2304/2281 3746/2305/3191
f 1892/2306/1642 2193/2307/1934 3035/2308/2648 2236/2309/1976
f 2193/2307/1934 1894/2215/1644 2203/2218/1944 3035/2308/2648
f 3035/2308/2648 2203/2218/1944 2001/2220/1751 2361/2310/2083
f 2236/2309/1976 3035/2308/2648 2361/2310/2083 1998/2311/1748
f 1961/2312/1711 2324/2313/2057 3036/2314/2649 2221/2315/1962
f 2324/2313/2057 1962/2272/1712 2206/2275/1947 3036/2314/2649
f 3036/2314/2649 2206/2275/1947 2029/2277/1779 2468/2316/2153
f 2221/2315/1962 3036/2314/2649 2468/2316/2153 2026/2317/1776
f 1877/2186/1627 2171/2183/1912 3037/2318/2650 2546/2319/2231
f 2171/2183/1912 1879/2182/1629 2545/2320/2230 3037/2318/2650
f 3037/2321/2650 2545/2322/2230 2067/2323/1817 2524/2324/2209
f 2546/2325/2231 3037/2321/2650 2524/2324/2209 2066/2326/1816
f 1965/2327/1715 2303/2328/2036 3038/2329/2651 2328/2330/2061
f 2303/2328/2036 1942/2331/1692 2257/2332/1997 3038/2329/2651
f 3038/2329/2651 2257/2332/1997 1919/2333/1669 2233/2334/1021
f 2328/2330/2061 3038/2329/2651 2233/2334/1021 1966/2335/1716
f 1964/2336/1714 2302/2337/2035 3039/2338/1005 2327/2339/2060
f 2302/2337/2035 1941/2340/1691 2258/2341/1998 3039/2338/1005
f 3039/2338/1005 2258/2341/1998 1942/2331/1692 2303/2328/2036
f 2327/2339/2060 3039/2338/1005 2303/2328/2036 1965/2327/1715
f 1963/2342/1713 2301/2343/1065 3040/2344/2652 2326/2345/2059
f 2301/2343/1065 1940/2346/1690 2259/2347/1999 3040/2344/2652
f 3040/2344/2652 2259/2347/1999 1941/2340/1691 2302/2337/2035
f 2326/2345/2059 3040/2344/2652 2302/2337/2035 1964/2336/1714
f 1962/2348/1712 2300/2349/2034 3041/2350/2653 2325/2351/2058
f 2300/2349/2034 1939/2352/1689 2260/2353/2000 3041/2350/2653
f 3041/2350/2653 2260/2353/2000 1940/2346/1690 2301/2343/1065
f 2325/2351/2058 3041/2350/2653 2301/2343/1065 1963/2342/1713
f 1961/2354/1711 2299/2355/2033 3042/2356/1054 2324/2357/2057
f 2299/2355/2033 1938/2358/1688 2261/2359/2001 3042/2356/1054
f 3042/2356/1054 2261/2359/2001 1939/2352/1689 2300/2349/2034
f 2324/2357/2057 3042/2356/1054 2300/2349/2034 1962/2348/1712
f 1960/2360/1710 2298/2361/1023 3043/2362/2654 2323/2363/2056
f 2298/2361/1023 1937/2364/1687 2262/2365/2002 3043/2362/2654
f 3043/2362/2654 2262/2365/2002 1938/2358/1688 2299/2355/2033
f 2323/2363/2056 3043/2362/2654 2299/2355/2033 1961/2354/1711
f 1959/2366/1709 2297/2367/2032 3044/2368/2655 2322/2369/2055
f 2297/2367/2032 1936/2370/1686 2263/2371/2003 3044/2368/2655
f 3044/2368/2655 2263/2371/2003 1937/2364/1687 2298/2361/1023
f 2322/2369/2055 3044/2368/2655 2298/2361/1023 1960/2360/1710
f 1958/2372/1708 2296/2373/2031 3045/2374/1041 2321/2375/2054
f 2296/2373/2031 1935/2376/1685 2264/2377/2004 3045/2374/1041
f 3045/2374/1041 2264/2377/2004 1936/2370/1686 2297/2367/2032
f 2321/2375/2054 3045/2374/1041 2297/2367/2032 1959/2366/1709
f 1957/2378/1707 2295/2379/1033 3046/2380/2656 2320/2381/2053
f 2295/2379/1033 1934/2382/1684 2265/2383/2005 3046/2380/2656
f 3046/2380/2656 2265/2383/2005 1935/2376/1685 2296/2373/2031
f 2320/2381/2053 3046/2380/2656 2296/2373/2031 1958/2372/1708
f 1956/2384/1706 2294/2385/2030 3047/2386/2657 2319/2387/2052
f 2294/2385/2030 1933/2388/1683 2266/2389/2006 3047/2386/2657
f 3047/2386/2657 2266/2389/2006 1934/2382/1684 2295/2379/1033
f 2319/2387/2052 3047/2386/2657 2295/2379/1033 1957/2378/1707
f 1955/2390/1705 2293/2391/2029 3048/2392/1013 2318/2393/2051
f 2293/2391/2029 1932/2394/1682 2267/2395/2007 3048/2392/1013
f 3048/2392/1013 2267/2395/2007 1933/2388/1683 2294/2385/2030
f 2318/2393/2051 3048/2392/1013 2294/2385/2030 1956/2384/1706
f 1954/2396/1704 2292/2397/1029 3049/2398/2658 2317/2399/2050
f 2292/2397/1029 1931/2400/1681 2268/2401/2008 3049/2398/2658
f 3049/2398/2658 2268/2401/2008 1932/2394/1682 2293/2391/2029
f 2317/2399/2050 3049/2398/2658 2293/2391/2029 1955/2390/1705
f 1953/2402/1703 2291/2403/2028 3050/2404/2659 2316/2405/2049
f 2291/2403/2028 1930/2406/1680 2269/2407/2009 3050/2404/2659
f 3050/2404/2659 2269/2407/2009 1931/2400/1681 2292/2397/1029
f 2316/2405/2049 3050/2404/2659 2292/2397/1029 1954/2396/1704
f 1952/2408/1702 2290/2409/2027 3051/2410/1014 2315/2411/2048
f 2290/2409/2027 1929/2412/1679 2270/2413/2010 3051/2410/1014
f 3051/2410/1014 2270/2413/2010 1930/2406/1680 2291/2403/2028
f 2315/2411/2048 3051/2410/1014 2291/2403/2028 1953/2402/1703
f 1951/2414/1701 2289/2415/1022 3052/2416/2660 2314/2417/2047
f 2289/2415/1022 1928/2418/1678 2271/2419/2011 3052/2416/2660
f 3052/2416/2660 2271/2419/2011 1929/2412/1679 2290/2409/2027
f 2314/2417/2047 3052/2416/2660 2290/2409/2027 1952/2408/1702
f 1950/2420/1700 2288/2421/2026 3053/2422/2661 2313/2423/2046
f 2288/2421/2026 1927/2424/1677 2272/2425/2012 3053/2422/2661
f 3053/2422/2661 2272/2425/2012 1928/2418/1678 2289/2415/1022
f 2313/2423/2046 3053/2422/2661 2289/2415/1022 1951/2414/1701
f 1949/2426/1699 2287/2427/2025 3054/2428/1028 2312/2429/2045
f 2287/2427/2025 1926/2430/1676 2273/2431/2013 3054/2428/1028
f 3054/2428/1028 2273/2431/2013 1927/2424/1677 2288/2421/2026
f 2312/2429/2045 3054/2428/1028 2288/2421/2026 1950/2420/1700
f 1948/2432/1698 2286/2433/1009 3055/2434/2662 2311/2435/2044
f 2286/2433/1009 1925/2436/1675 2274/2437/2014 3055/2434/2662
f 3055/2434/2662 2274/2437/2014 1926/2430/1676 2287/2427/2025
f 2311/2435/2044 3055/2434/2662 2287/2427/2025 1949/2426/1699
f 1947/2438/1697 2285/2439/2024 3056/2440/2663 2310/2441/2043
f 2285/2439/2024 1924/2442/1674 2275/2443/2015 3056/2440/2663
f 3056/2440/2663 2275/2443/2015 1925/2444/1675 2286/2445/1009
f 2310/2441/2043 3056/2440/2663 2286/2445/1009 1948/2446/1698
f 1946/2447/1696 2284/2448/2023 3057/2449/1040 2309/2450/2042
f 2284/2448/2023 1923/2451/1673 2276/2452/2016 3057/2449/1040
f 3057/2449/1040 2276/2452/2016 1924/2442/1674 2285/2439/2024
f 2309/2450/2042 3057/2449/1040 2285/2439/2024 1947/2438/1697
f 1945/2453/1695 2283/2454/1043 3058/2455/2664 2308/2456/2041
f 2283/2454/1043 1922/2457/1672 2277/2458/2017 3058/2455/2664
f 3058/2455/2664 2277/2458/2017 1923/2451/1673 2284/2448/2023
f 2308/2456/2041 3058/2455/2664 2284/2448/2023 1946/2447/1696
f 1944/2459/1694 2282/2460/2022 3059/2461/2665 2307/2462/2040
f 2282/2460/2022 1921/2463/1671 2278/2464/2018 3059/2461/2665
f 3059/2461/2665 2278/2464/2018 1922/2457/1672 2283/2454/1043
f 2307/2462/2040 3059/2461/2665 2283/2454/1043 1945/2453/1695
f 1943/2465/1693 2281/2466/2021 3060/2467/1051 2306/2468/2039
f 2281/2466/2021 1920/2469/1670 2279/2470/2019 3060/2467/1051
f 3060/2467/1051 2279/2470/2019 1921/2463/1671 2282/2460/2022
f 2306/2468/2039 3060/2467/1051 2282/2460/2022 1944/2459/1694
f 1966/2335/1716 2233/2334/1021 3061/2471/2666 2305/2472/2038
f 2233/2334/1021 1919/2333/1669 2280/2473/2020 3061/2471/2666
f 3061/2471/2666 2280/2473/2020 1920/2469/1670 2281/2466/2021
f 2305/2472/2038 3061/2471/2666 2281/2466/2021 1943/2465/1693
f 1911/2229/1661 2219/2474/1960 3062/2475/2667 2209/2230/1950
f 2219/2474/1960 1909/2476/1659 2238/2477/1978 3062/2475/2667
f 3062/2475/2667 2238/2477/1978 2024/2478/1774 2387/2479/2100
f 2209/2230/1950 3062/2475/2667 2387/2479/2100 2027/2231/1777
f 1929/2480/1679 2271/2481/2011 3063/2482/2668 2224/2483/1965
f 2271/2481/2011 1928/2284/1678 2212/2287/1953 3063/2482/2668
f 3063/2482/2668 2212/2287/1953 2047/2289/1797 2438/2484/2124
f 2224/2483/1965 3063/2482/2668 2438/2484/2124 2048/2485/1798
f 1874/2486/1624 2166/2487/1907 3064/2488/2669 2246/2489/1986
f 2166/2487/1907 1876/2242/1626 2215/2245/1956 3064/2488/2669
f 3064/2488/2669 2215/2245/1956 1974/2247/1724 2334/2490/2065
f 2246/2489/1986 3064/2488/2669 2334/2490/2065 1969/2491/1719
f 1893/2250/1643 2192/2492/1933 3065/2493/2670 2218/2251/1959
f 2192/2492/1933 1891/2494/1641 2241/2495/1981 3065/2493/2670
f 3065/2493/2670 2241/2495/1981 1997/2496/1747 2360/2497/2082
f 2218/2251/1959 3065/2493/2670 2360/2497/2082 2000/2252/1750
f 1960/2498/1710 2323/2499/2056 3066/2500/2671 2230/2501/1971
f 2323/2499/2056 1961/2312/1711 2221/2315/1962 3066/2500/2671
f 3066/2500/2671 2221/2315/1962 2026/2317/1776 2467/2502/2152
f 2230/2501/1971 3066/2500/2671 2467/2502/2152 2023/2503/1773
f 1930/2504/1680 2270/2505/2010 3067/2506/2672 2235/2507/1975
f 2270/2505/2010 1929/2480/1679 2224/2483/1965 3067/2506/2672
f 3067/2506/2672 2224/2483/1965 2048/2485/1798 2437/2508/2123
f 2235/2507/1975 3067/2506/2672 2437/2508/2123 2049/2509/1799
f 1875/2268/1625 2165/2510/1906 3068/2511/2673 2227/2269/1968
f 2165/2510/1906 1873/2512/1623 2252/2513/1992 3068/2511/2673
f 3068/2511/2673 2252/2513/1992 1968/2514/1718 2333/2515/2064
f 2227/2269/1968 3068/2511/2673 2333/2515/2064 1973/2270/1723
f 1959/2516/1709 2322/2517/2055 3069/2518/2674 2237/2519/1977
f 2322/2517/2055 1960/2498/1710 2230/2501/1971 3069/2518/2674
f 3069/2518/2674 2230/2501/1971 2023/2503/1773 2466/2520/2151
f 2237/2519/1977 3069/2518/2674 2466/2520/2151 2020/2521/1770
f 1908/2522/1658 2217/2523/1958 3070/2524/2675 2249/2525/1989
f 2217/2523/1958 1910/2278/1660 2234/2281/1974 3070/2524/2675
f 3070/2524/2675 2234/2281/1974 2025/2283/1775 2385/2526/2099
f 2249/2525/1989 3070/2524/2675 2385/2526/2099 2022/2527/1772
f 1931/2528/1681 2269/2529/2009 3071/2530/2676 2240/2531/1980
f 2269/2529/2009 1930/2504/1680 2235/2507/1975 3071/2530/2676
f 3071/2530/2676 2235/2507/1975 2049/2509/1799 2436/2532/2122
f 2240/2531/1980 3071/2530/2676 2436/2532/2122 2050/2533/1800
f 1890/2534/1640 2190/2535/1931 3072/2536/2677 2255/2537/1995
f 2190/2535/1931 1892/2306/1642 2236/2309/1976 3072/2536/2677
f 3072/2536/2677 2236/2309/1976 1998/2311/1748 2358/2538/2081
f 2255/2537/1995 3072/2536/2677 2358/2538/2081 1995/2539/1745
f 1958/2540/1708 2321/2541/2054 3073/2542/2678 2243/2543/1983
f 2321/2541/2054 1959/2516/1709 2237/2519/1977 3073/2542/2678
f 3073/2542/2678 2237/2519/1977 2020/2521/1770 2465/2544/2150
f 2243/2543/1983 3073/2542/2678 2465/2544/2150 2017/2545/1767
f 1909/2476/1659 2216/2546/1957 3074/2547/2679 2238/2477/1978
f 2216/2546/1957 1907/2548/1657 2239/2549/1979 3074/2547/2679
f 3074/2547/2679 2239/2549/1979 2021/2550/1771 2384/2551/2098
f 2238/2477/1978 3074/2547/2679 2384/2551/2098 2024/2478/1774
f 1932/2552/1682 2268/2553/2008 3075/2554/2680 2244/2555/1984
f 2268/2553/2008 1931/2528/1681 2240/2531/1980 3075/2554/2680
f 3075/2554/2680 2240/2531/1980 2050/2533/1800 2435/2556/2121
f 2244/2555/1984 3075/2554/2680 2435/2556/2121 2051/2557/1801
f 1891/2494/1641 2189/2558/1930 3076/2559/2681 2241/2495/1981
f 2189/2558/1930 1889/2560/1639 2242/2561/1982 3076/2559/2681
f 3076/2559/2681 2242/2561/1982 1994/2562/1744 2357/2563/2080
f 2241/2495/1981 3076/2559/2681 2357/2563/2080 1997/2496/1747
f 1957/2564/1707 2320/2565/2053 3077/2566/2682 2247/2567/1987
f 2320/2565/2053 1958/2540/1708 2243/2543/1983 3077/2566/2682
f 3077/2566/2682 2243/2543/1983 2017/2545/1767 2464/2568/2149
f 2247/2567/1987 3077/2566/2682 2464/2568/2149 2014/2569/1764
f 1933/2570/1683 2267/2571/2007 3078/2572/2683 2251/2573/1991
f 2267/2571/2007 1932/2552/1682 2244/2555/1984 3078/2572/2683
f 3078/2572/2683 2244/2555/1984 2051/2557/1801 2434/2574/2120
f 2251/2573/1991 3078/2572/2683 2434/2574/2120 2052/2575/1802
f 1872/2576/1622 2162/2577/1903 3079/2578/2684 2245/2579/1985
f 2162/2577/1903 1874/2486/1624 2246/2489/1986 3079/2578/2684
f 3079/2578/2684 2246/2489/1986 1969/2491/1719 2330/2580/2063
f 2245/2579/1985 3079/2578/2684 2330/2580/2063 1970/2581/1720
f 1956/2582/1706 2319/2583/2052 3080/2584/2685 2304/2585/2037
f 2319/2583/2052 1957/2564/1707 2247/2567/1987 3080/2584/2685
f 3080/2584/2685 2247/2567/1987 2014/2569/1764 2463/2586/2148
f 2304/2585/2037 3080/2584/2685 2463/2586/2148 2011/2587/1761
f 1906/2588/1656 2214/2589/1955 3081/2590/2686 2248/2591/1988
f 2214/2589/1955 1908/2522/1658 2249/2525/1989 3081/2590/2686
f 3081/2590/2686 2249/2525/1989 2022/2527/1772 2382/2592/2097
f 2248/2591/1988 3081/2590/2686 2382/2592/2097 2019/2593/1769
f 1934/2594/1684 2266/2595/2006 3082/2596/2687 2250/2597/1990
f 2266/2595/2006 1933/2570/1683 2251/2573/1991 3082/2596/2687
f 3082/2596/2687 2251/2573/1991 2052/2575/1802 2433/2598/2119
f 2250/2597/1990 3082/2596/2687 2433/2598/2119 2053/2599/1803
f 1873/2512/1623 2161/2600/1902 3083/2601/2688 2252/2513/1992
f 2161/2600/1902 1871/2602/1621 2253/2603/1993 3083/2601/2688
f 3083/2601/2688 2253/2603/1993 1967/2604/1717 2329/2605/2062
f 2252/2513/1992 3083/2601/2688 2329/2605/2062 1968/2514/1718
f 1888/2606/1638 2187/2607/1928 3084/2608/2689 2254/2609/1994
f 2187/2607/1928 1890/2534/1640 2255/2537/1995 3084/2608/2689
f 3084/2608/2689 2255/2537/1995 1995/2539/1745 2355/2610/2079
f 2254/2609/1994 3084/2608/2689 2355/2610/2079 1992/2611/1742
f 1955/2612/1705 2318/2613/2051 3085/2614/2690 2256/2615/1996
f 2318/2613/2051 1956/2582/1706 2304/2585/2037 3085/2614/2690
f 3085/2614/2690 2304/2585/2037 2011/2587/1761 2462/2616/2147
f 2256/2615/1996 3085/2614/2690 2462/2616/2147 2008/2617/1758
f 1971/2618/1721 2331/2619/1021 3086/2620/2666 2447/2621/2133
f 2331/2619/1021 1970/2581/1720 2330/2580/2063 3086/2620/2666
f 3086/2620/2666 2330/2580/2063 1969/2491/1719 2401/2622/2021
f 2447/2621/2133 3086/2620/2666 2401/2622/2021 2039/2623/1789
f 2039/2623/1789 2401/2622/2021 3087/2624/1051 2446/2625/2132
f 2401/2622/2021 1969/2491/1719 2334/2490/2065 3087/2624/1051
f 3087/2624/1051 2334/2490/2065 1974/2247/1724 2402/2626/2022
f 2446/2625/2132 3087/2624/1051 2402/2626/2022 2040/2627/1790
f 2040/2627/1790 2402/2626/2022 3088/2628/2665 2445/2629/2131
f 2402/2626/2022 1974/2247/1724 2337/2246/2067 3088/2628/2665
f 3088/2628/2665 2337/2246/2067 1977/2166/1727 2403/2630/1043
f 2445/2629/2131 3088/2628/2665 2403/2630/1043 2041/2155/1791
f 2041/2155/1791 2403/2630/1043 3089/2631/2664 2444/2156/2130
f 2403/2630/1043 1977/2166/1727 2340/2165/2069 3089/2631/2664
f 3089/2631/2664 2340/2165/2069 1980/2164/1730 2404/2632/2023
f 2444/2156/2130 3089/2631/2664 2404/2632/2023 2042/2157/1792
f 2042/2157/1792 2404/2632/2023 3090/2633/1040 2443/2180/2129
f 2404/2632/2023 1980/2164/1730 2343/2634/2071 3090/2633/1040
f 3090/2633/1040 2343/2634/2071 1983/2635/1733 2405/2636/2024
f 2443/2180/2129 3090/2633/1040 2405/2636/2024 2043/2181/1793
f 2043/2181/1793 2405/2636/2024 3091/2637/2663 2442/2213/2128
f 2405/2636/2024 1983/2635/1733 2346/2638/2073 3091/2637/2663
f 3091/2637/2663 2346/2638/2073 1986/2639/1736 2406/2640/1009
f 2442/2213/2128 3091/2637/2663 2406/2640/1009 2044/2214/1794
f 2044/2239/1794 2406/2641/1009 3092/2642/2662 2441/2240/2127
f 2406/2641/1009 1986/2643/1736 2349/2644/2075 3092/2642/2662
f 3092/2642/2662 2349/2644/2075 1989/2645/1739 2407/2646/2025
f 2441/2240/2127 3092/2642/2662 2407/2646/2025 2045/2241/1795
f 2045/2241/1795 2407/2646/2025 3093/2647/1028 2440/2264/2126
f 2407/2646/2025 1989/2645/1739 2352/2648/2077 3093/2647/1028
f 3093/2647/1028 2352/2648/2077 1992/2611/1742 2408/2649/2026
f 2440/2264/2126 3093/2647/1028 2408/2649/2026 2046/2265/1796
f 2046/2265/1796 2408/2649/2026 3094/2650/2661 2439/2288/2125
f 2408/2649/2026 1992/2611/1742 2355/2610/2079 3094/2650/2661
f 3094/2650/2661 2355/2610/2079 1995/2539/1745 2409/2651/1022
f 2439/2288/2125 3094/2650/2661 2409/2651/1022 2047/2289/1797
f 2047/2289/1797 2409/2651/1022 3095/2652/2660 2438/2484/2124
f 2409/2651/1022 1995/2539/1745 2358/2538/2081 3095/2652/2660
f 3095/2652/2660 2358/2538/2081 1998/2311/1748 2410/2653/2027
f 2438/2484/2124 3095/2652/2660 2410/2653/2027 2048/2485/1798
f 2048/2485/1798 2410/2653/2027 3096/2654/1014 2437/2508/2123
f 2410/2653/2027 1998/2311/1748 2361/2310/2083 3096/2654/1014
f 3096/2654/1014 2361/2310/2083 2001/2220/1751 2411/2655/2028
f 2437/2508/2123 3096/2654/1014 2411/2655/2028 2049/2509/1799
f 2049/2509/1799 2411/2655/2028 3097/2656/2659 2436/2532/2122
f 2411/2655/2028 2001/2220/1751 2364/2219/2085 3097/2656/2659
f 3097/2656/2659 2364/2219/2085 2004/2139/1754 2412/2657/1029
f 2436/2532/2122 3097/2656/2659 2412/2657/1029 2050/2533/1800
f 2050/2533/1800 2412/2657/1029 3098/2658/2658 2435/2556/2121
f 2412/2657/1029 2004/2139/1754 2367/2138/2087 3098/2658/2658
f 3098/2658/2658 2367/2138/2087 2007/2137/1757 2413/2659/2029
f 2435/2556/2121 3098/2658/2658 2413/2659/2029 2051/2557/1801
f 2051/2557/1801 2413/2659/2029 3099/2660/1013 2434/2574/2120
f 2413/2659/2029 2007/2137/1757 2370/2661/2089 3099/2660/1013
f 3099/2660/1013 2370/2661/2089 2010/2662/1760 2414/2663/2030
f 2434/2574/2120 3099/2660/1013 2414/2663/2030 2052/2575/1802
f 2052/2575/1802 2414/2663/2030 3100/2664/2657 2433/2598/2119
f 2414/2663/2030 2010/2662/1760 2373/2665/2091 3100/2664/2657
f 3100/2664/2657 2373/2665/2091 2013/2666/1763 2415/2667/1033
f 2433/2598/2119 3100/2664/2657 2415/2667/1033 2053/2599/1803
f 2053/2599/1803 2415/2667/1033 3101/2668/2656 2432/2669/2118
f 2415/2667/1033 2013/2666/1763 2376/2670/2093 3101/2668/2656
f 3101/2668/2656 2376/2670/2093 2016/2671/1766 2416/2672/2031
f 2432/2669/2118 3101/2668/2656 2416/2672/2031 2054/2673/1804
f 2054/2673/1804 2416/2672/2031 3102/2674/1041 2431/2675/2117
f 2416/2672/2031 2016/2671/1766 2379/2676/2095 3102/2674/1041
f 3102/2674/1041 2379/2676/2095 2019/2593/1769 2417/2677/2032
f 2431/2675/2117 3102/2674/1041 2417/2677/2032 2055/2678/1805
f 2055/2678/1805 2417/2677/2032 3103/2679/2655 2430/2680/2116
f 2417/2677/2032 2019/2593/1769 2382/2592/2097 3103/2679/2655
f 3103/2679/2655 2382/2592/2097 2022/2527/1772 2418/2681/1023
f 2430/2680/2116 3103/2679/2655 2418/2681/1023 2056/2682/1806
f 2056/2682/1806 2418/2681/1023 3104/2683/2654 2429/2684/2115
f 2418/2681/1023 2022/2527/1772 2385/2526/2099 3104/2683/2654
f 3104/2683/2654 2385/2526/2099 2025/2283/1775 2419/2685/2033
f 2429/2684/2115 3104/2683/2654 2419/2685/2033 2057/2686/1807
f 2057/2686/1807 2419/2685/2033 3105/2687/1054 2428/2688/2114
f 2419/2685/2033 2025/2283/1775 2388/2282/2101 3105/2687/1054
f 3105/2687/1054 2388/2282/2101 2028/2208/1778 2420/2689/2034
f 2428/2688/2114 3105/2687/1054 2420/2689/2034 2058/2690/1808
f 2058/2690/1808 2420/2689/2034 3106/2691/2653 2427/2692/2113
f 2420/2689/2034 2028/2208/1778 2391/2207/2103 3106/2691/2653
f 3106/2691/2653 2391/2207/2103 2031/2206/1781 2421/2693/1065
f 2427/2692/2113 3106/2691/2653 2421/2693/1065 2059/2694/1809
f 2059/2694/1809 2421/2693/1065 3107/2695/2652 2426/2696/2112
f 2421/2693/1065 2031/2206/1781 2394/2697/2105 3107/2695/2652
f 3107/2695/2652 2394/2697/2105 2034/2698/1784 2422/2699/2035
f 2426/2696/2112 3107/2695/2652 2422/2699/2035 2060/2700/1810
f 2060/2700/1810 2422/2699/2035 3108/2701/1005 2425/2702/2111
f 2422/2699/2035 2034/2698/1784 2397/2703/2107 3108/2701/1005
f 3108/2701/1005 2397/2703/2107 2037/2704/1787 2423/2705/2036
f 2425/2702/2111 3108/2701/1005 2423/2705/2036 2061/2706/1811
f 2061/2706/1811 2423/2705/2036 3109/2707/2651 2424/2708/2110
f 2423/2705/2036 2037/2704/1787 2400/2709/2109 3109/2707/2651
f 3109/2707/2651 2400/2709/2109 1970/2581/1720 2331/2619/1021
f 2424/2708/2110 3109/2707/2651 2331/2619/1021 1971/2618/1721
f 1967/2604/1717 2448/2710/1021 3110/2711/2666 2329/2605/2062
f 2448/2710/1021 2062/2197/1812 2449/2712/2134 3110/2711/2666
f 3110/2711/2666 2449/2712/2134 1972/2713/1722 2332/2714/2021
f 2329/2605/2062 3110/2711/2666 2332/2714/2021 1968/2514/1718
f 1968/2514/1718 2332/2714/2021 3111/2715/1051 2333/2515/2064
f 2332/2714/2021 1972/2713/1722 2450/2716/2135 3111/2715/1051
f 3111/2715/1051 2450/2716/2135 1975/2717/1725 2335/2718/2022
f 2333/2515/2064 3111/2715/1051 2335/2718/2022 1973/2270/1723
f 1973/2270/1723 2335/2718/2022 3112/2719/2665 2336/2271/2066
f 2335/2718/2022 1975/2717/1725 2451/2720/2136 3112/2719/2665
f 3112/2719/2665 2451/2720/2136 1978/2721/1728 2338/2722/1043
f 2336/2271/2066 3112/2719/2665 2338/2722/1043 1976/2188/1726
f 1976/2188/1726 2338/2722/1043 3113/2723/2664 2339/2189/2068
f 2338/2722/1043 1978/2721/1728 2452/2724/2137 3113/2723/2664
f 3113/2723/2664 2452/2724/2137 1981/2725/1731 2341/2726/2023
f 2339/2189/2068 3113/2723/2664 2341/2726/2023 1979/2190/1729
f 1979/2190/1729 2341/2726/2023 3114/2727/1040 2342/2728/2070
f 2341/2726/2023 1981/2725/1731 2453/2729/2138 3114/2727/1040
f 3114/2727/1040 2453/2729/2138 1984/2730/1734 2344/2731/2024
f 2342/2728/2070 3114/2727/1040 2344/2731/2024 1982/2732/1732
f 1982/2732/1732 2344/2731/2024 3115/2733/2663 2345/2734/2072
f 2344/2731/2024 1984/2730/1734 2454/2735/2139 3115/2733/2663
f 3115/2733/2663 2454/2735/2139 1987/2736/1737 2347/2737/1009
f 2345/2734/2072 3115/2733/2663 2347/2737/1009 1985/2738/1735
f 1985/2739/1735 2347/2740/1009 3116/2741/2662 2348/2742/2074
f 2347/2740/1009 1987/2743/1737 2455/2744/2140 3116/2741/2662
f 3116/2741/2662 2455/2744/2140 1990/2745/1740 2350/2746/2025
f 2348/2742/2074 3116/2741/2662 2350/2746/2025 1988/2747/1738
f 1988/2747/1738 2350/2746/2025 3117/2748/1028 2351/2749/2076
f 2350/2746/2025 1990/2745/1740 2456/2750/2141 3117/2748/1028
f 3117/2748/1028 2456/2750/2141 1993/2751/1743 2353/2752/2026
f 2351/2749/2076 3117/2748/1028 2353/2752/2026 1991/2753/1741
f 1991/2753/1741 2353/2752/2026 3118/2754/2661 2354/2755/2078
f 2353/2752/2026 1993/2751/1743 2457/2756/2142 3118/2754/2661
f 3118/2754/2661 2457/2756/2142 1996/2757/1746 2356/2758/1022
f 2354/2755/2078 3118/2754/2661 2356/2758/1022 1994/2562/1744
f 1994/2562/1744 2356/2758/1022 3119/2759/2660 2357/2563/2080
f 2356/2758/1022 1996/2757/1746 2458/2760/2143 3119/2759/2660
f 3119/2759/2660 2458/2760/2143 1999/2761/1749 2359/2762/2027
f 2357/2563/2080 3119/2759/2660 2359/2762/2027 1997/2496/1747
f 1997/2496/1747 2359/2762/2027 3120/2763/1014 2360/2497/2082
f 2359/2762/2027 1999/2761/1749 2459/2764/2144 3120/2763/1014
f 3120/2763/1014 2459/2764/2144 2002/2765/1752 2362/2766/2028
f 2360/2497/2082 3120/2763/1014 2362/2766/2028 2000/2252/1750
f 2000/2252/1750 2362/2766/2028 3121/2767/2659 2363/2253/2084
f 2362/2766/2028 2002/2765/1752 2460/2768/2145 3121/2767/2659
f 3121/2767/2659 2460/2768/2145 2005/2769/1755 2365/2770/1029
f 2363/2253/2084 3121/2767/2659 2365/2770/1029 2003/2173/1753
f 2003/2173/1753 2365/2770/1029 3122/2771/2658 2366/2174/2086
f 2365/2770/1029 2005/2769/1755 2461/2772/2146 3122/2771/2658
f 3122/2771/2658 2461/2772/2146 2008/2617/1758 2368/2773/2029
f 2366/2174/2086 3122/2771/2658 2368/2773/2029 2006/2175/1756
f 2006/2175/1756 2368/2773/2029 3123/2774/1013 2369/2775/2088
f 2368/2773/2029 2008/2617/1758 2462/2616/2147 3123/2774/1013
f 3123/2774/1013 2462/2616/2147 2011/2587/1761 2371/2776/2030
f 2369/2775/2088 3123/2774/1013 2371/2776/2030 2009/2777/1759
f 2009/2777/1759 2371/2776/2030 3124/2778/2657 2372/2779/2090
f 2371/2776/2030 2011/2587/1761 2463/2586/2148 3124/2778/2657
f 3124/2778/2657 2463/2586/2148 2014/2569/1764 2374/2780/1033
f 2372/2779/2090 3124/2778/2657 2374/2780/1033 2012/2781/1762
f 2012/2781/1762 2374/2780/1033 3125/2782/2656 2375/2783/2092
f 2374/2780/1033 2014/2569/1764 2464/2568/2149 3125/2782/2656
f 3125/2782/2656 2464/2568/2149 2017/2545/1767 2377/2784/2031
f 2375/2783/2092 3125/2782/2656 2377/2784/2031 2015/2785/1765
f 2015/2785/1765 2377/2784/2031 3126/2786/1041 2378/2787/2094
f 2377/2784/2031 2017/2545/1767 2465/2544/2150 3126/2786/1041
f 3126/2786/1041 2465/2544/2150 2020/2521/1770 2380/2788/2032
f 2378/2787/2094 3126/2786/1041 2380/2788/2032 2018/2789/1768
f 2018/2789/1768 2380/2788/2032 3127/2790/2655 2381/2791/2096
f 2380/2788/2032 2020/2521/1770 2466/2520/2151 3127/2790/2655
f 3127/2790/2655 2466/2520/2151 2023/2503/1773 2383/2792/1023
f 2381/2791/2096 3127/2790/2655 2383/2792/1023 2021/2550/1771
f 2021/2550/1771 2383/2792/1023 3128/2793/2654 2384/2551/2098
f 2383/2792/1023 2023/2503/1773 2467/2502/2152 3128/2793/2654
f 3128/2793/2654 2467/2502/2152 2026/2317/1776 2386/2794/2033
f 2384/2551/2098 3128/2793/2654 2386/2794/2033 2024/2478/1774
f 2024/2478/1774 2386/2794/2033 3129/2795/1054 2387/2479/2100
f 2386/2794/2033 2026/2317/1776 2468/2316/2153 3129/2795/1054
f 3129/2795/1054 2468/2316/2153 2029/2277/1779 2389/2796/2034
f 2387/2479/2100 3129/2795/1054 2389/2796/2034 2027/2231/1777
f 2027/2231/1777 2389/2796/2034 3130/2797/2653 2390/2232/2102
f 2389/2796/2034 2029/2277/1779 2469/2276/2154 3130/2797/2653
f 3130/2797/2653 2469/2276/2154 2032/2259/1782 2392/2798/1065
f 2390/2232/2102 3130/2797/2653 2392/2798/1065 2030/2146/1780
f 2030/2146/1780 2392/2798/1065 3131/2799/2652 2393/2147/2104
f 2392/2798/1065 2032/2259/1782 2470/2258/2155 3131/2799/2652
f 3131/2799/2652 2470/2258/2155 2035/2226/1785 2395/2800/2035
f 2393/2147/2104 3131/2799/2652 2395/2800/2035 2033/2148/1783
f 2033/2148/1783 2395/2800/2035 3132/2801/1005 2396/2802/2106
f 2395/2800/2035 2035/2226/1785 2471/2225/2156 3132/2801/1005
f 3132/2801/1005 2471/2225/2156 2038/2199/1788 2398/2803/2036
f 2396/2802/2106 3132/2801/1005 2398/2803/2036 2036/2804/1786
f 2036/2804/1786 2398/2803/2036 3133/2805/2651 2399/2806/2108
f 2398/2803/2036 2038/2199/1788 2472/2198/2157 3133/2805/2651
f 3133/2805/2651 2472/2198/2157 2062/2197/1812 2448/2710/1021
f 2399/2806/2108 3133/2805/2651 2448/2710/1021 1967/2604/1717
f 1922/2153/1672 2278/2807/2018 3134/2808/2691 2478/2154/2163
f 2278/2807/2018 1921/2809/1671 2481/2810/2166 3134/2808/2691
f 3134/2808/2691 2481/2810/2166 2040/2627/1790 2445/2629/2131
f 2478/2154/2163 3134/2808/2691 2445/2629/2131 2041/2155/1791
f 1914/2204/1664 2226/2811/1967 3135/2812/2692 2163/2205/1904
f 2226/2811/1967 1916/2813/1666 2482/2814/2167 3135/2812/2692
f 3135/2812/2692 2482/2814/2167 2034/2698/1784 2394/2697/2105
f 2163/2205/1904 3135/2812/2692 2394/2697/2105 2031/2206/1781
f 1966/2195/1716 2305/2815/2038 3136/2816/2693 2473/2196/2158
f 2305/2815/2038 1943/2817/1693 2483/2818/2168 3136/2816/2693
f 3136/2816/2693 2483/2818/2168 1972/2713/1722 2449/2712/2134
f 2473/2196/2158 3136/2816/2693 2449/2712/2134 2062/2197/1812
f 1881/2819/1631 2174/2820/1915 3137/2821/2694 2484/2822/2169
f 2174/2820/1915 1879/2182/1629 2474/2185/2159 3137/2821/2694
f 3137/2821/2694 2474/2185/2159 1979/2190/1729 2342/2728/2070
f 2484/2822/2169 3137/2821/2694 2342/2728/2070 1982/2732/1732
f 1921/2809/1671 2279/2823/2019 3138/2824/2695 2481/2810/2166
f 2279/2823/2019 1920/2825/1670 2485/2826/2170 3138/2824/2695
f 3138/2824/2695 2485/2826/2170 2039/2623/1789 2446/2625/2132
f 2481/2810/2166 3138/2824/2695 2446/2625/2132 2040/2627/1790
f 1899/2827/1649 2201/2828/1942 3139/2829/2696 2486/2830/2171
f 2201/2828/1942 1897/2167/1647 2476/2170/2161 3139/2829/2696
f 3139/2829/2696 2476/2170/2161 2006/2175/1756 2369/2775/2088
f 2486/2830/2171 3139/2829/2696 2369/2775/2088 2009/2777/1759
f 1943/2817/1693 2306/2831/2039 3140/2832/2697 2483/2818/2168
f 2306/2831/2039 1944/2833/1694 2487/2834/2172 3140/2832/2697
f 3140/2832/2697 2487/2834/2172 1975/2717/1725 2450/2716/2135
f 2483/2818/2168 3140/2832/2697 2450/2716/2135 1972/2713/1722
f 1880/2162/1630 2175/2835/1916 3141/2836/2698 2477/2163/2162
f 2175/2835/1916 1882/2837/1632 2488/2838/2173 3141/2836/2698
f 3141/2836/2698 2488/2838/2173 1983/2635/1733 2343/2634/2071
f 2477/2163/2162 3141/2836/2698 2343/2634/2071 1980/2164/1730
f 1920/2825/1670 2280/2839/2020 3142/2840/2699 2485/2826/2170
f 2280/2839/2020 1919/2841/1669 2489/2842/2174 3142/2840/2699
f 3142/2840/2699 2489/2842/2174 1971/2618/1721 2447/2621/2133
f 2485/2826/2170 3142/2840/2699 2447/2621/2133 2039/2623/1789
f 1917/2843/1667 2228/2844/1969 3143/2845/2700 2490/2846/2175
f 2228/2844/1969 1915/2140/1665 2479/2143/2164 3143/2845/2700
f 3143/2845/2700 2479/2143/2164 2033/2148/1783 2396/2802/2106
f 2490/2846/2175 3143/2845/2700 2396/2802/2106 2036/2804/1786
f 1898/2135/1648 2202/2847/1943 3144/2848/2701 2480/2136/2165
f 2202/2847/1943 1900/2849/1650 2491/2850/2176 3144/2848/2701
f 3144/2848/2701 2491/2850/2176 2010/2662/1760 2370/2661/2089
f 2480/2136/2165 3144/2848/2701 2370/2661/2089 2007/2137/1757
f 1944/2833/1694 2307/2851/2040 3145/2852/2702 2487/2834/2172
f 2307/2851/2040 1945/2853/1695 2492/2854/2177 3145/2852/2702
f 3145/2852/2702 2492/2854/2177 1978/2721/1728 2451/2720/2136
f 2487/2834/2172 3145/2852/2702 2451/2720/2136 1975/2717/1725
f 1916/2813/1666 2229/2855/1970 3146/2856/2703 2482/2814/2167
f 2229/2855/1970 1918/2857/1668 2493/2858/2178 3146/2856/2703
f 3146/2856/2703 2493/2858/2178 2037/2704/1787 2397/2703/2107
f 2482/2814/2167 3146/2856/2703 2397/2703/2107 2034/2698/1784
f 1945/2853/1695 2308/2859/2041 3147/2860/2704 2492/2854/2177
f 2308/2859/2041 1946/2861/1696 2494/2862/2179 3147/2860/2704
f 3147/2860/2704 2494/2862/2179 1981/2725/1731 2452/2724/2137
f 2492/2854/2177 3147/2860/2704 2452/2724/2137 1978/2721/1728
f 1883/2863/1633 2177/2864/1918 3148/2865/2705 2495/2866/2180
f 2177/2864/1918 1881/2819/1631 2484/2822/2169 3148/2865/2705
f 3148/2865/2705 2484/2822/2169 1982/2732/1732 2345/2734/2072
f 2495/2866/2180 3148/2865/2705 2345/2734/2072 1985/2738/1735
f 1901/2867/1651 2204/2868/1945 3149/2869/2706 2496/2870/2181
f 2204/2868/1945 1899/2827/1649 2486/2830/2171 3149/2869/2706
f 3149/2869/2706 2486/2830/2171 2009/2777/1759 2372/2779/2090
f 2496/2870/2181 3149/2869/2706 2372/2779/2090 2012/2781/1762
f 1946/2861/1696 2309/2871/2042 3150/2872/2707 2494/2862/2179
f 2309/2871/2042 1947/2873/1697 2497/2874/2182 3150/2872/2707
f 3150/2872/2707 2497/2874/2182 1984/2730/1734 2453/2729/2138
f 2494/2862/2179 3150/2872/2707 2453/2729/2138 1981/2725/1731
f 1882/2837/1632 2178/2875/1919 3151/2876/2708 2488/2838/2173
f 2178/2875/1919 1884/2877/1634 2498/2878/2183 3151/2876/2708
f 3151/2876/2708 2498/2878/2183 1986/2639/1736 2346/2638/2073
f 2488/2838/2173 3151/2876/2708 2346/2638/2073 1983/2635/1733
f 1919/2841/1669 2257/2879/1997 3152/2880/2709 2489/2842/2174
f 2257/2879/1997 1942/2881/1692 2499/2882/2184 3152/2880/2709
f 3152/2880/2709 2499/2882/2184 2061/2706/1811 2424/2708/2110
f 2489/2842/2174 3152/2880/2709 2424/2708/2110 1971/2618/1721
f 1871/2602/1621 2231/2883/1972 3153/2884/2710 2253/2603/1993
f 2231/2883/1972 1917/2843/1667 2490/2846/2175 3153/2884/2710
f 3153/2884/2710 2490/2846/2175 2036/2804/1786 2399/2806/2108
f 2253/2603/1993 3153/2884/2710 2399/2806/2108 1967/2604/1717
f 1900/2849/1650 2205/2885/1946 3154/2886/2711 2491/2850/2176
f 2205/2885/1946 1902/2887/1652 2500/2888/2185 3154/2886/2711
f 3154/2886/2711 2500/2888/2185 2013/2666/1763 2373/2665/2091
f 2491/2850/2176 3154/2886/2711 2373/2665/2091 2010/2662/1760
f 1947/2873/1697 2310/2889/2043 3155/2890/2712 2497/2874/2182
f 2310/2889/2043 1948/2891/1698 2501/2892/2186 3155/2890/2712
f 3155/2890/2712 2501/2892/2186 1987/2736/1737 2454/2735/2139
f 2497/2874/2182 3155/2890/2712 2454/2735/2139 1984/2730/1734
f 1942/2881/1692 2258/2893/1998 3156/2894/2713 2499/2882/2184
f 2258/2893/1998 1941/2895/1691 2502/2896/2187 3156/2894/2713
f 3156/2894/2713 2502/2896/2187 2060/2700/1810 2425/2702/2111
f 2499/2882/2184 3156/2894/2713 2425/2702/2111 2061/2706/1811
f 1918/2857/1668 2232/2897/1973 3157/2898/2714 2493/2858/2178
f 2232/2897/1973 1872/2576/1622 2245/2579/1985 3157/2898/2714
f 3157/2898/2714 2245/2579/1985 1970/2581/1720 2400/2709/2109
f 2493/2858/2178 3157/2898/2714 2400/2709/2109 2037/2704/1787
f 1948/2899/1698 2311/2900/2044 3158/2901/2715 2501/2902/2186
f 2311/2900/2044 1949/2903/1699 2503/2904/2188 3158/2901/2715
f 3158/2901/2715 2503/2904/2188 1990/2745/1740 2455/2744/2140
f 2501/2902/2186 3158/2901/2715 2455/2744/2140 1987/2743/1737
f 1885/2905/1635 2180/2906/1921 3159/2907/2716 2504/2908/2189
f 2180/2906/1921 1883/2909/1633 2495/2910/2180 3159/2907/2716
f 3159/2907/2716 2495/2910/2180 1985/2739/1735 2348/2742/2074
f 2504/2908/2189 3159/2907/2716 2348/2742/2074 1988/2747/1738
f 1941/2895/1691 2259/2911/1999 3160/2912/2717 2502/2896/2187
f 2259/2911/1999 1940/2913/1690 2505/2914/2190 3160/2912/2717
f 3160/2912/2717 2505/2914/2190 2059/2694/1809 2426/2696/2112
f 2502/2896/2187 3160/2912/2717 2426/2696/2112 2060/2700/1810
f 1903/2915/1653 2207/2916/1948 3161/2917/2718 2506/2918/2191
f 2207/2916/1948 1901/2867/1651 2496/2870/2181 3161/2917/2718
f 3161/2917/2718 2496/2870/2181 2012/2781/1762 2375/2783/2092
f 2506/2918/2191 3161/2917/2718 2375/2783/2092 2015/2785/1765
f 1949/2903/1699 2312/2919/2045 3162/2920/2719 2503/2904/2188
f 2312/2919/2045 1950/2921/1700 2507/2922/2192 3162/2920/2719
f 3162/2920/2719 2507/2922/2192 1993/2751/1743 2456/2750/2141
f 2503/2904/2188 3162/2920/2719 2456/2750/2141 1990/2745/1740
f 1884/2923/1634 2181/2924/1922 3163/2925/2720 2498/2926/2183
f 2181/2924/1922 1886/2927/1636 2508/2928/2193 3163/2925/2720
f 3163/2925/2720 2508/2928/2193 1989/2645/1739 2349/2644/2075
f 2498/2926/2183 3163/2925/2720 2349/2644/2075 1986/2643/1736
f 1940/2913/1690 2260/2929/2000 3164/2930/2721 2505/2914/2190
f 2260/2929/2000 1939/2931/1689 2509/2932/2194 3164/2930/2721
f 3164/2930/2721 2509/2932/2194 2058/2690/1808 2427/2692/2113
f 2505/2914/2190 3164/2930/2721 2427/2692/2113 2059/2694/1809
f 1902/2887/1652 2208/2933/1949 3165/2934/2722 2500/2888/2185
f 2208/2933/1949 1904/2935/1654 2510/2936/2195 3165/2934/2722
f 3165/2934/2722 2510/2936/2195 2016/2671/1766 2376/2670/2093
f 2500/2888/2185 3165/2934/2722 2376/2670/2093 2013/2666/1763
f 1950/2921/1700 2313/2937/2046 3166/2938/2723 2507/2922/2192
f 2313/2937/2046 1951/2939/1701 2511/2940/2196 3166/2938/2723
f 3166/2938/2723 2511/2940/2196 1996/2757/1746 2457/2756/2142
f 2507/2922/2192 3166/2938/2723 2457/2756/2142 1993/2751/1743
f 1939/2931/1689 2261/2941/2001 3167/2942/2724 2509/2932/2194
f 2261/2941/2001 1938/2943/1688 2512/2944/2197 3167/2942/2724
f 3167/2942/2724 2512/2944/2197 2057/2686/1807 2428/2688/2114
f 2509/2932/2194 3167/2942/2724 2428/2688/2114 2058/2690/1808
f 1951/2939/1701 2314/2945/2047 3168/2946/2725 2511/2940/2196
f 2314/2945/2047 1952/2947/1702 2513/2948/2198 3168/2946/2725
f 3168/2946/2725 2513/2948/2198 1999/2761/1749 2458/2760/2143
f 2511/2940/2196 3168/2946/2725 2458/2760/2143 1996/2757/1746
f 1887/2949/1637 2183/2950/1924 3169/2951/2726 2514/2952/2199
f 2183/2950/1924 1885/2905/1635 2504/2908/2189 3169/2951/2726
f 3169/2951/2726 2504/2908/2189 1988/2747/1738 2351/2749/2076
f 2514/2952/2199 3169/2951/2726 2351/2749/2076 1991/2753/1741
f 1938/2943/1688 2262/2953/2002 3170/2954/2727 2512/2944/2197
f 2262/2953/2002 1937/2955/1687 2515/2956/2200 3170/2954/2727
f 3170/2954/2727 2515/2956/2200 2056/2682/1806 2429/2684/2115
f 2512/2944/2197 3170/2954/2727 2429/2684/2115 2057/2686/1807
f 1905/2957/1655 2210/2958/1951 3171/2959/2728 2516/2960/2201
f 2210/2958/1951 1903/2915/1653 2506/2918/2191 3171/2959/2728
f 3171/2959/2728 2506/2918/2191 2015/2785/1765 2378/2787/2094
f 2516/2960/2201 3171/2959/2728 2378/2787/2094 2018/2789/1768
f 1952/2947/1702 2315/2961/2048 3172/2962/2729 2513/2948/2198
f 2315/2961/2048 1953/2963/1703 2517/2964/2202 3172/2962/2729
f 3172/2962/2729 2517/2964/2202 2002/2765/1752 2459/2764/2144
f 2513/2948/2198 3172/2962/2729 2459/2764/2144 1999/2761/1749
f 1886/2927/1636 2184/2965/1925 3173/2966/2730 2508/2928/2193
f 2184/2965/1925 1888/2606/1638 2254/2609/1994 3173/2966/2730
f 3173/2966/2730 2254/2609/1994 1992/2611/1742 2352/2648/2077
f 2508/2928/2193 3173/2966/2730 2352/2648/2077 1989/2645/1739
f 1937/2955/1687 2263/2967/2003 3174/2968/2731 2515/2956/2200
f 2263/2967/2003 1936/2969/1686 2518/2970/2203 3174/2968/2731
f 3174/2968/2731 2518/2970/2203 2055/2678/1805 2430/2680/2116
f 2515/2956/2200 3174/2968/2731 2430/2680/2116 2056/2682/1806
f 1904/2935/1654 2211/2971/1952 3175/2972/2732 2510/2936/2195
f 2211/2971/1952 1906/2588/1656 2248/2591/1988 3175/2972/2732
f 3175/2972/2732 2248/2591/1988 2019/2593/1769 2379/2676/2095
f 2510/2936/2195 3175/2972/2732 2379/2676/2095 2016/2671/1766
f 1953/2963/1703 2316/2973/2049 3176/2974/2733 2517/2964/2202
f 2316/2973/2049 1954/2975/1704 2519/2976/2204 3176/2974/2733
f 3176/2974/2733 2519/2976/2204 2005/2769/1755 2460/2768/2145
f 2517/2964/2202 3176/2974/2733 2460/2768/2145 2002/2765/1752
f 1936/2969/1686 2264/2977/2004 3177/2978/2734 2518/2970/2203
f 2264/2977/2004 1935/2979/1685 2520/2980/2205 3177/2978/2734
f 3177/2978/2734 2520/2980/2205 2054/2673/1804 2431/2675/2117
f 2518/2970/2203 3177/2978/2734 2431/2675/2117 2055/2678/1805
f 1954/2975/1704 2317/2981/2050 3178/2982/2735 2519/2976/2204
f 2317/2981/2050 1955/2612/1705 2256/2615/1996 3178/2982/2735
f 3178/2982/2735 2256/2615/1996 2008/2617/1758 2461/2772/2146
f 2519/2976/2204 3178/2982/2735 2461/2772/2146 2005/2769/1755
f 1889/2560/1639 2186/2983/1927 3179/2984/2736 2242/2561/1982
f 2186/2983/1927 1887/2949/1637 2514/2952/2199 3179/2984/2736
f 3179/2984/2736 2514/2952/2199 1991/2753/1741 2354/2755/2078
f 2242/2561/1982 3179/2984/2736 2354/2755/2078 1994/2562/1744
f 1935/2979/1685 2265/2985/2005 3180/2986/2737 2520/2980/2205
f 2265/2985/2005 1934/2594/1684 2250/2597/1990 3180/2986/2737
f 3180/2986/2737 2250/2597/1990 2053/2599/1803 2432/2669/2118
f 2520/2980/2205 3180/2986/2737 2432/2669/2118 2054/2673/1804
f 1907/2548/1657 2213/2987/1954 3181/2988/2738 2239/2549/1979
f 2213/2987/1954 1905/2957/1655 2516/2960/2201 3181/2988/2738
f 3181/2988/2738 2516/2960/2201 2018/2789/1768 2381/2791/2096
f 2239/2549/1979 3181/2988/2738 2381/2791/2096 2021/2550/1771
f 1887/2949/1637 2186/2983/1927 3182/2989/2739 2548/2990/2233
f 2186/2983/1927 1889/2560/1639 2547/2991/2232 3182/2989/2739
f 3182/2992/2739 2547/2993/2232 2072/2994/1822 2529/2995/2214
f 2548/2996/2233 3182/2992/2739 2529/2995/2214 2071/2997/1821
f 1897/2167/1647 2201/2828/1942 3183/2998/2740 2550/2999/2235
f 2201/2828/1942 1899/2827/1649 2549/3000/2234 3183/2998/2740
f 3183/3001/2740 2549/3002/2234 2077/3003/1827 2534/3004/2219
f 2550/3005/2235 3183/3001/2740 2534/3004/2219 2076/3006/1826
f 1907/2548/1657 2216/2546/1957 3184/3007/2741 2552/3008/2237
f 2216/2546/1957 1909/2476/1659 2551/3009/2236 3184/3007/2741
f 3184/3010/2741 2551/3011/2236 2082/3012/1832 2539/3013/2224
f 2552/3014/2237 3184/3010/2741 2539/3013/2224 2081/3015/1831
f 1917/2843/1667 2231/2883/1972 3185/3016/2742 2554/3017/2239
f 2231/2883/1972 1871/2602/1621 2553/3018/2238 3185/3016/2742
f 3185/3019/2742 2553/3020/2238 2063/3021/1813 2544/3022/2229
f 2554/3023/2239 3185/3019/2742 2544/3022/2229 2086/3024/1836
f 1873/2512/1623 2165/2510/1906 3186/3025/2743 2556/3026/2241
f 2165/2510/1906 1875/2268/1625 2555/3027/2240 3186/3025/2743
f 3186/3028/2743 2555/3029/2240 2065/3030/1815 2522/3031/2207
f 2556/3032/2241 3186/3028/2743 2522/3031/2207 2064/3033/1814
f 1883/2909/1633 2180/2906/1921 3187/3034/2744 2558/3035/2243
f 2180/2906/1921 1885/2905/1635 2557/3036/2242 3187/3034/2744
f 3187/3037/2744 2557/3038/2242 2070/3039/1820 2527/3040/2212
f 2558/3041/2243 3187/3037/2744 2527/3040/2212 2069/3042/1819
f 1893/2250/1643 2195/2248/1936 3188/3043/2745 2560/3044/2245
f 2195/2248/1936 1895/2171/1645 2559/3045/2244 3188/3043/2745
f 3188/3046/2745 2559/3047/2244 2075/3048/1825 2532/3049/2217
f 2560/3050/2245 3188/3046/2745 2532/3049/2217 2074/3051/1824
f 1903/2915/1653 2210/2958/1951 3189/3052/2746 2562/3053/2247
f 2210/2958/1951 1905/2957/1655 2561/3054/2246 3189/3052/2746
f 3189/3055/2746 2561/3056/2246 2080/3057/1830 2537/3058/2222
f 2562/3059/2247 3189/3055/2746 2537/3058/2222 2079/3060/1829
f 1913/2144/1663 2225/2141/1966 3190/3061/2747 2564/3062/2249
f 2225/2141/1966 1915/2140/1665 2563/3063/2248 3190/3061/2747
f 3190/3064/2747 2563/3065/2248 2085/3066/1835 2542/3067/2227
f 2564/3068/2249 3190/3064/2747 2542/3067/2227 2084/3069/1834
f 1879/2182/1629 2174/2820/1915 3191/3070/2748 2545/2320/2230
f 2174/2820/1915 1881/2819/1631 2565/3071/2250 3191/3070/2748
f 3191/3072/2748 2565/3073/2250 2068/3074/1818 2525/3075/2210
f 2545/2322/2230 3191/3072/2748 2525/3075/2210 2067/2323/1817
f 1889/2560/1639 2189/2558/1930 3192/3076/2749 2547/2991/2232
f 2189/2558/1930 1891/2494/1641 2566/3077/2251 3192/3076/2749
f 3192/3078/2749 2566/3079/2251 2073/3080/1823 2530/3081/2215
f 2547/2993/2232 3192/3078/2749 2530/3081/2215 2072/2994/1822
f 1899/2827/1649 2204/2868/1945 3193/3082/2750 2549/3000/2234
f 2204/2868/1945 1901/2867/1651 2567/3083/2252 3193/3082/2750
f 3193/3084/2750 2567/3085/2252 2078/3086/1828 2535/3087/2220
f 2549/3002/2234 3193/3084/2750 2535/3087/2220 2077/3003/1827
f 1909/2476/1659 2219/2474/1960 3194/3088/2751 2551/3009/2236
f 2219/2474/1960 1911/2229/1661 2568/3089/2253 3194/3088/2751
f 3194/3090/2751 2568/3091/2253 2083/3092/1833 2540/3093/2225
f 2551/3011/2236 3194/3090/2751 2540/3093/2225 2082/3012/1832
f 1875/2268/1625 2168/2266/1909 3195/3094/2752 2555/3027/2240
f 2168/2266/1909 1877/2186/1627 2546/2319/2231 3195/3094/2752
f 3195/3095/2752 2546/2325/2231 2066/2326/1816 2523/3096/2208
f 2555/3029/2240 3195/3095/2752 2523/3096/2208 2065/3030/1815
f 1885/2905/1635 2183/2950/1924 3196/3097/2753 2557/3036/2242
f 2183/2950/1924 1887/2949/1637 2548/2990/2233 3196/3097/2753
f 3196/3098/2753 2548/2996/2233 2071/2997/1821 2528/3099/2213
f 2557/3038/2242 3196/3098/2753 2528/3099/2213 2070/3039/1820
f 1871/2602/1621 2161/2600/1902 3197/3100/2754 2553/3018/2238
f 2161/2600/1902 1873/2512/1623 2556/3026/2241 3197/3100/2754
f 3197/3101/2754 2556/3032/2241 2064/3033/1814 2521/3102/2206
f 2553/3020/2238 3197/3101/2754 2521/3102/2206 2063/3021/1813
f 1895/2171/1645 2198/2168/1939 3198/3103/2755 2559/3045/2244
f 2198/2168/1939 1897/2167/1647 2550/2999/2235 3198/3103/2755
f 3198/3104/2755 2550/3005/2235 2076/3006/1826 2533/3105/2218
f 2559/3047/2244 3198/3104/2755 2533/3105/2218 2075/3048/1825
f 1905/2957/1655 2213/2987/1954 3199/3106/2756 2561/3054/2246
f 2213/2987/1954 1907/2548/1657 2552/3008/2237 3199/3106/2756
f 3199/3107/2756 2552/3014/2237 2081/3015/1831 2538/3108/2223
f 2561/3056/2246 3199/3107/2756 2538/3108/2223 2080/3057/1830
f 1915/2140/1665 2228/2844/1969 3200/3109/2757 2563/3063/2248
f 2228/2844/1969 1917/2843/1667 2554/3017/2239 3200/3109/2757
f 3200/3110/2757 2554/3023/2239 2086/3024/1836 2543/3111/2228
f 2563/3065/2248 3200/3110/2757 2543/3111/2228 2085/3066/1835
f 1881/2819/1631 2177/2864/1918 3201/3112/2758 2565/3071/2250
f 2177/2864/1918 1883/2863/1633 2558/3113/2243 3201/3112/2758
f 3201/3114/2758 2558/3041/2243 2069/3042/1819 2526/3115/2211
f 2565/3073/2250 3201/3114/2758 2526/3115/2211 2068/3074/1818
f 1891/2494/1641 2192/2492/1933 3202/3116/2759 2566/3077/2251
f 2192/2492/1933 1893/2250/1643 2560/3044/2245 3202/3116/2759
f 3202/3117/2759 2560/3050/2245 2074/3051/1824 2531/3118/2216
f 2566/3079/2251 3202/3117/2759 2531/3118/2216 2073/3080/1823
f 1901/2867/1651 2207/2916/1948 3203/3119/2760 2567/3083/2252
f 2207/2916/1948 1903/2915/1653 2562/3053/2247 3203/3119/2760
f 3203/3120/2760 2562/3059/2247 2079/3060/1829 2536/3121/2221
f 2567/3085/2252 3203/3120/2760 2536/3121/2221 2078/3086/1828
f 1911/2229/1661 2222/2227/1963 3204/3122/2761 2568/3089/2253
f 2222/2227/1963 1913/2144/1663 2564/3062/2249 3204/3122/2761
f 3204/3123/2761 2564/3068/2249 2084/3069/1834 2541/3124/2226
f 2568/3091/2253 3204/3123/2761 2541/3124/2226 2083/3092/1833
f 3213/3125/2770 2095/3126/1845 2609/3127/2294 3759/3128/3204
f 2100/3129/1850 3217/3130/2774 3755/3131/3200 2604/3132/2289
f 2091/3133/1841 3208/2290/2765 3764/2293/3209 2613/3134/2298
f 2102/3135/1852 3219/2298/2776 3753/2301/3198 2602/3136/2287
f 3206/3137/2763 2088/3138/1838 2616/3139/2301 3766/3140/3211
f 3223/3141/2780 2105/3142/1855 2599/3143/2284 3749/3144/3194
f 3210/3145/2767 2092/3146/1842 2612/3147/2297 3762/3148/3207
f 2103/3149/1853 3220/3150/2777 3752/3151/3197 2601/3152/2286
f 3224/3153/2781 2106/3154/1856 2598/3155/2283 3748/3156/3193
f 3222/3157/2779 2104/3158/1854 2600/3159/2285 3750/3160/3195
f 3220/3150/2777 2102/3135/1852 2602/3136/2287 3752/3151/3197
f 2109/3161/1859 3226/2302/2783 3746/2305/3191 2595/3162/2280
f 2106/3154/1856 3223/3141/2780 3749/3144/3194 2598/3155/2283
f 3214/3163/2771 2096/3164/1846 2608/3165/2293 3758/3166/3203
f 2099/3167/1849 3216/3168/2773 3756/3169/3201 2605/3170/2290
f 2090/2291/1840 3207/3171/2764 3765/3172/3210 2614/2292/2299
f 2092/3146/1842 3209/3173/2766 3763/3174/3208 2612/3147/2297
f 2110/3175/1860 3227/3176/2784 3745/3177/3190 2594/3178/2279
f 3211/3179/2768 2093/3180/1843 2611/3181/2296 3761/3182/3206
f 2108/2303/1858 3225/3183/2782 3747/3184/3192 2596/2304/2281
f 2159/3185/1900 2591/3186/2276 3206/3137/2763 2089/3187/1839
f 2576/3188/2261 2145/3189/1886 2103/3149/1853 3221/3190/2778
f 2579/3191/2264 2148/3192/1889 2100/3129/1850 3218/3193/2775
f 2137/3194/1878 2569/3195/2254 2087/3196/1837 2136/2295/1877
f 2143/3197/1884 2575/3198/2260 3222/3157/2779 2105/3142/1855
f 2582/3199/2267 2151/3200/1892 2097/3201/1847 3215/3202/2772
f 2589/3203/2274 2158/3204/1899 2090/2291/1840 3208/2290/2765
f 2150/3205/1891 2582/3199/2267 3215/3202/2772 2098/3206/1848
f 2160/3207/1901 2592/3208/2277 3205/2294/2762 2088/3138/1838
f 2587/3209/2272 2156/3210/1897 2092/3146/1842 3210/3145/2767
f 2149/3211/1890 2581/3212/2266 3216/3168/2773 2099/3167/1849
f 2577/3213/2262 2146/3214/1887 2102/3135/1852 3220/3150/2777
f 2145/3189/1886 2577/3213/2262 3220/3150/2777 2103/3149/1853
f 2138/3215/1879 2570/3216/2255 3227/3176/2784 2110/3175/1860
f 2156/3210/1897 2588/3217/2273 3209/3173/2766 2092/3146/1842
f 2152/3218/1893 2584/3219/2269 3213/3125/2770 2096/3164/1846
f 2154/3220/1895 2586/3221/2271 3211/3179/2768 2094/3222/1844
f 3217/3130/2774 2099/3167/1849 2605/3170/2290 3755/3131/3200
f 2089/3187/1839 3206/3137/2763 3766/3140/3211 2615/3223/2300
f 2569/3195/2254 2138/3215/1879 2110/3175/1860 2087/3196/1837
f 2153/3224/1894 2585/3225/2270 3212/3226/2769 2095/3126/1845
f 2105/3142/1855 3222/3157/2779 3750/3160/3195 2599/3143/2284
f 3218/3193/2775 2100/3129/1850 2604/3132/2289 3754/3227/3199
f 2573/3228/2258 2142/3229/1883 2106/3154/1856 3224/3153/2781
f 2148/3192/1889 2580/3230/2265 3217/3130/2774 2100/3129/1850
f 3216/3168/2773 2098/3206/1848 2606/3231/2291 3756/3169/3201
f 2088/3138/1838 3205/2294/2762 3767/2297/3212 2616/3139/2301
f 2139/3232/1880 2571/3233/2256 3226/2302/2783 2109/3161/1859
f 2585/3225/2270 2154/3220/1895 2094/3222/1844 3212/3226/2769
f 2093/3180/1843 3210/3145/2767 3762/3148/3207 2611/3181/2296
f 2094/3222/1844 3211/3179/2768 3761/3182/3206 2610/3234/2295
f 2586/3221/2271 2155/3235/1896 2093/3180/1843 3211/3179/2768
f 2097/3201/1847 3214/3163/2771 3758/3166/3203 2607/3236/2292
f 2096/3164/1846 3213/3125/2770 3759/3128/3204 2608/3165/2293
f 3215/3202/2772 2097/3201/1847 2607/3236/2292 3757/3237/3202
f 3221/3190/2778 2103/3149/1853 2601/3152/2286 3751/3238/3196
f 3209/3173/2766 2091/3133/1841 2613/3134/2298 3763/3174/3208
f 3225/3183/2782 2107/3239/1857 2597/3240/2282 3747/3184/3192
f 3227/3176/2784 2109/3161/1859 2595/3162/2280 3745/3177/3190
f 2101/2299/1851 3218/3193/2775 3754/3227/3199 2603/2300/2288
f 2098/3206/1848 3215/3202/2772 3757/3237/3202 2606/3231/2291
f 2147/3241/1888 2579/3191/2264 3218/3193/2775 2101/2299/1851
f 2591/3186/2276 2160/3207/1901 2088/3138/1838 3206/3137/2763
f 2104/3158/1854 3221/3190/2778 3751/3238/3196 2600/3159/2285
f 2136/2295/1877 2087/3196/1837 3034/3242/2647 2593/2296/2278
f 2592/3208/2277 2137/3194/1878 2136/2295/1877 3205/2294/2762
f 2157/3243/1898 2589/3203/2274 3208/2290/2765 2091/3133/1841
f 3212/3226/2769 2094/3222/1844 2610/3234/2295 3760/3244/3205
f 2095/3126/1845 3212/3226/2769 3760/3244/3205 2609/3127/2294
f 2578/3245/2263 2147/3241/1888 2101/2299/1851 3219/2298/2776
f 2142/3229/1883 2574/3246/2259 3223/3141/2780 2106/3154/1856
f 3207/3171/2764 2089/3187/1839 2615/3223/2300 3765/3172/3210
f 2087/3196/1837 2110/3175/1860 2594/3178/2279 3034/3242/2647
f 2570/3216/2255 2139/3232/1880 2109/3161/1859 3227/3176/2784
f 2583/3247/2268 2152/3218/1893 2096/3164/1846 3214/3163/2771
f 2107/3239/1857 3224/3153/2781 3748/3156/3193 2597/3240/2282
f 2572/3248/2257 2141/3249/1882 2107/3239/1857 3225/3183/2782
f 2588/3217/2273 2157/3243/1898 2091/3133/1841 3209/3173/2766
f 2141/3249/1882 2573/3228/2258 3224/3153/2781 2107/3239/1857
f 2144/3250/1885 2576/3188/2261 3221/3190/2778 2104/3158/1854
f 2574/3246/2259 2143/3197/1884 2105/3142/1855 3223/3141/2780
f 2158/3204/1899 2590/3251/2275 3207/3171/2764 2090/2291/1840
f 2151/3200/1892 2583/3247/2268 3214/3163/2771 2097/3201/1847
f 2146/3214/1887 2578/3245/2263 3219/2298/2776 2102/3135/1852
f 2140/3252/1881 2572/3248/2257 3225/3183/2782 2108/2303/1858
f 2581/3212/2266 2150/3205/1891 2098/3206/1848 3216/3168/2773
f 2575/3198/2260 2144/3250/1885 2104/3158/1854 3222/3157/2779
f 2590/3251/2275 2159/3185/1900 2089/3187/1839 3207/3171/2764
f 2580/3230/2265 2149/3211/1890 2099/3167/1849 3217/3130/2774
f 2584/3219/2269 2153/3224/1894 2095/3126/1845 3213/3125/2770
f 2155/3235/1896 2587/3209/2272 3210/3145/2767 2093/3180/1843
f 2571/3233/2256 2140/3252/1881 2108/2303/1858 3226/2302/2783
f 2069/3042/1819 2527/3040/2212 3228/3253/2785 2526/3115/2211
f 2527/3040/2212 2070/3039/1820 2617/3254/2302 3228/3253/2785
f 3228/3253/2785 2617/3254/2302 2111/3255/1861 2618/3256/2303
f 2526/3115/2211 3228/3253/2785 2618/3256/2303 2068/3074/1818
f 2070/3039/1820 2528/3099/2213 3229/3257/2786 2617/3254/2302
f 2528/3099/2213 2071/2997/1821 2619/3258/2304 3229/3257/2786
f 3229/3257/2786 2619/3258/2304 2116/3259/1866 2620/3260/2305
f 2617/3254/2302 3229/3257/2786 2620/3260/2305 2111/3255/1861
f 2071/2997/1821 2529/2995/2214 3230/3261/2787 2619/3258/2304
f 2529/2995/2214 2072/2994/1822 2621/3262/2306 3230/3261/2787
f 3230/3261/2787 2621/3262/2306 2121/3263/1868 2622/3264/2307
f 2619/3258/2304 3230/3261/2787 2622/3264/2307 2116/3259/1866
f 2072/2994/1822 2530/3081/2215 3231/3265/2788 2621/3262/2306
f 2530/3081/2215 2073/3080/1823 2623/3266/2308 3231/3265/2788
f 3231/3265/2788 2623/3266/2308 2126/3267/1870 2624/3268/2309
f 2621/3262/2306 3231/3265/2788 2624/3268/2309 2121/3263/1868
f 2073/3080/1823 2531/3118/2216 3232/3269/2789 2623/3266/2308
f 2531/3118/2216 2074/3051/1824 2625/3270/2310 3232/3269/2789
f 3232/3269/2789 2625/3270/2310 2131/3271/1872 2626/3272/2311
f 2623/3266/2308 3232/3269/2789 2626/3272/2311 2126/3267/1870
f 2074/3051/1824 2532/3049/2217 3233/3273/2790 2625/3270/2310
f 2532/3049/2217 2075/3048/1825 2533/3105/2218 3233/3273/2790
f 3233/3273/2790 2533/3105/2218 2076/3006/1826 2627/3274/2312
f 2625/3270/2310 3233/3273/2790 2627/3274/2312 2131/3271/1872
f 2068/3074/1818 2618/3256/2303 3234/3275/2791 2525/3075/2210
f 2618/3256/2303 2111/3255/1861 2628/3276/2313 3234/3275/2791
f 3234/3275/2791 2628/3276/2313 2112/3277/1862 2629/3278/2314
f 2525/3075/2210 3234/3275/2791 2629/3278/2314 2067/2323/1817
f 2111/3255/1861 2620/3260/2305 3235/3279/69 2628/3276/2313
f 2620/3260/2305 2116/3259/1866 2630/3280/69 3235/3279/69
f 3235/3279/69 2630/3280/69 2117/3281/69 2631/3282/69
f 2628/3276/2313 3235/3279/69 2631/3282/69 2112/3277/1862
f 2116/3259/1866 2622/3264/2307 3236/3283/69 2630/3280/69
f 2622/3264/2307 2121/3263/1868 2632/3284/69 3236/3283/69
f 3236/3283/69 2632/3284/69 2122/3285/69 2633/3286/69
f 2630/3280/69 3236/3283/69 2633/3286/69 2117/3281/69
f 2121/3263/1868 2624/3268/2309 3237/3287/69 2632/3284/69
f 2624/3268/2309 2126/3267/1870 2634/3288/69 3237/3287/69
f 3237/3287/69 2634/3288/69 2127/3289/69 2635/3290/69
f 2632/3284/69 3237/3287/69 2635/3290/69 2122/3285/69
f 2126/3267/1870 2626/3272/2311 3238/3291/69 2634/3288/69
f 2626/3272/2311 2131/3271/1872 2636/3292/2315 3238/3291/69
f 3238/3291/69 2636/3292/2315 2132/3293/1873 2637/3294/69
f 2634/3288/69 3238/3291/69 2637/3294/69 2127/3289/69
f 2131/3271/1872 2627/3274/2312 3239/3295/2792 2636/3292/2315
f 2627/3274/2312 2076/3006/1826 2534/3004/2219 3239/3295/2792
f 3239/3295/2792 2534/3004/2219 2077/3003/1827 2638/3296/2316
f 2636/3292/2315 3239/3295/2792 2638/3296/2316 2132/3293/1873
f 2067/2323/1817 2629/3278/2314 3240/3297/2793 2524/2324/2209
f 2629/3278/2314 2112/3277/1862 2639/3298/2317 3240/3297/2793
f 3240/3297/2793 2639/3298/2317 2113/3299/1863 2640/3300/2318
f 2524/2324/2209 3240/3297/2793 2640/3300/2318 2066/2326/1816
f 2112/3277/1862 2631/3282/69 3241/3301/69 2639/3298/2317
f 2631/3282/69 2117/3281/69 2641/3302/69 3241/3301/69
f 3241/3301/69 2641/3302/69 2118/3303/69 2642/3304/69
f 2639/3298/2317 3241/3301/69 2642/3304/69 2113/3299/1863
f 2117/3281/69 2633/3286/69 3242/3305/69 2641/3302/69
f 2633/3286/69 2122/3285/69 2643/3306/69 3242/3305/69
f 3242/3305/69 2643/3306/69 2123/3307/69 2644/3308/69
f 2641/3302/69 3242/3305/69 2644/3308/69 2118/3303/69
f 2122/3285/69 2635/3290/69 3243/3309/69 2643/3306/69
f 2635/3290/69 2127/3289/69 2645/3310/69 3243/3309/69
f 3243/3309/69 2645/3310/69 2128/3311/69 2646/3312/69
f 2643/3306/69 3243/3309/69 2646/3312/69 2123/3307/69
f 2127/3289/69 2637/3294/69 3244/3313/69 2645/3310/69
f 2637/3294/69 2132/3293/1873 2647/3314/2319 3244/3313/69
f 3244/3313/69 2647/3314/2319 2133/3315/1874 2648/3316/69
f 2645/3310/69 3244/3313/69 2648/3316/69 2128/3311/69
f 2132/3293/1873 2638/3296/2316 3245/3317/2794 2647/3314/2319
f 2638/3296/2316 2077/3003/1827 2535/3087/2220 3245/3317/2794
f 3245/3317/2794 2535/3087/2220 2078/3086/1828 2649/3318/2320
f 2647/3314/2319 3245/3317/2794 2649/3318/2320 2133/3315/1874
f 2066/2326/1816 2640/3300/2318 3246/3319/2795 2523/3096/2208
f 2640/3300/2318 2113/3299/1863 2650/3320/2321 3246/3319/2795
f 3246/3319/2795 2650/3320/2321 2114/3321/1864 2651/3322/2322
f 2523/3096/2208 3246/3319/2795 2651/3322/2322 2065/3030/1815
f 2113/3299/1863 2642/3304/69 3247/3323/69 2650/3320/2321
f 2642/3304/69 2118/3303/69 2652/3324/69 3247/3323/69
f 3247/3323/69 2652/3324/69 2119/3325/69 2653/3326/69
f 2650/3320/2321 3247/3323/69 2653/3326/69 2114/3321/1864
f 2118/3303/69 2644/3308/69 3248/3327/69 2652/3324/69
f 2644/3308/69 2123/3307/69 2654/3328/69 3248/3327/69
f 3248/3327/69 2654/3328/69 2124/3329/69 2655/3330/69
f 2652/3324/69 3248/3327/69 2655/3330/69 2119/3325/69
f 2123/3307/69 2646/3312/69 3249/3331/69 2654/3328/69
f 2646/3312/69 2128/3311/69 2656/3332/69 3249/3331/69
f 3249/3331/69 2656/3332/69 2129/3333/69 2657/3334/69
f 2654/3328/69 3249/3331/69 2657/3334/69 2124/3329/69
f 2128/3311/69 2648/3316/69 3250/3335/69 2656/3332/69
f 2648/3316/69 2133/3315/1874 2658/3336/2323 3250/3335/69
f 3250/3335/69 2658/3336/2323 2134/3337/1875 2659/3338/69
f 2656/3332/69 3250/3335/69 2659/3338/69 2129/3333/69
f 2133/3315/1874 2649/3318/2320 3251/3339/2796 2658/3336/2323
f 2649/3318/2320 2078/3086/1828 2536/3121/2221 3251/3339/2796
f 3251/3339/2796 2536/3121/2221 2079/3060/1829 2660/3340/2324
f 2658/3336/2323 3251/3339/2796 2660/3340/2324 2134/3337/1875
f 2065/3030/1815 2651/3322/2322 3252/3341/2797 2522/3031/2207
f 2651/3322/2322 2114/3321/1864 2661/3342/2325 3252/3341/2797
f 3252/3341/2797 2661/3342/2325 2115/3343/1865 2662/3344/2326
f 2522/3031/2207 3252/3341/2797 2662/3344/2326 2064/3033/1814
f 2114/3321/1864 2653/3326/69 3253/3345/69 2661/3342/2325
f 2653/3326/69 2119/3325/69 2663/3346/69 3253/3345/69
f 3253/3345/69 2663/3346/69 2120/3347/1867 2664/3348/2327
f 2661/3342/2325 3253/3345/69 2664/3348/2327 2115/3343/1865
f 2119/3325/69 2655/3330/69 3254/3349/69 2663/3346/69
f 2655/3330/69 2124/3329/69 2665/3350/69 3254/3349/69
f 3254/3349/69 2665/3350/69 2125/3351/1869 2666/3352/2328
f 2663/3346/69 3254/3349/69 2666/3352/2328 2120/3347/1867
f 2124/3329/69 2657/3334/69 3255/3353/69 2665/3350/69
f 2657/3334/69 2129/3333/69 2667/3354/69 3255/3353/69
f 3255/3353/69 2667/3354/69 2130/3355/1871 2668/3356/2329
f 2665/3350/69 3255/3353/69 2668/3356/2329 2125/3351/1869
f 2129/3333/69 2659/3338/69 3256/3357/69 2667/3354/69
f 2659/3338/69 2134/3337/1875 2669/3358/2330 3256/3357/69
f 3256/3357/69 2669/3358/2330 2135/3359/1876 2670/3360/2331
f 2667/3354/69 3256/3357/69 2670/3360/2331 2130/3355/1871
f 2134/3337/1875 2660/3340/2324 3257/3361/2798 2669/3358/2330
f 2660/3340/2324 2079/3060/1829 2537/3058/2222 3257/3361/2798
f 3257/3361/2798 2537/3058/2222 2080/3057/1830 2671/3362/2332
f 2669/3358/2330 3257/3361/2798 2671/3362/2332 2135/3359/1876
f 2064/3033/1814 2662/3344/2326 3258/3363/2799 2521/3102/2206
f 2662/3344/2326 2115/3343/1865 2672/3364/2333 3258/3363/2799
f 3258/3363/2799 2672/3364/2333 2086/3024/1836 2544/3022/2229
f 2521/3102/2206 3258/3363/2799 2544/3022/2229 2063/3021/1813
f 2115/3343/1865 2664/3348/2327 3259/3365/2800 2672/3364/2333
f 2664/3348/2327 2120/3347/1867 2673/3366/2334 3259/3365/2800
f 3259/3365/2800 2673/3366/2334 2085/3066/1835 2543/3111/2228
f 2672/3364/2333 3259/3365/2800 2543/3111/2228 2086/3024/1836
f 2120/3347/1867 2666/3352/2328 3260/3367/2801 2673/3366/2334
f 2666/3352/2328 2125/3351/1869 2674/3368/2335 3260/3367/2801
f 3260/3367/2801 2674/3368/2335 2084/3069/1834 2542/3067/2227
f 2673/3366/2334 3260/3367/2801 2542/3067/2227 2085/3066/1835
f 2125/3351/1869 2668/3356/2329 3261/3369/2802 2674/3368/2335
f 2668/3356/2329 2130/3355/1871 2675/3370/2336 3261/3369/2802
f 3261/3369/2802 2675/3370/2336 2083/3092/1833 2541/3124/2226
f 2674/3368/2335 3261/3369/2802 2541/3124/2226 2084/3069/1834
f 2130/3355/1871 2670/3360/2331 3262/3371/2803 2675/3370/2336
f 2670/3360/2331 2135/3359/1876 2676/3372/2337 3262/3371/2803
f 3262/3371/2803 2676/3372/2337 2082/3012/1832 2540/3093/2225
f 2675/3370/2336 3262/3371/2803 2540/3093/2225 2083/3092/1833
f 2135/3359/1876 2671/3362/2332 3263/3373/2804 2676/3372/2337
f 2671/3362/2332 2080/3057/1830 2538/3108/2223 3263/3373/2804
f 3263/3373/2804 2538/3108/2223 2081/3015/1831 2539/3013/2224
f 2676/3372/2337 3263/3373/2804 2539/3013/2224 2082/3012/1832
f 2686/3374/2347 2709/3375/2370 2152/3218/1893 2583/3247/2268
f 2682/3376/2343 2705/3377/2366 2156/3210/1897 2587/3209/2272
f 2710/3378/2371 2686/3374/2347 2583/3247/2268 2151/3200/1892
f 2699/3379/2360 2722/3380/2383 2139/3232/1880 2570/3216/2255
f 2701/3381/2362 2677/3382/2338 2592/3208/2277 2160/3207/1901
f 2708/3383/2369 2684/3384/2345 2585/3225/2270 2153/3224/1894
f 3296/3385/2837 3273/3386/2814 2703/3387/2364 2680/3388/2341
f 2706/3389/2367 2682/3376/2343 2587/3209/2272 2155/3235/1896
f 2721/3390/2382 2697/3391/2358 2572/3248/2257 2140/3252/1881
f 2713/3392/2374 2689/3393/2350 2580/3230/2265 2148/3192/1889
f 3282/3394/2823 2732/3395/2393 2717/3396/2378 2694/3397/2355
f 3280/3398/2821 2730/3399/2391 2719/3400/2380 2696/3401/2357
f 2698/3402/2359 2721/3390/2382 2140/3252/1881 2571/3233/2256
f 2681/3403/2342 2704/3404/2365 2157/3243/1898 2588/3217/2273
f 1912/2200/1662 2220/2279/1961 2729/3405/2390 3279/3406/2820
f 3298/3407/2839 3275/3408/2816 2701/3381/2362 2678/3409/2339
f 2719/3400/2380 2695/3410/2356 2574/3246/2259 2142/3229/1883
f 2690/3411/2351 2713/3392/2374 2148/3192/1889 2579/3191/2264
f 2190/2535/1931 1890/2534/1640 3290/3412/2831 3266/3413/2807
f 2166/2487/1907 1874/2486/1624 3298/3414/2839 3274/3415/2815
f 2677/3382/2338 2724/3416/2385 2137/3194/1878 2592/3208/2277
f 2691/3417/2352 2714/3418/2375 2147/3241/1888 2578/3245/2263
f 2679/3419/2340 2702/3420/2363 2159/3185/1900 2590/3251/2275
f 2217/2523/1958 1908/2522/1658 3281/3421/2822 2730/3422/2391
f 2696/3401/2357 2719/3400/2380 2142/3229/1883 2573/3228/2258
f 2704/3404/2365 2680/3388/2341 2589/3203/2274 2157/3243/1898
f 3268/3423/2809 3292/3424/2833 2684/3384/2345 2708/3383/2369
f 2715/3425/2376 2691/3417/2352 2578/3245/2263 2146/3214/1887
f 2694/3397/2355 2717/3396/2378 2144/3250/1885 2575/3198/2260
f 3279/3426/2820 2729/3427/2390 2720/3428/2381 2697/3391/2358
f 2732/3395/2393 3283/3429/2824 2693/3430/2354 2717/3396/2378
f 3293/3431/2834 3270/3432/2811 2706/3389/2367 2683/3433/2344
f 2726/3434/2387 3277/3435/2818 2699/3379/2360 2723/3436/2384
f 2730/3399/2391 3281/3437/2822 2695/3410/2356 2719/3400/2380
f 3289/3438/2830 3266/3439/2807 2710/3378/2371 2687/3440/2348
f 3271/3441/2812 3295/3442/2836 2681/3403/2342 2705/3377/2366
f 3273/3386/2814 3297/3443/2838 2679/3419/2340 2703/3387/2364
f 1894/2215/1644 2193/2307/1934 3265/3444/2806 3288/3445/2829
f 2199/2132/1940 1896/2131/1646 3287/3446/2828 2736/3447/2397
f 2736/3448/2397 3287/3449/2828 2689/3393/2350 2713/3392/2374
f 2226/2811/1967 1914/2204/1664 3278/3450/2819 2727/3451/2388
f 1910/2278/1660 2217/2523/1958 2730/3422/2391 3280/3452/2821
f 2196/2216/1937 1894/2215/1644 3288/3445/2829 3264/3453/2805
f 1876/2242/1626 2166/2487/1907 3274/3415/2815 3297/3454/2838
f 1892/2306/1642 2190/2535/1931 3266/3413/2807 3289/3455/2830
f 2712/3456/2373 2688/3457/2349 2581/3212/2266 2149/3211/1890
f 2723/3436/2384 2699/3379/2360 2570/3216/2255 2138/3215/1879
f 2223/2201/1964 1912/2200/1662 3279/3406/2820 2728/3458/2389
f 2684/3384/2345 2707/3459/2368 2154/3220/1895 2585/3225/2270
f 2729/3427/2390 3280/3398/2821 2696/3401/2357 2720/3428/2381
f 2728/3460/2389 3279/3426/2820 2697/3391/2358 2721/3390/2382
f 2711/3461/2372 2687/3440/2348 2582/3199/2267 2150/3205/1891
f 3297/3443/2838 3274/3462/2815 2702/3420/2363 2679/3419/2340
f 3285/3463/2826 2735/3464/2396 2714/3418/2375 2691/3417/2352
f 3265/3465/2806 3289/3438/2830 2687/3440/2348 2711/3461/2372
f 3281/3437/2822 2731/3466/2392 2718/3467/2379 2695/3410/2356
f 3284/3468/2825 2734/3469/2395 2715/3425/2376 2692/3470/2353
f 3288/3471/2829 3265/3465/2806 2711/3461/2372 2688/3457/2349
f 3276/3472/2817 2726/3434/2387 2723/3436/2384 2700/3473/2361
f 3274/3462/2815 3298/3407/2839 2678/3409/2339 2702/3420/2363
f 2735/3464/2396 3286/3474/2827 2690/3411/2351 2714/3418/2375
f 2172/2159/1913 1878/2158/1628 3296/3475/2837 3272/3476/2813
f 2232/2897/1973 1918/2857/1668 3276/3477/2817 2725/3478/2386
f 3269/3479/2810 3293/3431/2834 2683/3433/2344 2707/3459/2368
f 1916/2813/1666 2226/2811/1967 2727/3451/2388 3277/3480/2818
f 2169/2243/1910 1876/2242/1626 3297/3454/2838 3273/3481/2814
f 1896/2131/1646 2196/2216/1937 3264/3453/2805 3287/3446/2828
f 1898/2135/1648 2199/2132/1940 2736/3447/2397 3286/3482/2827
f 1914/2204/1664 2223/2201/1964 2728/3458/2389 3278/3450/2819
f 2707/3459/2368 2683/3433/2344 2586/3221/2271 2154/3220/1895
f 2705/3377/2366 2681/3403/2342 2588/3217/2273 2156/3210/1897
f 2162/2577/1903 1872/2576/1622 3299/3483/2840 3275/3484/2816
f 2685/3485/2346 2708/3383/2369 2153/3224/1894 2584/3219/2269
f 3272/3486/2813 3296/3385/2837 2680/3388/2341 2704/3404/2365
f 3286/3474/2827 2736/3448/2397 2713/3392/2374 2690/3411/2351
f 2700/3473/2361 2723/3436/2384 2138/3215/1879 2569/3195/2254
f 2734/3469/2395 3285/3463/2826 2691/3417/2352 2715/3425/2376
f 3291/3487/2832 3268/3423/2809 2708/3383/2369 2685/3485/2346
f 2725/3488/2386 3276/3472/2817 2700/3473/2361 2724/3416/2385
f 3287/3449/2828 3264/3489/2805 2712/3456/2373 2689/3393/2350
f 3290/3490/2831 3267/3491/2808 2709/3375/2370 2686/3374/2347
f 3294/3492/2835 3271/3441/2812 2705/3377/2366 2682/3376/2343
f 1886/2927/1636 2181/2924/1922 3269/3493/2810 3292/3494/2833
f 3264/3489/2805 3288/3471/2829 2688/3457/2349 2712/3456/2373
f 3299/3495/2840 2725/3488/2386 2724/3416/2385 2677/3382/2338
f 1880/2162/1630 2172/2159/1913 3272/3476/2813 3295/3496/2836
f 1872/2576/1622 2232/2897/1973 2725/3478/2386 3299/3483/2840
f 1904/2935/1654 2208/2933/1949 2733/3497/2394 3283/3498/2824
f 2205/2885/1946 1900/2849/1650 3285/3499/2826 2734/3500/2395
f 2229/2855/1970 1916/2813/1666 3277/3480/2818 2726/3501/2387
f 2175/2835/1916 1880/2162/1630 3295/3496/2836 3271/3502/2812
f 2178/2875/1919 1882/2837/1632 3294/3503/2835 3270/3504/2811
f 1878/2158/1628 2169/2243/1910 3273/3481/2814 3296/3475/2837
f 2716/3505/2377 2692/3470/2353 2577/3213/2262 2145/3189/1886
f 2720/3428/2381 2696/3401/2357 2573/3228/2258 2141/3249/1882
f 2202/2847/1943 1898/2135/1648 3286/3482/2827 2735/3506/2396
f 2724/3416/2385 2700/3473/2361 2569/3195/2254 2137/3194/1878
f 2733/3507/2394 3284/3468/2825 2692/3470/2353 2716/3505/2377
f 3292/3424/2833 3269/3479/2810 2707/3459/2368 2684/3384/2345
f 2695/3410/2356 2718/3467/2379 2143/3197/1884 2574/3246/2259
f 3275/3408/2816 3299/3495/2840 2677/3382/2338 2701/3381/2362
f 3270/3432/2811 3294/3492/2835 2682/3376/2343 2706/3389/2367
f 3277/3435/2818 2727/3508/2388 2722/3380/2383 2699/3379/2360
f 3267/3491/2808 3291/3487/2832 2685/3485/2346 2709/3375/2370
f 3278/3509/2819 2728/3460/2389 2721/3390/2382 2698/3402/2359
f 2214/2589/1955 1906/2588/1656 3282/3510/2823 2731/3511/2392
f 1890/2534/1640 2187/2607/1928 3267/3512/2808 3290/3412/2831
f 3295/3442/2836 3272/3486/2813 2704/3404/2365 2681/3403/2342
f 2187/2607/1928 1888/2606/1638 3291/3513/2832 3267/3512/2808
f 1902/2887/1652 2205/2885/1946 2734/3500/2395 3284/3514/2825
f 2184/2965/1925 1886/2927/1636 3292/3494/2833 3268/3515/2809
f 1908/2522/1658 2214/2589/1955 2731/3511/2392 3281/3421/2822
f 1884/2877/1634 2178/2875/1919 3270/3504/2811 3293/3516/2834
f 1874/2486/1624 2162/2577/1903 3275/3484/2816 3298/3414/2839
f 1882/2837/1632 2175/2835/1916 3271/3502/2812 3294/3503/2835
f 2211/2971/1952 1904/2935/1654 3283/3498/2824 2732/3517/2393
f 1918/2857/1668 2229/2855/1970 2726/3501/2387 3276/3477/2817
f 2703/3387/2364 2679/3419/2340 2590/3251/2275 2158/3204/1899
f 2689/3393/2350 2712/3456/2373 2149/3211/1890 2580/3230/2265
f 1900/2849/1650 2202/2847/1943 2735/3506/2396 3285/3499/2826
f 2688/3457/2349 2711/3461/2372 2150/3205/1891 2581/3212/2266
f 3266/3439/2807 3290/3490/2831 2686/3374/2347 2710/3378/2371
f 2718/3467/2379 2694/3397/2355 2575/3198/2260 2143/3197/1884
f 2722/3380/2383 2698/3402/2359 2571/3233/2256 2139/3232/1880
f 2727/3508/2388 3278/3509/2819 2698/3402/2359 2722/3380/2383
f 2731/3466/2392 3282/3394/2823 2694/3397/2355 2718/3467/2379
f 2687/3440/2348 2710/3378/2371 2151/3200/1892 2582/3199/2267
f 2678/3409/2339 2701/3381/2362 2160/3207/1901 2591/3186/2276
f 3283/3429/2824 2733/3507/2394 2716/3505/2377 2693/3430/2354
f 2220/2279/1961 1910/2278/1660 3280/3452/2821 2729/3405/2390
f 2697/3391/2358 2720/3428/2381 2141/3249/1882 2572/3248/2257
f 2680/3388/2341 2703/3387/2364 2158/3204/1899 2589/3203/2274
f 2193/2307/1934 1892/2306/1642 3289/3455/2830 3265/3444/2806
f 1906/2588/1656 2211/2971/1952 2732/3517/2393 3282/3510/2823
f 2714/3418/2375 2690/3411/2351 2579/3191/2264 2147/3241/1888
f 2692/3470/2353 2715/3425/2376 2146/3214/1887 2577/3213/2262
f 1888/2606/1638 2184/2965/1925 3268/3515/2809 3291/3513/2832
f 2208/2933/1949 1902/2887/1652 3284/3514/2825 2733/3497/2394
f 2693/3430/2354 2716/3505/2377 2145/3189/1886 2576/3188/2261
f 2702/3420/2363 2678/3409/2339 2591/3186/2276 2159/3185/1900
f 2181/2924/1922 1884/2923/1634 3293/3518/2834 3269/3493/2810
f 2683/3433/2344 2706/3389/2367 2155/3235/1896 2586/3221/2271
f 2717/3396/2378 2693/3430/2354 2576/3188/2261 2144/3250/1885
f 2709/3375/2370 2685/3485/2346 2584/3219/2269 2152/3218/1893
f 2875/3519/2536 2851/3520/2512 2814/3521/2475 2790/3522/2451
f 2880/3523/2541 2856/3524/2517 2809/3525/2470 2785/3526/2446
f 2789/3527/2450 2813/3528/2474 2756/3529/2417 2780/3530/2441
f 2824/3531/2485 2801/3532/2462 2768/3533/2429 2745/3534/2406
f 2870/3535/2531 2846/3536/2507 2819/3537/2480 2795/3538/2456
f 2840/3539/2501 2863/3540/2524 2802/3541/2463 2825/3542/2486
f 2791/3543/2452 2815/3544/2476 2754/3545/2415 2778/3546/2439
f 2798/3547/2459 2822/3548/2483 2747/3549/2408 2771/3550/2432
f 2860/3551/2521 2836/3552/2497 2829/3553/2490 2805/3554/2466
f 2868/3555/2529 2844/3556/2505 2821/3557/2482 2797/3558/2458
f 2818/3559/2479 2795/3538/2456 2774/3560/2435 2751/3561/2412
f 2788/3562/2449 2812/3563/2473 2757/3564/2418 2781/3565/2442
f 2846/3536/2507 2869/3566/2530 2796/3567/2457 2819/3537/2480
f 2854/3568/2515 2877/3569/2538 2788/3562/2449 2811/3570/2472
f 2819/3537/2480 2796/3567/2457 2773/3571/2434 2750/3572/2411
f 2831/3573/2492 2808/3574/2469 2761/3575/2422 2738/3576/2399
f 2871/3577/2532 2847/3578/2508 2818/3559/2479 2794/3579/2455
f 2857/3580/2518 2833/3581/2494 2832/3582/2493 2808/3574/2469
f 2826/3583/2487 2803/3584/2464 2766/3585/2427 2743/3586/2404
f 2787/3587/2448 2811/3570/2472 2758/3588/2419 2782/3589/2443
f 2849/3590/2510 2872/3591/2533 2793/3592/2454 2816/3593/2477
f 2874/3594/2535 2850/3595/2511 2815/3544/2476 2791/3543/2452
f 2830/3596/2491 2807/3597/2468 2762/3598/2423 2739/3599/2400
f 2829/3553/2490 2806/3600/2467 2763/3601/2424 2740/3602/2401
f 2864/3603/2525 2840/3539/2501 2825/3542/2486 2801/3532/2462
f 2832/3582/2493 2785/3526/2446 2784/3604/2445 2737/3605/2398
f 2790/3522/2451 2814/3521/2475 2755/3606/2416 2779/3607/2440
f 2804/3608/2465 2828/3609/2489 2741/3610/2402 2765/3611/2426
f 2803/3584/2464 2827/3612/2488 2742/3613/2403 2766/3585/2427
f 2816/3593/2477 2793/3592/2454 2776/3614/2437 2753/3615/2414
f 2828/3609/2489 2805/3554/2466 2764/3616/2425 2741/3610/2402
f 2792/3617/2453 2816/3593/2477 2753/3615/2414 2777/3618/2438
f 2799/3619/2460 2823/3620/2484 2746/3621/2407 2770/3622/2431
f 2845/3623/2506 2868/3555/2529 2797/3558/2458 2820/3624/2481
f 2878/3625/2539 2854/3568/2515 2811/3570/2472 2787/3587/2448
f 2865/3626/2526 2841/3627/2502 2824/3531/2485 2800/3628/2461
f 2867/3629/2528 2843/3630/2504 2822/3548/2483 2798/3547/2459
f 2813/3528/2474 2790/3522/2451 2779/3607/2440 2756/3529/2417
f 2835/3631/2496 2858/3632/2519 2807/3597/2468 2830/3596/2491
f 2869/3566/2530 2845/3623/2506 2820/3624/2481 2796/3567/2457
f 2812/3563/2473 2789/3527/2450 2780/3530/2441 2757/3564/2418
f 2808/3574/2469 2832/3582/2493 2737/3605/2398 2761/3575/2422
f 3424/3633/2965 3447/3634/2988 3370/3635/2911 3393/3636/2934
f 2998/3637/2611 3310/3638/2851 2931/3639/217 2955/3640/217
f 2909/3641/2570 2886/3642/2547 2875/3519/2536 2852/3643/2513
f 2925/3644/2586 2902/3645/2563 2859/3646/2520 2836/3552/2497
f 3308/3647/2849 2997/3648/2610 2956/3649/217 2933/3650/217
f 3009/3651/2622 2986/3652/2599 2967/3653/217 2944/3654/217
f 2966/3655/217 2942/3656/217 2915/3657/2576 2891/3658/2552
f 2974/3659/217 2950/3660/217 2907/3661/2568 2883/3662/2544
f 2997/3648/2610 3309/3663/2850 2932/3664/217 2956/3649/217
f 3303/3665/2844 2992/3666/2605 2961/3667/217 2938/3668/217
f 2901/3669/2562 2925/3644/2586 2836/3552/2497 2860/3551/2521
f 2891/3658/2552 2915/3657/2576 2846/3536/2507 2870/3535/2531
f 3312/3670/2853 2977/3671/2590 2976/3672/217 2929/3673/217
f 2994/3674/2607 3306/3675/2847 2935/3676/217 2959/3677/217
f 2954/3678/217 2930/3679/217 2927/3680/2588 2903/3681/2564
f 2946/3682/217 2969/3683/217 2888/3684/2549 2911/3685/2572
f 3302/3686/2843 2991/3687/2604 2962/3688/217 2939/3689/217
f 3300/3690/2841 2989/3691/2602 2964/3692/217 2941/3693/217
f 2917/3694/2578 2894/3695/2555 2867/3629/2528 2844/3556/2505
f 2900/3696/2561 2924/3697/2585 2837/3698/2498 2861/3699/2522
f 3301/3700/2842 2990/3701/2603 2963/3702/217 2940/3703/217
f 3357/3704/2898 3333/3705/2874 3004/3706/2617 2980/3707/2593
f 2948/3708/217 2971/3709/217 2886/3642/2547 2909/3641/2570
f 2955/3640/217 2931/3639/217 2926/3710/2587 2902/3645/2563
f 2986/3652/2599 3010/3711/2623 2943/3712/217 2967/3653/217
f 3331/3713/2872 3354/3714/2895 2983/3715/2596 3006/3716/2619
f 2902/3645/2563 2926/3710/2587 2835/3631/2496 2859/3646/2520
f 2890/3717/2551 2914/3718/2575 2847/3578/2508 2871/3577/2532
f 3333/3705/2874 3356/3719/2897 2981/3720/2594 3004/3706/2617
f 3358/3721/2899 3334/3722/2875 3003/3723/2616 2979/3724/2592
f 2931/3639/217 2954/3678/217 2903/3681/2564 2926/3710/2587
f 2942/3656/217 2965/3725/217 2892/3726/2553 2915/3657/2576
f 3341/3727/2882 3317/3728/2858 3308/3647/2849 2996/3729/2609
f 3349/3730/2890 3325/3731/2866 3300/3690/2841 2988/3732/2601
f 2885/3733/2546 2909/3641/2570 2852/3643/2513 2876/3734/2537
f 2919/3735/2580 2896/3736/2557 2865/3626/2526 2842/3737/2503
f 3337/3738/2878 3313/3739/2854 3312/3670/2853 3000/3740/2613
f 3329/3741/2870 3352/3742/2893 2985/3743/2598 3008/3744/2621
f 2976/3672/217 2952/3745/217 2905/3746/2566 2881/3747/2542
f 2957/3748/217 2933/3650/217 2924/3697/2585 2900/3696/2561
f 3339/3749/2880 3315/3750/2856 3310/3638/2851 2998/3637/2611
f 3318/3751/2859 3341/3727/2882 2996/3729/2609 3307/3752/2848
f 2920/3753/2581 2897/3754/2558 2864/3603/2525 2841/3627/2502
f 2896/3736/2557 2920/3753/2581 2841/3627/2502 2865/3626/2526
f 3313/3739/2854 3360/3755/2901 2977/3671/2590 3312/3670/2853
f 3352/3742/2893 3328/3756/2869 3009/3651/2622 2985/3743/2598
f 3310/3638/2851 2999/3757/2612 2954/3678/217 2931/3639/217
f 2930/3679/217 2953/3758/217 2904/3759/2565 2927/3680/2588
f 3343/3760/2884 3319/3761/2860 3306/3675/2847 2994/3674/2607
f 3317/3728/2858 3340/3762/2881 2997/3648/2610 3308/3647/2849
f 2884/3763/2545 2908/3764/2569 2853/3765/2514 2877/3569/2538
f 2911/3685/2572 2888/3684/2549 2873/3766/2534 2850/3595/2511
f 3328/3756/2869 3351/3767/2892 2986/3652/2599 3009/3651/2622
f 3330/3768/2871 3353/3769/2894 2984/3770/2597 3007/3771/2620
f 3003/3723/2616 2980/3707/2593 2973/3772/217 2950/3660/217
f 3307/3752/2848 2996/3729/2609 2957/3748/217 2934/3773/217
f 3359/3774/2900 3335/3775/2876 3002/3776/2615 2978/3777/2591
f 3350/3778/2891 3326/3779/2867 3011/3780/2624 2987/3781/2600
f 2939/3689/217 2962/3688/217 2895/3782/2556 2918/3783/2579
f 2883/3662/2544 2907/3661/2568 2854/3568/2515 2878/3625/2539
f 3434/3784/2975 3410/3785/2951 3407/3786/2948 3383/3787/2924
f 3356/3719/2897 3332/3788/2873 3005/3789/2618 2981/3720/2594
f 2858/3632/2519 2834/3790/2495 2831/3573/2492 2807/3597/2468
f 2850/3595/2511 2873/3766/2534 2792/3617/2453 2815/3544/2476
f 3354/3714/2895 3330/3768/2871 3007/3771/2620 2983/3715/2596
f 3327/3791/2868 3350/3778/2891 2987/3781/2600 3010/3711/2623
f 2980/3707/2593 3004/3706/2617 2949/3792/217 2973/3772/217
f 2990/3701/2603 3302/3686/2843 2939/3689/217 2963/3702/217
f 3360/3755/2901 3336/3793/2877 3001/3794/2614 2977/3671/2590
f 3390/3795/2931 3367/3796/2908 3354/3714/2895 3331/3713/2872
f 2933/3650/217 2956/3649/217 2901/3669/2562 2924/3697/2585
f 2941/3693/217 2964/3692/217 2893/3797/2554 2916/3798/2577
f 3342/3799/2883 3318/3751/2859 3307/3752/2848 2995/3800/2608
f 3386/3801/2927 3363/3802/2904 3358/3721/2899 3335/3775/2876
f 2882/3803/2543 2906/3804/2567 2855/3805/2516 2879/3806/2540
f 2852/3643/2513 2875/3519/2536 2790/3522/2451 2813/3528/2474
f 3345/3807/2886 3321/3808/2862 3304/3809/2845 2992/3666/2605
f 3405/3810/2946 3382/3811/2923 3339/3749/2880 3316/3812/2857
f 3000/3740/2613 3312/3670/2853 2929/3673/217 2953/3758/217
f 3004/3706/2617 2981/3720/2594 2972/3813/217 2949/3792/217
f 3361/3814/2902 3385/3815/2926 3336/3793/2877 3360/3755/2901
f 3374/3816/2915 3398/3817/2939 3323/3818/2864 3347/3819/2888
f 2959/3677/217 2935/3676/217 2922/3820/2583 2898/3821/2559
f 2944/3654/217 2967/3653/217 2890/3717/2551 2913/3822/2574
f 3375/3823/2916 3399/3824/2940 3322/3825/2863 3346/3826/2887
f 3394/3827/2935 3371/3828/2912 3350/3778/2891 3327/3791/2868
f 2881/3747/2542 2905/3746/2566 2856/3524/2517 2880/3523/2541
f 2886/3642/2547 2910/3829/2571 2851/3520/2512 2875/3519/2536
f 3388/3830/2929 3365/3831/2906 3356/3719/2897 3333/3705/2874
f 3408/3832/2949 3361/3814/2902 3360/3755/2901 3313/3739/2854
f 2985/3743/2598 3009/3651/2622 2944/3654/217 2968/3833/217
f 3001/3794/2614 2978/3777/2591 2975/3834/217 2952/3745/217
f 3398/3817/2939 3375/3823/2916 3346/3826/2887 3323/3818/2864
f 3384/3835/2925 3408/3832/2949 3313/3739/2854 3337/3738/2878
f 2964/3692/217 2940/3703/217 2917/3694/2578 2893/3797/2554
f 2951/3836/217 2974/3659/217 2883/3662/2544 2906/3804/2567
f 3404/3837/2945 3381/3838/2922 3340/3762/2881 3317/3728/2858
f 3392/3839/2933 3369/3840/2910 3352/3742/2893 3329/3741/2870
f 2921/3841/2582 2898/3821/2559 2863/3540/2524 2840/3539/2501
f 2907/3661/2568 2884/3763/2545 2877/3569/2538 2854/3568/2515
f 3378/3842/2919 3402/3843/2943 3319/3761/2860 3343/3760/2884
f 3382/3811/2923 3406/3844/2947 3315/3750/2856 3339/3749/2880
f 2989/3691/2602 3301/3700/2842 2940/3703/217 2964/3692/217
f 3305/3845/2846 2994/3674/2607 2959/3677/217 2936/3846/217
f 3399/3824/2940 3376/3847/2917 3345/3807/2886 3322/3825/2863
f 3363/3802/2904 3387/3848/2928 3334/3722/2875 3358/3721/2899
f 2932/3664/217 2955/3640/217 2902/3645/2563 2925/3644/2586
f 2975/3834/217 2951/3836/217 2906/3804/2567 2882/3803/2543
f 3369/3840/2910 3393/3636/2934 3328/3756/2869 3352/3742/2893
f 3362/3849/2903 3386/3801/2927 3335/3775/2876 3359/3774/2900
f 2893/3797/2554 2917/3694/2578 2844/3556/2505 2868/3555/2529
f 2912/3850/2573 2889/3851/2550 2872/3591/2533 2849/3590/2510
f 3367/3796/2908 3391/3852/2932 3330/3768/2871 3354/3714/2895
f 3442/3853/2983 3418/3854/2959 3399/3824/2940 3375/3823/2916
f 2844/3556/2505 2867/3629/2528 2798/3547/2459 2821/3557/2482
f 2993/3855/2606 3305/3845/2846 2936/3846/217 2960/3856/217
f 3389/3857/2930 3366/3858/2907 3355/3859/2896 3332/3788/2873
f 3425/3860/2966 3448/3861/2989 3369/3840/2910 3392/3839/2933
f 2958/3862/217 2934/3773/217 2923/3863/2584 2899/3864/2560
f 2969/3683/217 2945/3865/217 2912/3850/2573 2888/3684/2549
f 3370/3635/2911 3394/3827/2935 3327/3791/2868 3351/3767/2892
f 3422/3866/2963 3445/3867/2986 3372/3868/2913 3395/3869/2936
f 2906/3804/2567 2883/3662/2544 2878/3625/2539 2855/3805/2516
f 2908/3764/2569 2885/3733/2546 2876/3734/2537 2853/3765/2514
f 3397/3870/2938 3374/3816/2915 3347/3819/2888 3324/3871/2865
f 3006/3716/2619 2983/3715/2596 2970/3872/217 2947/3873/217
f 2972/3813/217 2948/3708/217 2909/3641/2570 2885/3733/2546
f 2950/3660/217 2973/3772/217 2884/3763/2545 2907/3661/2568
f 2809/3525/2470 2786/3874/2447 2783/3875/2444 2760/3876/2421
f 2820/3624/2481 2797/3558/2458 2772/3877/2433 2749/3878/2410
f 2992/3666/2605 3304/3809/2845 2937/3879/217 2961/3667/217
f 3428/3880/2969 3451/3881/2992 3366/3858/2907 3389/3857/2930
f 2838/3882/2499 2861/3699/2522 2804/3608/2465 2827/3612/2488
f 2876/3734/2537 2852/3643/2513 2813/3528/2474 2789/3527/2450
f 3371/3828/2912 3395/3869/2936 3326/3779/2867 3350/3778/2891
f 3377/3883/2918 3401/3884/2942 3320/3885/2861 3344/3886/2885
f 2866/3887/2527 2842/3737/2503 2823/3620/2484 2799/3619/2460
f 2848/3888/2509 2871/3577/2532 2794/3579/2455 2817/3889/2478
f 3717/3890/217 3740/3891/217 3653/3892/3146 3676/3893/3169
f 3731/3894/217 3707/3895/217 3686/3896/3179 3662/3897/3155
f 2807/3597/2468 2831/3573/2492 2738/3576/2399 2762/3598/2423
f 2796/3567/2457 2820/3624/2481 2749/3878/2410 2773/3571/2434
f 3744/3898/217 3720/3899/217 3673/3900/3166 3649/3901/3142
f 3708/3902/217 3731/3894/217 3662/3897/3155 3685/3903/3178
f 2983/3715/2596 3007/3771/2620 2946/3682/217 2970/3872/217
f 2977/3671/2590 3001/3794/2614 2952/3745/217 2976/3672/217
f 2593/2296/2278 3034/3242/2647 3720/3899/217 3744/3898/217
f 3750/3160/3195 2600/3159/2285 3737/3904/217 3714/3905/217
f 3373/3906/2914 3397/3870/2938 3324/3871/2865 3348/3907/2889
f 3326/3779/2867 3349/3730/2890 2988/3732/2601 3011/3780/2624
f 3764/2293/3209 2614/2292/2299 3723/3908/217 3700/3909/217
f 2611/3181/2296 3762/3148/3207 3702/3910/217 3726/3911/217
f 3322/3825/2863 3345/3807/2886 2992/3666/2605 3303/3665/2844
f 3347/3819/2888 3323/3818/2864 3302/3686/2843 2990/3701/2603
f 3766/3140/3211 2616/3139/2301 3721/3912/217 3698/3913/217
f 2612/3147/2297 3763/3174/3208 3701/3914/217 3725/3915/217
f 2815/3544/2476 2792/3617/2453 2777/3618/2438 2754/3545/2415
f 2805/3554/2466 2829/3553/2490 2740/3602/2401 2764/3616/2425
f 3720/3899/217 3743/3916/217 3650/3917/3143 3673/3900/3166
f 3707/3895/217 3730/3918/217 3663/3919/3156 3686/3896/3179
f 2862/3920/2523 2838/3882/2499 2827/3612/2488 2803/3584/2464
f 2839/3921/2500 2862/3920/2523 2803/3584/2464 2826/3583/2487
f 3755/3131/3200 2605/3170/2290 3732/3922/217 3709/3923/217
f 2607/3236/2292 3758/3166/3203 3706/3924/217 3730/3918/217
f 3010/3711/2623 2987/3781/2600 2966/3655/217 2943/3712/217
f 2981/3720/2594 3005/3789/2618 2948/3708/217 2972/3813/217
f 3758/3166/3203 2608/3165/2293 3729/3925/217 3706/3924/217
f 2615/3223/2300 3766/3140/3211 3698/3913/217 3722/3926/217
f 3647/3927/3140 3623/3928/3116 3578/3929/3071 3554/3930/3047
f 3634/3931/3127 3610/3932/3103 3591/3933/3084 3567/3934/3060
f 3438/3935/2979 3414/3936/2955 3403/3937/2944 3379/3938/2920
f 3456/3939/2997 3432/3940/2973 3385/3815/2926 3361/3814/2902
f 3609/3941/3102 3632/3942/3125 3569/3943/3062 3592/3944/3085
f 3610/3932/3103 3633/3945/3126 3568/3946/3061 3591/3933/3084
f 3466/3947/217 3490/3948/217 3423/3949/2964 3447/3634/2988
f 3495/3950/217 3472/3951/217 3441/3952/2982 3418/3854/2959
f 3605/3953/3098 3628/3954/3121 3573/3955/3066 3596/3956/3089
f 3626/3957/3119 3602/3958/3095 3599/3959/3092 3575/3960/3068
f 3518/3961/3011 3541/3962/3034 3468/3963/217 3491/3964/217
f 3538/3965/3031 3514/3966/3007 3495/3950/217 3471/3967/217
f 3625/3968/3118 3601/3969/3094 3600/3970/3093 3576/3971/3069
f 3614/3972/3107 3637/3973/3130 3564/3974/3057 3587/3975/3080
f 3414/3936/2955 3437/3976/2978 3380/3977/2921 3403/3937/2944
f 3420/3978/2961 3443/3979/2984 3374/3816/2915 3397/3870/2938
f 3636/3980/3129 3612/3981/3105 3589/3982/3082 3565/3983/3058
f 3628/3954/3121 3604/3984/3097 3597/3985/3090 3573/3955/3066
f 3458/3986/217 3482/3987/217 3431/3988/2972 3455/3989/2996
f 3464/3990/217 3488/3991/217 3425/3860/2966 3449/3992/2990
f 3633/3945/3126 3609/3941/3102 3592/3944/3085 3568/3946/3061
f 3618/3993/3111 3641/3994/3134 3560/3995/3053 3583/3996/3076
f 3506/3997/2999 3529/3998/3022 3480/3999/217 3503/4000/217
f 3545/4001/3038 3521/4002/3014 3488/3991/217 3464/3990/217
f 3639/4003/3132 3615/4004/3108 3586/4005/3079 3562/4006/3055
f 3641/3994/3134 3617/4007/3110 3584/4008/3077 3560/3995/3053
f 3448/3861/2989 3424/3633/2965 3393/3636/2934 3369/3840/2910
f 3421/4009/2962 3444/4010/2985 3373/3906/2914 3396/4011/2937
f 3608/4012/3101 3631/4013/3124 3570/4014/3063 3593/4015/3086
f 3644/4016/3137 3620/4017/3113 3581/4018/3074 3557/4019/3050
f 3468/3963/217 3492/4020/217 3421/4009/2962 3445/3867/2986
f 3492/4020/217 3469/4021/217 3444/4010/2985 3421/4009/2962
f 3627/4022/3120 3603/4023/3096 3598/4024/3091 3574/4025/3067
f 3601/3969/3094 3648/4026/3141 3553/4027/3046 3600/3970/3093
f 3524/4028/3017 3547/4029/3040 3462/4030/217 3485/4031/217
f 3517/4032/3010 3540/4033/3033 3469/4021/217 3492/4020/217
f 3680/4034/3173 3657/4035/3150 3640/4036/3133 3617/4007/3110
f 3643/4037/3136 3619/4038/3112 3582/4039/3075 3558/4040/3051
f 3443/3979/2984 3419/4041/2960 3398/3817/2939 3374/3816/2915
f 3451/3881/2992 3427/4042/2968 3390/3795/2931 3366/3858/2907
f 3656/4043/3149 3680/4034/3173 3617/4007/3110 3641/3994/3134
f 3624/4044/3117 3647/3927/3140 3554/3930/3047 3577/4045/3070
f 3491/3964/217 3468/3963/217 3445/3867/2986 3422/3866/2963
f 3474/4046/217 3498/4047/217 3415/4048/2956 3439/4049/2980
f 3687/4050/3180 3664/4051/3157 3633/3945/3126 3610/3932/3103
f 3645/4052/3138 3621/4053/3114 3580/4054/3073 3556/4055/3049
f 3546/4056/3039 3522/4057/3015 3487/4058/217 3463/4059/217
f 3505/4060/2998 3552/4061/3045 3457/4062/217 3504/4063/217
f 3677/4064/3170 3654/4065/3147 3643/4037/3136 3620/4017/3113
f 3662/3897/3155 3686/3896/3179 3611/4066/3104 3635/4067/3128
f 3411/4068/2952 3434/3784/2975 3383/3787/2924 3406/3844/2947
f 3440/4069/2981 3416/4070/2957 3401/3884/2942 3377/3883/2918
f 3681/4071/3174 3658/4072/3151 3639/4003/3132 3616/4073/3109
f 3692/4074/3185 3669/4075/3162 3628/3954/3121 3605/3953/3098
f 3472/3951/217 3496/4076/217 3417/4077/2958 3441/3952/2982
f 3480/3999/217 3504/4063/217 3409/4078/2950 3433/4079/2974
f 3665/4080/3158 3689/4081/3182 3608/4012/3101 3632/3942/3125
f 3679/4082/3172 3656/4043/3149 3641/3994/3134 3618/3993/3111
f 3528/4083/3021 3551/4084/3044 3458/3986/217 3481/4085/217
f 3526/4086/3019 3549/4087/3042 3460/4088/217 3483/4089/217
f 3659/4090/3152 3683/4091/3176 3614/3972/3107 3638/4092/3131
f 3685/3903/3178 3662/3897/3155 3635/4067/3128 3612/3981/3105
f 3498/4047/217 3475/4093/217 3438/3935/2979 3415/4048/2956
f 3467/4094/217 3491/3964/217 3422/3866/2963 3446/4095/2987
f 3655/4096/3148 3679/4082/3172 3618/3993/3111 3642/4097/3135
f 3672/4098/3165 3696/4099/3189 3601/3969/3094 3625/3968/3118
f 3537/4100/3030 3513/4101/3006 3496/4076/217 3472/3951/217
f 3544/4102/3037 3520/4103/3013 3489/4104/217 3465/4105/217
f 3668/4106/3161 3692/4074/3185 3605/3953/3098 3629/4107/3122
f 3657/4035/3150 3681/4071/3174 3616/4073/3109 3640/4036/3133
f 3459/4108/217 3483/4089/217 3430/4109/2971 3454/4110/2995
f 3481/4085/217 3458/3986/217 3455/3989/2996 3432/3940/2973
f 3691/4111/3184 3668/4106/3161 3629/4107/3122 3606/4112/3099
f 3674/4113/3167 3651/4114/3144 3646/4115/3139 3623/3928/3116
f 3513/4101/3006 3536/4116/3029 3473/4117/217 3496/4076/217
f 3511/4118/3004 3534/4119/3027 3475/4093/217 3498/4047/217
f 3651/4114/3144 3675/4120/3168 3622/4121/3115 3646/4115/3139
f 3688/4122/3181 3665/4080/3158 3632/3942/3125 3609/3941/3102
f 3494/4123/217 3471/3967/217 3442/3853/2983 3419/4041/2960
f 3482/3987/217 3459/4108/217 3454/4110/2995 3431/3988/2972
f 3663/3919/3156 3687/4050/3180 3610/3932/3103 3634/3931/3127
f 3693/4124/3186 3670/4125/3163 3627/4022/3120 3604/3984/3097
f 3529/3998/3022 3505/4060/2998 3504/4063/217 3480/3999/217
f 3519/4126/3012 3542/4127/3035 3467/4094/217 3490/3948/217
f 3716/4128/217 3739/4129/217 3654/4065/3147 3677/4064/3170
f 3682/4130/3175 3659/4090/3152 3638/4092/3131 3615/4004/3108
f 3501/4131/217 3478/4132/217 3435/4133/2976 3412/4134/2953
f 3483/4089/217 3460/4088/217 3453/4135/2994 3430/4109/2971
f 3711/4136/217 3734/4137/217 3659/4090/3152 3682/4130/3175
f 3649/3901/3142 3673/3900/3166 3624/4044/3117 3648/4026/3141
f 3547/4029/3040 3523/4138/3016 3486/4139/217 3462/4030/217
f 3540/4033/3033 3516/4140/3009 3493/4141/217 3469/4021/217
f 3723/3908/217 3699/4142/217 3694/4143/3187 3670/4125/3163
f 3697/4144/217 3744/3898/217 3649/3901/3142 3696/4099/3189
f 3500/4145/217 3477/4146/217 3436/4147/2977 3413/4148/2954
f 3446/4095/2987 3422/3866/2963 3395/3869/2936 3371/3828/2912
f 3739/4129/217 3715/4149/217 3678/4150/3171 3654/4065/3147
f 3706/3924/217 3729/3925/217 3664/4051/3157 3687/4050/3180
f 3523/4138/3016 3546/4056/3039 3463/4059/217 3486/4139/217
f 3496/4076/217 3473/4117/217 3440/4069/2981 3417/4077/2958
f 3715/4149/217 3738/4151/217 3655/4096/3148 3678/4150/3171
f 3718/4152/217 3741/4153/217 3652/4154/3145 3675/4120/3168
f 3454/4110/2995 3430/4109/2971 3387/3848/2928 3363/3802/2904
f 3426/4155/2967 3449/3992/2990 3368/4156/2909 3391/3852/2932
f 3701/3914/217 3724/4157/217 3669/4075/3162 3692/4074/3185
f 3735/4158/217 3711/4136/217 3682/4130/3175 3658/4072/3151
f 3461/4159/217 3485/4031/217 3428/3880/2969 3452/4160/2993
f 3460/4088/217 3484/4161/217 3429/4162/2970 3453/4135/2994
f 3719/4163/217 3742/4164/217 3651/4114/3144 3674/4113/3167
f 3724/4157/217 3700/3909/217 3693/4124/3186 3669/4075/3162
f 3409/4078/2950 3456/3939/2997 3361/3814/2902 3408/3832/2949
f 3453/4135/2994 3429/4162/2970 3388/3830/2929 3364/4165/2905
f 3396/4011/2937 3373/3906/2914 3348/3907/2889 3325/3731/2866
f 3314/4166/2855 3337/3738/2878 3000/3740/2613 3311/4167/2852
f 3368/4156/2909 3392/3839/2933 3329/3741/2870 3353/3769/2894
f 3338/4168/2879 3314/4166/2855 3311/4167/2852 2999/3757/2612
f 3351/3767/2892 3327/3791/2868 3010/3711/2623 2986/3652/2599
f 3435/4133/2976 3411/4068/2952 3406/3844/2947 3382/3811/2923
f 3332/3788/2873 3355/3859/2896 2982/4169/2595 3005/3789/2618
f 3355/3859/2896 3331/3713/2872 3006/3716/2619 2982/4169/2595
f 3324/3871/2865 3347/3819/2888 2990/3701/2603 3301/3700/2842
f 3353/3769/2894 3329/3741/2870 3008/3744/2621 2984/3770/2597
f 3335/3775/2876 3358/3721/2899 2979/3724/2592 3002/3776/2615
f 3316/3812/2857 3339/3749/2880 2998/3637/2611 3309/3663/2850
f 2842/3737/2503 2865/3626/2526 2800/3628/2461 2823/3620/2484
f 2836/3552/2497 2859/3646/2520 2806/3600/2467 2829/3553/2490
f 2877/3569/2538 2853/3765/2514 2812/3563/2473 2788/3562/2449
f 2856/3524/2517 2879/3806/2540 2786/3874/2447 2809/3525/2470
f 3344/3886/2885 3320/3885/2861 3305/3845/2846 2993/3855/2606
f 3320/3885/2861 3343/3760/2884 2994/3674/2607 3305/3845/2846
f 2853/3765/2514 2876/3734/2537 2789/3527/2450 2812/3563/2473
f 3393/3636/2934 3370/3635/2911 3351/3767/2892 3328/3756/2869
f 2879/3806/2540 2855/3805/2516 2810/4170/2471 2786/3874/2447
f 3321/3808/2862 3344/3886/2885 2993/3855/2606 3304/3809/2845
f 2987/3781/2600 3011/3780/2624 2942/3656/217 2966/3655/217
f 2825/3542/2486 2802/3541/2463 2767/4171/2428 2744/4172/2405
f 3419/4041/2960 3442/3853/2983 3375/3823/2916 3398/3817/2939
f 3334/3722/2875 3357/3704/2898 2980/3707/2593 3003/3723/2616
f 3008/3744/2621 2985/3743/2598 2968/3833/217 2945/3865/217
f 3431/3988/2972 3454/4110/2995 3363/3802/2904 3386/3801/2927
f 3403/3937/2944 3380/3977/2921 3341/3727/2882 3318/3751/2859
f 3413/4148/2954 3436/4147/2977 3381/3838/2922 3404/3837/2945
f 3385/3815/2926 3362/3849/2903 3359/3774/2900 3336/3793/2877
f 2800/3628/2461 2824/3531/2485 2745/3534/2406 2769/4173/2430
f 2984/3770/2597 3008/3744/2621 2945/3865/217 2969/3683/217
f 3011/3780/2624 2988/3732/2601 2965/3725/217 2942/3656/217
f 3416/4070/2957 3439/4049/2980 3378/3842/2919 3401/3884/2942
f 3387/3848/2928 3364/4165/2905 3357/3704/2898 3334/3722/2875
f 2786/3874/2447 2810/4170/2471 2759/4174/2420 2783/3875/2444
f 2794/3579/2455 2818/3559/2479 2751/3561/2412 2775/4175/2436
f 3379/3938/2920 3403/3937/2944 3318/3751/2859 3342/3799/2883
f 3406/3844/2947 3383/3787/2924 3338/4168/2879 3315/3750/2856
f 2823/3620/2484 2800/3628/2461 2769/4173/2430 2746/3621/2407
f 2821/3557/2482 2798/3547/2459 2771/3550/2432 2748/4176/2409
f 3311/4167/2852 3000/3740/2613 2953/3758/217 2930/3679/217
f 3441/3952/2982 3417/4077/2958 3400/4177/2941 3376/3847/2917
f 3381/3838/2922 3405/3810/2946 3316/3812/2857 3340/3762/2881
f 3401/3884/2942 3378/3842/2919 3343/3760/2884 3320/3885/2861
f 2801/3532/2462 2825/3542/2486 2744/4172/2405 2768/3533/2429
f 2795/3538/2456 2819/3537/2480 2750/3572/2411 2774/3560/2435
f 3395/3869/2936 3372/3868/2913 3349/3730/2890 3326/3779/2867
f 3380/3977/2921 3404/3837/2945 3317/3728/2858 3341/3727/2882
f 2797/3558/2458 2821/3557/2482 2748/4176/2409 2772/3877/2433
f 2793/3592/2454 2817/3889/2478 2752/4178/2413 2776/3614/2437
f 3391/3852/2932 3368/4156/2909 3353/3769/2894 3330/3768/2871
f 3407/3786/2948 3384/3835/2925 3337/3738/2878 3314/4166/2855
f 2810/4170/2471 2787/3587/2448 2782/3589/2443 2759/4174/2420
f 2817/3889/2478 2794/3579/2455 2775/4175/2436 2752/4178/2413
f 3383/3787/2924 3407/3786/2948 3314/4166/2855 3338/4168/2879
f 3402/3843/2943 3379/3938/2920 3342/3799/2883 3319/3761/2860
f 2802/3541/2463 2826/3583/2487 2743/3586/2404 2767/4171/2428
f 2814/3521/2475 2791/3543/2452 2778/3546/2439 2755/3606/2416
f 3365/3831/2906 3389/3857/2930 3332/3788/2873 3356/3719/2897
f 3364/4165/2905 3388/3830/2929 3333/3705/2874 3357/3704/2898
f 2827/3612/2488 2804/3608/2465 2765/3611/2426 2742/3613/2403
f 2785/3526/2446 2809/3525/2470 2760/3876/2421 2784/3604/2445
f 3372/3868/2913 3396/4011/2937 3325/3731/2866 3349/3730/2890
f 3366/3858/2907 3390/3795/2931 3331/3713/2872 3355/3859/2896
f 2822/3548/2483 2799/3619/2460 2770/3622/2431 2747/3549/2408
f 2806/3600/2467 2830/3596/2491 2739/3599/2400 2763/3601/2424
f 3400/4177/2941 3377/3883/2918 3344/3886/2885 3321/3808/2862
f 3376/3847/2917 3400/4177/2941 3321/3808/2862 3345/3807/2886
f 3515/4179/3008 3538/3965/3031 3471/3967/217 3494/4123/217
f 3552/4061/3045 3528/4083/3021 3481/4085/217 3457/4062/217
f 3530/4180/3023 3506/3997/2999 3503/4000/217 3479/4181/217
f 3549/4087/3042 3525/4182/3018 3484/4161/217 3460/4088/217
f 3532/4183/3025 3508/4184/3001 3501/4131/217 3477/4146/217
f 3507/4185/3000 3530/4180/3023 3479/4181/217 3502/4186/217
f 3541/3962/3034 3517/4032/3010 3492/4020/217 3468/3963/217
f 3551/4084/3044 3527/4187/3020 3482/3987/217 3458/3986/217
f 3525/4182/3018 3548/4188/3041 3461/4159/217 3484/4161/217
f 3521/4002/3014 3544/4102/3037 3465/4105/217 3488/3991/217
f 3514/3966/3007 3537/4100/3030 3472/3951/217 3495/3950/217
f 3534/4119/3027 3510/4189/3003 3499/4190/217 3475/4093/217
f 3512/4191/3005 3535/4192/3028 3474/4046/217 3497/4193/217
f 3516/4140/3009 3539/4194/3032 3470/4195/217 3493/4141/217
f 3548/4188/3041 3524/4028/3017 3485/4031/217 3461/4159/217
f 3522/4057/3015 3545/4001/3038 3464/3990/217 3487/4058/217
f 3543/4196/3036 3519/4126/3012 3490/3948/217 3466/3947/217
f 3554/3930/3047 3578/3929/3071 3527/4187/3020 3551/4084/3044
f 3542/4127/3035 3518/3961/3011 3491/3964/217 3467/4094/217
f 3550/4197/3043 3526/4086/3019 3483/4089/217 3459/4108/217
f 3566/4198/3059 3590/4199/3083 3515/4179/3008 3539/4194/3032
f 3510/4189/3003 3533/4200/3026 3476/4201/217 3499/4190/217
f 3509/4202/3002 3532/4183/3025 3477/4146/217 3500/4145/217
f 3535/4192/3028 3511/4118/3004 3498/4047/217 3474/4046/217
f 3520/4103/3013 3543/4196/3036 3466/3947/217 3489/4104/217
f 3586/4005/3079 3563/4203/3056 3542/4127/3035 3519/4126/3012
f 3565/3983/3058 3589/3982/3082 3516/4140/3009 3540/4033/3033
f 3533/4200/3026 3509/4202/3002 3500/4145/217 3476/4201/217
f 3591/3933/3084 3568/3946/3061 3537/4100/3030 3514/3966/3007
f 3508/4184/3001 3531/4204/3024 3478/4132/217 3501/4131/217
f 3531/4204/3024 3507/4185/3000 3502/4186/217 3478/4132/217
f 3587/3975/3080 3564/3974/3057 3541/3962/3034 3518/3961/3011
f 3455/3989/2996 3431/3988/2972 3386/3801/2927 3362/3849/2903
f 3589/3982/3082 3566/4198/3059 3539/4194/3032 3516/4140/3009
f 3575/3960/3068 3599/3959/3092 3506/3997/2999 3530/4180/3023
f 3527/4187/3020 3550/4197/3043 3459/4108/217 3482/3987/217
f 3579/4205/3072 3556/4055/3049 3549/4087/3042 3526/4086/3019
f 3486/4139/217 3463/4059/217 3450/4206/2991 3427/4042/2968
f 3539/4194/3032 3515/4179/3008 3494/4123/217 3470/4195/217
f 3594/4207/3087 3571/4208/3064 3534/4119/3027 3511/4118/3004
f 3449/3992/2990 3425/3860/2966 3392/3839/2933 3368/4156/2909
f 3557/4019/3050 3581/4018/3074 3524/4028/3017 3548/4188/3041
f 3599/3959/3092 3576/3971/3069 3529/3998/3022 3506/3997/2999
f 3452/4160/2993 3428/3880/2969 3389/3857/2930 3365/3831/2906
f 3558/4040/3051 3582/4039/3075 3523/4138/3016 3547/4029/3040
f 3478/4132/217 3502/4186/217 3411/4068/2952 3435/4133/2976
f 3457/4062/217 3481/4085/217 3432/3940/2973 3456/3939/2997
f 3593/4015/3086 3570/4014/3063 3535/4192/3028 3512/4191/3005
f 3427/4042/2968 3450/4206/2991 3367/3796/2908 3390/3795/2931
f 3574/4025/3067 3598/4024/3091 3507/4185/3000 3531/4204/3024
f 3588/4209/3081 3565/3983/3058 3540/4033/3033 3517/4032/3010
f 3444/4010/2985 3420/3978/2961 3397/3870/2938 3373/3906/2914
f 3600/3970/3093 3553/4027/3046 3552/4061/3045 3505/4060/2998
f 3493/4141/217 3470/4195/217 3443/3979/2984 3420/3978/2961
f 3485/4031/217 3462/4030/217 3451/3881/2992 3428/3880/2969
f 3597/3985/3090 3574/4025/3067 3531/4204/3024 3508/4184/3001
f 3423/3949/2964 3446/4095/2987 3371/3828/2912 3394/3827/2935
f 3568/3946/3061 3592/3944/3085 3513/4101/3006 3537/4100/3030
f 3561/4210/3054 3585/4211/3078 3520/4103/3013 3544/4102/3037
f 3433/4079/2974 3409/4078/2950 3408/3832/2949 3384/3835/2925
f 3559/4212/3052 3583/3996/3076 3522/4057/3015 3546/4056/3039
f 3484/4161/217 3461/4159/217 3452/4160/2993 3429/4162/2970
f 3465/4105/217 3489/4104/217 3424/3633/2965 3448/3861/2989
f 3562/4006/3055 3586/4005/3079 3519/4126/3012 3543/4196/3036
f 3417/4077/2958 3440/4069/2981 3377/3883/2918 3400/4177/2941
f 3582/4039/3075 3559/4212/3052 3546/4056/3039 3523/4138/3016
f 3584/4008/3077 3561/4210/3054 3544/4102/3037 3521/4002/3014
f 3436/4147/2977 3412/4134/2953 3405/3810/2946 3381/3838/2922
f 3573/3955/3066 3597/3985/3090 3508/4184/3001 3532/4183/3025
f 3471/3967/217 3495/3950/217 3418/3854/2959 3442/3853/2983
f 3504/4063/217 3457/4062/217 3456/3939/2997 3409/4078/2950
f 3590/4199/3083 3567/3934/3060 3538/3965/3031 3515/4179/3008
f 3445/3867/2986 3421/4009/2962 3396/4011/2937 3372/3868/2913
f 3581/4018/3074 3558/4040/3051 3547/4029/3040 3524/4028/3017
f 3555/4213/3048 3579/4205/3072 3526/4086/3019 3550/4197/3043
f 3439/4049/2980 3415/4048/2956 3402/3843/2943 3378/3842/2919
f 3596/3956/3089 3573/3955/3066 3532/4183/3025 3509/4202/3002
f 3503/4000/217 3480/3999/217 3433/4079/2974 3410/3785/2951
f 3479/4181/217 3503/4000/217 3410/3785/2951 3434/3784/2975
f 3592/3944/3085 3569/3943/3062 3536/4116/3029 3513/4101/3006
f 3418/3854/2959 3441/3952/2982 3376/3847/2917 3399/3824/2940
f 3553/4027/3046 3577/4045/3070 3528/4083/3021 3552/4061/3045
f 3585/4211/3078 3562/4006/3055 3543/4196/3036 3520/4103/3013
f 3410/3785/2951 3433/4079/2974 3384/3835/2925 3407/3786/2948
f 3556/4055/3049 3580/4054/3073 3525/4182/3018 3549/4087/3042
f 3497/4193/217 3474/4046/217 3439/4049/2980 3416/4070/2957
f 3489/4104/217 3466/3947/217 3447/3634/2988 3424/3633/2965
f 3570/4014/3063 3594/4207/3087 3511/4118/3004 3535/4192/3028
f 3415/4048/2956 3438/3935/2979 3379/3938/2920 3402/3843/2943
f 3598/4024/3091 3575/3960/3068 3530/4180/3023 3507/4185/3000
f 3580/4054/3073 3557/4019/3050 3548/4188/3041 3525/4182/3018
f 3432/3940/2973 3455/3989/2996 3362/3849/2903 3385/3815/2926
f 3595/4214/3088 3572/4215/3065 3533/4200/3026 3510/4189/3003
f 3470/4195/217 3494/4123/217 3419/4041/2960 3443/3979/2984
f 3463/4059/217 3487/4058/217 3426/4155/2967 3450/4206/2991
f 3576/3971/3069 3600/3970/3093 3505/4060/2998 3529/3998/3022
f 3450/4206/2991 3426/4155/2967 3391/3852/2932 3367/3796/2908
f 3569/3943/3062 3593/4015/3086 3512/4191/3005 3536/4116/3029
f 3564/3974/3057 3588/4209/3081 3517/4032/3010 3541/3962/3034
f 3447/3634/2988 3423/3949/2964 3394/3827/2935 3370/3635/2911
f 3577/4045/3070 3554/3930/3047 3551/4084/3044 3528/4083/3021
f 3469/4021/217 3493/4141/217 3420/3978/2961 3444/4010/2985
f 3488/3991/217 3465/4105/217 3448/3861/2989 3425/3860/2966
f 3567/3934/3060 3591/3933/3084 3514/3966/3007 3538/3965/3031
f 3490/3948/217 3467/4094/217 3446/4095/2987 3423/3949/2964
f 3475/4093/217 3499/4190/217 3414/3936/2955 3438/3935/2979
f 3571/4208/3064 3595/4214/3088 3510/4189/3003 3534/4119/3027
f 3429/4162/2970 3452/4160/2993 3365/3831/2906 3388/3830/2929
f 3462/4030/217 3486/4139/217 3427/4042/2968 3451/3881/2992
f 3476/4201/217 3500/4145/217 3413/4148/2954 3437/3976/2978
f 3499/4190/217 3476/4201/217 3437/3976/2978 3414/3936/2955
f 3578/3929/3071 3555/4213/3048 3550/4197/3043 3527/4187/3020
f 3632/3942/3125 3608/4012/3101 3593/4015/3086 3569/3943/3062
f 3660/4216/3153 3684/4217/3177 3613/4218/3106 3637/3973/3130
f 3437/3976/2978 3413/4148/2954 3404/3837/2945 3380/3977/2921
f 3536/4116/3029 3512/4191/3005 3497/4193/217 3473/4117/217
f 3615/4004/3108 3638/4092/3131 3563/4203/3056 3586/4005/3079
f 3572/4215/3065 3596/3956/3089 3509/4202/3002 3533/4200/3026
f 3473/4117/217 3497/4193/217 3416/4070/2957 3440/4069/2981
f 3502/4186/217 3479/4181/217 3434/3784/2975 3411/4068/2952
f 3603/4023/3096 3626/3957/3119 3575/3960/3068 3598/4024/3091
f 3733/4219/217 3709/3923/217 3684/4217/3177 3660/4216/3153
f 3412/4134/2953 3435/4133/2976 3382/3811/2923 3405/3810/2946
f 3430/4109/2971 3453/4135/2994 3364/4165/2905 3387/3848/2928
f 3560/3995/3053 3584/4008/3077 3521/4002/3014 3545/4001/3038
f 3703/4220/217 3726/3911/217 3667/4221/3160 3690/4222/3183
f 3477/4146/217 3501/4131/217 3412/4134/2953 3436/4147/2977
f 3487/4058/217 3464/3990/217 3449/3992/2990 3426/4155/2967
f 2940/3703/217 2963/3702/217 2894/3695/2555 2917/3694/2578
f 2962/3688/217 2938/3668/217 2919/3735/2580 2895/3782/2556
f 3698/3913/217 3721/3912/217 3672/4098/3165 3695/4223/3188
f 3583/3996/3076 3560/3995/3053 3545/4001/3038 3522/4057/3015
f 2903/3681/2564 2927/3680/2588 2834/3790/2495 2858/3632/2519
f 2887/4224/2548 2911/3685/2572 2850/3595/2511 2874/3594/2535
f 3742/4164/217 3718/4152/217 3675/4120/3168 3651/4114/3144
f 3646/4115/3139 3622/4121/3115 3579/4205/3072 3555/4213/3048
f 2967/3653/217 2943/3712/217 2914/3718/2575 2890/3717/2551
f 2934/3773/217 2957/3748/217 2900/3696/2561 2923/3863/2584
f 3563/4203/3056 3587/3975/3080 3518/3961/3011 3542/4127/3035
f 3638/4092/3131 3614/3972/3107 3587/3975/3080 3563/4203/3056
f 2982/4169/2595 3006/3716/2619 2947/3873/217 2971/3709/217
f 2851/3520/2512 2874/3594/2535 2791/3543/2452 2814/3521/2475
f 3683/4091/3176 3660/4216/3153 3637/3973/3130 3614/3972/3107
f 3606/4112/3099 3629/4107/3122 3572/4215/3065 3595/4214/3088
f 2926/3710/2587 2903/3681/2564 2858/3632/2519 2835/3631/2496
f 2895/3782/2556 2919/3735/2580 2842/3737/2503 2866/3887/2527
f 3704/4225/217 3727/4226/217 3666/4227/3159 3689/4081/3182
f 3729/3925/217 3705/4228/217 3688/4122/3181 3664/4051/3157
f 2968/3833/217 2944/3654/217 2913/3822/2574 2889/3851/2550
f 2956/3649/217 2932/3664/217 2925/3644/2586 2901/3669/2562
f 3725/3915/217 3701/3914/217 3692/4074/3185 3668/4106/3161
f 3732/3922/217 3708/3902/217 3685/3903/3178 3661/4229/3154
f 2898/3821/2559 2922/3820/2583 2839/3921/2500 2863/3540/2524
f 2913/3822/2574 2890/3717/2551 2871/3577/2532 2848/3888/2509
f 3734/4137/217 3710/4230/217 3683/4091/3176 3659/4090/3152
f 3699/4142/217 3722/3926/217 3671/4231/3164 3694/4143/3187
f 2971/3709/217 2947/3873/217 2910/3829/2571 2886/3642/2547
f 2970/3872/217 2946/3682/217 2911/3685/2572 2887/4224/2548
f 3738/4151/217 3714/3905/217 3679/4082/3172 3655/4096/3148
f 3709/3923/217 3732/3922/217 3661/4229/3154 3684/4217/3177
f 2910/3829/2571 2887/4224/2548 2874/3594/2535 2851/3520/2512
f 2915/3657/2576 2892/3726/2553 2869/3566/2530 2846/3536/2507
f 3712/4232/217 3735/4158/217 3658/4072/3151 3681/4071/3174
f 3713/4233/217 3736/4234/217 3657/4035/3150 3680/4034/3173
f 2936/3846/217 2959/3677/217 2898/3821/2559 2921/3841/2582
f 2947/3873/217 2970/3872/217 2887/4224/2548 2910/3829/2571
f 3653/3892/3146 3677/4064/3170 3620/4017/3113 3644/4016/3137
f 3741/4153/217 3717/3890/217 3676/3893/3169 3652/4154/3145
f 2923/3863/2584 2900/3696/2561 2861/3699/2522 2838/3882/2499
f 2888/3684/2549 2912/3850/2573 2849/3590/2510 2873/3766/2534
f 3654/4065/3147 3678/4150/3171 3619/4038/3112 3643/4037/3136
f 3730/3918/217 3706/3924/217 3687/4050/3180 3663/3919/3156
f 2973/3772/217 2949/3792/217 2908/3764/2569 2884/3763/2545
f 2952/3745/217 2975/3834/217 2882/3803/2543 2905/3746/2566
f 3689/4081/3182 3666/4227/3159 3631/4013/3124 3608/4012/3101
f 3690/4222/3183 3667/4221/3160 3630/4235/3123 3607/4236/3100
f 2927/3680/2588 2904/3759/2565 2857/3580/2518 2834/3790/2495
f 2897/3754/2558 2921/3841/2582 2840/3539/2501 2864/3603/2525
f 3694/4143/3187 3671/4231/3164 3626/3957/3119 3603/4023/3096
f 3678/4150/3171 3655/4096/3148 3642/4097/3135 3619/4038/3112
f 2938/3668/217 2961/3667/217 2896/3736/2557 2919/3735/2580
f 2929/3673/217 2976/3672/217 2881/3747/2542 2928/4237/2589
f 3686/3896/3179 3663/3919/3156 3634/3931/3127 3611/4066/3104
f 3670/4125/3163 3694/4143/3187 3603/4023/3096 3627/4022/3120
f 2889/3851/2550 2913/3822/2574 2848/3888/2509 2872/3591/2533
f 2922/3820/2583 2899/3864/2560 2862/3920/2523 2839/3921/2500
f 3695/4223/3188 3672/4098/3165 3625/3968/3118 3602/3958/3095
f 3676/3893/3169 3653/3892/3146 3644/4016/3137 3621/4053/3114
f 2960/3856/217 2936/3846/217 2921/3841/2582 2897/3754/2558
f 2999/3757/2612 3311/4167/2852 2930/3679/217 2954/3678/217
f 3696/4099/3189 3649/3901/3142 3648/4026/3141 3601/3969/3094
f 3667/4221/3160 3691/4111/3184 3606/4112/3099 3630/4235/3123
f 2894/3695/2555 2918/3783/2579 2843/3630/2504 2867/3629/2528
f 2899/3864/2560 2923/3863/2584 2838/3882/2499 2862/3920/2523
f 3664/4051/3157 3688/4122/3181 3609/3941/3102 3633/3945/3126
f 3658/4072/3151 3682/4130/3175 3615/4004/3108 3639/4003/3132
f 2988/3732/2601 3300/3690/2841 2941/3693/217 2965/3725/217
f 2995/3800/2608 3307/3752/2848 2934/3773/217 2958/3862/217
f 3652/4154/3145 3676/3893/3169 3621/4053/3114 3645/4052/3138
f 3671/4231/3164 3695/4223/3188 3602/3958/3095 3626/3957/3119
f 2904/3759/2565 2928/4237/2589 2833/3581/2494 2857/3580/2518
f 2937/3879/217 2960/3856/217 2897/3754/2558 2920/3753/2581
f 3666/4227/3159 3690/4222/3183 3607/4236/3100 3631/4013/3124
f 3684/4217/3177 3661/4229/3154 3636/3980/3129 3613/4218/3106
f 2859/3646/2520 2835/3631/2496 2830/3596/2491 2806/3600/2467
f 2872/3591/2533 2848/3888/2509 2817/3889/2478 2793/3592/2454
f 3673/3900/3166 3650/3917/3143 3647/3927/3140 3624/4044/3117
f 3669/4075/3162 3693/4124/3186 3604/3984/3097 3628/3954/3121
f 2979/3724/2592 3003/3723/2616 2950/3660/217 2974/3659/217
f 2978/3777/2591 3002/3776/2615 2951/3836/217 2975/3834/217
f 3619/4038/3112 3642/4097/3135 3559/4212/3052 3582/4039/3075
f 3650/3917/3143 3674/4113/3167 3623/3928/3116 3647/3927/3140
f 2961/3667/217 2937/3879/217 2920/3753/2581 2896/3736/2557
f 2965/3725/217 2941/3693/217 2916/3798/2577 2892/3726/2553
f 3648/4026/3141 3624/4044/3117 3577/4045/3070 3553/4027/3046
f 3675/4120/3168 3652/4154/3145 3645/4052/3138 3622/4121/3115
f 2837/3698/2498 2860/3551/2521 2805/3554/2466 2828/3609/2489
f 2914/3718/2575 2891/3658/2552 2870/3535/2531 2847/3578/2508
f 3613/4218/3106 3636/3980/3129 3565/3983/3058 3588/4209/3081
f 3661/4229/3154 3685/3903/3178 3612/3981/3105 3636/3980/3129
f 2991/3687/2604 3303/3665/2844 2938/3668/217 2962/3688/217
f 3304/3809/2845 2993/3855/2606 2960/3856/217 2937/3879/217
f 3630/4235/3123 3606/4112/3099 3595/4214/3088 3571/4208/3064
f 3622/4121/3115 3645/4052/3138 3556/4055/3049 3579/4205/3072
f 2963/3702/217 2939/3689/217 2918/3783/2579 2894/3695/2555
f 2935/3676/217 2958/3862/217 2899/3864/2560 2922/3820/2583
f 3607/4236/3100 3630/4235/3123 3571/4208/3064 3594/4207/3087
f 3623/3928/3116 3646/4115/3139 3555/4213/3048 3578/3929/3071
f 2905/3746/2566 2882/3803/2543 2879/3806/2540 2856/3524/2517
f 2928/4237/2589 2881/3747/2542 2880/3523/2541 2833/3581/2494
f 3620/4017/3113 3643/4037/3136 3558/4040/3051 3581/4018/3074
f 3612/3981/3105 3635/4067/3128 3566/4198/3059 3589/3982/3082
f 3309/3663/2850 2998/3637/2611 2955/3640/217 2932/3664/217
f 3002/3776/2615 2979/3724/2592 2974/3659/217 2951/3836/217
f 3642/4097/3135 3618/3993/3111 3583/3996/3076 3559/4212/3052
f 3631/4013/3124 3607/4236/3100 3594/4207/3087 3570/4014/3063
f 2943/3712/217 2966/3655/217 2891/3658/2552 2914/3718/2575
f 2945/3865/217 2968/3833/217 2889/3851/2550 2912/3850/2573
f 3629/4107/3122 3605/3953/3098 3596/3956/3089 3572/4215/3065
f 3604/3984/3097 3627/4022/3120 3574/4025/3067 3597/3985/3090
f 2892/3726/2553 2916/3798/2577 2845/3623/2506 2869/3566/2530
f 2918/3783/2579 2895/3782/2556 2866/3887/2527 2843/3630/2504
f 3611/4066/3104 3634/3931/3127 3567/3934/3060 3590/4199/3083
f 3617/4007/3110 3640/4036/3133 3561/4210/3054 3584/4008/3077
f 3007/3771/2620 2984/3770/2597 2969/3683/217 2946/3682/217
f 3306/3675/2847 2995/3800/2608 2958/3862/217 2935/3676/217
f 3635/4067/3128 3611/4066/3104 3590/4199/3083 3566/4198/3059
f 3621/4053/3114 3644/4016/3137 3557/4019/3050 3580/4054/3073
f 2949/3792/217 2972/3813/217 2885/3733/2546 2908/3764/2569
f 2953/3758/217 2929/3673/217 2928/4237/2589 2904/3759/2565
f 3637/3973/3130 3613/4218/3106 3588/4209/3081 3564/3974/3057
f 3640/4036/3133 3616/4073/3109 3585/4211/3078 3561/4210/3054
f 2924/3697/2585 2901/3669/2562 2860/3551/2521 2837/3698/2498
f 2916/3798/2577 2893/3797/2554 2868/3555/2529 2845/3623/2506
f 3602/3958/3095 3625/3968/3118 3576/3971/3069 3599/3959/3092
f 3616/4073/3109 3639/4003/3132 3562/4006/3055 3585/4211/3078
f 2604/3132/2289 3755/3131/3200 3709/3923/217 3733/4219/217
f 3754/3227/3199 2604/3132/2289 3733/4219/217 3710/4230/217
f 3763/3174/3208 2613/3134/2298 3724/4157/217 3701/3914/217
f 2614/2292/2299 3765/3172/3210 3699/4142/217 3723/3908/217
f 2610/3234/2295 3761/3182/3206 3703/4220/217 3727/4226/217
f 3745/3177/3190 2595/3162/2280 3742/4164/217 3719/4163/217
f 2602/3136/2287 3753/2301/3198 3711/4136/217 3735/4158/217
f 2603/2300/2288 3754/3227/3199 3710/4230/217 3734/4137/217
f 3756/3169/3201 2606/3231/2291 3731/3894/217 3708/3902/217
f 3034/3242/2647 2594/3178/2279 3743/3916/217 3720/3899/217
f 2605/3170/2290 3756/3169/3201 3708/3902/217 3732/3922/217
f 2613/3134/2298 3764/2293/3209 3700/3909/217 3724/4157/217
f 3705/4228/217 3728/4238/217 3665/4080/3158 3688/4122/3181
f 3757/3237/3202 2607/3236/2292 3730/3918/217 3707/3895/217
f 3749/3144/3194 2599/3143/2284 3738/4151/217 3715/4149/217
f 2595/3162/2280 3746/2305/3191 3718/4152/217 3742/4164/217
f 3714/3905/217 3737/3904/217 3656/4043/3149 3679/4082/3172
f 3700/3909/217 3723/3908/217 3670/4125/3163 3693/4124/3186
f 2606/3231/2291 3757/3237/3202 3707/3895/217 3731/3894/217
f 2597/3240/2282 3748/3156/3193 3716/4128/217 3740/3891/217
f 3722/3926/217 3698/3913/217 3695/4223/3188 3671/4231/3164
f 3727/4226/217 3703/4220/217 3690/4222/3183 3666/4227/3159
f 3761/3182/3206 2611/3181/2296 3726/3911/217 3703/4220/217
f 3767/2297/3212 2593/2296/2278 3744/3898/217 3697/4144/217
f 3728/4238/217 3704/4225/217 3689/4081/3182 3665/4080/3158
f 3721/3912/217 3697/4144/217 3696/4099/3189 3672/4098/3165
f 2600/3159/2285 3751/3238/3196 3713/4233/217 3737/3904/217
f 3746/2305/3191 2596/2304/2281 3741/4153/217 3718/4152/217
f 3726/3911/217 3702/3910/217 3691/4111/3184 3667/4221/3160
f 3740/3891/217 3716/4128/217 3677/4064/3170 3653/3892/3146
f 3747/3184/3192 2597/3240/2282 3740/3891/217 3717/3890/217
f 3748/3156/3193 2598/3155/2283 3739/4129/217 3716/4128/217
f 3346/3826/2887 3322/3825/2863 3303/3665/2844 2991/3687/2604
f 3315/3750/2856 3338/4168/2879 2999/3757/2612 3310/3638/2851
f 2608/3165/2293 3759/3128/3204 3705/4228/217 3729/3925/217
f 2594/3178/2279 3745/3177/3190 3719/4163/217 3743/3916/217
f 2847/3578/2508 2870/3535/2531 2795/3538/2456 2818/3559/2479
f 2855/3805/2516 2878/3625/2539 2787/3587/2448 2810/4170/2471
f 3702/3910/217 3725/3915/217 3668/4106/3161 3691/4111/3184
f 3743/3916/217 3719/4163/217 3674/4113/3167 3650/3917/3143
f 3005/3789/2618 2982/4169/2595 2971/3709/217 2948/3708/217
f 2811/3570/2472 2788/3562/2449 2781/3565/2442 2758/3588/2419
f 3737/3904/217 3713/4233/217 3680/4034/3173 3656/4043/3149
f 3762/3148/3207 2612/3147/2297 3725/3915/217 3702/3910/217
f 3348/3907/2889 3324/3871/2865 3301/3700/2842 2989/3691/2602
f 3340/3762/2881 3316/3812/2857 3309/3663/2850 2997/3648/2610
f 3760/3244/3205 2610/3234/2295 3727/4226/217 3704/4225/217
f 3759/3128/3204 2609/3127/2294 3728/4238/217 3705/4228/217
f 2861/3699/2522 2837/3698/2498 2828/3609/2489 2804/3608/2465
f 2863/3540/2524 2839/3921/2500 2826/3583/2487 2802/3541/2463
f 3710/4230/217 3733/4219/217 3660/4216/3153 3683/4091/3176
f 3736/4234/217 3712/4232/217 3681/4071/3174 3657/4035/3150
f 3323/3818/2864 3346/3826/2887 2991/3687/2604 3302/3686/2843
f 2996/3729/2609 3308/3647/2849 2933/3650/217 2957/3748/217
f 3752/3151/3197 2602/3136/2287 3735/4158/217 3712/4232/217
f 2598/3155/2283 3749/3144/3194 3715/4149/217 3739/4129/217
f 2833/3581/2494 2880/3523/2541 2785/3526/2446 2832/3582/2493
f 2873/3766/2534 2849/3590/2510 2816/3593/2477 2792/3617/2453
f 3765/3172/3210 2615/3223/2300 3722/3926/217 3699/4142/217
f 2596/2304/2281 3747/3184/3192 3717/3890/217 3741/4153/217
f 2841/3627/2502 2864/3603/2525 2801/3532/2462 2824/3531/2485
f 3325/3731/2866 3348/3907/2889 2989/3691/2602 3300/3690/2841
f 2616/3139/2301 3767/2297/3212 3697/4144/217 3721/3912/217
f 3751/3238/3196 2601/3152/2286 3736/4234/217 3713/4233/217
f 3336/3793/2877 3359/3774/2900 2978/3777/2591 3001/3794/2614
f 3319/3761/2860 3342/3799/2883 2995/3800/2608 3306/3675/2847
f 3753/2301/3198 2603/2300/2288 3734/4137/217 3711/4136/217
f 2601/3152/2286 3752/3151/3197 3712/4232/217 3736/4234/217
f 2834/3790/2495 2857/3580/2518 2808/3574/2469 2831/3573/2492
f 2843/3630/2504 2866/3887/2527 2799/3619/2460 2822/3548/2483
f 2599/3143/2284 3750/3160/3195 3714/3905/217 3738/4151/217
f 2609/3127/2294 3760/3244/3205 3704/4225/217 3728/4238/217
f 2750/3572/2411 2773/3571/2434 3768/4239/217 2774/3560/2435
f 2773/3571/2434 2749/3878/2410 2772/3877/2433 3768/4239/217
f 2774/3560/2435 3768/4239/217 3769/4240/217 2751/3561/2412
f 3768/4239/217 2772/3877/2433 2748/4176/2409 3769/4240/217
f 2751/3561/2412 3769/4240/217 3770/4241/217 2775/4175/2436
f 3769/4240/217 2748/4176/2409 2771/3550/2432 3770/4241/217
f 2775/4175/2436 3770/4241/217 3771/4242/217 2752/4178/2413
f 3770/4241/217 2771/3550/2432 2747/3549/2408 3771/4242/217
f 2752/4178/2413 3771/4242/217 3772/4243/217 2776/3614/2437
f 3771/4242/217 2747/3549/2408 2770/3622/2431 3772/4243/217
f 2776/3614/2437 3772/4243/217 3773/4244/217 2753/3615/2414
f 3772/4243/217 2770/3622/2431 2746/3621/2407 3773/4244/217
f 2753/3615/2414 3773/4244/217 3774/4245/217 2777/3618/2438
f 3773/4244/217 2746/3621/2407 2769/4173/2430 3774/4245/217
f 2777/3618/2438 3774/4245/217 3775/4246/217 2754/3545/2415
f 3774/4245/217 2769/4173/2430 2745/3534/2406 3775/4246/217
f 2754/3545/2415 3775/4246/217 3776/4247/217 2778/3546/2439
f 3775/4246/217 2745/3534/2406 2768/3533/2429 3776/4247/217
f 2778/3546/2439 3776/4247/217 3777/4248/217 2755/3606/2416
f 3776/4247/217 2768/3533/2429 2744/4172/2405 3777/4248/217
f 2755/3606/2416 3777/4248/217 3778/4249/217 2779/3607/2440
f 3777/4248/217 2744/4172/2405 2767/4171/2428 3778/4249/217
f 2779/3607/2440 3778/4249/217 3779/4250/217 2756/3529/2417
f 3778/4249/217 2767/4171/2428 2743/3586/2404 3779/4250/217
f 2756/3529/2417 3779/4250/217 3780/4251/217 2780/3530/2441
f 3779/4250/217 2743/3586/2404 2766/3585/2427 3780/4251/217
f 2780/3530/2441 3780/4251/217 3781/4252/217 2757/3564/2418
f 3780/4251/217 2766/3585/2427 2742/3613/2403 3781/4252/217
f 2757/3564/2418 3781/4252/217 3782/4253/217 2781/3565/2442
f 3781/4252/217 2742/3613/2403 2765/3611/2426 3782/4253/217
f 2781/3565/2442 3782/4253/217 3783/4254/217 2758/3588/2419
f 3782/4253/217 2765/3611/2426 2741/3610/2402 3783/4254/217
f 2758/3588/2419 3783/4254/217 3784/4255/217 2782/3589/2443
f 3783/4254/217 2741/3610/2402 2764/3616/2425 3784/4255/217
f 2782/3589/2443 3784/4255/217 3785/4256/217 2759/4174/2420
f 3784/4255/217 2764/3616/2425 2740/3602/2401 3785/4256/217
f 2759/4174/2420 3785/4256/217 3786/4257/217 2783/3875/2444
f 3785/4256/217 2740/3602/2401 2763/3601/2424 3786/4257/217
f 2783/3875/2444 3786/4257/217 3787/4258/217 2760/3876/2421
f 3786/4257/217 2763/3601/2424 2739/3599/2400 3787/4258/217
f 2760/3876/2421 3787/4258/217 3788/4259/217 2784/3604/2445
f 3787/4258/217 2739/3599/2400 2762/3598/2423 3788/4259/217
f 2784/3604/2445 3788/4259/217 2761/3575/2422 2737/3605/2398
f 3788/4259/217 2762/3598/2423 2738/3576/2399 2761/3575/2422
