# Blender 5.0.1
# www.blender.org
mtllib Caja.mtl
o Caja
v 3.897504 3.262655 2.143084
v 3.897504 0.161522 2.187658
v 3.888188 0.161522 2.196974
v 3.888188 0.152205 2.187658
v 3.894776 0.161521 2.194245
v 3.893567 0.156143 2.193036
v 3.888188 0.154934 2.194245
v 3.894776 0.154934 2.187657
v 3.888188 4.030952 2.196973
v 3.897504 4.030952 2.187657
v 3.888722 4.040268 2.188191
v 3.894775 4.030952 2.194244
v 3.893681 4.036331 2.193150
v 3.894922 4.037546 2.187931
v 3.888462 4.037546 2.194391
v 3.892877 4.010604 2.231415
v 3.897504 4.010604 2.226788
v 3.896148 4.010604 2.230059
v 3.888188 0.185633 2.240497
v 3.897504 0.185633 2.231181
v 3.894776 0.185633 2.237768
v 3.894775 4.078302 0.014214
v 3.888187 4.057413 0.013581
v 3.897503 4.057629 0.022895
v 3.897504 0.118530 0.038544
v 3.888188 0.109213 0.038544
v 3.888188 0.118530 0.029228
v 3.894776 0.111942 0.038544
v 3.893567 0.113151 0.033165
v 3.888188 0.111942 0.031957
v 3.894776 0.118530 0.031957
v 3.889184 0.156397 2.152400
v 3.873951 0.156397 2.143235
v 3.888188 0.152205 2.133881
v 3.897504 0.161522 2.143085
v 3.894922 0.155548 2.143112
v 3.897504 4.030952 2.143084
v 3.888785 4.040268 2.144237
v 3.894951 4.037539 2.143421
v 1.268954 0.161521 2.166609
v 1.259639 0.161521 2.157407
v 1.268955 0.152205 2.157293
v 1.262367 0.161521 2.163961
v 1.263576 0.156143 2.162737
v 1.262368 0.154934 2.157373
v 1.268955 0.154934 2.163881
v 3.888188 3.262655 0.874026
v 3.897504 3.262655 0.883524
v 3.894775 3.262655 0.876808
v 3.897504 3.178665 0.866817
v 3.888188 3.180332 0.857650
v 3.894775 3.179844 0.860335
v 3.888188 3.344979 0.857650
v 3.897504 3.350045 0.866141
v 3.894775 3.346462 0.860137
v 3.888188 3.414769 0.811018
v 3.897504 3.419199 0.819961
v 3.894775 3.416067 0.813637
v 3.897504 3.101187 0.815011
v 3.888188 3.110541 0.811018
v 3.894775 3.107801 0.812187
v 3.888187 3.461402 0.741228
v 3.897503 3.471688 0.741452
v 3.894775 3.464415 0.741294
v 3.897504 3.055160 0.746081
v 3.888188 3.063908 0.741227
v 3.894775 3.061346 0.742649
v 3.888187 3.477777 0.658904
v 3.897503 3.484685 0.676279
v 3.894775 3.479800 0.663993
v 3.897504 3.038672 0.663234
v 3.888188 3.047533 0.658904
v 3.894775 3.044938 0.660172
v 3.888188 3.262655 2.196973
v 3.897504 3.262655 2.187657
v 3.894775 3.262655 2.194244
v 3.897504 3.262657 2.231180
v 3.888188 3.262657 2.240496
v 3.894775 3.262657 2.237767
v 3.888188 0.109214 2.231181
v 3.897504 0.118530 2.231181
v 3.888188 0.118530 2.240497
v 3.894776 0.111943 2.231181
v 3.893567 0.113152 2.236559
v 3.894776 0.118530 2.237768
v 3.888188 0.111943 2.237768
v 2.155501 0.161522 2.187658
v 2.164817 0.152205 2.187658
v 2.164817 0.161522 2.196974
v 2.158230 0.154934 2.187658
v 2.159438 0.156143 2.193036
v 2.164817 0.154934 2.194245
v 2.158230 0.161521 2.194245
v 2.155500 4.030952 2.187657
v 2.164817 4.030952 2.196973
v 2.164817 4.040268 2.188170
v 2.158229 4.030951 2.194138
v 2.159438 4.036330 2.193144
v 2.164817 4.037539 2.194501
v 2.158229 4.037539 2.187913
v 2.155500 3.262655 2.187657
v 2.164817 3.262655 2.196973
v 2.158229 3.262655 2.194244
v 3.850303 0.152205 2.165593
v 3.850303 0.161522 2.157491
v 3.852110 0.194950 2.150291
v 3.850303 0.154919 2.159884
v 3.854024 0.165226 2.155389
v 3.848705 4.030952 2.157490
v 3.848705 4.040268 2.166806
v 3.867337 4.040267 2.148174
v 3.858021 4.030951 2.148174
v 3.848705 4.037539 2.160219
v 3.856907 4.037557 2.156376
v 3.861880 4.040268 2.161349
v 3.860750 4.037539 2.148174
v 3.855293 4.030951 2.154762
v 3.897504 4.010150 2.210329
v 3.888188 4.010150 2.200969
v 3.894776 4.010150 2.203729
v 3.897504 0.185633 2.210330
v 3.888189 0.185633 2.200970
v 3.894775 0.185633 2.203730
v 3.888187 4.048316 0.023112
v 3.894775 4.057477 0.016308
v 3.894776 4.038364 2.198740
v 3.888188 4.036972 2.196357
v 3.888188 0.148696 0.038544
v 3.897504 0.139380 0.038544
v 3.888188 0.139380 0.029228
v 3.894776 0.145967 0.038544
v 3.893567 0.144758 0.033165
v 3.894776 0.139380 0.031957
v 3.888188 0.145967 0.031957
v 3.846229 0.202896 2.133812
v 3.836879 0.193826 2.133888
v 3.842993 0.177181 2.143638
v 3.847945 0.198925 2.142490
v 3.846997 0.191957 2.142095
v 3.843475 0.196381 2.133850
v 3.840447 0.191004 2.140504
v 3.852411 0.172066 2.144286
v 1.268954 0.184591 2.166602
v 1.268952 0.193911 2.157285
v 1.259639 0.184840 2.157407
v 1.268953 0.191181 2.163873
v 1.263575 0.190114 2.162734
v 1.262366 0.191357 2.157371
v 1.262368 0.184767 2.163959
v 3.857959 3.262656 0.883524
v 3.867337 3.262655 0.874026
v 3.860732 3.262655 0.876808
v 3.867337 3.180332 0.857650
v 3.858021 3.178620 0.866808
v 3.860750 3.179830 0.860332
v 3.858021 3.350064 0.866137
v 3.867337 3.344979 0.857650
v 3.860750 3.346468 0.860136
v 3.858021 3.419165 0.819993
v 3.867337 3.414769 0.811018
v 3.860750 3.416057 0.813646
v 3.867337 3.110541 0.811018
v 3.857983 3.101242 0.815070
v 3.860739 3.107817 0.812205
v 3.858021 3.471718 0.741390
v 3.867337 3.461402 0.741228
v 3.860750 3.464423 0.741275
v 3.867337 3.063908 0.741227
v 3.858021 3.055146 0.746037
v 3.860750 3.061342 0.742636
v 3.858021 3.484674 0.676427
v 3.867337 3.477777 0.658904
v 3.860750 3.479797 0.664036
v 3.867337 3.047533 0.658904
v 3.857985 3.038684 0.663321
v 3.860739 3.044942 0.660198
v 3.858021 3.262656 2.148174
v 3.858021 3.253340 2.157490
v 3.849536 3.257998 2.157490
v 3.858006 3.256087 2.154743
v 3.853779 3.253340 2.157490
v 3.855522 3.262655 2.154772
v 3.888188 3.262657 2.201013
v 3.897504 3.262657 2.210330
v 3.894775 3.262657 2.203742
v 3.888188 0.148696 2.191698
v 3.888188 0.158013 2.201014
v 3.897504 0.158013 2.210330
v 3.897504 0.139380 2.191698
v 3.888188 0.151425 2.198285
v 3.894793 0.149811 2.199900
v 3.894776 0.158012 2.203743
v 3.897504 0.144837 2.204873
v 3.894776 0.145968 2.191698
v 2.155501 0.161522 2.166807
v 2.163389 0.161522 2.157491
v 2.164817 0.152205 2.166807
v 2.157516 0.161521 2.160220
v 2.159137 0.156143 2.161428
v 2.164104 0.154934 2.160220
v 2.158526 0.154934 2.166807
v 2.155500 4.030951 2.166806
v 2.164817 4.040268 2.166806
v 2.164817 4.030952 2.157490
v 2.158229 4.037539 2.166806
v 2.159438 4.036331 2.161427
v 2.164817 4.037539 2.160219
v 2.158229 4.030951 2.160219
v 2.163332 3.262656 2.157490
v 2.155500 3.262656 2.166806
v 2.157794 3.262655 2.160219
v 3.851279 0.152205 2.135520
v 3.851279 0.154933 2.142215
v 3.851279 0.161519 2.144965
v 3.838706 0.154933 2.142215
v 3.838706 0.161519 2.144965
v 3.838706 0.152205 2.135520
v 3.855661 3.258040 2.155136
v 3.897504 4.041696 2.204438
v 3.894776 4.060206 2.180195
v 3.888188 4.057800 2.178841
v 3.897504 4.065957 2.183434
v 3.896148 4.050539 2.220561
v 3.897504 4.048889 2.217736
v 3.892877 4.051224 2.221731
v 3.897504 0.126584 2.231181
v 3.897504 0.118530 2.223127
v 3.897504 0.377861 2.187658
v 3.854008 0.377861 2.155523
v 3.897504 0.377861 2.231181
v 2.157535 0.377861 2.160220
v 3.897504 0.377861 2.143085
v 2.155501 0.377861 2.187658
v 3.888188 0.377861 2.196974
v 3.846832 0.377860 2.134547
v 3.897504 0.377861 2.210330
v 3.894776 0.377861 2.237768
v 2.164817 0.377861 2.196974
v 3.888189 0.377861 2.200973
v 3.888188 0.377861 2.240497
v 3.894775 0.377861 2.203730
v 2.158230 0.377861 2.194245
v 3.850249 0.377861 2.157491
v 2.155501 0.377861 2.166807
v 3.894776 0.377861 2.194245
v 3.852428 0.377860 2.150678
v 2.163385 0.377861 2.157491
v 3.848473 0.377861 2.143134
v 3.892877 4.031558 2.229275
v 3.897504 4.030349 2.224808
v 3.896148 4.031203 2.227966
v 3.892877 4.068234 2.209310
v 3.897504 4.064937 2.206064
v 3.896148 4.067268 2.208359
v 3.897504 4.026315 2.209482
v 3.888188 4.023868 2.200447
v 3.894776 4.024589 2.203111
v 3.892877 4.089825 2.173565
v 3.897504 4.085340 2.172427
v 3.896148 4.088511 2.173232
v 3.897504 4.055223 2.195550
v 3.888188 4.048551 2.188984
v 3.894776 4.050519 2.190920
v 3.897504 4.073150 2.168934
v 3.888188 4.064076 2.166633
v 3.894776 4.069704 2.153163
v 3.888188 4.066943 2.153208
v 3.897504 4.076303 2.153058
v 3.896148 4.080226 2.192208
v 3.897504 4.077375 2.190603
v 3.892877 4.081406 2.192873
v 3.894776 4.066752 2.167311
v 3.893566 4.052127 0.017643
v 3.894775 4.051043 0.023046
v 3.888187 4.050891 0.016461
v 3.896148 4.091547 2.152750
v 3.897504 4.088276 2.152802
v 3.892877 4.092902 2.152728
v 3.894775 4.085042 0.020647
v 3.893566 4.083708 0.015297
v 3.888187 4.084888 0.014061
v 3.897503 4.078454 0.020799
v 3.888187 4.087770 0.020584
v 3.888187 4.078238 0.011486
v -3.897504 3.262655 2.143084
v -3.897504 0.161522 2.187658
v -3.888189 0.161522 2.196974
v -3.888189 0.152205 2.187658
v -3.894776 0.161521 2.194245
v -3.893567 0.156143 2.193036
v -3.888189 0.154934 2.194245
v -3.894776 0.154934 2.187657
v -3.888188 4.030952 2.196973
v -3.897504 4.030952 2.187657
v -3.888722 4.040268 2.188191
v -3.894776 4.030952 2.194244
v -3.893681 4.036331 2.193150
v -3.894922 4.037546 2.187931
v -3.888462 4.037546 2.194391
v -3.892877 4.010604 2.231415
v -3.897504 4.010604 2.226788
v -3.896148 4.010604 2.230059
v -3.888189 0.185633 2.240497
v -3.897504 0.185633 2.231181
v -3.894776 0.185633 2.237768
v -3.894775 4.078302 0.014214
v -3.888186 4.057413 0.013581
v -3.897503 4.057629 0.022895
v -3.897504 0.118530 0.038544
v -3.888189 0.109213 0.038544
v -3.888189 0.118530 0.029228
v -3.894776 0.111942 0.038544
v -3.893567 0.113151 0.033165
v -3.888189 0.111942 0.031957
v -3.894776 0.118530 0.031957
v -3.889184 0.156397 2.152400
v -3.873951 0.156397 2.143235
v -3.888189 0.152205 2.133881
v -3.897504 0.161522 2.143085
v -3.894922 0.155548 2.143112
v -3.897504 4.030952 2.143084
v -3.888785 4.040268 2.144237
v -3.894951 4.037539 2.143421
v -1.268954 0.161521 2.166609
v -1.259638 0.161521 2.157407
v -1.268955 0.152205 2.157293
v -1.262368 0.161521 2.163961
v -1.263577 0.156143 2.162737
v -1.262368 0.154934 2.157373
v -1.268955 0.154934 2.163881
v -3.888188 3.262655 0.874026
v -3.897504 3.262655 0.883524
v -3.894776 3.262655 0.876808
v -3.897504 3.178665 0.866817
v -3.888188 3.180332 0.857650
v -3.894776 3.179844 0.860335
v -3.888188 3.344979 0.857650
v -3.897504 3.350045 0.866141
v -3.894776 3.346462 0.860137
v -3.888188 3.414769 0.811018
v -3.897504 3.419199 0.819961
v -3.894776 3.416067 0.813637
v -3.897504 3.101187 0.815011
v -3.888188 3.110541 0.811018
v -3.894776 3.107801 0.812187
v -3.888186 3.461402 0.741228
v -3.897503 3.471688 0.741452
v -3.894775 3.464415 0.741294
v -3.897504 3.055160 0.746081
v -3.888188 3.063908 0.741227
v -3.894776 3.061346 0.742649
v -3.888186 3.477777 0.658904
v -3.897503 3.484685 0.676279
v -3.894775 3.479800 0.663993
v -3.897504 3.038672 0.663234
v -3.888188 3.047533 0.658904
v -3.894776 3.044938 0.660172
v -3.888188 3.262655 2.196973
v -3.897504 3.262655 2.187657
v -3.894776 3.262655 2.194244
v -3.897504 3.262657 2.231180
v -3.888188 3.262657 2.240496
v -3.894776 3.262657 2.237767
v -3.888189 0.109214 2.231181
v -3.897504 0.118530 2.231181
v -3.888189 0.118530 2.240497
v -3.894776 0.111943 2.231181
v -3.893567 0.113152 2.236559
v -3.894776 0.118530 2.237768
v -3.888189 0.111943 2.237768
v -2.155501 0.161522 2.187658
v -2.164818 0.152205 2.187658
v -2.164818 0.161522 2.196974
v -2.158230 0.154934 2.187658
v -2.159438 0.156143 2.193036
v -2.164818 0.154934 2.194245
v -2.158230 0.161521 2.194245
v -2.155501 4.030952 2.187657
v -2.164817 4.030952 2.196973
v -2.164817 4.040268 2.188170
v -2.158229 4.030951 2.194138
v -2.159437 4.036330 2.193144
v -2.164817 4.037539 2.194501
v -2.158229 4.037539 2.187913
v -2.155501 3.262655 2.187657
v -2.164817 3.262655 2.196973
v -2.158229 3.262655 2.194244
v -3.850303 0.152205 2.165593
v -3.850303 0.161522 2.157491
v -3.852110 0.194950 2.150291
v -3.850303 0.154919 2.159884
v -3.854024 0.165226 2.155389
v -3.848705 4.030952 2.157490
v -3.848705 4.040268 2.166806
v -3.867337 4.040267 2.148174
v -3.858022 4.030951 2.148174
v -3.848705 4.037539 2.160219
v -3.856907 4.037557 2.156376
v -3.861880 4.040268 2.161349
v -3.860750 4.037539 2.148174
v -3.855293 4.030951 2.154762
v -3.897504 4.010150 2.210329
v -3.888189 4.010150 2.200969
v -3.894776 4.010150 2.203729
v -3.897504 0.185633 2.210330
v -3.888189 0.185633 2.200970
v -3.894776 0.185633 2.203730
v -3.888186 4.048316 0.023112
v -3.894775 4.057477 0.016308
v -3.894776 4.038364 2.198740
v -3.888189 4.036972 2.196357
v -3.888189 0.148696 0.038544
v -3.897504 0.139380 0.038544
v -3.888189 0.139380 0.029228
v -3.894776 0.145967 0.038544
v -3.893567 0.144758 0.033165
v -3.894776 0.139380 0.031957
v -3.888189 0.145967 0.031957
v -3.846229 0.202896 2.133812
v -3.836879 0.193826 2.133888
v -3.842993 0.177181 2.143638
v -3.847945 0.198925 2.142490
v -3.846997 0.191957 2.142095
v -3.843475 0.196381 2.133850
v -3.840447 0.191004 2.140504
v -3.852411 0.172066 2.144286
v -1.268954 0.184591 2.166602
v -1.268952 0.193911 2.157285
v -1.259638 0.184840 2.157407
v -1.268953 0.191181 2.163873
v -1.263576 0.190114 2.162734
v -1.262366 0.191357 2.157371
v -1.262368 0.184767 2.163959
v -3.857959 3.262656 0.883524
v -3.867337 3.262655 0.874026
v -3.860732 3.262655 0.876808
v -3.867337 3.180332 0.857650
v -3.858022 3.178620 0.866808
v -3.860750 3.179830 0.860332
v -3.858022 3.350064 0.866137
v -3.867337 3.344979 0.857650
v -3.860750 3.346468 0.860136
v -3.858022 3.419165 0.819993
v -3.867337 3.414769 0.811018
v -3.860750 3.416057 0.813646
v -3.867337 3.110541 0.811018
v -3.857984 3.101242 0.815070
v -3.860739 3.107817 0.812205
v -3.858021 3.471718 0.741390
v -3.867337 3.461402 0.741228
v -3.860750 3.464423 0.741275
v -3.867337 3.063908 0.741227
v -3.858022 3.055146 0.746037
v -3.860750 3.061342 0.742636
v -3.858021 3.484674 0.676427
v -3.867337 3.477777 0.658904
v -3.860750 3.479797 0.664036
v -3.867337 3.047533 0.658904
v -3.857985 3.038684 0.663321
v -3.860739 3.044942 0.660198
v -3.858022 3.262656 2.148174
v -3.858022 3.253340 2.157490
v -3.849535 3.257998 2.157490
v -3.858007 3.256087 2.154743
v -3.853779 3.253340 2.157490
v -3.855522 3.262655 2.154772
v -3.888188 3.262657 2.201013
v -3.897504 3.262657 2.210330
v -3.894776 3.262657 2.203742
v -3.888189 0.148696 2.191698
v -3.888189 0.158013 2.201014
v -3.897504 0.158013 2.210330
v -3.897504 0.139380 2.191698
v -3.888189 0.151425 2.198285
v -3.894793 0.149811 2.199900
v -3.894776 0.158012 2.203743
v -3.897504 0.144837 2.204873
v -3.894776 0.145968 2.191698
v -2.155501 0.161522 2.166807
v -2.163389 0.161522 2.157491
v -2.164818 0.152205 2.166807
v -2.157516 0.161521 2.160220
v -2.159137 0.156143 2.161428
v -2.164103 0.154934 2.160220
v -2.158526 0.154934 2.166807
v -2.155501 4.030951 2.166806
v -2.164817 4.040268 2.166806
v -2.164817 4.030952 2.157490
v -2.158229 4.037539 2.166806
v -2.159437 4.036331 2.161427
v -2.164817 4.037539 2.160219
v -2.158229 4.030951 2.160219
v -2.163331 3.262656 2.157490
v -2.155501 3.262656 2.166806
v -2.157794 3.262655 2.160219
v -3.851280 0.152205 2.135520
v -3.851280 0.154933 2.142215
v -3.851280 0.161519 2.144965
v -3.838706 0.154933 2.142215
v -3.838706 0.161519 2.144965
v -3.838706 0.152205 2.135520
v -3.855661 3.258040 2.155136
v -3.897504 4.041696 2.204438
v -3.894776 4.060206 2.180195
v -3.888189 4.057800 2.178841
v -3.897504 4.065957 2.183434
v -3.896148 4.050539 2.220561
v -3.897504 4.048889 2.217736
v -3.892877 4.051224 2.221731
v -3.897504 0.126584 2.231181
v -3.897504 0.118530 2.223127
v -3.897504 0.377861 2.187658
v -3.854008 0.377861 2.155523
v -3.897504 0.377861 2.231181
v -2.157536 0.377861 2.160220
v -3.897504 0.377861 2.143085
v -2.155501 0.377861 2.187658
v -3.888189 0.377861 2.196974
v -3.846832 0.377860 2.134547
v -3.897504 0.377861 2.210330
v -3.894776 0.377861 2.237768
v -2.164818 0.377861 2.196974
v -3.888189 0.377861 2.200973
v -3.888189 0.377861 2.240497
v -3.894776 0.377861 2.203730
v -2.158230 0.377861 2.194245
v -3.850249 0.377861 2.157491
v -2.155501 0.377861 2.166807
v -3.894776 0.377861 2.194245
v -3.852428 0.377860 2.150678
v -2.163385 0.377861 2.157491
v -3.848473 0.377861 2.143134
v -3.892877 4.031558 2.229275
v -3.897504 4.030349 2.224808
v -3.896148 4.031203 2.227966
v -3.892877 4.068234 2.209310
v -3.897504 4.064937 2.206064
v -3.896148 4.067268 2.208359
v -3.897504 4.026315 2.209482
v -3.888189 4.023868 2.200447
v -3.894776 4.024589 2.203111
v -3.892877 4.089825 2.173565
v -3.897504 4.085340 2.172427
v -3.896148 4.088511 2.173232
v -3.897504 4.055223 2.195550
v -3.888189 4.048551 2.188984
v -3.894776 4.050519 2.190920
v -3.897504 4.073150 2.168934
v -3.888189 4.064076 2.166633
v -3.894776 4.069704 2.153163
v -3.888189 4.066943 2.153208
v -3.897504 4.076303 2.153058
v -3.896148 4.080226 2.192208
v -3.897504 4.077375 2.190603
v -3.892877 4.081406 2.192873
v -3.894776 4.066752 2.167311
v -3.893566 4.052127 0.017643
v -3.894775 4.051043 0.023046
v -3.888186 4.050891 0.016461
v -3.896148 4.091547 2.152750
v -3.897504 4.088276 2.152802
v -3.892877 4.092902 2.152728
v -3.894775 4.085042 0.020647
v -3.893566 4.083708 0.015297
v -3.888186 4.084888 0.014061
v -3.897503 4.078454 0.020799
v -3.888186 4.087770 0.020584
v -3.888186 4.078238 0.011486
v 3.897504 3.262655 -2.143085
v 3.897504 0.161520 -2.187658
v 3.888188 0.161520 -2.196974
v 3.888188 0.152204 -2.187658
v 3.894776 0.161520 -2.194245
v 3.893567 0.156142 -2.193036
v 3.888188 0.154933 -2.194245
v 3.894776 0.154933 -2.187657
v 3.888188 4.030951 -2.196974
v 3.897504 4.030951 -2.187658
v 3.888722 4.040267 -2.188192
v 3.894775 4.030951 -2.194245
v 3.893681 4.036330 -2.193151
v 3.894922 4.037545 -2.187932
v 3.888462 4.037545 -2.194393
v 3.892848 4.024871 -2.240900
v 3.897504 4.024871 -2.236244
v 3.896141 4.024871 -2.239536
v 3.888188 0.185632 -2.241123
v 3.897504 0.185632 -2.231807
v 3.894776 0.185632 -2.238394
v 3.894775 4.078302 -0.014216
v 3.888187 4.057413 -0.013583
v 3.897503 4.057629 -0.022897
v 3.897504 0.118530 -0.038544
v 3.888188 0.109213 -0.038544
v 3.888188 0.118530 -0.029228
v 3.894776 0.111942 -0.038544
v 3.893567 0.113151 -0.033166
v 3.888188 0.111942 -0.031957
v 3.894776 0.118530 -0.031957
v 3.889184 0.156396 -2.152400
v 3.873951 0.156396 -2.143235
v 3.888188 0.152204 -2.133881
v 3.897504 0.161520 -2.143085
v 3.894922 0.155547 -2.143112
v 3.897504 4.030951 -2.143085
v 3.888785 4.040267 -2.144239
v 3.894951 4.037539 -2.143423
v 1.268954 0.161520 -2.166609
v 1.259639 0.161520 -2.157407
v 1.268955 0.152204 -2.157293
v 1.262367 0.161520 -2.163962
v 1.263576 0.156142 -2.162738
v 1.262368 0.154933 -2.157373
v 1.268955 0.154933 -2.163881
v 3.888188 3.262655 -0.874028
v 3.897504 3.262655 -0.883526
v 3.894775 3.262655 -0.876810
v 3.897504 3.178665 -0.866819
v 3.888188 3.180331 -0.857651
v 3.894775 3.179844 -0.860336
v 3.888188 3.344978 -0.857651
v 3.897504 3.350044 -0.866142
v 3.894775 3.346462 -0.860138
v 3.888188 3.414769 -0.811019
v 3.897504 3.419199 -0.819962
v 3.894775 3.416066 -0.813638
v 3.897504 3.101186 -0.815012
v 3.888188 3.110541 -0.811019
v 3.894775 3.107801 -0.812189
v 3.888187 3.461402 -0.741229
v 3.897503 3.471688 -0.741454
v 3.894775 3.464415 -0.741295
v 3.897504 3.055160 -0.746083
v 3.888188 3.063908 -0.741228
v 3.894775 3.061346 -0.742650
v 3.888187 3.477777 -0.658906
v 3.897503 3.484685 -0.676280
v 3.894775 3.479800 -0.663994
v 3.897504 3.038672 -0.663235
v 3.888188 3.047533 -0.658905
v 3.894775 3.044938 -0.660174
v 3.888188 3.262655 -2.196974
v 3.897504 3.262655 -2.187658
v 3.894775 3.262655 -2.194245
v 3.897504 3.262656 -2.231807
v 3.888188 3.262656 -2.241123
v 3.894775 3.262656 -2.238395
v 3.888188 0.109213 -2.231807
v 3.897504 0.118529 -2.231807
v 3.888188 0.118529 -2.241123
v 3.894776 0.111942 -2.231807
v 3.893567 0.113150 -2.237185
v 3.894776 0.118529 -2.238394
v 3.888188 0.111942 -2.238394
v 2.155501 0.161520 -2.187658
v 2.164817 0.152204 -2.187658
v 2.164817 0.161520 -2.196974
v 2.158230 0.154933 -2.187657
v 2.159438 0.156142 -2.193036
v 2.164817 0.154933 -2.194245
v 2.158230 0.161520 -2.194245
v 2.155500 4.030951 -2.187658
v 2.164817 4.030951 -2.196974
v 2.164817 4.040267 -2.188172
v 2.158229 4.030951 -2.194139
v 2.159438 4.036330 -2.193146
v 2.164817 4.037539 -2.194502
v 2.158229 4.037539 -2.187915
v 2.155500 3.262655 -2.187658
v 2.164817 3.262655 -2.196974
v 2.158229 3.262655 -2.194245
v 3.850303 0.152204 -2.165593
v 3.850303 0.161520 -2.157491
v 3.852110 0.194949 -2.150291
v 3.850303 0.154918 -2.159884
v 3.854024 0.165226 -2.155389
v 3.848705 4.030951 -2.157492
v 3.848705 4.040267 -2.166808
v 3.867337 4.040267 -2.148176
v 3.858021 4.030951 -2.148176
v 3.848705 4.037539 -2.160221
v 3.856907 4.037556 -2.156378
v 3.861880 4.040267 -2.161351
v 3.860750 4.037539 -2.148175
v 3.855293 4.030951 -2.154764
v 3.897504 4.018697 -2.210957
v 3.888188 4.018697 -2.201596
v 3.894776 4.018697 -2.204357
v 3.897504 0.185632 -2.210956
v 3.888189 0.185632 -2.201596
v 3.894775 0.185632 -2.204356
v 3.888187 4.048316 -0.023113
v 3.894775 4.057477 -0.016310
v 3.894776 4.046911 -2.199368
v 3.888188 4.045517 -2.196985
v 3.888188 0.148696 -0.038544
v 3.897504 0.139380 -0.038544
v 3.888188 0.139380 -0.029228
v 3.894776 0.145967 -0.038544
v 3.893567 0.144758 -0.033166
v 3.894776 0.139380 -0.031957
v 3.888188 0.145967 -0.031957
v 3.846229 0.202895 -2.133812
v 3.836879 0.193825 -2.133888
v 3.842993 0.177180 -2.143638
v 3.847945 0.198924 -2.142490
v 3.846997 0.191956 -2.142095
v 3.843475 0.196380 -2.133850
v 3.840447 0.191003 -2.140504
v 3.852411 0.172065 -2.144286
v 1.268954 0.184590 -2.166602
v 1.268952 0.193910 -2.157285
v 1.259639 0.184839 -2.157407
v 1.268953 0.191180 -2.163873
v 1.263575 0.190113 -2.162734
v 1.262366 0.191355 -2.157371
v 1.262368 0.184766 -2.163959
v 3.857959 3.262655 -0.883526
v 3.867337 3.262655 -0.874028
v 3.860732 3.262655 -0.876810
v 3.867337 3.180331 -0.857651
v 3.858021 3.178619 -0.866809
v 3.860750 3.179830 -0.860334
v 3.858021 3.350063 -0.866138
v 3.867337 3.344978 -0.857651
v 3.860750 3.346467 -0.860137
v 3.858021 3.419165 -0.819994
v 3.867337 3.414769 -0.811019
v 3.860750 3.416057 -0.813648
v 3.867337 3.110541 -0.811019
v 3.857983 3.101242 -0.815072
v 3.860739 3.107817 -0.812206
v 3.858021 3.471718 -0.741391
v 3.867337 3.461402 -0.741229
v 3.860750 3.464423 -0.741277
v 3.867337 3.063908 -0.741228
v 3.858021 3.055146 -0.746038
v 3.860750 3.061342 -0.742637
v 3.858021 3.484674 -0.676428
v 3.867337 3.477777 -0.658906
v 3.860750 3.479797 -0.664037
v 3.867337 3.047533 -0.658905
v 3.857985 3.038684 -0.663322
v 3.860739 3.044942 -0.660199
v 3.858021 3.262655 -2.148175
v 3.858021 3.253338 -2.157492
v 3.849536 3.257997 -2.157492
v 3.858006 3.256085 -2.154745
v 3.853779 3.253338 -2.157492
v 3.855522 3.262655 -2.154774
v 3.888188 3.262656 -2.201641
v 3.897504 3.262656 -2.210957
v 3.894775 3.262656 -2.204370
v 3.888188 0.148695 -2.192324
v 3.888188 0.158011 -2.201640
v 3.897504 0.158011 -2.210956
v 3.897504 0.139379 -2.192324
v 3.888188 0.151424 -2.198911
v 3.894793 0.149810 -2.200526
v 3.894776 0.158011 -2.204369
v 3.897504 0.144836 -2.205499
v 3.894776 0.145967 -2.192324
v 2.155501 0.161520 -2.166807
v 2.163389 0.161520 -2.157491
v 2.164817 0.152204 -2.166807
v 2.157516 0.161520 -2.160220
v 2.159137 0.156142 -2.161428
v 2.164104 0.154933 -2.160220
v 2.158526 0.154933 -2.166807
v 2.155500 4.030951 -2.166808
v 2.164817 4.040267 -2.166808
v 2.164817 4.030951 -2.157492
v 2.158229 4.037539 -2.166808
v 2.159438 4.036330 -2.161429
v 2.164817 4.037539 -2.160220
v 2.158229 4.030951 -2.160221
v 2.163332 3.262655 -2.157492
v 2.155500 3.262655 -2.166808
v 2.157794 3.262655 -2.160221
v 3.851279 0.152204 -2.135520
v 3.851279 0.154932 -2.142215
v 3.851279 0.161518 -2.144965
v 3.838706 0.154932 -2.142215
v 3.838706 0.161518 -2.144965
v 3.838706 0.152204 -2.135520
v 3.855661 3.258039 -2.155137
v 3.897504 4.050241 -2.205066
v 3.894776 4.068752 -2.180823
v 3.888188 4.066346 -2.179469
v 3.897504 4.074502 -2.184062
v 3.896141 4.065055 -2.229979
v 3.897504 4.063394 -2.227137
v 3.892848 4.065744 -2.231157
v 3.897504 0.126582 -2.231807
v 3.897504 0.118529 -2.223753
v 3.897504 0.377860 -2.187658
v 3.854008 0.377860 -2.155523
v 3.897504 0.377860 -2.231807
v 2.157535 0.377860 -2.160220
v 3.897504 0.377860 -2.143085
v 2.155501 0.377860 -2.187658
v 3.888188 0.377860 -2.196974
v 3.846832 0.377859 -2.134547
v 3.897504 0.377860 -2.210956
v 3.894776 0.377860 -2.238394
v 2.164817 0.377860 -2.196974
v 3.888189 0.377860 -2.201599
v 3.888188 0.377860 -2.241122
v 3.894775 0.377860 -2.204356
v 2.158230 0.377860 -2.194245
v 3.850249 0.377860 -2.157491
v 2.155501 0.377860 -2.166807
v 3.894776 0.377860 -2.194245
v 3.852428 0.377859 -2.150678
v 2.163385 0.377860 -2.157491
v 3.848473 0.377861 -2.143134
v 3.892848 4.045956 -2.238746
v 3.897504 4.044738 -2.234252
v 3.896141 4.045599 -2.237430
v 3.892848 4.082860 -2.218658
v 3.897504 4.079541 -2.215392
v 3.896141 4.081887 -2.217701
v 3.897504 4.034861 -2.210110
v 3.888188 4.032414 -2.201074
v 3.894776 4.033135 -2.203739
v 3.892848 4.104583 -2.182692
v 3.897504 4.100070 -2.181547
v 3.896141 4.103261 -2.182357
v 3.897504 4.063769 -2.196177
v 3.888188 4.057097 -2.189612
v 3.894776 4.059065 -2.191548
v 3.897504 4.081696 -2.169562
v 3.888188 4.072622 -2.167261
v 3.894776 4.078250 -2.153791
v 3.888188 4.075490 -2.153836
v 3.897504 4.084849 -2.153686
v 3.896141 4.094925 -2.201450
v 3.897504 4.092056 -2.199835
v 3.892848 4.096113 -2.202119
v 3.894776 4.075299 -2.167938
v 3.893566 4.052127 -0.017644
v 3.894775 4.051043 -0.023048
v 3.888187 4.050891 -0.016463
v 3.896141 4.106316 -2.161747
v 3.897504 4.103024 -2.161800
v 3.892848 4.107680 -2.161726
v 3.894775 4.085042 -0.020649
v 3.893566 4.083708 -0.015299
v 3.888187 4.084888 -0.014063
v 3.897503 4.078454 -0.020801
v 3.888187 4.087770 -0.020586
v 3.888187 4.078238 -0.011488
v -3.897504 3.262655 -2.143085
v -3.897504 0.161520 -2.187658
v -3.888189 0.161520 -2.196974
v -3.888189 0.152204 -2.187658
v -3.894776 0.161520 -2.194245
v -3.893567 0.156142 -2.193036
v -3.888189 0.154933 -2.194245
v -3.894776 0.154933 -2.187657
v -3.888188 4.030951 -2.196974
v -3.897504 4.030951 -2.187658
v -3.888722 4.040267 -2.188192
v -3.894776 4.030951 -2.194245
v -3.893681 4.036330 -2.193151
v -3.894922 4.037545 -2.187932
v -3.888462 4.037545 -2.194393
v -3.892848 4.024871 -2.240900
v -3.897504 4.024871 -2.236244
v -3.896141 4.024871 -2.239536
v -3.888189 0.185632 -2.241123
v -3.897504 0.185632 -2.231807
v -3.894776 0.185632 -2.238394
v -3.894775 4.078302 -0.014216
v -3.888186 4.057413 -0.013583
v -3.897503 4.057629 -0.022897
v -3.897504 0.118530 -0.038544
v -3.888189 0.109213 -0.038544
v -3.888189 0.118530 -0.029228
v -3.894776 0.111942 -0.038544
v -3.893567 0.113151 -0.033166
v -3.888189 0.111942 -0.031957
v -3.894776 0.118530 -0.031957
v -3.889184 0.156396 -2.152400
v -3.873951 0.156396 -2.143235
v -3.888189 0.152204 -2.133881
v -3.897504 0.161520 -2.143085
v -3.894922 0.155547 -2.143112
v -3.897504 4.030951 -2.143085
v -3.888785 4.040267 -2.144239
v -3.894951 4.037539 -2.143423
v -1.268954 0.161520 -2.166609
v -1.259638 0.161520 -2.157407
v -1.268955 0.152204 -2.157293
v -1.262368 0.161520 -2.163962
v -1.263577 0.156142 -2.162738
v -1.262368 0.154933 -2.157373
v -1.268955 0.154933 -2.163881
v -3.888188 3.262655 -0.874028
v -3.897504 3.262655 -0.883526
v -3.894776 3.262655 -0.876810
v -3.897504 3.178665 -0.866819
v -3.888188 3.180331 -0.857651
v -3.894776 3.179844 -0.860336
v -3.888188 3.344978 -0.857651
v -3.897504 3.350044 -0.866142
v -3.894776 3.346462 -0.860138
v -3.888188 3.414769 -0.811019
v -3.897504 3.419199 -0.819962
v -3.894776 3.416066 -0.813638
v -3.897504 3.101186 -0.815012
v -3.888188 3.110541 -0.811019
v -3.894776 3.107801 -0.812189
v -3.888186 3.461402 -0.741229
v -3.897503 3.471688 -0.741454
v -3.894775 3.464415 -0.741295
v -3.897504 3.055160 -0.746083
v -3.888188 3.063908 -0.741228
v -3.894776 3.061346 -0.742650
v -3.888186 3.477777 -0.658906
v -3.897503 3.484685 -0.676280
v -3.894775 3.479800 -0.663994
v -3.897504 3.038672 -0.663235
v -3.888188 3.047533 -0.658905
v -3.894776 3.044938 -0.660174
v -3.888188 3.262655 -2.196974
v -3.897504 3.262655 -2.187658
v -3.894776 3.262655 -2.194245
v -3.897504 3.262656 -2.231807
v -3.888188 3.262656 -2.241123
v -3.894776 3.262656 -2.238395
v -3.888189 0.109213 -2.231807
v -3.897504 0.118529 -2.231807
v -3.888189 0.118529 -2.241123
v -3.894776 0.111942 -2.231807
v -3.893567 0.113150 -2.237185
v -3.894776 0.118529 -2.238394
v -3.888189 0.111942 -2.238394
v -2.155501 0.161520 -2.187658
v -2.164818 0.152204 -2.187658
v -2.164818 0.161520 -2.196974
v -2.158230 0.154933 -2.187657
v -2.159438 0.156142 -2.193036
v -2.164818 0.154933 -2.194245
v -2.158230 0.161520 -2.194245
v -2.155501 4.030951 -2.187658
v -2.164817 4.030951 -2.196974
v -2.164817 4.040267 -2.188172
v -2.158229 4.030951 -2.194139
v -2.159437 4.036330 -2.193146
v -2.164817 4.037539 -2.194502
v -2.158229 4.037539 -2.187915
v -2.155501 3.262655 -2.187658
v -2.164817 3.262655 -2.196974
v -2.158229 3.262655 -2.194245
v -3.850303 0.152204 -2.165593
v -3.850303 0.161520 -2.157491
v -3.852110 0.194949 -2.150291
v -3.850303 0.154918 -2.159884
v -3.854024 0.165226 -2.155389
v -3.848705 4.030951 -2.157492
v -3.848705 4.040267 -2.166808
v -3.867337 4.040267 -2.148176
v -3.858022 4.030951 -2.148176
v -3.848705 4.037539 -2.160221
v -3.856907 4.037556 -2.156378
v -3.861880 4.040267 -2.161351
v -3.860750 4.037539 -2.148175
v -3.855293 4.030951 -2.154764
v -3.897504 4.018697 -2.210957
v -3.888189 4.018697 -2.201596
v -3.894776 4.018697 -2.204357
v -3.897504 0.185632 -2.210956
v -3.888189 0.185632 -2.201596
v -3.894776 0.185632 -2.204356
v -3.888186 4.048316 -0.023113
v -3.894775 4.057477 -0.016310
v -3.894776 4.046911 -2.199368
v -3.888189 4.045517 -2.196985
v -3.888189 0.148696 -0.038544
v -3.897504 0.139380 -0.038544
v -3.888189 0.139380 -0.029228
v -3.894776 0.145967 -0.038544
v -3.893567 0.144758 -0.033166
v -3.894776 0.139380 -0.031957
v -3.888189 0.145967 -0.031957
v -3.846229 0.202895 -2.133812
v -3.836879 0.193825 -2.133888
v -3.842993 0.177180 -2.143638
v -3.847945 0.198924 -2.142490
v -3.846997 0.191956 -2.142095
v -3.843475 0.196380 -2.133850
v -3.840447 0.191003 -2.140504
v -3.852411 0.172065 -2.144286
v -1.268954 0.184590 -2.166602
v -1.268952 0.193910 -2.157285
v -1.259638 0.184839 -2.157407
v -1.268953 0.191180 -2.163873
v -1.263576 0.190113 -2.162734
v -1.262366 0.191355 -2.157371
v -1.262368 0.184766 -2.163959
v -3.857959 3.262655 -0.883526
v -3.867337 3.262655 -0.874028
v -3.860732 3.262655 -0.876810
v -3.867337 3.180331 -0.857651
v -3.858022 3.178619 -0.866809
v -3.860750 3.179830 -0.860334
v -3.858022 3.350063 -0.866138
v -3.867337 3.344978 -0.857651
v -3.860750 3.346467 -0.860137
v -3.858022 3.419165 -0.819994
v -3.867337 3.414769 -0.811019
v -3.860750 3.416057 -0.813648
v -3.867337 3.110541 -0.811019
v -3.857984 3.101242 -0.815072
v -3.860739 3.107817 -0.812206
v -3.858021 3.471718 -0.741391
v -3.867337 3.461402 -0.741229
v -3.860750 3.464423 -0.741277
v -3.867337 3.063908 -0.741228
v -3.858022 3.055146 -0.746038
v -3.860750 3.061342 -0.742637
v -3.858021 3.484674 -0.676428
v -3.867337 3.477777 -0.658906
v -3.860750 3.479797 -0.664037
v -3.867337 3.047533 -0.658905
v -3.857985 3.038684 -0.663322
v -3.860739 3.044942 -0.660199
v -3.858022 3.262655 -2.148175
v -3.858022 3.253338 -2.157492
v -3.849535 3.257997 -2.157492
v -3.858007 3.256085 -2.154745
v -3.853779 3.253338 -2.157492
v -3.855522 3.262655 -2.154774
v -3.888188 3.262656 -2.201641
v -3.897504 3.262656 -2.210957
v -3.894776 3.262656 -2.204370
v -3.888189 0.148695 -2.192324
v -3.888189 0.158011 -2.201640
v -3.897504 0.158011 -2.210956
v -3.897504 0.139379 -2.192324
v -3.888189 0.151424 -2.198911
v -3.894793 0.149810 -2.200526
v -3.894776 0.158011 -2.204369
v -3.897504 0.144836 -2.205499
v -3.894776 0.145967 -2.192324
v -2.155501 0.161520 -2.166807
v -2.163389 0.161520 -2.157491
v -2.164818 0.152204 -2.166807
v -2.157516 0.161520 -2.160220
v -2.159137 0.156142 -2.161428
v -2.164103 0.154933 -2.160220
v -2.158526 0.154933 -2.166807
v -2.155501 4.030951 -2.166808
v -2.164817 4.040267 -2.166808
v -2.164817 4.030951 -2.157492
v -2.158229 4.037539 -2.166808
v -2.159437 4.036330 -2.161429
v -2.164817 4.037539 -2.160220
v -2.158229 4.030951 -2.160221
v -2.163331 3.262655 -2.157492
v -2.155501 3.262655 -2.166808
v -2.157794 3.262655 -2.160221
v -3.851280 0.152204 -2.135520
v -3.851280 0.154932 -2.142215
v -3.851280 0.161518 -2.144965
v -3.838706 0.154932 -2.142215
v -3.838706 0.161518 -2.144965
v -3.838706 0.152204 -2.135520
v -3.855661 3.258039 -2.155137
v -3.897504 4.050241 -2.205066
v -3.894776 4.068752 -2.180823
v -3.888189 4.066346 -2.179469
v -3.897504 4.074502 -2.184062
v -3.896141 4.065055 -2.229979
v -3.897504 4.063394 -2.227137
v -3.892848 4.065744 -2.231157
v -3.897504 0.126582 -2.231807
v -3.897504 0.118529 -2.223753
v -3.897504 0.377860 -2.187658
v -3.854008 0.377860 -2.155523
v -3.897504 0.377860 -2.231807
v -2.157536 0.377860 -2.160220
v -3.897504 0.377860 -2.143085
v -2.155501 0.377860 -2.187658
v -3.888189 0.377860 -2.196974
v -3.846832 0.377859 -2.134547
v -3.897504 0.377860 -2.210956
v -3.894776 0.377860 -2.238394
v -2.164818 0.377860 -2.196974
v -3.888189 0.377860 -2.201599
v -3.888189 0.377860 -2.241122
v -3.894776 0.377860 -2.204356
v -2.158230 0.377860 -2.194245
v -3.850249 0.377860 -2.157491
v -2.155501 0.377860 -2.166807
v -3.894776 0.377860 -2.194245
v -3.852428 0.377859 -2.150678
v -2.163385 0.377860 -2.157491
v -3.848473 0.377861 -2.143134
v -3.892848 4.045956 -2.238746
v -3.897504 4.044738 -2.234252
v -3.896141 4.045599 -2.237430
v -3.892848 4.082860 -2.218658
v -3.897504 4.079541 -2.215392
v -3.896141 4.081887 -2.217701
v -3.897504 4.034861 -2.210110
v -3.888189 4.032414 -2.201074
v -3.894776 4.033135 -2.203739
v -3.892848 4.104583 -2.182692
v -3.897504 4.100070 -2.181547
v -3.896141 4.103261 -2.182357
v -3.897504 4.063769 -2.196177
v -3.888189 4.057097 -2.189612
v -3.894776 4.059065 -2.191548
v -3.897504 4.081696 -2.169562
v -3.888189 4.072622 -2.167261
v -3.894776 4.078250 -2.153791
v -3.888189 4.075490 -2.153836
v -3.897504 4.084849 -2.153686
v -3.896141 4.094925 -2.201450
v -3.897504 4.092056 -2.199835
v -3.892848 4.096113 -2.202119
v -3.894776 4.075299 -2.167938
v -3.893566 4.052127 -0.017644
v -3.894775 4.051043 -0.023048
v -3.888186 4.050891 -0.016463
v -3.896141 4.106316 -2.161747
v -3.897504 4.103024 -2.161800
v -3.892848 4.107680 -2.161726
v -3.894775 4.085042 -0.020649
v -3.893566 4.083708 -0.015299
v -3.888186 4.084888 -0.014063
v -3.897503 4.078454 -0.020801
v -3.888186 4.087770 -0.020586
v -3.888186 4.078238 -0.011488
vn 0.0016 -0.0000 1.0000
vn -0.0016 -0.0000 1.0000
vn 0.9953 0.0001 0.0967
vn 0.9951 -0.0000 0.0990
vn 0.9951 -0.0000 -0.0989
vn 0.9949 -0.0000 -0.1006
vn -0.0005 0.7071 -0.7071
vn -0.0004 0.0782 -0.9969
vn 0.0004 0.0783 -0.9969
vn 0.0004 0.7071 -0.7071
vn 0.9999 -0.0117 -0.0000
vn 0.9999 -0.0117 0.0003
vn 1.0000 -0.0000 -0.0000
vn 1.0000 -0.0000 -0.0003
vn 1.0000 0.0006 -0.0006
vn 1.0000 0.0004 -0.0011
vn 0.8016 -0.5979 0.0006
vn 0.8016 -0.5979 -0.0006
vn 0.1018 0.9947 0.0112
vn -0.1018 0.9947 0.0112
vn -0.1018 0.9947 -0.0112
vn 0.1018 0.9947 -0.0112
vn 0.9999 0.0154 0.0001
vn 0.0057 0.9800 0.1991
vn 0.0851 0.9964 -0.0000
vn -0.1054 0.9944 -0.0001
vn -0.0242 0.9994 -0.0242
vn 1.0000 -0.0008 -0.0018
vn 1.0000 -0.0012 -0.0014
vn 1.0000 -0.0005 -0.0000
vn 1.0000 -0.0024 -0.0009
vn 0.9847 -0.0000 0.1744
vn 0.9970 -0.0548 0.0548
vn 0.9988 0.0342 -0.0342
vn 0.9987 0.0051 -0.0511
vn -0.0015 0.9951 0.0989
vn -0.0002 0.9980 -0.0634
vn -0.0015 0.9954 -0.0962
vn -0.0005 -0.0000 -1.0000
vn -0.0007 -0.0000 -1.0000
vn -0.0017 -0.0000 -1.0000
vn -0.0017 -0.0005 -1.0000
vn 0.0016 0.0034 1.0000
vn -0.0016 0.0033 1.0000
vn -1.0000 0.0032 -0.0005
vn -1.0000 0.0023 -0.0059
vn -1.0000 0.0032 -0.0038
vn -1.0000 0.0041 0.0004
vn -1.0000 0.0030 -0.0003
vn -0.9999 0.0165 -0.0029
vn -1.0000 -0.0011 -0.0014
vn -1.0000 -0.0004 -0.0020
vn -1.0000 0.0041 -0.0004
vn -0.9998 0.0185 -0.0005
vn -0.9998 0.0185 0.0005
vn 0.0003 1.0000 -0.0037
vn 0.7046 0.7096 -0.0039
vn 0.5773 0.5638 -0.5906
vn 0.0003 0.6905 -0.7233
vn -1.0000 -0.0005 -0.0000
vn -1.0000 -0.0024 -0.0009
vn 0.9986 -0.0000 0.0533
vn -0.7369 0.6760 0.0079
vn -1.0000 0.0045 -0.0000
vn -0.7369 0.6760 -0.0079
vn -0.0017 0.0035 -1.0000
vn -0.0016 0.0035 -1.0000
vn 0.1050 -0.0002 -0.9945
vn 0.1005 0.3833 -0.9181
vn -0.1006 0.3832 -0.9182
vn -0.1049 -0.0000 -0.9945
vn 0.1079 -0.3786 -0.9192
vn -0.1080 -0.3786 -0.9193
vn 0.1036 0.6998 -0.7068
vn -0.1037 0.6998 -0.7068
vn 0.1043 -0.9167 -0.3858
vn 0.1042 -0.7063 -0.7002
vn -0.1041 -0.7064 -0.7002
vn -0.1043 -0.9166 -0.3859
vn 0.0934 -0.9956 -0.0097
vn -0.0933 -0.9956 -0.0097
vn 0.1095 0.9189 -0.3791
vn -0.1094 0.9188 -0.3791
vn -0.9951 -0.0117 0.0980
vn -0.9951 -0.0000 0.0990
vn -0.9969 -0.0000 -0.0783
vn -0.9973 -0.0120 -0.0731
vn -0.9951 -0.0000 0.0991
vn -0.9951 0.0033 0.0989
vn -0.9958 0.0033 -0.0910
vn -0.9967 0.0001 -0.0813
vn 0.9986 0.0033 0.0531
vn 0.1073 -0.9942 0.0004
vn 0.1073 -0.9942 -0.0004
vn 0.9741 -0.2261 -0.0000
vn 0.9950 -0.0995 -0.0012
vn 0.9951 0.0984 -0.0012
vn 0.9978 0.0669 -0.0001
vn 0.9962 0.0007 0.0870
vn 0.9944 -0.0001 -0.1060
vn -0.0741 -0.9923 0.0993
vn 0.0399 -0.9905 -0.1313
vn -0.0001 -0.7043 -0.7099
vn -0.0009 -0.0123 -0.9999
vn 0.9985 -0.0115 0.0528
vn 0.7071 -0.0083 0.7071
vn 0.5773 -0.5774 0.5774
vn 0.6508 -0.7590 0.0175
vn 0.0016 -0.0123 0.9999
vn 0.0011 -0.7071 0.7071
vn 0.0026 -0.9827 0.1853
vn 0.7071 0.0021 0.7071
vn 0.5936 0.5434 0.5936
vn 0.0011 0.6938 0.7202
vn 0.7245 0.6882 0.0382
vn 0.7068 -0.7074 -0.0008
vn 0.5773 -0.5773 -0.5774
vn 0.7053 -0.0709 -0.7053
vn 0.0004 -1.0000 -0.0013
vn 0.0003 -0.7071 -0.7071
vn 0.0003 -0.0989 -0.9951
vn 0.0074 -0.0800 0.9968
vn -0.7018 -0.0652 0.7093
vn -0.5733 -0.5785 0.5803
vn 0.0052 -0.7086 0.7056
vn -0.9959 -0.0906 0.0006
vn -0.7086 -0.7056 0.0005
vn -0.0011 -1.0000 0.0007
vn 0.0004 -1.0000 0.0013
vn 0.5927 -0.8054 0.0012
vn 0.5773 -0.5773 0.5774
vn 0.0003 -0.7071 0.7071
vn 0.6039 -0.0335 0.7964
vn 0.0004 -0.0370 0.9993
vn -0.7069 -0.7042 0.0670
vn -0.5774 -0.5773 0.5773
vn -0.7071 -0.0083 0.7071
vn -0.0015 -0.9952 0.0975
vn -0.0011 -0.7071 0.7071
vn -0.0016 -0.0123 0.9999
vn -0.7072 0.0023 0.7071
vn -0.5845 0.5586 0.5885
vn -0.7018 0.7089 0.0704
vn -0.0012 0.6863 0.7273
vn -0.6768 0.0194 -0.7359
vn -0.9253 -0.0055 0.3791
vn -0.7737 0.0927 0.6268
vn -0.7261 0.0162 0.6874
vn -0.0016 0.7077 -0.7065
vn -0.4326 0.7910 -0.4326
vn -0.7223 0.0038 -0.6915
vn -0.7068 0.7074 -0.0007
vn 0.9949 0.1005 -0.0021
vn 0.6991 0.0103 -0.7150
vn 0.0003 -0.1790 -0.9839
vn 0.7100 -0.1295 -0.6922
vn 0.5773 -0.5906 -0.5638
vn 0.0002 -0.7233 -0.6905
vn 0.0004 1.0000 -0.0013
vn 0.7071 0.7071 -0.0009
vn 0.5773 0.5773 -0.5774
vn 0.0003 0.7071 -0.7071
vn 0.7053 0.0709 -0.7053
vn 0.0003 0.0989 -0.9951
vn -0.9280 0.0078 0.3726
vn -0.6955 0.7186 0.0012
vn -0.0010 1.0000 0.0009
vn 0.0071 0.5136 0.8580
vn 0.0085 0.1241 0.9922
vn 0.0078 0.1205 0.9927
vn 0.0070 0.5917 0.8061
vn -0.5637 0.5848 0.5833
vn -0.7030 0.0659 0.7082
vn -0.0010 1.0000 0.0007
vn -0.6994 0.7147 0.0005
vn -0.9959 0.0908 0.0006
vn -0.4967 -0.3530 -0.7929
vn -0.6742 -0.0004 -0.7385
vn 0.0003 1.0000 -0.0013
vn 0.7910 0.4326 -0.4326
vn 0.7076 0.7066 -0.0013
vn 0.7341 0.0705 -0.6754
vn -0.7633 -0.0093 -0.6459
vn -0.6087 -0.5975 -0.5220
vn -0.7017 -0.7099 -0.0606
vn -0.0016 -0.0108 -0.9999
vn -0.0013 -0.6638 -0.7479
vn -0.0015 -0.9948 -0.1018
vn -0.7039 0.7068 -0.0702
vn -0.5774 0.5773 -0.5773
vn -0.7356 0.0029 -0.6775
vn -0.0011 0.7071 -0.7071
vn 0.9937 -0.1124 -0.0003
vn 0.7097 -0.7045 0.0053
vn 0.0004 -1.0000 0.0075
vn 0.9956 0.0942 -0.0003
vn 0.7086 0.7056 -0.0019
vn 0.7071 -0.0000 0.7071
vn 0.7154 0.6987 -0.0000
vn 0.0004 0.0025 1.0000
vn 0.0004 -0.0000 1.0000
vn 0.7068 0.0010 0.7074
vn -0.0000 -1.0000 0.0008
vn 0.0120 -0.7955 0.6058
vn -0.3189 -0.4544 0.8318
vn 0.7393 -0.0008 -0.6734
vn 0.7251 0.2654 -0.6354
vn 0.7482 -0.2526 -0.6135
vn 0.7369 -0.4799 -0.4760
vn 0.7347 0.4780 -0.4814
vn 0.7518 0.6094 -0.2521
vn 1.0000 0.0009 -0.0004
vn 0.7348 -0.6241 -0.2656
vn 0.7377 -0.6751 -0.0086
vn 0.7380 0.6747 -0.0079
vn 1.0000 0.0003 -0.0000
vn 0.0003 0.0146 0.9999
vn 0.7082 0.0071 0.7060
vn 0.7048 -0.0000 0.7094
vn -0.7071 -0.0000 0.7071
vn -0.1055 0.9944 0.0001
vn -0.7068 0.7074 0.0006
vn -0.7377 -0.6750 0.0087
vn -0.0933 -0.9956 0.0097
vn -0.7377 -0.6750 -0.0087
vn 0.0933 -0.9956 0.0097
vn 0.9999 0.0154 -0.0000
vn 0.7083 -0.0000 -0.7059
vn 0.7079 -0.0000 -0.7063
vn 0.0004 -0.0000 -1.0000
vn -0.0004 -0.0000 1.0000
vn -0.0004 0.0989 -0.9951
vn -0.0003 0.7071 -0.7071
vn -0.7381 -0.0008 -0.6747
vn -0.7245 0.2660 -0.6359
vn -0.7477 -0.2524 -0.6142
vn -0.7368 -0.4800 -0.4761
vn -0.7343 0.4784 -0.4817
vn -1.0000 0.0043 -0.0018
vn -0.7509 0.6102 -0.2525
vn -0.7348 -0.6241 -0.2656
vn -0.5792 0.0009 -0.8152
vn -0.9924 0.0014 0.1229
vn 0.7082 -0.0006 -0.7060
vn 0.0004 -0.0008 -1.0000
vn 0.9956 -0.0000 -0.0939
vn 0.7083 -0.0003 -0.7059
vn 0.0004 -0.0002 -1.0000
vn -0.7583 0.0002 -0.6519
vn -0.7643 -0.0000 -0.6448
vn 0.0007 -0.9978 -0.0658
vn -0.0011 -1.0000 -0.0007
vn 0.0008 -1.0000 -0.0007
vn -0.0000 -1.0000 0.0007
vn -0.9999 0.0165 0.0029
vn -0.7086 -0.7056 -0.0005
vn -0.6955 0.7186 -0.0012
vn -0.9745 0.0023 0.2243
vn -0.0004 -0.0002 -1.0000
vn -0.0004 -0.0000 -1.0000
vn -0.0002 -0.7071 -0.7071
vn -0.0004 -0.0990 -0.9951
vn -0.0004 -0.0370 0.9993
vn -0.0003 -0.7071 0.7071
vn -0.0004 -1.0000 0.0013
vn -0.0004 -1.0000 -0.0013
vn 0.0059 -0.7106 0.7035
vn 0.0086 -0.0678 0.9977
vn -0.9871 0.0012 0.1603
vn -0.4659 0.0003 -0.8848
vn -0.9875 0.0024 0.1574
vn 0.9961 0.0203 0.0864
vn 0.6858 0.1684 0.7080
vn 0.9954 -0.0177 -0.0937
vn 0.0004 -0.1694 -0.9855
vn 0.7347 -0.1181 -0.6680
vn -0.0004 -0.0008 -1.0000
vn -0.0004 -0.1692 -0.9856
vn 0.9945 -0.0000 0.1051
vn 0.0002 0.2319 0.9727
vn -0.0004 1.0000 -0.0013
vn -0.0003 0.0146 0.9999
vn -0.0004 0.0025 1.0000
vn -0.0004 -0.4209 -0.9071
vn 0.0004 -0.4212 -0.9070
vn 0.7377 -0.6751 0.0086
vn -0.0000 -1.0000 -0.0008
vn -0.9959 -0.0906 -0.0006
vn 0.7380 0.6747 0.0079
vn -0.0010 1.0000 -0.0007
vn -0.6994 0.7147 -0.0005
vn -0.0009 1.0000 -0.0008
vn -0.9959 0.0908 -0.0006
vn 0.7347 -0.2886 -0.6139
vn 0.9951 -0.0431 -0.0889
vn 0.0002 0.4784 0.8781
vn -0.0002 0.4781 0.8783
vn -0.0002 0.2322 0.9727
vn 0.9958 0.0437 0.0809
vn 0.6858 0.3476 0.6394
vn -0.0004 -0.6434 -0.7655
vn 0.0004 -0.6436 -0.7654
vn 0.7347 -0.4390 -0.5171
vn 0.9947 -0.0675 -0.0777
vn 0.0002 0.8562 0.5167
vn -0.0002 0.8560 0.5170
vn -0.0002 0.6913 0.7225
vn 0.0002 0.6911 0.7228
vn 0.6858 0.5027 0.5263
vn 0.9954 0.0660 0.0695
vn -0.0004 -0.8213 -0.5705
vn -0.0004 -0.9418 -0.3362
vn 0.0004 -0.9419 -0.3360
vn 0.0004 -0.8212 -0.5707
vn 0.7347 -0.5590 -0.3844
vn 0.9950 0.0857 0.0522
vn 0.6858 0.6228 0.3766
vn 0.9942 -0.0893 -0.0599
vn 0.9937 -0.1065 -0.0360
vn 0.9945 0.1008 0.0293
vn 0.7347 -0.6400 -0.2249
vn 0.0002 0.9615 0.2749
vn -0.0002 0.9614 0.2753
vn 0.6858 0.6995 0.2007
vn -0.0004 -1.0000 0.0073
vn 0.0004 -1.0000 0.0073
vn 0.0003 0.0175 -0.9998
vn -0.0004 0.0175 -0.9998
vn -0.0003 0.6905 -0.7234
vn 0.9929 -0.1187 0.0009
vn 0.7074 -0.7068 0.0052
vn 0.0003 1.0000 -0.0009
vn -0.0003 1.0000 -0.0009
vn -0.0003 -0.7233 -0.6905
vn -0.0004 -0.1790 -0.9838
vn -0.0004 -1.0000 0.0075
vn -0.0003 1.0000 -0.0038
vn 0.7369 0.6760 -0.0079
vn 0.7369 0.6760 0.0079
vn -0.9953 0.0006 0.0967
vn -0.9949 -0.0000 -0.1006
vn -0.9951 -0.0000 -0.0989
vn -1.0000 -0.0000 -0.0000
vn -0.9999 -0.0117 -0.0000
vn -0.9999 -0.0117 -0.0003
vn -1.0000 -0.0000 -0.0003
vn -1.0000 0.0004 -0.0012
vn -1.0000 0.0006 -0.0006
vn -0.8016 -0.5979 -0.0006
vn -0.8016 -0.5979 0.0006
vn -0.9999 0.0154 -0.0000
vn -0.0057 0.9800 0.1991
vn 0.0242 0.9994 -0.0242
vn 0.1054 0.9944 -0.0001
vn -0.0851 0.9964 -0.0000
vn -1.0000 -0.0012 -0.0013
vn -1.0000 -0.0008 -0.0018
vn -0.9847 -0.0000 0.1744
vn -0.9987 0.0051 -0.0510
vn -0.9988 0.0342 -0.0342
vn -0.9970 -0.0548 0.0547
vn 0.0015 0.9951 0.0989
vn 0.0015 0.9954 -0.0962
vn 0.0002 0.9980 -0.0634
vn 0.0016 -0.0000 -1.0000
vn 0.0017 -0.0000 -1.0000
vn 0.0007 -0.0000 -1.0000
vn -0.0016 0.0034 1.0000
vn 0.0016 0.0033 1.0000
vn 1.0000 0.0032 -0.0005
vn 1.0000 0.0041 0.0004
vn 1.0000 0.0032 -0.0038
vn 1.0000 0.0023 -0.0059
vn 1.0000 0.0031 -0.0003
vn 0.9999 0.0165 -0.0029
vn 1.0000 -0.0005 -0.0020
vn 1.0000 -0.0011 -0.0014
vn 1.0000 0.0033 -0.0004
vn 0.9998 0.0185 0.0005
vn 0.9998 0.0185 -0.0005
vn -0.5773 0.5638 -0.5907
vn -0.7046 0.7096 -0.0038
vn -0.9986 -0.0000 0.0533
vn 1.0000 0.0045 -0.0000
vn 0.0017 0.0035 -1.0000
vn 0.0016 0.0035 -1.0000
vn -0.1050 -0.0000 -0.9945
vn 0.1049 -0.0002 -0.9945
vn 0.1006 0.3832 -0.9182
vn -0.1006 0.3833 -0.9181
vn -0.1080 -0.3786 -0.9192
vn 0.1080 -0.3785 -0.9193
vn 0.1037 0.6998 -0.7067
vn -0.1043 -0.9167 -0.3858
vn 0.1043 -0.9166 -0.3859
vn 0.1041 -0.7063 -0.7002
vn -0.1042 -0.7063 -0.7002
vn -0.0933 -0.9956 -0.0098
vn 0.0933 -0.9956 -0.0097
vn 0.1094 0.9189 -0.3791
vn -0.1095 0.9189 -0.3791
vn 0.9951 -0.0117 0.0980
vn 0.9973 -0.0120 -0.0731
vn 0.9969 -0.0000 -0.0783
vn 0.9951 -0.0000 0.0991
vn 0.9967 -0.0000 -0.0813
vn 0.9959 0.0033 -0.0909
vn 0.9951 0.0033 0.0989
vn -0.9986 0.0033 0.0531
vn -0.1073 -0.9942 -0.0004
vn -0.1073 -0.9942 0.0004
vn -0.9741 -0.2261 -0.0000
vn -0.9978 0.0669 -0.0001
vn -0.9952 0.0983 -0.0012
vn -0.9950 -0.0996 -0.0012
vn -0.9962 0.0007 0.0870
vn -0.9944 -0.0001 -0.1060
vn 0.0741 -0.9923 0.0992
vn 0.0010 -0.0123 -0.9999
vn 0.0001 -0.7043 -0.7099
vn -0.0399 -0.9905 -0.1313
vn -0.9985 -0.0115 0.0528
vn -0.6508 -0.7590 0.0175
vn -0.5774 -0.5774 0.5773
vn -0.0027 -0.9827 0.1853
vn -0.0011 0.6938 0.7202
vn -0.5936 0.5434 0.5936
vn -0.7071 0.0022 0.7071
vn -0.7245 0.6882 0.0382
vn -0.7053 -0.0709 -0.7053
vn -0.5774 -0.5773 -0.5773
vn -0.7068 -0.7074 -0.0008
vn -0.0075 -0.0800 0.9968
vn -0.0052 -0.7086 0.7056
vn 0.5732 -0.5785 0.5803
vn 0.7018 -0.0652 0.7094
vn 0.9959 -0.0906 0.0006
vn 0.7086 -0.7056 0.0004
vn 0.0011 -1.0000 0.0007
vn -0.5774 -0.5773 0.5774
vn -0.5927 -0.8054 0.0011
vn -0.6039 -0.0334 0.7963
vn 0.7070 -0.0083 0.7071
vn 0.5774 -0.5773 0.5773
vn 0.7069 -0.7042 0.0670
vn 0.0015 -0.9952 0.0976
vn 0.7018 0.7089 0.0704
vn 0.5845 0.5586 0.5885
vn 0.7072 0.0023 0.7070
vn 0.0012 0.6864 0.7273
vn 0.6768 0.0194 -0.7359
vn 0.7261 0.0162 0.6874
vn 0.7736 0.0927 0.6268
vn 0.9253 -0.0055 0.3791
vn 0.7224 0.0038 -0.6915
vn 0.4326 0.7910 -0.4326
vn 0.0016 0.7078 -0.7065
vn 0.7069 0.7073 -0.0006
vn -0.9949 0.1005 -0.0021
vn -0.6991 0.0103 -0.7149
vn -0.5773 -0.5906 -0.5638
vn -0.7100 -0.1295 -0.6922
vn -0.7071 0.7071 -0.0009
vn -0.7053 0.0709 -0.7053
vn 0.9280 0.0078 0.3726
vn 0.6954 0.7186 0.0012
vn 0.0010 1.0000 0.0008
vn -0.0071 0.5136 0.8580
vn -0.0085 0.1241 0.9922
vn -0.0078 0.1205 0.9927
vn 0.7030 0.0659 0.7082
vn 0.5638 0.5848 0.5832
vn -0.0069 0.5917 0.8061
vn 0.0010 1.0000 0.0007
vn 0.6994 0.7147 0.0005
vn 0.9959 0.0908 0.0006
vn 0.4967 -0.3530 -0.7929
vn 0.6743 -0.0004 -0.7385
vn -0.7076 0.7066 -0.0013
vn -0.7910 0.4326 -0.4326
vn -0.7340 0.0705 -0.6754
vn 0.7018 -0.7098 -0.0605
vn 0.6087 -0.5975 -0.5220
vn 0.7633 -0.0093 -0.6459
vn 0.0016 -0.0108 -0.9999
vn 0.0013 -0.6638 -0.7479
vn 0.0015 -0.9948 -0.1017
vn 0.7356 0.0029 -0.6775
vn 0.5774 0.5773 -0.5773
vn 0.7039 0.7068 -0.0702
vn 0.0012 0.7071 -0.7071
vn -0.9937 -0.1124 -0.0003
vn -0.7097 -0.7045 0.0053
vn -0.9956 0.0942 -0.0003
vn -0.7086 0.7056 -0.0019
vn -0.7154 0.6987 -0.0000
vn -0.7068 0.0010 0.7074
vn -0.0120 -0.7955 0.6058
vn 0.3189 -0.4544 0.8318
vn -0.7251 0.2654 -0.6354
vn -0.7393 -0.0008 -0.6734
vn -0.7482 -0.2526 -0.6135
vn -0.7369 -0.4799 -0.4761
vn -0.7348 0.4779 -0.4813
vn -0.7517 0.6094 -0.2521
vn -1.0000 0.0008 -0.0004
vn -0.7377 -0.6751 -0.0087
vn -0.7380 0.6747 -0.0079
vn -1.0000 0.0003 -0.0000
vn -0.7082 0.0071 0.7060
vn -0.7048 -0.0000 0.7094
vn 0.7069 0.7074 0.0007
vn 0.1055 0.9944 0.0001
vn 0.7377 -0.6750 0.0087
vn 0.7377 -0.6750 -0.0087
vn -0.0933 -0.9956 0.0098
vn -0.7079 -0.0000 -0.7063
vn -0.7080 -0.0000 -0.7062
vn 0.7245 0.2660 -0.6359
vn 0.7381 -0.0008 -0.6747
vn 0.7477 -0.2524 -0.6142
vn 0.7369 -0.4800 -0.4761
vn 0.7342 0.4784 -0.4817
vn 1.0000 0.0043 -0.0018
vn 0.7509 0.6102 -0.2525
vn 0.5792 0.0009 -0.8152
vn 0.9924 0.0014 0.1229
vn -0.7082 -0.0006 -0.7060
vn -0.9956 -0.0000 -0.0939
vn -0.7087 -0.0000 -0.7055
vn 0.7583 0.0001 -0.6519
vn 0.7643 -0.0000 -0.6448
vn -0.0007 -0.9978 -0.0658
vn 0.0011 -1.0000 -0.0007
vn -0.0008 -1.0000 0.0007
vn -0.0000 -1.0000 -0.0007
vn 0.9999 0.0165 0.0029
vn 0.7086 -0.7056 -0.0004
vn 0.6954 0.7186 -0.0012
vn 0.9745 0.0023 0.2243
vn -0.0059 -0.7106 0.7035
vn -0.0086 -0.0678 0.9977
vn 0.9871 0.0011 0.1603
vn 0.9875 0.0024 0.1575
vn 0.4659 0.0003 -0.8848
vn -0.6858 0.1684 0.7080
vn -0.9960 0.0203 0.0865
vn -0.9954 -0.0177 -0.0937
vn -0.7347 -0.1181 -0.6680
vn -0.9945 -0.0000 0.1051
vn 0.0003 0.0030 -1.0000
vn -0.0003 0.0030 -1.0000
vn -0.0002 0.2322 -0.9727
vn 0.0002 0.2319 -0.9727
vn -0.7377 -0.6751 0.0086
vn 0.9959 -0.0907 -0.0006
vn -0.7380 0.6747 0.0079
vn 0.6994 0.7147 -0.0005
vn 0.0010 1.0000 -0.0007
vn 0.0010 1.0000 -0.0009
vn 0.9959 0.0908 -0.0006
vn -0.9951 -0.0431 -0.0889
vn -0.7347 -0.2886 -0.6139
vn -0.6858 0.3476 0.6394
vn -0.9958 0.0437 0.0809
vn -0.9947 -0.0675 -0.0777
vn -0.7347 -0.4391 -0.5171
vn -0.6858 0.5027 0.5263
vn -0.9954 0.0672 0.0684
vn -0.7347 -0.5590 -0.3844
vn -0.6858 0.6228 0.3766
vn -0.9950 0.0857 0.0522
vn -0.9942 -0.0893 -0.0599
vn -0.9945 0.1008 0.0296
vn -0.9937 -0.1065 -0.0360
vn -0.7347 -0.6400 -0.2249
vn -0.6858 0.6996 0.2007
vn -0.9929 -0.1187 0.0009
vn -0.7074 -0.7068 0.0052
vn -0.0016 -0.0000 -1.0000
vn 0.9956 -0.0006 -0.0935
vn 0.9953 -0.0000 0.0973
vn 0.9951 -0.0000 0.0989
vn 0.9951 -0.0000 -0.0990
vn -0.0005 0.7071 0.7071
vn 0.0004 0.7071 0.7071
vn 0.0004 0.0783 0.9969
vn -0.0004 0.0783 0.9969
vn 1.0000 -0.0000 0.0003
vn 1.0000 0.0004 0.0011
vn 1.0000 0.0006 0.0006
vn 0.0057 0.9800 -0.1991
vn -0.0242 0.9994 0.0242
vn 1.0000 -0.0013 0.0013
vn 1.0000 -0.0008 0.0018
vn 1.0000 -0.0024 0.0009
vn 0.9847 -0.0000 -0.1744
vn 0.9987 0.0051 0.0511
vn 0.9988 0.0342 0.0342
vn 0.9970 -0.0548 -0.0548
vn -0.0015 0.9951 -0.0989
vn -0.0015 0.9954 0.0962
vn -0.0001 0.9980 0.0634
vn -0.0017 -0.0000 1.0000
vn -0.0007 -0.0000 1.0000
vn 0.0016 0.0034 -1.0000
vn -0.0016 0.0033 -1.0000
vn -1.0000 0.0032 0.0005
vn -1.0000 0.0032 0.0038
vn -1.0000 0.0023 0.0059
vn -1.0000 0.0030 0.0003
vn -1.0000 -0.0005 0.0020
vn -1.0000 -0.0011 0.0014
vn 0.0003 0.9999 0.0106
vn 0.0003 0.6905 0.7234
vn 0.5773 0.5638 0.5906
vn 0.7054 0.7087 0.0087
vn -1.0000 -0.0024 0.0009
vn 0.9986 -0.0000 -0.0533
vn -0.0017 0.0036 1.0000
vn -0.0016 0.0035 1.0000
vn 0.1050 -0.0000 0.9945
vn -0.1050 -0.0002 0.9945
vn -0.1006 0.3832 0.9182
vn 0.1006 0.3833 0.9181
vn 0.1080 -0.3786 0.9192
vn -0.1080 -0.3785 0.9193
vn -0.1037 0.6998 0.7067
vn 0.1036 0.6998 0.7068
vn 0.1043 -0.9167 0.3858
vn -0.1043 -0.9166 0.3859
vn -0.1042 -0.7063 0.7002
vn 0.1042 -0.7063 0.7002
vn -0.1094 0.9189 0.3791
vn 0.1095 0.9189 0.3791
vn -0.9951 -0.0117 -0.0980
vn -0.9973 -0.0120 0.0731
vn -0.9969 -0.0000 0.0783
vn -0.9951 -0.0000 -0.0990
vn -0.9951 -0.0000 -0.0991
vn -0.9967 -0.0000 0.0813
vn -0.9959 0.0033 0.0909
vn -0.9951 0.0033 -0.0989
vn 0.9986 0.0033 -0.0531
vn 0.9741 -0.2262 -0.0000
vn 0.9978 0.0669 0.0001
vn 0.9951 0.0984 0.0012
vn 0.9950 -0.0996 0.0012
vn 0.9965 -0.0003 -0.0832
vn 0.9967 -0.0001 0.0817
vn -0.0741 -0.9923 -0.0992
vn -0.0010 -0.0123 0.9999
vn -0.0001 -0.7043 0.7099
vn 0.0399 -0.9905 0.1313
vn 0.9985 -0.0115 -0.0528
vn 0.6508 -0.7590 -0.0175
vn 0.5773 -0.5774 -0.5774
vn 0.7071 -0.0083 -0.7071
vn 0.0016 -0.0123 -0.9999
vn 0.0011 -0.7071 -0.7071
vn 0.0027 -0.9827 -0.1853
vn 0.0011 0.6938 -0.7202
vn 0.5936 0.5434 -0.5936
vn 0.7071 0.0022 -0.7071
vn 0.7245 0.6882 -0.0382
vn 0.7053 -0.0709 0.7053
vn 0.7068 -0.7074 0.0008
vn 0.0003 -0.0989 0.9951
vn 0.0075 -0.0800 -0.9968
vn 0.0052 -0.7086 -0.7056
vn -0.5733 -0.5785 -0.5803
vn -0.7018 -0.0652 -0.7094
vn 0.5927 -0.8054 -0.0012
vn 0.6039 -0.0335 -0.7963
vn 0.0004 -0.0370 -0.9993
vn -0.7070 -0.0083 -0.7071
vn -0.7069 -0.7042 -0.0670
vn -0.0015 -0.9952 -0.0976
vn -0.0011 -0.7071 -0.7071
vn -0.0016 -0.0123 -0.9999
vn -0.7018 0.7089 -0.0704
vn -0.5845 0.5586 -0.5884
vn -0.7072 0.0022 -0.7071
vn -0.0012 0.6863 -0.7273
vn -0.6768 0.0194 0.7359
vn -0.7261 0.0162 -0.6874
vn -0.7737 0.0927 -0.6268
vn -0.9253 -0.0055 -0.3791
vn -0.7224 0.0039 0.6915
vn -0.4326 0.7910 0.4326
vn -0.0016 0.7077 0.7065
vn 0.9961 0.0879 0.0025
vn 0.6991 0.0103 0.7149
vn 0.0004 -0.1789 0.9839
vn 0.0002 -0.7233 0.6905
vn 0.5773 -0.5906 0.5638
vn 0.7100 -0.1295 0.6922
vn 0.0004 1.0000 0.0013
vn 0.0003 0.7071 0.7072
vn 0.5773 0.5773 0.5774
vn 0.7071 0.7071 0.0009
vn 0.7053 0.0709 0.7053
vn 0.0003 0.0989 0.9951
vn -0.9280 0.0078 -0.3726
vn 0.0071 0.5136 -0.8580
vn 0.0085 0.1241 -0.9922
vn 0.0079 0.1205 -0.9927
vn -0.7030 0.0659 -0.7082
vn -0.5636 0.5848 -0.5834
vn 0.0069 0.5917 -0.8061
vn -0.4967 -0.3530 0.7929
vn -0.6743 -0.0004 0.7385
vn 0.7076 0.7066 0.0013
vn 0.7910 0.4326 0.4326
vn 0.7340 0.0704 0.6754
vn -0.7018 -0.7098 0.0605
vn -0.6087 -0.5975 0.5220
vn -0.7634 -0.0093 0.6459
vn -0.0016 -0.0108 0.9999
vn -0.0013 -0.6638 0.7479
vn -0.0015 -0.9948 0.1017
vn -0.7355 0.0029 0.6775
vn -0.5774 0.5773 0.5774
vn -0.7039 0.7068 0.0702
vn -0.0012 0.7071 0.7071
vn 0.9950 -0.0994 -0.0001
vn 0.7092 -0.7049 -0.0081
vn 0.0004 -0.9999 -0.0115
vn 0.9943 0.1062 0.0011
vn 0.7078 0.7064 0.0067
vn 0.7071 -0.0000 -0.7071
vn 0.0003 -0.0000 -1.0000
vn 0.7071 -0.0005 -0.7071
vn 0.0120 -0.7955 -0.6058
vn -0.3189 -0.4543 -0.8318
vn 0.7251 0.2654 0.6354
vn 0.7393 -0.0008 0.6734
vn 0.7482 -0.2526 0.6135
vn 0.7369 -0.4799 0.4761
vn 0.7347 0.4780 0.4814
vn 0.7517 0.6094 0.2521
vn 1.0000 0.0009 0.0004
vn 0.7348 -0.6241 0.2656
vn 0.7068 -0.0010 -0.7074
vn 0.0004 0.0001 -1.0000
vn 0.7048 -0.0000 -0.7094
vn -0.7070 -0.0000 -0.7072
vn -0.7071 -0.0000 -0.7071
vn 0.7079 -0.0000 0.7063
vn -0.0004 0.0990 0.9951
vn -0.0003 0.7071 0.7071
vn -0.7245 0.2660 0.6359
vn -0.7381 -0.0008 0.6747
vn -0.7477 -0.2524 0.6142
vn -0.7368 -0.4800 0.4761
vn -0.7342 0.4784 0.4818
vn -1.0000 0.0043 0.0018
vn -0.7509 0.6102 0.2525
vn -0.7348 -0.6241 0.2657
vn -0.5792 0.0009 0.8152
vn -0.9924 0.0014 -0.1229
vn 0.7082 -0.0006 0.7060
vn 0.0004 -0.0008 1.0000
vn 0.9956 -0.0000 0.0939
vn 0.7088 -0.0000 0.7054
vn 0.0004 -0.0002 1.0000
vn -0.7583 0.0001 0.6519
vn -0.7643 -0.0000 0.6448
vn 0.0007 -0.9978 0.0657
vn -0.9745 0.0023 -0.2243
vn -0.0004 -0.0007 1.0000
vn -0.0004 -0.0989 0.9951
vn -0.0004 -0.0370 -0.9993
vn -0.0003 -0.7071 -0.7071
vn 0.0059 -0.7106 -0.7035
vn 0.0086 -0.0678 -0.9977
vn -0.9871 0.0012 -0.1603
vn -0.9875 0.0024 -0.1575
vn -0.4659 0.0003 0.8848
vn 0.6858 0.1684 -0.7080
vn 0.9982 0.0138 -0.0586
vn 0.9979 -0.0120 0.0635
vn 0.7347 -0.1181 0.6680
vn 0.0004 -0.1695 0.9855
vn -0.0004 -0.1695 0.9855
vn 0.9945 -0.0000 -0.1051
vn 0.0004 -0.4209 0.9071
vn -0.0004 -0.4212 0.9070
vn -0.0004 1.0000 0.0013
vn -0.0004 0.0001 -1.0000
vn 0.9979 -0.0282 0.0581
vn 0.7347 -0.2886 0.6139
vn -0.0002 0.4784 -0.8781
vn 0.0002 0.4781 -0.8783
vn 0.6859 0.3476 -0.6393
vn 0.9982 0.0286 -0.0531
vn 0.0004 -0.6434 0.7655
vn -0.0004 -0.6436 0.7653
vn 0.9978 -0.0436 0.0501
vn 0.7347 -0.4391 0.5171
vn 0.0002 0.6913 -0.7225
vn -0.0002 0.6911 -0.7228
vn -0.0002 0.8562 -0.5167
vn 0.0002 0.8560 -0.5170
vn 0.6858 0.5027 -0.5263
vn 0.9981 0.0426 -0.0449
vn -0.0004 -0.8212 0.5707
vn 0.0004 -0.8213 0.5705
vn 0.0004 -0.9418 0.3362
vn -0.0004 -0.9419 0.3360
vn 0.7347 -0.5590 0.3844
vn 0.6858 0.6228 -0.3766
vn 0.9979 0.0556 -0.0339
vn 0.9975 -0.0584 0.0392
vn 0.9975 0.0675 -0.0196
vn 0.9971 -0.0724 0.0245
vn 0.7347 -0.6400 0.2249
vn -0.0002 0.9615 -0.2749
vn 0.0002 0.9614 -0.2753
vn 0.6858 0.6995 -0.2007
vn 0.0004 -0.9999 -0.0113
vn -0.0004 -0.9999 -0.0113
vn -0.0003 0.6905 0.7233
vn -0.0004 0.0175 0.9998
vn 0.0003 0.0175 0.9998
vn 0.9962 -0.0866 -0.0010
vn 0.7078 -0.7063 -0.0080
vn -0.0003 1.0000 0.0077
vn 0.0003 1.0000 0.0078
vn -0.0004 -0.1790 0.9839
vn -0.0003 -0.7233 0.6906
vn -0.0004 -0.9999 -0.0115
vn -0.0002 0.9999 0.0106
vn -0.9956 -0.0001 -0.0934
vn -0.9951 -0.0000 0.0989
vn -0.9953 -0.0000 0.0973
vn -1.0000 -0.0000 0.0003
vn -1.0000 0.0006 0.0006
vn -1.0000 0.0004 0.0011
vn -0.0057 0.9800 -0.1991
vn 0.0242 0.9994 0.0242
vn -1.0000 -0.0008 0.0017
vn -1.0000 -0.0012 0.0013
vn -0.9847 -0.0000 -0.1744
vn -0.9970 -0.0548 -0.0548
vn -0.9988 0.0342 0.0343
vn -0.9987 0.0051 0.0510
vn 0.0015 0.9951 -0.0989
vn 0.0002 0.9980 0.0634
vn 0.0015 0.9954 0.0962
vn 0.0005 -0.0000 1.0000
vn 0.0007 -0.0000 1.0000
vn 0.0017 -0.0000 1.0000
vn 0.0016 -0.0005 1.0000
vn 0.0016 0.0033 -1.0000
vn 1.0000 0.0032 0.0005
vn 1.0000 0.0023 0.0059
vn 1.0000 0.0032 0.0038
vn 1.0000 0.0030 0.0004
vn 1.0000 -0.0011 0.0014
vn 1.0000 -0.0004 0.0020
vn -0.7054 0.7087 0.0087
vn -0.5773 0.5638 0.5906
vn -0.9986 -0.0000 -0.0533
vn 0.0017 0.0036 1.0000
vn 0.0016 0.0035 1.0000
vn -0.1050 -0.0001 0.9945
vn -0.1005 0.3833 0.9181
vn 0.1006 0.3832 0.9182
vn 0.1049 -0.0000 0.9945
vn -0.1080 -0.3786 0.9192
vn 0.1080 -0.3786 0.9193
vn -0.1037 0.6998 0.7068
vn 0.1037 0.6998 0.7067
vn -0.1043 -0.9167 0.3858
vn 0.1043 -0.9166 0.3859
vn -0.1094 0.9189 0.3790
vn 0.1094 0.9188 0.3791
vn 0.9951 -0.0117 -0.0980
vn 0.9969 -0.0000 0.0783
vn 0.9973 -0.0120 0.0731
vn 0.9951 -0.0000 -0.0991
vn 0.9951 0.0033 -0.0989
vn 0.9958 0.0033 0.0910
vn 0.9967 0.0001 0.0813
vn -0.9986 0.0033 -0.0531
vn -0.9741 -0.2262 -0.0000
vn -0.9950 -0.0996 0.0012
vn -0.9951 0.0984 0.0012
vn -0.9978 0.0669 0.0001
vn -0.9965 -0.0003 -0.0832
vn -0.9967 -0.0001 0.0817
vn 0.0741 -0.9923 -0.0992
vn -0.0399 -0.9905 0.1312
vn 0.0001 -0.7043 0.7099
vn 0.0009 -0.0123 0.9999
vn -0.9985 -0.0115 -0.0528
vn -0.7071 -0.0083 -0.7071
vn -0.5774 -0.5774 -0.5773
vn -0.6508 -0.7590 -0.0175
vn -0.0026 -0.9827 -0.1853
vn -0.7071 0.0022 -0.7071
vn -0.5936 0.5433 -0.5936
vn -0.0011 0.6938 -0.7202
vn -0.7245 0.6882 -0.0382
vn -0.7068 -0.7074 0.0008
vn -0.7053 -0.0709 0.7053
vn -0.0074 -0.0800 -0.9968
vn 0.7018 -0.0652 -0.7093
vn 0.5732 -0.5785 -0.5803
vn -0.0052 -0.7086 -0.7056
vn -0.5927 -0.8054 -0.0012
vn -0.5773 -0.5773 -0.5774
vn -0.6039 -0.0335 -0.7964
vn 0.7069 -0.7042 -0.0670
vn 0.5774 -0.5773 -0.5773
vn 0.0015 -0.9952 -0.0975
vn 0.7072 0.0023 -0.7071
vn 0.5845 0.5586 -0.5885
vn 0.7018 0.7089 -0.0704
vn 0.0012 0.6863 -0.7273
vn 0.6768 0.0195 0.7359
vn 0.9253 -0.0055 -0.3791
vn 0.7737 0.0927 -0.6268
vn 0.7261 0.0163 -0.6874
vn 0.0016 0.7077 0.7065
vn 0.4326 0.7910 0.4326
vn 0.7223 0.0039 0.6915
vn -0.9961 0.0879 0.0025
vn -0.6991 0.0103 0.7149
vn -0.7100 -0.1295 0.6922
vn -0.5773 -0.5906 0.5638
vn -0.7071 0.7071 0.0009
vn -0.5774 0.5774 0.5773
vn -0.7053 0.0709 0.7054
vn 0.9280 0.0078 -0.3726
vn -0.0071 0.5136 -0.8580
vn -0.0085 0.1241 -0.9922
vn -0.0079 0.1205 -0.9927
vn -0.0070 0.5917 -0.8061
vn 0.5637 0.5848 -0.5833
vn 0.7030 0.0659 -0.7082
vn 0.4967 -0.3530 0.7929
vn 0.6742 -0.0004 0.7385
vn -0.7910 0.4326 0.4326
vn -0.7076 0.7066 0.0013
vn -0.7341 0.0705 0.6754
vn 0.7633 -0.0093 0.6459
vn 0.6087 -0.5975 0.5220
vn 0.7017 -0.7099 0.0606
vn 0.0016 -0.0108 0.9999
vn 0.0013 -0.6638 0.7479
vn 0.0015 -0.9948 0.1018
vn 0.7039 0.7068 0.0702
vn 0.5774 0.5773 0.5774
vn 0.7356 0.0029 0.6775
vn 0.0012 0.7071 0.7071
vn -0.9950 -0.0994 -0.0001
vn -0.7092 -0.7050 -0.0081
vn -0.9943 0.1062 0.0011
vn -0.7078 0.7064 0.0067
vn -0.7071 -0.0003 -0.7071
vn -0.0120 -0.7955 -0.6058
vn 0.3189 -0.4544 -0.8318
vn -0.7393 -0.0008 0.6734
vn -0.7252 0.2658 0.6352
vn -0.7482 -0.2526 0.6135
vn -0.7369 -0.4799 0.4760
vn -0.7348 0.4780 0.4813
vn -0.7518 0.6093 0.2521
vn -1.0000 0.0009 0.0004
vn -0.7348 -0.6241 0.2656
vn -0.7068 -0.0010 -0.7074
vn -0.7048 -0.0000 -0.7094
vn -0.7083 -0.0000 0.7059
vn -0.7079 -0.0000 0.7063
vn 0.7381 -0.0008 0.6747
vn 0.7245 0.2655 0.6360
vn 0.7477 -0.2524 0.6142
vn 0.7368 -0.4800 0.4761
vn 0.7343 0.4784 0.4817
vn 1.0000 0.0043 0.0018
vn 0.7509 0.6102 0.2525
vn 0.5792 0.0009 0.8152
vn 0.9924 0.0014 -0.1229
vn -0.7082 -0.0006 0.7060
vn -0.9956 -0.0000 0.0939
vn -0.7086 -0.0001 0.7056
vn 0.7583 0.0002 0.6519
vn 0.7643 -0.0000 0.6448
vn -0.0007 -0.9978 0.0657
vn 0.9745 0.0023 -0.2243
vn -0.0059 -0.7106 -0.7035
vn -0.0086 -0.0678 -0.9977
vn 0.9871 0.0012 -0.1603
vn 0.4659 0.0003 0.8848
vn 0.9875 0.0024 -0.1574
vn -0.9982 0.0137 -0.0586
vn -0.6858 0.1684 -0.7080
vn -0.9979 -0.0120 0.0635
vn -0.7347 -0.1181 0.6680
vn -0.9945 -0.0000 -0.1051
vn -0.7347 -0.2886 0.6139
vn -0.9979 -0.0282 0.0581
vn -0.9982 0.0286 -0.0531
vn -0.6859 0.3476 -0.6393
vn -0.7347 -0.4391 0.5171
vn -0.9978 -0.0436 0.0501
vn -0.6858 0.5027 -0.5262
vn -0.9981 0.0426 -0.0449
vn -0.7347 -0.5590 0.3844
vn -0.9979 0.0556 -0.0339
vn -0.6858 0.6228 -0.3766
vn -0.9975 -0.0584 0.0391
vn -0.9971 -0.0724 0.0245
vn -0.9975 0.0675 -0.0196
vn -0.7347 -0.6400 0.2249
vn -0.6859 0.6995 -0.2007
vn -0.9962 -0.0866 -0.0010
vn -0.7078 -0.7063 -0.0080
vt 0.303782 0.991889
vt 0.303781 0.919748
vt 0.424540 0.919747
vt 0.424541 0.991889
vt 0.477263 0.356711
vt 0.598065 0.356364
vt 0.598067 0.357237
vt 0.477257 0.357584
vt 0.041129 0.628091
vt 0.041133 0.627788
vt 0.366642 0.627787
vt 0.366646 0.628105
vt 0.714474 0.008088
vt 0.893952 0.008088
vt 0.893952 0.017147
vt 0.714474 0.017147
vt 0.767216 0.137945
vt 0.770085 0.131183
vt 0.767916 0.134428
vt 0.714472 0.007838
vt 0.893953 0.007838
vt 0.855593 0.363451
vt 0.856469 0.363451
vt 0.856468 0.419685
vt 0.855593 0.419686
vt 0.714474 0.170116
vt 0.714474 0.137945
vt 0.977009 0.339897
vt 0.977004 0.341734
vt 0.976103 0.341566
vt 0.975878 0.341012
vt 0.767944 0.141604
vt 0.769878 0.144500
vt 0.775894 0.147242
vt 0.773165 0.146698
vt 0.608668 0.356270
vt 0.609047 0.356241
vt 0.607912 0.357379
vt 0.607342 0.357169
vt 0.904975 0.339073
vt 0.975327 0.340775
vt 0.904965 0.339965
vt 0.921079 0.664461
vt 0.921022 0.543743
vt 0.991737 0.543901
vt 0.991662 0.664508
vt 0.271621 0.991890
vt 0.271620 0.919749
vt 0.841432 0.310879
vt 0.840727 0.307364
vt 0.838557 0.304123
vt 0.893666 0.190354
vt 0.894408 0.310997
vt 0.894275 0.343246
vt 0.838748 0.317413
vt 0.840690 0.314531
vt 0.716917 0.189259
vt 0.716836 0.181946
vt 0.893789 0.183130
vt 0.351462 0.356607
vt 0.351468 0.356906
vt 0.351193 0.356885
vt 0.351164 0.356609
vt 0.832748 0.320019
vt 0.835448 0.319596
vt 0.712607 0.137945
vt 0.712607 0.017147
vt 0.776870 0.301578
vt 0.776740 0.301291
vt 0.832203 0.301491
vt 0.832071 0.301777
vt 0.921414 0.696920
vt 0.991517 0.696565
vt 0.962375 0.438167
vt 0.962331 0.441213
vt 0.961580 0.441204
vt 0.961606 0.438159
vt 0.962414 0.435043
vt 0.961627 0.435036
vt 0.855648 0.429915
vt 0.855624 0.426576
vt 0.856465 0.426573
vt 0.856471 0.429910
vt 0.962483 0.428477
vt 0.962450 0.431830
vt 0.961635 0.431826
vt 0.961627 0.428475
vt 0.962510 0.424928
vt 0.961610 0.424927
vt 0.855606 0.423169
vt 0.856464 0.423168
vt 0.927386 0.512628
vt 0.927384 0.503584
vt 0.928257 0.503584
vt 0.928256 0.512628
vt 0.927377 0.382755
vt 0.927377 0.350634
vt 0.928247 0.350634
vt 0.928249 0.382755
vt 0.712607 0.170116
vt 0.713242 0.354400
vt 0.713246 0.533049
vt 0.712941 0.533444
vt 0.712937 0.354006
vt 0.609851 0.356284
vt 0.701322 0.355956
vt 0.701325 0.356829
vt 0.611169 0.357152
vt 0.445926 0.356581
vt 0.445906 0.357269
vt 0.905955 0.180922
vt 0.906347 0.180286
vt 0.906644 0.181923
vt 0.906367 0.182025
vt 0.712607 0.008088
vt 0.712331 0.008088
vt 0.712382 0.007863
vt 0.712607 0.007813
vt 0.433597 0.991888
vt 0.433895 0.991899
vt 0.433850 0.992142
vt 0.433607 0.992186
vt 0.907833 0.180339
vt 0.907836 0.180041
vt 0.908082 0.180081
vt 0.908132 0.180325
vt 0.271611 0.992187
vt 0.271371 0.992146
vt 0.271326 0.991911
vt 0.712596 0.170392
vt 0.712377 0.170341
vt 0.712331 0.170116
vt 0.977012 0.339615
vt 0.977248 0.339662
vt 0.977291 0.339898
vt 0.701320 0.355658
vt 0.701591 0.355631
vt 0.701619 0.355923
vt 0.701318 0.355360
vt 0.701616 0.355359
vt 0.701915 0.355359
vt 0.701882 0.355660
vt 0.905956 0.180041
vt 0.713830 0.353960
vt 0.968036 0.180637
vt 0.968046 0.180339
vt 0.968289 0.180385
vt 0.968334 0.180627
vt 0.987053 0.008110
vt 0.986758 0.008100
vt 0.986801 0.007860
vt 0.987042 0.007813
vt 0.822893 0.353416
vt 0.822903 0.353121
vt 0.823144 0.353162
vt 0.823190 0.353402
vt 0.609518 0.355687
vt 0.609513 0.355986
vt 0.609243 0.355907
vt 0.609219 0.355687
vt 0.608973 0.355972
vt 0.608921 0.355689
vt 0.927375 0.512927
vt 0.927132 0.512881
vt 0.927088 0.512638
vt 0.907833 0.252482
vt 0.908132 0.252493
vt 0.908087 0.252737
vt 0.907843 0.252782
vt 0.433596 0.919748
vt 0.433607 0.919450
vt 0.433849 0.919495
vt 0.433894 0.919737
vt 0.927083 0.350623
vt 0.927119 0.350380
vt 0.927356 0.350335
vt 0.271326 0.919739
vt 0.271370 0.919495
vt 0.271610 0.919449
vt 0.904675 0.339070
vt 0.904722 0.338833
vt 0.904967 0.338784
vt 0.894732 0.181629
vt 0.894516 0.182819
vt 0.894129 0.182692
vt 0.894269 0.181856
vt 0.894872 0.343248
vt 0.894955 0.343526
vt 0.894596 0.343536
vt 0.894574 0.343247
vt 0.975654 0.341232
vt 0.975318 0.341072
vt 0.975809 0.341570
vt 0.894274 0.343544
vt 0.351477 0.357204
vt 0.351178 0.357183
vt 0.349989 0.356617
vt 0.349981 0.356913
vt 0.349739 0.356863
vt 0.349691 0.356619
vt 0.366635 0.718551
vt 0.366937 0.718562
vt 0.366895 0.718812
vt 0.366646 0.718863
vt 0.701624 0.356832
vt 0.701573 0.357077
vt 0.701327 0.357127
vt 0.702788 0.355357
vt 0.703086 0.355357
vt 0.703037 0.355602
vt 0.702793 0.355652
vt 0.894154 0.182973
vt 0.893785 0.182839
vt 0.201759 0.908484
vt 0.201624 0.908786
vt 0.201364 0.908843
vt 0.201469 0.908466
vt 0.967377 0.288571
vt 0.967596 0.288964
vt 0.966758 0.288747
vt 0.966784 0.288464
vt 0.967071 0.180637
vt 0.966775 0.180628
vt 0.966812 0.180386
vt 0.967053 0.180340
vt 0.309256 0.909461
vt 0.309548 0.909475
vt 0.309503 0.909714
vt 0.309266 0.909758
vt 0.988027 0.008110
vt 0.988034 0.007813
vt 0.988275 0.007859
vt 0.988321 0.008100
vt 0.894771 0.310810
vt 0.895109 0.310803
vt 0.894770 0.310998
vt 0.366643 0.628422
vt 0.366931 0.628104
vt 0.366935 0.628447
vt 0.366933 0.627761
vt 0.607711 0.357614
vt 0.607353 0.357468
vt 0.611170 0.357450
vt 0.610828 0.357609
vt 0.610615 0.357379
vt 0.928544 0.512637
vt 0.928500 0.512884
vt 0.928264 0.512933
vt 0.991658 0.534854
vt 0.991638 0.534556
vt 0.991862 0.534600
vt 0.991928 0.534841
vt 0.906961 0.252482
vt 0.906949 0.252770
vt 0.906708 0.252749
vt 0.906664 0.252523
vt 0.928257 0.350335
vt 0.928501 0.350380
vt 0.928545 0.350623
vt 0.904951 0.340262
vt 0.904708 0.340215
vt 0.904666 0.339972
vt 0.991816 0.696576
vt 0.991767 0.696815
vt 0.991528 0.696863
vt 0.351574 0.358075
vt 0.351584 0.358374
vt 0.351339 0.358337
vt 0.351276 0.358097
vt 0.366630 0.373903
vt 0.366640 0.373606
vt 0.366881 0.373649
vt 0.366927 0.373891
vt 0.440669 0.356594
vt 0.440663 0.356446
vt 0.712331 0.137945
vt 0.303782 0.992188
vt 0.977288 0.341769
vt 0.714459 0.170392
vt 0.477266 0.356114
vt 0.598064 0.355767
vt 0.598065 0.356065
vt 0.477265 0.356412
vt 0.714787 0.354328
vt 0.714787 0.354023
vt 0.905574 0.181796
vt 0.905857 0.181894
vt 0.962638 0.438172
vt 0.962584 0.441214
vt 0.768187 0.134477
vt 0.767497 0.137945
vt 0.962683 0.435031
vt 0.768196 0.141454
vt 0.962726 0.431869
vt 0.770143 0.144369
vt 0.855374 0.429960
vt 0.855336 0.426535
vt 0.770203 0.131460
vt 0.855312 0.423185
vt 0.773115 0.129515
vt 0.772971 0.129256
vt 0.962775 0.428438
vt 0.773172 0.146393
vt 0.962814 0.425138
vt 0.776409 0.147037
vt 0.855295 0.419729
vt 0.776569 0.128828
vt 0.776441 0.128566
vt 0.712331 0.017147
vt 0.424541 0.992187
vt 0.445942 0.356284
vt 0.445934 0.356433
vt 0.606113 0.355717
vt 0.606123 0.356017
vt 0.303781 0.919450
vt 0.927079 0.382755
vt 0.424540 0.919449
vt 0.927085 0.503584
vt 0.976103 0.521886
vt 0.975805 0.521882
vt 0.961308 0.366785
vt 0.961612 0.366997
vt 0.961306 0.425139
vt 0.962512 0.366996
vt 0.893952 0.170116
vt 0.893966 0.170392
vt 0.598068 0.357536
vt 0.477255 0.357882
vt 0.366933 0.497836
vt 0.366935 0.618585
vt 0.366636 0.618585
vt 0.366635 0.497836
vt 0.596940 0.030171
vt 0.604984 0.030161
vt 0.701625 0.029775
vt 0.701924 0.029773
vt 0.841127 0.310879
vt 0.840434 0.307425
vt 0.961327 0.441201
vt 0.961343 0.438157
vt 0.840419 0.314372
vt 0.961359 0.435020
vt 0.838467 0.317264
vt 0.961358 0.431862
vt 0.838420 0.304415
vt 0.856753 0.426531
vt 0.856745 0.429952
vt 0.835666 0.302189
vt 0.835515 0.302468
vt 0.856758 0.423181
vt 0.835434 0.319271
vt 0.961336 0.428433
vt 0.832207 0.319890
vt 0.856766 0.419729
vt 0.894904 0.181467
vt 0.895022 0.190117
vt 0.894799 0.190151
vt 0.894541 0.190198
vt 0.445894 0.357568
vt 0.366933 0.466552
vt 0.366635 0.466548
vt 0.606157 0.357191
vt 0.606164 0.357490
vt 0.366932 0.626630
vt 0.366636 0.626631
vt 0.928543 0.382755
vt 0.991921 0.664510
vt 0.928545 0.503584
vt 0.992007 0.543899
vt 0.906907 0.181924
vt 0.921101 0.534385
vt 0.921098 0.534679
vt 0.921418 0.697219
vt 0.822892 0.534034
vt 0.715317 0.533122
vt 0.715317 0.354327
vt 0.713652 0.343203
vt 0.713642 0.342902
vt 0.823190 0.534048
vt 0.716848 0.181650
vt 0.894109 0.190275
vt 0.041139 0.626633
vt 0.041139 0.618588
vt 0.700454 0.029782
vt 0.700753 0.029780
vt 0.041139 0.497838
vt 0.607792 0.030169
vt 0.608090 0.030168
vt 0.608388 0.030166
vt 0.700156 0.029784
vt 0.968332 0.288390
vt 0.968334 0.288914
vt 0.968037 0.288915
vt 0.968036 0.288390
vt 0.715317 0.354024
vt 0.894354 0.181389
vt 0.894775 0.310608
vt 0.894942 0.310608
vt 0.894667 0.310722
vt 0.445056 0.356572
vt 0.445058 0.356428
vt 0.445049 0.357222
vt 0.366640 0.465965
vt 0.366937 0.465956
vt 0.041138 0.466550
vt 0.041134 0.465976
vt 0.606133 0.356316
vt 0.609514 0.356284
vt 0.856767 0.363407
vt 0.445061 0.356283
vt 0.041133 0.628394
vt 0.444924 0.030611
vt 0.476221 0.030613
vt 0.445058 0.357517
vt 0.041114 0.718821
vt 0.041125 0.718523
vt 0.977001 0.521718
vt 0.041133 0.465401
vt 0.366641 0.465382
vt 0.832017 0.147037
vt 0.832531 0.147242
vt 0.831985 0.128566
vt 0.977284 0.521683
vt 0.962815 0.366786
vt 0.714790 0.533122
vt 0.987047 0.189058
vt 0.986748 0.189068
vt 0.855296 0.363408
vt 0.309253 0.728847
vt 0.309548 0.728834
vt 0.201462 0.729846
vt 0.201756 0.729828
vt 0.988321 0.189068
vt 0.988024 0.189058
vt 0.776069 0.319892
vt 0.776589 0.319660
vt 0.831857 0.128828
vt 0.444199 0.357488
vt 0.444181 0.357193
vt 0.444180 0.356283
vt 0.443163 0.030622
vt 0.444043 0.030618
vt 0.444184 0.356573
vt 0.444181 0.356428
vt 0.041133 0.464827
vt 0.366640 0.464807
vt 0.366934 0.465371
vt 0.443331 0.357462
vt 0.443309 0.357166
vt 0.442419 0.356288
vt 0.441402 0.030626
vt 0.442283 0.030625
vt 0.443300 0.356285
vt 0.443303 0.356431
vt 0.443309 0.356576
vt 0.366933 0.464796
vt 0.041133 0.464253
vt 0.041133 0.463679
vt 0.366640 0.463642
vt 0.366640 0.464225
vt 0.366934 0.464214
vt 0.442431 0.356582
vt 0.442424 0.356435
vt 0.442461 0.357436
vt 0.442437 0.357140
vt 0.441566 0.357117
vt 0.441550 0.356588
vt 0.441589 0.357413
vt 0.441539 0.356292
vt 0.440522 0.030626
vt 0.366934 0.463632
vt 0.441543 0.356441
vt 0.041134 0.463103
vt 0.366639 0.463068
vt 0.350865 0.356612
vt 0.349737 0.030883
vt 0.350035 0.030882
vt 0.440694 0.357095
vt 0.366933 0.463054
vt 0.440658 0.356297
vt 0.439641 0.030625
vt 0.440705 0.357394
vt 0.350896 0.356912
vt 0.348562 0.030884
vt 0.348861 0.030884
vt 0.041124 0.373938
vt 0.041114 0.373641
vt 0.350333 0.030882
vt 0.867675 0.419711
vt 0.867675 0.363473
vt 0.867973 0.363429
vt 0.867973 0.419755
vt 0.904661 0.875782
vt 0.904662 0.755024
vt 0.976803 0.755024
vt 0.976802 0.875783
vt 0.476214 0.030016
vt 0.476203 0.029143
vt 0.596934 0.028701
vt 0.596937 0.029574
vt 0.189433 0.737869
vt 0.009955 0.737869
vt 0.009955 0.728810
vt 0.189433 0.728810
vt 0.136691 0.858666
vt 0.135991 0.855149
vt 0.133822 0.851905
vt 0.009953 0.728560
vt 0.189434 0.728560
vt 0.866799 0.419712
vt 0.866800 0.363472
vt 0.189433 0.890838
vt 0.189433 0.858666
vt 0.847175 0.735240
vt 0.848300 0.736354
vt 0.848075 0.736906
vt 0.847177 0.737071
vt 0.134029 0.865221
vt 0.135963 0.862326
vt 0.128012 0.867964
vt 0.130741 0.867419
vt 0.607534 0.029589
vt 0.606202 0.028701
vt 0.606770 0.028486
vt 0.607913 0.029616
vt 0.918989 0.734560
vt 0.918997 0.735449
vt 0.848850 0.736118
vt 0.461586 0.854693
vt 0.392358 0.859309
vt 0.384767 0.742490
vt 0.456971 0.732601
vt 0.904661 0.907944
vt 0.976802 0.907944
vt 0.514099 0.853607
vt 0.458101 0.732553
vt 0.516598 0.846578
vt 0.514631 0.849981
vt 0.462276 0.854859
vt 0.463224 0.886615
vt 0.514961 0.857409
vt 0.516823 0.860502
vt 0.643476 0.733344
vt 0.457709 0.725130
vt 0.643816 0.725982
vt 0.350063 0.030606
vt 0.350338 0.030584
vt 0.522512 0.863510
vt 0.519936 0.862891
vt 0.191300 0.737869
vt 0.191300 0.858666
vt 0.576701 0.845021
vt 0.522694 0.843803
vt 0.522571 0.843514
vt 0.576845 0.844738
vt 0.462656 0.886700
vt 0.393815 0.891145
vt 0.844523 0.440605
vt 0.845291 0.440597
vt 0.845315 0.443638
vt 0.844565 0.443647
vt 0.844485 0.437484
vt 0.845271 0.437477
vt 0.866855 0.353248
vt 0.867678 0.353252
vt 0.867672 0.356588
vt 0.866831 0.356585
vt 0.844419 0.430926
vt 0.845274 0.430924
vt 0.845265 0.434271
vt 0.844451 0.434275
vt 0.844393 0.427381
vt 0.845292 0.427380
vt 0.867671 0.359992
vt 0.866813 0.359991
vt 0.904971 0.350382
vt 0.905841 0.350382
vt 0.905842 0.359421
vt 0.904970 0.359421
vt 0.904964 0.480237
vt 0.905837 0.480237
vt 0.905834 0.512368
vt 0.904963 0.512368
vt 0.191300 0.890838
vt 0.785634 0.723820
vt 0.785630 0.544383
vt 0.785935 0.544777
vt 0.785939 0.723426
vt 0.608717 0.029567
vt 0.610027 0.028689
vt 0.700151 0.028315
vt 0.700154 0.029187
vt 0.444906 0.030315
vt 0.444883 0.029627
vt 0.943211 0.252079
vt 0.943623 0.250976
vt 0.943899 0.251079
vt 0.943603 0.252715
vt 0.191300 0.728810
vt 0.191300 0.728534
vt 0.191525 0.728585
vt 0.191575 0.728810
vt 0.904662 0.745968
vt 0.904365 0.745957
vt 0.904410 0.745715
vt 0.904652 0.745670
vt 0.945089 0.252662
vt 0.945386 0.252676
vt 0.945336 0.252919
vt 0.945091 0.252960
vt 0.904639 0.908240
vt 0.904404 0.908194
vt 0.904363 0.907954
vt 0.191575 0.890838
vt 0.191529 0.891063
vt 0.191311 0.891114
vt 0.846893 0.735240
vt 0.846937 0.735004
vt 0.847172 0.734958
vt 0.700452 0.029218
vt 0.700426 0.029510
vt 0.700155 0.029486
vt 0.700718 0.029479
vt 0.943212 0.252960
vt 0.786527 0.723865
vt 0.951072 0.458851
vt 0.951371 0.458861
vt 0.951326 0.459103
vt 0.951082 0.459149
vt 0.987355 0.380296
vt 0.987345 0.380593
vt 0.987104 0.380546
vt 0.987061 0.380305
vt 0.895585 0.724411
vt 0.895883 0.724425
vt 0.895838 0.724667
vt 0.895595 0.724709
vt 0.608112 0.029948
vt 0.608382 0.029867
vt 0.607842 0.029886
vt 0.904673 0.350371
vt 0.904718 0.350129
vt 0.904960 0.350083
vt 0.945086 0.180531
vt 0.945096 0.180230
vt 0.945341 0.180275
vt 0.945386 0.180520
vt 0.976803 0.745968
vt 0.976813 0.745670
vt 0.977056 0.745715
vt 0.977101 0.745958
vt 0.904942 0.512667
vt 0.904705 0.512622
vt 0.904669 0.512379
vt 0.977101 0.907954
vt 0.977055 0.908194
vt 0.976812 0.908238
vt 0.918997 0.734273
vt 0.919241 0.734322
vt 0.919287 0.734558
vt 0.455975 0.723507
vt 0.456338 0.723461
vt 0.456892 0.724130
vt 0.456641 0.724554
vt 0.462940 0.886657
vt 0.462959 0.886933
vt 0.462658 0.886998
vt 0.848858 0.736414
vt 0.848523 0.736573
vt 0.848368 0.736910
vt 0.463218 0.886914
vt 0.350345 0.030286
vt 0.350046 0.030307
vt 0.348608 0.030640
vt 0.348850 0.030588
vt 0.040872 0.718776
vt 0.040827 0.718533
vt 0.700150 0.028016
vt 0.700396 0.028065
vt 0.700450 0.028309
vt 0.701628 0.029479
vt 0.701872 0.029527
vt 0.457344 0.724436
vt 0.457181 0.724835
vt 0.457696 0.724834
vt 0.728784 0.735260
vt 0.728495 0.735277
vt 0.728389 0.734900
vt 0.728650 0.734957
vt 0.950415 0.350985
vt 0.949822 0.351091
vt 0.949796 0.350809
vt 0.950633 0.350592
vt 0.950107 0.458851
vt 0.950089 0.459149
vt 0.949847 0.459103
vt 0.949808 0.458860
vt 0.836281 0.734281
vt 0.836291 0.733984
vt 0.836530 0.734028
vt 0.836574 0.734268
vt 0.988330 0.380296
vt 0.988623 0.380305
vt 0.988578 0.380547
vt 0.988337 0.380593
vt 0.461916 0.854674
vt 0.461923 0.854875
vt 0.040847 0.628419
vt 0.040854 0.628090
vt 0.040848 0.627762
vt 0.606210 0.028401
vt 0.606567 0.028252
vt 0.609471 0.028466
vt 0.609682 0.028234
vt 0.610025 0.028390
vt 0.905849 0.350077
vt 0.906085 0.350126
vt 0.906129 0.350372
vt 0.383360 0.734173
vt 0.383091 0.734205
vt 0.383119 0.733969
vt 0.383330 0.733896
vt 0.944214 0.180531
vt 0.943917 0.180489
vt 0.943961 0.180264
vt 0.944202 0.180243
vt 0.906132 0.512379
vt 0.906087 0.512622
vt 0.905844 0.512668
vt 0.919296 0.735457
vt 0.919253 0.735699
vt 0.919011 0.735746
vt 0.393797 0.891443
vt 0.393553 0.891375
vt 0.393516 0.891150
vt 0.350437 0.029414
vt 0.350139 0.029394
vt 0.350201 0.029153
vt 0.350445 0.029115
vt 0.040829 0.373926
vt 0.040873 0.373685
vt 0.439651 0.030329
vt 0.439645 0.030477
vt 0.191575 0.858666
vt 0.904363 0.875782
vt 0.846893 0.737106
vt 0.189447 0.891114
vt 0.476218 0.030315
vt 0.596939 0.029873
vt 0.787483 0.723498
vt 0.787483 0.723802
vt 0.942829 0.251205
vt 0.943112 0.251107
vt 0.844312 0.443648
vt 0.844260 0.440609
vt 0.135719 0.855199
vt 0.136409 0.858666
vt 0.844216 0.437472
vt 0.135711 0.862175
vt 0.844175 0.434314
vt 0.133764 0.865090
vt 0.866543 0.356626
vt 0.866582 0.353203
vt 0.133703 0.852182
vt 0.866519 0.359975
vt 0.130791 0.850237
vt 0.130935 0.849978
vt 0.844128 0.430886
vt 0.130735 0.867115
vt 0.844089 0.427591
vt 0.127498 0.867759
vt 0.866502 0.363429
vt 0.127338 0.849550
vt 0.127466 0.849287
vt 0.191575 0.737869
vt 0.904364 0.755024
vt 0.444916 0.030463
vt 0.604992 0.029861
vt 0.977101 0.875783
vt 0.904666 0.480237
vt 0.977101 0.755024
vt 0.904672 0.359421
vt 0.848004 0.917215
vt 0.847706 0.917219
vt 0.845596 0.369228
vt 0.845596 0.427592
vt 0.845292 0.369440
vt 0.844392 0.369440
vt 0.009941 0.891114
vt 0.009955 0.890838
vt 0.476199 0.028845
vt 0.596932 0.028402
vt 0.040840 0.497838
vt 0.040841 0.618588
vt 0.514921 0.850038
vt 0.514400 0.853574
vt 0.845568 0.443635
vt 0.845554 0.440595
vt 0.515231 0.857240
vt 0.845539 0.437461
vt 0.517124 0.860384
vt 0.845541 0.434308
vt 0.516739 0.846876
vt 0.867960 0.356631
vt 0.867951 0.353211
vt 0.519313 0.844474
vt 0.519485 0.844741
vt 0.867965 0.359979
vt 0.519994 0.862583
vt 0.845565 0.430882
vt 0.522996 0.863280
vt 0.455606 0.723489
vt 0.457153 0.732579
vt 0.457369 0.732564
vt 0.444870 0.029328
vt 0.040843 0.466554
vt 0.605017 0.028688
vt 0.605022 0.028388
vt 0.040844 0.626634
vt 0.906129 0.480237
vt 0.392102 0.859346
vt 0.906132 0.359421
vt 0.384499 0.742522
vt 0.944163 0.251077
vt 0.455435 0.723254
vt 0.895586 0.543793
vt 0.788010 0.723498
vt 0.788011 0.544704
vt 0.636383 0.887260
vt 0.636401 0.887559
vt 0.895883 0.543779
vt 0.643821 0.725685
vt 0.457730 0.732554
vt 0.951369 0.351165
vt 0.951073 0.351166
vt 0.951074 0.350641
vt 0.951371 0.350642
vt 0.788010 0.723801
vt 0.455701 0.723427
vt 0.461902 0.854448
vt 0.462012 0.854569
vt 0.461740 0.854472
vt 0.444039 0.030473
vt 0.444037 0.030328
vt 0.444027 0.029678
vt 0.040840 0.465967
vt 0.605000 0.029562
vt 0.608380 0.029569
vt 0.444034 0.029383
vt 0.846805 0.917049
vt 0.336515 0.106330
vt 0.010979 0.104437
vt 0.010991 0.103552
vt 0.336515 0.105445
vt 0.071890 0.867759
vt 0.071375 0.867964
vt 0.071922 0.849287
vt 0.846522 0.917013
vt 0.844088 0.369229
vt 0.787481 0.544704
vt 0.987051 0.199339
vt 0.987350 0.199348
vt 0.866502 0.419755
vt 0.836574 0.914910
vt 0.836279 0.914896
vt 0.728782 0.913915
vt 0.728488 0.913898
vt 0.988327 0.199348
vt 0.988623 0.199339
vt 0.576712 0.863851
vt 0.576209 0.863614
vt 0.072050 0.849550
vt 0.443160 0.029712
vt 0.443176 0.029417
vt 0.443163 0.030477
vt 0.443165 0.030332
vt 0.040842 0.465390
vt 0.442288 0.029743
vt 0.442308 0.029448
vt 0.442285 0.030478
vt 0.442290 0.030333
vt 0.040843 0.464816
vt 0.040843 0.464243
vt 0.441406 0.030479
vt 0.441413 0.030332
vt 0.441416 0.029774
vt 0.441438 0.029478
vt 0.440531 0.030330
vt 0.440544 0.029802
vt 0.440567 0.029506
vt 0.040841 0.463668
vt 0.440525 0.030478
vt 0.439672 0.029828
vt 0.040839 0.463090
vt 0.439681 0.029529
vt 0.349765 0.030581
vt 0.594076 0.969689
vt 0.473317 0.969689
vt 0.473318 0.897548
vt 0.594076 0.897549
vt 0.336870 0.138210
vt 0.337743 0.138206
vt 0.337150 0.258911
vt 0.336277 0.258909
vt 0.377022 0.458681
vt 0.702540 0.458699
vt 0.702536 0.459002
vt 0.377026 0.458999
vt 0.841209 0.137945
vt 0.840510 0.134428
vt 0.838340 0.131183
vt 0.893952 0.137945
vt 0.977009 0.523554
vt 0.975877 0.522441
vt 0.838548 0.144500
vt 0.840481 0.141604
vt 0.835260 0.146698
vt 0.336172 0.269507
vt 0.337072 0.268181
vt 0.337282 0.268751
vt 0.336142 0.269886
vt 0.905036 0.524486
vt 0.905025 0.523596
vt 0.975327 0.522679
vt 0.976805 0.137889
vt 0.906222 0.137936
vt 0.906147 0.017329
vt 0.976863 0.017171
vt 0.626237 0.969690
vt 0.626237 0.897549
vt 0.767435 0.310584
vt 0.770364 0.303855
vt 0.768168 0.307074
vt 0.714491 0.310229
vt 0.768148 0.314238
vt 0.770068 0.317132
vt 0.337220 0.011302
vt 0.337222 0.011004
vt 0.337499 0.011035
vt 0.337518 0.011311
vt 0.773351 0.319341
vt 0.895818 0.017147
vt 0.895818 0.137945
vt 0.976471 0.170348
vt 0.906367 0.169993
vt 0.962382 0.353775
vt 0.961614 0.353783
vt 0.961590 0.350742
vt 0.962340 0.350734
vt 0.962420 0.356896
vt 0.961634 0.356902
vt 0.855649 0.353227
vt 0.856471 0.353231
vt 0.856465 0.356567
vt 0.855625 0.356564
vt 0.962486 0.363452
vt 0.961631 0.363454
vt 0.961640 0.360108
vt 0.962454 0.360104
vt 0.856464 0.359971
vt 0.855607 0.359969
vt 0.916178 0.350511
vt 0.917048 0.350511
vt 0.917049 0.359551
vt 0.916177 0.359551
vt 0.916171 0.480372
vt 0.917044 0.480372
vt 0.917041 0.512505
vt 0.916170 0.512505
vt 0.895818 0.170116
vt 0.336183 0.270689
vt 0.337050 0.272007
vt 0.336643 0.362155
vt 0.335770 0.362151
vt 0.336813 0.106309
vt 0.337870 0.106500
vt 0.930792 0.252019
vt 0.931204 0.250915
vt 0.931480 0.251018
vt 0.931184 0.252654
vt 0.895818 0.008088
vt 0.895818 0.007813
vt 0.896044 0.007863
vt 0.896094 0.008088
vt 0.464261 0.969688
vt 0.464250 0.969986
vt 0.464008 0.969941
vt 0.463963 0.969699
vt 0.932670 0.252602
vt 0.932967 0.252615
vt 0.932918 0.252858
vt 0.932673 0.252899
vt 0.626533 0.969711
vt 0.626487 0.969947
vt 0.626247 0.969988
vt 0.896094 0.170116
vt 0.896048 0.170341
vt 0.895830 0.170392
vt 0.977291 0.523552
vt 0.977248 0.523789
vt 0.977013 0.523836
vt 0.335737 0.362449
vt 0.335445 0.362420
vt 0.335472 0.362149
vt 0.335174 0.362148
vt 0.335173 0.362446
vt 0.335173 0.362744
vt 0.335475 0.362712
vt 0.930794 0.252899
vt 0.713833 0.533489
vt 0.939562 0.458715
vt 0.939861 0.458725
vt 0.939816 0.458968
vt 0.939573 0.459014
vt 0.987037 0.189357
vt 0.986793 0.189311
vt 0.823145 0.534290
vt 0.822903 0.534332
vt 0.335587 0.270356
vt 0.335587 0.270058
vt 0.335807 0.270082
vt 0.335886 0.270352
vt 0.335872 0.269812
vt 0.335589 0.269759
vt 0.915880 0.350500
vt 0.915924 0.350258
vt 0.916167 0.350212
vt 0.932668 0.180468
vt 0.932678 0.180167
vt 0.932922 0.180212
vt 0.932967 0.180457
vt 0.464261 0.897548
vt 0.463963 0.897537
vt 0.464008 0.897295
vt 0.464251 0.897250
vt 0.916149 0.512804
vt 0.915912 0.512759
vt 0.915876 0.512516
vt 0.626247 0.897250
vt 0.626487 0.897296
vt 0.626531 0.897539
vt 0.905028 0.524774
vt 0.904784 0.524727
vt 0.904737 0.524490
vt 0.715984 0.180291
vt 0.716432 0.180572
vt 0.716522 0.181464
vt 0.716109 0.181562
vt 0.713037 0.342868
vt 0.713338 0.342894
vt 0.713305 0.343189
vt 0.712937 0.343144
vt 0.975318 0.522383
vt 0.975652 0.522221
vt 0.337816 0.011321
vt 0.337800 0.011022
vt 0.337231 0.009829
vt 0.337233 0.009531
vt 0.337477 0.009579
vt 0.337527 0.009821
vt 0.702545 0.368241
vt 0.702556 0.367943
vt 0.702798 0.367988
vt 0.702843 0.368230
vt 0.336942 0.362157
vt 0.336891 0.362403
vt 0.336646 0.362454
vt 0.335171 0.363617
vt 0.335466 0.363622
vt 0.335416 0.363866
vt 0.335170 0.363916
vt 0.716471 0.181756
vt 0.201358 0.729465
vt 0.201621 0.729524
vt 0.938905 0.350852
vt 0.938312 0.350959
vt 0.938286 0.350677
vt 0.939124 0.350460
vt 0.938597 0.458715
vt 0.938579 0.459014
vt 0.938338 0.458968
vt 0.938299 0.458725
vt 0.309263 0.728549
vt 0.309503 0.728592
vt 0.988274 0.189311
vt 0.988032 0.189357
vt 0.714130 0.310038
vt 0.714130 0.310226
vt 0.713793 0.310028
vt 0.702536 0.458396
vt 0.702822 0.458371
vt 0.702815 0.458700
vt 0.702820 0.459028
vt 0.337371 0.268192
vt 0.337517 0.268549
vt 0.337278 0.271453
vt 0.337507 0.271666
vt 0.337349 0.272008
vt 0.917056 0.350206
vt 0.917292 0.350255
vt 0.917336 0.350501
vt 0.906226 0.008282
vt 0.905956 0.008269
vt 0.906022 0.008028
vt 0.906246 0.007984
vt 0.931796 0.180468
vt 0.931499 0.180426
vt 0.931543 0.180201
vt 0.931784 0.180180
vt 0.917339 0.512516
vt 0.917294 0.512759
vt 0.917051 0.512805
vt 0.904725 0.523589
vt 0.904768 0.523346
vt 0.905010 0.523298
vt 0.906356 0.170291
vt 0.906117 0.170243
vt 0.906069 0.170004
vt 0.338688 0.011422
vt 0.338714 0.011124
vt 0.338954 0.011190
vt 0.338986 0.011433
vt 0.702545 0.713236
vt 0.702843 0.713247
vt 0.702797 0.713489
vt 0.702556 0.713533
vt 0.336848 0.101035
vt 0.336699 0.101028
vt 0.896094 0.137945
vt 0.594076 0.969988
vt 0.336273 0.138213
vt 0.336572 0.138212
vt 0.335979 0.258909
vt 0.335680 0.258908
vt 0.714790 0.533426
vt 0.930411 0.251145
vt 0.930694 0.251046
vt 0.962593 0.350732
vt 0.962645 0.353770
vt 0.840238 0.134477
vt 0.840928 0.137945
vt 0.962689 0.356907
vt 0.840230 0.141454
vt 0.962730 0.360065
vt 0.838283 0.144369
vt 0.855337 0.356605
vt 0.855376 0.353182
vt 0.838222 0.131460
vt 0.855313 0.359954
vt 0.835310 0.129515
vt 0.835454 0.129256
vt 0.962777 0.363492
vt 0.835254 0.146393
vt 0.896094 0.017147
vt 0.473317 0.969987
vt 0.336664 0.106319
vt 0.335621 0.266952
vt 0.335922 0.266963
vt 0.594076 0.897250
vt 0.915872 0.480372
vt 0.473318 0.897250
vt 0.915879 0.359551
vt 0.338042 0.138204
vt 0.337449 0.258912
vt 0.702829 0.588947
vt 0.702530 0.588947
vt 0.702529 0.468197
vt 0.702828 0.468197
vt 0.010049 0.257183
vt 0.010029 0.265232
vt 0.009570 0.361936
vt 0.009568 0.362234
vt 0.768461 0.307137
vt 0.767740 0.310586
vt 0.961337 0.350745
vt 0.961351 0.353785
vt 0.768420 0.314081
vt 0.961366 0.356918
vt 0.770350 0.316986
vt 0.961364 0.360071
vt 0.770499 0.304147
vt 0.856753 0.356610
vt 0.856745 0.353190
vt 0.773272 0.301950
vt 0.773420 0.302231
vt 0.856758 0.359957
vt 0.773367 0.319015
vt 0.961340 0.363495
vt 0.715821 0.180108
vt 0.715217 0.189416
vt 0.715028 0.189419
vt 0.715444 0.189414
vt 0.338169 0.106490
vt 0.702826 0.620589
vt 0.702531 0.620593
vt 0.337095 0.266997
vt 0.337394 0.267003
vt 0.702824 0.460152
vt 0.702529 0.460152
vt 0.917336 0.480372
vt 0.905963 0.137937
vt 0.917339 0.359551
vt 0.905877 0.017327
vt 0.931745 0.251017
vt 0.976783 0.007813
vt 0.976786 0.008106
vt 0.976466 0.170647
vt 0.715823 0.189410
vt 0.377032 0.468200
vt 0.377032 0.460154
vt 0.009578 0.360765
vt 0.009576 0.361063
vt 0.377033 0.588950
vt 0.010034 0.268041
vt 0.010033 0.268339
vt 0.009580 0.360466
vt 0.010030 0.268637
vt 0.939859 0.351033
vt 0.939563 0.351033
vt 0.939564 0.350509
vt 0.939861 0.350510
vt 0.715317 0.533425
vt 0.716387 0.180085
vt 0.714128 0.309836
vt 0.714235 0.309952
vt 0.713962 0.309834
vt 0.336658 0.105438
vt 0.336801 0.105433
vt 0.337842 0.105557
vt 0.702829 0.621176
vt 0.702536 0.621167
vt 0.377033 0.620595
vt 0.377029 0.621178
vt 0.336221 0.266972
vt 0.336184 0.270352
vt 0.702536 0.621742
vt 0.377028 0.621761
vt 0.377025 0.458363
vt 0.010805 0.136362
vt 0.338137 0.105573
vt 0.377024 0.367896
vt 0.377034 0.368208
vt 0.337836 0.104596
vt 0.338130 0.104622
vt 0.011000 0.102667
vt 0.336517 0.104560
vt 0.336660 0.104559
vt 0.336801 0.104561
vt 0.702536 0.622316
vt 0.377028 0.622336
vt 0.702827 0.621753
vt 0.337831 0.103631
vt 0.338122 0.103653
vt 0.336522 0.103675
vt 0.011007 0.101782
vt 0.011011 0.100897
vt 0.336530 0.102790
vt 0.336661 0.103679
vt 0.336798 0.103686
vt 0.702826 0.622327
vt 0.377028 0.622918
vt 0.702536 0.622890
vt 0.702537 0.623465
vt 0.377028 0.623501
vt 0.702827 0.622901
vt 0.336675 0.102799
vt 0.336819 0.102811
vt 0.337761 0.102658
vt 0.338058 0.102674
vt 0.336832 0.101932
vt 0.337686 0.101685
vt 0.337983 0.101702
vt 0.011013 0.100012
vt 0.336539 0.101905
vt 0.702828 0.623474
vt 0.336686 0.101917
vt 0.702536 0.624040
vt 0.377029 0.624075
vt 0.011368 0.009285
vt 0.011369 0.008987
vt 0.337225 0.010705
vt 0.337609 0.100722
vt 0.702830 0.624053
vt 0.011014 0.099126
vt 0.336550 0.101020
vt 0.337908 0.100734
vt 0.337526 0.010737
vt 0.011370 0.008111
vt 0.011371 0.007812
vt 0.377028 0.713569
vt 0.377039 0.713271
vt 0.011368 0.009584
vt 0.051476 0.973247
vt 0.051475 0.901106
vt 0.172234 0.901105
vt 0.172235 0.973246
vt 0.010208 0.136352
vt 0.009451 0.257178
vt 0.008579 0.257170
vt 0.009335 0.136337
vt 0.062697 0.858666
vt 0.065566 0.851905
vt 0.063397 0.855149
vt 0.009955 0.858666
vt 0.846794 0.918890
vt 0.847931 0.917776
vt 0.063425 0.862326
vt 0.065359 0.865221
vt 0.068646 0.867419
vt 0.009454 0.267783
vt 0.009480 0.268162
vt 0.008351 0.267017
vt 0.008567 0.266448
vt 0.918982 0.919971
vt 0.848483 0.918016
vt 0.918995 0.919077
vt 0.637795 0.855211
vt 0.644608 0.733354
vt 0.716618 0.743220
vt 0.706842 0.860977
vt 0.019315 0.973247
vt 0.019314 0.901106
vt 0.585334 0.854403
vt 0.584837 0.850852
vt 0.582885 0.847561
vt 0.637104 0.855380
vt 0.582523 0.861034
vt 0.584499 0.858105
vt 0.011070 0.009588
vt 0.011092 0.009313
vt 0.579334 0.863292
vt 0.008088 0.858666
vt 0.008088 0.737869
vt 0.636940 0.887331
vt 0.704687 0.892532
vt 0.844525 0.356206
vt 0.844567 0.353163
vt 0.845318 0.353171
vt 0.845293 0.356215
vt 0.844486 0.359330
vt 0.845273 0.359336
vt 0.866854 0.429939
vt 0.866830 0.426601
vt 0.867671 0.426598
vt 0.867677 0.429935
vt 0.844418 0.365892
vt 0.844451 0.362541
vt 0.845266 0.362545
vt 0.845274 0.365894
vt 0.866813 0.423195
vt 0.867670 0.423193
vt 0.833187 0.515442
vt 0.833186 0.506398
vt 0.834058 0.506398
vt 0.834058 0.515443
vt 0.833179 0.385564
vt 0.833178 0.353441
vt 0.834049 0.353441
vt 0.834051 0.385564
vt 0.008088 0.890838
vt 0.009431 0.268966
vt 0.008984 0.360465
vt 0.008111 0.360462
vt 0.008552 0.270277
vt 0.010681 0.104412
vt 0.009621 0.104588
vt 0.918373 0.180985
vt 0.918765 0.180349
vt 0.919062 0.181985
vt 0.918786 0.182088
vt 0.008088 0.728810
vt 0.007812 0.728810
vt 0.007863 0.728585
vt 0.008088 0.728534
vt 0.181291 0.973245
vt 0.181589 0.973256
vt 0.181544 0.973499
vt 0.181301 0.973543
vt 0.920251 0.180402
vt 0.920254 0.180104
vt 0.920500 0.180144
vt 0.920550 0.180388
vt 0.019305 0.973544
vt 0.019065 0.973504
vt 0.019019 0.973268
vt 0.008077 0.891114
vt 0.007858 0.891063
vt 0.007812 0.890838
vt 0.846789 0.919173
vt 0.846554 0.919125
vt 0.846511 0.918888
vt 0.009282 0.360466
vt 0.009306 0.360737
vt 0.009014 0.360763
vt 0.009274 0.361028
vt 0.918375 0.180104
vt 0.786523 0.544337
vt 0.956526 0.180587
vt 0.956537 0.180288
vt 0.956779 0.180334
vt 0.956824 0.180577
vt 0.987096 0.199096
vt 0.987340 0.199049
vt 0.895597 0.543498
vt 0.895837 0.543539
vt 0.009731 0.268631
vt 0.009813 0.268361
vt 0.009750 0.268090
vt 0.833177 0.515741
vt 0.832934 0.515696
vt 0.832889 0.515453
vt 0.920251 0.252543
vt 0.920550 0.252554
vt 0.920505 0.252798
vt 0.920261 0.252844
vt 0.181290 0.901105
vt 0.181301 0.900807
vt 0.181543 0.900852
vt 0.181588 0.901094
vt 0.832884 0.353430
vt 0.832920 0.353187
vt 0.833157 0.353142
vt 0.019019 0.901096
vt 0.019064 0.900852
vt 0.019304 0.900806
vt 0.919283 0.919975
vt 0.919235 0.920213
vt 0.918989 0.920260
vt 0.645629 0.724565
vt 0.644964 0.725602
vt 0.644749 0.725146
vt 0.645239 0.724521
vt 0.636944 0.887630
vt 0.636657 0.887569
vt 0.636662 0.887293
vt 0.848157 0.917556
vt 0.848493 0.917718
vt 0.010772 0.009595
vt 0.010791 0.009296
vt 0.011075 0.008101
vt 0.011126 0.007859
vt 0.376732 0.368197
vt 0.376774 0.367947
vt 0.008105 0.360761
vt 0.007861 0.360707
vt 0.007812 0.360461
vt 0.009323 0.362183
vt 0.009275 0.361939
vt 0.644382 0.725795
vt 0.644180 0.725574
vt 0.728647 0.914219
vt 0.728384 0.914279
vt 0.955868 0.288520
vt 0.956086 0.288913
vt 0.955248 0.288696
vt 0.955274 0.288413
vt 0.955561 0.180587
vt 0.955265 0.180577
vt 0.955303 0.180336
vt 0.955543 0.180289
vt 0.836528 0.915150
vt 0.836289 0.915193
vt 0.988335 0.199049
vt 0.988577 0.199096
vt 0.637467 0.855193
vt 0.637459 0.855394
vt 0.376738 0.458682
vt 0.376734 0.458339
vt 0.376735 0.459024
vt 0.008118 0.266813
vt 0.008267 0.266457
vt 0.008253 0.270275
vt 0.008097 0.269932
vt 0.008329 0.269721
vt 0.834346 0.515452
vt 0.834302 0.515698
vt 0.834066 0.515747
vt 0.718424 0.734402
vt 0.718466 0.734109
vt 0.718682 0.734220
vt 0.718687 0.734469
vt 0.919379 0.252543
vt 0.919367 0.252831
vt 0.919126 0.252810
vt 0.919082 0.252585
vt 0.834059 0.353141
vt 0.834302 0.353187
vt 0.834347 0.353430
vt 0.919011 0.918779
vt 0.919254 0.918827
vt 0.919296 0.919071
vt 0.704984 0.892554
vt 0.704939 0.892775
vt 0.704699 0.892830
vt 0.009899 0.009685
vt 0.009600 0.009693
vt 0.009636 0.009450
vt 0.009876 0.009387
vt 0.376786 0.713525
vt 0.376741 0.713283
vt 0.010715 0.099138
vt 0.010865 0.099132
vt 0.007812 0.858666
vt 0.051476 0.973545
vt 0.009750 0.257181
vt 0.010507 0.136357
vt 0.787481 0.544399
vt 0.917993 0.181859
vt 0.918275 0.181957
vt 0.844262 0.356202
vt 0.844315 0.353161
vt 0.063668 0.855199
vt 0.062979 0.858666
vt 0.844217 0.359341
vt 0.063677 0.862175
vt 0.844175 0.362502
vt 0.065624 0.865090
vt 0.866581 0.429985
vt 0.866542 0.426560
vt 0.065685 0.852182
vt 0.866518 0.423210
vt 0.068596 0.850237
vt 0.068453 0.849978
vt 0.844127 0.365931
vt 0.068653 0.867115
vt 0.007812 0.737869
vt 0.172235 0.973544
vt 0.010830 0.104424
vt 0.009729 0.265240
vt 0.051475 0.900807
vt 0.832881 0.385564
vt 0.172234 0.900806
vt 0.832887 0.506398
vt 0.008280 0.257168
vt 0.009037 0.136332
vt 0.376735 0.588950
vt 0.376733 0.468200
vt 0.585031 0.854383
vt 0.584545 0.850906
vt 0.845571 0.353175
vt 0.845557 0.356217
vt 0.584236 0.857927
vt 0.845541 0.359352
vt 0.582246 0.860884
vt 0.845542 0.362508
vt 0.582741 0.847855
vt 0.867959 0.426556
vt 0.867951 0.429977
vt 0.580180 0.845528
vt 0.580012 0.845799
vt 0.867964 0.423207
vt 0.579298 0.862974
vt 0.845565 0.365936
vt 0.645996 0.724533
vt 0.644426 0.733337
vt 0.644209 0.733328
vt 0.009322 0.104574
vt 0.376736 0.620592
vt 0.008555 0.265263
vt 0.008255 0.265267
vt 0.376736 0.460155
vt 0.834344 0.385564
vt 0.707098 0.861015
vt 0.834347 0.506398
vt 0.716886 0.743261
vt 0.919326 0.181987
vt 0.646137 0.724277
vt 0.643847 0.733331
vt 0.956822 0.288339
vt 0.956824 0.288863
vt 0.956527 0.288863
vt 0.956526 0.288339
vt 0.788011 0.544401
vt 0.645838 0.724421
vt 0.637484 0.854969
vt 0.637645 0.854993
vt 0.637372 0.855089
vt 0.010704 0.103536
vt 0.010847 0.103543
vt 0.009661 0.103646
vt 0.376731 0.621187
vt 0.009429 0.265247
vt 0.009433 0.268629
vt 0.009366 0.103658
vt 0.009386 0.102706
vt 0.009680 0.102684
vt 0.010716 0.102664
vt 0.010857 0.102664
vt 0.376734 0.621772
vt 0.009407 0.101737
vt 0.009699 0.101720
vt 0.010868 0.101784
vt 0.010731 0.101788
vt 0.376735 0.622347
vt 0.376734 0.622929
vt 0.010721 0.100914
vt 0.010866 0.100904
vt 0.009485 0.100760
vt 0.009781 0.100748
vt 0.009869 0.099777
vt 0.010720 0.100034
vt 0.009572 0.099790
vt 0.376734 0.623511
vt 0.010866 0.100021
vt 0.009958 0.098816
vt 0.376734 0.624089
vt 0.009659 0.098825
vt 0.011067 0.009016
s 1
usemtl Caja
f 74/1/1 102/2/2 238/3/2 234/4/1
f 77/5/3 230/6/4 236/7/5 184/8/6
f 474/9/7 471/10/8 187/11/9 190/12/10
f 35/13/11 603/14/12 800/15/13 232/16/13
f 48/17/14 232/16/13 59/18/15 50/19/16
f 36/20/17 604/21/18 603/14/12 35/13/11
f 640/22/19 742/23/20 174/24/21 72/25/22
f 37/26/23 1/27/13 48/17/14
f 1/27/13 232/16/13 48/17/14
f 11/28/24 38/29/25 111/30/26 115/31/27
f 37/26/23 48/17/14 54/32/28 57/33/29
f 69/34/30 37/26/23 57/33/29 63/35/31
f 226/36/32 81/37/33 193/38/34 188/39/35
f 96/40/36 11/28/24 110/41/37 203/42/38
f 179/43/39 243/44/40 247/45/41 209/46/42
f 9/47/43 95/48/44 102/2/2 74/1/1
f 150/49/45 154/50/46 163/51/47 235/52/48
f 177/53/49 150/49/45 235/52/48
f 112/54/50 159/55/51 156/56/52 150/49/45
f 803/57/53 703/58/54 135/59/55 235/52/48
f 112/54/50 150/49/45 177/53/49
f 283/60/56 279/61/57 280/62/58 281/63/59
f 171/64/60 165/65/61 159/55/51 112/54/50
f 1/27/13 75/66/62 228/67/62 232/16/13
f 744/68/63 743/69/64 175/70/64 176/71/65
f 109/72/66 179/43/39 209/46/42 204/73/67
f 47/74/68 51/75/69 153/76/70 151/77/71
f 53/78/72 47/74/68 151/77/71 157/79/73
f 51/80/69 60/81/74 162/82/75 153/83/70
f 62/84/76 56/85/77 160/86/78 166/87/79
f 56/85/77 53/78/72 157/79/73 160/86/78
f 68/88/80 62/84/76 166/87/79 172/89/81
f 60/81/74 66/90/82 168/91/83 162/82/75
f 66/90/82 72/25/22 174/24/21 168/91/83
f 87/92/84 233/93/85 244/94/86 195/95/87
f 101/96/88 94/97/89 202/98/90 210/99/91
f 37/26/23 10/100/92 75/66/62 1/27/13
f 34/101/93 602/102/94 604/103/18 36/104/17
f 227/105/95 25/106/96 129/107/97 189/108/98
f 17/109/99 77/5/3 184/8/6 118/110/100
f 33/111/101 32/112/102 107/113/103 105/114/104
f 2/115/105 5/116/106 6/117/107 8/118/108
f 3/119/109 7/120/110 6/121/107 5/122/106
f 4/123/111 8/124/108 6/125/107 7/126/110
f 9/47/43 12/127/112 13/128/113 15/129/114
f 10/100/92 14/130/115 13/131/113 12/132/112
f 11/28/24 15/133/114 13/134/113 14/135/115
f 25/106/96 28/136/116 29/137/117 31/138/118
f 26/139/119 30/140/120 29/137/117 28/136/116
f 27/141/121 31/142/118 29/137/117 30/140/120
f 32/112/102 33/111/101 36/143/17
f 34/101/93 36/104/17 33/144/101
f 40/145/122 43/146/123 44/147/124 46/148/125
f 41/149/126 45/150/127 44/151/124 43/152/123
f 42/153/128 46/154/125 44/155/124 45/156/127
f 80/157/129 83/158/130 84/159/131 86/160/132
f 81/37/33 85/161/133 84/159/131 83/158/130
f 82/162/134 86/160/132 84/159/131 85/161/133
f 87/92/84 90/163/135 91/164/136 93/165/137
f 88/166/138 92/167/139 91/168/136 90/169/135
f 89/170/140 93/171/137 91/172/136 92/173/139
f 94/97/89 97/174/141 98/175/142 100/176/143
f 95/48/44 99/177/144 98/178/142 97/179/141
f 96/40/36 100/180/143 98/181/142 99/182/144
f 108/183/145 106/184/146 139/185/147 142/186/148
f 109/187/66 113/188/149 114/189/150 117/190/151
f 110/41/37 115/31/27 114/191/150 113/192/149
f 111/30/26 116/193/152 114/191/150 115/31/27
f 112/54/50 117/190/151 114/189/150 116/194/152
f 282/195/153 22/196/154 280/62/58 279/61/57
f 23/197/155 125/198/156 273/199/157 275/200/158
f 128/201/159 131/202/160 132/203/161 134/204/162
f 129/107/97 133/205/163 132/206/161 131/207/160
f 130/208/164 134/209/162 132/210/161 133/211/163
f 106/184/146 138/212/165 139/185/147
f 135/59/55 140/213/166 139/185/147 138/212/165
f 136/214/167 141/215/168 139/216/147 140/217/166
f 137/218/169 142/219/148 139/220/147 141/221/168
f 143/222/170 146/223/171 147/224/172 149/225/173
f 144/226/174 148/227/175 147/228/172 146/229/171
f 145/230/176 149/231/173 147/232/172 148/233/175
f 218/234/177 179/235/39 182/236/178
f 218/234/177 182/236/178 177/53/49
f 186/237/179 190/12/10 191/238/180 194/239/181
f 187/11/9 192/240/182 191/238/180 190/12/10
f 188/39/35 193/38/34 191/241/180 192/242/182
f 189/108/98 194/243/181 191/244/180 193/245/34
f 195/95/87 198/246/183 199/247/184 201/248/185
f 196/249/186 200/250/187 199/251/184 198/252/183
f 197/253/188 201/254/185 199/255/184 200/256/187
f 202/98/90 205/257/189 206/258/190 208/259/191
f 203/42/38 207/260/192 206/261/190 205/262/189
f 204/73/67 208/263/191 206/264/190 207/265/192
f 24/266/193 274/267/194 273/268/157 125/269/156
f 124/270/195 275/271/158 273/272/157 274/273/194
f 277/274/196 282/195/153 279/61/57 276/275/197
f 35/13/11 2/115/105 8/118/108 36/20/17
f 36/143/17 8/124/108 4/123/111 32/112/102
f 75/66/62 10/100/92 12/132/112 76/276/198
f 76/277/198 12/127/112 9/47/43 74/1/1
f 38/29/25 11/28/24 14/135/115 39/278/199
f 39/279/199 14/130/115 10/100/92 37/26/23
f 78/280/200 240/281/201 237/282/198 79/283/202
f 79/283/202 237/282/198 230/6/4 77/5/3
f 80/157/129 26/139/119 28/136/116 83/158/130
f 83/158/130 28/136/116 25/106/96 227/105/95
f 212/284/203 34/101/93 33/144/101 213/285/204
f 213/286/204 33/111/101 214/287/205
f 51/75/69 47/74/68 49/288/206 52/289/207
f 52/290/207 49/291/206 48/17/14 50/19/16
f 47/74/68 53/78/72 55/292/208 49/288/206
f 49/291/206 55/293/208 54/32/28 48/17/14
f 53/78/72 56/85/77 58/294/209 55/292/208
f 55/293/208 58/295/209 57/33/29 54/32/28
f 60/81/74 51/80/69 52/296/207 61/297/210
f 61/298/210 52/290/207 50/19/16 59/18/15
f 66/90/82 60/81/74 61/297/210 67/299/211
f 67/300/211 61/298/210 59/18/15 65/301/212
f 56/85/77 62/84/76 64/302/213 58/294/209
f 58/295/209 64/303/213 63/35/31 57/33/29
f 62/84/76 68/88/80 70/304/214 64/302/213
f 64/303/213 70/305/214 69/34/30 63/35/31
f 72/25/22 66/90/82 67/299/211 73/306/215
f 73/307/215 67/300/211 65/301/212 71/308/216
f 2/115/105 228/67/62 245/309/198 5/116/106
f 5/122/106 245/310/198 234/4/1 3/119/109
f 16/311/217 78/280/200 79/283/202 18/312/218
f 18/312/218 79/283/202 77/5/3 17/109/99
f 19/313/201 82/162/134 85/161/133 21/314/219
f 85/161/133 81/37/33 226/36/32
f 102/2/2 95/48/44 97/179/141 103/315/220
f 103/316/220 97/174/141 94/97/89 101/96/88
f 89/170/140 238/3/2 242/317/220 93/171/137
f 93/165/137 242/318/220 233/93/85 87/92/84
f 3/119/109 89/170/140 92/173/139 7/120/110
f 7/126/110 92/167/139 88/166/138 4/123/111
f 95/48/44 9/47/43 15/129/114 99/177/144
f 99/182/144 15/133/114 11/28/24 96/40/36
f 111/30/26 679/319/221 684/320/222 116/193/152
f 741/321/223 740/322/224 172/89/81 173/323/225
f 172/89/81 740/322/224 636/324/226 68/88/80
f 37/26/23 605/325/227 607/326/199 39/279/199
f 179/235/39 109/187/66 117/190/151 182/236/178
f 182/236/178 117/190/151 112/54/50 177/53/49
f 184/8/6 236/7/5 241/327/228 185/328/229
f 185/329/229 241/330/228 239/331/230 183/332/230
f 524/333/231 303/334/231 19/313/201 240/281/201
f 414/335/232 418/336/233 134/209/162 130/208/164
f 189/108/98 129/107/97 131/207/160 194/243/181
f 194/239/181 131/202/160 128/201/159 186/237/179
f 143/222/170 137/218/169 141/221/168 146/223/171
f 146/229/171 141/215/168 136/214/167 144/226/174
f 154/50/46 150/49/45 152/337/234 155/338/235
f 155/339/235 152/340/234 151/77/71 153/76/70
f 150/49/45 156/56/52 158/341/236 152/337/234
f 152/340/234 158/342/236 157/79/73 151/77/71
f 156/56/52 159/55/51 161/343/237 158/341/236
f 158/342/236 161/344/237 160/86/78 157/79/73
f 163/51/47 154/50/46 155/338/235 164/345/238
f 164/346/238 155/347/235 153/83/70 162/82/75
f 169/348/239 163/51/47 164/345/238 170/349/240
f 170/350/240 164/346/238 162/82/75 168/91/83
f 159/55/51 165/65/61 167/351/241 161/343/237
f 161/344/237 167/352/241 166/87/79 160/86/78
f 165/65/61 171/64/60 173/353/225 167/351/241
f 167/352/241 173/323/225 172/89/81 166/87/79
f 175/70/64 169/348/239 170/349/240 176/71/65
f 176/354/65 170/350/240 168/91/83 174/24/21
f 105/355/104 243/356/40 229/357/242 108/183/145
f 108/183/145 229/357/242 246/358/243 106/184/146
f 118/110/100 184/8/6 185/328/229 120/359/244
f 120/360/244 185/329/229 183/332/230 119/361/245
f 121/362/246 188/39/35 192/242/182 123/363/247
f 123/364/247 192/240/182 187/11/9 122/365/248
f 210/99/91 202/98/90 208/259/191 211/366/249
f 211/367/249 208/263/191 204/73/67 209/46/42
f 195/95/87 244/94/86 231/368/250 198/246/183
f 198/252/183 231/369/250 247/45/41 196/249/186
f 104/370/251 197/253/188 200/256/187 107/113/103
f 107/371/103 200/250/187 196/249/186 105/372/104
f 203/42/38 110/41/37 113/192/149 207/260/192
f 207/265/192 113/373/149 109/72/66 204/73/67
f 610/374/252 785/375/253 217/376/254 42/153/128
f 116/194/152 684/377/222 680/378/255 112/54/50
f 45/156/127 613/379/256 610/374/252 42/153/128
f 135/59/55 703/58/54 708/380/257 140/213/166
f 27/141/121 130/208/164 133/211/163 31/142/118
f 31/138/118 133/205/163 129/107/97 25/106/96
f 106/184/146 246/358/243 248/381/258 138/212/165
f 138/212/165 248/381/258 235/52/48 135/59/55
f 40/145/122 143/222/170 149/225/173 43/146/123
f 43/152/123 149/231/173 145/230/176 41/149/126
f 87/92/84 195/95/87 201/248/185 90/163/135
f 90/169/135 201/254/185 197/253/188 88/166/138
f 96/40/36 203/42/38 205/262/189 100/180/143
f 100/176/143 205/257/189 202/98/90 94/97/89
f 122/365/248 406/382/259 523/383/260 239/331/230
f 314/384/261 311/385/262 27/141/121 30/140/120
f 523/383/260 467/386/260 183/332/230 239/331/230
f 366/387/263 370/388/264 86/160/132 82/162/134
f 187/11/9 471/10/8 406/382/259 122/365/248
f 80/157/129 364/389/265 310/390/266 26/139/119
f 88/166/138 197/253/188 104/370/251 4/123/111
f 107/113/103 32/112/102 4/123/111 104/370/251
f 215/391/267 213/392/204 214/393/205 216/394/268
f 217/376/254 212/284/203 213/285/204 215/395/267
f 42/153/128 217/376/254 215/395/267 46/154/125
f 46/148/125 215/391/267 216/394/268 40/145/122
f 137/218/169 216/394/268 214/393/205 142/219/148
f 216/394/268 137/218/169 143/222/170 40/145/122
f 142/186/148 214/396/205 105/355/104 108/183/145
f 105/114/104 214/287/205 33/111/101
f 178/397/269 181/398/270 218/234/177 180/399/271
f 181/398/270 179/235/39 218/234/177
f 180/399/271 218/234/177 177/53/49
f 18/312/218 17/109/99 250/400/272 251/401/273
f 17/109/99 118/110/100 255/402/274 250/400/272
f 120/360/244 119/361/245 256/403/275 257/404/276
f 403/405/277 540/406/278 256/403/275 119/361/245
f 20/407/279 226/36/32 188/39/35 121/362/246
f 21/314/219 85/161/133 226/36/32 20/407/279
f 81/408/33 227/105/95 189/108/98 193/245/34
f 81/408/33 83/158/130 227/105/95
f 742/23/20 744/409/63 176/354/65 174/24/21
f 16/311/217 18/312/218 251/401/273 249/410/280
f 19/313/201 303/334/231 366/387/263 82/162/134
f 470/411/281 474/9/7 190/12/10 186/237/179
f 16/311/217 300/412/282 362/413/283 78/280/200
f 370/388/264 364/389/265 80/157/129 86/160/132
f 118/110/100 120/359/244 257/414/276 255/402/274
f 78/280/200 362/413/283 524/333/231 240/281/201
f 310/390/266 314/384/261 30/140/120 26/139/119
f 311/385/262 414/335/232 130/208/164 27/141/121
f 418/415/233 412/416/281 128/201/159 134/204/162
f 110/41/37 11/28/24 115/31/27
f 606/417/25 679/319/221 111/30/26 38/29/25
f 128/201/159 412/416/281 470/411/281 186/237/179
f 234/4/1 238/3/2 89/170/140 3/119/109
f 233/93/85 242/318/220 103/316/220 101/96/88
f 236/7/5 230/6/4 20/407/279 121/362/246
f 247/45/41 243/44/40 105/372/104 196/249/186
f 241/327/228 236/7/5 121/362/246 123/363/247
f 234/4/1 245/310/198 76/277/198 74/1/1
f 183/332/230 467/386/260 403/405/277 119/361/245
f 237/282/198 240/281/201 19/313/201 21/314/219
f 231/368/250 244/94/86 210/99/91 211/366/249
f 229/357/242 243/356/40 179/235/39 181/398/270
f 248/381/258 246/358/243 178/397/269 180/399/271
f 232/16/13 228/67/62 2/115/105 35/13/11
f 540/406/278 411/418/284 127/419/285 256/403/275
f 242/317/220 238/3/2 102/2/2 103/315/220
f 239/331/230 241/330/228 123/364/247 122/365/248
f 235/52/48 248/381/258 180/399/271 177/53/49
f 230/6/4 237/282/198 21/314/219 20/407/279
f 244/94/86 233/93/85 101/96/88 210/99/91
f 247/45/41 231/369/250 211/367/249 209/46/42
f 245/309/198 228/67/62 75/66/62 76/276/198
f 246/358/243 229/357/242 181/398/270 178/397/269
f 232/16/13 71/308/216 65/301/212 59/18/15
f 235/52/48 163/51/47 169/348/239 175/70/64
f 638/420/286 637/421/30 69/34/30 70/305/214
f 232/16/13 800/15/13 639/422/216 71/308/216
f 39/278/199 607/423/199 606/417/25 38/29/25
f 636/324/226 638/424/286 70/304/214 68/88/80
f 780/425/287 602/102/94 34/101/93 212/284/203
f 41/149/126 609/426/288 613/427/256 45/150/127
f 641/428/289 640/22/19 72/25/22 73/306/215
f 144/226/174 712/429/290 716/430/291 148/227/175
f 175/70/64 743/69/64 803/57/53 235/52/48
f 605/325/227 37/26/23 69/34/30 637/421/30
f 140/217/166 708/431/257 704/432/292 136/214/167
f 148/233/175 716/433/291 713/434/293 145/230/176
f 739/435/60 741/436/223 173/353/225 171/64/60
f 639/422/216 641/437/289 73/307/215 71/308/216
f 145/230/176 713/434/293 609/426/288 41/149/126
f 712/429/290 144/226/174 136/214/167 704/432/292
f 680/378/255 739/435/60 171/64/60 112/54/50
f 255/402/274 257/414/276 126/438/294 219/439/295
f 225/440/296 509/441/297 533/442/298 249/410/280
f 251/401/273 250/400/272 224/443/299 223/444/300
f 250/400/272 255/402/274 219/439/295 224/443/299
f 411/418/284 546/445/301 262/446/302 127/419/285
f 249/410/280 251/401/273 223/444/300 225/440/296
f 257/404/276 256/403/275 127/419/285 126/447/294
f 219/439/295 126/438/294 263/448/303 261/449/304
f 271/450/305 555/451/306 536/452/307 252/453/308
f 225/440/296 223/444/300 254/454/309 252/453/308
f 224/443/299 219/439/295 261/449/304 253/455/310
f 223/444/300 224/443/299 253/455/310 254/454/309
f 252/453/308 536/452/307 509/441/297 225/440/296
f 126/447/294 127/419/285 262/446/302 263/456/303
f 505/457/311 549/458/312 265/459/313 221/460/314
f 546/445/301 505/457/311 221/460/314 262/446/302
f 263/456/303 262/446/302 221/460/314 220/461/315
f 254/454/309 253/455/310 270/462/316 269/463/317
f 261/449/304 263/448/303 220/464/315 222/465/318
f 252/453/308 254/454/309 269/463/317 271/450/305
f 253/455/310 261/449/304 222/465/318 270/462/316
f 270/462/316 222/465/318 264/466/319 259/467/320
f 222/465/318 220/464/315 272/468/321 264/466/319
f 258/469/322 542/470/323 555/451/306 271/450/305
f 220/461/315 221/460/314 265/459/313 272/471/321
f 269/463/317 270/462/316 259/467/320 260/472/324
f 549/458/312 551/473/325 267/474/326 265/459/313
f 271/450/305 269/463/317 260/472/324 258/469/322
f 284/475/327 568/476/328 565/477/329 281/63/59
f 259/467/320 264/466/319 268/478/330 277/274/196
f 272/471/321 265/459/313 267/474/326 266/479/331
f 278/480/332 562/481/333 542/470/323 258/469/322
f 258/469/322 260/472/324 276/275/197 278/480/332
f 260/472/324 259/467/320 277/274/196 276/275/197
f 264/466/319 272/468/321 266/482/331 268/478/330
f 284/475/327 281/63/59 280/62/58 22/483/154
f 268/478/330 24/266/193 282/195/153 277/274/196
f 275/200/158 559/484/334 307/485/335 23/197/155
f 276/275/197 279/61/57 283/60/56 278/480/332
f 266/482/331 274/267/194 24/266/193 268/478/330
f 267/474/326 124/270/195 274/273/194 266/479/331
f 23/197/155 307/485/335 568/476/328 284/475/327
f 282/195/153 24/266/193 125/269/156 22/196/154
f 22/483/154 125/198/156 23/197/155 284/475/327
f 124/270/195 408/486/336 559/487/334 275/271/158
f 281/63/59 565/477/329 567/488/337 283/60/56
f 283/60/56 567/488/337 562/481/333 278/480/332
f 267/474/326 551/473/325 408/486/336 124/270/195
f 1026/489/19 458/490/22 460/491/338 1028/492/339
f 358/493/2 518/494/2 522/495/1 386/496/1
f 361/497/340 468/498/341 520/499/342 514/500/85
f 516/501/343 1084/502/343 887/503/344 319/504/345
f 332/505/346 334/506/347 343/507/348 516/501/343
f 319/504/345 887/503/344 888/508/349 320/509/350
f 924/510/20 356/511/21 458/490/22 1026/489/19
f 321/512/351 332/505/346 285/513/343
f 285/513/343 332/505/346 516/501/343
f 295/514/352 399/515/353 395/516/354 322/517/355
f 321/512/351 341/518/356 338/519/357 332/505/346
f 353/520/60 347/521/61 341/518/356 321/512/351
f 510/522/358 472/523/359 477/524/360 365/525/361
f 380/526/362 487/527/363 394/528/364 295/514/352
f 463/529/230 493/530/365 531/531/366 527/532/367
f 293/533/368 358/493/2 386/496/1 379/534/369
f 434/535/370 519/536/371 447/537/372 438/538/373
f 461/539/374 519/536/371 434/535/370
f 396/540/375 434/535/370 440/541/376 443/542/377
f 1087/543/378 519/536/371 419/544/379 987/545/380
f 396/540/375 461/539/374 434/535/370
f 567/488/337 565/477/329 564/546/381 563/547/382
f 455/548/30 396/540/375 443/542/377 449/549/31
f 285/513/343 516/501/343 512/550/383 359/551/383
f 1028/552/339 460/553/338 459/554/384 1027/555/384
f 393/556/385 488/557/386 493/530/365 463/529/230
f 331/558/387 435/559/388 437/560/389 335/561/390
f 337/562/391 441/563/392 435/559/388 331/558/387
f 335/564/390 437/565/389 446/566/393 344/567/75
f 346/568/394 450/569/395 444/570/396 340/571/397
f 340/571/397 444/570/396 441/563/392 337/562/391
f 352/572/398 456/573/399 450/569/395 346/568/394
f 344/567/75 446/566/393 452/574/400 350/575/401
f 350/575/401 452/574/400 458/490/22 356/511/21
f 371/576/402 479/577/403 528/578/404 517/579/4
f 385/580/405 494/581/406 486/582/407 378/583/408
f 321/512/351 285/513/343 359/551/383 294/584/409
f 320/585/350 888/586/349 886/587/410 318/588/411
f 511/589/412 473/590/413 413/591/414 309/592/415
f 301/593/416 402/594/417 468/498/341 361/497/340
f 317/595/418 389/596/419 391/597/420 316/598/421
f 286/599/422 292/600/423 290/601/424 289/602/137
f 287/603/140 289/604/137 290/605/424 291/606/139
f 288/607/425 291/608/139 290/609/424 292/610/423
f 293/533/368 299/611/426 297/612/427 296/613/428
f 294/584/409 296/614/428 297/615/427 298/616/429
f 295/514/352 298/617/429 297/618/427 299/619/426
f 309/592/415 315/620/430 313/621/431 312/622/432
f 310/390/266 312/622/432 313/621/431 314/384/261
f 311/385/262 314/384/261 313/621/431 315/623/430
f 316/598/421 320/624/350 317/595/418
f 318/588/411 317/625/418 320/585/350
f 324/626/433 330/627/434 328/628/435 327/629/436
f 325/630/437 327/631/436 328/632/435 329/633/438
f 326/634/439 329/635/438 328/636/435 330/637/434
f 364/389/265 370/388/264 368/638/440 367/639/441
f 365/525/361 367/639/441 368/638/440 369/640/442
f 366/387/263 369/640/442 368/638/440 370/388/264
f 371/576/402 377/641/443 375/642/444 374/643/445
f 372/644/446 374/645/445 375/646/444 376/647/110
f 373/648/109 376/649/110 375/650/444 377/651/443
f 378/583/408 384/652/447 382/653/448 381/654/449
f 379/534/369 381/655/449 382/656/448 383/657/450
f 380/526/362 383/658/450 382/659/448 384/660/447
f 392/661/451 426/662/452 423/663/453 390/664/454
f 393/556/385 401/665/455 398/666/456 397/667/457
f 394/528/364 397/668/457 398/669/456 399/515/353
f 395/516/354 399/515/353 398/669/456 400/670/458
f 396/540/375 400/671/458 398/666/456 401/665/455
f 566/672/459 563/547/382 564/546/381 306/673/460
f 307/485/335 559/484/334 557/674/461 409/675/462
f 412/416/281 418/415/233 416/676/190 415/677/463
f 413/591/414 415/678/463 416/679/190 417/680/464
f 414/335/232 417/681/464 416/682/190 418/336/233
f 390/664/454 423/683/453 422/684/465
f 419/544/379 422/684/465 423/683/453 424/685/466
f 420/686/467 424/687/466 423/688/453 425/689/468
f 421/690/469 425/691/468 423/692/453 426/693/452
f 427/694/470 433/695/471 431/696/472 430/697/473
f 428/698/474 430/699/473 431/700/472 432/701/475
f 429/702/476 432/703/475 431/704/472 433/705/471
f 502/706/477 466/707/478 463/529/230
f 502/706/477 461/539/374 466/707/478
f 470/411/281 478/708/479 475/709/480 474/9/7
f 471/10/8 474/9/7 475/709/480 476/710/481
f 472/523/359 476/711/481 475/712/480 477/524/360
f 473/590/413 477/713/360 475/714/480 478/715/479
f 479/577/403 485/716/482 483/717/483 482/718/484
f 480/719/485 482/720/484 483/721/483 484/722/486
f 481/723/487 484/724/486 483/725/483 485/726/482
f 486/582/407 492/727/488 490/728/489 489/729/490
f 487/527/363 489/730/490 490/731/489 491/732/491
f 488/557/386 491/733/491 490/734/489 492/735/488
f 308/736/492 409/737/462 557/738/461 558/739/493
f 408/486/336 558/740/493 557/741/461 559/487/334
f 561/742/494 560/743/495 563/547/382 566/672/459
f 319/504/345 320/509/350 292/600/423 286/599/422
f 320/624/350 316/598/421 288/607/425 292/610/423
f 359/551/383 360/744/220 296/614/428 294/584/409
f 360/745/220 358/493/2 293/533/368 296/613/428
f 322/517/355 323/746/496 298/617/429 295/514/352
f 323/747/496 321/512/351 294/584/409 298/616/429
f 362/413/283 363/748/497 521/749/220 524/333/231
f 363/748/497 361/497/340 514/500/85 521/749/220
f 364/389/265 367/639/441 312/622/432 310/390/266
f 367/639/441 511/589/412 309/592/415 312/622/432
f 496/750/203 497/751/498 317/625/418 318/588/411
f 497/752/498 498/753/499 317/595/418
f 335/561/390 336/754/500 333/755/501 331/558/387
f 336/756/500 334/506/347 332/505/346 333/757/501
f 331/558/387 333/755/501 339/758/502 337/562/391
f 333/757/501 332/505/346 338/519/357 339/759/502
f 337/562/391 339/758/502 342/760/503 340/571/397
f 339/759/502 338/519/357 341/518/356 342/761/503
f 344/567/75 345/762/504 336/763/500 335/564/390
f 345/764/504 343/507/348 334/506/347 336/756/500
f 350/575/401 351/765/505 345/762/504 344/567/75
f 351/766/505 349/767/506 343/507/348 345/764/504
f 340/571/397 342/760/503 348/768/241 346/568/394
f 342/761/503 341/518/356 347/521/61 348/769/241
f 346/568/394 348/768/241 354/770/507 352/572/398
f 348/769/241 347/521/61 353/520/60 354/771/507
f 356/511/21 357/772/508 351/765/505 350/575/401
f 357/773/508 355/774/509 349/767/506 351/766/505
f 286/599/422 289/602/137 529/775/220 512/550/383
f 289/604/137 287/603/140 518/494/2 529/776/220
f 300/412/282 302/777/510 363/748/497 362/413/283
f 302/777/510 301/593/416 361/497/340 363/748/497
f 303/334/231 305/778/511 369/640/442 366/387/263
f 369/640/442 510/522/358 365/525/361
f 386/496/1 387/779/198 381/655/449 379/534/369
f 387/780/198 385/580/405 378/583/408 381/654/449
f 373/648/109 377/651/443 526/781/198 522/495/1
f 377/641/443 371/576/402 517/579/4 526/782/198
f 287/603/140 291/606/139 376/649/110 373/648/109
f 291/608/139 288/607/425 372/644/446 376/647/110
f 379/534/369 383/657/450 299/611/426 293/533/368
f 383/658/450 380/526/362 295/514/352 299/619/426
f 400/670/458 968/783/512 963/784/513 395/516/354
f 1025/785/514 457/786/515 456/573/399 1024/787/226
f 352/572/398 920/788/516 1024/787/226 456/573/399
f 323/747/496 891/789/496 889/790/351 321/512/351
f 463/529/230 466/707/478 401/665/455 393/556/385
f 466/707/478 461/539/374 396/540/375 401/665/455
f 468/498/341 469/791/517 525/792/518 520/499/342
f 469/793/517 467/386/260 523/383/260 525/794/518
f 473/590/413 478/715/479 415/678/463 413/591/414
f 478/708/479 470/411/281 412/416/281 415/677/463
f 427/694/470 430/697/473 425/691/468 421/690/469
f 430/699/473 428/698/474 420/686/467 425/689/468
f 438/538/373 439/795/519 436/796/520 434/535/370
f 439/797/519 437/560/389 435/559/388 436/798/520
f 434/535/370 436/796/520 442/799/521 440/541/376
f 436/798/520 435/559/388 441/563/392 442/800/521
f 440/541/376 442/799/521 445/801/522 443/542/377
f 442/800/521 441/563/392 444/570/396 445/802/522
f 447/537/372 448/803/523 439/795/519 438/538/373
f 448/804/523 446/566/393 437/565/389 439/805/519
f 453/806/524 454/807/525 448/803/523 447/537/372
f 454/808/525 452/574/400 446/566/393 448/804/523
f 443/542/377 445/801/522 451/809/213 449/549/31
f 445/802/522 444/570/396 450/569/395 451/810/213
f 449/549/31 451/809/213 457/811/515 455/548/30
f 451/810/213 450/569/395 456/573/399 457/786/515
f 459/554/384 460/553/338 454/807/525 453/806/524
f 460/491/338 458/490/22 452/574/400 454/808/525
f 389/812/419 392/661/451 513/813/526 527/532/367
f 392/661/451 390/664/454 530/814/527 513/813/526
f 402/594/417 404/815/528 469/791/517 468/498/341
f 404/816/528 403/405/277 467/386/260 469/793/517
f 405/817/529 407/818/530 476/711/481 472/523/359
f 407/819/530 406/382/259 471/10/8 476/710/481
f 494/581/406 495/820/531 492/727/488 486/582/407
f 495/821/531 493/530/365 488/557/386 492/735/488
f 479/577/403 482/718/484 515/822/532 528/578/404
f 482/720/484 480/719/485 531/531/366 515/823/532
f 388/824/533 391/597/420 484/724/486 481/723/487
f 391/825/420 389/812/419 480/719/485 484/722/486
f 487/527/363 491/732/491 397/668/457 394/528/364
f 491/733/491 488/557/386 393/556/385 397/667/457
f 894/826/534 326/634/439 501/827/535 1069/828/536
f 396/540/375 964/829/537 968/830/512 400/671/458
f 326/634/439 894/826/534 897/831/538 329/635/438
f 424/685/466 992/832/539 987/545/380 419/544/379
f 311/385/262 315/623/430 417/681/464 414/335/232
f 315/620/430 309/592/415 413/591/414 417/680/464
f 390/664/454 422/684/465 532/833/540 530/814/527
f 422/684/465 419/544/379 519/536/371 532/833/540
f 324/626/433 327/629/436 433/695/471 427/694/470
f 327/631/436 325/630/437 429/702/476 433/705/471
f 371/576/402 374/643/445 485/716/482 479/577/403
f 374/645/445 372/644/446 481/723/487 485/726/482
f 380/526/362 384/660/447 489/730/490 487/527/363
f 384/652/447 378/583/408 486/582/407 489/729/490
f 372/644/446 288/607/425 388/824/533 481/723/487
f 391/597/420 388/824/533 288/607/425 316/598/421
f 499/834/541 500/835/542 498/836/499 497/837/498
f 501/827/535 499/838/541 497/751/498 496/750/203
f 326/634/439 330/637/434 499/838/541 501/827/535
f 330/627/434 324/626/433 500/835/542 499/834/541
f 421/690/469 426/693/452 498/836/499 500/835/542
f 500/835/542 324/626/433 427/694/470 421/690/469
f 426/662/452 392/661/451 389/812/419 498/839/499
f 389/596/419 317/595/418 498/753/499
f 462/840/543 464/841/544 502/706/477 465/842/545
f 465/842/545 502/706/477 463/529/230
f 464/841/544 461/539/374 502/706/477
f 302/777/510 535/843/546 534/844/547 301/593/416
f 301/593/416 534/844/547 539/845/548 402/594/417
f 404/816/528 541/846/549 540/406/278 403/405/277
f 304/847/550 405/817/529 472/523/359 510/522/358
f 305/778/511 304/847/550 510/522/358 369/640/442
f 365/848/361 477/713/360 473/590/413 511/589/412
f 365/848/361 511/589/412 367/639/441
f 300/412/282 533/442/298 535/843/546 302/777/510
f 402/594/417 539/845/548 541/849/549 404/815/528
f 394/528/364 399/515/353 295/514/352
f 890/850/355 322/517/355 395/516/354 963/784/513
f 518/494/2 287/603/140 373/648/109 522/495/1
f 517/579/4 385/580/405 387/780/198 526/782/198
f 520/499/342 405/817/529 304/847/550 514/500/85
f 531/531/366 480/719/485 389/812/419 527/532/367
f 525/792/518 407/818/530 405/817/529 520/499/342
f 518/494/2 358/493/2 360/745/220 529/776/220
f 521/749/220 305/778/511 303/334/231 524/333/231
f 515/822/532 495/820/531 494/581/406 528/578/404
f 513/813/526 465/842/545 463/529/230 527/532/367
f 532/833/540 464/841/544 462/840/543 530/814/527
f 516/501/343 319/504/345 286/599/422 512/550/383
f 584/851/551 868/852/552 1101/853/553 817/854/554
f 526/781/198 387/779/198 386/496/1 522/495/1
f 523/383/260 406/382/259 407/819/530 525/794/518
f 519/536/371 461/539/374 464/841/544 532/833/540
f 514/500/85 304/847/550 305/778/511 521/749/220
f 528/578/404 494/581/406 385/580/405 517/579/4
f 531/531/366 493/530/365 495/821/531 515/823/532
f 529/775/220 360/744/220 359/551/383 512/550/383
f 530/814/527 462/840/543 465/842/545 513/813/526
f 516/501/343 343/507/348 349/767/506 355/774/509
f 519/536/371 459/554/384 453/806/524 447/537/372
f 922/855/555 354/771/507 353/520/60 921/856/60
f 355/774/509 923/857/509 1084/502/343 516/501/343
f 322/517/355 890/850/355 891/858/496 323/746/496
f 920/788/516 352/572/398 354/770/507 922/859/555
f 1064/860/287 496/750/203 318/588/411 886/587/410
f 329/633/438 897/861/538 893/862/556 325/630/437
f 925/863/557 357/772/508 356/511/21 924/510/20
f 432/701/475 1000/864/558 996/865/559 428/698/474
f 519/536/371 1087/543/378 1027/555/384 459/554/384
f 889/790/351 921/856/60 353/520/60 321/512/351
f 420/686/467 988/866/560 992/867/539 424/687/466
f 429/702/476 997/868/561 1000/869/558 432/703/475
f 1023/870/30 455/548/30 457/811/515 1025/871/514
f 923/857/509 355/774/509 357/773/508 925/872/557
f 325/630/437 893/862/556 997/868/561 429/702/476
f 996/865/559 988/866/560 420/686/467 428/698/474
f 964/829/537 396/540/375 455/548/30 1023/870/30
f 539/845/548 503/873/562 410/874/563 541/849/549
f 535/843/546 507/875/564 508/876/565 534/844/547
f 534/844/547 508/876/565 503/873/562 539/845/548
f 533/442/298 509/441/297 507/875/564 535/843/546
f 541/846/549 410/877/563 411/418/284 540/406/278
f 503/873/562 545/878/566 547/879/567 410/874/563
f 509/441/297 536/452/307 538/880/568 507/875/564
f 508/876/565 537/881/569 545/878/566 503/873/562
f 507/875/564 538/880/568 537/881/569 508/876/565
f 410/877/563 547/882/567 546/445/301 411/418/284
f 547/882/567 504/883/570 505/457/311 546/445/301
f 538/880/568 553/884/571 554/885/572 537/881/569
f 545/878/566 506/886/573 504/887/570 547/879/567
f 536/452/307 555/451/306 553/884/571 538/880/568
f 537/881/569 554/885/572 506/886/573 545/878/566
f 554/885/572 543/888/574 548/889/575 506/886/573
f 506/886/573 548/889/575 556/890/576 504/887/570
f 504/883/570 556/891/576 549/458/312 505/457/311
f 553/884/571 544/892/577 543/888/574 554/885/572
f 555/451/306 542/470/323 544/892/577 553/884/571
f 543/888/574 561/742/494 552/893/578 548/889/575
f 556/891/576 550/894/579 551/473/325 549/458/312
f 542/470/323 562/481/333 560/743/495 544/892/577
f 544/892/577 560/743/495 561/742/494 543/888/574
f 548/889/575 552/893/578 550/895/579 556/890/576
f 568/476/328 306/896/460 564/546/381 565/477/329
f 552/893/578 561/742/494 566/672/459 308/736/492
f 560/743/495 562/481/333 567/488/337 563/547/382
f 550/895/579 552/893/578 308/736/492 558/739/493
f 551/473/325 550/894/579 558/740/493 408/486/336
f 566/672/459 306/673/460 409/737/462 308/736/492
f 306/896/460 568/476/328 307/485/335 409/675/462
f 642/897/365 802/898/365 806/899/580 670/900/580
f 645/901/581 752/902/582 804/903/583 798/904/584
f 1042/905/585 758/906/586 755/907/587 1039/908/588
f 616/909/589 618/910/590 627/911/591 800/15/13
f 605/325/227 616/909/589 569/912/13
f 569/912/13 616/909/589 800/15/13
f 579/913/592 683/914/593 679/319/221 606/417/25
f 605/325/227 625/915/594 622/916/595 616/909/589
f 637/421/30 631/917/596 625/915/594 605/325/227
f 794/918/597 756/919/598 761/920/599 649/921/600
f 664/922/601 771/923/602 678/924/603 579/913/592
f 747/925/231 777/926/604 815/927/604 811/928/605
f 577/929/606 642/897/365 670/900/580 663/930/607
f 718/931/608 803/57/53 731/932/609 722/933/610
f 745/934/611 803/57/53 718/931/608
f 680/378/255 718/931/608 724/935/612 727/936/613
f 680/378/255 745/934/611 718/931/608
f 851/937/614 849/938/615 848/939/616 847/940/617
f 739/435/60 680/378/255 727/936/613 733/941/618
f 569/912/13 800/15/13 796/942/619 643/943/619
f 677/944/620 772/945/621 777/926/604 747/925/231
f 615/946/622 719/947/623 721/948/624 619/949/625
f 621/950/626 725/951/627 719/947/623 615/946/622
f 619/952/625 721/953/624 730/954/628 628/955/629
f 630/956/630 734/957/631 728/958/632 624/959/633
f 624/959/633 728/958/632 725/951/627 621/950/626
f 636/324/226 740/322/224 734/957/631 630/956/630
f 628/955/629 730/954/628 736/960/634 634/961/635
f 634/961/635 736/960/634 742/23/20 640/22/19
f 655/962/636 763/963/637 812/964/638 801/965/639
f 669/966/640 778/967/641 770/968/642 662/969/643
f 605/325/227 569/912/13 643/943/619 578/970/644
f 795/971/645 757/972/646 697/973/647 593/974/648
f 585/975/649 686/976/650 752/902/582 645/901/581
f 601/977/651 673/978/652 675/979/653 600/980/654
f 570/981/655 576/982/656 574/983/657 573/984/658
f 571/985/659 573/986/658 574/987/657 575/988/660
f 572/989/661 575/990/660 574/991/657 576/992/656
f 577/929/606 583/993/662 581/994/663 580/995/664
f 578/970/644 580/996/664 581/997/663 582/998/665
f 579/913/592 582/999/665 581/1000/663 583/1001/662
f 593/974/648 599/1002/666 597/1003/131 596/1004/667
f 594/1005/129 596/1004/667 597/1003/131 598/1006/132
f 595/1007/668 598/1006/132 597/1003/131 599/1008/666
f 600/980/654 604/1009/18 601/977/651
f 602/102/94 601/1010/651 604/103/18
f 608/1011/669 614/1012/670 612/1013/671 611/1014/672
f 609/426/288 611/1015/672 612/1016/671 613/427/256
f 610/374/252 613/379/256 612/1017/671 614/1018/670
f 648/1019/119 654/1020/120 652/1021/657 651/1022/673
f 649/921/600 651/1022/673 652/1021/657 653/1023/674
f 650/1024/675 653/1023/674 652/1021/657 654/1020/120
f 655/962/636 661/1025/676 659/1026/431 658/1027/677
f 656/1028/678 658/1029/677 659/1030/431 660/1031/679
f 657/1032/680 660/1033/679 659/1034/431 661/1035/676
f 662/969/643 668/1036/681 666/1037/682 665/1038/683
f 663/930/607 665/1039/683 666/1040/682 667/1041/684
f 664/922/601 667/1042/684 666/1043/682 668/1044/681
f 676/1045/685 710/1046/686 707/1047/687 674/1048/688
f 677/1049/620 685/1050/689 682/1051/690 681/1052/691
f 678/924/603 681/1053/691 682/1054/690 683/914/593
f 679/319/221 683/914/593 682/1054/690 684/320/222
f 680/378/255 684/377/222 682/1051/690 685/1050/689
f 850/1055/692 847/940/617 848/939/616 590/1056/693
f 591/1057/694 843/1058/695 841/1059/696 693/1060/697
f 696/1061/698 702/1062/699 700/1063/700 699/1064/701
f 697/973/647 699/1065/701 700/1066/700 701/1067/702
f 698/1068/703 701/1069/702 700/1070/700 702/1071/699
f 674/1048/688 707/1047/687 706/1072/704
f 703/58/54 706/1072/704 707/1047/687 708/380/257
f 704/432/292 708/431/257 707/1073/687 709/1074/705
f 705/1075/706 709/1076/705 707/1077/687 710/1078/686
f 711/1079/707 717/1080/708 715/1081/709 714/1082/710
f 712/429/290 714/1083/710 715/1084/709 716/430/291
f 713/434/293 716/433/291 715/1085/709 717/1086/708
f 786/1087/711 750/1088/712 747/1089/231
f 786/1087/711 745/934/611 750/1088/712
f 754/1090/698 762/1091/713 759/1092/714 758/906/586
f 755/907/587 758/906/586 759/1092/714 760/1093/715
f 756/919/598 760/1094/715 759/1095/714 761/920/599
f 757/972/646 761/1096/599 759/1097/714 762/1098/713
f 763/963/637 769/1099/716 767/1100/717 766/1101/718
f 764/1102/719 766/1103/718 767/1104/717 768/1105/720
f 765/1106/721 768/1107/720 767/1108/717 769/1109/716
f 770/968/642 776/1110/722 774/1111/723 773/1112/724
f 771/923/602 773/1113/724 774/1114/723 775/1115/725
f 772/945/621 775/1116/725 774/1117/723 776/1118/722
f 592/1119/726 693/1120/697 841/1121/696 842/1122/727
f 692/1123/728 842/1124/727 841/1125/696 843/1126/695
f 845/1127/729 844/1128/730 847/940/617 850/1055/692
f 603/14/12 604/21/18 576/982/656 570/981/655
f 604/1009/18 600/980/654 572/989/661 576/992/656
f 643/943/619 644/1129/731 580/996/664 578/970/644
f 644/1130/731 642/897/365 577/929/606 580/995/664
f 606/417/25 607/423/199 582/999/665 579/913/592
f 607/326/199 605/325/227 578/970/644 582/998/665
f 646/1131/732 647/1132/733 805/1133/731 808/1134/230
f 647/1132/733 645/901/581 798/904/584 805/1133/731
f 648/1019/119 651/1022/673 596/1004/667 594/1005/129
f 651/1022/673 795/971/645 593/974/648 596/1004/667
f 780/425/287 781/1135/734 601/1010/651 602/102/94
f 781/1136/734 782/1137/735 601/977/651
f 619/949/625 620/1138/736 617/1139/737 615/946/622
f 620/1140/736 618/910/590 616/909/589 617/1141/737
f 615/946/622 617/1139/737 623/1142/738 621/950/626
f 617/1141/737 616/909/589 622/916/595 623/1143/738
f 621/950/626 623/1142/738 626/1144/739 624/959/633
f 623/1143/738 622/916/595 625/915/594 626/1145/739
f 628/955/629 629/1146/740 620/1147/736 619/952/625
f 629/1148/740 627/911/591 618/910/590 620/1140/736
f 634/961/635 635/1149/741 629/1146/740 628/955/629
f 635/1150/741 633/1151/742 627/911/591 629/1148/740
f 624/959/633 626/1144/739 632/1152/743 630/956/630
f 626/1145/739 625/915/594 631/917/596 632/1153/743
f 630/956/630 632/1152/743 638/424/286 636/324/226
f 632/1153/743 631/917/596 637/421/30 638/420/286
f 640/22/19 641/428/289 635/1149/741 634/961/635
f 641/437/289 639/422/216 633/1151/742 635/1150/741
f 570/981/655 573/984/658 813/1154/731 796/942/619
f 573/986/658 571/985/659 802/898/365 813/1155/731
f 584/851/551 586/1156/744 647/1132/733 646/1131/732
f 586/1156/744 585/975/649 645/901/581 647/1132/733
f 587/1157/745 589/1158/746 653/1023/674 650/1024/675
f 653/1023/674 794/918/597 649/921/600
f 670/900/580 671/1159/747 665/1039/683 663/930/607
f 671/1160/747 669/966/640 662/969/643 665/1038/683
f 657/1032/680 661/1035/676 810/1161/748 806/899/580
f 661/1025/676 655/962/636 801/965/639 810/1162/748
f 571/985/659 575/988/660 660/1033/679 657/1032/680
f 575/990/660 572/989/661 656/1028/678 660/1031/679
f 663/930/607 667/1041/684 583/993/662 577/929/606
f 667/1042/684 664/922/601 579/913/592 583/1001/662
f 747/1089/231 750/1088/712 685/1050/689 677/1049/620
f 750/1088/712 745/934/611 680/378/255 685/1050/689
f 752/902/582 753/1163/749 809/1164/749 804/903/583
f 753/1165/749 751/1166/201 807/1167/201 809/1168/749
f 1092/1169/260 808/1134/230 587/1157/745 871/1170/260
f 982/1171/750 698/1068/703 702/1071/699 986/1172/751
f 757/972/646 762/1098/713 699/1065/701 697/973/647
f 762/1091/713 754/1090/698 696/1061/698 699/1064/701
f 711/1079/707 714/1082/710 709/1076/705 705/1075/706
f 714/1083/710 712/429/290 704/432/292 709/1074/705
f 722/933/610 723/1173/752 720/1174/753 718/931/608
f 723/1175/752 721/948/624 719/947/623 720/1176/753
f 718/931/608 720/1174/753 726/1177/754 724/935/612
f 720/1176/753 719/947/623 725/951/627 726/1178/754
f 724/935/612 726/1177/754 729/1179/755 727/936/613
f 726/1178/754 725/951/627 728/958/632 729/1180/755
f 731/932/609 732/1181/756 723/1173/752 722/933/610
f 732/1182/756 730/954/628 721/953/624 723/1183/752
f 737/1184/757 738/1185/758 732/1181/756 731/932/609
f 738/1186/758 736/960/634 730/954/628 732/1182/756
f 727/936/613 729/1179/755 735/1187/759 733/941/618
f 729/1180/755 728/958/632 734/957/631 735/1188/759
f 733/941/618 735/1187/759 741/436/223 739/435/60
f 735/1188/759 734/957/631 740/322/224 741/321/223
f 743/69/64 744/68/63 738/1185/758 737/1184/757
f 744/409/63 742/23/20 736/960/634 738/1186/758
f 673/1189/652 676/1045/685 797/1190/760 811/1191/605
f 676/1045/685 674/1048/688 814/1192/761 797/1190/760
f 686/976/650 688/1193/762 753/1163/749 752/902/582
f 688/1194/762 687/1195/763 751/1166/201 753/1165/749
f 689/1196/764 691/1197/765 760/1094/715 756/919/598
f 691/1198/765 690/1199/766 755/907/587 760/1093/715
f 778/967/641 779/1200/767 776/1110/722 770/968/642
f 779/1201/767 777/926/604 772/945/621 776/1118/722
f 763/963/637 766/1101/718 799/1202/768 812/964/638
f 766/1103/718 764/1102/719 815/927/604 799/1203/768
f 672/1204/769 675/979/653 768/1107/720 765/1106/721
f 675/1205/653 673/1206/652 764/1102/719 768/1105/720
f 771/923/602 775/1115/725 681/1053/691 678/924/603
f 775/1116/725 772/945/621 677/944/620 681/1207/691
f 595/1007/668 599/1008/666 701/1069/702 698/1068/703
f 599/1002/666 593/974/648 697/973/647 701/1067/702
f 674/1048/688 706/1072/704 816/1208/770 814/1192/761
f 706/1072/704 703/58/54 803/57/53 816/1208/770
f 608/1011/669 611/1014/672 717/1080/708 711/1079/707
f 611/1015/672 609/426/288 713/434/293 717/1086/708
f 655/962/636 658/1027/677 769/1099/716 763/963/637
f 658/1029/677 656/1028/678 765/1106/721 769/1109/716
f 664/922/601 668/1044/681 773/1113/724 771/923/602
f 668/1036/681 662/969/643 770/968/642 773/1112/724
f 807/1167/201 1091/1209/231 974/1210/771 690/1199/766
f 882/1211/264 598/1006/132 595/1007/668 879/1212/772
f 1091/1209/231 807/1167/201 751/1166/201 1035/1213/231
f 934/1214/773 650/1024/675 654/1020/120 938/1215/774
f 690/1199/766 974/1210/771 1039/908/588 755/907/587
f 594/1005/129 878/1216/265 932/1217/266 648/1019/119
f 656/1028/678 572/989/661 672/1204/769 765/1106/721
f 675/979/653 672/1204/769 572/989/661 600/980/654
f 783/1218/775 784/1219/776 782/1220/735 781/1221/734
f 785/375/253 783/1222/775 781/1135/734 780/425/287
f 610/374/252 614/1018/670 783/1222/775 785/375/253
f 614/1012/670 608/1011/669 784/1219/776 783/1218/775
f 705/1075/706 710/1078/686 782/1220/735 784/1219/776
f 784/1219/776 608/1011/669 711/1079/707 705/1075/706
f 710/1046/686 676/1045/685 673/1189/652 782/1223/735
f 673/978/652 601/977/651 782/1137/735
f 746/1224/777 748/1225/778 786/1087/711 749/1226/779
f 749/1226/779 786/1087/711 747/1089/231
f 748/1225/778 745/934/611 786/1087/711
f 586/1156/744 819/1227/780 818/1228/781 585/975/649
f 585/975/649 818/1228/781 823/1229/782 686/976/650
f 688/1194/762 825/1230/783 824/1231/784 687/1195/763
f 971/1232/771 687/1195/763 824/1231/784 1108/1233/785
f 588/1234/786 689/1196/764 756/919/598 794/918/597
f 589/1158/746 588/1234/786 794/918/597 653/1023/674
f 649/1235/600 761/1096/599 757/972/646 795/971/645
f 649/1235/600 795/971/645 651/1022/673
f 1108/1233/785 824/1231/784 695/1236/787 979/1237/788
f 584/851/551 817/854/554 819/1227/780 586/1156/744
f 650/1024/675 934/1214/773 871/1170/260 587/1157/745
f 1038/1238/789 754/1090/698 758/906/586 1042/905/585
f 646/1131/732 930/1239/790 868/852/552 584/851/551
f 938/1215/774 654/1020/120 648/1019/119 932/1217/266
f 686/976/650 823/1229/782 825/1240/783 688/1193/762
f 808/1134/230 1092/1169/260 930/1239/790 646/1131/732
f 878/1216/265 594/1005/129 598/1006/132 882/1211/264
f 879/1212/772 595/1007/668 698/1068/703 982/1171/750
f 986/1241/751 702/1062/699 696/1061/698 980/1242/789
f 678/924/603 683/914/593 579/913/592
f 754/1090/698 1038/1238/789 980/1242/789 696/1061/698
f 802/898/365 571/985/659 657/1032/680 806/899/580
f 801/965/639 669/966/640 671/1160/747 810/1162/748
f 804/903/583 689/1196/764 588/1234/786 798/904/584
f 815/927/604 764/1102/719 673/1206/652 811/928/605
f 809/1164/749 691/1197/765 689/1196/764 804/903/583
f 802/898/365 642/897/365 644/1130/731 813/1155/731
f 687/1195/763 971/1232/771 1035/1213/231 751/1166/201
f 805/1133/731 589/1158/746 587/1157/745 808/1134/230
f 799/1202/768 779/1200/767 778/967/641 812/964/638
f 797/1190/760 749/1226/779 747/1089/231 811/1191/605
f 816/1208/770 748/1225/778 746/1224/777 814/1192/761
f 800/15/13 603/14/12 570/981/655 796/942/619
f 810/1161/748 671/1159/747 670/900/580 806/899/580
f 807/1167/201 690/1199/766 691/1198/765 809/1168/749
f 803/57/53 745/934/611 748/1225/778 816/1208/770
f 798/904/584 588/1234/786 589/1158/746 805/1133/731
f 812/964/638 778/967/641 669/966/640 801/965/639
f 815/927/604 777/926/604 779/1201/767 799/1203/768
f 813/1154/731 644/1129/731 643/943/619 796/942/619
f 814/1192/761 746/1224/777 749/1226/779 797/1190/760
f 800/15/13 627/911/591 633/1151/742 639/422/216
f 803/57/53 743/69/64 737/1184/757 731/932/609
f 823/1229/782 787/1243/791 694/1244/792 825/1240/783
f 817/854/554 1101/853/553 1077/1245/793 793/1246/794
f 819/1227/780 791/1247/795 792/1248/796 818/1228/781
f 818/1228/781 792/1248/796 787/1243/791 823/1229/782
f 979/1237/788 695/1236/787 830/1249/797 1114/1250/798
f 817/854/554 793/1246/794 791/1247/795 819/1227/780
f 825/1230/783 694/1251/792 695/1236/787 824/1231/784
f 787/1243/791 829/1252/799 831/1253/800 694/1244/792
f 820/1254/801 1104/1255/802 1123/1256/803 839/1257/804
f 793/1246/794 820/1254/801 822/1258/805 791/1247/795
f 792/1248/796 821/1259/806 829/1252/799 787/1243/791
f 791/1247/795 822/1258/805 821/1259/806 792/1248/796
f 793/1246/794 1077/1245/793 1104/1255/802 820/1254/801
f 694/1251/792 831/1260/800 830/1249/797 695/1236/787
f 1073/1261/807 789/1262/808 833/1263/809 1117/1264/810
f 1114/1250/798 830/1249/797 789/1262/808 1073/1261/807
f 831/1260/800 788/1265/811 789/1262/808 830/1249/797
f 822/1258/805 837/1266/812 838/1267/813 821/1259/806
f 829/1252/799 790/1268/814 788/1269/811 831/1253/800
f 820/1254/801 839/1257/804 837/1266/812 822/1258/805
f 821/1259/806 838/1267/813 790/1268/814 829/1252/799
f 838/1267/813 827/1270/815 832/1271/816 790/1268/814
f 790/1268/814 832/1271/816 840/1272/817 788/1269/811
f 839/1257/804 1123/1256/803 1110/1273/818 826/1274/819
f 788/1265/811 840/1275/817 833/1263/809 789/1262/808
f 837/1266/812 828/1276/820 827/1270/815 838/1267/813
f 1117/1264/810 833/1263/809 835/1277/821 1119/1278/822
f 839/1257/804 826/1274/819 828/1276/820 837/1266/812
f 849/938/615 1133/1279/823 1136/1280/824 852/1281/825
f 827/1270/815 845/1127/729 836/1282/826 832/1271/816
f 840/1275/817 834/1283/827 835/1277/821 833/1263/809
f 826/1274/819 1110/1273/818 1130/1284/828 846/1285/829
f 826/1274/819 846/1285/829 844/1128/730 828/1276/820
f 828/1276/820 844/1128/730 845/1127/729 827/1270/815
f 832/1271/816 836/1282/826 834/1286/827 840/1272/817
f 852/1281/825 590/1287/693 848/939/616 849/938/615
f 836/1282/826 845/1127/729 850/1055/692 592/1119/726
f 591/1057/694 875/1288/830 1127/1289/831 843/1058/695
f 844/1128/730 846/1285/829 851/937/614 847/940/617
f 834/1286/827 836/1282/826 592/1119/726 842/1122/727
f 835/1277/821 834/1283/827 842/1124/727 692/1123/728
f 852/1281/825 1136/1280/824 875/1288/830 591/1057/694
f 850/1055/692 590/1056/693 693/1120/697 592/1119/726
f 590/1287/693 852/1281/825 591/1057/694 693/1060/697
f 843/1126/695 1127/1290/831 976/1291/832 692/1123/728
f 851/937/614 1135/1292/833 1133/1279/823 849/938/615
f 846/1285/829 1130/1284/828 1135/1292/833 851/937/614
f 692/1123/728 976/1291/832 1119/1278/822 835/1277/821
f 926/1293/580 954/1294/365 1090/1295/365 1086/1296/580
f 929/1297/834 1082/1298/639 1088/1299/835 1036/1300/836
f 900/1301/837 1084/502/343 911/1302/838 902/1303/839
f 889/790/351 853/1304/343 900/1301/837
f 853/1304/343 1084/502/343 900/1301/837
f 863/1305/840 890/850/355 963/784/513 967/1306/841
f 889/790/351 900/1301/837 906/1307/842 909/1308/843
f 921/856/60 889/790/351 909/1308/843 915/1309/618
f 1078/1310/844 933/1311/845 1045/1312/846 1040/1313/847
f 948/1314/848 863/1305/840 962/1315/849 1055/1316/850
f 1031/1317/851 1095/1318/852 1099/1319/853 1061/1320/854
f 861/1321/607 947/1322/855 954/1294/365 926/1293/580
f 1002/1323/856 1006/1324/857 1015/1325/858 1087/543/378
f 1029/1326/859 1002/1323/856 1087/543/378
f 964/829/537 1011/1327/860 1008/1328/861 1002/1323/856
f 964/829/537 1002/1323/856 1029/1326/859
f 1135/1292/833 1131/1329/862 1132/1330/863 1133/1279/823
f 1023/870/30 1017/1331/596 1011/1327/860 964/829/537
f 853/1304/343 927/1332/864 1080/1333/864 1084/502/343
f 961/1334/865 1031/1317/851 1061/1320/854 1056/1335/866
f 899/1336/867 903/1337/868 1005/1338/869 1003/1339/870
f 905/1340/871 899/1336/867 1003/1339/870 1009/1341/872
f 903/1342/868 912/1343/873 1014/1344/874 1005/1345/869
f 914/1346/875 908/1347/632 1012/1348/633 1018/1349/876
f 908/1347/632 905/1340/871 1009/1341/872 1012/1348/633
f 920/788/516 914/1346/875 1018/1349/876 1024/787/226
f 912/1343/873 918/1350/877 1020/1351/878 1014/1344/874
f 918/1350/877 924/510/20 1026/489/19 1020/1351/878
f 939/1352/879 1085/1353/584 1096/1354/880 1047/1355/881
f 953/1356/882 946/1357/883 1054/1358/884 1062/1359/885
f 889/790/351 862/1360/886 927/1332/864 853/1304/343
f 1079/1361/887 877/1362/888 981/1363/889 1041/1364/890
f 869/1365/891 929/1297/834 1036/1300/836 970/1366/892
f 885/1367/893 884/1368/894 959/1369/895 957/1370/896
f 854/1371/897 857/1372/898 858/1373/899 860/1374/900
f 855/1375/680 859/1376/679 858/1377/899 857/1378/898
f 856/1379/901 860/1380/900 858/1381/899 859/1382/679
f 861/1321/607 864/1383/902 865/1384/903 867/1385/904
f 862/1360/886 866/1386/905 865/1387/903 864/1388/902
f 863/1305/840 867/1389/904 865/1390/903 866/1391/905
f 877/1362/888 880/1392/906 881/1393/136 883/1394/907
f 878/1216/265 882/1211/264 881/1393/136 880/1392/906
f 879/1212/772 883/1395/907 881/1393/136 882/1211/264
f 884/1368/894 885/1367/893 888/1396/349
f 886/587/410 888/586/349 885/1397/893
f 892/1398/908 895/1399/909 896/1400/910 898/1401/911
f 893/862/556 897/861/538 896/1402/910 895/1403/909
f 894/826/534 898/1404/911 896/1405/910 897/831/538
f 932/1217/266 935/1406/912 936/1407/913 938/1215/774
f 933/1311/845 937/1408/914 936/1407/913 935/1406/912
f 934/1214/773 938/1215/774 936/1407/913 937/1408/914
f 939/1352/879 942/1409/915 943/1410/916 945/1411/658
f 940/1412/917 944/1413/660 943/1414/916 942/1415/915
f 941/1416/659 945/1417/658 943/1418/916 944/1419/660
f 946/1357/883 949/1420/918 950/1421/919 952/1422/920
f 947/1322/855 951/1423/921 950/1424/919 949/1425/918
f 948/1314/848 952/1426/920 950/1427/919 951/1428/921
f 960/1429/922 958/1430/923 991/1431/924 994/1432/925
f 961/1334/865 965/1433/926 966/1434/927 969/1435/928
f 962/1315/849 967/1306/841 966/1436/927 965/1437/926
f 963/784/513 968/783/512 966/1436/927 967/1306/841
f 964/829/537 969/1435/928 966/1434/927 968/830/512
f 1134/1438/929 874/1439/930 1132/1330/863 1131/1329/862
f 875/1288/830 977/1440/931 1125/1441/932 1127/1289/831
f 980/1242/789 983/1442/933 984/1443/934 986/1241/751
f 981/1363/889 985/1444/935 984/1445/934 983/1446/933
f 982/1171/750 986/1172/751 984/1447/934 985/1448/935
f 958/1430/923 990/1449/936 991/1450/924
f 987/545/380 992/832/539 991/1450/924 990/1449/936
f 988/866/560 993/1451/937 991/1452/924 992/867/539
f 989/1453/938 994/1454/925 991/1455/924 993/1456/937
f 995/1457/939 998/1458/940 999/1459/941 1001/1460/942
f 996/865/559 1000/864/558 999/1461/941 998/1462/940
f 997/868/561 1001/1463/942 999/1464/941 1000/869/558
f 1070/1465/943 1031/1317/851 1034/1466/944
f 1070/1465/943 1034/1466/944 1029/1326/859
f 1038/1238/789 1042/905/585 1043/1467/945 1046/1468/946
f 1039/908/588 1044/1469/947 1043/1467/945 1042/905/585
f 1040/1313/847 1045/1312/846 1043/1470/945 1044/1471/947
f 1041/1364/890 1046/1472/946 1043/1473/945 1045/1474/846
f 1047/1355/881 1050/1475/948 1051/1476/949 1053/1477/950
f 1048/1478/951 1052/1479/952 1051/1480/949 1050/1481/948
f 1049/1482/953 1053/1483/950 1051/1484/949 1052/1485/952
f 1054/1358/884 1057/1486/954 1058/1487/955 1060/1488/956
f 1055/1316/850 1059/1489/957 1058/1490/955 1057/1491/954
f 1056/1335/866 1060/1492/956 1058/1493/955 1059/1494/957
f 876/1495/958 1126/1496/959 1125/1497/932 977/1498/931
f 976/1291/832 1127/1290/831 1125/1499/932 1126/1500/959
f 1129/1501/960 1134/1438/929 1131/1329/862 1128/1502/961
f 887/503/344 854/1371/897 860/1374/900 888/508/349
f 888/1396/349 860/1380/900 856/1379/901 884/1368/894
f 927/1332/864 862/1360/886 864/1388/902 928/1503/748
f 928/1504/748 864/1383/902 861/1321/607 926/1293/580
f 890/850/355 863/1305/840 866/1391/905 891/858/496
f 891/789/496 866/1386/905 862/1360/886 889/790/351
f 930/1239/790 1092/1169/260 1089/1505/748 931/1506/962
f 931/1506/962 1089/1505/748 1082/1298/639 929/1297/834
f 932/1217/266 878/1216/265 880/1392/906 935/1406/912
f 935/1406/912 880/1392/906 877/1362/888 1079/1361/887
f 1064/860/287 886/587/410 885/1397/893 1065/1507/963
f 1065/1508/963 885/1367/893 1066/1509/964
f 903/1337/868 899/1336/867 901/1510/965 904/1511/966
f 904/1512/966 901/1513/965 900/1301/837 902/1303/839
f 899/1336/867 905/1340/871 907/1514/967 901/1510/965
f 901/1513/965 907/1515/967 906/1307/842 900/1301/837
f 905/1340/871 908/1347/632 910/1516/968 907/1514/967
f 907/1515/967 910/1517/968 909/1308/843 906/1307/842
f 912/1343/873 903/1342/868 904/1518/966 913/1519/969
f 913/1520/969 904/1512/966 902/1303/839 911/1302/838
f 918/1350/877 912/1343/873 913/1519/969 919/1521/970
f 919/1522/970 913/1520/969 911/1302/838 917/1523/971
f 908/1347/632 914/1346/875 916/1524/972 910/1516/968
f 910/1517/968 916/1525/972 915/1309/618 909/1308/843
f 914/1346/875 920/788/516 922/859/555 916/1524/972
f 916/1525/972 922/855/555 921/856/60 915/1309/618
f 924/510/20 918/1350/877 919/1521/970 925/863/557
f 925/872/557 919/1522/970 917/1523/971 923/857/509
f 854/1371/897 1080/1333/864 1097/1526/748 857/1372/898
f 857/1378/898 1097/1527/748 1086/1296/580 855/1375/680
f 868/852/552 930/1239/790 931/1506/962 870/1528/973
f 870/1528/973 931/1506/962 929/1297/834 869/1365/891
f 871/1170/260 934/1214/773 937/1408/914 873/1529/974
f 937/1408/914 933/1311/845 1078/1310/844
f 954/1294/365 947/1322/855 949/1425/918 955/1530/731
f 955/1531/731 949/1420/918 946/1357/883 953/1356/882
f 941/1416/659 1090/1295/365 1094/1532/731 945/1417/658
f 945/1411/658 1094/1533/731 1085/1353/584 939/1352/879
f 855/1375/680 941/1416/659 944/1419/660 859/1376/679
f 859/1382/679 944/1413/660 940/1412/917 856/1379/901
f 947/1322/855 861/1321/607 867/1385/904 951/1423/921
f 951/1428/921 867/1389/904 863/1305/840 948/1314/848
f 1031/1317/851 961/1334/865 969/1435/928 1034/1466/944
f 1034/1466/944 969/1435/928 964/829/537 1029/1326/859
f 1036/1300/836 1088/1299/835 1093/1534/975 1037/1535/976
f 1037/1536/976 1093/1537/975 1091/1209/231 1035/1213/231
f 1041/1364/890 981/1363/889 983/1446/933 1046/1472/946
f 1046/1468/946 983/1442/933 980/1242/789 1038/1238/789
f 995/1457/939 989/1453/938 993/1456/937 998/1458/940
f 998/1462/940 993/1451/937 988/866/560 996/865/559
f 1006/1324/857 1002/1323/856 1004/1538/977 1007/1539/978
f 1007/1540/978 1004/1541/977 1003/1339/870 1005/1338/869
f 1002/1323/856 1008/1328/861 1010/1542/979 1004/1538/977
f 1004/1541/977 1010/1543/979 1009/1341/872 1003/1339/870
f 1008/1328/861 1011/1327/860 1013/1544/980 1010/1542/979
f 1010/1543/979 1013/1545/980 1012/1348/633 1009/1341/872
f 1015/1325/858 1006/1324/857 1007/1539/978 1016/1546/981
f 1016/1547/981 1007/1548/978 1005/1345/869 1014/1344/874
f 1021/1549/982 1015/1325/858 1016/1546/981 1022/1550/983
f 1022/1551/983 1016/1547/981 1014/1344/874 1020/1351/878
f 1011/1327/860 1017/1331/596 1019/1552/743 1013/1544/980
f 1013/1545/980 1019/1553/743 1018/1349/876 1012/1348/633
f 1017/1331/596 1023/870/30 1025/871/514 1019/1552/743
f 1019/1553/743 1025/785/514 1024/787/226 1018/1349/876
f 1027/555/384 1021/1549/982 1022/1550/983 1028/552/339
f 1028/492/339 1022/1551/983 1020/1351/878 1026/489/19
f 957/1554/896 1095/1318/852 1081/1555/984 960/1429/922
f 960/1429/922 1081/1555/984 1098/1556/985 958/1430/923
f 970/1366/892 1036/1300/836 1037/1535/976 972/1557/986
f 972/1558/986 1037/1536/976 1035/1213/231 971/1232/771
f 973/1559/987 1040/1313/847 1044/1471/947 975/1560/988
f 975/1561/988 1044/1469/947 1039/908/588 974/1210/771
f 1062/1359/885 1054/1358/884 1060/1488/956 1063/1562/989
f 1063/1563/989 1060/1492/956 1056/1335/866 1061/1320/854
f 1047/1355/881 1096/1354/880 1083/1564/990 1050/1475/948
f 1050/1481/948 1083/1565/990 1099/1319/853 1048/1478/951
f 956/1566/991 1049/1482/953 1052/1485/952 959/1369/895
f 959/1567/895 1052/1479/952 1048/1478/951 957/1554/896
f 1055/1316/850 962/1315/849 965/1437/926 1059/1489/957
f 1059/1494/957 965/1433/926 961/1334/865 1056/1335/866
f 879/1212/772 982/1171/750 985/1448/935 883/1395/907
f 883/1394/907 985/1444/935 981/1363/889 877/1362/888
f 958/1430/923 1098/1556/985 1100/1568/992 990/1449/936
f 990/1449/936 1100/1568/992 1087/543/378 987/545/380
f 892/1398/908 995/1457/939 1001/1460/942 895/1399/909
f 895/1403/909 1001/1463/942 997/868/561 893/862/556
f 939/1352/879 1047/1355/881 1053/1477/950 942/1409/915
f 942/1415/915 1053/1483/950 1049/1482/953 940/1412/917
f 948/1314/848 1055/1316/850 1057/1491/954 952/1426/920
f 952/1422/920 1057/1486/954 1054/1358/884 946/1357/883
f 940/1412/917 1049/1482/953 956/1566/991 856/1379/901
f 959/1369/895 884/1368/894 856/1379/901 956/1566/991
f 1067/1569/993 1065/1570/963 1066/1571/964 1068/1572/994
f 1069/828/536 1064/860/287 1065/1507/963 1067/1573/993
f 894/826/534 1069/828/536 1067/1573/993 898/1404/911
f 898/1401/911 1067/1569/993 1068/1572/994 892/1398/908
f 989/1453/938 1068/1572/994 1066/1571/964 994/1454/925
f 1068/1572/994 989/1453/938 995/1457/939 892/1398/908
f 994/1432/925 1066/1574/964 957/1554/896 960/1429/922
f 957/1370/896 1066/1509/964 885/1367/893
f 1030/1575/995 1033/1576/996 1070/1465/943 1032/1577/997
f 1033/1576/996 1031/1317/851 1070/1465/943
f 1032/1577/997 1070/1465/943 1029/1326/859
f 870/1528/973 869/1365/891 1102/1578/998 1103/1579/999
f 869/1365/891 970/1366/892 1107/1580/1000 1102/1578/998
f 972/1558/986 971/1232/771 1108/1233/785 1109/1581/1001
f 872/1582/1002 1078/1310/844 1040/1313/847 973/1559/987
f 873/1529/974 937/1408/914 1078/1310/844 872/1582/1002
f 933/1583/845 1079/1361/887 1041/1364/890 1045/1474/846
f 933/1583/845 935/1406/912 1079/1361/887
f 868/852/552 870/1528/973 1103/1579/999 1101/853/553
f 970/1366/892 972/1557/986 1109/1584/1001 1107/1580/1000
f 962/1315/849 863/1305/840 967/1306/841
f 1086/1296/580 1090/1295/365 941/1416/659 855/1375/680
f 1085/1353/584 1094/1533/731 955/1531/731 953/1356/882
f 1088/1299/835 1082/1298/639 872/1582/1002 973/1559/987
f 1099/1319/853 1095/1318/852 957/1554/896 1048/1478/951
f 1093/1534/975 1088/1299/835 973/1559/987 975/1560/988
f 1086/1296/580 1097/1527/748 928/1504/748 926/1293/580
f 1089/1505/748 1092/1169/260 871/1170/260 873/1529/974
f 1083/1564/990 1096/1354/880 1062/1359/885 1063/1562/989
f 1081/1555/984 1095/1318/852 1031/1317/851 1033/1576/996
f 1100/1568/992 1098/1556/985 1030/1575/995 1032/1577/997
f 1084/502/343 1080/1333/864 854/1371/897 887/503/344
f 1094/1532/731 1090/1295/365 954/1294/365 955/1530/731
f 1091/1209/231 1093/1537/975 975/1561/988 974/1210/771
f 1087/543/378 1100/1568/992 1032/1577/997 1029/1326/859
f 1082/1298/639 1089/1505/748 873/1529/974 872/1582/1002
f 1096/1354/880 1085/1353/584 953/1356/882 1062/1359/885
f 1099/1319/853 1083/1565/990 1063/1563/989 1061/1320/854
f 1097/1526/748 1080/1333/864 927/1332/864 928/1503/748
f 1098/1556/985 1081/1555/984 1033/1576/996 1030/1575/995
f 1084/502/343 923/857/509 917/1523/971 911/1302/838
f 1087/543/378 1015/1325/858 1021/1549/982 1027/555/384
f 1107/1580/1000 1109/1584/1001 978/1585/1003 1071/1586/1004
f 1103/1579/999 1102/1578/998 1076/1587/1005 1075/1588/1006
f 1102/1578/998 1107/1580/1000 1071/1586/1004 1076/1587/1005
f 1101/853/553 1103/1579/999 1075/1588/1006 1077/1245/793
f 1109/1581/1001 1108/1233/785 979/1237/788 978/1589/1003
f 1071/1586/1004 978/1585/1003 1115/1590/1007 1113/1591/1008
f 1077/1245/793 1075/1588/1006 1106/1592/1009 1104/1255/802
f 1076/1587/1005 1071/1586/1004 1113/1591/1008 1105/1593/1010
f 1075/1588/1006 1076/1587/1005 1105/1593/1010 1106/1592/1009
f 978/1589/1003 979/1237/788 1114/1250/798 1115/1594/1007
f 1115/1594/1007 1114/1250/798 1073/1261/807 1072/1595/1011
f 1106/1592/1009 1105/1593/1010 1122/1596/1012 1121/1597/1013
f 1113/1591/1008 1115/1590/1007 1072/1598/1011 1074/1599/1014
f 1104/1255/802 1106/1592/1009 1121/1597/1013 1123/1256/803
f 1105/1593/1010 1113/1591/1008 1074/1599/1014 1122/1596/1012
f 1122/1596/1012 1074/1599/1014 1116/1600/1015 1111/1601/1016
f 1074/1599/1014 1072/1598/1011 1124/1602/1017 1116/1600/1015
f 1072/1595/1011 1073/1261/807 1117/1264/810 1124/1603/1017
f 1121/1597/1013 1122/1596/1012 1111/1601/1016 1112/1604/1018
f 1123/1256/803 1121/1597/1013 1112/1604/1018 1110/1273/818
f 1111/1601/1016 1116/1600/1015 1120/1605/1019 1129/1501/960
f 1124/1603/1017 1117/1264/810 1119/1278/822 1118/1606/1020
f 1110/1273/818 1112/1604/1018 1128/1502/961 1130/1284/828
f 1112/1604/1018 1111/1601/1016 1129/1501/960 1128/1502/961
f 1116/1600/1015 1124/1602/1017 1118/1607/1020 1120/1605/1019
f 1136/1280/824 1133/1279/823 1132/1330/863 874/1608/930
f 1120/1605/1019 876/1495/958 1134/1438/929 1129/1501/960
f 1128/1502/961 1131/1329/862 1135/1292/833 1130/1284/828
f 1118/1607/1020 1126/1496/959 876/1495/958 1120/1605/1019
f 1119/1278/822 976/1291/832 1126/1500/959 1118/1606/1020
f 1134/1438/929 876/1495/958 977/1498/931 874/1439/930
f 874/1608/930 977/1440/931 875/1288/830 1136/1280/824
f 249/410/280 533/442/298 300/412/282 16/311/217
f 785/375/253 780/425/287 212/284/203 217/376/254
f 1069/828/536 501/827/535 496/750/203 1064/860/287
