# Blender 5.0.1
# www.blender.org
mtllib Caramelo 1.mtl
o Caramelo_1
v 0.011382 0.000128 -0.847453
v 0.011382 0.164015 -0.818555
v 0.011382 0.316734 -0.733830
v 0.011382 0.447876 -0.599051
v 0.011382 0.548506 -0.423404
v 0.011382 0.611764 -0.218859
v 0.011382 0.633340 0.000645
v 0.011382 0.611764 0.220149
v 0.011382 0.548506 0.424695
v 0.011382 0.447876 0.600342
v 0.011382 0.316734 0.735120
v 0.011382 0.164015 0.819846
v 0.011381 0.000128 0.848744
v 0.011381 -0.163760 0.819846
v 0.011381 -0.316479 0.735120
v 0.011381 -0.447621 0.600342
v 0.011381 -0.548251 0.424695
v 0.011381 -0.611509 0.220149
v 0.011381 -0.633085 0.000645
v 0.011381 -0.611509 -0.218859
v 0.011382 -0.548251 -0.423404
v 0.011382 -0.447621 -0.599051
v 0.011382 -0.316479 -0.733830
v 0.011382 -0.163760 -0.818555
v -3.375664 0.000128 -0.718892
v -2.494692 0.000128 -0.846405
v -3.290892 0.000128 -0.795642
v -3.205515 0.000128 -0.821769
v -3.092785 0.000128 -0.839227
v -2.494692 0.163812 -0.817543
v -3.375663 0.139172 -0.694375
v -3.092785 0.162425 -0.810609
v -3.205516 0.159052 -0.793746
v -3.290892 0.154003 -0.768509
v -2.494692 0.316342 -0.732922
v -3.375663 0.268740 -0.622493
v -3.092785 0.313663 -0.726705
v -3.205516 0.307146 -0.711587
v -3.290892 0.297392 -0.688960
v -2.494692 0.447323 -0.598310
v -3.375663 0.380003 -0.508145
v -3.092785 0.443533 -0.593234
v -3.205516 0.434317 -0.580890
v -3.290892 0.420523 -0.562415
v -2.494692 0.547828 -0.422880
v -3.375663 0.465378 -0.359124
v -3.092785 0.543186 -0.419291
v -3.205516 0.531898 -0.410562
v -3.290892 0.515005 -0.397499
v -2.494692 0.611008 -0.218588
v -3.375663 0.519047 -0.185585
v -3.092785 0.605831 -0.216730
v -3.205516 0.593241 -0.212211
v -3.290892 0.574398 -0.205449
v -2.494692 0.632557 0.000645
v -3.375663 0.537353 0.000645
v -3.092785 0.627198 0.000645
v -3.205516 0.614163 0.000645
v -3.290892 0.594656 0.000645
v -2.494692 0.611008 0.219878
v -3.375663 0.519047 0.186875
v -3.092785 0.605831 0.218020
v -3.205516 0.593241 0.213502
v -3.290892 0.574398 0.206739
v -2.494692 0.547828 0.424170
v -3.375663 0.465378 0.360414
v -3.092785 0.543186 0.420581
v -3.205516 0.531898 0.411852
v -3.290892 0.515005 0.398789
v -2.494692 0.447323 0.599600
v -3.375663 0.380003 0.509435
v -3.092785 0.443533 0.594524
v -3.205516 0.434317 0.582180
v -3.290892 0.420523 0.563705
v -2.494692 0.316342 0.734212
v -3.375663 0.268740 0.623783
v -3.092785 0.313663 0.727995
v -3.205516 0.307146 0.712877
v -3.290892 0.297392 0.690250
v -2.494692 0.163812 0.818833
v -3.375663 0.139172 0.695665
v -3.092785 0.162425 0.811899
v -3.205516 0.159052 0.795036
v -3.290892 0.154003 0.769800
v -2.494692 0.000128 0.847695
v -3.375663 0.000128 0.720182
v -3.092785 0.000128 0.840517
v -3.205516 0.000128 0.823059
v -3.290892 0.000128 0.796932
v -2.494692 -0.163557 0.818833
v -3.375664 -0.138916 0.695665
v -3.092785 -0.162170 0.811899
v -3.205516 -0.158797 0.795036
v -3.290893 -0.153748 0.769800
v -2.494692 -0.316087 0.734212
v -3.375664 -0.268485 0.623783
v -3.092785 -0.313407 0.727995
v -3.205516 -0.306890 0.712877
v -3.290893 -0.297137 0.690250
v -2.494692 -0.447068 0.599600
v -3.375664 -0.379748 0.509435
v -3.092785 -0.443278 0.594524
v -3.205516 -0.434061 0.582180
v -3.290893 -0.420268 0.563705
v -2.494692 -0.547573 0.424170
v -3.375664 -0.465123 0.360414
v -3.092785 -0.542931 0.420581
v -3.205516 -0.531643 0.411852
v -3.290893 -0.514749 0.398789
v -2.494692 -0.610753 0.219878
v -3.375664 -0.518792 0.186875
v -3.092785 -0.605576 0.218020
v -3.205516 -0.592985 0.213502
v -3.290893 -0.574143 0.206739
v -2.494692 -0.632302 0.000645
v -3.375663 -0.537098 0.000645
v -3.092785 -0.626943 0.000645
v -3.205516 -0.613908 0.000645
v -3.290892 -0.594401 0.000645
v -2.494692 -0.610753 -0.218588
v -3.375663 -0.518792 -0.185585
v -3.092785 -0.605576 -0.216730
v -3.205516 -0.592985 -0.212211
v -3.290892 -0.574143 -0.205449
v -2.494692 -0.547573 -0.422880
v -3.375663 -0.465123 -0.359124
v -3.092785 -0.542931 -0.419291
v -3.205516 -0.531643 -0.410562
v -3.290892 -0.514749 -0.397499
v -2.494692 -0.447068 -0.598310
v -3.375663 -0.379748 -0.508145
v -3.092785 -0.443278 -0.593234
v -3.205516 -0.434061 -0.580890
v -3.290892 -0.420268 -0.562415
v -2.494692 -0.316087 -0.732922
v -3.375663 -0.268485 -0.622493
v -3.092785 -0.313407 -0.726705
v -3.205516 -0.306890 -0.711587
v -3.290892 -0.297137 -0.688960
v -2.494692 -0.163557 -0.817543
v -3.375663 -0.138916 -0.694375
v -3.092785 -0.162170 -0.810609
v -3.205516 -0.158797 -0.793746
v -3.290892 -0.153748 -0.768509
v 2.547262 0.000127 -0.846640
v 3.390100 0.000127 -0.737684
v 3.135743 0.000127 -0.841069
v 3.227173 0.000127 -0.827522
v 3.298561 0.000127 -0.807246
v 3.390101 0.142803 -0.712526
v 2.547263 0.163858 -0.817769
v 3.298561 0.156245 -0.779718
v 3.227174 0.160163 -0.799303
v 3.135743 0.162781 -0.812388
v 3.390101 0.275755 -0.638766
v 2.547263 0.316430 -0.733125
v 3.298561 0.301724 -0.699009
v 3.227174 0.309293 -0.716568
v 3.135743 0.314350 -0.728301
v 3.390101 0.389924 -0.521432
v 2.547263 0.447447 -0.598476
v 3.298561 0.426649 -0.570620
v 3.227174 0.437353 -0.584957
v 3.135743 0.444506 -0.594537
v 3.390101 0.477529 -0.368519
v 2.547263 0.547979 -0.422997
v 3.298561 0.522508 -0.403301
v 3.227174 0.535618 -0.413438
v 3.135743 0.544377 -0.420212
v 3.390101 0.532599 -0.190448
v 2.547263 0.611177 -0.218648
v 3.298561 0.582767 -0.208452
v 3.227174 0.597389 -0.213700
v 3.135743 0.607159 -0.217206
v 3.390101 0.551383 0.000645
v 2.547263 0.632733 0.000645
v 3.298561 0.603320 0.000645
v 3.227174 0.618458 0.000645
v 3.135743 0.628573 0.000645
v 3.390101 0.532599 0.191739
v 2.547263 0.611177 0.219939
v 3.298561 0.582767 0.209743
v 3.227174 0.597389 0.214991
v 3.135743 0.607159 0.218497
v 3.390101 0.477529 0.369810
v 2.547263 0.547979 0.424288
v 3.298561 0.522508 0.404591
v 3.227174 0.535618 0.414729
v 3.135743 0.544377 0.421503
v 3.390101 0.389924 0.522723
v 2.547263 0.447447 0.599767
v 3.298561 0.426649 0.571911
v 3.227174 0.437353 0.586248
v 3.135743 0.444506 0.595827
v 3.390101 0.275755 0.640057
v 2.547263 0.316430 0.734416
v 3.298561 0.301724 0.700300
v 3.227174 0.309293 0.717859
v 3.135743 0.314350 0.729591
v 3.390101 0.142803 0.713816
v 2.547263 0.163858 0.819060
v 3.298561 0.156245 0.781009
v 3.227174 0.160163 0.800593
v 3.135743 0.162781 0.813679
v 3.390101 0.000127 0.738974
v 2.547263 0.000127 0.847930
v 3.298561 0.000127 0.808537
v 3.227174 0.000127 0.828812
v 3.135743 0.000127 0.842360
v 3.390101 -0.142548 0.713816
v 2.547262 -0.163603 0.819060
v 3.298561 -0.155990 0.781009
v 3.227173 -0.159908 0.800593
v 3.135743 -0.162526 0.813679
v 3.390101 -0.275500 0.640057
v 2.547262 -0.316175 0.734416
v 3.298561 -0.301469 0.700300
v 3.227173 -0.309038 0.717859
v 3.135743 -0.314095 0.729591
v 3.390101 -0.389669 0.522723
v 2.547262 -0.447192 0.599766
v 3.298561 -0.426394 0.571911
v 3.227173 -0.437099 0.586248
v 3.135743 -0.444251 0.595827
v 3.390101 -0.477274 0.369810
v 2.547262 -0.547725 0.424288
v 3.298561 -0.522253 0.404591
v 3.227173 -0.535363 0.414729
v 3.135743 -0.544123 0.421503
v 3.390101 -0.532345 0.191739
v 2.547262 -0.610922 0.219939
v 3.298561 -0.582512 0.209743
v 3.227173 -0.597134 0.214991
v 3.135743 -0.606905 0.218497
v 3.390101 -0.551128 0.000645
v 2.547262 -0.632478 0.000645
v 3.298561 -0.603066 0.000645
v 3.227173 -0.618204 0.000645
v 3.135743 -0.628318 0.000645
v 3.390101 -0.532345 -0.190448
v 2.547263 -0.610922 -0.218648
v 3.298561 -0.582512 -0.208452
v 3.227174 -0.597134 -0.213700
v 3.135743 -0.606905 -0.217206
v 3.390101 -0.477274 -0.368519
v 2.547263 -0.547725 -0.422997
v 3.298561 -0.522253 -0.403300
v 3.227174 -0.535363 -0.413438
v 3.135743 -0.544123 -0.420212
v 3.390101 -0.389669 -0.521432
v 2.547263 -0.447192 -0.598476
v 3.298561 -0.426394 -0.570620
v 3.227174 -0.437099 -0.584957
v 3.135743 -0.444251 -0.594537
v 3.390101 -0.275500 -0.638766
v 2.547263 -0.316175 -0.733125
v 3.298561 -0.301469 -0.699009
v 3.227174 -0.309038 -0.716568
v 3.135743 -0.314095 -0.728301
v 3.390100 -0.142548 -0.712526
v 2.547262 -0.163603 -0.817769
v 3.298561 -0.155990 -0.779718
v 3.227173 -0.159908 -0.799303
v 3.135743 -0.162526 -0.812388
v 3.916951 0.000127 -0.166841
v 3.916952 0.032492 -0.161134
v 3.916952 -0.032238 -0.161134
v 3.916952 0.062652 -0.144402
v 3.916952 0.088551 -0.117785
v 3.916952 0.108423 -0.083098
v 3.916952 0.120916 -0.042703
v 3.916952 0.125177 0.000645
v 3.916952 0.120916 0.043994
v 3.916952 0.108423 0.084389
v 3.916952 0.088551 0.119076
v 3.916952 0.062652 0.145693
v 3.916952 0.032492 0.162425
v 3.916952 0.000127 0.168132
v 3.916952 -0.032238 0.162425
v 3.916952 -0.062398 0.145693
v 3.916952 -0.088296 0.119076
v 3.916952 -0.108169 0.084389
v 3.916952 -0.120661 0.043994
v 3.916952 -0.124922 0.000645
v 3.916952 -0.120661 -0.042703
v 3.916952 -0.108169 -0.083098
v 3.916952 -0.088296 -0.117785
v 3.916952 -0.062398 -0.144402
v 3.655246 0.000127 -0.471793
v 3.655246 -0.091167 -0.455695
v 3.655246 0.091422 -0.455695
v 3.655246 0.176495 -0.408499
v 3.655246 0.249549 -0.333419
v 3.655246 0.305605 -0.235574
v 3.655246 0.340843 -0.121631
v 3.655246 0.352862 0.000645
v 3.655246 0.340843 0.122922
v 3.655246 0.305605 0.236865
v 3.655246 0.249549 0.334710
v 3.655246 0.176495 0.409789
v 3.655246 0.091422 0.456986
v 3.655246 0.000127 0.473084
v 3.655246 -0.091167 0.456986
v 3.655246 -0.176240 0.409789
v 3.655246 -0.249294 0.334710
v 3.655246 -0.305350 0.236865
v 3.655246 -0.340589 0.122922
v 3.655246 -0.352608 0.000645
v 3.655246 -0.340589 -0.121631
v 3.655246 -0.305350 -0.235574
v 3.655246 -0.249294 -0.333419
v 3.655246 -0.176240 -0.408499
v -3.780151 0.000128 -0.142811
v -3.780151 0.027849 -0.137923
v -3.780151 -0.027594 -0.137923
v -3.780151 0.053682 -0.123592
v -3.780151 0.075865 -0.100794
v -3.780151 0.092886 -0.071083
v -3.780151 0.103586 -0.036484
v -3.780151 0.107236 0.000645
v -3.780151 0.103586 0.037774
v -3.780151 0.092886 0.072373
v -3.780151 0.075865 0.102084
v -3.780151 0.053682 0.124882
v -3.780151 0.027849 0.139213
v -3.780151 0.000128 0.144101
v -3.780151 -0.027594 0.139213
v -3.780151 -0.053426 0.124882
v -3.780151 -0.075609 0.102084
v -3.780151 -0.092631 0.072373
v -3.780151 -0.103331 0.037774
v -3.780151 -0.106980 0.000645
v -3.780151 -0.103331 -0.036484
v -3.780151 -0.092631 -0.071083
v -3.780151 -0.075609 -0.100794
v -3.780151 -0.053426 -0.123592
v -3.580223 0.086581 -0.431494
v -3.580223 0.167142 -0.386801
v -3.580223 0.236321 -0.315703
v -3.580223 0.289405 -0.223047
v -3.580223 0.322774 -0.115146
v -3.580223 0.334156 0.000645
v -3.580223 0.322774 0.116436
v -3.580223 0.289405 0.224337
v -3.580223 0.236321 0.316993
v -3.580223 0.167142 0.388091
v -3.580223 0.086581 0.432784
v -3.580223 0.000128 0.448029
v -3.580223 -0.086325 0.432784
v -3.580223 -0.166886 0.388091
v -3.580223 -0.236066 0.316993
v -3.580223 -0.289149 0.224337
v -3.580223 -0.322519 0.116436
v -3.580223 -0.333900 0.000645
v -3.580223 -0.322519 -0.115146
v -3.580223 -0.289149 -0.223047
v -3.580223 -0.236066 -0.315703
v -3.580223 -0.166886 -0.386801
v -3.580223 0.000128 -0.446739
v -3.580223 -0.086325 -0.431494
v 0.011382 -0.082522 -0.840187
v 0.011382 -0.242189 -0.782886
v 0.011382 -0.385343 -0.672188
v 0.011382 -0.502227 -0.515638
v 0.011381 -0.584877 -0.323904
v 0.011381 -0.627660 -0.110053
v 0.011381 -0.627660 0.111343
v 0.011381 -0.584877 0.325195
v 0.011381 -0.502227 0.516929
v 0.011381 -0.385343 0.673479
v 0.011381 -0.242189 0.784177
v 0.011381 -0.082522 0.841478
v 0.011382 0.082777 0.841478
v 0.011382 0.242444 0.784177
v 0.011382 0.385598 0.673479
v 0.011382 0.502482 0.516929
v 0.011382 0.585132 0.325195
v 0.011382 0.627915 0.111343
v 0.011382 0.627915 -0.110053
v 0.011382 0.585132 -0.323904
v 0.011382 0.502482 -0.515638
v 0.011382 0.385598 -0.672188
v 0.011382 0.242444 -0.782886
v 0.011382 0.082777 -0.840187
v -3.323988 -0.149719 -0.748370
v -3.375663 -0.069993 -0.712728
v -3.323988 0.000128 -0.774792
v -3.290892 -0.077473 -0.788820
v -3.252546 -0.156438 -0.781955
v -3.252546 0.000128 -0.809563
v -3.205515 -0.080019 -0.814723
v -3.151558 -0.160731 -0.803416
v -3.151558 0.000128 -0.831780
v -3.092785 -0.081720 -0.832031
v -2.972035 -0.163080 -0.815157
v -2.972035 0.000128 -0.843936
v -2.494692 -0.082420 -0.839148
v -3.323988 -0.289353 -0.670903
v -3.375664 -0.205457 -0.664112
v -3.290893 -0.227386 -0.735019
v -3.252546 -0.302333 -0.701015
v -3.205515 -0.234851 -0.759157
v -3.151558 -0.310628 -0.720257
v -3.092785 -0.239839 -0.775286
v -2.972035 -0.315165 -0.730783
v -2.494692 -0.241890 -0.781918
v -3.323988 -0.409260 -0.547672
v -3.375664 -0.326910 -0.570195
v -3.290893 -0.361794 -0.631084
v -3.252546 -0.427617 -0.572258
v -3.205515 -0.373669 -0.651812
v -3.151558 -0.439347 -0.587969
v -3.092785 -0.381604 -0.665662
v -2.972035 -0.445764 -0.596564
v -2.494692 -0.384866 -0.671357
v -3.323988 -0.501268 -0.387074
v -3.375664 -0.426076 -0.437376
v -3.290893 -0.471538 -0.484098
v -3.252546 -0.523750 -0.404459
v -3.205515 -0.487014 -0.500003
v -3.151558 -0.538116 -0.415568
v -3.092785 -0.497354 -0.510630
v -2.972035 -0.545976 -0.421645
v -2.494692 -0.501606 -0.515000
v -3.323988 -0.559106 -0.200053
v -3.375664 -0.496197 -0.274707
v -3.290893 -0.549138 -0.304077
v -3.252546 -0.584182 -0.209052
v -3.205515 -0.567160 -0.314075
v -3.151558 -0.600205 -0.214802
v -3.092785 -0.579202 -0.320756
v -2.972035 -0.608971 -0.217948
v -2.494692 -0.584154 -0.323503
v -3.323988 -0.578834 0.000645
v -3.375664 -0.532495 -0.093272
v -3.290893 -0.589307 -0.103290
v -3.252546 -0.604794 0.000645
v -3.205515 -0.608647 -0.106700
v -3.151558 -0.621383 0.000645
v -3.092785 -0.621570 -0.108979
v -2.972036 -0.630458 0.000645
v -2.494692 -0.626884 -0.109916
v -3.323989 -0.559106 0.201343
v -3.375664 -0.532495 0.094562
v -3.290893 -0.589307 0.104580
v -3.252546 -0.584182 0.210342
v -3.205516 -0.608648 0.107990
v -3.151558 -0.600205 0.216093
v -3.092785 -0.621570 0.110269
v -2.972036 -0.608971 0.219239
v -2.494693 -0.626884 0.111206
v -3.323989 -0.501268 0.388364
v -3.375664 -0.496197 0.275997
v -3.290893 -0.549138 0.305367
v -3.252546 -0.523750 0.405749
v -3.205516 -0.567160 0.315366
v -3.151558 -0.538116 0.416858
v -3.092785 -0.579202 0.322046
v -2.972036 -0.545976 0.422935
v -2.494693 -0.584154 0.324793
v -3.323989 -0.409260 0.548962
v -3.375664 -0.426076 0.438666
v -3.290893 -0.471538 0.485388
v -3.252546 -0.427617 0.573548
v -3.205516 -0.487014 0.501293
v -3.151558 -0.439347 0.589259
v -3.092785 -0.497354 0.511920
v -2.972036 -0.445764 0.597854
v -2.494693 -0.501606 0.516290
v -3.323989 -0.289353 0.672194
v -3.375664 -0.326910 0.571485
v -3.290893 -0.361794 0.632375
v -3.252546 -0.302333 0.702306
v -3.205516 -0.373669 0.653102
v -3.151558 -0.310628 0.721547
v -3.092785 -0.381604 0.666952
v -2.972036 -0.315165 0.732073
v -2.494693 -0.384866 0.672647
v -3.323989 -0.149719 0.749660
v -3.375664 -0.205457 0.665403
v -3.290893 -0.227386 0.736310
v -3.252546 -0.156438 0.783246
v -3.205516 -0.234851 0.760448
v -3.151558 -0.160731 0.804706
v -3.092785 -0.239839 0.776576
v -2.972036 -0.163080 0.816447
v -2.494693 -0.241890 0.783208
v -3.323988 0.000128 0.776082
v -3.375664 -0.069993 0.714018
v -3.290893 -0.077473 0.790110
v -3.252546 0.000128 0.810853
v -3.205516 -0.080019 0.816013
v -3.151558 0.000128 0.833071
v -3.092785 -0.081720 0.833321
v -2.972035 0.000128 0.845226
v -2.494693 -0.082420 0.840438
v -3.323988 0.149974 0.749660
v -3.375664 0.070249 0.714018
v -3.290893 0.077728 0.790110
v -3.252546 0.156693 0.783246
v -3.205515 0.080274 0.816013
v -3.151558 0.160986 0.804706
v -3.092785 0.081976 0.833321
v -2.972035 0.163335 0.816447
v -2.494692 0.082675 0.840438
v -3.323988 0.289608 0.672194
v -3.375664 0.205712 0.665403
v -3.290893 0.227641 0.736310
v -3.252546 0.302589 0.702306
v -3.205515 0.235106 0.760448
v -3.151558 0.310883 0.721547
v -3.092785 0.240094 0.776576
v -2.972035 0.315420 0.732073
v -2.494692 0.242145 0.783208
v -3.323988 0.409515 0.548962
v -3.375664 0.327166 0.571485
v -3.290893 0.362049 0.632374
v -3.252546 0.427872 0.573548
v -3.205515 0.373924 0.653102
v -3.151558 0.439602 0.589259
v -3.092785 0.381859 0.666952
v -2.972035 0.446019 0.597854
v -2.494692 0.385122 0.672647
v -3.323988 0.501523 0.388364
v -3.375664 0.426332 0.438666
v -3.290893 0.471793 0.485388
v -3.252546 0.524005 0.405749
v -3.205515 0.487269 0.501293
v -3.151558 0.538371 0.416858
v -3.092785 0.497610 0.511920
v -2.972035 0.546231 0.422935
v -2.494692 0.501862 0.516290
v -3.323988 0.559362 0.201343
v -3.375664 0.496453 0.275997
v -3.290893 0.549394 0.305367
v -3.252546 0.584437 0.210342
v -3.205515 0.567416 0.315366
v -3.151558 0.600460 0.216093
v -3.092785 0.579458 0.322046
v -2.972035 0.609227 0.219239
v -2.494692 0.584409 0.324793
v -3.323988 0.579089 0.000645
v -3.375664 0.532750 0.094562
v -3.290893 0.589563 0.104580
v -3.252546 0.605050 0.000645
v -3.205515 0.608903 0.107990
v -3.151558 0.621638 0.000645
v -3.092785 0.621825 0.110269
v -2.972035 0.630713 0.000645
v -2.494692 0.627139 0.111206
v -3.323988 0.559362 -0.200053
v -3.375664 0.532750 -0.093272
v -3.290893 0.589563 -0.103290
v -3.252545 0.584437 -0.209052
v -3.205515 0.608903 -0.106700
v -3.151558 0.600461 -0.214802
v -3.092785 0.621825 -0.108979
v -2.972035 0.609227 -0.217948
v -2.494692 0.627139 -0.109916
v -3.323988 0.501523 -0.387074
v -3.375663 0.496453 -0.274707
v -3.290893 0.549394 -0.304077
v -3.252545 0.524005 -0.404459
v -3.205515 0.567416 -0.314075
v -3.151558 0.538371 -0.415568
v -3.092785 0.579458 -0.320756
v -2.972035 0.546231 -0.421645
v -2.494692 0.584409 -0.323503
v -3.323988 0.409515 -0.547672
v -3.375663 0.426332 -0.437376
v -3.290893 0.471793 -0.484098
v -3.252545 0.427872 -0.572258
v -3.205515 0.487269 -0.500003
v -3.151558 0.439602 -0.587969
v -3.092785 0.497610 -0.510630
v -2.972035 0.446019 -0.596564
v -2.494692 0.501862 -0.515000
v -3.323988 0.289608 -0.670903
v -3.375663 0.327166 -0.570195
v -3.290893 0.362049 -0.631084
v -3.252545 0.302589 -0.701015
v -3.205515 0.373924 -0.651812
v -3.151558 0.310883 -0.720257
v -3.092785 0.381859 -0.665662
v -2.972035 0.315421 -0.730783
v -2.494692 0.385122 -0.671357
v -3.323988 0.149974 -0.748370
v -3.375663 0.205712 -0.664112
v -3.290893 0.227641 -0.735019
v -3.252545 0.156693 -0.781955
v -3.205515 0.235106 -0.759157
v -3.151558 0.160986 -0.803416
v -3.092785 0.240094 -0.775286
v -2.972035 0.163335 -0.815157
v -2.494692 0.242145 -0.781918
v -3.375663 0.070249 -0.712728
v -3.290892 0.077728 -0.788820
v -3.205515 0.080274 -0.814723
v -3.092785 0.081976 -0.832031
v -2.494692 0.082675 -0.839148
v -1.423566 0.000128 -0.847322
v -1.423566 0.163990 -0.818429
v -1.423566 -0.163735 -0.818429
v -3.851060 0.000010 -0.017474
v -3.466067 0.116993 -0.583512
v -3.851083 -0.003726 -0.017038
v -3.466066 0.225894 -0.523095
v -1.423566 0.316685 -0.733716
v -3.466066 0.319409 -0.426987
v -1.423566 0.447807 -0.598959
v -3.466066 0.391166 -0.301737
v -1.423566 0.548421 -0.423339
v -3.466066 0.436274 -0.155879
v -1.423566 0.611669 -0.218825
v -3.466066 0.451660 0.000645
v -1.423566 0.633242 0.000645
v -3.466066 0.436274 0.157169
v -1.423566 0.611669 0.220115
v -3.466066 0.391166 0.303027
v -1.423566 0.548421 0.424629
v -3.466066 0.319409 0.428277
v -1.423566 0.447807 0.600249
v -3.466066 0.225894 0.524386
v -1.423566 0.316685 0.735007
v -3.466066 0.116993 0.584802
v -1.423566 0.163990 0.819719
v -3.466066 0.000128 0.605408
v -1.423566 0.000128 0.848613
v -3.466066 -0.116737 0.584802
v -1.423566 -0.163735 0.819719
v -3.466066 -0.225638 0.524386
v -1.423566 -0.316430 0.735007
v -3.466066 -0.319154 0.428277
v -1.423566 -0.447552 0.600249
v -3.466066 -0.390911 0.303027
v -1.423566 -0.548166 0.424629
v -3.466066 -0.436019 0.157169
v -1.423566 -0.611414 0.220115
v -3.466066 -0.451404 0.000645
v -1.423566 -0.632987 0.000645
v -3.466066 -0.436019 -0.155879
v -1.423566 -0.611414 -0.218825
v -3.466066 -0.390910 -0.301737
v -1.423566 -0.548166 -0.423339
v -3.466066 -0.319154 -0.426987
v -1.423566 -0.447552 -0.598958
v -3.466066 -0.225638 -0.523095
v -1.423566 -0.316430 -0.733716
v 3.025433 -0.163232 -0.815918
v 2.547262 -0.082443 -0.839381
v 3.025433 0.000127 -0.844723
v 3.135743 -0.081900 -0.833858
v 3.183136 -0.161410 -0.806807
v 3.183136 0.000127 -0.835291
v 3.227173 -0.080580 -0.820426
v 3.266135 -0.158078 -0.790153
v 3.266135 0.000127 -0.818049
v 3.298561 -0.078604 -0.800325
v 3.329542 -0.152622 -0.762882
v 3.329542 0.000127 -0.789816
v 3.390100 -0.071825 -0.731358
v 3.025433 -0.315460 -0.731465
v 2.547262 -0.241957 -0.782134
v 3.135742 -0.240365 -0.776988
v 3.183136 -0.311938 -0.723296
v 3.227173 -0.236495 -0.764472
v 3.266135 -0.305502 -0.708365
v 3.298561 -0.230702 -0.745740
v 3.329542 -0.294962 -0.683914
v 3.390100 -0.210826 -0.681473
v 3.025433 -0.446180 -0.597121
v 2.547262 -0.384973 -0.671543
v 3.135742 -0.382441 -0.667123
v 3.183136 -0.441200 -0.590451
v 3.227173 -0.376284 -0.656376
v 3.266135 -0.432098 -0.578259
v 3.298561 -0.367069 -0.640290
v 3.329542 -0.417192 -0.558295
v 3.390100 -0.335452 -0.585103
v 3.025433 -0.546485 -0.422039
v 2.547262 -0.501746 -0.515143
v 3.135742 -0.498446 -0.511752
v 3.183136 -0.540386 -0.417323
v 3.227173 -0.490421 -0.503504
v 3.266135 -0.529238 -0.408702
v 3.298561 -0.478412 -0.491162
v 3.329542 -0.510983 -0.394585
v 3.390100 -0.437208 -0.448815
v 3.025433 -0.609540 -0.218152
v 2.547262 -0.584316 -0.323593
v 3.135742 -0.580474 -0.321461
v 3.183136 -0.602737 -0.215711
v 3.227173 -0.571129 -0.316277
v 3.266135 -0.590303 -0.211248
v 3.298561 -0.557143 -0.308518
v 3.329542 -0.569942 -0.203941
v 3.390100 -0.509160 -0.281897
v 3.025433 -0.631047 0.000645
v 2.547262 -0.627058 -0.109946
v 3.135742 -0.622934 -0.109219
v 3.183136 -0.624004 0.000645
v 3.227173 -0.612906 -0.107451
v 3.266135 -0.611131 0.000645
v 3.298561 -0.597898 -0.104804
v 3.329542 -0.590052 0.000645
v 3.390100 -0.546405 -0.095725
v 3.025433 -0.609540 0.219443
v 2.547262 -0.627058 0.111237
v 3.135742 -0.622934 0.110510
v 3.183136 -0.602737 0.217001
v 3.227173 -0.612906 0.108741
v 3.266135 -0.590303 0.212539
v 3.298561 -0.597898 0.106095
v 3.329542 -0.569942 0.205232
v 3.390100 -0.546405 0.097015
v 3.025433 -0.546485 0.423330
v 2.547262 -0.584316 0.324883
v 3.135742 -0.580474 0.322751
v 3.183136 -0.540386 0.418613
v 3.227173 -0.571129 0.317567
v 3.266135 -0.529238 0.409992
v 3.298561 -0.557143 0.309808
v 3.329542 -0.510983 0.395876
v 3.390100 -0.509160 0.283188
v 3.025433 -0.446180 0.598411
v 2.547262 -0.501746 0.516433
v 3.135742 -0.498446 0.513042
v 3.183136 -0.441200 0.591741
v 3.227173 -0.490421 0.504795
v 3.266135 -0.432098 0.579550
v 3.298561 -0.478412 0.492453
v 3.329542 -0.417192 0.559586
v 3.390100 -0.437208 0.450106
v 3.025433 -0.315460 0.732756
v 2.547262 -0.384973 0.672834
v 3.135742 -0.382441 0.668414
v 3.183136 -0.311938 0.724587
v 3.227173 -0.376284 0.657666
v 3.266135 -0.305502 0.709655
v 3.298561 -0.367069 0.641581
v 3.329542 -0.294962 0.685205
v 3.390100 -0.335452 0.586394
v 3.025433 -0.163232 0.817209
v 2.547262 -0.241957 0.783425
v 3.135742 -0.240365 0.778278
v 3.183136 -0.161410 0.808097
v 3.227173 -0.236495 0.765762
v 3.266135 -0.158078 0.791443
v 3.298561 -0.230702 0.747031
v 3.329542 -0.152622 0.764172
v 3.390100 -0.210826 0.682764
v 3.025433 0.000127 0.846014
v 2.547262 -0.082443 0.840671
v 3.135742 -0.081900 0.835148
v 3.183136 0.000127 0.836581
v 3.227173 -0.080580 0.821717
v 3.266135 0.000127 0.819340
v 3.298561 -0.078604 0.801616
v 3.329542 0.000127 0.791107
v 3.390100 -0.071825 0.732649
v 3.025433 0.163487 0.817209
v 2.547262 0.082698 0.840671
v 3.135742 0.082155 0.835149
v 3.183136 0.161664 0.808097
v 3.227173 0.080835 0.821717
v 3.266135 0.158333 0.791443
v 3.298561 0.078859 0.801615
v 3.329542 0.152877 0.764172
v 3.390100 0.072080 0.732649
v 3.025433 0.315714 0.732756
v 2.547262 0.242212 0.783425
v 3.135742 0.240620 0.778279
v 3.183136 0.312193 0.724587
v 3.227173 0.236749 0.765762
v 3.266135 0.305757 0.709655
v 3.298561 0.230956 0.747031
v 3.329542 0.295217 0.685205
v 3.390100 0.211081 0.682764
v 3.025433 0.446435 0.598411
v 2.547262 0.385228 0.672834
v 3.135742 0.382696 0.668414
v 3.183136 0.441455 0.591741
v 3.227173 0.376539 0.657666
v 3.266135 0.432352 0.579550
v 3.298561 0.367323 0.641581
v 3.329542 0.417447 0.559586
v 3.390100 0.335706 0.586394
v 3.025433 0.546740 0.423330
v 2.547262 0.502001 0.516433
v 3.135742 0.498701 0.513042
v 3.183136 0.540641 0.418613
v 3.227173 0.490676 0.504795
v 3.266135 0.529493 0.409993
v 3.298561 0.478666 0.492453
v 3.329542 0.511237 0.395876
v 3.390100 0.437462 0.450106
v 3.025433 0.609795 0.219443
v 2.547262 0.584571 0.324883
v 3.135742 0.580728 0.322751
v 3.183136 0.602992 0.217001
v 3.227173 0.571384 0.317567
v 3.266135 0.590558 0.212539
v 3.298561 0.557398 0.309808
v 3.329542 0.570196 0.205232
v 3.390100 0.509415 0.283188
v 3.025433 0.631301 0.000645
v 2.547262 0.627313 0.111237
v 3.135742 0.623189 0.110510
v 3.183136 0.624259 0.000645
v 3.227173 0.613161 0.108741
v 3.266135 0.611386 0.000645
v 3.298561 0.598152 0.106095
v 3.329542 0.590306 0.000645
v 3.390100 0.546660 0.097015
v 3.025433 0.609795 -0.218152
v 2.547263 0.627313 -0.109946
v 3.135743 0.623189 -0.109219
v 3.183136 0.602992 -0.215711
v 3.227173 0.613161 -0.107451
v 3.266135 0.590558 -0.211248
v 3.298562 0.598152 -0.104804
v 3.329542 0.570196 -0.203941
v 3.390101 0.546660 -0.095725
v 3.025433 0.546740 -0.422039
v 2.547263 0.584571 -0.323593
v 3.135743 0.580728 -0.321461
v 3.183136 0.540641 -0.417323
v 3.227173 0.571384 -0.316277
v 3.266135 0.529493 -0.408702
v 3.298562 0.557398 -0.308518
v 3.329542 0.511237 -0.394585
v 3.390101 0.509415 -0.281897
v 3.025433 0.446435 -0.597121
v 2.547263 0.502000 -0.515143
v 3.135743 0.498701 -0.511752
v 3.183136 0.441455 -0.590451
v 3.227173 0.490676 -0.503505
v 3.266135 0.432352 -0.578259
v 3.298562 0.478667 -0.491162
v 3.329542 0.417447 -0.558295
v 3.390101 0.437462 -0.448815
v 3.025433 0.315714 -0.731465
v 2.547263 0.385228 -0.671543
v 3.135743 0.382696 -0.667123
v 3.183136 0.312193 -0.723296
v 3.227173 0.376539 -0.656376
v 3.266135 0.305757 -0.708365
v 3.298562 0.367323 -0.640290
v 3.329542 0.295217 -0.683914
v 3.390101 0.335706 -0.585103
v 3.025433 0.163487 -0.815918
v 2.547263 0.242212 -0.782134
v 3.135743 0.240620 -0.776988
v 3.183136 0.161664 -0.806807
v 3.227173 0.236749 -0.764472
v 3.266135 0.158333 -0.790153
v 3.298562 0.230956 -0.745740
v 3.329542 0.152877 -0.762882
v 3.390101 0.211081 -0.681473
v 2.547263 0.082698 -0.839381
v 3.135743 0.082155 -0.833858
v 3.227173 0.080835 -0.820426
v 3.298561 0.078859 -0.800325
v 3.390100 0.072080 -0.731358
v 3.505902 0.000127 -0.626776
v 3.997461 0.005921 -0.028431
v 3.505902 -0.121116 -0.605397
v 1.458592 0.000127 -0.847352
v 1.458592 0.163995 -0.818457
v 1.458592 -0.163740 -0.818457
v 1.458592 0.316696 -0.733742
v 3.998478 0.011353 -0.025634
v 1.458592 0.447823 -0.598979
v 3.998393 0.016106 -0.020665
v 1.458592 0.548440 -0.423353
v 3.995446 0.019690 -0.013916
v 1.458592 0.611690 -0.218833
v 3.996771 0.022280 -0.006355
v 1.458592 0.633264 0.000645
v 3.998180 0.023241 0.001108
v 1.458592 0.611690 0.220123
v 3.998602 0.022196 0.008775
v 1.458592 0.548440 0.424644
v 3.999434 0.019779 0.016673
v 1.458592 0.447823 0.600270
v 3.999367 0.016467 0.022207
v 1.458592 0.316696 0.735032
v 3.997072 0.012088 0.026600
v 1.458591 0.163995 0.819748
v 3.997505 0.006312 0.030208
v 1.458591 0.000127 0.848642
v 3.997122 0.000644 0.031489
v 1.458591 -0.163740 0.819747
v 3.997855 -0.005521 0.030402
v 1.458591 -0.316441 0.735032
v 3.998136 -0.011378 0.027409
v 1.458591 -0.447568 0.600270
v 3.998921 -0.015823 0.022682
v 1.458591 -0.548185 0.424644
v 3.999153 -0.019139 0.015990
v 1.458591 -0.611436 0.220123
v 3.997308 -0.021276 0.008365
v 1.458591 -0.633009 0.000645
v 3.998494 -0.022254 0.000964
v 1.458591 -0.611435 -0.218833
v 4.000177 -0.021303 -0.006660
v 1.458592 -0.548185 -0.423353
v 3.997157 -0.018586 -0.014771
v 1.458592 -0.447568 -0.598979
v 3.997225 -0.014997 -0.020220
v 1.458592 -0.316441 -0.733742
v 3.995902 -0.010604 -0.025162
v 3.996206 -0.000017 -0.029500
v 3.804160 0.058628 -0.291774
v 3.997076 -0.005992 -0.028796
v 3.804160 0.113142 -0.261531
v 3.804160 0.159954 -0.213420
v 3.804160 0.195875 -0.150722
v 3.804160 0.218455 -0.077708
v 3.804160 0.226157 0.000645
v 3.804160 0.218455 0.078999
v 3.804160 0.195875 0.152013
v 3.804160 0.159954 0.214711
v 3.804160 0.113142 0.262822
v 3.804160 0.058628 0.293065
v 3.804160 0.000127 0.303380
v 3.804160 -0.058374 0.293065
v 3.804160 -0.112888 0.262822
v 3.804160 -0.159700 0.214711
v 3.804160 -0.195620 0.152013
v 3.804160 -0.218201 0.078999
v 3.804160 -0.225902 0.000645
v 3.804160 -0.218201 -0.077708
v 3.804160 -0.195620 -0.150722
v 3.804160 -0.159700 -0.213421
v 3.804160 -0.112888 -0.261531
v 3.916952 -0.047727 -0.154090
v 3.916952 -0.075997 -0.132229
v 3.916952 -0.099080 -0.101313
v 3.916952 -0.115402 -0.063448
v 3.916952 -0.123851 -0.021216
v 3.916952 -0.123851 0.022507
v 3.916952 -0.115402 0.064739
v 3.916952 -0.099080 0.102603
v 3.916952 -0.075997 0.133520
v 3.916952 -0.047727 0.155381
v 3.916952 -0.016195 0.166697
v 3.916952 0.016449 0.166697
v 3.916952 0.047981 0.155381
v 3.916952 0.076252 0.133520
v 3.916952 0.099335 0.102603
v 3.916952 0.115657 0.064739
v 3.916952 0.124106 0.022507
v 3.916952 0.124106 -0.021216
v 3.916952 0.115657 -0.063448
v 3.916952 0.099335 -0.101313
v 3.916952 0.076252 -0.132229
v 3.916952 0.047981 -0.154090
v 3.916951 -0.016195 -0.165406
v 3.916951 0.016449 -0.165406
v 3.804159 0.000127 -0.302090
v 3.804160 -0.058374 -0.291774
v 3.505902 0.121371 -0.605397
v 3.505902 0.234352 -0.542717
v 3.505902 0.331371 -0.443008
v 3.505902 0.405816 -0.313065
v 3.505902 0.452614 -0.161743
v 3.505902 0.468576 0.000645
v 3.505902 0.452614 0.163034
v 3.505902 0.405816 0.314356
v 3.505902 0.331371 0.444299
v 3.505902 0.234352 0.544008
v 3.505902 0.121371 0.606687
v 3.505902 0.000127 0.628066
v 3.505902 -0.121116 0.606687
v 3.505902 -0.234097 0.544008
v 3.505901 -0.331116 0.444299
v 3.505901 -0.405561 0.314356
v 3.505902 -0.452359 0.163034
v 3.505902 -0.468321 0.000645
v 3.505902 -0.452359 -0.161743
v 3.505902 -0.405561 -0.313065
v 3.505902 -0.331116 -0.443008
v 3.505902 -0.234097 -0.542717
v 3.655246 -0.134857 -0.435826
v 3.655246 -0.214602 -0.374161
v 3.655246 -0.279713 -0.286953
v 3.655246 -0.325753 -0.180147
v 3.655246 -0.349586 -0.061019
v 3.655246 -0.349586 0.062310
v 3.655246 -0.325753 0.181438
v 3.655246 -0.279713 0.288244
v 3.655246 -0.214601 0.375452
v 3.655246 -0.134857 0.437117
v 3.655246 -0.045913 0.469037
v 3.655246 0.046168 0.469037
v 3.655246 0.135111 0.437116
v 3.655246 0.214856 0.375452
v 3.655246 0.279967 0.288244
v 3.655246 0.326008 0.181438
v 3.655246 0.349840 0.062310
v 3.655246 0.349840 -0.061019
v 3.655246 0.326008 -0.180147
v 3.655246 0.279967 -0.286953
v 3.655246 0.214856 -0.374161
v 3.655246 0.135111 -0.435826
v 3.655246 -0.045913 -0.467746
v 3.655246 0.046168 -0.467746
v -3.693800 0.000128 -0.277229
v -3.850977 0.003559 -0.016794
v -3.693800 -0.053569 -0.267761
v -3.851032 0.006971 -0.014970
v -3.850265 0.009636 -0.012717
v -3.849834 0.011818 -0.008781
v -3.851076 0.013279 -0.003740
v -3.849180 0.013871 0.001145
v -3.849586 0.013583 0.006197
v -3.851770 0.012326 0.010816
v -3.850553 0.009806 0.014764
v -3.848934 0.006877 0.018016
v -3.849461 0.003648 0.019577
v -3.850739 -0.000124 0.020137
v -3.851265 -0.003887 0.019569
v -3.849704 -0.007180 0.017551
v -3.848697 -0.010143 0.015004
v -3.849889 -0.012145 0.010838
v -3.851063 -0.013619 0.005981
v -3.850879 -0.014629 0.001067
v -3.850891 -0.014029 -0.003621
v -3.850558 -0.012295 -0.008634
v -3.849551 -0.010154 -0.012742
v -3.851590 -0.007140 -0.015438
v -3.780151 -0.040860 -0.131890
v -3.780151 -0.065075 -0.113165
v -3.780151 -0.084846 -0.086685
v -3.780151 -0.098826 -0.054253
v -3.780151 -0.106063 -0.018080
v -3.780151 -0.106063 0.019370
v -3.780151 -0.098826 0.055543
v -3.780151 -0.084846 0.087974
v -3.780151 -0.065075 0.114455
v -3.780151 -0.040860 0.133180
v -3.780151 -0.013852 0.142872
v -3.780151 0.014108 0.142872
v -3.780151 0.041116 0.133180
v -3.780151 0.065330 0.114455
v -3.780151 0.085101 0.087974
v -3.780151 0.099082 0.055543
v -3.780151 0.106318 0.019370
v -3.780151 0.106318 -0.018080
v -3.780151 0.099082 -0.054253
v -3.780151 0.085101 -0.086685
v -3.780151 0.065330 -0.113165
v -3.780151 0.041116 -0.131890
v -3.780150 -0.013852 -0.141582
v -3.780151 0.014108 -0.141582
v -3.693800 0.053824 -0.267761
v -3.693800 0.103862 -0.240001
v -3.693800 0.146830 -0.195842
v -3.693800 0.179801 -0.138292
v -3.693800 0.200527 -0.071274
v -3.693800 0.207596 0.000645
v -3.693800 0.200527 0.072564
v -3.693800 0.179801 0.139582
v -3.693800 0.146830 0.197132
v -3.693800 0.103862 0.241291
v -3.693800 0.053824 0.269051
v -3.693800 0.000128 0.278519
v -3.693800 -0.053569 0.269051
v -3.693800 -0.103606 0.241291
v -3.693800 -0.146574 0.197132
v -3.693800 -0.179545 0.139582
v -3.693800 -0.200271 0.072564
v -3.693800 -0.207341 0.000645
v -3.693800 -0.200271 -0.071274
v -3.693800 -0.179545 -0.138292
v -3.693800 -0.146574 -0.195842
v -3.693800 -0.103606 -0.240001
v -3.466067 0.000128 -0.604118
v -3.466066 -0.116737 -0.583512
v -3.580223 0.043727 -0.442906
v -3.580223 -0.043471 -0.442906
v -3.580223 0.127953 -0.412678
v -3.580223 0.203469 -0.354284
v -3.580223 0.265127 -0.271702
v -3.580223 0.308726 -0.170559
v -3.580223 0.331294 -0.057750
v -3.580223 0.331294 0.059040
v -3.580223 0.308726 0.171849
v -3.580223 0.265127 0.272992
v -3.580223 0.203469 0.355574
v -3.580223 0.127953 0.413968
v -3.580223 0.043727 0.444196
v -3.580223 -0.043471 0.444196
v -3.580223 -0.127698 0.413968
v -3.580223 -0.203213 0.355574
v -3.580223 -0.264871 0.272992
v -3.580223 -0.308470 0.171849
v -3.580223 -0.331039 0.059040
v -3.580223 -0.331039 -0.057750
v -3.580223 -0.308470 -0.170559
v -3.580223 -0.264871 -0.271701
v -3.580223 -0.203213 -0.354284
v -3.580223 -0.127698 -0.412678
v -3.323989 -0.075441 -0.768149
v -3.252546 -0.078830 -0.802621
v -3.151558 -0.080995 -0.824648
v -2.972034 -0.082179 -0.836700
v -3.323988 -0.221429 -0.715757
v -3.252546 -0.231363 -0.747880
v -3.151558 -0.237711 -0.768406
v -2.972035 -0.241184 -0.779636
v -3.323988 -0.352317 -0.614543
v -3.252546 -0.368121 -0.642128
v -3.151558 -0.378219 -0.659754
v -2.972035 -0.383744 -0.669398
v -3.323988 -0.459188 -0.471405
v -3.252546 -0.479783 -0.492572
v -3.151558 -0.492943 -0.506097
v -2.972035 -0.500143 -0.513497
v -3.323988 -0.534757 -0.296098
v -3.252546 -0.558740 -0.309404
v -3.151558 -0.574066 -0.317906
v -2.972035 -0.582450 -0.322558
v -3.323988 -0.573874 -0.100569
v -3.252546 -0.599612 -0.105107
v -3.151558 -0.616058 -0.108007
v -2.972035 -0.625056 -0.109593
v -3.323988 -0.573874 0.101859
v -3.252546 -0.599612 0.106397
v -3.151558 -0.616058 0.109297
v -2.972035 -0.625056 0.110884
v -3.323988 -0.534756 0.297388
v -3.252546 -0.558740 0.310694
v -3.151558 -0.574066 0.319196
v -2.972035 -0.582450 0.323848
v -3.323988 -0.459188 0.472696
v -3.252546 -0.479783 0.493862
v -3.151558 -0.492943 0.507387
v -2.972035 -0.500143 0.514787
v -3.323988 -0.352317 0.615833
v -3.252546 -0.368121 0.643418
v -3.151558 -0.378219 0.661044
v -2.972035 -0.383744 0.670688
v -3.323988 -0.221429 0.717047
v -3.252546 -0.231363 0.749170
v -3.151558 -0.237711 0.769696
v -2.972035 -0.241184 0.780926
v -3.323988 -0.075441 0.769439
v -3.252546 -0.078830 0.803911
v -3.151558 -0.080995 0.825939
v -2.972035 -0.082179 0.837990
v -3.323988 0.075696 0.769439
v -3.252546 0.079085 0.803911
v -3.151558 0.081250 0.825939
v -2.972035 0.082435 0.837990
v -3.323988 0.221684 0.717047
v -3.252546 0.231618 0.749170
v -3.151558 0.237966 0.769696
v -2.972035 0.241439 0.780926
v -3.323988 0.352573 0.615833
v -3.252546 0.368376 0.643418
v -3.151558 0.378474 0.661044
v -2.972035 0.383999 0.670688
v -3.323988 0.459443 0.472696
v -3.252546 0.480039 0.493862
v -3.151558 0.493199 0.507387
v -2.972035 0.500399 0.514787
v -3.323988 0.535012 0.297388
v -3.252546 0.558996 0.310694
v -3.151558 0.574321 0.319196
v -2.972035 0.582706 0.323848
v -3.323988 0.574129 0.101859
v -3.252546 0.599867 0.106397
v -3.151558 0.616313 0.109297
v -2.972035 0.625311 0.110884
v -3.323988 0.574129 -0.100569
v -3.252545 0.599867 -0.105107
v -3.151558 0.616313 -0.108007
v -2.972035 0.625311 -0.109593
v -3.323988 0.535012 -0.296098
v -3.252545 0.558996 -0.309404
v -3.151558 0.574321 -0.317906
v -2.972035 0.582706 -0.322558
v -3.323988 0.459443 -0.471405
v -3.252545 0.480038 -0.492572
v -3.151558 0.493199 -0.506097
v -2.972035 0.500399 -0.513497
v -3.323988 0.352573 -0.614543
v -3.252545 0.368376 -0.642128
v -3.151558 0.378474 -0.659754
v -2.972035 0.383999 -0.669397
v -3.323988 0.221684 -0.715757
v -3.252545 0.231618 -0.747880
v -3.151558 0.237966 -0.768406
v -2.972035 0.241439 -0.779636
v -3.323988 0.075696 -0.768149
v -3.252545 0.079085 -0.802621
v -3.151558 0.081250 -0.824648
v -2.972035 0.082435 -0.836700
v -1.423566 0.082765 -0.840058
v -1.423566 -0.082509 -0.840057
v -3.851027 0.001802 -0.017292
v -3.850973 -0.001864 -0.017396
v -3.851042 0.005322 -0.015960
v -1.423566 0.242407 -0.782765
v -3.850749 0.008388 -0.013967
v -1.423566 0.385539 -0.672084
v -3.849795 0.010793 -0.010971
v -1.423566 0.502405 -0.515558
v -3.850618 0.012653 -0.006296
v -1.423566 0.585042 -0.323854
v -3.850282 0.013686 -0.001290
v -1.423566 0.627818 -0.110035
v -3.848917 0.013834 0.003672
v -1.423566 0.627818 0.111326
v -3.850856 0.013108 0.008593
v -1.423566 0.585042 0.325144
v -3.851523 0.011178 0.012856
v -1.423566 0.502405 0.516849
v -3.849545 0.008364 0.016551
v -1.423566 0.385538 0.673375
v -3.848976 0.005324 0.018982
v -1.423566 0.242407 0.784055
v -3.850098 0.001808 0.019963
v -1.423566 0.082765 0.841348
v -3.851231 -0.002051 0.020042
v -1.423566 -0.082509 0.841348
v -3.850633 -0.005576 0.018666
v -1.423566 -0.242152 0.784056
v -3.848950 -0.008744 0.016409
v -1.423566 -0.385283 0.673375
v -3.849112 -0.011255 0.013097
v -1.423566 -0.502150 0.516849
v -3.850629 -0.012914 0.008443
v -1.423566 -0.584787 0.325144
v -3.851054 -0.014259 0.003495
v -1.423566 -0.627563 0.111326
v -3.850835 -0.014534 -0.001256
v -1.423566 -0.627563 -0.110035
v -3.850896 -0.013235 -0.006143
v -1.423566 -0.584787 -0.323854
v -3.849799 -0.011304 -0.010862
v -1.423566 -0.502150 -0.515558
v -3.850530 -0.008735 -0.014247
v -1.423566 -0.385283 -0.672084
v -3.851565 -0.005477 -0.016376
v -1.423566 -0.242152 -0.782765
v 3.025433 -0.082256 -0.837480
v 3.183136 -0.081337 -0.828129
v 3.266135 -0.079657 -0.811035
v 3.329542 -0.076905 -0.783044
v 3.025433 -0.241409 -0.780364
v 3.183136 -0.238714 -0.771649
v 3.266135 -0.233788 -0.755720
v 3.329542 -0.225721 -0.729637
v 3.025433 -0.384102 -0.670022
v 3.183136 -0.379815 -0.662539
v 3.266135 -0.371978 -0.648860
v 3.329542 -0.359146 -0.626462
v 3.025433 -0.500610 -0.513976
v 3.183136 -0.495023 -0.508234
v 3.266135 -0.484810 -0.497738
v 3.329542 -0.468087 -0.480551
v 3.025433 -0.582994 -0.322859
v 3.183136 -0.576488 -0.319250
v 3.266135 -0.564595 -0.312652
v 3.329542 -0.545120 -0.301847
v 3.025433 -0.625639 -0.109696
v 3.183136 -0.618657 -0.108465
v 3.266135 -0.605894 -0.106214
v 3.329542 -0.584995 -0.102529
v 3.025433 -0.625639 0.110987
v 3.183136 -0.618657 0.109755
v 3.266135 -0.605894 0.107505
v 3.329542 -0.584995 0.103820
v 3.025433 -0.582994 0.324150
v 3.183136 -0.576488 0.320540
v 3.266135 -0.564595 0.313942
v 3.329542 -0.545120 0.303138
v 3.025433 -0.500610 0.515267
v 3.183136 -0.495023 0.509524
v 3.266135 -0.484810 0.499029
v 3.329542 -0.468087 0.481842
v 3.025433 -0.384102 0.671313
v 3.183136 -0.379815 0.663830
v 3.266135 -0.371978 0.650151
v 3.329542 -0.359146 0.627753
v 3.025433 -0.241409 0.781654
v 3.183136 -0.238714 0.772940
v 3.266135 -0.233788 0.757011
v 3.329542 -0.225722 0.730927
v 3.025433 -0.082256 0.838771
v 3.183136 -0.081337 0.829419
v 3.266135 -0.079657 0.812325
v 3.329542 -0.076905 0.784334
v 3.025433 0.082511 0.838771
v 3.183136 0.081592 0.829419
v 3.266135 0.079912 0.812325
v 3.329542 0.077160 0.784335
v 3.025433 0.241664 0.781654
v 3.183136 0.238969 0.772940
v 3.266135 0.234043 0.757011
v 3.329542 0.225976 0.730927
v 3.025433 0.384357 0.671313
v 3.183136 0.380070 0.663830
v 3.266135 0.372233 0.650151
v 3.329542 0.359401 0.627753
v 3.025433 0.500865 0.515267
v 3.183136 0.495278 0.509525
v 3.266135 0.485065 0.499029
v 3.329542 0.468342 0.481842
v 3.025433 0.583249 0.324150
v 3.183136 0.576742 0.320540
v 3.266135 0.564849 0.313942
v 3.329542 0.545375 0.303138
v 3.025433 0.625894 0.110987
v 3.183136 0.618912 0.109755
v 3.266135 0.606149 0.107505
v 3.329542 0.585250 0.103820
v 3.025433 0.625894 -0.109696
v 3.183136 0.618912 -0.108465
v 3.266135 0.606149 -0.106214
v 3.329542 0.585250 -0.102529
v 3.025433 0.583249 -0.322859
v 3.183136 0.576742 -0.319250
v 3.266135 0.564849 -0.312652
v 3.329542 0.545375 -0.301847
v 3.025433 0.500865 -0.513976
v 3.183136 0.495278 -0.508234
v 3.266135 0.485065 -0.497738
v 3.329542 0.468342 -0.480551
v 3.025433 0.384357 -0.670022
v 3.183136 0.380070 -0.662539
v 3.266135 0.372233 -0.648860
v 3.329542 0.359401 -0.626462
v 3.025433 0.241664 -0.780364
v 3.183136 0.238969 -0.771649
v 3.266135 0.234043 -0.755720
v 3.329542 0.225976 -0.729637
v 3.025433 0.082511 -0.837480
v 3.183136 0.081592 -0.828129
v 3.266135 0.079912 -0.811035
v 3.329542 0.077160 -0.783044
v 3.505902 0.061271 -0.621400
v 3.505902 -0.061017 -0.621400
v 1.458592 0.082767 -0.840087
v 1.458592 -0.082512 -0.840087
v 1.458592 0.242415 -0.782792
v 3.505901 0.179393 -0.579009
v 1.458592 0.385552 -0.672108
v 3.505902 0.285297 -0.497115
v 1.458592 0.502422 -0.515576
v 3.505902 0.371768 -0.381299
v 1.458592 0.585062 -0.323865
v 3.505901 0.432912 -0.239455
v 1.458592 0.627840 -0.110039
v 3.505901 0.464563 -0.081248
v 1.458592 0.627840 0.111330
v 3.505901 0.464563 0.082539
v 1.458592 0.585062 0.325156
v 3.505901 0.432912 0.240746
v 1.458592 0.502422 0.516867
v 3.505901 0.371768 0.382590
v 1.458592 0.385552 0.673398
v 3.505901 0.285297 0.498406
v 1.458592 0.242415 0.784083
v 3.505901 0.179393 0.580299
v 1.458591 0.082767 0.841377
v 3.505901 0.061271 0.622691
v 1.458591 -0.082512 0.841377
v 3.505901 -0.061017 0.622691
v 1.458591 -0.242160 0.784083
v 3.505901 -0.179138 0.580299
v 1.458591 -0.385297 0.673398
v 3.505901 -0.285043 0.498406
v 1.458591 -0.502167 0.516867
v 3.505901 -0.371513 0.382590
v 1.458591 -0.584807 0.325156
v 3.505901 -0.432657 0.240746
v 1.458591 -0.627585 0.111330
v 3.505901 -0.464308 0.082539
v 1.458591 -0.627585 -0.110039
v 3.505901 -0.464308 -0.081248
v 1.458591 -0.584807 -0.323865
v 3.505901 -0.432657 -0.239455
v 1.458592 -0.502167 -0.515576
v 3.505901 -0.371513 -0.381299
v 1.458592 -0.385297 -0.672108
v 3.505901 -0.285043 -0.497115
v 1.458592 -0.242160 -0.782792
v 3.505901 -0.179138 -0.579009
v 3.996445 -0.008408 -0.027290
v 3.996512 -0.012842 -0.022722
v 3.997027 -0.016899 -0.017742
v 3.998737 -0.020100 -0.010888
v 3.999822 -0.022038 -0.002729
v 3.997461 -0.021955 0.004629
v 3.998182 -0.020344 0.012201
v 3.999314 -0.017621 0.019541
v 3.998456 -0.013771 0.025288
v 3.998028 -0.008580 0.029120
v 3.997409 -0.002389 0.031211
v 3.997347 0.003484 0.031173
v 3.997122 0.009273 0.028599
v 3.998132 0.014464 0.024467
v 3.999726 0.018228 0.019715
v 3.998978 0.021119 0.012876
v 3.998408 0.022941 0.004858
v 3.997662 0.023008 -0.002606
v 3.995685 0.021135 -0.010164
v 3.996798 0.018032 -0.017460
v 3.998816 0.013853 -0.023414
v 3.998053 0.008701 -0.027286
v 3.996697 -0.003117 -0.029465
v 3.996622 0.003015 -0.029151
v 3.804159 -0.086369 -0.279042
v 3.804159 -0.137469 -0.239527
v 3.804159 -0.179192 -0.183646
v 3.804159 -0.208694 -0.115205
v 3.804159 -0.223966 -0.038869
v 3.804159 -0.223966 0.040160
v 3.804159 -0.208694 0.116496
v 3.804159 -0.179192 0.184937
v 3.804159 -0.137469 0.240818
v 3.804159 -0.086369 0.280333
v 3.804159 -0.029375 0.300787
v 3.804159 0.029630 0.300787
v 3.804159 0.086624 0.280333
v 3.804159 0.137724 0.240818
v 3.804159 0.179446 0.184937
v 3.804159 0.208949 0.116496
v 3.804159 0.224220 0.040160
v 3.804159 0.224221 -0.038869
v 3.804159 0.208949 -0.115205
v 3.804159 0.179447 -0.183646
v 3.804159 0.137724 -0.239527
v 3.804159 0.086624 -0.279042
v 3.804159 -0.029375 -0.299496
v 3.804159 0.029630 -0.299496
v -3.693800 -0.079266 -0.256074
v -3.693800 -0.126169 -0.219805
v -3.693800 -0.164466 -0.168512
v -3.693800 -0.191546 -0.105692
v -3.693800 -0.205563 -0.035624
v -3.693800 -0.205563 0.036914
v -3.693800 -0.191546 0.106982
v -3.693800 -0.164466 0.169802
v -3.693800 -0.126169 0.221095
v -3.693800 -0.079266 0.257364
v -3.693800 -0.026952 0.276139
v -3.693800 0.027207 0.276139
v -3.693800 0.079521 0.257364
v -3.693800 0.126425 0.221095
v -3.693800 0.164721 0.169802
v -3.693800 0.191801 0.106982
v -3.693800 0.205819 0.036914
v -3.693800 0.205819 -0.035624
v -3.693800 0.191801 -0.105692
v -3.693800 0.164721 -0.168512
v -3.693800 0.126425 -0.219805
v -3.693800 0.079521 -0.256074
v -3.693800 -0.026952 -0.274849
v -3.693801 0.027207 -0.274849
v -3.466066 0.059064 -0.598937
v -3.466067 -0.058808 -0.598937
v -3.466066 0.172919 -0.558077
v -3.466066 0.275000 -0.479140
v -3.466066 0.358348 -0.367507
v -3.466066 0.417284 -0.230785
v -3.466066 0.447791 -0.078291
v -3.466066 0.447791 0.079582
v -3.466066 0.417284 0.232075
v -3.466066 0.358348 0.368797
v -3.466066 0.275000 0.480430
v -3.466066 0.172919 0.559367
v -3.466066 0.059064 0.600227
v -3.466066 -0.058808 0.600227
v -3.466066 -0.172664 0.559367
v -3.466066 -0.274744 0.480430
v -3.466066 -0.358092 0.368797
v -3.466066 -0.417028 0.232075
v -3.466066 -0.447536 0.079582
v -3.466066 -0.447536 -0.078291
v -3.466066 -0.417028 -0.230785
v -3.466066 -0.358092 -0.367507
v -3.466066 -0.274744 -0.479140
v -3.466066 -0.172664 -0.558077
v 6.732543 0.017654 -0.854608
v -6.939335 -0.001546 -0.696652
v 6.947009 0.220343 -0.746648
v -6.824083 0.084521 -0.882264
v 7.174476 0.243651 -0.795410
v -7.153492 0.221096 -0.714990
v 7.180720 0.377142 -0.632560
v -6.853407 0.415861 -0.607423
v 6.495191 0.565600 -0.350266
v -6.682979 0.546341 -0.455062
v 6.751570 0.650956 -0.031326
v -6.663695 0.625440 -0.215591
v 6.832390 0.634196 0.025375
v -6.628497 0.654869 0.047685
v 6.991934 0.590573 0.178178
v -6.320587 0.638860 0.329710
v 7.063455 0.533258 0.515415
v -6.753344 0.589329 0.504983
v 6.665911 0.395642 0.575653
v -6.721471 0.376160 0.687594
v 6.571691 0.340855 0.651439
v -6.192499 0.213841 0.716087
v 6.480977 0.186273 0.817610
v -6.407731 0.172897 0.825697
v 6.575913 0.095675 0.990537
v -6.882042 -0.019906 0.879933
v 6.634521 -0.138946 0.860306
v -7.126346 -0.236219 0.887793
v 6.543653 -0.329884 0.747005
v -6.749116 -0.294850 0.811393
v 6.818642 -0.438291 0.601474
v -6.729907 -0.469486 0.677664
v 7.295558 -0.496685 0.408184
v -7.013450 -0.480615 0.333526
v 7.097612 -0.605044 0.248679
v -6.907080 -0.594544 0.138285
v 6.934013 -0.628594 0.045944
v -6.635522 -0.705239 0.003206
v 6.872806 -0.595241 -0.171698
v -6.719120 -0.630468 -0.213782
v 6.561458 -0.454368 -0.502703
v -6.781117 -0.523189 -0.444000
v 7.117632 -0.357432 -0.531039
v -6.927258 -0.339862 -0.686757
v 6.583399 -0.232233 -0.649381
v -7.176463 -0.258266 -0.730227
v 6.685514 -0.210609 -0.859664
v -7.236171 -0.199231 -0.728305
v 4.163697 -0.009912 -0.167162
v -4.094105 0.004076 -0.124885
v -4.090946 0.026955 -0.118814
v 4.201637 0.024618 -0.160435
v -4.093054 0.052265 -0.107389
v 4.232354 0.053747 -0.150813
v -4.063909 0.063927 -0.113828
v 4.229776 0.081427 -0.119809
v -4.047547 0.078085 -0.084290
v 4.140753 0.100743 -0.071169
v -4.094727 0.090361 -0.032541
v 4.180786 0.123090 -0.023553
v -4.022736 0.098129 0.003093
v 4.223328 0.133039 0.007876
v -4.038143 0.101900 0.045081
v 4.236082 0.120553 0.045508
v -4.121040 0.097343 0.080810
v 4.261231 0.103442 0.103306
v -4.074858 0.070389 0.110832
v 4.259220 0.092333 0.115233
v -4.013402 0.048679 0.142294
v 4.189843 0.075943 0.128825
v -4.033406 0.030339 0.143719
v 4.202951 0.036440 0.162938
v -4.081899 -0.000997 0.145267
v 4.191368 0.010059 0.176084
v -4.101885 -0.031996 0.143423
v 4.213519 -0.031317 0.168807
v -4.042613 -0.052777 0.124634
v 4.222006 -0.073291 0.153268
v -4.004404 -0.075748 0.119937
v 4.245718 -0.091664 0.129598
v -4.049622 -0.083084 0.081663
v 4.252736 -0.102889 0.082660
v -4.094217 -0.095859 0.036888
v 4.197002 -0.111529 0.033098
v -4.087217 -0.119475 0.000161
v 4.232837 -0.122007 0.003550
v -4.087689 -0.111413 -0.027995
v 4.283673 -0.112344 -0.032759
v -4.075044 -0.088785 -0.078709
v 4.192424 -0.086178 -0.097024
v -4.036810 -0.076168 -0.114782
v 4.194484 -0.066705 -0.106366
v -4.114225 -0.051241 -0.125132
v 4.154512 -0.049898 -0.136551
v -4.094978 -0.025868 -0.128073
v 4.189974 -0.045565 -0.171458
v -5.401519 0.015640 -0.412219
v -5.369675 0.081798 -0.425871
v -5.433009 0.168802 -0.372820
v -5.266411 0.216137 -0.413302
v -5.172563 0.270136 -0.312310
v -5.358066 0.317098 -0.114957
v -5.064236 0.347845 0.018277
v -5.074547 0.365491 0.180055
v -5.478262 0.354332 0.302625
v -5.288220 0.235367 0.410595
v -4.954233 0.153248 0.508537
v -5.070122 0.110062 0.511981
v -5.343144 -0.007709 0.520209
v -5.463805 -0.128054 0.521148
v -5.163846 -0.183948 0.453783
v -5.007812 -0.273166 0.445360
v -5.235937 -0.279987 0.277463
v -5.396593 -0.334747 0.115378
v -5.323330 -0.442434 -0.000864
v -5.339153 -0.402950 -0.096473
v -5.298902 -0.309887 -0.288141
v -5.170328 -0.253245 -0.430338
v -5.521517 -0.171710 -0.446333
v -5.454480 -0.097378 -0.437247
v 5.355950 0.079445 -0.491571
v 5.516732 0.148271 -0.489822
v 5.507462 0.236952 -0.384182
v 5.037116 0.311641 -0.201891
v 5.239976 0.393893 -0.027347
v 5.423613 0.423608 0.033689
v 5.501222 0.373681 0.135553
v 5.613738 0.317045 0.353874
v 5.539436 0.283660 0.352307
v 5.246225 0.253256 0.373786
v 5.283538 0.121054 0.509324
v 5.253029 0.055780 0.580967
v 5.351400 -0.093481 0.539913
v 5.370205 -0.241627 0.487488
v 5.510882 -0.288896 0.414069
v 5.618442 -0.309545 0.253421
v 5.362512 -0.340803 0.097666
v 5.478588 -0.379352 0.019814
v 5.671731 -0.342427 -0.087565
v 5.254843 -0.235647 -0.330716
v 5.355776 -0.175583 -0.313492
v 5.106851 -0.131779 -0.408437
v 5.265719 -0.162418 -0.554499
v 5.168450 -0.037107 -0.526713
v 6.819395 0.142197 -0.787561
v -6.811777 0.050753 -0.800917
v -6.173131 0.010113 -0.560916
v 6.130750 0.142569 -0.633585
v 7.062289 0.237196 -0.772569
v -7.011070 0.139923 -0.826186
v 6.333696 0.197910 -0.652995
v 7.269877 0.292352 -0.741476
v -7.053562 0.319994 -0.649454
v 6.329860 0.311867 -0.515485
v 6.809664 0.476418 -0.504054
v -6.732902 0.490210 -0.545102
v 5.728000 0.438824 -0.277141
v 6.550463 0.624182 -0.171273
v -6.659088 0.591313 -0.341105
v 5.971621 0.529449 -0.029509
v 6.824555 0.650872 0.016169
v -6.687667 0.647251 -0.088572
v 6.130703 0.542866 0.033409
v 6.891087 0.611667 0.067976
v -6.430743 0.648722 0.196996
v 6.248875 0.491023 0.163439
v 7.082903 0.571697 0.357652
v -6.495111 0.629178 0.421775
v 6.355285 0.429401 0.448601
v 6.873831 0.461286 0.570624
v -6.845109 0.494489 0.607560
v 6.142700 0.351495 0.470332
v 6.589152 0.370173 0.600377
v -6.428679 0.275233 0.707371
v 5.902841 0.309576 0.514611
v 6.520717 0.265390 0.722387
v -6.212972 0.196109 0.764875
v 5.891641 0.157335 0.674498
v 6.509628 0.145172 0.929364
v -6.645531 0.096736 0.861699
v 5.909234 0.077205 0.793730
v 6.630106 -0.010240 0.947546
v -7.077857 -0.146000 0.892501
v 6.000674 -0.119176 0.712873
v 6.578022 -0.246568 0.797201
v -6.961766 -0.264339 0.855145
v 5.976686 -0.297148 0.631604
v 6.619379 -0.394202 0.683668
v -6.668530 -0.384642 0.766778
v 6.185116 -0.372444 0.523283
v 7.102327 -0.464581 0.503562
v -6.883778 -0.484162 0.511447
v 6.452811 -0.409411 0.335976
v 7.254798 -0.552397 0.329309
v -7.015538 -0.521423 0.213315
v 6.196444 -0.474322 0.166032
v 6.977926 -0.626665 0.148608
v -6.746276 -0.668067 0.076861
v 6.209784 -0.510188 0.032226
v 6.945468 -0.624143 -0.047143
v -6.650912 -0.682071 -0.099002
v 6.317703 -0.471456 -0.127936
v 6.642190 -0.527715 -0.353332
v -6.755698 -0.583523 -0.324474
v 5.904609 -0.341415 -0.427636
v 6.865733 -0.405876 -0.539066
v -6.834826 -0.431237 -0.579672
v 6.199945 -0.261693 -0.425643
v 6.904291 -0.286140 -0.565049
v -7.053522 -0.283894 -0.725768
v 5.811777 -0.181957 -0.537718
v 6.563440 -0.227972 -0.764745
v -7.251442 -0.243109 -0.737624
v 5.962484 -0.195682 -0.722761
v 6.721345 -0.117614 -0.887683
v -7.110357 -0.101649 -0.689943
v 4.563661 -0.028369 -0.326799
v -4.641816 0.054941 -0.240857
v -4.654741 0.108120 -0.216972
v -4.564694 0.126441 -0.253041
v -4.514106 0.155081 -0.190746
v -4.649345 0.182732 -0.067025
v -4.441638 0.202506 0.008663
v -4.479519 0.216185 0.103012
v -4.726864 0.211344 0.179335
v -4.593426 0.144191 0.243653
v -4.405719 0.097659 0.314900
v -4.467715 0.066510 0.308837
v -4.617013 -0.003522 0.310171
v -4.679562 -0.073078 0.309280
v -4.501296 -0.111611 0.266115
v -4.391047 -0.162027 0.269623
v -4.526954 -0.168569 0.178217
v -4.652951 -0.198377 0.075468
v -4.627167 -0.265410 -0.000693
v -4.630267 -0.243843 -0.053918
v -4.595201 -0.185846 -0.174470
v -4.488327 -0.160536 -0.257436
v -4.716083 -0.106434 -0.268301
v -4.661991 -0.054691 -0.264269
v 4.178532 -0.030517 -0.172532
v -4.090792 -0.010643 -0.126890
v 4.170927 -0.049218 -0.157469
v -4.113257 -0.038812 -0.127258
v 4.172933 -0.056643 -0.117310
v -4.073997 -0.064813 -0.122001
v 4.188504 -0.075910 -0.105241
v -4.046233 -0.082572 -0.100339
v 4.240182 -0.099534 -0.067638
v -4.087891 -0.099471 -0.052069
v 4.272961 -0.120290 -0.010184
v -4.085563 -0.119567 -0.012486
v 4.201619 -0.117777 0.016408
v -4.093872 -0.109144 0.016763
v 4.223401 -0.106921 0.056153
v -4.077737 -0.087254 0.058659
v 4.257593 -0.097699 0.108431
v -4.020171 -0.080706 0.104448
v 4.231658 -0.084724 0.143662
v -4.014010 -0.065146 0.123341
v 4.218763 -0.054425 0.161597
v -4.077902 -0.042605 0.133466
v 4.200061 -0.008527 0.174128
v -4.100600 -0.017748 0.146612
v 4.198161 0.022808 0.172979
v -4.057579 0.015938 0.143613
v 4.191383 0.056556 0.145849
v -4.014998 0.040439 0.145485
v 4.221913 0.086868 0.118857
v -4.036595 0.058159 0.128748
v 4.270042 0.097253 0.113670
v -4.111676 0.085207 0.095327
v 4.247456 0.111535 0.076555
v -4.086353 0.102066 0.064338
v 4.230227 0.128763 0.023337
v -4.012764 0.100421 0.023499
v 4.207689 0.130807 -0.006457
v -4.064589 0.094798 -0.013799
v 4.147943 0.112044 -0.045787
v -4.077299 0.084795 -0.057867
v 4.181598 0.091347 -0.096710
v -4.046085 0.070565 -0.104462
v 4.242577 0.068412 -0.138231
v -4.082270 0.059061 -0.111363
v 4.219514 0.039299 -0.157355
v -4.093413 0.040376 -0.111470
v 4.176269 0.008630 -0.163060
v -4.092831 0.015695 -0.122926
v -4.653301 0.011443 -0.250200
v -6.104416 0.089486 -0.645895
v -6.281782 0.203784 -0.542024
v -6.045336 0.314590 -0.527039
v -5.911577 0.404062 -0.396862
v -6.031278 0.468068 -0.165238
v -5.814971 0.501020 0.031877
v -5.696971 0.506790 0.256233
v -6.150332 0.479411 0.410363
v -6.006731 0.311682 0.557627
v -5.562220 0.190144 0.635654
v -5.729331 0.144821 0.681995
v -6.109723 -0.013399 0.709495
v -6.291925 -0.182939 0.713524
v -5.932454 -0.244184 0.636729
v -5.817377 -0.375607 0.577494
v -6.089402 -0.384158 0.323410
v -6.156640 -0.467674 0.134001
v -5.995952 -0.586537 0.000648
v -6.040792 -0.529158 -0.151795
v -6.038305 -0.422010 -0.375753
v -6.009280 -0.309251 -0.570981
v -6.351963 -0.220907 -0.598754
v -6.330131 -0.146822 -0.591171
v -5.416773 -0.039896 -0.420884
v -5.530145 -0.137462 -0.444182
v -5.340118 -0.213583 -0.447998
v -5.192611 -0.280860 -0.374929
v -5.346056 -0.353813 -0.185768
v -5.319278 -0.440254 -0.041668
v -5.368411 -0.396230 0.051000
v -5.348746 -0.294592 0.189517
v -5.096520 -0.282214 0.375908
v -5.036005 -0.231705 0.456110
v -5.340444 -0.156176 0.484516
v -5.450583 -0.075706 0.529447
v -5.206445 0.059448 0.512315
v -4.964033 0.135328 0.517547
v -5.086368 0.184715 0.467835
v -5.456098 0.301131 0.355442
v -5.296474 0.370990 0.246976
v -4.991391 0.357303 0.097967
v -5.241508 0.334567 -0.045180
v -5.287587 0.295595 -0.211733
v -5.175032 0.241849 -0.385661
v -5.373219 0.195782 -0.392730
v -5.410707 0.125713 -0.395794
v -5.375160 0.050811 -0.423522
v 4.677203 0.041729 -0.311099
v 4.770255 0.094841 -0.301715
v 4.762975 0.150480 -0.236651
v 4.492752 0.189433 -0.126722
v 4.613187 0.242569 -0.024861
v 4.737178 0.266426 0.021948
v 4.777171 0.234018 0.088594
v 4.850965 0.196518 0.220108
v 4.836900 0.182220 0.219863
v 4.635479 0.160680 0.233052
v 4.671275 0.075008 0.317327
v 4.639951 0.030672 0.352833
v 4.704855 -0.059776 0.335087
v 4.727364 -0.153310 0.305319
v 4.801262 -0.181666 0.261700
v 4.831377 -0.194650 0.158519
v 4.667016 -0.208858 0.054385
v 4.766634 -0.235075 0.009940
v 4.911513 -0.210995 -0.054253
v 4.642685 -0.145723 -0.204230
v 4.660193 -0.108224 -0.195889
v 4.534145 -0.084021 -0.257670
v 4.638227 -0.102232 -0.345144
v 5.914717 -0.018351 -0.701331
v 5.233214 0.029906 -0.501584
v 5.446678 0.114491 -0.495615
v 5.573526 0.191794 -0.451323
v 5.252908 0.274736 -0.298537
v 5.075090 0.354238 -0.104135
v 5.359756 0.419290 0.012207
v 5.460995 0.404582 0.065250
v 5.561880 0.343457 0.254180
v 5.617377 0.295838 0.373384
v 5.377417 0.278585 0.346223
v 5.243890 0.188219 0.437143
v 5.269152 0.087114 0.560806
v 5.296834 -0.008304 0.568431
v 5.362959 -0.177362 0.512601
v 5.421433 -0.274823 0.459323
v 5.605663 -0.298977 0.341253
v 5.494307 -0.322590 0.167847
v 5.361033 -0.363945 0.050973
v 5.640993 -0.373574 -0.013253
v 5.459331 -0.288930 -0.221880
v 5.289876 -0.202036 -0.338496
v 5.234016 -0.144487 -0.338233
v 5.169182 -0.153438 -0.494769
v 5.225923 -0.114160 -0.556158
v -6.103188 0.054997 -0.611092
v -6.208590 0.141671 -0.602670
v -6.200078 0.262059 -0.529492
v -5.933557 0.362113 -0.483265
v -5.980952 0.439595 -0.282073
v -5.960883 0.488832 -0.066379
v -5.684552 0.505061 0.146596
v -5.920446 0.506811 0.338954
v -6.172375 0.404608 0.487742
v -5.749011 0.236266 0.604534
v -5.577274 0.171107 0.661347
v -5.919659 0.079616 0.696709
v -6.263137 -0.110831 0.721000
v -6.140254 -0.213182 0.675310
v -5.811825 -0.313043 0.620607
v -5.940874 -0.387432 0.462767
v -6.167807 -0.410537 0.214764
v -6.071939 -0.539706 0.065501
v -5.999417 -0.575662 -0.068201
v -6.060398 -0.476479 -0.257465
v -5.987049 -0.365000 -0.489931
v -6.177306 -0.259655 -0.598491
v -4.647339 -0.020819 -0.256894
v -6.388355 -0.191692 -0.599958
v -6.253096 -0.068193 -0.564195
v -4.714864 -0.081296 -0.267360
v 4.606077 -0.073585 -0.344407
v 4.580921 -0.097116 -0.310216
v 4.593790 -0.090503 -0.213155
v 4.637754 -0.124571 -0.209817
v 4.781672 -0.178189 -0.136909
v 4.882229 -0.231151 -0.008927
v 4.677797 -0.223980 0.026489
v 4.746189 -0.199939 0.100941
v 4.841314 -0.188438 0.215802
v 4.756691 -0.173488 0.288941
v 4.718755 -0.112471 0.320312
v 4.666074 -0.008127 0.347794
v 4.658099 0.051515 0.344113
v 4.638844 0.118508 0.273480
v 4.728045 0.178667 0.215893
v 4.872345 0.186605 0.232260
v 4.811767 0.213124 0.160188
v 4.758237 0.254769 0.044730
v 4.692057 0.261461 0.003106
v 4.514575 0.215680 -0.070296
v 4.616733 0.169940 -0.184561
v 4.801635 0.123987 -0.276980
v 4.731005 0.068306 -0.310051
v 4.601615 0.010691 -0.315089
v -4.597867 -0.135870 -0.268260
v -4.513489 -0.172829 -0.225935
v -4.631608 -0.212446 -0.110006
v -4.622730 -0.265989 -0.022922
v -4.648607 -0.235731 0.032311
v -4.607828 -0.176026 0.124192
v -4.439579 -0.168565 0.233881
v -4.417384 -0.138926 0.270523
v -4.607182 -0.092645 0.285211
v -4.674857 -0.042169 0.315369
v -4.542164 0.035456 0.306104
v -4.410736 0.084510 0.317885
v -4.477318 0.116076 0.284830
v -4.701852 0.181236 0.209660
v -4.621758 0.220371 0.144862
v -4.408849 0.209765 0.054180
v -4.563196 0.193568 -0.026479
v -4.599144 0.169928 -0.127023
v -4.510940 0.139051 -0.237070
v -4.621655 0.119601 -0.236088
v -4.652805 0.083159 -0.223817
v -4.646977 0.033798 -0.247808
v 5.994525 0.077533 -0.656885
v 6.239957 0.172767 -0.647234
v 6.411499 0.246965 -0.605200
v 6.004113 0.377658 -0.405189
v 5.776562 0.491562 -0.138160
v 6.083620 0.546723 0.015948
v 6.180249 0.520684 0.071366
v 6.327533 0.462828 0.316912
v 6.280753 0.386018 0.483569
v 6.000130 0.338248 0.475500
v 5.880527 0.234909 0.586527
v 5.893390 0.118072 0.755087
v 5.961366 -0.009098 0.767715
v 5.985667 -0.219823 0.668797
v 6.042670 -0.345448 0.587094
v 6.365526 -0.389538 0.434235
v 6.350910 -0.440665 0.246043
v 6.146805 -0.498863 0.094307
v 6.326090 -0.504458 -0.027275
v 6.077992 -0.407497 -0.293072
v 6.052305 -0.299043 -0.446884
v 6.029566 -0.211942 -0.455776
v 5.846522 -0.195820 -0.643473
v 5.949680 -0.125495 -0.735080
v 6.749395 0.014143 -0.846822
v -6.953448 0.004008 -0.689569
v 6.960859 0.220360 -0.737608
v -6.845012 0.080789 -0.875606
v 7.187826 0.236270 -0.790068
v -7.168389 0.215151 -0.708395
v 7.195169 0.371074 -0.625980
v -6.866452 0.413924 -0.598477
v 6.511892 0.558475 -0.345507
v -6.700774 0.538791 -0.451482
v 6.765987 0.642023 -0.031955
v -6.683739 0.617767 -0.213906
v 6.841942 0.626996 0.019093
v -6.645365 0.646572 0.049695
v 7.005007 0.581761 0.175713
v -6.340496 0.631475 0.326938
v 7.079015 0.525089 0.512221
v -6.772631 0.584634 0.498463
v 6.682261 0.388874 0.570294
v -6.738432 0.369750 0.681982
v 6.586551 0.333578 0.646339
v -6.204040 0.206241 0.710650
v 6.496017 0.178552 0.813271
v -6.425652 0.174489 0.817521
v 6.598100 0.095999 0.983258
v -6.900532 -0.017837 0.871986
v 6.653398 -0.135007 0.853198
v -7.144941 -0.235124 0.879679
v 6.561088 -0.324656 0.740394
v -6.767168 -0.295049 0.803092
v 6.829431 -0.428881 0.600884
v -6.743473 -0.460996 0.674442
v 7.308342 -0.488083 0.404955
v -7.024265 -0.471220 0.332753
v 7.112924 -0.598016 0.243362
v -6.917921 -0.588457 0.131092
v 6.949535 -0.619835 0.046519
v -6.651826 -0.696966 0.000712
v 6.891537 -0.587164 -0.170545
v -6.735051 -0.622845 -0.209573
v 6.578454 -0.450281 -0.495235
v -6.795670 -0.515344 -0.439725
v 7.129083 -0.356533 -0.521728
v -6.940440 -0.335930 -0.678512
v 6.590976 -0.222535 -0.648701
v -7.189920 -0.260601 -0.721436
v 6.701592 -0.206077 -0.852259
v -7.250001 -0.200326 -0.719329
v 4.191774 -0.011136 -0.162327
v -4.117099 0.002987 -0.117926
v -4.113778 0.023994 -0.112367
v 4.226323 0.020233 -0.155670
v -4.112623 0.054780 -0.099827
v 4.256305 0.048859 -0.146182
v -4.083830 0.067289 -0.106695
v 4.253955 0.077744 -0.114266
v -4.069390 0.070782 -0.083194
v 4.167479 0.096350 -0.067614
v -4.114516 0.082902 -0.029886
v 4.205761 0.116758 -0.024237
v -4.044960 0.092019 0.007044
v 4.246839 0.126661 0.005298
v -4.062960 0.096897 0.041047
v 4.259304 0.114224 0.042583
v -4.143658 0.092290 0.075738
v 4.284751 0.097856 0.099294
v -4.095736 0.062888 0.109347
v 4.279698 0.084595 0.115634
v -4.040253 0.044101 0.139080
v 4.215155 0.070344 0.126068
v -4.056060 0.035203 0.138481
v 4.228951 0.032663 0.158321
v -4.106737 0.001665 0.139425
v 4.219242 0.009570 0.171012
v -4.126544 -0.030856 0.137039
v 4.240107 -0.028848 0.163655
v -4.064706 -0.056400 0.118281
v 4.248343 -0.069396 0.148940
v -4.032326 -0.071860 0.116683
v 4.266448 -0.084028 0.128737
v -4.068038 -0.074953 0.082915
v 4.274257 -0.095828 0.080209
v -4.115498 -0.088959 0.033848
v 4.220430 -0.105284 0.030151
v -4.110086 -0.112972 -0.002646
v 4.252496 -0.115416 0.007992
v -4.110666 -0.105295 -0.024493
v 4.302893 -0.104597 -0.030571
v -4.096432 -0.081304 -0.078044
v 4.215881 -0.079962 -0.094036
v -4.063925 -0.073695 -0.109901
v 4.219162 -0.063681 -0.100638
v -4.135337 -0.053185 -0.117801
v 4.176454 -0.042693 -0.135065
v -4.118898 -0.024248 -0.121527
v 4.216019 -0.041155 -0.167469
v -5.419415 0.017683 -0.404138
v -5.390554 0.079422 -0.418603
v -5.449899 0.169149 -0.364294
v -5.279965 0.218606 -0.404561
v -5.190675 0.262072 -0.310382
v -5.376510 0.309245 -0.112527
v -5.081297 0.340299 0.022191
v -5.095739 0.358837 0.176460
v -5.498172 0.349556 0.296347
v -5.305329 0.227513 0.407366
v -4.974403 0.147158 0.503623
v -5.087043 0.115345 0.505287
v -5.363697 -0.005139 0.512919
v -5.484374 -0.126727 0.513537
v -5.181561 -0.187066 0.446013
v -5.028313 -0.266801 0.440952
v -5.248532 -0.270814 0.278322
v -5.411778 -0.327649 0.110121
v -5.341747 -0.434840 -0.004027
v -5.357140 -0.395983 -0.091932
v -5.315654 -0.301603 -0.285990
v -5.190048 -0.250074 -0.423066
v -5.536422 -0.174906 -0.438049
v -5.472080 -0.097117 -0.428856
v 5.374903 0.074607 -0.485063
v 5.534504 0.142463 -0.483808
v 5.525198 0.231672 -0.377691
v 5.056929 0.305079 -0.197472
v 5.258487 0.385686 -0.027321
v 5.438978 0.416147 0.029017
v 5.517648 0.365767 0.132141
v 5.632039 0.310096 0.349426
v 5.518083 0.280867 0.359289
v 5.264526 0.245834 0.370183
v 5.303067 0.114825 0.504338
v 5.277149 0.054815 0.574361
v 5.373304 -0.090386 0.533227
v 5.391573 -0.236728 0.481788
v 5.524045 -0.279760 0.413926
v 5.633180 -0.300948 0.251100
v 5.379282 -0.333389 0.093396
v 5.493767 -0.371442 0.023746
v 5.688784 -0.334223 -0.085334
v 5.274412 -0.230466 -0.324661
v 5.370290 -0.174594 -0.304606
v 5.112563 -0.121977 -0.409334
v 5.283237 -0.155357 -0.549927
v 5.189726 -0.039814 -0.519675
v 6.835242 0.136859 -0.780664
v -6.825175 0.058698 -0.796471
v -6.188604 0.014765 -0.553463
v 6.147717 0.138404 -0.626154
v 7.077912 0.235335 -0.764009
v -7.024600 0.132149 -0.821482
v 6.349596 0.192736 -0.645985
v 7.283417 0.285187 -0.735891
v -7.068140 0.318453 -0.640658
v 6.345348 0.306243 -0.508740
v 6.825170 0.471309 -0.496915
v -6.748501 0.484372 -0.538566
v 5.745590 0.431717 -0.272669
v 6.566274 0.615516 -0.170228
v -6.678555 0.583570 -0.339122
v 5.987375 0.520712 -0.029556
v 6.836580 0.642679 0.011798
v -6.706340 0.639325 -0.086585
v 6.141984 0.535520 0.027585
v 6.902405 0.603333 0.063695
v -6.447525 0.640249 0.198167
v 6.262854 0.482478 0.160547
v 7.097214 0.562966 0.355591
v -6.514704 0.624780 0.415135
v 6.371643 0.421621 0.444862
v 6.890560 0.454446 0.565472
v -6.863693 0.488732 0.601733
v 6.159356 0.344991 0.464740
v 6.601741 0.361580 0.597051
v -6.443262 0.268467 0.701543
v 5.918511 0.302093 0.510072
v 6.536973 0.258847 0.716730
v -6.229125 0.192015 0.757235
v 5.908388 0.150224 0.669732
v 6.528532 0.139196 0.923866
v -6.663724 0.099087 0.853766
v 5.932009 0.076354 0.786669
v 6.649719 -0.006323 0.940618
v -7.096420 -0.144385 0.884467
v 6.020522 -0.115622 0.705814
v 6.596684 -0.243204 0.789752
v -6.980299 -0.264200 0.846945
v 5.995383 -0.291925 0.625327
v 6.633231 -0.385867 0.680171
v -6.685724 -0.381044 0.759104
v 6.196762 -0.363132 0.522681
v 7.113009 -0.455157 0.502999
v -6.893840 -0.474674 0.512024
v 6.465992 -0.400716 0.333174
v 7.269046 -0.545289 0.323819
v -7.026889 -0.513271 0.208703
v 6.212190 -0.466924 0.161382
v 6.993415 -0.618226 0.146176
v -6.758693 -0.662044 0.069859
v 6.225386 -0.501631 0.034120
v 6.962632 -0.615837 -0.045426
v -6.666860 -0.674012 -0.095711
v 6.336034 -0.463350 -0.126427
v 6.661046 -0.519699 -0.351965
v -6.771625 -0.575727 -0.320594
v 5.923019 -0.336595 -0.420968
v 6.872324 -0.409421 -0.529939
v -6.847250 -0.423857 -0.574119
v 6.212247 -0.260393 -0.416483
v 6.917285 -0.278105 -0.560651
v -7.066042 -0.286647 -0.716966
v 5.818454 -0.172172 -0.537818
v 6.569704 -0.218226 -0.763613
v -7.265549 -0.244166 -0.728684
v 5.977558 -0.188934 -0.717033
v 6.738783 -0.117899 -0.879260
v -7.124352 -0.102210 -0.680942
v 4.587672 -0.030439 -0.320414
v -4.661242 0.051655 -0.233560
v -4.669322 0.111178 -0.208583
v -4.578885 0.130919 -0.245247
v -4.531977 0.146874 -0.189261
v -4.666378 0.174695 -0.064237
v -4.459274 0.195310 0.012974
v -4.501346 0.209928 0.099082
v -4.747145 0.206244 0.173436
v -4.611081 0.136134 0.241332
v -4.429510 0.092401 0.310608
v -4.485576 0.072323 0.302852
v -4.638797 -0.000853 0.303268
v -4.701535 -0.071740 0.302056
v -4.519503 -0.115359 0.258742
v -4.415738 -0.157184 0.265327
v -4.540755 -0.159601 0.179411
v -4.669930 -0.190976 0.071255
v -4.646734 -0.258212 -0.004113
v -4.649431 -0.237076 -0.049536
v -4.613042 -0.177593 -0.173229
v -4.511740 -0.157649 -0.251156
v -4.732942 -0.109223 -0.260230
v -4.681559 -0.053758 -0.256354
v 4.206649 -0.029171 -0.167752
v -4.114223 -0.011453 -0.120033
v 4.194872 -0.042763 -0.155549
v -4.136520 -0.036693 -0.120629
v 4.192614 -0.048886 -0.115601
v -4.093833 -0.068428 -0.114970
v 4.212816 -0.075176 -0.098673
v -4.068424 -0.075306 -0.099819
v 4.259633 -0.091561 -0.067028
v -4.110767 -0.092846 -0.049571
v 4.290713 -0.113660 -0.005083
v -4.109353 -0.113026 -0.010673
v 4.225172 -0.110919 0.016728
v -4.114738 -0.103136 0.012028
v 4.245760 -0.100646 0.052550
v -4.097851 -0.079420 0.058362
v 4.278144 -0.090055 0.107282
v -4.040304 -0.072923 0.105343
v 4.255298 -0.078279 0.141381
v -4.038097 -0.067850 0.117226
v 4.245451 -0.052063 0.156444
v -4.102153 -0.043861 0.126956
v 4.226901 -0.006200 0.169034
v -4.125432 -0.015845 0.140479
v 4.224272 0.018974 0.168470
v -4.081718 0.019598 0.138038
v 4.217901 0.053226 0.141169
v -4.041622 0.042801 0.140301
v 4.240813 0.078783 0.119636
v -4.057413 0.050590 0.127561
v 4.291903 0.096265 0.106357
v -4.133901 0.078552 0.092386
v 4.270566 0.105145 0.073678
v -4.109328 0.098103 0.058507
v 4.253435 0.122568 0.020128
v -4.038131 0.094205 0.023289
v 4.232061 0.124338 -0.007708
v -4.083925 0.088821 -0.008447
v 4.173985 0.106133 -0.045124
v -4.096729 0.076794 -0.057722
v 4.206604 0.088448 -0.091052
v -4.071870 0.066283 -0.100184
v 4.266068 0.063306 -0.133611
v -4.091485 0.066492 -0.105306
v 4.244198 0.035136 -0.152394
v -4.116117 0.037290 -0.105040
v 4.202065 0.004792 -0.158385
v -4.115832 0.014379 -0.116009
v -4.672273 0.011125 -0.242101
v -6.126749 0.088810 -0.638683
v -6.298333 0.199868 -0.534371
v -6.058735 0.314053 -0.517950
v -5.929572 0.396277 -0.393941
v -6.050890 0.460343 -0.163323
v -5.831782 0.492920 0.034606
v -5.717210 0.499506 0.253422
v -6.169769 0.474859 0.403784
v -6.023460 0.304688 0.552686
v -5.576941 0.182911 0.630453
v -5.747549 0.146262 0.673853
v -6.128802 -0.011136 0.701737
v -6.310970 -0.181937 0.705497
v -5.950472 -0.245255 0.628488
v -5.833000 -0.367713 0.573696
v -6.100762 -0.374793 0.323373
v -6.168962 -0.461183 0.127413
v -6.012962 -0.578415 -0.001893
v -6.057328 -0.521758 -0.147414
v -6.053618 -0.413942 -0.372208
v -6.024455 -0.305336 -0.563061
v -6.365423 -0.223990 -0.590196
v -6.345028 -0.147521 -0.582318
v -5.433954 -0.040711 -0.412446
v -5.547540 -0.137253 -0.435749
v -5.354590 -0.217059 -0.439754
v -5.208984 -0.272634 -0.372326
v -5.364145 -0.346246 -0.182367
v -5.338278 -0.432640 -0.038909
v -5.383158 -0.390189 0.044459
v -5.363564 -0.285897 0.187653
v -5.109135 -0.273056 0.376887
v -5.055339 -0.232849 0.448168
v -5.360631 -0.156845 0.476724
v -5.471251 -0.073826 0.521980
v -5.225996 0.063150 0.505253
v -4.985196 0.136888 0.510139
v -5.101501 0.176263 0.465237
v -5.475424 0.294557 0.350838
v -5.316608 0.366509 0.240551
v -5.010892 0.349342 0.098580
v -5.258523 0.327413 -0.040572
v -5.305247 0.287237 -0.211086
v -5.195138 0.236843 -0.379626
v -5.381468 0.201878 -0.385222
v -5.428464 0.120189 -0.389514
v -5.394149 0.054016 -0.416081
v 4.697898 0.036888 -0.305120
v 4.790065 0.089246 -0.296120
v 4.782842 0.145676 -0.230382
v 4.514480 0.183341 -0.122491
v 4.634019 0.234912 -0.024986
v 4.756044 0.259271 0.018090
v 4.795629 0.226577 0.085105
v 4.870714 0.190173 0.215357
v 4.855483 0.175200 0.215643
v 4.656057 0.153662 0.229829
v 4.693107 0.069727 0.312160
v 4.665140 0.029781 0.346609
v 4.728243 -0.056952 0.328771
v 4.750523 -0.148711 0.300052
v 4.816447 -0.172838 0.261399
v 4.847781 -0.186333 0.156242
v 4.684745 -0.201381 0.050624
v 4.781786 -0.227665 0.014758
v 4.927182 -0.202649 -0.051617
v 4.662739 -0.139723 -0.199163
v 4.678059 -0.106487 -0.187730
v 4.541833 -0.074318 -0.258146
v 4.658907 -0.095484 -0.341441
v 5.932799 -0.021624 -0.693706
v 5.252411 0.024969 -0.495218
v 5.465644 0.110377 -0.488630
v 5.590355 0.185270 -0.445806
v 5.271591 0.269955 -0.291913
v 5.094378 0.346325 -0.102746
v 5.377467 0.411092 0.010505
v 5.476385 0.397247 0.060390
v 5.578828 0.335413 0.251367
v 5.636141 0.292078 0.366152
v 5.386163 0.269150 0.348143
v 5.264275 0.182900 0.431476
v 5.289504 0.081105 0.555864
v 5.319018 -0.005085 0.561893
v 5.384929 -0.174599 0.505791
v 5.438739 -0.266770 0.456751
v 5.618706 -0.289829 0.340933
v 5.510412 -0.315053 0.163548
v 5.378525 -0.355577 0.050070
v 5.656316 -0.366089 -0.008606
v 5.476205 -0.280469 -0.220751
v 5.301042 -0.205499 -0.329771
v 5.245859 -0.135418 -0.336137
v 5.175772 -0.143677 -0.495523
v 5.248110 -0.113789 -0.548882
v -3.877573 -0.000910 -0.011802
v -3.877894 -0.001650 -0.011824
v 4.025024 0.002001 -0.024932
v 4.025734 0.007190 -0.022188
v 4.026049 0.014239 -0.015804
v 4.024887 0.016490 -0.011239
v 4.024467 0.017252 -0.007627
v 4.025230 0.018073 -0.000781
v 4.025160 0.016980 0.006414
v 4.026172 0.015160 0.013427
v 4.022772 0.009574 0.021670
v 4.024691 0.007262 0.024595
v 4.026565 0.003943 0.026477
v 4.027026 0.000447 0.027649
v 4.026883 -0.003414 0.026495
v 4.026820 -0.008049 0.024167
v 4.023835 -0.009513 0.021667
v 4.025169 -0.013826 0.013291
v 4.024206 -0.016213 0.006035
v 4.021979 -0.016861 0.005249
v 4.024050 -0.014703 -0.005199
v 4.023139 -0.012722 -0.013637
v 4.025068 -0.012063 -0.016034
v 4.021728 -0.004755 -0.023668
v 4.026344 -0.000821 -0.025922
v 4.027147 -0.004797 -0.025275
v -3.877225 0.001123 -0.011464
v -3.874547 0.008715 -0.008317
v -3.875356 0.011468 -0.006663
v -3.874390 0.005312 -0.008326
v -3.875087 0.007060 -0.001212
v -3.874389 0.008797 0.004845
v -3.876737 0.009752 0.002314
v -3.877599 0.008228 0.006385
v -3.874062 0.002989 0.013836
v -3.877167 0.002451 0.015905
v -3.875245 0.007697 0.015076
v -3.877901 0.002540 0.015384
v -3.878865 -0.003532 0.014346
v -3.874220 -0.010532 0.011940
v -3.878089 -0.006373 0.013142
v -3.872036 -0.004954 0.012082
v -3.875753 -0.007543 0.003747
v -3.876777 -0.009018 -0.001078
v -3.876851 -0.008704 -0.000896
v -3.875274 -0.005849 -0.008152
v -3.878716 -0.007558 -0.009248
v -3.876363 -0.008732 -0.009194
v -6.118822 0.061638 -0.605381
v -6.223617 0.134508 -0.597457
v -6.213374 0.263311 -0.520459
v -5.950490 0.356401 -0.476937
v -5.999964 0.431628 -0.280628
v -5.979154 0.481108 -0.063461
v -5.702149 0.496723 0.147575
v -5.940478 0.501934 0.332791
v -6.191194 0.398591 0.482261
v -5.763177 0.228642 0.599765
v -5.595537 0.168988 0.653364
v -5.938193 0.082342 0.688973
v -6.282288 -0.109086 0.713126
v -6.159326 -0.213266 0.667228
v -5.830003 -0.310950 0.612599
v -5.951604 -0.378021 0.463448
v -6.180465 -0.402054 0.211191
v -6.085114 -0.533647 0.058664
v -6.016319 -0.567715 -0.065099
v -6.076982 -0.468738 -0.253741
v -6.000877 -0.357180 -0.485388
v -6.190855 -0.261519 -0.589601
v -4.666122 -0.022008 -0.248834
v -6.403267 -0.192514 -0.591119
v -6.268354 -0.068272 -0.555374
v -4.734344 -0.080048 -0.259468
v 4.631121 -0.072626 -0.338137
v 4.593246 -0.087873 -0.309900
v 4.606246 -0.081491 -0.211154
v 4.653747 -0.126870 -0.201430
v 4.797293 -0.169512 -0.135700
v 4.896084 -0.224113 -0.003256
v 4.696353 -0.215792 0.026125
v 4.763384 -0.192367 0.097136
v 4.856453 -0.179622 0.215133
v 4.776000 -0.165803 0.286613
v 4.742275 -0.109852 0.313954
v 4.689700 -0.005319 0.341555
v 4.680382 0.046266 0.339101
v 4.661232 0.113877 0.267931
v 4.739303 0.169570 0.218169
v 4.881839 0.191348 0.223959
v 4.830301 0.205518 0.157120
v 4.776453 0.247783 0.040306
v 4.712433 0.253811 0.001726
v 4.536003 0.208294 -0.068994
v 4.637315 0.165555 -0.178204
v 4.820757 0.117933 -0.271641
v 4.751839 0.063788 -0.303868
v 4.622999 0.006124 -0.309126
v -4.613578 -0.139974 -0.260538
v -4.531639 -0.164629 -0.224771
v -4.650857 -0.205029 -0.106893
v -4.643354 -0.258649 -0.020556
v -4.664950 -0.229520 0.026314
v -4.623815 -0.167379 0.123257
v -4.454477 -0.159748 0.234936
v -4.437365 -0.141936 0.263250
v -4.628412 -0.093496 0.277706
v -4.696837 -0.040214 0.308288
v -4.562887 0.039421 0.299519
v -4.433689 0.087588 0.311535
v -4.493927 0.107655 0.283154
v -4.721469 0.174299 0.205761
v -4.642117 0.215903 0.138495
v -4.429850 0.202155 0.054451
v -4.579137 0.186750 -0.021066
v -4.615388 0.161286 -0.126601
v -4.533328 0.134321 -0.231605
v -4.625097 0.127873 -0.230570
v -4.671448 0.079133 -0.216698
v -4.666556 0.033579 -0.239844
v 6.011400 0.072394 -0.650069
v 6.255909 0.171309 -0.638653
v 6.425944 0.240018 -0.599556
v 6.020660 0.372412 -0.398377
v 5.793415 0.483133 -0.136787
v 6.097795 0.538207 0.013063
v 6.192657 0.512703 0.066716
v 6.342557 0.454277 0.314592
v 6.298436 0.380128 0.477610
v 6.010878 0.328882 0.474374
v 5.898137 0.228785 0.580786
v 5.911801 0.111508 0.750126
v 5.981685 -0.005370 0.760877
v 6.005376 -0.216667 0.661515
v 6.057774 -0.337232 0.583814
v 6.376744 -0.380163 0.433895
v 6.365781 -0.433401 0.240929
v 6.162803 -0.490372 0.092435
v 6.342918 -0.496336 -0.024623
v 6.096219 -0.399336 -0.291752
v 6.060803 -0.302047 -0.437714
v 6.041632 -0.203176 -0.452729
v 5.852133 -0.185971 -0.643511
v 5.968411 -0.125532 -0.726921
v -3.877537 0.000657 -0.011660
v -3.877737 -0.002250 -0.011776
v -3.877126 0.002771 -0.010606
v -3.867569 0.013812 -0.007362
v -3.877818 0.006880 -0.007831
v -3.873732 0.005648 -0.006425
v -3.873157 0.008735 0.003771
v -3.876904 0.008806 0.003399
v -3.876170 0.010211 0.003067
v -3.876572 0.005211 0.010710
v -3.873118 0.001545 0.015819
v -3.878195 0.006752 0.014907
v -3.876679 0.005169 0.015340
v -3.878767 -0.000192 0.015114
v -3.876999 -0.007373 0.013140
v -3.876215 -0.010680 0.011368
v -3.872454 -0.004396 0.014114
v -3.874280 -0.006080 0.008407
v -3.875521 -0.008810 -0.000147
v -3.877443 -0.008983 0.000058
v -3.876750 -0.007550 -0.004148
v -3.874515 -0.004840 -0.010812
v -3.873719 -0.011909 -0.008027
v -3.878066 -0.003013 -0.011179
v 4.026207 -0.005895 -0.024245
v 4.020905 -0.006402 -0.021370
v 4.025243 -0.014350 -0.013543
v 4.022186 -0.013202 -0.011045
v 4.022666 -0.016361 0.001518
v 4.024144 -0.016361 0.005556
v 4.024442 -0.015599 0.008771
v 4.024465 -0.011480 0.018125
v 4.025200 -0.008442 0.023434
v 4.027103 -0.006531 0.025216
v 4.026583 -0.000388 0.027353
v 4.026389 0.000855 0.027607
v 4.026299 0.006961 0.024919
v 4.020153 0.007154 0.025061
v 4.026307 0.013590 0.016374
v 4.025494 0.015952 0.010365
v 4.025132 0.017765 0.002587
v 4.025034 0.017880 -0.004123
v 4.024409 0.016512 -0.010179
v 4.024713 0.016615 -0.012587
v 4.026270 0.010089 -0.019672
v 4.025740 0.004972 -0.023674
v 4.026782 -0.001503 -0.026127
v 4.024934 -0.000366 -0.025661
vn -0.0000 -0.0000 -1.0000
vn -0.0000 0.3368 -0.9416
vn -0.0000 0.6106 -0.7919
vn -0.0000 0.8006 -0.5992
vn -0.0000 0.9180 -0.3966
vn -0.0000 0.9805 -0.1965
vn -0.0000 1.0000 -0.0000
vn -0.0000 0.9805 0.1965
vn -0.0000 0.9180 0.3966
vn -0.0000 0.8006 0.5992
vn -0.0000 0.6106 0.7919
vn -0.0000 0.3368 0.9416
vn -0.0000 -0.0000 1.0000
vn -0.0000 -0.3368 0.9416
vn -0.0000 -0.6106 0.7919
vn -0.0000 -0.8006 0.5992
vn -0.0000 -0.9180 0.3966
vn -0.0000 -0.9805 0.1965
vn -0.0000 -1.0000 -0.0000
vn -0.0000 -0.9805 -0.1965
vn -0.0000 -0.9180 -0.3966
vn -0.0000 -0.8006 -0.5992
vn -0.0000 -0.6106 -0.7919
vn -0.0000 -0.3368 -0.9416
vn -0.7584 -0.0000 -0.6518
vn -0.0030 -0.0000 -1.0000
vn -0.4217 -0.0000 -0.9067
vn -0.2142 -0.0000 -0.9768
vn -0.0804 -0.0000 -0.9968
vn -0.0029 0.3368 -0.9416
vn -0.7501 0.2237 -0.6224
vn -0.0785 0.3350 -0.9389
vn -0.2091 0.3294 -0.9207
vn -0.4133 0.3078 -0.8570
vn -0.0028 0.6106 -0.7920
vn -0.7286 0.4194 -0.5416
vn -0.0739 0.6080 -0.7905
vn -0.1969 0.5987 -0.7764
vn -0.3928 0.5628 -0.7273
vn -0.0026 0.8006 -0.5993
vn -0.7020 0.5709 -0.4257
vn -0.0687 0.7980 -0.5987
vn -0.1832 0.7870 -0.5892
vn -0.3693 0.7448 -0.5558
vn -0.0024 0.9180 -0.3966
vn -0.6782 0.6750 -0.2906
vn -0.0645 0.9158 -0.3965
vn -0.1720 0.9043 -0.3908
vn -0.3496 0.8604 -0.3708
vn -0.0023 0.9805 -0.1966
vn -0.6623 0.7348 -0.1468
vn -0.0618 0.9785 -0.1966
vn -0.1649 0.9670 -0.1940
vn -0.3370 0.9232 -0.1847
vn -0.0023 1.0000 -0.0000
vn -0.6567 0.7542 -0.0000
vn -0.0609 0.9981 -0.0000
vn -0.1625 0.9867 -0.0000
vn -0.3328 0.9430 -0.0000
vn -0.0023 0.9805 0.1966
vn -0.6623 0.7348 0.1468
vn -0.0618 0.9785 0.1966
vn -0.1649 0.9670 0.1940
vn -0.3370 0.9232 0.1847
vn -0.0024 0.9180 0.3966
vn -0.6782 0.6750 0.2906
vn -0.0645 0.9158 0.3965
vn -0.1720 0.9043 0.3908
vn -0.3496 0.8604 0.3708
vn -0.0026 0.8006 0.5993
vn -0.7020 0.5709 0.4257
vn -0.0687 0.7980 0.5987
vn -0.1832 0.7870 0.5892
vn -0.3693 0.7448 0.5558
vn -0.0028 0.6106 0.7920
vn -0.7286 0.4194 0.5416
vn -0.0739 0.6080 0.7905
vn -0.1969 0.5987 0.7764
vn -0.3928 0.5628 0.7273
vn -0.0029 0.3368 0.9416
vn -0.7501 0.2237 0.6224
vn -0.0785 0.3350 0.9389
vn -0.2091 0.3294 0.9207
vn -0.4133 0.3078 0.8570
vn -0.0030 -0.0000 1.0000
vn -0.7584 -0.0000 0.6518
vn -0.0804 -0.0000 0.9968
vn -0.2142 -0.0000 0.9768
vn -0.4217 -0.0000 0.9067
vn -0.0029 -0.3368 0.9416
vn -0.7501 -0.2237 0.6224
vn -0.0785 -0.3350 0.9389
vn -0.2091 -0.3294 0.9207
vn -0.4133 -0.3078 0.8570
vn -0.0028 -0.6106 0.7920
vn -0.7286 -0.4194 0.5416
vn -0.0739 -0.6080 0.7905
vn -0.1969 -0.5987 0.7764
vn -0.3928 -0.5628 0.7273
vn -0.0026 -0.8006 0.5993
vn -0.7020 -0.5709 0.4257
vn -0.0687 -0.7980 0.5987
vn -0.1832 -0.7870 0.5892
vn -0.3693 -0.7448 0.5558
vn -0.0024 -0.9180 0.3966
vn -0.6782 -0.6750 0.2906
vn -0.0645 -0.9158 0.3965
vn -0.1720 -0.9043 0.3908
vn -0.3496 -0.8604 0.3708
vn -0.0023 -0.9805 0.1966
vn -0.6623 -0.7348 0.1468
vn -0.0618 -0.9785 0.1966
vn -0.1649 -0.9670 0.1940
vn -0.3371 -0.9232 0.1847
vn -0.0023 -1.0000 -0.0000
vn -0.6567 -0.7542 -0.0000
vn -0.0609 -0.9981 -0.0000
vn -0.1625 -0.9867 -0.0000
vn -0.3328 -0.9430 -0.0000
vn -0.0023 -0.9805 -0.1966
vn -0.6623 -0.7348 -0.1468
vn -0.0618 -0.9785 -0.1966
vn -0.1649 -0.9670 -0.1940
vn -0.3370 -0.9232 -0.1847
vn -0.0024 -0.9180 -0.3966
vn -0.6782 -0.6750 -0.2906
vn -0.0645 -0.9158 -0.3965
vn -0.1720 -0.9043 -0.3908
vn -0.3496 -0.8604 -0.3708
vn -0.0026 -0.8006 -0.5993
vn -0.7020 -0.5709 -0.4257
vn -0.0687 -0.7980 -0.5987
vn -0.1832 -0.7870 -0.5892
vn -0.3693 -0.7448 -0.5558
vn -0.0028 -0.6106 -0.7920
vn -0.7286 -0.4194 -0.5416
vn -0.0739 -0.6080 -0.7905
vn -0.1969 -0.5987 -0.7764
vn -0.3928 -0.5628 -0.7273
vn -0.0029 -0.3368 -0.9416
vn -0.7501 -0.2237 -0.6224
vn -0.0785 -0.3350 -0.9389
vn -0.2091 -0.3294 -0.9207
vn -0.4133 -0.3078 -0.8570
vn 0.0023 -0.0000 -1.0000
vn 0.6708 -0.0000 -0.7417
vn 0.0753 -0.0000 -0.9972
vn 0.2028 -0.0000 -0.9792
vn 0.3898 -0.0000 -0.9209
vn 0.6612 0.2535 -0.7060
vn 0.0023 0.3368 -0.9416
vn 0.3818 0.3123 -0.8699
vn 0.1980 0.3302 -0.9229
vn 0.0735 0.3351 -0.9393
vn 0.6371 0.4717 -0.6096
vn 0.0021 0.6106 -0.7919
vn 0.3623 0.5702 -0.7373
vn 0.1863 0.5999 -0.7781
vn 0.0692 0.6082 -0.7908
vn 0.6081 0.6363 -0.4748
vn 0.0020 0.8006 -0.5992
vn 0.3400 0.7535 -0.5627
vn 0.1733 0.7884 -0.5903
vn 0.0643 0.7982 -0.5989
vn 0.5827 0.7464 -0.3216
vn 0.0018 0.9180 -0.3966
vn 0.3214 0.8695 -0.3750
vn 0.1626 0.9057 -0.3915
vn 0.0603 0.9160 -0.3967
vn 0.5660 0.8084 -0.1617
vn 0.0018 0.9805 -0.1966
vn 0.3095 0.9324 -0.1867
vn 0.1559 0.9685 -0.1943
vn 0.0578 0.9788 -0.1967
vn 0.5602 0.8284 -0.0000
vn 0.0017 1.0000 -0.0000
vn 0.3055 0.9522 -0.0000
vn 0.1536 0.9881 -0.0000
vn 0.0570 0.9984 -0.0000
vn 0.5660 0.8084 0.1617
vn 0.0018 0.9805 0.1966
vn 0.3095 0.9324 0.1867
vn 0.1559 0.9685 0.1943
vn 0.0578 0.9788 0.1967
vn 0.5827 0.7464 0.3216
vn 0.0018 0.9180 0.3966
vn 0.3214 0.8695 0.3750
vn 0.1626 0.9057 0.3915
vn 0.0603 0.9160 0.3967
vn 0.6081 0.6363 0.4748
vn 0.0020 0.8006 0.5992
vn 0.3400 0.7535 0.5627
vn 0.1733 0.7884 0.5903
vn 0.0643 0.7982 0.5989
vn 0.6371 0.4717 0.6096
vn 0.0021 0.6106 0.7919
vn 0.3623 0.5702 0.7373
vn 0.1863 0.5999 0.7781
vn 0.0692 0.6082 0.7908
vn 0.6612 0.2535 0.7060
vn 0.0023 0.3368 0.9416
vn 0.3818 0.3123 0.8699
vn 0.1980 0.3302 0.9229
vn 0.0735 0.3351 0.9393
vn 0.6708 -0.0000 0.7417
vn 0.0023 -0.0000 1.0000
vn 0.3898 -0.0000 0.9209
vn 0.2028 -0.0000 0.9792
vn 0.0753 -0.0000 0.9972
vn 0.6612 -0.2535 0.7060
vn 0.0023 -0.3368 0.9416
vn 0.3818 -0.3123 0.8699
vn 0.1980 -0.3302 0.9229
vn 0.0735 -0.3351 0.9393
vn 0.6371 -0.4717 0.6096
vn 0.0021 -0.6106 0.7919
vn 0.3623 -0.5702 0.7373
vn 0.1863 -0.5999 0.7781
vn 0.0692 -0.6082 0.7908
vn 0.6081 -0.6363 0.4748
vn 0.0020 -0.8006 0.5992
vn 0.3400 -0.7535 0.5627
vn 0.1733 -0.7884 0.5903
vn 0.0643 -0.7982 0.5989
vn 0.5827 -0.7464 0.3216
vn 0.0018 -0.9180 0.3966
vn 0.3214 -0.8695 0.3750
vn 0.1626 -0.9057 0.3915
vn 0.0603 -0.9160 0.3967
vn 0.5660 -0.8084 0.1617
vn 0.0018 -0.9805 0.1966
vn 0.3095 -0.9324 0.1867
vn 0.1559 -0.9685 0.1943
vn 0.0578 -0.9788 0.1967
vn 0.5602 -0.8284 -0.0000
vn 0.0017 -1.0000 -0.0000
vn 0.3055 -0.9522 -0.0000
vn 0.1536 -0.9881 -0.0000
vn 0.0570 -0.9984 -0.0000
vn 0.5660 -0.8084 -0.1617
vn 0.0018 -0.9805 -0.1966
vn 0.3095 -0.9324 -0.1867
vn 0.1559 -0.9685 -0.1943
vn 0.0578 -0.9788 -0.1967
vn 0.5827 -0.7464 -0.3216
vn 0.0018 -0.9180 -0.3966
vn 0.3214 -0.8695 -0.3750
vn 0.1626 -0.9057 -0.3915
vn 0.0603 -0.9160 -0.3967
vn 0.6081 -0.6363 -0.4748
vn 0.0020 -0.8006 -0.5992
vn 0.3400 -0.7535 -0.5627
vn 0.1733 -0.7884 -0.5903
vn 0.0643 -0.7982 -0.5989
vn 0.6371 -0.4717 -0.6096
vn 0.0021 -0.6106 -0.7919
vn 0.3623 -0.5702 -0.7373
vn 0.1863 -0.5999 -0.7781
vn 0.0692 -0.6082 -0.7908
vn 0.6612 -0.2535 -0.7060
vn 0.0023 -0.3368 -0.9416
vn 0.3818 -0.3123 -0.8699
vn 0.1980 -0.3302 -0.9229
vn 0.0735 -0.3351 -0.9393
vn 0.8143 0.0026 -0.5805
vn 0.8072 0.1858 -0.5602
vn 0.8067 -0.2030 -0.5549
vn 0.7870 0.3722 -0.4920
vn 0.7609 0.5296 -0.3749
vn 0.7439 0.6180 -0.2542
vn 0.7310 0.6659 -0.1489
vn 0.7219 0.6920 -0.0048
vn 0.7257 0.6753 0.1316
vn 0.7385 0.6216 0.2612
vn 0.7637 0.5085 0.3977
vn 0.7880 0.3721 0.4904
vn 0.8055 0.2047 0.5561
vn 0.8128 0.0009 0.5826
vn 0.8056 -0.1943 0.5596
vn 0.7864 -0.3752 0.4907
vn 0.7624 -0.5160 0.3905
vn 0.7395 -0.6222 0.2569
vn 0.7281 -0.6732 0.1288
vn 0.7218 -0.6919 0.0167
vn 0.7267 -0.6717 -0.1442
vn 0.7451 -0.6079 -0.2745
vn 0.7672 -0.5105 -0.3883
vn 0.7887 -0.3820 -0.4817
vn 0.7349 -0.0000 -0.6781
vn 0.7261 -0.2324 -0.6471
vn 0.7261 0.2324 -0.6471
vn 0.7037 0.4348 -0.5619
vn 0.6761 0.5905 -0.4406
vn 0.6516 0.6967 -0.3001
vn 0.6352 0.7574 -0.1514
vn 0.6295 0.7770 -0.0000
vn 0.6352 0.7574 0.1514
vn 0.6516 0.6967 0.3001
vn 0.6761 0.5905 0.4406
vn 0.7037 0.4348 0.5619
vn 0.7261 0.2324 0.6471
vn 0.7349 -0.0000 0.6781
vn 0.7261 -0.2324 0.6471
vn 0.7037 -0.4348 0.5619
vn 0.6761 -0.5905 0.4406
vn 0.6516 -0.6967 0.3001
vn 0.6352 -0.7574 0.1514
vn 0.6295 -0.7770 -0.0000
vn 0.6352 -0.7574 -0.1514
vn 0.6516 -0.6967 -0.3001
vn 0.6761 -0.5905 -0.4406
vn 0.7037 -0.4348 -0.5619
vn -0.8552 0.0001 -0.5182
vn -0.8493 0.1789 -0.4967
vn -0.8493 -0.1703 -0.4998
vn -0.8334 0.3391 -0.4363
vn -0.8129 0.4722 -0.3410
vn -0.7967 0.5528 -0.2442
vn -0.7823 0.6112 -0.1203
vn -0.7795 0.6263 0.0111
vn -0.7814 0.6155 0.1029
vn -0.7924 0.5619 0.2377
vn -0.8159 0.4509 0.3619
vn -0.8357 0.3322 0.4373
vn -0.8493 0.1900 0.4925
vn -0.8545 0.0149 0.5192
vn -0.8475 -0.1862 0.4971
vn -0.8315 -0.3548 0.4275
vn -0.8154 -0.4636 0.3468
vn -0.7969 -0.5500 0.2501
vn -0.7810 -0.6111 0.1286
vn -0.7754 -0.6314 -0.0002
vn -0.7805 -0.6127 -0.1241
vn -0.7960 -0.5517 -0.2488
vn -0.8124 -0.4731 -0.3409
vn -0.8316 -0.3459 -0.4345
vn -0.8125 0.1970 -0.5486
vn -0.7942 0.3719 -0.4806
vn -0.7710 0.5104 -0.3808
vn -0.7498 0.6077 -0.2618
vn -0.7354 0.6645 -0.1329
vn -0.7303 0.6832 -0.0000
vn -0.7354 0.6645 0.1329
vn -0.7498 0.6077 0.2618
vn -0.7710 0.5104 0.3808
vn -0.7942 0.3719 0.4806
vn -0.8125 0.1970 0.5486
vn -0.8196 -0.0000 0.5730
vn -0.8125 -0.1970 0.5486
vn -0.7942 -0.3719 0.4806
vn -0.7710 -0.5104 0.3808
vn -0.7498 -0.6077 0.2618
vn -0.7354 -0.6645 0.1329
vn -0.7303 -0.6832 -0.0000
vn -0.7354 -0.6645 -0.1329
vn -0.7498 -0.6077 -0.2618
vn -0.7710 -0.5104 -0.3808
vn -0.7942 -0.3719 -0.4806
vn -0.8196 -0.0000 -0.5730
vn -0.8125 -0.1970 -0.5486
vn -0.0000 -0.1731 -0.9849
vn -0.0000 -0.4840 -0.8751
vn -0.0000 -0.7158 -0.6983
vn -0.0000 -0.8672 -0.4980
vn -0.0000 -0.9552 -0.2960
vn -0.0000 -0.9952 -0.0980
vn -0.0000 -0.9952 0.0980
vn -0.0000 -0.9552 0.2960
vn -0.0000 -0.8672 0.4980
vn -0.0000 -0.7158 0.6983
vn -0.0000 -0.4840 0.8751
vn -0.0000 -0.1731 0.9849
vn -0.0000 0.1731 0.9849
vn -0.0000 0.4840 0.8751
vn -0.0000 0.7158 0.6983
vn -0.0000 0.8672 0.4980
vn -0.0000 0.9552 0.2960
vn -0.0000 0.9952 0.0980
vn -0.0000 0.9952 -0.0980
vn -0.0000 0.9552 -0.2960
vn -0.0000 0.8672 -0.4980
vn -0.0000 0.7158 -0.6983
vn -0.0000 0.4840 -0.8751
vn -0.0000 0.1731 -0.9849
vn -0.6116 -0.2682 -0.7443
vn -0.7563 -0.1138 -0.6443
vn -0.6211 -0.0000 -0.7837
vn -0.4196 -0.1578 -0.8939
vn -0.2851 -0.3233 -0.9023
vn -0.2917 -0.0000 -0.9565
vn -0.2129 -0.1692 -0.9623
vn -0.1488 -0.3329 -0.9312
vn -0.1525 -0.0000 -0.9883
vn -0.0799 -0.1721 -0.9818
vn -0.0214 -0.3364 -0.9415
vn -0.0219 -0.0000 -0.9998
vn -0.0030 -0.1731 -0.9849
vn -0.5878 -0.4960 -0.6391
vn -0.7405 -0.3264 -0.5875
vn -0.4040 -0.4441 -0.7997
vn -0.2691 -0.5885 -0.7624
vn -0.2036 -0.4739 -0.8567
vn -0.1399 -0.6043 -0.7843
vn -0.0764 -0.4816 -0.8730
vn -0.0201 -0.6101 -0.7921
vn -0.0029 -0.4839 -0.8751
vn -0.5595 -0.6649 -0.4948
vn -0.7154 -0.5011 -0.4869
vn -0.3809 -0.6629 -0.6446
vn -0.2510 -0.7751 -0.5798
vn -0.1899 -0.7027 -0.6857
vn -0.1300 -0.7936 -0.5945
vn -0.0713 -0.7131 -0.6974
vn -0.0186 -0.8001 -0.5995
vn -0.0027 -0.7157 -0.6984
vn -0.5351 -0.7761 -0.3335
vn -0.6894 -0.6288 -0.3598
vn -0.3587 -0.8100 -0.4639
vn -0.2361 -0.8921 -0.3853
vn -0.1771 -0.8534 -0.4902
vn -0.1218 -0.9110 -0.3939
vn -0.0664 -0.8648 -0.4977
vn -0.0174 -0.9177 -0.3969
vn -0.0025 -0.8672 -0.4980
vn -0.5193 -0.8381 -0.1672
vn -0.6690 -0.7101 -0.2193
vn -0.3423 -0.8976 -0.2776
vn -0.2268 -0.9550 -0.1914
vn -0.1679 -0.9416 -0.2920
vn -0.1167 -0.9738 -0.1954
vn -0.0629 -0.9531 -0.2960
vn -0.0167 -0.9803 -0.1967
vn -0.0023 -0.9552 -0.2960
vn -0.5138 -0.8579 -0.0000
vn -0.6581 -0.7493 -0.0736
vn -0.3339 -0.9381 -0.0922
vn -0.2236 -0.9747 -0.0000
vn -0.1631 -0.9818 -0.0968
vn -0.1150 -0.9934 -0.0000
vn -0.0611 -0.9933 -0.0980
vn -0.0164 -0.9999 -0.0000
vn -0.0023 -0.9952 -0.0980
vn -0.5193 -0.8381 0.1672
vn -0.6581 -0.7493 0.0736
vn -0.3339 -0.9381 0.0922
vn -0.2268 -0.9550 0.1914
vn -0.1631 -0.9818 0.0968
vn -0.1167 -0.9738 0.1954
vn -0.0611 -0.9933 0.0980
vn -0.0167 -0.9803 0.1967
vn -0.0023 -0.9952 0.0980
vn -0.5351 -0.7761 0.3335
vn -0.6690 -0.7101 0.2193
vn -0.3423 -0.8976 0.2776
vn -0.2361 -0.8921 0.3853
vn -0.1679 -0.9416 0.2920
vn -0.1218 -0.9110 0.3939
vn -0.0629 -0.9531 0.2960
vn -0.0174 -0.9177 0.3969
vn -0.0023 -0.9552 0.2960
vn -0.5595 -0.6649 0.4948
vn -0.6894 -0.6288 0.3598
vn -0.3587 -0.8100 0.4639
vn -0.2510 -0.7751 0.5798
vn -0.1771 -0.8534 0.4902
vn -0.1300 -0.7936 0.5945
vn -0.0664 -0.8648 0.4977
vn -0.0186 -0.8001 0.5995
vn -0.0025 -0.8672 0.4980
vn -0.5878 -0.4960 0.6391
vn -0.7154 -0.5011 0.4869
vn -0.3809 -0.6629 0.6446
vn -0.2691 -0.5885 0.7624
vn -0.1899 -0.7027 0.6857
vn -0.1399 -0.6043 0.7843
vn -0.0713 -0.7131 0.6974
vn -0.0201 -0.6101 0.7921
vn -0.0027 -0.7157 0.6984
vn -0.6116 -0.2682 0.7443
vn -0.7405 -0.3264 0.5875
vn -0.4040 -0.4441 0.7997
vn -0.2851 -0.3233 0.9023
vn -0.2036 -0.4739 0.8567
vn -0.1488 -0.3329 0.9312
vn -0.0764 -0.4816 0.8730
vn -0.0214 -0.3364 0.9415
vn -0.0029 -0.4839 0.8751
vn -0.6211 -0.0000 0.7837
vn -0.7563 -0.1138 0.6443
vn -0.4196 -0.1578 0.8939
vn -0.2917 -0.0000 0.9565
vn -0.2129 -0.1692 0.9623
vn -0.1525 -0.0000 0.9883
vn -0.0799 -0.1721 0.9818
vn -0.0219 -0.0000 0.9998
vn -0.0030 -0.1731 0.9849
vn -0.6116 0.2682 0.7443
vn -0.7563 0.1138 0.6443
vn -0.4196 0.1578 0.8939
vn -0.2851 0.3233 0.9023
vn -0.2129 0.1692 0.9623
vn -0.1488 0.3329 0.9312
vn -0.0799 0.1721 0.9818
vn -0.0214 0.3364 0.9415
vn -0.0030 0.1731 0.9849
vn -0.5878 0.4960 0.6391
vn -0.7405 0.3264 0.5875
vn -0.4040 0.4441 0.7997
vn -0.2691 0.5885 0.7624
vn -0.2036 0.4739 0.8567
vn -0.1399 0.6043 0.7843
vn -0.0764 0.4816 0.8730
vn -0.0201 0.6101 0.7921
vn -0.0029 0.4839 0.8751
vn -0.5595 0.6649 0.4948
vn -0.7154 0.5011 0.4869
vn -0.3809 0.6629 0.6446
vn -0.2510 0.7751 0.5798
vn -0.1899 0.7027 0.6857
vn -0.1300 0.7936 0.5945
vn -0.0713 0.7131 0.6974
vn -0.0186 0.8001 0.5995
vn -0.0027 0.7157 0.6984
vn -0.5351 0.7761 0.3335
vn -0.6894 0.6288 0.3598
vn -0.3587 0.8100 0.4639
vn -0.2361 0.8921 0.3853
vn -0.1771 0.8534 0.4902
vn -0.1218 0.9110 0.3939
vn -0.0664 0.8648 0.4977
vn -0.0174 0.9177 0.3969
vn -0.0025 0.8672 0.4980
vn -0.5193 0.8381 0.1672
vn -0.6690 0.7101 0.2193
vn -0.3423 0.8976 0.2776
vn -0.2268 0.9550 0.1914
vn -0.1679 0.9416 0.2920
vn -0.1167 0.9738 0.1954
vn -0.0629 0.9531 0.2960
vn -0.0167 0.9803 0.1967
vn -0.0023 0.9552 0.2960
vn -0.5138 0.8579 -0.0000
vn -0.6581 0.7493 0.0736
vn -0.3339 0.9381 0.0922
vn -0.2236 0.9747 -0.0000
vn -0.1631 0.9818 0.0968
vn -0.1150 0.9934 -0.0000
vn -0.0611 0.9933 0.0980
vn -0.0164 0.9999 -0.0000
vn -0.0023 0.9952 0.0980
vn -0.5193 0.8381 -0.1672
vn -0.6581 0.7493 -0.0736
vn -0.3339 0.9381 -0.0922
vn -0.2268 0.9550 -0.1914
vn -0.1631 0.9818 -0.0968
vn -0.1167 0.9738 -0.1954
vn -0.0611 0.9933 -0.0980
vn -0.0167 0.9803 -0.1967
vn -0.0023 0.9952 -0.0980
vn -0.5351 0.7761 -0.3335
vn -0.6690 0.7101 -0.2193
vn -0.3423 0.8976 -0.2776
vn -0.2361 0.8921 -0.3853
vn -0.1679 0.9416 -0.2920
vn -0.1218 0.9110 -0.3939
vn -0.0629 0.9531 -0.2960
vn -0.0174 0.9177 -0.3969
vn -0.0023 0.9552 -0.2960
vn -0.5595 0.6649 -0.4948
vn -0.6894 0.6288 -0.3598
vn -0.3587 0.8100 -0.4639
vn -0.2510 0.7751 -0.5798
vn -0.1771 0.8534 -0.4902
vn -0.1300 0.7936 -0.5945
vn -0.0664 0.8648 -0.4977
vn -0.0186 0.8001 -0.5995
vn -0.0025 0.8672 -0.4980
vn -0.5878 0.4960 -0.6391
vn -0.7154 0.5011 -0.4869
vn -0.3809 0.6629 -0.6446
vn -0.2691 0.5885 -0.7624
vn -0.1899 0.7027 -0.6857
vn -0.1399 0.6043 -0.7843
vn -0.0713 0.7131 -0.6974
vn -0.0201 0.6101 -0.7921
vn -0.0027 0.7157 -0.6984
vn -0.6116 0.2682 -0.7443
vn -0.7405 0.3264 -0.5875
vn -0.4040 0.4441 -0.7997
vn -0.2851 0.3233 -0.9023
vn -0.2036 0.4739 -0.8567
vn -0.1488 0.3329 -0.9312
vn -0.0764 0.4816 -0.8730
vn -0.0214 0.3364 -0.9415
vn -0.0029 0.4839 -0.8751
vn -0.7563 0.1138 -0.6443
vn -0.4196 0.1578 -0.8939
vn -0.2129 0.1692 -0.9623
vn -0.0799 0.1721 -0.9818
vn -0.0030 0.1731 -0.9849
vn -0.0005 -0.0000 -1.0000
vn -0.0005 0.3368 -0.9416
vn -0.0005 -0.3368 -0.9416
vn 0.8514 0.4660 0.2407
vn -0.7893 0.2075 -0.5779
vn 0.8267 -0.4159 0.3790
vn -0.7696 0.3908 -0.5050
vn -0.0004 0.6106 -0.7919
vn -0.7450 0.5347 -0.3990
vn -0.0004 0.8006 -0.5992
vn -0.7225 0.6349 -0.2735
vn -0.0004 0.9180 -0.3966
vn -0.7074 0.6931 -0.1386
vn -0.0004 0.9805 -0.1965
vn -0.7021 0.7121 -0.0000
vn -0.0004 1.0000 -0.0000
vn -0.7074 0.6931 0.1386
vn -0.0004 0.9805 0.1965
vn -0.7225 0.6349 0.2735
vn -0.0004 0.9180 0.3966
vn -0.7450 0.5347 0.3990
vn -0.0004 0.8006 0.5992
vn -0.7696 0.3908 0.5050
vn -0.0004 0.6106 0.7919
vn -0.7893 0.2075 0.5779
vn -0.0005 0.3368 0.9416
vn -0.7969 -0.0000 0.6041
vn -0.0005 -0.0000 1.0000
vn -0.7893 -0.2075 0.5779
vn -0.0005 -0.3368 0.9416
vn -0.7696 -0.3908 0.5050
vn -0.0004 -0.6106 0.7919
vn -0.7450 -0.5347 0.3990
vn -0.0004 -0.8006 0.5992
vn -0.7225 -0.6349 0.2735
vn -0.0004 -0.9180 0.3966
vn -0.7074 -0.6931 0.1386
vn -0.0004 -0.9805 0.1965
vn -0.7021 -0.7121 -0.0000
vn -0.0004 -1.0000 -0.0000
vn -0.7074 -0.6931 -0.1386
vn -0.0004 -0.9805 -0.1965
vn -0.7225 -0.6349 -0.2735
vn -0.0004 -0.9180 -0.3966
vn -0.7450 -0.5347 -0.3990
vn -0.0004 -0.8006 -0.5992
vn -0.7696 -0.3908 -0.5050
vn -0.0004 -0.6106 -0.7919
vn 0.0180 -0.3364 -0.9415
vn 0.0023 -0.1731 -0.9849
vn 0.0185 -0.0000 -0.9998
vn 0.0748 -0.1721 -0.9822
vn 0.1425 -0.3332 -0.9320
vn 0.1460 -0.0000 -0.9893
vn 0.2015 -0.1696 -0.9647
vn 0.2662 -0.3250 -0.9075
vn 0.2725 -0.0000 -0.9622
vn 0.3877 -0.1601 -0.9078
vn 0.5517 -0.2823 -0.7848
vn 0.5614 -0.0000 -0.8276
vn 0.6683 -0.1293 -0.7326
vn 0.0169 -0.6101 -0.7921
vn 0.0022 -0.4840 -0.8751
vn 0.0715 -0.4818 -0.8734
vn 0.1339 -0.6048 -0.7850
vn 0.1926 -0.4749 -0.8587
vn 0.2511 -0.5914 -0.7663
vn 0.3729 -0.4502 -0.8113
vn 0.5278 -0.5203 -0.6714
vn 0.6504 -0.3687 -0.6641
vn 0.0157 -0.8002 -0.5995
vn 0.0020 -0.7158 -0.6983
vn 0.0667 -0.7133 -0.6977
vn 0.1244 -0.7941 -0.5949
vn 0.1797 -0.7041 -0.6870
vn 0.2340 -0.7785 -0.5824
vn 0.3510 -0.6711 -0.6530
vn 0.4998 -0.6945 -0.5175
vn 0.6226 -0.5610 -0.5456
vn 0.0147 -0.9178 -0.3968
vn 0.0019 -0.8672 -0.4980
vn 0.0622 -0.8650 -0.4979
vn 0.1166 -0.9116 -0.3942
vn 0.1675 -0.8549 -0.4911
vn 0.2200 -0.8955 -0.3868
vn 0.3299 -0.8190 -0.4694
vn 0.4759 -0.8079 -0.3476
vn 0.5945 -0.6978 -0.3996
vn 0.0140 -0.9804 -0.1967
vn 0.0018 -0.9552 -0.2960
vn 0.0589 -0.9533 -0.2961
vn 0.1117 -0.9743 -0.1955
vn 0.1587 -0.9430 -0.2924
vn 0.2111 -0.9584 -0.1921
vn 0.3145 -0.9068 -0.2806
vn 0.4605 -0.8705 -0.1739
vn 0.5730 -0.7830 -0.2420
vn 0.0138 -0.9999 -0.0000
vn 0.0017 -0.9952 -0.0980
vn 0.0572 -0.9935 -0.0981
vn 0.1101 -0.9939 -0.0000
vn 0.1542 -0.9833 -0.0969
vn 0.2082 -0.9781 -0.0000
vn 0.3065 -0.9473 -0.0932
vn 0.4552 -0.8904 -0.0000
vn 0.5617 -0.8234 -0.0809
vn 0.0140 -0.9804 0.1967
vn 0.0017 -0.9952 0.0980
vn 0.0572 -0.9935 0.0981
vn 0.1117 -0.9743 0.1955
vn 0.1542 -0.9833 0.0969
vn 0.2111 -0.9584 0.1921
vn 0.3065 -0.9473 0.0932
vn 0.4605 -0.8705 0.1739
vn 0.5617 -0.8234 0.0809
vn 0.0147 -0.9178 0.3968
vn 0.0018 -0.9552 0.2960
vn 0.0589 -0.9533 0.2961
vn 0.1166 -0.9116 0.3942
vn 0.1587 -0.9430 0.2924
vn 0.2200 -0.8955 0.3868
vn 0.3145 -0.9068 0.2806
vn 0.4759 -0.8079 0.3476
vn 0.5730 -0.7830 0.2420
vn 0.0157 -0.8002 0.5995
vn 0.0019 -0.8672 0.4980
vn 0.0622 -0.8650 0.4979
vn 0.1244 -0.7941 0.5949
vn 0.1675 -0.8549 0.4911
vn 0.2340 -0.7785 0.5824
vn 0.3299 -0.8190 0.4694
vn 0.4998 -0.6945 0.5175
vn 0.5945 -0.6978 0.3996
vn 0.0169 -0.6101 0.7921
vn 0.0020 -0.7158 0.6984
vn 0.0667 -0.7133 0.6977
vn 0.1339 -0.6048 0.7850
vn 0.1797 -0.7041 0.6870
vn 0.2511 -0.5914 0.7663
vn 0.3510 -0.6711 0.6530
vn 0.5278 -0.5203 0.6714
vn 0.6226 -0.5610 0.5456
vn 0.0180 -0.3364 0.9415
vn 0.0022 -0.4840 0.8751
vn 0.0715 -0.4818 0.8734
vn 0.1425 -0.3332 0.9320
vn 0.1926 -0.4749 0.8587
vn 0.2662 -0.3250 0.9075
vn 0.3729 -0.4502 0.8113
vn 0.5517 -0.2823 0.7848
vn 0.6504 -0.3687 0.6641
vn 0.0185 -0.0000 0.9998
vn 0.0023 -0.1731 0.9849
vn 0.0748 -0.1721 0.9822
vn 0.1460 -0.0000 0.9893
vn 0.2015 -0.1696 0.9647
vn 0.2725 -0.0000 0.9622
vn 0.3877 -0.1601 0.9078
vn 0.5614 -0.0000 0.8276
vn 0.6683 -0.1293 0.7326
vn 0.0180 0.3364 0.9415
vn 0.0023 0.1731 0.9849
vn 0.0748 0.1721 0.9822
vn 0.1425 0.3332 0.9320
vn 0.2015 0.1696 0.9647
vn 0.2662 0.3250 0.9075
vn 0.3877 0.1601 0.9078
vn 0.5517 0.2823 0.7848
vn 0.6683 0.1293 0.7326
vn 0.0169 0.6101 0.7921
vn 0.0022 0.4840 0.8751
vn 0.0715 0.4818 0.8734
vn 0.1339 0.6048 0.7850
vn 0.1926 0.4749 0.8587
vn 0.2511 0.5914 0.7663
vn 0.3729 0.4502 0.8113
vn 0.5278 0.5203 0.6714
vn 0.6504 0.3687 0.6641
vn 0.0157 0.8002 0.5995
vn 0.0020 0.7158 0.6984
vn 0.0667 0.7133 0.6977
vn 0.1244 0.7941 0.5949
vn 0.1797 0.7041 0.6870
vn 0.2340 0.7785 0.5824
vn 0.3510 0.6711 0.6530
vn 0.4998 0.6945 0.5175
vn 0.6226 0.5610 0.5456
vn 0.0147 0.9178 0.3968
vn 0.0019 0.8672 0.4980
vn 0.0622 0.8650 0.4979
vn 0.1166 0.9116 0.3942
vn 0.1675 0.8549 0.4911
vn 0.2200 0.8955 0.3868
vn 0.3299 0.8190 0.4694
vn 0.4759 0.8079 0.3476
vn 0.5945 0.6978 0.3996
vn 0.0140 0.9804 0.1967
vn 0.0018 0.9552 0.2960
vn 0.0589 0.9533 0.2961
vn 0.1117 0.9743 0.1955
vn 0.1587 0.9430 0.2924
vn 0.2111 0.9584 0.1921
vn 0.3145 0.9068 0.2806
vn 0.4605 0.8705 0.1739
vn 0.5730 0.7830 0.2420
vn 0.0138 0.9999 -0.0000
vn 0.0017 0.9952 0.0980
vn 0.0572 0.9935 0.0981
vn 0.1101 0.9939 -0.0000
vn 0.1542 0.9833 0.0969
vn 0.2082 0.9781 -0.0000
vn 0.3065 0.9473 0.0932
vn 0.4552 0.8904 -0.0000
vn 0.5617 0.8234 0.0809
vn 0.0140 0.9804 -0.1967
vn 0.0017 0.9952 -0.0980
vn 0.0572 0.9935 -0.0981
vn 0.1117 0.9743 -0.1955
vn 0.1542 0.9833 -0.0969
vn 0.2111 0.9584 -0.1921
vn 0.3065 0.9473 -0.0932
vn 0.4605 0.8705 -0.1739
vn 0.5617 0.8234 -0.0809
vn 0.0147 0.9178 -0.3968
vn 0.0018 0.9552 -0.2960
vn 0.0589 0.9533 -0.2961
vn 0.1166 0.9116 -0.3942
vn 0.1587 0.9430 -0.2924
vn 0.2200 0.8955 -0.3868
vn 0.3145 0.9068 -0.2806
vn 0.4759 0.8079 -0.3476
vn 0.5730 0.7830 -0.2420
vn 0.0157 0.8002 -0.5995
vn 0.0019 0.8672 -0.4980
vn 0.0622 0.8650 -0.4979
vn 0.1244 0.7941 -0.5949
vn 0.1675 0.8549 -0.4911
vn 0.2340 0.7785 -0.5824
vn 0.3299 0.8190 -0.4694
vn 0.4998 0.6945 -0.5175
vn 0.5945 0.6978 -0.3996
vn 0.0169 0.6101 -0.7921
vn 0.0020 0.7158 -0.6984
vn 0.0667 0.7133 -0.6977
vn 0.1339 0.6048 -0.7850
vn 0.1797 0.7041 -0.6870
vn 0.2511 0.5914 -0.7663
vn 0.3510 0.6711 -0.6530
vn 0.5278 0.5203 -0.6714
vn 0.6226 0.5610 -0.5456
vn 0.0180 0.3364 -0.9415
vn 0.0022 0.4840 -0.8751
vn 0.0715 0.4818 -0.8734
vn 0.1425 0.3332 -0.9320
vn 0.1926 0.4749 -0.8587
vn 0.2662 0.3250 -0.9075
vn 0.3729 0.4502 -0.8113
vn 0.5517 0.2823 -0.7848
vn 0.6504 0.3687 -0.6641
vn 0.0023 0.1731 -0.9849
vn 0.0748 0.1721 -0.9822
vn 0.2015 0.1696 -0.9647
vn 0.3877 0.1601 -0.9078
vn 0.6683 0.1293 -0.7326
vn 0.7050 -0.0000 -0.7092
vn -0.2746 0.5541 0.7859
vn 0.6958 -0.2427 -0.6760
vn 0.0004 -0.0000 -1.0000
vn 0.0004 0.3368 -0.9416
vn 0.0004 -0.3368 -0.9416
vn 0.0003 0.6106 -0.7919
vn -0.5739 0.3617 0.7347
vn 0.0003 0.8006 -0.5992
vn -0.3151 -0.9151 -0.2515
vn 0.0003 0.9180 -0.3966
vn -0.2227 -0.9313 -0.2881
vn 0.0003 0.9805 -0.1965
vn -0.3169 -0.2928 0.9021
vn 0.0003 1.0000 -0.0000
vn -0.5197 -0.2033 0.8298
vn 0.0003 0.9805 0.1965
vn -0.7290 -0.1625 0.6650
vn 0.0003 0.9180 0.3966
vn -0.6522 -0.2841 0.7028
vn 0.0003 0.8006 0.5992
vn -0.2069 0.5867 -0.7829
vn 0.0003 0.6106 0.7919
vn -0.4353 0.0314 -0.8998
vn 0.0004 0.3368 0.9416
vn -0.3976 -0.1618 -0.9032
vn 0.0004 -0.0000 1.0000
vn -0.2917 0.1040 -0.9508
vn 0.0004 -0.3368 0.9416
vn -0.3830 -0.0139 -0.9237
vn 0.0003 -0.6106 0.7919
vn -0.5630 0.4385 -0.7006
vn 0.0003 -0.8006 0.5992
vn -0.4113 -0.6388 -0.6501
vn 0.0003 -0.9180 0.3966
vn -0.8788 -0.1524 0.4522
vn 0.0003 -0.9805 0.1965
vn -0.6532 0.3387 0.6772
vn 0.0003 -1.0000 -0.0000
vn -0.2009 -0.0545 -0.9781
vn 0.0003 -0.9805 -0.1965
vn -0.5755 -0.8169 -0.0370
vn 0.0003 -0.9180 -0.3966
vn -0.5658 -0.1381 -0.8129
vn 0.0003 -0.8006 -0.5992
vn -0.5252 0.7478 0.4061
vn 0.0003 -0.6106 -0.7919
vn -0.9643 0.0119 0.2647
vn -0.2406 -0.1265 0.9623
vn 0.7510 0.2231 -0.6215
vn -0.3090 0.5817 0.7524
vn 0.7294 0.4185 -0.5411
vn 0.7028 0.5701 -0.4256
vn 0.6788 0.6743 -0.2906
vn 0.6628 0.7343 -0.1469
vn 0.6572 0.7537 -0.0000
vn 0.6628 0.7343 0.1469
vn 0.6788 0.6743 0.2906
vn 0.7028 0.5701 0.4256
vn 0.7294 0.4185 0.5411
vn 0.7510 0.2231 0.6215
vn 0.7594 -0.0000 0.6507
vn 0.7510 -0.2231 0.6215
vn 0.7294 -0.4185 0.5411
vn 0.7028 -0.5701 0.4256
vn 0.6788 -0.6743 0.2906
vn 0.6628 -0.7343 0.1469
vn 0.6572 -0.7537 -0.0000
vn 0.6628 -0.7343 -0.1469
vn 0.6788 -0.6743 -0.2906
vn 0.7028 -0.5701 -0.4256
vn 0.7294 -0.4185 -0.5411
vn 0.7973 -0.3079 -0.5191
vn 0.7796 -0.4433 -0.4425
vn 0.7546 -0.5692 -0.3265
vn 0.7359 -0.6401 -0.2208
vn 0.7214 -0.6902 -0.0575
vn 0.7250 -0.6845 0.0763
vn 0.7321 -0.6551 0.1868
vn 0.7502 -0.5741 0.3279
vn 0.7747 -0.4497 0.4444
vn 0.7969 -0.2904 0.5297
vn 0.8111 -0.0949 0.5772
vn 0.8111 0.0996 0.5764
vn 0.7970 0.2994 0.5245
vn 0.7775 0.4375 0.4518
vn 0.7496 0.5736 0.3303
vn 0.7309 0.6540 0.1952
vn 0.7225 0.6882 0.0661
vn 0.7247 0.6846 -0.0783
vn 0.7384 0.6414 -0.2080
vn 0.7500 0.5860 -0.3068
vn 0.7744 0.4540 -0.4406
vn 0.7982 0.2835 -0.5315
vn 0.8126 -0.0911 -0.5756
vn 0.8127 0.0897 -0.5758
vn 0.7594 -0.0000 -0.6507
vn 0.7510 -0.2231 -0.6215
vn 0.6958 0.2427 -0.6760
vn 0.6724 0.4529 -0.5854
vn 0.6439 0.6131 -0.4576
vn 0.6188 0.7214 -0.3109
vn 0.6022 0.7828 -0.1566
vn 0.5964 0.8027 -0.0000
vn 0.6022 0.7828 0.1566
vn 0.6188 0.7214 0.3109
vn 0.6439 0.6131 0.4576
vn 0.6724 0.4529 0.5854
vn 0.6958 0.2427 0.6760
vn 0.7050 -0.0000 0.7092
vn 0.6958 -0.2427 0.6760
vn 0.6724 -0.4529 0.5854
vn 0.6439 -0.6131 0.4576
vn 0.6188 -0.7214 0.3109
vn 0.6022 -0.7829 0.1566
vn 0.5964 -0.8027 -0.0000
vn 0.6022 -0.7829 -0.1566
vn 0.6188 -0.7214 -0.3109
vn 0.6439 -0.6131 -0.4576
vn 0.6724 -0.4529 -0.5854
vn 0.7161 -0.3388 -0.6102
vn 0.6900 -0.5189 -0.5046
vn 0.6630 -0.6496 -0.3720
vn 0.6421 -0.7324 -0.2264
vn 0.6309 -0.7721 -0.0759
vn 0.6309 -0.7721 0.0759
vn 0.6421 -0.7324 0.2264
vn 0.6630 -0.6496 0.3720
vn 0.6900 -0.5190 0.5046
vn 0.7161 -0.3388 0.6102
vn 0.7327 -0.1183 0.6702
vn 0.7327 0.1183 0.6702
vn 0.7161 0.3388 0.6102
vn 0.6900 0.5189 0.5046
vn 0.6630 0.6496 0.3720
vn 0.6421 0.7324 0.2264
vn 0.6309 0.7721 0.0759
vn 0.6309 0.7721 -0.0759
vn 0.6421 0.7324 -0.2264
vn 0.6630 0.6496 -0.3720
vn 0.6900 0.5190 -0.5046
vn 0.7161 0.3388 -0.6102
vn 0.7327 -0.1183 -0.6702
vn 0.7327 0.1183 -0.6702
vn -0.8358 -0.0000 -0.5491
vn 0.9925 0.1040 -0.0634
vn -0.8292 -0.1889 -0.5261
vn 0.1838 -0.9728 -0.1407
vn -0.1831 0.0228 -0.9828
vn 0.2780 0.4822 -0.8308
vn 0.6497 0.5674 -0.5059
vn 0.4301 -0.1330 -0.8930
vn 0.0795 -0.3703 0.9255
vn 0.6125 -0.3081 0.7280
vn 0.2477 0.6346 -0.7321
vn -0.0073 0.1433 0.9897
vn 0.0555 -0.9597 -0.2754
vn 0.2760 -0.8169 -0.5065
vn 0.5405 0.7782 -0.3198
vn 0.0482 0.9968 -0.0637
vn -0.0571 -0.3295 0.9424
vn 0.2597 -0.5823 -0.7704
vn 0.7763 -0.6077 0.1676
vn 0.6425 -0.3599 0.6765
vn 0.8017 -0.0998 -0.5893
vn 0.4425 -0.5024 0.7428
vn -0.1178 -0.2758 -0.9540
vn 0.2186 0.9749 -0.0422
vn -0.8422 -0.2542 -0.4755
vn -0.8203 -0.4240 -0.3839
vn -0.8053 -0.5105 -0.3013
vn -0.7870 -0.5882 -0.1864
vn -0.7768 -0.6267 -0.0624
vn -0.7768 -0.6266 0.0634
vn -0.7880 -0.5849 0.1920
vn -0.8063 -0.5088 0.3015
vn -0.8237 -0.4133 0.3882
vn -0.8396 -0.2805 0.4652
vn -0.8527 -0.0834 0.5157
vn -0.8533 0.1058 0.5107
vn -0.8433 0.2659 0.4671
vn -0.8267 0.3925 0.4032
vn -0.8040 0.5086 0.3080
vn -0.7842 0.5987 0.1632
vn -0.7807 0.6224 0.0557
vn -0.7789 0.6255 -0.0454
vn -0.7893 0.5833 -0.1918
vn -0.8041 0.5187 -0.2904
vn -0.8231 0.4112 -0.3917
vn -0.8424 0.2607 -0.4715
vn -0.8536 -0.0888 -0.5133
vn -0.8537 0.0919 -0.5126
vn -0.8292 0.1889 -0.5261
vn -0.8119 0.3572 -0.4618
vn -0.7899 0.4914 -0.3668
vn -0.7697 0.5863 -0.2527
vn -0.7558 0.6421 -0.1284
vn -0.7509 0.6604 -0.0000
vn -0.7558 0.6421 0.1284
vn -0.7697 0.5863 0.2527
vn -0.7899 0.4914 0.3668
vn -0.8119 0.3572 0.4618
vn -0.8292 0.1889 0.5261
vn -0.8358 -0.0000 0.5491
vn -0.8292 -0.1889 0.5261
vn -0.8119 -0.3572 0.4618
vn -0.7899 -0.4914 0.3668
vn -0.7697 -0.5863 0.2527
vn -0.7558 -0.6421 0.1284
vn -0.7509 -0.6604 -0.0000
vn -0.7558 -0.6421 -0.1284
vn -0.7697 -0.5863 -0.2527
vn -0.7899 -0.4914 -0.3668
vn -0.8119 -0.3572 -0.4618
vn -0.7969 -0.0000 -0.6041
vn -0.7893 -0.2075 -0.5779
vn -0.8177 0.1000 -0.5668
vn -0.8177 -0.1000 -0.5668
vn -0.8044 0.2884 -0.5194
vn -0.7828 0.4462 -0.4338
vn -0.7598 0.5642 -0.3230
vn -0.7415 0.6410 -0.1981
vn -0.7316 0.6785 -0.0667
vn -0.7316 0.6785 0.0667
vn -0.7415 0.6410 0.1981
vn -0.7598 0.5642 0.3230
vn -0.7828 0.4462 0.4338
vn -0.8044 0.2884 0.5194
vn -0.8177 0.1000 0.5668
vn -0.8177 -0.1000 0.5668
vn -0.8044 -0.2884 0.5194
vn -0.7828 -0.4462 0.4338
vn -0.7598 -0.5642 0.3230
vn -0.7415 -0.6410 0.1981
vn -0.7316 -0.6785 0.0667
vn -0.7316 -0.6785 -0.0667
vn -0.7415 -0.6410 -0.1981
vn -0.7598 -0.5642 -0.3230
vn -0.7828 -0.4462 -0.4338
vn -0.8044 -0.2884 -0.5194
vn -0.6187 -0.1369 -0.7736
vn -0.2900 -0.1659 -0.9425
vn -0.1515 -0.1710 -0.9736
vn -0.0218 -0.1728 -0.9847
vn -0.6009 -0.3889 -0.6983
vn -0.2778 -0.4654 -0.8404
vn -0.1447 -0.4787 -0.8660
vn -0.0208 -0.4834 -0.8751
vn -0.5736 -0.5881 -0.5702
vn -0.2599 -0.6915 -0.6740
vn -0.1348 -0.7090 -0.6922
vn -0.0193 -0.7153 -0.6986
vn -0.5465 -0.7272 -0.4153
vn -0.2430 -0.8413 -0.4829
vn -0.1256 -0.8601 -0.4943
vn -0.0180 -0.8668 -0.4983
vn -0.5260 -0.8127 -0.2506
vn -0.2307 -0.9294 -0.2880
vn -0.1189 -0.9483 -0.2942
vn -0.0170 -0.9550 -0.2962
vn -0.5152 -0.8530 -0.0836
vn -0.2244 -0.9698 -0.0955
vn -0.1155 -0.9885 -0.0974
vn -0.0165 -0.9950 -0.0981
vn -0.5152 -0.8530 0.0836
vn -0.2244 -0.9698 0.0955
vn -0.1155 -0.9885 0.0974
vn -0.0165 -0.9950 0.0981
vn -0.5260 -0.8127 0.2506
vn -0.2307 -0.9294 0.2880
vn -0.1189 -0.9483 0.2942
vn -0.0170 -0.9550 0.2962
vn -0.5465 -0.7272 0.4153
vn -0.2430 -0.8413 0.4829
vn -0.1256 -0.8601 0.4943
vn -0.0180 -0.8668 0.4983
vn -0.5736 -0.5881 0.5702
vn -0.2599 -0.6915 0.6740
vn -0.1348 -0.7090 0.6922
vn -0.0193 -0.7153 0.6986
vn -0.6009 -0.3889 0.6983
vn -0.2778 -0.4654 0.8404
vn -0.1447 -0.4787 0.8660
vn -0.0208 -0.4834 0.8751
vn -0.6187 -0.1369 0.7736
vn -0.2900 -0.1659 0.9425
vn -0.1515 -0.1710 0.9736
vn -0.0218 -0.1728 0.9847
vn -0.6187 0.1369 0.7736
vn -0.2900 0.1659 0.9425
vn -0.1515 0.1710 0.9736
vn -0.0218 0.1728 0.9847
vn -0.6009 0.3889 0.6983
vn -0.2778 0.4654 0.8404
vn -0.1447 0.4787 0.8660
vn -0.0208 0.4834 0.8751
vn -0.5736 0.5881 0.5702
vn -0.2599 0.6915 0.6740
vn -0.1348 0.7090 0.6922
vn -0.0193 0.7153 0.6986
vn -0.5465 0.7272 0.4153
vn -0.2430 0.8413 0.4829
vn -0.1256 0.8601 0.4943
vn -0.0180 0.8668 0.4983
vn -0.5260 0.8127 0.2506
vn -0.2307 0.9294 0.2880
vn -0.1189 0.9483 0.2942
vn -0.0170 0.9550 0.2962
vn -0.5152 0.8530 0.0836
vn -0.2244 0.9698 0.0955
vn -0.1155 0.9885 0.0974
vn -0.0165 0.9950 0.0981
vn -0.5152 0.8530 -0.0836
vn -0.2244 0.9698 -0.0955
vn -0.1155 0.9885 -0.0974
vn -0.0165 0.9950 -0.0981
vn -0.5260 0.8127 -0.2506
vn -0.2307 0.9294 -0.2880
vn -0.1189 0.9483 -0.2942
vn -0.0170 0.9550 -0.2962
vn -0.5465 0.7272 -0.4153
vn -0.2430 0.8413 -0.4829
vn -0.1256 0.8601 -0.4943
vn -0.0180 0.8668 -0.4983
vn -0.5736 0.5881 -0.5702
vn -0.2599 0.6915 -0.6740
vn -0.1348 0.7090 -0.6922
vn -0.0193 0.7153 -0.6986
vn -0.6009 0.3889 -0.6983
vn -0.2778 0.4654 -0.8404
vn -0.1447 0.4787 -0.8660
vn -0.0208 0.4834 -0.8751
vn -0.6187 0.1369 -0.7736
vn -0.2900 0.1659 -0.9425
vn -0.1515 0.1710 -0.9736
vn -0.0218 0.1728 -0.9847
vn -0.0005 0.1731 -0.9849
vn -0.0005 -0.1731 -0.9849
vn 0.9882 -0.1530 0.0010
vn 0.7376 0.6343 0.2313
vn 0.9979 -0.0636 -0.0112
vn -0.0004 0.4840 -0.8751
vn -0.0707 -0.8737 -0.4812
vn -0.0004 0.7158 -0.6983
vn -0.0645 0.1748 -0.9825
vn -0.0004 0.8672 -0.4980
vn 0.4066 0.7546 0.5150
vn -0.0004 0.9552 -0.2960
vn 0.2464 -0.0619 -0.9672
vn -0.0004 0.9952 -0.0980
vn 0.1887 -0.1064 0.9763
vn -0.0004 0.9952 0.0980
vn 0.1576 -0.5487 0.8210
vn -0.0004 0.9552 0.2960
vn 0.4506 0.6723 -0.5873
vn -0.0004 0.8672 0.4980
vn 0.4331 0.8424 -0.3204
vn -0.0004 0.7158 0.6983
vn -0.0747 -0.6086 0.7899
vn -0.0004 0.4840 0.8751
vn 0.1632 -0.8828 -0.4405
vn -0.0005 0.1731 0.9849
vn 0.5538 -0.5554 -0.6204
vn -0.0005 -0.1731 0.9849
vn 0.1693 0.9782 -0.1200
vn -0.0004 -0.4840 0.8751
vn -0.0711 0.5856 0.8075
vn -0.0004 -0.7158 0.6983
vn 0.1707 -0.8560 0.4879
vn -0.0004 -0.8672 0.4980
vn 0.3968 -0.6242 -0.6730
vn -0.0004 -0.9552 0.2960
vn 0.5093 -0.2413 0.8261
vn -0.0004 -0.9952 0.0980
vn 0.8796 -0.2632 -0.3963
vn -0.0004 -0.9952 -0.0980
vn 0.8974 -0.3921 0.2023
vn -0.0004 -0.9552 -0.2960
vn 0.0459 -0.7449 -0.6656
vn -0.0004 -0.8672 -0.4980
vn -0.0566 0.6277 -0.7764
vn -0.0004 -0.7158 -0.6983
vn 0.9016 -0.2705 0.3375
vn -0.0004 -0.4840 -0.8751
vn 0.0184 -0.1729 -0.9848
vn 0.1451 -0.1712 -0.9745
vn 0.2709 -0.1668 -0.9481
vn 0.5589 -0.1443 -0.8166
vn 0.0175 -0.4835 -0.8752
vn 0.1386 -0.4791 -0.8668
vn 0.2593 -0.4678 -0.8449
vn 0.5410 -0.4087 -0.7351
vn 0.0163 -0.7154 -0.6986
vn 0.1291 -0.7095 -0.6928
vn 0.2424 -0.6946 -0.6773
vn 0.5137 -0.6155 -0.5977
vn 0.0151 -0.8669 -0.4982
vn 0.1202 -0.8607 -0.4947
vn 0.2264 -0.8447 -0.4849
vn 0.4870 -0.7582 -0.4336
vn 0.0143 -0.9550 -0.2962
vn 0.1137 -0.9489 -0.2943
vn 0.2149 -0.9329 -0.2891
vn 0.4670 -0.8449 -0.2609
vn 0.0139 -0.9951 -0.0981
vn 0.1105 -0.9891 -0.0975
vn 0.2089 -0.9732 -0.0959
vn 0.4565 -0.8855 -0.0869
vn 0.0139 -0.9951 0.0981
vn 0.1105 -0.9891 0.0975
vn 0.2089 -0.9732 0.0959
vn 0.4565 -0.8855 0.0869
vn 0.0143 -0.9550 0.2962
vn 0.1137 -0.9489 0.2943
vn 0.2149 -0.9329 0.2891
vn 0.4670 -0.8449 0.2609
vn 0.0151 -0.8669 0.4982
vn 0.1202 -0.8607 0.4947
vn 0.2264 -0.8447 0.4849
vn 0.4870 -0.7582 0.4336
vn 0.0163 -0.7154 0.6986
vn 0.1291 -0.7095 0.6928
vn 0.2424 -0.6946 0.6773
vn 0.5137 -0.6155 0.5977
vn 0.0175 -0.4835 0.8752
vn 0.1386 -0.4791 0.8668
vn 0.2593 -0.4678 0.8449
vn 0.5410 -0.4087 0.7351
vn 0.0184 -0.1729 0.9848
vn 0.1451 -0.1712 0.9745
vn 0.2709 -0.1668 0.9481
vn 0.5589 -0.1443 0.8166
vn 0.0184 0.1729 0.9848
vn 0.1451 0.1712 0.9745
vn 0.2709 0.1668 0.9481
vn 0.5589 0.1443 0.8166
vn 0.0175 0.4835 0.8752
vn 0.1386 0.4791 0.8668
vn 0.2593 0.4678 0.8449
vn 0.5410 0.4087 0.7351
vn 0.0163 0.7154 0.6986
vn 0.1291 0.7095 0.6928
vn 0.2424 0.6946 0.6773
vn 0.5137 0.6155 0.5977
vn 0.0151 0.8669 0.4982
vn 0.1202 0.8607 0.4947
vn 0.2264 0.8447 0.4849
vn 0.4870 0.7582 0.4336
vn 0.0143 0.9550 0.2962
vn 0.1137 0.9489 0.2943
vn 0.2149 0.9329 0.2891
vn 0.4670 0.8449 0.2609
vn 0.0139 0.9951 0.0981
vn 0.1105 0.9891 0.0975
vn 0.2089 0.9732 0.0959
vn 0.4565 0.8855 0.0869
vn 0.0139 0.9951 -0.0981
vn 0.1105 0.9891 -0.0975
vn 0.2089 0.9732 -0.0959
vn 0.4565 0.8855 -0.0869
vn 0.0143 0.9550 -0.2962
vn 0.1137 0.9489 -0.2943
vn 0.2149 0.9329 -0.2891
vn 0.4670 0.8449 -0.2609
vn 0.0151 0.8669 -0.4982
vn 0.1202 0.8607 -0.4947
vn 0.2264 0.8447 -0.4849
vn 0.4870 0.7582 -0.4336
vn 0.0163 0.7154 -0.6986
vn 0.1291 0.7095 -0.6928
vn 0.2424 0.6946 -0.6773
vn 0.5137 0.6155 -0.5977
vn 0.0175 0.4835 -0.8752
vn 0.1386 0.4791 -0.8668
vn 0.2593 0.4678 -0.8449
vn 0.5410 0.4087 -0.7351
vn 0.0184 0.1729 -0.9848
vn 0.1451 0.1712 -0.9745
vn 0.2709 0.1668 -0.9481
vn 0.5589 0.1443 -0.8166
vn 0.7027 0.1236 -0.7007
vn 0.7027 -0.1236 -0.7007
vn 0.0004 0.1731 -0.9849
vn 0.0004 -0.1731 -0.9849
vn 0.0003 0.4840 -0.8751
vn 0.6854 0.3534 -0.6367
vn 0.0003 0.7158 -0.6983
vn 0.6582 0.5397 -0.5249
vn 0.0003 0.8672 -0.4980
vn 0.6306 0.6735 -0.3857
vn 0.0003 0.9552 -0.2960
vn 0.6092 0.7576 -0.2342
vn 0.0003 0.9952 -0.0980
vn 0.5979 0.7977 -0.0784
vn 0.0003 0.9952 0.0980
vn 0.5979 0.7977 0.0784
vn 0.0003 0.9552 0.2960
vn 0.6092 0.7576 0.2342
vn 0.0003 0.8672 0.4980
vn 0.6306 0.6735 0.3857
vn 0.0003 0.7158 0.6983
vn 0.6582 0.5397 0.5249
vn 0.0003 0.4840 0.8751
vn 0.6854 0.3534 0.6367
vn 0.0004 0.1731 0.9849
vn 0.7027 0.1236 0.7007
vn 0.0004 -0.1731 0.9849
vn 0.7027 -0.1236 0.7007
vn 0.0003 -0.4840 0.8751
vn 0.6854 -0.3534 0.6367
vn 0.0003 -0.7158 0.6983
vn 0.6582 -0.5397 0.5249
vn 0.0003 -0.8672 0.4980
vn 0.6306 -0.6735 0.3857
vn 0.0003 -0.9552 0.2960
vn 0.6092 -0.7576 0.2342
vn 0.0003 -0.9952 0.0980
vn 0.5979 -0.7977 0.0784
vn 0.0003 -0.9952 -0.0980
vn 0.5979 -0.7977 -0.0784
vn 0.0003 -0.9552 -0.2960
vn 0.6092 -0.7576 -0.2342
vn 0.0003 -0.8672 -0.4980
vn 0.6306 -0.6735 -0.3857
vn 0.0003 -0.7158 -0.6983
vn 0.6582 -0.5397 -0.5249
vn 0.0003 -0.4840 -0.8751
vn 0.6854 -0.3534 -0.6367
vn -0.2622 0.9224 -0.2834
vn -0.2575 -0.5536 0.7920
vn -0.2357 0.7344 -0.6365
vn -0.3844 -0.7215 0.5759
vn -0.2934 -0.2270 -0.9286
vn -0.4677 0.0043 -0.8839
vn -0.4861 0.2994 0.8210
vn -0.5567 -0.6610 -0.5031
vn -0.5808 -0.3226 -0.7475
vn -0.4418 0.3899 -0.8079
vn -0.3191 -0.1947 -0.9275
vn -0.2918 0.3215 -0.9008
vn -0.4205 -0.6179 -0.6643
vn -0.1331 0.5469 -0.8265
vn -0.9824 0.1759 0.0631
vn -0.7061 -0.1760 0.6859
vn -0.6326 -0.1750 0.7544
vn -0.4001 -0.2531 0.8808
vn -0.3707 -0.5887 0.7183
vn -0.1501 -0.8921 -0.4261
vn -0.8278 -0.1924 0.5269
vn -0.4388 0.4076 0.8008
vn -0.2281 -0.3096 0.9231
vn -0.2371 0.4656 0.8526
vn 0.7414 -0.3256 -0.5868
vn 0.7162 -0.5003 -0.4866
vn 0.6901 -0.6280 -0.3597
vn 0.6696 -0.7096 -0.2194
vn 0.6586 -0.7489 -0.0736
vn 0.6586 -0.7489 0.0736
vn 0.6696 -0.7096 0.2194
vn 0.6900 -0.6280 0.3597
vn 0.7162 -0.5003 0.4866
vn 0.7414 -0.3256 0.5868
vn 0.7572 -0.1135 0.6433
vn 0.7572 0.1135 0.6433
vn 0.7414 0.3256 0.5868
vn 0.7162 0.5003 0.4866
vn 0.6901 0.6280 0.3597
vn 0.6696 0.7096 0.2194
vn 0.6586 0.7489 0.0736
vn 0.6586 0.7489 -0.0736
vn 0.6696 0.7096 -0.2194
vn 0.6901 0.6280 -0.3597
vn 0.7162 0.5003 -0.4866
vn 0.7414 0.3256 -0.5868
vn 0.7572 -0.1135 -0.6433
vn 0.7572 0.1135 -0.6433
vn -0.8215 -0.2767 -0.4985
vn -0.8011 -0.4291 -0.4174
vn -0.7793 -0.5438 -0.3115
vn -0.7617 -0.6190 -0.1914
vn -0.7522 -0.6558 -0.0644
vn -0.7522 -0.6558 0.0644
vn -0.7617 -0.6190 0.1914
vn -0.7793 -0.5438 0.3115
vn -0.8011 -0.4291 0.4174
vn -0.8215 -0.2767 0.4985
vn -0.8341 -0.0958 0.5433
vn -0.8341 0.0958 0.5433
vn -0.8215 0.2767 0.4985
vn -0.8011 0.4291 0.4174
vn -0.7793 0.5438 0.3115
vn -0.7617 0.6190 0.1914
vn -0.7522 0.6558 0.0644
vn -0.7522 0.6558 -0.0644
vn -0.7617 0.6190 -0.1914
vn -0.7793 0.5438 -0.3115
vn -0.8011 0.4291 -0.4174
vn -0.8215 0.2767 -0.4985
vn -0.8341 -0.0958 -0.5433
vn -0.8341 0.0958 -0.5433
vn -0.7949 0.1054 -0.5975
vn -0.7949 -0.1054 -0.5975
vn -0.7805 0.3034 -0.5465
vn -0.7574 0.4681 -0.4552
vn -0.7331 0.5902 -0.3379
vn -0.7138 0.6691 -0.2068
vn -0.7034 0.7074 -0.0695
vn -0.7034 0.7074 0.0695
vn -0.7138 0.6691 0.2068
vn -0.7331 0.5902 0.3379
vn -0.7574 0.4681 0.4552
vn -0.7805 0.3034 0.5465
vn -0.7949 0.1054 0.5975
vn -0.7949 -0.1054 0.5975
vn -0.7805 -0.3034 0.5465
vn -0.7574 -0.4681 0.4552
vn -0.7331 -0.5902 0.3379
vn -0.7138 -0.6691 0.2068
vn -0.7034 -0.7074 0.0695
vn -0.7034 -0.7074 -0.0695
vn -0.7138 -0.6691 -0.2068
vn -0.7331 -0.5902 -0.3379
vn -0.7574 -0.4681 -0.4552
vn -0.7805 -0.3034 -0.5465
vn 0.0580 0.3334 -0.9410
vn -0.1195 -0.3566 -0.9266
vn 0.0373 -0.3640 -0.9307
vn -0.0141 -0.0135 -0.9998
vn 0.0294 0.0353 -0.9989
vn -0.1440 0.6458 -0.7499
vn 0.1068 0.8816 -0.4598
vn -0.0736 0.5530 -0.8299
vn 0.0243 0.9078 -0.4187
vn -0.0538 0.9229 -0.3813
vn 0.0720 0.9673 -0.2431
vn -0.0355 0.9716 -0.2338
vn 0.1547 0.8274 0.5398
vn -0.0773 0.9968 0.0189
vn 0.1207 0.9894 0.0811
vn 0.0305 0.9790 0.2013
vn 0.1046 0.7810 0.6158
vn -0.0476 0.8695 0.4916
vn 0.0112 0.3778 0.9258
vn -0.0587 0.3620 0.9303
vn 0.0956 0.7545 0.6493
vn -0.0391 0.6794 0.7327
vn 0.0822 0.8657 0.4939
vn 0.0276 0.5482 0.8359
vn 0.0331 0.2149 0.9761
vn -0.0283 0.1793 0.9834
vn 0.0601 -0.5391 0.8401
vn -0.0791 -0.4796 0.8739
vn 0.0381 -0.5857 0.8096
vn 0.0437 -0.4331 0.9003
vn 0.0786 -0.8525 0.5167
vn -0.0871 -0.8612 0.5008
vn 0.1627 -0.8326 0.5294
vn -0.1727 -0.9657 0.1938
vn 0.0620 -0.9482 0.3114
vn -0.1415 -0.8410 0.5223
vn 0.0734 -0.9946 -0.0735
vn -0.0399 -0.9894 0.1398
vn 0.0576 -0.9321 -0.3576
vn -0.0893 -0.9228 -0.3749
vn -0.0352 -0.6956 -0.7176
vn -0.0958 -0.8932 -0.4394
vn 0.1920 -0.3106 -0.9309
vn -0.0593 -0.6639 -0.7455
vn 0.1209 -0.9204 -0.3717
vn -0.0112 -0.4085 -0.9127
vn 0.1051 -0.7008 -0.7056
vn -0.1127 0.3270 -0.9383
vn -0.4727 0.2163 -0.8543
vn 0.2970 0.1476 -0.9434
vn 0.2932 0.3991 -0.8688
vn -0.3415 0.6364 -0.6916
vn 0.2279 -0.3073 -0.9239
vn -0.3210 0.6874 -0.6514
vn 0.2341 -0.4145 -0.8795
vn -0.3272 0.5229 -0.7871
vn 0.2713 0.9518 -0.1429
vn -0.4109 0.7087 -0.5735
vn 0.2317 0.9165 -0.3262
vn -0.3501 0.9313 0.1007
vn 0.2795 0.8063 -0.5213
vn -0.3097 0.8815 0.3563
vn 0.3453 0.7306 0.5891
vn -0.3025 0.8653 0.3998
vn 0.2883 0.6759 0.6783
vn -0.3099 0.7722 0.5546
vn 0.2518 0.9493 0.1880
vn -0.2442 0.9684 -0.0501
vn 0.4160 0.7443 0.5225
vn -0.3605 0.8368 0.4121
vn 0.2891 -0.6514 0.7015
vn -0.3836 0.5847 0.7148
vn 0.3459 -0.3890 0.8538
vn -0.4623 0.0851 0.8827
vn 0.3407 -0.1652 0.9256
vn -0.4054 -0.3951 0.8243
vn 0.2766 0.4761 0.8348
vn -0.3958 -0.6143 0.6826
vn 0.4647 -0.6790 0.5684
vn -0.2490 -0.9624 0.1085
vn 0.2086 -0.9666 -0.1488
vn -0.2646 -0.9110 0.3163
vn 0.2597 -0.8837 0.3894
vn -0.3076 -0.8605 0.4061
vn 0.2941 -0.8775 0.3788
vn -0.2294 -0.8071 -0.5440
vn 0.2966 -0.8288 -0.4744
vn -0.2219 -0.9384 -0.2649
vn 0.2619 -0.9613 -0.0854
vn -0.3083 -0.8574 -0.4121
vn 0.4270 -0.4087 -0.8066
vn -0.3413 -0.4388 -0.8313
vn 0.2564 0.2477 -0.9343
vn -0.2734 -0.9421 -0.1943
vn 0.3202 -0.2276 -0.9196
vn -0.3852 -0.6844 -0.6191
vn 0.2004 -0.2401 -0.9498
vn 0.2519 0.3007 -0.9199
vn 0.1853 -0.0400 -0.9819
vn 0.1408 -0.2691 -0.9528
vn 0.2038 0.9522 -0.2277
vn 0.2091 0.9342 -0.2891
vn 0.1879 0.8719 -0.4523
vn 0.2580 0.8500 0.4593
vn 0.2339 0.5888 0.7737
vn 0.1886 0.9083 0.3735
vn 0.2385 0.7558 0.6098
vn 0.1858 -0.6087 0.7714
vn 0.2456 -0.3223 0.9142
vn 0.2459 -0.1665 0.9549
vn 0.1977 0.3650 0.9098
vn 0.2447 -0.7971 0.5520
vn 0.1292 -0.9873 -0.0925
vn 0.1617 -0.7931 0.5872
vn 0.2086 -0.9028 0.3761
vn 0.2018 -0.8205 -0.5348
vn 0.1833 -0.9515 -0.2471
vn 0.2305 -0.3889 -0.8920
vn 0.1580 0.3555 -0.9212
vn 0.1959 -0.0305 -0.9801
vn -0.2174 0.5823 -0.7834
vn -0.1985 0.6809 -0.7050
vn -0.1980 0.6185 -0.7604
vn -0.2321 0.8068 -0.5433
vn -0.2101 0.9777 -0.0031
vn -0.1641 0.8361 0.5235
vn -0.1787 0.9035 0.3896
vn -0.2068 0.8240 0.5275
vn 0.2612 0.3585 -0.8962
vn -0.2068 0.8801 0.4273
vn -0.2271 0.7603 0.6085
vn -0.3256 0.1366 0.9356
vn -0.2726 -0.4043 0.8731
vn -0.2615 -0.6291 0.7320
vn -0.1360 -0.9906 0.0156
vn -0.1558 -0.9536 0.2575
vn -0.1836 -0.8518 0.4906
vn -0.1616 -0.8837 -0.4393
vn -0.1877 -0.9478 -0.2578
vn -0.2278 -0.6330 -0.7398
vn -0.1529 -0.1093 -0.9822
vn -0.0552 -0.9943 0.0910
vn -0.1946 -0.8233 -0.5331
vn -0.2596 0.3467 -0.9013
vn 0.0666 0.4058 -0.9115
vn -0.0443 -0.8621 -0.5048
vn 0.1655 -0.5223 -0.8366
vn -0.1865 0.4803 -0.8571
vn -0.1094 -0.4948 -0.8621
vn -0.1026 0.5959 -0.7965
vn -0.1713 0.5851 -0.7927
vn 0.1459 0.7234 -0.6748
vn -0.1059 0.5343 -0.8387
vn -0.1657 0.6316 -0.7574
vn 0.0475 0.8759 -0.4801
vn -0.0580 0.7929 -0.6066
vn -0.1958 0.8300 -0.5223
vn 0.0538 0.9524 -0.3001
vn -0.0389 0.9641 -0.2627
vn -0.1693 0.9855 0.0053
vn 0.1159 0.9594 0.2571
vn -0.0642 0.9839 -0.1668
vn -0.1139 0.7785 0.6172
vn 0.1389 0.9709 0.1952
vn -0.0497 0.9922 0.1145
vn -0.1461 0.9371 0.3171
vn 0.1132 0.9790 0.1695
vn 0.0224 0.9243 0.3809
vn -0.1777 0.8870 0.4263
vn 0.0165 0.3436 0.9390
vn -0.0802 0.6657 0.7419
vn -0.1820 0.7456 0.6411
vn 0.0719 0.7944 0.6031
vn -0.0127 0.2040 0.9789
vn -0.1682 0.8429 0.5111
vn 0.0806 0.6898 0.7195
vn 0.0277 0.7878 0.6153
vn -0.1833 0.8166 0.5473
vn 0.0171 0.8389 0.5439
vn -0.0101 0.2857 0.9583
vn -0.2919 0.1144 0.9496
vn 0.0458 -0.4429 0.8954
vn -0.0577 0.0807 0.9951
vn -0.2328 -0.4373 0.8687
vn 0.0511 -0.5165 0.8547
vn 0.0503 -0.6777 0.7337
vn -0.2132 -0.6250 0.7510
vn 0.0566 -0.7592 0.6484
vn -0.0345 -0.5065 0.8616
vn -0.1181 -0.9909 0.0641
vn 0.1085 -0.8405 0.5308
vn -0.1445 -0.9790 0.1441
vn -0.1362 -0.9429 0.3039
vn 0.1183 -0.9081 0.4018
vn -0.1757 -0.9081 0.3800
vn -0.1692 -0.8344 0.5245
vn 0.0618 -0.9943 0.0868
vn -0.0900 -0.8623 0.4983
vn -0.1673 -0.9626 -0.2130
vn 0.0821 -0.9715 -0.2224
vn -0.0702 -0.9526 -0.2959
vn -0.2073 -0.9618 -0.1790
vn 0.0289 -0.9209 -0.3887
vn -0.0878 -0.9164 -0.3905
vn -0.2085 -0.5729 -0.7927
vn 0.0652 -0.3912 -0.9180
vn -0.1066 -0.8473 -0.5203
vn -0.1257 -0.1393 -0.9822
vn 0.0798 -0.4658 -0.8813
vn -0.0173 -0.2669 -0.9636
vn -0.0649 -0.9978 0.0102
vn 0.1308 -0.9911 -0.0264
vn -0.1227 -0.2726 -0.9543
vn -0.1602 -0.7525 -0.6388
vn 0.0705 -0.0311 -0.9970
vn -0.0954 0.3428 -0.9345
vn -0.3226 0.2919 -0.9004
vn 0.2254 0.4000 -0.8884
vn 0.1538 -0.3384 -0.9283
vn 0.1488 -0.4926 -0.8574
vn 0.2001 0.9641 -0.1745
vn 0.1874 0.9280 -0.3219
vn 0.1964 0.8411 -0.5040
vn 0.2710 0.8152 0.5120
vn 0.2406 0.6347 0.7343
vn 0.1968 0.9421 0.2714
vn 0.3168 0.7347 0.5998
vn 0.1999 -0.6827 0.7028
vn 0.2701 -0.3473 0.8980
vn 0.2741 -0.1751 0.9456
vn 0.2053 0.4435 0.8725
vn 0.3416 -0.7031 0.6236
vn 0.1439 -0.9809 -0.1306
vn 0.1866 -0.8538 0.4860
vn 0.2278 -0.8795 0.4178
vn 0.2209 -0.8186 -0.5302
vn 0.1996 -0.9690 -0.1457
vn 0.3072 -0.3975 -0.8646
vn 0.1849 0.3209 -0.9289
vn 0.2278 -0.1139 -0.9670
vn -0.4749 -0.2385 -0.8471
vn 0.3077 0.1116 -0.9449
vn -0.3209 -0.9078 -0.2700
vn 0.3035 -0.2901 -0.9076
vn -0.2298 -0.9505 -0.2093
vn 0.2325 0.4447 -0.8650
vn -0.3308 -0.1048 -0.9379
vn 0.2788 -0.9579 -0.0685
vn -0.2258 -0.9713 -0.0743
vn 0.2942 -0.8943 -0.3372
vn -0.1982 -0.7768 -0.5977
vn 0.3168 -0.9140 -0.2534
vn -0.3107 -0.9495 -0.0443
vn 0.2516 -0.7601 0.5991
vn -0.2825 -0.8319 0.4776
vn 0.2375 -0.9707 0.0368
vn -0.2456 -0.9586 0.1441
vn 0.2379 -0.9649 -0.1110
vn -0.3129 -0.8954 0.3168
vn 0.3247 0.3825 0.8650
vn -0.4094 -0.3802 0.8294
vn 0.3292 0.1789 0.9272
vn -0.4155 -0.3780 0.8274
vn 0.3458 -0.2781 0.8962
vn -0.3876 0.5972 0.7023
vn 0.3261 -0.5188 0.7903
vn -0.4027 0.5306 0.7458
vn 0.4068 -0.3788 0.8313
vn -0.2165 0.9718 -0.0936
vn 0.2507 0.9564 0.1499
vn -0.2717 0.1289 0.9537
vn 0.2795 0.8783 0.3880
vn -0.2998 0.8699 0.3916
vn 0.2966 0.5368 0.7899
vn -0.3022 0.8464 0.4385
vn 0.3623 0.9315 0.0315
vn -0.3325 0.9260 0.1790
vn 0.2238 0.7261 -0.6502
vn -0.3850 0.9171 -0.1029
vn 0.2254 0.9741 -0.0176
vn -0.3510 0.4270 -0.8334
vn 0.3761 0.6554 -0.6550
vn -0.3091 0.7052 -0.6381
vn 0.0912 -0.7719 -0.6292
vn -0.3414 0.6042 -0.7200
vn 0.2903 0.4140 -0.8628
vn -0.3765 0.5879 -0.7159
vn 0.2972 0.1785 -0.9380
vn 0.2177 0.0383 -0.9753
vn 0.2819 0.0895 -0.9553
vn 0.1805 0.4480 -0.8756
vn 0.1389 0.0584 -0.9886
vn 0.2020 0.9170 -0.3441
vn 0.2286 0.9449 -0.2343
vn 0.1842 0.9315 -0.3138
vn 0.2398 0.9057 0.3495
vn 0.2256 0.5543 0.8012
vn 0.1830 0.8030 0.5672
vn 0.1556 0.8020 0.5767
vn 0.2055 -0.1706 0.9637
vn 0.2195 -0.2732 0.9366
vn 0.2189 -0.1209 0.9682
vn 0.2023 0.1262 0.9711
vn 0.1675 -0.8884 0.4274
vn 0.1148 -0.9934 0.0039
vn 0.1259 -0.6962 0.7067
vn 0.1871 -0.9375 0.2933
vn 0.1802 -0.8464 -0.5011
vn 0.1634 -0.9032 -0.3968
vn 0.1615 -0.4373 -0.8847
vn 0.1396 0.3356 -0.9316
vn 0.1579 0.0777 -0.9844
vn 0.1896 0.0944 -0.9773
vn 0.1928 -0.0244 -0.9809
vn 0.1523 0.3841 -0.9106
vn 0.1779 -0.9382 -0.2969
vn 0.2034 -0.8931 -0.4013
vn 0.2182 -0.9176 -0.3324
vn 0.1559 -0.6701 0.7257
vn 0.1568 -0.9657 0.2071
vn 0.1294 -0.9860 -0.1054
vn 0.2238 0.1389 0.9647
vn 0.2388 0.0831 0.9675
vn 0.2478 -0.2366 0.9395
vn 0.2275 -0.4521 0.8625
vn 0.2574 -0.1991 0.9456
vn 0.1610 0.9434 0.2900
vn 0.2237 0.7983 0.5592
vn 0.2379 0.5556 0.7967
vn 0.2267 0.9711 -0.0748
vn 0.1872 0.8258 -0.5319
vn 0.1968 0.9775 -0.0756
vn 0.2374 0.6201 -0.7477
vn 0.0810 -0.6283 -0.7738
vn 0.1983 0.6474 -0.7359
vn 0.2180 -0.3860 -0.8964
vn -0.2483 0.6096 -0.7528
vn -0.2321 0.6878 -0.6878
vn -0.2331 0.5914 -0.7719
vn -0.2689 0.7911 -0.5494
vn -0.2509 0.9679 0.0158
vn -0.2159 0.8594 0.4635
vn -0.2093 0.8854 0.4151
vn -0.2310 0.7788 0.5831
vn -0.2113 0.8377 0.5036
vn -0.2461 0.8808 0.4045
vn -0.2711 0.6880 0.6732
vn -0.3566 0.1323 0.9248
vn -0.3066 -0.3885 0.8689
vn -0.3010 -0.6273 0.7183
vn -0.1617 -0.9863 0.0336
vn -0.1784 -0.9490 0.2598
vn -0.1979 -0.8756 0.4406
vn -0.1612 -0.8274 -0.5380
vn -0.1682 -0.9400 -0.2968
vn -0.2364 -0.7423 -0.6270
vn -0.2000 -0.2041 -0.9583
vn -0.0752 -0.9960 0.0488
vn -0.2480 -0.8493 -0.4660
vn -0.2033 0.3863 -0.8997
vn -0.2215 0.5976 -0.7706
vn -0.2176 0.4953 -0.8410
vn -0.1845 0.7504 -0.6347
vn -0.2129 0.5718 -0.7923
vn -0.2230 0.9601 -0.1685
vn -0.1976 0.9598 0.1992
vn -0.1644 0.8222 0.5449
vn -0.1862 0.9274 0.3243
vn -0.2143 0.4506 0.8666
vn -0.0862 0.9763 -0.1987
vn -0.2425 0.6639 0.7074
vn -0.2419 0.7494 0.6163
vn -0.2786 -0.4242 0.8617
vn -0.2740 -0.3617 0.8911
vn -0.1915 -0.9350 0.2986
vn -0.1345 -0.9903 0.0346
vn -0.1742 -0.8554 0.4879
vn -0.1943 -0.9753 0.1052
vn -0.1635 -0.8382 -0.5203
vn -0.1851 -0.9741 -0.1300
vn -0.1126 0.3665 -0.9236
vn -0.1204 -0.9672 -0.2235
vn -0.0640 -0.9950 0.0769
vn -0.2787 -0.0490 -0.9591
vn 0.1677 -0.7475 -0.6428
vn 0.1596 0.7982 -0.5809
vn 0.1376 -0.1360 -0.9811
vn 0.1860 0.6584 -0.7294
vn 0.2184 0.9602 -0.1741
vn 0.2063 0.9154 -0.3457
vn 0.1959 0.9739 -0.1144
vn 0.2360 0.6031 0.7620
vn 0.2152 0.7219 0.6577
vn 0.1485 0.8384 0.5245
vn 0.2062 0.2510 0.9458
vn 0.2105 -0.3249 0.9220
vn 0.2207 -0.2110 0.9522
vn 0.2194 0.0102 0.9756
vn 0.2048 -0.2474 0.9470
vn 0.1077 -0.9916 -0.0717
vn 0.1299 -0.9138 0.3848
vn 0.1362 -0.6571 0.7414
vn 0.1855 -0.9154 -0.3573
vn 0.1809 -0.8863 -0.4264
vn 0.1442 -0.8557 -0.4970
vn 0.1407 0.2032 -0.9690
vn 0.2146 0.1426 -0.9662
vn 0.1581 0.0915 -0.9832
vn 0.1626 0.0088 -0.9866
vn 0.2263 -0.1521 -0.9621
vn -0.3521 -0.1415 -0.9252
vn -0.1260 -0.9914 -0.0340
vn -0.1275 -0.9682 -0.2150
vn -0.1726 0.2604 -0.9500
vn -0.1675 -0.9764 -0.1361
vn -0.1445 -0.7705 -0.6209
vn -0.2109 -0.9765 0.0434
vn -0.1898 -0.8773 0.4408
vn -0.1611 -0.9841 0.0748
vn -0.2234 -0.9329 0.2826
vn -0.3099 -0.3621 0.8791
vn -0.3126 -0.3898 0.8662
vn -0.2808 0.6942 0.6628
vn -0.2831 0.6145 0.7364
vn -0.1137 0.9638 -0.2412
vn -0.0942 -0.4939 0.8644
vn -0.2105 0.9066 0.3657
vn -0.2054 0.8268 0.5236
vn -0.2423 0.9548 0.1722
vn -0.2627 0.9502 -0.1675
vn -0.2462 0.5503 -0.7978
vn -0.2202 0.7316 -0.6452
vn -0.2510 0.5711 -0.7815
vn -0.2618 0.5869 -0.7662
vn 0.1687 0.4625 -0.8704
vn 0.2044 -0.9692 -0.1376
vn 0.2223 -0.8990 -0.3774
vn 0.2470 -0.9223 -0.2973
vn 0.1775 -0.7080 0.6835
vn 0.1725 -0.9793 0.1059
vn 0.1579 -0.9805 -0.1174
vn 0.2351 0.3717 0.8981
vn 0.2587 0.1088 0.9598
vn 0.2742 -0.2559 0.9270
vn 0.2489 -0.4997 0.8297
vn 0.2961 -0.4167 0.8595
vn 0.1813 0.9645 0.1919
vn 0.2287 0.8486 0.4770
vn 0.2420 0.5573 0.7942
vn 0.2542 0.9665 -0.0344
vn 0.1719 0.7716 -0.6125
vn 0.1761 0.9832 -0.0480
vn 0.2831 0.6276 -0.7252
vn 0.0330 -0.8315 -0.5546
vn 0.2123 0.4811 -0.8506
vn 0.2280 0.0268 -0.9733
vn -0.1851 0.5917 -0.7846
vn -0.1720 0.1650 -0.9712
vn -0.1520 0.7671 -0.6232
vn -0.1804 0.6001 -0.7793
vn -0.1848 0.9700 -0.1580
vn -0.1486 0.9366 0.3174
vn -0.1270 0.8570 0.4994
vn -0.1595 0.9528 0.2584
vn -0.1972 0.6892 0.6973
vn -0.1079 0.9871 0.1187
vn -0.1960 0.7154 0.6707
vn -0.2085 0.7803 0.5896
vn -0.2413 -0.4645 0.8521
vn -0.2303 -0.3869 0.8929
vn -0.1606 -0.9167 0.3660
vn -0.1132 -0.9929 0.0359
vn -0.1575 -0.8075 0.5685
vn -0.1727 -0.9619 0.2121
vn -0.1845 -0.9343 -0.3051
vn -0.2056 -0.9661 -0.1562
vn -0.0836 0.3102 -0.9470
vn -0.1230 -0.9374 -0.3258
vn -0.0542 -0.9985 0.0038
vn -0.2137 0.0044 -0.9769
vn 0.8226 -0.4357 0.3654
vn -0.3911 0.7958 0.4624
vn 0.2789 -0.4770 0.8335
vn -0.3898 -0.8426 -0.3715
vn 0.2106 -0.9549 -0.2094
vn -0.6897 -0.5028 0.5211
vn 0.5356 0.0068 0.8444
vn -0.4424 0.5087 0.7386
vn 0.7155 -0.2014 0.6689
vn -0.8727 -0.3561 0.3341
vn 0.5258 -0.5460 -0.6522
vn -0.9425 -0.3339 0.0109
vn 0.3626 -0.5360 -0.7624
vn -0.6533 -0.3634 0.6642
vn 0.5644 -0.6285 -0.5352
vn -0.8238 -0.1458 -0.5478
vn 0.6539 -0.6212 0.4319
vn -0.5534 0.4413 -0.7064
vn 0.3421 -0.9343 0.1001
vn -0.4495 -0.8327 0.3233
vn 0.7502 -0.6447 -0.1470
vn -0.2794 -0.9113 -0.3023
vn 0.6202 -0.6920 -0.3693
vn -0.2329 0.9064 -0.3524
vn 0.6991 0.6686 0.2536
vn -0.4921 0.8382 -0.2352
vn 0.8601 0.0809 -0.5036
vn -0.6542 -0.7116 -0.2560
vn 0.8633 0.4131 -0.2900
vn -0.3695 -0.6963 -0.6154
vn 0.3255 0.7105 0.6239
vn -0.7229 0.6445 0.2489
vn 0.5725 0.8177 0.0608
vn -0.4912 0.8661 0.0924
vn 0.5300 0.0338 -0.8473
vn -0.4511 0.1602 -0.8780
vn 0.7476 0.6640 0.0131
vn -0.7997 0.1402 -0.5838
vn 0.7441 0.4787 -0.4661
vn -0.7048 0.4458 0.5519
vn 0.5423 -0.6067 0.5812
vn -0.7058 0.5692 0.4218
vn 0.7229 -0.4819 0.4952
vn -0.5132 -0.2652 0.8163
vn 0.2750 0.9311 -0.2395
vn -0.2294 -0.8679 0.4406
vn 0.6950 -0.3368 0.6352
vn -0.6181 0.3694 0.6939
vn 0.4755 -0.2061 0.8552
vn -0.2975 -0.1470 0.9433
vn -0.2938 -0.3989 0.8686
vn 0.3413 -0.6372 0.6910
vn -0.2227 0.3214 0.9204
vn 0.3212 -0.6865 0.6524
vn -0.0630 0.5113 0.8571
vn 0.3272 -0.5230 0.7870
vn -0.2720 -0.9529 0.1340
vn 0.4126 -0.7028 0.5795
vn -0.2339 -0.9159 0.3263
vn 0.3498 -0.9312 -0.1025
vn -0.2798 -0.8034 0.5257
vn 0.3095 -0.8825 -0.3542
vn -0.3423 -0.7187 -0.6052
vn 0.3026 -0.8652 -0.3998
vn -0.2898 -0.6753 -0.6783
vn 0.3044 -0.8546 -0.4206
vn -0.2521 -0.9488 -0.1902
vn 0.2442 -0.9647 -0.0987
vn -0.1196 -0.9807 -0.1549
vn 0.3673 -0.8289 -0.4220
vn -0.2750 0.6774 -0.6823
vn 0.3842 -0.5847 -0.7145
vn -0.3460 0.3890 -0.8538
vn 0.4620 -0.0887 -0.8824
vn -0.3430 0.1557 -0.9263
vn 0.4057 0.3953 -0.8241
vn -0.2728 -0.4795 -0.8341
vn 0.3969 0.6045 -0.6907
vn -0.4077 0.4928 -0.7687
vn 0.2498 0.9623 -0.1077
vn -0.2092 0.9666 0.1478
vn 0.2650 0.9114 -0.3149
vn -0.2601 0.8837 -0.3892
vn 0.3080 0.8552 -0.4169
vn -0.2939 0.8767 -0.3807
vn 0.2235 0.8017 0.5543
vn -0.2965 0.8255 0.4803
vn 0.2226 0.9374 0.2678
vn -0.2624 0.9612 0.0849
vn 0.3014 0.8818 0.3627
vn -0.4089 0.2755 0.8700
vn 0.3377 0.4291 0.8378
vn -0.2570 -0.2552 0.9321
vn 0.2960 0.9254 0.2369
vn -0.3192 0.2246 0.9207
vn 0.3902 0.6510 0.6511
vn -0.2002 0.2408 0.9497
vn -0.2526 -0.2962 0.9211
vn -0.1866 0.0349 0.9818
vn -0.1387 0.2754 0.9513
vn -0.2030 -0.9539 0.2209
vn -0.2091 -0.9342 0.2889
vn -0.1877 -0.8711 0.4538
vn -0.2580 -0.8482 -0.4626
vn -0.2338 -0.5885 -0.7739
vn -0.1887 -0.9081 -0.3738
vn -0.2417 -0.7546 -0.6100
vn -0.1812 0.6279 -0.7569
vn -0.2456 0.3225 -0.9142
vn -0.2460 0.1647 -0.9552
vn -0.1975 -0.3661 -0.9094
vn -0.2455 0.7917 -0.5594
vn -0.1293 0.9874 0.0916
vn -0.1617 0.7938 -0.5862
vn -0.2087 0.9024 -0.3771
vn -0.2016 0.8190 0.5373
vn -0.1834 0.9516 0.2467
vn -0.2304 0.3778 0.8968
vn -0.1577 -0.3585 0.9201
vn -0.1959 0.0297 0.9802
vn 0.2173 -0.5819 0.7837
vn 0.1981 -0.6847 0.7014
vn 0.1980 -0.6184 0.7605
vn 0.2323 -0.8064 0.5438
vn 0.2103 -0.9776 0.0044
vn 0.1633 -0.8354 -0.5248
vn 0.1787 -0.9034 -0.3897
vn 0.2020 -0.8513 -0.4842
vn 0.1502 -0.9739 -0.1704
vn 0.2079 -0.8782 -0.4307
vn 0.2270 -0.7608 -0.6080
vn 0.3255 -0.1421 -0.9348
vn 0.2726 0.4043 -0.8731
vn 0.2618 0.6269 -0.7338
vn 0.1353 0.9907 -0.0123
vn 0.1559 0.9536 -0.2577
vn 0.1833 0.8493 -0.4951
vn 0.1614 0.8835 0.4396
vn 0.1877 0.9478 0.2578
vn 0.2284 0.6267 0.7450
vn 0.1548 0.1133 0.9814
vn 0.0543 0.9942 -0.0932
vn 0.1914 0.8330 0.5191
vn 0.2597 -0.3477 0.9009
vn 0.5763 -0.7749 0.2596
vn -0.5773 0.7954 0.1847
vn -0.1654 0.5219 0.8368
vn 0.1865 -0.4749 0.8600
vn 0.1431 -0.8424 0.5195
vn -0.4812 -0.8504 -0.2130
vn 0.1753 -0.4862 0.8561
vn 0.6974 -0.6581 0.2839
vn -0.4679 0.4440 0.7641
vn 0.1657 -0.6315 0.7575
vn 0.4182 0.2265 0.8797
vn -0.6930 0.0298 0.7203
vn 0.1958 -0.8299 0.5224
vn 0.6492 -0.6620 -0.3747
vn -0.9278 -0.3705 0.0445
vn 0.1695 -0.9855 -0.0010
vn 0.7247 -0.2368 -0.6471
vn -0.8760 -0.3460 0.3360
vn 0.1117 -0.7669 -0.6319
vn 0.4503 -0.5377 -0.7128
vn -0.6186 -0.4668 0.6320
vn 0.1460 -0.9370 -0.3174
vn 0.7134 -0.6340 -0.2987
vn -0.3518 0.4672 -0.8112
vn 0.1775 -0.8876 -0.4251
vn 0.3434 -0.8278 0.4436
vn -0.9245 -0.3590 -0.1278
vn 0.1597 -0.8882 -0.4308
vn 0.4314 -0.8984 0.0822
vn -0.2608 -0.9413 0.2142
vn 0.1685 -0.8408 -0.5145
vn 0.6923 -0.6587 -0.2948
vn -0.4123 0.3719 -0.8317
vn 0.1831 -0.8173 -0.5463
vn 0.8135 0.1669 -0.5571
vn -0.3677 0.9120 -0.1816
vn 0.2918 -0.1206 -0.9488
vn 0.9514 0.2766 -0.1356
vn -0.6826 0.6856 -0.2530
vn 0.2327 0.4373 -0.8687
vn 0.8121 -0.0855 -0.5772
vn -0.2476 -0.8101 -0.5314
vn 0.2134 0.6233 -0.7523
vn 0.4981 0.7885 0.3608
vn -0.8616 -0.0859 -0.5003
vn 0.1179 0.9910 -0.0627
vn 0.3395 0.7422 0.5779
vn -0.4953 0.7714 0.3996
vn 0.1363 0.9430 -0.3036
vn 0.6079 0.2669 -0.7478
vn -0.5064 0.6621 -0.5524
vn 0.1691 0.8338 -0.5256
vn 0.6585 0.4315 -0.6167
vn -0.4705 -0.0493 -0.8810
vn 0.1674 0.9624 0.2141
vn 0.8612 0.5021 0.0782
vn -0.7718 0.4497 0.4495
vn 0.2072 0.9618 0.1790
vn 0.6991 0.5229 -0.4877
vn -0.7479 0.5175 0.4157
vn 0.2091 0.5676 0.7963
vn 0.1527 -0.8946 0.4200
vn -0.6224 0.4770 0.6206
vn 0.1266 0.1395 0.9821
vn 0.3089 0.9413 -0.1360
vn -0.2592 -0.8904 0.3741
vn 0.0651 0.9978 -0.0095
vn 0.4292 0.8683 0.2488
vn -0.5809 -0.7297 0.3607
vn 0.1596 0.7584 0.6320
vn 0.9115 -0.2323 0.3393
vn -0.4908 0.4281 0.7589
vn 0.3226 -0.2931 0.9000
vn -0.2251 -0.4045 0.8864
vn -0.1580 0.3178 0.9349
vn -0.1381 0.5229 0.8412
vn -0.1974 -0.9669 0.1616
vn -0.1874 -0.9282 0.3214
vn -0.1956 -0.8389 0.5080
vn -0.2709 -0.8128 -0.5157
vn -0.2406 -0.6352 -0.7339
vn -0.1969 -0.9419 -0.2722
vn -0.3243 -0.7132 -0.6214
vn -0.1929 0.6993 -0.6883
vn -0.2700 0.3478 -0.8979
vn -0.2740 0.1717 -0.9463
vn -0.2041 -0.4472 -0.8708
vn -0.3463 0.6710 -0.6556
vn -0.1438 0.9811 0.1298
vn -0.1866 0.8544 -0.4850
vn -0.2274 0.8771 -0.4230
vn -0.2202 0.8156 0.5351
vn -0.1995 0.9691 0.1452
vn -0.3081 0.3858 0.8696
vn -0.1849 -0.3216 0.9286
vn -0.2277 0.1120 0.9673
vn 0.4752 0.2261 0.8504
vn -0.3084 -0.1162 0.9441
vn 0.3766 0.8558 0.3546
vn -0.3029 0.2720 0.9134
vn 0.2399 0.9402 0.2420
vn -0.1904 -0.5309 0.8257
vn 0.3364 0.1912 0.9221
vn -0.2409 0.9694 -0.0472
vn 0.2245 0.9721 0.0673
vn -0.2942 0.8949 0.3356
vn 0.1978 0.7743 0.6011
vn -0.3154 0.9095 0.2707
vn 0.3141 0.9478 0.0549
vn -0.2516 0.7576 -0.6023
vn 0.2819 0.8334 -0.4753
vn -0.2380 0.9704 -0.0401
vn 0.2464 0.9583 -0.1450
vn -0.2179 0.9624 0.1625
vn 0.3134 0.8948 -0.3179
vn -0.1286 -0.6876 -0.7146
vn 0.4097 0.3755 -0.8314
vn -0.3293 -0.1780 -0.9273
vn 0.4135 0.3903 -0.8226
vn -0.3463 0.2771 -0.8963
vn 0.3847 -0.6091 -0.6935
vn -0.3258 0.5201 -0.7896
vn 0.4026 -0.5211 -0.7526
vn -0.2420 0.6371 -0.7318
vn 0.2195 -0.9730 0.0716
vn -0.2434 -0.9612 -0.1302
vn 0.2918 -0.7704 -0.5669
vn -0.2804 -0.8758 -0.3928
vn 0.3004 -0.8701 -0.3907
vn -0.2942 -0.5363 -0.7911
vn 0.3022 -0.8463 -0.4387
vn -0.3663 -0.9291 -0.0519
vn 0.3333 -0.9263 -0.1757
vn -0.2225 -0.7276 0.6490
vn 0.3849 -0.9181 0.0947
vn -0.2260 -0.9739 0.0216
vn 0.3488 -0.4274 0.8341
vn -0.0129 -0.9634 -0.2679
vn 0.3107 -0.7032 0.6394
vn 0.0427 0.9132 0.4052
vn 0.3420 -0.6036 0.7202
vn -0.2908 -0.3736 0.8808
vn 0.3761 -0.5908 0.7138
vn -0.2970 -0.1773 0.9383
vn -0.2176 -0.0369 0.9754
vn -0.2841 -0.0482 0.9576
vn -0.1807 -0.4450 0.8771
vn -0.1390 -0.0570 0.9887
vn -0.2018 -0.9180 0.3413
vn -0.2286 -0.9449 0.2342
vn -0.1842 -0.9313 0.3143
vn -0.2400 -0.9052 -0.3506
vn -0.2255 -0.5540 -0.8014
vn -0.1830 -0.8028 -0.5674
vn -0.1522 -0.8191 -0.5531
vn -0.2063 0.1615 -0.9651
vn -0.2195 0.2732 -0.9366
vn -0.2190 0.1210 -0.9682
vn -0.2024 -0.1259 -0.9712
vn -0.1674 0.8892 -0.4258
vn -0.1149 0.9934 -0.0047
vn -0.1260 0.6974 -0.7055
vn -0.1873 0.9376 -0.2928
vn -0.1802 0.8459 0.5020
vn -0.1634 0.9032 0.3968
vn -0.1618 0.4332 0.8866
vn -0.1393 -0.3382 0.9307
vn -0.1579 -0.0774 0.9844
vn -0.1900 -0.0922 0.9775
vn -0.1926 0.0214 0.9810
vn -0.1499 -0.3956 0.9061
vn -0.1751 0.9447 0.2775
vn -0.2034 0.8931 0.4012
vn -0.2177 0.9149 0.3400
vn -0.1551 0.6663 -0.7294
vn -0.1569 0.9654 -0.2081
vn -0.1262 0.9849 0.1186
vn -0.2185 -0.1708 -0.9608
vn -0.2388 -0.0840 -0.9674
vn -0.2478 0.2366 -0.9395
vn -0.2274 0.4532 -0.8619
vn -0.2545 0.2014 -0.9459
vn -0.1595 -0.9451 -0.2852
vn -0.2237 -0.7980 -0.5596
vn -0.2376 -0.5529 -0.7987
vn -0.2266 -0.9710 0.0761
vn -0.1873 -0.8265 0.5308
vn -0.1968 -0.9775 0.0758
vn -0.2380 -0.6363 0.7338
vn -0.0820 0.6266 0.7750
vn -0.1982 -0.6418 0.7409
vn -0.2161 0.3965 0.8923
vn 0.2480 -0.6102 0.7524
vn 0.2319 -0.6879 0.6878
vn 0.2330 -0.5908 0.7724
vn 0.2688 -0.7910 0.5496
vn 0.2508 -0.9679 -0.0154
vn 0.2153 -0.8583 -0.4659
vn 0.2092 -0.8854 -0.4152
vn 0.2096 -0.9104 -0.3567
vn 0.1843 -0.9618 -0.2024
vn 0.2473 -0.8794 -0.4067
vn 0.2708 -0.6883 -0.6729
vn 0.3569 -0.1403 -0.9236
vn 0.3065 0.3886 -0.8689
vn 0.3014 0.6239 -0.7210
vn 0.1603 0.9866 -0.0288
vn 0.1783 0.9489 -0.2603
vn 0.1969 0.8712 -0.4498
vn 0.1597 0.8224 0.5460
vn 0.1681 0.9399 0.2971
vn 0.2363 0.7439 0.6252
vn 0.2003 0.2151 0.9558
vn 0.0681 0.9958 -0.0613
vn 0.2339 0.8791 0.4154
vn 0.2033 -0.3873 0.8993
vn 0.2213 -0.5984 0.7700
vn 0.2179 -0.4976 0.8396
vn 0.1845 -0.7510 0.6341
vn 0.2128 -0.5713 0.7927
vn 0.2230 -0.9604 0.1670
vn 0.1983 -0.9603 -0.1963
vn 0.1643 -0.8221 -0.5451
vn 0.1861 -0.9278 -0.3234
vn 0.2006 -0.7825 -0.5894
vn 0.1064 -0.9881 0.1108
vn 0.2426 -0.6625 -0.7087
vn 0.2394 -0.7572 -0.6077
vn 0.2775 0.4307 -0.8588
vn 0.2740 0.3594 -0.8921
vn 0.1909 0.9360 -0.2958
vn 0.1347 0.9903 -0.0353
vn 0.1741 0.8555 -0.4877
vn 0.1946 0.9755 -0.1030
vn 0.1635 0.8370 0.5222
vn 0.1845 0.9751 0.1228
vn 0.1151 -0.3476 0.9305
vn 0.1249 0.9588 0.2552
vn 0.0479 0.9906 -0.1281
vn 0.2781 0.0239 0.9603
vn -0.0546 -0.0846 0.9949
vn -0.0718 0.3253 0.9429
vn 0.0868 -0.4720 0.8773
vn 0.0705 -0.6584 0.7494
vn 0.0996 -0.6647 0.7405
vn 0.1281 -0.9233 0.3621
vn 0.0878 -0.9929 0.0799
vn 0.0738 -0.9884 -0.1324
vn 0.0563 -0.9542 -0.2938
vn 0.0650 -0.9035 -0.4237
vn 0.0303 -0.8877 -0.4595
vn 0.0684 -0.7938 -0.6044
vn 0.1122 -0.4456 -0.8882
vn 0.1803 0.0106 -0.9836
vn 0.1094 0.3631 -0.9253
vn 0.1370 0.6643 -0.7348
vn 0.0242 0.9216 -0.3874
vn 0.0526 0.9165 -0.3965
vn 0.0619 0.9539 -0.2937
vn -0.0082 0.9776 0.2105
vn 0.0239 0.9698 0.2426
vn 0.0592 0.9938 0.0944
vn 0.0834 0.6701 0.7376
vn 0.0525 0.9569 0.2856
vn 0.1686 -0.1831 0.9685
vn 0.1615 0.2584 0.9524
vn -0.0390 -0.4003 0.9156
vn -0.0438 -0.1341 0.9900
vn 0.1058 -0.0043 -0.9944
vn -0.0592 -0.9946 -0.0851
vn -0.0274 -0.9529 0.3020
vn -0.0711 -0.8863 0.4577
vn -0.1426 -0.9826 -0.1191
vn -0.0604 -0.8083 -0.5857
vn -0.0212 -0.8896 -0.4563
vn 0.0039 -0.8006 0.5991
vn -0.1186 0.0004 -0.9929
vn -0.0859 0.1651 -0.9825
vn -0.0902 0.2306 -0.9689
vn -0.0709 0.2809 -0.9571
vn -0.1228 0.2101 0.9699
vn 0.0093 0.9921 -0.1251
vn -0.0317 0.9445 -0.3270
vn -0.0834 0.9670 -0.2408
vn -0.0358 0.9319 0.3609
vn -0.0306 0.9593 0.2806
vn -0.4436 0.2924 -0.8472
vn -0.0630 0.1862 0.9805
vn -0.1624 0.7618 0.6271
vn -0.1574 -0.8018 0.5766
vn -0.1385 0.1300 0.9818
vn -0.1860 -0.6648 0.7235
vn -0.2184 -0.9602 0.1741
vn -0.2064 -0.9155 0.3454
vn -0.1955 -0.9737 0.1168
vn -0.2360 -0.6025 -0.7625
vn -0.2152 -0.7218 -0.6578
vn -0.1483 -0.8386 -0.5241
vn -0.2066 -0.2677 -0.9411
vn -0.2105 0.3250 -0.9220
vn -0.2207 0.2110 -0.9523
vn -0.2193 -0.0110 -0.9756
vn -0.2047 0.2398 -0.9490
vn -0.1070 0.9913 0.0765
vn -0.1300 0.9140 -0.3843
vn -0.1355 0.6537 -0.7445
vn -0.1852 0.9128 0.3639
vn -0.1809 0.8863 0.4264
vn -0.1436 0.8594 0.4907
vn -0.1407 -0.2002 0.9696
vn -0.2144 -0.1445 0.9660
vn -0.1580 -0.0930 0.9831
vn -0.1629 -0.0069 0.9866
vn -0.2261 0.1472 0.9629
vn 0.3521 0.1142 0.9290
vn 0.1311 0.9903 0.0461
vn 0.1330 0.9598 0.2471
vn 0.1821 -0.1923 0.9643
vn 0.1666 0.9776 0.1285
vn 0.1440 0.7677 0.6244
vn 0.2112 0.9766 -0.0409
vn 0.1896 0.8773 -0.4410
vn 0.1611 0.9840 -0.0756
vn 0.2222 0.9347 -0.2775
vn 0.3098 0.3590 -0.8804
vn 0.3111 0.3984 -0.8629
vn 0.2775 -0.7046 -0.6530
vn 0.2832 -0.6113 -0.7390
vn 0.1292 -0.9771 0.1689
vn 0.2225 -0.8132 -0.5378
vn 0.2102 -0.9074 -0.3639
vn 0.2052 -0.8264 -0.5244
vn 0.2427 -0.9554 -0.1683
vn 0.2623 -0.9507 0.1651
vn 0.2458 -0.5490 0.7989
vn 0.2202 -0.7314 0.6454
vn 0.2510 -0.5709 0.7817
vn 0.2609 -0.5896 0.7644
vn -0.1608 -0.4893 0.8572
vn -0.1939 0.9767 0.0923
vn -0.2222 0.8991 0.3770
vn -0.2465 0.9198 0.3054
vn -0.1764 0.7043 -0.6876
vn -0.1727 0.9791 -0.1079
vn -0.1481 0.9781 0.1466
vn -0.2130 -0.4434 -0.8706
vn -0.2585 -0.1115 -0.9596
vn -0.2742 0.2561 -0.9270
vn -0.2488 0.4999 -0.8296
vn -0.2783 0.4800 -0.8319
vn -0.1769 -0.9677 -0.1794
vn -0.2288 -0.8480 -0.4781
vn -0.2413 -0.5528 -0.7976
vn -0.2539 -0.9665 0.0365
vn -0.1718 -0.7719 0.6120
vn -0.1760 -0.9832 0.0489
vn -0.2790 -0.6946 0.6631
vn -0.0263 0.8424 0.5381
vn -0.2126 -0.4613 0.8614
vn -0.2279 -0.0252 0.9733
vn 0.1853 -0.5902 0.7857
vn 0.1729 -0.1703 0.9701
vn 0.1518 -0.7680 0.6222
vn 0.1803 -0.5997 0.7797
vn 0.1848 -0.9702 0.1569
vn 0.1489 -0.9366 -0.3172
vn 0.1270 -0.8572 -0.4991
vn 0.1594 -0.9529 -0.2579
vn 0.1951 -0.7166 -0.6697
vn 0.1232 -0.9679 -0.2190
vn 0.1961 -0.7150 -0.6711
vn 0.2066 -0.7871 -0.5812
vn 0.2404 0.4692 -0.8497
vn 0.2303 0.3855 -0.8935
vn 0.1604 0.9173 -0.3646
vn 0.1133 0.9929 -0.0368
vn 0.1574 0.8076 -0.5683
vn 0.1727 0.9613 -0.2147
vn 0.1846 0.9342 0.3052
vn 0.2053 0.9672 0.1495
vn 0.0847 -0.2984 0.9507
vn 0.1250 0.9291 0.3481
vn 0.0484 0.9983 -0.0322
vn 0.2131 -0.0168 0.9769
vn -0.0698 -0.2048 0.9763
vn -0.0659 0.0334 0.9973
vn -0.0540 -0.4134 0.9090
vn -0.0116 0.9916 -0.1285
vn -0.0602 -0.7595 -0.6478
vn 0.0023 -0.9880 0.1546
vn 0.0036 -0.9221 0.3868
vn -0.1232 -0.9629 0.2401
vn -0.0773 -0.8678 -0.4908
vn -0.0454 -0.8598 -0.5085
vn -0.0209 -0.9843 -0.1750
vn 0.0952 0.8534 0.5125
vn -0.0909 0.1390 -0.9861
vn -0.0842 0.2124 -0.9736
vn -0.0934 0.1819 -0.9789
vn -0.1013 -0.9912 -0.0851
vn -0.0809 0.9370 0.3398
vn -0.0218 0.9780 -0.2075
vn -0.0035 0.9223 -0.3865
vn -0.0881 0.9751 0.2036
vn -0.0497 0.9341 0.3536
vn -0.1232 0.9530 -0.2767
vn -0.2508 -0.5491 0.7972
vn -0.0617 0.3838 0.9214
vn 0.1692 0.6865 0.7071
vn 0.0254 0.8491 0.5276
vn 0.1374 0.8479 0.5120
vn 0.0025 0.9852 0.1716
vn 0.0129 0.9388 0.3441
vn 0.1259 0.9920 -0.0077
vn 0.0561 0.9193 -0.3896
vn 0.0375 0.9291 -0.3680
vn 0.0433 0.8618 -0.5054
vn 0.1146 0.4565 -0.8823
vn 0.0976 0.2845 -0.9537
vn 0.0902 -0.3319 -0.9390
vn 0.1699 -0.5224 -0.8356
vn 0.0048 -0.9337 -0.3580
vn 0.0691 -0.8349 -0.5460
vn 0.0542 -0.9437 -0.3262
vn 0.0624 -0.9685 -0.2412
vn 0.0833 -0.9964 -0.0135
vn 0.0846 -0.9788 0.1868
vn 0.1247 -0.7527 0.6465
vn 0.0772 -0.6931 0.7167
vn 0.0894 -0.5501 0.8303
vn 0.1659 0.1907 0.9675
vn 0.0601 -0.3802 0.9229
vt 0.182750 0.009680
vt 0.182750 0.001953
vt 0.197523 0.001953
vt 0.197523 0.009680
vt 0.182750 0.431633
vt 0.182750 0.424007
vt 0.197523 0.424007
vt 0.197523 0.431633
vt 0.203528 0.424007
vt 0.203528 0.431633
vt 0.203528 0.001953
vt 0.203528 0.009680
vt 0.208403 0.001953
vt 0.208403 0.009680
vt 0.208403 0.424007
vt 0.208403 0.431633
vt 0.213573 0.424007
vt 0.213573 0.431633
vt 0.213573 0.001953
vt 0.213573 0.009680
vt 0.218967 0.001953
vt 0.218967 0.009680
vt 0.218967 0.424007
vt 0.218967 0.431633
vt 0.224489 0.424007
vt 0.224489 0.431633
vt 0.224489 0.001953
vt 0.224489 0.009680
vt 0.235222 0.001953
vt 0.235222 0.009680
vt 0.235222 0.424007
vt 0.235222 0.431633
vt 0.277394 0.424007
vt 0.277394 0.431633
vt 0.277394 0.001953
vt 0.277394 0.009680
vt 0.182750 0.025781
vt 0.182750 0.017599
vt 0.197523 0.017599
vt 0.197523 0.025781
vt 0.203528 0.017599
vt 0.203528 0.025781
vt 0.208403 0.017599
vt 0.208403 0.025781
vt 0.213573 0.017599
vt 0.213573 0.025781
vt 0.218967 0.017599
vt 0.218967 0.025781
vt 0.224489 0.017599
vt 0.224489 0.025781
vt 0.235222 0.017599
vt 0.235222 0.025781
vt 0.277394 0.017599
vt 0.277394 0.025781
vt 0.182750 0.043105
vt 0.182750 0.034276
vt 0.197523 0.034276
vt 0.197523 0.043105
vt 0.203528 0.034276
vt 0.203528 0.043105
vt 0.208403 0.034276
vt 0.208403 0.043105
vt 0.213573 0.034276
vt 0.213573 0.043105
vt 0.218967 0.034276
vt 0.218967 0.043105
vt 0.224489 0.034276
vt 0.224489 0.043105
vt 0.235222 0.034276
vt 0.235222 0.043105
vt 0.277394 0.034276
vt 0.277394 0.043105
vt 0.182750 0.061741
vt 0.182750 0.052267
vt 0.197523 0.052267
vt 0.197523 0.061741
vt 0.203528 0.052267
vt 0.203528 0.061741
vt 0.208403 0.052267
vt 0.208403 0.061741
vt 0.213573 0.052267
vt 0.213573 0.061741
vt 0.218967 0.052267
vt 0.218967 0.061741
vt 0.224489 0.052267
vt 0.224489 0.061741
vt 0.235222 0.052267
vt 0.235222 0.061741
vt 0.277394 0.052267
vt 0.277394 0.061741
vt 0.182750 0.081450
vt 0.182750 0.071488
vt 0.197523 0.071488
vt 0.197523 0.081450
vt 0.203528 0.071488
vt 0.203528 0.081450
vt 0.208403 0.071488
vt 0.208403 0.081450
vt 0.213573 0.071488
vt 0.213573 0.081450
vt 0.218967 0.071488
vt 0.218967 0.081450
vt 0.224489 0.071488
vt 0.224489 0.081450
vt 0.235222 0.071488
vt 0.235222 0.081450
vt 0.277394 0.071488
vt 0.277394 0.081450
vt 0.182750 0.101746
vt 0.182750 0.091560
vt 0.197523 0.091560
vt 0.197523 0.101746
vt 0.203528 0.091560
vt 0.203528 0.101746
vt 0.208403 0.091560
vt 0.208403 0.101746
vt 0.213573 0.091560
vt 0.213573 0.101746
vt 0.218967 0.091560
vt 0.218967 0.101746
vt 0.224489 0.091560
vt 0.224489 0.101746
vt 0.235222 0.091560
vt 0.235222 0.101746
vt 0.277394 0.091560
vt 0.277394 0.101746
vt 0.182750 0.122043
vt 0.182750 0.111932
vt 0.197523 0.111932
vt 0.197523 0.122043
vt 0.203528 0.111932
vt 0.203528 0.122043
vt 0.208403 0.111932
vt 0.208403 0.122043
vt 0.213573 0.111932
vt 0.213573 0.122043
vt 0.218967 0.111932
vt 0.218967 0.122043
vt 0.224489 0.111932
vt 0.224489 0.122043
vt 0.235222 0.111932
vt 0.235222 0.122043
vt 0.277394 0.111932
vt 0.277394 0.122043
vt 0.182750 0.141750
vt 0.182750 0.132004
vt 0.197523 0.132004
vt 0.197523 0.141750
vt 0.203528 0.132004
vt 0.203528 0.141750
vt 0.208403 0.132004
vt 0.208403 0.141750
vt 0.213573 0.132004
vt 0.213573 0.141750
vt 0.218967 0.132004
vt 0.218967 0.141750
vt 0.224489 0.132004
vt 0.224489 0.141750
vt 0.235222 0.132004
vt 0.235222 0.141750
vt 0.277394 0.132004
vt 0.277394 0.141750
vt 0.182750 0.160388
vt 0.182750 0.151225
vt 0.197523 0.151225
vt 0.197523 0.160388
vt 0.203528 0.151225
vt 0.203528 0.160388
vt 0.208403 0.151225
vt 0.208403 0.160388
vt 0.213573 0.151225
vt 0.213573 0.160388
vt 0.218967 0.151225
vt 0.218967 0.160388
vt 0.224489 0.151225
vt 0.224489 0.160388
vt 0.235222 0.151225
vt 0.235222 0.160388
vt 0.277394 0.151225
vt 0.277394 0.160388
vt 0.182750 0.177711
vt 0.182750 0.169217
vt 0.197523 0.169217
vt 0.197523 0.177711
vt 0.203528 0.169217
vt 0.203528 0.177711
vt 0.208403 0.169217
vt 0.208403 0.177711
vt 0.213573 0.169217
vt 0.213573 0.177711
vt 0.218967 0.169217
vt 0.218967 0.177711
vt 0.224489 0.169217
vt 0.224489 0.177711
vt 0.235222 0.169217
vt 0.235222 0.177711
vt 0.277394 0.169217
vt 0.277394 0.177711
vt 0.182750 0.193814
vt 0.182750 0.185894
vt 0.197523 0.185894
vt 0.197523 0.193814
vt 0.203528 0.185894
vt 0.203528 0.193814
vt 0.208403 0.185894
vt 0.208403 0.193814
vt 0.213573 0.185894
vt 0.213573 0.193814
vt 0.218967 0.185894
vt 0.218967 0.193814
vt 0.224489 0.185894
vt 0.224489 0.193814
vt 0.235222 0.185894
vt 0.235222 0.193814
vt 0.277394 0.185894
vt 0.277394 0.193814
vt 0.182750 0.209167
vt 0.182750 0.201541
vt 0.197523 0.201541
vt 0.197523 0.209167
vt 0.203528 0.201541
vt 0.203528 0.209167
vt 0.208403 0.201541
vt 0.208403 0.209167
vt 0.213573 0.201541
vt 0.213573 0.209167
vt 0.218967 0.201541
vt 0.218967 0.209167
vt 0.224489 0.201541
vt 0.224489 0.209167
vt 0.235222 0.201541
vt 0.235222 0.209167
vt 0.277394 0.201541
vt 0.277394 0.209167
vt 0.182750 0.224520
vt 0.182750 0.216793
vt 0.197523 0.216793
vt 0.197523 0.224520
vt 0.203528 0.216793
vt 0.203528 0.224520
vt 0.208403 0.216793
vt 0.208403 0.224520
vt 0.213573 0.216793
vt 0.213573 0.224520
vt 0.218967 0.216793
vt 0.218967 0.224520
vt 0.224489 0.216793
vt 0.224489 0.224520
vt 0.235222 0.216793
vt 0.235222 0.224520
vt 0.277394 0.216793
vt 0.277394 0.224520
vt 0.182750 0.240622
vt 0.182750 0.232440
vt 0.197523 0.232440
vt 0.197523 0.240622
vt 0.203528 0.232440
vt 0.203528 0.240622
vt 0.208403 0.232440
vt 0.208403 0.240622
vt 0.213573 0.232440
vt 0.213573 0.240622
vt 0.218967 0.232440
vt 0.218967 0.240622
vt 0.224489 0.232440
vt 0.224489 0.240622
vt 0.235222 0.232440
vt 0.235222 0.240622
vt 0.277394 0.232440
vt 0.277394 0.240622
vt 0.182750 0.257946
vt 0.182750 0.249117
vt 0.197523 0.249117
vt 0.197523 0.257946
vt 0.203528 0.249117
vt 0.203528 0.257946
vt 0.208403 0.249117
vt 0.208403 0.257946
vt 0.213573 0.249117
vt 0.213573 0.257946
vt 0.218967 0.249117
vt 0.218967 0.257946
vt 0.224489 0.249117
vt 0.224489 0.257946
vt 0.235222 0.249117
vt 0.235222 0.257946
vt 0.277394 0.249117
vt 0.277394 0.257946
vt 0.182750 0.276582
vt 0.182750 0.267109
vt 0.197523 0.267109
vt 0.197523 0.276582
vt 0.203528 0.267109
vt 0.203528 0.276582
vt 0.208403 0.267109
vt 0.208403 0.276582
vt 0.213573 0.267109
vt 0.213573 0.276582
vt 0.218967 0.267109
vt 0.218967 0.276582
vt 0.224489 0.267109
vt 0.224489 0.276582
vt 0.235222 0.267109
vt 0.235222 0.276582
vt 0.277394 0.267109
vt 0.277394 0.276582
vt 0.182750 0.296290
vt 0.182750 0.286328
vt 0.197523 0.286328
vt 0.197523 0.296290
vt 0.203528 0.286328
vt 0.203528 0.296290
vt 0.208403 0.286328
vt 0.208403 0.296290
vt 0.213573 0.286328
vt 0.213573 0.296290
vt 0.218967 0.286328
vt 0.218967 0.296290
vt 0.224489 0.286328
vt 0.224489 0.296290
vt 0.235222 0.286328
vt 0.235222 0.296290
vt 0.277394 0.286328
vt 0.277394 0.296290
vt 0.182750 0.316587
vt 0.182750 0.306400
vt 0.197523 0.306400
vt 0.197523 0.316587
vt 0.203528 0.306400
vt 0.203528 0.316587
vt 0.208403 0.306400
vt 0.208403 0.316587
vt 0.213573 0.306400
vt 0.213573 0.316587
vt 0.218967 0.306400
vt 0.218967 0.316587
vt 0.224489 0.306400
vt 0.224489 0.316587
vt 0.235222 0.306400
vt 0.235222 0.316587
vt 0.277394 0.306400
vt 0.277394 0.316587
vt 0.182750 0.336883
vt 0.182750 0.326773
vt 0.197523 0.326773
vt 0.197523 0.336883
vt 0.203528 0.326773
vt 0.203528 0.336883
vt 0.208403 0.326773
vt 0.208403 0.336883
vt 0.213573 0.326773
vt 0.213573 0.336883
vt 0.218967 0.326773
vt 0.218967 0.336883
vt 0.224489 0.326773
vt 0.224489 0.336883
vt 0.235222 0.326773
vt 0.235222 0.336883
vt 0.277394 0.326773
vt 0.277394 0.336883
vt 0.182750 0.356591
vt 0.182750 0.346844
vt 0.197523 0.346844
vt 0.197523 0.356591
vt 0.203528 0.346844
vt 0.203528 0.356591
vt 0.208403 0.346844
vt 0.208403 0.356591
vt 0.213573 0.346844
vt 0.213573 0.356591
vt 0.218967 0.346844
vt 0.218967 0.356591
vt 0.224489 0.346844
vt 0.224489 0.356591
vt 0.235222 0.346844
vt 0.235222 0.356591
vt 0.277394 0.346844
vt 0.277394 0.356591
vt 0.182750 0.375229
vt 0.182750 0.366066
vt 0.197523 0.366066
vt 0.197523 0.375229
vt 0.203528 0.366066
vt 0.203528 0.375229
vt 0.208403 0.366066
vt 0.208403 0.375229
vt 0.213573 0.366066
vt 0.213573 0.375229
vt 0.218967 0.366066
vt 0.218967 0.375229
vt 0.224489 0.366066
vt 0.224489 0.375229
vt 0.235222 0.366066
vt 0.235222 0.375229
vt 0.277394 0.366066
vt 0.277394 0.375229
vt 0.182750 0.392552
vt 0.182750 0.384058
vt 0.197523 0.384058
vt 0.197523 0.392552
vt 0.203528 0.384058
vt 0.203528 0.392552
vt 0.208403 0.384058
vt 0.208403 0.392552
vt 0.213573 0.384058
vt 0.213573 0.392552
vt 0.218967 0.384058
vt 0.218967 0.392552
vt 0.224489 0.384058
vt 0.224489 0.392552
vt 0.235222 0.384058
vt 0.235222 0.392552
vt 0.277394 0.384058
vt 0.277394 0.392552
vt 0.182750 0.408654
vt 0.182750 0.400735
vt 0.197523 0.400735
vt 0.197523 0.408654
vt 0.203528 0.400735
vt 0.203528 0.408654
vt 0.208403 0.400735
vt 0.208403 0.408654
vt 0.213573 0.400735
vt 0.213573 0.408654
vt 0.218967 0.400735
vt 0.218967 0.408654
vt 0.224489 0.400735
vt 0.224489 0.408654
vt 0.235222 0.400735
vt 0.235222 0.408654
vt 0.277394 0.400735
vt 0.277394 0.408654
vt 0.182750 0.416381
vt 0.197523 0.416381
vt 0.203528 0.416381
vt 0.208403 0.416381
vt 0.213573 0.416381
vt 0.218967 0.416381
vt 0.224489 0.416381
vt 0.235222 0.416381
vt 0.277394 0.416381
vt 0.498776 0.424007
vt 0.372015 0.424007
vt 0.372015 0.416381
vt 0.498776 0.416381
vt 0.372015 0.408654
vt 0.498776 0.408654
vt 0.498776 0.009680
vt 0.372015 0.009680
vt 0.372015 0.001953
vt 0.498776 0.001953
vt 0.372015 0.431633
vt 0.498776 0.431633
vt 0.033792 0.424007
vt 0.001953 0.424007
vt 0.001953 0.416381
vt 0.033792 0.416381
vt 0.001953 0.408654
vt 0.033792 0.408654
vt 0.033792 0.009680
vt 0.001953 0.009680
vt 0.001953 0.001953
vt 0.033792 0.001953
vt 0.033792 0.431633
vt 0.001953 0.431633
vt 0.001953 0.400735
vt 0.033792 0.400735
vt 0.001953 0.392552
vt 0.033792 0.392552
vt 0.372015 0.400735
vt 0.498776 0.400735
vt 0.372015 0.392552
vt 0.498776 0.392552
vt 0.001953 0.384058
vt 0.033792 0.384058
vt 0.001953 0.375229
vt 0.033792 0.375229
vt 0.372015 0.384058
vt 0.498776 0.384058
vt 0.372015 0.375229
vt 0.498776 0.375229
vt 0.001953 0.366066
vt 0.033792 0.366066
vt 0.001953 0.356591
vt 0.033792 0.356591
vt 0.372015 0.366066
vt 0.498776 0.366066
vt 0.372015 0.356591
vt 0.498776 0.356591
vt 0.001953 0.346844
vt 0.033792 0.346844
vt 0.001953 0.336883
vt 0.033792 0.336883
vt 0.372015 0.346844
vt 0.498776 0.346844
vt 0.372015 0.336883
vt 0.498776 0.336883
vt 0.001953 0.326773
vt 0.033792 0.326773
vt 0.001953 0.316587
vt 0.033792 0.316587
vt 0.372015 0.326773
vt 0.498776 0.326773
vt 0.372015 0.316587
vt 0.498776 0.316587
vt 0.001953 0.306400
vt 0.033792 0.306400
vt 0.001953 0.296290
vt 0.033792 0.296290
vt 0.372015 0.306400
vt 0.498776 0.306400
vt 0.372015 0.296290
vt 0.498776 0.296290
vt 0.001953 0.286328
vt 0.033792 0.286328
vt 0.001953 0.276582
vt 0.033792 0.276582
vt 0.372015 0.286328
vt 0.498776 0.286328
vt 0.372015 0.276582
vt 0.498776 0.276582
vt 0.001953 0.267109
vt 0.033792 0.267109
vt 0.001953 0.257946
vt 0.033792 0.257946
vt 0.372015 0.267109
vt 0.498776 0.267109
vt 0.372015 0.257946
vt 0.498776 0.257946
vt 0.001953 0.249117
vt 0.033792 0.249117
vt 0.001953 0.240622
vt 0.033792 0.240622
vt 0.372015 0.249117
vt 0.498776 0.249117
vt 0.372015 0.240622
vt 0.498776 0.240622
vt 0.001953 0.232440
vt 0.033792 0.232440
vt 0.001953 0.224520
vt 0.033792 0.224520
vt 0.372015 0.232440
vt 0.498776 0.232440
vt 0.372015 0.224520
vt 0.498776 0.224520
vt 0.001953 0.216793
vt 0.033792 0.216793
vt 0.001953 0.209167
vt 0.033792 0.209167
vt 0.372015 0.216793
vt 0.498776 0.216793
vt 0.372015 0.209167
vt 0.498776 0.209167
vt 0.001953 0.201541
vt 0.033792 0.201541
vt 0.001953 0.193814
vt 0.033792 0.193814
vt 0.372015 0.201541
vt 0.498776 0.201541
vt 0.372015 0.193814
vt 0.498776 0.193814
vt 0.001953 0.185894
vt 0.033792 0.185894
vt 0.001953 0.177711
vt 0.033792 0.177711
vt 0.372015 0.185894
vt 0.498776 0.185894
vt 0.372015 0.177711
vt 0.498776 0.177711
vt 0.001953 0.169217
vt 0.033792 0.169217
vt 0.001953 0.160388
vt 0.033792 0.160388
vt 0.372015 0.169217
vt 0.498776 0.169217
vt 0.372015 0.160388
vt 0.498776 0.160388
vt 0.001953 0.151225
vt 0.033792 0.151225
vt 0.001953 0.141750
vt 0.033792 0.141750
vt 0.372015 0.151225
vt 0.498776 0.151225
vt 0.372015 0.141750
vt 0.498776 0.141750
vt 0.001953 0.132004
vt 0.033792 0.132004
vt 0.001953 0.122043
vt 0.033792 0.122043
vt 0.372015 0.132004
vt 0.498776 0.132004
vt 0.372015 0.122043
vt 0.498776 0.122043
vt 0.001953 0.111932
vt 0.033792 0.111932
vt 0.001953 0.101746
vt 0.033792 0.101746
vt 0.372015 0.111932
vt 0.498776 0.111932
vt 0.372015 0.101746
vt 0.498776 0.101746
vt 0.001953 0.091560
vt 0.033792 0.091560
vt 0.001953 0.081450
vt 0.033792 0.081450
vt 0.372015 0.091560
vt 0.498776 0.091560
vt 0.372015 0.081450
vt 0.498776 0.081450
vt 0.001953 0.071488
vt 0.033792 0.071488
vt 0.001953 0.061741
vt 0.033792 0.061741
vt 0.372015 0.071488
vt 0.498776 0.071488
vt 0.372015 0.061741
vt 0.498776 0.061741
vt 0.001953 0.052267
vt 0.033792 0.052267
vt 0.001953 0.043105
vt 0.033792 0.043105
vt 0.372015 0.052267
vt 0.498776 0.052267
vt 0.372015 0.043105
vt 0.498776 0.043105
vt 0.001953 0.034276
vt 0.033792 0.034276
vt 0.001953 0.025781
vt 0.033792 0.025781
vt 0.372015 0.034276
vt 0.498776 0.034276
vt 0.372015 0.025781
vt 0.498776 0.025781
vt 0.001953 0.017599
vt 0.033792 0.017599
vt 0.372015 0.017599
vt 0.498776 0.017599
vt 0.722791 0.009680
vt 0.722791 0.001953
vt 0.765034 0.001953
vt 0.765034 0.009680
vt 0.722791 0.431633
vt 0.722791 0.424007
vt 0.765034 0.424007
vt 0.765034 0.431633
vt 0.774823 0.424007
vt 0.774823 0.431633
vt 0.774823 0.001953
vt 0.774823 0.009680
vt 0.779256 0.001953
vt 0.779256 0.009680
vt 0.779256 0.424007
vt 0.779256 0.431633
vt 0.783612 0.424007
vt 0.783612 0.431633
vt 0.783612 0.001953
vt 0.783612 0.009680
vt 0.787801 0.001953
vt 0.787801 0.009680
vt 0.787801 0.424007
vt 0.787801 0.431633
vt 0.791752 0.424007
vt 0.791752 0.431633
vt 0.791752 0.001953
vt 0.791752 0.009680
vt 0.796921 0.001953
vt 0.796921 0.009680
vt 0.796921 0.424007
vt 0.796921 0.431633
vt 0.811078 0.424007
vt 0.811078 0.431633
vt 0.811078 0.001953
vt 0.811078 0.009680
vt 0.722791 0.025781
vt 0.722791 0.017599
vt 0.765034 0.017599
vt 0.765034 0.025781
vt 0.774823 0.017599
vt 0.774823 0.025781
vt 0.779256 0.017599
vt 0.779256 0.025781
vt 0.783612 0.017599
vt 0.783612 0.025781
vt 0.787801 0.017599
vt 0.787801 0.025781
vt 0.791752 0.017599
vt 0.791752 0.025781
vt 0.796921 0.017599
vt 0.796921 0.025781
vt 0.811078 0.017599
vt 0.811078 0.025781
vt 0.722791 0.043105
vt 0.722791 0.034276
vt 0.765034 0.034276
vt 0.765034 0.043105
vt 0.774823 0.034276
vt 0.774823 0.043105
vt 0.779256 0.034276
vt 0.779256 0.043105
vt 0.783612 0.034276
vt 0.783612 0.043105
vt 0.787801 0.034276
vt 0.787801 0.043105
vt 0.791752 0.034276
vt 0.791752 0.043105
vt 0.796921 0.034276
vt 0.796921 0.043105
vt 0.811078 0.034276
vt 0.811078 0.043105
vt 0.722791 0.061741
vt 0.722791 0.052267
vt 0.765034 0.052267
vt 0.765034 0.061741
vt 0.774823 0.052267
vt 0.774823 0.061741
vt 0.779256 0.052267
vt 0.779256 0.061741
vt 0.783612 0.052267
vt 0.783612 0.061741
vt 0.787801 0.052267
vt 0.787801 0.061741
vt 0.791752 0.052267
vt 0.791752 0.061741
vt 0.796921 0.052267
vt 0.796921 0.061741
vt 0.811078 0.052267
vt 0.811078 0.061741
vt 0.722791 0.081450
vt 0.722791 0.071488
vt 0.765034 0.071488
vt 0.765034 0.081450
vt 0.774823 0.071488
vt 0.774823 0.081450
vt 0.779256 0.071488
vt 0.779256 0.081450
vt 0.783612 0.071488
vt 0.783612 0.081450
vt 0.787801 0.071488
vt 0.787801 0.081450
vt 0.791752 0.071488
vt 0.791752 0.081450
vt 0.796921 0.071488
vt 0.796921 0.081450
vt 0.811078 0.071488
vt 0.811078 0.081450
vt 0.722791 0.101746
vt 0.722791 0.091560
vt 0.765034 0.091560
vt 0.765034 0.101746
vt 0.774823 0.091560
vt 0.774823 0.101746
vt 0.779256 0.091560
vt 0.779256 0.101746
vt 0.783612 0.091560
vt 0.783612 0.101746
vt 0.787801 0.091560
vt 0.787801 0.101746
vt 0.791752 0.091560
vt 0.791752 0.101746
vt 0.796921 0.091560
vt 0.796921 0.101746
vt 0.811078 0.091560
vt 0.811078 0.101746
vt 0.722791 0.122043
vt 0.722791 0.111932
vt 0.765034 0.111932
vt 0.765034 0.122043
vt 0.774823 0.111932
vt 0.774823 0.122043
vt 0.779256 0.111932
vt 0.779256 0.122043
vt 0.783612 0.111932
vt 0.783612 0.122043
vt 0.787801 0.111932
vt 0.787801 0.122043
vt 0.791752 0.111932
vt 0.791752 0.122043
vt 0.796921 0.111932
vt 0.796921 0.122043
vt 0.811078 0.111932
vt 0.811078 0.122043
vt 0.722791 0.141750
vt 0.722791 0.132004
vt 0.765034 0.132004
vt 0.765034 0.141750
vt 0.774823 0.132004
vt 0.774823 0.141750
vt 0.779256 0.132004
vt 0.779256 0.141750
vt 0.783612 0.132004
vt 0.783612 0.141750
vt 0.787801 0.132004
vt 0.787801 0.141750
vt 0.791752 0.132004
vt 0.791752 0.141750
vt 0.796921 0.132004
vt 0.796921 0.141750
vt 0.811078 0.132004
vt 0.811078 0.141750
vt 0.722791 0.160388
vt 0.722791 0.151225
vt 0.765034 0.151225
vt 0.765034 0.160388
vt 0.774823 0.151225
vt 0.774823 0.160388
vt 0.779256 0.151225
vt 0.779256 0.160388
vt 0.783612 0.151225
vt 0.783612 0.160388
vt 0.787801 0.151225
vt 0.787801 0.160388
vt 0.791752 0.151225
vt 0.791752 0.160388
vt 0.796921 0.151225
vt 0.796921 0.160388
vt 0.811078 0.151225
vt 0.811078 0.160388
vt 0.722791 0.177711
vt 0.722791 0.169217
vt 0.765034 0.169217
vt 0.765034 0.177711
vt 0.774823 0.169217
vt 0.774823 0.177711
vt 0.779256 0.169217
vt 0.779256 0.177711
vt 0.783612 0.169217
vt 0.783612 0.177711
vt 0.787801 0.169217
vt 0.787801 0.177711
vt 0.791752 0.169217
vt 0.791752 0.177711
vt 0.796921 0.169217
vt 0.796921 0.177711
vt 0.811078 0.169217
vt 0.811078 0.177711
vt 0.722791 0.193814
vt 0.722791 0.185894
vt 0.765034 0.185894
vt 0.765034 0.193814
vt 0.774823 0.185894
vt 0.774823 0.193814
vt 0.779256 0.185894
vt 0.779256 0.193814
vt 0.783612 0.185894
vt 0.783612 0.193814
vt 0.787801 0.185894
vt 0.787801 0.193814
vt 0.791752 0.185894
vt 0.791752 0.193814
vt 0.796921 0.185894
vt 0.796921 0.193814
vt 0.811078 0.185894
vt 0.811078 0.193814
vt 0.722791 0.209167
vt 0.722791 0.201541
vt 0.765034 0.201541
vt 0.765034 0.209167
vt 0.774823 0.201541
vt 0.774823 0.209167
vt 0.779256 0.201541
vt 0.779256 0.209167
vt 0.783612 0.201541
vt 0.783612 0.209167
vt 0.787801 0.201541
vt 0.787801 0.209167
vt 0.791752 0.201541
vt 0.791752 0.209167
vt 0.796921 0.201541
vt 0.796921 0.209167
vt 0.811078 0.201541
vt 0.811078 0.209167
vt 0.722791 0.224520
vt 0.722791 0.216793
vt 0.765034 0.216793
vt 0.765034 0.224520
vt 0.774823 0.216793
vt 0.774823 0.224520
vt 0.779256 0.216793
vt 0.779256 0.224520
vt 0.783612 0.216793
vt 0.783612 0.224520
vt 0.787801 0.216793
vt 0.787801 0.224520
vt 0.791752 0.216793
vt 0.791752 0.224520
vt 0.796921 0.216793
vt 0.796921 0.224520
vt 0.811078 0.216793
vt 0.811078 0.224520
vt 0.722791 0.240622
vt 0.722791 0.232440
vt 0.765034 0.232440
vt 0.765034 0.240622
vt 0.774823 0.232440
vt 0.774823 0.240622
vt 0.779256 0.232440
vt 0.779256 0.240622
vt 0.783612 0.232440
vt 0.783612 0.240622
vt 0.787801 0.232440
vt 0.787801 0.240622
vt 0.791752 0.232440
vt 0.791752 0.240622
vt 0.796921 0.232440
vt 0.796921 0.240622
vt 0.811078 0.232440
vt 0.811078 0.240622
vt 0.722791 0.257946
vt 0.722791 0.249117
vt 0.765034 0.249117
vt 0.765034 0.257946
vt 0.774823 0.249117
vt 0.774823 0.257946
vt 0.779256 0.249117
vt 0.779256 0.257946
vt 0.783612 0.249117
vt 0.783612 0.257946
vt 0.787801 0.249117
vt 0.787801 0.257946
vt 0.791752 0.249117
vt 0.791752 0.257946
vt 0.796921 0.249117
vt 0.796921 0.257946
vt 0.811078 0.249117
vt 0.811078 0.257946
vt 0.722791 0.276582
vt 0.722791 0.267109
vt 0.765034 0.267109
vt 0.765034 0.276582
vt 0.774823 0.267109
vt 0.774823 0.276582
vt 0.779256 0.267109
vt 0.779256 0.276582
vt 0.783612 0.267109
vt 0.783612 0.276582
vt 0.787801 0.267109
vt 0.787801 0.276582
vt 0.791752 0.267109
vt 0.791752 0.276582
vt 0.796921 0.267109
vt 0.796921 0.276582
vt 0.811078 0.267109
vt 0.811078 0.276582
vt 0.722791 0.296290
vt 0.722791 0.286328
vt 0.765034 0.286328
vt 0.765034 0.296290
vt 0.774823 0.286328
vt 0.774823 0.296290
vt 0.779256 0.286328
vt 0.779256 0.296290
vt 0.783612 0.286328
vt 0.783612 0.296290
vt 0.787801 0.286328
vt 0.787801 0.296290
vt 0.791752 0.286328
vt 0.791752 0.296290
vt 0.796921 0.286328
vt 0.796921 0.296290
vt 0.811078 0.286328
vt 0.811078 0.296290
vt 0.722791 0.316587
vt 0.722791 0.306400
vt 0.765034 0.306400
vt 0.765034 0.316587
vt 0.774823 0.306400
vt 0.774823 0.316587
vt 0.779256 0.306400
vt 0.779256 0.316587
vt 0.783612 0.306400
vt 0.783612 0.316587
vt 0.787801 0.306400
vt 0.787801 0.316587
vt 0.791752 0.306400
vt 0.791752 0.316587
vt 0.796921 0.306400
vt 0.796921 0.316587
vt 0.811078 0.306400
vt 0.811078 0.316587
vt 0.722791 0.336883
vt 0.722791 0.326773
vt 0.765034 0.326773
vt 0.765034 0.336883
vt 0.774823 0.326773
vt 0.774823 0.336883
vt 0.779256 0.326773
vt 0.779256 0.336883
vt 0.783612 0.326773
vt 0.783612 0.336883
vt 0.787801 0.326773
vt 0.787801 0.336883
vt 0.791752 0.326773
vt 0.791752 0.336883
vt 0.796921 0.326773
vt 0.796921 0.336883
vt 0.811078 0.326773
vt 0.811078 0.336883
vt 0.722791 0.356591
vt 0.722791 0.346844
vt 0.765034 0.346844
vt 0.765034 0.356591
vt 0.774823 0.346844
vt 0.774823 0.356591
vt 0.779256 0.346844
vt 0.779256 0.356591
vt 0.783612 0.346844
vt 0.783612 0.356591
vt 0.787801 0.346844
vt 0.787801 0.356591
vt 0.791752 0.346844
vt 0.791752 0.356591
vt 0.796921 0.346844
vt 0.796921 0.356591
vt 0.811078 0.346844
vt 0.811078 0.356591
vt 0.722791 0.375229
vt 0.722791 0.366066
vt 0.765034 0.366066
vt 0.765034 0.375229
vt 0.774823 0.366066
vt 0.774823 0.375229
vt 0.779256 0.366066
vt 0.779256 0.375229
vt 0.783612 0.366066
vt 0.783612 0.375229
vt 0.787801 0.366066
vt 0.787801 0.375229
vt 0.791752 0.366066
vt 0.791752 0.375229
vt 0.796921 0.366066
vt 0.796921 0.375229
vt 0.811078 0.366066
vt 0.811078 0.375229
vt 0.722791 0.392552
vt 0.722791 0.384058
vt 0.765034 0.384058
vt 0.765034 0.392552
vt 0.774823 0.384058
vt 0.774823 0.392552
vt 0.779256 0.384058
vt 0.779256 0.392552
vt 0.783612 0.384058
vt 0.783612 0.392552
vt 0.787801 0.384058
vt 0.787801 0.392552
vt 0.791752 0.384058
vt 0.791752 0.392552
vt 0.796921 0.384058
vt 0.796921 0.392552
vt 0.811078 0.384058
vt 0.811078 0.392552
vt 0.722791 0.408654
vt 0.722791 0.400735
vt 0.765034 0.400735
vt 0.765034 0.408654
vt 0.774823 0.400735
vt 0.774823 0.408654
vt 0.779256 0.400735
vt 0.779256 0.408654
vt 0.783612 0.400735
vt 0.783612 0.408654
vt 0.787801 0.400735
vt 0.787801 0.408654
vt 0.791752 0.400735
vt 0.791752 0.408654
vt 0.796921 0.400735
vt 0.796921 0.408654
vt 0.811078 0.400735
vt 0.811078 0.408654
vt 0.722791 0.416381
vt 0.765034 0.416381
vt 0.774823 0.416381
vt 0.779256 0.416381
vt 0.783612 0.416381
vt 0.787801 0.416381
vt 0.791752 0.416381
vt 0.796921 0.416381
vt 0.811078 0.416381
vt 0.881825 0.424007
vt 0.840742 0.424007
vt 0.840742 0.416381
vt 0.881825 0.416381
vt 0.840742 0.408654
vt 0.881825 0.408654
vt 0.881825 0.009680
vt 0.840742 0.009680
vt 0.840742 0.001953
vt 0.881825 0.001953
vt 0.840742 0.431633
vt 0.881825 0.431633
vt 0.626620 0.424007
vt 0.626620 0.416381
vt 0.626620 0.408654
vt 0.626620 0.009680
vt 0.626620 0.001953
vt 0.626620 0.431633
vt 0.626620 0.400735
vt 0.626620 0.392552
vt 0.840742 0.400735
vt 0.881825 0.400735
vt 0.840742 0.392552
vt 0.881825 0.392552
vt 0.626620 0.384058
vt 0.626620 0.375229
vt 0.840742 0.384058
vt 0.881825 0.384058
vt 0.840742 0.375229
vt 0.881825 0.375229
vt 0.626620 0.366066
vt 0.626620 0.356591
vt 0.840742 0.366066
vt 0.881825 0.366066
vt 0.840742 0.356591
vt 0.881825 0.356591
vt 0.626620 0.346844
vt 0.626620 0.336883
vt 0.840742 0.346844
vt 0.881825 0.346844
vt 0.840742 0.336883
vt 0.881825 0.336883
vt 0.626620 0.326773
vt 0.626620 0.316587
vt 0.840742 0.326773
vt 0.881825 0.326773
vt 0.840742 0.316587
vt 0.881825 0.316587
vt 0.626620 0.306400
vt 0.626620 0.296290
vt 0.840742 0.306400
vt 0.881825 0.306400
vt 0.840742 0.296290
vt 0.881825 0.296290
vt 0.626620 0.286328
vt 0.626620 0.276582
vt 0.840742 0.286328
vt 0.881825 0.286328
vt 0.840742 0.276582
vt 0.881825 0.276582
vt 0.626620 0.267109
vt 0.626620 0.257946
vt 0.840742 0.267109
vt 0.881825 0.267109
vt 0.840742 0.257946
vt 0.881825 0.257946
vt 0.626620 0.249117
vt 0.626620 0.240622
vt 0.840742 0.249117
vt 0.881825 0.249117
vt 0.840742 0.240622
vt 0.881825 0.240622
vt 0.626620 0.232440
vt 0.626620 0.224520
vt 0.840742 0.232440
vt 0.881825 0.232440
vt 0.840742 0.224520
vt 0.881825 0.224520
vt 0.626620 0.216793
vt 0.626620 0.209167
vt 0.840742 0.216793
vt 0.881825 0.216793
vt 0.840742 0.209167
vt 0.881825 0.209167
vt 0.626620 0.201541
vt 0.626620 0.193814
vt 0.840742 0.201541
vt 0.881825 0.201541
vt 0.840742 0.193814
vt 0.881825 0.193814
vt 0.626620 0.185894
vt 0.626620 0.177711
vt 0.840742 0.185894
vt 0.881825 0.185894
vt 0.840742 0.177711
vt 0.881825 0.177711
vt 0.626620 0.169217
vt 0.626620 0.160388
vt 0.840742 0.169217
vt 0.881825 0.169217
vt 0.840742 0.160388
vt 0.881825 0.160388
vt 0.626620 0.151225
vt 0.626620 0.141750
vt 0.840742 0.151225
vt 0.881825 0.151225
vt 0.840742 0.141750
vt 0.881825 0.141750
vt 0.626620 0.132004
vt 0.626620 0.122043
vt 0.840742 0.132004
vt 0.881825 0.132004
vt 0.840742 0.122043
vt 0.881825 0.122043
vt 0.626620 0.111932
vt 0.626620 0.101746
vt 0.840742 0.111932
vt 0.881825 0.111932
vt 0.840742 0.101746
vt 0.881825 0.101746
vt 0.626620 0.091560
vt 0.626620 0.081450
vt 0.840742 0.091560
vt 0.881825 0.091560
vt 0.840742 0.081450
vt 0.881825 0.081450
vt 0.626620 0.071488
vt 0.626620 0.061741
vt 0.840742 0.071488
vt 0.881825 0.071488
vt 0.840742 0.061741
vt 0.881825 0.061741
vt 0.626620 0.052267
vt 0.626620 0.043105
vt 0.840742 0.052267
vt 0.881825 0.052267
vt 0.840742 0.043105
vt 0.881825 0.043105
vt 0.626620 0.034276
vt 0.626620 0.025781
vt 0.840742 0.034276
vt 0.881825 0.034276
vt 0.840742 0.025781
vt 0.881825 0.025781
vt 0.626620 0.017599
vt 0.840742 0.017599
vt 0.881825 0.017599
vt 0.996953 0.025781
vt 0.961789 0.025781
vt 0.961789 0.017599
vt 0.996953 0.017599
vt 0.961789 0.009680
vt 0.996953 0.009680
vt 0.996953 0.043105
vt 0.961789 0.043105
vt 0.961789 0.034276
vt 0.996953 0.034276
vt 0.996953 0.061741
vt 0.961789 0.061741
vt 0.961789 0.052267
vt 0.996953 0.052267
vt 0.996953 0.081450
vt 0.961789 0.081450
vt 0.961789 0.071488
vt 0.996953 0.071488
vt 0.996953 0.101746
vt 0.961789 0.101746
vt 0.961789 0.091560
vt 0.996953 0.091560
vt 0.996953 0.122043
vt 0.961789 0.122043
vt 0.961789 0.111932
vt 0.996953 0.111932
vt 0.996953 0.141750
vt 0.961789 0.141750
vt 0.961789 0.132004
vt 0.996953 0.132004
vt 0.996953 0.160388
vt 0.961789 0.160388
vt 0.961789 0.151225
vt 0.996953 0.151225
vt 0.996953 0.177711
vt 0.961789 0.177711
vt 0.961789 0.169217
vt 0.996953 0.169217
vt 0.996953 0.193814
vt 0.961789 0.193814
vt 0.961789 0.185894
vt 0.996953 0.185894
vt 0.996953 0.209167
vt 0.961789 0.209167
vt 0.961789 0.201541
vt 0.996953 0.201541
vt 0.996953 0.224520
vt 0.961789 0.224520
vt 0.961789 0.216793
vt 0.996953 0.216793
vt 0.996953 0.240622
vt 0.961789 0.240622
vt 0.961789 0.232440
vt 0.996953 0.232440
vt 0.996953 0.257946
vt 0.961789 0.257946
vt 0.961789 0.249117
vt 0.996953 0.249117
vt 0.996953 0.276582
vt 0.961789 0.276582
vt 0.961789 0.267109
vt 0.996953 0.267109
vt 0.996953 0.296290
vt 0.961789 0.296290
vt 0.961789 0.286328
vt 0.996953 0.286328
vt 0.996953 0.316587
vt 0.961789 0.316587
vt 0.961789 0.306400
vt 0.996953 0.306400
vt 0.996953 0.336883
vt 0.961789 0.336883
vt 0.961789 0.326773
vt 0.996953 0.326773
vt 0.996953 0.356591
vt 0.961789 0.356591
vt 0.961789 0.346844
vt 0.996953 0.346844
vt 0.996953 0.375229
vt 0.961789 0.375229
vt 0.961789 0.366066
vt 0.996953 0.366066
vt 0.996953 0.392552
vt 0.961789 0.392552
vt 0.961789 0.384058
vt 0.996953 0.384058
vt 0.996953 0.408654
vt 0.961789 0.408654
vt 0.961789 0.400735
vt 0.996953 0.400735
vt 0.961789 0.001953
vt 0.996953 0.001953
vt 0.996953 0.431633
vt 0.961789 0.431633
vt 0.961789 0.424007
vt 0.996953 0.424007
vt 0.961789 0.416381
vt 0.996953 0.416381
vt 0.926409 0.025781
vt 0.926409 0.017599
vt 0.926409 0.009680
vt 0.926409 0.043105
vt 0.926409 0.034276
vt 0.926409 0.061741
vt 0.926409 0.052267
vt 0.926409 0.081450
vt 0.926409 0.071488
vt 0.926409 0.101746
vt 0.926409 0.091560
vt 0.926409 0.122043
vt 0.926409 0.111932
vt 0.926409 0.141750
vt 0.926409 0.132004
vt 0.926409 0.160388
vt 0.926409 0.151225
vt 0.926409 0.177711
vt 0.926409 0.169217
vt 0.926409 0.193814
vt 0.926409 0.185894
vt 0.926409 0.209167
vt 0.926409 0.201541
vt 0.926409 0.224520
vt 0.926409 0.216793
vt 0.926409 0.240622
vt 0.926409 0.232440
vt 0.926409 0.257946
vt 0.926409 0.249117
vt 0.926409 0.276582
vt 0.926409 0.267109
vt 0.926409 0.296290
vt 0.926409 0.286328
vt 0.926409 0.316587
vt 0.926409 0.306400
vt 0.926409 0.336883
vt 0.926409 0.326773
vt 0.926409 0.356591
vt 0.926409 0.346844
vt 0.926409 0.375229
vt 0.926409 0.366066
vt 0.926409 0.392552
vt 0.926409 0.384058
vt 0.926409 0.408654
vt 0.926409 0.400735
vt 0.926409 0.001953
vt 0.926409 0.431633
vt 0.926409 0.424007
vt 0.926409 0.416381
vt 0.112088 0.025781
vt 0.068378 0.025781
vt 0.068378 0.017599
vt 0.112088 0.017599
vt 0.068378 0.009680
vt 0.112088 0.009680
vt 0.112088 0.043105
vt 0.068378 0.043105
vt 0.068378 0.034276
vt 0.112088 0.034276
vt 0.112088 0.061741
vt 0.068378 0.061741
vt 0.068378 0.052267
vt 0.112088 0.052267
vt 0.112088 0.081450
vt 0.068378 0.081450
vt 0.068378 0.071488
vt 0.112088 0.071488
vt 0.112088 0.101746
vt 0.068378 0.101746
vt 0.068378 0.091560
vt 0.112088 0.091560
vt 0.112088 0.122043
vt 0.068378 0.122043
vt 0.068378 0.111932
vt 0.112088 0.111932
vt 0.112088 0.141750
vt 0.068378 0.141750
vt 0.068378 0.132004
vt 0.112088 0.132004
vt 0.112088 0.160388
vt 0.068378 0.160388
vt 0.068378 0.151225
vt 0.112088 0.151225
vt 0.112088 0.177711
vt 0.068378 0.177711
vt 0.068378 0.169217
vt 0.112088 0.169217
vt 0.112088 0.193814
vt 0.068378 0.193814
vt 0.068378 0.185894
vt 0.112088 0.185894
vt 0.112088 0.209167
vt 0.068378 0.209167
vt 0.068378 0.201541
vt 0.112088 0.201541
vt 0.112088 0.224520
vt 0.068378 0.224520
vt 0.068378 0.216793
vt 0.112088 0.216793
vt 0.112088 0.240622
vt 0.068378 0.240622
vt 0.068378 0.232440
vt 0.112088 0.232440
vt 0.112088 0.257946
vt 0.068378 0.257946
vt 0.068378 0.249117
vt 0.112088 0.249117
vt 0.112088 0.276582
vt 0.068378 0.276582
vt 0.068378 0.267109
vt 0.112088 0.267109
vt 0.112088 0.296290
vt 0.068378 0.296290
vt 0.068378 0.286328
vt 0.112088 0.286328
vt 0.112088 0.316587
vt 0.068378 0.316587
vt 0.068378 0.306400
vt 0.112088 0.306400
vt 0.112088 0.336883
vt 0.068378 0.336883
vt 0.068378 0.326773
vt 0.112088 0.326773
vt 0.112088 0.356591
vt 0.068378 0.356591
vt 0.068378 0.346844
vt 0.112088 0.346844
vt 0.112088 0.375229
vt 0.068378 0.375229
vt 0.068378 0.366066
vt 0.112088 0.366066
vt 0.112088 0.392552
vt 0.068378 0.392552
vt 0.068378 0.384058
vt 0.112088 0.384058
vt 0.112088 0.408654
vt 0.068378 0.408654
vt 0.068378 0.400735
vt 0.112088 0.400735
vt 0.068378 0.001953
vt 0.112088 0.001953
vt 0.068378 0.431633
vt 0.068378 0.424007
vt 0.112088 0.431633
vt 0.112088 0.424007
vt 0.068378 0.416381
vt 0.112088 0.416381
vt 0.152855 0.424007
vt 0.152855 0.416381
vt 0.152855 0.408654
vt 0.152855 0.009680
vt 0.152855 0.001953
vt 0.152855 0.431633
vt 0.152855 0.400735
vt 0.152855 0.392552
vt 0.152855 0.384058
vt 0.152855 0.375229
vt 0.152855 0.366066
vt 0.152855 0.356591
vt 0.152855 0.346844
vt 0.152855 0.336883
vt 0.152855 0.326773
vt 0.152855 0.316587
vt 0.152855 0.306400
vt 0.152855 0.296290
vt 0.152855 0.286328
vt 0.152855 0.276582
vt 0.152855 0.267109
vt 0.152855 0.257946
vt 0.152855 0.249117
vt 0.152855 0.240622
vt 0.152855 0.232440
vt 0.152855 0.224520
vt 0.152855 0.216793
vt 0.152855 0.209167
vt 0.152855 0.201541
vt 0.152855 0.193814
vt 0.152855 0.185894
vt 0.152855 0.177711
vt 0.152855 0.169217
vt 0.152855 0.160388
vt 0.152855 0.151225
vt 0.152855 0.141750
vt 0.152855 0.132004
vt 0.152855 0.122043
vt 0.152855 0.111932
vt 0.152855 0.101746
vt 0.152855 0.091560
vt 0.152855 0.081450
vt 0.152855 0.071488
vt 0.152855 0.061741
vt 0.152855 0.052267
vt 0.152855 0.043105
vt 0.152855 0.034276
vt 0.152855 0.025781
vt 0.152855 0.017599
vt 0.145246 0.986838
vt 0.073054 0.986838
vt 0.073054 0.978376
vt 0.145246 0.978376
vt 0.001953 0.986838
vt 0.001953 0.978376
vt 0.001953 0.971659
vt 0.073054 0.971659
vt 0.145246 0.971659
vt 0.073054 0.962176
vt 0.145246 0.962176
vt 0.001953 0.962176
vt 0.001953 0.951929
vt 0.073054 0.951929
vt 0.145246 0.951929
vt 0.073054 0.943672
vt 0.145246 0.943672
vt 0.001953 0.943672
vt 0.001953 0.934996
vt 0.073054 0.934996
vt 0.145246 0.934996
vt 0.073054 0.926248
vt 0.145246 0.926248
vt 0.001953 0.926248
vt 0.001953 0.913696
vt 0.073054 0.913696
vt 0.145246 0.913696
vt 0.073054 0.897138
vt 0.145246 0.897138
vt 0.001953 0.897138
vt 0.001953 0.881296
vt 0.073054 0.881296
vt 0.145246 0.881296
vt 0.073054 0.867907
vt 0.145246 0.867907
vt 0.001953 0.867907
vt 0.001953 0.853819
vt 0.073054 0.853819
vt 0.145246 0.853819
vt 0.073054 0.839179
vt 0.145246 0.839179
vt 0.001953 0.839179
vt 0.001953 0.824838
vt 0.073054 0.824838
vt 0.145246 0.824838
vt 0.073054 0.810417
vt 0.145246 0.810417
vt 0.001953 0.810417
vt 0.001953 0.797300
vt 0.073054 0.797300
vt 0.145246 0.797300
vt 0.073054 0.784148
vt 0.145246 0.784148
vt 0.001953 0.784148
vt 0.001953 0.768041
vt 0.073054 0.768041
vt 0.145246 0.768041
vt 0.073054 0.752413
vt 0.145246 0.752413
vt 0.001953 0.752413
vt 0.001953 0.741747
vt 0.073054 0.741747
vt 0.145246 0.741747
vt 0.073054 0.737470
vt 0.145246 0.737470
vt 0.001953 0.737470
vt 0.001953 0.729793
vt 0.073054 0.729793
vt 0.145246 0.729793
vt 0.073054 0.718738
vt 0.145246 0.718738
vt 0.001953 0.718738
vt 0.001953 0.705320
vt 0.073054 0.705320
vt 0.145246 0.705320
vt 0.073054 0.692253
vt 0.145246 0.692253
vt 0.001953 0.692253
vt 0.001953 0.683165
vt 0.073054 0.683165
vt 0.145246 0.683165
vt 0.073054 0.674082
vt 0.145246 0.674082
vt 0.001953 0.674082
vt 0.001953 0.663532
vt 0.073054 0.663532
vt 0.145246 0.663532
vt 0.073054 0.653191
vt 0.145246 0.653191
vt 0.001953 0.653191
vt 0.001953 0.644182
vt 0.073054 0.644182
vt 0.145246 0.644182
vt 0.073054 0.630240
vt 0.145246 0.630240
vt 0.001953 0.630240
vt 0.001953 0.612331
vt 0.073054 0.612331
vt 0.145246 0.612331
vt 0.073054 0.597270
vt 0.145246 0.597270
vt 0.001953 0.597270
vt 0.001953 0.583794
vt 0.073054 0.583794
vt 0.145246 0.583794
vt 0.073054 0.569990
vt 0.145246 0.569990
vt 0.001953 0.569990
vt 0.001953 0.558892
vt 0.073054 0.558892
vt 0.145246 0.558892
vt 0.073054 0.550714
vt 0.145246 0.550714
vt 0.001953 0.550714
vt 0.001953 0.538989
vt 0.073054 0.538989
vt 0.145246 0.538989
vt 0.073054 0.523362
vt 0.145246 0.523362
vt 0.001953 0.523362
vt 0.001953 0.506160
vt 0.073054 0.506160
vt 0.145246 0.506160
vt 0.073054 0.489828
vt 0.145246 0.489828
vt 0.001953 0.489828
vt 0.001953 0.478116
vt 0.073054 0.478116
vt 0.145246 0.478116
vt 0.073054 0.467775
vt 0.145246 0.467775
vt 0.001953 0.467775
vt 0.001953 0.458182
vt 0.073054 0.458182
vt 0.145246 0.458182
vt 0.271600 0.446056
vt 0.217146 0.446056
vt 0.217146 0.435540
vt 0.271600 0.435540
vt 0.145246 0.446056
vt 0.145246 0.435540
vt 0.217146 0.996944
vt 0.145246 0.996944
vt 0.217146 0.986838
vt 0.271600 0.996944
vt 0.271600 0.986838
vt 0.073054 0.453049
vt 0.145246 0.453049
vt 0.001953 0.453049
vt 0.001953 0.446056
vt 0.073054 0.446056
vt 0.073054 0.435540
vt 0.001953 0.435540
vt 0.073054 0.996944
vt 0.001953 0.996944
vt 0.271600 0.458182
vt 0.217146 0.458182
vt 0.217146 0.453049
vt 0.271600 0.453049
vt 0.470138 0.444320
vt 0.398825 0.444320
vt 0.398825 0.435539
vt 0.470138 0.435539
vt 0.344429 0.444320
vt 0.344429 0.435539
vt 0.398825 0.998047
vt 0.344429 0.998047
vt 0.344429 0.984353
vt 0.398825 0.984353
vt 0.470138 0.998047
vt 0.470138 0.984353
vt 0.470138 0.468208
vt 0.398825 0.468208
vt 0.398825 0.454869
vt 0.470138 0.454869
vt 0.344429 0.468208
vt 0.344429 0.454869
vt 0.470138 0.491122
vt 0.398825 0.491122
vt 0.398825 0.481632
vt 0.470138 0.481632
vt 0.344429 0.491122
vt 0.344429 0.481632
vt 0.470138 0.506569
vt 0.398825 0.506569
vt 0.398825 0.498618
vt 0.470138 0.498618
vt 0.344429 0.506569
vt 0.344429 0.498618
vt 0.470138 0.550212
vt 0.398825 0.550212
vt 0.398825 0.526572
vt 0.470138 0.526572
vt 0.344429 0.550212
vt 0.344429 0.526572
vt 0.470138 0.572828
vt 0.398825 0.572828
vt 0.398825 0.563387
vt 0.470138 0.563387
vt 0.344429 0.572828
vt 0.344429 0.563387
vt 0.470138 0.591201
vt 0.398825 0.591201
vt 0.398825 0.581664
vt 0.470138 0.581664
vt 0.344429 0.591201
vt 0.344429 0.581664
vt 0.470138 0.617052
vt 0.398825 0.617052
vt 0.398825 0.603778
vt 0.470138 0.603778
vt 0.344429 0.617052
vt 0.344429 0.603778
vt 0.470138 0.643482
vt 0.398825 0.643482
vt 0.398825 0.630426
vt 0.470138 0.630426
vt 0.344429 0.643482
vt 0.344429 0.630426
vt 0.470138 0.661669
vt 0.398825 0.661669
vt 0.398825 0.653318
vt 0.470138 0.653318
vt 0.344429 0.661669
vt 0.344429 0.653318
vt 0.470138 0.686096
vt 0.398825 0.686096
vt 0.398825 0.672434
vt 0.470138 0.672434
vt 0.344429 0.686096
vt 0.344429 0.672434
vt 0.470138 0.712228
vt 0.398825 0.712228
vt 0.398825 0.701094
vt 0.470138 0.701094
vt 0.344429 0.712228
vt 0.344429 0.701094
vt 0.470138 0.729974
vt 0.398825 0.729974
vt 0.398825 0.719222
vt 0.470138 0.719222
vt 0.344429 0.729974
vt 0.344429 0.719222
vt 0.470138 0.757868
vt 0.398825 0.757868
vt 0.398825 0.744674
vt 0.470138 0.744674
vt 0.344429 0.757868
vt 0.344429 0.744674
vt 0.470138 0.772203
vt 0.398825 0.772203
vt 0.398825 0.765689
vt 0.470138 0.765689
vt 0.344429 0.772203
vt 0.344429 0.765689
vt 0.470138 0.786036
vt 0.398825 0.786036
vt 0.398825 0.778841
vt 0.470138 0.778841
vt 0.344429 0.786036
vt 0.344429 0.778841
vt 0.470138 0.822041
vt 0.398825 0.822041
vt 0.398825 0.802699
vt 0.470138 0.802699
vt 0.344429 0.822041
vt 0.344429 0.802699
vt 0.470138 0.840599
vt 0.398825 0.840599
vt 0.398825 0.834425
vt 0.470138 0.834425
vt 0.344429 0.840599
vt 0.344429 0.834425
vt 0.470138 0.852769
vt 0.398825 0.852769
vt 0.398825 0.844561
vt 0.470138 0.844561
vt 0.344429 0.852769
vt 0.344429 0.844561
vt 0.470138 0.886622
vt 0.398825 0.886622
vt 0.398825 0.868713
vt 0.470138 0.868713
vt 0.344429 0.886622
vt 0.344429 0.868713
vt 0.470138 0.926116
vt 0.398825 0.926116
vt 0.398825 0.906505
vt 0.470138 0.906505
vt 0.344429 0.926116
vt 0.344429 0.906505
vt 0.470138 0.949147
vt 0.398825 0.949147
vt 0.398825 0.939878
vt 0.470138 0.939878
vt 0.344429 0.949147
vt 0.344429 0.939878
vt 0.470138 0.961411
vt 0.398825 0.961411
vt 0.398825 0.954938
vt 0.470138 0.954938
vt 0.344429 0.961411
vt 0.344429 0.954938
vt 0.398825 0.971458
vt 0.470138 0.971458
vt 0.344429 0.971458
vt 0.271600 0.478116
vt 0.217146 0.478116
vt 0.217146 0.467775
vt 0.271600 0.467775
vt 0.271600 0.506160
vt 0.217146 0.506160
vt 0.217146 0.489828
vt 0.271600 0.489828
vt 0.271600 0.538989
vt 0.217146 0.538989
vt 0.217146 0.523362
vt 0.271600 0.523362
vt 0.271600 0.558892
vt 0.217146 0.558892
vt 0.217146 0.550714
vt 0.271600 0.550714
vt 0.271600 0.583794
vt 0.217146 0.583794
vt 0.217146 0.569990
vt 0.271600 0.569990
vt 0.271600 0.612331
vt 0.217146 0.612331
vt 0.217146 0.597270
vt 0.271600 0.597270
vt 0.271600 0.644182
vt 0.217146 0.644182
vt 0.217146 0.630240
vt 0.271600 0.630240
vt 0.271600 0.663532
vt 0.217146 0.663532
vt 0.217146 0.653191
vt 0.271600 0.653191
vt 0.271600 0.683165
vt 0.217146 0.683165
vt 0.217146 0.674082
vt 0.271600 0.674082
vt 0.271600 0.705320
vt 0.217146 0.705320
vt 0.217146 0.692253
vt 0.271600 0.692253
vt 0.271600 0.729793
vt 0.217146 0.729793
vt 0.217146 0.718738
vt 0.271600 0.718738
vt 0.271600 0.741747
vt 0.217146 0.741747
vt 0.217146 0.737470
vt 0.271600 0.737470
vt 0.271600 0.768041
vt 0.217146 0.768041
vt 0.217146 0.752413
vt 0.271600 0.752413
vt 0.271600 0.797300
vt 0.217146 0.797300
vt 0.217146 0.784148
vt 0.271600 0.784148
vt 0.271600 0.824838
vt 0.217146 0.824838
vt 0.217146 0.810417
vt 0.271600 0.810417
vt 0.271600 0.853819
vt 0.217146 0.853819
vt 0.217146 0.839179
vt 0.271600 0.839179
vt 0.271600 0.881296
vt 0.217146 0.881296
vt 0.217146 0.867907
vt 0.271600 0.867907
vt 0.271600 0.913696
vt 0.217146 0.913696
vt 0.217146 0.897138
vt 0.271600 0.897138
vt 0.271600 0.934996
vt 0.217146 0.934996
vt 0.217146 0.926248
vt 0.271600 0.926248
vt 0.271600 0.951929
vt 0.217146 0.951929
vt 0.217146 0.943672
vt 0.271600 0.943672
vt 0.271600 0.971659
vt 0.217146 0.971659
vt 0.217146 0.962176
vt 0.271600 0.962176
vt 0.217146 0.978376
vt 0.271600 0.978376
vt 0.609733 0.984353
vt 0.540819 0.984353
vt 0.540819 0.971458
vt 0.609733 0.971458
vt 0.540819 0.961411
vt 0.609733 0.961411
vt 0.540819 0.954938
vt 0.609733 0.954938
vt 0.540819 0.949147
vt 0.609733 0.949147
vt 0.540819 0.939878
vt 0.609733 0.939878
vt 0.540819 0.926116
vt 0.609733 0.926116
vt 0.540819 0.906505
vt 0.609733 0.906505
vt 0.540819 0.886622
vt 0.609733 0.886622
vt 0.540819 0.868713
vt 0.609733 0.868713
vt 0.540819 0.852769
vt 0.609733 0.852769
vt 0.540819 0.844561
vt 0.609733 0.844561
vt 0.540819 0.840599
vt 0.609733 0.840599
vt 0.540819 0.834425
vt 0.609733 0.834425
vt 0.540819 0.822041
vt 0.609733 0.822041
vt 0.540819 0.802699
vt 0.609733 0.802699
vt 0.540819 0.786036
vt 0.609733 0.786036
vt 0.540819 0.778841
vt 0.609733 0.778841
vt 0.540819 0.772203
vt 0.609733 0.772203
vt 0.540819 0.765689
vt 0.609733 0.765689
vt 0.540819 0.757868
vt 0.609733 0.757868
vt 0.540819 0.744674
vt 0.609733 0.744674
vt 0.540819 0.729974
vt 0.609733 0.729974
vt 0.540819 0.719222
vt 0.609733 0.719222
vt 0.540819 0.712228
vt 0.609733 0.712228
vt 0.540819 0.701094
vt 0.609733 0.701094
vt 0.540819 0.686096
vt 0.609733 0.686096
vt 0.540819 0.672434
vt 0.609733 0.672434
vt 0.540819 0.661669
vt 0.609733 0.661669
vt 0.540819 0.653318
vt 0.609733 0.653318
vt 0.540819 0.643482
vt 0.609733 0.643482
vt 0.540819 0.630426
vt 0.609733 0.630426
vt 0.540819 0.617052
vt 0.609733 0.617052
vt 0.540819 0.603778
vt 0.609733 0.603778
vt 0.540819 0.591201
vt 0.609733 0.591201
vt 0.540819 0.581664
vt 0.609733 0.581664
vt 0.540819 0.572828
vt 0.609733 0.572828
vt 0.540819 0.563387
vt 0.609733 0.563387
vt 0.540819 0.550212
vt 0.609733 0.550212
vt 0.540819 0.526572
vt 0.609733 0.526572
vt 0.540819 0.506569
vt 0.609733 0.506569
vt 0.540819 0.498618
vt 0.609733 0.498618
vt 0.540819 0.491122
vt 0.609733 0.491122
vt 0.540819 0.481632
vt 0.609733 0.481632
vt 0.540819 0.468208
vt 0.609733 0.468208
vt 0.540819 0.454869
vt 0.609733 0.454869
vt 0.540819 0.444320
vt 0.609733 0.444320
vt 0.540819 0.435539
vt 0.609733 0.435539
vt 0.540819 0.998047
vt 0.609733 0.998047
vt 0.304466 0.986838
vt 0.304466 0.978376
vt 0.304466 0.971659
vt 0.304466 0.446056
vt 0.304466 0.435540
vt 0.304466 0.996944
vt 0.304466 0.962176
vt 0.304466 0.951929
vt 0.304466 0.943672
vt 0.304466 0.934996
vt 0.304466 0.926248
vt 0.304466 0.913696
vt 0.304466 0.897138
vt 0.304466 0.881296
vt 0.304466 0.867907
vt 0.304466 0.853819
vt 0.304466 0.839179
vt 0.304466 0.824838
vt 0.304466 0.810417
vt 0.304466 0.797300
vt 0.304466 0.784148
vt 0.304466 0.768041
vt 0.304466 0.752413
vt 0.304466 0.741747
vt 0.304466 0.737470
vt 0.304466 0.729793
vt 0.304466 0.718738
vt 0.304466 0.705320
vt 0.304466 0.692253
vt 0.304466 0.683165
vt 0.304466 0.674082
vt 0.304466 0.663532
vt 0.304466 0.653191
vt 0.304466 0.644182
vt 0.304466 0.630240
vt 0.304466 0.612331
vt 0.304466 0.597270
vt 0.304466 0.583794
vt 0.304466 0.569990
vt 0.304466 0.558892
vt 0.304466 0.550714
vt 0.304466 0.538989
vt 0.304466 0.523362
vt 0.304466 0.506160
vt 0.304466 0.489828
vt 0.304466 0.478116
vt 0.304466 0.467775
vt 0.304466 0.458182
vt 0.304466 0.453049
vt 0.308373 0.468208
vt 0.308373 0.454869
vt 0.308373 0.444320
vt 0.308373 0.491122
vt 0.308373 0.481632
vt 0.308373 0.506569
vt 0.308373 0.498618
vt 0.308373 0.550212
vt 0.308373 0.526572
vt 0.308373 0.572828
vt 0.308373 0.563387
vt 0.308373 0.591201
vt 0.308373 0.581664
vt 0.308373 0.617052
vt 0.308373 0.603778
vt 0.308373 0.643482
vt 0.308373 0.630426
vt 0.308373 0.661669
vt 0.308373 0.653318
vt 0.308373 0.686096
vt 0.308373 0.672434
vt 0.308373 0.712228
vt 0.308373 0.701094
vt 0.308373 0.729974
vt 0.308373 0.719222
vt 0.308373 0.757868
vt 0.308373 0.744674
vt 0.308373 0.772203
vt 0.308373 0.765689
vt 0.308373 0.786036
vt 0.308373 0.778841
vt 0.308373 0.822041
vt 0.308373 0.802699
vt 0.308373 0.840599
vt 0.308373 0.834425
vt 0.308373 0.852769
vt 0.308373 0.844561
vt 0.308373 0.886622
vt 0.308373 0.868713
vt 0.308373 0.926116
vt 0.308373 0.906505
vt 0.308373 0.949147
vt 0.308373 0.939878
vt 0.308373 0.961411
vt 0.308373 0.954938
vt 0.308373 0.435539
vt 0.308373 0.998047
vt 0.308373 0.984353
vt 0.308373 0.971458
s 1
usemtl Caramelo_1
f 141/1/141 386/2/386 1105/3/1105 385/4/385
f 386/5/386 25/6/25 387/7/387 1105/8/1105
f 1105/8/1105 387/7/387 27/9/27 388/10/388
f 385/4/385 1105/3/1105 388/11/388 144/12/144
f 144/12/144 388/11/388 1106/13/1106 389/14/389
f 388/10/388 27/9/27 390/15/390 1106/16/1106
f 1106/16/1106 390/15/390 28/17/28 391/18/391
f 389/14/389 1106/13/1106 391/19/391 143/20/143
f 143/20/143 391/19/391 1107/21/1107 392/22/392
f 391/18/391 28/17/28 393/23/393 1107/24/1107
f 1107/24/1107 393/23/393 29/25/29 394/26/394
f 392/22/392 1107/21/1107 394/27/394 142/28/142
f 142/28/142 394/27/394 1108/29/1108 395/30/395
f 394/26/394 29/25/29 396/31/396 1108/32/1108
f 1108/32/1108 396/31/396 26/33/26 397/34/397
f 395/30/395 1108/29/1108 397/35/397 140/36/140
f 136/37/136 399/38/399 1109/39/1109 398/40/398
f 399/38/399 141/1/141 385/4/385 1109/39/1109
f 1109/39/1109 385/4/385 144/12/144 400/41/400
f 398/40/398 1109/39/1109 400/41/400 139/42/139
f 139/42/139 400/41/400 1110/43/1110 401/44/401
f 400/41/400 144/12/144 389/14/389 1110/43/1110
f 1110/43/1110 389/14/389 143/20/143 402/45/402
f 401/44/401 1110/43/1110 402/45/402 138/46/138
f 138/46/138 402/45/402 1111/47/1111 403/48/403
f 402/45/402 143/20/143 392/22/392 1111/47/1111
f 1111/47/1111 392/22/392 142/28/142 404/49/404
f 403/48/403 1111/47/1111 404/49/404 137/50/137
f 137/50/137 404/49/404 1112/51/1112 405/52/405
f 404/49/404 142/28/142 395/30/395 1112/51/1112
f 1112/51/1112 395/30/395 140/36/140 406/53/406
f 405/52/405 1112/51/1112 406/53/406 135/54/135
f 131/55/131 408/56/408 1113/57/1113 407/58/407
f 408/56/408 136/37/136 398/40/398 1113/57/1113
f 1113/57/1113 398/40/398 139/42/139 409/59/409
f 407/58/407 1113/57/1113 409/59/409 134/60/134
f 134/60/134 409/59/409 1114/61/1114 410/62/410
f 409/59/409 139/42/139 401/44/401 1114/61/1114
f 1114/61/1114 401/44/401 138/46/138 411/63/411
f 410/62/410 1114/61/1114 411/63/411 133/64/133
f 133/64/133 411/63/411 1115/65/1115 412/66/412
f 411/63/411 138/46/138 403/48/403 1115/65/1115
f 1115/65/1115 403/48/403 137/50/137 413/67/413
f 412/66/412 1115/65/1115 413/67/413 132/68/132
f 132/68/132 413/67/413 1116/69/1116 414/70/414
f 413/67/413 137/50/137 405/52/405 1116/69/1116
f 1116/69/1116 405/52/405 135/54/135 415/71/415
f 414/70/414 1116/69/1116 415/71/415 130/72/130
f 126/73/126 417/74/417 1117/75/1117 416/76/416
f 417/74/417 131/55/131 407/58/407 1117/75/1117
f 1117/75/1117 407/58/407 134/60/134 418/77/418
f 416/76/416 1117/75/1117 418/77/418 129/78/129
f 129/78/129 418/77/418 1118/79/1118 419/80/419
f 418/77/418 134/60/134 410/62/410 1118/79/1118
f 1118/79/1118 410/62/410 133/64/133 420/81/420
f 419/80/419 1118/79/1118 420/81/420 128/82/128
f 128/82/128 420/81/420 1119/83/1119 421/84/421
f 420/81/420 133/64/133 412/66/412 1119/83/1119
f 1119/83/1119 412/66/412 132/68/132 422/85/422
f 421/84/421 1119/83/1119 422/85/422 127/86/127
f 127/86/127 422/85/422 1120/87/1120 423/88/423
f 422/85/422 132/68/132 414/70/414 1120/87/1120
f 1120/87/1120 414/70/414 130/72/130 424/89/424
f 423/88/423 1120/87/1120 424/89/424 125/90/125
f 121/91/121 426/92/426 1121/93/1121 425/94/425
f 426/92/426 126/73/126 416/76/416 1121/93/1121
f 1121/93/1121 416/76/416 129/78/129 427/95/427
f 425/94/425 1121/93/1121 427/95/427 124/96/124
f 124/96/124 427/95/427 1122/97/1122 428/98/428
f 427/95/427 129/78/129 419/80/419 1122/97/1122
f 1122/97/1122 419/80/419 128/82/128 429/99/429
f 428/98/428 1122/97/1122 429/99/429 123/100/123
f 123/100/123 429/99/429 1123/101/1123 430/102/430
f 429/99/429 128/82/128 421/84/421 1123/101/1123
f 1123/101/1123 421/84/421 127/86/127 431/103/431
f 430/102/430 1123/101/1123 431/103/431 122/104/122
f 122/104/122 431/103/431 1124/105/1124 432/106/432
f 431/103/431 127/86/127 423/88/423 1124/105/1124
f 1124/105/1124 423/88/423 125/90/125 433/107/433
f 432/106/432 1124/105/1124 433/107/433 120/108/120
f 116/109/116 435/110/435 1125/111/1125 434/112/434
f 435/110/435 121/91/121 425/94/425 1125/111/1125
f 1125/111/1125 425/94/425 124/96/124 436/113/436
f 434/112/434 1125/111/1125 436/113/436 119/114/119
f 119/114/119 436/113/436 1126/115/1126 437/116/437
f 436/113/436 124/96/124 428/98/428 1126/115/1126
f 1126/115/1126 428/98/428 123/100/123 438/117/438
f 437/116/437 1126/115/1126 438/117/438 118/118/118
f 118/118/118 438/117/438 1127/119/1127 439/120/439
f 438/117/438 123/100/123 430/102/430 1127/119/1127
f 1127/119/1127 430/102/430 122/104/122 440/121/440
f 439/120/439 1127/119/1127 440/121/440 117/122/117
f 117/122/117 440/121/440 1128/123/1128 441/124/441
f 440/121/440 122/104/122 432/106/432 1128/123/1128
f 1128/123/1128 432/106/432 120/108/120 442/125/442
f 441/124/441 1128/123/1128 442/125/442 115/126/115
f 111/127/111 444/128/444 1129/129/1129 443/130/443
f 444/128/444 116/109/116 434/112/434 1129/129/1129
f 1129/129/1129 434/112/434 119/114/119 445/131/445
f 443/130/443 1129/129/1129 445/131/445 114/132/114
f 114/132/114 445/131/445 1130/133/1130 446/134/446
f 445/131/445 119/114/119 437/116/437 1130/133/1130
f 1130/133/1130 437/116/437 118/118/118 447/135/447
f 446/134/446 1130/133/1130 447/135/447 113/136/113
f 113/136/113 447/135/447 1131/137/1131 448/138/448
f 447/135/447 118/118/118 439/120/439 1131/137/1131
f 1131/137/1131 439/120/439 117/122/117 449/139/449
f 448/138/448 1131/137/1131 449/139/449 112/140/112
f 112/140/112 449/139/449 1132/141/1132 450/142/450
f 449/139/449 117/122/117 441/124/441 1132/141/1132
f 1132/141/1132 441/124/441 115/126/115 451/143/451
f 450/142/450 1132/141/1132 451/143/451 110/144/110
f 106/145/106 453/146/453 1133/147/1133 452/148/452
f 453/146/453 111/127/111 443/130/443 1133/147/1133
f 1133/147/1133 443/130/443 114/132/114 454/149/454
f 452/148/452 1133/147/1133 454/149/454 109/150/109
f 109/150/109 454/149/454 1134/151/1134 455/152/455
f 454/149/454 114/132/114 446/134/446 1134/151/1134
f 1134/151/1134 446/134/446 113/136/113 456/153/456
f 455/152/455 1134/151/1134 456/153/456 108/154/108
f 108/154/108 456/153/456 1135/155/1135 457/156/457
f 456/153/456 113/136/113 448/138/448 1135/155/1135
f 1135/155/1135 448/138/448 112/140/112 458/157/458
f 457/156/457 1135/155/1135 458/157/458 107/158/107
f 107/158/107 458/157/458 1136/159/1136 459/160/459
f 458/157/458 112/140/112 450/142/450 1136/159/1136
f 1136/159/1136 450/142/450 110/144/110 460/161/460
f 459/160/459 1136/159/1136 460/161/460 105/162/105
f 101/163/101 462/164/462 1137/165/1137 461/166/461
f 462/164/462 106/145/106 452/148/452 1137/165/1137
f 1137/165/1137 452/148/452 109/150/109 463/167/463
f 461/166/461 1137/165/1137 463/167/463 104/168/104
f 104/168/104 463/167/463 1138/169/1138 464/170/464
f 463/167/463 109/150/109 455/152/455 1138/169/1138
f 1138/169/1138 455/152/455 108/154/108 465/171/465
f 464/170/464 1138/169/1138 465/171/465 103/172/103
f 103/172/103 465/171/465 1139/173/1139 466/174/466
f 465/171/465 108/154/108 457/156/457 1139/173/1139
f 1139/173/1139 457/156/457 107/158/107 467/175/467
f 466/174/466 1139/173/1139 467/175/467 102/176/102
f 102/176/102 467/175/467 1140/177/1140 468/178/468
f 467/175/467 107/158/107 459/160/459 1140/177/1140
f 1140/177/1140 459/160/459 105/162/105 469/179/469
f 468/178/468 1140/177/1140 469/179/469 100/180/100
f 96/181/96 471/182/471 1141/183/1141 470/184/470
f 471/182/471 101/163/101 461/166/461 1141/183/1141
f 1141/183/1141 461/166/461 104/168/104 472/185/472
f 470/184/470 1141/183/1141 472/185/472 99/186/99
f 99/186/99 472/185/472 1142/187/1142 473/188/473
f 472/185/472 104/168/104 464/170/464 1142/187/1142
f 1142/187/1142 464/170/464 103/172/103 474/189/474
f 473/188/473 1142/187/1142 474/189/474 98/190/98
f 98/190/98 474/189/474 1143/191/1143 475/192/475
f 474/189/474 103/172/103 466/174/466 1143/191/1143
f 1143/191/1143 466/174/466 102/176/102 476/193/476
f 475/192/475 1143/191/1143 476/193/476 97/194/97
f 97/194/97 476/193/476 1144/195/1144 477/196/477
f 476/193/476 102/176/102 468/178/468 1144/195/1144
f 1144/195/1144 468/178/468 100/180/100 478/197/478
f 477/196/477 1144/195/1144 478/197/478 95/198/95
f 91/199/91 480/200/480 1145/201/1145 479/202/479
f 480/200/480 96/181/96 470/184/470 1145/201/1145
f 1145/201/1145 470/184/470 99/186/99 481/203/481
f 479/202/479 1145/201/1145 481/203/481 94/204/94
f 94/204/94 481/203/481 1146/205/1146 482/206/482
f 481/203/481 99/186/99 473/188/473 1146/205/1146
f 1146/205/1146 473/188/473 98/190/98 483/207/483
f 482/206/482 1146/205/1146 483/207/483 93/208/93
f 93/208/93 483/207/483 1147/209/1147 484/210/484
f 483/207/483 98/190/98 475/192/475 1147/209/1147
f 1147/209/1147 475/192/475 97/194/97 485/211/485
f 484/210/484 1147/209/1147 485/211/485 92/212/92
f 92/212/92 485/211/485 1148/213/1148 486/214/486
f 485/211/485 97/194/97 477/196/477 1148/213/1148
f 1148/213/1148 477/196/477 95/198/95 487/215/487
f 486/214/486 1148/213/1148 487/215/487 90/216/90
f 86/217/86 489/218/489 1149/219/1149 488/220/488
f 489/218/489 91/199/91 479/202/479 1149/219/1149
f 1149/219/1149 479/202/479 94/204/94 490/221/490
f 488/220/488 1149/219/1149 490/221/490 89/222/89
f 89/222/89 490/221/490 1150/223/1150 491/224/491
f 490/221/490 94/204/94 482/206/482 1150/223/1150
f 1150/223/1150 482/206/482 93/208/93 492/225/492
f 491/224/491 1150/223/1150 492/225/492 88/226/88
f 88/226/88 492/225/492 1151/227/1151 493/228/493
f 492/225/492 93/208/93 484/210/484 1151/227/1151
f 1151/227/1151 484/210/484 92/212/92 494/229/494
f 493/228/493 1151/227/1151 494/229/494 87/230/87
f 87/230/87 494/229/494 1152/231/1152 495/232/495
f 494/229/494 92/212/92 486/214/486 1152/231/1152
f 1152/231/1152 486/214/486 90/216/90 496/233/496
f 495/232/495 1152/231/1152 496/233/496 85/234/85
f 81/235/81 498/236/498 1153/237/1153 497/238/497
f 498/236/498 86/217/86 488/220/488 1153/237/1153
f 1153/237/1153 488/220/488 89/222/89 499/239/499
f 497/238/497 1153/237/1153 499/239/499 84/240/84
f 84/240/84 499/239/499 1154/241/1154 500/242/500
f 499/239/499 89/222/89 491/224/491 1154/241/1154
f 1154/241/1154 491/224/491 88/226/88 501/243/501
f 500/242/500 1154/241/1154 501/243/501 83/244/83
f 83/244/83 501/243/501 1155/245/1155 502/246/502
f 501/243/501 88/226/88 493/228/493 1155/245/1155
f 1155/245/1155 493/228/493 87/230/87 503/247/503
f 502/246/502 1155/245/1155 503/247/503 82/248/82
f 82/248/82 503/247/503 1156/249/1156 504/250/504
f 503/247/503 87/230/87 495/232/495 1156/249/1156
f 1156/249/1156 495/232/495 85/234/85 505/251/505
f 504/250/504 1156/249/1156 505/251/505 80/252/80
f 76/253/76 507/254/507 1157/255/1157 506/256/506
f 507/254/507 81/235/81 497/238/497 1157/255/1157
f 1157/255/1157 497/238/497 84/240/84 508/257/508
f 506/256/506 1157/255/1157 508/257/508 79/258/79
f 79/258/79 508/257/508 1158/259/1158 509/260/509
f 508/257/508 84/240/84 500/242/500 1158/259/1158
f 1158/259/1158 500/242/500 83/244/83 510/261/510
f 509/260/509 1158/259/1158 510/261/510 78/262/78
f 78/262/78 510/261/510 1159/263/1159 511/264/511
f 510/261/510 83/244/83 502/246/502 1159/263/1159
f 1159/263/1159 502/246/502 82/248/82 512/265/512
f 511/264/511 1159/263/1159 512/265/512 77/266/77
f 77/266/77 512/265/512 1160/267/1160 513/268/513
f 512/265/512 82/248/82 504/250/504 1160/267/1160
f 1160/267/1160 504/250/504 80/252/80 514/269/514
f 513/268/513 1160/267/1160 514/269/514 75/270/75
f 71/271/71 516/272/516 1161/273/1161 515/274/515
f 516/272/516 76/253/76 506/256/506 1161/273/1161
f 1161/273/1161 506/256/506 79/258/79 517/275/517
f 515/274/515 1161/273/1161 517/275/517 74/276/74
f 74/276/74 517/275/517 1162/277/1162 518/278/518
f 517/275/517 79/258/79 509/260/509 1162/277/1162
f 1162/277/1162 509/260/509 78/262/78 519/279/519
f 518/278/518 1162/277/1162 519/279/519 73/280/73
f 73/280/73 519/279/519 1163/281/1163 520/282/520
f 519/279/519 78/262/78 511/264/511 1163/281/1163
f 1163/281/1163 511/264/511 77/266/77 521/283/521
f 520/282/520 1163/281/1163 521/283/521 72/284/72
f 72/284/72 521/283/521 1164/285/1164 522/286/522
f 521/283/521 77/266/77 513/268/513 1164/285/1164
f 1164/285/1164 513/268/513 75/270/75 523/287/523
f 522/286/522 1164/285/1164 523/287/523 70/288/70
f 66/289/66 525/290/525 1165/291/1165 524/292/524
f 525/290/525 71/271/71 515/274/515 1165/291/1165
f 1165/291/1165 515/274/515 74/276/74 526/293/526
f 524/292/524 1165/291/1165 526/293/526 69/294/69
f 69/294/69 526/293/526 1166/295/1166 527/296/527
f 526/293/526 74/276/74 518/278/518 1166/295/1166
f 1166/295/1166 518/278/518 73/280/73 528/297/528
f 527/296/527 1166/295/1166 528/297/528 68/298/68
f 68/298/68 528/297/528 1167/299/1167 529/300/529
f 528/297/528 73/280/73 520/282/520 1167/299/1167
f 1167/299/1167 520/282/520 72/284/72 530/301/530
f 529/300/529 1167/299/1167 530/301/530 67/302/67
f 67/302/67 530/301/530 1168/303/1168 531/304/531
f 530/301/530 72/284/72 522/286/522 1168/303/1168
f 1168/303/1168 522/286/522 70/288/70 532/305/532
f 531/304/531 1168/303/1168 532/305/532 65/306/65
f 61/307/61 534/308/534 1169/309/1169 533/310/533
f 534/308/534 66/289/66 524/292/524 1169/309/1169
f 1169/309/1169 524/292/524 69/294/69 535/311/535
f 533/310/533 1169/309/1169 535/311/535 64/312/64
f 64/312/64 535/311/535 1170/313/1170 536/314/536
f 535/311/535 69/294/69 527/296/527 1170/313/1170
f 1170/313/1170 527/296/527 68/298/68 537/315/537
f 536/314/536 1170/313/1170 537/315/537 63/316/63
f 63/316/63 537/315/537 1171/317/1171 538/318/538
f 537/315/537 68/298/68 529/300/529 1171/317/1171
f 1171/317/1171 529/300/529 67/302/67 539/319/539
f 538/318/538 1171/317/1171 539/319/539 62/320/62
f 62/320/62 539/319/539 1172/321/1172 540/322/540
f 539/319/539 67/302/67 531/304/531 1172/321/1172
f 1172/321/1172 531/304/531 65/306/65 541/323/541
f 540/322/540 1172/321/1172 541/323/541 60/324/60
f 56/325/56 543/326/543 1173/327/1173 542/328/542
f 543/326/543 61/307/61 533/310/533 1173/327/1173
f 1173/327/1173 533/310/533 64/312/64 544/329/544
f 542/328/542 1173/327/1173 544/329/544 59/330/59
f 59/330/59 544/329/544 1174/331/1174 545/332/545
f 544/329/544 64/312/64 536/314/536 1174/331/1174
f 1174/331/1174 536/314/536 63/316/63 546/333/546
f 545/332/545 1174/331/1174 546/333/546 58/334/58
f 58/334/58 546/333/546 1175/335/1175 547/336/547
f 546/333/546 63/316/63 538/318/538 1175/335/1175
f 1175/335/1175 538/318/538 62/320/62 548/337/548
f 547/336/547 1175/335/1175 548/337/548 57/338/57
f 57/338/57 548/337/548 1176/339/1176 549/340/549
f 548/337/548 62/320/62 540/322/540 1176/339/1176
f 1176/339/1176 540/322/540 60/324/60 550/341/550
f 549/340/549 1176/339/1176 550/341/550 55/342/55
f 51/343/51 552/344/552 1177/345/1177 551/346/551
f 552/344/552 56/325/56 542/328/542 1177/345/1177
f 1177/345/1177 542/328/542 59/330/59 553/347/553
f 551/346/551 1177/345/1177 553/347/553 54/348/54
f 54/348/54 553/347/553 1178/349/1178 554/350/554
f 553/347/553 59/330/59 545/332/545 1178/349/1178
f 1178/349/1178 545/332/545 58/334/58 555/351/555
f 554/350/554 1178/349/1178 555/351/555 53/352/53
f 53/352/53 555/351/555 1179/353/1179 556/354/556
f 555/351/555 58/334/58 547/336/547 1179/353/1179
f 1179/353/1179 547/336/547 57/338/57 557/355/557
f 556/354/556 1179/353/1179 557/355/557 52/356/52
f 52/356/52 557/355/557 1180/357/1180 558/358/558
f 557/355/557 57/338/57 549/340/549 1180/357/1180
f 1180/357/1180 549/340/549 55/342/55 559/359/559
f 558/358/558 1180/357/1180 559/359/559 50/360/50
f 46/361/46 561/362/561 1181/363/1181 560/364/560
f 561/362/561 51/343/51 551/346/551 1181/363/1181
f 1181/363/1181 551/346/551 54/348/54 562/365/562
f 560/364/560 1181/363/1181 562/365/562 49/366/49
f 49/366/49 562/365/562 1182/367/1182 563/368/563
f 562/365/562 54/348/54 554/350/554 1182/367/1182
f 1182/367/1182 554/350/554 53/352/53 564/369/564
f 563/368/563 1182/367/1182 564/369/564 48/370/48
f 48/370/48 564/369/564 1183/371/1183 565/372/565
f 564/369/564 53/352/53 556/354/556 1183/371/1183
f 1183/371/1183 556/354/556 52/356/52 566/373/566
f 565/372/565 1183/371/1183 566/373/566 47/374/47
f 47/374/47 566/373/566 1184/375/1184 567/376/567
f 566/373/566 52/356/52 558/358/558 1184/375/1184
f 1184/375/1184 558/358/558 50/360/50 568/377/568
f 567/376/567 1184/375/1184 568/377/568 45/378/45
f 41/379/41 570/380/570 1185/381/1185 569/382/569
f 570/380/570 46/361/46 560/364/560 1185/381/1185
f 1185/381/1185 560/364/560 49/366/49 571/383/571
f 569/382/569 1185/381/1185 571/383/571 44/384/44
f 44/384/44 571/383/571 1186/385/1186 572/386/572
f 571/383/571 49/366/49 563/368/563 1186/385/1186
f 1186/385/1186 563/368/563 48/370/48 573/387/573
f 572/386/572 1186/385/1186 573/387/573 43/388/43
f 43/388/43 573/387/573 1187/389/1187 574/390/574
f 573/387/573 48/370/48 565/372/565 1187/389/1187
f 1187/389/1187 565/372/565 47/374/47 575/391/575
f 574/390/574 1187/389/1187 575/391/575 42/392/42
f 42/392/42 575/391/575 1188/393/1188 576/394/576
f 575/391/575 47/374/47 567/376/567 1188/393/1188
f 1188/393/1188 567/376/567 45/378/45 577/395/577
f 576/394/576 1188/393/1188 577/395/577 40/396/40
f 36/397/36 579/398/579 1189/399/1189 578/400/578
f 579/398/579 41/379/41 569/382/569 1189/399/1189
f 1189/399/1189 569/382/569 44/384/44 580/401/580
f 578/400/578 1189/399/1189 580/401/580 39/402/39
f 39/402/39 580/401/580 1190/403/1190 581/404/581
f 580/401/580 44/384/44 572/386/572 1190/403/1190
f 1190/403/1190 572/386/572 43/388/43 582/405/582
f 581/404/581 1190/403/1190 582/405/582 38/406/38
f 38/406/38 582/405/582 1191/407/1191 583/408/583
f 582/405/582 43/388/43 574/390/574 1191/407/1191
f 1191/407/1191 574/390/574 42/392/42 584/409/584
f 583/408/583 1191/407/1191 584/409/584 37/410/37
f 37/410/37 584/409/584 1192/411/1192 585/412/585
f 584/409/584 42/392/42 576/394/576 1192/411/1192
f 1192/411/1192 576/394/576 40/396/40 586/413/586
f 585/412/585 1192/411/1192 586/413/586 35/414/35
f 31/415/31 588/416/588 1193/417/1193 587/418/587
f 588/416/588 36/397/36 578/400/578 1193/417/1193
f 1193/417/1193 578/400/578 39/402/39 589/419/589
f 587/418/587 1193/417/1193 589/419/589 34/420/34
f 34/420/34 589/419/589 1194/421/1194 590/422/590
f 589/419/589 39/402/39 581/404/581 1194/421/1194
f 1194/421/1194 581/404/581 38/406/38 591/423/591
f 590/422/590 1194/421/1194 591/423/591 33/424/33
f 33/424/33 591/423/591 1195/425/1195 592/426/592
f 591/423/591 38/406/38 583/408/583 1195/425/1195
f 1195/425/1195 583/408/583 37/410/37 593/427/593
f 592/426/592 1195/425/1195 593/427/593 32/428/32
f 32/428/32 593/427/593 1196/429/1196 594/430/594
f 593/427/593 37/410/37 585/412/585 1196/429/1196
f 1196/429/1196 585/412/585 35/414/35 595/431/595
f 594/430/594 1196/429/1196 595/431/595 30/432/30
f 25/6/25 596/433/596 1197/434/1197 387/7/387
f 596/433/596 31/415/31 587/418/587 1197/434/1197
f 1197/434/1197 587/418/587 34/420/34 597/435/597
f 387/7/387 1197/434/1197 597/435/597 27/9/27
f 27/9/27 597/435/597 1198/436/1198 390/15/390
f 597/435/597 34/420/34 590/422/590 1198/436/1198
f 1198/436/1198 590/422/590 33/424/33 598/437/598
f 390/15/390 1198/436/1198 598/437/598 28/17/28
f 28/17/28 598/437/598 1199/438/1199 393/23/393
f 598/437/598 33/424/33 592/426/592 1199/438/1199
f 1199/438/1199 592/426/592 32/428/32 599/439/599
f 393/23/393 1199/438/1199 599/439/599 29/25/29
f 29/25/29 599/439/599 1200/440/1200 396/31/396
f 599/439/599 32/428/32 594/430/594 1200/440/1200
f 1200/440/1200 594/430/594 30/432/30 600/441/600
f 396/31/396 1200/440/1200 600/441/600 26/33/26
f 1/442/1 601/443/601 1201/444/1201 384/445/384
f 601/443/601 26/33/26 600/441/600 1201/444/1201
f 1201/444/1201 600/441/600 30/432/30 602/446/602
f 384/445/384 1201/444/1201 602/446/602 2/447/2
f 24/448/24 603/449/603 1202/450/1202 361/451/361
f 603/449/603 140/36/140 397/35/397 1202/450/1202
f 1202/452/1202 397/34/397 26/33/26 601/443/601
f 361/453/361 1202/452/1202 601/443/601 1/442/1
f 313/454/313 604/455/604 1203/456/1203 1056/457/1056
f 1056/457/1056 1203/456/1203 1010/458/1010 314/459/314
f 315/460/315 606/461/606 1204/462/1204 1055/463/1055
f 1055/464/1055 1204/465/1204 604/455/604 313/454/313
f 314/459/314 1010/458/1010 1205/466/1205 1054/467/1054
f 1054/467/1054 1205/466/1205 1012/468/1012 316/469/316
f 2/447/2 602/446/602 1206/470/1206 383/471/383
f 602/446/602 30/432/30 595/431/595 1206/470/1206
f 1206/470/1206 595/431/595 35/414/35 608/472/608
f 383/471/383 1206/470/1206 608/472/608 3/473/3
f 316/469/316 1012/468/1012 1207/474/1207 1053/475/1053
f 1053/475/1053 1207/474/1207 1013/476/1013 317/477/317
f 3/473/3 608/472/608 1208/478/1208 382/479/382
f 608/472/608 35/414/35 586/413/586 1208/478/1208
f 1208/478/1208 586/413/586 40/396/40 610/480/610
f 382/479/382 1208/478/1208 610/480/610 4/481/4
f 317/477/317 1013/476/1013 1209/482/1209 1052/483/1052
f 1052/483/1052 1209/482/1209 1014/484/1014 318/485/318
f 4/481/4 610/480/610 1210/486/1210 381/487/381
f 610/480/610 40/396/40 577/395/577 1210/486/1210
f 1210/486/1210 577/395/577 45/378/45 612/488/612
f 381/487/381 1210/486/1210 612/488/612 5/489/5
f 318/485/318 1014/484/1014 1211/490/1211 1051/491/1051
f 1051/491/1051 1211/490/1211 1015/492/1015 319/493/319
f 5/489/5 612/488/612 1212/494/1212 380/495/380
f 612/488/612 45/378/45 568/377/568 1212/494/1212
f 1212/494/1212 568/377/568 50/360/50 614/496/614
f 380/495/380 1212/494/1212 614/496/614 6/497/6
f 319/493/319 1015/492/1015 1213/498/1213 1050/499/1050
f 1050/499/1050 1213/498/1213 1016/500/1016 320/501/320
f 6/497/6 614/496/614 1214/502/1214 379/503/379
f 614/496/614 50/360/50 559/359/559 1214/502/1214
f 1214/502/1214 559/359/559 55/342/55 616/504/616
f 379/503/379 1214/502/1214 616/504/616 7/505/7
f 320/501/320 1016/500/1016 1215/506/1215 1049/507/1049
f 1049/507/1049 1215/506/1215 1017/508/1017 321/509/321
f 7/505/7 616/504/616 1216/510/1216 378/511/378
f 616/504/616 55/342/55 550/341/550 1216/510/1216
f 1216/510/1216 550/341/550 60/324/60 618/512/618
f 378/511/378 1216/510/1216 618/512/618 8/513/8
f 321/509/321 1017/508/1017 1217/514/1217 1048/515/1048
f 1048/515/1048 1217/514/1217 1018/516/1018 322/517/322
f 8/513/8 618/512/618 1218/518/1218 377/519/377
f 618/512/618 60/324/60 541/323/541 1218/518/1218
f 1218/518/1218 541/323/541 65/306/65 620/520/620
f 377/519/377 1218/518/1218 620/520/620 9/521/9
f 322/517/322 1018/516/1018 1219/522/1219 1047/523/1047
f 1047/523/1047 1219/522/1219 1019/524/1019 323/525/323
f 9/521/9 620/520/620 1220/526/1220 376/527/376
f 620/520/620 65/306/65 532/305/532 1220/526/1220
f 1220/526/1220 532/305/532 70/288/70 622/528/622
f 376/527/376 1220/526/1220 622/528/622 10/529/10
f 323/525/323 1019/524/1019 1221/530/1221 1046/531/1046
f 1046/531/1046 1221/530/1221 1020/532/1020 324/533/324
f 10/529/10 622/528/622 1222/534/1222 375/535/375
f 622/528/622 70/288/70 523/287/523 1222/534/1222
f 1222/534/1222 523/287/523 75/270/75 624/536/624
f 375/535/375 1222/534/1222 624/536/624 11/537/11
f 324/533/324 1020/532/1020 1223/538/1223 1045/539/1045
f 1045/539/1045 1223/538/1223 1021/540/1021 325/541/325
f 11/537/11 624/536/624 1224/542/1224 374/543/374
f 624/536/624 75/270/75 514/269/514 1224/542/1224
f 1224/542/1224 514/269/514 80/252/80 626/544/626
f 374/543/374 1224/542/1224 626/544/626 12/545/12
f 325/541/325 1021/540/1021 1225/546/1225 1044/547/1044
f 1044/547/1044 1225/546/1225 1022/548/1022 326/549/326
f 12/545/12 626/544/626 1226/550/1226 373/551/373
f 626/544/626 80/252/80 505/251/505 1226/550/1226
f 1226/550/1226 505/251/505 85/234/85 628/552/628
f 373/551/373 1226/550/1226 628/552/628 13/553/13
f 326/549/326 1022/548/1022 1227/554/1227 1043/555/1043
f 1043/555/1043 1227/554/1227 1023/556/1023 327/557/327
f 13/553/13 628/552/628 1228/558/1228 372/559/372
f 628/552/628 85/234/85 496/233/496 1228/558/1228
f 1228/558/1228 496/233/496 90/216/90 630/560/630
f 372/559/372 1228/558/1228 630/560/630 14/561/14
f 327/557/327 1023/556/1023 1229/562/1229 1042/563/1042
f 1042/563/1042 1229/562/1229 1024/564/1024 328/565/328
f 14/561/14 630/560/630 1230/566/1230 371/567/371
f 630/560/630 90/216/90 487/215/487 1230/566/1230
f 1230/566/1230 487/215/487 95/198/95 632/568/632
f 371/567/371 1230/566/1230 632/568/632 15/569/15
f 328/565/328 1024/564/1024 1231/570/1231 1041/571/1041
f 1041/571/1041 1231/570/1231 1025/572/1025 329/573/329
f 15/569/15 632/568/632 1232/574/1232 370/575/370
f 632/568/632 95/198/95 478/197/478 1232/574/1232
f 1232/574/1232 478/197/478 100/180/100 634/576/634
f 370/575/370 1232/574/1232 634/576/634 16/577/16
f 329/573/329 1025/572/1025 1233/578/1233 1040/579/1040
f 1040/579/1040 1233/578/1233 1026/580/1026 330/581/330
f 16/577/16 634/576/634 1234/582/1234 369/583/369
f 634/576/634 100/180/100 469/179/469 1234/582/1234
f 1234/582/1234 469/179/469 105/162/105 636/584/636
f 369/583/369 1234/582/1234 636/584/636 17/585/17
f 330/581/330 1026/580/1026 1235/586/1235 1039/587/1039
f 1039/587/1039 1235/586/1235 1027/588/1027 331/589/331
f 17/585/17 636/584/636 1236/590/1236 368/591/368
f 636/584/636 105/162/105 460/161/460 1236/590/1236
f 1236/590/1236 460/161/460 110/144/110 638/592/638
f 368/591/368 1236/590/1236 638/592/638 18/593/18
f 331/589/331 1027/588/1027 1237/594/1237 1038/595/1038
f 1038/595/1038 1237/594/1237 1028/596/1028 332/597/332
f 18/593/18 638/592/638 1238/598/1238 367/599/367
f 638/592/638 110/144/110 451/143/451 1238/598/1238
f 1238/598/1238 451/143/451 115/126/115 640/600/640
f 367/599/367 1238/598/1238 640/600/640 19/601/19
f 332/597/332 1028/596/1028 1239/602/1239 1037/603/1037
f 1037/603/1037 1239/602/1239 1029/604/1029 333/605/333
f 19/601/19 640/600/640 1240/606/1240 366/607/366
f 640/600/640 115/126/115 442/125/442 1240/606/1240
f 1240/606/1240 442/125/442 120/108/120 642/608/642
f 366/607/366 1240/606/1240 642/608/642 20/609/20
f 333/605/333 1029/604/1029 1241/610/1241 1036/611/1036
f 1036/611/1036 1241/610/1241 1030/612/1030 334/613/334
f 20/609/20 642/608/642 1242/614/1242 365/615/365
f 642/608/642 120/108/120 433/107/433 1242/614/1242
f 1242/614/1242 433/107/433 125/90/125 644/616/644
f 365/615/365 1242/614/1242 644/616/644 21/617/21
f 334/613/334 1030/612/1030 1243/618/1243 1035/619/1035
f 1035/619/1035 1243/618/1243 1031/620/1031 335/621/335
f 21/617/21 644/616/644 1244/622/1244 364/623/364
f 644/616/644 125/90/125 424/89/424 1244/622/1244
f 1244/622/1244 424/89/424 130/72/130 646/624/646
f 364/623/364 1244/622/1244 646/624/646 22/625/22
f 335/621/335 1031/620/1031 1245/626/1245 1034/627/1034
f 1034/627/1034 1245/626/1245 1032/628/1032 336/629/336
f 22/625/22 646/624/646 1246/630/1246 363/631/363
f 646/624/646 130/72/130 415/71/415 1246/630/1246
f 1246/630/1246 415/71/415 135/54/135 648/632/648
f 363/631/363 1246/630/1246 648/632/648 23/633/23
f 336/629/336 1032/628/1032 1247/634/1247 1033/635/1033
f 1033/635/1033 1247/634/1247 606/461/606 315/460/315
f 23/633/23 648/632/648 1248/636/1248 362/637/362
f 648/632/648 135/54/135 406/53/406 1248/636/1248
f 1248/636/1248 406/53/406 140/36/140 603/449/603
f 362/637/362 1248/636/1248 603/449/603 24/448/24
f 261/638/261 650/639/650 1249/640/1249 649/641/649
f 650/642/650 145/643/145 651/644/651 1249/645/1249
f 1249/645/1249 651/644/651 147/646/147 652/647/652
f 649/641/649 1249/640/1249 652/648/652 264/649/264
f 264/649/264 652/648/652 1250/650/1250 653/651/653
f 652/647/652 147/646/147 654/652/654 1250/653/1250
f 1250/653/1250 654/652/654 148/654/148 655/655/655
f 653/651/653 1250/650/1250 655/656/655 263/657/263
f 263/657/263 655/656/655 1251/658/1251 656/659/656
f 655/655/655 148/654/148 657/660/657 1251/661/1251
f 1251/661/1251 657/660/657 149/662/149 658/663/658
f 656/659/656 1251/658/1251 658/664/658 262/665/262
f 262/665/262 658/664/658 1252/666/1252 659/667/659
f 658/663/658 149/662/149 660/668/660 1252/669/1252
f 1252/669/1252 660/668/660 146/670/146 661/671/661
f 659/667/659 1252/666/1252 661/672/661 260/673/260
f 256/674/256 663/675/663 1253/676/1253 662/677/662
f 663/675/663 261/638/261 649/641/649 1253/676/1253
f 1253/676/1253 649/641/649 264/649/264 664/678/664
f 662/677/662 1253/676/1253 664/678/664 259/679/259
f 259/679/259 664/678/664 1254/680/1254 665/681/665
f 664/678/664 264/649/264 653/651/653 1254/680/1254
f 1254/680/1254 653/651/653 263/657/263 666/682/666
f 665/681/665 1254/680/1254 666/682/666 258/683/258
f 258/683/258 666/682/666 1255/684/1255 667/685/667
f 666/682/666 263/657/263 656/659/656 1255/684/1255
f 1255/684/1255 656/659/656 262/665/262 668/686/668
f 667/685/667 1255/684/1255 668/686/668 257/687/257
f 257/687/257 668/686/668 1256/688/1256 669/689/669
f 668/686/668 262/665/262 659/667/659 1256/688/1256
f 1256/688/1256 659/667/659 260/673/260 670/690/670
f 669/689/669 1256/688/1256 670/690/670 255/691/255
f 251/692/251 672/693/672 1257/694/1257 671/695/671
f 672/693/672 256/674/256 662/677/662 1257/694/1257
f 1257/694/1257 662/677/662 259/679/259 673/696/673
f 671/695/671 1257/694/1257 673/696/673 254/697/254
f 254/697/254 673/696/673 1258/698/1258 674/699/674
f 673/696/673 259/679/259 665/681/665 1258/698/1258
f 1258/698/1258 665/681/665 258/683/258 675/700/675
f 674/699/674 1258/698/1258 675/700/675 253/701/253
f 253/701/253 675/700/675 1259/702/1259 676/703/676
f 675/700/675 258/683/258 667/685/667 1259/702/1259
f 1259/702/1259 667/685/667 257/687/257 677/704/677
f 676/703/676 1259/702/1259 677/704/677 252/705/252
f 252/705/252 677/704/677 1260/706/1260 678/707/678
f 677/704/677 257/687/257 669/689/669 1260/706/1260
f 1260/706/1260 669/689/669 255/691/255 679/708/679
f 678/707/678 1260/706/1260 679/708/679 250/709/250
f 246/710/246 681/711/681 1261/712/1261 680/713/680
f 681/711/681 251/692/251 671/695/671 1261/712/1261
f 1261/712/1261 671/695/671 254/697/254 682/714/682
f 680/713/680 1261/712/1261 682/714/682 249/715/249
f 249/715/249 682/714/682 1262/716/1262 683/717/683
f 682/714/682 254/697/254 674/699/674 1262/716/1262
f 1262/716/1262 674/699/674 253/701/253 684/718/684
f 683/717/683 1262/716/1262 684/718/684 248/719/248
f 248/719/248 684/718/684 1263/720/1263 685/721/685
f 684/718/684 253/701/253 676/703/676 1263/720/1263
f 1263/720/1263 676/703/676 252/705/252 686/722/686
f 685/721/685 1263/720/1263 686/722/686 247/723/247
f 247/723/247 686/722/686 1264/724/1264 687/725/687
f 686/722/686 252/705/252 678/707/678 1264/724/1264
f 1264/724/1264 678/707/678 250/709/250 688/726/688
f 687/725/687 1264/724/1264 688/726/688 245/727/245
f 241/728/241 690/729/690 1265/730/1265 689/731/689
f 690/729/690 246/710/246 680/713/680 1265/730/1265
f 1265/730/1265 680/713/680 249/715/249 691/732/691
f 689/731/689 1265/730/1265 691/732/691 244/733/244
f 244/733/244 691/732/691 1266/734/1266 692/735/692
f 691/732/691 249/715/249 683/717/683 1266/734/1266
f 1266/734/1266 683/717/683 248/719/248 693/736/693
f 692/735/692 1266/734/1266 693/736/693 243/737/243
f 243/737/243 693/736/693 1267/738/1267 694/739/694
f 693/736/693 248/719/248 685/721/685 1267/738/1267
f 1267/738/1267 685/721/685 247/723/247 695/740/695
f 694/739/694 1267/738/1267 695/740/695 242/741/242
f 242/741/242 695/740/695 1268/742/1268 696/743/696
f 695/740/695 247/723/247 687/725/687 1268/742/1268
f 1268/742/1268 687/725/687 245/727/245 697/744/697
f 696/743/696 1268/742/1268 697/744/697 240/745/240
f 236/746/236 699/747/699 1269/748/1269 698/749/698
f 699/747/699 241/728/241 689/731/689 1269/748/1269
f 1269/748/1269 689/731/689 244/733/244 700/750/700
f 698/749/698 1269/748/1269 700/750/700 239/751/239
f 239/751/239 700/750/700 1270/752/1270 701/753/701
f 700/750/700 244/733/244 692/735/692 1270/752/1270
f 1270/752/1270 692/735/692 243/737/243 702/754/702
f 701/753/701 1270/752/1270 702/754/702 238/755/238
f 238/755/238 702/754/702 1271/756/1271 703/757/703
f 702/754/702 243/737/243 694/739/694 1271/756/1271
f 1271/756/1271 694/739/694 242/741/242 704/758/704
f 703/757/703 1271/756/1271 704/758/704 237/759/237
f 237/759/237 704/758/704 1272/760/1272 705/761/705
f 704/758/704 242/741/242 696/743/696 1272/760/1272
f 1272/760/1272 696/743/696 240/745/240 706/762/706
f 705/761/705 1272/760/1272 706/762/706 235/763/235
f 231/764/231 708/765/708 1273/766/1273 707/767/707
f 708/765/708 236/746/236 698/749/698 1273/766/1273
f 1273/766/1273 698/749/698 239/751/239 709/768/709
f 707/767/707 1273/766/1273 709/768/709 234/769/234
f 234/769/234 709/768/709 1274/770/1274 710/771/710
f 709/768/709 239/751/239 701/753/701 1274/770/1274
f 1274/770/1274 701/753/701 238/755/238 711/772/711
f 710/771/710 1274/770/1274 711/772/711 233/773/233
f 233/773/233 711/772/711 1275/774/1275 712/775/712
f 711/772/711 238/755/238 703/757/703 1275/774/1275
f 1275/774/1275 703/757/703 237/759/237 713/776/713
f 712/775/712 1275/774/1275 713/776/713 232/777/232
f 232/777/232 713/776/713 1276/778/1276 714/779/714
f 713/776/713 237/759/237 705/761/705 1276/778/1276
f 1276/778/1276 705/761/705 235/763/235 715/780/715
f 714/779/714 1276/778/1276 715/780/715 230/781/230
f 226/782/226 717/783/717 1277/784/1277 716/785/716
f 717/783/717 231/764/231 707/767/707 1277/784/1277
f 1277/784/1277 707/767/707 234/769/234 718/786/718
f 716/785/716 1277/784/1277 718/786/718 229/787/229
f 229/787/229 718/786/718 1278/788/1278 719/789/719
f 718/786/718 234/769/234 710/771/710 1278/788/1278
f 1278/788/1278 710/771/710 233/773/233 720/790/720
f 719/789/719 1278/788/1278 720/790/720 228/791/228
f 228/791/228 720/790/720 1279/792/1279 721/793/721
f 720/790/720 233/773/233 712/775/712 1279/792/1279
f 1279/792/1279 712/775/712 232/777/232 722/794/722
f 721/793/721 1279/792/1279 722/794/722 227/795/227
f 227/795/227 722/794/722 1280/796/1280 723/797/723
f 722/794/722 232/777/232 714/779/714 1280/796/1280
f 1280/796/1280 714/779/714 230/781/230 724/798/724
f 723/797/723 1280/796/1280 724/798/724 225/799/225
f 221/800/221 726/801/726 1281/802/1281 725/803/725
f 726/801/726 226/782/226 716/785/716 1281/802/1281
f 1281/802/1281 716/785/716 229/787/229 727/804/727
f 725/803/725 1281/802/1281 727/804/727 224/805/224
f 224/805/224 727/804/727 1282/806/1282 728/807/728
f 727/804/727 229/787/229 719/789/719 1282/806/1282
f 1282/806/1282 719/789/719 228/791/228 729/808/729
f 728/807/728 1282/806/1282 729/808/729 223/809/223
f 223/809/223 729/808/729 1283/810/1283 730/811/730
f 729/808/729 228/791/228 721/793/721 1283/810/1283
f 1283/810/1283 721/793/721 227/795/227 731/812/731
f 730/811/730 1283/810/1283 731/812/731 222/813/222
f 222/813/222 731/812/731 1284/814/1284 732/815/732
f 731/812/731 227/795/227 723/797/723 1284/814/1284
f 1284/814/1284 723/797/723 225/799/225 733/816/733
f 732/815/732 1284/814/1284 733/816/733 220/817/220
f 216/818/216 735/819/735 1285/820/1285 734/821/734
f 735/819/735 221/800/221 725/803/725 1285/820/1285
f 1285/820/1285 725/803/725 224/805/224 736/822/736
f 734/821/734 1285/820/1285 736/822/736 219/823/219
f 219/823/219 736/822/736 1286/824/1286 737/825/737
f 736/822/736 224/805/224 728/807/728 1286/824/1286
f 1286/824/1286 728/807/728 223/809/223 738/826/738
f 737/825/737 1286/824/1286 738/826/738 218/827/218
f 218/827/218 738/826/738 1287/828/1287 739/829/739
f 738/826/738 223/809/223 730/811/730 1287/828/1287
f 1287/828/1287 730/811/730 222/813/222 740/830/740
f 739/829/739 1287/828/1287 740/830/740 217/831/217
f 217/831/217 740/830/740 1288/832/1288 741/833/741
f 740/830/740 222/813/222 732/815/732 1288/832/1288
f 1288/832/1288 732/815/732 220/817/220 742/834/742
f 741/833/741 1288/832/1288 742/834/742 215/835/215
f 211/836/211 744/837/744 1289/838/1289 743/839/743
f 744/837/744 216/818/216 734/821/734 1289/838/1289
f 1289/838/1289 734/821/734 219/823/219 745/840/745
f 743/839/743 1289/838/1289 745/840/745 214/841/214
f 214/841/214 745/840/745 1290/842/1290 746/843/746
f 745/840/745 219/823/219 737/825/737 1290/842/1290
f 1290/842/1290 737/825/737 218/827/218 747/844/747
f 746/843/746 1290/842/1290 747/844/747 213/845/213
f 213/845/213 747/844/747 1291/846/1291 748/847/748
f 747/844/747 218/827/218 739/829/739 1291/846/1291
f 1291/846/1291 739/829/739 217/831/217 749/848/749
f 748/847/748 1291/846/1291 749/848/749 212/849/212
f 212/849/212 749/848/749 1292/850/1292 750/851/750
f 749/848/749 217/831/217 741/833/741 1292/850/1292
f 1292/850/1292 741/833/741 215/835/215 751/852/751
f 750/851/750 1292/850/1292 751/852/751 210/853/210
f 206/854/206 753/855/753 1293/856/1293 752/857/752
f 753/855/753 211/836/211 743/839/743 1293/856/1293
f 1293/856/1293 743/839/743 214/841/214 754/858/754
f 752/857/752 1293/856/1293 754/858/754 209/859/209
f 209/859/209 754/858/754 1294/860/1294 755/861/755
f 754/858/754 214/841/214 746/843/746 1294/860/1294
f 1294/860/1294 746/843/746 213/845/213 756/862/756
f 755/861/755 1294/860/1294 756/862/756 208/863/208
f 208/863/208 756/862/756 1295/864/1295 757/865/757
f 756/862/756 213/845/213 748/847/748 1295/864/1295
f 1295/864/1295 748/847/748 212/849/212 758/866/758
f 757/865/757 1295/864/1295 758/866/758 207/867/207
f 207/867/207 758/866/758 1296/868/1296 759/869/759
f 758/866/758 212/849/212 750/851/750 1296/868/1296
f 1296/868/1296 750/851/750 210/853/210 760/870/760
f 759/869/759 1296/868/1296 760/870/760 205/871/205
f 201/872/201 762/873/762 1297/874/1297 761/875/761
f 762/873/762 206/854/206 752/857/752 1297/874/1297
f 1297/874/1297 752/857/752 209/859/209 763/876/763
f 761/875/761 1297/874/1297 763/876/763 204/877/204
f 204/877/204 763/876/763 1298/878/1298 764/879/764
f 763/876/763 209/859/209 755/861/755 1298/878/1298
f 1298/878/1298 755/861/755 208/863/208 765/880/765
f 764/879/764 1298/878/1298 765/880/765 203/881/203
f 203/881/203 765/880/765 1299/882/1299 766/883/766
f 765/880/765 208/863/208 757/865/757 1299/882/1299
f 1299/882/1299 757/865/757 207/867/207 767/884/767
f 766/883/766 1299/882/1299 767/884/767 202/885/202
f 202/885/202 767/884/767 1300/886/1300 768/887/768
f 767/884/767 207/867/207 759/869/759 1300/886/1300
f 1300/886/1300 759/869/759 205/871/205 769/888/769
f 768/887/768 1300/886/1300 769/888/769 200/889/200
f 196/890/196 771/891/771 1301/892/1301 770/893/770
f 771/891/771 201/872/201 761/875/761 1301/892/1301
f 1301/892/1301 761/875/761 204/877/204 772/894/772
f 770/893/770 1301/892/1301 772/894/772 199/895/199
f 199/895/199 772/894/772 1302/896/1302 773/897/773
f 772/894/772 204/877/204 764/879/764 1302/896/1302
f 1302/896/1302 764/879/764 203/881/203 774/898/774
f 773/897/773 1302/896/1302 774/898/774 198/899/198
f 198/899/198 774/898/774 1303/900/1303 775/901/775
f 774/898/774 203/881/203 766/883/766 1303/900/1303
f 1303/900/1303 766/883/766 202/885/202 776/902/776
f 775/901/775 1303/900/1303 776/902/776 197/903/197
f 197/903/197 776/902/776 1304/904/1304 777/905/777
f 776/902/776 202/885/202 768/887/768 1304/904/1304
f 1304/904/1304 768/887/768 200/889/200 778/906/778
f 777/905/777 1304/904/1304 778/906/778 195/907/195
f 191/908/191 780/909/780 1305/910/1305 779/911/779
f 780/909/780 196/890/196 770/893/770 1305/910/1305
f 1305/910/1305 770/893/770 199/895/199 781/912/781
f 779/911/779 1305/910/1305 781/912/781 194/913/194
f 194/913/194 781/912/781 1306/914/1306 782/915/782
f 781/912/781 199/895/199 773/897/773 1306/914/1306
f 1306/914/1306 773/897/773 198/899/198 783/916/783
f 782/915/782 1306/914/1306 783/916/783 193/917/193
f 193/917/193 783/916/783 1307/918/1307 784/919/784
f 783/916/783 198/899/198 775/901/775 1307/918/1307
f 1307/918/1307 775/901/775 197/903/197 785/920/785
f 784/919/784 1307/918/1307 785/920/785 192/921/192
f 192/921/192 785/920/785 1308/922/1308 786/923/786
f 785/920/785 197/903/197 777/905/777 1308/922/1308
f 1308/922/1308 777/905/777 195/907/195 787/924/787
f 786/923/786 1308/922/1308 787/924/787 190/925/190
f 186/926/186 789/927/789 1309/928/1309 788/929/788
f 789/927/789 191/908/191 779/911/779 1309/928/1309
f 1309/928/1309 779/911/779 194/913/194 790/930/790
f 788/929/788 1309/928/1309 790/930/790 189/931/189
f 189/931/189 790/930/790 1310/932/1310 791/933/791
f 790/930/790 194/913/194 782/915/782 1310/932/1310
f 1310/932/1310 782/915/782 193/917/193 792/934/792
f 791/933/791 1310/932/1310 792/934/792 188/935/188
f 188/935/188 792/934/792 1311/936/1311 793/937/793
f 792/934/792 193/917/193 784/919/784 1311/936/1311
f 1311/936/1311 784/919/784 192/921/192 794/938/794
f 793/937/793 1311/936/1311 794/938/794 187/939/187
f 187/939/187 794/938/794 1312/940/1312 795/941/795
f 794/938/794 192/921/192 786/923/786 1312/940/1312
f 1312/940/1312 786/923/786 190/925/190 796/942/796
f 795/941/795 1312/940/1312 796/942/796 185/943/185
f 181/944/181 798/945/798 1313/946/1313 797/947/797
f 798/945/798 186/926/186 788/929/788 1313/946/1313
f 1313/946/1313 788/929/788 189/931/189 799/948/799
f 797/947/797 1313/946/1313 799/948/799 184/949/184
f 184/949/184 799/948/799 1314/950/1314 800/951/800
f 799/948/799 189/931/189 791/933/791 1314/950/1314
f 1314/950/1314 791/933/791 188/935/188 801/952/801
f 800/951/800 1314/950/1314 801/952/801 183/953/183
f 183/953/183 801/952/801 1315/954/1315 802/955/802
f 801/952/801 188/935/188 793/937/793 1315/954/1315
f 1315/954/1315 793/937/793 187/939/187 803/956/803
f 802/955/802 1315/954/1315 803/956/803 182/957/182
f 182/957/182 803/956/803 1316/958/1316 804/959/804
f 803/956/803 187/939/187 795/941/795 1316/958/1316
f 1316/958/1316 795/941/795 185/943/185 805/960/805
f 804/959/804 1316/958/1316 805/960/805 180/961/180
f 176/962/176 807/963/807 1317/964/1317 806/965/806
f 807/963/807 181/944/181 797/947/797 1317/964/1317
f 1317/964/1317 797/947/797 184/949/184 808/966/808
f 806/965/806 1317/964/1317 808/966/808 179/967/179
f 179/967/179 808/966/808 1318/968/1318 809/969/809
f 808/966/808 184/949/184 800/951/800 1318/968/1318
f 1318/968/1318 800/951/800 183/953/183 810/970/810
f 809/969/809 1318/968/1318 810/970/810 178/971/178
f 178/971/178 810/970/810 1319/972/1319 811/973/811
f 810/970/810 183/953/183 802/955/802 1319/972/1319
f 1319/972/1319 802/955/802 182/957/182 812/974/812
f 811/973/811 1319/972/1319 812/974/812 177/975/177
f 177/975/177 812/974/812 1320/976/1320 813/977/813
f 812/974/812 182/957/182 804/959/804 1320/976/1320
f 1320/976/1320 804/959/804 180/961/180 814/978/814
f 813/977/813 1320/976/1320 814/978/814 175/979/175
f 171/980/171 816/981/816 1321/982/1321 815/983/815
f 816/981/816 176/962/176 806/965/806 1321/982/1321
f 1321/982/1321 806/965/806 179/967/179 817/984/817
f 815/983/815 1321/982/1321 817/984/817 174/985/174
f 174/985/174 817/984/817 1322/986/1322 818/987/818
f 817/984/817 179/967/179 809/969/809 1322/986/1322
f 1322/986/1322 809/969/809 178/971/178 819/988/819
f 818/987/818 1322/986/1322 819/988/819 173/989/173
f 173/989/173 819/988/819 1323/990/1323 820/991/820
f 819/988/819 178/971/178 811/973/811 1323/990/1323
f 1323/990/1323 811/973/811 177/975/177 821/992/821
f 820/991/820 1323/990/1323 821/992/821 172/993/172
f 172/993/172 821/992/821 1324/994/1324 822/995/822
f 821/992/821 177/975/177 813/977/813 1324/994/1324
f 1324/994/1324 813/977/813 175/979/175 823/996/823
f 822/995/822 1324/994/1324 823/996/823 170/997/170
f 166/998/166 825/999/825 1325/1000/1325 824/1001/824
f 825/999/825 171/980/171 815/983/815 1325/1000/1325
f 1325/1000/1325 815/983/815 174/985/174 826/1002/826
f 824/1001/824 1325/1000/1325 826/1002/826 169/1003/169
f 169/1003/169 826/1002/826 1326/1004/1326 827/1005/827
f 826/1002/826 174/985/174 818/987/818 1326/1004/1326
f 1326/1004/1326 818/987/818 173/989/173 828/1006/828
f 827/1005/827 1326/1004/1326 828/1006/828 168/1007/168
f 168/1007/168 828/1006/828 1327/1008/1327 829/1009/829
f 828/1006/828 173/989/173 820/991/820 1327/1008/1327
f 1327/1008/1327 820/991/820 172/993/172 830/1010/830
f 829/1009/829 1327/1008/1327 830/1010/830 167/1011/167
f 167/1011/167 830/1010/830 1328/1012/1328 831/1013/831
f 830/1010/830 172/993/172 822/995/822 1328/1012/1328
f 1328/1012/1328 822/995/822 170/997/170 832/1014/832
f 831/1013/831 1328/1012/1328 832/1014/832 165/1015/165
f 161/1016/161 834/1017/834 1329/1018/1329 833/1019/833
f 834/1017/834 166/998/166 824/1001/824 1329/1018/1329
f 1329/1018/1329 824/1001/824 169/1003/169 835/1020/835
f 833/1019/833 1329/1018/1329 835/1020/835 164/1021/164
f 164/1021/164 835/1020/835 1330/1022/1330 836/1023/836
f 835/1020/835 169/1003/169 827/1005/827 1330/1022/1330
f 1330/1022/1330 827/1005/827 168/1007/168 837/1024/837
f 836/1023/836 1330/1022/1330 837/1024/837 163/1025/163
f 163/1025/163 837/1024/837 1331/1026/1331 838/1027/838
f 837/1024/837 168/1007/168 829/1009/829 1331/1026/1331
f 1331/1026/1331 829/1009/829 167/1011/167 839/1028/839
f 838/1027/838 1331/1026/1331 839/1028/839 162/1029/162
f 162/1029/162 839/1028/839 1332/1030/1332 840/1031/840
f 839/1028/839 167/1011/167 831/1013/831 1332/1030/1332
f 1332/1030/1332 831/1013/831 165/1015/165 841/1032/841
f 840/1031/840 1332/1030/1332 841/1032/841 160/1033/160
f 156/1034/156 843/1035/843 1333/1036/1333 842/1037/842
f 843/1035/843 161/1016/161 833/1019/833 1333/1036/1333
f 1333/1036/1333 833/1019/833 164/1021/164 844/1038/844
f 842/1037/842 1333/1036/1333 844/1038/844 159/1039/159
f 159/1039/159 844/1038/844 1334/1040/1334 845/1041/845
f 844/1038/844 164/1021/164 836/1023/836 1334/1040/1334
f 1334/1040/1334 836/1023/836 163/1025/163 846/1042/846
f 845/1041/845 1334/1040/1334 846/1042/846 158/1043/158
f 158/1043/158 846/1042/846 1335/1044/1335 847/1045/847
f 846/1042/846 163/1025/163 838/1027/838 1335/1044/1335
f 1335/1044/1335 838/1027/838 162/1029/162 848/1046/848
f 847/1045/847 1335/1044/1335 848/1046/848 157/1047/157
f 157/1047/157 848/1046/848 1336/1048/1336 849/1049/849
f 848/1046/848 162/1029/162 840/1031/840 1336/1048/1336
f 1336/1048/1336 840/1031/840 160/1033/160 850/1050/850
f 849/1049/849 1336/1048/1336 850/1050/850 155/1051/155
f 151/1052/151 852/1053/852 1337/1054/1337 851/1055/851
f 852/1053/852 156/1034/156 842/1037/842 1337/1054/1337
f 1337/1054/1337 842/1037/842 159/1039/159 853/1056/853
f 851/1055/851 1337/1054/1337 853/1056/853 154/1057/154
f 154/1057/154 853/1056/853 1338/1058/1338 854/1059/854
f 853/1056/853 159/1039/159 845/1041/845 1338/1058/1338
f 1338/1058/1338 845/1041/845 158/1043/158 855/1060/855
f 854/1059/854 1338/1058/1338 855/1060/855 153/1061/153
f 153/1061/153 855/1060/855 1339/1062/1339 856/1063/856
f 855/1060/855 158/1043/158 847/1045/847 1339/1062/1339
f 1339/1062/1339 847/1045/847 157/1047/157 857/1064/857
f 856/1063/856 1339/1062/1339 857/1064/857 152/1065/152
f 152/1065/152 857/1064/857 1340/1066/1340 858/1067/858
f 857/1064/857 157/1047/157 849/1049/849 1340/1066/1340
f 1340/1066/1340 849/1049/849 155/1051/155 859/1068/859
f 858/1067/858 1340/1066/1340 859/1068/859 150/1069/150
f 145/643/145 860/1070/860 1341/1071/1341 651/644/651
f 860/1070/860 151/1052/151 851/1055/851 1341/1071/1341
f 1341/1071/1341 851/1055/851 154/1057/154 861/1072/861
f 651/644/651 1341/1071/1341 861/1072/861 147/646/147
f 147/646/147 861/1072/861 1342/1073/1342 654/652/654
f 861/1072/861 154/1057/154 854/1059/854 1342/1073/1342
f 1342/1073/1342 854/1059/854 153/1061/153 862/1074/862
f 654/652/654 1342/1073/1342 862/1074/862 148/654/148
f 148/654/148 862/1074/862 1343/1075/1343 657/660/657
f 862/1074/862 153/1061/153 856/1063/856 1343/1075/1343
f 1343/1075/1343 856/1063/856 152/1065/152 863/1076/863
f 657/660/657 1343/1075/1343 863/1076/863 149/662/149
f 149/662/149 863/1076/863 1344/1077/1344 660/668/660
f 863/1076/863 152/1065/152 858/1067/858 1344/1077/1344
f 1344/1077/1344 858/1067/858 150/1069/150 864/1078/864
f 660/668/660 1344/1077/1344 864/1078/864 146/670/146
f 289/1079/289 865/1080/865 1345/1081/1345 1008/1082/1008
f 865/1080/865 146/670/146 864/1078/864 1345/1081/1345
f 1345/1081/1345 864/1078/864 150/1069/150 963/1083/963
f 1008/1082/1008 1345/1081/1345 963/1083/963 291/1084/291
f 290/1085/290 867/1086/867 1346/1087/1346 1007/1088/1007
f 867/1086/867 260/673/260 661/672/661 1346/1087/1346
f 1346/1089/1346 661/671/661 146/670/146 865/1080/865
f 1007/1090/1007 1346/1089/1346 865/1080/865 289/1079/289
f 145/643/145 868/1091/868 1347/1092/1347 860/1070/860
f 868/1091/868 1/442/1 384/445/384 1347/1092/1347
f 1347/1092/1347 384/445/384 2/447/2 869/1093/869
f 860/1070/860 1347/1092/1347 869/1093/869 151/1052/151
f 261/638/261 870/1094/870 1348/1095/1348 650/639/650
f 870/1094/870 24/448/24 361/451/361 1348/1095/1348
f 1348/1096/1348 361/453/361 1/442/1 868/1091/868
f 650/642/650 1348/1096/1348 868/1091/868 145/643/145
f 151/1052/151 869/1093/869 1349/1097/1349 852/1053/852
f 869/1093/869 2/447/2 383/471/383 1349/1097/1349
f 1349/1097/1349 383/471/383 3/473/3 871/1098/871
f 852/1053/852 1349/1097/1349 871/1098/871 156/1034/156
f 291/1084/291 963/1083/963 1350/1099/1350 1006/1100/1006
f 963/1083/963 150/1069/150 859/1068/859 1350/1099/1350
f 1350/1099/1350 859/1068/859 155/1051/155 964/1101/964
f 1006/1100/1006 1350/1099/1350 964/1101/964 292/1102/292
f 156/1034/156 871/1098/871 1351/1103/1351 843/1035/843
f 871/1098/871 3/473/3 382/479/382 1351/1103/1351
f 1351/1103/1351 382/479/382 4/481/4 873/1104/873
f 843/1035/843 1351/1103/1351 873/1104/873 161/1016/161
f 292/1102/292 964/1101/964 1352/1105/1352 1005/1106/1005
f 964/1101/964 155/1051/155 850/1050/850 1352/1105/1352
f 1352/1105/1352 850/1050/850 160/1033/160 965/1107/965
f 1005/1106/1005 1352/1105/1352 965/1107/965 293/1108/293
f 161/1016/161 873/1104/873 1353/1109/1353 834/1017/834
f 873/1104/873 4/481/4 381/487/381 1353/1109/1353
f 1353/1109/1353 381/487/381 5/489/5 875/1110/875
f 834/1017/834 1353/1109/1353 875/1110/875 166/998/166
f 293/1108/293 965/1107/965 1354/1111/1354 1004/1112/1004
f 965/1107/965 160/1033/160 841/1032/841 1354/1111/1354
f 1354/1111/1354 841/1032/841 165/1015/165 966/1113/966
f 1004/1112/1004 1354/1111/1354 966/1113/966 294/1114/294
f 166/998/166 875/1110/875 1355/1115/1355 825/999/825
f 875/1110/875 5/489/5 380/495/380 1355/1115/1355
f 1355/1115/1355 380/495/380 6/497/6 877/1116/877
f 825/999/825 1355/1115/1355 877/1116/877 171/980/171
f 294/1114/294 966/1113/966 1356/1117/1356 1003/1118/1003
f 966/1113/966 165/1015/165 832/1014/832 1356/1117/1356
f 1356/1117/1356 832/1014/832 170/997/170 967/1119/967
f 1003/1118/1003 1356/1117/1356 967/1119/967 295/1120/295
f 171/980/171 877/1116/877 1357/1121/1357 816/981/816
f 877/1116/877 6/497/6 379/503/379 1357/1121/1357
f 1357/1121/1357 379/503/379 7/505/7 879/1122/879
f 816/981/816 1357/1121/1357 879/1122/879 176/962/176
f 295/1120/295 967/1119/967 1358/1123/1358 1002/1124/1002
f 967/1119/967 170/997/170 823/996/823 1358/1123/1358
f 1358/1123/1358 823/996/823 175/979/175 968/1125/968
f 1002/1124/1002 1358/1123/1358 968/1125/968 296/1126/296
f 176/962/176 879/1122/879 1359/1127/1359 807/963/807
f 879/1122/879 7/505/7 378/511/378 1359/1127/1359
f 1359/1127/1359 378/511/378 8/513/8 881/1128/881
f 807/963/807 1359/1127/1359 881/1128/881 181/944/181
f 296/1126/296 968/1125/968 1360/1129/1360 1001/1130/1001
f 968/1125/968 175/979/175 814/978/814 1360/1129/1360
f 1360/1129/1360 814/978/814 180/961/180 969/1131/969
f 1001/1130/1001 1360/1129/1360 969/1131/969 297/1132/297
f 181/944/181 881/1128/881 1361/1133/1361 798/945/798
f 881/1128/881 8/513/8 377/519/377 1361/1133/1361
f 1361/1133/1361 377/519/377 9/521/9 883/1134/883
f 798/945/798 1361/1133/1361 883/1134/883 186/926/186
f 297/1132/297 969/1131/969 1362/1135/1362 1000/1136/1000
f 969/1131/969 180/961/180 805/960/805 1362/1135/1362
f 1362/1135/1362 805/960/805 185/943/185 970/1137/970
f 1000/1136/1000 1362/1135/1362 970/1137/970 298/1138/298
f 186/926/186 883/1134/883 1363/1139/1363 789/927/789
f 883/1134/883 9/521/9 376/527/376 1363/1139/1363
f 1363/1139/1363 376/527/376 10/529/10 885/1140/885
f 789/927/789 1363/1139/1363 885/1140/885 191/908/191
f 298/1138/298 970/1137/970 1364/1141/1364 999/1142/999
f 970/1137/970 185/943/185 796/942/796 1364/1141/1364
f 1364/1141/1364 796/942/796 190/925/190 971/1143/971
f 999/1142/999 1364/1141/1364 971/1143/971 299/1144/299
f 191/908/191 885/1140/885 1365/1145/1365 780/909/780
f 885/1140/885 10/529/10 375/535/375 1365/1145/1365
f 1365/1145/1365 375/535/375 11/537/11 887/1146/887
f 780/909/780 1365/1145/1365 887/1146/887 196/890/196
f 299/1144/299 971/1143/971 1366/1147/1366 998/1148/998
f 971/1143/971 190/925/190 787/924/787 1366/1147/1366
f 1366/1147/1366 787/924/787 195/907/195 972/1149/972
f 998/1148/998 1366/1147/1366 972/1149/972 300/1150/300
f 196/890/196 887/1146/887 1367/1151/1367 771/891/771
f 887/1146/887 11/537/11 374/543/374 1367/1151/1367
f 1367/1151/1367 374/543/374 12/545/12 889/1152/889
f 771/891/771 1367/1151/1367 889/1152/889 201/872/201
f 300/1150/300 972/1149/972 1368/1153/1368 997/1154/997
f 972/1149/972 195/907/195 778/906/778 1368/1153/1368
f 1368/1153/1368 778/906/778 200/889/200 973/1155/973
f 997/1154/997 1368/1153/1368 973/1155/973 301/1156/301
f 201/872/201 889/1152/889 1369/1157/1369 762/873/762
f 889/1152/889 12/545/12 373/551/373 1369/1157/1369
f 1369/1157/1369 373/551/373 13/553/13 891/1158/891
f 762/873/762 1369/1157/1369 891/1158/891 206/854/206
f 301/1156/301 973/1155/973 1370/1159/1370 996/1160/996
f 973/1155/973 200/889/200 769/888/769 1370/1159/1370
f 1370/1159/1370 769/888/769 205/871/205 974/1161/974
f 996/1160/996 1370/1159/1370 974/1161/974 302/1162/302
f 206/854/206 891/1158/891 1371/1163/1371 753/855/753
f 891/1158/891 13/553/13 372/559/372 1371/1163/1371
f 1371/1163/1371 372/559/372 14/561/14 893/1164/893
f 753/855/753 1371/1163/1371 893/1164/893 211/836/211
f 302/1162/302 974/1161/974 1372/1165/1372 995/1166/995
f 974/1161/974 205/871/205 760/870/760 1372/1165/1372
f 1372/1165/1372 760/870/760 210/853/210 975/1167/975
f 995/1166/995 1372/1165/1372 975/1167/975 303/1168/303
f 211/836/211 893/1164/893 1373/1169/1373 744/837/744
f 893/1164/893 14/561/14 371/567/371 1373/1169/1373
f 1373/1169/1373 371/567/371 15/569/15 895/1170/895
f 744/837/744 1373/1169/1373 895/1170/895 216/818/216
f 303/1168/303 975/1167/975 1374/1171/1374 994/1172/994
f 975/1167/975 210/853/210 751/852/751 1374/1171/1374
f 1374/1171/1374 751/852/751 215/835/215 976/1173/976
f 994/1172/994 1374/1171/1374 976/1173/976 304/1174/304
f 216/818/216 895/1170/895 1375/1175/1375 735/819/735
f 895/1170/895 15/569/15 370/575/370 1375/1175/1375
f 1375/1175/1375 370/575/370 16/577/16 897/1176/897
f 735/819/735 1375/1175/1375 897/1176/897 221/800/221
f 304/1174/304 976/1173/976 1376/1177/1376 993/1178/993
f 976/1173/976 215/835/215 742/834/742 1376/1177/1376
f 1376/1177/1376 742/834/742 220/817/220 977/1179/977
f 993/1178/993 1376/1177/1376 977/1179/977 305/1180/305
f 221/800/221 897/1176/897 1377/1181/1377 726/801/726
f 897/1176/897 16/577/16 369/583/369 1377/1181/1377
f 1377/1181/1377 369/583/369 17/585/17 899/1182/899
f 726/801/726 1377/1181/1377 899/1182/899 226/782/226
f 305/1180/305 977/1179/977 1378/1183/1378 992/1184/992
f 977/1179/977 220/817/220 733/816/733 1378/1183/1378
f 1378/1183/1378 733/816/733 225/799/225 978/1185/978
f 992/1184/992 1378/1183/1378 978/1185/978 306/1186/306
f 226/782/226 899/1182/899 1379/1187/1379 717/783/717
f 899/1182/899 17/585/17 368/591/368 1379/1187/1379
f 1379/1187/1379 368/591/368 18/593/18 901/1188/901
f 717/783/717 1379/1187/1379 901/1188/901 231/764/231
f 306/1186/306 978/1185/978 1380/1189/1380 991/1190/991
f 978/1185/978 225/799/225 724/798/724 1380/1189/1380
f 1380/1189/1380 724/798/724 230/781/230 979/1191/979
f 991/1190/991 1380/1189/1380 979/1191/979 307/1192/307
f 231/764/231 901/1188/901 1381/1193/1381 708/765/708
f 901/1188/901 18/593/18 367/599/367 1381/1193/1381
f 1381/1193/1381 367/599/367 19/601/19 903/1194/903
f 708/765/708 1381/1193/1381 903/1194/903 236/746/236
f 307/1192/307 979/1191/979 1382/1195/1382 990/1196/990
f 979/1191/979 230/781/230 715/780/715 1382/1195/1382
f 1382/1195/1382 715/780/715 235/763/235 980/1197/980
f 990/1196/990 1382/1195/1382 980/1197/980 308/1198/308
f 236/746/236 903/1194/903 1383/1199/1383 699/747/699
f 903/1194/903 19/601/19 366/607/366 1383/1199/1383
f 1383/1199/1383 366/607/366 20/609/20 905/1200/905
f 699/747/699 1383/1199/1383 905/1200/905 241/728/241
f 308/1198/308 980/1197/980 1384/1201/1384 989/1202/989
f 980/1197/980 235/763/235 706/762/706 1384/1201/1384
f 1384/1201/1384 706/762/706 240/745/240 981/1203/981
f 989/1202/989 1384/1201/1384 981/1203/981 309/1204/309
f 241/728/241 905/1200/905 1385/1205/1385 690/729/690
f 905/1200/905 20/609/20 365/615/365 1385/1205/1385
f 1385/1205/1385 365/615/365 21/617/21 907/1206/907
f 690/729/690 1385/1205/1385 907/1206/907 246/710/246
f 309/1204/309 981/1203/981 1386/1207/1386 988/1208/988
f 981/1203/981 240/745/240 697/744/697 1386/1207/1386
f 1386/1207/1386 697/744/697 245/727/245 982/1209/982
f 988/1208/988 1386/1207/1386 982/1209/982 310/1210/310
f 246/710/246 907/1206/907 1387/1211/1387 681/711/681
f 907/1206/907 21/617/21 364/623/364 1387/1211/1387
f 1387/1211/1387 364/623/364 22/625/22 909/1212/909
f 681/711/681 1387/1211/1387 909/1212/909 251/692/251
f 310/1210/310 982/1209/982 1388/1213/1388 987/1214/987
f 982/1209/982 245/727/245 688/726/688 1388/1213/1388
f 1388/1213/1388 688/726/688 250/709/250 983/1215/983
f 987/1214/987 1388/1213/1388 983/1215/983 311/1216/311
f 251/692/251 909/1212/909 1389/1217/1389 672/693/672
f 909/1212/909 22/625/22 363/631/363 1389/1217/1389
f 1389/1217/1389 363/631/363 23/633/23 911/1218/911
f 672/693/672 1389/1217/1389 911/1218/911 256/674/256
f 311/1216/311 983/1215/983 1390/1219/1390 986/1220/986
f 983/1215/983 250/709/250 679/708/679 1390/1219/1390
f 1390/1219/1390 679/708/679 255/691/255 984/1221/984
f 986/1220/986 1390/1219/1390 984/1221/984 312/1222/312
f 256/674/256 911/1218/911 1391/1223/1391 663/675/663
f 911/1218/911 23/633/23 362/637/362 1391/1223/1391
f 1391/1223/1391 362/637/362 24/448/24 870/1094/870
f 663/675/663 1391/1223/1391 870/1094/870 261/638/261
f 312/1222/312 984/1221/984 1392/1224/1392 985/1225/985
f 984/1221/984 255/691/255 670/690/670 1392/1224/1392
f 1392/1224/1392 670/690/670 260/673/260 867/1086/867
f 985/1225/985 1392/1224/1392 867/1086/867 290/1085/290
f 912/1226/912 288/1227/288 937/1228/937 1393/1229/1393
f 1393/1229/1393 937/1228/937 267/1230/267 915/1231/915
f 910/1232/910 287/1233/287 938/1234/938 1394/1235/1394
f 1394/1235/1394 938/1234/938 288/1227/288 912/1226/912
f 908/1236/908 286/1237/286 939/1238/939 1395/1239/1395
f 1395/1239/1395 939/1238/939 287/1233/287 910/1232/910
f 906/1240/906 285/1241/285 940/1242/940 1396/1243/1396
f 1396/1243/1396 940/1242/940 286/1237/286 908/1236/908
f 904/1244/904 284/1245/284 941/1246/941 1397/1247/1397
f 1397/1247/1397 941/1246/941 285/1241/285 906/1240/906
f 902/1248/902 283/1249/283 942/1250/942 1398/1251/1398
f 1398/1251/1398 942/1250/942 284/1245/284 904/1244/904
f 900/1252/900 282/1253/282 943/1254/943 1399/1255/1399
f 1399/1255/1399 943/1254/943 283/1249/283 902/1248/902
f 898/1256/898 281/1257/281 944/1258/944 1400/1259/1400
f 1400/1259/1400 944/1258/944 282/1253/282 900/1252/900
f 896/1260/896 280/1261/280 945/1262/945 1401/1263/1401
f 1401/1263/1401 945/1262/945 281/1257/281 898/1256/898
f 894/1264/894 279/1265/279 946/1266/946 1402/1267/1402
f 1402/1267/1402 946/1266/946 280/1261/280 896/1260/896
f 892/1268/892 278/1269/278 947/1270/947 1403/1271/1403
f 1403/1271/1403 947/1270/947 279/1265/279 894/1264/894
f 890/1272/890 277/1273/277 948/1274/948 1404/1275/1404
f 1404/1275/1404 948/1274/948 278/1269/278 892/1268/892
f 888/1276/888 276/1277/276 949/1278/949 1405/1279/1405
f 1405/1279/1405 949/1278/949 277/1273/277 890/1272/890
f 886/1280/886 275/1281/275 950/1282/950 1406/1283/1406
f 1406/1283/1406 950/1282/950 276/1277/276 888/1276/888
f 884/1284/884 274/1285/274 951/1286/951 1407/1287/1407
f 1407/1287/1407 951/1286/951 275/1281/275 886/1280/886
f 882/1288/882 273/1289/273 952/1290/952 1408/1291/1408
f 1408/1291/1408 952/1290/952 274/1285/274 884/1284/884
f 880/1292/880 272/1293/272 953/1294/953 1409/1295/1409
f 1409/1295/1409 953/1294/953 273/1289/273 882/1288/882
f 878/1296/878 271/1297/271 954/1298/954 1410/1299/1410
f 1410/1299/1410 954/1298/954 272/1293/272 880/1292/880
f 876/1300/876 270/1301/270 955/1302/955 1411/1303/1411
f 1411/1303/1411 955/1302/955 271/1297/271 878/1296/878
f 874/1304/874 269/1305/269 956/1306/956 1412/1307/1412
f 1412/1307/1412 956/1306/956 270/1301/270 876/1300/876
f 872/1308/872 268/1309/268 957/1310/957 1413/1311/1413
f 1413/1311/1413 957/1310/957 269/1305/269 874/1304/874
f 866/1312/866 266/1313/266 958/1314/958 1414/1315/1414
f 1414/1315/1414 958/1314/958 268/1309/268 872/1308/872
f 915/1231/915 267/1230/267 959/1316/959 1415/1317/1415
f 1415/1318/1415 959/1319/959 265/1320/265 913/1321/913
f 913/1321/913 265/1320/265 960/1322/960 1416/1323/1416
f 1416/1323/1416 960/1322/960 266/1313/266 866/1312/866
f 288/1227/288 936/1324/936 1417/1325/1417 937/1228/937
f 936/1324/936 312/1222/312 985/1225/985 1417/1325/1417
f 1417/1325/1417 985/1225/985 290/1085/290 962/1326/962
f 937/1228/937 1417/1325/1417 962/1326/962 267/1230/267
f 287/1233/287 935/1327/935 1418/1328/1418 938/1234/938
f 935/1327/935 311/1216/311 986/1220/986 1418/1328/1418
f 1418/1328/1418 986/1220/986 312/1222/312 936/1324/936
f 938/1234/938 1418/1328/1418 936/1324/936 288/1227/288
f 286/1237/286 934/1329/934 1419/1330/1419 939/1238/939
f 934/1329/934 310/1210/310 987/1214/987 1419/1330/1419
f 1419/1330/1419 987/1214/987 311/1216/311 935/1327/935
f 939/1238/939 1419/1330/1419 935/1327/935 287/1233/287
f 285/1241/285 933/1331/933 1420/1332/1420 940/1242/940
f 933/1331/933 309/1204/309 988/1208/988 1420/1332/1420
f 1420/1332/1420 988/1208/988 310/1210/310 934/1329/934
f 940/1242/940 1420/1332/1420 934/1329/934 286/1237/286
f 284/1245/284 932/1333/932 1421/1334/1421 941/1246/941
f 932/1333/932 308/1198/308 989/1202/989 1421/1334/1421
f 1421/1334/1421 989/1202/989 309/1204/309 933/1331/933
f 941/1246/941 1421/1334/1421 933/1331/933 285/1241/285
f 283/1249/283 931/1335/931 1422/1336/1422 942/1250/942
f 931/1335/931 307/1192/307 990/1196/990 1422/1336/1422
f 1422/1336/1422 990/1196/990 308/1198/308 932/1333/932
f 942/1250/942 1422/1336/1422 932/1333/932 284/1245/284
f 282/1253/282 930/1337/930 1423/1338/1423 943/1254/943
f 930/1337/930 306/1186/306 991/1190/991 1423/1338/1423
f 1423/1338/1423 991/1190/991 307/1192/307 931/1335/931
f 943/1254/943 1423/1338/1423 931/1335/931 283/1249/283
f 281/1257/281 929/1339/929 1424/1340/1424 944/1258/944
f 929/1339/929 305/1180/305 992/1184/992 1424/1340/1424
f 1424/1340/1424 992/1184/992 306/1186/306 930/1337/930
f 944/1258/944 1424/1340/1424 930/1337/930 282/1253/282
f 280/1261/280 928/1341/928 1425/1342/1425 945/1262/945
f 928/1341/928 304/1174/304 993/1178/993 1425/1342/1425
f 1425/1342/1425 993/1178/993 305/1180/305 929/1339/929
f 945/1262/945 1425/1342/1425 929/1339/929 281/1257/281
f 279/1265/279 927/1343/927 1426/1344/1426 946/1266/946
f 927/1343/927 303/1168/303 994/1172/994 1426/1344/1426
f 1426/1344/1426 994/1172/994 304/1174/304 928/1341/928
f 946/1266/946 1426/1344/1426 928/1341/928 280/1261/280
f 278/1269/278 926/1345/926 1427/1346/1427 947/1270/947
f 926/1345/926 302/1162/302 995/1166/995 1427/1346/1427
f 1427/1346/1427 995/1166/995 303/1168/303 927/1343/927
f 947/1270/947 1427/1346/1427 927/1343/927 279/1265/279
f 277/1273/277 925/1347/925 1428/1348/1428 948/1274/948
f 925/1347/925 301/1156/301 996/1160/996 1428/1348/1428
f 1428/1348/1428 996/1160/996 302/1162/302 926/1345/926
f 948/1274/948 1428/1348/1428 926/1345/926 278/1269/278
f 276/1277/276 924/1349/924 1429/1350/1429 949/1278/949
f 924/1349/924 300/1150/300 997/1154/997 1429/1350/1429
f 1429/1350/1429 997/1154/997 301/1156/301 925/1347/925
f 949/1278/949 1429/1350/1429 925/1347/925 277/1273/277
f 275/1281/275 923/1351/923 1430/1352/1430 950/1282/950
f 923/1351/923 299/1144/299 998/1148/998 1430/1352/1430
f 1430/1352/1430 998/1148/998 300/1150/300 924/1349/924
f 950/1282/950 1430/1352/1430 924/1349/924 276/1277/276
f 274/1285/274 922/1353/922 1431/1354/1431 951/1286/951
f 922/1353/922 298/1138/298 999/1142/999 1431/1354/1431
f 1431/1354/1431 999/1142/999 299/1144/299 923/1351/923
f 951/1286/951 1431/1354/1431 923/1351/923 275/1281/275
f 273/1289/273 921/1355/921 1432/1356/1432 952/1290/952
f 921/1355/921 297/1132/297 1000/1136/1000 1432/1356/1432
f 1432/1356/1432 1000/1136/1000 298/1138/298 922/1353/922
f 952/1290/952 1432/1356/1432 922/1353/922 274/1285/274
f 272/1293/272 920/1357/920 1433/1358/1433 953/1294/953
f 920/1357/920 296/1126/296 1001/1130/1001 1433/1358/1433
f 1433/1358/1433 1001/1130/1001 297/1132/297 921/1355/921
f 953/1294/953 1433/1358/1433 921/1355/921 273/1289/273
f 271/1297/271 919/1359/919 1434/1360/1434 954/1298/954
f 919/1359/919 295/1120/295 1002/1124/1002 1434/1360/1434
f 1434/1360/1434 1002/1124/1002 296/1126/296 920/1357/920
f 954/1298/954 1434/1360/1434 920/1357/920 272/1293/272
f 270/1301/270 918/1361/918 1435/1362/1435 955/1302/955
f 918/1361/918 294/1114/294 1003/1118/1003 1435/1362/1435
f 1435/1362/1435 1003/1118/1003 295/1120/295 919/1359/919
f 955/1302/955 1435/1362/1435 919/1359/919 271/1297/271
f 269/1305/269 917/1363/917 1436/1364/1436 956/1306/956
f 917/1363/917 293/1108/293 1004/1112/1004 1436/1364/1436
f 1436/1364/1436 1004/1112/1004 294/1114/294 918/1361/918
f 956/1306/956 1436/1364/1436 918/1361/918 270/1301/270
f 268/1309/268 916/1365/916 1437/1366/1437 957/1310/957
f 916/1365/916 292/1102/292 1005/1106/1005 1437/1366/1437
f 1437/1366/1437 1005/1106/1005 293/1108/293 917/1363/917
f 957/1310/957 1437/1366/1437 917/1363/917 269/1305/269
f 266/1313/266 914/1367/914 1438/1368/1438 958/1314/958
f 914/1367/914 291/1084/291 1006/1100/1006 1438/1368/1438
f 1438/1368/1438 1006/1100/1006 292/1102/292 916/1365/916
f 958/1314/958 1438/1368/1438 916/1365/916 268/1309/268
f 267/1230/267 962/1326/962 1439/1369/1439 959/1316/959
f 962/1326/962 290/1085/290 1007/1088/1007 1439/1369/1439
f 1439/1370/1439 1007/1090/1007 289/1079/289 961/1371/961
f 959/1319/959 1439/1370/1439 961/1371/961 265/1320/265
f 265/1320/265 961/1371/961 1440/1372/1440 960/1322/960
f 961/1371/961 289/1079/289 1008/1082/1008 1440/1372/1440
f 1440/1372/1440 1008/1082/1008 291/1084/291 914/1367/914
f 960/1322/960 1440/1372/1440 914/1367/914 266/1313/266
f 358/1373/358 1078/1374/1078 1441/1375/1441 1104/1376/1104
f 1078/1374/1078 336/629/336 1033/635/1033 1441/1375/1441
f 1441/1375/1441 1033/635/1033 315/460/315 1011/1377/1011
f 1104/1376/1104 1441/1375/1441 1011/1377/1011 360/1378/360
f 357/1379/357 1077/1380/1077 1442/1381/1442 1103/1382/1103
f 1077/1380/1077 335/621/335 1034/627/1034 1442/1381/1442
f 1442/1381/1442 1034/627/1034 336/629/336 1078/1374/1078
f 1103/1382/1103 1442/1381/1442 1078/1374/1078 358/1373/358
f 356/1383/356 1076/1384/1076 1443/1385/1443 1102/1386/1102
f 1076/1384/1076 334/613/334 1035/619/1035 1443/1385/1443
f 1443/1385/1443 1035/619/1035 335/621/335 1077/1380/1077
f 1102/1386/1102 1443/1385/1443 1077/1380/1077 357/1379/357
f 355/1387/355 1075/1388/1075 1444/1389/1444 1101/1390/1101
f 1075/1388/1075 333/605/333 1036/611/1036 1444/1389/1444
f 1444/1389/1444 1036/611/1036 334/613/334 1076/1384/1076
f 1101/1390/1101 1444/1389/1444 1076/1384/1076 356/1383/356
f 354/1391/354 1074/1392/1074 1445/1393/1445 1100/1394/1100
f 1074/1392/1074 332/597/332 1037/603/1037 1445/1393/1445
f 1445/1393/1445 1037/603/1037 333/605/333 1075/1388/1075
f 1100/1394/1100 1445/1393/1445 1075/1388/1075 355/1387/355
f 353/1395/353 1073/1396/1073 1446/1397/1446 1099/1398/1099
f 1073/1396/1073 331/589/331 1038/595/1038 1446/1397/1446
f 1446/1397/1446 1038/595/1038 332/597/332 1074/1392/1074
f 1099/1398/1099 1446/1397/1446 1074/1392/1074 354/1391/354
f 352/1399/352 1072/1400/1072 1447/1401/1447 1098/1402/1098
f 1072/1400/1072 330/581/330 1039/587/1039 1447/1401/1447
f 1447/1401/1447 1039/587/1039 331/589/331 1073/1396/1073
f 1098/1402/1098 1447/1401/1447 1073/1396/1073 353/1395/353
f 351/1403/351 1071/1404/1071 1448/1405/1448 1097/1406/1097
f 1071/1404/1071 329/573/329 1040/579/1040 1448/1405/1448
f 1448/1405/1448 1040/579/1040 330/581/330 1072/1400/1072
f 1097/1406/1097 1448/1405/1448 1072/1400/1072 352/1399/352
f 350/1407/350 1070/1408/1070 1449/1409/1449 1096/1410/1096
f 1070/1408/1070 328/565/328 1041/571/1041 1449/1409/1449
f 1449/1409/1449 1041/571/1041 329/573/329 1071/1404/1071
f 1096/1410/1096 1449/1409/1449 1071/1404/1071 351/1403/351
f 349/1411/349 1069/1412/1069 1450/1413/1450 1095/1414/1095
f 1069/1412/1069 327/557/327 1042/563/1042 1450/1413/1450
f 1450/1413/1450 1042/563/1042 328/565/328 1070/1408/1070
f 1095/1414/1095 1450/1413/1450 1070/1408/1070 350/1407/350
f 348/1415/348 1068/1416/1068 1451/1417/1451 1094/1418/1094
f 1068/1416/1068 326/549/326 1043/555/1043 1451/1417/1451
f 1451/1417/1451 1043/555/1043 327/557/327 1069/1412/1069
f 1094/1418/1094 1451/1417/1451 1069/1412/1069 349/1411/349
f 347/1419/347 1067/1420/1067 1452/1421/1452 1093/1422/1093
f 1067/1420/1067 325/541/325 1044/547/1044 1452/1421/1452
f 1452/1421/1452 1044/547/1044 326/549/326 1068/1416/1068
f 1093/1422/1093 1452/1421/1452 1068/1416/1068 348/1415/348
f 346/1423/346 1066/1424/1066 1453/1425/1453 1092/1426/1092
f 1066/1424/1066 324/533/324 1045/539/1045 1453/1425/1453
f 1453/1425/1453 1045/539/1045 325/541/325 1067/1420/1067
f 1092/1426/1092 1453/1425/1453 1067/1420/1067 347/1419/347
f 345/1427/345 1065/1428/1065 1454/1429/1454 1091/1430/1091
f 1065/1428/1065 323/525/323 1046/531/1046 1454/1429/1454
f 1454/1429/1454 1046/531/1046 324/533/324 1066/1424/1066
f 1091/1430/1091 1454/1429/1454 1066/1424/1066 346/1423/346
f 344/1431/344 1064/1432/1064 1455/1433/1455 1090/1434/1090
f 1064/1432/1064 322/517/322 1047/523/1047 1455/1433/1455
f 1455/1433/1455 1047/523/1047 323/525/323 1065/1428/1065
f 1090/1434/1090 1455/1433/1455 1065/1428/1065 345/1427/345
f 343/1435/343 1063/1436/1063 1456/1437/1456 1089/1438/1089
f 1063/1436/1063 321/509/321 1048/515/1048 1456/1437/1456
f 1456/1437/1456 1048/515/1048 322/517/322 1064/1432/1064
f 1089/1438/1089 1456/1437/1456 1064/1432/1064 344/1431/344
f 342/1439/342 1062/1440/1062 1457/1441/1457 1088/1442/1088
f 1062/1440/1062 320/501/320 1049/507/1049 1457/1441/1457
f 1457/1441/1457 1049/507/1049 321/509/321 1063/1436/1063
f 1088/1442/1088 1457/1441/1457 1063/1436/1063 343/1435/343
f 341/1443/341 1061/1444/1061 1458/1445/1458 1087/1446/1087
f 1061/1444/1061 319/493/319 1050/499/1050 1458/1445/1458
f 1458/1445/1458 1050/499/1050 320/501/320 1062/1440/1062
f 1087/1446/1087 1458/1445/1458 1062/1440/1062 342/1439/342
f 340/1447/340 1060/1448/1060 1459/1449/1459 1086/1450/1086
f 1060/1448/1060 318/485/318 1051/491/1051 1459/1449/1459
f 1459/1449/1459 1051/491/1051 319/493/319 1061/1444/1061
f 1086/1450/1086 1459/1449/1459 1061/1444/1061 341/1443/341
f 339/1451/339 1059/1452/1059 1460/1453/1460 1085/1454/1085
f 1059/1452/1059 317/477/317 1052/483/1052 1460/1453/1460
f 1460/1453/1460 1052/483/1052 318/485/318 1060/1448/1060
f 1085/1454/1085 1460/1453/1460 1060/1448/1060 340/1447/340
f 338/1455/338 1058/1456/1058 1461/1457/1461 1084/1458/1084
f 1058/1456/1058 316/469/316 1053/475/1053 1461/1457/1461
f 1461/1457/1461 1053/475/1053 317/477/317 1059/1452/1059
f 1084/1458/1084 1461/1457/1461 1059/1452/1059 339/1451/339
f 337/1459/337 1057/1460/1057 1462/1461/1462 1083/1462/1083
f 1057/1460/1057 314/459/314 1054/467/1054 1462/1461/1462
f 1462/1461/1462 1054/467/1054 316/469/316 1058/1456/1058
f 1083/1462/1083 1462/1461/1462 1058/1456/1058 338/1455/338
f 360/1378/360 1011/1377/1011 1463/1463/1463 1082/1464/1082
f 1011/1377/1011 315/460/315 1055/463/1055 1463/1463/1463
f 1463/1465/1463 1055/464/1055 313/454/313 1009/1466/1009
f 1082/1467/1082 1463/1465/1463 1009/1466/1009 359/1468/359
f 359/1468/359 1009/1466/1009 1464/1469/1464 1081/1470/1081
f 1009/1466/1009 313/454/313 1056/457/1056 1464/1469/1464
f 1464/1469/1464 1056/457/1056 314/459/314 1057/1460/1057
f 1081/1470/1081 1464/1469/1464 1057/1460/1057 337/1459/337
f 25/6/25 1079/1471/1079 1465/1472/1465 596/433/596
f 1079/1471/1079 359/1468/359 1081/1470/1081 1465/1472/1465
f 1465/1472/1465 1081/1470/1081 337/1459/337 605/1473/605
f 596/433/596 1465/1472/1465 605/1473/605 31/415/31
f 141/1/141 1080/1474/1080 1466/1475/1466 386/2/386
f 1080/1474/1080 360/1378/360 1082/1464/1082 1466/1475/1466
f 1466/1476/1466 1082/1467/1082 359/1468/359 1079/1471/1079
f 386/5/386 1466/1476/1466 1079/1471/1079 25/6/25
f 31/415/31 605/1473/605 1467/1477/1467 588/416/588
f 605/1473/605 337/1459/337 1083/1462/1083 1467/1477/1467
f 1467/1477/1467 1083/1462/1083 338/1455/338 607/1478/607
f 588/416/588 1467/1477/1467 607/1478/607 36/397/36
f 36/397/36 607/1478/607 1468/1479/1468 579/398/579
f 607/1478/607 338/1455/338 1084/1458/1084 1468/1479/1468
f 1468/1479/1468 1084/1458/1084 339/1451/339 609/1480/609
f 579/398/579 1468/1479/1468 609/1480/609 41/379/41
f 41/379/41 609/1480/609 1469/1481/1469 570/380/570
f 609/1480/609 339/1451/339 1085/1454/1085 1469/1481/1469
f 1469/1481/1469 1085/1454/1085 340/1447/340 611/1482/611
f 570/380/570 1469/1481/1469 611/1482/611 46/361/46
f 46/361/46 611/1482/611 1470/1483/1470 561/362/561
f 611/1482/611 340/1447/340 1086/1450/1086 1470/1483/1470
f 1470/1483/1470 1086/1450/1086 341/1443/341 613/1484/613
f 561/362/561 1470/1483/1470 613/1484/613 51/343/51
f 51/343/51 613/1484/613 1471/1485/1471 552/344/552
f 613/1484/613 341/1443/341 1087/1446/1087 1471/1485/1471
f 1471/1485/1471 1087/1446/1087 342/1439/342 615/1486/615
f 552/344/552 1471/1485/1471 615/1486/615 56/325/56
f 56/325/56 615/1486/615 1472/1487/1472 543/326/543
f 615/1486/615 342/1439/342 1088/1442/1088 1472/1487/1472
f 1472/1487/1472 1088/1442/1088 343/1435/343 617/1488/617
f 543/326/543 1472/1487/1472 617/1488/617 61/307/61
f 61/307/61 617/1488/617 1473/1489/1473 534/308/534
f 617/1488/617 343/1435/343 1089/1438/1089 1473/1489/1473
f 1473/1489/1473 1089/1438/1089 344/1431/344 619/1490/619
f 534/308/534 1473/1489/1473 619/1490/619 66/289/66
f 66/289/66 619/1490/619 1474/1491/1474 525/290/525
f 619/1490/619 344/1431/344 1090/1434/1090 1474/1491/1474
f 1474/1491/1474 1090/1434/1090 345/1427/345 621/1492/621
f 525/290/525 1474/1491/1474 621/1492/621 71/271/71
f 71/271/71 621/1492/621 1475/1493/1475 516/272/516
f 621/1492/621 345/1427/345 1091/1430/1091 1475/1493/1475
f 1475/1493/1475 1091/1430/1091 346/1423/346 623/1494/623
f 516/272/516 1475/1493/1475 623/1494/623 76/253/76
f 76/253/76 623/1494/623 1476/1495/1476 507/254/507
f 623/1494/623 346/1423/346 1092/1426/1092 1476/1495/1476
f 1476/1495/1476 1092/1426/1092 347/1419/347 625/1496/625
f 507/254/507 1476/1495/1476 625/1496/625 81/235/81
f 81/235/81 625/1496/625 1477/1497/1477 498/236/498
f 625/1496/625 347/1419/347 1093/1422/1093 1477/1497/1477
f 1477/1497/1477 1093/1422/1093 348/1415/348 627/1498/627
f 498/236/498 1477/1497/1477 627/1498/627 86/217/86
f 86/217/86 627/1498/627 1478/1499/1478 489/218/489
f 627/1498/627 348/1415/348 1094/1418/1094 1478/1499/1478
f 1478/1499/1478 1094/1418/1094 349/1411/349 629/1500/629
f 489/218/489 1478/1499/1478 629/1500/629 91/199/91
f 91/199/91 629/1500/629 1479/1501/1479 480/200/480
f 629/1500/629 349/1411/349 1095/1414/1095 1479/1501/1479
f 1479/1501/1479 1095/1414/1095 350/1407/350 631/1502/631
f 480/200/480 1479/1501/1479 631/1502/631 96/181/96
f 96/181/96 631/1502/631 1480/1503/1480 471/182/471
f 631/1502/631 350/1407/350 1096/1410/1096 1480/1503/1480
f 1480/1503/1480 1096/1410/1096 351/1403/351 633/1504/633
f 471/182/471 1480/1503/1480 633/1504/633 101/163/101
f 101/163/101 633/1504/633 1481/1505/1481 462/164/462
f 633/1504/633 351/1403/351 1097/1406/1097 1481/1505/1481
f 1481/1505/1481 1097/1406/1097 352/1399/352 635/1506/635
f 462/164/462 1481/1505/1481 635/1506/635 106/145/106
f 106/145/106 635/1506/635 1482/1507/1482 453/146/453
f 635/1506/635 352/1399/352 1098/1402/1098 1482/1507/1482
f 1482/1507/1482 1098/1402/1098 353/1395/353 637/1508/637
f 453/146/453 1482/1507/1482 637/1508/637 111/127/111
f 111/127/111 637/1508/637 1483/1509/1483 444/128/444
f 637/1508/637 353/1395/353 1099/1398/1099 1483/1509/1483
f 1483/1509/1483 1099/1398/1099 354/1391/354 639/1510/639
f 444/128/444 1483/1509/1483 639/1510/639 116/109/116
f 116/109/116 639/1510/639 1484/1511/1484 435/110/435
f 639/1510/639 354/1391/354 1100/1394/1100 1484/1511/1484
f 1484/1511/1484 1100/1394/1100 355/1387/355 641/1512/641
f 435/110/435 1484/1511/1484 641/1512/641 121/91/121
f 121/91/121 641/1512/641 1485/1513/1485 426/92/426
f 641/1512/641 355/1387/355 1101/1390/1101 1485/1513/1485
f 1485/1513/1485 1101/1390/1101 356/1383/356 643/1514/643
f 426/92/426 1485/1513/1485 643/1514/643 126/73/126
f 126/73/126 643/1514/643 1486/1515/1486 417/74/417
f 643/1514/643 356/1383/356 1102/1386/1102 1486/1515/1486
f 1486/1515/1486 1102/1386/1102 357/1379/357 645/1516/645
f 417/74/417 1486/1515/1486 645/1516/645 131/55/131
f 131/55/131 645/1516/645 1487/1517/1487 408/56/408
f 645/1516/645 357/1379/357 1103/1382/1103 1487/1517/1487
f 1487/1517/1487 1103/1382/1103 358/1373/358 647/1518/647
f 408/56/408 1487/1517/1487 647/1518/647 136/37/136
f 136/37/136 647/1518/647 1488/1519/1488 399/38/399
f 647/1518/647 358/1373/358 1104/1376/1104 1488/1519/1488
f 1488/1519/1488 1104/1376/1104 360/1378/360 1080/1474/1080
f 399/38/399 1488/1519/1488 1080/1474/1080 141/1/141
f 1585/1520/1585 1635/1521/1635 1873/1522/1873 1824/1523/1824
f 1635/1521/1635 1490/1524/1490 1634/1525/1634 1873/1522/1873
f 1873/1522/1873 1634/1525/1634 1492/1526/1492 1778/1527/1778
f 1824/1523/1824 1873/1522/1873 1778/1527/1778 1586/1528/1586
f 1586/1528/1586 1778/1527/1778 1874/1529/1874 1823/1530/1823
f 1778/1527/1778 1492/1526/1492 1638/1531/1638 1874/1529/1874
f 1874/1529/1874 1638/1531/1638 1494/1532/1494 1779/1533/1779
f 1823/1530/1823 1874/1529/1874 1779/1533/1779 1587/1534/1587
f 1587/1534/1587 1779/1533/1779 1875/1535/1875 1822/1536/1822
f 1779/1533/1779 1494/1532/1494 1641/1537/1641 1875/1535/1875
f 1875/1535/1875 1641/1537/1641 1496/1538/1496 1780/1539/1780
f 1822/1536/1822 1875/1535/1875 1780/1539/1780 1588/1540/1588
f 1588/1540/1588 1780/1539/1780 1876/1541/1876 1821/1542/1821
f 1780/1539/1780 1496/1538/1496 1644/1543/1644 1876/1541/1876
f 1876/1541/1876 1644/1543/1644 1498/1544/1498 1781/1545/1781
f 1821/1542/1821 1876/1541/1876 1781/1545/1781 1589/1546/1589
f 1589/1546/1589 1781/1545/1781 1877/1547/1877 1820/1548/1820
f 1781/1545/1781 1498/1544/1498 1647/1549/1647 1877/1547/1877
f 1877/1547/1877 1647/1549/1647 1500/1550/1500 1782/1551/1782
f 1820/1548/1820 1877/1547/1877 1782/1551/1782 1590/1552/1590
f 1590/1552/1590 1782/1551/1782 1878/1553/1878 1819/1554/1819
f 1782/1551/1782 1500/1550/1500 1650/1555/1650 1878/1553/1878
f 1878/1553/1878 1650/1555/1650 1502/1556/1502 1783/1557/1783
f 1819/1554/1819 1878/1553/1878 1783/1557/1783 1591/1558/1591
f 1591/1558/1591 1783/1557/1783 1879/1559/1879 1818/1560/1818
f 1783/1557/1783 1502/1556/1502 1653/1561/1653 1879/1559/1879
f 1879/1559/1879 1653/1561/1653 1504/1562/1504 1784/1563/1784
f 1818/1560/1818 1879/1559/1879 1784/1563/1784 1592/1564/1592
f 1592/1564/1592 1784/1563/1784 1880/1565/1880 1817/1566/1817
f 1784/1563/1784 1504/1562/1504 1656/1567/1656 1880/1565/1880
f 1880/1565/1880 1656/1567/1656 1506/1568/1506 1785/1569/1785
f 1817/1566/1817 1880/1565/1880 1785/1569/1785 1593/1570/1593
f 1593/1570/1593 1785/1569/1785 1881/1571/1881 1816/1572/1816
f 1785/1569/1785 1506/1568/1506 1659/1573/1659 1881/1571/1881
f 1881/1571/1881 1659/1573/1659 1508/1574/1508 1786/1575/1786
f 1816/1572/1816 1881/1571/1881 1786/1575/1786 1594/1576/1594
f 1594/1576/1594 1786/1575/1786 1882/1577/1882 1815/1578/1815
f 1786/1575/1786 1508/1574/1508 1662/1579/1662 1882/1577/1882
f 1882/1577/1882 1662/1579/1662 1510/1580/1510 1787/1581/1787
f 1815/1578/1815 1882/1577/1882 1787/1581/1787 1595/1582/1595
f 1595/1582/1595 1787/1581/1787 1883/1583/1883 1814/1584/1814
f 1787/1581/1787 1510/1580/1510 1665/1585/1665 1883/1583/1883
f 1883/1583/1883 1665/1585/1665 1512/1586/1512 1788/1587/1788
f 1814/1584/1814 1883/1583/1883 1788/1587/1788 1596/1588/1596
f 1596/1588/1596 1788/1587/1788 1884/1589/1884 1813/1590/1813
f 1788/1587/1788 1512/1586/1512 1668/1591/1668 1884/1589/1884
f 1884/1589/1884 1668/1591/1668 1514/1592/1514 1789/1593/1789
f 1813/1590/1813 1884/1589/1884 1789/1593/1789 1597/1594/1597
f 1597/1594/1597 1789/1593/1789 1885/1595/1885 1812/1596/1812
f 1789/1593/1789 1514/1592/1514 1671/1597/1671 1885/1595/1885
f 1885/1595/1885 1671/1597/1671 1516/1598/1516 1790/1599/1790
f 1812/1596/1812 1885/1595/1885 1790/1599/1790 1598/1600/1598
f 1598/1600/1598 1790/1599/1790 1886/1601/1886 1811/1602/1811
f 1790/1599/1790 1516/1598/1516 1674/1603/1674 1886/1601/1886
f 1886/1601/1886 1674/1603/1674 1518/1604/1518 1791/1605/1791
f 1811/1602/1811 1886/1601/1886 1791/1605/1791 1599/1606/1599
f 1599/1606/1599 1791/1605/1791 1887/1607/1887 1810/1608/1810
f 1791/1605/1791 1518/1604/1518 1677/1609/1677 1887/1607/1887
f 1887/1607/1887 1677/1609/1677 1520/1610/1520 1792/1611/1792
f 1810/1608/1810 1887/1607/1887 1792/1611/1792 1600/1612/1600
f 1600/1612/1600 1792/1611/1792 1888/1613/1888 1809/1614/1809
f 1792/1611/1792 1520/1610/1520 1680/1615/1680 1888/1613/1888
f 1888/1613/1888 1680/1615/1680 1522/1616/1522 1793/1617/1793
f 1809/1614/1809 1888/1613/1888 1793/1617/1793 1601/1618/1601
f 1601/1618/1601 1793/1617/1793 1889/1619/1889 1808/1620/1808
f 1793/1617/1793 1522/1616/1522 1683/1621/1683 1889/1619/1889
f 1889/1619/1889 1683/1621/1683 1524/1622/1524 1794/1623/1794
f 1808/1620/1808 1889/1619/1889 1794/1623/1794 1602/1624/1602
f 1602/1624/1602 1794/1623/1794 1890/1625/1890 1807/1626/1807
f 1794/1623/1794 1524/1622/1524 1686/1627/1686 1890/1625/1890
f 1890/1625/1890 1686/1627/1686 1526/1628/1526 1795/1629/1795
f 1807/1626/1807 1890/1625/1890 1795/1629/1795 1603/1630/1603
f 1603/1630/1603 1795/1629/1795 1891/1631/1891 1806/1632/1806
f 1795/1629/1795 1526/1628/1526 1689/1633/1689 1891/1631/1891
f 1891/1631/1891 1689/1633/1689 1528/1634/1528 1796/1635/1796
f 1806/1632/1806 1891/1631/1891 1796/1635/1796 1604/1636/1604
f 1604/1636/1604 1796/1635/1796 1892/1637/1892 1805/1638/1805
f 1796/1635/1796 1528/1634/1528 1692/1639/1692 1892/1637/1892
f 1892/1637/1892 1692/1639/1692 1530/1640/1530 1797/1641/1797
f 1805/1638/1805 1892/1637/1892 1797/1641/1797 1605/1642/1605
f 1605/1642/1605 1797/1641/1797 1893/1643/1893 1804/1644/1804
f 1797/1641/1797 1530/1640/1530 1695/1645/1695 1893/1643/1893
f 1893/1643/1893 1695/1645/1695 1532/1646/1532 1798/1647/1798
f 1804/1644/1804 1893/1643/1893 1798/1647/1798 1606/1648/1606
f 1606/1648/1606 1798/1647/1798 1894/1649/1894 1803/1650/1803
f 1798/1647/1798 1532/1646/1532 1698/1651/1698 1894/1649/1894
f 1894/1649/1894 1698/1651/1698 1534/1652/1534 1799/1653/1799
f 1803/1650/1803 1894/1649/1894 1799/1653/1799 1607/1654/1607
f 1583/1655/1583 1728/1656/1728 1895/1657/1895 1730/1658/1730
f 1728/1656/1728 1608/1659/1608 1801/1660/1801 1895/1657/1895
f 1895/1661/1895 1801/1662/1801 1585/1520/1585 1777/1663/1777
f 1730/1664/1730 1895/1661/1895 1777/1663/1777 1538/1665/1538
f 1607/1654/1607 1799/1653/1799 1896/1666/1896 1802/1667/1802
f 1799/1653/1799 1534/1652/1534 1701/1668/1701 1896/1666/1896
f 1896/1666/1896 1701/1668/1701 1536/1669/1536 1800/1670/1800
f 1802/1667/1802 1896/1666/1896 1800/1670/1800 1608/1659/1608
f 1608/1659/1608 1800/1670/1800 1897/1671/1897 1801/1660/1801
f 1800/1670/1800 1536/1669/1536 1704/1672/1704 1897/1671/1897
f 1897/1673/1897 1704/1674/1704 1490/1524/1490 1635/1521/1635
f 1801/1662/1801 1897/1673/1897 1635/1521/1635 1585/1520/1585
f 1581/1675/1581 1727/1676/1727 1898/1677/1898 1732/1678/1732
f 1727/1676/1727 1607/1654/1607 1802/1667/1802 1898/1677/1898
f 1898/1677/1898 1802/1667/1802 1608/1659/1608 1728/1656/1728
f 1732/1678/1732 1898/1677/1898 1728/1656/1728 1583/1655/1583
f 1631/1679/1631 1847/1680/1847 1899/1681/1899 1872/1682/1872
f 1847/1680/1847 1584/1683/1584 1729/1684/1729 1899/1681/1899
f 1899/1685/1899 1729/1686/1729 1537/1687/1537 1705/1688/1705
f 1872/1689/1872 1899/1685/1899 1705/1688/1705 1632/1690/1632
f 1630/1691/1630 1846/1692/1846 1900/1693/1900 1871/1694/1871
f 1846/1692/1846 1582/1695/1582 1731/1696/1731 1900/1693/1900
f 1900/1693/1900 1731/1696/1731 1584/1683/1584 1847/1680/1847
f 1871/1694/1871 1900/1693/1900 1847/1680/1847 1631/1679/1631
f 1629/1697/1629 1845/1698/1845 1901/1699/1901 1870/1700/1870
f 1845/1698/1845 1580/1701/1580 1733/1702/1733 1901/1699/1901
f 1901/1699/1901 1733/1702/1733 1582/1695/1582 1846/1692/1846
f 1870/1700/1870 1901/1699/1901 1846/1692/1846 1630/1691/1630
f 1628/1703/1628 1844/1704/1844 1902/1705/1902 1869/1706/1869
f 1844/1704/1844 1578/1707/1578 1735/1708/1735 1902/1705/1902
f 1902/1705/1902 1735/1708/1735 1580/1701/1580 1845/1698/1845
f 1869/1706/1869 1902/1705/1902 1845/1698/1845 1629/1697/1629
f 1627/1709/1627 1843/1710/1843 1903/1711/1903 1868/1712/1868
f 1843/1710/1843 1576/1713/1576 1737/1714/1737 1903/1711/1903
f 1903/1711/1903 1737/1714/1737 1578/1707/1578 1844/1704/1844
f 1868/1712/1868 1903/1711/1903 1844/1704/1844 1628/1703/1628
f 1626/1715/1626 1842/1716/1842 1904/1717/1904 1867/1718/1867
f 1842/1716/1842 1574/1719/1574 1739/1720/1739 1904/1717/1904
f 1904/1717/1904 1739/1720/1739 1576/1713/1576 1843/1710/1843
f 1867/1718/1867 1904/1717/1904 1843/1710/1843 1627/1709/1627
f 1625/1721/1625 1841/1722/1841 1905/1723/1905 1866/1724/1866
f 1841/1722/1841 1572/1725/1572 1741/1726/1741 1905/1723/1905
f 1905/1723/1905 1741/1726/1741 1574/1719/1574 1842/1716/1842
f 1866/1724/1866 1905/1723/1905 1842/1716/1842 1626/1715/1626
f 1624/1727/1624 1840/1728/1840 1906/1729/1906 1865/1730/1865
f 1840/1728/1840 1570/1731/1570 1743/1732/1743 1906/1729/1906
f 1906/1729/1906 1743/1732/1743 1572/1725/1572 1841/1722/1841
f 1865/1730/1865 1906/1729/1906 1841/1722/1841 1625/1721/1625
f 1623/1733/1623 1839/1734/1839 1907/1735/1907 1864/1736/1864
f 1839/1734/1839 1568/1737/1568 1745/1738/1745 1907/1735/1907
f 1907/1735/1907 1745/1738/1745 1570/1731/1570 1840/1728/1840
f 1864/1736/1864 1907/1735/1907 1840/1728/1840 1624/1727/1624
f 1622/1739/1622 1838/1740/1838 1908/1741/1908 1863/1742/1863
f 1838/1740/1838 1566/1743/1566 1747/1744/1747 1908/1741/1908
f 1908/1741/1908 1747/1744/1747 1568/1737/1568 1839/1734/1839
f 1863/1742/1863 1908/1741/1908 1839/1734/1839 1623/1733/1623
f 1621/1745/1621 1837/1746/1837 1909/1747/1909 1862/1748/1862
f 1837/1746/1837 1564/1749/1564 1749/1750/1749 1909/1747/1909
f 1909/1747/1909 1749/1750/1749 1566/1743/1566 1838/1740/1838
f 1862/1748/1862 1909/1747/1909 1838/1740/1838 1622/1739/1622
f 1620/1751/1620 1836/1752/1836 1910/1753/1910 1861/1754/1861
f 1836/1752/1836 1562/1755/1562 1751/1756/1751 1910/1753/1910
f 1910/1753/1910 1751/1756/1751 1564/1749/1564 1837/1746/1837
f 1861/1754/1861 1910/1753/1910 1837/1746/1837 1621/1745/1621
f 1619/1757/1619 1835/1758/1835 1911/1759/1911 1860/1760/1860
f 1835/1758/1835 1560/1761/1560 1753/1762/1753 1911/1759/1911
f 1911/1759/1911 1753/1762/1753 1562/1755/1562 1836/1752/1836
f 1860/1760/1860 1911/1759/1911 1836/1752/1836 1620/1751/1620
f 1618/1763/1618 1834/1764/1834 1912/1765/1912 1859/1766/1859
f 1834/1764/1834 1558/1767/1558 1755/1768/1755 1912/1765/1912
f 1912/1765/1912 1755/1768/1755 1560/1761/1560 1835/1758/1835
f 1859/1766/1859 1912/1765/1912 1835/1758/1835 1619/1757/1619
f 1617/1769/1617 1833/1770/1833 1913/1771/1913 1858/1772/1858
f 1833/1770/1833 1556/1773/1556 1757/1774/1757 1913/1771/1913
f 1913/1771/1913 1757/1774/1757 1558/1767/1558 1834/1764/1834
f 1858/1772/1858 1913/1771/1913 1834/1764/1834 1618/1763/1618
f 1616/1775/1616 1832/1776/1832 1914/1777/1914 1857/1778/1857
f 1832/1776/1832 1554/1779/1554 1759/1780/1759 1914/1777/1914
f 1914/1777/1914 1759/1780/1759 1556/1773/1556 1833/1770/1833
f 1857/1778/1857 1914/1777/1914 1833/1770/1833 1617/1769/1617
f 1615/1781/1615 1831/1782/1831 1915/1783/1915 1856/1784/1856
f 1831/1782/1831 1552/1785/1552 1761/1786/1761 1915/1783/1915
f 1915/1783/1915 1761/1786/1761 1554/1779/1554 1832/1776/1832
f 1856/1784/1856 1915/1783/1915 1832/1776/1832 1616/1775/1616
f 1614/1787/1614 1830/1788/1830 1916/1789/1916 1855/1790/1855
f 1830/1788/1830 1550/1791/1550 1763/1792/1763 1916/1789/1916
f 1916/1789/1916 1763/1792/1763 1552/1785/1552 1831/1782/1831
f 1855/1790/1855 1916/1789/1916 1831/1782/1831 1615/1781/1615
f 1613/1793/1613 1829/1794/1829 1917/1795/1917 1854/1796/1854
f 1829/1794/1829 1548/1797/1548 1765/1798/1765 1917/1795/1917
f 1917/1795/1917 1765/1798/1765 1550/1791/1550 1830/1788/1830
f 1854/1796/1854 1917/1795/1917 1830/1788/1830 1614/1787/1614
f 1612/1799/1612 1828/1800/1828 1918/1801/1918 1853/1802/1853
f 1828/1800/1828 1546/1803/1546 1767/1804/1767 1918/1801/1918
f 1918/1801/1918 1767/1804/1767 1548/1797/1548 1829/1794/1829
f 1853/1802/1853 1918/1801/1918 1829/1794/1829 1613/1793/1613
f 1611/1805/1611 1827/1806/1827 1919/1807/1919 1852/1808/1852
f 1827/1806/1827 1544/1809/1544 1769/1810/1769 1919/1807/1919
f 1919/1807/1919 1769/1810/1769 1546/1803/1546 1828/1800/1828
f 1852/1808/1852 1919/1807/1919 1828/1800/1828 1612/1799/1612
f 1610/1811/1610 1826/1812/1826 1920/1813/1920 1851/1814/1851
f 1826/1812/1826 1542/1815/1542 1771/1816/1771 1920/1813/1920
f 1920/1813/1920 1771/1816/1771 1544/1809/1544 1827/1806/1827
f 1851/1814/1851 1920/1813/1920 1827/1806/1827 1611/1805/1611
f 1609/1817/1609 1825/1818/1825 1921/1819/1921 1850/1820/1850
f 1825/1818/1825 1540/1821/1540 1773/1822/1773 1921/1819/1921
f 1921/1819/1921 1773/1822/1773 1542/1815/1542 1826/1812/1826
f 1850/1820/1850 1921/1819/1921 1826/1812/1826 1610/1811/1610
f 1632/1690/1632 1705/1688/1705 1922/1823/1922 1849/1824/1849
f 1705/1688/1705 1537/1687/1537 1775/1825/1775 1922/1823/1922
f 1922/1823/1922 1775/1825/1775 1540/1821/1540 1825/1818/1825
f 1849/1824/1849 1922/1823/1922 1825/1818/1825 1609/1817/1609
f 1579/1826/1579 1726/1827/1726 1923/1828/1923 1734/1829/1734
f 1726/1827/1726 1606/1648/1606 1803/1650/1803 1923/1828/1923
f 1923/1828/1923 1803/1650/1803 1607/1654/1607 1727/1676/1727
f 1734/1829/1734 1923/1828/1923 1727/1676/1727 1581/1675/1581
f 1577/1830/1577 1725/1831/1725 1924/1832/1924 1736/1833/1736
f 1725/1831/1725 1605/1642/1605 1804/1644/1804 1924/1832/1924
f 1924/1832/1924 1804/1644/1804 1606/1648/1606 1726/1827/1726
f 1736/1833/1736 1924/1832/1924 1726/1827/1726 1579/1826/1579
f 1575/1834/1575 1724/1835/1724 1925/1836/1925 1738/1837/1738
f 1724/1835/1724 1604/1636/1604 1805/1638/1805 1925/1836/1925
f 1925/1836/1925 1805/1638/1805 1605/1642/1605 1725/1831/1725
f 1738/1837/1738 1925/1836/1925 1725/1831/1725 1577/1830/1577
f 1573/1838/1573 1723/1839/1723 1926/1840/1926 1740/1841/1740
f 1723/1839/1723 1603/1630/1603 1806/1632/1806 1926/1840/1926
f 1926/1840/1926 1806/1632/1806 1604/1636/1604 1724/1835/1724
f 1740/1841/1740 1926/1840/1926 1724/1835/1724 1575/1834/1575
f 1571/1842/1571 1722/1843/1722 1927/1844/1927 1742/1845/1742
f 1722/1843/1722 1602/1624/1602 1807/1626/1807 1927/1844/1927
f 1927/1844/1927 1807/1626/1807 1603/1630/1603 1723/1839/1723
f 1742/1845/1742 1927/1844/1927 1723/1839/1723 1573/1838/1573
f 1569/1846/1569 1721/1847/1721 1928/1848/1928 1744/1849/1744
f 1721/1847/1721 1601/1618/1601 1808/1620/1808 1928/1848/1928
f 1928/1848/1928 1808/1620/1808 1602/1624/1602 1722/1843/1722
f 1744/1849/1744 1928/1848/1928 1722/1843/1722 1571/1842/1571
f 1567/1850/1567 1720/1851/1720 1929/1852/1929 1746/1853/1746
f 1720/1851/1720 1600/1612/1600 1809/1614/1809 1929/1852/1929
f 1929/1852/1929 1809/1614/1809 1601/1618/1601 1721/1847/1721
f 1746/1853/1746 1929/1852/1929 1721/1847/1721 1569/1846/1569
f 1565/1854/1565 1719/1855/1719 1930/1856/1930 1748/1857/1748
f 1719/1855/1719 1599/1606/1599 1810/1608/1810 1930/1856/1930
f 1930/1856/1930 1810/1608/1810 1600/1612/1600 1720/1851/1720
f 1748/1857/1748 1930/1856/1930 1720/1851/1720 1567/1850/1567
f 1563/1858/1563 1718/1859/1718 1931/1860/1931 1750/1861/1750
f 1718/1859/1718 1598/1600/1598 1811/1602/1811 1931/1860/1931
f 1931/1860/1931 1811/1602/1811 1599/1606/1599 1719/1855/1719
f 1750/1861/1750 1931/1860/1931 1719/1855/1719 1565/1854/1565
f 1561/1862/1561 1717/1863/1717 1932/1864/1932 1752/1865/1752
f 1717/1863/1717 1597/1594/1597 1812/1596/1812 1932/1864/1932
f 1932/1864/1932 1812/1596/1812 1598/1600/1598 1718/1859/1718
f 1752/1865/1752 1932/1864/1932 1718/1859/1718 1563/1858/1563
f 1559/1866/1559 1716/1867/1716 1933/1868/1933 1754/1869/1754
f 1716/1867/1716 1596/1588/1596 1813/1590/1813 1933/1868/1933
f 1933/1868/1933 1813/1590/1813 1597/1594/1597 1717/1863/1717
f 1754/1869/1754 1933/1868/1933 1717/1863/1717 1561/1862/1561
f 1557/1870/1557 1715/1871/1715 1934/1872/1934 1756/1873/1756
f 1715/1871/1715 1595/1582/1595 1814/1584/1814 1934/1872/1934
f 1934/1872/1934 1814/1584/1814 1596/1588/1596 1716/1867/1716
f 1756/1873/1756 1934/1872/1934 1716/1867/1716 1559/1866/1559
f 1555/1874/1555 1714/1875/1714 1935/1876/1935 1758/1877/1758
f 1714/1875/1714 1594/1576/1594 1815/1578/1815 1935/1876/1935
f 1935/1876/1935 1815/1578/1815 1595/1582/1595 1715/1871/1715
f 1758/1877/1758 1935/1876/1935 1715/1871/1715 1557/1870/1557
f 1553/1878/1553 1713/1879/1713 1936/1880/1936 1760/1881/1760
f 1713/1879/1713 1593/1570/1593 1816/1572/1816 1936/1880/1936
f 1936/1880/1936 1816/1572/1816 1594/1576/1594 1714/1875/1714
f 1760/1881/1760 1936/1880/1936 1714/1875/1714 1555/1874/1555
f 1551/1882/1551 1712/1883/1712 1937/1884/1937 1762/1885/1762
f 1712/1883/1712 1592/1564/1592 1817/1566/1817 1937/1884/1937
f 1937/1884/1937 1817/1566/1817 1593/1570/1593 1713/1879/1713
f 1762/1885/1762 1937/1884/1937 1713/1879/1713 1553/1878/1553
f 1549/1886/1549 1711/1887/1711 1938/1888/1938 1764/1889/1764
f 1711/1887/1711 1591/1558/1591 1818/1560/1818 1938/1888/1938
f 1938/1888/1938 1818/1560/1818 1592/1564/1592 1712/1883/1712
f 1764/1889/1764 1938/1888/1938 1712/1883/1712 1551/1882/1551
f 1547/1890/1547 1710/1891/1710 1939/1892/1939 1766/1893/1766
f 1710/1891/1710 1590/1552/1590 1819/1554/1819 1939/1892/1939
f 1939/1892/1939 1819/1554/1819 1591/1558/1591 1711/1887/1711
f 1766/1893/1766 1939/1892/1939 1711/1887/1711 1549/1886/1549
f 1545/1894/1545 1709/1895/1709 1940/1896/1940 1768/1897/1768
f 1709/1895/1709 1589/1546/1589 1820/1548/1820 1940/1896/1940
f 1940/1896/1940 1820/1548/1820 1590/1552/1590 1710/1891/1710
f 1768/1897/1768 1940/1896/1940 1710/1891/1710 1547/1890/1547
f 1543/1898/1543 1708/1899/1708 1941/1900/1941 1770/1901/1770
f 1708/1899/1708 1588/1540/1588 1821/1542/1821 1941/1900/1941
f 1941/1900/1941 1821/1542/1821 1589/1546/1589 1709/1895/1709
f 1770/1901/1770 1941/1900/1941 1709/1895/1709 1545/1894/1545
f 1541/1902/1541 1707/1903/1707 1942/1904/1942 1772/1905/1772
f 1707/1903/1707 1587/1534/1587 1822/1536/1822 1942/1904/1942
f 1942/1904/1942 1822/1536/1822 1588/1540/1588 1708/1899/1708
f 1772/1905/1772 1942/1904/1942 1708/1899/1708 1543/1898/1543
f 1539/1906/1539 1706/1907/1706 1943/1908/1943 1774/1909/1774
f 1706/1907/1706 1586/1528/1586 1823/1530/1823 1943/1908/1943
f 1943/1908/1943 1823/1530/1823 1587/1534/1587 1707/1903/1707
f 1774/1909/1774 1943/1908/1943 1707/1903/1707 1541/1902/1541
f 1538/1665/1538 1777/1663/1777 1944/1910/1944 1776/1911/1776
f 1777/1663/1777 1585/1520/1585 1824/1523/1824 1944/1910/1944
f 1944/1910/1944 1824/1523/1824 1586/1528/1586 1706/1907/1706
f 1776/1911/1776 1944/1910/1944 1706/1907/1706 1539/1906/1539
f 1489/1912/1489 1848/1913/1848 1945/1914/1945 1633/1915/1633
f 1848/1913/1848 1632/1690/1632 1849/1824/1849 1945/1914/1945
f 1945/1914/1945 1849/1824/1849 1609/1817/1609 1636/1916/1636
f 1633/1915/1633 1945/1914/1945 1636/1916/1636 1491/1917/1491
f 1491/1917/1491 1636/1916/1636 1946/1918/1946 1637/1919/1637
f 1636/1916/1636 1609/1817/1609 1850/1820/1850 1946/1918/1946
f 1946/1918/1946 1850/1820/1850 1610/1811/1610 1639/1920/1639
f 1637/1919/1637 1946/1918/1946 1639/1920/1639 1493/1921/1493
f 1493/1921/1493 1639/1920/1639 1947/1922/1947 1640/1923/1640
f 1639/1920/1639 1610/1811/1610 1851/1814/1851 1947/1922/1947
f 1947/1922/1947 1851/1814/1851 1611/1805/1611 1642/1924/1642
f 1640/1923/1640 1947/1922/1947 1642/1924/1642 1495/1925/1495
f 1495/1925/1495 1642/1924/1642 1948/1926/1948 1643/1927/1643
f 1642/1924/1642 1611/1805/1611 1852/1808/1852 1948/1926/1948
f 1948/1926/1948 1852/1808/1852 1612/1799/1612 1645/1928/1645
f 1643/1927/1643 1948/1926/1948 1645/1928/1645 1497/1929/1497
f 1497/1929/1497 1645/1928/1645 1949/1930/1949 1646/1931/1646
f 1645/1928/1645 1612/1799/1612 1853/1802/1853 1949/1930/1949
f 1949/1930/1949 1853/1802/1853 1613/1793/1613 1648/1932/1648
f 1646/1931/1646 1949/1930/1949 1648/1932/1648 1499/1933/1499
f 1499/1933/1499 1648/1932/1648 1950/1934/1950 1649/1935/1649
f 1648/1932/1648 1613/1793/1613 1854/1796/1854 1950/1934/1950
f 1950/1934/1950 1854/1796/1854 1614/1787/1614 1651/1936/1651
f 1649/1935/1649 1950/1934/1950 1651/1936/1651 1501/1937/1501
f 1501/1937/1501 1651/1936/1651 1951/1938/1951 1652/1939/1652
f 1651/1936/1651 1614/1787/1614 1855/1790/1855 1951/1938/1951
f 1951/1938/1951 1855/1790/1855 1615/1781/1615 1654/1940/1654
f 1652/1939/1652 1951/1938/1951 1654/1940/1654 1503/1941/1503
f 1503/1941/1503 1654/1940/1654 1952/1942/1952 1655/1943/1655
f 1654/1940/1654 1615/1781/1615 1856/1784/1856 1952/1942/1952
f 1952/1942/1952 1856/1784/1856 1616/1775/1616 1657/1944/1657
f 1655/1943/1655 1952/1942/1952 1657/1944/1657 1505/1945/1505
f 1505/1945/1505 1657/1944/1657 1953/1946/1953 1658/1947/1658
f 1657/1944/1657 1616/1775/1616 1857/1778/1857 1953/1946/1953
f 1953/1946/1953 1857/1778/1857 1617/1769/1617 1660/1948/1660
f 1658/1947/1658 1953/1946/1953 1660/1948/1660 1507/1949/1507
f 1507/1949/1507 1660/1948/1660 1954/1950/1954 1661/1951/1661
f 1660/1948/1660 1617/1769/1617 1858/1772/1858 1954/1950/1954
f 1954/1950/1954 1858/1772/1858 1618/1763/1618 1663/1952/1663
f 1661/1951/1661 1954/1950/1954 1663/1952/1663 1509/1953/1509
f 1509/1953/1509 1663/1952/1663 1955/1954/1955 1664/1955/1664
f 1663/1952/1663 1618/1763/1618 1859/1766/1859 1955/1954/1955
f 1955/1954/1955 1859/1766/1859 1619/1757/1619 1666/1956/1666
f 1664/1955/1664 1955/1954/1955 1666/1956/1666 1511/1957/1511
f 1511/1957/1511 1666/1956/1666 1956/1958/1956 1667/1959/1667
f 1666/1956/1666 1619/1757/1619 1860/1760/1860 1956/1958/1956
f 1956/1958/1956 1860/1760/1860 1620/1751/1620 1669/1960/1669
f 1667/1959/1667 1956/1958/1956 1669/1960/1669 1513/1961/1513
f 1513/1961/1513 1669/1960/1669 1957/1962/1957 1670/1963/1670
f 1669/1960/1669 1620/1751/1620 1861/1754/1861 1957/1962/1957
f 1957/1962/1957 1861/1754/1861 1621/1745/1621 1672/1964/1672
f 1670/1963/1670 1957/1962/1957 1672/1964/1672 1515/1965/1515
f 1515/1965/1515 1672/1964/1672 1958/1966/1958 1673/1967/1673
f 1672/1964/1672 1621/1745/1621 1862/1748/1862 1958/1966/1958
f 1958/1966/1958 1862/1748/1862 1622/1739/1622 1675/1968/1675
f 1673/1967/1673 1958/1966/1958 1675/1968/1675 1517/1969/1517
f 1517/1969/1517 1675/1968/1675 1959/1970/1959 1676/1971/1676
f 1675/1968/1675 1622/1739/1622 1863/1742/1863 1959/1970/1959
f 1959/1970/1959 1863/1742/1863 1623/1733/1623 1678/1972/1678
f 1676/1971/1676 1959/1970/1959 1678/1972/1678 1519/1973/1519
f 1519/1973/1519 1678/1972/1678 1960/1974/1960 1679/1975/1679
f 1678/1972/1678 1623/1733/1623 1864/1736/1864 1960/1974/1960
f 1960/1974/1960 1864/1736/1864 1624/1727/1624 1681/1976/1681
f 1679/1975/1679 1960/1974/1960 1681/1976/1681 1521/1977/1521
f 1521/1977/1521 1681/1976/1681 1961/1978/1961 1682/1979/1682
f 1681/1976/1681 1624/1727/1624 1865/1730/1865 1961/1978/1961
f 1961/1978/1961 1865/1730/1865 1625/1721/1625 1684/1980/1684
f 1682/1979/1682 1961/1978/1961 1684/1980/1684 1523/1981/1523
f 1523/1981/1523 1684/1980/1684 1962/1982/1962 1685/1983/1685
f 1684/1980/1684 1625/1721/1625 1866/1724/1866 1962/1982/1962
f 1962/1982/1962 1866/1724/1866 1626/1715/1626 1687/1984/1687
f 1685/1983/1685 1962/1982/1962 1687/1984/1687 1525/1985/1525
f 1525/1985/1525 1687/1984/1687 1963/1986/1963 1688/1987/1688
f 1687/1984/1687 1626/1715/1626 1867/1718/1867 1963/1986/1963
f 1963/1986/1963 1867/1718/1867 1627/1709/1627 1690/1988/1690
f 1688/1987/1688 1963/1986/1963 1690/1988/1690 1527/1989/1527
f 1527/1989/1527 1690/1988/1690 1964/1990/1964 1691/1991/1691
f 1690/1988/1690 1627/1709/1627 1868/1712/1868 1964/1990/1964
f 1964/1990/1964 1868/1712/1868 1628/1703/1628 1693/1992/1693
f 1691/1991/1691 1964/1990/1964 1693/1992/1693 1529/1993/1529
f 1529/1993/1529 1693/1992/1693 1965/1994/1965 1694/1995/1694
f 1693/1992/1693 1628/1703/1628 1869/1706/1869 1965/1994/1965
f 1965/1994/1965 1869/1706/1869 1629/1697/1629 1696/1996/1696
f 1694/1995/1694 1965/1994/1965 1696/1996/1696 1531/1997/1531
f 1531/1997/1531 1696/1996/1696 1966/1998/1966 1697/1999/1697
f 1696/1996/1696 1629/1697/1629 1870/1700/1870 1966/1998/1966
f 1966/1998/1966 1870/1700/1870 1630/1691/1630 1699/2000/1699
f 1697/1999/1697 1966/1998/1966 1699/2000/1699 1533/2001/1533
f 1533/2001/1533 1699/2000/1699 1967/2002/1967 1700/2003/1700
f 1699/2000/1699 1630/1691/1630 1871/1694/1871 1967/2002/1967
f 1967/2002/1967 1871/1694/1871 1631/1679/1631 1702/2004/1702
f 1700/2003/1700 1967/2002/1967 1702/2004/1702 1535/2005/1535
f 1535/2005/1535 1702/2004/1702 1968/2006/1968 1703/2007/1703
f 1702/2004/1702 1631/1679/1631 1872/1682/1872 1968/2006/1968
f 1968/2008/1968 1872/1689/1872 1632/1690/1632 1848/1913/1848
f 1703/2009/1703 1968/2008/1968 1848/1913/1848 1489/1912/1489
f 604/2010/604 1538/1665/1538 1776/1911/1776 1203/2011/1203
f 1203/2011/1203 1776/1911/1776 1539/1906/1539 1010/2012/1010
f 606/2013/606 1583/1655/1583 1730/1658/1730 1204/2014/1204
f 1204/2015/1204 1730/1664/1730 1538/1665/1538 604/2010/604
f 1010/2012/1010 1539/1906/1539 1774/1909/1774 1205/2016/1205
f 1205/2016/1205 1774/1909/1774 1541/1902/1541 1012/2017/1012
f 1012/2017/1012 1541/1902/1541 1772/1905/1772 1207/2018/1207
f 1207/2018/1207 1772/1905/1772 1543/1898/1543 1013/2019/1013
f 1013/2019/1013 1543/1898/1543 1770/1901/1770 1209/2020/1209
f 1209/2020/1209 1770/1901/1770 1545/1894/1545 1014/2021/1014
f 1014/2021/1014 1545/1894/1545 1768/1897/1768 1211/2022/1211
f 1211/2022/1211 1768/1897/1768 1547/1890/1547 1015/2023/1015
f 1015/2023/1015 1547/1890/1547 1766/1893/1766 1213/2024/1213
f 1213/2024/1213 1766/1893/1766 1549/1886/1549 1016/2025/1016
f 1016/2025/1016 1549/1886/1549 1764/1889/1764 1215/2026/1215
f 1215/2026/1215 1764/1889/1764 1551/1882/1551 1017/2027/1017
f 1017/2027/1017 1551/1882/1551 1762/1885/1762 1217/2028/1217
f 1217/2028/1217 1762/1885/1762 1553/1878/1553 1018/2029/1018
f 1018/2029/1018 1553/1878/1553 1760/1881/1760 1219/2030/1219
f 1219/2030/1219 1760/1881/1760 1555/1874/1555 1019/2031/1019
f 1019/2031/1019 1555/1874/1555 1758/1877/1758 1221/2032/1221
f 1221/2032/1221 1758/1877/1758 1557/1870/1557 1020/2033/1020
f 1020/2033/1020 1557/1870/1557 1756/1873/1756 1223/2034/1223
f 1223/2034/1223 1756/1873/1756 1559/1866/1559 1021/2035/1021
f 1021/2035/1021 1559/1866/1559 1754/1869/1754 1225/2036/1225
f 1225/2036/1225 1754/1869/1754 1561/1862/1561 1022/2037/1022
f 1022/2037/1022 1561/1862/1561 1752/1865/1752 1227/2038/1227
f 1227/2038/1227 1752/1865/1752 1563/1858/1563 1023/2039/1023
f 1023/2039/1023 1563/1858/1563 1750/1861/1750 1229/2040/1229
f 1229/2040/1229 1750/1861/1750 1565/1854/1565 1024/2041/1024
f 1024/2041/1024 1565/1854/1565 1748/1857/1748 1231/2042/1231
f 1231/2042/1231 1748/1857/1748 1567/1850/1567 1025/2043/1025
f 1025/2043/1025 1567/1850/1567 1746/1853/1746 1233/2044/1233
f 1233/2044/1233 1746/1853/1746 1569/1846/1569 1026/2045/1026
f 1026/2045/1026 1569/1846/1569 1744/1849/1744 1235/2046/1235
f 1235/2046/1235 1744/1849/1744 1571/1842/1571 1027/2047/1027
f 1027/2047/1027 1571/1842/1571 1742/1845/1742 1237/2048/1237
f 1237/2048/1237 1742/1845/1742 1573/1838/1573 1028/2049/1028
f 1028/2049/1028 1573/1838/1573 1740/1841/1740 1239/2050/1239
f 1239/2050/1239 1740/1841/1740 1575/1834/1575 1029/2051/1029
f 1029/2051/1029 1575/1834/1575 1738/1837/1738 1241/2052/1241
f 1241/2052/1241 1738/1837/1738 1577/1830/1577 1030/2053/1030
f 1030/2053/1030 1577/1830/1577 1736/1833/1736 1243/2054/1243
f 1243/2054/1243 1736/1833/1736 1579/1826/1579 1031/2055/1031
f 1031/2055/1031 1579/1826/1579 1734/1829/1734 1245/2056/1245
f 1245/2056/1245 1734/1829/1734 1581/1675/1581 1032/2057/1032
f 1032/2057/1032 1581/1675/1581 1732/1678/1732 1247/2058/1247
f 1247/2058/1247 1732/1678/1732 1583/1655/1583 606/2013/606
f 1582/1695/1582 912/2059/912 1393/2060/1393 1731/1696/1731
f 1731/1696/1731 1393/2060/1393 915/2061/915 1584/1683/1584
f 1580/1701/1580 910/2062/910 1394/2063/1394 1733/1702/1733
f 1733/1702/1733 1394/2063/1394 912/2059/912 1582/1695/1582
f 1578/1707/1578 908/2064/908 1395/2065/1395 1735/1708/1735
f 1735/1708/1735 1395/2065/1395 910/2062/910 1580/1701/1580
f 1576/1713/1576 906/2066/906 1396/2067/1396 1737/1714/1737
f 1737/1714/1737 1396/2067/1396 908/2064/908 1578/1707/1578
f 1574/1719/1574 904/2068/904 1397/2069/1397 1739/1720/1739
f 1739/1720/1739 1397/2069/1397 906/2066/906 1576/1713/1576
f 1572/1725/1572 902/2070/902 1398/2071/1398 1741/1726/1741
f 1741/1726/1741 1398/2071/1398 904/2068/904 1574/1719/1574
f 1570/1731/1570 900/2072/900 1399/2073/1399 1743/1732/1743
f 1743/1732/1743 1399/2073/1399 902/2070/902 1572/1725/1572
f 1568/1737/1568 898/2074/898 1400/2075/1400 1745/1738/1745
f 1745/1738/1745 1400/2075/1400 900/2072/900 1570/1731/1570
f 1566/1743/1566 896/2076/896 1401/2077/1401 1747/1744/1747
f 1747/1744/1747 1401/2077/1401 898/2074/898 1568/1737/1568
f 1564/1749/1564 894/2078/894 1402/2079/1402 1749/1750/1749
f 1749/1750/1749 1402/2079/1402 896/2076/896 1566/1743/1566
f 1562/1755/1562 892/2080/892 1403/2081/1403 1751/1756/1751
f 1751/1756/1751 1403/2081/1403 894/2078/894 1564/1749/1564
f 1560/1761/1560 890/2082/890 1404/2083/1404 1753/1762/1753
f 1753/1762/1753 1404/2083/1404 892/2080/892 1562/1755/1562
f 1558/1767/1558 888/2084/888 1405/2085/1405 1755/1768/1755
f 1755/1768/1755 1405/2085/1405 890/2082/890 1560/1761/1560
f 1556/1773/1556 886/2086/886 1406/2087/1406 1757/1774/1757
f 1757/1774/1757 1406/2087/1406 888/2084/888 1558/1767/1558
f 1554/1779/1554 884/2088/884 1407/2089/1407 1759/1780/1759
f 1759/1780/1759 1407/2089/1407 886/2086/886 1556/1773/1556
f 1552/1785/1552 882/2090/882 1408/2091/1408 1761/1786/1761
f 1761/1786/1761 1408/2091/1408 884/2088/884 1554/1779/1554
f 1550/1791/1550 880/2092/880 1409/2093/1409 1763/1792/1763
f 1763/1792/1763 1409/2093/1409 882/2090/882 1552/1785/1552
f 1548/1797/1548 878/2094/878 1410/2095/1410 1765/1798/1765
f 1765/1798/1765 1410/2095/1410 880/2092/880 1550/1791/1550
f 1546/1803/1546 876/2096/876 1411/2097/1411 1767/1804/1767
f 1767/1804/1767 1411/2097/1411 878/2094/878 1548/1797/1548
f 1544/1809/1544 874/2098/874 1412/2099/1412 1769/1810/1769
f 1769/1810/1769 1412/2099/1412 876/2096/876 1546/1803/1546
f 1542/1815/1542 872/2100/872 1413/2101/1413 1771/1816/1771
f 1771/1816/1771 1413/2101/1413 874/2098/874 1544/1809/1544
f 1540/1821/1540 866/2102/866 1414/2103/1414 1773/1822/1773
f 1773/1822/1773 1414/2103/1414 872/2100/872 1542/1815/1542
f 1584/1683/1584 915/2061/915 1415/2104/1415 1729/1684/1729
f 1729/1686/1729 1415/2105/1415 913/2106/913 1537/1687/1537
f 1537/1687/1537 913/2106/913 1416/2107/1416 1775/1825/1775
f 1775/1825/1775 1416/2107/1416 866/2102/866 1540/1821/1540
f 2065/1520/2065 2304/1523/2304 2401/1522/2401 2115/1521/2115
f 2115/1521/2115 2401/1522/2401 2114/1525/2114 1970/1524/1970
f 2401/1522/2401 2258/1527/2258 1972/1526/1972 2114/1525/2114
f 2304/1523/2304 2066/1528/2066 2258/1527/2258 2401/1522/2401
f 2066/1528/2066 2303/1530/2303 2402/1529/2402 2258/1527/2258
f 2258/1527/2258 2402/1529/2402 2118/1531/2118 1972/1526/1972
f 2402/1529/2402 2259/1533/2259 1974/1532/1974 2118/1531/2118
f 2303/1530/2303 2067/1534/2067 2259/1533/2259 2402/1529/2402
f 2067/1534/2067 2302/1536/2302 2403/1535/2403 2259/1533/2259
f 2259/1533/2259 2403/1535/2403 2121/1537/2121 1974/1532/1974
f 2403/1535/2403 2260/1539/2260 1976/1538/1976 2121/1537/2121
f 2302/1536/2302 2068/1540/2068 2260/1539/2260 2403/1535/2403
f 2068/1540/2068 2301/1542/2301 2404/1541/2404 2260/1539/2260
f 2260/1539/2260 2404/1541/2404 2124/1543/2124 1976/1538/1976
f 2404/1541/2404 2261/1545/2261 1978/1544/1978 2124/1543/2124
f 2301/1542/2301 2069/1546/2069 2261/1545/2261 2404/1541/2404
f 2069/1546/2069 2300/1548/2300 2405/1547/2405 2261/1545/2261
f 2261/1545/2261 2405/1547/2405 2127/1549/2127 1978/1544/1978
f 2405/1547/2405 2262/1551/2262 1980/1550/1980 2127/1549/2127
f 2300/1548/2300 2070/1552/2070 2262/1551/2262 2405/1547/2405
f 2070/1552/2070 2299/1554/2299 2406/1553/2406 2262/1551/2262
f 2262/1551/2262 2406/1553/2406 2130/1555/2130 1980/1550/1980
f 2406/1553/2406 2263/1557/2263 1982/1556/1982 2130/1555/2130
f 2299/1554/2299 2071/1558/2071 2263/1557/2263 2406/1553/2406
f 2071/1558/2071 2298/1560/2298 2407/1559/2407 2263/1557/2263
f 2263/1557/2263 2407/1559/2407 2133/1561/2133 1982/1556/1982
f 2407/1559/2407 2264/1563/2264 1984/1562/1984 2133/1561/2133
f 2298/1560/2298 2072/1564/2072 2264/1563/2264 2407/1559/2407
f 2072/1564/2072 2297/1566/2297 2408/1565/2408 2264/1563/2264
f 2264/1563/2264 2408/1565/2408 2136/1567/2136 1984/1562/1984
f 2408/1565/2408 2265/1569/2265 1986/1568/1986 2136/1567/2136
f 2297/1566/2297 2073/1570/2073 2265/1569/2265 2408/1565/2408
f 2073/1570/2073 2296/1572/2296 2409/1571/2409 2265/1569/2265
f 2265/1569/2265 2409/1571/2409 2139/1573/2139 1986/1568/1986
f 2409/1571/2409 2266/1575/2266 1988/1574/1988 2139/1573/2139
f 2296/1572/2296 2074/1576/2074 2266/1575/2266 2409/1571/2409
f 2074/1576/2074 2295/1578/2295 2410/1577/2410 2266/1575/2266
f 2266/1575/2266 2410/1577/2410 2142/1579/2142 1988/1574/1988
f 2410/1577/2410 2267/1581/2267 1990/1580/1990 2142/1579/2142
f 2295/1578/2295 2075/1582/2075 2267/1581/2267 2410/1577/2410
f 2075/1582/2075 2294/1584/2294 2411/1583/2411 2267/1581/2267
f 2267/1581/2267 2411/1583/2411 2145/1585/2145 1990/1580/1990
f 2411/1583/2411 2268/1587/2268 1992/1586/1992 2145/1585/2145
f 2294/1584/2294 2076/1588/2076 2268/1587/2268 2411/1583/2411
f 2076/1588/2076 2293/1590/2293 2412/1589/2412 2268/1587/2268
f 2268/1587/2268 2412/1589/2412 2148/1591/2148 1992/1586/1992
f 2412/1589/2412 2269/1593/2269 1994/1592/1994 2148/1591/2148
f 2293/1590/2293 2077/1594/2077 2269/1593/2269 2412/1589/2412
f 2077/1594/2077 2292/1596/2292 2413/1595/2413 2269/1593/2269
f 2269/1593/2269 2413/1595/2413 2151/1597/2151 1994/1592/1994
f 2413/1595/2413 2270/1599/2270 1996/1598/1996 2151/1597/2151
f 2292/1596/2292 2078/1600/2078 2270/1599/2270 2413/1595/2413
f 2078/1600/2078 2291/1602/2291 2414/1601/2414 2270/1599/2270
f 2270/1599/2270 2414/1601/2414 2154/1603/2154 1996/1598/1996
f 2414/1601/2414 2271/1605/2271 1998/1604/1998 2154/1603/2154
f 2291/1602/2291 2079/1606/2079 2271/1605/2271 2414/1601/2414
f 2079/1606/2079 2290/1608/2290 2415/1607/2415 2271/1605/2271
f 2271/1605/2271 2415/1607/2415 2157/1609/2157 1998/1604/1998
f 2415/1607/2415 2272/1611/2272 2000/1610/2000 2157/1609/2157
f 2290/1608/2290 2080/1612/2080 2272/1611/2272 2415/1607/2415
f 2080/1612/2080 2289/1614/2289 2416/1613/2416 2272/1611/2272
f 2272/1611/2272 2416/1613/2416 2160/1615/2160 2000/1610/2000
f 2416/1613/2416 2273/1617/2273 2002/1616/2002 2160/1615/2160
f 2289/1614/2289 2081/1618/2081 2273/1617/2273 2416/1613/2416
f 2081/1618/2081 2288/1620/2288 2417/1619/2417 2273/1617/2273
f 2273/1617/2273 2417/1619/2417 2163/1621/2163 2002/1616/2002
f 2417/1619/2417 2274/1623/2274 2004/1622/2004 2163/1621/2163
f 2288/1620/2288 2082/1624/2082 2274/1623/2274 2417/1619/2417
f 2082/1624/2082 2287/1626/2287 2418/1625/2418 2274/1623/2274
f 2274/1623/2274 2418/1625/2418 2166/1627/2166 2004/1622/2004
f 2418/1625/2418 2275/1629/2275 2006/1628/2006 2166/1627/2166
f 2287/1626/2287 2083/1630/2083 2275/1629/2275 2418/1625/2418
f 2083/1630/2083 2286/1632/2286 2419/1631/2419 2275/1629/2275
f 2275/1629/2275 2419/1631/2419 2169/1633/2169 2006/1628/2006
f 2419/1631/2419 2276/1635/2276 2008/1634/2008 2169/1633/2169
f 2286/1632/2286 2084/1636/2084 2276/1635/2276 2419/1631/2419
f 2084/1636/2084 2285/1638/2285 2420/1637/2420 2276/1635/2276
f 2276/1635/2276 2420/1637/2420 2172/1639/2172 2008/1634/2008
f 2420/1637/2420 2277/1641/2277 2010/1640/2010 2172/1639/2172
f 2285/1638/2285 2085/1642/2085 2277/1641/2277 2420/1637/2420
f 2085/1642/2085 2284/1644/2284 2421/1643/2421 2277/1641/2277
f 2277/1641/2277 2421/1643/2421 2175/1645/2175 2010/1640/2010
f 2421/1643/2421 2278/1647/2278 2012/1646/2012 2175/1645/2175
f 2284/1644/2284 2086/1648/2086 2278/1647/2278 2421/1643/2421
f 2086/1648/2086 2283/1650/2283 2422/1649/2422 2278/1647/2278
f 2278/1647/2278 2422/1649/2422 2178/1651/2178 2012/1646/2012
f 2422/1649/2422 2279/1653/2279 2014/1652/2014 2178/1651/2178
f 2283/1650/2283 2087/1654/2087 2279/1653/2279 2422/1649/2422
f 2063/1655/2063 2210/1658/2210 2423/1657/2423 2208/1656/2208
f 2208/1656/2208 2423/1657/2423 2281/1660/2281 2088/1659/2088
f 2423/1661/2423 2257/1663/2257 2065/1520/2065 2281/1662/2281
f 2210/1664/2210 2018/1665/2018 2257/1663/2257 2423/1661/2423
f 2087/1654/2087 2282/1667/2282 2424/1666/2424 2279/1653/2279
f 2279/1653/2279 2424/1666/2424 2181/1668/2181 2014/1652/2014
f 2424/1666/2424 2280/1670/2280 2016/1669/2016 2181/1668/2181
f 2282/1667/2282 2088/1659/2088 2280/1670/2280 2424/1666/2424
f 2088/1659/2088 2281/1660/2281 2425/1671/2425 2280/1670/2280
f 2280/1670/2280 2425/1671/2425 2184/1672/2184 2016/1669/2016
f 2425/1673/2425 2115/1521/2115 1970/1524/1970 2184/1674/2184
f 2281/1662/2281 2065/1520/2065 2115/1521/2115 2425/1673/2425
f 2061/1675/2061 2212/1678/2212 2426/1677/2426 2207/1676/2207
f 2207/1676/2207 2426/1677/2426 2282/1667/2282 2087/1654/2087
f 2426/1677/2426 2208/1656/2208 2088/1659/2088 2282/1667/2282
f 2212/1678/2212 2063/1655/2063 2208/1656/2208 2426/1677/2426
f 2111/1679/2111 2352/1682/2352 2427/1681/2427 2327/1680/2327
f 2327/1680/2327 2427/1681/2427 2209/1684/2209 2064/1683/2064
f 2427/1685/2427 2185/1688/2185 2017/1687/2017 2209/1686/2209
f 2352/1689/2352 2112/1690/2112 2185/1688/2185 2427/1685/2427
f 2110/1691/2110 2351/1694/2351 2428/1693/2428 2326/1692/2326
f 2326/1692/2326 2428/1693/2428 2211/1696/2211 2062/1695/2062
f 2428/1693/2428 2327/1680/2327 2064/1683/2064 2211/1696/2211
f 2351/1694/2351 2111/1679/2111 2327/1680/2327 2428/1693/2428
f 2109/1697/2109 2350/1700/2350 2429/1699/2429 2325/1698/2325
f 2325/1698/2325 2429/1699/2429 2213/1702/2213 2060/1701/2060
f 2429/1699/2429 2326/1692/2326 2062/1695/2062 2213/1702/2213
f 2350/1700/2350 2110/1691/2110 2326/1692/2326 2429/1699/2429
f 2108/1703/2108 2349/1706/2349 2430/1705/2430 2324/1704/2324
f 2324/1704/2324 2430/1705/2430 2215/1708/2215 2058/1707/2058
f 2430/1705/2430 2325/1698/2325 2060/1701/2060 2215/1708/2215
f 2349/1706/2349 2109/1697/2109 2325/1698/2325 2430/1705/2430
f 2107/1709/2107 2348/1712/2348 2431/1711/2431 2323/1710/2323
f 2323/1710/2323 2431/1711/2431 2217/1714/2217 2056/1713/2056
f 2431/1711/2431 2324/1704/2324 2058/1707/2058 2217/1714/2217
f 2348/1712/2348 2108/1703/2108 2324/1704/2324 2431/1711/2431
f 2106/1715/2106 2347/1718/2347 2432/1717/2432 2322/1716/2322
f 2322/1716/2322 2432/1717/2432 2219/1720/2219 2054/1719/2054
f 2432/1717/2432 2323/1710/2323 2056/1713/2056 2219/1720/2219
f 2347/1718/2347 2107/1709/2107 2323/1710/2323 2432/1717/2432
f 2105/1721/2105 2346/1724/2346 2433/1723/2433 2321/1722/2321
f 2321/1722/2321 2433/1723/2433 2221/1726/2221 2052/1725/2052
f 2433/1723/2433 2322/1716/2322 2054/1719/2054 2221/1726/2221
f 2346/1724/2346 2106/1715/2106 2322/1716/2322 2433/1723/2433
f 2104/1727/2104 2345/1730/2345 2434/1729/2434 2320/1728/2320
f 2320/1728/2320 2434/1729/2434 2223/1732/2223 2050/1731/2050
f 2434/1729/2434 2321/1722/2321 2052/1725/2052 2223/1732/2223
f 2345/1730/2345 2105/1721/2105 2321/1722/2321 2434/1729/2434
f 2103/1733/2103 2344/1736/2344 2435/1735/2435 2319/1734/2319
f 2319/1734/2319 2435/1735/2435 2225/1738/2225 2048/1737/2048
f 2435/1735/2435 2320/1728/2320 2050/1731/2050 2225/1738/2225
f 2344/1736/2344 2104/1727/2104 2320/1728/2320 2435/1735/2435
f 2102/1739/2102 2343/1742/2343 2436/1741/2436 2318/1740/2318
f 2318/1740/2318 2436/1741/2436 2227/1744/2227 2046/1743/2046
f 2436/1741/2436 2319/1734/2319 2048/1737/2048 2227/1744/2227
f 2343/1742/2343 2103/1733/2103 2319/1734/2319 2436/1741/2436
f 2101/1745/2101 2342/1748/2342 2437/1747/2437 2317/1746/2317
f 2317/1746/2317 2437/1747/2437 2229/1750/2229 2044/1749/2044
f 2437/1747/2437 2318/1740/2318 2046/1743/2046 2229/1750/2229
f 2342/1748/2342 2102/1739/2102 2318/1740/2318 2437/1747/2437
f 2100/1751/2100 2341/1754/2341 2438/1753/2438 2316/1752/2316
f 2316/1752/2316 2438/1753/2438 2231/1756/2231 2042/1755/2042
f 2438/1753/2438 2317/1746/2317 2044/1749/2044 2231/1756/2231
f 2341/1754/2341 2101/1745/2101 2317/1746/2317 2438/1753/2438
f 2099/1757/2099 2340/1760/2340 2439/1759/2439 2315/1758/2315
f 2315/1758/2315 2439/1759/2439 2233/1762/2233 2040/1761/2040
f 2439/1759/2439 2316/1752/2316 2042/1755/2042 2233/1762/2233
f 2340/1760/2340 2100/1751/2100 2316/1752/2316 2439/1759/2439
f 2098/1763/2098 2339/1766/2339 2440/1765/2440 2314/1764/2314
f 2314/1764/2314 2440/1765/2440 2235/1768/2235 2038/1767/2038
f 2440/1765/2440 2315/1758/2315 2040/1761/2040 2235/1768/2235
f 2339/1766/2339 2099/1757/2099 2315/1758/2315 2440/1765/2440
f 2097/1769/2097 2338/1772/2338 2441/1771/2441 2313/1770/2313
f 2313/1770/2313 2441/1771/2441 2237/1774/2237 2036/1773/2036
f 2441/1771/2441 2314/1764/2314 2038/1767/2038 2237/1774/2237
f 2338/1772/2338 2098/1763/2098 2314/1764/2314 2441/1771/2441
f 2096/1775/2096 2337/1778/2337 2442/1777/2442 2312/1776/2312
f 2312/1776/2312 2442/1777/2442 2239/1780/2239 2034/1779/2034
f 2442/1777/2442 2313/1770/2313 2036/1773/2036 2239/1780/2239
f 2337/1778/2337 2097/1769/2097 2313/1770/2313 2442/1777/2442
f 2095/1781/2095 2336/1784/2336 2443/1783/2443 2311/1782/2311
f 2311/1782/2311 2443/1783/2443 2241/1786/2241 2032/1785/2032
f 2443/1783/2443 2312/1776/2312 2034/1779/2034 2241/1786/2241
f 2336/1784/2336 2096/1775/2096 2312/1776/2312 2443/1783/2443
f 2094/1787/2094 2335/1790/2335 2444/1789/2444 2310/1788/2310
f 2310/1788/2310 2444/1789/2444 2243/1792/2243 2030/1791/2030
f 2444/1789/2444 2311/1782/2311 2032/1785/2032 2243/1792/2243
f 2335/1790/2335 2095/1781/2095 2311/1782/2311 2444/1789/2444
f 2093/1793/2093 2334/1796/2334 2445/1795/2445 2309/1794/2309
f 2309/1794/2309 2445/1795/2445 2245/1798/2245 2028/1797/2028
f 2445/1795/2445 2310/1788/2310 2030/1791/2030 2245/1798/2245
f 2334/1796/2334 2094/1787/2094 2310/1788/2310 2445/1795/2445
f 2092/1799/2092 2333/1802/2333 2446/1801/2446 2308/1800/2308
f 2308/1800/2308 2446/1801/2446 2247/1804/2247 2026/1803/2026
f 2446/1801/2446 2309/1794/2309 2028/1797/2028 2247/1804/2247
f 2333/1802/2333 2093/1793/2093 2309/1794/2309 2446/1801/2446
f 2091/1805/2091 2332/1808/2332 2447/1807/2447 2307/1806/2307
f 2307/1806/2307 2447/1807/2447 2249/1810/2249 2024/1809/2024
f 2447/1807/2447 2308/1800/2308 2026/1803/2026 2249/1810/2249
f 2332/1808/2332 2092/1799/2092 2308/1800/2308 2447/1807/2447
f 2090/1811/2090 2331/1814/2331 2448/1813/2448 2306/1812/2306
f 2306/1812/2306 2448/1813/2448 2251/1816/2251 2022/1815/2022
f 2448/1813/2448 2307/1806/2307 2024/1809/2024 2251/1816/2251
f 2331/1814/2331 2091/1805/2091 2307/1806/2307 2448/1813/2448
f 2089/1817/2089 2330/1820/2330 2449/1819/2449 2305/1818/2305
f 2305/1818/2305 2449/1819/2449 2253/1822/2253 2020/1821/2020
f 2449/1819/2449 2306/1812/2306 2022/1815/2022 2253/1822/2253
f 2330/1820/2330 2090/1811/2090 2306/1812/2306 2449/1819/2449
f 2112/1690/2112 2329/1824/2329 2450/1823/2450 2185/1688/2185
f 2185/1688/2185 2450/1823/2450 2255/1825/2255 2017/1687/2017
f 2450/1823/2450 2305/1818/2305 2020/1821/2020 2255/1825/2255
f 2329/1824/2329 2089/1817/2089 2305/1818/2305 2450/1823/2450
f 2059/1826/2059 2214/1829/2214 2451/1828/2451 2206/1827/2206
f 2206/1827/2206 2451/1828/2451 2283/1650/2283 2086/1648/2086
f 2451/1828/2451 2207/1676/2207 2087/1654/2087 2283/1650/2283
f 2214/1829/2214 2061/1675/2061 2207/1676/2207 2451/1828/2451
f 2057/1830/2057 2216/1833/2216 2452/1832/2452 2205/1831/2205
f 2205/1831/2205 2452/1832/2452 2284/1644/2284 2085/1642/2085
f 2452/1832/2452 2206/1827/2206 2086/1648/2086 2284/1644/2284
f 2216/1833/2216 2059/1826/2059 2206/1827/2206 2452/1832/2452
f 2055/1834/2055 2218/1837/2218 2453/1836/2453 2204/1835/2204
f 2204/1835/2204 2453/1836/2453 2285/1638/2285 2084/1636/2084
f 2453/1836/2453 2205/1831/2205 2085/1642/2085 2285/1638/2285
f 2218/1837/2218 2057/1830/2057 2205/1831/2205 2453/1836/2453
f 2053/1838/2053 2220/1841/2220 2454/1840/2454 2203/1839/2203
f 2203/1839/2203 2454/1840/2454 2286/1632/2286 2083/1630/2083
f 2454/1840/2454 2204/1835/2204 2084/1636/2084 2286/1632/2286
f 2220/1841/2220 2055/1834/2055 2204/1835/2204 2454/1840/2454
f 2051/1842/2051 2222/1845/2222 2455/1844/2455 2202/1843/2202
f 2202/1843/2202 2455/1844/2455 2287/1626/2287 2082/1624/2082
f 2455/1844/2455 2203/1839/2203 2083/1630/2083 2287/1626/2287
f 2222/1845/2222 2053/1838/2053 2203/1839/2203 2455/1844/2455
f 2049/1846/2049 2224/1849/2224 2456/1848/2456 2201/1847/2201
f 2201/1847/2201 2456/1848/2456 2288/1620/2288 2081/1618/2081
f 2456/1848/2456 2202/1843/2202 2082/1624/2082 2288/1620/2288
f 2224/1849/2224 2051/1842/2051 2202/1843/2202 2456/1848/2456
f 2047/1850/2047 2226/1853/2226 2457/1852/2457 2200/1851/2200
f 2200/1851/2200 2457/1852/2457 2289/1614/2289 2080/1612/2080
f 2457/1852/2457 2201/1847/2201 2081/1618/2081 2289/1614/2289
f 2226/1853/2226 2049/1846/2049 2201/1847/2201 2457/1852/2457
f 2045/1854/2045 2228/1857/2228 2458/1856/2458 2199/1855/2199
f 2199/1855/2199 2458/1856/2458 2290/1608/2290 2079/1606/2079
f 2458/1856/2458 2200/1851/2200 2080/1612/2080 2290/1608/2290
f 2228/1857/2228 2047/1850/2047 2200/1851/2200 2458/1856/2458
f 2043/1858/2043 2230/1861/2230 2459/1860/2459 2198/1859/2198
f 2198/1859/2198 2459/1860/2459 2291/1602/2291 2078/1600/2078
f 2459/1860/2459 2199/1855/2199 2079/1606/2079 2291/1602/2291
f 2230/1861/2230 2045/1854/2045 2199/1855/2199 2459/1860/2459
f 2041/1862/2041 2232/1865/2232 2460/1864/2460 2197/1863/2197
f 2197/1863/2197 2460/1864/2460 2292/1596/2292 2077/1594/2077
f 2460/1864/2460 2198/1859/2198 2078/1600/2078 2292/1596/2292
f 2232/1865/2232 2043/1858/2043 2198/1859/2198 2460/1864/2460
f 2039/1866/2039 2234/1869/2234 2461/1868/2461 2196/1867/2196
f 2196/1867/2196 2461/1868/2461 2293/1590/2293 2076/1588/2076
f 2461/1868/2461 2197/1863/2197 2077/1594/2077 2293/1590/2293
f 2234/1869/2234 2041/1862/2041 2197/1863/2197 2461/1868/2461
f 2037/1870/2037 2236/1873/2236 2462/1872/2462 2195/1871/2195
f 2195/1871/2195 2462/1872/2462 2294/1584/2294 2075/1582/2075
f 2462/1872/2462 2196/1867/2196 2076/1588/2076 2294/1584/2294
f 2236/1873/2236 2039/1866/2039 2196/1867/2196 2462/1872/2462
f 2035/1874/2035 2238/1877/2238 2463/1876/2463 2194/1875/2194
f 2194/1875/2194 2463/1876/2463 2295/1578/2295 2074/1576/2074
f 2463/1876/2463 2195/1871/2195 2075/1582/2075 2295/1578/2295
f 2238/1877/2238 2037/1870/2037 2195/1871/2195 2463/1876/2463
f 2033/1878/2033 2240/1881/2240 2464/1880/2464 2193/1879/2193
f 2193/1879/2193 2464/1880/2464 2296/1572/2296 2073/1570/2073
f 2464/1880/2464 2194/1875/2194 2074/1576/2074 2296/1572/2296
f 2240/1881/2240 2035/1874/2035 2194/1875/2194 2464/1880/2464
f 2031/1882/2031 2242/1885/2242 2465/1884/2465 2192/1883/2192
f 2192/1883/2192 2465/1884/2465 2297/1566/2297 2072/1564/2072
f 2465/1884/2465 2193/1879/2193 2073/1570/2073 2297/1566/2297
f 2242/1885/2242 2033/1878/2033 2193/1879/2193 2465/1884/2465
f 2029/1886/2029 2244/1889/2244 2466/1888/2466 2191/1887/2191
f 2191/1887/2191 2466/1888/2466 2298/1560/2298 2071/1558/2071
f 2466/1888/2466 2192/1883/2192 2072/1564/2072 2298/1560/2298
f 2244/1889/2244 2031/1882/2031 2192/1883/2192 2466/1888/2466
f 2027/1890/2027 2246/1893/2246 2467/1892/2467 2190/1891/2190
f 2190/1891/2190 2467/1892/2467 2299/1554/2299 2070/1552/2070
f 2467/1892/2467 2191/1887/2191 2071/1558/2071 2299/1554/2299
f 2246/1893/2246 2029/1886/2029 2191/1887/2191 2467/1892/2467
f 2025/1894/2025 2248/1897/2248 2468/1896/2468 2189/1895/2189
f 2189/1895/2189 2468/1896/2468 2300/1548/2300 2069/1546/2069
f 2468/1896/2468 2190/1891/2190 2070/1552/2070 2300/1548/2300
f 2248/1897/2248 2027/1890/2027 2190/1891/2190 2468/1896/2468
f 2023/1898/2023 2250/1901/2250 2469/1900/2469 2188/1899/2188
f 2188/1899/2188 2469/1900/2469 2301/1542/2301 2068/1540/2068
f 2469/1900/2469 2189/1895/2189 2069/1546/2069 2301/1542/2301
f 2250/1901/2250 2025/1894/2025 2189/1895/2189 2469/1900/2469
f 2021/1902/2021 2252/1905/2252 2470/1904/2470 2187/1903/2187
f 2187/1903/2187 2470/1904/2470 2302/1536/2302 2067/1534/2067
f 2470/1904/2470 2188/1899/2188 2068/1540/2068 2302/1536/2302
f 2252/1905/2252 2023/1898/2023 2188/1899/2188 2470/1904/2470
f 2019/1906/2019 2254/1909/2254 2471/1908/2471 2186/1907/2186
f 2186/1907/2186 2471/1908/2471 2303/1530/2303 2066/1528/2066
f 2471/1908/2471 2187/1903/2187 2067/1534/2067 2303/1530/2303
f 2254/1909/2254 2021/1902/2021 2187/1903/2187 2471/1908/2471
f 2018/1665/2018 2256/1911/2256 2472/1910/2472 2257/1663/2257
f 2257/1663/2257 2472/1910/2472 2304/1523/2304 2065/1520/2065
f 2472/1910/2472 2186/1907/2186 2066/1528/2066 2304/1523/2304
f 2256/1911/2256 2019/1906/2019 2186/1907/2186 2472/1910/2472
f 1969/1912/1969 2113/1915/2113 2473/1914/2473 2328/1913/2328
f 2328/1913/2328 2473/1914/2473 2329/1824/2329 2112/1690/2112
f 2473/1914/2473 2116/1916/2116 2089/1817/2089 2329/1824/2329
f 2113/1915/2113 1971/1917/1971 2116/1916/2116 2473/1914/2473
f 1971/1917/1971 2117/1919/2117 2474/1918/2474 2116/1916/2116
f 2116/1916/2116 2474/1918/2474 2330/1820/2330 2089/1817/2089
f 2474/1918/2474 2119/1920/2119 2090/1811/2090 2330/1820/2330
f 2117/1919/2117 1973/1921/1973 2119/1920/2119 2474/1918/2474
f 1973/1921/1973 2120/1923/2120 2475/1922/2475 2119/1920/2119
f 2119/1920/2119 2475/1922/2475 2331/1814/2331 2090/1811/2090
f 2475/1922/2475 2122/1924/2122 2091/1805/2091 2331/1814/2331
f 2120/1923/2120 1975/1925/1975 2122/1924/2122 2475/1922/2475
f 1975/1925/1975 2123/1927/2123 2476/1926/2476 2122/1924/2122
f 2122/1924/2122 2476/1926/2476 2332/1808/2332 2091/1805/2091
f 2476/1926/2476 2125/1928/2125 2092/1799/2092 2332/1808/2332
f 2123/1927/2123 1977/1929/1977 2125/1928/2125 2476/1926/2476
f 1977/1929/1977 2126/1931/2126 2477/1930/2477 2125/1928/2125
f 2125/1928/2125 2477/1930/2477 2333/1802/2333 2092/1799/2092
f 2477/1930/2477 2128/1932/2128 2093/1793/2093 2333/1802/2333
f 2126/1931/2126 1979/1933/1979 2128/1932/2128 2477/1930/2477
f 1979/1933/1979 2129/1935/2129 2478/1934/2478 2128/1932/2128
f 2128/1932/2128 2478/1934/2478 2334/1796/2334 2093/1793/2093
f 2478/1934/2478 2131/1936/2131 2094/1787/2094 2334/1796/2334
f 2129/1935/2129 1981/1937/1981 2131/1936/2131 2478/1934/2478
f 1981/1937/1981 2132/1939/2132 2479/1938/2479 2131/1936/2131
f 2131/1936/2131 2479/1938/2479 2335/1790/2335 2094/1787/2094
f 2479/1938/2479 2134/1940/2134 2095/1781/2095 2335/1790/2335
f 2132/1939/2132 1983/1941/1983 2134/1940/2134 2479/1938/2479
f 1983/1941/1983 2135/1943/2135 2480/1942/2480 2134/1940/2134
f 2134/1940/2134 2480/1942/2480 2336/1784/2336 2095/1781/2095
f 2480/1942/2480 2137/1944/2137 2096/1775/2096 2336/1784/2336
f 2135/1943/2135 1985/1945/1985 2137/1944/2137 2480/1942/2480
f 1985/1945/1985 2138/1947/2138 2481/1946/2481 2137/1944/2137
f 2137/1944/2137 2481/1946/2481 2337/1778/2337 2096/1775/2096
f 2481/1946/2481 2140/1948/2140 2097/1769/2097 2337/1778/2337
f 2138/1947/2138 1987/1949/1987 2140/1948/2140 2481/1946/2481
f 1987/1949/1987 2141/1951/2141 2482/1950/2482 2140/1948/2140
f 2140/1948/2140 2482/1950/2482 2338/1772/2338 2097/1769/2097
f 2482/1950/2482 2143/1952/2143 2098/1763/2098 2338/1772/2338
f 2141/1951/2141 1989/1953/1989 2143/1952/2143 2482/1950/2482
f 1989/1953/1989 2144/1955/2144 2483/1954/2483 2143/1952/2143
f 2143/1952/2143 2483/1954/2483 2339/1766/2339 2098/1763/2098
f 2483/1954/2483 2146/1956/2146 2099/1757/2099 2339/1766/2339
f 2144/1955/2144 1991/1957/1991 2146/1956/2146 2483/1954/2483
f 1991/1957/1991 2147/1959/2147 2484/1958/2484 2146/1956/2146
f 2146/1956/2146 2484/1958/2484 2340/1760/2340 2099/1757/2099
f 2484/1958/2484 2149/1960/2149 2100/1751/2100 2340/1760/2340
f 2147/1959/2147 1993/1961/1993 2149/1960/2149 2484/1958/2484
f 1993/1961/1993 2150/1963/2150 2485/1962/2485 2149/1960/2149
f 2149/1960/2149 2485/1962/2485 2341/1754/2341 2100/1751/2100
f 2485/1962/2485 2152/1964/2152 2101/1745/2101 2341/1754/2341
f 2150/1963/2150 1995/1965/1995 2152/1964/2152 2485/1962/2485
f 1995/1965/1995 2153/1967/2153 2486/1966/2486 2152/1964/2152
f 2152/1964/2152 2486/1966/2486 2342/1748/2342 2101/1745/2101
f 2486/1966/2486 2155/1968/2155 2102/1739/2102 2342/1748/2342
f 2153/1967/2153 1997/1969/1997 2155/1968/2155 2486/1966/2486
f 1997/1969/1997 2156/1971/2156 2487/1970/2487 2155/1968/2155
f 2155/1968/2155 2487/1970/2487 2343/1742/2343 2102/1739/2102
f 2487/1970/2487 2158/1972/2158 2103/1733/2103 2343/1742/2343
f 2156/1971/2156 1999/1973/1999 2158/1972/2158 2487/1970/2487
f 1999/1973/1999 2159/1975/2159 2488/1974/2488 2158/1972/2158
f 2158/1972/2158 2488/1974/2488 2344/1736/2344 2103/1733/2103
f 2488/1974/2488 2161/1976/2161 2104/1727/2104 2344/1736/2344
f 2159/1975/2159 2001/1977/2001 2161/1976/2161 2488/1974/2488
f 2001/1977/2001 2162/1979/2162 2489/1978/2489 2161/1976/2161
f 2161/1976/2161 2489/1978/2489 2345/1730/2345 2104/1727/2104
f 2489/1978/2489 2164/1980/2164 2105/1721/2105 2345/1730/2345
f 2162/1979/2162 2003/1981/2003 2164/1980/2164 2489/1978/2489
f 2003/1981/2003 2165/1983/2165 2490/1982/2490 2164/1980/2164
f 2164/1980/2164 2490/1982/2490 2346/1724/2346 2105/1721/2105
f 2490/1982/2490 2167/1984/2167 2106/1715/2106 2346/1724/2346
f 2165/1983/2165 2005/1985/2005 2167/1984/2167 2490/1982/2490
f 2005/1985/2005 2168/1987/2168 2491/1986/2491 2167/1984/2167
f 2167/1984/2167 2491/1986/2491 2347/1718/2347 2106/1715/2106
f 2491/1986/2491 2170/1988/2170 2107/1709/2107 2347/1718/2347
f 2168/1987/2168 2007/1989/2007 2170/1988/2170 2491/1986/2491
f 2007/1989/2007 2171/1991/2171 2492/1990/2492 2170/1988/2170
f 2170/1988/2170 2492/1990/2492 2348/1712/2348 2107/1709/2107
f 2492/1990/2492 2173/1992/2173 2108/1703/2108 2348/1712/2348
f 2171/1991/2171 2009/1993/2009 2173/1992/2173 2492/1990/2492
f 2009/1993/2009 2174/1995/2174 2493/1994/2493 2173/1992/2173
f 2173/1992/2173 2493/1994/2493 2349/1706/2349 2108/1703/2108
f 2493/1994/2493 2176/1996/2176 2109/1697/2109 2349/1706/2349
f 2174/1995/2174 2011/1997/2011 2176/1996/2176 2493/1994/2493
f 2011/1997/2011 2177/1999/2177 2494/1998/2494 2176/1996/2176
f 2176/1996/2176 2494/1998/2494 2350/1700/2350 2109/1697/2109
f 2494/1998/2494 2179/2000/2179 2110/1691/2110 2350/1700/2350
f 2177/1999/2177 2013/2001/2013 2179/2000/2179 2494/1998/2494
f 2013/2001/2013 2180/2003/2180 2495/2002/2495 2179/2000/2179
f 2179/2000/2179 2495/2002/2495 2351/1694/2351 2110/1691/2110
f 2495/2002/2495 2182/2004/2182 2111/1679/2111 2351/1694/2351
f 2180/2003/2180 2015/2005/2015 2182/2004/2182 2495/2002/2495
f 2015/2005/2015 2183/2007/2183 2496/2006/2496 2182/2004/2182
f 2182/2004/2182 2496/2006/2496 2352/1682/2352 2111/1679/2111
f 2496/2008/2496 2328/1913/2328 2112/1690/2112 2352/1689/2352
f 2183/2009/2183 1969/1912/1969 2328/1913/2328 2496/2008/2496
f 2353/2010/2353 2497/2011/2497 2256/1911/2256 2018/1665/2018
f 2497/2011/2497 2379/2012/2379 2019/1906/2019 2256/1911/2256
f 2354/2013/2354 2498/2014/2498 2210/1658/2210 2063/1655/2063
f 2498/2015/2498 2353/2010/2353 2018/1665/2018 2210/1664/2210
f 2379/2012/2379 2499/2016/2499 2254/1909/2254 2019/1906/2019
f 2499/2016/2499 2380/2017/2380 2021/1902/2021 2254/1909/2254
f 2380/2017/2380 2500/2018/2500 2252/1905/2252 2021/1902/2021
f 2500/2018/2500 2381/2019/2381 2023/1898/2023 2252/1905/2252
f 2381/2019/2381 2501/2020/2501 2250/1901/2250 2023/1898/2023
f 2501/2020/2501 2382/2021/2382 2025/1894/2025 2250/1901/2250
f 2382/2021/2382 2502/2022/2502 2248/1897/2248 2025/1894/2025
f 2502/2022/2502 2383/2023/2383 2027/1890/2027 2248/1897/2248
f 2383/2023/2383 2503/2024/2503 2246/1893/2246 2027/1890/2027
f 2503/2024/2503 2384/2025/2384 2029/1886/2029 2246/1893/2246
f 2384/2025/2384 2504/2026/2504 2244/1889/2244 2029/1886/2029
f 2504/2026/2504 2385/2027/2385 2031/1882/2031 2244/1889/2244
f 2385/2027/2385 2505/2028/2505 2242/1885/2242 2031/1882/2031
f 2505/2028/2505 2386/2029/2386 2033/1878/2033 2242/1885/2242
f 2386/2029/2386 2506/2030/2506 2240/1881/2240 2033/1878/2033
f 2506/2030/2506 2387/2031/2387 2035/1874/2035 2240/1881/2240
f 2387/2031/2387 2507/2032/2507 2238/1877/2238 2035/1874/2035
f 2507/2032/2507 2388/2033/2388 2037/1870/2037 2238/1877/2238
f 2388/2033/2388 2508/2034/2508 2236/1873/2236 2037/1870/2037
f 2508/2034/2508 2389/2035/2389 2039/1866/2039 2236/1873/2236
f 2389/2035/2389 2509/2036/2509 2234/1869/2234 2039/1866/2039
f 2509/2036/2509 2390/2037/2390 2041/1862/2041 2234/1869/2234
f 2390/2037/2390 2510/2038/2510 2232/1865/2232 2041/1862/2041
f 2510/2038/2510 2391/2039/2391 2043/1858/2043 2232/1865/2232
f 2391/2039/2391 2511/2040/2511 2230/1861/2230 2043/1858/2043
f 2511/2040/2511 2392/2041/2392 2045/1854/2045 2230/1861/2230
f 2392/2041/2392 2512/2042/2512 2228/1857/2228 2045/1854/2045
f 2512/2042/2512 2393/2043/2393 2047/1850/2047 2228/1857/2228
f 2393/2043/2393 2513/2044/2513 2226/1853/2226 2047/1850/2047
f 2513/2044/2513 2394/2045/2394 2049/1846/2049 2226/1853/2226
f 2394/2045/2394 2514/2046/2514 2224/1849/2224 2049/1846/2049
f 2514/2046/2514 2395/2047/2395 2051/1842/2051 2224/1849/2224
f 2395/2047/2395 2515/2048/2515 2222/1845/2222 2051/1842/2051
f 2515/2048/2515 2396/2049/2396 2053/1838/2053 2222/1845/2222
f 2396/2049/2396 2516/2050/2516 2220/1841/2220 2053/1838/2053
f 2516/2050/2516 2397/2051/2397 2055/1834/2055 2220/1841/2220
f 2397/2051/2397 2517/2052/2517 2218/1837/2218 2055/1834/2055
f 2517/2052/2517 2398/2053/2398 2057/1830/2057 2218/1837/2218
f 2398/2053/2398 2518/2054/2518 2216/1833/2216 2057/1830/2057
f 2518/2054/2518 2399/2055/2399 2059/1826/2059 2216/1833/2216
f 2399/2055/2399 2519/2056/2519 2214/1829/2214 2059/1826/2059
f 2519/2056/2519 2400/2057/2400 2061/1675/2061 2214/1829/2214
f 2400/2057/2400 2520/2058/2520 2212/1678/2212 2061/1675/2061
f 2520/2058/2520 2354/2013/2354 2063/1655/2063 2212/1678/2212
f 2062/1695/2062 2211/1696/2211 2521/2060/2521 2376/2059/2376
f 2211/1696/2211 2064/1683/2064 2378/2061/2378 2521/2060/2521
f 2060/1701/2060 2213/1702/2213 2522/2063/2522 2375/2062/2375
f 2213/1702/2213 2062/1695/2062 2376/2059/2376 2522/2063/2522
f 2058/1707/2058 2215/1708/2215 2523/2065/2523 2374/2064/2374
f 2215/1708/2215 2060/1701/2060 2375/2062/2375 2523/2065/2523
f 2056/1713/2056 2217/1714/2217 2524/2067/2524 2373/2066/2373
f 2217/1714/2217 2058/1707/2058 2374/2064/2374 2524/2067/2524
f 2054/1719/2054 2219/1720/2219 2525/2069/2525 2372/2068/2372
f 2219/1720/2219 2056/1713/2056 2373/2066/2373 2525/2069/2525
f 2052/1725/2052 2221/1726/2221 2526/2071/2526 2371/2070/2371
f 2221/1726/2221 2054/1719/2054 2372/2068/2372 2526/2071/2526
f 2050/1731/2050 2223/1732/2223 2527/2073/2527 2370/2072/2370
f 2223/1732/2223 2052/1725/2052 2371/2070/2371 2527/2073/2527
f 2048/1737/2048 2225/1738/2225 2528/2075/2528 2369/2074/2369
f 2225/1738/2225 2050/1731/2050 2370/2072/2370 2528/2075/2528
f 2046/1743/2046 2227/1744/2227 2529/2077/2529 2368/2076/2368
f 2227/1744/2227 2048/1737/2048 2369/2074/2369 2529/2077/2529
f 2044/1749/2044 2229/1750/2229 2530/2079/2530 2367/2078/2367
f 2229/1750/2229 2046/1743/2046 2368/2076/2368 2530/2079/2530
f 2042/1755/2042 2231/1756/2231 2531/2081/2531 2366/2080/2366
f 2231/1756/2231 2044/1749/2044 2367/2078/2367 2531/2081/2531
f 2040/1761/2040 2233/1762/2233 2532/2083/2532 2365/2082/2365
f 2233/1762/2233 2042/1755/2042 2366/2080/2366 2532/2083/2532
f 2038/1767/2038 2235/1768/2235 2533/2085/2533 2364/2084/2364
f 2235/1768/2235 2040/1761/2040 2365/2082/2365 2533/2085/2533
f 2036/1773/2036 2237/1774/2237 2534/2087/2534 2363/2086/2363
f 2237/1774/2237 2038/1767/2038 2364/2084/2364 2534/2087/2534
f 2034/1779/2034 2239/1780/2239 2535/2089/2535 2362/2088/2362
f 2239/1780/2239 2036/1773/2036 2363/2086/2363 2535/2089/2535
f 2032/1785/2032 2241/1786/2241 2536/2091/2536 2361/2090/2361
f 2241/1786/2241 2034/1779/2034 2362/2088/2362 2536/2091/2536
f 2030/1791/2030 2243/1792/2243 2537/2093/2537 2360/2092/2360
f 2243/1792/2243 2032/1785/2032 2361/2090/2361 2537/2093/2537
f 2028/1797/2028 2245/1798/2245 2538/2095/2538 2359/2094/2359
f 2245/1798/2245 2030/1791/2030 2360/2092/2360 2538/2095/2538
f 2026/1803/2026 2247/1804/2247 2539/2097/2539 2358/2096/2358
f 2247/1804/2247 2028/1797/2028 2359/2094/2359 2539/2097/2539
f 2024/1809/2024 2249/1810/2249 2540/2099/2540 2357/2098/2357
f 2249/1810/2249 2026/1803/2026 2358/2096/2358 2540/2099/2540
f 2022/1815/2022 2251/1816/2251 2541/2101/2541 2356/2100/2356
f 2251/1816/2251 2024/1809/2024 2357/2098/2357 2541/2101/2541
f 2020/1821/2020 2253/1822/2253 2542/2103/2542 2355/2102/2355
f 2253/1822/2253 2022/1815/2022 2356/2100/2356 2542/2103/2542
f 2064/1683/2064 2209/1684/2209 2543/2104/2543 2378/2061/2378
f 2209/1686/2209 2017/1687/2017 2377/2106/2377 2543/2105/2543
f 2017/1687/2017 2255/1825/2255 2544/2107/2544 2377/2106/2377
f 2255/1825/2255 2020/1821/2020 2355/2102/2355 2544/2107/2544
f 1489/1912/1489 1633/1915/1633 2113/1915/2113 1969/1912/1969
f 1633/1915/1633 1491/1917/1491 1971/1917/1971 2113/1915/2113
f 1492/1526/1492 1634/1525/1634 2114/1525/2114 1972/1526/1972
f 1634/1525/1634 1490/1524/1490 1970/1524/1970 2114/1525/2114
f 1491/1917/1491 1637/1919/1637 2117/1919/2117 1971/1917/1971
f 1637/1919/1637 1493/1921/1493 1973/1921/1973 2117/1919/2117
f 1494/1532/1494 1638/1531/1638 2118/1531/2118 1974/1532/1974
f 1638/1531/1638 1492/1526/1492 1972/1526/1972 2118/1531/2118
f 1493/1921/1493 1640/1923/1640 2120/1923/2120 1973/1921/1973
f 1640/1923/1640 1495/1925/1495 1975/1925/1975 2120/1923/2120
f 1496/1538/1496 1641/1537/1641 2121/1537/2121 1976/1538/1976
f 1641/1537/1641 1494/1532/1494 1974/1532/1974 2121/1537/2121
f 1495/1925/1495 1643/1927/1643 2123/1927/2123 1975/1925/1975
f 1643/1927/1643 1497/1929/1497 1977/1929/1977 2123/1927/2123
f 1498/1544/1498 1644/1543/1644 2124/1543/2124 1978/1544/1978
f 1644/1543/1644 1496/1538/1496 1976/1538/1976 2124/1543/2124
f 1497/1929/1497 1646/1931/1646 2126/1931/2126 1977/1929/1977
f 1646/1931/1646 1499/1933/1499 1979/1933/1979 2126/1931/2126
f 1500/1550/1500 1647/1549/1647 2127/1549/2127 1980/1550/1980
f 1647/1549/1647 1498/1544/1498 1978/1544/1978 2127/1549/2127
f 1499/1933/1499 1649/1935/1649 2129/1935/2129 1979/1933/1979
f 1649/1935/1649 1501/1937/1501 1981/1937/1981 2129/1935/2129
f 1502/1556/1502 1650/1555/1650 2130/1555/2130 1982/1556/1982
f 1650/1555/1650 1500/1550/1500 1980/1550/1980 2130/1555/2130
f 1501/1937/1501 1652/1939/1652 2132/1939/2132 1981/1937/1981
f 1652/1939/1652 1503/1941/1503 1983/1941/1983 2132/1939/2132
f 1504/1562/1504 1653/1561/1653 2133/1561/2133 1984/1562/1984
f 1653/1561/1653 1502/1556/1502 1982/1556/1982 2133/1561/2133
f 1503/1941/1503 1655/1943/1655 2135/1943/2135 1983/1941/1983
f 1655/1943/1655 1505/1945/1505 1985/1945/1985 2135/1943/2135
f 1506/1568/1506 1656/1567/1656 2136/1567/2136 1986/1568/1986
f 1656/1567/1656 1504/1562/1504 1984/1562/1984 2136/1567/2136
f 1505/1945/1505 1658/1947/1658 2138/1947/2138 1985/1945/1985
f 1658/1947/1658 1507/1949/1507 1987/1949/1987 2138/1947/2138
f 1508/1574/1508 1659/1573/1659 2139/1573/2139 1988/1574/1988
f 1659/1573/1659 1506/1568/1506 1986/1568/1986 2139/1573/2139
f 1507/1949/1507 1661/1951/1661 2141/1951/2141 1987/1949/1987
f 1661/1951/1661 1509/1953/1509 1989/1953/1989 2141/1951/2141
f 1510/1580/1510 1662/1579/1662 2142/1579/2142 1990/1580/1990
f 1662/1579/1662 1508/1574/1508 1988/1574/1988 2142/1579/2142
f 1509/1953/1509 1664/1955/1664 2144/1955/2144 1989/1953/1989
f 1664/1955/1664 1511/1957/1511 1991/1957/1991 2144/1955/2144
f 1512/1586/1512 1665/1585/1665 2145/1585/2145 1992/1586/1992
f 1665/1585/1665 1510/1580/1510 1990/1580/1990 2145/1585/2145
f 1511/1957/1511 1667/1959/1667 2147/1959/2147 1991/1957/1991
f 1667/1959/1667 1513/1961/1513 1993/1961/1993 2147/1959/2147
f 1514/1592/1514 1668/1591/1668 2148/1591/2148 1994/1592/1994
f 1668/1591/1668 1512/1586/1512 1992/1586/1992 2148/1591/2148
f 1513/1961/1513 1670/1963/1670 2150/1963/2150 1993/1961/1993
f 1670/1963/1670 1515/1965/1515 1995/1965/1995 2150/1963/2150
f 1516/1598/1516 1671/1597/1671 2151/1597/2151 1996/1598/1996
f 1671/1597/1671 1514/1592/1514 1994/1592/1994 2151/1597/2151
f 1515/1965/1515 1673/1967/1673 2153/1967/2153 1995/1965/1995
f 1673/1967/1673 1517/1969/1517 1997/1969/1997 2153/1967/2153
f 1518/1604/1518 1674/1603/1674 2154/1603/2154 1998/1604/1998
f 1674/1603/1674 1516/1598/1516 1996/1598/1996 2154/1603/2154
f 1517/1969/1517 1676/1971/1676 2156/1971/2156 1997/1969/1997
f 1676/1971/1676 1519/1973/1519 1999/1973/1999 2156/1971/2156
f 1520/1610/1520 1677/1609/1677 2157/1609/2157 2000/1610/2000
f 1677/1609/1677 1518/1604/1518 1998/1604/1998 2157/1609/2157
f 1519/1973/1519 1679/1975/1679 2159/1975/2159 1999/1973/1999
f 1679/1975/1679 1521/1977/1521 2001/1977/2001 2159/1975/2159
f 1522/1616/1522 1680/1615/1680 2160/1615/2160 2002/1616/2002
f 1680/1615/1680 1520/1610/1520 2000/1610/2000 2160/1615/2160
f 1521/1977/1521 1682/1979/1682 2162/1979/2162 2001/1977/2001
f 1682/1979/1682 1523/1981/1523 2003/1981/2003 2162/1979/2162
f 1524/1622/1524 1683/1621/1683 2163/1621/2163 2004/1622/2004
f 1683/1621/1683 1522/1616/1522 2002/1616/2002 2163/1621/2163
f 1523/1981/1523 1685/1983/1685 2165/1983/2165 2003/1981/2003
f 1685/1983/1685 1525/1985/1525 2005/1985/2005 2165/1983/2165
f 1526/1628/1526 1686/1627/1686 2166/1627/2166 2006/1628/2006
f 1686/1627/1686 1524/1622/1524 2004/1622/2004 2166/1627/2166
f 1525/1985/1525 1688/1987/1688 2168/1987/2168 2005/1985/2005
f 1688/1987/1688 1527/1989/1527 2007/1989/2007 2168/1987/2168
f 1528/1634/1528 1689/1633/1689 2169/1633/2169 2008/1634/2008
f 1689/1633/1689 1526/1628/1526 2006/1628/2006 2169/1633/2169
f 1527/1989/1527 1691/1991/1691 2171/1991/2171 2007/1989/2007
f 1691/1991/1691 1529/1993/1529 2009/1993/2009 2171/1991/2171
f 1530/1640/1530 1692/1639/1692 2172/1639/2172 2010/1640/2010
f 1692/1639/1692 1528/1634/1528 2008/1634/2008 2172/1639/2172
f 1529/1993/1529 1694/1995/1694 2174/1995/2174 2009/1993/2009
f 1694/1995/1694 1531/1997/1531 2011/1997/2011 2174/1995/2174
f 1532/1646/1532 1695/1645/1695 2175/1645/2175 2012/1646/2012
f 1695/1645/1695 1530/1640/1530 2010/1640/2010 2175/1645/2175
f 1531/1997/1531 1697/1999/1697 2177/1999/2177 2011/1997/2011
f 1697/1999/1697 1533/2001/1533 2013/2001/2013 2177/1999/2177
f 1534/1652/1534 1698/1651/1698 2178/1651/2178 2014/1652/2014
f 1698/1651/1698 1532/1646/1532 2012/1646/2012 2178/1651/2178
f 1533/2001/1533 1700/2003/1700 2180/2003/2180 2013/2001/2013
f 1700/2003/1700 1535/2005/1535 2015/2005/2015 2180/2003/2180
f 1536/1669/1536 1701/1668/1701 2181/1668/2181 2016/1669/2016
f 1701/1668/1701 1534/1652/1534 2014/1652/2014 2181/1668/2181
f 1535/2005/1535 1703/2007/1703 2183/2007/2183 2015/2005/2015
f 1703/2009/1703 1489/1912/1489 1969/1912/1969 2183/2009/2183
f 1490/1524/1490 1704/1674/1704 2184/1674/2184 1970/1524/1970
f 1704/1672/1704 1536/1669/1536 2016/1669/2016 2184/1672/2184
f 604/2010/604 1203/2011/1203 2497/2011/2497 2353/2010/2353
f 1203/2011/1203 1010/2012/1010 2379/2012/2379 2497/2011/2497
f 606/2013/606 1204/2014/1204 2498/2014/2498 2354/2013/2354
f 1204/2015/1204 604/2010/604 2353/2010/2353 2498/2015/2498
f 1010/2012/1010 1205/2016/1205 2499/2016/2499 2379/2012/2379
f 1205/2016/1205 1012/2017/1012 2380/2017/2380 2499/2016/2499
f 1012/2017/1012 1207/2018/1207 2500/2018/2500 2380/2017/2380
f 1207/2018/1207 1013/2019/1013 2381/2019/2381 2500/2018/2500
f 1013/2019/1013 1209/2020/1209 2501/2020/2501 2381/2019/2381
f 1209/2020/1209 1014/2021/1014 2382/2021/2382 2501/2020/2501
f 1014/2021/1014 1211/2022/1211 2502/2022/2502 2382/2021/2382
f 1211/2022/1211 1015/2023/1015 2383/2023/2383 2502/2022/2502
f 1015/2023/1015 1213/2024/1213 2503/2024/2503 2383/2023/2383
f 1213/2024/1213 1016/2025/1016 2384/2025/2384 2503/2024/2503
f 1016/2025/1016 1215/2026/1215 2504/2026/2504 2384/2025/2384
f 1215/2026/1215 1017/2027/1017 2385/2027/2385 2504/2026/2504
f 1017/2027/1017 1217/2028/1217 2505/2028/2505 2385/2027/2385
f 1217/2028/1217 1018/2029/1018 2386/2029/2386 2505/2028/2505
f 1018/2029/1018 1219/2030/1219 2506/2030/2506 2386/2029/2386
f 1219/2030/1219 1019/2031/1019 2387/2031/2387 2506/2030/2506
f 1019/2031/1019 1221/2032/1221 2507/2032/2507 2387/2031/2387
f 1221/2032/1221 1020/2033/1020 2388/2033/2388 2507/2032/2507
f 1020/2033/1020 1223/2034/1223 2508/2034/2508 2388/2033/2388
f 1223/2034/1223 1021/2035/1021 2389/2035/2389 2508/2034/2508
f 1021/2035/1021 1225/2036/1225 2509/2036/2509 2389/2035/2389
f 1225/2036/1225 1022/2037/1022 2390/2037/2390 2509/2036/2509
f 1022/2037/1022 1227/2038/1227 2510/2038/2510 2390/2037/2390
f 1227/2038/1227 1023/2039/1023 2391/2039/2391 2510/2038/2510
f 1023/2039/1023 1229/2040/1229 2511/2040/2511 2391/2039/2391
f 1229/2040/1229 1024/2041/1024 2392/2041/2392 2511/2040/2511
f 1024/2041/1024 1231/2042/1231 2512/2042/2512 2392/2041/2392
f 1231/2042/1231 1025/2043/1025 2393/2043/2393 2512/2042/2512
f 1025/2043/1025 1233/2044/1233 2513/2044/2513 2393/2043/2393
f 1233/2044/1233 1026/2045/1026 2394/2045/2394 2513/2044/2513
f 1026/2045/1026 1235/2046/1235 2514/2046/2514 2394/2045/2394
f 1235/2046/1235 1027/2047/1027 2395/2047/2395 2514/2046/2514
f 1027/2047/1027 1237/2048/1237 2515/2048/2515 2395/2047/2395
f 1237/2048/1237 1028/2049/1028 2396/2049/2396 2515/2048/2515
f 1028/2049/1028 1239/2050/1239 2516/2050/2516 2396/2049/2396
f 1239/2050/1239 1029/2051/1029 2397/2051/2397 2516/2050/2516
f 1029/2051/1029 1241/2052/1241 2517/2052/2517 2397/2051/2397
f 1241/2052/1241 1030/2053/1030 2398/2053/2398 2517/2052/2517
f 1030/2053/1030 1243/2054/1243 2518/2054/2518 2398/2053/2398
f 1243/2054/1243 1031/2055/1031 2399/2055/2399 2518/2054/2518
f 1031/2055/1031 1245/2056/1245 2519/2056/2519 2399/2055/2399
f 1245/2056/1245 1032/2057/1032 2400/2057/2400 2519/2056/2519
f 1032/2057/1032 1247/2058/1247 2520/2058/2520 2400/2057/2400
f 1247/2058/1247 606/2013/606 2354/2013/2354 2520/2058/2520
f 1393/2060/1393 912/2059/912 2376/2059/2376 2521/2060/2521
f 915/2061/915 1393/2060/1393 2521/2060/2521 2378/2061/2378
f 1394/2063/1394 910/2062/910 2375/2062/2375 2522/2063/2522
f 912/2059/912 1394/2063/1394 2522/2063/2522 2376/2059/2376
f 1395/2065/1395 908/2064/908 2374/2064/2374 2523/2065/2523
f 910/2062/910 1395/2065/1395 2523/2065/2523 2375/2062/2375
f 1396/2067/1396 906/2066/906 2373/2066/2373 2524/2067/2524
f 908/2064/908 1396/2067/1396 2524/2067/2524 2374/2064/2374
f 1397/2069/1397 904/2068/904 2372/2068/2372 2525/2069/2525
f 906/2066/906 1397/2069/1397 2525/2069/2525 2373/2066/2373
f 1398/2071/1398 902/2070/902 2371/2070/2371 2526/2071/2526
f 904/2068/904 1398/2071/1398 2526/2071/2526 2372/2068/2372
f 1399/2073/1399 900/2072/900 2370/2072/2370 2527/2073/2527
f 902/2070/902 1399/2073/1399 2527/2073/2527 2371/2070/2371
f 1400/2075/1400 898/2074/898 2369/2074/2369 2528/2075/2528
f 900/2072/900 1400/2075/1400 2528/2075/2528 2370/2072/2370
f 1401/2077/1401 896/2076/896 2368/2076/2368 2529/2077/2529
f 898/2074/898 1401/2077/1401 2529/2077/2529 2369/2074/2369
f 1402/2079/1402 894/2078/894 2367/2078/2367 2530/2079/2530
f 896/2076/896 1402/2079/1402 2530/2079/2530 2368/2076/2368
f 1403/2081/1403 892/2080/892 2366/2080/2366 2531/2081/2531
f 894/2078/894 1403/2081/1403 2531/2081/2531 2367/2078/2367
f 1404/2083/1404 890/2082/890 2365/2082/2365 2532/2083/2532
f 892/2080/892 1404/2083/1404 2532/2083/2532 2366/2080/2366
f 1405/2085/1405 888/2084/888 2364/2084/2364 2533/2085/2533
f 890/2082/890 1405/2085/1405 2533/2085/2533 2365/2082/2365
f 1406/2087/1406 886/2086/886 2363/2086/2363 2534/2087/2534
f 888/2084/888 1406/2087/1406 2534/2087/2534 2364/2084/2364
f 1407/2089/1407 884/2088/884 2362/2088/2362 2535/2089/2535
f 886/2086/886 1407/2089/1407 2535/2089/2535 2363/2086/2363
f 1408/2091/1408 882/2090/882 2361/2090/2361 2536/2091/2536
f 884/2088/884 1408/2091/1408 2536/2091/2536 2362/2088/2362
f 1409/2093/1409 880/2092/880 2360/2092/2360 2537/2093/2537
f 882/2090/882 1409/2093/1409 2537/2093/2537 2361/2090/2361
f 1410/2095/1410 878/2094/878 2359/2094/2359 2538/2095/2538
f 880/2092/880 1410/2095/1410 2538/2095/2538 2360/2092/2360
f 1411/2097/1411 876/2096/876 2358/2096/2358 2539/2097/2539
f 878/2094/878 1411/2097/1411 2539/2097/2539 2359/2094/2359
f 1412/2099/1412 874/2098/874 2357/2098/2357 2540/2099/2540
f 876/2096/876 1412/2099/1412 2540/2099/2540 2358/2096/2358
f 1413/2101/1413 872/2100/872 2356/2100/2356 2541/2101/2541
f 874/2098/874 1413/2101/1413 2541/2101/2541 2357/2098/2357
f 1414/2103/1414 866/2102/866 2355/2102/2355 2542/2103/2542
f 872/2100/872 1414/2103/1414 2542/2103/2542 2356/2100/2356
f 1415/2104/1415 915/2061/915 2378/2061/2378 2543/2104/2543
f 913/2106/913 1415/2105/1415 2543/2105/2543 2377/2106/2377
f 1416/2107/1416 913/2106/913 2377/2106/2377 2544/2107/2544
f 866/2102/866 1416/2107/1416 2544/2107/2544 2355/2102/2355
