# Blender 5.0.1
# www.blender.org
mtllib Caramelo 2.mtl
o Caramelo_2
v 0.005703 -0.377905 0.900559
v 0.000000 0.472777 1.000000
v 0.000000 -0.472777 -1.000000
v 0.000000 0.472777 -1.000000
v 2.068110 -0.078256 0.187168
v 2.068110 0.078256 0.187168
v 2.068110 -0.078256 -0.187168
v 2.068110 0.078256 -0.187168
v -0.000000 -0.472777 -0.000000
v 0.000000 0.000000 1.000000
v -0.000000 0.472777 0.000000
v 0.000000 0.000000 -1.000000
v 0.965822 -0.467721 -1.000000
v 0.965822 0.467721 -1.000000
v 0.946186 -0.380726 0.906800
v 0.965822 0.467721 1.000000
v 2.068110 -0.000000 -0.237099
v 2.068110 -0.117445 0.000000
v 2.068110 0.117445 -0.000000
v 2.068110 0.000000 0.237099
v 2.031560 -0.179798 -0.435047
v 2.031560 -0.179798 0.435047
v 2.031560 0.179798 0.435047
v 2.031560 0.179798 -0.435047
v 2.133402 0.007084 0.012929
v 2.136903 0.007459 -0.016536
v 2.132718 -0.006798 -0.019418
v 2.133975 -0.007056 0.016024
v 0.974614 0.000000 -1.000000
v 2.030572 -0.252084 0.000000
v 0.974614 0.000000 1.000000
v 0.961016 -0.469458 -0.000033
v 0.965985 0.469894 -0.000000
v 2.135779 0.011701 -0.001645
v 2.030572 0.252084 -0.000000
v 2.036989 0.000000 -0.522468
v 2.036989 0.000000 0.522468
v 2.136643 0.000640 -0.021910
v 2.134440 0.000043 0.020051
v 2.136478 -0.011448 -0.002019
v 1.968289 -0.311875 0.774687
v 1.644174 -0.374071 0.899170
v 1.926818 -0.338374 0.857361
v 1.862639 -0.347344 0.882573
v 1.744280 0.443280 0.999484
v 1.953768 0.371805 0.824173
v 1.850997 0.432365 0.982894
v 1.913810 0.415922 0.948248
v 1.963749 -0.325718 -0.812291
v 1.744124 -0.403971 -1.000000
v 1.926199 -0.348054 -0.869230
v 1.863969 -0.361713 -0.900987
v 1.770766 0.442437 -1.000000
v 1.951778 0.380869 -0.902847
v 1.850997 0.432365 -0.982894
v 1.913811 0.415922 -0.948248
v 1.994588 0.000000 -0.900938
v 1.823515 0.000000 -1.000000
v 1.961869 0.000000 -0.948257
v 1.902048 0.000000 -0.982897
v 1.732565 -0.455883 -0.000017
v 1.958079 -0.404246 0.000000
v 1.852995 -0.446350 -0.000006
v 1.917524 -0.430434 -0.000000
v 1.745257 0.455859 0.000000
v 1.958079 0.404246 -0.000000
v 1.853090 0.446456 0.000000
v 1.917552 0.430449 0.000000
v 1.713931 0.000000 0.998023
v 1.997378 0.000000 0.848922
v 1.902048 0.000000 0.982897
v 1.961869 0.000000 0.948257
v -2.068110 -0.078256 0.187168
v -2.068110 0.078256 0.187168
v -2.068110 -0.078256 -0.187168
v -2.068110 0.078256 -0.187168
v -0.965822 -0.467721 -1.000000
v -0.965822 0.467721 -1.000000
v -0.944209 -0.388019 0.914199
v -0.965822 0.467721 1.000000
v -2.068110 0.000000 -0.237099
v -2.068110 -0.117445 0.000000
v -2.068110 0.117445 -0.000000
v -2.068110 -0.000000 0.237099
v -2.031560 -0.179798 -0.435047
v -2.031560 -0.179798 0.435047
v -2.031560 0.179798 0.435047
v -2.031560 0.179798 -0.435047
v -2.132189 0.011254 0.019037
v -2.123541 0.012179 -0.024644
v -2.133878 -0.010887 -0.031762
v -2.130773 -0.011525 0.026682
v -0.974614 -0.000000 -1.000000
v -2.030572 -0.252084 0.000000
v -0.974614 -0.000000 1.000000
v -0.965985 -0.469894 0.000000
v -0.965985 0.469894 0.000000
v -2.126317 0.019512 -0.002412
v -2.030572 0.252084 -0.000000
v -2.036989 -0.000000 -0.522468
v -2.036989 0.000000 0.522468
v -2.124182 0.001411 -0.033892
v -2.129625 -0.000064 0.032604
v -2.124591 -0.019227 -0.003335
v -1.968241 -0.312154 0.775125
v -1.672121 -0.385369 0.907901
v -1.926199 -0.348054 0.869230
v -1.863956 -0.361341 0.900516
v -1.744280 0.443280 0.999484
v -1.953768 0.371805 0.824173
v -1.850997 0.432365 0.982894
v -1.913810 0.415922 0.948248
v -1.963749 -0.325718 -0.812291
v -1.744124 -0.407793 -0.962191
v -1.926199 -0.348054 -0.869230
v -1.863969 -0.361713 -0.900987
v -1.770766 0.442437 -1.000000
v -1.951778 0.380869 -0.902847
v -1.850997 0.432365 -0.982894
v -1.913811 0.415922 -0.948248
v -1.994588 0.000000 -0.900938
v -1.823515 0.000000 -1.000000
v -1.961869 0.000000 -0.948257
v -1.902049 0.000000 -0.982897
v -1.745257 -0.455859 -0.000000
v -1.958079 -0.404246 -0.000000
v -1.853090 -0.446456 0.000000
v -1.917552 -0.430449 -0.000000
v -1.745257 0.455859 0.000000
v -1.958079 0.404246 0.000000
v -1.853090 0.446456 -0.000000
v -1.917552 0.430449 0.000000
v -1.713931 -0.000000 0.998024
v -1.997378 -0.000000 0.848922
v -1.902048 0.000000 0.982897
v -1.961869 -0.000000 0.948257
v 0.000000 -0.472777 -0.500000
v 2.068110 -0.106746 -0.095920
v 2.030193 -0.235572 -0.228322
v 0.965918 -0.469025 -0.500000
v 2.133770 -0.010376 -0.010924
v 1.735818 -0.450958 -0.499626
v 1.852221 -0.440690 -0.491300
v 1.916017 -0.424576 -0.474052
v 1.955957 -0.397828 -0.441821
v -2.068110 -0.106746 -0.095920
v -2.030193 -0.235572 -0.228322
v -0.965920 -0.469025 -0.500000
v -2.131280 -0.017457 -0.017900
v -1.744866 -0.450828 -0.499742
v -1.852253 -0.440820 -0.491447
v -1.916055 -0.424638 -0.474124
v -1.955922 -0.397943 -0.441976
v 0.002435 -0.468620 0.496099
v 2.068110 -0.106746 0.095920
v 2.030193 -0.235572 0.228322
v 0.953868 -0.465620 0.497384
v 2.134875 -0.009721 0.007615
v 1.692573 -0.450442 0.496456
v 1.851611 -0.438193 0.488300
v 1.915571 -0.423174 0.472399
v 1.956790 -0.395053 0.437915
v -2.068110 -0.106746 0.095920
v -2.030193 -0.235572 0.228322
v -0.945372 -0.460654 0.492592
v -2.128551 -0.015839 0.013031
v -1.744866 -0.450828 0.499742
v -1.852253 -0.440820 0.491447
v -1.916056 -0.424638 0.474124
v -1.955922 -0.397943 0.441976
v 0.000000 0.472777 0.500000
v 2.068110 0.106746 0.095920
v 0.965920 0.469025 0.500000
v 2.133620 0.010157 0.004540
v 2.030193 0.235572 0.228322
v 1.744866 0.450828 0.499742
v 1.852253 0.440820 0.491447
v 1.916056 0.424638 0.474124
v 1.955922 0.397943 0.441976
v -2.068110 0.106746 0.095920
v -0.965920 0.469025 0.500000
v -2.131651 0.016574 0.005437
v -2.030193 0.235572 0.228322
v -1.744866 0.450828 0.499742
v -1.852253 0.440820 0.491447
v -1.916055 0.424638 0.474124
v -1.955922 0.397943 0.441976
v 0.000000 0.472777 -0.500000
v 2.068110 0.106746 -0.095920
v 0.965920 0.469025 -0.500000
v 2.135044 0.010209 -0.009617
v 2.030193 0.235572 -0.228322
v 1.744866 0.450828 -0.499742
v 1.852253 0.440820 -0.491447
v 1.916056 0.424638 -0.474124
v 1.955922 0.397943 -0.441976
v -2.068110 0.106746 -0.095920
v -0.965920 0.469025 -0.500000
v -2.128133 0.016703 -0.014673
v -2.030193 0.235572 -0.228322
v -1.744866 0.450828 -0.499742
v -1.852253 0.440820 -0.491447
v -1.916056 0.424638 -0.474124
v -1.955922 0.397943 -0.441976
v -0.000000 -0.472777 -0.250000
v 0.006248 -0.445497 0.722167
v 0.000000 -0.236389 1.000000
v 0.000000 0.236389 1.000000
v 0.000000 0.472777 0.250000
v 0.000000 0.472777 -0.750000
v 0.000000 0.236389 -1.000000
v 0.000000 -0.236389 -1.000000
v 0.497993 -0.472145 -1.000000
v 0.497993 0.472145 -1.000000
v 0.491321 -0.392589 0.917067
v 0.497993 0.472145 1.000000
v 2.068110 0.043794 -0.222372
v 2.068110 -0.043794 -0.222372
v 2.068110 -0.114101 0.047960
v 2.068110 -0.097166 -0.143296
v 2.068110 0.114101 -0.047960
v 2.068110 0.097166 0.143296
v 2.068111 0.043794 0.222372
v 2.068110 -0.043794 0.222372
v 2.052647 -0.123078 -0.294680
v 2.052647 -0.123078 0.294680
v 2.052647 0.123078 0.294680
v 2.052647 0.123078 -0.294680
v 2.087369 0.043406 0.102685
v 2.089178 0.043600 -0.103184
v 2.087015 -0.043382 -0.104673
v 2.087665 -0.043515 0.104284
v 0.499092 0.000000 -1.000000
v 0.971866 0.233860 -1.000000
v 0.971866 -0.233860 -1.000000
v 2.030454 -0.246924 -0.114161
v 2.052523 -0.181019 0.000000
v 2.030454 -0.246924 0.114161
v 0.971866 0.233860 1.000000
v 0.499092 0.000000 1.000000
v 0.971580 -0.233537 0.999660
v 0.965162 -0.469555 -0.250000
v 0.955523 -0.468380 0.249583
v 0.498014 -0.472417 -0.000000
v 0.965965 0.469622 -0.250000
v 0.498014 0.472417 -0.000000
v 0.965965 0.469622 0.250000
v 2.088597 0.066246 -0.000168
v 2.134871 0.011208 0.001468
v 2.135449 0.011206 -0.005537
v 2.030454 0.246924 0.114161
v 2.052523 0.181019 -0.000000
v 2.030454 0.246924 -0.114161
v 2.034929 0.101526 -0.499199
v 2.053325 0.000000 -0.367706
v 2.034929 -0.101526 -0.499199
v 2.034929 -0.101526 0.499199
v 2.053325 0.000000 0.367706
v 2.034930 0.101526 0.499199
v 2.089044 0.000269 -0.132096
v 2.137395 0.004483 -0.019807
v 2.134572 -0.003382 -0.021737
v 2.087905 -0.000039 0.132501
v 2.134268 -0.003927 0.019194
v 2.134021 0.003960 0.017448
v 2.088958 -0.066239 -0.000361
v 2.135461 -0.011257 -0.006495
v 2.136003 -0.010760 0.002790
v 1.934291 0.405914 -0.925414
v 1.980779 0.197706 -0.900933
v 1.980471 0.000000 -0.925427
v 1.946851 0.207961 -0.948254
v 1.885677 0.424926 -0.967838
v 1.935395 0.000000 -0.967843
v 1.886095 0.216183 -0.982896
v 1.811967 0.437936 -0.992884
v 1.863976 0.000000 -0.992885
v 1.807031 0.221218 -1.000000
v 1.982231 -0.189647 -0.891549
v 1.946306 -0.339708 -0.848299
v 1.948399 -0.199477 -0.938377
v 1.898392 -0.355546 -0.887186
v 1.887716 -0.207351 -0.972658
v 1.824011 -0.372344 -0.917089
v 1.807031 -0.221218 -1.000000
v 1.799852 -0.358465 0.890797
v 1.705536 -0.454498 0.249360
v 1.812487 -0.451425 -0.000010
v 1.852921 -0.416949 0.713539
v 1.899142 -0.343009 0.872148
v 1.888463 -0.439280 -0.000002
v 1.916800 -0.404373 0.692353
v 1.947758 -0.331131 0.833714
v 1.938990 -0.420371 -0.000000
v 1.957783 -0.377890 0.639522
v 1.737137 -0.445434 -0.748570
v 1.852558 -0.444472 -0.245657
v 1.916875 -0.428546 -0.237041
v 1.957485 -0.402014 -0.220801
v 1.745135 0.454287 -0.249871
v 1.813457 0.451547 0.000000
v 1.851625 0.436592 -0.737171
v 1.888532 0.439332 0.000000
v 1.914933 0.420280 -0.711186
v 1.938991 0.420375 0.000000
v 1.954360 0.392769 -0.662538
v 1.744573 0.447054 0.749613
v 1.811967 0.437936 0.992884
v 1.852829 0.444695 0.245724
v 1.885677 0.424926 0.967838
v 1.917085 0.428634 0.237062
v 1.933843 0.406402 0.918838
v 1.957405 0.402276 0.220988
v 1.707420 0.222597 0.998169
v 1.851908 0.000000 0.992668
v 1.886095 0.216183 0.982896
v 1.935395 0.000000 0.967843
v 1.946851 0.207961 0.948254
v 1.980778 0.000000 0.919699
v 1.984616 0.185752 0.844323
v 1.693338 -0.220843 0.989202
v 1.887540 -0.207001 0.972213
v 1.948392 -0.199455 0.938348
v 1.986689 -0.177001 0.836547
v 1.376262 -0.463381 -0.000009
v 1.345157 -0.378146 0.905852
v 2.017247 0.000000 0.698363
v 2.000608 -0.249234 0.612746
v 1.996888 -0.329269 0.000000
v 1.398782 0.000000 0.999783
v 1.996888 0.329269 -0.000000
v 1.998786 0.256606 0.618916
v 1.383885 0.463767 -0.000000
v 1.383376 0.456975 1.000000
v 1.383110 -0.455152 -0.998304
v 1.999974 -0.251152 -0.618058
v 1.410850 0.000000 -1.000000
v 2.016940 0.000000 -0.704091
v 1.383376 0.456975 -1.000000
v 1.999006 0.256524 -0.624314
v -0.497993 -0.472145 -1.000000
v -0.497993 0.472145 -1.000000
v -0.479740 -0.370869 0.893928
v -0.497993 0.472145 1.000000
v -2.068110 0.043794 -0.222372
v -2.068110 -0.043794 -0.222372
v -2.068110 -0.114101 0.047960
v -2.068110 -0.097167 -0.143296
v -2.068110 0.114101 -0.047960
v -2.068110 0.097166 0.143296
v -2.068110 0.043794 0.222372
v -2.068110 -0.043794 0.222372
v -2.052647 -0.123078 -0.294680
v -2.052647 -0.123078 0.294680
v -2.052647 0.123078 0.294680
v -2.052647 0.123078 -0.294680
v -2.088460 0.043424 0.102046
v -2.085647 0.043725 -0.102807
v -2.089010 -0.043393 -0.105123
v -2.087999 -0.043601 0.104533
v -0.499092 -0.000000 -1.000000
v -0.971866 0.233860 -1.000000
v -0.971866 -0.233860 -1.000000
v -2.030454 -0.246924 -0.114161
v -2.052523 -0.181019 0.000000
v -2.030454 -0.246924 0.114161
v -0.971866 0.233860 1.000000
v -0.499092 0.000000 1.000000
v -0.971866 -0.233860 1.000000
v -0.965965 -0.469622 -0.250000
v -0.965965 -0.469622 0.250000
v -0.498014 -0.472417 0.000000
v -0.965965 0.469622 -0.250000
v -0.498014 0.472417 -0.000000
v -0.965965 0.469622 0.250000
v -2.086550 0.066565 -0.000253
v -2.128559 0.018567 0.001563
v -2.127132 0.018562 -0.008311
v -2.030454 0.246924 0.114161
v -2.052523 0.181019 0.000000
v -2.030454 0.246924 -0.114161
v -2.034929 0.101526 -0.499199
v -2.053325 -0.000000 -0.367706
v -2.034930 -0.101526 -0.499199
v -2.034929 -0.101526 0.499199
v -2.053325 0.000000 0.367706
v -2.034930 0.101526 0.499199
v -2.085855 0.000415 -0.131951
v -2.122326 0.007508 -0.029898
v -2.129299 -0.005131 -0.034663
v -2.087626 -0.000065 0.132595
v -2.130049 -0.006477 0.031688
v -2.130660 0.006217 0.027373
v -2.085988 -0.066560 -0.000554
v -2.127103 -0.019029 -0.010675
v -2.125764 -0.017802 0.004830
v -1.934291 0.405914 -0.925414
v -1.980779 0.197706 -0.900933
v -1.980471 -0.000000 -0.925427
v -1.946851 0.207961 -0.948254
v -1.885677 0.424926 -0.967838
v -1.935395 0.000000 -0.967843
v -1.886095 0.216183 -0.982896
v -1.811967 0.437936 -0.992884
v -1.863976 -0.000000 -0.992885
v -1.807031 0.221218 -1.000000
v -1.982231 -0.189647 -0.891548
v -1.946306 -0.339708 -0.848299
v -1.948399 -0.199477 -0.938377
v -1.898392 -0.355546 -0.887186
v -1.887717 -0.207351 -0.972658
v -1.824011 -0.372344 -0.917088
v -1.807031 -0.221218 -1.000000
v -1.812438 -0.370707 0.908307
v -1.745135 -0.454287 0.249871
v -1.813457 -0.451547 0.000000
v -1.853247 -0.427761 0.726932
v -1.898393 -0.355537 0.887176
v -1.888532 -0.439332 0.000000
v -1.916481 -0.411796 0.701309
v -1.946940 -0.337790 0.842988
v -1.938991 -0.420375 0.000000
v -1.956407 -0.383198 0.648419
v -1.744701 -0.446358 -0.748809
v -1.852829 -0.444695 -0.245724
v -1.917085 -0.428634 -0.237062
v -1.957405 -0.402276 -0.220988
v -1.745135 0.454287 -0.249871
v -1.813457 0.451547 -0.000000
v -1.851625 0.436592 -0.737171
v -1.888532 0.439332 -0.000000
v -1.914933 0.420280 -0.711186
v -1.938991 0.420375 -0.000000
v -1.954360 0.392769 -0.662538
v -1.744573 0.447054 0.749613
v -1.811967 0.437936 0.992884
v -1.852829 0.444695 0.245724
v -1.885677 0.424926 0.967838
v -1.917085 0.428634 0.237062
v -1.933843 0.406402 0.918838
v -1.957405 0.402276 0.220988
v -1.707420 0.222597 0.998169
v -1.851908 -0.000000 0.992668
v -1.886095 0.216183 0.982896
v -1.935395 -0.000000 0.967843
v -1.946851 0.207961 0.948254
v -1.980778 -0.000000 0.919699
v -1.984617 0.185752 0.844324
v -1.699339 -0.221521 0.990977
v -1.887716 -0.207351 0.972658
v -1.948399 -0.199477 0.938377
v -1.986689 -0.177001 0.836547
v -1.383885 -0.463767 0.000000
v -1.348126 -0.373113 0.900267
v -2.017247 -0.000000 0.698363
v -2.000608 -0.249234 0.612747
v -1.996888 -0.329269 0.000000
v -1.398782 -0.000000 0.999782
v -1.996888 0.329269 -0.000000
v -1.998786 0.256606 0.618916
v -1.383885 0.463767 0.000000
v -1.383376 0.456975 1.000000
v -1.383376 -0.456975 -1.000000
v -1.999974 -0.251152 -0.618058
v -1.410850 0.000000 -1.000000
v -2.016940 -0.000000 -0.704091
v -1.383376 0.456975 -1.000000
v -1.999006 0.256524 -0.624314
v 0.000000 -0.472777 -0.750000
v 2.068110 -0.114101 -0.047960
v 2.030150 -0.219312 -0.339784
v 0.965871 -0.468373 -0.750000
v 2.132565 -0.009022 -0.015498
v 1.720757 -0.454468 -0.249749
v 1.853258 -0.427641 -0.726789
v 1.916482 -0.411796 -0.701309
v 1.955703 -0.385319 -0.653863
v -2.068110 -0.114101 -0.047960
v -2.030150 -0.219312 -0.339784
v -0.965871 -0.468373 -0.750000
v -2.134256 -0.014889 -0.025523
v -1.745135 -0.454287 -0.249871
v -1.853246 -0.427761 -0.726932
v -1.916481 -0.411796 -0.701309
v -1.955703 -0.385319 -0.653863
v -1.995702 -0.316593 -0.331527
v -1.383682 -0.461050 -0.500000
v -1.937111 -0.414591 -0.462707
v -1.887390 -0.433570 -0.483919
v -1.812861 -0.446103 -0.496442
v -2.088164 -0.060306 -0.054010
v -0.498006 -0.472308 -0.500000
v -2.052476 -0.165871 -0.152065
v 1.995702 -0.316593 -0.331527
v 1.376367 -0.460779 -0.499963
v 1.937107 -0.414528 -0.462630
v 1.887345 -0.433475 -0.483810
v 1.812444 -0.445979 -0.496291
v 2.087559 -0.060006 -0.053680
v 0.498006 -0.472308 -0.500000
v 2.052476 -0.165871 -0.152065
v -0.000000 -0.472777 0.250000
v 2.068110 -0.097166 0.143296
v 2.030150 -0.219312 0.339784
v 0.954782 -0.454590 0.735887
v 2.134134 -0.008743 0.012058
v 1.676835 -0.439096 0.729755
v 1.852226 -0.444065 0.245324
v 1.916520 -0.428317 0.236899
v 1.958013 -0.400284 0.219513
v -2.068110 -0.097166 0.143296
v -2.030150 -0.219312 0.339784
v -0.935457 -0.438592 0.719346
v -2.130380 -0.014202 0.020329
v -1.734115 -0.446886 0.741883
v -1.852829 -0.444695 0.245724
v -1.917084 -0.428634 0.237062
v -1.957405 -0.402276 0.220988
v -1.995702 -0.316593 0.331527
v -1.377539 -0.459505 0.498320
v -1.937111 -0.414591 0.462707
v -1.887390 -0.433570 0.483919
v -1.812861 -0.446103 0.496442
v -2.087276 -0.059780 0.053488
v -0.488079 -0.468170 0.496551
v -2.052476 -0.165871 0.152065
v 1.995702 -0.316593 0.331527
v 1.378792 -0.460853 0.499687
v 1.937113 -0.413176 0.460876
v 1.886920 -0.431506 0.481498
v 1.805084 -0.443684 0.492927
v 2.088130 -0.059668 0.053335
v 0.497589 -0.471986 0.499715
v 2.052476 -0.165871 0.152065
v 0.000000 0.472777 0.750000
v 2.068110 0.114101 0.047960
v 0.965871 0.468373 0.750000
v 2.133143 0.008967 0.008402
v 2.030150 0.219312 0.339784
v 1.745135 0.454287 0.249871
v 1.851625 0.436592 0.737171
v 1.914933 0.420280 0.711186
v 1.953982 0.393181 0.656984
v -2.068110 0.114101 0.047960
v -0.965871 0.468373 0.750000
v -2.132828 0.014414 0.011300
v -2.030150 0.219312 0.339784
v -1.745135 0.454287 0.249871
v -1.851625 0.436592 0.737171
v -1.914933 0.420280 0.711186
v -1.953982 0.393181 0.656984
v -1.383682 0.461050 0.500000
v -1.995702 0.316593 0.331527
v -1.937111 0.414591 0.462707
v -1.887390 0.433570 0.483919
v -1.812861 0.446103 0.496442
v -2.052476 0.165871 0.152065
v -2.088285 0.059931 0.051018
v -0.498006 0.472308 0.500000
v 1.383682 0.461050 0.500000
v 1.995702 0.316593 0.331527
v 1.937111 0.414591 0.462707
v 1.887390 0.433570 0.483919
v 1.812861 0.446103 0.496442
v 2.052476 0.165871 0.152065
v 2.087481 0.059769 0.051747
v 0.498006 0.472308 0.500000
v -0.000000 0.472777 -0.250000
v 2.068110 0.097166 -0.143296
v 0.965871 0.468373 -0.750000
v 2.135764 0.009162 -0.013198
v 2.030150 0.219312 -0.339784
v 1.744573 0.447054 -0.749613
v 1.852829 0.444695 -0.245724
v 1.917085 0.428633 -0.237062
v 1.957405 0.402276 -0.220988
v -2.068110 0.097166 -0.143296
v -0.965871 0.468373 -0.750000
v -2.126354 0.014895 -0.019841
v -2.030150 0.219312 -0.339784
v -1.744573 0.447054 -0.749613
v -1.852829 0.444695 -0.245724
v -1.917084 0.428634 -0.237062
v -1.957405 0.402276 -0.220988
v -1.995702 0.316593 -0.331527
v -1.383682 0.461050 -0.500000
v -1.937111 0.414591 -0.462707
v -1.887390 0.433570 -0.483919
v -1.812861 0.446103 -0.496442
v -2.052476 0.165871 -0.152065
v -2.087141 0.059973 -0.052960
v -0.498006 0.472308 -0.500000
v 1.995702 0.316593 -0.331527
v 1.383682 0.461050 -0.500000
v 1.937111 0.414591 -0.462707
v 1.887390 0.433570 -0.483919
v 1.812861 0.446103 -0.496442
v 2.052476 0.165871 -0.152065
v 2.088217 0.059796 -0.053005
v 0.498006 0.472308 -0.500000
v 0.498749 -0.236073 -1.000000
v 0.498749 0.236073 -1.000000
v 2.052470 -0.152002 -0.226916
v 2.052508 -0.176285 0.076032
v 0.498749 0.236073 1.000000
v 0.498749 -0.236073 1.000000
v 0.498011 -0.472383 -0.250000
v 0.491653 -0.452029 0.729826
v 0.498011 0.472383 -0.250000
v 0.498000 0.472227 0.750000
v 2.088427 0.064216 -0.026538
v 2.087235 0.054114 0.077837
v 2.052470 0.152002 0.226916
v 2.052508 0.176285 -0.076032
v 2.053068 0.069066 -0.346657
v 2.053068 -0.069066 -0.346657
v 2.053068 -0.069066 0.346657
v 2.053068 0.069066 0.346657
v 2.087973 -0.024060 -0.124236
v 2.089432 0.024505 -0.123239
v 2.087689 0.024235 0.123385
v 2.087816 -0.024342 0.124287
v 2.088713 -0.064109 0.026484
v 2.086936 -0.054266 -0.080139
v 1.966040 0.202957 -0.925423
v 1.919858 0.212463 -0.967842
v 1.847723 0.218968 -0.992885
v 1.967541 -0.194681 -0.915784
v 1.921447 -0.203790 -0.957760
v 1.849090 -0.211524 -0.984279
v 1.808195 -0.449322 0.247781
v 1.887578 -0.437056 0.241683
v 1.938251 -0.418071 0.231028
v 1.813608 -0.434197 -0.735603
v 1.888123 -0.420575 -0.715796
v 1.937203 -0.401976 -0.684421
v 1.813271 0.449846 -0.248221
v 1.888175 0.437532 -0.241959
v 1.938403 0.418567 -0.231354
v 1.812415 0.442020 0.744663
v 1.886533 0.429248 0.725878
v 1.935626 0.410334 0.692965
v 1.837796 0.219087 0.992704
v 1.919858 0.212463 0.967842
v 1.966317 0.202064 0.919344
v 1.835696 -0.211095 0.981823
v 1.921402 -0.203642 0.957577
v 1.968032 -0.193289 0.909727
v 1.371978 -0.456907 0.745375
v 2.010995 -0.141593 0.679585
v 1.996518 -0.325307 0.165763
v 1.390180 -0.228709 0.998446
v 1.995253 0.302707 0.492133
v 1.383529 0.459013 0.750000
v 2.010539 0.143436 0.681128
v 1.392338 0.228606 0.999819
v 1.373891 -0.462559 -0.249973
v 1.995569 -0.301283 -0.491665
v 1.402264 -0.228487 -1.000000
v 2.010504 -0.142986 -0.685642
v 1.383821 0.462918 -0.250000
v 1.402264 0.228487 -1.000000
v 1.996518 0.325307 -0.165763
v 2.010262 0.144329 -0.687206
v -0.498749 -0.236073 -1.000000
v -0.498749 0.236073 -1.000000
v -2.052470 -0.152002 -0.226916
v -2.052509 -0.176285 0.076032
v -0.498749 0.236073 1.000000
v -0.498749 -0.236073 1.000000
v -0.498011 -0.472383 -0.250000
v -0.477438 -0.445858 0.723705
v -0.498011 0.472383 -0.250000
v -0.498000 0.472227 0.750000
v -2.086815 0.064481 -0.026531
v -2.088668 0.054187 0.077020
v -2.052470 0.152002 0.226916
v -2.052508 0.176285 -0.076032
v -2.053068 0.069066 -0.346657
v -2.053068 -0.069066 -0.346657
v -2.053068 -0.069066 0.346657
v -2.053068 0.069066 0.346657
v -2.087520 -0.023964 -0.124431
v -2.085251 0.024649 -0.122881
v -2.087962 0.024229 0.123122
v -2.087764 -0.024401 0.124526
v -2.086370 -0.064322 0.026461
v -2.089133 -0.054429 -0.080584
v -1.966040 0.202957 -0.925423
v -1.919858 0.212463 -0.967842
v -1.847723 0.218968 -0.992885
v -1.967542 -0.194681 -0.915784
v -1.921448 -0.203790 -0.957760
v -1.849090 -0.211524 -0.984279
v -1.813271 -0.449846 0.248221
v -1.888175 -0.437532 0.241959
v -1.938403 -0.418567 0.231354
v -1.813781 -0.434575 -0.736057
v -1.888123 -0.420575 -0.715797
v -1.937203 -0.401977 -0.684421
v -1.813271 0.449846 -0.248221
v -1.888175 0.437532 -0.241959
v -1.938403 0.418567 -0.231354
v -1.812414 0.442020 0.744663
v -1.886534 0.429248 0.725878
v -1.935626 0.410334 0.692965
v -1.837796 0.219087 0.992704
v -1.919858 0.212463 0.967842
v -1.966317 0.202064 0.919344
v -1.837074 -0.211747 0.982730
v -1.921447 -0.203791 0.957760
v -1.968032 -0.193289 0.909727
v -1.361259 -0.440861 0.727547
v -2.010994 -0.141593 0.679585
v -1.996518 -0.325307 0.165763
v -1.390249 -0.228710 0.998452
v -1.995253 0.302707 0.492133
v -1.383529 0.459013 0.750000
v -2.010539 0.143436 0.681128
v -1.392338 0.228606 0.999819
v -1.383821 -0.462918 -0.250000
v -1.995569 -0.301283 -0.491665
v -1.402264 -0.228487 -1.000000
v -2.010504 -0.142986 -0.685642
v -1.383821 0.462918 -0.250000
v -1.402264 0.228487 -1.000000
v -1.996518 0.325307 -0.165763
v -2.010262 0.144329 -0.687206
v -1.996518 -0.325307 -0.165763
v -1.383529 -0.459013 -0.750000
v -1.938404 -0.418567 -0.231354
v -1.888175 -0.437532 -0.241959
v -1.813271 -0.449846 -0.248221
v -2.086806 -0.064721 -0.027300
v -0.498000 -0.472227 -0.750000
v -2.052509 -0.176285 -0.076032
v 1.996518 -0.325307 -0.165763
v 1.379278 -0.458773 -0.749918
v 1.938359 -0.418442 -0.231284
v 1.887906 -0.437378 -0.241915
v 1.810905 -0.449661 -0.248163
v 2.088432 -0.064366 -0.027032
v 0.498000 -0.472227 -0.750000
v 2.052509 -0.176285 -0.076032
v -1.995708 -0.300864 0.490591
v -1.383821 -0.462918 0.250000
v -1.937341 -0.401558 0.683347
v -1.888123 -0.420575 0.715797
v -1.811692 -0.434679 0.734690
v -2.087872 -0.054206 0.079957
v -0.498011 -0.472383 0.250000
v -2.052471 -0.152002 0.226916
v 1.995708 -0.300864 0.490591
v 1.378343 -0.462728 0.249942
v 1.938105 -0.395551 0.675335
v 1.888618 -0.411136 0.704512
v 1.800746 -0.424486 0.720416
v 2.087747 -0.054122 0.079726
v 0.498011 -0.472383 0.250000
v 2.052470 -0.152002 0.226916
v -1.383821 0.462918 0.250000
v -1.996518 0.325307 0.165763
v -1.938404 0.418567 0.231354
v -1.888175 0.437532 0.241959
v -1.813271 0.449846 0.248221
v -2.052509 0.176285 0.076032
v -2.087279 0.064483 0.025399
v -0.498011 0.472383 0.250000
v 1.383821 0.462918 0.250000
v 1.996518 0.325307 0.165763
v 1.938404 0.418567 0.231354
v 1.888175 0.437532 0.241959
v 1.813271 0.449846 0.248221
v 2.052508 0.176285 0.076032
v 2.088128 0.064216 0.025800
v 0.498011 0.472383 0.250000
v -1.995327 0.302626 -0.493229
v -1.383529 0.459013 -0.750000
v -1.935701 0.410252 -0.694061
v -1.886533 0.429248 -0.725878
v -1.812414 0.442020 -0.744663
v -2.052470 0.152002 -0.226916
v -2.086562 0.054343 -0.078736
v -0.498000 0.472227 -0.750000
v 1.995327 0.302626 -0.493229
v 1.383529 0.459013 -0.750000
v 1.935701 0.410252 -0.694061
v 1.886533 0.429248 -0.725878
v 1.812414 0.442020 -0.744663
v 2.052470 0.152002 -0.226916
v 2.088589 0.054214 -0.078950
v 0.498000 0.472227 -0.750000
v 2.331569 -0.073955 0.180676
v 2.319488 0.070293 0.112730
v 2.294834 -0.067939 -0.201625
v 2.379000 0.077513 -0.131733
v 2.897695 -0.385334 0.737886
v 2.876438 0.350056 0.634084
v 2.975496 -0.364266 -0.696607
v 2.869469 0.389386 -0.663711
v 2.369831 0.008605 -0.202143
v 2.387444 -0.127976 -0.019075
v 2.373594 0.129320 -0.003578
v 2.351975 0.001848 0.219084
v 2.938569 0.015758 -0.879245
v 2.973077 -0.593869 -0.031273
v 2.987384 0.596483 0.026660
v 2.875729 -0.005670 0.912538
v 2.591583 -0.169544 0.383867
v 2.586701 0.172770 0.282807
v 2.490830 -0.148930 -0.439942
v 2.670094 0.182127 -0.281292
v 2.659953 0.010997 0.490655
v 2.751261 -0.295130 -0.055687
v 2.702255 0.312135 0.006875
v 2.631011 0.008948 -0.437730
v -2.339600 -0.073508 0.180320
v -2.349536 0.068234 0.089865
v -2.363480 -0.065610 -0.204894
v -2.290329 0.078234 -0.114102
v -2.884204 -0.291572 0.561413
v -2.847303 0.284842 0.500126
v -2.924734 -0.275559 -0.584856
v -3.121863 0.281410 -0.463167
v -2.282140 0.012515 -0.180954
v -2.300591 -0.132204 -0.024443
v -2.313754 0.133453 -0.006393
v -2.342221 0.001067 0.212689
v -3.163745 0.015805 -0.678901
v -3.170228 -0.453360 -0.033008
v -3.051246 0.448566 0.018576
v -2.935386 -0.003912 0.686460
v -2.596062 -0.167356 0.386338
v -2.608671 0.155742 0.308074
v -2.569065 -0.158355 -0.405413
v -2.738226 0.173371 -0.296717
v -2.706936 0.002944 0.468080
v -2.745282 -0.276794 -0.034585
v -2.720474 0.279841 0.004515
v -2.643749 0.011099 -0.406519
v 2.327401 -0.112993 -0.114415
v 2.997896 -0.503234 -0.410638
v 2.598580 -0.250339 -0.251815
v -2.351283 -0.117166 -0.120072
v -3.016317 -0.384105 -0.355411
v -2.649073 -0.231690 -0.251276
v 2.353496 -0.104945 0.088708
v 2.978376 -0.561340 0.330225
v 2.654040 -0.245898 0.178124
v -2.326868 -0.104075 0.089113
v -2.995826 -0.427302 0.249081
v -2.651701 -0.252669 0.168990
v 2.329268 0.106973 0.033017
v 2.979040 0.537172 0.365144
v 2.618611 0.268884 0.112033
v -2.350747 0.107599 0.010422
v -2.927371 0.411968 0.268719
v -2.628689 0.247457 0.148559
v 2.357681 0.109508 -0.072127
v 2.980952 0.539969 -0.266696
v 2.658755 0.277842 -0.146053
v -2.334486 0.110312 -0.068738
v -3.069083 0.414139 -0.200633
v -2.710743 0.252335 -0.125770
v 2.385173 0.047131 -0.169460
v 2.329182 -0.031921 -0.214634
v 2.378096 -0.118695 0.034583
v 2.297299 -0.094468 -0.163603
v 2.367694 0.122890 -0.036088
v 2.315499 0.091010 0.063769
v 2.338372 0.040050 0.175363
v 2.343963 -0.039695 0.215435
v 2.211298 0.035507 0.058136
v 2.246209 0.039338 -0.069767
v 2.203028 -0.034695 -0.100837
v 2.217276 -0.037452 0.090712
v 2.955066 0.220352 -0.766808
v 2.979354 -0.179747 -0.830240
v 3.010850 -0.614077 0.104497
v 2.919387 -0.490719 -0.551342
v 3.021523 0.577696 -0.097336
v 2.938336 0.457616 0.488433
v 2.837360 0.189834 0.771562
v 2.812062 -0.212031 0.936499
v 2.450663 -0.124387 0.300236
v 2.727604 -0.279604 0.576851
v 2.736801 0.259052 0.454302
v 2.427125 0.114190 0.149727
v 2.351845 -0.107815 -0.353985
v 2.654520 -0.249333 -0.620097
v 2.821466 0.283811 -0.415650
v 2.534412 0.126646 -0.196427
v 2.236519 0.064515 -0.003867
v 2.520923 0.010411 0.359958
v 2.635743 -0.084936 0.464641
v 2.816184 0.011480 0.721951
v 2.618924 0.098165 0.399583
v 2.243100 0.005249 -0.102025
v 2.223300 -0.000328 0.108519
v 2.243722 -0.064098 -0.008622
v 2.592241 -0.223746 -0.046475
v 2.686815 -0.262770 -0.126489
v 2.929384 -0.465150 -0.066158
v 2.689528 -0.257836 0.039060
v 2.531049 0.212294 -0.002658
v 2.666059 0.296183 0.061941
v 2.885820 0.468359 0.024233
v 2.675733 0.300763 -0.069928
v 2.495130 0.008295 -0.334167
v 2.674149 0.094802 -0.365368
v 2.806944 0.015949 -0.651446
v 2.606310 -0.081800 -0.476754
v -2.272883 0.049527 -0.146262
v -2.323092 -0.027890 -0.205483
v -2.308287 -0.120197 0.032050
v -2.371108 -0.095484 -0.170391
v -2.324059 0.125701 -0.034981
v -2.355421 0.089728 0.037496
v -2.345691 0.038284 0.161257
v -2.340504 -0.039818 0.213487
v -2.228691 0.035362 0.044811
v -2.178594 0.041140 -0.061959
v -2.238747 -0.034348 -0.107986
v -2.220462 -0.038447 0.093463
v -3.120934 0.175200 -0.565743
v -3.025808 -0.129786 -0.665370
v -3.077072 -0.472832 0.066116
v -2.998795 -0.382225 -0.473578
v -3.068813 0.436821 -0.089773
v -2.866954 0.354985 0.359910
v -2.972191 0.160681 0.560114
v -2.981533 -0.159825 0.723630
v -2.448502 -0.118274 0.289503
v -2.732227 -0.224734 0.472418
v -2.724289 0.214507 0.406101
v -2.479074 0.109408 0.205507
v -2.398396 -0.119246 -0.281817
v -2.710675 -0.216165 -0.482513
v -2.962178 0.228012 -0.395636
v -2.553736 0.124198 -0.251830
v -2.195176 0.069546 -0.005949
v -2.577400 -0.007919 0.326389
v -2.641175 -0.085857 0.475290
v -2.887279 -0.010483 0.555618
v -2.645103 0.085259 0.386498
v -2.180876 0.007936 -0.097210
v -2.214947 -0.000751 0.108125
v -2.185027 -0.069099 -0.012634
v -2.571661 -0.189783 -0.011878
v -2.703962 -0.280156 -0.172142
v -2.986734 -0.353867 -0.028183
v -2.680340 -0.292035 0.087535
v -2.533933 0.196127 -0.002490
v -2.673526 0.276118 0.069287
v -2.880744 0.364077 0.013919
v -2.676535 0.285492 -0.047030
v -2.450106 0.012363 -0.304748
v -2.706835 0.105340 -0.348856
v -2.883986 0.018588 -0.525858
v -2.647856 -0.076443 -0.417114
v 2.365207 -0.125308 -0.067219
v 3.081499 -0.581025 -0.280605
v 2.526743 -0.205794 -0.322143
v -2.320259 -0.130617 -0.072903
v -3.026267 -0.449884 -0.251046
v -2.604809 -0.203480 -0.378126
v -2.820304 -0.296135 -0.300514
v -2.472538 -0.159923 -0.180758
v -2.224334 -0.062598 -0.061967
v 2.771329 -0.395301 -0.354183
v 2.444408 -0.192938 -0.199559
v 2.215153 -0.057913 -0.056108
v 2.334982 -0.092928 0.137365
v 2.806554 -0.527832 0.531054
v 2.667194 -0.201250 0.288922
v -2.336898 -0.091730 0.138159
v -3.046340 -0.408017 0.401585
v -2.669758 -0.236369 0.275139
v -2.824709 -0.337587 0.203621
v -2.481629 -0.182690 0.124708
v -2.207870 -0.052998 0.047772
v 2.817356 -0.402035 0.267791
v 2.500147 -0.177664 0.144942
v 2.226988 -0.051725 0.046142
v 2.355490 0.121932 0.015539
v 2.984386 0.607518 0.163111
v 2.586378 0.230651 0.187670
v -2.329115 0.124979 0.002921
v -3.010880 0.447468 0.128839
v -2.601136 0.209303 0.226666
v -2.784321 0.327370 0.202735
v -2.478555 0.179736 0.071682
v -2.226132 0.055962 0.000740
v 2.766169 0.394511 0.169001
v 2.460116 0.178479 0.054914
v 2.214147 0.053706 0.015097
v 2.364375 0.096255 -0.101665
v 2.964793 0.474722 -0.444808
v 2.648904 0.241989 -0.220140
v -2.318472 0.096272 -0.091960
v -3.069197 0.359895 -0.322113
v -2.695167 0.215276 -0.193262
v -2.892557 0.332026 -0.160313
v -2.504639 0.179888 -0.098103
v -2.206644 0.056914 -0.039944
v 2.819639 0.404807 -0.201362
v 2.507525 0.188493 -0.107013
v 2.228795 0.054390 -0.040846
v 2.208762 0.045987 0.032369
v 2.233191 0.061084 -0.021387
v 2.481609 0.069340 0.291185
v 2.480612 -0.062070 0.352705
v 2.765321 -0.147707 0.692030
v 2.744229 0.144360 0.585647
v 2.250882 0.024563 -0.087058
v 2.221835 -0.015741 -0.107679
v 2.221024 -0.021009 0.106860
v 2.218402 0.019548 0.088283
v 2.202065 -0.048578 -0.081191
v 2.238844 -0.058801 0.018675
v 2.549424 -0.195126 0.069195
v 2.400121 -0.137435 -0.293069
v 2.728779 -0.326540 -0.465316
v 2.862840 -0.425349 0.077335
v 2.521791 0.206399 -0.054458
v 2.416890 0.148306 0.110165
v 2.746550 0.344077 0.297919
v 2.832829 0.438931 -0.092251
v 2.470950 -0.061090 -0.345605
v 2.542188 0.071346 -0.302509
v 2.829644 0.157479 -0.556511
v 2.782346 -0.132826 -0.685651
v -2.232567 0.046712 0.016109
v -2.200437 0.065181 -0.021489
v -2.509492 0.057533 0.271875
v -2.469737 -0.061940 0.371039
v -2.782403 -0.121844 0.579510
v -2.785435 0.117246 0.485361
v -2.170514 0.026928 -0.078815
v -2.211189 -0.013668 -0.109452
v -2.216935 -0.021772 0.109190
v -2.220445 0.019189 0.081542
v -2.241512 -0.050874 -0.088809
v -2.191783 -0.061864 0.017445
v -2.509076 -0.211660 0.014870
v -2.484387 -0.182287 -0.229026
v -2.831690 -0.284771 -0.477309
v -2.863691 -0.395340 0.128988
v -2.506005 0.192089 -0.018244
v -2.466384 0.149435 0.140837
v -2.738988 0.278089 0.294475
v -2.881951 0.357492 -0.066298
v -2.525687 -0.044331 -0.351024
v -2.517042 0.080366 -0.200851
v -2.953670 0.144102 -0.463634
v -2.886000 -0.100031 -0.510289
v -2.836581 -0.354222 -0.221129
v -2.443290 -0.202056 -0.153070
v -2.199861 -0.069202 -0.037660
v 2.827298 -0.430954 -0.184513
v 2.491149 -0.205395 -0.095779
v 2.233027 -0.063551 -0.032604
v -2.881940 -0.327039 0.331574
v -2.579669 -0.189806 0.199613
v -2.218183 -0.047000 0.072838
v 2.816249 -0.340378 0.432438
v 2.521616 -0.141388 0.230656
v 2.218942 -0.046157 0.070102
v -2.844144 0.359124 0.097716
v -2.501402 0.198288 0.036578
v -2.208168 0.065120 -0.002247
v 2.840645 0.428868 0.125752
v 2.505175 0.200045 0.031821
v 2.227181 0.061013 0.005867
v -2.875995 0.282257 -0.252313
v -2.464558 0.146092 -0.140004
v -2.195903 0.049871 -0.051390
v 2.787161 0.359496 -0.319505
v 2.504010 0.163953 -0.155058
v 2.235379 0.048135 -0.055701
v 2.346523 -0.072448 0.177159
v 2.333446 0.068636 0.108235
v 2.310451 -0.067907 -0.197688
v 2.392078 0.076167 -0.126019
v 2.914388 -0.384807 0.736404
v 2.892616 0.349062 0.631872
v 2.989283 -0.362994 -0.691420
v 2.886151 0.388866 -0.662174
v 2.383528 0.007339 -0.196869
v 2.401634 -0.125539 -0.020990
v 2.388468 0.127059 -0.002884
v 2.366035 0.001304 0.213591
v 2.147792 0.005519 0.008771
v 2.149834 0.006277 -0.010552
v 2.147993 -0.006621 -0.015058
v 2.149158 -0.005848 0.012337
v 2.954256 0.015555 -0.875430
v 2.989651 -0.592864 -0.030724
v 3.003794 0.595303 0.027340
v 2.892364 -0.005924 0.910578
v 2.607405 -0.168107 0.381859
v 2.602094 0.171711 0.279217
v 2.506014 -0.148517 -0.435543
v 2.684847 0.181266 -0.276680
v 2.150732 0.009509 -0.000635
v 2.675153 0.010721 0.486227
v 2.149829 -0.000638 -0.016214
v 2.148991 -0.000398 0.014975
v 2.151056 -0.009117 -0.003449
v 2.767043 -0.293434 -0.056594
v 2.718121 0.310446 0.006794
v 2.645365 0.008019 -0.432756
v -2.354518 -0.072011 0.176734
v -2.363519 0.066329 0.085863
v -2.378598 -0.064826 -0.200644
v -2.303464 0.076536 -0.108875
v -2.899178 -0.289905 0.558270
v -2.862143 0.283821 0.495764
v -2.938270 -0.274525 -0.579223
v -3.135020 0.280008 -0.457578
v -2.295201 0.011791 -0.174746
v -2.314529 -0.129516 -0.023830
v -2.327458 0.130660 -0.006539
v -2.354841 -0.000032 0.206412
v -2.144219 0.008641 0.014643
v -2.139028 0.010499 -0.022575
v -2.147967 -0.009409 -0.027130
v -2.145327 -0.010079 0.022530
v -3.176328 0.015124 -0.672339
v -3.185056 -0.451186 -0.031374
v -3.065754 0.446228 0.020191
v -2.949998 -0.004423 0.681474
v -2.610700 -0.165806 0.382465
v -2.623395 0.154826 0.303477
v -2.581975 -0.157780 -0.399028
v -2.750503 0.171777 -0.290683
v -2.140890 0.017808 -0.006074
v -2.719478 0.002188 0.461527
v -2.139071 0.001678 -0.029110
v -2.143423 -0.000956 0.027084
v -2.140636 -0.017680 -0.003640
v -2.758833 -0.273994 -0.033449
v -2.734893 0.277344 0.004276
v -2.655188 0.010240 -0.399352
v 2.342583 -0.110872 -0.114570
v 3.013287 -0.501257 -0.409987
v 2.149004 -0.008288 -0.011219
v 2.613844 -0.248264 -0.251828
v -2.365738 -0.115901 -0.115550
v -3.030937 -0.382081 -0.352653
v -2.145210 -0.016387 -0.012641
v -2.662564 -0.229165 -0.248375
v 2.367976 -0.102551 0.087397
v 2.994932 -0.560358 0.331069
v 2.149573 -0.007375 0.006891
v 2.669815 -0.244227 0.176987
v -2.340971 -0.102125 0.085359
v -3.010204 -0.425092 0.246526
v -2.143090 -0.014278 0.009049
v -2.666323 -0.250655 0.166205
v 2.344158 0.104789 0.031659
v 2.995237 0.535850 0.364016
v 2.148625 0.008094 0.002823
v 2.634333 0.267097 0.111769
v -2.362364 0.106363 0.003609
v -2.942718 0.409944 0.268491
v -2.139990 0.014819 -0.002445
v -2.643664 0.245364 0.146914
v 2.372092 0.107540 -0.068856
v 2.996972 0.538469 -0.265690
v 2.149507 0.008376 -0.006083
v 2.674541 0.276261 -0.144482
v -2.348013 0.108092 -0.064925
v -3.083297 0.412008 -0.197522
v -2.143134 0.014804 -0.012243
v -2.724123 0.250177 -0.121631
v 2.398722 0.045688 -0.164257
v 2.342886 -0.033077 -0.209253
v 2.392527 -0.116215 0.034003
v 2.312971 -0.092782 -0.162126
v 2.382498 0.120674 -0.034634
v 2.329982 0.089127 0.060385
v 2.352313 0.038782 0.170316
v 2.358464 -0.039516 0.210240
v 2.225410 0.033831 0.053843
v 2.259091 0.038093 -0.063802
v 2.218276 -0.034463 -0.096454
v 2.232222 -0.036178 0.086796
v 2.971497 0.220134 -0.764309
v 2.992495 -0.179291 -0.823976
v 3.027472 -0.613106 0.104739
v 2.934933 -0.488954 -0.549815
v 3.037660 0.576262 -0.096581
v 2.954363 0.456330 0.486536
v 2.853799 0.189463 0.769165
v 2.828741 -0.211800 0.934664
v 2.465422 -0.122589 0.297062
v 2.744208 -0.278800 0.575593
v 2.752903 0.258144 0.451758
v 2.441498 0.112797 0.145285
v 2.367027 -0.107738 -0.349501
v 2.669002 -0.248472 -0.615198
v 2.837674 0.283288 -0.412865
v 2.547817 0.125416 -0.190862
v 2.149966 0.009039 0.001577
v 2.251211 0.062185 -0.002905
v 2.150344 0.009054 -0.003985
v 2.534989 0.009917 0.354448
v 2.650825 -0.084823 0.460045
v 2.832529 0.011303 0.719250
v 2.634232 0.097475 0.395499
v 2.150405 0.003199 -0.013978
v 2.256269 0.003895 -0.096394
v 2.148420 -0.004284 -0.016267
v 2.149123 -0.003572 0.014401
v 2.237534 -0.000814 0.103158
v 2.148363 0.002835 0.012645
v 2.150116 -0.008974 -0.008000
v 2.258059 -0.061656 -0.010070
v 2.150654 -0.008400 0.001956
v 2.606160 -0.221111 -0.047825
v 2.701350 -0.260420 -0.127935
v 2.945860 -0.463999 -0.066013
v 2.704818 -0.255775 0.039063
v 2.546287 0.210211 -0.002275
v 2.681594 0.294343 0.063054
v 2.902148 0.467066 0.024627
v 2.691594 0.299075 -0.069616
v 2.508747 0.007171 -0.328680
v 2.688698 0.093636 -0.360832
v 2.822481 0.015466 -0.647533
v 2.620089 -0.082638 -0.471179
v -2.285083 0.048120 -0.139970
v -2.337090 -0.027341 -0.199936
v -2.322714 -0.117850 0.030246
v -2.386715 -0.094027 -0.167918
v -2.337397 0.123312 -0.031399
v -2.369339 0.087980 0.033113
v -2.358827 0.036635 0.155961
v -2.354790 -0.039842 0.208075
v -2.241116 0.032823 0.040608
v -2.193390 0.039147 -0.059434
v -2.252965 -0.032948 -0.103384
v -2.234939 -0.037002 0.089215
v -3.133465 0.174063 -0.559434
v -3.038632 -0.130178 -0.658864
v -3.091075 -0.470724 0.069606
v -3.013655 -0.380029 -0.472193
v -3.083175 0.434487 -0.087731
v -2.882563 0.353341 0.358040
v -2.985251 0.160350 0.553757
v -2.995847 -0.159575 0.718270
v -2.463362 -0.116669 0.286046
v -2.746923 -0.223240 0.468523
v -2.738724 0.213661 0.401141
v -2.493835 0.108268 0.201185
v -2.413881 -0.118469 -0.278047
v -2.724074 -0.215417 -0.476573
v -2.975039 0.226565 -0.389864
v -2.565756 0.122913 -0.245307
v -2.133776 0.017669 -0.007762
v -2.209662 0.067642 -0.009274
v -2.141808 0.017007 -0.004495
v -2.590411 -0.009008 0.320387
v -2.654200 -0.086101 0.468891
v -2.900586 -0.011109 0.549543
v -2.658996 0.084842 0.380810
v -2.137704 0.006736 -0.025975
v -2.195290 0.007963 -0.091919
v -2.143596 -0.003976 -0.029846
v -2.144490 -0.005872 0.026578
v -2.228714 -0.001609 0.102554
v -2.143272 0.004076 0.022436
v -2.141967 -0.017847 -0.006528
v -2.200660 -0.067248 -0.012673
v -2.140658 -0.016293 0.001232
v -2.584685 -0.186781 -0.010931
v -2.718326 -0.277639 -0.171727
v -3.000993 -0.351360 -0.026987
v -2.694879 -0.289657 0.088740
v -2.547819 0.193428 -0.003266
v -2.688088 0.273737 0.070371
v -2.895255 0.361672 0.014990
v -2.691012 0.283034 -0.046440
v -2.462450 0.011318 -0.298243
v -2.718697 0.104022 -0.342262
v -2.895777 0.017886 -0.518813
v -2.658572 -0.076708 -0.409375
v 2.379636 -0.123003 -0.069240
v 3.097378 -0.579402 -0.279680
v 2.148397 -0.007575 -0.013553
v 2.541982 -0.203885 -0.320341
v -2.334969 -0.128544 -0.070493
v -3.041248 -0.447675 -0.251685
v -2.148329 -0.013564 -0.020672
v -2.619023 -0.201197 -0.375542
v -2.834804 -0.293920 -0.298231
v -2.487152 -0.158278 -0.177031
v -2.238234 -0.061403 -0.056804
v 2.787117 -0.393556 -0.354261
v 2.459136 -0.190589 -0.199158
v 2.230115 -0.055677 -0.056396
v 2.349321 -0.090595 0.135269
v 2.823323 -0.527174 0.531848
v 2.149182 -0.006722 0.010250
v 2.682601 -0.199368 0.287541
v -2.351275 -0.089760 0.134839
v -3.061299 -0.406066 0.399254
v -2.144963 -0.012509 0.016654
v -2.684401 -0.234282 0.272645
v -2.839295 -0.335561 0.200809
v -2.495925 -0.180654 0.121446
v -2.222231 -0.051283 0.043851
v 2.833899 -0.400982 0.268239
v 2.514742 -0.175420 0.143031
v 2.241514 -0.049299 0.045395
v 2.370338 0.119641 0.015911
v 3.000857 0.606361 0.163163
v 2.147808 0.007104 0.005249
v 2.602026 0.229182 0.185327
v -2.340170 0.123416 -0.003916
v -3.025729 0.445237 0.129990
v -2.144256 0.011895 0.006165
v -2.616257 0.207719 0.223574
v -2.799597 0.325342 0.201866
v -2.493348 0.177998 0.068416
v -2.233859 0.054613 -0.007696
v 2.782268 0.393001 0.168951
v 2.475335 0.176394 0.054378
v 2.228976 0.051535 0.013446
v 2.377686 0.094821 -0.096240
v 2.981065 0.473505 -0.443529
v 2.149179 0.007831 -0.007747
v 2.664271 0.240889 -0.216566
v -2.332079 0.093987 -0.088425
v -3.082997 0.358129 -0.317634
v -2.141436 0.012742 -0.019166
v -2.707841 0.213165 -0.188322
v -2.906326 0.329923 -0.156501
v -2.517749 0.177520 -0.094183
v -2.220933 0.054932 -0.036528
v 2.835704 0.403371 -0.200193
v 2.522605 0.186664 -0.104513
v 2.243050 0.052439 -0.037302
v 2.223206 0.044014 0.029158
v 2.247854 0.058829 -0.019726
v 2.495955 0.068276 0.286326
v 2.494744 -0.061911 0.347165
v 2.781763 -0.147673 0.689514
v 2.760432 0.143969 0.582755
v 2.263911 0.023226 -0.081298
v 2.235627 -0.016703 -0.102205
v 2.235589 -0.020644 0.101771
v 2.232437 0.018331 0.083269
v 2.217731 -0.046997 -0.079243
v 2.253310 -0.056357 0.017785
v 2.563881 -0.192645 0.068978
v 2.415375 -0.135523 -0.291327
v 2.744371 -0.324928 -0.463278
v 2.879243 -0.424154 0.077952
v 2.537080 0.204376 -0.053617
v 2.432014 0.146637 0.107287
v 2.762598 0.342803 0.296046
v 2.848974 0.437464 -0.091999
v 2.484029 -0.062320 -0.339777
v 2.555621 0.069862 -0.297254
v 2.845702 0.156931 -0.553458
v 2.796520 -0.132926 -0.680143
v -2.244313 0.044401 0.010789
v -2.214521 0.063444 -0.017273
v -2.523282 0.056726 0.266289
v -2.483615 -0.062326 0.365329
v -2.796254 -0.121781 0.573721
v -2.798853 0.116822 0.479294
v -2.185204 0.025821 -0.074371
v -2.225379 -0.012646 -0.104396
v -2.231245 -0.021174 0.103949
v -2.233225 0.017067 0.076718
v -2.255685 -0.049540 -0.084071
v -2.206384 -0.060120 0.013906
v -2.522986 -0.209117 0.016878
v -2.498630 -0.179766 -0.227889
v -2.845923 -0.282619 -0.474293
v -2.878150 -0.392906 0.130012
v -2.519652 0.189384 -0.016594
v -2.481619 0.148007 0.137604
v -2.754393 0.276462 0.292038
v -2.896256 0.355079 -0.064555
v -2.538033 -0.044494 -0.344164
v -2.527930 0.079225 -0.193564
v -2.965755 0.142865 -0.457110
v -2.897548 -0.100363 -0.502988
v -2.851407 -0.351946 -0.220308
v -2.457388 -0.199588 -0.151094
v -2.214472 -0.067749 -0.033588
v 2.843281 -0.429398 -0.185315
v 2.504952 -0.202828 -0.097902
v 2.247417 -0.061133 -0.034049
v -2.896756 -0.324987 0.329314
v -2.594318 -0.187844 0.196712
v -2.232680 -0.045232 0.069205
v 2.832892 -0.339455 0.431977
v 2.535650 -0.138888 0.228708
v 2.233804 -0.044058 0.068161
v -2.858968 0.356869 0.098771
v -2.515838 0.195802 0.036183
v -2.213845 0.064346 -0.011529
v 2.856870 0.427470 0.125950
v 2.520310 0.197914 0.032383
v 2.242044 0.058723 0.005799
v -2.889498 0.280437 -0.247622
v -2.477431 0.143848 -0.135526
v -2.210474 0.047575 -0.049698
v 2.803414 0.358381 -0.317796
v 2.518167 0.162669 -0.150243
v 2.248643 0.046697 -0.050243
vn -0.0185 -0.8226 0.5683
vn -0.0000 0.9045 0.4265
vn -0.0000 -0.9045 -0.4265
vn -0.0000 0.9045 -0.4265
vn 0.9789 -0.1730 0.1086
vn 0.9794 0.1718 0.1065
vn 0.9792 -0.1728 -0.1065
vn 0.9772 0.1810 -0.1111
vn -0.0000 -1.0000 -0.0000
vn -0.0000 -0.0000 1.0000
vn -0.0000 1.0000 -0.0000
vn -0.0000 -0.0000 -1.0000
vn 0.0165 -0.9055 -0.4241
vn 0.0149 0.9055 -0.4241
vn 0.0077 -0.7987 0.6017
vn 0.0149 0.9055 0.4241
vn 0.9888 -0.0036 -0.1491
vn 0.9536 -0.3009 -0.0005
vn 0.9544 0.2984 0.0009
vn 0.9894 0.0008 0.1451
vn 0.9796 -0.1806 -0.0879
vn 0.9795 -0.1807 0.0887
vn 0.9797 0.1801 0.0883
vn 0.9799 0.1795 -0.0869
vn -0.9342 -0.3318 0.1314
vn -0.6573 -0.1716 -0.7338
vn -0.3381 0.9347 0.1098
vn -0.8342 0.5041 -0.2237
vn 0.9374 -0.3481 -0.0000
vn 0.0006 -0.0011 1.0000
vn 0.0109 -0.9999 0.0012
vn 0.0105 0.9999 -0.0000
vn -0.7876 0.0865 -0.6101
vn 0.9374 0.3481 -0.0000
vn 0.9938 -0.0000 -0.1108
vn 0.9937 0.0002 0.1118
vn -0.4107 0.8868 -0.2121
vn -0.9711 0.1408 0.1928
vn -0.9151 0.1865 0.3576
vn 0.9329 -0.3255 0.1543
vn 0.0777 -0.8080 0.5840
vn 0.5215 -0.7153 0.4652
vn 0.2377 -0.7775 0.5822
vn 0.0620 0.8930 0.4457
vn 0.9377 0.3341 0.0951
vn 0.2659 0.8600 0.4354
vn 0.5566 0.7560 0.3445
vn 0.9044 -0.3737 -0.2059
vn 0.2236 -0.7830 -0.5804
vn 0.5743 -0.6719 -0.4676
vn 0.3511 -0.7453 -0.5668
vn 0.0832 0.8937 -0.4409
vn 0.9065 0.3378 -0.2532
vn 0.2736 0.8611 -0.4285
vn 0.5438 0.7656 -0.3437
vn 0.9454 -0.0058 -0.3259
vn 0.1102 -0.0062 -0.9939
vn 0.6831 -0.0164 -0.7302
vn 0.3360 -0.0216 -0.9416
vn 0.0384 -0.9993 0.0007
vn 0.7687 -0.6396 0.0010
vn 0.1574 -0.9875 0.0010
vn 0.3516 -0.9361 0.0008
vn 0.0433 0.9991 -0.0000
vn 0.7668 0.6418 -0.0000
vn 0.1615 0.9869 -0.0000
vn 0.3535 0.9354 -0.0000
vn 0.0279 -0.0181 0.9994
vn 0.9832 -0.0007 0.1824
vn 0.2977 -0.0241 0.9544
vn 0.7141 -0.0157 0.6999
vn -0.9787 -0.1738 0.1093
vn -0.9787 0.1731 0.1103
vn -0.9783 -0.1731 -0.1134
vn -0.9817 0.1589 -0.1045
vn -0.0149 -0.9055 -0.4241
vn -0.0149 0.9055 -0.4241
vn -0.0005 -0.8437 0.5367
vn -0.0149 0.9055 0.4241
vn -0.9904 0.0070 -0.1383
vn -0.9589 -0.2838 0.0016
vn -0.9578 0.2875 -0.0012
vn -0.9894 0.0002 0.1450
vn -0.9796 -0.1806 -0.0879
vn -0.9795 -0.1807 0.0887
vn -0.9797 0.1801 0.0883
vn -0.9799 0.1795 -0.0869
vn 0.3666 0.8957 0.2515
vn 0.3598 0.3298 0.8728
vn 0.5133 -0.8546 -0.0784
vn 0.9586 -0.2315 0.1657
vn -0.9374 -0.3481 -0.0000
vn -0.0006 -0.0008 1.0000
vn -0.0105 -0.9999 -0.0000
vn -0.0105 0.9999 -0.0000
vn -0.0108 0.9850 0.1720
vn -0.9374 0.3481 -0.0000
vn -0.9938 -0.0000 -0.1108
vn -0.9937 0.0002 0.1118
vn 0.3381 -0.9346 0.1107
vn 0.5709 0.6190 0.5394
vn 0.2394 0.9214 -0.3063
vn -0.9432 -0.2990 0.1451
vn -0.0360 -0.8265 0.5618
vn -0.5927 -0.6622 0.4585
vn -0.2788 -0.7497 0.6002
vn -0.0620 0.8930 0.4457
vn -0.9377 0.3341 0.0951
vn -0.2659 0.8600 0.4354
vn -0.5566 0.7560 0.3445
vn -0.9044 -0.3737 -0.2059
vn -0.2217 -0.8266 -0.5173
vn -0.5743 -0.6719 -0.4676
vn -0.3532 -0.7436 -0.5677
vn -0.0832 0.8937 -0.4409
vn -0.9065 0.3378 -0.2532
vn -0.2736 0.8611 -0.4285
vn -0.5438 0.7656 -0.3437
vn -0.9454 -0.0058 -0.3259
vn -0.1102 -0.0062 -0.9939
vn -0.6831 -0.0164 -0.7302
vn -0.3360 -0.0216 -0.9416
vn -0.0433 -0.9991 -0.0000
vn -0.7668 -0.6418 -0.0000
vn -0.1615 -0.9869 -0.0000
vn -0.3535 -0.9354 -0.0000
vn -0.0433 0.9991 -0.0000
vn -0.7668 0.6418 -0.0000
vn -0.1615 0.9869 -0.0000
vn -0.3535 0.9354 -0.0000
vn -0.0280 -0.0152 0.9995
vn -0.9832 -0.0007 0.1824
vn -0.3003 -0.0228 0.9536
vn -0.7146 -0.0155 0.6993
vn -0.0000 -1.0000 -0.0002
vn 0.9597 -0.2760 -0.0531
vn 0.9491 -0.3130 -0.0360
vn 0.0136 -0.9999 -0.0031
vn -0.3487 0.4305 0.8325
vn 0.0562 -0.9983 -0.0179
vn 0.1724 -0.9844 -0.0338
vn 0.3673 -0.9295 -0.0334
vn 0.7928 -0.6089 -0.0269
vn -0.9564 -0.2886 -0.0440
vn -0.9491 -0.3130 -0.0360
vn -0.0131 -0.9999 -0.0033
vn 0.2650 0.9061 -0.3297
vn -0.0616 -0.9979 -0.0176
vn -0.1753 -0.9839 -0.0340
vn -0.3684 -0.9290 -0.0338
vn -0.7927 -0.6090 -0.0271
vn -0.0037 -0.9985 0.0545
vn 0.9584 -0.2807 0.0522
vn 0.9491 -0.3130 0.0360
vn 0.0075 -0.9996 0.0280
vn -0.6293 0.4446 -0.6373
vn 0.0561 -0.9978 0.0345
vn 0.1589 -0.9856 0.0571
vn 0.3515 -0.9349 0.0498
vn 0.8000 -0.5992 0.0318
vn -0.9593 -0.2788 0.0445
vn -0.9491 -0.3130 0.0360
vn -0.0086 -0.9982 0.0595
vn 0.3466 0.9226 0.1694
vn -0.0527 -0.9982 0.0280
vn -0.1745 -0.9841 0.0342
vn -0.3701 -0.9284 0.0339
vn -0.7950 -0.6060 0.0279
vn -0.0000 1.0000 0.0002
vn 0.9599 0.2754 0.0514
vn 0.0131 0.9999 0.0033
vn -0.4559 0.0105 -0.8900
vn 0.9491 0.3130 0.0358
vn 0.0491 0.9987 0.0132
vn 0.1686 0.9855 0.0167
vn 0.3641 0.9312 0.0180
vn 0.7941 0.6074 0.0211
vn -0.9576 0.2844 0.0464
vn -0.0131 0.9999 0.0033
vn 0.3739 -0.1752 0.9108
vn -0.9491 0.3130 0.0358
vn -0.0491 0.9987 0.0132
vn -0.1686 0.9855 0.0167
vn -0.3641 0.9312 0.0180
vn -0.7941 0.6074 0.0211
vn -0.0000 1.0000 -0.0002
vn 0.9573 0.2849 -0.0497
vn 0.0131 0.9999 -0.0033
vn -0.7717 -0.6351 -0.0348
vn 0.9491 0.3129 -0.0358
vn 0.0491 0.9987 -0.0132
vn 0.1686 0.9855 -0.0167
vn 0.3642 0.9311 -0.0180
vn 0.7938 0.6078 -0.0208
vn -0.9610 0.2721 -0.0489
vn -0.0131 0.9999 -0.0033
vn 0.5686 -0.7452 0.3485
vn -0.9491 0.3129 -0.0358
vn -0.0491 0.9987 -0.0132
vn -0.1686 0.9855 -0.0167
vn -0.3642 0.9311 -0.0180
vn -0.7938 0.6078 -0.0208
vn -0.0000 -1.0000 -0.0001
vn -0.0117 -0.9764 0.2158
vn -0.0088 -0.3143 0.9493
vn -0.0000 1.0000 0.0001
vn 0.0045 -0.9053 -0.4248
vn 0.0045 0.9053 -0.4248
vn -0.0069 -0.8274 0.5616
vn 0.0045 0.9053 0.4248
vn 0.9854 0.0948 -0.1416
vn 0.9859 -0.0969 -0.1361
vn 0.9546 -0.2958 0.0349
vn 0.9689 -0.2365 -0.0728
vn 0.9549 0.2950 -0.0335
vn 0.9687 0.2376 0.0717
vn 0.9865 0.0927 0.1350
vn 0.9864 -0.0919 0.1365
vn 0.9855 -0.1468 -0.0850
vn 0.9855 -0.1468 0.0850
vn 0.9855 0.1468 0.0850
vn 0.9855 0.1468 -0.0850
vn 0.9237 0.3310 0.1931
vn 0.9136 0.3535 -0.2010
vn 0.9218 -0.3338 -0.1969
vn 0.9248 -0.3221 0.2023
vn 0.0005 -0.0010 -1.0000
vn 0.9413 -0.3367 -0.0232
vn 0.9635 -0.2677 -0.0000
vn 0.9413 -0.3367 0.0232
vn 0.0002 -0.0001 1.0000
vn 0.0001 -0.0002 1.0000
vn 0.0072 -0.2871 0.9579
vn 0.0118 -0.9999 -0.0017
vn 0.0113 -0.9999 0.0054
vn 0.0038 -1.0000 0.0006
vn 0.0113 0.9999 -0.0023
vn 0.0032 1.0000 -0.0000
vn 0.0113 0.9999 0.0023
vn 0.8583 0.5132 0.0074
vn -0.3530 0.1688 -0.9203
vn -0.8419 -0.2967 0.4507
vn 0.9413 0.3367 0.0232
vn 0.9635 0.2677 -0.0000
vn 0.9413 0.3367 -0.0232
vn 0.9904 0.0887 -0.1059
vn 0.9940 -0.0000 -0.1096
vn 0.9903 -0.0894 -0.1061
vn 0.9902 -0.0895 0.1070
vn 0.9940 -0.0000 0.1096
vn 0.9902 0.0896 0.1071
vn 0.9577 -0.0262 -0.2867
vn -0.6629 0.5716 -0.4835
vn -0.2975 0.9527 -0.0615
vn 0.9613 0.0113 0.2753
vn -0.8611 0.4972 -0.1068
vn -0.9495 -0.2431 0.1983
vn 0.8560 -0.5170 -0.0018
vn -0.4617 0.3087 0.8316
vn -0.7780 0.3165 -0.5427
vn 0.7047 0.6623 -0.2543
vn 0.9421 0.1071 -0.3177
vn 0.8200 -0.0122 -0.5723
vn 0.6819 0.0794 -0.7271
vn 0.3981 0.8269 -0.3972
vn 0.4999 -0.0202 -0.8659
vn 0.3308 0.0399 -0.9429
vn 0.1823 0.8827 -0.4332
vn 0.2427 -0.0170 -0.9699
vn 0.0864 0.0108 -0.9962
vn 0.9390 -0.1636 -0.3026
vn 0.7477 -0.5567 -0.3620
vn 0.6732 -0.2439 -0.6981
vn 0.4152 -0.7368 -0.5336
vn 0.3645 -0.2524 -0.8963
vn 0.4444 -0.7672 -0.4625
vn 0.2572 -0.1053 -0.9606
vn 0.1551 -0.8036 0.5746
vn 0.0399 -0.9991 0.0124
vn 0.0872 -0.9962 0.0012
vn 0.1859 -0.9579 0.2189
vn 0.3421 -0.7718 0.5360
vn 0.2399 -0.9708 0.0008
vn 0.3845 -0.9038 0.1878
vn 0.7687 -0.5532 0.3211
vn 0.5255 -0.8508 0.0010
vn 0.8442 -0.5290 0.0863
vn 0.1306 -0.9886 -0.0756
vn 0.1609 -0.9869 -0.0116
vn 0.3553 -0.9347 -0.0126
vn 0.7752 -0.6316 -0.0140
vn 0.0450 0.9989 -0.0092
vn 0.0952 0.9955 -0.0000
vn 0.1741 0.9846 -0.0174
vn 0.2423 0.9702 -0.0000
vn 0.3718 0.9281 -0.0188
vn 0.5240 0.8517 -0.0000
vn 0.8334 0.5518 -0.0298
vn 0.0539 0.9984 0.0137
vn 0.1442 0.8800 0.4525
vn 0.1637 0.9864 0.0116
vn 0.3981 0.8269 0.3972
vn 0.3569 0.9340 0.0125
vn 0.7295 0.6547 0.1977
vn 0.7749 0.6319 0.0139
vn 0.0272 -0.0019 0.9996
vn 0.1179 -0.0248 0.9927
vn 0.3066 0.0360 0.9511
vn 0.4984 -0.0208 0.8667
vn 0.7164 0.0841 0.6926
vn 0.9146 -0.0072 0.4044
vn 0.9790 0.1211 0.1639
vn 0.0515 -0.3180 0.9467
vn 0.2826 -0.3299 0.9007
vn 0.6796 -0.2821 0.6771
vn 0.9740 -0.1403 0.1779
vn 0.0188 -0.9998 0.0006
vn 0.0211 -0.7893 0.6137
vn 0.9920 0.0006 0.1259
vn 0.9699 -0.2235 0.0962
vn 0.9046 -0.4262 0.0002
vn 0.0065 -0.0070 1.0000
vn 0.9049 0.4257 -0.0000
vn 0.9719 0.2178 0.0898
vn 0.0191 0.9998 -0.0000
vn 0.0275 0.9018 0.4313
vn 0.0521 -0.9016 -0.4295
vn 0.9709 -0.2223 -0.0888
vn 0.9933 -0.0002 -0.1156
vn 0.0268 0.9020 -0.4308
vn 0.9735 0.2150 -0.0784
vn -0.0045 -0.9053 -0.4248
vn -0.0045 0.9053 -0.4248
vn 0.0059 -0.8231 0.5679
vn -0.0045 0.9053 0.4248
vn -0.9882 0.0854 -0.1273
vn -0.9872 -0.0807 -0.1377
vn -0.9590 -0.2822 0.0275
vn -0.9651 -0.2514 -0.0735
vn -0.9583 0.2842 -0.0296
vn -0.9667 0.2452 0.0733
vn -0.9865 0.0899 0.1370
vn -0.9865 -0.0901 0.1371
vn -0.9855 -0.1468 -0.0850
vn -0.9855 -0.1468 0.0850
vn -0.9855 0.1468 0.0850
vn -0.9855 0.1468 -0.0850
vn -0.9238 0.3190 0.2116
vn -0.9428 0.2573 -0.2119
vn -0.9257 -0.2905 -0.2422
vn -0.9220 -0.3270 0.2075
vn -0.9413 -0.3367 -0.0232
vn -0.9635 -0.2677 -0.0000
vn -0.9413 -0.3367 0.0232
vn -0.0002 -0.0001 1.0000
vn -0.0017 -0.3017 0.9534
vn -0.0113 -0.9999 -0.0023
vn -0.0103 -0.9998 0.0140
vn -0.0032 -1.0000 -0.0000
vn -0.0113 0.9999 -0.0023
vn -0.0032 1.0000 -0.0000
vn -0.0113 0.9999 0.0023
vn -0.8625 0.5059 -0.0123
vn -0.0430 0.4215 0.9058
vn 0.4485 -0.8926 0.0455
vn -0.9413 0.3367 0.0232
vn -0.9635 0.2677 -0.0000
vn -0.9413 0.3367 -0.0232
vn -0.9904 0.0887 -0.1059
vn -0.9940 -0.0000 -0.1096
vn -0.9903 -0.0894 -0.1061
vn -0.9902 -0.0895 0.1070
vn -0.9940 -0.0000 0.1096
vn -0.9902 0.0896 0.1071
vn -0.9603 0.0863 -0.2654
vn 0.5916 -0.5139 0.6212
vn 0.2930 -0.9552 0.0415
vn -0.9600 0.0105 0.2797
vn 0.8973 -0.3576 0.2589
vn 0.3694 0.8838 0.2872
vn -0.8682 -0.4958 0.0187
vn 0.1548 0.8839 -0.4412
vn 0.3116 0.9444 0.1052
vn -0.7047 0.6623 -0.2543
vn -0.9421 0.1071 -0.3177
vn -0.8200 -0.0122 -0.5723
vn -0.6819 0.0794 -0.7271
vn -0.3981 0.8269 -0.3972
vn -0.4999 -0.0202 -0.8659
vn -0.3308 0.0399 -0.9429
vn -0.1823 0.8827 -0.4332
vn -0.2427 -0.0170 -0.9699
vn -0.0864 0.0108 -0.9962
vn -0.9390 -0.1636 -0.3026
vn -0.7477 -0.5567 -0.3620
vn -0.6732 -0.2439 -0.6981
vn -0.4160 -0.7363 -0.5337
vn -0.3645 -0.2524 -0.8963
vn -0.4204 -0.7411 -0.5234
vn -0.2310 -0.1538 -0.9607
vn -0.1611 -0.7821 0.6020
vn -0.0444 -0.9990 0.0101
vn -0.0952 -0.9955 -0.0000
vn -0.2133 -0.9594 0.1845
vn -0.4115 -0.7384 0.5342
vn -0.2423 -0.9702 -0.0000
vn -0.4328 -0.8882 0.1545
vn -0.8109 -0.4984 0.3067
vn -0.5240 -0.8517 -0.0000
vn -0.8507 -0.5198 0.0786
vn -0.1337 -0.9879 -0.0780
vn -0.1637 -0.9864 -0.0116
vn -0.3569 -0.9340 -0.0125
vn -0.7749 -0.6319 -0.0139
vn -0.0450 0.9989 -0.0092
vn -0.0952 0.9955 -0.0000
vn -0.1741 0.9846 -0.0174
vn -0.2423 0.9702 -0.0000
vn -0.3718 0.9281 -0.0188
vn -0.5240 0.8517 -0.0000
vn -0.8334 0.5518 -0.0298
vn -0.0539 0.9984 0.0137
vn -0.1442 0.8800 0.4525
vn -0.1637 0.9864 0.0116
vn -0.3981 0.8269 0.3972
vn -0.3569 0.9340 0.0125
vn -0.7295 0.6547 0.1977
vn -0.7749 0.6319 0.0139
vn -0.0272 -0.0019 0.9996
vn -0.1204 -0.0221 0.9925
vn -0.3066 0.0360 0.9511
vn -0.4999 -0.0202 0.8659
vn -0.7164 0.0841 0.6926
vn -0.9146 -0.0072 0.4043
vn -0.9790 0.1211 0.1639
vn -0.0331 -0.2803 0.9593
vn -0.3023 -0.2618 0.9166
vn -0.7020 -0.2386 0.6710
vn -0.9751 -0.1366 0.1749
vn -0.0191 -0.9998 -0.0000
vn -0.0005 -0.8177 0.5756
vn -0.9920 0.0006 0.1259
vn -0.9704 -0.2214 0.0962
vn -0.9049 -0.4257 -0.0000
vn -0.0058 -0.0057 1.0000
vn -0.9049 0.4257 -0.0000
vn -0.9719 0.2178 0.0898
vn -0.0191 0.9998 -0.0000
vn -0.0275 0.9018 0.4313
vn -0.0570 -0.8971 -0.4381
vn -0.9709 -0.2223 -0.0888
vn -0.9933 -0.0002 -0.1156
vn -0.0268 0.9020 -0.4308
vn -0.9735 0.2150 -0.0784
vn 0.9552 -0.2939 -0.0360
vn 0.9621 -0.2666 -0.0570
vn 0.0162 -0.9999 -0.0041
vn -0.4333 0.6106 0.6629
vn 0.0398 -0.9992 -0.0087
vn 0.2303 -0.9580 -0.1711
vn 0.4234 -0.8924 -0.1563
vn 0.8296 -0.5525 -0.0808
vn -0.9573 -0.2879 -0.0250
vn -0.9621 -0.2666 -0.0570
vn -0.0153 -0.9999 -0.0034
vn 0.7750 0.4799 -0.4112
vn -0.0450 -0.9989 -0.0092
vn -0.2338 -0.9571 -0.1711
vn -0.4237 -0.8922 -0.1565
vn -0.8296 -0.5524 -0.0810
vn -0.9228 -0.3841 -0.0297
vn -0.0240 -0.9997 -0.0085
vn -0.5465 -0.8369 -0.0314
vn -0.2539 -0.9666 -0.0347
vn -0.1195 -0.9924 -0.0284
vn -0.8384 -0.5430 -0.0474
vn -0.0040 -1.0000 -0.0008
vn -0.9687 -0.2455 -0.0373
vn 0.9228 -0.3842 -0.0296
vn 0.0245 -0.9997 -0.0085
vn 0.5460 -0.8372 -0.0311
vn 0.2524 -0.9670 -0.0344
vn 0.1118 -0.9933 -0.0284
vn 0.8730 -0.4716 -0.1246
vn 0.0040 -1.0000 -0.0007
vn 0.9687 -0.2455 -0.0373
vn -0.0010 -1.0000 0.0066
vn 0.9677 -0.2410 0.0735
vn 0.9621 -0.2666 0.0573
vn 0.0034 -0.9796 0.2008
vn -0.8003 0.2358 -0.5513
vn 0.0765 -0.9763 0.2023
vn 0.1556 -0.9877 0.0171
vn 0.3519 -0.9359 0.0160
vn 0.7818 -0.6233 0.0159
vn -0.9672 -0.2440 0.0710
vn -0.9621 -0.2666 0.0573
vn -0.0039 -0.9802 0.1980
vn 0.6770 0.6921 0.2502
vn -0.0519 -0.9809 0.1876
vn -0.1637 -0.9864 0.0116
vn -0.3569 -0.9340 0.0125
vn -0.7749 -0.6319 0.0139
vn -0.9228 -0.3841 0.0299
vn -0.0082 -0.9990 0.0440
vn -0.5519 -0.8333 0.0321
vn -0.2539 -0.9666 0.0347
vn -0.1174 -0.9927 0.0292
vn -0.8563 -0.5131 0.0587
vn -0.0072 -0.9981 0.0604
vn -0.9687 -0.2455 0.0373
vn 0.9218 -0.3865 0.0306
vn 0.0227 -0.9995 0.0218
vn 0.5466 -0.8363 0.0422
vn 0.2349 -0.9705 0.0550
vn 0.1012 -0.9935 0.0514
vn 0.8686 -0.4826 0.1126
vn 0.0003 -0.9990 0.0438
vn 0.9687 -0.2456 0.0373
vn 0.9560 0.2911 0.0354
vn 0.0153 0.9999 0.0034
vn -0.8868 -0.2879 -0.3616
vn 0.9622 0.2665 0.0565
vn 0.0450 0.9989 0.0092
vn 0.1741 0.9846 0.0174
vn 0.3710 0.9284 0.0187
vn 0.8396 0.5421 0.0350
vn -0.9569 0.2892 0.0271
vn -0.0153 0.9999 0.0034
vn 0.4958 0.6969 0.5182
vn -0.9622 0.2665 0.0565
vn -0.0450 0.9989 0.0092
vn -0.1741 0.9846 0.0174
vn -0.3710 0.9284 0.0187
vn -0.8396 0.5421 0.0350
vn -0.0238 0.9997 0.0082
vn -0.9229 0.3839 0.0285
vn -0.5441 0.8388 0.0187
vn -0.2507 0.9679 0.0174
vn -0.1016 0.9947 0.0157
vn -0.9687 0.2455 0.0373
vn -0.8512 0.5199 0.0719
vn -0.0040 1.0000 0.0008
vn 0.0238 0.9997 0.0082
vn 0.9229 0.3839 0.0285
vn 0.5441 0.8388 0.0187
vn 0.2507 0.9679 0.0174
vn 0.1016 0.9947 0.0157
vn 0.9687 0.2455 0.0373
vn 0.8736 0.4726 0.1160
vn 0.0040 1.0000 0.0008
vn -0.0000 1.0000 -0.0001
vn 0.9656 0.2496 -0.0725
vn 0.0153 0.9999 -0.0034
vn -0.5391 -0.5180 -0.6641
vn 0.9622 0.2665 -0.0559
vn 0.0562 0.9983 -0.0129
vn 0.1637 0.9864 -0.0116
vn 0.3569 0.9340 -0.0125
vn 0.7749 0.6319 -0.0139
vn -0.9708 0.2286 -0.0729
vn -0.0153 0.9999 -0.0034
vn 0.4004 0.2044 0.8932
vn -0.9622 0.2665 -0.0559
vn -0.0562 0.9983 -0.0129
vn -0.1637 0.9864 -0.0116
vn -0.3569 0.9340 -0.0125
vn -0.7749 0.6319 -0.0139
vn -0.9229 0.3840 -0.0282
vn -0.0238 0.9997 -0.0082
vn -0.5440 0.8389 -0.0187
vn -0.2507 0.9679 -0.0174
vn -0.1016 0.9947 -0.0157
vn -0.9687 0.2455 -0.0373
vn -0.8733 0.4755 -0.1057
vn -0.0040 1.0000 -0.0008
vn 0.9229 0.3840 -0.0282
vn 0.0238 0.9997 -0.0082
vn 0.5440 0.8389 -0.0187
vn 0.2507 0.9679 -0.0174
vn 0.1016 0.9947 -0.0157
vn 0.9687 0.2455 -0.0373
vn 0.8591 0.5031 -0.0940
vn 0.0040 1.0000 -0.0008
vn 0.9756 -0.2124 -0.0565
vn 0.9652 -0.2602 0.0243
vn -0.0010 -0.2821 0.9594
vn 0.0036 -1.0000 -0.0003
vn -0.0061 -0.9797 0.2005
vn 0.0034 1.0000 -0.0005
vn 0.0047 1.0000 0.0008
vn 0.8567 0.5109 -0.0713
vn 0.8957 0.4233 0.1364
vn 0.9756 0.2124 0.0565
vn 0.9652 0.2602 -0.0243
vn 0.9918 0.0741 -0.1040
vn 0.9918 -0.0741 -0.1040
vn 0.9918 -0.0741 0.1040
vn 0.9918 0.0741 0.1040
vn 0.9428 -0.2158 -0.2541
vn 0.9447 0.1860 -0.2700
vn 0.9478 0.1972 0.2506
vn 0.9496 -0.1785 0.2576
vn 0.8586 -0.5064 0.0804
vn 0.8976 -0.4155 -0.1473
vn 0.8164 0.0929 -0.5700
vn 0.4997 0.0594 -0.8641
vn 0.2134 0.0257 -0.9766
vn 0.8219 -0.2156 -0.5273
vn 0.4958 -0.2611 -0.8282
vn 0.3656 -0.2020 -0.9086
vn 0.0863 -0.9961 0.0167
vn 0.2384 -0.9710 0.0165
vn 0.5344 -0.8451 0.0158
vn 0.2153 -0.9677 -0.1313
vn 0.2959 -0.9395 -0.1726
vn 0.6031 -0.7873 -0.1283
vn 0.0971 0.9952 -0.0110
vn 0.2449 0.9695 -0.0121
vn 0.5301 0.8479 -0.0129
vn 0.1067 0.9942 0.0164
vn 0.2568 0.9663 0.0181
vn 0.5982 0.8009 0.0250
vn 0.1299 0.0108 0.9915
vn 0.4997 0.0594 0.8641
vn 0.9178 0.1111 0.3812
vn 0.1348 -0.3238 0.9365
vn 0.4639 -0.3227 0.8250
vn 0.8920 -0.2061 0.4024
vn 0.0236 -0.9783 0.2058
vn 0.9865 -0.1117 0.1195
vn 0.9098 -0.4146 0.0189
vn 0.0163 -0.3003 0.9537
vn 0.9445 0.3251 0.0479
vn 0.0277 0.9996 0.0085
vn 0.9868 0.1098 0.1192
vn 0.0023 -0.0011 1.0000
vn 0.0205 -0.9998 -0.0052
vn 0.9441 -0.3252 -0.0534
vn -0.0000 -0.0019 -1.0000
vn 0.9877 -0.1115 -0.1100
vn 0.0205 0.9998 -0.0057
vn 0.9105 0.4132 -0.0184
vn 0.9886 0.1046 -0.1084
vn -0.9756 -0.2124 -0.0565
vn -0.9652 -0.2602 0.0243
vn 0.0049 -0.3240 0.9460
vn -0.0034 -1.0000 -0.0005
vn -0.0028 -0.9762 0.2167
vn -0.0034 1.0000 -0.0005
vn -0.0047 1.0000 0.0008
vn -0.8617 0.5049 -0.0507
vn -0.8844 0.4459 0.1378
vn -0.9756 0.2124 0.0565
vn -0.9652 0.2602 -0.0243
vn -0.9918 0.0741 -0.1040
vn -0.9918 -0.0741 -0.1040
vn -0.9918 -0.0741 0.1040
vn -0.9918 0.0741 0.1040
vn -0.9549 -0.0639 -0.2901
vn -0.9558 0.1730 -0.2376
vn -0.9492 0.1735 0.2624
vn -0.9500 -0.1618 0.2672
vn -0.8641 -0.5022 0.0343
vn -0.8709 -0.4727 -0.1347
vn -0.8164 0.0929 -0.5700
vn -0.4997 0.0594 -0.8641
vn -0.2134 0.0257 -0.9766
vn -0.8219 -0.2156 -0.5273
vn -0.4958 -0.2611 -0.8282
vn -0.3470 -0.2122 -0.9136
vn -0.0971 -0.9952 0.0110
vn -0.2449 -0.9695 0.0121
vn -0.5301 -0.8479 0.0129
vn -0.2231 -0.9654 -0.1352
vn -0.2975 -0.9390 -0.1729
vn -0.6033 -0.7871 -0.1285
vn -0.0971 0.9952 -0.0110
vn -0.2449 0.9695 -0.0121
vn -0.5301 0.8479 -0.0129
vn -0.1067 0.9942 0.0164
vn -0.2568 0.9663 0.0181
vn -0.5982 0.8009 0.0250
vn -0.1299 0.0108 0.9915
vn -0.4997 0.0594 0.8641
vn -0.9178 0.1111 0.3812
vn -0.1326 -0.2601 0.9564
vn -0.4941 -0.2619 0.8290
vn -0.9005 -0.1858 0.3931
vn 0.0044 -0.9819 0.1893
vn -0.9865 -0.1116 0.1195
vn -0.9105 -0.4132 0.0184
vn -0.0101 -0.2913 0.9566
vn -0.9445 0.3251 0.0479
vn -0.0277 0.9996 0.0085
vn -0.9868 0.1098 0.1192
vn -0.0023 -0.0011 1.0000
vn -0.0205 -0.9998 -0.0057
vn -0.9442 -0.3252 -0.0534
vn -0.0150 -0.0269 -0.9995
vn -0.9877 -0.1115 -0.1100
vn -0.0205 0.9998 -0.0057
vn -0.9105 0.4132 -0.0184
vn -0.9886 0.1046 -0.1084
vn -0.9105 -0.4132 -0.0184
vn -0.0410 -0.9988 -0.0270
vn -0.5301 -0.8479 -0.0129
vn -0.2449 -0.9695 -0.0121
vn -0.0971 -0.9952 -0.0110
vn -0.8524 -0.5229 -0.0037
vn -0.0047 -1.0000 -0.0008
vn -0.9652 -0.2602 -0.0243
vn 0.9104 -0.4133 -0.0184
vn 0.0418 -0.9987 -0.0282
vn 0.5296 -0.8482 -0.0130
vn 0.2432 -0.9699 -0.0122
vn 0.0904 -0.9958 -0.0107
vn 0.8596 -0.5035 -0.0873
vn 0.0047 -1.0000 -0.0008
vn 0.9652 -0.2602 -0.0243
vn -0.9442 -0.3247 0.0561
vn -0.0178 -0.9998 0.0117
vn -0.6360 -0.7621 0.1214
vn -0.2959 -0.9393 0.1738
vn -0.1510 -0.9700 0.1907
vn -0.8816 -0.4563 0.1209
vn -0.0047 -0.9999 0.0114
vn -0.9756 -0.2124 0.0565
vn 0.9429 -0.3283 0.0568
vn 0.0196 -0.9998 0.0077
vn 0.6045 -0.7835 0.1443
vn 0.2518 -0.9445 0.2111
vn 0.1346 -0.9680 0.2117
vn 0.8940 -0.4251 0.1420
vn 0.0042 -1.0000 0.0045
vn 0.9756 -0.2124 0.0565
vn -0.0205 0.9998 0.0057
vn -0.9105 0.4132 0.0184
vn -0.5301 0.8479 0.0129
vn -0.2449 0.9695 0.0121
vn -0.0971 0.9952 0.0110
vn -0.9652 0.2602 0.0243
vn -0.8528 0.5217 0.0246
vn -0.0034 1.0000 0.0005
vn 0.0205 0.9998 0.0057
vn 0.9105 0.4132 0.0184
vn 0.5301 0.8479 0.0129
vn 0.2449 0.9695 0.0121
vn 0.0971 0.9952 0.0110
vn 0.9652 0.2602 0.0243
vn 0.8634 0.4965 0.0894
vn 0.0034 1.0000 0.0005
vn -0.9444 0.3259 -0.0439
vn -0.0277 0.9996 -0.0085
vn -0.5779 0.8158 -0.0220
vn -0.2568 0.9663 -0.0181
vn -0.1093 0.9939 -0.0157
vn -0.9756 0.2124 -0.0565
vn -0.9124 0.3739 -0.1664
vn -0.0047 1.0000 -0.0008
vn 0.9444 0.3259 -0.0439
vn 0.0277 0.9996 -0.0085
vn 0.5779 0.8158 -0.0220
vn 0.2568 0.9663 -0.0181
vn 0.1093 0.9939 -0.0157
vn 0.9756 0.2124 -0.0565
vn 0.8788 0.4605 -0.1248
vn 0.0047 1.0000 -0.0008
vn -0.5632 -0.7326 0.3823
vn -0.4871 0.7468 0.4527
vn -0.8085 -0.0215 -0.5881
vn -0.4792 0.6366 -0.6042
vn -0.2516 -0.7725 0.5830
vn -0.2215 0.7530 0.6197
vn -0.0732 -0.7240 -0.6859
vn -0.2520 0.7827 -0.5692
vn -0.5227 0.6240 -0.5809
vn -0.4059 -0.9001 0.1581
vn -0.4531 0.8894 -0.0610
vn -0.6297 0.3149 0.7101
vn -0.2116 0.1970 -0.9573
vn -0.2113 -0.9727 -0.0962
vn -0.1646 0.9806 -0.1061
vn -0.3011 0.3780 0.8755
vn -0.6315 -0.7401 0.2313
vn -0.6678 0.5932 0.4496
vn -0.7407 -0.2603 -0.6194
vn -0.6479 0.4886 -0.5844
vn -0.7534 0.1769 0.6334
vn -0.5818 -0.8076 0.0964
vn -0.5881 0.8087 0.0087
vn -0.6088 0.5084 -0.6090
vn 0.5625 -0.7289 0.3903
vn 0.4575 0.8049 0.3779
vn 0.6890 -0.4613 -0.5590
vn 0.4426 0.7387 -0.5083
vn 0.1659 -0.8341 0.5261
vn 0.1334 0.7760 0.6165
vn 0.1180 -0.6339 -0.7644
vn 0.0273 0.8012 -0.5978
vn 0.5428 0.3885 -0.7446
vn 0.3723 -0.9269 -0.0473
vn 0.3552 0.9347 0.0109
vn 0.4808 0.5408 0.6902
vn -0.0115 0.2556 -0.9667
vn 0.0258 -0.9943 -0.1039
vn 0.0614 0.9965 -0.0571
vn 0.1303 0.4339 0.8915
vn 0.5381 -0.7359 0.4109
vn 0.6379 0.5125 0.5749
vn 0.5449 -0.3133 -0.7778
vn 0.4144 0.6947 -0.5879
vn 0.5077 0.3951 0.7656
vn 0.3497 -0.9330 -0.0846
vn 0.4081 0.9127 0.0195
vn 0.4381 0.4250 -0.7921
vn -0.4849 -0.8745 0.0143
vn -0.1418 -0.9614 -0.2359
vn -0.4949 -0.8689 0.0012
vn 0.5687 -0.6427 -0.5134
vn 0.1081 -0.9582 -0.2650
vn 0.3720 -0.8991 -0.2309
vn -0.4217 -0.9000 0.1102
vn -0.1824 -0.9726 0.1440
vn -0.5858 -0.8013 0.1218
vn 0.4576 -0.8167 0.3515
vn 0.1144 -0.9717 0.2067
vn 0.4731 -0.8418 0.2600
vn -0.4635 0.8777 0.1220
vn -0.1639 0.9141 0.3709
vn -0.5628 0.8262 0.0272
vn 0.4170 0.5726 0.7058
vn 0.1303 0.9461 0.2964
vn 0.4790 0.8646 0.1518
vn -0.4693 0.8278 -0.3074
vn -0.1503 0.9560 -0.2519
vn -0.6024 0.7792 -0.1730
vn 0.4032 0.8543 -0.3280
vn 0.0603 0.9514 -0.3019
vn 0.4038 0.8408 -0.3605
vn -0.4927 0.6776 -0.5461
vn -0.5368 0.5846 -0.6084
vn -0.4104 -0.9107 0.0476
vn -0.5769 -0.8016 -0.1569
vn -0.4558 0.8807 -0.1292
vn -0.4837 0.8122 0.3262
vn -0.5368 0.6303 0.5609
vn -0.6910 -0.1097 0.7145
vn -0.4925 0.7553 0.4324
vn -0.4799 0.5986 -0.6414
vn -0.7610 -0.1494 -0.6313
vn -0.5994 -0.6597 0.4533
vn -0.2708 0.4717 -0.8391
vn -0.0686 -0.3592 -0.9307
vn -0.1382 -0.9903 0.0113
vn -0.1203 -0.9481 -0.2943
vn -0.1240 0.9784 -0.1651
vn -0.1903 0.8395 0.5089
vn -0.2904 0.5808 0.7605
vn -0.3265 -0.4085 0.8524
vn -0.5092 -0.8005 0.3160
vn -0.8337 -0.5212 0.1823
vn -0.7584 0.5525 0.3458
vn -0.5453 0.6827 0.4864
vn -0.7601 -0.0497 -0.6479
vn -0.6271 -0.4816 -0.6122
vn -0.8393 0.3497 -0.4162
vn -0.5104 0.6046 -0.6115
vn -0.4373 0.8955 -0.0827
vn -0.6346 0.2875 0.7174
vn -0.7489 -0.0727 0.6587
vn -0.8955 0.1253 0.4271
vn -0.7195 0.4189 0.5540
vn -0.4831 0.6413 -0.5962
vn -0.6488 0.2859 0.7052
vn -0.4109 -0.9038 0.1198
vn -0.3766 -0.9204 0.1055
vn -0.4288 -0.8950 0.1231
vn -0.7424 -0.6697 -0.0189
vn -0.4982 -0.8671 -0.0003
vn -0.4927 0.8694 -0.0358
vn -0.5438 0.8317 -0.1124
vn -0.6985 0.7139 -0.0487
vn -0.5883 0.8080 -0.0333
vn -0.5354 0.5708 -0.6226
vn -0.5892 0.6098 -0.5302
vn -0.7694 0.3086 -0.5592
vn -0.5793 0.4547 -0.6765
vn 0.4291 0.6388 -0.6386
vn 0.6245 -0.3158 -0.7143
vn 0.4248 -0.8922 0.1533
vn 0.6129 -0.7387 -0.2803
vn 0.3793 0.8773 -0.2940
vn 0.4738 0.7683 0.4305
vn 0.4480 0.7263 0.5214
vn 0.6748 0.0144 0.7378
vn 0.3349 0.8837 0.3270
vn 0.4841 0.8419 -0.2384
vn 0.5353 -0.6807 -0.5001
vn 0.5442 -0.7011 0.4608
vn 0.0322 0.6519 -0.7576
vn 0.0608 -0.2465 -0.9672
vn 0.0733 -0.9962 -0.0465
vn 0.0572 -0.9626 -0.2649
vn 0.0573 0.9858 -0.1580
vn 0.1685 0.8899 0.4239
vn 0.0351 0.4879 0.8722
vn 0.0842 -0.3672 0.9263
vn 0.5425 -0.7570 0.3643
vn 0.5497 -0.7218 0.4205
vn 0.6254 0.4737 0.6201
vn 0.6076 0.6060 0.5135
vn 0.7228 -0.4687 -0.5079
vn 0.5628 -0.4058 -0.7201
vn 0.4569 0.6640 -0.5919
vn 0.4319 0.5965 -0.6765
vn 0.4811 0.8167 0.3186
vn 0.5037 0.5445 0.6707
vn 0.5708 0.1382 0.8094
vn 0.5676 0.3446 0.7477
vn 0.6267 0.2426 0.7405
vn 0.6863 -0.0168 -0.7271
vn 0.5763 0.4636 0.6731
vn 0.5475 -0.8368 0.0040
vn 0.3177 -0.9458 -0.0667
vn 0.4040 -0.9141 -0.0337
vn 0.4012 -0.9108 -0.0971
vn 0.4257 -0.8991 -0.1019
vn 0.3695 0.9273 0.0596
vn 0.4263 0.8999 -0.0916
vn 0.4215 0.9024 -0.0898
vn 0.4145 0.9088 -0.0487
vn 0.4710 0.5148 -0.7164
vn 0.4214 0.6044 -0.6761
vn 0.4681 0.3596 -0.8072
vn 0.4285 0.1365 -0.8931
vn -0.4296 -0.8862 0.1736
vn -0.0927 -0.9729 -0.2120
vn -0.5177 -0.8371 -0.1767
vn 0.4696 -0.8545 -0.2221
vn 0.0964 -0.9817 -0.1643
vn 0.4235 -0.8783 -0.2222
vn 0.4430 -0.8737 -0.2013
vn 0.5232 -0.7602 -0.3851
vn 0.5437 -0.6038 -0.5829
vn -0.5739 -0.8189 0.0082
vn -0.4365 -0.8990 -0.0343
vn -0.4600 -0.8875 0.0256
vn -0.4228 -0.8885 0.1784
vn -0.2523 -0.9316 0.2617
vn -0.5303 -0.8366 0.1371
vn 0.4676 -0.8272 0.3116
vn 0.0476 -0.9466 0.3189
vn 0.4648 -0.8554 0.2285
vn 0.4700 -0.8430 0.2615
vn 0.4557 -0.8380 0.3001
vn 0.5000 -0.7712 0.3940
vn -0.7710 -0.6340 -0.0602
vn -0.4435 -0.8805 0.1676
vn -0.4199 -0.9054 0.0623
vn -0.4484 0.8932 -0.0325
vn -0.1354 0.9871 0.0851
vn -0.6135 0.7439 0.2651
vn 0.3648 0.6657 0.6510
vn 0.0807 0.9930 0.0859
vn 0.5610 0.7588 0.3311
vn 0.5023 0.8608 0.0824
vn 0.5193 0.7880 0.3309
vn 0.2499 0.5634 0.7875
vn -0.6367 0.7711 0.0058
vn -0.4914 0.8695 0.0499
vn -0.4624 0.8741 0.1486
vn -0.4813 0.6692 -0.5661
vn -0.1667 0.9275 -0.3346
vn -0.6589 0.6086 -0.4422
vn 0.3996 0.8663 -0.2996
vn 0.0699 0.8936 -0.4435
vn 0.3809 0.8193 -0.4286
vn 0.4254 0.8388 -0.3398
vn 0.3731 0.8701 -0.3220
vn 0.4620 0.8276 -0.3187
vn -0.6488 0.7487 -0.1362
vn -0.5212 0.8162 -0.2494
vn -0.4643 0.8206 -0.3332
vn -0.4703 0.8293 0.3017
vn -0.4450 0.8836 -0.1455
vn -0.5899 0.5651 0.5767
vn -0.6593 -0.0955 0.7458
vn -0.9145 -0.0243 0.4039
vn -0.8568 0.2668 0.4413
vn -0.4776 0.6329 -0.6094
vn -0.5659 0.5095 -0.6482
vn -0.6865 -0.2223 0.6923
vn -0.5492 0.6147 0.5662
vn -0.5950 -0.7749 -0.2136
vn -0.4157 -0.9065 0.0738
vn -0.4112 -0.9114 0.0178
vn -0.5180 -0.8382 -0.1707
vn -0.5849 -0.7805 -0.2206
vn -0.7261 -0.6831 -0.0788
vn -0.5035 0.8603 -0.0800
vn -0.5478 0.7806 0.3008
vn -0.6798 0.6968 0.2289
vn -0.6484 0.7608 -0.0292
vn -0.4921 0.5977 -0.6329
vn -0.4816 0.6873 -0.5438
vn -0.8178 0.3602 -0.4488
vn -0.6643 0.0607 -0.7450
vn 0.3304 0.8392 0.4319
vn 0.4832 0.7695 -0.4176
vn 0.5834 0.4409 0.6821
vn 0.6276 0.2252 0.7453
vn 0.6378 -0.0378 0.7693
vn 0.5903 0.2409 0.7704
vn 0.6076 0.5912 -0.5305
vn 0.5850 -0.5439 -0.6016
vn 0.6444 -0.3475 0.6811
vn 0.3840 0.8231 0.4184
vn 0.5418 -0.6583 -0.5227
vn 0.5084 -0.7842 0.3557
vn 0.3850 -0.9089 -0.1604
vn 0.3992 -0.9122 -0.0920
vn 0.4391 -0.8573 -0.2685
vn 0.4163 -0.9052 -0.0851
vn 0.3610 0.9240 -0.1260
vn 0.5934 0.7182 0.3634
vn 0.5711 0.7784 0.2607
vn 0.4127 0.8992 -0.1451
vn 0.5270 0.0903 -0.8451
vn 0.3904 0.5282 -0.7541
vn 0.4395 0.5813 -0.6848
vn 0.4731 0.1757 -0.8633
vn 0.4493 -0.8905 -0.0718
vn 0.3994 -0.9024 -0.1616
vn 0.5508 -0.7074 -0.4430
vn -0.6199 -0.7795 0.0898
vn -0.3789 -0.9100 0.1682
vn -0.4155 -0.9016 0.1203
vn 0.4772 -0.8533 0.2101
vn 0.4812 -0.8323 0.2751
vn 0.4999 -0.7870 0.3616
vn -0.8113 -0.5810 0.0648
vn -0.3938 -0.9056 0.1577
vn -0.4732 -0.8627 0.1783
vn 0.4518 0.8873 -0.0928
vn 0.4100 0.9115 0.0324
vn 0.1948 0.3425 0.9191
vn -0.6681 0.7437 -0.0235
vn -0.4814 0.8750 -0.0516
vn -0.4491 0.8935 0.0059
vn 0.4457 0.7757 -0.4469
vn 0.3760 0.8463 -0.3775
vn 0.4364 0.8878 -0.1463
vn -0.7300 0.6466 -0.2215
vn -0.5476 0.6413 -0.5375
vn -0.4783 0.6699 -0.5679
vn 0.5631 0.7332 -0.3812
vn 0.4871 -0.7468 -0.4529
vn 0.8089 0.0195 0.5876
vn 0.4793 -0.6359 0.6049
vn 0.5263 -0.6550 0.5422
vn 0.6434 0.4435 0.6240
vn 0.9055 -0.2711 -0.3263
vn 0.4309 0.7252 -0.5371
vn 0.5227 -0.6241 0.5808
vn 0.4060 0.9001 -0.1579
vn 0.4532 -0.8893 0.0609
vn 0.6297 -0.3150 -0.7101
vn 0.0870 -0.8730 -0.4800
vn 0.0474 -0.7884 0.6133
vn 0.1759 0.6293 0.7570
vn 0.1429 0.8280 -0.5422
vn 0.7713 0.0895 -0.6302
vn 0.4086 -0.9098 -0.0728
vn 0.4101 0.9078 -0.0883
vn 0.6273 0.2663 0.7318
vn 0.6327 0.7392 -0.2307
vn 0.6679 -0.5929 -0.4500
vn 0.7423 0.2586 0.6181
vn 0.6481 -0.4875 0.5851
vn 0.1224 -0.9924 0.0159
vn 0.7536 -0.1770 -0.6331
vn 0.0834 -0.4371 0.8955
vn 0.1610 -0.2828 -0.9456
vn 0.0915 0.9931 -0.0739
vn 0.5824 0.8071 -0.0969
vn 0.5880 -0.8088 -0.0089
vn 0.6088 -0.5086 0.6088
vn -0.5618 0.7307 -0.3879
vn -0.4577 -0.8046 -0.3782
vn -0.6899 0.4594 0.5594
vn -0.4435 -0.7396 0.5063
vn -0.7942 -0.2987 0.5292
vn -0.6693 0.6281 0.3968
vn -0.8910 -0.2978 -0.3426
vn -0.8839 0.4446 -0.1455
vn -0.5434 -0.3870 0.7450
vn -0.3724 0.9268 0.0498
vn -0.3439 -0.9388 0.0177
vn -0.4812 -0.5400 -0.6906
vn -0.0050 -0.9133 -0.4072
vn -0.1536 -0.8429 0.5157
vn -0.1234 0.7193 0.6836
vn -0.1150 0.8378 -0.5337
vn -0.9551 -0.2074 -0.2118
vn -0.8142 -0.5788 0.0460
vn -0.6502 0.7510 0.1150
vn -0.8681 0.2413 0.4337
vn -0.5377 0.7367 -0.4100
vn -0.6380 -0.5121 -0.5750
vn -0.5450 0.3154 0.7769
vn -0.4145 -0.6946 0.5879
vn 0.3205 -0.7759 0.5433
vn -0.5078 -0.3965 -0.7648
vn -0.1672 -0.2531 0.9529
vn -0.0913 -0.4397 -0.8935
vn -0.1247 0.9869 -0.1025
vn -0.3498 0.9330 0.0843
vn -0.4075 -0.9129 -0.0253
vn -0.4382 -0.4247 0.7922
vn 0.4848 0.8745 -0.0147
vn 0.8559 -0.2630 -0.4454
vn 0.1159 0.9783 0.1720
vn 0.4953 0.8687 -0.0016
vn -0.5706 0.6333 0.5228
vn -0.9806 -0.1922 -0.0373
vn -0.1026 0.9205 0.3771
vn -0.3730 0.8977 0.2346
vn 0.4216 0.9001 -0.1100
vn 0.4482 -0.8380 0.3111
vn 0.0786 0.9820 -0.1715
vn 0.5864 0.8009 -0.1211
vn -0.4583 0.8155 -0.3533
vn -0.7478 -0.6612 0.0601
vn -0.0913 0.9532 -0.2881
vn -0.4731 0.8408 -0.2631
vn 0.4634 -0.8775 -0.1236
vn 0.5389 0.6928 0.4792
vn 0.0897 -0.9336 -0.3470
vn 0.5628 -0.8262 -0.0270
vn -0.4183 -0.5690 -0.7080
vn -0.5825 0.5508 0.5977
vn 0.0659 -0.8862 -0.4586
vn -0.4791 -0.8645 -0.1522
vn 0.4693 -0.8280 0.3070
vn 0.5064 0.8014 -0.3183
vn 0.0708 -0.9411 0.3305
vn 0.6022 -0.7795 0.1725
vn -0.4033 -0.8544 0.3277
vn -0.7429 0.6431 -0.1859
vn -0.1128 -0.9500 0.2911
vn -0.4039 -0.8399 0.3626
vn 0.4927 -0.6776 0.5459
vn 0.5346 -0.5874 0.6076
vn 0.4104 0.9107 -0.0470
vn 0.5739 0.8044 0.1537
vn 0.4558 -0.8808 0.1285
vn 0.4836 -0.8116 -0.3277
vn 0.5367 -0.6306 -0.5607
vn 0.6910 0.1054 -0.7151
vn 0.4926 -0.7553 -0.4324
vn 0.4800 -0.5975 0.6423
vn 0.7615 0.1449 0.6318
vn 0.6000 0.6588 -0.4539
vn 0.6738 0.4166 -0.6102
vn 0.9260 -0.2271 -0.3015
vn 0.3296 -0.9423 0.0593
vn 0.5041 -0.7810 -0.3687
vn 0.5077 0.8406 -0.1890
vn 0.6635 0.4762 0.5770
vn 0.6171 0.4970 0.6100
vn 0.5330 -0.3510 0.7699
vn 0.5096 0.8008 -0.3147
vn 0.8335 0.5217 -0.1821
vn 0.7583 -0.5525 -0.3459
vn 0.5454 -0.6819 -0.4875
vn 0.7616 0.0519 0.6460
vn 0.6272 0.4821 0.6117
vn 0.8393 -0.3494 0.4164
vn 0.5107 -0.6035 0.6124
vn 0.1404 -0.9695 -0.2008
vn 0.4369 -0.8956 0.0835
vn 0.1000 -0.9766 0.1905
vn 0.6348 -0.2873 -0.7173
vn 0.7486 0.0692 -0.6594
vn 0.8954 -0.1254 -0.4272
vn 0.7196 -0.4189 -0.5538
vn 0.0548 -0.6643 0.7455
vn 0.4828 -0.6417 0.5959
vn 0.1309 0.0012 0.9914
vn 0.1691 0.4341 -0.8849
vn 0.6488 -0.2860 -0.7052
vn 0.1081 -0.7299 -0.6750
vn 0.1023 0.9937 0.0450
vn 0.4110 0.9037 -0.1198
vn 0.0850 0.9850 -0.1504
vn 0.3772 0.9201 -0.1054
vn 0.4287 0.8950 -0.1230
vn 0.7421 0.6701 0.0190
vn 0.4982 0.8671 0.0009
vn 0.4928 -0.8694 0.0354
vn 0.5439 -0.8314 0.1135
vn 0.6985 -0.7139 0.0488
vn 0.5883 -0.8079 0.0333
vn 0.5356 -0.5707 0.6224
vn 0.5894 -0.6097 0.5300
vn 0.7694 -0.3088 0.5592
vn 0.5775 -0.4589 0.6753
vn -0.4288 -0.6396 0.6380
vn -0.6237 0.3222 0.7121
vn -0.4250 0.8917 -0.1554
vn -0.6127 0.7404 0.2764
vn -0.3753 -0.8701 0.3194
vn -0.4745 -0.7671 -0.4317
vn -0.4474 -0.7270 -0.5208
vn -0.6749 -0.0168 -0.7377
vn -0.3352 -0.8834 -0.3273
vn -0.4823 -0.8448 0.2316
vn -0.5354 0.6811 0.4994
vn -0.5435 0.7030 -0.4586
vn -0.9789 0.1739 -0.1074
vn -0.7297 -0.6667 -0.1518
vn -0.4297 -0.8392 0.3332
vn -0.6060 -0.6984 -0.3808
vn -0.7218 0.6905 -0.0464
vn -0.7371 0.4185 0.5306
vn -0.8642 0.4910 0.1098
vn -0.8031 -0.3873 0.4529
vn -0.5418 0.7581 -0.3629
vn -0.5497 0.7222 -0.4199
vn -0.6256 -0.4735 -0.6200
vn -0.6078 -0.6058 -0.5135
vn -0.7234 0.4678 0.5079
vn -0.5635 0.4068 0.7191
vn -0.4569 -0.6639 0.5919
vn -0.4320 -0.5971 0.6760
vn 0.3749 -0.2378 -0.8960
vn -0.5011 -0.7835 -0.3674
vn -0.1214 -0.9010 0.4165
vn -0.5018 -0.5482 -0.6691
vn -0.5711 -0.1385 -0.8091
vn -0.5675 -0.3453 -0.7475
vn -0.6262 -0.2438 -0.7405
vn -0.1621 -0.6350 0.7553
vn -0.6863 0.0222 0.7269
vn -0.1540 0.3222 0.9341
vn -0.1366 0.4505 -0.8823
vn -0.5770 -0.4628 -0.6729
vn -0.0236 -0.8268 -0.5620
vn -0.1380 0.9655 0.2210
vn -0.5499 0.8352 0.0009
vn -0.0924 0.9553 -0.2807
vn -0.3163 0.9463 0.0669
vn -0.4048 0.9137 0.0361
vn -0.4007 0.9110 0.0974
vn -0.4267 0.8991 0.0979
vn -0.3672 -0.9281 -0.0613
vn -0.4262 -0.9002 0.0895
vn -0.4217 -0.9023 0.0895
vn -0.4144 -0.9088 0.0474
vn -0.4720 -0.5129 0.7171
vn -0.4215 -0.6044 0.6760
vn -0.4682 -0.3596 0.8071
vn -0.4275 -0.1391 0.8932
vn 0.4299 0.8859 -0.1741
vn 0.4767 -0.8267 -0.2990
vn 0.1558 0.9178 0.3653
vn 0.5165 0.8382 0.1751
vn -0.4700 0.8541 0.2227
vn -0.4878 -0.7431 -0.4580
vn -0.1032 0.8714 0.4796
vn -0.4227 0.8789 0.2210
vn -0.4431 0.8732 0.2028
vn -0.5246 0.7553 0.3928
vn -0.5441 0.6003 0.5862
vn 0.5736 0.8191 -0.0087
vn 0.4369 0.8989 0.0343
vn 0.4590 0.8880 -0.0277
vn 0.4219 0.8892 -0.1770
vn 0.2820 -0.8678 0.4091
vn 0.1009 0.9591 -0.2644
vn 0.5298 0.8371 -0.1360
vn -0.4675 0.8272 -0.3116
vn -0.6653 -0.6779 0.3128
vn -0.1002 0.9388 -0.3297
vn -0.4646 0.8557 -0.2277
vn -0.4706 0.8412 -0.2662
vn -0.4562 0.8368 -0.3026
vn -0.5004 0.7702 -0.3954
vn 0.7708 0.6343 0.0602
vn 0.4437 0.8806 -0.1664
vn 0.4194 0.9058 -0.0610
vn 0.4483 -0.8932 0.0343
vn 0.3475 0.9270 0.1413
vn 0.0793 -0.9263 -0.3683
vn 0.6134 -0.7439 -0.2653
vn -0.3216 -0.5487 -0.7716
vn -0.5544 0.7550 0.3502
vn 0.0018 -0.9314 -0.3640
vn -0.5610 -0.7588 -0.3308
vn -0.5023 -0.8607 -0.0827
vn -0.5214 -0.7831 -0.3391
vn -0.2536 -0.5684 -0.7827
vn 0.6365 -0.7712 -0.0050
vn 0.4910 -0.8698 -0.0484
vn 0.4629 -0.8746 -0.1445
vn 0.4813 -0.6680 0.5676
vn 0.5482 0.7504 -0.3693
vn 0.0474 -0.8872 0.4590
vn 0.6591 -0.6083 0.4421
vn -0.3995 -0.8665 0.2992
vn -0.8334 0.5328 -0.1473
vn -0.1403 -0.9437 0.2996
vn -0.3807 -0.8195 0.4283
vn -0.4251 -0.8383 0.3413
vn -0.3731 -0.8697 0.3230
vn -0.4630 -0.8273 0.3180
vn 0.6486 -0.7488 0.1362
vn 0.5211 -0.8165 0.2485
vn 0.4646 -0.8210 0.3319
vn 0.4706 -0.8292 -0.3017
vn 0.4446 -0.8842 0.1431
vn 0.5902 -0.5650 -0.5766
vn 0.6596 0.0899 -0.7462
vn 0.9143 0.0236 -0.4045
vn 0.8567 -0.2669 -0.4414
vn 0.4776 -0.6330 0.6093
vn 0.5634 -0.5141 0.6467
vn 0.6866 0.2201 -0.6929
vn 0.5491 -0.6151 -0.5659
vn 0.5934 0.7770 0.2102
vn 0.4157 0.9065 -0.0738
vn 0.4113 0.9113 -0.0168
vn 0.5146 0.8413 0.1656
vn 0.5846 0.7808 0.2204
vn 0.7257 0.6835 0.0785
vn 0.5035 -0.8603 0.0795
vn 0.5481 -0.7806 -0.3003
vn 0.6797 -0.6967 -0.2292
vn 0.6483 -0.7608 0.0292
vn 0.4884 -0.6037 0.6301
vn 0.4819 -0.6872 0.5436
vn 0.8177 -0.3604 0.4489
vn 0.6638 -0.0626 0.7453
vn -0.3308 -0.8366 -0.4367
vn -0.4484 -0.6902 0.5680
vn -0.5838 -0.4410 -0.6817
vn -0.6277 -0.2263 -0.7448
vn -0.6375 0.0355 -0.7697
vn -0.5905 -0.2399 -0.7706
vn -0.6085 -0.5909 0.5297
vn -0.5837 0.5480 0.5992
vn -0.6436 0.3539 -0.6786
vn -0.3832 -0.8243 -0.4167
vn -0.5423 0.6582 0.5222
vn -0.5085 0.7802 -0.3643
vn -0.3858 0.9088 0.1588
vn -0.4000 0.9117 0.0939
vn -0.4391 0.8577 0.2674
vn -0.4167 0.9052 0.0833
vn -0.3594 -0.9237 0.1325
vn -0.5928 -0.7175 -0.3658
vn -0.5709 -0.7787 -0.2602
vn -0.4130 -0.8991 0.1450
vn -0.5264 -0.0902 0.8455
vn -0.3898 -0.5228 0.7581
vn -0.4395 -0.5813 0.6848
vn -0.4726 -0.1778 0.8631
vn -0.4500 0.8899 0.0740
vn -0.4009 0.9014 0.1634
vn -0.5491 0.7012 0.4547
vn 0.6195 0.7799 -0.0895
vn 0.3791 0.9100 -0.1680
vn 0.4152 0.9016 -0.1210
vn -0.4770 0.8535 -0.2097
vn -0.4812 0.8326 -0.2744
vn -0.4997 0.7874 -0.3611
vn 0.8113 0.5810 -0.0648
vn 0.3926 0.9065 -0.1553
vn 0.4725 0.8634 -0.1767
vn -0.4516 -0.8874 0.0924
vn -0.4088 -0.9123 -0.0224
vn 0.1541 0.2292 -0.9611
vn 0.6680 -0.7438 0.0235
vn 0.4814 -0.8750 0.0521
vn 0.4492 -0.8934 -0.0045
vn -0.4456 -0.7758 0.4468
vn -0.3760 -0.8467 0.3765
vn -0.4356 -0.8882 0.1459
vn 0.7298 -0.6468 0.2215
vn 0.5479 -0.6410 0.5376
vn 0.4786 -0.6669 0.5712
vt 0.489110 0.309452
vt 0.489110 0.353358
vt 0.424026 0.353358
vt 0.424026 0.309452
vt 0.489110 0.405154
vt 0.424026 0.405154
vt 0.362816 0.405154
vt 0.362816 0.353358
vt 0.362816 0.309452
vt 0.489110 0.457971
vt 0.424026 0.457971
vt 0.489110 0.509173
vt 0.424026 0.509173
vt 0.362816 0.509173
vt 0.362816 0.457971
vt 0.120589 0.255019
vt 0.120589 0.282469
vt 0.083189 0.282469
vt 0.083189 0.255019
vt 0.120589 0.309452
vt 0.083189 0.309452
vt 0.052508 0.309452
vt 0.052508 0.282469
vt 0.052508 0.255019
vt 0.120589 0.143677
vt 0.120589 0.171448
vt 0.083189 0.171448
vt 0.083189 0.143677
vt 0.120589 0.199270
vt 0.083189 0.199270
vt 0.052508 0.199270
vt 0.052508 0.171448
vt 0.052508 0.143677
vt 0.362816 0.836418
vt 0.362816 0.783840
vt 0.424026 0.783840
vt 0.424026 0.836418
vt 0.362816 0.732533
vt 0.424026 0.732533
vt 0.489110 0.732533
vt 0.489110 0.783840
vt 0.489110 0.836418
vt 0.362816 0.091127
vt 0.362816 0.053434
vt 0.424026 0.053434
vt 0.424026 0.091127
vt 0.362816 0.001953
vt 0.424026 0.001953
vt 0.489110 0.001953
vt 0.489110 0.053434
vt 0.489110 0.091127
vt 0.489110 0.255019
vt 0.424026 0.255019
vt 0.424026 0.227098
vt 0.489110 0.227098
vt 0.362816 0.255019
vt 0.362816 0.227098
vt 0.362816 0.199270
vt 0.424026 0.199270
vt 0.489110 0.199270
vt 0.489110 0.143677
vt 0.424026 0.143677
vt 0.424026 0.117034
vt 0.489110 0.117034
vt 0.362816 0.143677
vt 0.362816 0.117034
vt 0.362816 0.565523
vt 0.424026 0.565523
vt 0.424026 0.593441
vt 0.362816 0.593441
vt 0.489110 0.565523
vt 0.489110 0.593441
vt 0.489110 0.621264
vt 0.424026 0.621264
vt 0.362816 0.621264
vt 0.362816 0.676982
vt 0.424026 0.676982
vt 0.424026 0.704829
vt 0.362816 0.704829
vt 0.489110 0.676982
vt 0.489110 0.704829
vt 0.052508 0.565523
vt 0.052508 0.593441
vt 0.028201 0.593441
vt 0.028201 0.565523
vt 0.052508 0.621264
vt 0.028201 0.621264
vt 0.001953 0.621264
vt 0.001953 0.593441
vt 0.001953 0.565523
vt 0.052508 0.676982
vt 0.052508 0.704829
vt 0.028201 0.704829
vt 0.028201 0.676982
vt 0.052508 0.732533
vt 0.028201 0.732533
vt 0.001953 0.732533
vt 0.001953 0.704829
vt 0.001953 0.676982
vt 0.120589 0.676982
vt 0.120589 0.704829
vt 0.083189 0.704829
vt 0.083189 0.676982
vt 0.120589 0.732533
vt 0.083189 0.732533
vt 0.120589 0.565523
vt 0.120589 0.593441
vt 0.083189 0.593441
vt 0.083189 0.565523
vt 0.120589 0.621264
vt 0.083189 0.621264
vt 0.120589 0.405154
vt 0.120589 0.457971
vt 0.083189 0.457971
vt 0.083189 0.405154
vt 0.120589 0.509173
vt 0.083189 0.509173
vt 0.052508 0.509173
vt 0.052508 0.457971
vt 0.052508 0.405154
vt 0.120589 0.353358
vt 0.083189 0.353358
vt 0.052508 0.353358
vt 0.120589 0.001953
vt 0.120589 0.053434
vt 0.083189 0.053434
vt 0.083189 0.001953
vt 0.120589 0.091127
vt 0.083189 0.091127
vt 0.052508 0.091127
vt 0.052508 0.053434
vt 0.052508 0.001953
vt 0.120589 0.783840
vt 0.083189 0.783840
vt 0.120589 0.836418
vt 0.083189 0.836418
vt 0.052508 0.836418
vt 0.052508 0.783840
vt 0.028201 0.353358
vt 0.028201 0.309452
vt 0.028201 0.405154
vt 0.001953 0.405154
vt 0.001953 0.353358
vt 0.001953 0.309452
vt 0.028201 0.457971
vt 0.028201 0.509173
vt 0.001953 0.509173
vt 0.001953 0.457971
vt 0.028201 0.783840
vt 0.028201 0.836418
vt 0.001953 0.836418
vt 0.001953 0.783840
vt 0.028201 0.053434
vt 0.028201 0.001953
vt 0.028201 0.091127
vt 0.001953 0.091127
vt 0.001953 0.053434
vt 0.001953 0.001953
vt 0.028201 0.171448
vt 0.028201 0.143677
vt 0.028201 0.199270
vt 0.001953 0.199270
vt 0.001953 0.171448
vt 0.001953 0.143677
vt 0.028201 0.282469
vt 0.028201 0.255019
vt 0.001953 0.282469
vt 0.001953 0.255019
vt 0.213613 0.509173
vt 0.213613 0.457971
vt 0.224932 0.457971
vt 0.224932 0.509173
vt 0.213613 0.405154
vt 0.224932 0.405154
vt 0.231294 0.405154
vt 0.231294 0.457971
vt 0.231294 0.509173
vt 0.237286 0.457971
vt 0.237286 0.509173
vt 0.237286 0.405154
vt 0.243192 0.405154
vt 0.243192 0.457971
vt 0.243192 0.509173
vt 0.249582 0.457971
vt 0.249582 0.509173
vt 0.249582 0.405154
vt 0.261466 0.405154
vt 0.261466 0.457971
vt 0.261466 0.509173
vt 0.213613 0.353358
vt 0.224932 0.353358
vt 0.213613 0.309452
vt 0.224932 0.309452
vt 0.231294 0.309452
vt 0.231294 0.353358
vt 0.237286 0.353358
vt 0.237286 0.309452
vt 0.243192 0.309452
vt 0.243192 0.353358
vt 0.249582 0.353358
vt 0.249582 0.309452
vt 0.261466 0.309452
vt 0.261466 0.353358
vt 0.261466 0.143677
vt 0.261466 0.171448
vt 0.249582 0.171448
vt 0.249582 0.143677
vt 0.261466 0.199270
vt 0.249582 0.199270
vt 0.243192 0.199270
vt 0.243192 0.171448
vt 0.243192 0.143677
vt 0.237286 0.171448
vt 0.237286 0.143677
vt 0.237286 0.199270
vt 0.231294 0.199270
vt 0.231294 0.171448
vt 0.231294 0.143677
vt 0.224932 0.171448
vt 0.224932 0.143677
vt 0.224932 0.199270
vt 0.213613 0.199270
vt 0.213613 0.171448
vt 0.213613 0.143677
vt 0.261466 0.255019
vt 0.261466 0.282469
vt 0.249582 0.282469
vt 0.249582 0.255019
vt 0.243192 0.282469
vt 0.243192 0.255019
vt 0.237286 0.282469
vt 0.237286 0.255019
vt 0.231294 0.282469
vt 0.231294 0.255019
vt 0.224932 0.282469
vt 0.224932 0.255019
vt 0.213613 0.282469
vt 0.213613 0.255019
vt 0.261466 0.565523
vt 0.261466 0.593441
vt 0.249582 0.593441
vt 0.249582 0.565523
vt 0.261466 0.621264
vt 0.249582 0.621264
vt 0.243192 0.621264
vt 0.243192 0.593441
vt 0.243192 0.565523
vt 0.237286 0.593441
vt 0.237286 0.565523
vt 0.237286 0.621264
vt 0.231294 0.621264
vt 0.231294 0.593441
vt 0.231294 0.565523
vt 0.224932 0.593441
vt 0.224932 0.565523
vt 0.224932 0.621264
vt 0.213613 0.621264
vt 0.213613 0.593441
vt 0.213613 0.565523
vt 0.261466 0.676982
vt 0.261466 0.704829
vt 0.249582 0.704829
vt 0.249582 0.676982
vt 0.261466 0.732533
vt 0.249582 0.732533
vt 0.243192 0.732533
vt 0.243192 0.704829
vt 0.243192 0.676982
vt 0.237286 0.704829
vt 0.237286 0.676982
vt 0.237286 0.732533
vt 0.231294 0.732533
vt 0.231294 0.704829
vt 0.231294 0.676982
vt 0.224932 0.704829
vt 0.224932 0.676982
vt 0.224932 0.732533
vt 0.213613 0.732533
vt 0.213613 0.704829
vt 0.213613 0.676982
vt 0.261466 0.783840
vt 0.249582 0.783840
vt 0.261466 0.836418
vt 0.249582 0.836418
vt 0.243192 0.836418
vt 0.243192 0.783840
vt 0.237286 0.783840
vt 0.237286 0.836418
vt 0.231294 0.836418
vt 0.231294 0.783840
vt 0.224932 0.783840
vt 0.224932 0.836418
vt 0.213613 0.836418
vt 0.213613 0.783840
vt 0.261466 0.001953
vt 0.261466 0.053434
vt 0.249582 0.053434
vt 0.249582 0.001953
vt 0.261466 0.091127
vt 0.249582 0.091127
vt 0.243192 0.091127
vt 0.243192 0.053434
vt 0.243192 0.001953
vt 0.237286 0.053434
vt 0.237286 0.001953
vt 0.237286 0.091127
vt 0.231294 0.091127
vt 0.231294 0.053434
vt 0.231294 0.001953
vt 0.224932 0.053434
vt 0.224932 0.001953
vt 0.224932 0.091127
vt 0.213613 0.091127
vt 0.213613 0.053434
vt 0.213613 0.001953
vt 0.307935 0.143677
vt 0.307935 0.117034
vt 0.261466 0.117034
vt 0.307935 0.091127
vt 0.166020 0.053434
vt 0.166020 0.001953
vt 0.166020 0.091127
vt 0.166020 0.171448
vt 0.166020 0.143677
vt 0.166020 0.199270
vt 0.307935 0.053434
vt 0.307935 0.001953
vt 0.166020 0.704829
vt 0.166020 0.676982
vt 0.166020 0.732533
vt 0.307935 0.676982
vt 0.307935 0.704829
vt 0.307935 0.732533
vt 0.166020 0.783840
vt 0.166020 0.836418
vt 0.307935 0.783840
vt 0.307935 0.836418
vt 0.307935 0.255019
vt 0.307935 0.227098
vt 0.261466 0.227098
vt 0.307935 0.199270
vt 0.166020 0.282469
vt 0.166020 0.255019
vt 0.166020 0.309452
vt 0.307935 0.353358
vt 0.307935 0.309452
vt 0.307935 0.405154
vt 0.166020 0.353358
vt 0.166020 0.405154
vt 0.307935 0.565523
vt 0.307935 0.593441
vt 0.307935 0.621264
vt 0.307935 0.457971
vt 0.307935 0.509173
vt 0.166020 0.593441
vt 0.166020 0.565523
vt 0.166020 0.621264
vt 0.166020 0.457971
vt 0.166020 0.509173
vt 0.554138 0.309452
vt 0.554138 0.353358
vt 0.615505 0.309452
vt 0.615505 0.353358
vt 0.615505 0.405154
vt 0.554138 0.405154
vt 0.554138 0.457971
vt 0.615505 0.457971
vt 0.615505 0.509173
vt 0.554138 0.509173
vt 0.858566 0.255019
vt 0.895884 0.255019
vt 0.895884 0.282469
vt 0.858566 0.282469
vt 0.926527 0.255019
vt 0.926527 0.282469
vt 0.926527 0.309452
vt 0.895884 0.309452
vt 0.858566 0.309452
vt 0.858566 0.143677
vt 0.895884 0.143677
vt 0.895884 0.171448
vt 0.858566 0.171448
vt 0.926527 0.143677
vt 0.926527 0.171448
vt 0.926527 0.199270
vt 0.895884 0.199270
vt 0.858566 0.199270
vt 0.615505 0.836418
vt 0.554138 0.836418
vt 0.554138 0.783840
vt 0.615505 0.783840
vt 0.554138 0.732533
vt 0.615505 0.732533
vt 0.615505 0.091127
vt 0.554138 0.091127
vt 0.554138 0.053434
vt 0.615505 0.053434
vt 0.554138 0.001953
vt 0.615505 0.001953
vt 0.554138 0.227098
vt 0.554138 0.255019
vt 0.554138 0.199270
vt 0.615505 0.199270
vt 0.615505 0.227098
vt 0.615505 0.255019
vt 0.554138 0.117034
vt 0.554138 0.143677
vt 0.615505 0.117034
vt 0.615505 0.143677
vt 0.615505 0.565523
vt 0.615505 0.593441
vt 0.554138 0.593441
vt 0.554138 0.565523
vt 0.615505 0.621264
vt 0.554138 0.621264
vt 0.615505 0.676982
vt 0.615505 0.704829
vt 0.554138 0.704829
vt 0.554138 0.676982
vt 0.926527 0.565523
vt 0.950755 0.565523
vt 0.950755 0.593441
vt 0.926527 0.593441
vt 0.973857 0.565523
vt 0.973857 0.593441
vt 0.973857 0.621264
vt 0.950755 0.621264
vt 0.926527 0.621264
vt 0.926527 0.676982
vt 0.950755 0.676982
vt 0.950755 0.704829
vt 0.926527 0.704829
vt 0.973857 0.676982
vt 0.973857 0.704829
vt 0.973857 0.732533
vt 0.950755 0.732533
vt 0.926527 0.732533
vt 0.858566 0.676982
vt 0.895884 0.676982
vt 0.895884 0.704829
vt 0.858566 0.704829
vt 0.895884 0.732533
vt 0.858566 0.732533
vt 0.858566 0.565523
vt 0.895884 0.565523
vt 0.895884 0.593441
vt 0.858566 0.593441
vt 0.895884 0.621264
vt 0.858566 0.621264
vt 0.858566 0.405154
vt 0.895884 0.405154
vt 0.895884 0.457971
vt 0.858566 0.457971
vt 0.926527 0.405154
vt 0.926527 0.457971
vt 0.926527 0.509173
vt 0.895884 0.509173
vt 0.858566 0.509173
vt 0.895884 0.353358
vt 0.858566 0.353358
vt 0.926527 0.353358
vt 0.858566 0.001953
vt 0.895884 0.001953
vt 0.895884 0.053434
vt 0.858566 0.053434
vt 0.926527 0.001953
vt 0.926527 0.053434
vt 0.926527 0.091127
vt 0.895884 0.091127
vt 0.858566 0.091127
vt 0.895884 0.783840
vt 0.858566 0.783840
vt 0.926527 0.783840
vt 0.926527 0.836418
vt 0.895884 0.836418
vt 0.858566 0.836418
vt 0.950755 0.309452
vt 0.950755 0.353358
vt 0.973857 0.309452
vt 0.973857 0.353358
vt 0.973857 0.405154
vt 0.950755 0.405154
vt 0.950755 0.457971
vt 0.973857 0.457971
vt 0.973857 0.509173
vt 0.950755 0.509173
vt 0.950755 0.783840
vt 0.973857 0.783840
vt 0.973857 0.836418
vt 0.950755 0.836418
vt 0.950755 0.001953
vt 0.950755 0.053434
vt 0.973857 0.001953
vt 0.973857 0.053434
vt 0.973857 0.091127
vt 0.950755 0.091127
vt 0.950755 0.143677
vt 0.950755 0.171448
vt 0.973857 0.143677
vt 0.973857 0.171448
vt 0.973857 0.199270
vt 0.950755 0.199270
vt 0.950755 0.255019
vt 0.950755 0.282469
vt 0.973857 0.255019
vt 0.973857 0.282469
vt 0.765534 0.509173
vt 0.754047 0.509173
vt 0.754047 0.457971
vt 0.765534 0.457971
vt 0.747603 0.509173
vt 0.747603 0.457971
vt 0.747603 0.405154
vt 0.754047 0.405154
vt 0.765534 0.405154
vt 0.741501 0.509173
vt 0.741501 0.457971
vt 0.735538 0.509173
vt 0.735538 0.457971
vt 0.735538 0.405154
vt 0.741501 0.405154
vt 0.729308 0.509173
vt 0.729308 0.457971
vt 0.718277 0.509173
vt 0.718277 0.457971
vt 0.718277 0.405154
vt 0.729308 0.405154
vt 0.754047 0.353358
vt 0.765534 0.353358
vt 0.747603 0.353358
vt 0.747603 0.309452
vt 0.754047 0.309452
vt 0.765534 0.309452
vt 0.741501 0.353358
vt 0.735538 0.353358
vt 0.735538 0.309452
vt 0.741501 0.309452
vt 0.729308 0.353358
vt 0.718277 0.353358
vt 0.718277 0.309452
vt 0.729308 0.309452
vt 0.718277 0.143677
vt 0.729308 0.143677
vt 0.729308 0.171448
vt 0.718277 0.171448
vt 0.735538 0.143677
vt 0.735538 0.171448
vt 0.735538 0.199270
vt 0.729308 0.199270
vt 0.718277 0.199270
vt 0.741501 0.143677
vt 0.741501 0.171448
vt 0.747603 0.143677
vt 0.747603 0.171448
vt 0.747603 0.199270
vt 0.741501 0.199270
vt 0.754047 0.143677
vt 0.754047 0.171448
vt 0.765534 0.143677
vt 0.765534 0.171448
vt 0.765534 0.199270
vt 0.754047 0.199270
vt 0.718277 0.255019
vt 0.729308 0.255019
vt 0.729308 0.282469
vt 0.718277 0.282469
vt 0.735538 0.255019
vt 0.735538 0.282469
vt 0.741501 0.255019
vt 0.741501 0.282469
vt 0.747603 0.255019
vt 0.747603 0.282469
vt 0.754047 0.255019
vt 0.754047 0.282469
vt 0.765534 0.255019
vt 0.765534 0.282469
vt 0.718277 0.565523
vt 0.729308 0.565523
vt 0.729308 0.593441
vt 0.718277 0.593441
vt 0.735538 0.565523
vt 0.735538 0.593441
vt 0.735538 0.621264
vt 0.729308 0.621264
vt 0.718277 0.621264
vt 0.741501 0.565523
vt 0.741501 0.593441
vt 0.747603 0.565523
vt 0.747603 0.593441
vt 0.747603 0.621264
vt 0.741501 0.621264
vt 0.754047 0.565523
vt 0.754047 0.593441
vt 0.765534 0.565523
vt 0.765534 0.593441
vt 0.765534 0.621264
vt 0.754047 0.621264
vt 0.718277 0.676982
vt 0.729308 0.676982
vt 0.729308 0.704829
vt 0.718277 0.704829
vt 0.735538 0.676982
vt 0.735538 0.704829
vt 0.735538 0.732533
vt 0.729308 0.732533
vt 0.718277 0.732533
vt 0.741501 0.676982
vt 0.741501 0.704829
vt 0.747603 0.676982
vt 0.747603 0.704829
vt 0.747603 0.732533
vt 0.741501 0.732533
vt 0.754047 0.676982
vt 0.754047 0.704829
vt 0.765534 0.676982
vt 0.765534 0.704829
vt 0.765534 0.732533
vt 0.754047 0.732533
vt 0.729308 0.783840
vt 0.718277 0.783840
vt 0.735538 0.783840
vt 0.735538 0.836418
vt 0.729308 0.836418
vt 0.718277 0.836418
vt 0.741501 0.783840
vt 0.747603 0.783840
vt 0.747603 0.836418
vt 0.741501 0.836418
vt 0.754047 0.783840
vt 0.765534 0.783840
vt 0.765534 0.836418
vt 0.754047 0.836418
vt 0.718277 0.001953
vt 0.729308 0.001953
vt 0.729308 0.053434
vt 0.718277 0.053434
vt 0.735538 0.001953
vt 0.735538 0.053434
vt 0.735538 0.091127
vt 0.729308 0.091127
vt 0.718277 0.091127
vt 0.741501 0.001953
vt 0.741501 0.053434
vt 0.747603 0.001953
vt 0.747603 0.053434
vt 0.747603 0.091127
vt 0.741501 0.091127
vt 0.754047 0.001953
vt 0.754047 0.053434
vt 0.765534 0.001953
vt 0.765534 0.053434
vt 0.765534 0.091127
vt 0.754047 0.091127
vt 0.670654 0.117034
vt 0.670654 0.143677
vt 0.670654 0.091127
vt 0.718277 0.117034
vt 0.813284 0.001953
vt 0.813284 0.053434
vt 0.813284 0.091127
vt 0.813284 0.143677
vt 0.813284 0.171448
vt 0.813284 0.199270
vt 0.670654 0.053434
vt 0.670654 0.001953
vt 0.813284 0.676982
vt 0.813284 0.704829
vt 0.813284 0.732533
vt 0.670654 0.704829
vt 0.670654 0.676982
vt 0.670654 0.732533
vt 0.813284 0.783840
vt 0.813284 0.836418
vt 0.670654 0.836418
vt 0.670654 0.783840
vt 0.670654 0.227098
vt 0.670654 0.255019
vt 0.670654 0.199270
vt 0.718277 0.227098
vt 0.813284 0.255019
vt 0.813284 0.282469
vt 0.813284 0.309452
vt 0.670654 0.309452
vt 0.670654 0.353358
vt 0.670654 0.405154
vt 0.813284 0.353358
vt 0.813284 0.405154
vt 0.670654 0.593441
vt 0.670654 0.565523
vt 0.670654 0.621264
vt 0.670654 0.457971
vt 0.670654 0.509173
vt 0.813284 0.565523
vt 0.813284 0.593441
vt 0.813284 0.621264
vt 0.813284 0.457971
vt 0.813284 0.509173
vt 0.813284 0.227098
vt 0.765534 0.227098
vt 0.858566 0.227098
vt 0.615505 0.282469
vt 0.670654 0.282469
vt 0.754047 0.227098
vt 0.747603 0.227098
vt 0.741501 0.227098
vt 0.735538 0.227098
vt 0.729308 0.227098
vt 0.950755 0.227098
vt 0.926527 0.227098
vt 0.973857 0.227098
vt 0.489110 0.282469
vt 0.554138 0.282469
vt 0.895884 0.227098
vt 0.213613 0.227098
vt 0.166020 0.227098
vt 0.120589 0.227098
vt 0.307935 0.282469
vt 0.362816 0.282469
vt 0.231294 0.227098
vt 0.224932 0.227098
vt 0.243192 0.227098
vt 0.237286 0.227098
vt 0.249582 0.227098
vt 0.052508 0.227098
vt 0.028201 0.227098
vt 0.001953 0.227098
vt 0.424026 0.282469
vt 0.083189 0.227098
vt 0.813284 0.117034
vt 0.765534 0.117034
vt 0.858566 0.117034
vt 0.615505 0.171448
vt 0.670654 0.171448
vt 0.754047 0.117034
vt 0.747603 0.117034
vt 0.741501 0.117034
vt 0.735538 0.117034
vt 0.729308 0.117034
vt 0.950755 0.117034
vt 0.926527 0.117034
vt 0.973857 0.117034
vt 0.489110 0.171448
vt 0.554138 0.171448
vt 0.895884 0.117034
vt 0.213613 0.117034
vt 0.166020 0.117034
vt 0.120589 0.117034
vt 0.307935 0.171448
vt 0.362816 0.171448
vt 0.231294 0.117034
vt 0.224932 0.117034
vt 0.243192 0.117034
vt 0.237286 0.117034
vt 0.249582 0.117034
vt 0.052508 0.117034
vt 0.028201 0.117034
vt 0.001953 0.117034
vt 0.424026 0.171448
vt 0.083189 0.117034
vt 0.718277 0.649076
vt 0.670654 0.649076
vt 0.615505 0.649076
vt 0.813284 0.649076
vt 0.765534 0.649076
vt 0.858566 0.649076
vt 0.754047 0.649076
vt 0.747603 0.649076
vt 0.741501 0.649076
vt 0.735538 0.649076
vt 0.729308 0.649076
vt 0.895884 0.649076
vt 0.926527 0.649076
vt 0.950755 0.649076
vt 0.973857 0.649076
vt 0.554138 0.649076
vt 0.489110 0.649076
vt 0.307935 0.649076
vt 0.261466 0.649076
vt 0.362816 0.649076
vt 0.213613 0.649076
vt 0.166020 0.649076
vt 0.120589 0.649076
vt 0.231294 0.649076
vt 0.224932 0.649076
vt 0.243192 0.649076
vt 0.237286 0.649076
vt 0.249582 0.649076
vt 0.083189 0.649076
vt 0.052508 0.649076
vt 0.028201 0.649076
vt 0.001953 0.649076
vt 0.424026 0.649076
vt 0.813284 0.537608
vt 0.765534 0.537608
vt 0.858566 0.537608
vt 0.718277 0.537608
vt 0.670654 0.537608
vt 0.615505 0.537608
vt 0.754047 0.537608
vt 0.747603 0.537608
vt 0.741501 0.537608
vt 0.735538 0.537608
vt 0.729308 0.537608
vt 0.895884 0.537608
vt 0.926527 0.537608
vt 0.950755 0.537608
vt 0.973857 0.537608
vt 0.554138 0.537608
vt 0.489110 0.537608
vt 0.213613 0.537608
vt 0.166020 0.537608
vt 0.120589 0.537608
vt 0.307935 0.537608
vt 0.261466 0.537608
vt 0.362816 0.537608
vt 0.231294 0.537608
vt 0.224932 0.537608
vt 0.243192 0.537608
vt 0.237286 0.537608
vt 0.249582 0.537608
vt 0.083189 0.537608
vt 0.052508 0.537608
vt 0.028201 0.537608
vt 0.001953 0.537608
vt 0.424026 0.537608
vt 0.100918 0.998047
vt 0.084340 0.998047
vt 0.084340 0.983610
vt 0.100918 0.983610
vt 0.062626 0.998047
vt 0.062626 0.983610
vt 0.062626 0.965583
vt 0.084340 0.965583
vt 0.100918 0.965583
vt 0.150341 0.998047
vt 0.136546 0.998047
vt 0.136546 0.983610
vt 0.150341 0.983610
vt 0.124592 0.998047
vt 0.124592 0.983610
vt 0.124592 0.965583
vt 0.136546 0.965583
vt 0.150341 0.965583
vt 0.033188 0.965583
vt 0.033188 0.942499
vt 0.062626 0.942499
vt 0.001953 0.965583
vt 0.001953 0.942499
vt 0.001953 0.919632
vt 0.033188 0.919632
vt 0.062626 0.919632
vt 0.521766 0.965583
vt 0.489721 0.965583
vt 0.489721 0.942499
vt 0.521766 0.942499
vt 0.460069 0.965583
vt 0.460069 0.942499
vt 0.460069 0.919632
vt 0.489721 0.919632
vt 0.521766 0.919632
vt 0.489721 0.880417
vt 0.521766 0.880417
vt 0.460069 0.880417
vt 0.460069 0.840324
vt 0.489721 0.840324
vt 0.521766 0.840324
vt 0.033188 0.880417
vt 0.062626 0.880417
vt 0.001953 0.880417
vt 0.001953 0.840324
vt 0.033188 0.840324
vt 0.062626 0.840324
vt 0.245208 0.998047
vt 0.214501 0.998047
vt 0.214501 0.983610
vt 0.245208 0.983610
vt 0.185203 0.998047
vt 0.185203 0.983610
vt 0.185203 0.965583
vt 0.214501 0.965583
vt 0.245208 0.965583
vt 0.302651 0.998047
vt 0.275892 0.998047
vt 0.275892 0.983610
vt 0.302651 0.983610
vt 0.275892 0.965583
vt 0.302651 0.965583
vt 0.521766 0.998047
vt 0.489721 0.998047
vt 0.489721 0.983610
vt 0.521766 0.983610
vt 0.460069 0.998047
vt 0.460069 0.983610
vt 0.033188 0.998047
vt 0.033188 0.983610
vt 0.001953 0.998047
vt 0.001953 0.983610
vt 0.344809 0.998047
vt 0.325429 0.998047
vt 0.325429 0.983610
vt 0.344809 0.983610
vt 0.325429 0.965583
vt 0.344809 0.965583
vt 0.418688 0.998047
vt 0.398807 0.998047
vt 0.398807 0.983610
vt 0.418688 0.983610
vt 0.380767 0.998047
vt 0.380767 0.983610
vt 0.380767 0.965583
vt 0.398807 0.965583
vt 0.418688 0.965583
vt 0.398807 0.942499
vt 0.418688 0.942499
vt 0.380767 0.942499
vt 0.380767 0.919632
vt 0.398807 0.919632
vt 0.418688 0.919632
vt 0.325429 0.942499
vt 0.344809 0.942499
vt 0.302651 0.942499
vt 0.302651 0.919632
vt 0.325429 0.919632
vt 0.344809 0.919632
vt 0.325429 0.880417
vt 0.344809 0.880417
vt 0.302651 0.880417
vt 0.302651 0.840324
vt 0.325429 0.840324
vt 0.344809 0.840324
vt 0.398807 0.880417
vt 0.418688 0.880417
vt 0.380767 0.880417
vt 0.380767 0.840324
vt 0.398807 0.840324
vt 0.418688 0.840324
vt 0.136546 0.942499
vt 0.150341 0.942499
vt 0.124592 0.942499
vt 0.124592 0.919632
vt 0.136546 0.919632
vt 0.150341 0.919632
vt 0.084340 0.942499
vt 0.100918 0.942499
vt 0.084340 0.919632
vt 0.100918 0.919632
vt 0.084340 0.880417
vt 0.100918 0.880417
vt 0.084340 0.840324
vt 0.100918 0.840324
vt 0.136546 0.880417
vt 0.150341 0.880417
vt 0.124592 0.880417
vt 0.124592 0.840324
vt 0.136546 0.840324
vt 0.150341 0.840324
vt 0.275892 0.942499
vt 0.245208 0.942499
vt 0.245208 0.919632
vt 0.275892 0.919632
vt 0.214501 0.942499
vt 0.185203 0.942499
vt 0.185203 0.919632
vt 0.214501 0.919632
vt 0.214501 0.880417
vt 0.245208 0.880417
vt 0.185203 0.880417
vt 0.185203 0.840324
vt 0.214501 0.840324
vt 0.245208 0.840324
vt 0.275892 0.880417
vt 0.275892 0.840324
vt 0.884850 0.994612
vt 0.884850 0.979236
vt 0.898895 0.979236
vt 0.898895 0.994612
vt 0.884850 0.958495
vt 0.898895 0.958495
vt 0.916579 0.958495
vt 0.916579 0.979236
vt 0.916579 0.994612
vt 0.844625 0.994612
vt 0.844625 0.979236
vt 0.856782 0.979236
vt 0.856782 0.994612
vt 0.844625 0.958495
vt 0.856782 0.958495
vt 0.864414 0.958495
vt 0.864414 0.979236
vt 0.864414 0.994612
vt 0.916579 0.930031
vt 0.939218 0.930031
vt 0.939218 0.958495
vt 0.916579 0.901791
vt 0.939218 0.901791
vt 0.966363 0.901791
vt 0.966363 0.930031
vt 0.966363 0.958495
vt 0.525673 0.958495
vt 0.525673 0.930031
vt 0.550230 0.930031
vt 0.550230 0.958495
vt 0.525673 0.901791
vt 0.550230 0.901791
vt 0.574672 0.901791
vt 0.574672 0.930031
vt 0.574672 0.958495
vt 0.525673 0.871808
vt 0.550230 0.871808
vt 0.525673 0.840324
vt 0.550230 0.840324
vt 0.574672 0.840324
vt 0.574672 0.871808
vt 0.916579 0.871808
vt 0.939218 0.871808
vt 0.916579 0.840324
vt 0.939218 0.840324
vt 0.966363 0.840324
vt 0.966363 0.871808
vt 0.766392 0.994612
vt 0.766392 0.979236
vt 0.793952 0.979236
vt 0.793952 0.994612
vt 0.766392 0.958495
vt 0.793952 0.958495
vt 0.813108 0.958495
vt 0.813108 0.979236
vt 0.813108 0.994612
vt 0.715713 0.994612
vt 0.715713 0.979236
vt 0.741832 0.979236
vt 0.741832 0.994612
vt 0.715713 0.958495
vt 0.741832 0.958495
vt 0.525673 0.994612
vt 0.525673 0.979236
vt 0.550230 0.979236
vt 0.550230 0.994612
vt 0.574672 0.979236
vt 0.574672 0.994612
vt 0.939218 0.979236
vt 0.939218 0.994612
vt 0.966363 0.979236
vt 0.966363 0.994612
vt 0.681844 0.994612
vt 0.681844 0.979236
vt 0.697358 0.979236
vt 0.697358 0.994612
vt 0.681844 0.958495
vt 0.697358 0.958495
vt 0.614224 0.994612
vt 0.614224 0.979236
vt 0.631024 0.979236
vt 0.631024 0.994612
vt 0.614224 0.958495
vt 0.631024 0.958495
vt 0.646349 0.958495
vt 0.646349 0.979236
vt 0.646349 0.994612
vt 0.614224 0.930031
vt 0.631024 0.930031
vt 0.614224 0.901791
vt 0.631024 0.901791
vt 0.646349 0.901791
vt 0.646349 0.930031
vt 0.681844 0.930031
vt 0.697358 0.930031
vt 0.681844 0.901791
vt 0.697358 0.901791
vt 0.715713 0.901791
vt 0.715713 0.930031
vt 0.681844 0.871808
vt 0.697358 0.871808
vt 0.681844 0.840324
vt 0.697358 0.840324
vt 0.715713 0.840324
vt 0.715713 0.871808
vt 0.614224 0.871808
vt 0.631024 0.871808
vt 0.614224 0.840324
vt 0.631024 0.840324
vt 0.646349 0.840324
vt 0.646349 0.871808
vt 0.844625 0.930031
vt 0.856782 0.930031
vt 0.844625 0.901791
vt 0.856782 0.901791
vt 0.864414 0.901791
vt 0.864414 0.930031
vt 0.884850 0.930031
vt 0.898895 0.930031
vt 0.884850 0.901791
vt 0.898895 0.901791
vt 0.884850 0.871808
vt 0.898895 0.871808
vt 0.884850 0.840324
vt 0.898895 0.840324
vt 0.844625 0.871808
vt 0.856782 0.871808
vt 0.844625 0.840324
vt 0.856782 0.840324
vt 0.864414 0.840324
vt 0.864414 0.871808
vt 0.741832 0.930031
vt 0.741832 0.901791
vt 0.766392 0.901791
vt 0.766392 0.930031
vt 0.793952 0.930031
vt 0.793952 0.901791
vt 0.813108 0.901791
vt 0.813108 0.930031
vt 0.766392 0.871808
vt 0.793952 0.871808
vt 0.766392 0.840324
vt 0.793952 0.840324
vt 0.813108 0.840324
vt 0.813108 0.871808
vt 0.741832 0.871808
vt 0.741832 0.840324
vt 0.666367 0.871808
vt 0.666367 0.901791
vt 0.666367 0.840324
vt 0.666367 0.930031
vt 0.666367 0.958495
vt 0.666367 0.979236
vt 0.666367 0.994612
vt 0.364068 0.919632
vt 0.364068 0.880417
vt 0.364068 0.840324
vt 0.364068 0.965583
vt 0.364068 0.942499
vt 0.364068 0.998047
vt 0.364068 0.983610
vt 0.599986 0.871808
vt 0.599986 0.901791
vt 0.599986 0.840324
vt 0.599986 0.930031
vt 0.599986 0.958495
vt 0.599986 0.979236
vt 0.599986 0.994612
vt 0.439187 0.919632
vt 0.439187 0.880417
vt 0.439187 0.840324
vt 0.439187 0.965583
vt 0.439187 0.942499
vt 0.439187 0.998047
vt 0.439187 0.983610
vt 0.872697 0.871808
vt 0.872697 0.901791
vt 0.872697 0.840324
vt 0.872697 0.930031
vt 0.872697 0.958495
vt 0.872697 0.979236
vt 0.872697 0.994612
vt 0.113688 0.919632
vt 0.113688 0.880417
vt 0.113688 0.840324
vt 0.113688 0.965583
vt 0.113688 0.942499
vt 0.113688 0.998047
vt 0.113688 0.983610
vt 0.831274 0.871808
vt 0.831274 0.901791
vt 0.831274 0.840324
vt 0.831274 0.930031
vt 0.831274 0.958495
vt 0.831274 0.979236
vt 0.831274 0.994612
vt 0.165717 0.919632
vt 0.165717 0.880417
vt 0.165717 0.840324
vt 0.165717 0.965583
vt 0.165717 0.942499
vt 0.165717 0.998047
vt 0.165717 0.983610
s 1
usemtl Material.004
f 3/1/3 212/2/12 601/3/12 213/4/207
f 212/2/12 12/5/12 233/6/12 601/3/12
f 601/3/12 233/6/12 29/7/12 235/8/227
f 213/4/207 601/3/12 235/8/227 13/9/13
f 12/5/12 211/10/12 602/11/12 233/6/12
f 211/10/12 4/12/4 214/13/208 602/11/12
f 602/11/12 214/13/208 14/14/14 234/15/12
f 233/6/12 602/11/12 234/15/12 29/7/12
f 139/16/137 471/17/456 603/18/585 501/19/486
f 471/17/456 21/20/21 225/21/219 603/18/585
f 603/18/585 225/21/219 7/22/7 220/23/214
f 501/19/486 603/18/585 220/23/214 138/24/136
f 156/25/154 238/26/230 604/27/586 534/28/519
f 238/26/230 30/29/29 237/30/229 604/27/586
f 604/27/586 237/30/229 18/31/18 219/32/213
f 534/28/519 604/27/586 219/32/213 155/33/153
f 31/34/30 239/35/231 605/36/10 240/37/232
f 239/35/231 16/38/16 216/39/210 605/36/10
f 605/36/10 216/39/210 2/40/2 208/41/10
f 240/37/232 605/36/10 208/41/10 10/42/10
f 15/43/15 241/44/233 606/45/587 215/46/209
f 241/44/233 31/47/30 240/48/232 606/45/587
f 606/45/587 240/48/232 10/49/10 207/50/205
f 215/46/209 606/45/587 207/50/205 1/51/1
f 137/52/135 500/53/485 607/54/588 205/55/203
f 500/53/485 140/56/138 242/57/234 607/54/588
f 607/54/588 242/57/234 32/58/31 244/59/236
f 205/55/203 607/54/588 244/59/236 9/60/9
f 154/61/152 533/62/518 608/63/589 206/64/204
f 533/62/518 157/65/155 505/66/490 608/63/589
f 608/63/589 505/66/490 15/43/15 215/46/209
f 206/64/204 608/63/589 215/46/209 1/51/1
f 190/67/188 600/68/584 609/69/590 245/70/237
f 600/68/584 188/71/186 568/72/552 609/69/590
f 609/69/590 568/72/552 11/73/11 246/74/238
f 245/70/237 609/69/590 246/74/238 33/75/32
f 173/76/171 567/77/551 610/78/591 537/79/521
f 567/77/551 171/80/169 535/81/169 610/78/591
f 610/78/591 535/81/169 2/40/2 216/39/210
f 537/79/521 610/78/591 216/39/210 16/38/16
f 189/82/187 221/83/215 611/84/592 599/85/583
f 221/83/215 19/86/19 248/87/240 611/84/592
f 611/84/592 248/87/240 34/88/33 250/89/242
f 599/85/583 611/84/592 250/89/242 191/90/189
f 172/91/170 222/92/216 612/93/593 566/94/550
f 222/92/216 6/95/6 229/96/223 612/93/593
f 612/93/593 229/96/223 25/97/25 538/98/522
f 566/94/550 612/93/593 538/98/522 174/99/172
f 175/100/173 539/101/523 613/102/594 565/103/549
f 539/101/523 23/104/23 227/105/221 613/102/594
f 613/102/594 227/105/221 6/95/6 222/92/216
f 565/103/549 613/102/594 222/92/216 172/91/170
f 192/106/190 253/107/245 614/108/595 598/109/582
f 253/107/245 35/110/34 252/111/244 614/108/595
f 614/108/595 252/111/244 19/86/19 221/83/215
f 598/109/582 614/108/595 221/83/215 189/82/187
f 36/112/35 254/113/246 615/114/596 255/115/247
f 254/113/246 24/116/24 228/117/222 615/114/596
f 615/114/596 228/117/222 8/118/8 217/119/211
f 255/115/247 615/114/596 217/119/211 17/120/17
f 21/20/21 256/121/248 616/122/597 225/21/219
f 256/121/248 36/112/35 255/115/247 616/122/597
f 616/122/597 255/115/247 17/120/17 218/123/212
f 225/21/219 616/122/597 218/123/212 7/22/7
f 37/124/36 257/125/249 617/126/598 258/127/250
f 257/125/249 22/128/22 226/129/220 617/126/598
f 617/126/598 226/129/220 5/130/5 224/131/218
f 258/127/250 617/126/598 224/131/218 20/132/20
f 23/104/23 259/133/251 618/134/599 227/105/221
f 259/133/251 37/135/36 258/136/250 618/134/599
f 618/134/599 258/136/250 20/137/20 223/138/217
f 227/105/221 618/134/599 223/138/217 6/95/6
f 7/22/7 218/123/212 619/139/600 231/140/225
f 218/123/212 17/120/17 260/141/252 619/139/600
f 619/139/600 260/141/252 38/142/37 262/143/254
f 231/140/225 619/139/600 262/143/254 27/144/27
f 17/120/17 217/119/211 620/145/601 260/141/252
f 217/119/211 8/118/8 230/146/224 620/145/601
f 620/145/601 230/146/224 26/147/26 261/148/253
f 260/141/252 620/145/601 261/148/253 38/142/37
f 6/95/6 223/138/217 621/149/602 229/96/223
f 223/138/217 20/137/20 263/150/255 621/149/602
f 621/149/602 263/150/255 39/151/38 265/152/257
f 229/96/223 621/149/602 265/152/257 25/97/25
f 20/132/20 224/131/218 622/153/603 263/154/255
f 224/131/218 5/130/5 232/155/226 622/153/603
f 622/153/603 232/155/226 28/156/28 264/157/256
f 263/154/255 622/153/603 264/157/256 39/158/38
f 155/33/153 219/32/213 623/159/604 532/160/517
f 219/32/213 18/31/18 266/161/258 623/159/604
f 623/159/604 266/161/258 40/162/39 268/163/260
f 532/160/517 623/159/604 268/163/260 158/164/156
f 138/24/136 220/23/214 624/165/605 499/166/484
f 220/23/214 7/22/7 231/140/225 624/165/605
f 624/165/605 231/140/225 27/144/27 473/167/458
f 499/166/484 624/165/605 473/167/458 141/168/139
f 54/169/53 270/170/262 625/171/606 269/172/261
f 270/170/262 57/173/56 271/174/263 625/171/606
f 625/171/606 271/174/263 59/175/58 272/176/264
f 269/172/261 625/171/606 272/176/264 56/177/55
f 56/177/55 272/176/264 626/178/607 273/179/265
f 272/176/264 59/175/58 274/180/266 626/178/607
f 626/178/607 274/180/266 60/181/59 275/182/267
f 273/179/265 626/178/607 275/182/267 55/183/54
f 55/183/54 275/182/267 627/184/608 276/185/268
f 275/182/267 60/181/59 277/186/269 627/184/608
f 627/184/608 277/186/269 58/187/57 278/188/270
f 276/185/268 627/184/608 278/188/270 53/189/52
f 57/173/56 279/190/271 628/191/609 271/174/263
f 279/190/271 49/192/48 280/193/272 628/191/609
f 628/191/609 280/193/272 51/194/50 281/195/273
f 271/174/263 628/191/609 281/195/273 59/175/58
f 59/175/58 281/195/273 629/196/610 274/180/266
f 281/195/273 51/194/50 282/197/274 629/196/610
f 629/196/610 282/197/274 52/198/51 283/199/275
f 274/180/266 629/196/610 283/199/275 60/181/59
f 60/181/59 283/199/275 630/200/611 277/186/269
f 283/199/275 52/198/51 284/201/276 630/200/611
f 630/200/611 284/201/276 50/202/49 285/203/277
f 277/186/269 630/200/611 285/203/277 58/187/57
f 159/204/157 287/205/279 631/206/612 531/207/516
f 287/205/279 61/208/60 288/209/280 631/206/612
f 631/206/612 288/209/280 63/210/62 508/211/493
f 531/207/516 631/206/612 508/211/493 160/212/158
f 160/212/158 508/211/493 632/213/613 530/214/515
f 508/211/493 63/210/62 291/215/283 632/213/613
f 632/213/613 291/215/283 64/216/63 509/217/494
f 530/214/515 632/213/613 509/217/494 161/218/159
f 161/218/159 509/217/494 633/219/614 529/220/514
f 509/217/494 64/216/63 294/221/286 633/219/614
f 633/219/614 294/221/286 62/222/61 510/223/495
f 529/220/514 633/219/614 510/223/495 162/224/160
f 142/225/140 296/226/288 634/227/615 498/228/483
f 296/226/288 50/202/49 284/201/276 634/227/615
f 634/227/615 284/201/276 52/198/51 475/229/460
f 498/228/483 634/227/615 475/229/460 143/230/141
f 143/230/141 475/229/460 635/231/616 497/232/482
f 475/229/460 52/198/51 282/197/274 635/231/616
f 635/231/616 282/197/274 51/194/50 476/233/461
f 497/232/482 635/231/616 476/233/461 144/234/142
f 144/234/142 476/233/461 636/235/617 496/236/481
f 476/233/461 51/194/50 280/193/272 636/235/617
f 636/235/617 280/193/272 49/192/48 477/237/462
f 496/236/481 636/235/617 477/237/462 145/238/143
f 193/239/191 300/240/292 637/241/618 597/242/581
f 300/240/292 65/243/64 301/244/293 637/241/618
f 637/241/618 301/244/293 67/245/66 574/246/558
f 597/242/581 637/241/618 574/246/558 194/247/192
f 194/247/192 574/246/558 638/248/619 596/249/580
f 574/246/558 67/245/66 303/250/295 638/248/619
f 638/248/619 303/250/295 68/251/67 575/252/559
f 596/249/580 638/248/619 575/252/559 195/253/193
f 195/253/193 575/252/559 639/254/620 595/255/579
f 575/252/559 68/251/67 305/256/297 639/254/620
f 639/254/620 305/256/297 66/257/65 576/258/560
f 595/255/579 639/254/620 576/258/560 196/259/194
f 176/260/174 307/261/299 640/262/621 564/263/548
f 307/261/299 45/264/44 308/265/300 640/262/621
f 640/262/621 308/265/300 47/266/46 541/267/525
f 564/263/548 640/262/621 541/267/525 177/268/175
f 177/268/175 541/267/525 641/269/622 563/270/547
f 541/267/525 47/266/46 310/271/302 641/269/622
f 641/269/622 310/271/302 48/272/47 542/273/526
f 563/270/547 641/269/622 542/273/526 178/274/176
f 178/274/176 542/273/526 642/275/623 562/276/546
f 542/273/526 48/272/47 312/277/304 642/275/623
f 642/275/623 312/277/304 46/278/45 543/279/527
f 562/276/546 642/275/623 543/279/527 179/280/177
f 45/264/44 314/281/306 643/282/624 308/265/300
f 314/281/306 69/283/68 315/284/307 643/282/624
f 643/282/624 315/284/307 71/285/70 316/286/308
f 308/265/300 643/282/624 316/286/308 47/266/46
f 47/266/46 316/286/308 644/287/625 310/271/302
f 316/286/308 71/285/70 317/288/309 644/287/625
f 644/287/625 317/288/309 72/289/71 318/290/310
f 310/271/302 644/287/625 318/290/310 48/272/47
f 48/272/47 318/290/310 645/291/626 312/277/304
f 318/290/310 72/289/71 319/292/311 645/291/626
f 645/291/626 319/292/311 70/293/69 320/294/312
f 312/277/304 645/291/626 320/294/312 46/278/45
f 69/295/68 321/296/313 646/297/627 315/298/307
f 321/296/313 42/299/41 286/300/278 646/297/627
f 646/297/627 286/300/278 44/301/43 322/302/314
f 315/298/307 646/297/627 322/302/314 71/303/70
f 71/303/70 322/302/314 647/304/628 317/305/309
f 322/302/314 44/301/43 290/306/282 647/304/628
f 647/304/628 290/306/282 43/307/42 323/308/315
f 317/305/309 647/304/628 323/308/315 72/309/71
f 72/309/71 323/308/315 648/310/629 319/311/311
f 323/308/315 43/307/42 293/312/285 648/310/629
f 648/310/629 293/312/285 41/313/40 324/314/316
f 319/311/311 648/310/629 324/314/316 70/315/69
f 157/65/155 528/316/513 649/317/630 505/66/490
f 528/316/513 159/204/157 507/318/492 649/317/630
f 649/317/630 507/318/492 42/299/41 326/319/318
f 505/66/490 649/317/630 326/319/318 15/43/15
f 70/315/69 324/314/316 650/320/631 327/321/319
f 324/314/316 41/313/40 328/322/320 650/320/631
f 650/320/631 328/322/320 22/128/22 257/125/249
f 327/321/319 650/320/631 257/125/249 37/124/36
f 162/224/160 510/223/495 651/323/632 527/324/512
f 510/223/495 62/222/61 329/325/321 651/323/632
f 651/323/632 329/325/321 30/29/29 238/26/230
f 527/324/512 651/323/632 238/26/230 156/25/154
f 42/299/41 321/296/313 652/326/633 326/319/318
f 321/296/313 69/295/68 330/327/322 652/326/633
f 652/326/633 330/327/322 31/47/30 241/44/233
f 326/319/318 652/326/633 241/44/233 15/43/15
f 179/280/177 543/279/527 653/328/634 561/329/545
f 543/279/527 46/278/45 332/330/324 653/328/634
f 653/328/634 332/330/324 23/104/23 539/101/523
f 561/329/545 653/328/634 539/101/523 175/100/173
f 176/260/174 560/331/544 654/332/635 307/261/299
f 560/331/544 173/76/171 537/79/521 654/332/635
f 654/332/635 537/79/521 16/38/16 334/333/326
f 307/261/299 654/332/635 334/333/326 45/264/44
f 46/278/45 320/294/312 655/334/636 332/330/324
f 320/294/312 70/293/69 327/335/319 655/334/636
f 655/334/636 327/335/319 37/135/36 259/133/251
f 332/330/324 655/334/636 259/133/251 23/104/23
f 69/283/68 314/281/306 656/336/637 330/337/322
f 314/281/306 45/264/44 334/333/326 656/336/637
f 656/336/637 334/333/326 16/38/16 239/35/231
f 330/337/322 656/336/637 239/35/231 31/34/30
f 140/56/138 495/338/480 657/339/638 242/57/234
f 495/338/480 142/225/140 474/340/459 657/339/638
f 657/339/638 474/340/459 61/208/60 325/341/317
f 242/57/234 657/339/638 325/341/317 32/58/31
f 145/238/143 477/237/462 658/342/639 494/343/479
f 477/237/462 49/192/48 336/344/328 658/342/639
f 658/342/639 336/344/328 21/20/21 471/17/456
f 494/343/479 658/342/639 471/17/456 139/16/137
f 13/9/13 235/8/227 659/345/640 335/346/327
f 235/8/227 29/7/12 337/347/12 659/345/640
f 659/345/640 337/347/12 58/187/57 285/203/277
f 335/346/327 659/345/640 285/203/277 50/202/49
f 49/192/48 279/190/271 660/348/641 336/344/328
f 279/190/271 57/173/56 338/349/329 660/348/641
f 660/348/641 338/349/329 36/112/35 256/121/248
f 336/344/328 660/348/641 256/121/248 21/20/21
f 193/239/191 594/350/578 661/351/642 300/240/292
f 594/350/578 190/67/188 245/70/237 661/351/642
f 661/351/642 245/70/237 33/75/32 333/352/325
f 300/240/292 661/351/642 333/352/325 65/243/64
f 29/7/12 234/15/12 662/353/12 337/347/12
f 234/15/12 14/14/14 339/354/330 662/353/12
f 662/353/12 339/354/330 53/189/52 278/188/270
f 337/347/12 662/353/12 278/188/270 58/187/57
f 196/259/194 576/258/560 663/355/643 593/356/577
f 576/258/560 66/257/65 331/357/323 663/355/643
f 663/355/643 331/357/323 35/110/34 253/107/245
f 593/356/577 663/355/643 253/107/245 192/106/190
f 57/173/56 270/170/262 664/358/644 338/349/329
f 270/170/262 54/169/53 340/359/331 664/358/644
f 664/358/644 340/359/331 24/116/24 254/113/246
f 338/349/329 664/358/644 254/113/246 36/112/35
f 3/1/3 341/360/332 665/361/12 212/2/12
f 341/360/332 77/362/76 363/363/12 665/361/12
f 665/361/12 363/363/12 93/364/12 361/365/12
f 212/2/12 665/361/12 361/365/12 12/5/12
f 12/5/12 361/365/12 666/366/12 211/10/12
f 361/365/12 93/364/12 362/367/12 666/366/12
f 666/366/12 362/367/12 78/368/77 342/369/333
f 211/10/12 666/366/12 342/369/333 4/12/4
f 147/370/145 493/371/478 667/372/645 479/373/464
f 493/371/478 146/374/144 348/375/339 667/372/645
f 667/372/645 348/375/339 75/376/74 353/377/344
f 479/373/464 667/372/645 353/377/344 85/378/84
f 164/379/162 526/380/511 668/381/646 366/382/354
f 526/380/511 163/383/161 347/384/338 668/381/646
f 668/381/646 347/384/338 82/385/81 365/386/353
f 366/382/354 668/381/646 365/386/353 94/387/92
f 95/388/93 368/389/10 669/390/10 367/391/355
f 368/389/10 10/42/10 208/41/10 669/390/10
f 669/390/10 208/41/10 2/40/2 344/392/335
f 367/391/355 669/390/10 344/392/335 80/393/79
f 79/394/78 343/395/334 670/396/647 369/397/356
f 343/395/334 1/51/1 207/50/205 670/396/647
f 670/396/647 207/50/205 10/49/10 368/398/10
f 369/397/356 670/396/647 368/398/10 95/399/93
f 137/52/135 205/55/203 671/400/648 492/401/477
f 205/55/203 9/60/9 372/402/359 671/400/648
f 671/400/648 372/402/359 96/403/94 370/404/357
f 492/401/477 671/400/648 370/404/357 148/405/146
f 154/61/152 206/64/204 672/406/649 525/407/510
f 206/64/204 1/51/1 343/395/334 672/406/649
f 672/406/649 343/395/334 79/394/78 513/408/498
f 525/407/510 672/406/649 513/408/498 165/409/163
f 198/410/196 373/411/360 673/412/650 592/413/576
f 373/411/360 97/414/95 374/415/361 673/412/650
f 673/412/650 374/415/361 11/73/11 568/72/552
f 592/413/576 673/412/650 568/72/552 188/71/186
f 181/416/179 545/417/529 674/418/651 559/419/543
f 545/417/529 80/393/79 344/392/335 674/418/651
f 674/418/651 344/392/335 2/40/2 535/81/169
f 559/419/543 674/418/651 535/81/169 171/80/169
f 197/420/195 591/421/575 675/422/652 349/423/340
f 591/421/575 199/424/197 378/425/365 675/422/652
f 675/422/652 378/425/365 98/426/96 376/427/363
f 349/423/340 675/422/652 376/427/363 83/428/82
f 180/429/178 558/430/542 676/431/653 350/432/341
f 558/430/542 182/433/180 546/434/530 676/431/653
f 676/431/653 546/434/530 89/435/88 357/436/348
f 350/432/341 676/431/653 357/436/348 74/437/73
f 183/438/181 557/439/541 677/440/654 547/441/531
f 557/439/541 180/429/178 350/432/341 677/440/654
f 677/440/654 350/432/341 74/437/73 355/442/346
f 547/441/531 677/440/654 355/442/346 87/443/86
f 200/444/198 590/445/574 678/446/655 381/447/368
f 590/445/574 197/420/195 349/423/340 678/446/655
f 678/446/655 349/423/340 83/428/82 380/448/367
f 381/447/368 678/446/655 380/448/367 99/449/97
f 100/450/98 383/451/370 679/452/656 382/453/369
f 383/451/370 81/454/80 345/455/336 679/452/656
f 679/452/656 345/455/336 76/456/75 356/457/347
f 382/453/369 679/452/656 356/457/347 88/458/87
f 85/378/84 353/377/344 680/459/657 384/460/371
f 353/377/344 75/376/74 346/461/337 680/459/657
f 680/459/657 346/461/337 81/454/80 383/451/370
f 384/460/371 680/459/657 383/451/370 100/450/98
f 101/462/99 386/463/373 681/464/658 385/465/372
f 386/463/373 84/466/83 352/467/343 681/464/658
f 681/464/658 352/467/343 73/468/72 354/469/345
f 385/465/372 681/464/658 354/469/345 86/470/85
f 87/443/86 355/442/346 682/471/659 387/472/374
f 355/442/346 74/437/73 351/473/342 682/471/659
f 682/471/659 351/473/342 84/474/83 386/475/373
f 387/472/374 682/471/659 386/475/373 101/476/99
f 75/376/74 359/477/350 683/478/660 346/461/337
f 359/477/350 91/479/90 390/480/377 683/478/660
f 683/478/660 390/480/377 102/481/100 388/482/375
f 346/461/337 683/478/660 388/482/375 81/454/80
f 81/454/80 388/482/375 684/483/661 345/455/336
f 388/482/375 102/481/100 389/484/376 684/483/661
f 684/483/661 389/484/376 90/485/89 358/486/349
f 345/455/336 684/483/661 358/486/349 76/456/75
f 74/437/73 357/436/348 685/487/662 351/473/342
f 357/436/348 89/435/88 393/488/380 685/487/662
f 685/487/662 393/488/380 103/489/101 391/490/378
f 351/473/342 685/487/662 391/490/378 84/474/83
f 84/466/83 391/491/378 686/492/663 352/467/343
f 391/491/378 103/493/101 392/494/379 686/492/663
f 686/492/663 392/494/379 92/495/91 360/496/351
f 352/467/343 686/492/663 360/496/351 73/468/72
f 163/383/161 524/497/509 687/498/664 347/384/338
f 524/497/509 166/499/164 396/500/383 687/498/664
f 687/498/664 396/500/383 104/501/102 394/502/381
f 347/384/338 687/498/664 394/502/381 82/385/81
f 146/374/144 491/503/476 688/504/665 348/375/339
f 491/503/476 149/505/147 481/506/466 688/504/665
f 688/504/665 481/506/466 91/479/90 359/477/350
f 348/375/339 688/504/665 359/477/350 75/376/74
f 118/507/116 397/508/384 689/509/666 398/510/385
f 397/508/384 120/511/118 400/512/387 689/509/666
f 689/509/666 400/512/387 123/513/121 399/514/386
f 398/510/385 689/509/666 399/514/386 121/515/119
f 120/511/118 401/516/388 690/517/667 400/512/387
f 401/516/388 119/518/117 403/519/390 690/517/667
f 690/517/667 403/519/390 124/520/122 402/521/389
f 400/512/387 690/517/667 402/521/389 123/513/121
f 119/518/117 404/522/391 691/523/668 403/519/390
f 404/522/391 117/524/115 406/525/393 691/523/668
f 691/523/668 406/525/393 122/526/120 405/527/392
f 403/519/390 691/523/668 405/527/392 124/520/122
f 121/515/119 399/514/386 692/528/669 407/529/394
f 399/514/386 123/513/121 409/530/396 692/528/669
f 692/528/669 409/530/396 115/531/113 408/532/395
f 407/529/394 692/528/669 408/532/395 113/533/111
f 123/513/121 402/521/389 693/534/670 409/530/396
f 402/521/389 124/520/122 411/535/398 693/534/670
f 693/534/670 411/535/398 116/536/114 410/537/397
f 409/530/396 693/534/670 410/537/397 115/531/113
f 124/520/122 405/527/392 694/538/671 411/535/398
f 405/527/392 122/526/120 413/539/400 694/538/671
f 694/538/671 413/539/400 114/540/112 412/541/399
f 411/535/398 694/538/671 412/541/399 116/536/114
f 167/542/165 523/543/508 695/544/672 415/545/402
f 523/543/508 168/546/166 516/547/501 695/544/672
f 695/544/672 516/547/501 127/548/125 416/549/403
f 415/545/402 695/544/672 416/549/403 125/550/123
f 168/546/166 522/551/507 696/552/673 516/547/501
f 522/551/507 169/553/167 517/554/502 696/552/673
f 696/552/673 517/554/502 128/555/126 419/556/406
f 516/547/501 696/552/673 419/556/406 127/548/125
f 169/553/167 521/557/506 697/558/674 517/554/502
f 521/557/506 170/559/168 518/560/503 697/558/674
f 697/558/674 518/560/503 126/561/124 422/562/409
f 517/554/502 697/558/674 422/562/409 128/555/126
f 150/563/148 490/564/475 698/565/675 424/566/411
f 490/564/475 151/567/149 483/568/468 698/565/675
f 698/565/675 483/568/468 116/536/114 412/541/399
f 424/566/411 698/565/675 412/541/399 114/540/112
f 151/567/149 489/569/474 699/570/676 483/568/468
f 489/569/474 152/571/150 484/572/469 699/570/676
f 699/570/676 484/572/469 115/531/113 410/537/397
f 483/568/468 699/570/676 410/537/397 116/536/114
f 152/571/150 488/573/473 700/574/677 484/572/469
f 488/573/473 153/575/151 485/576/470 700/574/677
f 700/574/677 485/576/470 113/533/111 408/532/395
f 484/572/469 700/574/677 408/532/395 115/531/113
f 201/577/199 589/578/573 701/579/678 428/580/415
f 589/578/573 202/581/200 582/582/566 701/579/678
f 701/579/678 582/582/566 131/583/129 429/584/416
f 428/580/415 701/579/678 429/584/416 129/585/127
f 202/581/200 588/586/572 702/587/679 582/582/566
f 588/586/572 203/588/201 583/589/567 702/587/679
f 702/587/679 583/589/567 132/590/130 431/591/418
f 582/582/566 702/587/679 431/591/418 131/583/129
f 203/588/201 587/592/571 703/593/680 583/589/567
f 587/592/571 204/594/202 584/595/568 703/593/680
f 703/593/680 584/595/568 130/596/128 433/597/420
f 583/589/567 703/593/680 433/597/420 132/590/130
f 184/598/182 556/599/540 704/600/681 435/601/422
f 556/599/540 185/602/183 549/603/533 704/600/681
f 704/600/681 549/603/533 111/604/109 436/605/423
f 435/601/422 704/600/681 436/605/423 109/606/107
f 185/602/183 555/607/539 705/608/682 549/603/533
f 555/607/539 186/609/184 550/610/534 705/608/682
f 705/608/682 550/610/534 112/611/110 438/612/425
f 549/603/533 705/608/682 438/612/425 111/604/109
f 186/609/184 554/613/538 706/614/683 550/610/534
f 554/613/538 187/615/185 551/616/535 706/614/683
f 706/614/683 551/616/535 110/617/108 440/618/427
f 550/610/534 706/614/683 440/618/427 112/611/110
f 109/606/107 436/605/423 707/619/684 442/620/429
f 436/605/423 111/604/109 444/621/431 707/619/684
f 707/619/684 444/621/431 135/622/133 443/623/430
f 442/620/429 707/619/684 443/623/430 133/624/131
f 111/604/109 438/612/425 708/625/685 444/621/431
f 438/612/425 112/611/110 446/626/433 708/625/685
f 708/625/685 446/626/433 136/627/134 445/628/432
f 444/621/431 708/625/685 445/628/432 135/622/133
f 112/611/110 440/618/427 709/629/686 446/626/433
f 440/618/427 110/617/108 448/630/435 709/629/686
f 709/629/686 448/630/435 134/631/132 447/632/434
f 446/626/433 709/629/686 447/632/434 136/627/134
f 133/633/131 443/634/430 710/635/687 449/636/436
f 443/634/430 135/637/133 450/638/437 710/635/687
f 710/635/687 450/638/437 108/639/106 414/640/401
f 449/636/436 710/635/687 414/640/401 106/641/104
f 135/637/133 445/642/432 711/643/688 450/638/437
f 445/642/432 136/644/134 451/645/438 711/643/688
f 711/643/688 451/645/438 107/646/105 418/647/405
f 450/638/437 711/643/688 418/647/405 108/639/106
f 136/644/134 447/648/434 712/649/689 451/645/438
f 447/648/434 134/650/132 452/651/439 712/649/689
f 712/649/689 452/651/439 105/652/103 421/653/408
f 451/645/438 712/649/689 421/653/408 107/646/105
f 165/409/163 513/408/498 713/654/690 520/655/505
f 513/408/498 79/394/78 454/656/441 713/654/690
f 713/654/690 454/656/441 106/641/104 515/657/500
f 520/655/505 713/654/690 515/657/500 167/542/165
f 134/650/132 455/658/442 714/659/691 452/651/439
f 455/658/442 101/462/99 385/465/372 714/659/691
f 714/659/691 385/465/372 86/470/85 456/660/443
f 452/651/439 714/659/691 456/660/443 105/652/103
f 170/559/168 519/661/504 715/662/692 518/560/503
f 519/661/504 164/379/162 366/382/354 715/662/692
f 715/662/692 366/382/354 94/387/92 457/663/444
f 518/560/503 715/662/692 457/663/444 126/561/124
f 106/641/104 454/656/441 716/664/693 449/636/436
f 454/656/441 79/394/78 369/397/356 716/664/693
f 716/664/693 369/397/356 95/399/93 458/665/445
f 449/636/436 716/664/693 458/665/445 133/633/131
f 187/615/185 553/666/537 717/667/694 551/616/535
f 553/666/537 183/438/181 547/441/531 717/667/694
f 717/667/694 547/441/531 87/443/86 460/668/447
f 551/616/535 717/667/694 460/668/447 110/617/108
f 184/598/182 435/601/422 718/669/695 552/670/536
f 435/601/422 109/606/107 462/671/449 718/669/695
f 718/669/695 462/671/449 80/393/79 545/417/529
f 552/670/536 718/669/695 545/417/529 181/416/179
f 110/617/108 460/668/447 719/672/696 448/630/435
f 460/668/447 87/443/86 387/472/374 719/672/696
f 719/672/696 387/472/374 101/476/99 455/673/442
f 448/630/435 719/672/696 455/673/442 134/631/132
f 133/624/131 458/674/445 720/675/697 442/620/429
f 458/674/445 95/388/93 367/391/355 720/675/697
f 720/675/697 367/391/355 80/393/79 462/671/449
f 442/620/429 720/675/697 462/671/449 109/606/107
f 148/405/146 370/404/357 721/676/698 487/677/472
f 370/404/357 96/403/94 453/678/440 721/676/698
f 721/676/698 453/678/440 125/550/123 482/679/467
f 487/677/472 721/676/698 482/679/467 150/563/148
f 153/575/151 486/680/471 722/681/699 485/576/470
f 486/680/471 147/370/145 479/373/464 722/681/699
f 722/681/699 479/373/464 85/378/84 464/682/451
f 485/576/470 722/681/699 464/682/451 113/533/111
f 77/362/76 463/683/450 723/684/700 363/363/12
f 463/683/450 114/540/112 413/539/400 723/684/700
f 723/684/700 413/539/400 122/526/120 465/685/12
f 363/363/12 723/684/700 465/685/12 93/364/12
f 113/533/111 464/682/451 724/686/701 407/529/394
f 464/682/451 85/378/84 384/460/371 724/686/701
f 724/686/701 384/460/371 100/450/98 466/687/452
f 407/529/394 724/686/701 466/687/452 121/515/119
f 201/577/199 428/580/415 725/688/702 586/689/570
f 428/580/415 129/585/127 461/690/448 725/688/702
f 725/688/702 461/690/448 97/414/95 373/411/360
f 586/689/570 725/688/702 373/411/360 198/410/196
f 93/364/12 465/685/12 726/691/12 362/367/12
f 465/685/12 122/526/120 406/525/393 726/691/12
f 726/691/12 406/525/393 117/524/115 467/692/453
f 362/367/12 726/691/12 467/692/453 78/368/77
f 204/594/202 585/693/569 727/694/703 584/595/568
f 585/693/569 200/444/198 381/447/368 727/694/703
f 727/694/703 381/447/368 99/449/97 459/695/446
f 584/595/568 727/694/703 459/695/446 130/596/128
f 121/515/119 466/687/452 728/696/704 398/510/385
f 466/687/452 100/450/98 382/453/369 728/696/704
f 728/696/704 382/453/369 88/458/87 468/697/454
f 398/510/385 728/696/704 468/697/454 118/507/116
f 126/561/124 457/663/444 729/698/705 427/699/414
f 457/663/444 94/387/92 364/700/352 729/698/705
f 729/698/705 364/700/352 147/370/145 486/680/471
f 427/699/414 729/698/705 486/680/471 153/575/151
f 77/362/76 480/701/465 730/702/706 463/683/450
f 480/701/465 148/405/146 487/677/472 730/702/706
f 730/702/706 487/677/472 150/563/148 424/566/411
f 463/683/450 730/702/706 424/566/411 114/540/112
f 128/555/126 422/562/409 731/703/707 426/704/413
f 422/562/409 126/561/124 427/699/414 731/703/707
f 731/703/707 427/699/414 153/575/151 488/573/473
f 426/704/413 731/703/707 488/573/473 152/571/150
f 127/548/125 419/556/406 732/705/708 425/706/412
f 419/556/406 128/555/126 426/704/413 732/705/708
f 732/705/708 426/704/413 152/571/150 489/569/474
f 425/706/412 732/705/708 489/569/474 151/567/149
f 125/550/123 416/549/403 733/707/709 482/679/467
f 416/549/403 127/548/125 425/706/412 733/707/709
f 733/707/709 425/706/412 151/567/149 490/564/475
f 482/679/467 733/707/709 490/564/475 150/563/148
f 82/385/81 394/502/381 734/708/710 478/709/463
f 394/502/381 104/501/102 395/710/382 734/708/710
f 734/708/710 395/710/382 149/505/147 491/503/476
f 478/709/463 734/708/710 491/503/476 146/374/144
f 3/1/3 469/711/135 735/712/711 341/360/332
f 469/711/135 137/52/135 492/401/477 735/712/711
f 735/712/711 492/401/477 148/405/146 480/701/465
f 341/360/332 735/712/711 480/701/465 77/362/76
f 94/387/92 365/386/353 736/713/712 364/700/352
f 365/386/353 82/385/81 478/709/463 736/713/712
f 736/713/712 478/709/463 146/374/144 493/371/478
f 364/700/352 736/713/712 493/371/478 147/370/145
f 62/222/61 299/714/291 737/715/713 329/325/321
f 299/714/291 145/238/143 494/343/479 737/715/713
f 737/715/713 494/343/479 139/16/137 236/716/228
f 329/325/321 737/715/713 236/716/228 30/29/29
f 13/9/13 335/346/327 738/717/714 472/718/457
f 335/346/327 50/202/49 296/226/288 738/717/714
f 738/717/714 296/226/288 142/225/140 495/338/480
f 472/718/457 738/717/714 495/338/480 140/56/138
f 64/216/63 298/719/290 739/720/715 294/221/286
f 298/719/290 144/234/142 496/236/481 739/720/715
f 739/720/715 496/236/481 145/238/143 299/714/291
f 294/221/286 739/720/715 299/714/291 62/222/61
f 63/210/62 297/721/289 740/722/716 291/215/283
f 297/721/289 143/230/141 497/232/482 740/722/716
f 740/722/716 497/232/482 144/234/142 298/719/290
f 291/215/283 740/722/716 298/719/290 64/216/63
f 61/208/60 474/340/459 741/723/717 288/209/280
f 474/340/459 142/225/140 498/228/483 741/723/717
f 741/723/717 498/228/483 143/230/141 297/721/289
f 288/209/280 741/723/717 297/721/289 63/210/62
f 18/31/18 470/724/455 742/725/718 266/161/258
f 470/724/455 138/24/136 499/166/484 742/725/718
f 742/725/718 499/166/484 141/168/139 267/726/259
f 266/161/258 742/725/718 267/726/259 40/162/39
f 3/1/3 213/4/207 743/727/719 469/711/135
f 213/4/207 13/9/13 472/718/457 743/727/719
f 743/727/719 472/718/457 140/56/138 500/53/485
f 469/711/135 743/727/719 500/53/485 137/52/135
f 30/29/29 236/716/228 744/728/720 237/30/229
f 236/716/228 139/16/137 501/19/486 744/728/720
f 744/728/720 501/19/486 138/24/136 470/724/455
f 237/30/229 744/728/720 470/724/455 18/31/18
f 105/652/103 456/660/443 745/729/721 423/730/410
f 456/660/443 86/470/85 512/731/497 745/729/721
f 745/729/721 512/731/497 164/379/162 519/661/504
f 423/730/410 745/729/721 519/661/504 170/559/168
f 96/403/94 371/732/358 746/733/722 453/678/440
f 371/732/358 165/409/163 520/655/505 746/733/722
f 746/733/722 520/655/505 167/542/165 415/545/402
f 453/678/440 746/733/722 415/545/402 125/550/123
f 107/646/105 421/653/408 747/734/723 420/735/407
f 421/653/408 105/652/103 423/730/410 747/734/723
f 747/734/723 423/730/410 170/559/168 521/557/506
f 420/735/407 747/734/723 521/557/506 169/553/167
f 108/639/106 418/647/405 748/736/724 417/737/404
f 418/647/405 107/646/105 420/735/407 748/736/724
f 748/736/724 420/735/407 169/553/167 522/551/507
f 417/737/404 748/736/724 522/551/507 168/546/166
f 106/641/104 414/640/401 749/738/725 515/657/500
f 414/640/401 108/639/106 417/737/404 749/738/725
f 749/738/725 417/737/404 168/546/166 523/543/508
f 515/657/500 749/738/725 523/543/508 167/542/165
f 73/468/72 360/496/351 750/739/726 511/740/496
f 360/496/351 92/495/91 514/741/499 750/739/726
f 750/739/726 514/741/499 166/499/164 524/497/509
f 511/740/496 750/739/726 524/497/509 163/383/161
f 9/60/9 502/742/487 751/743/727 372/402/359
f 502/742/487 154/61/152 525/407/510 751/743/727
f 751/743/727 525/407/510 165/409/163 371/732/358
f 372/402/359 751/743/727 371/732/358 96/403/94
f 86/470/85 354/469/345 752/744/728 512/731/497
f 354/469/345 73/468/72 511/740/496 752/744/728
f 752/744/728 511/740/496 163/383/161 526/380/511
f 512/731/497 752/744/728 526/380/511 164/379/162
f 41/313/40 295/745/287 753/746/729 328/322/320
f 295/745/287 162/224/160 527/324/512 753/746/729
f 753/746/729 527/324/512 156/25/154 504/747/489
f 328/322/320 753/746/729 504/747/489 22/128/22
f 32/58/31 325/341/317 754/748/730 243/749/235
f 325/341/317 61/208/60 287/205/279 754/748/730
f 754/748/730 287/205/279 159/204/157 528/316/513
f 243/749/235 754/748/730 528/316/513 157/65/155
f 43/307/42 292/750/284 755/751/731 293/312/285
f 292/750/284 161/218/159 529/220/514 755/751/731
f 755/751/731 529/220/514 162/224/160 295/745/287
f 293/312/285 755/751/731 295/745/287 41/313/40
f 44/301/43 289/752/281 756/753/732 290/306/282
f 289/752/281 160/212/158 530/214/515 756/753/732
f 756/753/732 530/214/515 161/218/159 292/750/284
f 290/306/282 756/753/732 292/750/284 43/307/42
f 42/299/41 507/318/492 757/754/733 286/300/278
f 507/318/492 159/204/157 531/207/516 757/754/733
f 757/754/733 531/207/516 160/212/158 289/752/281
f 286/300/278 757/754/733 289/752/281 44/301/43
f 5/130/5 503/755/488 758/756/734 232/155/226
f 503/755/488 155/33/153 532/160/517 758/756/734
f 758/756/734 532/160/517 158/164/156 506/757/491
f 232/155/226 758/756/734 506/757/491 28/156/28
f 9/60/9 244/59/236 759/758/735 502/742/487
f 244/59/236 32/58/31 243/749/235 759/758/735
f 759/758/735 243/749/235 157/65/155 533/62/518
f 502/742/487 759/758/735 533/62/518 154/61/152
f 22/128/22 504/747/489 760/759/736 226/129/220
f 504/747/489 156/25/154 534/28/519 760/759/736
f 760/759/736 534/28/519 155/33/153 503/755/488
f 226/129/220 760/759/736 503/755/488 5/130/5
f 129/585/127 548/760/532 761/761/737 461/690/448
f 548/760/532 184/598/182 552/670/536 761/761/737
f 761/761/737 552/670/536 181/416/179 375/762/362
f 461/690/448 761/761/737 375/762/362 97/414/95
f 130/596/128 459/695/446 762/763/738 441/764/428
f 459/695/446 99/449/97 379/765/366 762/763/738
f 762/763/738 379/765/366 183/438/181 553/666/537
f 441/764/428 762/763/738 553/666/537 187/615/185
f 132/590/130 433/597/420 763/766/739 439/767/426
f 433/597/420 130/596/128 441/764/428 763/766/739
f 763/766/739 441/764/428 187/615/185 554/613/538
f 439/767/426 763/766/739 554/613/538 186/609/184
f 131/583/129 431/591/418 764/768/740 437/769/424
f 431/591/418 132/590/130 439/767/426 764/768/740
f 764/768/740 439/767/426 186/609/184 555/607/539
f 437/769/424 764/768/740 555/607/539 185/602/183
f 129/585/127 429/584/416 765/770/741 548/760/532
f 429/584/416 131/583/129 437/769/424 765/770/741
f 765/770/741 437/769/424 185/602/183 556/599/540
f 548/760/532 765/770/741 556/599/540 184/598/182
f 99/449/97 380/448/367 766/771/742 379/765/366
f 380/448/367 83/428/82 544/772/528 766/771/742
f 766/771/742 544/772/528 180/429/178 557/439/541
f 379/765/366 766/771/742 557/439/541 183/438/181
f 83/428/82 376/427/363 767/773/743 544/772/528
f 376/427/363 98/426/96 377/774/364 767/773/743
f 767/773/743 377/774/364 182/433/180 558/430/542
f 544/772/528 767/773/743 558/430/542 180/429/178
f 97/414/95 375/762/362 768/775/744 374/415/361
f 375/762/362 181/416/179 559/419/543 768/775/744
f 768/775/744 559/419/543 171/80/169 209/776/206
f 374/415/361 768/775/744 209/776/206 11/73/11
f 65/243/64 333/352/325 769/777/745 540/778/524
f 333/352/325 33/75/32 247/779/239 769/777/745
f 769/777/745 247/779/239 173/76/171 560/331/544
f 540/778/524 769/777/745 560/331/544 176/260/174
f 66/257/65 313/780/305 770/781/746 331/357/323
f 313/780/305 179/280/177 561/329/545 770/781/746
f 770/781/746 561/329/545 175/100/173 251/782/243
f 331/357/323 770/781/746 251/782/243 35/110/34
f 68/251/67 311/783/303 771/784/747 305/256/297
f 311/783/303 178/274/176 562/276/546 771/784/747
f 771/784/747 562/276/546 179/280/177 313/780/305
f 305/256/297 771/784/747 313/780/305 66/257/65
f 67/245/66 309/785/301 772/786/748 303/250/295
f 309/785/301 177/268/175 563/270/547 772/786/748
f 772/786/748 563/270/547 178/274/176 311/783/303
f 303/250/295 772/786/748 311/783/303 68/251/67
f 65/243/64 540/778/524 773/787/749 301/244/293
f 540/778/524 176/260/174 564/263/548 773/787/749
f 773/787/749 564/263/548 177/268/175 309/785/301
f 301/244/293 773/787/749 309/785/301 67/245/66
f 35/110/34 251/782/243 774/788/750 252/111/244
f 251/782/243 175/100/173 565/103/549 774/788/750
f 774/788/750 565/103/549 172/91/170 536/789/520
f 252/111/244 774/788/750 536/789/520 19/86/19
f 19/86/19 536/789/520 775/790/751 248/87/240
f 536/789/520 172/91/170 566/94/550 775/790/751
f 775/790/751 566/94/550 174/99/172 249/791/241
f 248/87/240 775/790/751 249/791/241 34/88/33
f 33/75/32 246/74/238 776/792/752 247/779/239
f 246/74/238 11/73/11 209/776/206 776/792/752
f 776/792/752 209/776/206 171/80/169 567/77/551
f 247/779/239 776/792/752 567/77/551 173/76/171
f 118/507/116 468/697/454 777/793/753 434/794/421
f 468/697/454 88/458/87 580/795/564 777/793/753
f 777/793/753 580/795/564 200/444/198 585/693/569
f 434/794/421 777/793/753 585/693/569 204/594/202
f 117/524/115 581/796/565 778/797/754 467/692/453
f 581/796/565 201/577/199 586/689/570 778/797/754
f 778/797/754 586/689/570 198/410/196 578/798/562
f 467/692/453 778/797/754 578/798/562 78/368/77
f 120/511/118 397/508/384 779/799/755 432/800/419
f 397/508/384 118/507/116 434/794/421 779/799/755
f 779/799/755 434/794/421 204/594/202 587/592/571
f 432/800/419 779/799/755 587/592/571 203/588/201
f 119/518/117 401/516/388 780/801/756 430/802/417
f 401/516/388 120/511/118 432/800/419 780/801/756
f 780/801/756 432/800/419 203/588/201 588/586/572
f 430/802/417 780/801/756 588/586/572 202/581/200
f 117/524/115 404/522/391 781/803/757 581/796/565
f 404/522/391 119/518/117 430/802/417 781/803/757
f 781/803/757 430/802/417 202/581/200 589/578/573
f 581/796/565 781/803/757 589/578/573 201/577/199
f 88/458/87 356/457/347 782/804/758 580/795/564
f 356/457/347 76/456/75 577/805/561 782/804/758
f 782/804/758 577/805/561 197/420/195 590/445/574
f 580/795/564 782/804/758 590/445/574 200/444/198
f 76/456/75 358/486/349 783/806/759 577/805/561
f 358/486/349 90/485/89 579/807/563 783/806/759
f 783/806/759 579/807/563 199/424/197 591/421/575
f 577/805/561 783/806/759 591/421/575 197/420/195
f 78/368/77 578/798/562 784/808/760 342/369/333
f 578/798/562 198/410/196 592/413/576 784/808/760
f 784/808/760 592/413/576 188/71/186 210/809/186
f 342/369/333 784/808/760 210/809/186 4/12/4
f 54/169/53 306/810/298 785/811/761 340/359/331
f 306/810/298 196/259/194 593/356/577 785/811/761
f 785/811/761 593/356/577 192/106/190 572/812/556
f 340/359/331 785/811/761 572/812/556 24/116/24
f 53/189/52 339/354/330 786/813/762 573/814/557
f 339/354/330 14/14/14 570/815/554 786/813/762
f 786/813/762 570/815/554 190/67/188 594/350/578
f 573/814/557 786/813/762 594/350/578 193/239/191
f 56/177/55 304/816/296 787/817/763 269/172/261
f 304/816/296 195/253/193 595/255/579 787/817/763
f 787/817/763 595/255/579 196/259/194 306/810/298
f 269/172/261 787/817/763 306/810/298 54/169/53
f 55/183/54 302/818/294 788/819/764 273/179/265
f 302/818/294 194/247/192 596/249/580 788/819/764
f 788/819/764 596/249/580 195/253/193 304/816/296
f 273/179/265 788/819/764 304/816/296 56/177/55
f 53/189/52 573/814/557 789/820/765 276/185/268
f 573/814/557 193/239/191 597/242/581 789/820/765
f 789/820/765 597/242/581 194/247/192 302/818/294
f 276/185/268 789/820/765 302/818/294 55/183/54
f 24/116/24 572/812/556 790/821/766 228/117/222
f 572/812/556 192/106/190 598/109/582 790/821/766
f 790/821/766 598/109/582 189/82/187 569/822/553
f 228/117/222 790/821/766 569/822/553 8/118/8
f 8/118/8 569/822/553 791/823/767 230/146/224
f 569/822/553 189/82/187 599/85/583 791/823/767
f 791/823/767 599/85/583 191/90/189 571/824/555
f 230/146/224 791/823/767 571/824/555 26/147/26
f 14/14/14 214/13/208 792/825/768 570/815/554
f 214/13/208 4/12/4 210/809/186 792/825/768
f 792/825/768 210/809/186 188/71/186 600/68/584
f 570/815/554 792/825/768 600/68/584 190/67/188
f 174/826/172 538/827/522 1009/828/985 996/829/972
f 538/827/522 25/830/25 873/831/849 1009/828/985
f 1009/828/985 873/831/849 794/832/770 870/833/846
f 996/829/972 1009/828/985 870/833/846 853/834/829
f 191/835/189 250/836/242 1010/837/986 1008/838/984
f 250/836/242 34/839/33 893/840/869 1010/837/986
f 1010/837/986 893/840/869 803/841/779 869/842/845
f 1008/838/984 1010/837/986 869/842/845 859/843/835
f 794/832/770 871/844/847 1011/845/987 888/846/864
f 871/844/847 804/847/780 894/848/870 1011/845/987
f 1011/845/987 894/848/870 813/849/789 897/850/873
f 888/846/864 1011/845/987 897/850/873 810/851/786
f 804/852/780 872/853/848 1012/854/988 894/855/870
f 872/853/848 793/856/769 885/857/861 1012/854/988
f 1012/854/988 885/857/861 809/858/785 895/859/871
f 894/855/870 1012/854/988 895/859/871 813/860/789
f 813/860/789 895/859/871 1013/861/989 896/862/872
f 895/859/871 809/858/785 886/863/862 1013/861/989
f 1013/861/989 886/863/862 797/864/773 884/865/860
f 896/862/872 1013/861/989 884/865/860 808/866/784
f 810/851/786 897/850/873 1014/867/990 887/868/863
f 897/850/873 813/849/789 896/869/872 1014/867/990
f 1014/867/990 896/869/872 808/870/784 883/871/859
f 887/868/863 1014/867/990 883/871/859 798/872/774
f 38/873/37 261/874/253 1015/875/991 898/876/874
f 261/874/253 26/877/26 874/878/850 1015/875/991
f 1015/875/991 874/878/850 796/879/772 865/880/841
f 898/876/874 1015/875/991 865/880/841 801/881/777
f 27/882/27 262/883/254 1016/884/992 875/885/851
f 262/883/254 38/873/37 898/876/874 1016/884/992
f 1016/884/992 898/876/874 801/881/777 866/886/842
f 875/885/851 1016/884/992 866/886/842 795/887/771
f 39/888/38 264/889/256 1017/890/993 899/891/875
f 264/889/256 28/892/28 876/893/852 1017/890/993
f 1017/890/993 876/893/852 793/856/769 872/853/848
f 899/891/875 1017/890/993 872/853/848 804/852/780
f 25/830/25 265/894/257 1018/895/994 873/831/849
f 265/894/257 39/896/38 899/897/875 1018/895/994
f 1018/895/994 899/897/875 804/847/780 871/844/847
f 873/831/849 1018/895/994 871/844/847 794/832/770
f 141/898/139 473/899/458 1019/900/995 972/901/948
f 473/899/458 27/882/27 875/885/851 1019/900/995
f 1019/900/995 875/885/851 795/887/771 868/902/844
f 972/901/948 1019/900/995 868/902/844 841/903/817
f 158/904/156 268/905/260 1020/906/996 984/907/960
f 268/905/260 40/908/39 900/909/876 1020/906/996
f 1020/906/996 900/909/876 802/910/778 867/911/843
f 984/907/960 1020/906/996 867/911/843 847/912/823
f 847/912/823 867/911/843 1021/913/997 983/914/959
f 867/911/843 802/910/778 901/915/877 1021/913/997
f 1021/913/997 901/915/877 814/916/790 904/917/880
f 983/914/959 1021/913/997 904/917/880 849/918/825
f 841/903/817 868/902/844 1022/919/998 971/920/947
f 868/902/844 795/887/771 889/921/865 1022/919/998
f 1022/919/998 889/921/865 811/922/787 963/923/939
f 971/920/947 1022/919/998 963/923/939 843/924/819
f 843/924/819 963/923/939 1023/925/999 970/926/946
f 963/923/939 811/922/787 890/927/866 1023/925/999
f 1023/925/999 890/927/866 799/928/775 880/929/856
f 970/926/946 1023/925/999 880/929/856 842/930/818
f 849/918/825 904/917/880 1024/931/1000 982/932/958
f 904/917/880 814/916/790 903/933/879 1024/931/1000
f 1024/931/1000 903/933/879 806/934/782 879/935/855
f 982/932/958 1024/931/1000 879/935/855 848/936/824
f 859/843/835 869/842/845 1025/937/1001 1007/938/983
f 869/842/845 803/841/779 905/939/881 1025/937/1001
f 1025/937/1001 905/939/881 815/940/791 908/941/884
f 1007/938/983 1025/937/1001 908/941/884 861/942/837
f 853/834/829 870/833/846 1026/943/1002 995/944/971
f 870/833/846 794/832/770 888/846/864 1026/943/1002
f 1026/943/1002 888/846/864 810/851/786 987/945/963
f 995/944/971 1026/943/1002 987/945/963 855/946/831
f 855/946/831 987/945/963 1027/947/1003 994/948/970
f 987/945/963 810/851/786 887/868/863 1027/947/1003
f 1027/947/1003 887/868/863 798/872/774 882/949/858
f 994/948/970 1027/947/1003 882/949/858 854/950/830
f 861/942/837 908/941/884 1028/951/1004 1006/952/982
f 908/941/884 815/940/791 907/953/883 1028/951/1004
f 1028/951/1004 907/953/883 807/954/783 881/955/857
f 1006/952/982 1028/951/1004 881/955/857 860/956/836
f 795/887/771 866/886/842 1029/957/1005 889/921/865
f 866/886/842 801/881/777 909/958/885 1029/957/1005
f 1029/957/1005 909/958/885 816/959/792 912/960/888
f 889/921/865 1029/957/1005 912/960/888 811/922/787
f 801/881/777 865/880/841 1030/961/1006 909/958/885
f 865/880/841 796/879/772 892/962/868 1030/961/1006
f 1030/961/1006 892/962/868 812/963/788 910/964/886
f 909/958/885 1030/961/1006 910/964/886 816/959/792
f 816/959/792 910/964/886 1031/965/1007 911/966/887
f 910/964/886 812/963/788 891/967/867 1031/965/1007
f 1031/965/1007 891/967/867 800/968/776 877/969/853
f 911/966/887 1031/965/1007 877/969/853 805/970/781
f 811/922/787 912/960/888 1032/971/1008 890/927/866
f 912/960/888 816/959/792 911/966/887 1032/971/1008
f 1032/971/1008 911/966/887 805/970/781 878/972/854
f 890/927/866 1032/971/1008 878/972/854 799/928/775
f 182/973/180 993/974/969 1033/975/1009 546/976/530
f 993/974/969 856/977/832 918/978/894 1033/975/1009
f 1033/975/1009 918/978/894 818/979/794 921/980/897
f 546/976/530 1033/975/1009 921/980/897 89/981/88
f 199/982/197 1005/983/981 1034/984/1010 378/985/365
f 1005/983/981 862/986/838 917/987/893 1034/984/1010
f 1034/984/1010 917/987/893 827/988/803 941/989/917
f 378/985/365 1034/984/1010 941/989/917 98/990/96
f 818/979/794 936/991/912 1035/992/1011 919/993/895
f 936/991/912 834/994/810 945/995/921 1035/992/1011
f 1035/992/1011 945/995/921 837/996/813 942/997/918
f 919/993/895 1035/992/1011 942/997/918 828/998/804
f 828/999/804 942/1000/918 1036/1001/1012 920/1002/896
f 942/1000/918 837/1003/813 943/1004/919 1036/1001/1012
f 1036/1001/1012 943/1004/919 833/1005/809 933/1006/909
f 920/1002/896 1036/1001/1012 933/1006/909 817/1007/793
f 837/1003/813 944/1008/920 1037/1009/1013 943/1004/919
f 944/1008/920 832/1010/808 932/1011/908 1037/1009/1013
f 1037/1009/1013 932/1011/908 821/1012/797 934/1013/910
f 943/1004/919 1037/1009/1013 934/1013/910 833/1005/809
f 834/994/810 935/1014/911 1038/1015/1014 945/995/921
f 935/1014/911 822/1016/798 931/1017/907 1038/1015/1014
f 1038/1015/1014 931/1017/907 832/1018/808 944/1019/920
f 945/995/921 1038/1015/1014 944/1019/920 837/996/813
f 102/1020/100 946/1021/922 1039/1022/1015 389/1023/376
f 946/1021/922 825/1024/801 913/1025/889 1039/1022/1015
f 1039/1022/1015 913/1025/889 820/1026/796 922/1027/898
f 389/1023/376 1039/1022/1015 922/1027/898 90/1028/89
f 91/1029/90 923/1030/899 1040/1031/1016 390/1032/377
f 923/1030/899 819/1033/795 914/1034/890 1040/1031/1016
f 1040/1031/1016 914/1034/890 825/1024/801 946/1021/922
f 390/1032/377 1040/1031/1016 946/1021/922 102/1020/100
f 103/1035/101 947/1036/923 1041/1037/1017 392/1038/379
f 947/1036/923 828/999/804 920/1002/896 1041/1037/1017
f 1041/1037/1017 920/1002/896 817/1007/793 924/1039/900
f 392/1038/379 1041/1037/1017 924/1039/900 92/1040/91
f 89/981/88 921/980/897 1042/1041/1018 393/1042/380
f 921/980/897 818/979/794 919/993/895 1042/1041/1018
f 1042/1041/1018 919/993/895 828/998/804 947/1043/923
f 393/1042/380 1042/1041/1018 947/1043/923 103/1044/101
f 149/1045/147 969/1046/945 1043/1047/1019 481/1048/466
f 969/1046/945 844/1049/820 916/1050/892 1043/1047/1019
f 1043/1047/1019 916/1050/892 819/1033/795 923/1030/899
f 481/1048/466 1043/1047/1019 923/1030/899 91/1029/90
f 166/1051/164 981/1052/957 1044/1053/1020 396/1054/383
f 981/1052/957 850/1055/826 915/1056/891 1044/1053/1020
f 1044/1053/1020 915/1056/891 826/1057/802 948/1058/924
f 396/1054/383 1044/1053/1020 948/1058/924 104/1059/102
f 850/1055/826 980/1060/956 1045/1061/1021 915/1056/891
f 980/1060/956 852/1062/828 952/1063/928 1045/1061/1021
f 1045/1061/1021 952/1063/928 838/1064/814 949/1065/925
f 915/1056/891 1045/1061/1021 949/1065/925 826/1057/802
f 844/1049/820 968/1066/944 1046/1067/1022 916/1050/892
f 968/1066/944 846/1068/822 966/1069/942 1046/1067/1022
f 1046/1067/1022 966/1069/942 835/1070/811 937/1071/913
f 916/1050/892 1046/1067/1022 937/1071/913 819/1033/795
f 846/1068/822 967/1072/943 1047/1073/1023 966/1069/942
f 967/1072/943 845/1074/821 928/1075/904 1047/1073/1023
f 1047/1073/1023 928/1075/904 823/1076/799 938/1077/914
f 966/1069/942 1047/1073/1023 938/1077/914 835/1070/811
f 852/1062/828 979/1078/955 1048/1079/1024 952/1063/928
f 979/1078/955 851/1080/827 927/1081/903 1048/1079/1024
f 1048/1079/1024 927/1081/903 830/1082/806 951/1083/927
f 952/1063/928 1048/1079/1024 951/1083/927 838/1064/814
f 862/986/838 1004/1084/980 1049/1085/1025 917/987/893
f 1004/1084/980 864/1086/840 956/1087/932 1049/1085/1025
f 1049/1085/1025 956/1087/932 839/1088/815 953/1089/929
f 917/987/893 1049/1085/1025 953/1089/929 827/988/803
f 856/977/832 992/1090/968 1050/1091/1026 918/978/894
f 992/1090/968 858/1092/834 990/1093/966 1050/1091/1026
f 1050/1091/1026 990/1093/966 834/994/810 936/991/912
f 918/978/894 1050/1091/1026 936/991/912 818/979/794
f 858/1092/834 991/1094/967 1051/1095/1027 990/1093/966
f 991/1094/967 857/1096/833 930/1097/906 1051/1095/1027
f 1051/1095/1027 930/1097/906 822/1016/798 935/1014/911
f 990/1093/966 1051/1095/1027 935/1014/911 834/994/810
f 864/1086/840 1003/1098/979 1052/1099/1028 956/1087/932
f 1003/1098/979 863/1100/839 929/1101/905 1052/1099/1028
f 1052/1099/1028 929/1101/905 831/1102/807 955/1103/931
f 956/1087/932 1052/1099/1028 955/1103/931 839/1088/815
f 819/1033/795 937/1071/913 1053/1104/1029 914/1034/890
f 937/1071/913 835/1070/811 960/1105/936 1053/1104/1029
f 1053/1104/1029 960/1105/936 840/1106/816 957/1107/933
f 914/1034/890 1053/1104/1029 957/1107/933 825/1024/801
f 825/1024/801 957/1107/933 1054/1108/1030 913/1025/889
f 957/1107/933 840/1106/816 958/1109/934 1054/1108/1030
f 1054/1108/1030 958/1109/934 836/1110/812 940/1111/916
f 913/1025/889 1054/1108/1030 940/1111/916 820/1026/796
f 840/1106/816 959/1112/935 1055/1113/1031 958/1109/934
f 959/1112/935 829/1114/805 925/1115/901 1055/1113/1031
f 1055/1113/1031 925/1115/901 824/1116/800 939/1117/915
f 958/1109/934 1055/1113/1031 939/1117/915 836/1110/812
f 835/1070/811 938/1077/914 1056/1118/1032 960/1105/936
f 938/1077/914 823/1076/799 926/1119/902 1056/1118/1032
f 1056/1118/1032 926/1119/902 829/1114/805 959/1112/935
f 960/1105/936 1056/1118/1032 959/1112/935 840/1106/816
f 838/1064/814 951/1083/927 1057/1120/1033 950/1121/926
f 951/1083/927 830/1082/806 965/1122/941 1057/1120/1033
f 1057/1120/1033 965/1122/941 845/1074/821 967/1072/943
f 950/1121/926 1057/1120/1033 967/1072/943 846/1068/822
f 826/1057/802 949/1065/925 1058/1123/1034 964/1124/940
f 949/1065/925 838/1064/814 950/1121/926 1058/1123/1034
f 1058/1123/1034 950/1121/926 846/1068/822 968/1066/944
f 964/1124/940 1058/1123/1034 968/1066/944 844/1049/820
f 104/1059/102 948/1058/924 1059/1125/1035 395/1126/382
f 948/1058/924 826/1057/802 964/1124/940 1059/1125/1035
f 1059/1125/1035 964/1124/940 844/1049/820 969/1046/945
f 395/1126/382 1059/1125/1035 969/1046/945 149/1045/147
f 814/916/790 902/1127/878 1060/1128/1036 903/933/879
f 902/1127/878 843/924/819 970/926/946 1060/1128/1036
f 1060/1128/1036 970/926/946 842/930/818 962/1129/938
f 903/933/879 1060/1128/1036 962/1129/938 806/934/782
f 802/910/778 961/1130/937 1061/1131/1037 901/915/877
f 961/1130/937 841/903/817 971/920/947 1061/1131/1037
f 1061/1131/1037 971/920/947 843/924/819 902/1127/878
f 901/915/877 1061/1131/1037 902/1127/878 814/916/790
f 40/908/39 267/1132/259 1062/1133/1038 900/909/876
f 267/1132/259 141/898/139 972/901/948 1062/1133/1038
f 1062/1133/1038 972/901/948 841/903/817 961/1130/937
f 900/909/876 1062/1133/1038 961/1130/937 802/910/778
f 833/1005/809 934/1013/910 1063/1134/1039 978/1135/954
f 934/1013/910 821/1012/797 977/1136/953 1063/1134/1039
f 1063/1134/1039 977/1136/953 851/1080/827 979/1078/955
f 978/1135/954 1063/1134/1039 979/1078/955 852/1062/828
f 817/1007/793 933/1006/909 1064/1137/1040 976/1138/952
f 933/1006/909 833/1005/809 978/1135/954 1064/1137/1040
f 1064/1137/1040 978/1135/954 852/1062/828 980/1060/956
f 976/1138/952 1064/1137/1040 980/1060/956 850/1055/826
f 92/1040/91 924/1039/900 1065/1139/1041 514/1140/499
f 924/1039/900 817/1007/793 976/1138/952 1065/1139/1041
f 1065/1139/1041 976/1138/952 850/1055/826 981/1052/957
f 514/1140/499 1065/1139/1041 981/1052/957 166/1051/164
f 809/858/785 975/1141/951 1066/1142/1042 886/863/862
f 975/1141/951 849/918/825 982/932/958 1066/1142/1042
f 1066/1142/1042 982/932/958 848/936/824 974/1143/950
f 886/863/862 1066/1142/1042 974/1143/950 797/864/773
f 793/856/769 973/1144/949 1067/1145/1043 885/857/861
f 973/1144/949 847/912/823 983/914/959 1067/1145/1043
f 1067/1145/1043 983/914/959 849/918/825 975/1141/951
f 885/857/861 1067/1145/1043 975/1141/951 809/858/785
f 28/892/28 506/1146/491 1068/1147/1044 876/893/852
f 506/1146/491 158/904/156 984/907/960 1068/1147/1044
f 1068/1147/1044 984/907/960 847/912/823 973/1144/949
f 876/893/852 1068/1147/1044 973/1144/949 793/856/769
f 839/1088/815 955/1103/931 1069/1148/1045 954/1149/930
f 955/1103/931 831/1102/807 989/1150/965 1069/1148/1045
f 1069/1148/1045 989/1150/965 857/1096/833 991/1094/967
f 954/1149/930 1069/1148/1045 991/1094/967 858/1092/834
f 827/988/803 953/1089/929 1070/1151/1046 988/1152/964
f 953/1089/929 839/1088/815 954/1149/930 1070/1151/1046
f 1070/1151/1046 954/1149/930 858/1092/834 992/1090/968
f 988/1152/964 1070/1151/1046 992/1090/968 856/977/832
f 98/990/96 941/989/917 1071/1153/1047 377/1154/364
f 941/989/917 827/988/803 988/1152/964 1071/1153/1047
f 1071/1153/1047 988/1152/964 856/977/832 993/974/969
f 377/1154/364 1071/1153/1047 993/974/969 182/973/180
f 815/940/791 906/1155/882 1072/1156/1048 907/953/883
f 906/1155/882 855/946/831 994/948/970 1072/1156/1048
f 1072/1156/1048 994/948/970 854/950/830 986/1157/962
f 907/953/883 1072/1156/1048 986/1157/962 807/954/783
f 803/841/779 985/1158/961 1073/1159/1049 905/939/881
f 985/1158/961 853/834/829 995/944/971 1073/1159/1049
f 1073/1159/1049 995/944/971 855/946/831 906/1155/882
f 905/939/881 1073/1159/1049 906/1155/882 815/940/791
f 34/839/33 249/1160/241 1074/1161/1050 893/840/869
f 249/1160/241 174/826/172 996/829/972 1074/1161/1050
f 1074/1161/1050 996/829/972 853/834/829 985/1158/961
f 893/840/869 1074/1161/1050 985/1158/961 803/841/779
f 836/1110/812 939/1117/915 1075/1162/1051 1002/1163/978
f 939/1117/915 824/1116/800 1001/1164/977 1075/1162/1051
f 1075/1162/1051 1001/1164/977 863/1100/839 1003/1098/979
f 1002/1163/978 1075/1162/1051 1003/1098/979 864/1086/840
f 820/1026/796 940/1111/916 1076/1165/1052 1000/1166/976
f 940/1111/916 836/1110/812 1002/1163/978 1076/1165/1052
f 1076/1165/1052 1002/1163/978 864/1086/840 1004/1084/980
f 1000/1166/976 1076/1165/1052 1004/1084/980 862/986/838
f 90/1028/89 922/1027/898 1077/1167/1053 579/1168/563
f 922/1027/898 820/1026/796 1000/1166/976 1077/1167/1053
f 1077/1167/1053 1000/1166/976 862/986/838 1005/983/981
f 579/1168/563 1077/1167/1053 1005/983/981 199/982/197
f 812/963/788 999/1169/975 1078/1170/1054 891/967/867
f 999/1169/975 861/942/837 1006/952/982 1078/1170/1054
f 1078/1170/1054 1006/952/982 860/956/836 998/1171/974
f 891/967/867 1078/1170/1054 998/1171/974 800/968/776
f 796/879/772 997/1172/973 1079/1173/1055 892/962/868
f 997/1172/973 859/843/835 1007/938/983 1079/1173/1055
f 1079/1173/1055 1007/938/983 861/942/837 999/1169/975
f 892/962/868 1079/1173/1055 999/1169/975 812/963/788
f 26/877/26 571/1174/555 1080/1175/1056 874/878/850
f 571/1174/555 191/835/189 1008/838/984 1080/1175/1056
f 1080/1175/1056 1008/838/984 859/843/835 997/1172/973
f 874/878/850 1080/1175/1056 997/1172/973 796/879/772
f 1163/826/1139 1330/829/1306 1345/828/1321 1319/827/1295
f 1319/827/1295 1345/828/1321 1185/831/1161 1093/830/1069
f 1345/828/1321 1182/833/1158 1082/832/1058 1185/831/1161
f 1330/829/1306 1161/834/1137 1182/833/1158 1345/828/1321
f 1171/835/1147 1344/838/1320 1346/837/1322 1207/836/1183
f 1207/836/1183 1346/837/1322 1206/840/1182 1105/839/1081
f 1346/837/1322 1181/842/1157 1091/841/1067 1206/840/1182
f 1344/838/1320 1169/843/1145 1181/842/1157 1346/837/1322
f 1082/832/1058 1200/846/1176 1347/845/1323 1183/844/1159
f 1183/844/1159 1347/845/1323 1208/848/1184 1092/847/1068
f 1347/845/1323 1211/850/1187 1106/849/1082 1208/848/1184
f 1200/846/1176 1102/851/1078 1211/850/1187 1347/845/1323
f 1092/852/1068 1208/855/1184 1348/854/1324 1184/853/1160
f 1184/853/1160 1348/854/1324 1197/857/1173 1081/856/1057
f 1348/854/1324 1209/859/1185 1101/858/1077 1197/857/1173
f 1208/855/1184 1106/860/1082 1209/859/1185 1348/854/1324
f 1106/860/1082 1210/862/1186 1349/861/1325 1209/859/1185
f 1209/859/1185 1349/861/1325 1198/863/1174 1101/858/1077
f 1349/861/1325 1196/865/1172 1085/864/1061 1198/863/1174
f 1210/862/1186 1100/866/1076 1196/865/1172 1349/861/1325
f 1102/851/1078 1199/868/1175 1350/867/1326 1211/850/1187
f 1211/850/1187 1350/867/1326 1210/869/1186 1106/849/1082
f 1350/867/1326 1195/871/1171 1100/870/1076 1210/869/1186
f 1199/868/1175 1086/872/1062 1195/871/1171 1350/867/1326
f 1107/873/1083 1213/876/1189 1351/875/1327 1212/874/1188
f 1212/874/1188 1351/875/1327 1186/878/1162 1094/877/1070
f 1351/875/1327 1177/880/1153 1084/879/1060 1186/878/1162
f 1213/876/1189 1089/881/1065 1177/880/1153 1351/875/1327
f 1095/882/1071 1187/885/1163 1352/884/1328 1214/883/1190
f 1214/883/1190 1352/884/1328 1213/876/1189 1107/873/1083
f 1352/884/1328 1178/886/1154 1089/881/1065 1213/876/1189
f 1187/885/1163 1083/887/1059 1178/886/1154 1352/884/1328
f 1108/888/1084 1216/891/1192 1353/890/1329 1215/889/1191
f 1215/889/1191 1353/890/1329 1188/893/1164 1096/892/1072
f 1353/890/1329 1184/853/1160 1081/856/1057 1188/893/1164
f 1216/891/1192 1092/852/1068 1184/853/1160 1353/890/1329
f 1093/830/1069 1185/831/1161 1354/895/1330 1217/894/1193
f 1217/894/1193 1354/895/1330 1216/897/1192 1108/896/1084
f 1354/895/1330 1183/844/1159 1092/847/1068 1216/897/1192
f 1185/831/1161 1082/832/1058 1183/844/1159 1354/895/1330
f 1147/898/1123 1302/901/1278 1355/900/1331 1291/899/1267
f 1291/899/1267 1355/900/1331 1187/885/1163 1095/882/1071
f 1355/900/1331 1180/902/1156 1083/887/1059 1187/885/1163
f 1302/901/1278 1145/903/1121 1180/902/1156 1355/900/1331
f 1155/904/1131 1316/907/1292 1356/906/1332 1220/905/1196
f 1220/905/1196 1356/906/1332 1219/909/1195 1109/908/1085
f 1356/906/1332 1179/911/1155 1090/910/1066 1219/909/1195
f 1316/907/1292 1153/912/1129 1179/911/1155 1356/906/1332
f 1153/912/1129 1315/914/1291 1357/913/1333 1179/911/1155
f 1179/911/1155 1357/913/1333 1221/915/1197 1090/910/1066
f 1357/913/1333 1224/917/1200 1110/916/1086 1221/915/1197
f 1315/914/1291 1156/918/1132 1224/917/1200 1357/913/1333
f 1145/903/1121 1301/920/1277 1358/919/1334 1180/902/1156
f 1180/902/1156 1358/919/1334 1201/921/1177 1083/887/1059
f 1358/919/1334 1292/923/1268 1103/922/1079 1201/921/1177
f 1301/920/1277 1148/924/1124 1292/923/1268 1358/919/1334
f 1148/924/1124 1300/926/1276 1359/925/1335 1292/923/1268
f 1292/923/1268 1359/925/1335 1202/927/1178 1103/922/1079
f 1359/925/1335 1192/929/1168 1087/928/1063 1202/927/1178
f 1300/926/1276 1146/930/1122 1192/929/1168 1359/925/1335
f 1156/918/1132 1314/932/1290 1360/931/1336 1224/917/1200
f 1224/917/1200 1360/931/1336 1223/933/1199 1110/916/1086
f 1360/931/1336 1191/935/1167 1098/934/1074 1223/933/1199
f 1314/932/1290 1154/936/1130 1191/935/1167 1360/931/1336
f 1169/843/1145 1343/938/1319 1361/937/1337 1181/842/1157
f 1181/842/1157 1361/937/1337 1225/939/1201 1091/841/1067
f 1361/937/1337 1228/941/1204 1111/940/1087 1225/939/1201
f 1343/938/1319 1172/942/1148 1228/941/1204 1361/937/1337
f 1161/834/1137 1329/944/1305 1362/943/1338 1182/833/1158
f 1182/833/1158 1362/943/1338 1200/846/1176 1082/832/1058
f 1362/943/1338 1320/945/1296 1102/851/1078 1200/846/1176
f 1329/944/1305 1164/946/1140 1320/945/1296 1362/943/1338
f 1164/946/1140 1328/948/1304 1363/947/1339 1320/945/1296
f 1320/945/1296 1363/947/1339 1199/868/1175 1102/851/1078
f 1363/947/1339 1194/949/1170 1086/872/1062 1199/868/1175
f 1328/948/1304 1162/950/1138 1194/949/1170 1363/947/1339
f 1172/942/1148 1342/952/1318 1364/951/1340 1228/941/1204
f 1228/941/1204 1364/951/1340 1227/953/1203 1111/940/1087
f 1364/951/1340 1193/955/1169 1099/954/1075 1227/953/1203
f 1342/952/1318 1170/956/1146 1193/955/1169 1364/951/1340
f 1083/887/1059 1201/921/1177 1365/957/1341 1178/886/1154
f 1178/886/1154 1365/957/1341 1229/958/1205 1089/881/1065
f 1365/957/1341 1232/960/1208 1112/959/1088 1229/958/1205
f 1201/921/1177 1103/922/1079 1232/960/1208 1365/957/1341
f 1089/881/1065 1229/958/1205 1366/961/1342 1177/880/1153
f 1177/880/1153 1366/961/1342 1204/962/1180 1084/879/1060
f 1366/961/1342 1230/964/1206 1104/963/1080 1204/962/1180
f 1229/958/1205 1112/959/1088 1230/964/1206 1366/961/1342
f 1112/959/1088 1231/966/1207 1367/965/1343 1230/964/1206
f 1230/964/1206 1367/965/1343 1203/967/1179 1104/963/1080
f 1367/965/1343 1189/969/1165 1088/968/1064 1203/967/1179
f 1231/966/1207 1097/970/1073 1189/969/1165 1367/965/1343
f 1103/922/1079 1202/927/1178 1368/971/1344 1232/960/1208
f 1232/960/1208 1368/971/1344 1231/966/1207 1112/959/1088
f 1368/971/1344 1190/972/1166 1097/970/1073 1231/966/1207
f 1202/927/1178 1087/928/1063 1190/972/1166 1368/971/1344
f 1167/973/1143 1323/976/1299 1369/975/1345 1327/974/1303
f 1327/974/1303 1369/975/1345 1238/978/1214 1165/977/1141
f 1369/975/1345 1241/980/1217 1114/979/1090 1238/978/1214
f 1323/976/1299 1125/981/1101 1241/980/1217 1369/975/1345
f 1175/982/1151 1263/985/1239 1370/984/1346 1341/983/1317
f 1341/983/1317 1370/984/1346 1237/987/1213 1173/986/1149
f 1370/984/1346 1262/989/1238 1123/988/1099 1237/987/1213
f 1263/985/1239 1137/990/1113 1262/989/1238 1370/984/1346
f 1114/979/1090 1239/993/1215 1371/992/1347 1256/991/1232
f 1256/991/1232 1371/992/1347 1267/995/1243 1134/994/1110
f 1371/992/1347 1264/997/1240 1138/996/1114 1267/995/1243
f 1239/993/1215 1124/998/1100 1264/997/1240 1371/992/1347
f 1124/999/1100 1240/1002/1216 1372/1001/1348 1264/1000/1240
f 1264/1000/1240 1372/1001/1348 1265/1004/1241 1138/1003/1114
f 1372/1001/1348 1253/1006/1229 1133/1005/1109 1265/1004/1241
f 1240/1002/1216 1113/1007/1089 1253/1006/1229 1372/1001/1348
f 1138/1003/1114 1265/1004/1241 1373/1009/1349 1266/1008/1242
f 1266/1008/1242 1373/1009/1349 1252/1011/1228 1132/1010/1108
f 1373/1009/1349 1254/1013/1230 1117/1012/1093 1252/1011/1228
f 1265/1004/1241 1133/1005/1109 1254/1013/1230 1373/1009/1349
f 1134/994/1110 1267/995/1243 1374/1015/1350 1255/1014/1231
f 1255/1014/1231 1374/1015/1350 1251/1017/1227 1118/1016/1094
f 1374/1015/1350 1266/1019/1242 1132/1018/1108 1251/1017/1227
f 1267/995/1243 1138/996/1114 1266/1019/1242 1374/1015/1350
f 1139/1020/1115 1268/1023/1244 1375/1022/1351 1269/1021/1245
f 1269/1021/1245 1375/1022/1351 1233/1025/1209 1121/1024/1097
f 1375/1022/1351 1242/1027/1218 1116/1026/1092 1233/1025/1209
f 1268/1023/1244 1126/1028/1102 1242/1027/1218 1375/1022/1351
f 1127/1029/1103 1270/1032/1246 1376/1031/1352 1243/1030/1219
f 1243/1030/1219 1376/1031/1352 1234/1034/1210 1115/1033/1091
f 1376/1031/1352 1269/1021/1245 1121/1024/1097 1234/1034/1210
f 1270/1032/1246 1139/1020/1115 1269/1021/1245 1376/1031/1352
f 1140/1035/1116 1271/1038/1247 1377/1037/1353 1272/1036/1248
f 1272/1036/1248 1377/1037/1353 1240/1002/1216 1124/999/1100
f 1377/1037/1353 1244/1039/1220 1113/1007/1089 1240/1002/1216
f 1271/1038/1247 1128/1040/1104 1244/1039/1220 1377/1037/1353
f 1125/981/1101 1273/1042/1249 1378/1041/1354 1241/980/1217
f 1241/980/1217 1378/1041/1354 1239/993/1215 1114/979/1090
f 1378/1041/1354 1272/1043/1248 1124/998/1100 1239/993/1215
f 1273/1042/1249 1140/1044/1116 1272/1043/1248 1378/1041/1354
f 1151/1045/1127 1295/1048/1271 1379/1047/1355 1299/1046/1275
f 1299/1046/1275 1379/1047/1355 1236/1050/1212 1149/1049/1125
f 1379/1047/1355 1243/1030/1219 1115/1033/1091 1236/1050/1212
f 1295/1048/1271 1127/1029/1103 1243/1030/1219 1379/1047/1355
f 1159/1051/1135 1276/1054/1252 1380/1053/1356 1313/1052/1289
f 1313/1052/1289 1380/1053/1356 1235/1056/1211 1157/1055/1133
f 1380/1053/1356 1275/1058/1251 1122/1057/1098 1235/1056/1211
f 1276/1054/1252 1141/1059/1117 1275/1058/1251 1380/1053/1356
f 1157/1055/1133 1235/1056/1211 1381/1061/1357 1312/1060/1288
f 1312/1060/1288 1381/1061/1357 1280/1063/1256 1160/1062/1136
f 1381/1061/1357 1277/1065/1253 1142/1064/1118 1280/1063/1256
f 1235/1056/1211 1122/1057/1098 1277/1065/1253 1381/1061/1357
f 1149/1049/1125 1236/1050/1212 1382/1067/1358 1298/1066/1274
f 1298/1066/1274 1382/1067/1358 1296/1069/1272 1152/1068/1128
f 1382/1067/1358 1257/1071/1233 1135/1070/1111 1296/1069/1272
f 1236/1050/1212 1115/1033/1091 1257/1071/1233 1382/1067/1358
f 1152/1068/1128 1296/1069/1272 1383/1073/1359 1297/1072/1273
f 1297/1072/1273 1383/1073/1359 1248/1075/1224 1150/1074/1126
f 1383/1073/1359 1258/1077/1234 1119/1076/1095 1248/1075/1224
f 1296/1069/1272 1135/1070/1111 1258/1077/1234 1383/1073/1359
f 1160/1062/1136 1280/1063/1256 1384/1079/1360 1311/1078/1287
f 1311/1078/1287 1384/1079/1360 1247/1081/1223 1158/1080/1134
f 1384/1079/1360 1279/1083/1255 1130/1082/1106 1247/1081/1223
f 1280/1063/1256 1142/1064/1118 1279/1083/1255 1384/1079/1360
f 1173/986/1149 1237/987/1213 1385/1085/1361 1340/1084/1316
f 1340/1084/1316 1385/1085/1361 1284/1087/1260 1176/1086/1152
f 1385/1085/1361 1281/1089/1257 1143/1088/1119 1284/1087/1260
f 1237/987/1213 1123/988/1099 1281/1089/1257 1385/1085/1361
f 1165/977/1141 1238/978/1214 1386/1091/1362 1326/1090/1302
f 1326/1090/1302 1386/1091/1362 1324/1093/1300 1168/1092/1144
f 1386/1091/1362 1256/991/1232 1134/994/1110 1324/1093/1300
f 1238/978/1214 1114/979/1090 1256/991/1232 1386/1091/1362
f 1168/1092/1144 1324/1093/1300 1387/1095/1363 1325/1094/1301
f 1325/1094/1301 1387/1095/1363 1250/1097/1226 1166/1096/1142
f 1387/1095/1363 1255/1014/1231 1118/1016/1094 1250/1097/1226
f 1324/1093/1300 1134/994/1110 1255/1014/1231 1387/1095/1363
f 1176/1086/1152 1284/1087/1260 1388/1099/1364 1339/1098/1315
f 1339/1098/1315 1388/1099/1364 1249/1101/1225 1174/1100/1150
f 1388/1099/1364 1283/1103/1259 1131/1102/1107 1249/1101/1225
f 1284/1087/1260 1143/1088/1119 1283/1103/1259 1388/1099/1364
f 1115/1033/1091 1234/1034/1210 1389/1104/1365 1257/1071/1233
f 1257/1071/1233 1389/1104/1365 1288/1105/1264 1135/1070/1111
f 1389/1104/1365 1285/1107/1261 1144/1106/1120 1288/1105/1264
f 1234/1034/1210 1121/1024/1097 1285/1107/1261 1389/1104/1365
f 1121/1024/1097 1233/1025/1209 1390/1108/1366 1285/1107/1261
f 1285/1107/1261 1390/1108/1366 1286/1109/1262 1144/1106/1120
f 1390/1108/1366 1260/1111/1236 1136/1110/1112 1286/1109/1262
f 1233/1025/1209 1116/1026/1092 1260/1111/1236 1390/1108/1366
f 1144/1106/1120 1286/1109/1262 1391/1113/1367 1287/1112/1263
f 1287/1112/1263 1391/1113/1367 1245/1115/1221 1129/1114/1105
f 1391/1113/1367 1259/1117/1235 1120/1116/1096 1245/1115/1221
f 1286/1109/1262 1136/1110/1112 1259/1117/1235 1391/1113/1367
f 1135/1070/1111 1288/1105/1264 1392/1118/1368 1258/1077/1234
f 1258/1077/1234 1392/1118/1368 1246/1119/1222 1119/1076/1095
f 1392/1118/1368 1287/1112/1263 1129/1114/1105 1246/1119/1222
f 1288/1105/1264 1144/1106/1120 1287/1112/1263 1392/1118/1368
f 1142/1064/1118 1278/1121/1254 1393/1120/1369 1279/1083/1255
f 1279/1083/1255 1393/1120/1369 1294/1122/1270 1130/1082/1106
f 1393/1120/1369 1297/1072/1273 1150/1074/1126 1294/1122/1270
f 1278/1121/1254 1152/1068/1128 1297/1072/1273 1393/1120/1369
f 1122/1057/1098 1293/1124/1269 1394/1123/1370 1277/1065/1253
f 1277/1065/1253 1394/1123/1370 1278/1121/1254 1142/1064/1118
f 1394/1123/1370 1298/1066/1274 1152/1068/1128 1278/1121/1254
f 1293/1124/1269 1149/1049/1125 1298/1066/1274 1394/1123/1370
f 1141/1059/1117 1274/1126/1250 1395/1125/1371 1275/1058/1251
f 1275/1058/1251 1395/1125/1371 1293/1124/1269 1122/1057/1098
f 1395/1125/1371 1299/1046/1275 1149/1049/1125 1293/1124/1269
f 1274/1126/1250 1151/1045/1127 1299/1046/1275 1395/1125/1371
f 1110/916/1086 1223/933/1199 1396/1128/1372 1222/1127/1198
f 1222/1127/1198 1396/1128/1372 1300/926/1276 1148/924/1124
f 1396/1128/1372 1290/1129/1266 1146/930/1122 1300/926/1276
f 1223/933/1199 1098/934/1074 1290/1129/1266 1396/1128/1372
f 1090/910/1066 1221/915/1197 1397/1131/1373 1289/1130/1265
f 1289/1130/1265 1397/1131/1373 1301/920/1277 1145/903/1121
f 1397/1131/1373 1222/1127/1198 1148/924/1124 1301/920/1277
f 1221/915/1197 1110/916/1086 1222/1127/1198 1397/1131/1373
f 1109/908/1085 1219/909/1195 1398/1133/1374 1218/1132/1194
f 1218/1132/1194 1398/1133/1374 1302/901/1278 1147/898/1123
f 1398/1133/1374 1289/1130/1265 1145/903/1121 1302/901/1278
f 1219/909/1195 1090/910/1066 1289/1130/1265 1398/1133/1374
f 1133/1005/1109 1310/1135/1286 1399/1134/1375 1254/1013/1230
f 1254/1013/1230 1399/1134/1375 1308/1136/1284 1117/1012/1093
f 1399/1134/1375 1311/1078/1287 1158/1080/1134 1308/1136/1284
f 1310/1135/1286 1160/1062/1136 1311/1078/1287 1399/1134/1375
f 1113/1007/1089 1307/1138/1283 1400/1137/1376 1253/1006/1229
f 1253/1006/1229 1400/1137/1376 1310/1135/1286 1133/1005/1109
f 1400/1137/1376 1312/1060/1288 1160/1062/1136 1310/1135/1286
f 1307/1138/1283 1157/1055/1133 1312/1060/1288 1400/1137/1376
f 1128/1040/1104 1309/1140/1285 1401/1139/1377 1244/1039/1220
f 1244/1039/1220 1401/1139/1377 1307/1138/1283 1113/1007/1089
f 1401/1139/1377 1313/1052/1289 1157/1055/1133 1307/1138/1283
f 1309/1140/1285 1159/1051/1135 1313/1052/1289 1401/1139/1377
f 1101/858/1077 1198/863/1174 1402/1142/1378 1306/1141/1282
f 1306/1141/1282 1402/1142/1378 1314/932/1290 1156/918/1132
f 1402/1142/1378 1304/1143/1280 1154/936/1130 1314/932/1290
f 1198/863/1174 1085/864/1061 1304/1143/1280 1402/1142/1378
f 1081/856/1057 1197/857/1173 1403/1145/1379 1303/1144/1279
f 1303/1144/1279 1403/1145/1379 1315/914/1291 1153/912/1129
f 1403/1145/1379 1306/1141/1282 1156/918/1132 1315/914/1291
f 1197/857/1173 1101/858/1077 1306/1141/1282 1403/1145/1379
f 1096/892/1072 1188/893/1164 1404/1147/1380 1305/1146/1281
f 1305/1146/1281 1404/1147/1380 1316/907/1292 1155/904/1131
f 1404/1147/1380 1303/1144/1279 1153/912/1129 1316/907/1292
f 1188/893/1164 1081/856/1057 1303/1144/1279 1404/1147/1380
f 1143/1088/1119 1282/1149/1258 1405/1148/1381 1283/1103/1259
f 1283/1103/1259 1405/1148/1381 1322/1150/1298 1131/1102/1107
f 1405/1148/1381 1325/1094/1301 1166/1096/1142 1322/1150/1298
f 1282/1149/1258 1168/1092/1144 1325/1094/1301 1405/1148/1381
f 1123/988/1099 1321/1152/1297 1406/1151/1382 1281/1089/1257
f 1281/1089/1257 1406/1151/1382 1282/1149/1258 1143/1088/1119
f 1406/1151/1382 1326/1090/1302 1168/1092/1144 1282/1149/1258
f 1321/1152/1297 1165/977/1141 1326/1090/1302 1406/1151/1382
f 1137/990/1113 1261/1154/1237 1407/1153/1383 1262/989/1238
f 1262/989/1238 1407/1153/1383 1321/1152/1297 1123/988/1099
f 1407/1153/1383 1327/974/1303 1165/977/1141 1321/1152/1297
f 1261/1154/1237 1167/973/1143 1327/974/1303 1407/1153/1383
f 1111/940/1087 1227/953/1203 1408/1156/1384 1226/1155/1202
f 1226/1155/1202 1408/1156/1384 1328/948/1304 1164/946/1140
f 1408/1156/1384 1318/1157/1294 1162/950/1138 1328/948/1304
f 1227/953/1203 1099/954/1075 1318/1157/1294 1408/1156/1384
f 1091/841/1067 1225/939/1201 1409/1159/1385 1317/1158/1293
f 1317/1158/1293 1409/1159/1385 1329/944/1305 1161/834/1137
f 1409/1159/1385 1226/1155/1202 1164/946/1140 1329/944/1305
f 1225/939/1201 1111/940/1087 1226/1155/1202 1409/1159/1385
f 1105/839/1081 1206/840/1182 1410/1161/1386 1205/1160/1181
f 1205/1160/1181 1410/1161/1386 1330/829/1306 1163/826/1139
f 1410/1161/1386 1317/1158/1293 1161/834/1137 1330/829/1306
f 1206/840/1182 1091/841/1067 1317/1158/1293 1410/1161/1386
f 1136/1110/1112 1338/1163/1314 1411/1162/1387 1259/1117/1235
f 1259/1117/1235 1411/1162/1387 1336/1164/1312 1120/1116/1096
f 1411/1162/1387 1339/1098/1315 1174/1100/1150 1336/1164/1312
f 1338/1163/1314 1176/1086/1152 1339/1098/1315 1411/1162/1387
f 1116/1026/1092 1335/1166/1311 1412/1165/1388 1260/1111/1236
f 1260/1111/1236 1412/1165/1388 1338/1163/1314 1136/1110/1112
f 1412/1165/1388 1340/1084/1316 1176/1086/1152 1338/1163/1314
f 1335/1166/1311 1173/986/1149 1340/1084/1316 1412/1165/1388
f 1126/1028/1102 1337/1168/1313 1413/1167/1389 1242/1027/1218
f 1242/1027/1218 1413/1167/1389 1335/1166/1311 1116/1026/1092
f 1413/1167/1389 1341/983/1317 1173/986/1149 1335/1166/1311
f 1337/1168/1313 1175/982/1151 1341/983/1317 1413/1167/1389
f 1104/963/1080 1203/967/1179 1414/1170/1390 1334/1169/1310
f 1334/1169/1310 1414/1170/1390 1342/952/1318 1172/942/1148
f 1414/1170/1390 1332/1171/1308 1170/956/1146 1342/952/1318
f 1203/967/1179 1088/968/1064 1332/1171/1308 1414/1170/1390
f 1084/879/1060 1204/962/1180 1415/1173/1391 1331/1172/1307
f 1331/1172/1307 1415/1173/1391 1343/938/1319 1169/843/1145
f 1415/1173/1391 1334/1169/1310 1172/942/1148 1343/938/1319
f 1204/962/1180 1104/963/1080 1334/1169/1310 1415/1173/1391
f 1094/877/1070 1186/878/1162 1416/1175/1392 1333/1174/1309
f 1333/1174/1309 1416/1175/1392 1344/838/1320 1171/835/1147
f 1416/1175/1392 1331/1172/1307 1169/843/1145 1344/838/1320
f 1186/878/1162 1084/879/1060 1331/1172/1307 1416/1175/1392
f 877/969/853 800/968/776 1088/968/1064 1189/969/1165
f 805/970/781 877/969/853 1189/969/1165 1097/970/1073
f 878/972/854 805/970/781 1097/970/1073 1190/972/1166
f 799/928/775 878/972/854 1190/972/1166 1087/928/1063
f 848/936/824 879/935/855 1191/935/1167 1154/936/1130
f 879/935/855 806/934/782 1098/934/1074 1191/935/1167
f 842/930/818 880/929/856 1192/929/1168 1146/930/1122
f 880/929/856 799/928/775 1087/928/1063 1192/929/1168
f 860/956/836 881/955/857 1193/955/1169 1170/956/1146
f 881/955/857 807/954/783 1099/954/1075 1193/955/1169
f 854/950/830 882/949/858 1194/949/1170 1162/950/1138
f 882/949/858 798/872/774 1086/872/1062 1194/949/1170
f 798/872/774 883/871/859 1195/871/1171 1086/872/1062
f 883/871/859 808/870/784 1100/870/1076 1195/871/1171
f 808/866/784 884/865/860 1196/865/1172 1100/866/1076
f 884/865/860 797/864/773 1085/864/1061 1196/865/1172
f 174/826/172 249/1160/241 1205/1160/1181 1163/826/1139
f 249/1160/241 34/839/33 1105/839/1081 1205/1160/1181
f 250/836/242 191/835/189 1171/835/1147 1207/836/1183
f 34/839/33 250/836/242 1207/836/1183 1105/839/1081
f 26/877/26 261/874/253 1212/874/1188 1094/877/1070
f 261/874/253 38/873/37 1107/873/1083 1212/874/1188
f 262/883/254 27/882/27 1095/882/1071 1214/883/1190
f 38/873/37 262/883/254 1214/883/1190 1107/873/1083
f 28/892/28 264/889/256 1215/889/1191 1096/892/1072
f 264/889/256 39/888/38 1108/888/1084 1215/889/1191
f 265/894/257 25/830/25 1093/830/1069 1217/894/1193
f 39/896/38 265/894/257 1217/894/1193 1108/896/1084
f 141/898/139 267/1132/259 1218/1132/1194 1147/898/1123
f 267/1132/259 40/908/39 1109/908/1085 1218/1132/1194
f 268/905/260 158/904/156 1155/904/1131 1220/905/1196
f 40/908/39 268/905/260 1220/905/1196 1109/908/1085
f 824/1116/800 925/1115/901 1245/1115/1221 1120/1116/1096
f 925/1115/901 829/1114/805 1129/1114/1105 1245/1115/1221
f 829/1114/805 926/1119/902 1246/1119/1222 1129/1114/1105
f 926/1119/902 823/1076/799 1119/1076/1095 1246/1119/1222
f 927/1081/903 851/1080/827 1158/1080/1134 1247/1081/1223
f 830/1082/806 927/1081/903 1247/1081/1223 1130/1082/1106
f 928/1075/904 845/1074/821 1150/1074/1126 1248/1075/1224
f 823/1076/799 928/1075/904 1248/1075/1224 1119/1076/1095
f 929/1101/905 863/1100/839 1174/1100/1150 1249/1101/1225
f 831/1102/807 929/1101/905 1249/1101/1225 1131/1102/1107
f 930/1097/906 857/1096/833 1166/1096/1142 1250/1097/1226
f 822/1016/798 930/1097/906 1250/1097/1226 1118/1016/1094
f 931/1017/907 822/1016/798 1118/1016/1094 1251/1017/1227
f 832/1018/808 931/1017/907 1251/1017/1227 1132/1018/1108
f 932/1011/908 832/1010/808 1132/1010/1108 1252/1011/1228
f 821/1012/797 932/1011/908 1252/1011/1228 1117/1012/1093
f 377/1154/364 182/973/180 1167/973/1143 1261/1154/1237
f 98/990/96 377/1154/364 1261/1154/1237 1137/990/1113
f 199/982/197 378/985/365 1263/985/1239 1175/982/1151
f 378/985/365 98/990/96 1137/990/1113 1263/985/1239
f 389/1023/376 90/1028/89 1126/1028/1102 1268/1023/1244
f 102/1020/100 389/1023/376 1268/1023/1244 1139/1020/1115
f 91/1029/90 390/1032/377 1270/1032/1246 1127/1029/1103
f 390/1032/377 102/1020/100 1139/1020/1115 1270/1032/1246
f 392/1038/379 92/1040/91 1128/1040/1104 1271/1038/1247
f 103/1035/101 392/1038/379 1271/1038/1247 1140/1035/1116
f 89/981/88 393/1042/380 1273/1042/1249 1125/981/1101
f 393/1042/380 103/1044/101 1140/1044/1116 1273/1042/1249
f 395/1126/382 149/1045/147 1151/1045/1127 1274/1126/1250
f 104/1059/102 395/1126/382 1274/1126/1250 1141/1059/1117
f 166/1051/164 396/1054/383 1276/1054/1252 1159/1051/1135
f 396/1054/383 104/1059/102 1141/1059/1117 1276/1054/1252
f 806/934/782 962/1129/938 1290/1129/1266 1098/934/1074
f 962/1129/938 842/930/818 1146/930/1122 1290/1129/1266
f 27/882/27 473/899/458 1291/899/1267 1095/882/1071
f 473/899/458 141/898/139 1147/898/1123 1291/899/1267
f 965/1122/941 830/1082/806 1130/1082/1106 1294/1122/1270
f 845/1074/821 965/1122/941 1294/1122/1270 1150/1074/1126
f 481/1048/466 91/1029/90 1127/1029/1103 1295/1048/1271
f 149/1045/147 481/1048/466 1295/1048/1271 1151/1045/1127
f 797/864/773 974/1143/950 1304/1143/1280 1085/864/1061
f 974/1143/950 848/936/824 1154/936/1130 1304/1143/1280
f 506/1146/491 28/892/28 1096/892/1072 1305/1146/1281
f 158/904/156 506/1146/491 1305/1146/1281 1155/904/1131
f 977/1136/953 821/1012/797 1117/1012/1093 1308/1136/1284
f 851/1080/827 977/1136/953 1308/1136/1284 1158/1080/1134
f 92/1040/91 514/1140/499 1309/1140/1285 1128/1040/1104
f 514/1140/499 166/1051/164 1159/1051/1135 1309/1140/1285
f 807/954/783 986/1157/962 1318/1157/1294 1099/954/1075
f 986/1157/962 854/950/830 1162/950/1138 1318/1157/1294
f 25/830/25 538/827/522 1319/827/1295 1093/830/1069
f 538/827/522 174/826/172 1163/826/1139 1319/827/1295
f 989/1150/965 831/1102/807 1131/1102/1107 1322/1150/1298
f 857/1096/833 989/1150/965 1322/1150/1298 1166/1096/1142
f 546/976/530 89/981/88 1125/981/1101 1323/976/1299
f 182/973/180 546/976/530 1323/976/1299 1167/973/1143
f 800/968/776 998/1171/974 1332/1171/1308 1088/968/1064
f 998/1171/974 860/956/836 1170/956/1146 1332/1171/1308
f 571/1174/555 26/877/26 1094/877/1070 1333/1174/1309
f 191/835/189 571/1174/555 1333/1174/1309 1171/835/1147
f 1001/1164/977 824/1116/800 1120/1116/1096 1336/1164/1312
f 863/1100/839 1001/1164/977 1336/1164/1312 1174/1100/1150
f 90/1028/89 579/1168/563 1337/1168/1313 1126/1028/1102
f 579/1168/563 199/982/197 1175/982/1151 1337/1168/1313
