# Blender 5.0.1
# www.blender.org
mtllib Caramelo 3.mtl
o Caramelo_3
v 0.835597 0.033143 0.030141
v 0.541378 0.675859 -0.003403
v 0.181324 0.853444 0.015100
v -0.010379 0.860547 0.019882
v -0.185939 0.828676 0.018862
v -0.566641 0.706544 0.012135
v 0.834782 0.037379 0.023048
v 0.700008 0.411350 -0.064625
v 0.551791 0.668451 -0.107583
v 0.376519 0.778442 -0.127435
v 0.183688 0.829542 -0.130823
v -0.018474 0.826214 -0.132526
v -0.203984 0.801018 -0.130244
v -0.380693 0.768939 -0.127421
v -0.549876 0.693374 -0.105074
v -0.709441 0.486417 -0.073995
v -0.861952 0.020514 0.007759
v 0.835780 0.042206 0.017276
v 0.704478 0.387971 -0.128002
v 0.560285 0.625612 -0.206271
v 0.388218 0.729355 -0.250875
v 0.193999 0.768383 -0.272642
v -0.002249 0.779115 -0.270199
v -0.201160 0.759322 -0.257188
v -0.389970 0.730158 -0.255339
v -0.546214 0.658900 -0.230124
v -0.708365 0.462179 -0.159397
v -0.861829 0.020749 0.003837
v 0.837450 0.045007 0.008998
v 0.699835 0.348139 -0.188646
v 0.540267 0.561269 -0.312340
v 0.382743 0.661489 -0.374229
v 0.202574 0.684830 -0.395480
v 0.009354 0.700066 -0.393992
v -0.187583 0.694741 -0.375006
v -0.371967 0.651264 -0.356239
v -0.545800 0.583153 -0.326247
v -0.701212 0.413856 -0.240836
v -0.861737 0.018733 -0.001769
v 0.837276 0.041480 -0.000864
v 0.699319 0.294242 -0.237907
v 0.549138 0.483209 -0.387825
v 0.378922 0.555052 -0.454549
v 0.185920 0.576392 -0.477223
v -0.002726 0.589596 -0.489025
v -0.178614 0.592245 -0.488215
v -0.375556 0.556519 -0.463422
v -0.561925 0.492572 -0.414697
v -0.704578 0.349133 -0.302672
v -0.862545 0.018432 -0.003855
v 0.834437 0.039779 -0.008840
v 0.689877 0.226962 -0.281047
v 0.551315 0.374988 -0.464954
v 0.384517 0.426564 -0.529564
v 0.198054 0.457459 -0.552382
v -0.000016 0.478973 -0.564331
v -0.187361 0.468262 -0.551410
v -0.364284 0.439674 -0.521629
v -0.548809 0.382539 -0.464906
v -0.703912 0.280609 -0.340939
v -0.863099 0.014461 -0.010072
v 0.835724 0.031408 -0.016328
v 0.696150 0.157860 -0.313834
v 0.553821 0.244975 -0.518028
v 0.384368 0.291900 -0.589345
v 0.197697 0.320512 -0.617058
v 0.000973 0.329024 -0.621369
v -0.192216 0.330888 -0.613595
v -0.375402 0.304486 -0.579141
v -0.554605 0.265244 -0.514716
v -0.710178 0.193468 -0.373545
v -0.862042 0.012036 -0.013131
v 0.836878 0.026442 -0.026315
v 0.707341 0.075951 -0.334958
v 0.553491 0.126272 -0.535712
v 0.377437 0.154158 -0.619017
v 0.190429 0.164894 -0.642482
v -0.002192 0.170733 -0.651912
v -0.184659 0.157479 -0.639335
v -0.378032 0.149684 -0.610308
v -0.557332 0.133323 -0.547564
v -0.712762 0.091396 -0.394094
v -0.862968 0.009007 -0.017264
v 0.834118 0.019468 -0.034671
v 0.700860 0.000197 -0.336155
v 0.545652 0.000046 -0.537790
v 0.376521 -0.002871 -0.610961
v 0.190254 0.000442 -0.650415
v -0.001685 0.003484 -0.662644
v -0.195723 -0.004594 -0.651366
v -0.382638 -0.002006 -0.622473
v -0.549759 -0.001314 -0.559183
v -0.693847 -0.004505 -0.405264
v -0.861445 0.004625 -0.019070
v 0.834791 0.012002 -0.041661
v 0.698511 -0.079685 -0.325279
v 0.538585 -0.126452 -0.532595
v 0.366681 -0.152927 -0.599355
v 0.189753 -0.157327 -0.640150
v 0.000985 -0.158810 -0.659208
v -0.194937 -0.156571 -0.647853
v -0.386025 -0.149569 -0.616007
v -0.554790 -0.137022 -0.548830
v -0.705869 -0.104424 -0.389018
v -0.863426 0.000307 -0.020353
v 0.835211 0.002423 -0.044876
v 0.703229 -0.171083 -0.305788
v 0.555885 -0.267469 -0.505279
v 0.362367 -0.304738 -0.579768
v 0.187510 -0.308484 -0.614753
v 0.002954 -0.313250 -0.637559
v -0.192225 -0.312444 -0.617650
v -0.379728 -0.295655 -0.585075
v -0.554404 -0.265753 -0.523354
v -0.711916 -0.195258 -0.376183
v -0.861346 -0.006428 -0.021245
v 0.836214 -0.005212 -0.046015
v 0.703675 -0.225387 -0.276772
v 0.545590 -0.362158 -0.444142
v 0.356642 -0.439171 -0.523444
v 0.184126 -0.464141 -0.574036
v -0.002566 -0.466787 -0.575865
v -0.192547 -0.453861 -0.563925
v -0.370780 -0.422211 -0.532906
v -0.544124 -0.380616 -0.470268
v -0.711042 -0.277743 -0.339696
v -0.860362 -0.009556 -0.023184
v 0.837147 -0.015520 -0.045527
v 0.709282 -0.290074 -0.239661
v 0.550575 -0.471109 -0.387379
v 0.371625 -0.565311 -0.452404
v 0.194885 -0.601388 -0.490172
v -0.006688 -0.595754 -0.482257
v -0.193044 -0.588789 -0.491288
v -0.374835 -0.549028 -0.459037
v -0.553671 -0.493108 -0.396826
v -0.709293 -0.358115 -0.290388
v -0.861947 -0.014539 -0.021812
v 0.834377 -0.025123 -0.045242
v 0.697308 -0.347890 -0.192616
v 0.531662 -0.563297 -0.317788
v 0.372731 -0.651643 -0.363544
v 0.194271 -0.691700 -0.383144
v -0.000325 -0.700670 -0.383734
v -0.178603 -0.701285 -0.388618
v -0.364355 -0.649070 -0.369594
v -0.553458 -0.574934 -0.318805
v -0.712075 -0.424458 -0.228503
v -0.862325 -0.019606 -0.019396
v 0.834972 -0.032609 -0.043048
v 0.697925 -0.386987 -0.134879
v 0.545557 -0.625152 -0.230985
v 0.375832 -0.717199 -0.258264
v 0.191865 -0.765306 -0.266256
v 0.005424 -0.780015 -0.270722
v -0.188854 -0.769246 -0.270887
v -0.385418 -0.729114 -0.262789
v -0.552788 -0.642672 -0.233243
v -0.708187 -0.478686 -0.160789
v -0.860709 -0.023001 -0.017058
v 0.835381 -0.039894 -0.037914
v 0.698583 -0.424613 -0.070648
v 0.545526 -0.675278 -0.124624
v 0.370060 -0.775847 -0.144463
v 0.202514 -0.803586 -0.150106
v 0.009098 -0.828339 -0.142011
v -0.185599 -0.824212 -0.130591
v -0.378614 -0.767590 -0.135248
v -0.537608 -0.684536 -0.128532
v -0.704174 -0.497575 -0.085518
v -0.861526 -0.025569 -0.013528
v 0.836864 -0.047745 -0.032028
v 0.704819 -0.426211 0.004557
v 0.550152 -0.676762 0.000872
v 0.365117 -0.783579 -0.004150
v 0.198312 -0.836853 -0.011290
v 0.010869 -0.861874 -0.009793
v -0.195158 -0.848000 -0.004609
v -0.382124 -0.788377 -0.001817
v -0.548454 -0.700906 -0.001307
v -0.708287 -0.501081 -0.000367
v -0.862060 -0.028083 -0.011699
v 0.835783 -0.051052 -0.025031
v 0.704735 -0.409541 0.065175
v 0.558358 -0.661185 0.108586
v 0.381729 -0.768328 0.128595
v 0.199567 -0.823394 0.144927
v -0.002142 -0.835139 0.135407
v -0.197597 -0.822594 0.137038
v -0.385553 -0.771911 0.133143
v -0.550681 -0.692185 0.114061
v -0.709041 -0.504196 0.074128
v -0.861473 -0.028914 -0.008751
v 0.832052 -0.052828 -0.016905
v 0.700314 -0.379132 0.124206
v 0.553209 -0.624756 0.214230
v 0.383898 -0.718124 0.248555
v 0.206882 -0.752100 0.260285
v 0.000626 -0.769127 0.264069
v -0.191190 -0.778546 0.274680
v -0.383641 -0.736078 0.257529
v -0.551027 -0.657442 0.222081
v -0.699403 -0.463420 0.148193
v -0.861702 -0.029891 -0.004019
v 0.832738 -0.051969 -0.008215
v 0.697494 -0.343576 0.187100
v 0.540602 -0.562025 0.311240
v 0.382186 -0.651138 0.363615
v 0.192812 -0.686728 0.376629
v 0.006062 -0.694013 0.384309
v -0.194696 -0.684168 0.391185
v -0.382655 -0.659290 0.366569
v -0.550580 -0.604152 0.330749
v -0.705985 -0.425220 0.230654
v -0.862301 -0.029593 0.000378
v 0.834743 -0.052261 -0.000360
v 0.697297 -0.287898 0.238667
v 0.547143 -0.476217 0.398295
v 0.382589 -0.550505 0.465207
v 0.185044 -0.591071 0.492874
v -0.002383 -0.598887 0.502118
v -0.196643 -0.580749 0.494024
v -0.383828 -0.560380 0.455636
v -0.564401 -0.520498 0.408482
v -0.718641 -0.370746 0.293521
v -0.863986 -0.028927 0.004390
v 0.836087 -0.049881 0.009275
v 0.692846 -0.232440 0.274609
v 0.547659 -0.371030 0.462012
v 0.380920 -0.430631 0.544172
v 0.199082 -0.458513 0.582407
v 0.006227 -0.478378 0.595563
v -0.204648 -0.455149 0.582460
v -0.386406 -0.437212 0.538308
v -0.570139 -0.409567 0.476780
v -0.725918 -0.296798 0.338033
v -0.862834 -0.025643 0.008881
v 0.836783 -0.046536 0.016192
v 0.697728 -0.162546 0.314180
v 0.551566 -0.268810 0.517797
v 0.382495 -0.297401 0.597532
v 0.196794 -0.315155 0.640493
v 0.007735 -0.323391 0.656365
v -0.198961 -0.316136 0.624547
v -0.376118 -0.298890 0.586531
v -0.555016 -0.275103 0.530980
v -0.714124 -0.204718 0.384596
v -0.863641 -0.022178 0.011395
v 0.835958 -0.039311 0.024794
v 0.690793 -0.080712 0.335121
v 0.535320 -0.139915 0.558151
v 0.372807 -0.150276 0.641136
v 0.190076 -0.160750 0.675560
v 0.011270 -0.168309 0.689710
v -0.201346 -0.159833 0.660613
v -0.389646 -0.149806 0.624604
v -0.558909 -0.142195 0.562867
v -0.705430 -0.105474 0.412356
v -0.862568 -0.018065 0.015906
v 0.836313 -0.030634 0.032472
v 0.689182 0.005518 0.340720
v 0.547617 -0.001260 0.567755
v 0.374320 -0.002036 0.656123
v 0.177494 0.002784 0.691630
v 0.000457 -0.009340 0.693948
v -0.188758 0.002124 0.664123
v -0.386633 0.001673 0.635778
v -0.563819 0.005076 0.582421
v -0.697335 0.002827 0.421641
v -0.862258 -0.014496 0.018576
v 0.835286 -0.022297 0.039023
v 0.700045 0.084561 0.336237
v 0.558420 0.135935 0.555984
v 0.379628 0.152423 0.644498
v 0.198291 0.172925 0.679151
v 0.004588 0.161845 0.685131
v -0.193635 0.156867 0.672224
v -0.390325 0.140711 0.646013
v -0.556749 0.132282 0.576407
v -0.704116 0.090973 0.410422
v -0.863852 -0.009364 0.019790
v 0.832984 -0.012859 0.043769
v 0.698193 0.159362 0.318137
v 0.544457 0.248435 0.521330
v 0.372679 0.292213 0.604037
v 0.197771 0.313218 0.642747
v 0.004263 0.311892 0.650913
v -0.193921 0.294973 0.630936
v -0.383762 0.287590 0.605526
v -0.554391 0.261309 0.546303
v -0.706055 0.188531 0.388388
v -0.861816 -0.005146 0.020425
v 0.834844 -0.002938 0.045866
v 0.699363 0.231416 0.290673
v 0.539824 0.362239 0.472248
v 0.378968 0.428088 0.534992
v 0.199678 0.449183 0.584275
v -0.009072 0.447970 0.600910
v -0.202093 0.433998 0.585639
v -0.384792 0.429802 0.548931
v -0.561325 0.385161 0.506282
v -0.715896 0.277247 0.359348
v -0.861827 -0.001136 0.021719
v 0.835065 0.005351 0.045396
v 0.699240 0.293245 0.238014
v 0.547633 0.483763 0.395567
v 0.375982 0.570448 0.459997
v 0.197398 0.585610 0.495389
v -0.005071 0.575694 0.511576
v -0.190019 0.567135 0.499340
v -0.363422 0.557673 0.476652
v -0.548064 0.512296 0.429075
v -0.710981 0.359395 0.309749
v -0.862290 0.004614 0.021530
v 0.833927 0.012654 0.043652
v 0.692170 0.344684 0.182044
v 0.546024 0.560425 0.312679
v 0.378299 0.663100 0.371605
v 0.197471 0.697764 0.393398
v -0.007372 0.684239 0.405261
v -0.194429 0.678278 0.405197
v -0.367184 0.639623 0.375913
v -0.546021 0.595539 0.339673
v -0.694815 0.422275 0.242743
v -0.861793 0.009289 0.021041
v 0.838984 0.023230 0.041991
v 0.699975 0.386778 0.132021
v 0.548244 0.622768 0.213340
v 0.373279 0.728090 0.258599
v 0.193492 0.767775 0.277223
v 0.000555 0.774830 0.285856
v -0.204532 0.779767 0.289418
v -0.381194 0.721889 0.259383
v -0.552678 0.633196 0.222035
v -0.705363 0.456967 0.160265
v -0.862553 0.011734 0.018607
v 0.836348 0.029595 0.038621
v 0.698906 0.413490 0.080814
v 0.545263 0.664801 0.113262
v 0.362589 0.772851 0.129491
v 0.182314 0.811885 0.150428
v -0.003721 0.837094 0.158144
v -0.195929 0.824374 0.152451
v -0.385428 0.783322 0.141836
v -0.559276 0.686223 0.115616
v -0.710214 0.495483 0.073030
v -0.863498 0.015459 0.016709
v 0.696787 0.416682 0.007739
v 0.358322 0.800646 -0.002504
v -0.376326 0.787486 0.020512
v -0.722652 0.504250 -0.005866
v -0.863351 0.017223 0.012205
v 0.085352 0.862751 0.019314
v -0.098819 0.847254 0.019158
v 0.767921 0.251267 0.021880
v 0.628807 0.556356 -0.088079
v 0.467124 0.737192 -0.120507
v 0.282048 0.809806 -0.130002
v 0.081943 0.833371 -0.131992
v -0.113264 0.814441 -0.131366
v -0.293079 0.786967 -0.130285
v -0.466408 0.741264 -0.117980
v -0.630851 0.613053 -0.091749
v -0.785922 0.306730 -0.047950
v 0.182015 0.849328 -0.057308
v -0.016141 0.847803 -0.056406
v -0.194242 0.817652 -0.055813
v 0.835068 0.035161 0.026344
v -0.559078 0.702648 -0.044174
v 0.544844 0.675467 -0.057631
v 0.770932 0.249642 -0.019218
v 0.635091 0.521582 -0.171040
v 0.477930 0.691333 -0.232190
v 0.292441 0.753161 -0.264577
v 0.095933 0.777610 -0.274174
v -0.101509 0.771540 -0.262901
v -0.299193 0.746554 -0.256457
v -0.469773 0.704252 -0.247328
v -0.626933 0.582670 -0.202011
v -0.785672 0.290863 -0.100420
v 0.384656 0.755822 -0.188231
v 0.559400 0.651139 -0.155730
v -0.863455 0.025315 0.006296
v 0.187641 0.801800 -0.202913
v -0.012551 0.804440 -0.203361
v -0.205651 0.781874 -0.196766
v -0.388031 0.753907 -0.196069
v 0.835066 0.039766 0.020240
v -0.546777 0.680399 -0.169609
v 0.703124 0.402107 -0.096887
v -0.708070 0.475986 -0.115176
v 0.771643 0.236404 -0.060609
v 0.620966 0.466706 -0.256335
v 0.462498 0.625061 -0.350565
v 0.295496 0.677598 -0.388309
v 0.107008 0.692880 -0.397407
v -0.089838 0.701987 -0.385453
v -0.281239 0.676257 -0.365619
v -0.460968 0.623154 -0.344433
v -0.624567 0.518650 -0.295777
v -0.779918 0.259525 -0.153278
v -0.380974 0.694372 -0.305793
v -0.194632 0.731257 -0.315508
v 0.836668 0.044351 0.013519
v -0.544129 0.624758 -0.280348
v 0.702288 0.369813 -0.159206
v -0.704739 0.441191 -0.201913
v 0.549979 0.595050 -0.261249
v -0.861783 0.019741 0.001034
v 0.386674 0.699232 -0.315921
v 0.201260 0.729792 -0.338550
v 0.006639 0.744833 -0.334747
v 0.769696 0.208337 -0.098777
v 0.626155 0.400613 -0.321300
v 0.467193 0.531276 -0.430352
v 0.283903 0.568112 -0.468512
v 0.089420 0.583277 -0.484053
v -0.089862 0.594408 -0.491087
v -0.275030 0.578500 -0.478746
v -0.473839 0.529559 -0.442850
v -0.635272 0.437072 -0.373308
v -0.781071 0.220270 -0.191167
v -0.863731 0.023340 -0.004184
v 0.193669 0.632759 -0.439744
v 0.379589 0.612611 -0.418008
v 0.003771 0.645850 -0.444896
v -0.181282 0.647690 -0.436068
v -0.373172 0.605873 -0.412904
v 0.837805 0.043425 0.003995
v -0.555224 0.539715 -0.373536
v 0.700042 0.323157 -0.214467
v -0.702262 0.382294 -0.274926
v 0.542386 0.524902 -0.352206
v 0.760609 0.175271 -0.132903
v 0.622144 0.310676 -0.384388
v 0.471520 0.409359 -0.509169
v 0.293283 0.441903 -0.542352
v 0.099150 0.471339 -0.560676
v -0.095879 0.476834 -0.560615
v -0.275122 0.456767 -0.538872
v -0.458215 0.414103 -0.497541
v -0.628571 0.344293 -0.418796
v -0.782702 0.176001 -0.217890
v 0.835727 0.040849 -0.005059
v -0.556561 0.439271 -0.442603
v -0.369748 0.500740 -0.496237
v 0.694407 0.261271 -0.260395
v -0.704396 0.316073 -0.323510
v 0.551468 0.433292 -0.426804
v -0.862822 0.016446 -0.006964
v 0.381348 0.492368 -0.492341
v 0.189994 0.518414 -0.514625
v -0.002952 0.536806 -0.528663
v -0.181622 0.531520 -0.523058
v 0.765543 0.139414 -0.160581
v 0.627080 0.207515 -0.429200
v 0.472324 0.271792 -0.566262
v 0.292651 0.308630 -0.605809
v 0.099860 0.326124 -0.621334
v -0.096894 0.332139 -0.619698
v -0.284320 0.320693 -0.599920
v -0.466933 0.286071 -0.551749
v -0.634520 0.238538 -0.461316
v -0.785838 0.120563 -0.238609
v 0.200314 0.391572 -0.588441
v 0.385795 0.359235 -0.562400
v 0.001443 0.407698 -0.595773
v -0.191885 0.403391 -0.584197
v -0.368299 0.374691 -0.551094
v 0.834608 0.036355 -0.012576
v -0.549441 0.325193 -0.490033
v 0.690766 0.193468 -0.298755
v -0.705985 0.239838 -0.358214
v 0.552307 0.310029 -0.496113
v -0.862570 0.013249 -0.011601
v 0.773996 0.092524 -0.188910
v 0.633840 0.103734 -0.448306
v 0.467401 0.143041 -0.589916
v 0.285197 0.160441 -0.634056
v 0.093339 0.169595 -0.649121
v -0.093276 0.165065 -0.648135
v -0.280882 0.153080 -0.627274
v -0.470874 0.143716 -0.585426
v -0.636972 0.116810 -0.489084
v -0.788018 0.055545 -0.252320
v -0.557896 0.200568 -0.533962
v -0.377855 0.228231 -0.598318
v 0.703187 0.117492 -0.326479
v 0.836301 0.028925 -0.021321
v -0.714338 0.142614 -0.384872
v 0.554402 0.185171 -0.530259
v -0.862505 0.010521 -0.015197
v 0.380563 0.224928 -0.609117
v 0.193577 0.244624 -0.633718
v -0.000684 0.250435 -0.639749
v -0.187531 0.246187 -0.630487
v 0.769038 0.046949 -0.202187
v 0.625725 0.001141 -0.451167
v 0.462989 -0.001798 -0.585531
v 0.284954 -0.001994 -0.632689
v 0.094665 0.003231 -0.660224
v -0.098880 -0.000574 -0.659250
v -0.290740 -0.004319 -0.639665
v -0.469877 -0.000852 -0.597105
v -0.621588 -0.002952 -0.501255
v -0.774391 -0.004893 -0.258877
v -0.002423 0.087673 -0.659286
v 0.189778 0.082712 -0.648216
v -0.189389 0.073876 -0.646375
v -0.379773 0.072832 -0.618311
v 0.835144 0.022928 -0.030540
v -0.553114 0.066069 -0.556187
v 0.705363 0.037164 -0.337761
v -0.702336 0.043206 -0.402534
v 0.550730 0.063502 -0.537699
v -0.862206 0.006816 -0.018167
v 0.377273 0.076432 -0.617739
v 0.768526 -0.003140 -0.207546
v 0.621239 -0.104697 -0.442917
v 0.453290 -0.142872 -0.577973
v 0.279275 -0.156653 -0.620225
v 0.096806 -0.158150 -0.653678
v -0.096660 -0.158325 -0.656616
v -0.292312 -0.153631 -0.634679
v -0.473580 -0.144282 -0.589271
v -0.630810 -0.125815 -0.486753
v -0.784012 -0.068114 -0.247017
v -0.697325 -0.054493 -0.398465
v -0.551206 -0.069290 -0.556131
v 0.539266 -0.061199 -0.536594
v 0.698270 -0.037450 -0.331818
v -0.862436 0.002466 -0.019712
v 0.371854 -0.078335 -0.604699
v 0.190204 -0.079734 -0.647648
v -0.000526 -0.078974 -0.662527
v -0.196904 -0.080357 -0.652457
v -0.385160 -0.075620 -0.622075
v 0.834228 0.016000 -0.038537
v 0.769303 -0.060148 -0.208568
v 0.634871 -0.225626 -0.417477
v 0.460841 -0.292838 -0.554763
v 0.273080 -0.308064 -0.598047
v 0.097590 -0.310510 -0.630150
v -0.094588 -0.314529 -0.631428
v -0.287419 -0.305763 -0.602842
v -0.469034 -0.283080 -0.560150
v -0.635093 -0.239430 -0.467520
v -0.786043 -0.127371 -0.238072
v -0.193253 -0.235171 -0.636176
v 0.002610 -0.236152 -0.652113
v -0.384212 -0.224375 -0.603439
v 0.835067 0.007157 -0.043667
v -0.556605 -0.203179 -0.538690
v 0.701066 -0.127781 -0.316684
v -0.710631 -0.151387 -0.383450
v 0.548060 -0.199773 -0.523406
v -0.862386 -0.003061 -0.020799
v 0.364492 -0.229833 -0.592970
v 0.189166 -0.232768 -0.628721
v 0.771767 -0.096330 -0.201021
v 0.629391 -0.300063 -0.370638
v 0.451486 -0.408428 -0.491119
v 0.269556 -0.456237 -0.553045
v 0.092876 -0.467262 -0.579453
v -0.098560 -0.462761 -0.571027
v -0.282916 -0.439350 -0.551703
v -0.457678 -0.404471 -0.506315
v -0.629671 -0.342343 -0.420113
v -0.785459 -0.179390 -0.217475
v 0.551500 -0.317496 -0.476409
v 0.703034 -0.200530 -0.292382
v -0.860854 -0.007992 -0.022214
v -0.711894 -0.236825 -0.360809
v 0.357837 -0.373376 -0.555200
v 0.184559 -0.386363 -0.598370
v 0.000878 -0.391501 -0.612041
v -0.191707 -0.384687 -0.593073
v -0.373710 -0.359926 -0.561701
v 0.835549 -0.001374 -0.045677
v -0.548041 -0.323713 -0.500318
v 0.776205 -0.140270 -0.186262
v 0.633952 -0.389585 -0.322931
v 0.461331 -0.527941 -0.426646
v 0.285070 -0.589791 -0.476091
v 0.095094 -0.600514 -0.487598
v -0.102054 -0.594201 -0.487213
v -0.283599 -0.572046 -0.481144
v -0.466247 -0.524948 -0.430282
v -0.633661 -0.442666 -0.356045
v -0.784530 -0.229815 -0.186017
v -0.194636 -0.522381 -0.530952
v -0.005718 -0.534769 -0.531000
v -0.373766 -0.487110 -0.498331
v 0.837073 -0.010116 -0.045835
v -0.548059 -0.439044 -0.434906
v 0.707623 -0.256171 -0.259269
v -0.709691 -0.319008 -0.316394
v 0.548825 -0.415115 -0.415540
v -0.861155 -0.012048 -0.022498
v 0.363598 -0.505182 -0.489432
v 0.189133 -0.537915 -0.536858
v 0.768676 -0.181765 -0.165496
v 0.615802 -0.468770 -0.263189
v 0.452195 -0.619620 -0.348009
v 0.286996 -0.675649 -0.375574
v 0.096368 -0.697890 -0.384110
v -0.090605 -0.704973 -0.386779
v -0.269627 -0.680439 -0.383378
v -0.461115 -0.614994 -0.347385
v -0.635958 -0.519313 -0.283367
v -0.786709 -0.273316 -0.144093
v -0.862136 -0.017073 -0.020604
v -0.710802 -0.392699 -0.260692
v 0.373425 -0.613329 -0.410546
v 0.540617 -0.521533 -0.354938
v 0.196292 -0.650396 -0.438531
v -0.004279 -0.650968 -0.433721
v -0.184676 -0.650125 -0.442640
v -0.367876 -0.602036 -0.416142
v 0.835768 -0.020602 -0.045432
v -0.554368 -0.537151 -0.358221
v 0.703793 -0.321608 -0.217591
v 0.767480 -0.213529 -0.136378
v 0.623994 -0.521482 -0.188817
v 0.462862 -0.684410 -0.251329
v 0.284776 -0.744174 -0.262600
v 0.099037 -0.776741 -0.268980
v -0.090344 -0.777466 -0.271435
v -0.289216 -0.754324 -0.268535
v -0.472244 -0.690857 -0.251738
v -0.631281 -0.582124 -0.204562
v -0.783149 -0.307838 -0.099134
v -0.374423 -0.693193 -0.318875
v -0.182822 -0.738971 -0.332570
v 0.834382 -0.029052 -0.044531
v -0.554578 -0.610880 -0.277589
v 0.696352 -0.368091 -0.164621
v -0.710936 -0.454644 -0.195208
v 0.536531 -0.596085 -0.276453
v -0.861517 -0.021304 -0.018227
v 0.374283 -0.684788 -0.311946
v 0.191524 -0.731810 -0.324837
v 0.003031 -0.744429 -0.329663
v 0.767886 -0.245601 -0.103739
v 0.625386 -0.566416 -0.100356
v 0.458054 -0.741613 -0.138060
v 0.287342 -0.792644 -0.148623
v 0.108055 -0.816635 -0.147661
v -0.088123 -0.832608 -0.134949
v -0.285019 -0.800415 -0.131941
v -0.459980 -0.731274 -0.135390
v -0.620423 -0.614576 -0.111880
v -0.783138 -0.317482 -0.050775
v 0.374270 -0.750583 -0.203976
v 0.547278 -0.654217 -0.180974
v -0.862970 -0.028299 -0.018989
v 0.197429 -0.786880 -0.209179
v 0.007117 -0.806300 -0.207218
v -0.187806 -0.798394 -0.200894
v -0.384210 -0.752047 -0.200744
v 0.835149 -0.036097 -0.040708
v -0.544185 -0.667148 -0.184231
v 0.698077 -0.408136 -0.104260
v -0.705389 -0.492222 -0.124679
v 0.772561 -0.259295 -0.059856
v 0.632004 -0.567802 0.003142
v 0.457845 -0.743768 -0.001315
v 0.280905 -0.813490 -0.008147
v 0.108521 -0.853342 -0.011600
v -0.092350 -0.860927 -0.007159
v -0.291930 -0.821990 -0.002806
v -0.466815 -0.751044 -0.001480
v -0.629151 -0.624158 -0.000880
v -0.785075 -0.319743 -0.000025
v -0.378641 -0.781323 -0.068931
v -0.189227 -0.842304 -0.067259
v 0.836195 -0.044114 -0.035062
v -0.541309 -0.695728 -0.065603
v 0.701565 -0.429477 -0.032736
v -0.705591 -0.498909 -0.042816
v 0.546449 -0.680794 -0.061643
v -0.861793 -0.026826 -0.012614
v 0.365305 -0.784790 -0.075953
v 0.201671 -0.822307 -0.084791
v 0.011571 -0.849709 -0.077259
v 0.770914 -0.256916 -0.021837
v 0.635142 -0.550819 0.089286
v 0.472111 -0.728191 0.119996
v 0.292201 -0.800383 0.138889
v 0.099834 -0.833519 0.141324
v -0.100925 -0.832689 0.134981
v -0.293631 -0.801118 0.136791
v -0.470209 -0.737955 0.125810
v -0.630536 -0.622190 0.097077
v -0.784905 -0.322282 0.045092
v -0.863738 -0.034248 -0.012660
v 0.197191 -0.838741 0.069165
v 0.372838 -0.779297 0.064316
v 0.004416 -0.856122 0.062906
v -0.198271 -0.838978 0.064497
v -0.384719 -0.783698 0.066201
v 0.836620 -0.049869 -0.028638
v -0.550940 -0.699941 0.058458
v 0.705775 -0.419643 0.036476
v -0.710225 -0.506134 0.038189
v 0.554990 -0.670515 0.056457
v 0.766514 -0.245518 0.017190
v 0.629805 -0.516464 0.173714
v 0.469875 -0.686856 0.237219
v 0.298276 -0.738296 0.255980
v 0.104743 -0.761089 0.261567
v -0.096573 -0.777958 0.270676
v -0.288417 -0.762659 0.269356
v -0.471199 -0.704269 0.242766
v -0.625280 -0.581881 0.191317
v -0.778088 -0.294980 0.092426
v -0.551021 -0.677392 0.167632
v -0.384835 -0.757675 0.196975
v 0.702667 -0.395208 0.094005
v 0.833917 -0.051940 -0.020968
v -0.703775 -0.486850 0.109955
v 0.557902 -0.646249 0.161707
v -0.861588 -0.029402 -0.006385
v 0.384769 -0.746501 0.189478
v 0.204643 -0.790400 0.206113
v -0.002930 -0.804399 0.202035
v -0.193959 -0.805084 0.208016
v 0.766800 -0.233525 0.059869
v 0.620173 -0.465720 0.255865
v 0.463661 -0.619567 0.345595
v 0.289490 -0.672644 0.372432
v 0.099835 -0.693225 0.379824
v -0.093631 -0.691001 0.390321
v -0.291367 -0.673294 0.381337
v -0.468851 -0.640538 0.352256
v -0.628865 -0.535626 0.292160
v -0.783922 -0.270021 0.144552
v 0.005063 -0.733031 0.324262
v 0.201668 -0.719652 0.317038
v -0.192389 -0.735481 0.335450
v -0.382969 -0.702029 0.314674
v 0.832395 -0.052398 -0.012560
v -0.549765 -0.633799 0.278603
v 0.698361 -0.363184 0.155934
v -0.700738 -0.444151 0.189950
v 0.545504 -0.596420 0.263825
v -0.862002 -0.029742 -0.001821
v 0.382675 -0.687585 0.307010
v 0.766905 -0.208212 0.098393
v 0.623583 -0.393010 0.327285
v 0.468620 -0.523853 0.441280
v 0.285210 -0.573275 0.481606
v 0.090583 -0.599467 0.499331
v -0.099147 -0.591393 0.501574
v -0.291045 -0.570345 0.476846
v -0.476377 -0.547896 0.435141
v -0.644017 -0.464532 0.365371
v -0.792772 -0.236318 0.185775
v 0.697838 -0.317023 0.215247
v 0.833740 -0.052115 -0.004288
v -0.712224 -0.400755 0.265385
v -0.556424 -0.566078 0.372661
v 0.542979 -0.522241 0.357080
v -0.863144 -0.029260 0.002384
v 0.382562 -0.604638 0.416695
v 0.185882 -0.644431 0.436591
v 0.001342 -0.649258 0.444693
v -0.195188 -0.633711 0.443428
v -0.382562 -0.612427 0.412209
v 0.764375 -0.182182 0.128229
v 0.621798 -0.310240 0.377885
v 0.467074 -0.408897 0.513935
v 0.291062 -0.445317 0.566281
v 0.105420 -0.472300 0.592053
v -0.100447 -0.469767 0.593000
v -0.297508 -0.444490 0.562850
v -0.479288 -0.428805 0.511849
v -0.651726 -0.368773 0.423195
v -0.796335 -0.189187 0.213642
v 0.001000 -0.542961 0.552896
v 0.191888 -0.527622 0.541759
v -0.201439 -0.520522 0.542957
v -0.386676 -0.501475 0.499810
v 0.835429 -0.051075 0.004781
v -0.570255 -0.468635 0.443398
v 0.694456 -0.260661 0.257012
v -0.724328 -0.336260 0.316289
v 0.547456 -0.424036 0.432298
v -0.863410 -0.027285 0.006635
v 0.381408 -0.492180 0.508164
v 0.767879 -0.145568 0.161991
v 0.626566 -0.222714 0.428485
v 0.470113 -0.289702 0.569180
v 0.290224 -0.306047 0.620701
v 0.104361 -0.321235 0.654108
v -0.096704 -0.321526 0.644095
v -0.289735 -0.308058 0.605513
v -0.466119 -0.289255 0.564117
v -0.636937 -0.250258 0.477005
v -0.790277 -0.132067 0.242276
v -0.721083 -0.252139 0.362084
v -0.562559 -0.343225 0.506590
v 0.551273 -0.321307 0.490739
v 0.695404 -0.199572 0.295033
v -0.863237 -0.023910 0.010138
v 0.382480 -0.365977 0.572758
v 0.199628 -0.387869 0.614947
v 0.007431 -0.403209 0.629639
v -0.201974 -0.387447 0.606601
v -0.380004 -0.369522 0.565275
v 0.836635 -0.048558 0.012782
v 0.764549 -0.098567 0.185891
v 0.613833 -0.114074 0.459981
v 0.456336 -0.149010 0.613536
v 0.281798 -0.154370 0.660160
v 0.103085 -0.166240 0.687307
v -0.093835 -0.165478 0.678481
v -0.299159 -0.154074 0.643467
v -0.477086 -0.147249 0.599222
v -0.632941 -0.129595 0.507745
v -0.782731 -0.067945 0.261435
v -0.200787 -0.239707 0.645110
v 0.010526 -0.245188 0.676821
v -0.382250 -0.225504 0.608031
v 0.836369 -0.043338 0.020363
v -0.554743 -0.209728 0.548969
v 0.695342 -0.122716 0.327349
v -0.709470 -0.156570 0.401168
v 0.543032 -0.207293 0.541252
v -0.863105 -0.020122 0.013650
v 0.377915 -0.224604 0.621498
v 0.194634 -0.239177 0.660343
v 0.761805 -0.047624 0.202091
v 0.619867 0.003086 0.467513
v 0.465934 -0.003397 0.625725
v 0.275300 0.002061 0.677283
v 0.087838 -0.004024 0.697649
v -0.091850 -0.004803 0.680689
v -0.287949 0.003046 0.649976
v -0.481024 0.003001 0.616168
v -0.631266 0.004975 0.523395
v -0.775836 -0.000565 0.266559
v 0.538305 -0.071142 0.566324
v 0.687981 -0.037300 0.339228
v -0.862413 -0.016281 0.017241
v -0.700159 -0.050129 0.419442
v 0.371761 -0.076764 0.652460
v 0.181157 -0.080618 0.686589
v 0.005941 -0.090640 0.694232
v -0.194936 -0.078763 0.663614
v -0.389195 -0.072905 0.631375
v 0.836071 -0.034965 0.028819
v -0.562750 -0.068159 0.574742
v 0.767255 -0.000696 0.211915
v 0.632724 0.114707 0.458983
v 0.471783 0.145519 0.613467
v 0.289323 0.164434 0.665459
v 0.102820 0.169343 0.685328
v -0.094074 0.159319 0.680132
v -0.294037 0.148882 0.662189
v -0.477684 0.137455 0.618738
v -0.630282 0.117132 0.512648
v -0.783370 0.055321 0.258160
v -0.190093 0.081436 0.671144
v 0.000966 0.076812 0.691953
v -0.388575 0.071473 0.644134
v 0.836136 -0.026498 0.035903
v -0.561072 0.070292 0.583188
v 0.694883 0.045982 0.340085
v -0.700121 0.047758 0.418184
v 0.555941 0.069375 0.564657
v -0.863055 -0.011930 0.019183
v 0.378297 0.075637 0.653537
v 0.186884 0.089715 0.688928
v 0.766262 0.048700 0.213392
v 0.624342 0.209920 0.432116
v 0.459468 0.274597 0.574254
v 0.286550 0.305127 0.626408
v 0.102966 0.315552 0.651150
v -0.095221 0.303255 0.642639
v -0.290598 0.291263 0.619645
v -0.471994 0.278208 0.583261
v -0.631115 0.234428 0.486235
v -0.782866 0.117189 0.243702
v -0.862834 -0.007255 0.020107
v -0.704963 0.139155 0.400098
v 0.375838 0.224320 0.628327
v 0.552759 0.194398 0.540735
v 0.200168 0.245980 0.663482
v 0.006641 0.239789 0.670387
v -0.193483 0.227008 0.655253
v -0.386932 0.213594 0.631003
v 0.833850 -0.017738 0.041686
v -0.553758 0.196785 0.562781
v 0.700138 0.122181 0.328341
v 0.769376 0.096659 0.207123
v 0.621294 0.305032 0.394544
v 0.459779 0.402440 0.512535
v 0.293496 0.442476 0.560501
v 0.096186 0.451088 0.597500
v -0.108140 0.440250 0.596983
v -0.293867 0.433443 0.567547
v -0.474988 0.413543 0.533117
v -0.641015 0.344309 0.451844
v -0.788588 0.173293 0.225387
v -0.385625 0.359452 0.578118
v -0.199056 0.364083 0.610648
v 0.833636 -0.007820 0.045169
v -0.559068 0.322923 0.529564
v 0.698069 0.196189 0.306800
v -0.710923 0.234203 0.375629
v 0.539722 0.303218 0.499683
v -0.861821 -0.003141 0.021072
v 0.375396 0.358671 0.571581
v 0.198270 0.380525 0.617091
v -0.003161 0.380852 0.629481
v 0.768082 0.138007 0.184198
v 0.626246 0.398677 0.325988
v 0.463038 0.539578 0.436573
v 0.289076 0.583726 0.479142
v 0.096948 0.581615 0.506985
v -0.100684 0.570760 0.507857
v -0.275849 0.563891 0.489474
v -0.456206 0.543501 0.457807
v -0.632476 0.454084 0.384402
v -0.786787 0.224320 0.195575
v -0.863267 0.002694 0.027180
v 0.198879 0.518640 0.542661
v 0.378018 0.502223 0.498118
v -0.007881 0.513597 0.560265
v -0.196794 0.502948 0.546252
v -0.374379 0.498397 0.515923
v 0.835407 0.001482 0.045889
v -0.555758 0.450696 0.470827
v 0.700469 0.263773 0.266570
v -0.716341 0.319438 0.337149
v 0.543916 0.425879 0.436014
v 0.762497 0.176645 0.158382
v 0.621122 0.465046 0.253261
v 0.464209 0.623736 0.350323
v 0.290672 0.687949 0.384694
v 0.095770 0.692535 0.400027
v -0.104233 0.682842 0.408443
v -0.280230 0.660503 0.392432
v -0.458658 0.624080 0.360638
v -0.621757 0.531835 0.303318
v -0.775149 0.264965 0.153543
v 0.834089 0.008806 0.044578
v -0.544946 0.561586 0.387025
v -0.361842 0.601854 0.429423
v 0.694832 0.320124 0.209418
v -0.701091 0.394740 0.278320
v 0.547362 0.526633 0.355480
v -0.862041 0.006951 0.021285
v 0.376889 0.622641 0.418497
v 0.197212 0.646316 0.445816
v -0.006362 0.632308 0.459877
v -0.189636 0.624039 0.453175
v 0.770343 0.210329 0.136322
v 0.626871 0.519431 0.176866
v 0.462557 0.688746 0.240215
v 0.283966 0.753621 0.270255
v 0.099644 0.772082 0.281652
v -0.103564 0.781522 0.290489
v -0.295285 0.757506 0.277381
v -0.468275 0.681722 0.241279
v -0.630235 0.566069 0.197791
v -0.783180 0.289319 0.103531
v 0.196669 0.737918 0.337026
v 0.377015 0.698186 0.317949
v -0.003506 0.732325 0.346979
v -0.200777 0.733179 0.350973
v -0.374491 0.680374 0.318550
v 0.835817 0.017599 0.042793
v -0.549204 0.615279 0.282264
v 0.695422 0.367052 0.156264
v -0.698614 0.440678 0.202935
v 0.546907 0.592757 0.263974
v -0.862173 0.010511 0.019824
v 0.768903 0.233425 0.110625
v 0.625604 0.555048 0.101059
v 0.455643 0.733941 0.121391
v 0.272051 0.795607 0.140200
v 0.090441 0.827480 0.156501
v -0.099529 0.834939 0.156180
v -0.291709 0.808884 0.148273
v -0.475415 0.742063 0.131025
v -0.635926 0.612787 0.095988
v -0.787147 0.314059 0.047865
v -0.555416 0.659724 0.166917
v -0.385384 0.758620 0.200163
v 0.700667 0.402964 0.108318
v 0.837666 0.026412 0.040306
v -0.707616 0.477227 0.116433
v 0.547644 0.647588 0.164531
v -0.863025 0.013596 0.017658
v 0.368156 0.752199 0.195228
v 0.187593 0.790124 0.214841
v -0.000308 0.809811 0.222884
v -0.202513 0.809061 0.221427
v -0.794490 0.317505 -0.004242
v -0.380951 0.791015 0.083854
v 0.697314 0.417034 0.046090
v -0.717892 0.504521 0.031668
v -0.863424 0.016341 0.014457
v 0.358059 0.791190 0.063036
v 0.767079 0.244338 0.067196
v 0.622775 0.561432 0.003089
v 0.450800 0.752289 -0.005855
v 0.270426 0.833130 0.006204
v -0.278864 0.809866 0.019892
v -0.474365 0.755636 0.018475
v -0.648282 0.629543 0.001694
v 0.365950 0.795160 -0.065888
v -0.376093 0.779746 -0.052334
v 0.697693 0.415408 -0.029662
v -0.717157 0.496842 -0.039222
v -0.862651 0.018869 0.009982
v -0.006582 0.855808 0.091128
v 0.180750 0.837008 0.084165
v -0.188046 0.830851 0.086702
v 0.836022 0.031316 0.034291
v -0.565084 0.701913 0.064791
v 0.542277 0.673186 0.055541
v 0.275479 0.828695 -0.061883
v 0.082453 0.854480 -0.055968
v -0.106939 0.834238 -0.056384
v -0.283809 0.800387 -0.054831
v -0.469441 0.750540 -0.047789
v 0.767120 0.248431 0.043993
v -0.640969 0.623646 -0.043352
v 0.624537 0.561240 -0.044333
v -0.790789 0.312916 -0.026004
v 0.457121 0.749053 -0.064943
v 0.475902 0.717278 -0.174906
v 0.287701 0.783701 -0.197426
v 0.087006 0.808030 -0.204814
v -0.109967 0.794329 -0.199480
v -0.299517 0.769769 -0.197503
v -0.468715 0.727572 -0.186528
v 0.769482 0.251734 0.001127
v -0.627411 0.600804 -0.146702
v 0.634201 0.542690 -0.129311
v -0.785372 0.299951 -0.073041
v -0.290917 0.715177 -0.310256
v -0.464137 0.667378 -0.297104
v 0.771495 0.244837 -0.040026
v -0.624624 0.554367 -0.251159
v 0.627834 0.495591 -0.215043
v -0.782974 0.276996 -0.127977
v 0.470468 0.661012 -0.293989
v 0.296114 0.718874 -0.330587
v 0.104962 0.739422 -0.339767
v -0.094247 0.741794 -0.325001
v 0.288904 0.626474 -0.432085
v 0.098020 0.639019 -0.443918
v -0.088558 0.650988 -0.442340
v -0.276571 0.630785 -0.426072
v -0.468148 0.578060 -0.396472
v 0.771643 0.223751 -0.080139
v -0.630421 0.479289 -0.337931
v 0.622496 0.435895 -0.290391
v -0.779753 0.240389 -0.174155
v 0.462748 0.581867 -0.393416
v -0.466840 0.474227 -0.473556
v 0.764724 0.191904 -0.116669
v -0.632667 0.392048 -0.398335
v 0.624812 0.358402 -0.353523
v -0.781972 0.199036 -0.205453
v 0.470083 0.473576 -0.470149
v 0.287255 0.506029 -0.505299
v 0.092072 0.529570 -0.523112
v -0.092832 0.537435 -0.528630
v -0.273864 0.519524 -0.512423
v 0.295005 0.376481 -0.577217
v 0.101687 0.402097 -0.594574
v -0.097461 0.408359 -0.592426
v -0.280358 0.392132 -0.570578
v -0.460132 0.351712 -0.524950
v 0.761240 0.158473 -0.146903
v -0.629848 0.293592 -0.440664
v 0.623124 0.259731 -0.410062
v -0.783741 0.150038 -0.229059
v 0.472574 0.340263 -0.541711
v -0.470518 0.216086 -0.571887
v 0.770923 0.116690 -0.175633
v -0.638358 0.178457 -0.477132
v 0.631712 0.155516 -0.441497
v -0.788803 0.088105 -0.246059
v 0.469996 0.207971 -0.582403
v 0.288424 0.236896 -0.624619
v 0.096177 0.248857 -0.638520
v -0.094436 0.249861 -0.637467
v -0.282589 0.238595 -0.617543
v 0.093280 0.086988 -0.656519
v -0.095878 0.081191 -0.655207
v -0.284975 0.072143 -0.634748
v -0.470003 0.071241 -0.593708
v 0.772202 0.069469 -0.197329
v -0.628530 0.056870 -0.498216
v 0.631159 0.052020 -0.451227
v -0.780466 0.025118 -0.257562
v 0.465963 0.071443 -0.589526
v 0.284892 0.079501 -0.635800
v -0.624049 -0.064509 -0.495738
v 0.620944 -0.049229 -0.448594
v -0.777596 -0.036362 -0.253818
v 0.456726 -0.071552 -0.581932
v 0.282683 -0.080370 -0.627327
v 0.095801 -0.078941 -0.659148
v -0.098695 -0.079989 -0.659977
v -0.293003 -0.078596 -0.640238
v -0.471695 -0.072592 -0.595683
v 0.768064 0.023390 -0.205370
v -0.095003 -0.236754 -0.647945
v -0.290328 -0.230951 -0.621803
v -0.473145 -0.215555 -0.577585
v 0.768964 -0.033029 -0.208866
v -0.634927 -0.184369 -0.478931
v 0.628679 -0.168061 -0.433111
v -0.786278 -0.098713 -0.242746
v 0.457467 -0.219884 -0.570903
v 0.276318 -0.232588 -0.611033
v 0.097862 -0.234232 -0.644266
v 0.632547 -0.265569 -0.395318
v -0.785882 -0.153779 -0.229504
v 0.455842 -0.352857 -0.525653
v 0.269378 -0.382622 -0.579290
v 0.095082 -0.389532 -0.609756
v -0.095810 -0.390369 -0.605153
v -0.284118 -0.373819 -0.579345
v -0.461686 -0.344520 -0.536488
v 0.769938 -0.079399 -0.205894
v -0.632122 -0.291256 -0.447243
v -0.101896 -0.530546 -0.531479
v -0.284899 -0.506684 -0.519614
v -0.461888 -0.466730 -0.469993
v 0.774952 -0.117175 -0.194349
v -0.630839 -0.394263 -0.389390
v 0.632785 -0.342802 -0.347178
v -0.784692 -0.205115 -0.202976
v 0.456434 -0.468678 -0.458974
v 0.276793 -0.527598 -0.518237
v 0.093385 -0.538567 -0.536981
v -0.785787 -0.252320 -0.165958
v 0.456904 -0.578547 -0.389871
v 0.288010 -0.637280 -0.428233
v 0.096035 -0.652105 -0.436873
v -0.096521 -0.653653 -0.438647
v -0.274646 -0.630481 -0.434912
v -0.463315 -0.572900 -0.389697
v 0.772920 -0.162364 -0.176906
v -0.635481 -0.483435 -0.320510
v 0.624759 -0.432762 -0.295066
v -0.278559 -0.721492 -0.328768
v -0.467258 -0.655919 -0.301768
v 0.767308 -0.197950 -0.151508
v -0.635008 -0.553243 -0.244966
v 0.617895 -0.496616 -0.227586
v -0.785231 -0.292852 -0.121850
v 0.456633 -0.652978 -0.301480
v 0.285148 -0.711471 -0.319324
v 0.096915 -0.741422 -0.327740
v -0.089529 -0.744996 -0.331969
v 0.462276 -0.717324 -0.197895
v 0.286793 -0.771633 -0.207311
v 0.103486 -0.798914 -0.209207
v -0.089362 -0.806724 -0.203614
v -0.288869 -0.780052 -0.200901
v -0.466839 -0.714771 -0.196422
v 0.767308 -0.230540 -0.121201
v -0.624559 -0.602380 -0.160913
v 0.625490 -0.547248 -0.147019
v -0.782639 -0.315259 -0.075529
v -0.287083 -0.815981 -0.067270
v -0.461520 -0.744377 -0.069149
v 0.770291 -0.255021 -0.082193
v -0.623545 -0.620682 -0.056681
v 0.628089 -0.571669 -0.048219
v -0.783973 -0.318017 -0.025110
v 0.455651 -0.747967 -0.070098
v 0.283504 -0.806492 -0.081666
v 0.110140 -0.837784 -0.082739
v -0.088985 -0.852807 -0.071174
v 0.285021 -0.813104 0.067795
v 0.103471 -0.852420 0.066330
v -0.097466 -0.852232 0.062689
v -0.294381 -0.814871 0.066116
v -0.469422 -0.747985 0.063774
v 0.772618 -0.259760 -0.040140
v -0.631515 -0.626791 0.050016
v 0.634543 -0.560991 0.047960
v -0.785944 -0.323362 0.023032
v 0.465203 -0.737853 0.061168
v -0.471134 -0.723998 0.184923
v 0.768441 -0.251420 -0.002906
v -0.627709 -0.604963 0.143110
v 0.633683 -0.535763 0.131275
v -0.781067 -0.310680 0.067937
v 0.473153 -0.711062 0.179028
v 0.297295 -0.772345 0.199788
v 0.101596 -0.799479 0.204613
v -0.099904 -0.808735 0.204869
v -0.290560 -0.786356 0.205191
v 0.104348 -0.727483 0.319554
v -0.093974 -0.737430 0.331993
v -0.289680 -0.722475 0.328108
v -0.469549 -0.676364 0.300037
v 0.766241 -0.240528 0.038408
v -0.625373 -0.560032 0.243088
v 0.623970 -0.493586 0.215438
v -0.779622 -0.282133 0.118721
v 0.465582 -0.656576 0.292750
v 0.294719 -0.706982 0.313837
v 0.767334 -0.221819 0.080348
v -0.635784 -0.503581 0.332342
v 0.621467 -0.431649 0.294082
v -0.788577 -0.254911 0.167220
v 0.466025 -0.575106 0.395723
v 0.285829 -0.627885 0.429112
v 0.092977 -0.650864 0.441250
v -0.096046 -0.642811 0.447093
v -0.290684 -0.623539 0.429825
v -0.471636 -0.597598 0.395734
v 0.097465 -0.539723 0.549718
v -0.100704 -0.534177 0.551790
v -0.295259 -0.509721 0.523896
v -0.480246 -0.491628 0.475119
v 0.765201 -0.195577 0.113423
v -0.650652 -0.419932 0.394760
v 0.622415 -0.352004 0.353739
v -0.795698 -0.214232 0.200254
v 0.467742 -0.467301 0.480519
v 0.287894 -0.511445 0.527860
v -0.645093 -0.310679 0.451892
v 0.625187 -0.268232 0.403868
v -0.794018 -0.161601 0.228208
v 0.469848 -0.351005 0.542792
v 0.291839 -0.377121 0.596265
v 0.106195 -0.398380 0.626848
v -0.098762 -0.397884 0.621950
v -0.293007 -0.377894 0.587072
v -0.471788 -0.360131 0.540934
v 0.766099 -0.165502 0.145281
v -0.095181 -0.243862 0.664567
v -0.294812 -0.232830 0.626898
v -0.469831 -0.219165 0.583844
v 0.767067 -0.123057 0.175365
v -0.633503 -0.191335 0.494886
v 0.620558 -0.170696 0.447509
v -0.786696 -0.100946 0.253564
v 0.462897 -0.221262 0.594121
v 0.286823 -0.231197 0.642374
v 0.105084 -0.243883 0.673932
v 0.613936 -0.055641 0.466111
v -0.777990 -0.033357 0.265765
v 0.458729 -0.076783 0.623489
v 0.276227 -0.077198 0.672161
v 0.094033 -0.087120 0.695203
v -0.092351 -0.086127 0.681399
v -0.293997 -0.074596 0.647756
v -0.480641 -0.071385 0.609292
v 0.762135 -0.072883 0.194706
v -0.632169 -0.061534 0.518044
v -0.093106 0.078533 0.682978
v -0.290108 0.077113 0.659187
v -0.480146 0.071016 0.621090
v 0.764552 -0.023991 0.207996
v -0.630819 0.062547 0.521171
v 0.627997 0.060670 0.465527
v -0.779202 0.027760 0.263605
v 0.471447 0.072201 0.622627
v 0.282370 0.084398 0.674900
v 0.093583 0.083867 0.694435
v -0.783448 0.085874 0.251346
v 0.465895 0.212278 0.597155
v 0.288629 0.237125 0.649441
v 0.105532 0.245607 0.670424
v -0.093387 0.233449 0.664186
v -0.292501 0.220088 0.645859
v -0.473693 0.207503 0.604511
v 0.767056 0.023694 0.213488
v -0.629515 0.175508 0.500144
v 0.630047 0.163597 0.446973
v -0.293440 0.362516 0.594841
v -0.474906 0.346070 0.560271
v 0.767485 0.073356 0.211962
v -0.636673 0.289819 0.471947
v 0.621023 0.256760 0.416250
v -0.785332 0.146205 0.235437
v 0.458033 0.336400 0.545736
v 0.289850 0.372659 0.596176
v 0.098925 0.383661 0.628137
v -0.102569 0.372003 0.622949
v 0.291905 0.515117 0.521291
v 0.096302 0.517709 0.555935
v -0.105342 0.507378 0.556428
v -0.285311 0.502476 0.531912
v -0.465991 0.482119 0.498561
v 0.769881 0.117954 0.197161
v -0.639011 0.400488 0.421175
v 0.624435 0.354023 0.362795
v -0.789678 0.199499 0.212126
v 0.461659 0.474238 0.475674
v -0.454644 0.589741 0.412379
v 0.764274 0.157660 0.170916
v -0.625179 0.499392 0.346254
v 0.623598 0.434680 0.289770
v -0.779847 0.246707 0.175813
v 0.463888 0.587238 0.395824
v 0.289576 0.641336 0.434019
v 0.095971 0.640536 0.454917
v -0.101361 0.628400 0.459140
v -0.274603 0.613885 0.442953
v 0.288748 0.725118 0.330005
v 0.098360 0.736226 0.341954
v -0.104813 0.735850 0.352309
v -0.288650 0.710986 0.337369
v -0.463575 0.652623 0.301750
v 0.765930 0.194419 0.147024
v -0.625100 0.550260 0.252209
v 0.623375 0.493518 0.214892
v -0.777992 0.277829 0.129421
v 0.463916 0.657737 0.297449
v -0.472442 0.714645 0.184736
v 0.770667 0.223447 0.125148
v -0.632447 0.589404 0.145645
v 0.627359 0.540838 0.140659
v -0.785263 0.302737 0.075956
v 0.459735 0.714391 0.181922
v 0.277657 0.775122 0.206355
v 0.095830 0.801473 0.220032
v -0.101828 0.813959 0.224059
v -0.296349 0.790543 0.213001
v 0.087456 0.851036 0.090028
v -0.097147 0.846901 0.089078
v -0.283446 0.814009 0.085923
v -0.476392 0.754643 0.077069
v 0.767638 0.239803 0.090432
v -0.644080 0.626510 0.047950
v 0.623538 0.560569 0.053549
v -0.791769 0.318618 0.020554
v 0.451344 0.746928 0.057537
v 0.269309 0.818558 0.073492
v 1.856773 1.060459 0.012654
v 1.844314 0.914877 -0.266673
v 1.797141 0.919792 -0.483584
v 1.785869 1.005802 -0.522075
v 1.788485 0.851968 -0.648862
v 1.882927 0.580680 -0.784391
v 1.690629 0.466571 -0.919708
v 1.816711 0.239248 -1.095343
v 1.897117 -0.013311 -1.105040
v 1.842992 -0.222552 -1.072289
v 1.817890 -0.572369 -1.039974
v 1.804367 -0.637429 -0.936200
v 1.822807 -0.766810 -0.763950
v 1.828275 -0.909270 -0.615331
v 1.776252 -0.989353 -0.405701
v 1.705100 -1.156010 -0.221538
v 1.738239 -1.215304 -0.033086
v 1.832252 -1.131531 0.088214
v 1.866213 -0.979766 0.554691
v 1.854613 -1.021839 0.710877
v 1.903077 -0.714171 0.699631
v 1.741938 -0.559189 1.005067
v 1.842173 -0.417761 1.053389
v 1.789714 -0.258524 1.000640
v 1.855322 -0.125112 0.963504
v 1.889333 0.172340 1.032659
v 1.890005 0.421519 1.036458
v 1.925428 0.577024 1.019353
v 1.917679 0.748574 0.805284
v 1.839481 0.853534 0.523897
v 1.820159 0.981491 0.402515
v 1.832633 0.987101 0.299876
v -1.766691 1.071674 -0.236011
v -1.784314 0.710097 -0.484991
v -1.895865 0.592952 -0.754395
v -1.851780 0.925712 -0.570544
v -1.890285 0.713691 -0.718679
v -1.768811 0.377809 -0.819488
v -1.932096 0.241930 -0.932684
v -1.843809 0.009084 -1.034546
v -1.719581 -0.246469 -1.075035
v -1.837062 -0.471273 -1.007331
v -1.869963 -0.826834 -0.932219
v -1.844604 -0.842636 -0.781511
v -1.840674 -0.911365 -0.610379
v -1.868318 -1.054779 -0.474962
v -1.891824 -0.959872 -0.158934
v -2.052110 -1.252393 -0.016083
v -1.996141 -1.276780 0.180935
v -1.814163 -1.074299 0.344556
v -1.765662 -0.903749 0.690234
v -1.768635 -0.860977 0.866037
v -1.847812 -0.547266 0.884009
v -1.978777 -0.342173 1.129025
v -1.834012 -0.188188 1.087284
v -1.871577 -0.072644 0.968977
v -1.805942 0.016474 0.870944
v -1.790095 0.361039 0.963455
v -1.828577 0.608868 0.885027
v -1.646423 0.662768 0.918445
v -1.736949 0.858001 0.627690
v -1.825013 0.968936 0.329523
v -1.834190 1.021665 0.212221
v -1.839248 0.971266 0.081586
v 1.203939 0.510578 -0.277936
v 1.194359 0.466978 -0.248543
v 1.205678 -0.225506 0.488670
v 1.162427 -0.287518 0.476763
v 1.042357 0.264531 -0.396317
v 1.239786 0.308601 -0.387679
v 1.115092 -0.530545 0.334088
v 1.174790 -0.507846 0.216706
v 1.226931 0.442750 0.257189
v 1.247356 0.400888 0.387656
v 1.170571 -0.650192 -0.032007
v 1.150689 -0.619327 -0.118633
v 1.201850 -0.330837 -0.471874
v 1.203204 -0.296093 -0.533544
v 1.187339 0.443121 -0.337062
v 1.237946 -0.026582 -0.562612
v 1.140839 0.093107 -0.519594
v 1.222769 -0.069158 0.463259
v 1.185368 -0.134480 0.487718
v 1.168783 -0.396258 0.326111
v 1.198456 -0.463349 -0.327427
v 1.184767 -0.392623 -0.383793
v 1.223504 0.499260 -0.134865
v 1.212695 0.562500 -0.016126
v 1.217147 -0.147977 -0.558074
v 1.236167 0.192854 0.500781
v 1.231597 0.073074 0.492791
v 1.215769 -0.613894 0.081108
v 1.188464 -0.521379 -0.211092
v 1.148169 0.493631 0.159092
v 1.166234 0.497641 0.121390
v 1.261306 0.287408 0.498061
v -1.275187 -0.514503 0.470019
v -1.273822 -0.611439 0.360923
v -1.343102 0.544893 -0.232020
v -1.327274 0.601140 0.057266
v -1.355742 0.437445 0.630914
v -1.103951 0.352566 0.585186
v -1.374438 -0.680847 -0.287763
v -1.332611 -0.594468 -0.077709
v -1.287072 -0.488691 -0.449996
v -1.320011 -0.442966 -0.527169
v -1.315414 0.229970 -0.411519
v -1.332992 0.496617 -0.363277
v -1.250860 -0.135884 -0.589876
v -1.308867 -0.014400 -0.574615
v -1.319958 0.045344 0.535221
v -1.400605 -0.071545 0.576141
v -1.432055 -0.835663 0.007933
v -1.321982 -0.811973 0.092898
v -1.348699 -0.216763 0.663223
v -1.301800 -0.369597 0.543578
v -1.295858 -0.229953 -0.576645
v -1.372722 0.560084 0.234526
v -1.240332 0.510536 0.384367
v -1.319764 -0.547286 -0.361712
v -1.315729 0.529163 0.083382
v -1.260692 0.206912 -0.437278
v -1.330426 0.396346 -0.411108
v -1.248813 0.200333 0.577225
v -1.292594 -0.129910 0.614326
v -1.299828 -0.661877 0.169193
v -1.263130 0.458937 -0.247532
v -1.349093 0.098056 -0.498884
v 1.856988 0.994520 -0.128272
v 1.819262 0.890509 -0.395879
v 1.790475 0.976398 -0.508879
v 1.774092 0.960836 -0.574319
v 1.849434 0.708905 -0.718787
v 1.818045 0.506451 -0.851355
v 1.753670 0.352909 -1.007525
v 1.871191 0.102672 -1.104830
v 1.877670 -0.103286 -1.090668
v 1.825266 -0.409276 -1.059235
v 1.808988 -0.626351 -1.000305
v 1.810996 -0.687159 -0.850577
v 1.830923 -0.847405 -0.692232
v 1.809752 -0.945301 -0.513667
v 1.734074 -1.070286 -0.311754
v 1.708653 -1.207045 -0.123681
v 1.781975 -1.184171 0.034747
v 1.849233 -1.055648 0.321452
v 1.860413 -1.000803 0.632784
v 1.878845 -0.868005 0.705254
v 1.791243 -0.634324 0.875593
v 1.787833 -0.490459 1.055915
v 1.823343 -0.334159 1.031345
v 1.810126 -0.202763 0.970108
v 1.882068 0.011582 0.995891
v 1.887450 0.312590 1.039934
v 1.906323 0.501890 1.040944
v 1.932503 0.665775 0.936490
v 1.878785 0.805485 0.653974
v 1.822392 0.913161 0.446744
v 1.826396 0.984296 0.351195
v 1.847130 1.048864 0.155699
v 1.001105 0.297421 -0.136387
v 1.472833 0.687320 -0.364656
v 0.996548 -0.153495 0.254625
v 1.428403 -0.419651 0.730338
v 0.939145 0.162436 -0.216677
v 1.539134 0.443659 -0.579428
v 0.972904 -0.317642 0.164426
v 1.520502 -0.743806 0.385698
v 1.009386 0.239716 0.163494
v 1.558354 0.574151 0.588965
v 0.982214 -0.370760 -0.044915
v 1.405483 -0.886667 -0.170255
v 0.997058 -0.170101 -0.274776
v 1.487436 -0.432029 -0.782769
v 1.464245 0.645317 -0.490414
v 1.011691 0.002649 -0.313063
v 1.478775 0.166177 -0.807468
v 1.006732 -0.057148 0.254812
v 1.463604 -0.195233 0.735172
v 1.535930 -0.555214 0.512871
v 0.991179 -0.252110 -0.202271
v 1.476441 -0.575027 -0.569436
v 1.007184 0.293706 -0.050843
v 1.509694 0.809977 -0.005844
v 1.507288 -0.189640 -0.812190
v 1.010330 0.084872 0.282944
v 1.535967 0.118867 0.751596
v 1.025902 -0.357275 0.022580
v 1.460426 -0.752027 -0.307234
v 0.994897 0.278558 0.114947
v 1.499434 0.742371 0.210633
v 1.571128 0.427451 0.750924
v -1.775503 0.890885 -0.360501
v -1.840090 0.722606 -0.625862
v -1.873823 0.663247 -0.630692
v -1.896385 0.858119 -0.670184
v -1.813483 0.533202 -0.767735
v -1.842569 0.299340 -0.875413
v -1.923110 0.141532 -0.987259
v -1.756766 -0.127385 -1.068151
v -1.765716 -0.343140 -1.047684
v -1.869938 -0.665784 -0.973760
v -1.857748 -0.861923 -0.865550
v -1.838168 -0.859081 -0.693230
v -1.852039 -0.979710 -0.539111
v -1.880071 -1.007325 -0.316948
v -1.971967 -1.106132 -0.087508
v -2.024126 -1.264586 0.082426
v -1.892849 -1.177911 0.241596
v -1.776769 -0.969936 0.512574
v -1.762671 -0.896455 0.814003
v -1.791400 -0.720527 0.859264
v -1.937070 -0.425875 1.007731
v -1.912095 -0.264257 1.141449
v -1.841243 -0.119374 1.029986
v -1.849593 -0.048849 0.900353
v -1.786268 0.174890 0.914714
v -1.806462 0.501667 0.946437
v -1.737500 0.635818 0.901736
v -1.689700 0.768299 0.778440
v -1.787861 0.921338 0.465267
v -1.834574 1.009350 0.253810
v -1.841076 0.992899 0.165668
v -1.811219 1.003808 -0.060097
v -1.063141 -0.305085 0.265219
v -1.512176 -0.779113 0.524368
v -1.101859 0.321489 -0.124914
v -1.578576 0.798921 0.072225
v -1.107935 0.242328 0.349997
v -1.375187 0.507667 0.751815
v -1.115099 -0.389155 -0.157674
v -1.612218 -0.777170 -0.118322
v -1.061294 -0.287907 -0.259908
v -1.586923 -0.634676 -0.734562
v -1.087595 0.119589 -0.200411
v -1.592386 0.673347 -0.427172
v -1.049867 -0.079663 -0.337033
v -1.568182 -0.005790 -0.807545
v -1.090043 0.035541 0.317519
v -1.642333 -0.078281 0.782207
v -1.146547 -0.470697 0.004003
v -1.659061 -1.044377 0.136916
v -1.093632 -0.134668 0.378951
v -1.564535 -0.470670 0.726619
v -1.556681 -0.345304 -0.798819
v -1.123270 0.329694 0.144752
v -1.477662 0.692010 0.514765
v -1.574413 -0.738177 -0.492681
v -1.568521 0.770006 0.141535
v -1.051085 0.119480 -0.254700
v -1.601592 0.557986 -0.568231
v -1.505027 0.281493 0.781487
v -1.552770 -0.163613 0.856768
v -1.550022 -0.882302 0.253533
v -1.523722 0.584517 -0.366261
v -1.631510 0.164413 -0.714102
v 1.474566 0.752728 -0.399156
v 0.992277 0.275998 -0.115524
v 1.498744 -0.320700 0.757615
v 0.975717 -0.187241 0.246051
v 1.366493 0.365551 -0.658012
v 1.014512 0.192331 -0.202929
v 1.484852 -0.776192 0.522482
v 1.002154 -0.306796 0.100925
v 1.512730 0.644816 0.385926
v 1.016905 0.212467 0.229147
v 1.432372 -0.931575 -0.035697
v 0.970600 -0.349741 -0.092093
v 1.480847 -0.481255 -0.698850
v 0.996008 -0.144968 -0.308403
v 0.989324 0.261712 -0.171843
v 1.543686 -0.022846 -0.828742
v 0.989393 0.073121 -0.289364
v 1.515913 -0.098021 0.703180
v 0.986918 -0.098624 0.264644
v 1.001501 -0.246722 0.171330
v 1.488527 -0.680330 -0.471329
v 0.984246 -0.209558 -0.228371
v 1.512197 0.707543 -0.199614
v 0.999163 0.319622 0.012552
v 1.002943 -0.068189 -0.318938
v 1.539759 0.300753 0.758994
v 1.008884 0.019013 0.274368
v 1.524011 -0.872713 0.084661
v 0.989610 -0.292468 -0.140278
v 1.484164 0.737561 0.280803
v 1.001628 0.284905 0.090732
v 1.025612 0.141824 0.283739
v 1.199167 -0.488999 -0.273106
v 1.212812 0.469107 0.210933
v 1.250250 0.238036 0.507301
v 1.204791 -0.636581 0.018973
v 1.231510 -0.083180 -0.563327
v 1.232182 -0.003891 0.475190
v 1.209352 0.547108 0.053978
v 1.189878 0.493891 -0.303799
v 1.148183 0.180740 -0.479925
v 1.201304 -0.465403 0.342641
v 1.191984 -0.355736 -0.425307
v 1.258378 0.348438 0.453975
v 1.205996 0.506128 0.152857
v 1.167807 -0.570914 -0.160694
v 1.197708 -0.179423 0.489956
v 1.235759 -0.564358 0.155292
v 1.230724 0.139421 0.498548
v 1.208216 0.470524 -0.198852
v 1.207007 -0.229235 -0.548969
v 1.220980 0.539010 -0.076155
v 1.189850 -0.430678 -0.357929
v 1.179509 -0.335584 0.420492
v 1.199540 -0.105300 0.472899
v 1.220941 0.035159 -0.552217
v 1.220088 0.372303 -0.364958
v 1.203945 -0.321257 -0.508509
v 1.150799 -0.646067 -0.077005
v 1.236526 0.426515 0.317983
v 1.200587 -0.525452 0.291546
v 1.191610 0.274740 -0.405597
v 1.182032 -0.256554 0.491895
v 1.199592 0.490964 -0.267492
v -1.513944 -0.696121 0.669605
v -1.060631 -0.372042 0.201541
v -1.554897 0.808283 -0.234016
v -1.091654 0.360892 0.033013
v -1.592160 0.523156 0.757970
v -0.982944 0.209748 0.321730
v -1.621378 -0.867813 -0.381363
v -1.095782 -0.347329 -0.044226
v -1.553625 -0.671164 -0.621380
v -1.079840 -0.251993 -0.303757
v -1.605639 0.373307 -0.606083
v -1.097963 0.296291 -0.223087
v -1.477571 -0.191366 -0.834843
v -1.076547 -0.012584 -0.331825
v -1.559978 0.036516 0.714585
v -1.137969 -0.044225 0.338020
v -1.742083 -1.044028 -0.004075
v -1.090364 -0.457701 0.052359
v -1.649922 -0.283961 0.907960
v -1.073193 -0.227691 0.317885
v -1.067571 -0.132447 -0.331562
v -1.604244 0.770485 0.291781
v -1.039526 0.303416 0.224884
v -1.084573 -0.326972 -0.208579
v -1.084458 0.306503 0.046196
v -1.504468 0.292831 -0.626407
v -1.088561 0.224660 -0.242973
v -1.040577 0.116474 0.335766
v -1.067484 -0.080922 0.352083
v -1.072861 -0.394128 0.096041
v -1.061633 0.275461 -0.139715
v -1.097091 0.050308 -0.289418
v -1.312309 -0.164771 0.651710
v -1.300502 0.144572 -0.462778
v -1.307234 0.499427 -0.226693
v -1.354566 0.538526 0.145053
v -1.265906 -0.172123 -0.586563
v -1.323084 -0.713118 0.118024
v -1.346124 0.467904 -0.395783
v -1.281904 -0.446345 0.499918
v -1.182777 0.440629 0.468107
v -1.346425 0.046380 -0.540794
v -1.265597 0.117732 0.552035
v -1.391680 -0.684366 -0.038092
v -1.295837 -0.509649 -0.406184
v -1.306147 0.384516 -0.351614
v -1.282492 -0.635164 0.261850
v -1.345546 -0.103940 0.592712
v -1.285174 0.299689 0.589046
v -1.284610 0.299860 -0.422778
v -1.312049 0.564125 0.076883
v -1.345674 -0.597294 -0.319288
v -1.319933 0.552316 0.312096
v -1.317424 -0.339756 -0.556473
v -1.336736 -0.288805 0.613367
v -1.395071 -0.785142 0.048685
v -1.382038 -0.020079 0.549841
v -1.269376 -0.080703 -0.588749
v -1.336255 0.332833 -0.327844
v -1.302264 -0.481566 -0.490997
v -1.357744 -0.614163 -0.178658
v -1.249130 0.381516 0.573232
v -1.334940 0.593275 -0.046448
v -1.272302 -0.571127 0.429072
v 1.473577 0.726918 -0.387259
v 1.460436 -0.370971 0.761086
v 1.482311 0.390831 -0.619977
v 1.508242 -0.760625 0.455705
v 1.535267 0.614531 0.480053
v 1.406869 -0.925537 -0.102678
v 1.484273 -0.470693 -0.749729
v 1.511774 0.539022 -0.537530
v 1.523561 0.066235 -0.822453
v 1.481622 -0.153487 0.712513
v 1.462714 -0.482551 0.640101
v 1.483459 -0.633293 -0.523053
v 1.515564 0.767171 -0.103674
v 1.493070 -0.320537 -0.800868
v 1.491463 0.677870 -0.295492
v 1.534838 0.220602 0.758636
v 1.526304 -0.808608 0.235818
v 1.485683 -0.255890 0.749338
v 1.429060 -0.818756 -0.235077
v 1.496678 0.741015 0.246980
v 1.571898 0.504898 0.687401
v 1.476616 -0.517968 -0.632576
v 1.516328 -0.665903 0.518931
v 1.428292 0.266056 -0.734937
v 1.460057 0.723703 -0.437684
v 1.505458 0.794958 0.100181
v 1.533279 0.001502 0.724525
v 1.531343 -0.097470 -0.823257
v 1.475144 -0.909635 0.025905
v 1.555964 0.363679 0.765636
v 1.497992 0.687068 0.324068
v 1.481490 -0.712172 -0.393176
v -1.509687 -0.748887 0.620879
v -1.572292 0.807123 -0.054395
v -1.485601 0.514063 0.751411
v -1.617220 -0.820142 -0.249434
v -1.569615 -0.674779 -0.683050
v -1.600218 0.415955 -0.469108
v -1.505526 -0.105971 -0.831050
v -1.620474 -0.034124 0.736368
v -1.702377 -1.040335 0.066248
v -1.624786 -0.366635 0.824627
v -1.585083 -0.498994 -0.771420
v -1.552998 0.746101 0.399657
v -1.596883 -0.798609 -0.434826
v -1.568766 0.782274 0.118965
v -1.538984 0.419136 -0.595765
v -1.536643 0.404845 0.780988
v -1.592195 -0.118684 0.818430
v -1.522813 -0.821899 0.384755
v -1.566368 0.550707 -0.491620
v -1.556918 -0.691614 -0.556151
v -1.678085 -0.907529 -0.061519
v -1.514776 0.149839 0.744161
v -1.626147 0.088954 -0.765014
v -1.420700 0.608227 0.631897
v -1.527854 -0.592972 0.686920
v -1.615173 0.664852 -0.537921
v -1.599319 -0.957857 0.177376
v -1.506813 -0.254505 -0.821768
v -1.595491 0.771726 0.200134
v -1.539721 0.696151 -0.298830
v -1.561757 0.218878 -0.666289
v -1.597904 -0.217519 0.904785
v 0.993409 -0.270443 -0.173622
v 1.004843 0.257017 0.138160
v 1.018945 0.111537 0.287571
v 1.002906 -0.366354 -0.013336
v 1.009168 -0.031181 -0.318073
v 1.010571 -0.021778 0.262737
v 1.000118 0.308552 0.050150
v 0.992794 0.288226 -0.152077
v 0.969928 0.118136 -0.255197
v 0.993139 -0.282477 0.169114
v 0.990263 -0.187133 -0.249726
v 1.023335 0.179666 0.262047
v 1.003142 0.282682 0.104177
v 0.979487 -0.321918 -0.113743
v 0.992541 -0.126397 0.260529
v 1.018076 -0.332432 0.062363
v 1.007442 0.054874 0.279821
v 0.999223 0.278966 -0.086552
v 0.997830 -0.110460 -0.316048
v 1.004463 0.311463 -0.019213
v 0.986002 -0.231885 -0.216657
v 0.984801 -0.213652 0.216061
v 0.994828 -0.079120 0.259074
v 1.005425 0.037714 -0.303279
v 1.005026 0.225440 -0.189299
v 0.997593 -0.160737 -0.294820
v 0.970920 -0.366098 -0.070370
v 1.012413 0.228958 0.194593
v 0.993093 -0.312965 0.134239
v 0.990280 0.172885 -0.212165
v 0.985282 -0.170685 0.254316
v 0.997130 0.287704 -0.128363
v -1.074387 -0.102007 0.371281
v -1.071849 0.080542 -0.268647
v -1.082157 0.298226 -0.131006
v -1.110585 0.312721 0.087648
v -1.055031 -0.100174 -0.335862
v -1.082502 -0.419353 0.067021
v -1.098945 0.264831 -0.233759
v -1.065289 -0.267959 0.288522
v -1.006367 0.261325 0.269306
v -1.095426 0.020477 -0.313328
v -1.053631 0.073880 0.323947
v -1.122099 -0.405943 -0.020432
v -1.068415 -0.303545 -0.234737
v -1.076301 0.231167 -0.198637
v -1.064875 -0.383945 0.147156
v -1.102856 -0.065768 0.343436
v -1.063521 0.173551 0.342968
v -1.063770 0.171877 -0.248113
v -1.081350 0.333457 0.042533
v -1.100268 -0.355518 -0.182621
v -1.089846 0.327636 0.187961
v -1.078376 -0.193139 -0.320530
v -1.089074 -0.180003 0.355187
v -1.120261 -0.460331 0.028008
v -1.128096 -0.007164 0.325773
v -1.058381 -0.048987 -0.337808
v -1.093984 0.176540 -0.180841
v -1.069529 -0.278241 -0.283086
v -1.105862 -0.365893 -0.100542
v -1.047368 0.224689 0.332382
v -1.098323 0.353392 -0.027938
v -1.060942 -0.343081 0.239476
v 0.844257 0.028157 0.029756
v 0.843189 0.032377 0.025125
v -0.870010 0.014770 0.009197
v 0.843508 0.036090 0.015581
v -0.870064 0.015847 0.006690
v 0.845292 0.039005 0.007424
v -0.867879 0.020500 0.005922
v 0.845865 0.038975 0.003604
v -0.870812 0.013590 -0.000989
v 0.842543 0.035489 -0.004855
v -0.871219 0.010667 -0.005638
v 0.842953 0.024514 -0.016788
v -0.870123 0.010754 -0.007381
v 0.845530 0.026419 -0.021301
v -0.870596 0.007790 -0.010914
v 0.842498 0.018402 -0.029320
v -0.868227 -0.000800 -0.014114
v 0.843075 0.010594 -0.036239
v -0.871958 -0.000207 -0.015162
v 0.843978 0.003679 -0.040234
v -0.869835 -0.003592 -0.016785
v 0.844851 -0.001394 -0.042725
v -0.868734 -0.008131 -0.017903
v 0.845702 -0.013528 -0.040749
v -0.870703 -0.010884 -0.018654
v 0.843078 -0.021437 -0.041972
v -0.870630 -0.014094 -0.018602
v 0.843380 -0.029193 -0.038848
v -0.869111 -0.017923 -0.015153
v 0.843567 -0.037185 -0.032848
v -0.869574 -0.019863 -0.011892
v 0.845427 -0.043769 -0.035326
v -0.868998 -0.023420 -0.006211
v 0.844029 -0.046465 -0.028342
v -0.870293 -0.024254 -0.009466
v 0.840064 -0.046970 -0.015689
v -0.870410 -0.025006 -0.004573
v 0.841241 -0.046782 -0.007327
v -0.871189 -0.025186 -0.000886
v 0.842698 -0.050702 -0.006217
v -0.872748 -0.026557 0.000194
v 0.844886 -0.046326 0.006120
v -0.871455 -0.024055 0.004070
v 0.844849 -0.047575 0.010373
v -0.872159 -0.019552 0.006863
v 0.844473 -0.038526 0.019609
v -0.869823 -0.022523 0.010662
v 0.844022 -0.032573 0.026405
v -0.868551 -0.019599 0.012714
v 0.842962 -0.020130 0.032991
v -0.870185 -0.004052 0.014160
v 0.841059 -0.012985 0.037871
v -0.870146 -0.003620 0.015107
v 0.843075 -0.005252 0.040680
v -0.870355 -0.005062 0.018275
v 0.843376 0.001970 0.040982
v -0.870734 0.006656 0.016577
v 0.842183 0.008058 0.040380
v -0.869539 0.003274 0.022993
v 0.847285 0.019186 0.038152
v -0.869317 0.005011 0.021613
v 0.844622 0.024925 0.035500
v -0.869984 0.011205 0.010397
v -0.871488 0.011929 0.009807
v 1.862564 1.052428 0.014059
v 1.849805 0.906943 -0.264046
v 1.799033 0.913335 -0.490983
v 1.791139 0.997801 -0.524941
v 1.794179 0.849039 -0.641180
v 1.888678 0.575533 -0.778032
v 1.696404 0.459612 -0.915438
v 1.823115 0.239675 -1.087674
v 1.903272 -0.012827 -1.097174
v 1.849102 -0.222876 -1.064379
v 1.824481 -0.569914 -1.032865
v 1.810066 -0.629660 -0.933522
v 1.829007 -0.761069 -0.758602
v 1.834504 -0.902762 -0.610991
v 1.782267 -0.983643 -0.400114
v 1.711360 -1.149995 -0.216576
v 1.744381 -1.208678 -0.037372
v 1.837716 -1.125290 0.082628
v 1.871641 -0.971386 0.555244
v 1.861097 -1.016185 0.705779
v 1.908619 -0.710256 0.692285
v 1.748911 -0.555247 0.999080
v 1.848035 -0.420279 1.045688
v 1.795655 -0.260706 0.992897
v 1.861268 -0.126445 0.955575
v 1.895436 0.173328 1.024799
v 1.896340 0.420855 1.028750
v 1.931929 0.572599 1.013176
v 1.923694 0.742030 0.800702
v 1.845525 0.847128 0.519161
v 1.826477 0.974455 0.399264
v 1.838694 0.979260 0.298540
v -1.773972 1.064939 -0.234731
v -1.790096 0.703361 -0.480387
v -1.894503 0.597979 -0.745859
v -1.857436 0.917515 -0.571454
v -1.896025 0.710354 -0.711202
v -1.774942 0.376080 -0.811779
v -1.938162 0.238904 -0.925333
v -1.849352 0.003603 -1.028281
v -1.726691 -0.245032 -1.068152
v -1.843643 -0.467838 -1.000631
v -1.876754 -0.823125 -0.925885
v -1.849979 -0.834217 -0.781031
v -1.846858 -0.904768 -0.606111
v -1.874579 -1.047084 -0.473701
v -1.897287 -0.952168 -0.155647
v -2.057313 -1.244969 -0.011860
v -2.001784 -1.268638 0.182300
v -1.820309 -1.066942 0.341713
v -1.771145 -0.895559 0.688543
v -1.775329 -0.858458 0.859047
v -1.853130 -0.544775 0.875915
v -1.984100 -0.336775 1.122504
v -1.839957 -0.190710 1.079649
v -1.875441 -0.080556 0.964236
v -1.811344 0.018556 0.862790
v -1.795511 0.361028 0.955048
v -1.833269 0.609203 0.876202
v -1.650994 0.664509 0.909723
v -1.742877 0.850110 0.626084
v -1.831749 0.961614 0.328518
v -1.841034 1.014391 0.211706
v -1.845102 0.963178 0.081041
v 1.208601 0.503112 -0.282682
v 1.198365 0.459235 -0.253442
v 1.212309 -0.227274 0.481396
v 1.170120 -0.284386 0.471194
v 1.049576 0.258077 -0.393821
v 1.246198 0.303325 -0.382107
v 1.122936 -0.525450 0.330552
v 1.181756 -0.500671 0.216735
v 1.233718 0.436707 0.253016
v 1.254202 0.395069 0.383266
v 1.177684 -0.644533 -0.036175
v 1.157727 -0.614475 -0.113443
v 1.208901 -0.324596 -0.468507
v 1.210667 -0.293198 -0.527551
v 1.194141 0.440703 -0.330142
v 1.244889 -0.026734 -0.555416
v 1.148347 0.093981 -0.513047
v 1.229124 -0.071426 0.455879
v 1.192101 -0.136567 0.480625
v 1.175905 -0.392656 0.320086
v 1.205574 -0.457359 -0.323759
v 1.191976 -0.388132 -0.378515
v 1.230115 0.492315 -0.132024
v 1.219596 0.555362 -0.014933
v 1.224098 -0.148528 -0.550907
v 1.243052 0.192121 0.493565
v 1.238137 0.074367 0.485337
v 1.222563 -0.608129 0.076570
v 1.195240 -0.516521 -0.205570
v 1.155608 0.486955 0.159388
v 1.173414 0.491524 0.118068
v 1.268350 0.283947 0.491863
v -1.282715 -0.511846 0.463997
v -1.281146 -0.604960 0.358829
v -1.349878 0.539053 -0.227551
v -1.333944 0.593893 0.055540
v -1.358899 0.442519 0.622896
v -1.110629 0.354705 0.578057
v -1.381232 -0.673597 -0.286631
v -1.339337 -0.587500 -0.075217
v -1.294296 -0.482369 -0.447196
v -1.327226 -0.440446 -0.520720
v -1.315943 0.238284 -0.405987
v -1.337254 0.488974 -0.368117
v -1.258502 -0.135286 -0.583454
v -1.314690 -0.019991 -0.568712
v -1.325650 0.049900 0.528377
v -1.405751 -0.077290 0.569775
v -1.437768 -0.828928 0.012623
v -1.329159 -0.805020 0.092519
v -1.355417 -0.212996 0.656845
v -1.308765 -0.367414 0.536744
v -1.303089 -0.226287 -0.570790
v -1.379125 0.552527 0.235900
v -1.246896 0.502995 0.384585
v -1.326820 -0.540730 -0.359024
v -1.321403 0.524416 0.076653
v -1.267281 0.205774 -0.429843
v -1.336968 0.392838 -0.404407
v -1.255728 0.200919 0.570024
v -1.297845 -0.136080 0.608464
v -1.307150 -0.655308 0.167397
v -1.269962 0.452651 -0.243815
v -1.355410 0.095565 -0.491544
v 0.843551 0.030352 0.028560
v -0.871023 0.018846 0.005366
v 0.843294 0.034086 0.020087
v 0.843897 0.038000 0.010796
v -0.869488 0.017567 0.007026
v -0.857596 0.023455 -0.012081
v 0.846488 0.038596 0.005125
v 0.843523 0.039929 0.001137
v -0.870814 0.013785 -0.001575
v 0.840035 0.028089 -0.014066
v -0.870727 0.009654 -0.007068
v 0.844895 0.029503 -0.016240
v -0.869971 0.011859 -0.008680
v 0.843647 0.023128 -0.025281
v -0.868937 0.001423 -0.013106
v -0.870144 -0.001019 -0.014380
v 0.842447 0.014222 -0.033124
v 0.843570 0.006759 -0.038418
v -0.870986 -0.000736 -0.016257
v -0.869326 -0.006009 -0.017285
v 0.844268 0.002163 -0.042290
v 0.845716 -0.007751 -0.041396
v -0.869627 -0.010319 -0.017474
v -0.870537 -0.011730 -0.019669
v 0.844396 -0.018016 -0.041087
v 0.843030 -0.024921 -0.041677
v -0.869915 -0.016149 -0.016525
v -0.870988 -0.022370 -0.019742
v 0.842982 -0.033591 -0.035020
v 0.845389 -0.040394 -0.033782
v -0.869203 -0.021833 -0.008123
v -0.870250 -0.029804 -0.006508
v 0.844417 -0.046025 -0.033582
v 0.842335 -0.046558 -0.021399
v -0.870066 -0.025230 -0.009657
v 0.839461 -0.046156 -0.009227
v -0.870678 -0.024769 -0.001822
v 0.840038 -0.053554 -0.011921
v -0.872053 -0.026107 -0.000885
v 0.843612 -0.045536 0.003243
v -0.872131 -0.025095 0.002259
v -0.871799 -0.022546 0.005154
v 0.844626 -0.050258 0.007016
v 0.844840 -0.040565 0.015830
v -0.871709 -0.017897 0.009065
v -0.866266 -0.024558 0.013160
v 0.843613 -0.038115 0.023058
v 0.843970 -0.024993 0.029874
v -0.870510 -0.010270 0.012727
v -0.869405 -0.002112 0.014596
v 0.841683 -0.016441 0.035607
v 0.841854 -0.009447 0.039709
v -0.870508 -0.006624 0.017549
v -0.862721 0.010954 0.021569
v 0.843642 -0.001044 0.040810
v 0.842406 0.004435 0.041154
v -0.870824 0.002173 0.021091
v 0.843872 0.013699 0.038333
v -0.868437 0.003863 0.023894
v 0.846121 0.021083 0.039975
v -0.870812 0.007397 0.016690
v -0.868888 0.013248 0.006674
v -0.870817 0.013301 0.011507
v 0.844408 0.026483 0.031781
v 1.862329 0.986967 -0.124473
v 1.824386 0.882026 -0.397209
v 1.790319 0.972153 -0.517932
v 1.780609 0.955176 -0.569269
v 1.854845 0.706902 -0.710620
v 1.822461 0.497727 -0.849258
v 1.760255 0.351007 -1.000244
v 1.877331 0.104088 -1.097065
v 1.883786 -0.103665 -1.082765
v 1.831484 -0.408880 -1.051413
v 1.815485 -0.620537 -0.995408
v 1.817167 -0.680637 -0.846175
v 1.837106 -0.841618 -0.686913
v 1.815983 -0.938549 -0.509719
v 1.739700 -1.065475 -0.305031
v 1.715513 -1.199783 -0.123227
v 1.786844 -1.178852 0.027819
v 1.855498 -1.048411 0.318560
v 1.864724 -0.992262 0.635694
v 1.882858 -0.869128 0.696164
v 1.796481 -0.626065 0.873504
v 1.793782 -0.492977 1.048282
v 1.829764 -0.334266 1.023680
v 1.815096 -0.207578 0.962889
v 1.888130 0.012779 0.988029
v 1.893686 0.312611 1.032117
v 1.912877 0.499414 1.033809
v 1.938757 0.660075 0.931161
v 1.884709 0.798514 0.649936
v 1.828271 0.908148 0.440395
v 1.832207 0.976171 0.351655
v 1.853180 1.041070 0.154068
v 1.006104 0.290241 -0.141231
v 1.475911 0.680017 -0.370754
v 1.004212 -0.154532 0.248285
v 1.435508 -0.415480 0.724672
v 0.947256 0.156718 -0.215448
v 1.545005 0.438300 -0.573361
v 0.981762 -0.313670 0.162027
v 1.526342 -0.735694 0.385404
v 1.017119 0.234635 0.159702
v 1.564551 0.567709 0.584481
v 0.990220 -0.366259 -0.048871
v 1.411909 -0.881073 -0.165020
v 1.005252 -0.165609 -0.271216
v 1.494238 -0.429390 -0.775931
v 1.470171 0.642535 -0.482856
v 1.019562 0.001877 -0.306944
v 1.485324 0.166219 -0.799911
v 1.014010 -0.059073 0.248230
v 1.469610 -0.197803 0.727601
v 1.541662 -0.550717 0.506021
v 0.999322 -0.247288 -0.199040
v 1.482895 -0.569590 -0.564071
v 1.015001 0.287852 -0.048690
v 1.515724 0.802134 -0.004388
v 1.513632 -0.190002 -0.804469
v 1.018004 0.084223 0.276565
v 1.542176 0.119984 0.743837
v 1.033767 -0.352430 0.018750
v 1.466639 -0.746591 -0.301591
v 1.003242 0.273403 0.112998
v 1.505653 0.734806 0.208609
v 1.577766 0.423365 0.744659
v -1.781105 0.886281 -0.353615
v -1.846273 0.717385 -0.619987
v -1.867052 0.667000 -0.637023
v -1.902887 0.853582 -0.664089
v -1.819489 0.529142 -0.760846
v -1.848409 0.299807 -0.867309
v -1.928837 0.136464 -0.980815
v -1.762876 -0.131350 -1.061299
v -1.772311 -0.338150 -1.042061
v -1.876407 -0.663639 -0.966442
v -1.864376 -0.855339 -0.861985
v -1.844104 -0.851551 -0.690389
v -1.858325 -0.973651 -0.534234
v -1.885146 -0.999161 -0.319703
v -1.976178 -1.100660 -0.080274
v -2.029484 -1.256609 0.085194
v -1.898766 -1.170685 0.238022
v -1.782607 -0.962232 0.510014
v -1.769307 -0.890046 0.810145
v -1.796837 -0.720697 0.850873
v -1.942217 -0.420602 1.000971
v -1.917917 -0.260279 1.134358
v -1.845449 -0.126786 1.024754
v -1.854574 -0.054113 0.893463
v -1.791212 0.177700 0.906489
v -1.812147 0.498344 0.938911
v -1.737808 0.643409 0.895233
v -1.695760 0.760941 0.775416
v -1.793995 0.913447 0.464948
v -1.841587 1.002573 0.251596
v -1.847017 0.985045 0.167404
v -1.817617 0.996458 -0.062342
v -1.071491 -0.302541 0.260340
v -1.518339 -0.771522 0.522272
v -1.109299 0.315368 -0.122234
v -1.584694 0.791072 0.071243
v -1.113003 0.246671 0.342551
v -1.380398 0.508753 0.743350
v -1.122867 -0.382900 -0.156947
v -1.617908 -0.769399 -0.115632
v -1.069598 -0.283125 -0.257048
v -1.593807 -0.631337 -0.728123
v -1.086556 0.128813 -0.196692
v -1.593729 0.666178 -0.434014
v -1.058135 -0.079546 -0.331409
v -1.573788 -0.011318 -0.801380
v -1.096103 0.040802 0.311552
v -1.646576 -0.085566 0.776829
v -1.153123 -0.465492 0.009449
v -1.665058 -1.036376 0.137109
v -1.101517 -0.131632 0.373602
v -1.570387 -0.468512 0.718803
v -1.563449 -0.341452 -0.792545
v -1.129801 0.322431 0.146895
v -1.483789 0.684181 0.513685
v -1.580863 -0.731528 -0.488914
v -1.575293 0.763412 0.138271
v -1.058619 0.118627 -0.248180
v -1.607573 0.554449 -0.561040
v -1.510793 0.282009 0.773334
v -1.558208 -0.168643 0.850050
v -1.556503 -0.875129 0.250974
v -1.529616 0.578465 -0.360909
v -1.637641 0.162214 -0.706515
v 1.479232 0.744997 -0.403453
v 0.999138 0.269143 -0.117963
v 1.504793 -0.322882 0.749956
v 0.984196 -0.184662 0.241420
v 1.372281 0.358360 -0.654167
v 1.021903 0.187327 -0.198419
v 1.491437 -0.770260 0.517851
v 1.009856 -0.300496 0.101914
v 1.518965 0.638479 0.381348
v 1.024723 0.207968 0.224830
v 1.438810 -0.925039 -0.039676
v 0.978565 -0.346037 -0.087314
v 1.486933 -0.473929 -0.695801
v 1.004356 -0.142624 -0.303421
v 0.997357 0.259418 -0.166346
v 1.550026 -0.022568 -0.821013
v 0.997766 0.073274 -0.283899
v 1.521872 -0.099985 0.695394
v 0.994837 -0.099444 0.258592
v 1.009466 -0.243806 0.166033
v 1.494961 -0.673883 -0.467200
v 0.992429 -0.206672 -0.223401
v 1.517964 0.699842 -0.196886
v 1.007257 0.313769 0.013033
v 1.010788 -0.069151 -0.312812
v 1.546236 0.300106 0.751402
v 1.016111 0.020786 0.267687
v 1.529712 -0.866374 0.079434
v 0.997367 -0.288616 -0.135280
v 1.490556 0.730366 0.278089
v 1.009544 0.279815 0.087350
v 1.033358 0.139097 0.278031
v 1.206291 -0.483014 -0.269439
v 1.219052 0.464699 0.204480
v 1.257267 0.236099 0.500444
v 1.211281 -0.631231 0.013564
v 1.238385 -0.084120 -0.556127
v 1.238737 -0.002713 0.467731
v 1.216199 0.540021 0.052278
v 1.197311 0.488225 -0.300243
v 1.155443 0.179568 -0.473149
v 1.205636 -0.467072 0.333785
v 1.199246 -0.350831 -0.420489
v 1.265350 0.343845 0.448471
v 1.212078 0.498265 0.153941
v 1.174040 -0.566952 -0.153953
v 1.204887 -0.177985 0.483144
v 1.242672 -0.557707 0.152469
v 1.237442 0.139654 0.491145
v 1.214590 0.462819 -0.198927
v 1.214141 -0.228772 -0.541977
v 1.227495 0.532463 -0.072324
v 1.197012 -0.425586 -0.353157
v 1.186101 -0.328779 0.417292
v 1.205014 -0.110505 0.466346
v 1.227748 0.036961 -0.545116
v 1.226160 0.371361 -0.357069
v 1.211049 -0.315200 -0.504924
v 1.158727 -0.639985 -0.076602
v 1.243289 0.419971 0.314599
v 1.205207 -0.517267 0.294960
v 1.195129 0.265399 -0.406207
v 1.188504 -0.259236 0.484759
v 1.199914 0.485547 -0.275891
v -1.520836 -0.693647 0.662794
v -1.069059 -0.366984 0.199702
v -1.561945 0.802014 -0.230696
v -1.099128 0.354715 0.030561
v -1.596039 0.525855 0.749157
v -0.990686 0.212483 0.316022
v -1.627721 -0.860181 -0.380132
v -1.103554 -0.341386 -0.042159
v -1.559762 -0.663477 -0.619578
v -1.087717 -0.250202 -0.297862
v -1.604764 0.380311 -0.598999
v -1.103221 0.288474 -0.226443
v -1.484831 -0.190384 -0.828036
v -1.082994 -0.017963 -0.326394
v -1.565446 0.039867 0.706913
v -1.143892 -0.049022 0.331546
v -1.747219 -1.037015 0.000869
v -1.098853 -0.452445 0.051784
v -1.655567 -0.278967 0.901387
v -1.081316 -0.225870 0.312344
v -1.075586 -0.129309 -0.326471
v -1.610872 0.762998 0.291687
v -1.046702 0.296655 0.226557
v -1.092457 -0.321000 -0.207106
v -1.090114 0.302669 0.038895
v -1.510729 0.291262 -0.618768
v -1.096091 0.220979 -0.237519
v -1.048746 0.116914 0.330014
v -1.073818 -0.086572 0.346795
v -1.081181 -0.388636 0.095248
v -1.069519 0.269937 -0.137017
v -1.104059 0.048037 -0.282615
v -1.319500 -0.164161 0.644787
v -1.306713 0.145081 -0.454957
v -1.313851 0.493522 -0.222075
v -1.361510 0.531487 0.143558
v -1.273195 -0.167980 -0.581113
v -1.329453 -0.708088 0.112180
v -1.352715 0.463668 -0.389570
v -1.289050 -0.444553 0.493157
v -1.189805 0.433659 0.466685
v -1.352158 0.040696 -0.534893
v -1.271352 0.122006 0.545063
v -1.396519 -0.679479 -0.030832
v -1.302788 -0.502758 -0.404135
v -1.312635 0.380598 -0.345091
v -1.289669 -0.628278 0.260811
v -1.348894 -0.112228 0.588228
v -1.292421 0.297262 0.582597
v -1.291309 0.296353 -0.416233
v -1.317493 0.559496 0.069887
v -1.352829 -0.591601 -0.315238
v -1.325860 0.544540 0.314194
v -1.324615 -0.337472 -0.549910
v -1.343576 -0.285658 0.606786
v -1.401269 -0.778662 0.053113
v -1.388433 -0.019133 0.542211
v -1.276048 -0.084374 -0.582268
v -1.330808 0.335111 -0.335916
v -1.309679 -0.476718 -0.486359
v -1.363845 -0.606508 -0.180701
v -1.247391 0.390260 0.568702
v -1.341936 0.586202 -0.045426
v -1.279995 -0.566245 0.424949
v 1.473632 0.722382 -0.396171
v 1.466627 -0.373072 0.753520
v 1.486260 0.381694 -0.619018
v 1.512503 -0.752158 0.458890
v 1.541393 0.607617 0.476223
v 1.414000 -0.918569 -0.101899
v 1.490746 -0.464240 -0.745671
v 1.517274 0.537366 -0.529344
v 1.529822 0.067756 -0.814806
v 1.486599 -0.158556 0.705475
v 1.468333 -0.474710 0.637467
v 1.489873 -0.627664 -0.517840
v 1.521166 0.759857 -0.099786
v 1.499532 -0.320099 -0.793248
v 1.497007 0.669576 -0.296183
v 1.541194 0.220714 0.750917
v 1.532606 -0.801456 0.232796
v 1.492289 -0.255465 0.741843
v 1.434866 -0.814213 -0.228320
v 1.502473 0.732898 0.247710
v 1.578322 0.499452 0.682009
v 1.483077 -0.511871 -0.627983
v 1.520274 -0.667246 0.509841
v 1.434938 0.264164 -0.727708
v 1.466815 0.718054 -0.432949
v 1.511671 0.787318 0.098447
v 1.539469 0.002621 0.716752
v 1.537655 -0.098046 -0.815522
v 1.480501 -0.904008 0.019608
v 1.562607 0.361648 0.758442
v 1.503955 0.682201 0.317685
v 1.487939 -0.705611 -0.389256
v -1.516511 -0.742552 0.617233
v -1.578976 0.799750 -0.055372
v -1.484934 0.522359 0.745868
v -1.622397 -0.812024 -0.252133
v -1.576320 -0.668095 -0.679829
v -1.594296 0.420265 -0.475917
v -1.511816 -0.109776 -0.824270
v -1.626408 -0.035354 0.728413
v -1.707860 -1.032437 0.069001
v -1.630470 -0.362337 0.817610
v -1.591755 -0.496750 -0.764317
v -1.559068 0.738171 0.400156
v -1.603321 -0.792677 -0.429992
v -1.575143 0.774819 0.117025
v -1.545194 0.415322 -0.588917
v -1.542542 0.402509 0.773258
v -1.596003 -0.126582 0.813622
v -1.529062 -0.814362 0.382721
v -1.572556 0.545198 -0.486021
v -1.563180 -0.684301 -0.553449
v -1.682247 -0.902438 -0.053985
v -1.519968 0.153195 0.736301
v -1.631846 0.083626 -0.758758
v -1.426967 0.600896 0.629253
v -1.533871 -0.592323 0.678958
v -1.621625 0.660168 -0.531885
v -1.605160 -0.951628 0.172171
v -1.513613 -0.249789 -0.816153
v -1.602495 0.764832 0.198287
v -1.545420 0.691398 -0.292127
v -1.567725 0.219213 -0.658272
v -1.604295 -0.215691 0.897314
v 1.001531 -0.265619 -0.170341
v 1.012106 0.253155 0.132474
v 1.026674 0.109695 0.281499
v 1.010418 -0.362071 -0.018358
v 1.016906 -0.032618 -0.311904
v 1.017892 -0.020323 0.256082
v 1.008129 0.302845 0.048343
v 1.001100 0.283059 -0.149998
v 0.978229 0.118558 -0.249636
v 0.999276 -0.283735 0.161319
v 0.998495 -0.183965 -0.245015
v 1.031119 0.176295 0.256751
v 1.011068 0.276660 0.105135
v 0.986690 -0.318848 -0.107523
v 1.000575 -0.124034 0.255064
v 1.026141 -0.326620 0.061276
v 1.014876 0.055608 0.273172
v 1.006766 0.272405 -0.086817
v 1.005893 -0.110344 -0.310134
v 1.012283 0.306025 -0.016169
v 0.994187 -0.228136 -0.212305
v 0.992659 -0.208000 0.213547
v 1.001606 -0.083300 0.253026
v 1.013435 0.039233 -0.297487
v 1.012208 0.224702 -0.182379
v 1.005753 -0.155998 -0.291511
v 0.979729 -0.361373 -0.070086
v 1.020201 0.223601 0.191330
v 0.999469 -0.306009 0.137548
v 0.994451 0.163990 -0.214032
v 0.992590 -0.173180 0.247963
v 1.002119 0.280729 -0.133508
v -1.082555 -0.101412 0.365541
v -1.078821 0.081570 -0.261553
v -1.089427 0.291360 -0.131069
v -1.117933 0.306155 0.085949
v -1.063154 -0.097053 -0.330934
v -1.090507 -0.414723 0.063215
v -1.106311 0.261996 -0.227618
v -1.073543 -0.265765 0.283321
v -1.014533 0.255557 0.269078
v -1.101614 0.014804 -0.307896
v -1.060025 0.078732 0.317983
v -1.128795 -0.400780 -0.015093
v -1.076320 -0.297544 -0.233514
v -1.083487 0.228651 -0.192153
v -1.073100 -0.378267 0.146833
v -1.106439 -0.074065 0.339155
v -1.071808 0.170031 0.338617
v -1.071406 0.168376 -0.242688
v -1.086861 0.330094 0.034896
v -1.108266 -0.350080 -0.180081
v -1.095875 0.320427 0.191379
v -1.086356 -0.191076 -0.314869
v -1.097107 -0.178014 0.349573
v -1.126408 -0.455637 0.034345
v -1.135074 -0.005133 0.318905
v -1.065802 -0.052281 -0.331970
v -1.087916 0.177190 -0.188762
v -1.077663 -0.275280 -0.278079
v -1.113370 -0.359348 -0.101442
v -1.046110 0.233309 0.327472
v -1.105935 0.347128 -0.026255
v -1.069437 -0.339503 0.235599
vn -0.6467 0.0062 -0.7628
vn 0.7304 0.6823 0.0305
vn 0.1626 0.9841 0.0718
vn -0.0752 0.9966 -0.0329
vn -0.1919 0.9781 -0.0804
vn -0.5920 0.8052 -0.0344
vn -0.4253 -0.0043 -0.9051
vn 0.9058 0.4236 0.0094
vn 0.7347 0.6750 -0.0670
vn 0.3680 0.9005 -0.2317
vn 0.1187 0.9469 -0.2988
vn -0.0927 0.9547 -0.2829
vn -0.1526 0.9613 -0.2294
vn -0.2574 0.9526 -0.1623
vn -0.6049 0.7730 -0.1915
vn -0.8765 0.4270 -0.2224
vn 0.0545 0.1853 -0.9812
vn -0.7336 0.5983 -0.3224
vn 0.9099 0.3678 -0.1919
vn 0.7430 0.5730 -0.3458
vn 0.3555 0.8498 -0.3891
vn 0.1263 0.8864 -0.4453
vn -0.0504 0.9054 -0.4216
vn -0.1329 0.9031 -0.4084
vn -0.2509 0.8487 -0.4657
vn -0.6144 0.6965 -0.3706
vn -0.8823 0.4224 -0.2076
vn 0.8096 -0.1569 0.5657
vn -0.7806 0.6088 -0.1416
vn 0.8917 0.3413 -0.2974
vn 0.7356 0.5036 -0.4532
vn 0.3485 0.6997 -0.6237
vn 0.0975 0.7161 -0.6912
vn -0.0005 0.7489 -0.6627
vn -0.1565 0.7954 -0.5855
vn -0.2807 0.7355 -0.6166
vn -0.5623 0.6391 -0.5248
vn -0.8741 0.3696 -0.3151
vn -0.7810 -0.0624 -0.6214
vn -0.4006 -0.6903 -0.6025
vn 0.8969 0.2343 -0.3752
vn 0.7199 0.4632 -0.5169
vn 0.2773 0.5207 -0.8074
vn 0.1111 0.5463 -0.8302
vn 0.0533 0.5996 -0.7985
vn -0.1146 0.5980 -0.7933
vn -0.2843 0.5792 -0.7640
vn -0.5606 0.4799 -0.6749
vn -0.8758 0.2968 -0.3807
vn -0.9036 0.3416 -0.2584
vn -0.4298 0.3828 -0.8178
vn 0.8961 0.2043 -0.3940
vn 0.7005 0.3485 -0.6228
vn 0.2501 0.4642 -0.8497
vn 0.1481 0.4980 -0.8544
vn 0.0191 0.4694 -0.8828
vn -0.1451 0.4315 -0.8904
vn -0.2838 0.3809 -0.8800
vn -0.5030 0.3116 -0.8062
vn -0.8469 0.2267 -0.4809
vn 0.9545 -0.1380 -0.2644
vn -0.9856 -0.0617 -0.1574
vn 0.8742 0.2857 -0.3926
vn 0.6802 0.2163 -0.7004
vn 0.2589 0.2983 -0.9187
vn 0.1062 0.2915 -0.9507
vn -0.0010 0.2714 -0.9625
vn -0.1247 0.2846 -0.9505
vn -0.2893 0.3107 -0.9054
vn -0.5148 0.3111 -0.7989
vn -0.8467 0.2099 -0.4890
vn -0.1025 -0.6766 -0.7291
vn -0.5788 -0.7721 -0.2625
vn 0.8750 0.0871 -0.4762
vn 0.6452 0.0359 -0.7632
vn 0.2408 0.0556 -0.9690
vn 0.0882 0.0885 -0.9922
vn -0.0082 0.1142 -0.9934
vn -0.1130 0.0979 -0.9888
vn -0.2262 0.1245 -0.9661
vn -0.5122 0.1175 -0.8508
vn -0.8390 0.0003 -0.5442
vn 0.7459 -0.2910 -0.5991
vn -0.4749 -0.7427 -0.4722
vn 0.8650 -0.0919 -0.4933
vn 0.6240 -0.0750 -0.7779
vn 0.2535 -0.0763 -0.9643
vn 0.1403 -0.0112 -0.9900
vn -0.0038 0.0214 -0.9998
vn -0.1042 0.0398 -0.9938
vn -0.2303 0.0320 -0.9726
vn -0.5276 -0.0076 -0.8494
vn -0.8323 -0.0597 -0.5511
vn 0.1979 0.2883 -0.9369
vn -0.7216 -0.4181 -0.5518
vn 0.8526 -0.0282 -0.5218
vn 0.6118 -0.0447 -0.7897
vn 0.2395 -0.0895 -0.9668
vn 0.1776 -0.1125 -0.9777
vn 0.0141 -0.0762 -0.9970
vn -0.1159 -0.1026 -0.9879
vn -0.2469 -0.1202 -0.9616
vn -0.5425 -0.0842 -0.8358
vn -0.8361 0.0197 -0.5482
vn 0.7199 -0.5730 -0.3917
vn -0.4464 -0.8929 -0.0596
vn 0.8714 -0.1316 -0.4725
vn 0.6496 -0.2696 -0.7108
vn 0.2529 -0.2639 -0.9308
vn 0.1795 -0.2045 -0.9623
vn 0.0072 -0.2448 -0.9695
vn -0.1499 -0.2770 -0.9491
vn -0.2576 -0.3034 -0.9174
vn -0.5224 -0.2866 -0.8031
vn -0.8462 -0.1396 -0.5143
vn 0.5816 -0.7124 0.3928
vn -0.5838 -0.7528 0.3042
vn 0.8502 -0.2059 -0.4845
vn 0.6588 -0.4003 -0.6370
vn 0.3722 -0.3985 -0.8383
vn 0.1524 -0.3866 -0.9096
vn -0.0418 -0.4721 -0.8806
vn -0.1424 -0.4184 -0.8970
vn -0.3037 -0.4215 -0.8545
vn -0.5182 -0.4184 -0.7459
vn -0.8482 -0.2680 -0.4568
vn -0.0060 -0.8096 -0.5869
vn -0.9025 -0.3577 0.2400
vn 0.8768 -0.2887 -0.3845
vn 0.6824 -0.4060 -0.6079
vn 0.3921 -0.5288 -0.7527
vn 0.0977 -0.6479 -0.7554
vn -0.0172 -0.6375 -0.7702
vn -0.1065 -0.5793 -0.8081
vn -0.3502 -0.5568 -0.7532
vn -0.5404 -0.5018 -0.6754
vn -0.8552 -0.2994 -0.4230
vn 0.3128 -0.8328 0.4568
vn -0.2638 -0.8280 0.4948
vn 0.8854 -0.3887 -0.2549
vn 0.6982 -0.5439 -0.4655
vn 0.3497 -0.7546 -0.5553
vn 0.1218 -0.8025 -0.5841
vn 0.0296 -0.7550 -0.6550
vn -0.1057 -0.7664 -0.6336
vn -0.3474 -0.6825 -0.6431
vn -0.5480 -0.6116 -0.5706
vn -0.8696 -0.3629 -0.3349
vn 0.6977 -0.2728 0.6625
vn -0.9552 -0.2927 -0.0428
vn 0.8808 -0.3646 -0.3022
vn 0.7098 -0.5670 -0.4180
vn 0.3057 -0.8162 -0.4903
vn 0.1580 -0.8848 -0.4384
vn 0.0182 -0.8962 -0.4433
vn -0.1173 -0.8994 -0.4211
vn -0.3393 -0.8331 -0.4368
vn -0.5897 -0.7175 -0.3708
vn -0.8756 -0.4525 -0.1691
vn -0.4239 -0.7373 0.5260
vn -0.8182 -0.5655 0.1042
vn 0.8950 -0.4111 -0.1734
vn 0.7116 -0.6853 -0.1547
vn 0.2972 -0.9266 -0.2306
vn 0.1426 -0.9500 -0.2779
vn 0.0489 -0.9476 -0.3157
vn -0.1556 -0.9415 -0.2989
vn -0.3560 -0.9120 -0.2039
vn -0.5883 -0.7918 -0.1638
vn -0.8723 -0.4857 -0.0569
vn 0.8341 0.5366 -0.1276
vn 0.0426 -0.1247 0.9913
vn 0.9075 -0.4198 -0.0098
vn 0.7033 -0.7108 0.0126
vn 0.3577 -0.9338 0.0060
vn 0.2106 -0.9737 -0.0870
vn 0.0357 -0.9981 -0.0507
vn -0.1893 -0.9819 -0.0009
vn -0.3721 -0.9277 -0.0313
vn -0.6027 -0.7948 -0.0708
vn -0.8801 -0.4661 -0.0903
vn 0.5986 -0.7634 0.2427
vn -0.6489 0.1906 0.7366
vn 0.9164 -0.3593 0.1764
vn 0.7273 -0.6714 0.1422
vn 0.3753 -0.9033 0.2081
vn 0.1669 -0.9306 0.3257
vn 0.0008 -0.9417 0.3364
vn -0.1505 -0.9593 0.2389
vn -0.3451 -0.9200 0.1856
vn -0.5977 -0.7839 0.1683
vn -0.8790 -0.4433 0.1755
vn -0.8596 0.5003 -0.1038
vn -0.5786 -0.8018 -0.1492
vn 0.9114 -0.3414 0.2296
vn 0.7289 -0.5820 0.3606
vn 0.3116 -0.8412 0.4419
vn 0.1197 -0.8439 0.5230
vn 0.0763 -0.8607 0.5033
vn -0.0787 -0.8762 0.4755
vn -0.3238 -0.8548 0.4055
vn -0.6349 -0.7116 0.3009
vn -0.8837 -0.4027 0.2383
vn 0.7806 0.0989 0.6172
vn 0.2774 -0.4703 0.8378
vn 0.8970 -0.3539 0.2648
vn 0.7302 -0.5277 0.4340
vn 0.3169 -0.7590 0.5687
vn 0.1146 -0.8312 0.5440
vn 0.0281 -0.8160 0.5774
vn -0.1006 -0.7335 0.6721
vn -0.2494 -0.7171 0.6508
vn -0.5852 -0.6720 0.4538
vn -0.8808 -0.4527 0.1384
vn 0.4591 0.0380 0.8876
vn -0.2767 0.6125 0.7405
vn 0.8961 -0.2506 0.3663
vn 0.7279 -0.4322 0.5323
vn 0.3271 -0.5981 0.7317
vn 0.1521 -0.6686 0.7279
vn -0.0162 -0.7055 0.7086
vn -0.1640 -0.6592 0.7339
vn -0.2441 -0.6091 0.7546
vn -0.5382 -0.5503 0.6383
vn -0.8833 -0.3766 0.2792
vn 0.6988 0.5191 0.4921
vn -0.0383 0.2308 0.9722
vn 0.8860 -0.2753 0.3730
vn 0.7192 -0.3578 0.5956
vn 0.3307 -0.4367 0.8366
vn 0.1863 -0.4630 0.8666
vn -0.0048 -0.4789 0.8778
vn -0.1942 -0.4250 0.8841
vn -0.2732 -0.4147 0.8680
vn -0.5177 -0.3668 0.7730
vn -0.8720 -0.2066 0.4437
vn 0.4901 0.6439 0.5875
vn -0.4328 0.8280 0.3566
vn 0.8859 -0.1847 0.4256
vn 0.6955 -0.2525 0.6727
vn 0.2908 -0.3065 0.9064
vn 0.1886 -0.2843 0.9400
vn -0.0382 -0.2812 0.9589
vn -0.2010 -0.2520 0.9466
vn -0.2515 -0.2734 0.9284
vn -0.4833 -0.2425 0.8412
vn -0.8470 -0.1080 0.5205
vn 0.8430 0.5370 -0.0308
vn -0.2655 0.8085 0.5252
vn 0.8756 -0.0199 0.4826
vn 0.6838 -0.1081 0.7217
vn 0.2611 -0.1806 0.9483
vn 0.1567 -0.1495 0.9763
vn -0.0459 -0.1170 0.9921
vn -0.1766 -0.1106 0.9780
vn -0.2356 -0.1558 0.9593
vn -0.5068 -0.1726 0.8446
vn -0.8497 -0.0297 0.5265
vn -0.5172 0.3454 0.7831
vn -0.5600 0.7495 0.3530
vn 0.8651 -0.1069 0.4900
vn 0.6996 -0.0738 0.7107
vn 0.2619 -0.0216 0.9648
vn 0.1079 -0.0120 0.9941
vn -0.0805 0.0037 0.9968
vn -0.1487 -0.0413 0.9880
vn -0.1846 -0.0806 0.9795
vn -0.5302 -0.0419 0.8468
vn -0.8618 0.0008 0.5072
vn -0.0141 0.9161 0.4007
vn -0.8561 -0.0813 0.5104
vn 0.8780 0.0167 0.4784
vn 0.6913 0.1480 0.7073
vn 0.2865 0.1660 0.9436
vn 0.1125 0.1544 0.9816
vn -0.0429 0.1352 0.9899
vn -0.1033 0.1095 0.9886
vn -0.2266 0.0946 0.9694
vn -0.5645 0.1486 0.8120
vn -0.8583 0.0637 0.5092
vn 0.7150 -0.6827 0.1504
vn -0.5336 0.6457 0.5463
vn 0.8689 0.1511 0.4713
vn 0.6733 0.3202 0.6665
vn 0.3243 0.3645 0.8729
vn 0.1476 0.3251 0.9341
vn -0.0501 0.2807 0.9585
vn -0.1298 0.3030 0.9441
vn -0.2132 0.3242 0.9216
vn -0.5414 0.2030 0.8159
vn -0.8545 0.0811 0.5131
vn -0.1261 0.7002 0.7027
vn -0.7024 0.7017 0.1194
vn 0.8669 0.2131 0.4506
vn 0.6659 0.3270 0.6705
vn 0.3403 0.4246 0.8390
vn 0.1767 0.4631 0.8685
vn -0.0332 0.4568 0.8889
vn -0.1508 0.4160 0.8968
vn -0.2123 0.4148 0.8848
vn -0.5246 0.3599 0.7715
vn -0.8695 0.1609 0.4669
vn 0.4700 0.8449 -0.2555
vn -0.7140 0.6473 -0.2669
vn 0.8997 0.3366 0.2779
vn 0.7168 0.4273 0.5510
vn 0.3304 0.5378 0.7756
vn 0.1134 0.6018 0.7905
vn -0.0296 0.6384 0.7692
vn -0.1153 0.6186 0.7772
vn -0.2036 0.6369 0.7436
vn -0.5342 0.5538 0.6387
vn -0.8820 0.3802 0.2783
vn -0.7228 0.3364 0.6036
vn -0.3633 0.8917 -0.2700
vn 0.8756 0.3355 0.3474
vn 0.7484 0.5356 0.3913
vn 0.3757 0.7385 0.5599
vn 0.0756 0.7680 0.6359
vn -0.0029 0.7405 0.6720
vn -0.1452 0.6862 0.7128
vn -0.2734 0.7643 0.5841
vn -0.5426 0.7319 0.4121
vn -0.8846 0.4095 0.2233
vn -0.4325 0.7258 -0.5350
vn -0.6850 0.6833 -0.2528
vn 0.8624 0.3578 0.3580
vn 0.7278 0.6001 0.3320
vn 0.3662 0.8594 0.3568
vn 0.1191 0.9097 0.3978
vn 0.0534 0.8574 0.5119
vn -0.1474 0.8457 0.5130
vn -0.4104 0.7597 0.5045
vn -0.6043 0.7207 0.3398
vn -0.8771 0.4057 0.2570
vn 0.2803 0.1736 -0.9441
vn -0.4779 0.8301 0.2873
vn 0.9082 0.4143 0.0594
vn 0.7169 0.6849 0.1303
vn 0.3412 0.9080 0.2431
vn 0.1840 0.9291 0.3207
vn 0.0300 0.9499 0.3111
vn -0.1450 0.9752 0.1672
vn -0.3546 0.9057 0.2322
vn -0.6224 0.7097 0.3300
vn -0.8726 0.4214 0.2470
vn 0.2954 0.2641 0.9182
vn 0.9072 0.4205 0.0139
vn 0.3943 0.9174 0.0535
vn -0.2696 0.9597 -0.0792
vn -0.8970 0.4375 -0.0630
vn -0.1075 0.8793 -0.4640
vn 0.0434 0.9988 0.0241
vn -0.1639 0.9843 -0.0658
vn 0.9332 0.3539 0.0625
vn 0.8614 0.5077 -0.0148
vn 0.5338 0.8314 -0.1546
vn 0.2515 0.9269 -0.2786
vn -0.0071 0.9549 -0.2969
vn -0.1382 0.9555 -0.2605
vn -0.1771 0.9651 -0.1930
vn -0.4106 0.8978 -0.1594
vn -0.7729 0.5937 -0.2240
vn -0.9395 0.2987 -0.1678
vn 0.1312 0.9782 -0.1609
vn -0.0984 0.9742 -0.2033
vn -0.1812 0.9702 -0.1610
vn -0.3528 -0.0466 -0.9345
vn -0.5843 0.7926 -0.1741
vn 0.7316 0.6816 0.0138
vn 0.9416 0.3356 -0.0271
vn 0.8559 0.4329 -0.2831
vn 0.5500 0.7448 -0.3779
vn 0.2210 0.8815 -0.4173
vn 0.0397 0.8951 -0.4441
vn -0.1146 0.9082 -0.4025
vn -0.1558 0.8840 -0.4408
vn -0.4230 0.7908 -0.4424
vn -0.7751 0.5660 -0.2807
vn -0.9426 0.2851 -0.1737
vn 0.3540 0.8777 -0.3231
vn 0.7431 0.6381 -0.2015
vn -0.0592 0.9946 0.0858
vn 0.1235 0.9187 -0.3750
vn -0.0742 0.9386 -0.3371
vn -0.1316 0.9414 -0.3106
vn -0.2535 0.9280 -0.2730
vn -0.6803 0.3340 -0.6524
vn -0.6228 0.7508 -0.2201
vn 0.9113 0.4056 -0.0708
vn -0.8849 0.4438 -0.1417
vn 0.9378 0.3011 -0.1728
vn 0.8307 0.4079 -0.3788
vn 0.5646 0.6188 -0.5462
vn 0.1785 0.7207 -0.6699
vn 0.0558 0.7215 -0.6901
vn -0.0747 0.7842 -0.6160
vn -0.2259 0.7719 -0.5943
vn -0.3797 0.7000 -0.6048
vn -0.7555 0.5150 -0.4049
vn -0.9360 0.2678 -0.2286
vn -0.2561 0.7531 -0.6061
vn -0.1500 0.8503 -0.5044
vn -0.6392 0.7643 -0.0847
vn -0.5785 0.6353 -0.5116
vn 0.8983 0.3397 -0.2786
vn -0.8734 0.3812 -0.3030
vn 0.7372 0.5179 -0.4340
vn -0.3422 -0.2595 -0.9031
vn 0.3607 0.8016 -0.4768
vn 0.1145 0.8292 -0.5471
vn -0.0262 0.8436 -0.5364
vn 0.9239 0.1932 -0.3303
vn 0.8425 0.3499 -0.4097
vn 0.4943 0.5240 -0.6936
vn 0.1579 0.5210 -0.8388
vn 0.0889 0.5790 -0.8105
vn -0.0151 0.6030 -0.7976
vn -0.2103 0.5914 -0.7784
vn -0.3851 0.5457 -0.7442
vn -0.7555 0.3812 -0.5328
vn -0.9343 0.2257 -0.2759
vn -0.9688 0.1663 0.1837
vn 0.0937 0.5920 -0.8004
vn 0.3139 0.5757 -0.7550
vn 0.0316 0.6537 -0.7561
vn -0.1356 0.7244 -0.6759
vn -0.2924 0.7175 -0.6322
vn -0.9417 -0.2416 -0.2342
vn -0.5689 0.6223 -0.5378
vn 0.8941 0.3176 -0.3159
vn -0.8799 0.3575 -0.3130
vn 0.7292 0.4988 -0.4685
vn 0.9169 0.1895 -0.3513
vn 0.8504 0.2473 -0.4643
vn 0.4368 0.4337 -0.7881
vn 0.1853 0.4843 -0.8551
vn 0.0986 0.4913 -0.8654
vn -0.0708 0.4469 -0.8918
vn -0.2127 0.4117 -0.8862
vn -0.3695 0.3464 -0.8623
vn -0.6942 0.2694 -0.6675
vn -0.9286 0.1863 -0.3208
vn -0.3922 -0.5558 -0.7330
vn -0.5176 0.3167 -0.7948
vn -0.2715 0.4067 -0.8723
vn 0.8955 0.1729 -0.4100
vn -0.8576 0.2319 -0.4590
vn 0.7085 0.4059 -0.5774
vn 0.6512 -0.4712 -0.5949
vn 0.2551 0.5062 -0.8238
vn 0.1372 0.5386 -0.8313
vn 0.0429 0.5511 -0.8333
vn -0.1249 0.4669 -0.8754
vn 0.8987 0.3445 -0.2713
vn 0.8360 0.2187 -0.5033
vn 0.4319 0.2606 -0.8634
vn 0.1792 0.3045 -0.9355
vn 0.0416 0.2771 -0.9599
vn -0.0478 0.2752 -0.9602
vn -0.2127 0.2951 -0.9315
vn -0.3778 0.3234 -0.8676
vn -0.6989 0.2656 -0.6640
vn -0.9281 0.1691 -0.3317
vn 0.1339 0.4145 -0.9002
vn 0.2567 0.3919 -0.8834
vn 0.0045 0.3707 -0.9288
vn -0.1425 0.4057 -0.9028
vn -0.3012 0.3961 -0.8674
vn -0.1706 0.8278 0.5345
vn -0.5104 0.3565 -0.7826
vn 0.8870 0.2675 -0.3764
vn -0.8456 0.2381 -0.4777
vn 0.6929 0.2882 -0.6609
vn 0.7221 -0.4321 -0.5403
vn 0.9195 0.1617 -0.3584
vn 0.7996 0.0531 -0.5982
vn 0.4219 0.0406 -0.9057
vn 0.1396 0.0705 -0.9877
vn 0.0488 0.1071 -0.9930
vn -0.0691 0.1053 -0.9920
vn -0.1556 0.1061 -0.9821
vn -0.3430 0.1346 -0.9296
vn -0.7031 0.0643 -0.7082
vn -0.9190 -0.0435 -0.3920
vn -0.5138 0.2121 -0.8313
vn -0.2543 0.1926 -0.9477
vn 0.8704 0.2292 -0.4358
vn -0.1705 -0.6591 -0.7325
vn -0.8468 0.1312 -0.5155
vn 0.6634 0.1263 -0.7375
vn 0.1866 -0.8263 -0.5315
vn 0.2491 0.1811 -0.9514
vn 0.0863 0.1676 -0.9821
vn -0.0050 0.1803 -0.9836
vn -0.1138 0.1519 -0.9818
vn 0.9174 -0.0326 -0.3966
vn 0.7833 -0.0948 -0.6143
vn 0.3961 -0.0740 -0.9152
vn 0.2011 -0.0510 -0.9782
vn 0.0658 0.0126 -0.9978
vn -0.0608 0.0307 -0.9977
vn -0.1529 0.0405 -0.9874
vn -0.3537 0.0162 -0.9352
vn -0.7099 -0.0367 -0.7033
vn -0.9053 -0.0604 -0.4204
vn -0.0084 0.0663 -0.9978
vn 0.1106 0.0389 -0.9931
vn -0.1095 0.0786 -0.9909
vn -0.2204 0.0833 -0.9718
vn -0.4621 -0.8333 -0.3034
vn -0.5159 0.0419 -0.8556
vn 0.8714 -0.0520 -0.4878
vn -0.8280 -0.0906 -0.5534
vn 0.6313 -0.0334 -0.7748
vn 0.8180 0.5513 -0.1640
vn 0.2460 -0.0365 -0.9686
vn 0.8989 0.0265 -0.4374
vn 0.7916 -0.0335 -0.6102
vn 0.3628 -0.0693 -0.9293
vn 0.2203 -0.1085 -0.9694
vn 0.1014 -0.0939 -0.9904
vn -0.0622 -0.0821 -0.9947
vn -0.1683 -0.1174 -0.9787
vn -0.3714 -0.1113 -0.9218
vn -0.7184 -0.0327 -0.6948
vn -0.9087 0.0524 -0.4142
vn -0.8358 0.0112 -0.5489
vn -0.5409 -0.0422 -0.8400
vn 0.6164 -0.0748 -0.7839
vn 0.8587 -0.0632 -0.5085
vn 0.3917 -0.4386 -0.8088
vn 0.2517 -0.0846 -0.9641
vn 0.1641 -0.0637 -0.9844
vn 0.0049 -0.0250 -0.9997
vn -0.1047 -0.0244 -0.9942
vn -0.2418 -0.0371 -0.9696
vn -0.5818 -0.5319 -0.6152
vn 0.8970 -0.0330 -0.4407
vn 0.8229 -0.1930 -0.5344
vn 0.3994 -0.3007 -0.8661
vn 0.2112 -0.2198 -0.9524
vn 0.1152 -0.2189 -0.9689
vn -0.0952 -0.2644 -0.9597
vn -0.1902 -0.2896 -0.9381
vn -0.3673 -0.3092 -0.8772
vn -0.7042 -0.2204 -0.6749
vn -0.9268 -0.0947 -0.3634
vn -0.1347 -0.1872 -0.9730
vn 0.0178 -0.1470 -0.9890
vn -0.2489 -0.2095 -0.9456
vn -0.7750 -0.5464 -0.3176
vn -0.5324 -0.1623 -0.8308
vn 0.8554 -0.0369 -0.5167
vn -0.8410 -0.0399 -0.5395
vn 0.6234 -0.0805 -0.7778
vn 0.7996 -0.5565 0.2259
vn 0.2304 -0.1387 -0.9632
vn 0.1813 -0.1575 -0.9707
vn 0.8931 -0.0673 -0.4449
vn 0.8043 -0.3107 -0.5064
vn 0.4763 -0.4280 -0.7681
vn 0.2927 -0.3699 -0.8818
vn 0.0191 -0.4373 -0.8991
vn -0.0772 -0.4566 -0.8863
vn -0.2254 -0.4061 -0.8856
vn -0.3926 -0.4339 -0.8109
vn -0.6927 -0.3592 -0.6254
vn -0.9322 -0.1783 -0.3151
vn 0.6561 -0.4376 -0.6149
vn 0.8710 -0.2241 -0.4372
vn 0.5458 -0.8250 0.1461
vn -0.8479 -0.2289 -0.4781
vn 0.3134 -0.3768 -0.8717
vn 0.1730 -0.2751 -0.9457
vn -0.0193 -0.3568 -0.9340
vn -0.1536 -0.3582 -0.9209
vn -0.2770 -0.3815 -0.8819
vn -0.2904 -0.9389 0.1850
vn -0.5162 -0.3895 -0.7628
vn 0.9147 -0.1969 -0.3529
vn 0.8155 -0.3407 -0.4678
vn 0.5081 -0.4704 -0.7214
vn 0.2821 -0.5940 -0.7534
vn -0.0358 -0.6576 -0.7525
vn 0.0068 -0.6040 -0.7970
vn -0.2613 -0.5632 -0.7839
vn -0.4209 -0.5453 -0.7249
vn -0.7123 -0.4095 -0.5701
vn -0.9316 -0.2023 -0.3021
vn -0.1217 -0.4848 -0.8661
vn -0.0401 -0.5706 -0.8202
vn -0.3310 -0.4646 -0.8213
vn -0.9227 -0.3455 0.1708
vn -0.5280 -0.4340 -0.7300
vn 0.8422 -0.1951 -0.5026
vn -0.8501 -0.2812 -0.4452
vn 0.6559 -0.3245 -0.6816
vn 0.5708 -0.7968 0.1983
vn 0.3937 -0.4184 -0.8185
vn 0.1213 -0.5175 -0.8470
vn 0.9306 -0.3089 -0.1965
vn 0.8263 -0.4483 -0.3409
vn 0.5031 -0.6691 -0.5470
vn 0.2457 -0.7962 -0.5528
vn 0.0325 -0.7764 -0.6294
vn 0.0140 -0.7617 -0.6477
vn -0.2541 -0.7299 -0.6345
vn -0.4255 -0.6523 -0.6273
vn -0.7258 -0.5064 -0.4656
vn -0.9424 -0.2520 -0.2201
vn 0.2558 -0.5910 0.7651
vn -0.8624 -0.3280 -0.3856
vn 0.3759 -0.6674 -0.6428
vn 0.7002 -0.5168 -0.4927
vn 0.0980 -0.7511 -0.6528
vn 0.0116 -0.6923 -0.7215
vn -0.1023 -0.6777 -0.7281
vn -0.3552 -0.6451 -0.6766
vn -0.5840 -0.6875 0.4317
vn -0.5445 -0.5789 -0.6069
vn 0.8902 -0.3788 -0.2531
vn 0.9154 -0.2839 -0.2853
vn 0.8450 -0.4167 -0.3352
vn 0.4786 -0.7342 -0.4815
vn 0.2319 -0.8551 -0.4637
vn 0.0806 -0.8955 -0.4377
vn -0.0420 -0.9002 -0.4334
vn -0.2142 -0.8784 -0.4272
vn -0.4699 -0.7751 -0.4225
vn -0.7400 -0.6140 -0.2746
vn -0.9439 -0.3032 -0.1309
vn -0.3368 -0.7329 -0.5912
vn -0.1125 -0.8443 -0.5239
vn -0.5085 -0.7537 0.4163
vn -0.5667 -0.6436 -0.5144
vn 0.8805 -0.3643 -0.3034
vn -0.8750 -0.4046 -0.2658
vn 0.6987 -0.5384 -0.4711
vn 0.7881 -0.1935 0.5843
vn 0.3261 -0.7942 -0.5128
vn 0.1492 -0.8348 -0.5300
vn 0.0260 -0.8270 -0.5616
vn 0.9177 -0.3161 -0.2407
vn 0.8514 -0.5046 -0.1431
vn 0.4871 -0.8520 -0.1918
vn 0.1911 -0.9467 -0.2593
vn 0.1097 -0.9486 -0.2969
vn -0.0434 -0.9463 -0.3204
vn -0.2630 -0.9316 -0.2508
vn -0.4613 -0.8681 -0.1835
vn -0.7403 -0.6629 -0.1117
vn -0.9435 -0.3304 -0.0243
vn 0.2932 -0.8627 -0.4121
vn 0.7151 -0.6288 -0.3054
vn 0.0591 -0.9892 0.1344
vn 0.1463 -0.9296 -0.3383
vn 0.0302 -0.9365 -0.3494
vn -0.1323 -0.9276 -0.3495
vn -0.3444 -0.8998 -0.2679
vn -0.9192 -0.0450 -0.3912
vn -0.5914 -0.7763 -0.2183
vn 0.8879 -0.3860 -0.2501
vn -0.8713 -0.4840 -0.0815
vn 0.9394 -0.3337 -0.0779
vn 0.8489 -0.5286 0.0014
vn 0.4932 -0.8695 0.0253
vn 0.2885 -0.9564 -0.0449
vn 0.1231 -0.9886 -0.0866
vn -0.0652 -0.9978 -0.0128
vn -0.2998 -0.9539 -0.0128
vn -0.4602 -0.8864 -0.0496
vn -0.7634 -0.6398 -0.0889
vn -0.9375 -0.3253 -0.1236
vn -0.3698 -0.9155 -0.1583
vn -0.1786 -0.9649 -0.1928
vn -0.1678 -0.6154 0.7701
vn -0.5964 -0.7896 -0.1441
vn 0.9002 -0.4249 -0.0957
vn -0.8777 -0.4733 -0.0746
vn 0.7041 -0.7094 -0.0330
vn 0.9222 -0.3795 -0.0745
vn 0.3222 -0.9448 -0.0594
vn 0.1759 -0.9610 -0.2133
vn 0.0530 -0.9686 -0.2428
vn 0.9378 -0.3008 0.1734
vn 0.8614 -0.4846 0.1520
vn 0.5155 -0.8405 0.1670
vn 0.2936 -0.9183 0.2655
vn 0.0514 -0.9347 0.3517
vn -0.0483 -0.9558 0.2901
vn -0.2613 -0.9433 0.2049
vn -0.4475 -0.8774 0.1730
vn -0.7623 -0.6241 0.1715
vn -0.9364 -0.2936 0.1925
vn -0.1349 -0.7157 -0.6852
vn 0.2027 -0.9746 0.0954
vn 0.3785 -0.9235 0.0624
vn 0.0051 -0.9855 0.1693
vn -0.1782 -0.9700 0.1656
vn -0.3578 -0.9276 0.1078
vn -0.1994 0.1931 0.9607
vn -0.5968 -0.8010 0.0481
vn 0.9144 -0.3946 0.0902
vn -0.8829 -0.4694 -0.0158
vn 0.7136 -0.6987 0.0512
vn 0.9382 -0.3038 0.1659
vn 0.8580 -0.4168 0.3001
vn 0.4997 -0.7640 0.4081
vn 0.2071 -0.8484 0.4871
vn 0.0707 -0.8488 0.5240
vn 0.0486 -0.8719 0.4873
vn -0.2258 -0.8654 0.4474
vn -0.4478 -0.8214 0.3533
vn -0.7969 -0.5433 0.2642
vn -0.9360 -0.3001 0.1838
vn -0.6185 -0.7438 0.2536
vn -0.3393 -0.9023 0.2661
vn 0.9155 -0.3359 0.2216
vn -0.9493 0.0128 0.3141
vn -0.8698 -0.3928 0.2986
vn 0.7320 -0.6306 0.2579
vn 0.3177 0.2698 0.9090
vn 0.3442 -0.8650 0.3652
vn 0.1369 -0.8553 0.4997
vn 0.0396 -0.8929 0.4485
vn -0.1105 -0.9411 0.3196
vn 0.9333 -0.3296 0.1424
vn 0.8430 -0.4121 0.3458
vn 0.5222 -0.6705 0.5271
vn 0.1934 -0.8038 0.5626
vn 0.0596 -0.8370 0.5439
vn -0.0131 -0.7749 0.6320
vn -0.1910 -0.7114 0.6763
vn -0.3660 -0.7230 0.5860
vn -0.7821 -0.5581 0.2772
vn -0.9295 -0.3667 0.0380
vn 0.0675 -0.8427 0.5341
vn 0.1119 -0.8605 0.4970
vn -0.0776 -0.7853 0.6142
vn -0.2874 -0.7851 0.5487
vn -0.7693 -0.3375 -0.5424
vn -0.6207 -0.6989 0.3553
vn 0.9031 -0.3569 0.2389
vn -0.8857 -0.4425 0.1400
vn 0.7268 -0.5421 0.4219
vn 0.9421 0.1909 0.2759
vn 0.3061 -0.8163 0.4899
vn 0.9303 -0.2619 0.2568
vn 0.8448 -0.3235 0.4262
vn 0.5140 -0.5387 0.6675
vn 0.2301 -0.6343 0.7380
vn 0.0660 -0.6967 0.7143
vn -0.0901 -0.6896 0.7185
vn -0.2196 -0.6298 0.7450
vn -0.3269 -0.5896 0.7386
vn -0.7599 -0.4679 0.4513
vn -0.9428 -0.2951 0.1549
vn 0.8970 -0.3185 0.3065
vn 0.2682 0.4075 0.8729
vn -0.8817 -0.4266 0.2017
vn -0.5553 -0.6144 0.5604
vn 0.7315 -0.5053 0.4578
vn 0.2438 0.3858 0.8898
vn 0.3237 -0.6807 0.6572
vn 0.1293 -0.7601 0.6369
vn -0.0053 -0.7724 0.6352
vn -0.1328 -0.7044 0.6973
vn -0.2352 -0.6567 0.7166
vn 0.9157 -0.2872 0.2811
vn 0.8449 -0.2908 0.4490
vn 0.5008 -0.4158 0.7591
vn 0.2480 -0.4474 0.8593
vn 0.1050 -0.4789 0.8716
vn -0.1103 -0.4545 0.8839
vn -0.2502 -0.4128 0.8758
vn -0.3394 -0.4067 0.8482
vn -0.7332 -0.2895 0.6153
vn -0.9429 -0.1351 0.3045
vn -0.0089 -0.6064 0.7951
vn 0.1738 -0.5672 0.8050
vn -0.1852 -0.5735 0.7980
vn -0.2616 -0.5418 0.7988
vn -0.8027 0.0077 0.5964
vn -0.5292 -0.4723 0.7049
vn 0.8917 -0.2212 0.3950
vn -0.8822 -0.2992 0.3636
vn 0.7222 -0.3587 0.5915
vn 0.7935 0.6063 0.0531
vn 0.3321 -0.5153 0.7900
vn 0.9129 -0.2355 0.3334
vn 0.8387 -0.1922 0.5096
vn 0.4546 -0.3059 0.8365
vn 0.2383 -0.2894 0.9271
vn 0.0948 -0.2873 0.9531
vn -0.1466 -0.2630 0.9536
vn -0.2273 -0.2600 0.9385
vn -0.3218 -0.2708 0.9073
vn -0.6946 -0.1820 0.6959
vn -0.9279 -0.0478 0.3698
vn -0.8563 -0.1386 0.4975
vn -0.4969 -0.2788 0.8218
vn 0.7095 -0.3505 0.6113
vn 0.8811 -0.2924 0.3717
vn 0.7224 0.6691 0.1746
vn 0.3148 -0.3656 0.8759
vn 0.1904 -0.3647 0.9114
vn -0.0201 -0.3601 0.9327
vn -0.1983 -0.2881 0.9368
vn -0.2651 -0.2974 0.9172
vn -0.0069 0.7427 0.6695
vn 0.9104 -0.0578 0.4097
vn 0.8226 -0.0466 0.5667
vn 0.4417 -0.1635 0.8821
vn 0.1947 -0.1703 0.9660
vn 0.0802 -0.1312 0.9881
vn -0.1448 -0.1069 0.9837
vn -0.1913 -0.1294 0.9730
vn -0.3344 -0.1784 0.9254
vn -0.7129 -0.1143 0.6918
vn -0.9197 0.0321 0.3914
vn -0.1925 -0.2259 0.9549
vn -0.0412 -0.2095 0.9769
vn -0.2468 -0.2544 0.9351
vn -0.7708 0.4317 0.4686
vn -0.4908 -0.2183 0.8435
vn 0.8804 -0.0590 0.4706
vn -0.8458 -0.0788 0.5277
vn 0.6816 -0.1443 0.7174
vn -0.2246 0.3578 0.9064
vn 0.2719 -0.2507 0.9291
vn 0.1784 -0.2162 0.9599
vn 0.8887 -0.1384 0.4372
vn 0.8396 -0.0927 0.5352
vn 0.4509 -0.0381 0.8918
vn 0.1771 -0.0207 0.9840
vn 0.0189 0.0012 0.9998
vn -0.1428 -0.0120 0.9897
vn -0.1436 -0.0677 0.9873
vn -0.3084 -0.0722 0.9485
vn -0.7482 -0.0115 0.6634
vn -0.9176 -0.0138 0.3974
vn 0.6945 -0.1025 0.7121
vn 0.8741 -0.0516 0.4829
vn -0.1925 0.9792 0.0635
vn -0.8570 0.0053 0.5153
vn 0.2583 -0.0994 0.9609
vn 0.1292 -0.0816 0.9883
vn -0.0675 -0.0360 0.9971
vn -0.1636 -0.0144 0.9864
vn -0.2055 -0.0697 0.9762
vn -0.1909 0.9239 0.3316
vn -0.5177 -0.1142 0.8479
vn 0.8961 -0.0652 0.4391
vn 0.8429 0.0833 0.5315
vn 0.4502 0.1745 0.8757
vn 0.2035 0.1575 0.9663
vn 0.0221 0.1474 0.9888
vn -0.0824 0.1226 0.9890
vn -0.1383 0.0933 0.9860
vn -0.3748 0.1251 0.9186
vn -0.7463 0.1227 0.6542
vn -0.9225 0.0150 0.3858
vn -0.1202 -0.0467 0.9917
vn -0.0628 0.0446 0.9970
vn -0.1978 -0.0646 0.9781
vn -0.8787 0.0569 0.4740
vn -0.5494 0.0534 0.8338
vn 0.8616 -0.1000 0.4977
vn -0.8601 0.0074 0.5101
vn 0.6968 0.0061 0.7173
vn 0.8736 -0.1392 0.4662
vn 0.2710 0.0602 0.9607
vn 0.1035 0.0631 0.9926
vn 0.9073 0.0429 0.4182
vn 0.8182 0.2462 0.5195
vn 0.4644 0.3601 0.8091
vn 0.2451 0.3494 0.9044
vn 0.0418 0.2988 0.9534
vn -0.1110 0.2814 0.9531
vn -0.1466 0.3261 0.9339
vn -0.3493 0.2800 0.8942
vn -0.7310 0.1270 0.6704
vn -0.9237 0.0611 0.3783
vn 0.7454 -0.5762 0.3353
vn -0.8570 0.1055 0.5044
vn 0.3056 0.2803 0.9100
vn 0.6811 0.2785 0.6771
vn 0.1269 0.2511 0.9596
vn -0.0451 0.2312 0.9719
vn -0.1103 0.2763 0.9547
vn -0.2286 0.2654 0.9366
vn -0.7737 0.2877 0.5644
vn -0.5616 0.1993 0.8030
vn 0.8821 0.1307 0.4526
vn 0.9046 0.1000 0.4144
vn 0.8081 0.2601 0.5286
vn 0.4674 0.3928 0.7920
vn 0.2764 0.4440 0.8523
vn 0.0625 0.4692 0.8809
vn -0.1061 0.4335 0.8949
vn -0.1772 0.4133 0.8932
vn -0.3189 0.4071 0.8559
vn -0.7400 0.2644 0.6185
vn -0.9246 0.0592 0.3764
vn -0.2088 0.3481 0.9139
vn -0.1483 0.3082 0.9397
vn -0.5733 0.7419 0.3477
vn -0.5241 0.2418 0.8166
vn 0.8583 0.1581 0.4881
vn -0.8556 0.0762 0.5121
vn 0.6661 0.3162 0.6755
vn -0.0271 0.9781 0.2065
vn 0.3388 0.4074 0.8481
vn 0.1710 0.3888 0.9053
vn -0.0428 0.3396 0.9396
vn 0.9289 0.2883 0.2324
vn 0.8465 0.3639 0.3885
vn 0.5066 0.5007 0.7019
vn 0.2142 0.5665 0.7958
vn 0.0316 0.6301 0.7759
vn -0.0782 0.6277 0.7745
vn -0.1507 0.6278 0.7637
vn -0.3213 0.6158 0.7194
vn -0.7548 0.4650 0.4627
vn -0.9406 0.3082 0.1422
vn -0.6214 -0.5799 0.5268
vn 0.1528 0.5361 0.8302
vn 0.3321 0.4564 0.8254
vn -0.0299 0.5700 0.8211
vn -0.1300 0.5449 0.8283
vn -0.2103 0.5161 0.8303
vn -0.7639 0.6433 -0.0513
vn -0.5304 0.4770 0.7008
vn 0.8850 0.2811 0.3711
vn -0.8802 0.2830 0.3810
vn 0.6844 0.3610 0.6335
vn 0.9045 0.2289 0.3599
vn 0.8574 0.4046 0.3181
vn 0.5606 0.6687 0.4885
vn 0.2196 0.7632 0.6077
vn -0.0046 0.7602 0.6497
vn -0.0231 0.7089 0.7049
vn -0.2627 0.7009 0.6631
vn -0.3239 0.8015 0.5027
vn -0.7731 0.5565 0.3044
vn -0.9352 0.3081 0.1749
vn -0.4474 0.7806 -0.4365
vn -0.5344 0.6413 0.5506
vn -0.2195 0.7333 0.6435
vn 0.8997 0.3568 0.2517
vn -0.8822 0.4208 0.2112
vn 0.7413 0.4989 0.4491
vn -0.3010 0.9322 -0.2010
vn 0.3493 0.6472 0.6775
vn 0.0834 0.6772 0.7311
vn -0.0233 0.6887 0.7246
vn -0.1256 0.6575 0.7429
vn 0.8750 0.2409 0.4199
vn 0.8428 0.4371 0.3140
vn 0.5395 0.7635 0.3551
vn 0.2336 0.9032 0.3599
vn 0.0553 0.8841 0.4641
vn 0.0162 0.8554 0.5177
vn -0.3276 0.7918 0.5156
vn -0.4721 0.7658 0.4368
vn -0.7692 0.5749 0.2789
vn -0.9319 0.2660 0.2466
vn 0.0893 0.8522 0.5156
vn 0.3835 0.8051 0.4524
vn 0.0272 0.7969 0.6035
vn -0.1525 0.7429 0.6518
vn -0.3551 0.7546 0.5518
vn -0.5646 0.8085 0.1660
vn -0.5722 0.7566 0.3164
vn 0.8439 0.3235 0.4279
vn -0.8809 0.3940 0.2623
vn 0.7413 0.5587 0.3720
vn -0.1748 0.3879 -0.9050
vn 0.9386 0.3392 0.0635
vn 0.8498 0.5205 0.0839
vn 0.5133 0.8373 0.1884
vn 0.2412 0.9269 0.2876
vn 0.1249 0.9332 0.3370
vn -0.0707 0.9691 0.2362
vn -0.2309 0.9583 0.1687
vn -0.4889 0.8186 0.3014
vn -0.7645 0.5694 0.3022
vn -0.9338 0.2946 0.2028
vn -0.6193 0.6854 0.3829
vn -0.4032 0.8174 0.4114
vn 0.8976 0.3971 0.1912
vn -0.5718 0.3911 -0.7212
vn -0.8745 0.4218 0.2395
vn 0.7178 0.6515 0.2455
vn 0.7947 0.4234 -0.4349
vn 0.3416 0.8956 0.2849
vn 0.1557 0.9320 0.3273
vn 0.0585 0.9102 0.4100
vn -0.1383 0.9342 0.3287
vn -0.9544 0.2920 -0.0614
vn -0.3006 0.9533 0.0299
vn 0.9090 0.4169 0.0064
vn -0.8860 0.4285 0.1774
vn -0.0746 0.4146 0.9069
vn 0.3701 0.9108 0.1829
vn 0.9393 0.3418 0.0303
vn 0.8542 0.5197 0.0138
vn 0.5449 0.8375 0.0403
vn 0.2804 0.9570 0.0748
vn -0.2060 0.9746 -0.0879
vn -0.4010 0.9146 -0.0510
vn -0.7816 0.6220 -0.0481
vn 0.3895 0.9151 -0.1040
vn -0.2609 0.9582 -0.1173
vn 0.9045 0.4253 0.0297
vn -0.8694 0.4188 -0.2621
vn 0.2855 0.1261 -0.9501
vn -0.0234 0.9850 0.1707
vn 0.1869 0.9447 0.2695
vn -0.1721 0.9846 0.0317
vn -0.9914 -0.0230 -0.1292
vn -0.6122 0.7718 0.1718
vn 0.7238 0.6883 0.0483
vn 0.2696 0.9530 -0.1382
vn 0.0003 0.9822 -0.1879
vn -0.1603 0.9686 -0.1902
vn -0.1991 0.9708 -0.1337
vn -0.3928 0.9109 -0.1265
vn 0.9360 0.3485 0.0501
vn -0.7628 0.6025 -0.2349
vn 0.8561 0.5161 0.0274
vn -0.9291 0.2755 -0.2467
vn 0.5430 0.8386 -0.0434
vn 0.5347 0.7991 -0.2750
vn 0.2368 0.9032 -0.3580
vn 0.0135 0.9322 -0.3618
vn -0.1228 0.9391 -0.3208
vn -0.1550 0.9426 -0.2956
vn -0.4290 0.8693 -0.2456
vn 0.9353 0.3515 0.0410
vn -0.7817 0.5949 -0.1870
vn 0.8670 0.4808 -0.1307
vn -0.9451 0.3133 -0.0924
vn -0.1888 0.8110 -0.5537
vn -0.3904 0.7000 -0.5979
vn 0.9428 0.3147 -0.1100
vn -0.7574 0.5223 -0.3918
vn 0.8349 0.3978 -0.3803
vn -0.9367 0.2540 -0.2409
vn 0.5672 0.6840 -0.4588
vn 0.2006 0.8354 -0.5118
vn 0.0531 0.8293 -0.5563
vn -0.1020 0.8570 -0.5052
vn 0.1599 0.5802 -0.7986
vn 0.0661 0.6157 -0.7852
vn -0.0341 0.6976 -0.7157
vn -0.2303 0.7264 -0.6475
vn -0.3866 0.6922 -0.6094
vn 0.9331 0.2683 -0.2395
vn -0.7651 0.4906 -0.4170
vn 0.8361 0.4102 -0.3642
vn -0.9369 0.2684 -0.2239
vn 0.5355 0.5577 -0.6342
vn -0.3651 0.3647 -0.8566
vn 0.9133 0.1382 -0.3830
vn -0.7152 0.2678 -0.6456
vn 0.8458 0.2763 -0.4564
vn -0.9319 0.2068 -0.2979
vn 0.4572 0.4930 -0.7402
vn 0.1702 0.5139 -0.8408
vn 0.1054 0.5594 -0.8222
vn -0.0417 0.5111 -0.8585
vn -0.1988 0.4366 -0.8774
vn 0.1925 0.4144 -0.8895
vn 0.0682 0.3898 -0.9184
vn -0.0634 0.3831 -0.9215
vn -0.2258 0.4084 -0.8844
vn -0.3831 0.3817 -0.8412
vn 0.9102 0.2938 -0.2920
vn -0.6944 0.3043 -0.6521
vn 0.8483 0.2424 -0.4708
vn -0.9278 0.1749 -0.3296
vn 0.4315 0.3525 -0.8304
vn -0.3586 0.2177 -0.9078
vn 0.9018 0.3120 -0.2990
vn -0.7028 0.1738 -0.6898
vn 0.8184 0.1548 -0.5534
vn -0.9288 0.1136 -0.3526
vn 0.4294 0.1515 -0.8903
vn 0.1509 0.1782 -0.9723
vn 0.0384 0.1741 -0.9840
vn -0.0545 0.1670 -0.9844
vn -0.1800 0.1615 -0.9703
vn 0.0579 0.0619 -0.9964
vn -0.0706 0.0701 -0.9950
vn -0.1484 0.0845 -0.9853
vn -0.3421 0.0722 -0.9369
vn 0.9208 -0.0062 -0.3901
vn -0.7026 -0.0183 -0.7113
vn 0.7857 -0.0461 -0.6169
vn -0.8993 -0.1491 -0.4112
vn 0.4109 -0.0374 -0.9109
vn 0.1636 -0.0045 -0.9865
vn -0.7191 -0.0243 -0.6944
vn 0.7868 -0.0822 -0.6117
vn -0.9031 0.0672 -0.4240
vn 0.3778 -0.0772 -0.9227
vn 0.2231 -0.0820 -0.9713
vn 0.0799 -0.0412 -0.9960
vn -0.0548 -0.0202 -0.9983
vn -0.1606 -0.0311 -0.9865
vn -0.3671 -0.0422 -0.9292
vn 0.9094 0.0151 -0.4157
vn -0.0798 -0.1623 -0.9835
vn -0.1775 -0.2045 -0.9626
vn -0.3673 -0.1992 -0.9085
vn 0.8939 0.0057 -0.4482
vn -0.7113 -0.0968 -0.6962
vn 0.8036 -0.0415 -0.5937
vn -0.9207 -0.0314 -0.3891
vn 0.3675 -0.1247 -0.9216
vn 0.2055 -0.1495 -0.9672
vn 0.1200 -0.1511 -0.9812
vn 0.8162 -0.3420 -0.4657
vn -0.9310 -0.1479 -0.3337
vn 0.4412 -0.4479 -0.7776
vn 0.2521 -0.2995 -0.9202
vn 0.0758 -0.3113 -0.9473
vn -0.0975 -0.3680 -0.9247
vn -0.2069 -0.3612 -0.9092
vn -0.3764 -0.3993 -0.8360
vn 0.9021 -0.0718 -0.4254
vn -0.6960 -0.3276 -0.6390
vn -0.0349 -0.5341 -0.8447
vn -0.2444 -0.4616 -0.8528
vn -0.4097 -0.4634 -0.7857
vn 0.8880 -0.0867 -0.4515
vn -0.6991 -0.3671 -0.6136
vn 0.7946 -0.2518 -0.5525
vn -0.9316 -0.1913 -0.3089
vn 0.4887 -0.3844 -0.7832
vn 0.3000 -0.4585 -0.8365
vn -0.0249 -0.5621 -0.8267
vn -0.9345 -0.2170 -0.2821
vn 0.5181 -0.5968 -0.6128
vn 0.2584 -0.7255 -0.6378
vn -0.0098 -0.7278 -0.6857
vn 0.0244 -0.6762 -0.7363
vn -0.2665 -0.6634 -0.6992
vn -0.4225 -0.6272 -0.6544
vn 0.9305 -0.2985 -0.2123
vn -0.7216 -0.4669 -0.5112
vn 0.8253 -0.4454 -0.3471
vn -0.2297 -0.7992 -0.5555
vn -0.4436 -0.6837 -0.5795
vn 0.9217 -0.2851 -0.2630
vn -0.7333 -0.5491 -0.4009
vn 0.8316 -0.4104 -0.3742
vn -0.9463 -0.2885 -0.1458
vn 0.4864 -0.7024 -0.5196
vn 0.2442 -0.8262 -0.5077
vn 0.0641 -0.8274 -0.5579
vn -0.0158 -0.8440 -0.5361
vn 0.4806 -0.7898 -0.3812
vn 0.2016 -0.9011 -0.3840
vn 0.0945 -0.9401 -0.3276
vn -0.0469 -0.9298 -0.3650
vn -0.2280 -0.9241 -0.3068
vn -0.4712 -0.8466 -0.2476
vn 0.9139 -0.3005 -0.2731
vn -0.7360 -0.6599 -0.1511
vn 0.8531 -0.4604 -0.2453
vn -0.9445 -0.3210 -0.0706
vn -0.2933 -0.9402 -0.1734
vn -0.4597 -0.8749 -0.1527
vn 0.9276 -0.3261 -0.1820
vn -0.7551 -0.6457 -0.1139
vn 0.8481 -0.5266 -0.0578
vn -0.9442 -0.3233 -0.0636
vn 0.4880 -0.8725 -0.0241
vn 0.2319 -0.9631 -0.1368
vn 0.1251 -0.9603 -0.2494
vn -0.0498 -0.9749 -0.2169
vn 0.3098 -0.9482 0.0697
vn 0.0874 -0.9871 0.1340
vn -0.0726 -0.9808 0.1810
vn -0.2816 -0.9497 0.1370
vn -0.4519 -0.8884 0.0808
vn 0.9439 -0.3247 0.0605
vn -0.7619 -0.6476 0.0091
vn 0.8547 -0.5148 0.0671
vn -0.9466 -0.3221 -0.0147
vn 0.5063 -0.8605 0.0569
vn -0.4530 -0.8552 0.2519
vn 0.9335 -0.2876 0.2142
vn -0.7762 -0.5658 0.2782
vn 0.8634 -0.4469 0.2340
vn -0.9253 -0.2691 0.2673
vn 0.5075 -0.8055 0.3060
vn 0.2509 -0.8621 0.4402
vn 0.0519 -0.8637 0.5012
vn 0.0079 -0.9262 0.3770
vn -0.2450 -0.9266 0.2852
vn 0.0729 -0.8602 0.5047
vn 0.0349 -0.8120 0.5826
vn -0.2035 -0.7745 0.5990
vn -0.4138 -0.7805 0.4685
vn 0.9366 -0.3291 0.1202
vn -0.7966 -0.5577 0.2332
vn 0.8480 -0.4066 0.3399
vn -0.9344 -0.3505 0.0637
vn 0.5092 -0.7175 0.4752
vn 0.1874 -0.8489 0.4942
vn 0.9328 -0.3042 0.1932
vn -0.7694 -0.5239 0.3654
vn 0.8446 -0.3936 0.3629
vn -0.9342 -0.3477 0.0800
vn 0.5221 -0.6176 0.5882
vn 0.2118 -0.7225 0.6581
vn 0.0531 -0.7791 0.6246
vn -0.0593 -0.7438 0.6658
vn -0.1988 -0.6711 0.7142
vn -0.3344 -0.6503 0.6821
vn 0.0910 -0.5929 0.8001
vn -0.1037 -0.5956 0.7966
vn -0.2401 -0.5554 0.7962
vn -0.3342 -0.5201 0.7860
vn 0.9247 -0.2418 0.2941
vn -0.7503 -0.3884 0.5350
vn 0.8419 -0.2663 0.4694
vn -0.9472 -0.2123 0.2403
vn 0.5088 -0.4577 0.7291
vn 0.2420 -0.5438 0.8036
vn -0.7098 -0.2144 0.6710
vn 0.8442 -0.2982 0.4454
vn -0.9344 -0.0807 0.3471
vn 0.4795 -0.3798 0.7911
vn 0.2478 -0.3565 0.9008
vn 0.1012 -0.3729 0.9223
vn -0.1271 -0.3228 0.9379
vn -0.2419 -0.2823 0.9283
vn -0.3296 -0.3038 0.8939
vn 0.9065 -0.3157 0.2804
vn -0.1490 -0.2127 0.9657
vn -0.2119 -0.2442 0.9463
vn -0.3306 -0.2478 0.9107
vn 0.9156 -0.1138 0.3856
vn -0.6967 -0.1567 0.7001
vn 0.8233 -0.0722 0.5629
vn -0.9239 -0.0147 0.3824
vn 0.4412 -0.2256 0.8686
vn 0.2181 -0.2348 0.9472
vn 0.0930 -0.2098 0.9733
vn 0.8332 -0.0753 0.5478
vn -0.9179 0.0485 0.3938
vn 0.4486 -0.1040 0.8877
vn 0.1796 -0.0957 0.9791
vn 0.0476 -0.0593 0.9971
vn -0.1482 -0.0171 0.9888
vn -0.1650 -0.0337 0.9857
vn -0.3166 -0.1076 0.9424
vn 0.9030 -0.0761 0.4228
vn -0.7339 -0.0656 0.6761
vn -0.1098 0.0015 0.9939
vn -0.1328 -0.0759 0.9882
vn -0.3380 -0.0080 0.9411
vn 0.8786 -0.1603 0.4498
vn -0.7510 0.0576 0.6578
vn 0.8419 -0.0498 0.5373
vn -0.9141 -0.0617 0.4007
vn 0.4484 0.0500 0.8924
vn 0.1862 0.0583 0.9808
vn 0.0148 0.0645 0.9978
vn -0.9265 0.0949 0.3642
vn 0.4567 0.2954 0.8391
vn 0.2224 0.2660 0.9380
vn 0.0299 0.2340 0.9718
vn -0.0916 0.2517 0.9635
vn -0.1408 0.2804 0.9495
vn -0.3773 0.2399 0.8945
vn 0.9117 0.0420 0.4087
vn -0.7393 0.1466 0.6572
vn 0.8315 0.2141 0.5125
vn -0.1678 0.3336 0.9276
vn -0.3222 0.3179 0.8917
vn 0.8946 0.0286 0.4459
vn -0.7297 0.1491 0.6673
vn 0.8079 0.2378 0.5393
vn -0.9195 0.0270 0.3921
vn 0.4672 0.3815 0.7976
vn 0.2706 0.4029 0.8743
vn 0.0563 0.3688 0.9278
vn -0.1139 0.3105 0.9437
vn 0.2496 0.4928 0.8336
vn 0.0535 0.5635 0.8244
vn -0.0937 0.5617 0.8220
vn -0.1584 0.5268 0.8351
vn -0.3270 0.5099 0.7957
vn 0.9226 0.2074 0.3252
vn -0.7461 0.3896 0.5399
vn 0.8242 0.3055 0.4768
vn -0.9441 0.1877 0.2711
vn 0.4783 0.4228 0.7697
vn -0.3061 0.7265 0.6152
vn 0.9290 0.2989 0.2183
vn -0.7669 0.5120 0.3870
vn 0.8583 0.4059 0.3140
vn -0.9332 0.3466 0.0953
vn 0.5399 0.5997 0.5907
vn 0.2043 0.6634 0.7198
vn 0.0067 0.6907 0.7232
vn -0.0552 0.6669 0.7431
vn -0.1920 0.6902 0.6977
vn 0.2334 0.8458 0.4797
vn 0.0117 0.8289 0.5593
vn 0.0083 0.7698 0.6382
vn -0.3182 0.7156 0.6218
vn -0.3957 0.8093 0.4341
vn 0.8417 0.1681 0.5130
vn -0.7739 0.5768 0.2615
vn 0.8470 0.4014 0.3485
vn -0.9288 0.2596 0.2644
vn 0.5594 0.7149 0.4195
vn -0.5020 0.7527 0.4259
vn 0.9240 0.3243 0.2025
vn -0.7634 0.5673 0.3088
vn 0.8470 0.4893 0.2079
vn -0.9358 0.2890 0.2019
vn 0.5168 0.8101 0.2769
vn 0.2297 0.9288 0.2908
vn 0.1048 0.9162 0.3868
vn -0.0135 0.9293 0.3692
vn -0.2855 0.8904 0.3546
vn 0.0982 0.9665 0.2371
vn -0.1299 0.9870 0.0951
vn -0.2062 0.9785 0.0038
vn -0.4445 0.8898 0.1035
vn 0.9407 0.3383 0.0257
vn -0.7776 0.5990 0.1910
vn 0.8516 0.5241 0.0120
vn -0.9428 0.2953 0.1544
vn 0.5302 0.8408 0.1094
vn 0.2670 0.9315 0.2470
vn 0.1722 0.9739 -0.1481
vn 0.2381 0.8885 -0.3922
vn 0.6150 0.6511 0.4448
vn 0.2875 0.9549 0.0748
vn 0.0889 0.5239 -0.8472
vn 0.3112 0.4791 -0.8207
vn -0.1645 0.7330 -0.6600
vn 0.0251 0.3376 -0.9410
vn 0.2006 -0.0636 -0.9776
vn 0.0710 -0.1209 -0.9901
vn 0.0896 -0.3938 -0.9148
vn 0.1326 -0.9368 -0.3237
vn 0.1209 -0.6786 -0.7245
vn 0.1317 -0.8720 -0.4715
vn 0.1246 -0.8695 -0.4779
vn 0.0346 -0.8206 -0.5704
vn -0.0011 -0.9823 0.1872
vn 0.2818 -0.8818 0.3783
vn 0.2784 -0.9605 -0.0056
vn 0.2132 -0.7685 0.6033
vn 0.4402 -0.3470 0.8281
vn -0.1822 -0.6423 0.7445
vn 0.2733 0.0848 0.9582
vn -0.0211 0.3501 0.9365
vn 0.1773 -0.1553 0.9718
vn 0.1348 -0.1379 0.9812
vn 0.0455 -0.0154 0.9988
vn 0.1084 0.4626 0.8799
vn 0.1475 0.8907 0.4301
vn 0.1048 0.8909 0.4420
vn 0.0855 0.8769 0.4730
vn 0.1514 0.9557 0.2525
vn 0.0100 0.9582 -0.2861
vn -0.0596 0.9120 -0.4059
vn -0.4557 -0.1907 -0.8695
vn -0.3227 0.9441 -0.0672
vn -0.1987 0.2255 -0.9538
vn 0.1290 0.3712 -0.9196
vn -0.2031 0.6544 -0.7284
vn -0.0811 0.2522 -0.9643
vn 0.1656 -0.1352 -0.9769
vn -0.0908 -0.1773 -0.9800
vn -0.0822 -0.5942 -0.8001
vn -0.1610 -0.9859 0.0450
vn -0.1014 -0.7901 -0.6046
vn -0.1455 -0.9450 -0.2928
vn -0.2345 -0.8443 -0.4818
vn -0.3713 -0.7582 -0.5360
vn -0.1680 -0.9024 0.3968
vn -0.0105 -0.7892 0.6140
vn -0.1797 -0.9595 0.2169
vn -0.0530 -0.4652 0.8836
vn -0.1717 -0.5404 0.8237
vn -0.3432 -0.4252 0.8375
vn 0.0995 0.5189 0.8490
vn -0.4297 0.7594 0.4884
vn -0.1205 0.0403 0.9919
vn -0.1743 -0.0600 0.9829
vn -0.3891 0.4183 0.8207
vn 0.1287 0.1888 0.9735
vn -0.1003 0.8929 0.4390
vn -0.0579 0.9297 0.3637
vn 0.0012 0.9995 0.0315
vn -0.1989 0.9796 -0.0285
vn -0.4662 0.7466 0.4747
vn -0.4006 0.7743 0.4899
vn -0.6631 0.1768 0.7274
vn -0.7693 -0.3132 0.5569
vn -0.7219 0.6455 -0.2496
vn -0.6412 0.5276 -0.5572
vn -0.7845 -0.5095 0.3536
vn -0.6966 -0.7175 -0.0029
vn -0.6787 0.6043 0.4173
vn -0.6846 0.5820 0.4390
vn -0.7113 -0.5659 0.4168
vn -0.7038 -0.4852 -0.5190
vn -0.7051 -0.6241 -0.3367
vn -0.7463 -0.2895 -0.5993
vn -0.6802 0.2417 -0.6920
vn -0.6943 0.0152 -0.7195
vn -0.7509 -0.0873 -0.6546
vn -0.6356 0.2268 0.7380
vn -0.6734 0.2087 0.7092
vn -0.7121 -0.3602 0.6026
vn -0.7118 -0.5990 -0.3668
vn -0.7209 -0.4491 -0.5278
vn -0.6610 0.6945 -0.2840
vn -0.6901 0.7138 -0.1193
vn -0.6951 0.0551 -0.7168
vn -0.6884 0.0733 0.7216
vn -0.6540 -0.1292 0.7454
vn -0.6794 -0.5765 0.4538
vn -0.6776 -0.4858 -0.5522
vn -0.7439 0.6676 -0.0296
vn -0.7180 0.6117 0.3322
vn -0.7044 0.3461 0.6197
vn 0.7528 -0.2657 0.6022
vn 0.7324 -0.6479 0.2094
vn 0.6776 0.5840 -0.4469
vn 0.6670 0.7248 0.1727
vn 0.3157 -0.5074 0.8018
vn 0.6678 -0.2139 0.7129
vn 0.6794 -0.7250 -0.1132
vn 0.6726 -0.6968 -0.2492
vn 0.7224 -0.6323 -0.2800
vn 0.7215 -0.2520 -0.6450
vn 0.0530 -0.8314 -0.5532
vn 0.4262 0.7643 0.4840
vn 0.7642 -0.0598 -0.6422
vn 0.5823 0.5591 -0.5902
vn 0.5692 -0.4555 0.6844
vn 0.5145 0.5745 0.6365
vn 0.5713 -0.6735 -0.4690
vn 0.7177 -0.6953 0.0378
vn 0.6718 -0.3767 0.6378
vn 0.6966 -0.2184 0.6835
vn 0.7231 -0.3666 -0.5855
vn 0.6403 0.7557 -0.1374
vn 0.6564 0.7541 -0.0218
vn 0.7056 -0.6556 -0.2688
vn 0.5674 0.4747 0.6729
vn 0.6589 0.1138 -0.7436
vn 0.6542 0.3508 -0.6701
vn 0.6915 -0.0586 0.7200
vn 0.5251 0.6169 0.5862
vn 0.7322 -0.6569 0.1796
vn 0.6831 0.6286 -0.3717
vn 0.6317 0.2492 -0.7341
vn 0.2195 0.8582 -0.4640
vn 0.2924 0.9558 -0.0323
vn 0.6437 0.3699 0.6699
vn -0.0119 0.7038 -0.7103
vn 0.2058 0.4801 -0.8528
vn 0.1894 0.5768 -0.7946
vn -0.0033 0.6112 -0.7914
vn 0.1222 0.0871 -0.9887
vn 0.1167 -0.1775 -0.9772
vn 0.0948 -0.1063 -0.9898
vn 0.0603 -0.8319 -0.5517
vn 0.1223 -0.7845 -0.6080
vn 0.1349 -0.7149 -0.6861
vn 0.1090 -0.9405 -0.3219
vn 0.1286 -0.7524 -0.6460
vn -0.0468 -0.9692 -0.2416
vn 0.1353 -0.8771 0.4608
vn 0.1215 -0.9447 0.3047
vn 0.2612 -0.9304 -0.2573
vn 0.2928 0.0016 0.9562
vn 0.1266 -0.8364 0.5332
vn -0.0170 -0.2314 0.9727
vn 0.1089 0.3239 0.9398
vn 0.1588 0.2428 0.9570
vn 0.1508 -0.2463 0.9574
vn 0.1019 -0.0087 0.9948
vn 0.0366 0.1168 0.9925
vn 0.1367 0.7477 0.6498
vn 0.1235 0.9450 0.3028
vn 0.1162 0.6765 0.7272
vn 0.1483 0.9873 0.0566
vn 0.1289 0.9561 0.2630
vn -0.4998 0.7180 0.4843
vn -0.3078 0.7303 0.6098
vn -0.7663 0.1036 0.6340
vn -0.7106 -0.4171 0.5667
vn -0.8111 0.5719 -0.1229
vn -0.5871 0.5359 -0.6067
vn -0.8858 -0.3972 0.2399
vn -0.5840 -0.8112 0.0294
vn -0.7733 0.5081 0.3792
vn -0.6197 0.6442 0.4484
vn -0.8006 -0.4501 0.3956
vn -0.6427 -0.5594 -0.5235
vn -0.8194 -0.4492 -0.3560
vn -0.6802 -0.2640 -0.6838
vn -0.5927 0.2782 -0.7559
vn -0.7871 0.0772 -0.6120
vn -0.6549 -0.0042 -0.7557
vn -0.7278 0.1924 0.6582
vn -0.6006 0.2569 0.7571
vn -0.5731 -0.4497 0.6851
vn -0.8143 -0.4822 -0.3231
vn -0.6454 -0.5437 -0.5365
vn -0.7817 0.5854 -0.2153
vn -0.6031 0.7843 -0.1456
vn -0.6344 0.0363 -0.7721
vn -0.7674 0.0650 0.6379
vn -0.6209 -0.1117 0.7759
vn -0.7865 -0.4845 0.3830
vn -0.6213 -0.5435 -0.5644
vn -0.8344 0.5155 0.1949
vn -0.6219 0.7565 0.2024
vn -0.6638 0.4086 0.6264
vn -0.1393 0.5704 -0.8094
vn -0.0722 0.9016 -0.4265
vn -0.9412 -0.0571 0.3330
vn -0.1954 0.6792 -0.7075
vn -0.0828 0.2512 -0.9644
vn 0.1027 0.5500 -0.8288
vn -0.2105 0.3579 -0.9097
vn 0.0109 0.1595 -0.9871
vn 0.0243 -0.2908 -0.9565
vn -0.0978 -0.2027 -0.9744
vn -0.0376 -0.9653 -0.2583
vn -0.1462 -0.9263 -0.3473
vn -0.0652 -0.6847 -0.7259
vn -0.2135 -0.9411 0.2622
vn -0.1958 -0.3220 -0.9263
vn -0.1789 -0.9800 -0.0878
vn 0.0841 -0.6290 0.7729
vn -0.1291 -0.8939 0.4292
vn -0.0247 -0.9048 0.4252
vn -0.1579 -0.1293 0.9790
vn -0.2114 -0.8087 0.5490
vn 0.0323 0.1647 0.9858
vn -0.2302 0.6809 0.6952
vn -0.2874 0.7835 0.5510
vn -0.2198 -0.2651 0.9388
vn -0.1661 0.2810 0.9452
vn -0.2445 0.0106 0.9696
vn -0.1025 0.8117 0.5750
vn -0.0882 0.9436 0.3192
vn -0.0340 0.9288 0.3690
vn -0.1638 0.9459 -0.2802
vn -0.0897 0.9783 0.1868
vn 0.8350 -0.2544 0.4879
vn 0.6163 -0.7591 0.2096
vn 0.7440 0.6121 -0.2680
vn 0.6118 0.7849 0.0983
vn 0.5068 -0.4343 0.7446
vn 0.5211 -0.1086 0.8466
vn 0.7768 -0.6255 -0.0727
vn 0.5690 -0.7771 -0.2690
vn 0.8304 -0.4782 -0.2860
vn 0.6884 -0.3339 -0.6439
vn -0.1039 -0.9224 -0.3719
vn 0.1343 0.7168 0.6842
vn 0.8268 -0.0116 -0.5624
vn 0.5606 0.5528 -0.6165
vn 0.6060 -0.5261 0.5967
vn 0.4243 0.7284 0.5379
vn 0.6576 -0.5205 -0.5446
vn 0.5997 -0.8000 -0.0193
vn 0.7884 -0.3037 0.5349
vn 0.5852 -0.2157 0.7816
vn 0.6768 -0.3852 -0.6274
vn 0.6532 0.7263 -0.2143
vn 0.6127 0.7829 0.1081
vn 0.6450 -0.6649 -0.3767
vn 0.6772 0.6595 0.3264
vn 0.7534 0.0853 -0.6520
vn 0.5981 0.3537 -0.7191
vn 0.5766 -0.0515 0.8154
vn 0.5437 0.5030 0.6718
vn 0.6481 -0.7172 0.2559
vn 0.5893 0.6052 -0.5352
vn 0.6131 0.2198 -0.7588
vn -0.4666 0.7731 0.4297
vn -0.6861 0.6854 0.2439
vn -0.6049 0.2182 0.7658
vn -0.8479 -0.2580 0.4631
vn -0.5788 0.7191 -0.3846
vn -0.7391 0.5003 -0.4510
vn -0.6585 -0.5932 0.4631
vn -0.7702 -0.6301 -0.0988
vn -0.6236 0.6337 0.4578
vn -0.7818 0.4499 0.4317
vn -0.6438 -0.6536 0.3979
vn -0.7965 -0.3704 -0.4779
vn -0.6086 -0.7326 -0.3049
vn -0.8348 -0.2344 -0.4982
vn -0.8033 0.2294 -0.5497
vn -0.6340 -0.0279 -0.7728
vn -0.8373 -0.0153 -0.5465
vn -0.5959 0.1964 0.7787
vn -0.7918 0.0819 0.6052
vn -0.7965 -0.2916 0.5297
vn -0.6434 -0.6446 -0.4129
vn -0.8184 -0.2886 -0.4969
vn -0.5767 0.7700 -0.2729
vn -0.8094 0.5853 -0.0481
vn -0.7845 0.0962 -0.6126
vn -0.6477 0.0647 0.7591
vn -0.7226 -0.1772 0.6681
vn -0.5701 -0.6339 0.5226
vn -0.7757 -0.3853 -0.4999
vn -0.6392 0.7195 0.2714
vn -0.7916 0.5089 0.3382
vn -0.7745 0.2727 0.5708
vn -0.7123 -0.5984 -0.3667
vn -0.6239 0.4409 0.6452
vn -0.7017 0.1937 0.6857
vn -0.6490 -0.5350 0.5409
vn -0.6875 0.0940 -0.7200
vn -0.6556 -0.1179 0.7459
vn -0.6847 0.7087 0.1700
vn -0.7433 0.5666 -0.3556
vn -0.7260 0.1172 -0.6776
vn -0.4333 0.1670 0.8857
vn -0.7262 -0.4905 -0.4817
vn -0.6972 0.4594 0.5504
vn -0.6083 0.7863 -0.1083
vn -0.6233 -0.3962 -0.6742
vn -0.7179 -0.1438 0.6811
vn -0.6913 -0.6651 0.2823
vn -0.6718 -0.0233 0.7404
vn -0.6374 0.7705 0.0075
vn -0.7134 -0.0463 -0.6992
vn -0.6515 0.6548 -0.3831
vn -0.7162 -0.5093 -0.4772
vn -0.6592 -0.6805 0.3201
vn -0.5473 0.5205 0.6553
vn -0.6807 -0.1802 -0.7100
vn -0.6072 0.0942 -0.7889
vn -0.7104 -0.6057 -0.3584
vn -0.7928 -0.6082 -0.0403
vn -0.6762 0.6544 0.3384
vn -0.4620 -0.8185 -0.3414
vn -0.3519 0.9340 0.0610
vn -0.6472 0.2682 0.7136
vn -0.0321 0.5417 0.8400
vn 0.6892 -0.2475 0.6810
vn 0.8428 -0.5058 0.1839
vn 0.7049 0.6269 -0.3319
vn 0.7473 0.6176 0.2451
vn 0.3879 -0.2699 0.8813
vn 0.7742 -0.2735 0.5708
vn 0.6343 -0.7632 -0.1231
vn 0.7772 -0.5943 -0.2067
vn 0.6137 -0.7687 -0.1803
vn 0.7877 -0.1791 -0.5895
vn -0.0876 -0.7004 -0.7084
vn 0.5257 0.7817 0.3356
vn 0.7260 -0.0982 -0.6807
vn 0.6447 0.5379 -0.5431
vn 0.5469 -0.3351 0.7672
vn 0.5923 0.4797 0.6474
vn 0.5136 -0.7013 -0.4944
vn 0.8488 -0.5255 0.0575
vn 0.5645 -0.4994 0.6573
vn 0.8123 -0.1821 0.5541
vn 0.8014 -0.3138 -0.5091
vn 0.6629 0.7487 0.0094
vn 0.7176 0.6761 -0.1674
vn 0.7884 -0.5973 -0.1473
vn 0.5655 0.3834 0.7302
vn 0.6261 0.1569 -0.7638
vn 0.7530 0.3681 -0.5454
vn 0.8168 -0.0440 0.5752
vn 0.6334 0.5650 0.5288
vn 0.8319 -0.5492 0.0793
vn 0.7887 0.5524 -0.2698
vn 0.6969 0.2271 -0.6803
vn 0.7191 -0.0610 0.6923
vn 0.6211 -0.0510 -0.7821
vn 0.6618 0.5906 -0.4618
vn 0.6944 0.7039 0.1495
vn 0.7289 -0.4144 -0.5449
vn 0.6369 -0.5029 0.5843
vn 0.6592 0.4236 -0.6214
vn 0.7147 -0.1792 0.6761
vn 0.7028 0.6970 0.1423
vn 0.5733 0.5684 -0.5901
vn 0.5755 -0.4273 0.6973
vn 0.4839 -0.4887 -0.7260
vn 0.6951 -0.6891 -0.2048
vn 0.6488 0.3918 -0.6524
vn 0.7177 -0.6886 0.1039
vn 0.3348 0.8287 0.4484
vn 0.7247 0.2427 0.6449
vn 0.6699 0.3507 -0.6544
vn 0.5444 0.4628 0.6996
vn 0.7155 -0.5693 -0.4050
vn 0.5927 0.7776 -0.2098
vn 0.7191 -0.2284 -0.6563
vn 0.6840 -0.3147 0.6581
vn 0.6197 -0.6480 -0.4428
vn 0.6395 -0.0946 0.7630
vn 0.6672 0.3671 -0.6481
vn -0.5446 -0.2278 0.8071
vn 0.7415 -0.4848 -0.4638
vn 0.6101 -0.7655 0.2043
vn -0.1739 -0.8744 0.4530
vn 0.6996 0.7072 -0.1022
vn 0.7693 -0.4882 0.4122
vn -0.0055 0.4536 0.8912
vn -0.6191 0.2101 0.7567
vn -0.3948 0.9137 -0.0959
vn -0.4262 -0.8467 -0.3185
vn -0.6125 0.6914 0.3831
vn -0.7130 -0.6968 -0.0779
vn -0.6473 -0.6452 -0.4057
vn -0.5501 0.1656 -0.8185
vn -0.6261 -0.1521 -0.7648
vn -0.4977 0.5069 0.7038
vn -0.5620 -0.7841 0.2634
vn -0.6414 -0.5629 -0.5213
vn -0.5602 0.7314 -0.3889
vn -0.6462 -0.0438 -0.7619
vn -0.5544 0.8294 0.0691
vn -0.6356 -0.0112 0.7719
vn -0.6302 -0.7152 0.3022
vn -0.6606 -0.0424 0.7496
vn -0.5806 -0.4543 -0.6757
vn -0.5794 0.8117 -0.0731
vn -0.6424 0.5446 0.5393
vn -0.6460 -0.6096 -0.4594
vn -0.3946 0.1343 0.9090
vn -0.6646 0.1892 -0.7229
vn -0.6758 0.5649 -0.4735
vn -0.6214 0.7641 0.1733
vn -0.6190 -0.1120 0.7774
vn -0.6312 0.0575 -0.7735
vn -0.5357 -0.5627 0.6296
vn -0.6642 0.2030 0.7194
vn -0.5963 0.4868 0.6383
vn -0.6449 -0.6561 -0.3920
vn 0.6825 -0.6335 0.3646
vn 0.6684 0.7373 0.0978
vn -0.0667 -0.8296 0.5543
vn 0.5178 -0.8118 0.2699
vn 0.6705 -0.6684 -0.3221
vn -0.5922 -0.4309 0.6809
vn 0.6290 0.3804 -0.6780
vn 0.5934 0.1230 0.7954
vn 0.5482 -0.7897 -0.2753
vn 0.5683 -0.4297 0.7016
vn 0.6672 -0.2244 -0.7103
vn 0.6071 0.7931 -0.0499
vn 0.6437 -0.5932 -0.4834
vn 0.6377 0.7454 0.1940
vn 0.6209 0.3814 -0.6848
vn 0.5899 0.2335 0.7730
vn 0.3808 0.7898 0.4808
vn 0.6249 -0.7538 0.2033
vn 0.6188 0.5510 -0.5599
vn 0.6262 -0.7313 -0.2703
vn 0.4162 -0.5091 -0.7534
vn 0.5192 -0.3356 0.7860
vn 0.5699 0.5329 -0.6255
vn 0.6267 0.7331 0.2644
vn 0.6016 -0.0649 0.7961
vn 0.6452 0.4684 -0.6036
vn 0.5841 -0.6228 0.5205
vn 0.6800 -0.4716 -0.5614
vn 0.7004 0.6894 0.1847
vn 0.5698 0.4753 -0.6703
vn 0.5968 -0.0336 -0.8017
vn 0.6391 -0.1828 0.7471
vn -0.8122 -0.4823 -0.3281
vn -0.7263 0.3862 0.5686
vn -0.7729 0.1842 0.6072
vn -0.7512 -0.4283 0.5022
vn -0.7738 0.1437 -0.6169
vn -0.7321 -0.1455 0.6655
vn -0.8010 0.5707 0.1807
vn -0.8306 0.5167 -0.2078
vn -0.8301 -0.0422 -0.5560
vn -0.6137 0.1258 0.7795
vn -0.8232 -0.3168 -0.4711
vn -0.7784 0.3372 0.5296
vn -0.7926 0.6022 -0.0958
vn -0.7203 -0.3069 -0.6221
vn -0.8035 -0.2363 0.5465
vn -0.8065 -0.5811 0.1087
vn -0.7433 -0.0733 0.6649
vn -0.7543 0.6560 0.0265
vn -0.8063 -0.0116 -0.5914
vn -0.7820 0.5438 -0.3044
vn -0.8185 -0.3750 -0.4352
vn -0.7858 -0.5651 0.2513
vn -0.6778 0.4180 0.6048
vn -0.8009 -0.1518 -0.5792
vn -0.7182 0.0739 -0.6919
vn -0.8160 -0.4740 -0.3309
vn -0.8809 -0.4725 -0.0283
vn -0.7788 0.5358 0.3264
vn -0.6376 -0.6957 -0.3310
vn -0.4171 0.8895 0.1868
vn -0.7308 0.2495 0.6353
vn -0.4989 0.6974 0.5145
vn 0.8167 -0.0595 0.5740
vn 0.6972 -0.1028 -0.7094
vn 0.7270 0.6866 0.0063
vn 0.7348 0.6567 0.1699
vn 0.8123 -0.3121 -0.4928
vn 0.8005 -0.4630 0.3806
vn 0.7365 0.2836 -0.6141
vn 0.8255 -0.2194 0.5201
vn 0.8166 0.5768 0.0228
vn 0.6189 0.5674 -0.5432
vn 0.6395 -0.4852 0.5964
vn 0.6696 -0.5163 -0.5339
vn 0.7905 -0.6001 -0.1223
vn 0.7185 0.2516 -0.6484
vn 0.8225 -0.5678 0.0323
vn 0.3582 0.8297 0.4281
vn 0.8287 0.3520 0.4351
vn 0.7636 0.3501 -0.5425
vn 0.5511 0.3364 0.7637
vn 0.7998 -0.5438 -0.2540
vn 0.6029 0.7209 -0.3418
vn 0.7981 -0.2064 -0.5661
vn 0.8033 -0.1989 0.5614
vn 0.6148 -0.4695 -0.6338
vn 0.6978 -0.2031 0.6869
vn 0.7421 0.3294 -0.5838
vn -0.6069 -0.0650 0.7921
vn 0.8134 -0.2961 -0.5007
vn 0.7507 -0.6545 0.0900
vn -0.1257 -0.8621 0.4909
vn 0.7611 0.6263 -0.1684
vn 0.8495 -0.3578 0.3877
vn 0.3168 -0.8815 -0.3502
vn 0.3058 -0.9306 -0.2010
vn -0.1534 -0.9151 -0.3729
vn 0.1051 -0.8932 -0.4373
vn -0.2947 -0.6655 0.6857
vn 0.1474 -0.9799 -0.1344
vn -0.6846 -0.6266 -0.3724
vn 0.3854 -0.7680 0.5115
vn 0.6777 -0.7286 -0.0990
vn 0.1422 -0.7557 0.6393
vn -0.2497 -0.6984 0.6707
vn 0.2589 -0.9360 -0.2385
vn -0.2238 -0.7964 0.5618
vn 0.5057 -0.4819 0.7156
vn -0.1905 -0.3521 0.9164
vn 0.2127 -0.4981 0.8406
vn 0.1316 -0.7711 0.6230
vn 0.2277 -0.4536 0.8616
vn -0.6538 -0.3384 0.6768
vn 0.3259 -0.2307 0.9168
vn -0.2373 0.1552 0.9590
vn 0.3913 0.2365 0.8894
vn -0.1308 -0.0015 0.9914
vn 0.3190 0.2061 0.9251
vn -0.5535 0.1643 0.8165
vn 0.2570 0.3064 0.9166
vn -0.3827 0.7383 0.5554
vn 0.2464 0.5471 0.8000
vn -0.3185 0.5571 0.7669
vn 0.1257 0.3251 0.9373
vn -0.1011 0.9826 0.1560
vn 0.7736 0.5889 0.2339
vn -0.0028 0.4683 0.8836
vn 0.2873 0.9352 -0.2072
vn -0.5426 0.7799 -0.3119
vn 0.0988 0.9951 -0.0017
vn -0.2735 0.9615 -0.0251
vn 0.5706 0.6569 0.4929
vn -0.3481 0.9183 0.1885
vn 0.3674 0.7559 -0.5419
vn -0.5905 0.6606 -0.4635
vn 0.5807 0.8075 -0.1033
vn -0.2091 0.5873 -0.7819
vn 0.3482 0.4514 -0.8216
vn -0.2814 0.5731 -0.7697
vn 0.3197 0.5979 -0.7350
vn -0.9928 -0.0741 0.0944
vn 0.2391 0.2256 -0.9444
vn -0.0881 -0.1670 -0.9820
vn 0.1233 0.3720 -0.9200
vn -0.0586 0.4043 -0.9127
vn 0.0971 0.2467 -0.9642
vn -0.4955 0.6378 -0.5897
vn 0.2758 -0.0435 -0.9602
vn -0.2806 0.1567 -0.9469
vn 0.2942 -0.3428 -0.8922
vn -0.8045 0.5751 0.1484
vn 0.1895 -0.4256 -0.8849
vn -0.8995 -0.2060 -0.3853
vn 0.5396 -0.3138 -0.7813
vn -0.2013 -0.9466 -0.2520
vn 0.1850 -0.8503 -0.4927
vn 0.0355 -0.7365 -0.6755
vn -0.8493 -0.2757 -0.4502
vn 0.9981 -0.0548 0.0295
vn 0.9595 -0.2816 0.0029
vn 0.7209 -0.3459 -0.6006
vn 0.9676 0.0995 -0.2319
vn 0.9642 0.1381 0.2265
vn 0.9785 -0.1995 0.0517
vn 0.9489 -0.2264 -0.2199
vn 0.9037 0.4257 0.0462
vn 0.9971 -0.0018 0.0765
vn 0.9729 -0.1707 0.1562
vn 0.9968 -0.0804 -0.0044
vn 0.9687 0.2361 0.0765
vn 0.9881 0.1465 0.0462
vn 0.9945 -0.0169 0.1035
vn 0.9412 -0.0007 0.3379
vn 0.9945 -0.0297 0.1000
vn 0.8965 -0.1443 -0.4189
vn 0.9227 0.0463 -0.3828
vn 0.9471 0.3152 0.0598
vn 0.9775 -0.1980 0.0726
vn 0.9343 0.2211 -0.2798
vn 0.9803 -0.1972 0.0074
vn 0.9735 -0.2267 -0.0303
vn 0.9878 0.0366 -0.1514
vn 0.9332 -0.3109 -0.1800
vn 0.9960 -0.0039 -0.0893
vn 0.9872 -0.1133 -0.1125
vn 0.9904 -0.1101 0.0832
vn 0.9811 0.0104 -0.1934
vn 0.9609 -0.0780 -0.2657
vn 0.9919 0.0496 0.1172
vn 0.9742 -0.2215 0.0430
vn -0.9659 0.2054 -0.1575
vn -0.8978 -0.2589 0.3563
vn -0.7110 0.6786 -0.1847
vn -0.9643 0.2093 -0.1622
vn -0.9738 -0.2205 0.0557
vn -0.9574 0.1223 0.2615
vn -0.9518 0.2451 0.1843
vn -0.8537 -0.5126 -0.0913
vn -0.9896 0.0619 -0.1299
vn -0.9569 0.2900 -0.0133
vn -0.9869 -0.1607 -0.0131
vn -0.9536 0.2816 0.1066
vn -0.9826 0.1830 0.0308
vn -0.9851 -0.0489 -0.1649
vn -0.8454 0.5274 0.0846
vn -0.9897 0.1382 -0.0374
vn -0.8199 0.1050 0.5629
vn -0.9308 0.3174 0.1813
vn -0.9676 0.2508 -0.0287
vn -0.9819 -0.1829 0.0494
vn -0.8844 -0.1176 -0.4517
vn -0.9804 0.1934 0.0385
vn -0.9469 0.2262 -0.2286
vn -0.9694 -0.2132 -0.1214
vn -0.8755 0.3135 -0.3677
vn -0.9889 -0.0703 -0.1311
vn -0.8770 0.4081 -0.2538
vn -0.7618 0.6328 0.1387
vn -0.9536 -0.1907 0.2330
vn -0.9704 -0.1351 0.2003
vn -0.9888 0.1227 -0.0853
vn -0.9644 -0.2459 -0.0977
vn 0.4188 -0.7222 -0.5504
vn 0.4112 -0.7756 -0.4789
vn 0.6632 -0.1783 -0.7269
vn 0.7708 0.3037 -0.5600
vn 0.7252 -0.6439 0.2439
vn 0.6420 -0.5301 0.5539
vn 0.7859 0.5118 -0.3470
vn 0.6940 0.7199 0.0066
vn 0.6786 -0.6038 -0.4183
vn 0.6845 -0.5821 -0.4388
vn 0.7092 0.5651 -0.4215
vn 0.7020 0.4824 0.5240
vn 0.7051 0.6244 0.3361
vn 0.7461 0.2894 0.5997
vn 0.6797 -0.2394 0.6933
vn 0.6944 -0.0147 0.7194
vn 0.7506 0.0882 0.6548
vn 0.6362 -0.2248 -0.7380
vn 0.6729 -0.2120 -0.7087
vn 0.7101 0.3593 -0.6055
vn 0.7117 0.5993 0.3666
vn 0.7209 0.4491 0.5278
vn 0.6612 -0.6949 0.2829
vn 0.6900 -0.7138 0.1197
vn 0.6951 -0.0552 0.7168
vn 0.6884 -0.0731 -0.7216
vn 0.6540 0.1292 -0.7454
vn 0.6795 0.5770 -0.4530
vn 0.6776 0.4859 0.5520
vn 0.7432 -0.6682 0.0329
vn 0.7222 -0.6234 -0.2996
vn 0.7043 -0.3463 -0.6198
vn -0.7526 0.2644 -0.6031
vn -0.7323 0.6480 -0.2092
vn -0.6769 -0.5833 0.4490
vn -0.6657 -0.7275 -0.1664
vn -0.3297 0.4916 -0.8060
vn -0.6601 0.2279 -0.7158
vn -0.6793 0.7247 0.1156
vn -0.6718 0.6975 0.2495
vn -0.7226 0.6320 0.2799
vn -0.7208 0.2487 0.6470
vn -0.0763 0.8386 0.5394
vn -0.4570 -0.7447 -0.4864
vn -0.7649 0.0627 0.6411
vn -0.5819 -0.5596 0.5901
vn -0.5702 0.4526 -0.6856
vn -0.5157 -0.5723 -0.6375
vn -0.5705 0.6732 0.4704
vn -0.7182 0.6948 -0.0388
vn -0.6707 0.3807 -0.6366
vn -0.6965 0.2185 -0.6835
vn -0.7231 0.3665 0.5856
vn -0.6406 -0.7556 0.1367
vn -0.6562 -0.7542 0.0222
vn -0.7056 0.6554 0.2692
vn -0.5662 -0.4709 -0.6765
vn -0.6589 -0.1129 0.7437
vn -0.6542 -0.3505 0.6702
vn -0.6917 0.0586 -0.7198
vn -0.5163 -0.6318 -0.5781
vn -0.7318 0.6565 -0.1830
vn -0.6833 -0.6282 0.3722
vn -0.6320 -0.2490 0.7339
vn 0.3350 -0.9148 -0.2256
vn -0.5870 -0.8091 -0.0290
vn 0.2150 -0.9171 -0.3358
vn -0.0104 -0.8943 -0.4474
vn -0.5548 -0.7961 0.2417
vn 0.4352 -0.0580 -0.8985
vn 0.4420 -0.8687 0.2235
vn 0.2528 -0.7712 0.5843
vn -0.1722 -0.6214 0.7644
vn -0.2110 -0.9432 0.2565
vn -0.2486 -0.6797 0.6900
vn 0.6699 -0.5408 0.5087
vn -0.4150 -0.5131 0.7513
vn 0.2722 -0.4255 0.8630
vn -0.0275 -0.4477 0.8938
vn -0.2903 -0.8173 0.4978
vn 0.1887 -0.5553 0.8100
vn 0.2500 -0.3029 0.9197
vn -0.2178 0.1131 0.9694
vn -0.2972 -0.0144 0.9547
vn 0.4840 0.0340 0.8744
vn 0.3120 0.2154 0.9253
vn -0.2293 -0.0454 0.9723
vn -0.4461 0.5318 0.7199
vn 0.2935 0.2509 0.9225
vn 0.3224 0.4634 0.8254
vn -0.2499 0.8284 0.5012
vn -0.7260 0.6809 0.0970
vn 0.0884 0.4968 0.8634
vn 0.5951 0.3797 0.7083
vn -0.0493 0.7530 0.6561
vn -0.5207 0.4256 0.7401
vn 0.4819 0.8762 -0.0100
vn 0.2422 0.9642 -0.1080
vn -0.3896 0.9200 -0.0423
vn -0.0753 0.9574 0.2789
vn -0.1680 0.9823 0.0830
vn 0.7121 0.0755 -0.6980
vn -0.4861 0.8733 -0.0320
vn 0.1279 0.9759 -0.1766
vn -0.3009 0.6173 -0.7269
vn -0.2815 0.4830 -0.8291
vn 0.7508 0.3942 -0.5300
vn 0.2634 0.6211 -0.7381
vn -0.5648 0.6460 -0.5135
vn -0.6348 -0.7155 -0.2917
vn 0.3470 0.2929 -0.8909
vn 0.1747 0.3646 -0.9146
vn -0.0936 0.2589 -0.9614
vn -0.0690 0.5030 -0.8615
vn 0.0861 0.2893 -0.9534
vn 0.2327 0.1238 -0.9646
vn -0.8304 0.2564 -0.4947
vn -0.0810 0.8455 -0.5277
vn 0.2681 -0.1765 -0.9471
vn 0.1704 -0.4743 -0.8637
vn -0.9978 0.0652 0.0078
vn 0.1964 -0.2216 -0.9552
vn -0.5908 -0.7350 -0.3329
vn 0.3563 -0.7034 -0.6151
vn -0.2228 -0.8528 -0.4723
vn -0.4520 -0.2045 -0.8683
vn -0.4258 -0.7784 -0.4613
vn 0.2032 -0.8855 -0.4178
vn 0.9819 -0.1800 0.0583
vn 0.9177 -0.3384 -0.2082
vn 0.6760 -0.1636 -0.7185
vn 0.9987 -0.0411 -0.0311
vn 0.9370 0.1882 0.2942
vn 0.6988 -0.6005 -0.3888
vn 0.9114 0.3242 0.2534
vn 0.9565 0.2769 0.0914
vn 0.9639 -0.2268 0.1396
vn 0.9932 -0.0533 0.1039
vn 0.9875 -0.1434 0.0660
vn 0.9825 0.1804 0.0463
vn 0.9966 0.0731 0.0379
vn 0.9725 0.0152 0.2324
vn 0.9454 -0.0650 0.3193
vn 0.9765 -0.0310 -0.2133
vn 0.8475 -0.1743 -0.5015
vn 0.9899 0.0927 -0.1072
vn 0.9511 0.2515 0.1795
vn 0.9366 -0.1778 -0.3019
vn 0.9040 0.3496 0.2463
vn 0.7976 -0.6025 -0.0294
vn 0.9473 0.2894 -0.1372
vn 0.8655 -0.4738 -0.1628
vn 0.9873 -0.0788 -0.1382
vn 0.9956 -0.0061 -0.0940
vn 0.9721 -0.2286 0.0529
vn 0.9976 -0.0117 -0.0676
vn 0.9638 -0.0304 -0.2649
vn 0.9685 -0.0789 -0.2362
vn 0.9788 -0.1595 0.1286
vn 0.9959 -0.0757 0.0493
vn 0.4551 -0.7076 -0.5405
vn 0.3122 -0.7325 -0.6050
vn 0.7657 -0.1084 -0.6340
vn 0.7112 0.4153 -0.5672
vn 0.8225 -0.5554 0.1223
vn 0.5873 -0.5368 0.6057
vn 0.8892 0.3684 -0.2713
vn 0.5840 0.8112 -0.0294
vn 0.7732 -0.5078 -0.3799
vn 0.6197 -0.6443 -0.4483
vn 0.7941 0.4486 -0.4099
vn 0.6418 0.5579 0.5262
vn 0.8194 0.4503 0.3546
vn 0.6799 0.2618 0.6850
vn 0.5920 -0.2767 0.7569
vn 0.7877 -0.0755 0.6114
vn 0.6549 0.0041 0.7557
vn 0.7278 -0.1927 -0.6581
vn 0.6006 -0.2580 -0.7568
vn 0.5739 0.4519 -0.6829
vn 0.8140 0.4831 0.3226
vn 0.6454 0.5437 0.5365
vn 0.7819 -0.5850 0.2155
vn 0.6030 -0.7843 0.1459
vn 0.6344 -0.0363 0.7721
vn 0.7677 -0.0667 -0.6373
vn 0.6209 0.1117 -0.7759
vn 0.7869 0.4845 -0.3821
vn 0.6213 0.5436 0.5643
vn 0.8363 -0.5306 -0.1384
vn 0.6215 -0.7579 -0.1980
vn 0.6637 -0.4089 -0.6263
vn -0.9884 -0.0579 0.1407
vn -0.8934 0.2754 0.3549
vn -0.1182 0.6519 -0.7491
vn -0.9958 0.0713 0.0579
vn -0.9414 -0.3353 0.0368
vn -0.7298 0.5731 0.3728
vn -0.9478 -0.3162 -0.0423
vn -0.9050 -0.4211 -0.0595
vn -0.8978 0.4163 -0.1436
vn -0.9954 0.0917 0.0266
vn -0.9558 -0.1613 0.2460
vn -0.9701 0.2254 0.0900
vn -0.9833 0.1798 -0.0267
vn -0.9735 0.1925 -0.1237
vn -0.8825 0.4691 0.0337
vn -0.9413 0.1456 0.3046
vn -0.8444 0.4400 0.3056
vn -0.9689 0.2434 0.0439
vn -0.9904 -0.1017 -0.0931
vn -0.9518 -0.1624 -0.2603
vn -0.9150 -0.0582 -0.3992
vn -0.7250 0.6875 0.0422
vn -0.9273 -0.3741 -0.0154
vn -0.8816 -0.0429 -0.4699
vn -0.9646 0.1350 -0.2266
vn -0.9837 -0.1674 -0.0663
vn -0.2353 0.9695 -0.0683
vn -0.9610 -0.2230 0.1638
vn -0.9471 -0.1666 0.2743
vn -0.9974 0.0101 0.0711
vn -0.9782 -0.2075 -0.0022
vn -0.9860 -0.0870 -0.1421
vn -0.8349 0.2536 -0.4885
vn -0.6160 0.7596 -0.2086
vn -0.7449 -0.6153 0.2578
vn -0.6115 -0.7854 -0.0962
vn -0.5343 0.4089 -0.7399
vn -0.5154 0.1287 -0.8472
vn -0.7766 0.6257 0.0734
vn -0.5693 0.7775 0.2673
vn -0.8311 0.4772 0.2856
vn -0.6882 0.3326 0.6448
vn -0.7847 -0.6197 -0.0155
vn -0.1401 -0.7291 -0.6699
vn -0.8280 0.0160 0.5605
vn -0.5604 -0.5531 0.6164
vn -0.6075 0.5224 -0.5984
vn -0.4286 -0.7209 -0.5446
vn -0.6553 0.5188 0.5491
vn -0.6000 0.7998 0.0207
vn -0.7871 0.3112 -0.5326
vn -0.5852 0.2160 -0.7816
vn -0.6768 0.3850 0.6275
vn -0.6543 -0.7255 0.2134
vn -0.6127 -0.7829 -0.1080
vn -0.6450 0.6650 0.3767
vn -0.6777 -0.6602 -0.3238
vn -0.7539 -0.0832 0.6517
vn -0.5979 -0.3527 0.7198
vn -0.5767 0.0517 -0.8154
vn -0.5413 -0.5102 -0.6683
vn -0.6477 0.7168 -0.2580
vn -0.5891 -0.6059 0.5346
vn -0.6134 -0.2210 0.7582
vn 0.4288 -0.7556 -0.4953
vn 0.6726 -0.6917 -0.2631
vn 0.6044 -0.2199 -0.7657
vn 0.8478 0.2201 -0.4825
vn 0.5799 -0.7190 0.3830
vn 0.7423 -0.5010 0.4449
vn 0.6599 0.5994 -0.4530
vn 0.7696 0.6309 0.0986
vn 0.6235 -0.6334 -0.4583
vn 0.7818 -0.4498 -0.4319
vn 0.6431 0.6532 -0.3996
vn 0.7982 0.3688 0.4762
vn 0.6077 0.7343 0.3024
vn 0.8347 0.2373 0.4970
vn 0.8039 -0.2281 0.5493
vn 0.6340 0.0280 0.7728
vn 0.8374 0.0156 0.5463
vn 0.5962 -0.1957 -0.7786
vn 0.7916 -0.0882 -0.6046
vn 0.7972 0.2900 -0.5295
vn 0.6434 0.6446 0.4130
vn 0.8184 0.2877 0.4975
vn 0.5768 -0.7702 0.2721
vn 0.8094 -0.5853 0.0491
vn 0.7845 -0.0964 0.6126
vn 0.6476 -0.0641 -0.7593
vn 0.7228 0.1774 -0.6679
vn 0.5704 0.6342 -0.5220
vn 0.7760 0.3857 0.4991
vn 0.6394 -0.7205 -0.2684
vn 0.7971 -0.5197 -0.3075
vn 0.7744 -0.2730 -0.5708
vn 0.7123 0.5982 0.3672
vn 0.6160 -0.4261 -0.6626
vn 0.7016 -0.1933 -0.6858
vn 0.6484 0.5344 -0.5422
vn 0.6875 -0.0939 0.7201
vn 0.6558 0.1155 -0.7460
vn 0.6845 -0.7085 -0.1717
vn 0.7441 -0.5492 0.3804
vn 0.7242 -0.1046 0.6816
vn 0.4208 -0.1832 -0.8885
vn 0.7260 0.4914 0.4811
vn 0.6972 -0.4592 -0.5505
vn 0.6003 -0.7863 0.1461
vn 0.6225 0.3954 0.6754
vn 0.7175 0.1452 -0.6813
vn 0.6918 0.6653 -0.2807
vn 0.6718 0.0232 -0.7404
vn 0.6359 -0.7716 -0.0134
vn 0.7132 0.0451 0.6996
vn 0.6513 -0.6543 0.3844
vn 0.7163 0.5095 0.4769
vn 0.6583 0.6819 -0.3189
vn 0.5434 -0.5270 -0.6535
vn 0.6801 0.1824 0.7100
vn 0.6084 -0.0997 0.7873
vn 0.7099 0.6076 0.3562
vn 0.7929 0.6082 0.0385
vn 0.6763 -0.6543 -0.3384
vn 0.4395 0.8167 0.3740
vn 0.3442 -0.9364 -0.0684
vn 0.6429 -0.2751 -0.7148
vn -0.0645 -0.4823 -0.8736
vn -0.6890 0.2465 -0.6816
vn -0.8429 0.5055 -0.1846
vn -0.7049 -0.6262 0.3333
vn -0.7448 -0.6171 -0.2540
vn -0.3929 0.2622 -0.8814
vn -0.7386 0.3342 -0.5855
vn -0.6347 0.7626 0.1250
vn -0.7770 0.5955 0.2041
vn -0.6126 0.7704 0.1770
vn -0.7872 0.1768 0.5908
vn 0.1023 0.6983 0.7085
vn -0.6002 -0.7503 -0.2771
vn -0.7265 0.1001 0.6799
vn -0.6448 -0.5377 0.5432
vn -0.5482 0.3300 -0.7685
vn -0.5943 -0.4801 -0.6453
vn -0.5133 0.7011 0.4949
vn -0.8484 0.5290 -0.0222
vn -0.5635 0.5016 -0.6565
vn -0.8123 0.1823 -0.5540
vn -0.8014 0.3140 0.5091
vn -0.6629 -0.7486 -0.0094
vn -0.7166 -0.6766 0.1695
vn -0.7884 0.5971 0.1480
vn -0.5724 -0.3904 -0.7211
vn -0.6261 -0.1564 0.7639
vn -0.7527 -0.3675 0.5463
vn -0.8198 0.0348 -0.5716
vn -0.6628 -0.5282 -0.5307
vn -0.8317 0.5486 -0.0860
vn -0.7893 -0.5607 0.2502
vn -0.6981 -0.2249 0.6798
vn -0.7184 0.0654 -0.6925
vn -0.6212 0.0486 0.7822
vn -0.6626 -0.5966 0.4528
vn -0.6939 -0.7034 -0.1542
vn -0.7272 0.4207 0.5424
vn -0.6228 0.4857 -0.6134
vn -0.6439 -0.3703 0.6695
vn -0.7146 0.1791 -0.6763
vn -0.6949 -0.7080 -0.1259
vn -0.5741 -0.5660 0.5916
vn -0.5742 0.4302 -0.6965
vn -0.4852 0.4899 0.7243
vn -0.6948 0.6896 0.2042
vn -0.6494 -0.4131 0.6385
vn -0.7177 0.6886 -0.1038
vn -0.3328 -0.8303 -0.4470
vn -0.7212 -0.2241 -0.6554
vn -0.6698 -0.3514 0.6542
vn -0.5332 -0.4438 -0.7203
vn -0.7153 0.5653 0.4108
vn -0.5928 -0.7776 0.2096
vn -0.7192 0.2286 0.6561
vn -0.6840 0.3146 -0.6581
vn -0.6110 0.6437 0.4608
vn -0.6400 0.0852 -0.7637
vn -0.6658 -0.3710 0.6474
vn 0.5480 0.2148 -0.8085
vn -0.7413 0.4853 0.4636
vn -0.6099 0.7653 -0.2057
vn 0.1747 0.8769 -0.4477
vn -0.6992 -0.7074 0.1030
vn -0.7692 0.4880 -0.4125
vn -0.0729 -0.3803 -0.9220
vn 0.6177 -0.2130 -0.7570
vn 0.3920 -0.9153 0.0921
vn 0.4103 0.8438 0.3458
vn 0.6125 -0.6915 -0.3830
vn 0.7131 0.6967 0.0783
vn 0.6467 0.6474 0.4033
vn 0.5506 -0.1683 0.8176
vn 0.6259 0.1529 0.7648
vn 0.4957 -0.5108 -0.7024
vn 0.5616 0.7841 -0.2639
vn 0.6414 0.5628 0.5214
vn 0.5600 -0.7312 0.3896
vn 0.6460 0.0429 0.7621
vn 0.5532 -0.8297 -0.0743
vn 0.6356 0.0112 -0.7719
vn 0.6302 0.7154 -0.3017
vn 0.6604 0.0426 -0.7497
vn 0.5803 0.4538 0.6762
vn 0.5753 -0.8130 0.0900
vn 0.6423 -0.5447 -0.5392
vn 0.6459 0.6100 0.4591
vn 0.3869 -0.1456 -0.9105
vn 0.6640 -0.1823 0.7252
vn 0.6728 -0.5481 0.4970
vn 0.6213 -0.7639 -0.1742
vn 0.6190 0.1106 -0.7775
vn 0.6312 -0.0574 0.7735
vn 0.5352 0.5625 -0.6302
vn 0.6642 -0.2024 -0.7196
vn 0.5924 -0.4772 -0.6491
vn 0.6449 0.6559 0.3923
vn -0.6820 0.6351 -0.3626
vn -0.6678 -0.7376 -0.0998
vn 0.0573 0.8237 -0.5641
vn -0.5177 0.8121 -0.2694
vn -0.6701 0.6703 0.3188
vn 0.5899 0.4181 -0.6908
vn -0.6278 -0.3837 0.6772
vn -0.5931 -0.1310 -0.7944
vn -0.5476 0.7900 0.2757
vn -0.5684 0.4294 -0.7018
vn -0.6672 0.2244 0.7103
vn -0.6072 -0.7930 0.0499
vn -0.6431 0.5892 0.4891
vn -0.6375 -0.7459 -0.1930
vn -0.6209 -0.3821 0.6845
vn -0.5874 -0.2259 -0.7772
vn -0.3792 -0.7918 -0.4788
vn -0.6248 0.7538 -0.2033
vn -0.6189 -0.5660 0.5447
vn -0.6261 0.7315 0.2700
vn -0.4157 0.5091 0.7536
vn -0.5189 0.3367 -0.7857
vn -0.5702 -0.5316 0.6263
vn -0.6231 -0.7409 -0.2505
vn -0.6013 0.0641 -0.7965
vn -0.6385 -0.4496 0.6246
vn -0.5786 0.6095 -0.5420
vn -0.6788 0.4755 0.5596
vn -0.7003 -0.6891 -0.1864
vn -0.5684 -0.4732 0.6730
vn -0.5971 0.0314 0.8015
vn -0.6383 0.1880 -0.7464
vn 0.8121 0.4822 0.3285
vn 0.7202 -0.3740 -0.5843
vn 0.7728 -0.1851 -0.6071
vn 0.7509 0.4284 -0.5025
vn 0.7740 -0.1433 0.6167
vn 0.7330 0.1397 -0.6657
vn 0.8008 -0.5701 -0.1836
vn 0.8354 -0.4928 0.2435
vn 0.8186 0.0818 0.5684
vn 0.5239 -0.2121 -0.8249
vn 0.8232 0.3199 0.4691
vn 0.7783 -0.3364 -0.5302
vn 0.7638 -0.6110 0.2080
vn 0.7205 0.3060 0.6223
vn 0.8027 0.2337 -0.5487
vn 0.8067 0.5800 -0.1132
vn 0.7434 0.0738 -0.6647
vn 0.7540 -0.6563 -0.0267
vn 0.8061 0.0100 0.5917
vn 0.7814 -0.5430 0.3077
vn 0.8187 0.3741 0.4357
vn 0.7859 0.5638 -0.2539
vn 0.6706 -0.4320 -0.6030
vn 0.7998 0.1570 0.5794
vn 0.7200 -0.0810 0.6892
vn 0.8153 0.4775 0.3276
vn 0.8799 0.4750 0.0150
vn 0.7789 -0.5354 -0.3265
vn 0.6057 0.7004 0.3776
vn 0.3962 -0.8962 -0.1994
vn 0.7113 -0.2840 -0.6429
vn 0.5236 -0.6974 -0.4894
vn -0.8154 0.0659 -0.5752
vn -0.6970 0.0973 0.7105
vn -0.7301 -0.6832 0.0154
vn -0.7348 -0.6557 -0.1738
vn -0.8103 0.3203 0.4906
vn -0.7910 0.4490 -0.4156
vn -0.6989 -0.1707 0.6946
vn -0.8255 0.2197 -0.5198
vn -0.8010 -0.5986 0.0040
vn -0.6215 -0.5622 0.5456
vn -0.6356 0.4921 -0.5949
vn -0.6716 0.5168 0.5310
vn -0.7894 0.6023 0.1189
vn -0.7225 -0.2795 0.6324
vn -0.8226 0.5678 -0.0320
vn -0.3451 -0.8382 -0.4224
vn -0.8297 -0.3245 -0.4542
vn -0.7632 -0.3517 0.5420
vn -0.6254 -0.3890 -0.6764
vn -0.8004 0.5418 0.2566
vn -0.6022 -0.7213 0.3422
vn -0.7982 0.2066 0.5659
vn -0.8033 0.1995 -0.5612
vn -0.5776 0.4519 0.6798
vn -0.6996 0.1847 -0.6902
vn -0.7416 -0.3309 0.5835
vn 0.6335 0.0513 -0.7721
vn -0.8124 0.2940 0.5036
vn -0.7505 0.6543 -0.0928
vn 0.1091 0.8551 -0.5069
vn -0.7602 -0.6255 0.1758
vn -0.8493 0.3561 -0.3898
vt 0.629811 0.483845
vt 0.629811 0.470507
vt 0.638212 0.470507
vt 0.638212 0.483845
vt 0.629811 0.457265
vt 0.638212 0.457265
vt 0.646781 0.457265
vt 0.646781 0.470507
vt 0.646781 0.483845
vt 0.629811 0.511324
vt 0.629811 0.497487
vt 0.638212 0.497487
vt 0.638212 0.511324
vt 0.646781 0.497487
vt 0.646781 0.511324
vt 0.629811 0.538907
vt 0.629811 0.525171
vt 0.638212 0.525171
vt 0.638212 0.538907
vt 0.646781 0.525171
vt 0.646781 0.538907
vt 0.629811 0.566001
vt 0.629811 0.552500
vt 0.638212 0.552500
vt 0.638212 0.566001
vt 0.646781 0.552500
vt 0.646781 0.566001
vt 0.629811 0.592962
vt 0.629811 0.579415
vt 0.638212 0.579415
vt 0.638212 0.592962
vt 0.646781 0.579415
vt 0.646781 0.592962
vt 0.629811 0.388691
vt 0.629811 0.363622
vt 0.638212 0.363622
vt 0.638212 0.388691
vt 0.629811 0.334882
vt 0.638212 0.334882
vt 0.646781 0.334882
vt 0.646781 0.363622
vt 0.646781 0.388691
vt 0.629811 0.626958
vt 0.629811 0.607748
vt 0.638212 0.607748
vt 0.638212 0.626958
vt 0.646781 0.607748
vt 0.646781 0.626958
vt 0.629811 0.428832
vt 0.629811 0.410292
vt 0.638212 0.410292
vt 0.638212 0.428832
vt 0.646781 0.410292
vt 0.646781 0.428832
vt 0.629811 0.693205
vt 0.629811 0.653207
vt 0.638212 0.653207
vt 0.638212 0.693205
vt 0.646781 0.653207
vt 0.646781 0.693205
vt 0.629811 0.443779
vt 0.638212 0.443779
vt 0.646781 0.443779
vt 0.655232 0.443779
vt 0.655232 0.457265
vt 0.655232 0.428832
vt 0.663639 0.428832
vt 0.663639 0.443779
vt 0.663639 0.457265
vt 0.655232 0.470507
vt 0.655232 0.483845
vt 0.663639 0.470507
vt 0.663639 0.483845
vt 0.655232 0.497487
vt 0.655232 0.511324
vt 0.663639 0.497487
vt 0.663639 0.511324
vt 0.655232 0.525171
vt 0.655232 0.538907
vt 0.663639 0.525171
vt 0.663639 0.538907
vt 0.655232 0.552500
vt 0.655232 0.566001
vt 0.663639 0.552500
vt 0.663639 0.566001
vt 0.655232 0.579415
vt 0.655232 0.592962
vt 0.663639 0.579415
vt 0.663639 0.592962
vt 0.655232 0.363622
vt 0.655232 0.388691
vt 0.655232 0.334882
vt 0.663639 0.334882
vt 0.663639 0.363622
vt 0.663639 0.388691
vt 0.655232 0.607748
vt 0.655232 0.626958
vt 0.663639 0.607748
vt 0.663639 0.626958
vt 0.655232 0.410292
vt 0.663639 0.410292
vt 0.655232 0.653207
vt 0.655232 0.693205
vt 0.663639 0.653207
vt 0.663639 0.693205
vt 0.672202 0.552500
vt 0.672202 0.566001
vt 0.672202 0.538907
vt 0.680845 0.538907
vt 0.680845 0.552500
vt 0.680845 0.566001
vt 0.672202 0.579415
vt 0.672202 0.592962
vt 0.680845 0.579415
vt 0.680845 0.592962
vt 0.672202 0.363622
vt 0.672202 0.388691
vt 0.672202 0.334882
vt 0.680845 0.334882
vt 0.680845 0.363622
vt 0.680845 0.388691
vt 0.672202 0.607748
vt 0.672202 0.626958
vt 0.680845 0.607748
vt 0.680845 0.626958
vt 0.672202 0.410292
vt 0.672202 0.428832
vt 0.680845 0.410292
vt 0.680845 0.428832
vt 0.672202 0.653207
vt 0.672202 0.693205
vt 0.680845 0.653207
vt 0.680845 0.693205
vt 0.672202 0.443779
vt 0.672202 0.457265
vt 0.680845 0.443779
vt 0.680845 0.457265
vt 0.672202 0.470507
vt 0.672202 0.483845
vt 0.680845 0.470507
vt 0.680845 0.483845
vt 0.672202 0.497487
vt 0.672202 0.511324
vt 0.680845 0.497487
vt 0.680845 0.511324
vt 0.672202 0.525171
vt 0.680845 0.525171
vt 0.689484 0.470507
vt 0.689484 0.483845
vt 0.689484 0.457265
vt 0.698009 0.457265
vt 0.698009 0.470507
vt 0.698009 0.483845
vt 0.689484 0.497487
vt 0.689484 0.511324
vt 0.698009 0.497487
vt 0.698009 0.511324
vt 0.689484 0.525171
vt 0.689484 0.538907
vt 0.698009 0.525171
vt 0.698009 0.538907
vt 0.689484 0.552500
vt 0.689484 0.566001
vt 0.698009 0.552500
vt 0.698009 0.566001
vt 0.689484 0.579415
vt 0.689484 0.592962
vt 0.698009 0.579415
vt 0.698009 0.592962
vt 0.689484 0.363622
vt 0.689484 0.388691
vt 0.689484 0.334882
vt 0.698009 0.334882
vt 0.698009 0.363622
vt 0.698009 0.388691
vt 0.689484 0.607748
vt 0.689484 0.626958
vt 0.698009 0.607748
vt 0.698009 0.626958
vt 0.689484 0.410292
vt 0.689484 0.428832
vt 0.698009 0.410292
vt 0.698009 0.428832
vt 0.689484 0.653207
vt 0.689484 0.693205
vt 0.698009 0.653207
vt 0.698009 0.693205
vt 0.689484 0.443779
vt 0.698009 0.443779
vt 0.706407 0.579415
vt 0.706407 0.592962
vt 0.706407 0.566001
vt 0.715048 0.566001
vt 0.715048 0.579415
vt 0.715048 0.592962
vt 0.706407 0.363622
vt 0.706407 0.388691
vt 0.706407 0.334882
vt 0.715048 0.334882
vt 0.715048 0.363622
vt 0.715048 0.388691
vt 0.706407 0.607748
vt 0.706407 0.626958
vt 0.715048 0.607748
vt 0.715048 0.626958
vt 0.706407 0.410292
vt 0.706407 0.428832
vt 0.715048 0.410292
vt 0.715048 0.428832
vt 0.706407 0.653207
vt 0.706407 0.693205
vt 0.715048 0.653207
vt 0.715048 0.693205
vt 0.706407 0.443779
vt 0.706407 0.457265
vt 0.715048 0.443779
vt 0.715048 0.457265
vt 0.706407 0.470507
vt 0.706407 0.483845
vt 0.715048 0.470507
vt 0.715048 0.483845
vt 0.706407 0.497487
vt 0.706407 0.511324
vt 0.715048 0.497487
vt 0.715048 0.511324
vt 0.706407 0.525171
vt 0.706407 0.538907
vt 0.715048 0.525171
vt 0.715048 0.538907
vt 0.706407 0.552500
vt 0.715048 0.552500
vt 0.724095 0.470507
vt 0.724095 0.483845
vt 0.724095 0.457265
vt 0.733452 0.457265
vt 0.733452 0.470507
vt 0.733452 0.483845
vt 0.724095 0.497487
vt 0.724095 0.511324
vt 0.733452 0.497487
vt 0.733452 0.511324
vt 0.724095 0.525171
vt 0.724095 0.538907
vt 0.733452 0.525171
vt 0.733452 0.538907
vt 0.724095 0.552500
vt 0.724095 0.566001
vt 0.733452 0.552500
vt 0.733452 0.566001
vt 0.724095 0.579415
vt 0.724095 0.592962
vt 0.733452 0.579415
vt 0.733452 0.592962
vt 0.724095 0.363622
vt 0.724095 0.388691
vt 0.724095 0.334882
vt 0.733452 0.334882
vt 0.733452 0.363622
vt 0.733452 0.388691
vt 0.724095 0.607748
vt 0.724095 0.626958
vt 0.733452 0.607748
vt 0.733452 0.626958
vt 0.724095 0.410292
vt 0.724095 0.428832
vt 0.733452 0.410292
vt 0.733452 0.428832
vt 0.724095 0.653207
vt 0.724095 0.693205
vt 0.733452 0.653207
vt 0.733452 0.693205
vt 0.724095 0.443779
vt 0.733452 0.443779
vt 0.742969 0.579415
vt 0.742969 0.592962
vt 0.742969 0.566001
vt 0.752571 0.566001
vt 0.752571 0.579415
vt 0.752571 0.592962
vt 0.742969 0.363622
vt 0.742969 0.388691
vt 0.742969 0.334882
vt 0.752571 0.334882
vt 0.752571 0.363622
vt 0.752571 0.388691
vt 0.742969 0.607748
vt 0.742969 0.626958
vt 0.752571 0.607748
vt 0.752571 0.626958
vt 0.742969 0.410292
vt 0.742969 0.428832
vt 0.752571 0.410292
vt 0.752571 0.428832
vt 0.742969 0.653207
vt 0.742969 0.693205
vt 0.752571 0.653207
vt 0.752571 0.693205
vt 0.742969 0.443779
vt 0.742969 0.457265
vt 0.752571 0.443779
vt 0.752571 0.457265
vt 0.742969 0.470507
vt 0.742969 0.483845
vt 0.752571 0.470507
vt 0.752571 0.483845
vt 0.742969 0.497487
vt 0.742969 0.511324
vt 0.752571 0.497487
vt 0.752571 0.511324
vt 0.742969 0.525171
vt 0.742969 0.538907
vt 0.752571 0.525171
vt 0.752571 0.538907
vt 0.742969 0.552500
vt 0.752571 0.552500
vt 0.762164 0.497487
vt 0.762164 0.511324
vt 0.762164 0.483845
vt 0.771630 0.483845
vt 0.771630 0.497487
vt 0.771630 0.511324
vt 0.762164 0.525171
vt 0.762164 0.538907
vt 0.771630 0.525171
vt 0.771630 0.538907
vt 0.762164 0.552500
vt 0.762164 0.566001
vt 0.771630 0.552500
vt 0.771630 0.566001
vt 0.762164 0.579415
vt 0.762164 0.592962
vt 0.771630 0.579415
vt 0.771630 0.592962
vt 0.762164 0.363622
vt 0.762164 0.388691
vt 0.762164 0.334882
vt 0.771630 0.334882
vt 0.771630 0.363622
vt 0.771630 0.388691
vt 0.762164 0.607748
vt 0.762164 0.626958
vt 0.771630 0.607748
vt 0.771630 0.626958
vt 0.762164 0.410292
vt 0.762164 0.428832
vt 0.771630 0.410292
vt 0.771630 0.428832
vt 0.762164 0.653207
vt 0.762164 0.693205
vt 0.771630 0.653207
vt 0.771630 0.693205
vt 0.762164 0.443779
vt 0.762164 0.457265
vt 0.771630 0.443779
vt 0.771630 0.457265
vt 0.762164 0.470507
vt 0.771630 0.470507
vt 0.780942 0.607748
vt 0.780942 0.626958
vt 0.780942 0.592962
vt 0.790349 0.592962
vt 0.790349 0.607748
vt 0.790349 0.626958
vt 0.780942 0.410292
vt 0.780942 0.428832
vt 0.780942 0.388691
vt 0.790349 0.388691
vt 0.790349 0.410292
vt 0.790349 0.428832
vt 0.780942 0.653207
vt 0.780942 0.693205
vt 0.790349 0.653207
vt 0.790349 0.693205
vt 0.780942 0.443779
vt 0.780942 0.457265
vt 0.790349 0.443779
vt 0.790349 0.457265
vt 0.780942 0.470507
vt 0.780942 0.483845
vt 0.790349 0.470507
vt 0.790349 0.483845
vt 0.780942 0.497487
vt 0.780942 0.511324
vt 0.790349 0.497487
vt 0.790349 0.511324
vt 0.780942 0.525171
vt 0.780942 0.538907
vt 0.790349 0.525171
vt 0.790349 0.538907
vt 0.780942 0.552500
vt 0.780942 0.566001
vt 0.790349 0.552500
vt 0.790349 0.566001
vt 0.780942 0.579415
vt 0.790349 0.579415
vt 0.780942 0.363622
vt 0.780942 0.334882
vt 0.790349 0.334882
vt 0.790349 0.363622
vt 0.799971 0.525171
vt 0.799971 0.538907
vt 0.799971 0.511324
vt 0.809340 0.511324
vt 0.809340 0.525171
vt 0.809340 0.538907
vt 0.799971 0.552500
vt 0.799971 0.566001
vt 0.809340 0.552500
vt 0.809340 0.566001
vt 0.799971 0.579415
vt 0.799971 0.592962
vt 0.809340 0.579415
vt 0.809340 0.592962
vt 0.799971 0.363622
vt 0.799971 0.388691
vt 0.799971 0.334882
vt 0.809340 0.334882
vt 0.809340 0.363622
vt 0.809340 0.388691
vt 0.799971 0.607748
vt 0.799971 0.626958
vt 0.809340 0.607748
vt 0.809340 0.626958
vt 0.799971 0.410292
vt 0.799971 0.428832
vt 0.809340 0.410292
vt 0.809340 0.428832
vt 0.799971 0.653207
vt 0.799971 0.693205
vt 0.809340 0.653207
vt 0.809340 0.693205
vt 0.799971 0.443779
vt 0.799971 0.457265
vt 0.809340 0.443779
vt 0.809340 0.457265
vt 0.799971 0.470507
vt 0.799971 0.483845
vt 0.809340 0.470507
vt 0.809340 0.483845
vt 0.799971 0.497487
vt 0.809340 0.497487
vt 0.818175 0.410292
vt 0.818175 0.428832
vt 0.818175 0.388691
vt 0.827001 0.388691
vt 0.827001 0.410292
vt 0.827001 0.428832
vt 0.818175 0.653207
vt 0.818175 0.693205
vt 0.818175 0.626958
vt 0.827001 0.626958
vt 0.827001 0.653207
vt 0.827001 0.693205
vt 0.818175 0.443779
vt 0.818175 0.457265
vt 0.827001 0.443779
vt 0.827001 0.457265
vt 0.818175 0.470507
vt 0.818175 0.483845
vt 0.827001 0.470507
vt 0.827001 0.483845
vt 0.818175 0.497487
vt 0.818175 0.511324
vt 0.827001 0.497487
vt 0.827001 0.511324
vt 0.818175 0.525171
vt 0.818175 0.538907
vt 0.827001 0.525171
vt 0.827001 0.538907
vt 0.818175 0.552500
vt 0.818175 0.566001
vt 0.827001 0.552500
vt 0.827001 0.566001
vt 0.818175 0.579415
vt 0.818175 0.592962
vt 0.827001 0.579415
vt 0.827001 0.592962
vt 0.818175 0.363622
vt 0.818175 0.334882
vt 0.827001 0.334882
vt 0.827001 0.363622
vt 0.818175 0.607748
vt 0.827001 0.607748
vt 0.836204 0.525171
vt 0.836204 0.538907
vt 0.836204 0.511324
vt 0.845339 0.511324
vt 0.845339 0.525171
vt 0.845339 0.538907
vt 0.836204 0.552500
vt 0.836204 0.566001
vt 0.845339 0.552500
vt 0.845339 0.566001
vt 0.836204 0.579415
vt 0.836204 0.592962
vt 0.845339 0.579415
vt 0.845339 0.592962
vt 0.836204 0.363622
vt 0.836204 0.388691
vt 0.836204 0.334882
vt 0.845339 0.334882
vt 0.845339 0.363622
vt 0.845339 0.388691
vt 0.836204 0.607748
vt 0.836204 0.626958
vt 0.845339 0.607748
vt 0.845339 0.626958
vt 0.836204 0.410292
vt 0.836204 0.428832
vt 0.845339 0.410292
vt 0.845339 0.428832
vt 0.836204 0.653207
vt 0.836204 0.693205
vt 0.845339 0.653207
vt 0.845339 0.693205
vt 0.836204 0.443779
vt 0.836204 0.457265
vt 0.845339 0.443779
vt 0.845339 0.457265
vt 0.836204 0.470507
vt 0.836204 0.483845
vt 0.845339 0.470507
vt 0.845339 0.483845
vt 0.836204 0.497487
vt 0.845339 0.497487
vt 0.853969 0.653207
vt 0.853969 0.693205
vt 0.853969 0.626958
vt 0.862212 0.626958
vt 0.862212 0.653207
vt 0.862212 0.693205
vt 0.853969 0.443779
vt 0.853969 0.457265
vt 0.853969 0.428832
vt 0.862212 0.428832
vt 0.862212 0.443779
vt 0.862212 0.457265
vt 0.853969 0.470507
vt 0.853969 0.483845
vt 0.862212 0.470507
vt 0.862212 0.483845
vt 0.853969 0.497487
vt 0.853969 0.511324
vt 0.862212 0.497487
vt 0.862212 0.511324
vt 0.853969 0.525171
vt 0.853969 0.538907
vt 0.862212 0.525171
vt 0.862212 0.538907
vt 0.853969 0.552500
vt 0.853969 0.566001
vt 0.862212 0.552500
vt 0.862212 0.566001
vt 0.853969 0.579415
vt 0.853969 0.592962
vt 0.862212 0.579415
vt 0.862212 0.592962
vt 0.853969 0.363622
vt 0.853969 0.388691
vt 0.853969 0.334882
vt 0.862212 0.334882
vt 0.862212 0.363622
vt 0.862212 0.388691
vt 0.853969 0.607748
vt 0.862212 0.607748
vt 0.853969 0.410292
vt 0.862212 0.410292
vt 0.870278 0.552500
vt 0.870278 0.566001
vt 0.870278 0.538907
vt 0.878306 0.538907
vt 0.878306 0.552500
vt 0.878306 0.566001
vt 0.870278 0.579415
vt 0.870278 0.592962
vt 0.878306 0.579415
vt 0.878306 0.592962
vt 0.870278 0.363622
vt 0.870278 0.388691
vt 0.870278 0.334882
vt 0.878306 0.334882
vt 0.878306 0.363622
vt 0.878306 0.388691
vt 0.870278 0.607748
vt 0.870278 0.626958
vt 0.878306 0.607748
vt 0.878306 0.626958
vt 0.870278 0.410292
vt 0.870278 0.428832
vt 0.878306 0.410292
vt 0.878306 0.428832
vt 0.870278 0.653207
vt 0.870278 0.693205
vt 0.878306 0.653207
vt 0.878306 0.693205
vt 0.870278 0.443779
vt 0.870278 0.457265
vt 0.878306 0.443779
vt 0.878306 0.457265
vt 0.870278 0.470507
vt 0.870278 0.483845
vt 0.878306 0.470507
vt 0.878306 0.483845
vt 0.870278 0.497487
vt 0.870278 0.511324
vt 0.878306 0.497487
vt 0.878306 0.511324
vt 0.870278 0.525171
vt 0.878306 0.525171
vt 0.886403 0.443779
vt 0.886403 0.457265
vt 0.886403 0.428832
vt 0.894638 0.428832
vt 0.894638 0.443779
vt 0.894638 0.457265
vt 0.886403 0.470507
vt 0.886403 0.483845
vt 0.894638 0.470507
vt 0.894638 0.483845
vt 0.886403 0.497487
vt 0.886403 0.511324
vt 0.894638 0.497487
vt 0.894638 0.511324
vt 0.886403 0.525171
vt 0.886403 0.538907
vt 0.894638 0.525171
vt 0.894638 0.538907
vt 0.886403 0.552500
vt 0.886403 0.566001
vt 0.894638 0.552500
vt 0.894638 0.566001
vt 0.886403 0.579415
vt 0.886403 0.592962
vt 0.894638 0.579415
vt 0.894638 0.592962
vt 0.886403 0.363622
vt 0.886403 0.388691
vt 0.886403 0.334882
vt 0.894638 0.334882
vt 0.894638 0.363622
vt 0.894638 0.388691
vt 0.886403 0.607748
vt 0.886403 0.626958
vt 0.894638 0.607748
vt 0.894638 0.626958
vt 0.886403 0.410292
vt 0.894638 0.410292
vt 0.886403 0.653207
vt 0.886403 0.693205
vt 0.894638 0.653207
vt 0.894638 0.693205
vt 0.903050 0.552500
vt 0.903050 0.566001
vt 0.903050 0.538907
vt 0.911535 0.538907
vt 0.911535 0.552500
vt 0.911535 0.566001
vt 0.903050 0.579415
vt 0.903050 0.592962
vt 0.911535 0.579415
vt 0.911535 0.592962
vt 0.903050 0.363622
vt 0.903050 0.388691
vt 0.903050 0.334882
vt 0.911535 0.334882
vt 0.911535 0.363622
vt 0.911535 0.388691
vt 0.903050 0.607748
vt 0.903050 0.626958
vt 0.911535 0.607748
vt 0.911535 0.626958
vt 0.903050 0.410292
vt 0.903050 0.428832
vt 0.911535 0.410292
vt 0.911535 0.428832
vt 0.903050 0.653207
vt 0.903050 0.693205
vt 0.911535 0.653207
vt 0.911535 0.693205
vt 0.903050 0.443779
vt 0.903050 0.457265
vt 0.911535 0.443779
vt 0.911535 0.457265
vt 0.903050 0.470507
vt 0.903050 0.483845
vt 0.911535 0.470507
vt 0.911535 0.483845
vt 0.903050 0.497487
vt 0.903050 0.511324
vt 0.911535 0.497487
vt 0.911535 0.511324
vt 0.903050 0.525171
vt 0.911535 0.525171
vt 0.346415 0.483845
vt 0.346415 0.470507
vt 0.354808 0.470507
vt 0.354808 0.483845
vt 0.346415 0.457265
vt 0.354808 0.457265
vt 0.363036 0.457265
vt 0.363036 0.470507
vt 0.363036 0.483845
vt 0.346415 0.511324
vt 0.346415 0.497487
vt 0.354808 0.497487
vt 0.354808 0.511324
vt 0.363036 0.497487
vt 0.363036 0.511324
vt 0.346415 0.538907
vt 0.346415 0.525171
vt 0.354808 0.525171
vt 0.354808 0.538907
vt 0.363036 0.525171
vt 0.363036 0.538907
vt 0.346415 0.566001
vt 0.346415 0.552500
vt 0.354808 0.552500
vt 0.354808 0.566001
vt 0.363036 0.552500
vt 0.363036 0.566001
vt 0.346415 0.592962
vt 0.346415 0.579415
vt 0.354808 0.579415
vt 0.354808 0.592962
vt 0.363036 0.579415
vt 0.363036 0.592962
vt 0.346415 0.388691
vt 0.346415 0.363622
vt 0.354808 0.363622
vt 0.354808 0.388691
vt 0.346415 0.334882
vt 0.354808 0.334882
vt 0.363036 0.334882
vt 0.363036 0.363622
vt 0.363036 0.388691
vt 0.346415 0.626958
vt 0.346415 0.607748
vt 0.354808 0.607748
vt 0.354808 0.626958
vt 0.363036 0.607748
vt 0.363036 0.626958
vt 0.346415 0.428832
vt 0.346415 0.410292
vt 0.354808 0.410292
vt 0.354808 0.428832
vt 0.363036 0.410292
vt 0.363036 0.428832
vt 0.346415 0.693205
vt 0.346415 0.653207
vt 0.354808 0.653207
vt 0.354808 0.693205
vt 0.363036 0.653207
vt 0.363036 0.693205
vt 0.346415 0.443779
vt 0.354808 0.443779
vt 0.363036 0.443779
vt 0.371171 0.579415
vt 0.371171 0.592962
vt 0.371171 0.566001
vt 0.379386 0.566001
vt 0.379386 0.579415
vt 0.379386 0.592962
vt 0.371171 0.363622
vt 0.371171 0.388691
vt 0.371171 0.334882
vt 0.379386 0.334882
vt 0.379386 0.363622
vt 0.379386 0.388691
vt 0.371171 0.607748
vt 0.371171 0.626958
vt 0.379386 0.607748
vt 0.379386 0.626958
vt 0.371171 0.410292
vt 0.371171 0.428832
vt 0.379386 0.410292
vt 0.379386 0.428832
vt 0.371171 0.653207
vt 0.371171 0.693205
vt 0.379386 0.653207
vt 0.379386 0.693205
vt 0.371171 0.443779
vt 0.371171 0.457265
vt 0.379386 0.443779
vt 0.379386 0.457265
vt 0.371171 0.470507
vt 0.371171 0.483845
vt 0.379386 0.470507
vt 0.379386 0.483845
vt 0.371171 0.497487
vt 0.371171 0.511324
vt 0.379386 0.497487
vt 0.379386 0.511324
vt 0.371171 0.525171
vt 0.371171 0.538907
vt 0.379386 0.525171
vt 0.379386 0.538907
vt 0.371171 0.552500
vt 0.379386 0.552500
vt 0.387750 0.497487
vt 0.387750 0.511324
vt 0.387750 0.483845
vt 0.396230 0.483845
vt 0.396230 0.497487
vt 0.396230 0.511324
vt 0.387750 0.525171
vt 0.387750 0.538907
vt 0.396230 0.525171
vt 0.396230 0.538907
vt 0.387750 0.552500
vt 0.387750 0.566001
vt 0.396230 0.552500
vt 0.396230 0.566001
vt 0.387750 0.579415
vt 0.387750 0.592962
vt 0.396230 0.579415
vt 0.396230 0.592962
vt 0.387750 0.363622
vt 0.387750 0.388691
vt 0.387750 0.334882
vt 0.396230 0.334882
vt 0.396230 0.363622
vt 0.396230 0.388691
vt 0.387750 0.607748
vt 0.387750 0.626958
vt 0.396230 0.607748
vt 0.396230 0.626958
vt 0.387750 0.410292
vt 0.387750 0.428832
vt 0.396230 0.410292
vt 0.396230 0.428832
vt 0.387750 0.653207
vt 0.387750 0.693205
vt 0.396230 0.653207
vt 0.396230 0.693205
vt 0.387750 0.443779
vt 0.387750 0.457265
vt 0.396230 0.443779
vt 0.396230 0.457265
vt 0.387750 0.470507
vt 0.396230 0.470507
vt 0.404779 0.363622
vt 0.404779 0.388691
vt 0.404779 0.334882
vt 0.413471 0.334882
vt 0.413471 0.363622
vt 0.413471 0.388691
vt 0.404779 0.607748
vt 0.404779 0.626958
vt 0.404779 0.592962
vt 0.413471 0.592962
vt 0.413471 0.607748
vt 0.413471 0.626958
vt 0.404779 0.410292
vt 0.404779 0.428832
vt 0.413471 0.410292
vt 0.413471 0.428832
vt 0.404779 0.653207
vt 0.404779 0.693205
vt 0.413471 0.653207
vt 0.413471 0.693205
vt 0.404779 0.443779
vt 0.404779 0.457265
vt 0.413471 0.443779
vt 0.413471 0.457265
vt 0.404779 0.470507
vt 0.404779 0.483845
vt 0.413471 0.470507
vt 0.413471 0.483845
vt 0.404779 0.497487
vt 0.404779 0.511324
vt 0.413471 0.497487
vt 0.413471 0.511324
vt 0.404779 0.525171
vt 0.404779 0.538907
vt 0.413471 0.525171
vt 0.413471 0.538907
vt 0.404779 0.552500
vt 0.404779 0.566001
vt 0.413471 0.552500
vt 0.413471 0.566001
vt 0.404779 0.579415
vt 0.413471 0.579415
vt 0.422356 0.497487
vt 0.422356 0.511324
vt 0.422356 0.483845
vt 0.431371 0.483845
vt 0.431371 0.497487
vt 0.431371 0.511324
vt 0.422356 0.525171
vt 0.422356 0.538907
vt 0.431371 0.525171
vt 0.431371 0.538907
vt 0.422356 0.552500
vt 0.422356 0.566001
vt 0.431371 0.552500
vt 0.431371 0.566001
vt 0.422356 0.579415
vt 0.422356 0.592962
vt 0.431371 0.579415
vt 0.431371 0.592962
vt 0.422356 0.363622
vt 0.422356 0.388691
vt 0.422356 0.334882
vt 0.431371 0.334882
vt 0.431371 0.363622
vt 0.431371 0.388691
vt 0.422356 0.607748
vt 0.422356 0.626958
vt 0.431371 0.607748
vt 0.431371 0.626958
vt 0.422356 0.410292
vt 0.422356 0.428832
vt 0.431371 0.410292
vt 0.431371 0.428832
vt 0.422356 0.653207
vt 0.422356 0.693205
vt 0.431371 0.653207
vt 0.431371 0.693205
vt 0.422356 0.443779
vt 0.422356 0.457265
vt 0.431371 0.443779
vt 0.431371 0.457265
vt 0.422356 0.470507
vt 0.431371 0.470507
vt 0.440535 0.607748
vt 0.440535 0.626958
vt 0.440535 0.592962
vt 0.449887 0.592962
vt 0.449887 0.607748
vt 0.449887 0.626958
vt 0.440535 0.410292
vt 0.440535 0.428832
vt 0.440535 0.388691
vt 0.449887 0.388691
vt 0.449887 0.410292
vt 0.449887 0.428832
vt 0.440535 0.653207
vt 0.440535 0.693205
vt 0.449887 0.653207
vt 0.449887 0.693205
vt 0.440535 0.443779
vt 0.440535 0.457265
vt 0.449887 0.443779
vt 0.449887 0.457265
vt 0.440535 0.470507
vt 0.440535 0.483845
vt 0.449887 0.470507
vt 0.449887 0.483845
vt 0.440535 0.497487
vt 0.440535 0.511324
vt 0.449887 0.497487
vt 0.449887 0.511324
vt 0.440535 0.525171
vt 0.440535 0.538907
vt 0.449887 0.525171
vt 0.449887 0.538907
vt 0.440535 0.552500
vt 0.440535 0.566001
vt 0.449887 0.552500
vt 0.449887 0.566001
vt 0.440535 0.579415
vt 0.449887 0.579415
vt 0.440535 0.363622
vt 0.440535 0.334882
vt 0.449887 0.334882
vt 0.449887 0.363622
vt 0.459422 0.525171
vt 0.459422 0.538907
vt 0.459422 0.511324
vt 0.469104 0.511324
vt 0.469104 0.525171
vt 0.469104 0.538907
vt 0.459422 0.552500
vt 0.459422 0.566001
vt 0.469104 0.552500
vt 0.469104 0.566001
vt 0.459422 0.579415
vt 0.459422 0.592962
vt 0.469104 0.579415
vt 0.469104 0.592962
vt 0.459422 0.363622
vt 0.459422 0.388691
vt 0.459422 0.334882
vt 0.469104 0.334882
vt 0.469104 0.363622
vt 0.469104 0.388691
vt 0.459422 0.607748
vt 0.459422 0.626958
vt 0.469104 0.607748
vt 0.469104 0.626958
vt 0.459422 0.410292
vt 0.459422 0.428832
vt 0.469104 0.410292
vt 0.469104 0.428832
vt 0.459422 0.653207
vt 0.459422 0.693205
vt 0.469104 0.653207
vt 0.469104 0.693205
vt 0.459422 0.443779
vt 0.459422 0.457265
vt 0.469104 0.443779
vt 0.469104 0.457265
vt 0.459422 0.470507
vt 0.459422 0.483845
vt 0.469104 0.470507
vt 0.469104 0.483845
vt 0.459422 0.497487
vt 0.469104 0.497487
vt 0.478906 0.410292
vt 0.478906 0.428832
vt 0.478906 0.388691
vt 0.488686 0.388691
vt 0.488686 0.410292
vt 0.488686 0.428832
vt 0.478906 0.653207
vt 0.478906 0.693205
vt 0.478906 0.626958
vt 0.488686 0.626958
vt 0.488686 0.653207
vt 0.488686 0.693205
vt 0.478906 0.443779
vt 0.478906 0.457265
vt 0.488686 0.443779
vt 0.488686 0.457265
vt 0.478906 0.470507
vt 0.478906 0.483845
vt 0.488686 0.470507
vt 0.488686 0.483845
vt 0.478906 0.497487
vt 0.478906 0.511324
vt 0.488686 0.497487
vt 0.488686 0.511324
vt 0.478906 0.525171
vt 0.478906 0.538907
vt 0.488686 0.525171
vt 0.488686 0.538907
vt 0.478906 0.552500
vt 0.478906 0.566001
vt 0.488686 0.552500
vt 0.488686 0.566001
vt 0.478906 0.579415
vt 0.478906 0.592962
vt 0.488686 0.579415
vt 0.488686 0.592962
vt 0.478906 0.363622
vt 0.478906 0.334882
vt 0.488686 0.334882
vt 0.488686 0.363622
vt 0.478906 0.607748
vt 0.488686 0.607748
vt 0.498255 0.525171
vt 0.498255 0.538907
vt 0.498255 0.511324
vt 0.507532 0.511324
vt 0.507532 0.525171
vt 0.507532 0.538907
vt 0.498255 0.552500
vt 0.498255 0.566001
vt 0.507532 0.552500
vt 0.507532 0.566001
vt 0.498255 0.579415
vt 0.498255 0.592962
vt 0.507532 0.579415
vt 0.507532 0.592962
vt 0.498255 0.363622
vt 0.498255 0.388691
vt 0.498255 0.334882
vt 0.507532 0.334882
vt 0.507532 0.363622
vt 0.507532 0.388691
vt 0.498255 0.607748
vt 0.498255 0.626958
vt 0.507532 0.607748
vt 0.507532 0.626958
vt 0.498255 0.410292
vt 0.498255 0.428832
vt 0.507532 0.410292
vt 0.507532 0.428832
vt 0.498255 0.653207
vt 0.498255 0.693205
vt 0.507532 0.653207
vt 0.507532 0.693205
vt 0.498255 0.443779
vt 0.498255 0.457265
vt 0.507532 0.443779
vt 0.507532 0.457265
vt 0.498255 0.470507
vt 0.498255 0.483845
vt 0.507532 0.470507
vt 0.507532 0.483845
vt 0.498255 0.497487
vt 0.507532 0.497487
vt 0.516591 0.653207
vt 0.516591 0.693205
vt 0.516591 0.626958
vt 0.525552 0.626958
vt 0.525552 0.653207
vt 0.525552 0.693205
vt 0.516591 0.443779
vt 0.516591 0.457265
vt 0.516591 0.428832
vt 0.525552 0.428832
vt 0.525552 0.443779
vt 0.525552 0.457265
vt 0.516591 0.470507
vt 0.516591 0.483845
vt 0.525552 0.470507
vt 0.525552 0.483845
vt 0.516591 0.497487
vt 0.516591 0.511324
vt 0.525552 0.497487
vt 0.525552 0.511324
vt 0.516591 0.525171
vt 0.516591 0.538907
vt 0.525552 0.525171
vt 0.525552 0.538907
vt 0.516591 0.552500
vt 0.516591 0.566001
vt 0.525552 0.552500
vt 0.525552 0.566001
vt 0.516591 0.579415
vt 0.516591 0.592962
vt 0.525552 0.579415
vt 0.525552 0.592962
vt 0.516591 0.363622
vt 0.516591 0.388691
vt 0.516591 0.334882
vt 0.525552 0.334882
vt 0.525552 0.363622
vt 0.525552 0.388691
vt 0.516591 0.607748
vt 0.525552 0.607748
vt 0.516591 0.410292
vt 0.525552 0.410292
vt 0.534424 0.552500
vt 0.534424 0.566001
vt 0.534424 0.538907
vt 0.543552 0.538907
vt 0.543552 0.552500
vt 0.543552 0.566001
vt 0.534424 0.579415
vt 0.534424 0.592962
vt 0.543552 0.579415
vt 0.543552 0.592962
vt 0.534424 0.363622
vt 0.534424 0.388691
vt 0.534424 0.334882
vt 0.543552 0.334882
vt 0.543552 0.363622
vt 0.543552 0.388691
vt 0.534424 0.607748
vt 0.534424 0.626958
vt 0.543552 0.607748
vt 0.543552 0.626958
vt 0.534424 0.410292
vt 0.534424 0.428832
vt 0.543552 0.410292
vt 0.543552 0.428832
vt 0.534424 0.653207
vt 0.534424 0.693205
vt 0.543552 0.653207
vt 0.543552 0.693205
vt 0.534424 0.443779
vt 0.534424 0.457265
vt 0.543552 0.443779
vt 0.543552 0.457265
vt 0.534424 0.470507
vt 0.534424 0.483845
vt 0.543552 0.470507
vt 0.543552 0.483845
vt 0.534424 0.497487
vt 0.534424 0.511324
vt 0.543552 0.497487
vt 0.543552 0.511324
vt 0.534424 0.525171
vt 0.543552 0.525171
vt 0.553280 0.470507
vt 0.553280 0.483845
vt 0.553280 0.457265
vt 0.562898 0.457265
vt 0.562898 0.470507
vt 0.562898 0.483845
vt 0.553280 0.497487
vt 0.553280 0.511324
vt 0.562898 0.497487
vt 0.562898 0.511324
vt 0.553280 0.525171
vt 0.553280 0.538907
vt 0.562898 0.525171
vt 0.562898 0.538907
vt 0.553280 0.552500
vt 0.553280 0.566001
vt 0.562898 0.552500
vt 0.562898 0.566001
vt 0.553280 0.579415
vt 0.553280 0.592962
vt 0.562898 0.579415
vt 0.562898 0.592962
vt 0.553280 0.363622
vt 0.553280 0.388691
vt 0.553280 0.334882
vt 0.562898 0.334882
vt 0.562898 0.363622
vt 0.562898 0.388691
vt 0.553280 0.607748
vt 0.553280 0.626958
vt 0.562898 0.607748
vt 0.562898 0.626958
vt 0.553280 0.410292
vt 0.553280 0.428832
vt 0.562898 0.410292
vt 0.562898 0.428832
vt 0.553280 0.653207
vt 0.553280 0.693205
vt 0.562898 0.653207
vt 0.562898 0.693205
vt 0.553280 0.443779
vt 0.562898 0.443779
vt 0.571669 0.579415
vt 0.571669 0.592962
vt 0.571669 0.566001
vt 0.580037 0.566001
vt 0.580037 0.579415
vt 0.580037 0.592962
vt 0.571669 0.363622
vt 0.571669 0.388691
vt 0.571669 0.334882
vt 0.580037 0.334882
vt 0.580037 0.363622
vt 0.580037 0.388691
vt 0.571669 0.607748
vt 0.571669 0.626958
vt 0.580037 0.607748
vt 0.580037 0.626958
vt 0.571669 0.410292
vt 0.571669 0.428832
vt 0.580037 0.410292
vt 0.580037 0.428832
vt 0.571669 0.653207
vt 0.571669 0.693205
vt 0.580037 0.653207
vt 0.580037 0.693205
vt 0.571669 0.443779
vt 0.571669 0.457265
vt 0.580037 0.443779
vt 0.580037 0.457265
vt 0.571669 0.470507
vt 0.571669 0.483845
vt 0.580037 0.470507
vt 0.580037 0.483845
vt 0.571669 0.497487
vt 0.571669 0.511324
vt 0.580037 0.497487
vt 0.580037 0.511324
vt 0.571669 0.525171
vt 0.571669 0.538907
vt 0.580037 0.525171
vt 0.580037 0.538907
vt 0.571669 0.552500
vt 0.580037 0.552500
vt 0.588574 0.470507
vt 0.588574 0.483845
vt 0.588574 0.457265
vt 0.597156 0.457265
vt 0.597156 0.470507
vt 0.597156 0.483845
vt 0.588574 0.497487
vt 0.588574 0.511324
vt 0.597156 0.497487
vt 0.597156 0.511324
vt 0.588574 0.525171
vt 0.588574 0.538907
vt 0.597156 0.525171
vt 0.597156 0.538907
vt 0.588574 0.552500
vt 0.588574 0.566001
vt 0.597156 0.552500
vt 0.597156 0.566001
vt 0.588574 0.579415
vt 0.588574 0.592962
vt 0.597156 0.579415
vt 0.597156 0.592962
vt 0.588574 0.363622
vt 0.588574 0.388691
vt 0.588574 0.334882
vt 0.597156 0.334882
vt 0.597156 0.363622
vt 0.597156 0.388691
vt 0.588574 0.607748
vt 0.588574 0.626958
vt 0.597156 0.607748
vt 0.597156 0.626958
vt 0.588574 0.410292
vt 0.588574 0.428832
vt 0.597156 0.410292
vt 0.597156 0.428832
vt 0.588574 0.653207
vt 0.588574 0.693205
vt 0.597156 0.653207
vt 0.597156 0.693205
vt 0.588574 0.443779
vt 0.597156 0.443779
vt 0.605502 0.579415
vt 0.605502 0.592962
vt 0.605502 0.566001
vt 0.613641 0.566001
vt 0.613641 0.579415
vt 0.613641 0.592962
vt 0.605502 0.363622
vt 0.605502 0.388691
vt 0.605502 0.334882
vt 0.613641 0.334882
vt 0.613641 0.363622
vt 0.613641 0.388691
vt 0.605502 0.607748
vt 0.605502 0.626958
vt 0.613641 0.607748
vt 0.613641 0.626958
vt 0.605502 0.410292
vt 0.605502 0.428832
vt 0.613641 0.410292
vt 0.613641 0.428832
vt 0.605502 0.653207
vt 0.605502 0.693205
vt 0.613641 0.653207
vt 0.613641 0.693205
vt 0.605502 0.443779
vt 0.605502 0.457265
vt 0.613641 0.443779
vt 0.613641 0.457265
vt 0.605502 0.470507
vt 0.605502 0.483845
vt 0.613641 0.470507
vt 0.613641 0.483845
vt 0.605502 0.497487
vt 0.605502 0.511324
vt 0.613641 0.497487
vt 0.613641 0.511324
vt 0.605502 0.525171
vt 0.605502 0.538907
vt 0.613641 0.525171
vt 0.613641 0.538907
vt 0.605502 0.552500
vt 0.613641 0.552500
vt 0.621694 0.497487
vt 0.621694 0.511324
vt 0.621694 0.483845
vt 0.621694 0.525171
vt 0.621694 0.538907
vt 0.621694 0.552500
vt 0.621694 0.566001
vt 0.621694 0.579415
vt 0.621694 0.592962
vt 0.621694 0.363622
vt 0.621694 0.388691
vt 0.621694 0.334882
vt 0.621694 0.607748
vt 0.621694 0.626958
vt 0.621694 0.410292
vt 0.621694 0.428832
vt 0.621694 0.653207
vt 0.621694 0.693205
vt 0.621694 0.443779
vt 0.621694 0.457265
vt 0.621694 0.470507
vt 0.703912 0.135441
vt 0.701297 0.138049
vt 0.717112 0.078089
vt 0.720529 0.075644
vt 0.697580 0.141488
vt 0.711540 0.081856
vt 0.724802 0.017025
vt 0.732329 0.012996
vt 0.736390 0.011042
vt 0.508417 0.197107
vt 0.504924 0.201986
vt 0.455635 0.158067
vt 0.460311 0.150305
vt 0.502824 0.207682
vt 0.453215 0.167460
vt 0.402560 0.119505
vt 0.405192 0.105917
vt 0.411570 0.095161
vt 0.739418 0.184505
vt 0.738394 0.161809
vt 0.772044 0.110917
vt 0.778004 0.128808
vt 0.735455 0.152981
vt 0.766177 0.099464
vt 0.796896 0.039006
vt 0.805891 0.052305
vt 0.812863 0.071780
vt 0.476087 0.250763
vt 0.465488 0.261167
vt 0.401949 0.234643
vt 0.404146 0.223842
vt 0.471762 0.271903
vt 0.401218 0.245881
vt 0.337546 0.210517
vt 0.337216 0.198485
vt 0.336928 0.186437
vt 0.610295 0.139420
vt 0.600854 0.137874
vt 0.585502 0.076041
vt 0.599474 0.079284
vt 0.589676 0.136388
vt 0.569247 0.072379
vt 0.550200 0.002889
vt 0.571484 0.009383
vt 0.589019 0.014914
vt 0.860711 0.316981
vt 0.858170 0.309243
vt 0.926315 0.307676
vt 0.931494 0.318092
vt 0.854720 0.301725
vt 0.920423 0.296628
vt 0.983987 0.280997
vt 0.992397 0.295598
vt 0.999712 0.308803
vt 0.831565 0.231713
vt 0.832064 0.225883
vt 0.887517 0.190682
vt 0.887193 0.198660
vt 0.830107 0.220841
vt 0.884625 0.183799
vt 0.939370 0.139489
vt 0.943495 0.148289
vt 0.943242 0.158109
vt 0.726207 0.148429
vt 0.752870 0.093062
vt 0.714951 0.143868
vt 0.736826 0.087073
vt 0.758760 0.025019
vt 0.779367 0.031777
vt 0.802267 0.189731
vt 0.793136 0.185680
vt 0.833507 0.133505
vt 0.845055 0.139261
vt 0.776507 0.187512
vt 0.818385 0.129270
vt 0.853314 0.067809
vt 0.872054 0.073803
vt 0.886461 0.081178
vt 0.531162 0.183238
vt 0.526807 0.188460
vt 0.485249 0.142457
vt 0.490575 0.134562
vt 0.522210 0.191608
vt 0.479241 0.146537
vt 0.436043 0.094834
vt 0.443275 0.090487
vt 0.448989 0.080019
vt 0.496475 0.217483
vt 0.443665 0.181143
vt 0.492222 0.234165
vt 0.427642 0.199040
vt 0.370822 0.159203
vt 0.391598 0.137712
vt 0.842694 0.260271
vt 0.838403 0.254284
vt 0.900363 0.230766
vt 0.905457 0.239962
vt 0.833841 0.248368
vt 0.893956 0.221616
vt 0.955195 0.186420
vt 0.963653 0.199083
vt 0.969363 0.211961
vt 0.680034 0.136538
vt 0.670131 0.132941
vt 0.673804 0.071951
vt 0.688285 0.077386
vt 0.660666 0.131443
vt 0.659695 0.068674
vt 0.659860 0.000288
vt 0.678705 0.006544
vt 0.696992 0.014648
vt 0.822993 0.213015
vt 0.872912 0.172493
vt 0.814517 0.203725
vt 0.859656 0.158994
vt 0.903141 0.106856
vt 0.921867 0.124628
vt 0.689956 0.140515
vt 0.701656 0.081511
vt 0.713018 0.018520
vt 0.558398 0.153234
vt 0.553162 0.159452
vt 0.520487 0.099459
vt 0.528230 0.091204
vt 0.545932 0.166470
vt 0.510248 0.109450
vt 0.472926 0.046371
vt 0.486773 0.033389
vt 0.497733 0.023269
vt 0.454226 0.296962
vt 0.382776 0.292839
vt 0.392243 0.269086
vt 0.457874 0.282904
vt 0.329952 0.245372
vt 0.318625 0.279517
vt 0.515145 0.194019
vt 0.469570 0.147664
vt 0.423795 0.093683
vt 0.850275 0.291687
vt 0.914054 0.282725
vt 0.846611 0.280393
vt 0.909302 0.267472
vt 0.971300 0.245630
vt 0.975955 0.263988
vt 0.630134 0.145452
vt 0.619278 0.076543
vt 0.624087 0.075138
vt 0.634419 0.137100
vt 0.629089 0.075161
vt 0.639720 0.143415
vt 0.616276 0.008288
vt 0.622540 0.008217
vt 0.609967 0.008228
vt 0.577091 0.137254
vt 0.552554 0.072263
vt 0.566647 0.140818
vt 0.539401 0.075989
vt 0.512782 0.006003
vt 0.528990 0.001823
vt 0.831600 0.239990
vt 0.889099 0.209915
vt 0.947363 0.171748
vt 0.415514 0.210753
vt 0.478897 0.235207
vt 0.354556 0.173077
vt 0.798799 0.128825
vt 0.764099 0.180284
vt 0.832512 0.070472
vt 0.707908 0.138388
vt 0.726052 0.079838
vt 0.743993 0.016266
vt 0.650239 0.133350
vt 0.645273 0.070268
vt 0.641599 0.001948
vt 0.537790 0.175351
vt 0.499280 0.122569
vt 0.459132 0.063829
vt 0.808335 0.195801
vt 0.851888 0.147618
vt 0.893916 0.091897
vt 0.452857 0.307429
vt 0.382780 0.306004
vt 0.455339 0.316883
vt 0.383465 0.318092
vt 0.314823 0.306193
vt 0.316171 0.292965
vt 0.561549 0.146560
vt 0.532897 0.082878
vt 0.504460 0.013686
vt 0.618435 0.139564
vt 0.610082 0.078781
vt 0.601192 0.013833
vt 0.844808 0.269433
vt 0.907517 0.252678
vt 0.970635 0.227916
vt 0.083396 0.186502
vt 0.115962 0.137109
vt 0.106929 0.131844
vt 0.075058 0.180028
vt 0.092147 0.128614
vt 0.063998 0.175670
vt 0.143269 0.089095
vt 0.124986 0.087479
vt 0.151853 0.092251
vt 0.204068 0.445630
vt 0.258226 0.436488
vt 0.257917 0.414013
vt 0.204426 0.419487
vt 0.257128 0.397917
vt 0.203836 0.405549
vt 0.307425 0.412816
vt 0.307419 0.394794
vt 0.312242 0.436654
vt 0.193965 0.296261
vt 0.176483 0.307800
vt 0.223425 0.290029
vt 0.234580 0.278572
vt 0.168401 0.326281
vt 0.214456 0.303740
vt 0.265596 0.286519
vt 0.270548 0.275001
vt 0.275879 0.262924
vt 0.058119 0.675770
vt 0.040668 0.665289
vt 0.053679 0.722229
vt 0.075030 0.726330
vt 0.025248 0.659232
vt 0.032686 0.719080
vt 0.046088 0.771546
vt 0.070581 0.772599
vt 0.095150 0.773948
vt 0.087416 0.644561
vt 0.113612 0.699284
vt 0.123179 0.702298
vt 0.094002 0.646616
vt 0.133028 0.700587
vt 0.102153 0.644738
vt 0.156593 0.754807
vt 0.167738 0.752497
vt 0.143405 0.751513
vt 0.187818 0.491070
vt 0.193203 0.510436
vt 0.251660 0.519030
vt 0.246336 0.502402
vt 0.197830 0.524267
vt 0.257376 0.535054
vt 0.314248 0.540463
vt 0.310290 0.521457
vt 0.306241 0.503468
vt 0.129436 0.603054
vt 0.167664 0.643252
vt 0.177247 0.635067
vt 0.136116 0.597512
vt 0.191231 0.625589
vt 0.145507 0.590681
vt 0.221111 0.668274
vt 0.239734 0.656123
vt 0.208534 0.678464
vt 0.142530 0.262974
vt 0.180602 0.233236
vt 0.183244 0.219700
vt 0.143820 0.248676
vt 0.185779 0.210340
vt 0.143820 0.239297
vt 0.220983 0.198750
vt 0.226335 0.189794
vt 0.217890 0.208574
vt 0.000288 0.121683
vt 0.006298 0.134082
vt 0.026870 0.067206
vt 0.018338 0.057108
vt 0.018168 0.141889
vt 0.036685 0.076423
vt 0.065490 0.017853
vt 0.052451 0.009434
vt 0.039274 0.000288
vt 0.130185 0.211847
vt 0.179684 0.171634
vt 0.163334 0.165545
vt 0.118820 0.205980
vt 0.140825 0.160407
vt 0.102902 0.201406
vt 0.210813 0.129859
vt 0.181720 0.124773
vt 0.232432 0.137446
vt 0.145897 0.685239
vt 0.113032 0.632536
vt 0.157407 0.665948
vt 0.122602 0.617921
vt 0.182003 0.733525
vt 0.194846 0.709388
vt 0.206390 0.378606
vt 0.257846 0.368970
vt 0.250190 0.355028
vt 0.200706 0.367677
vt 0.237622 0.339817
vt 0.189032 0.357197
vt 0.296852 0.345238
vt 0.287111 0.325127
vt 0.305105 0.361962
vt 0.083980 0.716046
vt 0.065510 0.662003
vt 0.093459 0.707297
vt 0.072934 0.653475
vt 0.105332 0.763923
vt 0.116739 0.756026
vt 0.254056 0.392092
vt 0.197556 0.402666
vt 0.252728 0.389042
vt 0.193533 0.399332
vt 0.309526 0.384066
vt 0.311692 0.377175
vt 0.155107 0.548506
vt 0.201775 0.575660
vt 0.217417 0.564281
vt 0.167318 0.540733
vt 0.238934 0.555387
vt 0.182898 0.535354
vt 0.268191 0.587609
vt 0.294385 0.574724
vt 0.249208 0.599131
vt 0.218232 0.269796
vt 0.170104 0.291519
vt 0.203032 0.260608
vt 0.155845 0.284932
vt 0.266547 0.249233
vt 0.252609 0.236501
vt 0.178622 0.203206
vt 0.135162 0.235221
vt 0.172999 0.195300
vt 0.127378 0.230562
vt 0.223164 0.179859
vt 0.222113 0.168109
vt 0.071073 0.121937
vt 0.049020 0.172359
vt 0.051726 0.110384
vt 0.035161 0.166774
vt 0.099074 0.079978
vt 0.076371 0.063607
vt 0.239499 0.484733
vt 0.187940 0.470641
vt 0.233487 0.465758
vt 0.185471 0.451664
vt 0.290333 0.490350
vt 0.274774 0.482802
vt 0.103526 0.701004
vt 0.080361 0.647002
vt 0.129874 0.751451
vt 0.000288 0.704129
vt 0.010608 0.767502
vt 0.021354 0.742736
vt 0.016291 0.678959
vt 0.036141 0.797610
vt 0.026912 0.825370
vt 0.188751 0.248126
vt 0.146759 0.275999
vt 0.231534 0.222766
vt 0.203737 0.615059
vt 0.153603 0.582379
vt 0.207907 0.603589
vt 0.156457 0.572821
vt 0.256744 0.642256
vt 0.262378 0.628299
vt 0.225672 0.322899
vt 0.178661 0.344770
vt 0.276517 0.305578
vt 0.125377 0.149038
vt 0.091471 0.194411
vt 0.161970 0.109220
vt 0.251456 0.545749
vt 0.192478 0.529912
vt 0.308644 0.558403
vt 0.041321 0.094288
vt 0.027338 0.156725
vt 0.066364 0.041929
vt 0.163286 0.652159
vt 0.126826 0.608571
vt 0.202214 0.690918
vt 0.256344 0.380975
vt 0.200076 0.390468
vt 0.310424 0.371766
vt 0.194578 0.447193
vt 0.244708 0.449048
vt 0.292943 0.457091
vt 0.202550 0.589931
vt 0.153837 0.560636
vt 0.253560 0.613635
vt 0.178437 0.183728
vt 0.129827 0.221944
vt 0.231167 0.152627
vt 0.713779 0.267544
vt 0.712748 0.266339
vt 0.784358 0.272696
vt 0.785797 0.279189
vt 0.711596 0.265040
vt 0.782746 0.267240
vt 0.632419 0.246615
vt 0.629523 0.249084
vt 0.627052 0.192079
vt 0.633591 0.190707
vt 0.626772 0.248787
vt 0.621019 0.192918
vt 0.617474 0.251993
vt 0.615797 0.253880
vt 0.587155 0.200443
vt 0.591022 0.196553
vt 0.613977 0.255036
vt 0.584761 0.204731
vt 0.593691 0.277418
vt 0.594203 0.278430
vt 0.519987 0.298701
vt 0.517818 0.292238
vt 0.594425 0.279759
vt 0.522479 0.304103
vt 0.697837 0.255321
vt 0.695737 0.254518
vt 0.760195 0.228783
vt 0.764844 0.233470
vt 0.693490 0.253708
vt 0.755355 0.224967
vt 0.608958 0.256470
vt 0.606077 0.257959
vt 0.570802 0.218407
vt 0.576261 0.213064
vt 0.604833 0.258914
vt 0.566176 0.223097
vt 0.644256 0.245745
vt 0.641542 0.246770
vt 0.647878 0.187651
vt 0.655301 0.186703
vt 0.638619 0.246164
vt 0.638898 0.189874
vt 0.668748 0.246753
vt 0.666272 0.246403
vt 0.688233 0.189965
vt 0.693266 0.193420
vt 0.663387 0.245861
vt 0.684945 0.188280
vt 0.681534 0.250099
vt 0.715227 0.213169
vt 0.729475 0.216517
vt 0.683915 0.250438
vt 0.741295 0.219116
vt 0.687834 0.251457
vt 0.595047 0.272094
vt 0.525519 0.265221
vt 0.530462 0.259327
vt 0.594885 0.270743
vt 0.536239 0.254969
vt 0.595654 0.269570
vt 0.709031 0.262623
vt 0.707351 0.261366
vt 0.775489 0.255061
vt 0.776795 0.260042
vt 0.705763 0.260336
vt 0.775549 0.250180
vt 0.621910 0.250023
vt 0.619893 0.252134
vt 0.598529 0.193790
vt 0.607174 0.192351
vt 0.636204 0.189635
vt 0.635579 0.246802
vt 0.715236 0.270992
vt 0.714383 0.268635
vt 0.788426 0.285788
vt 0.791310 0.291620
vt 0.602496 0.261002
vt 0.601972 0.262633
vt 0.554581 0.231218
vt 0.559271 0.228432
vt 0.599360 0.263009
vt 0.550190 0.234189
vt 0.521529 0.284698
vt 0.594189 0.276230
vt 0.526033 0.276928
vt 0.593766 0.274889
vt 0.611194 0.256163
vt 0.581128 0.208690
vt 0.657205 0.245848
vt 0.653959 0.246446
vt 0.675312 0.191925
vt 0.680251 0.192059
vt 0.650676 0.245874
vt 0.668140 0.189499
vt 0.702114 0.257773
vt 0.699764 0.256251
vt 0.770156 0.238883
vt 0.774334 0.243565
vt 0.647268 0.246222
vt 0.661577 0.187398
vt 0.710433 0.263900
vt 0.779801 0.263609
vt 0.597280 0.266235
vt 0.595841 0.267817
vt 0.542047 0.246242
vt 0.546049 0.240168
vt 0.603645 0.259936
vt 0.562700 0.226189
vt 0.690815 0.252743
vt 0.749171 0.221811
vt 0.676753 0.248435
vt 0.672267 0.247575
vt 0.700683 0.196697
vt 0.706834 0.199856
vt 0.703957 0.259052
vt 0.775739 0.246719
vt 0.716331 0.274514
vt 0.715806 0.272166
vt 0.793357 0.296020
vt 0.794279 0.300661
vt 0.624282 0.250025
vt 0.614589 0.192558
vt 0.593031 0.273901
vt 0.524831 0.271457
vt 0.678833 0.249284
vt 0.709754 0.204822
vt 0.598560 0.265424
vt 0.547735 0.236961
vt 0.660243 0.246104
vt 0.682656 0.189690
vt 0.049556 0.345768
vt 0.087139 0.274915
vt 0.087379 0.269090
vt 0.049219 0.341524
vt 0.086100 0.261733
vt 0.046884 0.341658
vt 0.065671 0.476076
vt 0.110422 0.534864
vt 0.110458 0.525684
vt 0.065979 0.471797
vt 0.112680 0.516784
vt 0.067153 0.466287
vt 0.072002 0.422888
vt 0.072196 0.429503
vt 0.140618 0.443824
vt 0.145486 0.441402
vt 0.071568 0.435421
vt 0.135969 0.446995
vt 0.070650 0.404199
vt 0.137289 0.406387
vt 0.141428 0.398535
vt 0.071020 0.399727
vt 0.146082 0.388932
vt 0.068794 0.396327
vt 0.058237 0.490435
vt 0.089584 0.565648
vt 0.092799 0.559996
vt 0.059409 0.488390
vt 0.094806 0.556632
vt 0.060636 0.486002
vt 0.034693 0.332403
vt 0.026086 0.234330
vt 0.020507 0.229318
vt 0.033318 0.331125
vt 0.016155 0.221794
vt 0.031895 0.331769
vt 0.069645 0.461821
vt 0.129036 0.508291
vt 0.134941 0.504697
vt 0.069468 0.458029
vt 0.138747 0.500757
vt 0.069834 0.454120
vt 0.043533 0.337506
vt 0.069905 0.253763
vt 0.062694 0.249705
vt 0.042484 0.335042
vt 0.056780 0.244975
vt 0.040881 0.335264
vt 0.067355 0.388528
vt 0.135691 0.370203
vt 0.129375 0.358963
vt 0.064679 0.382636
vt 0.124045 0.345400
vt 0.064210 0.379084
vt 0.062835 0.480376
vt 0.103914 0.547968
vt 0.108407 0.541973
vt 0.063983 0.477496
vt 0.058357 0.363440
vt 0.109878 0.313650
vt 0.104747 0.308186
vt 0.058276 0.358538
vt 0.101708 0.298836
vt 0.055331 0.357843
vt 0.039669 0.503388
vt 0.015032 0.616819
vt 0.022372 0.603429
vt 0.040881 0.504109
vt 0.029252 0.590895
vt 0.043345 0.503531
vt 0.049762 0.500182
vt 0.056309 0.590986
vt 0.061606 0.586529
vt 0.051328 0.499242
vt 0.066230 0.584487
vt 0.052526 0.497737
vt 0.071537 0.442949
vt 0.136827 0.477376
vt 0.135996 0.461924
vt 0.071889 0.439222
vt 0.037649 0.333106
vt 0.043325 0.236680
vt 0.034519 0.235796
vt 0.035962 0.331251
vt 0.052725 0.351098
vt 0.098703 0.280314
vt 0.092685 0.277804
vt 0.051445 0.346606
vt 0.061762 0.371657
vt 0.130880 0.320689
vt 0.118643 0.317392
vt 0.060261 0.366306
vt 0.120070 0.511513
vt 0.067892 0.463814
vt 0.071647 0.414111
vt 0.146053 0.412240
vt 0.140930 0.409950
vt 0.070180 0.409693
vt 0.046335 0.501885
vt 0.045360 0.602763
vt 0.050859 0.596399
vt 0.048377 0.501575
vt 0.143054 0.379830
vt 0.067590 0.392306
vt 0.055281 0.494774
vt 0.075685 0.583155
vt 0.083003 0.575028
vt 0.057104 0.492497
vt 0.079175 0.257135
vt 0.045439 0.337821
vt 0.028551 0.332309
vt 0.029571 0.330168
vt 0.010140 0.218507
vt 0.004767 0.214095
vt 0.100432 0.287728
vt 0.054693 0.352439
vt 0.098787 0.552839
vt 0.061451 0.483625
vt 0.071416 0.450271
vt 0.137145 0.489685
vt 0.070347 0.585096
vt 0.053994 0.496434
vt 0.044481 0.504759
vt 0.037257 0.596488
vt 0.064516 0.374245
vt 0.126225 0.332029
vt 0.146877 0.423226
vt 0.071207 0.418877
vt 0.050501 0.240022
vt 0.039313 0.332540
s 1
usemtl Caramelo_3
f 3/1/3 1010/2/1010 1025/3/1025 365/4/365
f 1010/2/1010 349/5/349 1014/6/1014 1025/3/1025
f 1025/3/1025 1014/6/1014 10/7/10 358/8/358
f 365/4/365 1025/3/1025 358/8/358 11/9/11
f 4/10/4 353/11/353 1026/12/1026 366/13/366
f 353/11/353 3/1/3 365/4/365 1026/12/1026
f 1026/12/1026 365/4/365 11/9/11 359/14/359
f 366/13/366 1026/12/1026 359/14/359 12/15/12
f 5/16/5 354/17/354 1027/18/1027 367/19/367
f 354/17/354 4/10/4 366/13/366 1027/18/1027
f 1027/18/1027 366/13/366 12/15/12 360/20/360
f 367/19/367 1027/18/1027 360/20/360 13/21/13
f 350/22/350 1011/23/1011 1028/24/1028 1015/25/1015
f 1011/23/1011 5/16/5 367/19/367 1028/24/1028
f 1028/24/1028 367/19/367 13/21/13 361/26/361
f 1015/25/1015 1028/24/1028 361/26/361 14/27/14
f 6/28/6 1012/29/1012 1029/30/1029 369/31/369
f 1012/29/1012 350/22/350 1015/25/1015 1029/30/1029
f 1029/30/1029 1015/25/1015 14/27/14 362/32/362
f 369/31/369 1029/30/1029 362/32/362 15/33/15
f 348/34/348 1007/35/1007 1030/36/1030 1016/37/1016
f 1007/35/1007 1/38/1 368/39/368 1030/36/1030
f 1030/36/1030 368/39/368 7/40/7 355/41/355
f 1016/37/1016 1030/36/1030 355/41/355 8/42/8
f 351/43/351 1013/44/1013 1031/45/1031 1017/46/1017
f 1013/44/1013 6/28/6 369/31/369 1031/45/1031
f 1031/45/1031 369/31/369 15/33/15 363/47/363
f 1017/46/1017 1031/45/1031 363/47/363 16/48/16
f 2/49/2 1008/50/1008 1032/51/1032 370/52/370
f 1008/50/1008 348/34/348 1016/37/1016 1032/51/1032
f 1032/51/1032 1016/37/1016 8/42/8 356/53/356
f 370/52/370 1032/51/1032 356/53/356 9/54/9
f 352/55/352 1001/56/1001 1033/57/1033 1018/58/1018
f 1001/56/1001 351/43/351 1017/46/1017 1033/57/1033
f 1033/57/1033 1017/46/1017 16/48/16 364/59/364
f 1018/58/1018 1033/57/1033 364/59/364 17/60/17
f 349/5/349 1009/61/1009 1034/62/1034 1014/6/1014
f 1009/61/1009 2/49/2 370/52/370 1034/62/1034
f 1034/62/1034 370/52/370 9/54/9 357/63/357
f 1014/6/1014 1034/62/1034 357/63/357 10/7/10
f 10/7/10 357/63/357 1035/64/1035 381/65/381
f 357/63/357 9/54/9 382/66/382 1035/64/1035
f 1035/64/1035 382/66/382 20/67/20 373/68/373
f 381/65/381 1035/64/1035 373/68/373 21/69/21
f 11/9/11 358/8/358 1036/70/1036 384/71/384
f 358/8/358 10/7/10 381/65/381 1036/70/1036
f 1036/70/1036 381/65/381 21/69/21 374/72/374
f 384/71/384 1036/70/1036 374/72/374 22/73/22
f 12/15/12 359/14/359 1037/74/1037 385/75/385
f 359/14/359 11/9/11 384/71/384 1037/74/1037
f 1037/74/1037 384/71/384 22/73/22 375/76/375
f 385/75/385 1037/74/1037 375/76/375 23/77/23
f 13/21/13 360/20/360 1038/78/1038 386/79/386
f 360/20/360 12/15/12 385/75/385 1038/78/1038
f 1038/78/1038 385/75/385 23/77/23 376/80/376
f 386/79/386 1038/78/1038 376/80/376 24/81/24
f 14/27/14 361/26/361 1039/82/1039 387/83/387
f 361/26/361 13/21/13 386/79/386 1039/82/1039
f 1039/82/1039 386/79/386 24/81/24 377/84/377
f 387/83/387 1039/82/1039 377/84/377 25/85/25
f 15/33/15 362/32/362 1040/86/1040 389/87/389
f 362/32/362 14/27/14 387/83/387 1040/86/1040
f 1040/86/1040 387/83/387 25/85/25 378/88/378
f 389/87/389 1040/86/1040 378/88/378 26/89/26
f 8/42/8 355/41/355 1041/90/1041 390/91/390
f 355/41/355 7/40/7 388/92/388 1041/90/1041
f 1041/90/1041 388/92/388 18/93/18 371/94/371
f 390/91/390 1041/90/1041 371/94/371 19/95/19
f 16/48/16 363/47/363 1042/96/1042 391/97/391
f 363/47/363 15/33/15 389/87/389 1042/96/1042
f 1042/96/1042 389/87/389 26/89/26 379/98/379
f 391/97/391 1042/96/1042 379/98/379 27/99/27
f 9/54/9 356/53/356 1043/100/1043 382/66/382
f 356/53/356 8/42/8 390/91/390 1043/100/1043
f 1043/100/1043 390/91/390 19/95/19 372/101/372
f 382/66/382 1043/100/1043 372/101/372 20/67/20
f 17/60/17 364/59/364 1044/102/1044 383/103/383
f 364/59/364 16/48/16 391/97/391 1044/102/1044
f 1044/102/1044 391/97/391 27/99/27 380/104/380
f 383/103/383 1044/102/1044 380/104/380 28/105/28
f 25/85/25 377/84/377 1045/106/1045 402/107/402
f 377/84/377 24/81/24 403/108/403 1045/106/1045
f 1045/106/1045 403/108/403 35/109/35 398/110/398
f 402/107/402 1045/106/1045 398/110/398 36/111/36
f 26/89/26 378/88/378 1046/112/1046 405/113/405
f 378/88/378 25/85/25 402/107/402 1046/112/1046
f 1046/112/1046 402/107/402 36/111/36 399/114/399
f 405/113/405 1046/112/1046 399/114/399 37/115/37
f 19/95/19 371/94/371 1047/116/1047 406/117/406
f 371/94/371 18/93/18 404/118/404 1047/116/1047
f 1047/116/1047 404/118/404 29/119/29 392/120/392
f 406/117/406 1047/116/1047 392/120/392 30/121/30
f 27/99/27 379/98/379 1048/122/1048 407/123/407
f 379/98/379 26/89/26 405/113/405 1048/122/1048
f 1048/122/1048 405/113/405 37/115/37 400/124/400
f 407/123/407 1048/122/1048 400/124/400 38/125/38
f 20/67/20 372/101/372 1049/126/1049 408/127/408
f 372/101/372 19/95/19 406/117/406 1049/126/1049
f 1049/126/1049 406/117/406 30/121/30 393/128/393
f 408/127/408 1049/126/1049 393/128/393 31/129/31
f 28/105/28 380/104/380 1050/130/1050 409/131/409
f 380/104/380 27/99/27 407/123/407 1050/130/1050
f 1050/130/1050 407/123/407 38/125/38 401/132/401
f 409/131/409 1050/130/1050 401/132/401 39/133/39
f 21/69/21 373/68/373 1051/134/1051 410/135/410
f 373/68/373 20/67/20 408/127/408 1051/134/1051
f 1051/134/1051 408/127/408 31/129/31 394/136/394
f 410/135/410 1051/134/1051 394/136/394 32/137/32
f 22/73/22 374/72/374 1052/138/1052 411/139/411
f 374/72/374 21/69/21 410/135/410 1052/138/1052
f 1052/138/1052 410/135/410 32/137/32 395/140/395
f 411/139/411 1052/138/1052 395/140/395 33/141/33
f 23/77/23 375/76/375 1053/142/1053 412/143/412
f 375/76/375 22/73/22 411/139/411 1053/142/1053
f 1053/142/1053 411/139/411 33/141/33 396/144/396
f 412/143/412 1053/142/1053 396/144/396 34/145/34
f 24/81/24 376/80/376 1054/146/1054 403/108/403
f 376/80/376 23/77/23 412/143/412 1054/146/1054
f 1054/146/1054 412/143/412 34/145/34 397/147/397
f 403/108/403 1054/146/1054 397/147/397 35/109/35
f 33/141/33 395/140/395 1055/148/1055 424/149/424
f 395/140/395 32/137/32 425/150/425 1055/148/1055
f 1055/148/1055 425/150/425 43/151/43 416/152/416
f 424/149/424 1055/148/1055 416/152/416 44/153/44
f 34/145/34 396/144/396 1056/154/1056 426/155/426
f 396/144/396 33/141/33 424/149/424 1056/154/1056
f 1056/154/1056 424/149/424 44/153/44 417/156/417
f 426/155/426 1056/154/1056 417/156/417 45/157/45
f 35/109/35 397/147/397 1057/158/1057 427/159/427
f 397/147/397 34/145/34 426/155/426 1057/158/1057
f 1057/158/1057 426/155/426 45/157/45 418/160/418
f 427/159/427 1057/158/1057 418/160/418 46/161/46
f 36/111/36 398/110/398 1058/162/1058 428/163/428
f 398/110/398 35/109/35 427/159/427 1058/162/1058
f 1058/162/1058 427/159/427 46/161/46 419/164/419
f 428/163/428 1058/162/1058 419/164/419 47/165/47
f 37/115/37 399/114/399 1059/166/1059 430/167/430
f 399/114/399 36/111/36 428/163/428 1059/166/1059
f 1059/166/1059 428/163/428 47/165/47 420/168/420
f 430/167/430 1059/166/1059 420/168/420 48/169/48
f 30/121/30 392/120/392 1060/170/1060 431/171/431
f 392/120/392 29/119/29 429/172/429 1060/170/1060
f 1060/170/1060 429/172/429 40/173/40 413/174/413
f 431/171/431 1060/170/1060 413/174/413 41/175/41
f 38/125/38 400/124/400 1061/176/1061 432/177/432
f 400/124/400 37/115/37 430/167/430 1061/176/1061
f 1061/176/1061 430/167/430 48/169/48 421/178/421
f 432/177/432 1061/176/1061 421/178/421 49/179/49
f 31/129/31 393/128/393 1062/180/1062 433/181/433
f 393/128/393 30/121/30 431/171/431 1062/180/1062
f 1062/180/1062 431/171/431 41/175/41 414/182/414
f 433/181/433 1062/180/1062 414/182/414 42/183/42
f 39/133/39 401/132/401 1063/184/1063 423/185/423
f 401/132/401 38/125/38 432/177/432 1063/184/1063
f 1063/184/1063 432/177/432 49/179/49 422/186/422
f 423/185/423 1063/184/1063 422/186/422 50/187/50
f 32/137/32 394/136/394 1064/188/1064 425/150/425
f 394/136/394 31/129/31 433/181/433 1064/188/1064
f 1064/188/1064 433/181/433 42/183/42 415/189/415
f 425/150/425 1064/188/1064 415/189/415 43/151/43
f 48/169/48 420/168/420 1065/190/1065 445/191/445
f 420/168/420 47/165/47 446/192/446 1065/190/1065
f 1065/190/1065 446/192/446 58/193/58 441/194/441
f 445/191/445 1065/190/1065 441/194/441 59/195/59
f 41/175/41 413/174/413 1066/196/1066 447/197/447
f 413/174/413 40/173/40 444/198/444 1066/196/1066
f 1066/196/1066 444/198/444 51/199/51 434/200/434
f 447/197/447 1066/196/1066 434/200/434 52/201/52
f 49/179/49 421/178/421 1067/202/1067 448/203/448
f 421/178/421 48/169/48 445/191/445 1067/202/1067
f 1067/202/1067 445/191/445 59/195/59 442/204/442
f 448/203/448 1067/202/1067 442/204/442 60/205/60
f 42/183/42 414/182/414 1068/206/1068 449/207/449
f 414/182/414 41/175/41 447/197/447 1068/206/1068
f 1068/206/1068 447/197/447 52/201/52 435/208/435
f 449/207/449 1068/206/1068 435/208/435 53/209/53
f 50/187/50 422/186/422 1069/210/1069 450/211/450
f 422/186/422 49/179/49 448/203/448 1069/210/1069
f 1069/210/1069 448/203/448 60/205/60 443/212/443
f 450/211/450 1069/210/1069 443/212/443 61/213/61
f 43/151/43 415/189/415 1070/214/1070 451/215/451
f 415/189/415 42/183/42 449/207/449 1070/214/1070
f 1070/214/1070 449/207/449 53/209/53 436/216/436
f 451/215/451 1070/214/1070 436/216/436 54/217/54
f 44/153/44 416/152/416 1071/218/1071 452/219/452
f 416/152/416 43/151/43 451/215/451 1071/218/1071
f 1071/218/1071 451/215/451 54/217/54 437/220/437
f 452/219/452 1071/218/1071 437/220/437 55/221/55
f 45/157/45 417/156/417 1072/222/1072 453/223/453
f 417/156/417 44/153/44 452/219/452 1072/222/1072
f 1072/222/1072 452/219/452 55/221/55 438/224/438
f 453/223/453 1072/222/1072 438/224/438 56/225/56
f 46/161/46 418/160/418 1073/226/1073 454/227/454
f 418/160/418 45/157/45 453/223/453 1073/226/1073
f 1073/226/1073 453/223/453 56/225/56 439/228/439
f 454/227/454 1073/226/1073 439/228/439 57/229/57
f 47/165/47 419/164/419 1074/230/1074 446/192/446
f 419/164/419 46/161/46 454/227/454 1074/230/1074
f 1074/230/1074 454/227/454 57/229/57 440/231/440
f 446/192/446 1074/230/1074 440/231/440 58/193/58
f 55/221/55 437/220/437 1075/232/1075 465/233/465
f 437/220/437 54/217/54 466/234/466 1075/232/1075
f 1075/232/1075 466/234/466 65/235/65 458/236/458
f 465/233/465 1075/232/1075 458/236/458 66/237/66
f 56/225/56 438/224/438 1076/238/1076 467/239/467
f 438/224/438 55/221/55 465/233/465 1076/238/1076
f 1076/238/1076 465/233/465 66/237/66 459/240/459
f 467/239/467 1076/238/1076 459/240/459 67/241/67
f 57/229/57 439/228/439 1077/242/1077 468/243/468
f 439/228/439 56/225/56 467/239/467 1077/242/1077
f 1077/242/1077 467/239/467 67/241/67 460/244/460
f 468/243/468 1077/242/1077 460/244/460 68/245/68
f 58/193/58 440/231/440 1078/246/1078 469/247/469
f 440/231/440 57/229/57 468/243/468 1078/246/1078
f 1078/246/1078 468/243/468 68/245/68 461/248/461
f 469/247/469 1078/246/1078 461/248/461 69/249/69
f 59/195/59 441/194/441 1079/250/1079 471/251/471
f 441/194/441 58/193/58 469/247/469 1079/250/1079
f 1079/250/1079 469/247/469 69/249/69 462/252/462
f 471/251/471 1079/250/1079 462/252/462 70/253/70
f 52/201/52 434/200/434 1080/254/1080 472/255/472
f 434/200/434 51/199/51 470/256/470 1080/254/1080
f 1080/254/1080 470/256/470 62/257/62 455/258/455
f 472/255/472 1080/254/1080 455/258/455 63/259/63
f 60/205/60 442/204/442 1081/260/1081 473/261/473
f 442/204/442 59/195/59 471/251/471 1081/260/1081
f 1081/260/1081 471/251/471 70/253/70 463/262/463
f 473/261/473 1081/260/1081 463/262/463 71/263/71
f 53/209/53 435/208/435 1082/264/1082 474/265/474
f 435/208/435 52/201/52 472/255/472 1082/264/1082
f 1082/264/1082 472/255/472 63/259/63 456/266/456
f 474/265/474 1082/264/1082 456/266/456 64/267/64
f 61/213/61 443/212/443 1083/268/1083 475/269/475
f 443/212/443 60/205/60 473/261/473 1083/268/1083
f 1083/268/1083 473/261/473 71/263/71 464/270/464
f 475/269/475 1083/268/1083 464/270/464 72/271/72
f 54/217/54 436/216/436 1084/272/1084 466/234/466
f 436/216/436 53/209/53 474/265/474 1084/272/1084
f 1084/272/1084 474/265/474 64/267/64 457/273/457
f 466/234/466 1084/272/1084 457/273/457 65/235/65
f 70/253/70 462/252/462 1085/274/1085 486/275/486
f 462/252/462 69/249/69 487/276/487 1085/274/1085
f 1085/274/1085 487/276/487 80/277/80 483/278/483
f 486/275/486 1085/274/1085 483/278/483 81/279/81
f 63/259/63 455/258/455 1086/280/1086 488/281/488
f 455/258/455 62/257/62 489/282/489 1086/280/1086
f 1086/280/1086 489/282/489 73/283/73 476/284/476
f 488/281/488 1086/280/1086 476/284/476 74/285/74
f 71/263/71 463/262/463 1087/286/1087 490/287/490
f 463/262/463 70/253/70 486/275/486 1087/286/1087
f 1087/286/1087 486/275/486 81/279/81 484/288/484
f 490/287/490 1087/286/1087 484/288/484 82/289/82
f 64/267/64 456/266/456 1088/290/1088 491/291/491
f 456/266/456 63/259/63 488/281/488 1088/290/1088
f 1088/290/1088 488/281/488 74/285/74 477/292/477
f 491/291/491 1088/290/1088 477/292/477 75/293/75
f 72/271/72 464/270/464 1089/294/1089 492/295/492
f 464/270/464 71/263/71 490/287/490 1089/294/1089
f 1089/294/1089 490/287/490 82/289/82 485/296/485
f 492/295/492 1089/294/1089 485/296/485 83/297/83
f 65/235/65 457/273/457 1090/298/1090 493/299/493
f 457/273/457 64/267/64 491/291/491 1090/298/1090
f 1090/298/1090 491/291/491 75/293/75 478/300/478
f 493/299/493 1090/298/1090 478/300/478 76/301/76
f 66/237/66 458/236/458 1091/302/1091 494/303/494
f 458/236/458 65/235/65 493/299/493 1091/302/1091
f 1091/302/1091 493/299/493 76/301/76 479/304/479
f 494/303/494 1091/302/1091 479/304/479 77/305/77
f 67/241/67 459/240/459 1092/306/1092 495/307/495
f 459/240/459 66/237/66 494/303/494 1092/306/1092
f 1092/306/1092 494/303/494 77/305/77 480/308/480
f 495/307/495 1092/306/1092 480/308/480 78/309/78
f 68/245/68 460/244/460 1093/310/1093 496/311/496
f 460/244/460 67/241/67 495/307/495 1093/310/1093
f 1093/310/1093 495/307/495 78/309/78 481/312/481
f 496/311/496 1093/310/1093 481/312/481 79/313/79
f 69/249/69 461/248/461 1094/314/1094 487/276/487
f 461/248/461 68/245/68 496/311/496 1094/314/1094
f 1094/314/1094 496/311/496 79/313/79 482/315/482
f 487/276/487 1094/314/1094 482/315/482 80/277/80
f 78/309/78 480/308/480 1095/316/1095 507/317/507
f 480/308/480 77/305/77 508/318/508 1095/316/1095
f 1095/316/1095 508/318/508 88/319/88 501/320/501
f 507/317/507 1095/316/1095 501/320/501 89/321/89
f 79/313/79 481/312/481 1096/322/1096 509/323/509
f 481/312/481 78/309/78 507/317/507 1096/322/1096
f 1096/322/1096 507/317/507 89/321/89 502/324/502
f 509/323/509 1096/322/1096 502/324/502 90/325/90
f 80/277/80 482/315/482 1097/326/1097 510/327/510
f 482/315/482 79/313/79 509/323/509 1097/326/1097
f 1097/326/1097 509/323/509 90/325/90 503/328/503
f 510/327/510 1097/326/1097 503/328/503 91/329/91
f 81/279/81 483/278/483 1098/330/1098 512/331/512
f 483/278/483 80/277/80 510/327/510 1098/330/1098
f 1098/330/1098 510/327/510 91/329/91 504/332/504
f 512/331/512 1098/330/1098 504/332/504 92/333/92
f 74/285/74 476/284/476 1099/334/1099 513/335/513
f 476/284/476 73/283/73 511/336/511 1099/334/1099
f 1099/334/1099 511/336/511 84/337/84 497/338/497
f 513/335/513 1099/334/1099 497/338/497 85/339/85
f 82/289/82 484/288/484 1100/340/1100 514/341/514
f 484/288/484 81/279/81 512/331/512 1100/340/1100
f 1100/340/1100 512/331/512 92/333/92 505/342/505
f 514/341/514 1100/340/1100 505/342/505 93/343/93
f 75/293/75 477/292/477 1101/344/1101 515/345/515
f 477/292/477 74/285/74 513/335/513 1101/344/1101
f 1101/344/1101 513/335/513 85/339/85 498/346/498
f 515/345/515 1101/344/1101 498/346/498 86/347/86
f 83/297/83 485/296/485 1102/348/1102 516/349/516
f 485/296/485 82/289/82 514/341/514 1102/348/1102
f 1102/348/1102 514/341/514 93/343/93 506/350/506
f 516/349/516 1102/348/1102 506/350/506 94/351/94
f 76/301/76 478/300/478 1103/352/1103 517/353/517
f 478/300/478 75/293/75 515/345/515 1103/352/1103
f 1103/352/1103 515/345/515 86/347/86 499/354/499
f 517/353/517 1103/352/1103 499/354/499 87/355/87
f 77/305/77 479/304/479 1104/356/1104 508/318/508
f 479/304/479 76/301/76 517/353/517 1104/356/1104
f 1104/356/1104 517/353/517 87/355/87 500/357/500
f 508/318/508 1104/356/1104 500/357/500 88/319/88
f 93/343/93 505/342/505 1105/358/1105 528/359/528
f 505/342/505 92/333/92 529/360/529 1105/358/1105
f 1105/358/1105 529/360/529 103/361/103 526/362/526
f 528/359/528 1105/358/1105 526/362/526 104/363/104
f 86/347/86 498/346/498 1106/364/1106 530/365/530
f 498/346/498 85/339/85 531/366/531 1106/364/1106
f 1106/364/1106 531/366/531 96/367/96 519/368/519
f 530/365/530 1106/364/1106 519/368/519 97/369/97
f 94/351/94 506/350/506 1107/370/1107 532/371/532
f 506/350/506 93/343/93 528/359/528 1107/370/1107
f 1107/370/1107 528/359/528 104/363/104 527/372/527
f 532/371/532 1107/370/1107 527/372/527 105/373/105
f 87/355/87 499/354/499 1108/374/1108 533/375/533
f 499/354/499 86/347/86 530/365/530 1108/374/1108
f 1108/374/1108 530/365/530 97/369/97 520/376/520
f 533/375/533 1108/374/1108 520/376/520 98/377/98
f 88/319/88 500/357/500 1109/378/1109 534/379/534
f 500/357/500 87/355/87 533/375/533 1109/378/1109
f 1109/378/1109 533/375/533 98/377/98 521/380/521
f 534/379/534 1109/378/1109 521/380/521 99/381/99
f 89/321/89 501/320/501 1110/382/1110 535/383/535
f 501/320/501 88/319/88 534/379/534 1110/382/1110
f 1110/382/1110 534/379/534 99/381/99 522/384/522
f 535/383/535 1110/382/1110 522/384/522 100/385/100
f 90/325/90 502/324/502 1111/386/1111 536/387/536
f 502/324/502 89/321/89 535/383/535 1111/386/1111
f 1111/386/1111 535/383/535 100/385/100 523/388/523
f 536/387/536 1111/386/1111 523/388/523 101/389/101
f 91/329/91 503/328/503 1112/390/1112 537/391/537
f 503/328/503 90/325/90 536/387/536 1112/390/1112
f 1112/390/1112 536/387/536 101/389/101 524/392/524
f 537/391/537 1112/390/1112 524/392/524 102/393/102
f 92/333/92 504/332/504 1113/394/1113 529/360/529
f 504/332/504 91/329/91 537/391/537 1113/394/1113
f 1113/394/1113 537/391/537 102/393/102 525/395/525
f 529/360/529 1113/394/1113 525/395/525 103/361/103
f 85/339/85 497/338/497 1114/396/1114 531/366/531
f 497/338/497 84/337/84 538/397/538 1114/396/1114
f 1114/396/1114 538/397/538 95/398/95 518/399/518
f 531/366/531 1114/396/1114 518/399/518 96/367/96
f 101/389/101 523/388/523 1115/400/1115 549/401/549
f 523/388/523 100/385/100 550/402/550 1115/400/1115
f 1115/400/1115 550/402/550 111/403/111 544/404/544
f 549/401/549 1115/400/1115 544/404/544 112/405/112
f 102/393/102 524/392/524 1116/406/1116 551/407/551
f 524/392/524 101/389/101 549/401/549 1116/406/1116
f 1116/406/1116 549/401/549 112/405/112 545/408/545
f 551/407/551 1116/406/1116 545/408/545 113/409/113
f 103/361/103 525/395/525 1117/410/1117 553/411/553
f 525/395/525 102/393/102 551/407/551 1117/410/1117
f 1117/410/1117 551/407/551 113/409/113 546/412/546
f 553/411/553 1117/410/1117 546/412/546 114/413/114
f 96/367/96 518/399/518 1118/414/1118 554/415/554
f 518/399/518 95/398/95 552/416/552 1118/414/1118
f 1118/414/1118 552/416/552 106/417/106 539/418/539
f 554/415/554 1118/414/1118 539/418/539 107/419/107
f 104/363/104 526/362/526 1119/420/1119 555/421/555
f 526/362/526 103/361/103 553/411/553 1119/420/1119
f 1119/420/1119 553/411/553 114/413/114 547/422/547
f 555/421/555 1119/420/1119 547/422/547 115/423/115
f 97/369/97 519/368/519 1120/424/1120 556/425/556
f 519/368/519 96/367/96 554/415/554 1120/424/1120
f 1120/424/1120 554/415/554 107/419/107 540/426/540
f 556/425/556 1120/424/1120 540/426/540 108/427/108
f 105/373/105 527/372/527 1121/428/1121 557/429/557
f 527/372/527 104/363/104 555/421/555 1121/428/1121
f 1121/428/1121 555/421/555 115/423/115 548/430/548
f 557/429/557 1121/428/1121 548/430/548 116/431/116
f 98/377/98 520/376/520 1122/432/1122 558/433/558
f 520/376/520 97/369/97 556/425/556 1122/432/1122
f 1122/432/1122 556/425/556 108/427/108 541/434/541
f 558/433/558 1122/432/1122 541/434/541 109/435/109
f 99/381/99 521/380/521 1123/436/1123 559/437/559
f 521/380/521 98/377/98 558/433/558 1123/436/1123
f 1123/436/1123 558/433/558 109/435/109 542/438/542
f 559/437/559 1123/436/1123 542/438/542 110/439/110
f 100/385/100 522/384/522 1124/440/1124 550/402/550
f 522/384/522 99/381/99 559/437/559 1124/440/1124
f 1124/440/1124 559/437/559 110/439/110 543/441/543
f 550/402/550 1124/440/1124 543/441/543 111/403/111
f 108/427/108 540/426/540 1125/442/1125 570/443/570
f 540/426/540 107/419/107 571/444/571 1125/442/1125
f 1125/442/1125 571/444/571 118/445/118 561/446/561
f 570/443/570 1125/442/1125 561/446/561 119/447/119
f 116/431/116 548/430/548 1126/448/1126 572/449/572
f 548/430/548 115/423/115 573/450/573 1126/448/1126
f 1126/448/1126 573/450/573 126/451/126 569/452/569
f 572/449/572 1126/448/1126 569/452/569 127/453/127
f 109/435/109 541/434/541 1127/454/1127 574/455/574
f 541/434/541 108/427/108 570/443/570 1127/454/1127
f 1127/454/1127 570/443/570 119/447/119 562/456/562
f 574/455/574 1127/454/1127 562/456/562 120/457/120
f 110/439/110 542/438/542 1128/458/1128 575/459/575
f 542/438/542 109/435/109 574/455/574 1128/458/1128
f 1128/458/1128 574/455/574 120/457/120 563/460/563
f 575/459/575 1128/458/1128 563/460/563 121/461/121
f 111/403/111 543/441/543 1129/462/1129 576/463/576
f 543/441/543 110/439/110 575/459/575 1129/462/1129
f 1129/462/1129 575/459/575 121/461/121 564/464/564
f 576/463/576 1129/462/1129 564/464/564 122/465/122
f 112/405/112 544/404/544 1130/466/1130 577/467/577
f 544/404/544 111/403/111 576/463/576 1130/466/1130
f 1130/466/1130 576/463/576 122/465/122 565/468/565
f 577/467/577 1130/466/1130 565/468/565 123/469/123
f 113/409/113 545/408/545 1131/470/1131 578/471/578
f 545/408/545 112/405/112 577/467/577 1131/470/1131
f 1131/470/1131 577/467/577 123/469/123 566/472/566
f 578/471/578 1131/470/1131 566/472/566 124/473/124
f 114/413/114 546/412/546 1132/474/1132 580/475/580
f 546/412/546 113/409/113 578/471/578 1132/474/1132
f 1132/474/1132 578/471/578 124/473/124 567/476/567
f 580/475/580 1132/474/1132 567/476/567 125/477/125
f 107/419/107 539/418/539 1133/478/1133 571/444/571
f 539/418/539 106/417/106 579/479/579 1133/478/1133
f 1133/478/1133 579/479/579 117/480/117 560/481/560
f 571/444/571 1133/478/1133 560/481/560 118/445/118
f 115/423/115 547/422/547 1134/482/1134 573/450/573
f 547/422/547 114/413/114 580/475/580 1134/482/1134
f 1134/482/1134 580/475/580 125/477/125 568/483/568
f 573/450/573 1134/482/1134 568/483/568 126/451/126
f 123/469/123 565/468/565 1135/484/1135 591/485/591
f 565/468/565 122/465/122 592/486/592 1135/484/1135
f 1135/484/1135 592/486/592 133/487/133 586/488/586
f 591/485/591 1135/484/1135 586/488/586 134/489/134
f 124/473/124 566/472/566 1136/490/1136 593/491/593
f 566/472/566 123/469/123 591/485/591 1136/490/1136
f 1136/490/1136 591/485/591 134/489/134 587/492/587
f 593/491/593 1136/490/1136 587/492/587 135/493/135
f 125/477/125 567/476/567 1137/494/1137 595/495/595
f 567/476/567 124/473/124 593/491/593 1137/494/1137
f 1137/494/1137 593/491/593 135/493/135 588/496/588
f 595/495/595 1137/494/1137 588/496/588 136/497/136
f 118/445/118 560/481/560 1138/498/1138 596/499/596
f 560/481/560 117/480/117 594/500/594 1138/498/1138
f 1138/498/1138 594/500/594 128/501/128 581/502/581
f 596/499/596 1138/498/1138 581/502/581 129/503/129
f 126/451/126 568/483/568 1139/504/1139 597/505/597
f 568/483/568 125/477/125 595/495/595 1139/504/1139
f 1139/504/1139 595/495/595 136/497/136 589/506/589
f 597/505/597 1139/504/1139 589/506/589 137/507/137
f 119/447/119 561/446/561 1140/508/1140 598/509/598
f 561/446/561 118/445/118 596/499/596 1140/508/1140
f 1140/508/1140 596/499/596 129/503/129 582/510/582
f 598/509/598 1140/508/1140 582/510/582 130/511/130
f 127/453/127 569/452/569 1141/512/1141 599/513/599
f 569/452/569 126/451/126 597/505/597 1141/512/1141
f 1141/512/1141 597/505/597 137/507/137 590/514/590
f 599/513/599 1141/512/1141 590/514/590 138/515/138
f 120/457/120 562/456/562 1142/516/1142 600/517/600
f 562/456/562 119/447/119 598/509/598 1142/516/1142
f 1142/516/1142 598/509/598 130/511/130 583/518/583
f 600/517/600 1142/516/1142 583/518/583 131/519/131
f 121/461/121 563/460/563 1143/520/1143 601/521/601
f 563/460/563 120/457/120 600/517/600 1143/520/1143
f 1143/520/1143 600/517/600 131/519/131 584/522/584
f 601/521/601 1143/520/1143 584/522/584 132/523/132
f 122/465/122 564/464/564 1144/524/1144 592/486/592
f 564/464/564 121/461/121 601/521/601 1144/524/1144
f 1144/524/1144 601/521/601 132/523/132 585/525/585
f 592/486/592 1144/524/1144 585/525/585 133/487/133
f 138/515/138 590/514/590 1145/526/1145 612/527/612
f 590/514/590 137/507/137 613/528/613 1145/526/1145
f 1145/526/1145 613/528/613 148/529/148 611/530/611
f 612/527/612 1145/526/1145 611/530/611 149/531/149
f 131/519/131 583/518/583 1146/532/1146 614/533/614
f 583/518/583 130/511/130 615/534/615 1146/532/1146
f 1146/532/1146 615/534/615 141/535/141 604/536/604
f 614/533/614 1146/532/1146 604/536/604 142/537/142
f 132/523/132 584/522/584 1147/538/1147 616/539/616
f 584/522/584 131/519/131 614/533/614 1147/538/1147
f 1147/538/1147 614/533/614 142/537/142 605/540/605
f 616/539/616 1147/538/1147 605/540/605 143/541/143
f 133/487/133 585/525/585 1148/542/1148 617/543/617
f 585/525/585 132/523/132 616/539/616 1148/542/1148
f 1148/542/1148 616/539/616 143/541/143 606/544/606
f 617/543/617 1148/542/1148 606/544/606 144/545/144
f 134/489/134 586/488/586 1149/546/1149 618/547/618
f 586/488/586 133/487/133 617/543/617 1149/546/1149
f 1149/546/1149 617/543/617 144/545/144 607/548/607
f 618/547/618 1149/546/1149 607/548/607 145/549/145
f 135/493/135 587/492/587 1150/550/1150 619/551/619
f 587/492/587 134/489/134 618/547/618 1150/550/1150
f 1150/550/1150 618/547/618 145/549/145 608/552/608
f 619/551/619 1150/550/1150 608/552/608 146/553/146
f 136/497/136 588/496/588 1151/554/1151 621/555/621
f 588/496/588 135/493/135 619/551/619 1151/554/1151
f 1151/554/1151 619/551/619 146/553/146 609/556/609
f 621/555/621 1151/554/1151 609/556/609 147/557/147
f 129/503/129 581/502/581 1152/558/1152 622/559/622
f 581/502/581 128/501/128 620/560/620 1152/558/1152
f 1152/558/1152 620/560/620 139/561/139 602/562/602
f 622/559/622 1152/558/1152 602/562/602 140/563/140
f 137/507/137 589/506/589 1153/564/1153 613/528/613
f 589/506/589 136/497/136 621/555/621 1153/564/1153
f 1153/564/1153 621/555/621 147/557/147 610/565/610
f 613/528/613 1153/564/1153 610/565/610 148/529/148
f 130/511/130 582/510/582 1154/566/1154 615/534/615
f 582/510/582 129/503/129 622/559/622 1154/566/1154
f 1154/566/1154 622/559/622 140/563/140 603/567/603
f 615/534/615 1154/566/1154 603/567/603 141/535/141
f 146/553/146 608/552/608 1155/568/1155 633/569/633
f 608/552/608 145/549/145 634/570/634 1155/568/1155
f 1155/568/1155 634/570/634 156/571/156 629/572/629
f 633/569/633 1155/568/1155 629/572/629 157/573/157
f 147/557/147 609/556/609 1156/574/1156 636/575/636
f 609/556/609 146/553/146 633/569/633 1156/574/1156
f 1156/574/1156 633/569/633 157/573/157 630/576/630
f 636/575/636 1156/574/1156 630/576/630 158/577/158
f 140/563/140 602/562/602 1157/578/1157 637/579/637
f 602/562/602 139/561/139 635/580/635 1157/578/1157
f 1157/578/1157 635/580/635 150/581/150 623/582/623
f 637/579/637 1157/578/1157 623/582/623 151/583/151
f 148/529/148 610/565/610 1158/584/1158 638/585/638
f 610/565/610 147/557/147 636/575/636 1158/584/1158
f 1158/584/1158 636/575/636 158/577/158 631/586/631
f 638/585/638 1158/584/1158 631/586/631 159/587/159
f 141/535/141 603/567/603 1159/588/1159 639/589/639
f 603/567/603 140/563/140 637/579/637 1159/588/1159
f 1159/588/1159 637/579/637 151/583/151 624/590/624
f 639/589/639 1159/588/1159 624/590/624 152/591/152
f 149/531/149 611/530/611 1160/592/1160 640/593/640
f 611/530/611 148/529/148 638/585/638 1160/592/1160
f 1160/592/1160 638/585/638 159/587/159 632/594/632
f 640/593/640 1160/592/1160 632/594/632 160/595/160
f 142/537/142 604/536/604 1161/596/1161 641/597/641
f 604/536/604 141/535/141 639/589/639 1161/596/1161
f 1161/596/1161 639/589/639 152/591/152 625/598/625
f 641/597/641 1161/596/1161 625/598/625 153/599/153
f 143/541/143 605/540/605 1162/600/1162 642/601/642
f 605/540/605 142/537/142 641/597/641 1162/600/1162
f 1162/600/1162 641/597/641 153/599/153 626/602/626
f 642/601/642 1162/600/1162 626/602/626 154/603/154
f 144/545/144 606/544/606 1163/604/1163 643/605/643
f 606/544/606 143/541/143 642/601/642 1163/604/1163
f 1163/604/1163 642/601/642 154/603/154 627/606/627
f 643/605/643 1163/604/1163 627/606/627 155/607/155
f 145/549/145 607/548/607 1164/608/1164 634/570/634
f 607/548/607 144/545/144 643/605/643 1164/608/1164
f 1164/608/1164 643/605/643 155/607/155 628/609/628
f 634/570/634 1164/608/1164 628/609/628 156/571/156
f 153/599/153 625/598/625 1165/610/1165 654/611/654
f 625/598/625 152/591/152 655/612/655 1165/610/1165
f 1165/610/1165 655/612/655 163/613/163 646/614/646
f 654/611/654 1165/610/1165 646/614/646 164/615/164
f 154/603/154 626/602/626 1166/616/1166 657/617/657
f 626/602/626 153/599/153 654/611/654 1166/616/1166
f 1166/616/1166 654/611/654 164/615/164 647/618/647
f 657/617/657 1166/616/1166 647/618/647 165/619/165
f 155/607/155 627/606/627 1167/620/1167 658/621/658
f 627/606/627 154/603/154 657/617/657 1167/620/1167
f 1167/620/1167 657/617/657 165/619/165 648/622/648
f 658/621/658 1167/620/1167 648/622/648 166/623/166
f 156/571/156 628/609/628 1168/624/1168 659/625/659
f 628/609/628 155/607/155 658/621/658 1168/624/1168
f 1168/624/1168 658/621/658 166/623/166 649/626/649
f 659/625/659 1168/624/1168 649/626/649 167/627/167
f 157/573/157 629/572/629 1169/628/1169 660/629/660
f 629/572/629 156/571/156 659/625/659 1169/628/1169
f 1169/628/1169 659/625/659 167/627/167 650/630/650
f 660/629/660 1169/628/1169 650/630/650 168/631/168
f 158/577/158 630/576/630 1170/632/1170 662/633/662
f 630/576/630 157/573/157 660/629/660 1170/632/1170
f 1170/632/1170 660/629/660 168/631/168 651/634/651
f 662/633/662 1170/632/1170 651/634/651 169/635/169
f 151/583/151 623/582/623 1171/636/1171 663/637/663
f 623/582/623 150/581/150 661/638/661 1171/636/1171
f 1171/636/1171 661/638/661 161/639/161 644/640/644
f 663/637/663 1171/636/1171 644/640/644 162/641/162
f 159/587/159 631/586/631 1172/642/1172 664/643/664
f 631/586/631 158/577/158 662/633/662 1172/642/1172
f 1172/642/1172 662/633/662 169/635/169 652/644/652
f 664/643/664 1172/642/1172 652/644/652 170/645/170
f 152/591/152 624/590/624 1173/646/1173 655/612/655
f 624/590/624 151/583/151 663/637/663 1173/646/1173
f 1173/646/1173 663/637/663 162/641/162 645/647/645
f 655/612/655 1173/646/1173 645/647/645 163/613/163
f 160/595/160 632/594/632 1174/648/1174 656/649/656
f 632/594/632 159/587/159 664/643/664 1174/648/1174
f 1174/648/1174 664/643/664 170/645/170 653/650/653
f 656/649/656 1174/648/1174 653/650/653 171/651/171
f 168/631/168 650/630/650 1175/652/1175 675/653/675
f 650/630/650 167/627/167 676/654/676 1175/652/1175
f 1175/652/1175 676/654/676 178/655/178 671/656/671
f 675/653/675 1175/652/1175 671/656/671 179/657/179
f 169/635/169 651/634/651 1176/658/1176 678/659/678
f 651/634/651 168/631/168 675/653/675 1176/658/1176
f 1176/658/1176 675/653/675 179/657/179 672/660/672
f 678/659/678 1176/658/1176 672/660/672 180/661/180
f 162/641/162 644/640/644 1177/662/1177 679/663/679
f 644/640/644 161/639/161 677/664/677 1177/662/1177
f 1177/662/1177 677/664/677 172/665/172 665/666/665
f 679/663/679 1177/662/1177 665/666/665 173/667/173
f 170/645/170 652/644/652 1178/668/1178 680/669/680
f 652/644/652 169/635/169 678/659/678 1178/668/1178
f 1178/668/1178 678/659/678 180/661/180 673/670/673
f 680/669/680 1178/668/1178 673/670/673 181/671/181
f 163/613/163 645/647/645 1179/672/1179 681/673/681
f 645/647/645 162/641/162 679/663/679 1179/672/1179
f 1179/672/1179 679/663/679 173/667/173 666/674/666
f 681/673/681 1179/672/1179 666/674/666 174/675/174
f 171/651/171 653/650/653 1180/676/1180 682/677/682
f 653/650/653 170/645/170 680/669/680 1180/676/1180
f 1180/676/1180 680/669/680 181/671/181 674/678/674
f 682/677/682 1180/676/1180 674/678/674 182/679/182
f 164/615/164 646/614/646 1181/680/1181 683/681/683
f 646/614/646 163/613/163 681/673/681 1181/680/1181
f 1181/680/1181 681/673/681 174/675/174 667/682/667
f 683/681/683 1181/680/1181 667/682/667 175/683/175
f 165/619/165 647/618/647 1182/684/1182 684/685/684
f 647/618/647 164/615/164 683/681/683 1182/684/1182
f 1182/684/1182 683/681/683 175/683/175 668/686/668
f 684/685/684 1182/684/1182 668/686/668 176/687/176
f 166/623/166 648/622/648 1183/688/1183 685/689/685
f 648/622/648 165/619/165 684/685/684 1183/688/1183
f 1183/688/1183 684/685/684 176/687/176 669/690/669
f 685/689/685 1183/688/1183 669/690/669 177/691/177
f 167/627/167 649/626/649 1184/692/1184 676/654/676
f 649/626/649 166/623/166 685/689/685 1184/692/1184
f 1184/692/1184 685/689/685 177/691/177 670/693/670
f 676/654/676 1184/692/1184 670/693/670 178/655/178
f 176/694/176 668/695/668 1185/696/1185 697/697/697
f 668/695/668 175/698/175 698/699/698 1185/696/1185
f 1185/696/1185 698/699/698 186/700/186 689/701/689
f 697/697/697 1185/696/1185 689/701/689 187/702/187
f 177/703/177 669/704/669 1186/705/1186 699/706/699
f 669/704/669 176/694/176 697/697/697 1186/705/1186
f 1186/705/1186 697/697/697 187/702/187 690/707/690
f 699/706/699 1186/705/1186 690/707/690 188/708/188
f 178/709/178 670/710/670 1187/711/1187 700/712/700
f 670/710/670 177/703/177 699/706/699 1187/711/1187
f 1187/711/1187 699/706/699 188/708/188 691/713/691
f 700/712/700 1187/711/1187 691/713/691 189/714/189
f 179/715/179 671/716/671 1188/717/1188 701/718/701
f 671/716/671 178/709/178 700/712/700 1188/717/1188
f 1188/717/1188 700/712/700 189/714/189 692/719/692
f 701/718/701 1188/717/1188 692/719/692 190/720/190
f 180/721/180 672/722/672 1189/723/1189 703/724/703
f 672/722/672 179/715/179 701/718/701 1189/723/1189
f 1189/723/1189 701/718/701 190/720/190 693/725/693
f 703/724/703 1189/723/1189 693/725/693 191/726/191
f 173/727/173 665/728/665 1190/729/1190 704/730/704
f 665/728/665 172/731/172 702/732/702 1190/729/1190
f 1190/729/1190 702/732/702 183/733/183 686/734/686
f 704/730/704 1190/729/1190 686/734/686 184/735/184
f 181/736/181 673/737/673 1191/738/1191 705/739/705
f 673/737/673 180/721/180 703/724/703 1191/738/1191
f 1191/738/1191 703/724/703 191/726/191 694/740/694
f 705/739/705 1191/738/1191 694/740/694 192/741/192
f 174/742/174 666/743/666 1192/744/1192 706/745/706
f 666/743/666 173/727/173 704/730/704 1192/744/1192
f 1192/744/1192 704/730/704 184/735/184 687/746/687
f 706/745/706 1192/744/1192 687/746/687 185/747/185
f 182/748/182 674/749/674 1193/750/1193 696/751/696
f 674/749/674 181/736/181 705/739/705 1193/750/1193
f 1193/750/1193 705/739/705 192/741/192 695/752/695
f 696/751/696 1193/750/1193 695/752/695 193/753/193
f 175/698/175 667/754/667 1194/755/1194 698/699/698
f 667/754/667 174/742/174 706/745/706 1194/755/1194
f 1194/755/1194 706/745/706 185/747/185 688/756/688
f 698/699/698 1194/755/1194 688/756/688 186/700/186
f 191/726/191 693/725/693 1195/757/1195 717/758/717
f 693/725/693 190/720/190 718/759/718 1195/757/1195
f 1195/757/1195 718/759/718 201/760/201 714/761/714
f 717/758/717 1195/757/1195 714/761/714 202/762/202
f 184/735/184 686/734/686 1196/763/1196 719/764/719
f 686/734/686 183/733/183 720/765/720 1196/763/1196
f 1196/763/1196 720/765/720 194/766/194 707/767/707
f 719/764/719 1196/763/1196 707/767/707 195/768/195
f 192/741/192 694/740/694 1197/769/1197 721/770/721
f 694/740/694 191/726/191 717/758/717 1197/769/1197
f 1197/769/1197 717/758/717 202/762/202 715/771/715
f 721/770/721 1197/769/1197 715/771/715 203/772/203
f 185/747/185 687/746/687 1198/773/1198 722/774/722
f 687/746/687 184/735/184 719/764/719 1198/773/1198
f 1198/773/1198 719/764/719 195/768/195 708/775/708
f 722/774/722 1198/773/1198 708/775/708 196/776/196
f 193/753/193 695/752/695 1199/777/1199 723/778/723
f 695/752/695 192/741/192 721/770/721 1199/777/1199
f 1199/777/1199 721/770/721 203/772/203 716/779/716
f 723/778/723 1199/777/1199 716/779/716 204/780/204
f 186/700/186 688/756/688 1200/781/1200 724/782/724
f 688/756/688 185/747/185 722/774/722 1200/781/1200
f 1200/781/1200 722/774/722 196/776/196 709/783/709
f 724/782/724 1200/781/1200 709/783/709 197/784/197
f 187/702/187 689/701/689 1201/785/1201 725/786/725
f 689/701/689 186/700/186 724/782/724 1201/785/1201
f 1201/785/1201 724/782/724 197/784/197 710/787/710
f 725/786/725 1201/785/1201 710/787/710 198/788/198
f 188/708/188 690/707/690 1202/789/1202 726/790/726
f 690/707/690 187/702/187 725/786/725 1202/789/1202
f 1202/789/1202 725/786/725 198/788/198 711/791/711
f 726/790/726 1202/789/1202 711/791/711 199/792/199
f 189/714/189 691/713/691 1203/793/1203 727/794/727
f 691/713/691 188/708/188 726/790/726 1203/793/1203
f 1203/793/1203 726/790/726 199/792/199 712/795/712
f 727/794/727 1203/793/1203 712/795/712 200/796/200
f 190/720/190 692/719/692 1204/797/1204 718/759/718
f 692/719/692 189/714/189 727/794/727 1204/797/1204
f 1204/797/1204 727/794/727 200/796/200 713/798/713
f 718/759/718 1204/797/1204 713/798/713 201/760/201
f 199/792/199 711/791/711 1205/799/1205 738/800/738
f 711/791/711 198/788/198 739/801/739 1205/799/1205
f 1205/799/1205 739/801/739 209/802/209 732/803/732
f 738/800/738 1205/799/1205 732/803/732 210/804/210
f 200/796/200 712/795/712 1206/805/1206 740/806/740
f 712/795/712 199/792/199 738/800/738 1206/805/1206
f 1206/805/1206 738/800/738 210/804/210 733/807/733
f 740/806/740 1206/805/1206 733/807/733 211/808/211
f 201/760/201 713/798/713 1207/809/1207 741/810/741
f 713/798/713 200/796/200 740/806/740 1207/809/1207
f 1207/809/1207 740/806/740 211/808/211 734/811/734
f 741/810/741 1207/809/1207 734/811/734 212/812/212
f 202/762/202 714/761/714 1208/813/1208 743/814/743
f 714/761/714 201/760/201 741/810/741 1208/813/1208
f 1208/813/1208 741/810/741 212/812/212 735/815/735
f 743/814/743 1208/813/1208 735/815/735 213/816/213
f 195/768/195 707/767/707 1209/817/1209 744/818/744
f 707/767/707 194/766/194 742/819/742 1209/817/1209
f 1209/817/1209 742/819/742 205/820/205 728/821/728
f 744/818/744 1209/817/1209 728/821/728 206/822/206
f 203/772/203 715/771/715 1210/823/1210 745/824/745
f 715/771/715 202/762/202 743/814/743 1210/823/1210
f 1210/823/1210 743/814/743 213/816/213 736/825/736
f 745/824/745 1210/823/1210 736/825/736 214/826/214
f 196/776/196 708/775/708 1211/827/1211 746/828/746
f 708/775/708 195/768/195 744/818/744 1211/827/1211
f 1211/827/1211 744/818/744 206/822/206 729/829/729
f 746/828/746 1211/827/1211 729/829/729 207/830/207
f 204/780/204 716/779/716 1212/831/1212 747/832/747
f 716/779/716 203/772/203 745/824/745 1212/831/1212
f 1212/831/1212 745/824/745 214/826/214 737/833/737
f 747/832/747 1212/831/1212 737/833/737 215/834/215
f 197/784/197 709/783/709 1213/835/1213 748/836/748
f 709/783/709 196/776/196 746/828/746 1213/835/1213
f 1213/835/1213 746/828/746 207/830/207 730/837/730
f 748/836/748 1213/835/1213 730/837/730 208/838/208
f 198/788/198 710/787/710 1214/839/1214 739/801/739
f 710/787/710 197/784/197 748/836/748 1214/839/1214
f 1214/839/1214 748/836/748 208/838/208 731/840/731
f 739/801/739 1214/839/1214 731/840/731 209/802/209
f 206/822/206 728/821/728 1215/841/1215 759/842/759
f 728/821/728 205/820/205 760/843/760 1215/841/1215
f 1215/841/1215 760/843/760 216/844/216 749/845/749
f 759/842/759 1215/841/1215 749/845/749 217/846/217
f 214/826/214 736/825/736 1216/847/1216 761/848/761
f 736/825/736 213/816/213 762/849/762 1216/847/1216
f 1216/847/1216 762/849/762 224/850/224 757/851/757
f 761/848/761 1216/847/1216 757/851/757 225/852/225
f 207/830/207 729/829/729 1217/853/1217 763/854/763
f 729/829/729 206/822/206 759/842/759 1217/853/1217
f 1217/853/1217 759/842/759 217/846/217 750/855/750
f 763/854/763 1217/853/1217 750/855/750 218/856/218
f 215/834/215 737/833/737 1218/857/1218 764/858/764
f 737/833/737 214/826/214 761/848/761 1218/857/1218
f 1218/857/1218 761/848/761 225/852/225 758/859/758
f 764/858/764 1218/857/1218 758/859/758 226/860/226
f 208/838/208 730/837/730 1219/861/1219 765/862/765
f 730/837/730 207/830/207 763/854/763 1219/861/1219
f 1219/861/1219 763/854/763 218/856/218 751/863/751
f 765/862/765 1219/861/1219 751/863/751 219/864/219
f 209/802/209 731/840/731 1220/865/1220 766/866/766
f 731/840/731 208/838/208 765/862/765 1220/865/1220
f 1220/865/1220 765/862/765 219/864/219 752/867/752
f 766/866/766 1220/865/1220 752/867/752 220/868/220
f 210/804/210 732/803/732 1221/869/1221 767/870/767
f 732/803/732 209/802/209 766/866/766 1221/869/1221
f 1221/869/1221 766/866/766 220/868/220 753/871/753
f 767/870/767 1221/869/1221 753/871/753 221/872/221
f 211/808/211 733/807/733 1222/873/1222 768/874/768
f 733/807/733 210/804/210 767/870/767 1222/873/1222
f 1222/873/1222 767/870/767 221/872/221 754/875/754
f 768/874/768 1222/873/1222 754/875/754 222/876/222
f 212/812/212 734/811/734 1223/877/1223 769/878/769
f 734/811/734 211/808/211 768/874/768 1223/877/1223
f 1223/877/1223 768/874/768 222/876/222 755/879/755
f 769/878/769 1223/877/1223 755/879/755 223/880/223
f 213/816/213 735/815/735 1224/881/1224 762/849/762
f 735/815/735 212/812/212 769/878/769 1224/881/1224
f 1224/881/1224 769/878/769 223/880/223 756/882/756
f 762/849/762 1224/881/1224 756/882/756 224/850/224
f 221/872/221 753/871/753 1225/883/1225 780/884/780
f 753/871/753 220/868/220 781/885/781 1225/883/1225
f 1225/883/1225 781/885/781 231/886/231 774/887/774
f 780/884/780 1225/883/1225 774/887/774 232/888/232
f 222/876/222 754/875/754 1226/889/1226 782/890/782
f 754/875/754 221/872/221 780/884/780 1226/889/1226
f 1226/889/1226 780/884/780 232/888/232 775/891/775
f 782/890/782 1226/889/1226 775/891/775 233/892/233
f 223/880/223 755/879/755 1227/893/1227 783/894/783
f 755/879/755 222/876/222 782/890/782 1227/893/1227
f 1227/893/1227 782/890/782 233/892/233 776/895/776
f 783/894/783 1227/893/1227 776/895/776 234/896/234
f 224/850/224 756/882/756 1228/897/1228 785/898/785
f 756/882/756 223/880/223 783/894/783 1228/897/1228
f 1228/897/1228 783/894/783 234/896/234 777/899/777
f 785/898/785 1228/897/1228 777/899/777 235/900/235
f 217/846/217 749/845/749 1229/901/1229 786/902/786
f 749/845/749 216/844/216 784/903/784 1229/901/1229
f 1229/901/1229 784/903/784 227/904/227 770/905/770
f 786/902/786 1229/901/1229 770/905/770 228/906/228
f 225/852/225 757/851/757 1230/907/1230 787/908/787
f 757/851/757 224/850/224 785/898/785 1230/907/1230
f 1230/907/1230 785/898/785 235/900/235 778/909/778
f 787/908/787 1230/907/1230 778/909/778 236/910/236
f 218/856/218 750/855/750 1231/911/1231 788/912/788
f 750/855/750 217/846/217 786/902/786 1231/911/1231
f 1231/911/1231 786/902/786 228/906/228 771/913/771
f 788/912/788 1231/911/1231 771/913/771 229/914/229
f 226/860/226 758/859/758 1232/915/1232 789/916/789
f 758/859/758 225/852/225 787/908/787 1232/915/1232
f 1232/915/1232 787/908/787 236/910/236 779/917/779
f 789/916/789 1232/915/1232 779/917/779 237/918/237
f 219/864/219 751/863/751 1233/919/1233 790/920/790
f 751/863/751 218/856/218 788/912/788 1233/919/1233
f 1233/919/1233 788/912/788 229/914/229 772/921/772
f 790/920/790 1233/919/1233 772/921/772 230/922/230
f 220/868/220 752/867/752 1234/923/1234 781/885/781
f 752/867/752 219/864/219 790/920/790 1234/923/1234
f 1234/923/1234 790/920/790 230/922/230 773/924/773
f 781/885/781 1234/923/1234 773/924/773 231/886/231
f 236/910/236 778/909/778 1235/925/1235 801/926/801
f 778/909/778 235/900/235 802/927/802 1235/925/1235
f 1235/925/1235 802/927/802 246/928/246 799/929/799
f 801/926/801 1235/925/1235 799/929/799 247/930/247
f 229/914/229 771/913/771 1236/931/1236 803/932/803
f 771/913/771 228/906/228 804/933/804 1236/931/1236
f 1236/931/1236 804/933/804 239/934/239 792/935/792
f 803/932/803 1236/931/1236 792/935/792 240/936/240
f 237/918/237 779/917/779 1237/937/1237 805/938/805
f 779/917/779 236/910/236 801/926/801 1237/937/1237
f 1237/937/1237 801/926/801 247/930/247 800/939/800
f 805/938/805 1237/937/1237 800/939/800 248/940/248
f 230/922/230 772/921/772 1238/941/1238 806/942/806
f 772/921/772 229/914/229 803/932/803 1238/941/1238
f 1238/941/1238 803/932/803 240/936/240 793/943/793
f 806/942/806 1238/941/1238 793/943/793 241/944/241
f 231/886/231 773/924/773 1239/945/1239 807/946/807
f 773/924/773 230/922/230 806/942/806 1239/945/1239
f 1239/945/1239 806/942/806 241/944/241 794/947/794
f 807/946/807 1239/945/1239 794/947/794 242/948/242
f 232/888/232 774/887/774 1240/949/1240 808/950/808
f 774/887/774 231/886/231 807/946/807 1240/949/1240
f 1240/949/1240 807/946/807 242/948/242 795/951/795
f 808/950/808 1240/949/1240 795/951/795 243/952/243
f 233/892/233 775/891/775 1241/953/1241 809/954/809
f 775/891/775 232/888/232 808/950/808 1241/953/1241
f 1241/953/1241 808/950/808 243/952/243 796/955/796
f 809/954/809 1241/953/1241 796/955/796 244/956/244
f 234/896/234 776/895/776 1242/957/1242 810/958/810
f 776/895/776 233/892/233 809/954/809 1242/957/1242
f 1242/957/1242 809/954/809 244/956/244 797/959/797
f 810/958/810 1242/957/1242 797/959/797 245/960/245
f 235/900/235 777/899/777 1243/961/1243 802/927/802
f 777/899/777 234/896/234 810/958/810 1243/961/1243
f 1243/961/1243 810/958/810 245/960/245 798/962/798
f 802/927/802 1243/961/1243 798/962/798 246/928/246
f 228/906/228 770/905/770 1244/963/1244 804/933/804
f 770/905/770 227/904/227 811/964/811 1244/963/1244
f 1244/963/1244 811/964/811 238/965/238 791/966/791
f 804/933/804 1244/963/1244 791/966/791 239/934/239
f 244/956/244 796/955/796 1245/967/1245 822/968/822
f 796/955/796 243/952/243 823/969/823 1245/967/1245
f 1245/967/1245 823/969/823 254/970/254 817/971/817
f 822/968/822 1245/967/1245 817/971/817 255/972/255
f 245/960/245 797/959/797 1246/973/1246 824/974/824
f 797/959/797 244/956/244 822/968/822 1246/973/1246
f 1246/973/1246 822/968/822 255/972/255 818/975/818
f 824/974/824 1246/973/1246 818/975/818 256/976/256
f 246/928/246 798/962/798 1247/977/1247 826/978/826
f 798/962/798 245/960/245 824/974/824 1247/977/1247
f 1247/977/1247 824/974/824 256/976/256 819/979/819
f 826/978/826 1247/977/1247 819/979/819 257/980/257
f 239/934/239 791/966/791 1248/981/1248 827/982/827
f 791/966/791 238/965/238 825/983/825 1248/981/1248
f 1248/981/1248 825/983/825 249/984/249 812/985/812
f 827/982/827 1248/981/1248 812/985/812 250/986/250
f 247/930/247 799/929/799 1249/987/1249 828/988/828
f 799/929/799 246/928/246 826/978/826 1249/987/1249
f 1249/987/1249 826/978/826 257/980/257 820/989/820
f 828/988/828 1249/987/1249 820/989/820 258/990/258
f 240/936/240 792/935/792 1250/991/1250 829/992/829
f 792/935/792 239/934/239 827/982/827 1250/991/1250
f 1250/991/1250 827/982/827 250/986/250 813/993/813
f 829/992/829 1250/991/1250 813/993/813 251/994/251
f 248/940/248 800/939/800 1251/995/1251 830/996/830
f 800/939/800 247/930/247 828/988/828 1251/995/1251
f 1251/995/1251 828/988/828 258/990/258 821/997/821
f 830/996/830 1251/995/1251 821/997/821 259/998/259
f 241/944/241 793/943/793 1252/999/1252 831/1000/831
f 793/943/793 240/936/240 829/992/829 1252/999/1252
f 1252/999/1252 829/992/829 251/994/251 814/1001/814
f 831/1000/831 1252/999/1252 814/1001/814 252/1002/252
f 242/948/242 794/947/794 1253/1003/1253 832/1004/832
f 794/947/794 241/944/241 831/1000/831 1253/1003/1253
f 1253/1003/1253 831/1000/831 252/1002/252 815/1005/815
f 832/1004/832 1253/1003/1253 815/1005/815 253/1006/253
f 243/952/243 795/951/795 1254/1007/1254 823/969/823
f 795/951/795 242/948/242 832/1004/832 1254/1007/1254
f 1254/1007/1254 832/1004/832 253/1006/253 816/1008/816
f 823/969/823 1254/1007/1254 816/1008/816 254/970/254
f 251/994/251 813/993/813 1255/1009/1255 843/1010/843
f 813/993/813 250/986/250 844/1011/844 1255/1009/1255
f 1255/1009/1255 844/1011/844 261/1012/261 834/1013/834
f 843/1010/843 1255/1009/1255 834/1013/834 262/1014/262
f 259/998/259 821/997/821 1256/1015/1256 845/1016/845
f 821/997/821 258/990/258 846/1017/846 1256/1015/1256
f 1256/1015/1256 846/1017/846 269/1018/269 842/1019/842
f 845/1016/845 1256/1015/1256 842/1019/842 270/1020/270
f 252/1002/252 814/1001/814 1257/1021/1257 847/1022/847
f 814/1001/814 251/994/251 843/1010/843 1257/1021/1257
f 1257/1021/1257 843/1010/843 262/1014/262 835/1023/835
f 847/1022/847 1257/1021/1257 835/1023/835 263/1024/263
f 253/1006/253 815/1005/815 1258/1025/1258 848/1026/848
f 815/1005/815 252/1002/252 847/1022/847 1258/1025/1258
f 1258/1025/1258 847/1022/847 263/1024/263 836/1027/836
f 848/1026/848 1258/1025/1258 836/1027/836 264/1028/264
f 254/970/254 816/1008/816 1259/1029/1259 849/1030/849
f 816/1008/816 253/1006/253 848/1026/848 1259/1029/1259
f 1259/1029/1259 848/1026/848 264/1028/264 837/1031/837
f 849/1030/849 1259/1029/1259 837/1031/837 265/1032/265
f 255/972/255 817/971/817 1260/1033/1260 850/1034/850
f 817/971/817 254/970/254 849/1030/849 1260/1033/1260
f 1260/1033/1260 849/1030/849 265/1032/265 838/1035/838
f 850/1034/850 1260/1033/1260 838/1035/838 266/1036/266
f 256/976/256 818/975/818 1261/1037/1261 851/1038/851
f 818/975/818 255/972/255 850/1034/850 1261/1037/1261
f 1261/1037/1261 850/1034/850 266/1036/266 839/1039/839
f 851/1038/851 1261/1037/1261 839/1039/839 267/1040/267
f 257/980/257 819/979/819 1262/1041/1262 853/1042/853
f 819/979/819 256/976/256 851/1038/851 1262/1041/1262
f 1262/1041/1262 851/1038/851 267/1040/267 840/1043/840
f 853/1042/853 1262/1041/1262 840/1043/840 268/1044/268
f 250/986/250 812/985/812 1263/1045/1263 844/1011/844
f 812/985/812 249/984/249 852/1046/852 1263/1045/1263
f 1263/1045/1263 852/1046/852 260/1047/260 833/1048/833
f 844/1011/844 1263/1045/1263 833/1048/833 261/1012/261
f 258/990/258 820/989/820 1264/1049/1264 846/1017/846
f 820/989/820 257/980/257 853/1042/853 1264/1049/1264
f 1264/1049/1264 853/1042/853 268/1044/268 841/1050/841
f 846/1017/846 1264/1049/1264 841/1050/841 269/1018/269
f 266/1036/266 838/1035/838 1265/1051/1265 864/1052/864
f 838/1035/838 265/1032/265 865/1053/865 1265/1051/1265
f 1265/1051/1265 865/1053/865 276/1054/276 859/1055/859
f 864/1052/864 1265/1051/1265 859/1055/859 277/1056/277
f 267/1040/267 839/1039/839 1266/1057/1266 866/1058/866
f 839/1039/839 266/1036/266 864/1052/864 1266/1057/1266
f 1266/1057/1266 864/1052/864 277/1056/277 860/1059/860
f 866/1058/866 1266/1057/1266 860/1059/860 278/1060/278
f 268/1044/268 840/1043/840 1267/1061/1267 868/1062/868
f 840/1043/840 267/1040/267 866/1058/866 1267/1061/1267
f 1267/1061/1267 866/1058/866 278/1060/278 861/1063/861
f 868/1062/868 1267/1061/1267 861/1063/861 279/1064/279
f 261/1012/261 833/1048/833 1268/1065/1268 869/1066/869
f 833/1048/833 260/1047/260 867/1067/867 1268/1065/1268
f 1268/1065/1268 867/1067/867 271/1068/271 854/1069/854
f 869/1066/869 1268/1065/1268 854/1069/854 272/1070/272
f 269/1018/269 841/1050/841 1269/1071/1269 870/1072/870
f 841/1050/841 268/1044/268 868/1062/868 1269/1071/1269
f 1269/1071/1269 868/1062/868 279/1064/279 862/1073/862
f 870/1072/870 1269/1071/1269 862/1073/862 280/1074/280
f 262/1014/262 834/1013/834 1270/1075/1270 871/1076/871
f 834/1013/834 261/1012/261 869/1066/869 1270/1075/1270
f 1270/1075/1270 869/1066/869 272/1070/272 855/1077/855
f 871/1076/871 1270/1075/1270 855/1077/855 273/1078/273
f 270/1020/270 842/1019/842 1271/1079/1271 872/1080/872
f 842/1019/842 269/1018/269 870/1072/870 1271/1079/1271
f 1271/1079/1271 870/1072/870 280/1074/280 863/1081/863
f 872/1080/872 1271/1079/1271 863/1081/863 281/1082/281
f 263/1024/263 835/1023/835 1272/1083/1272 873/1084/873
f 835/1023/835 262/1014/262 871/1076/871 1272/1083/1272
f 1272/1083/1272 871/1076/871 273/1078/273 856/1085/856
f 873/1084/873 1272/1083/1272 856/1085/856 274/1086/274
f 264/1028/264 836/1027/836 1273/1087/1273 874/1088/874
f 836/1027/836 263/1024/263 873/1084/873 1273/1087/1273
f 1273/1087/1273 873/1084/873 274/1086/274 857/1089/857
f 874/1088/874 1273/1087/1273 857/1089/857 275/1090/275
f 265/1032/265 837/1031/837 1274/1091/1274 865/1053/865
f 837/1031/837 264/1028/264 874/1088/874 1274/1091/1274
f 1274/1091/1274 874/1088/874 275/1090/275 858/1092/858
f 865/1053/865 1274/1091/1274 858/1092/858 276/1054/276
f 281/1082/281 863/1081/863 1275/1093/1275 885/1094/885
f 863/1081/863 280/1074/280 886/1095/886 1275/1093/1275
f 1275/1093/1275 886/1095/886 291/1096/291 884/1097/884
f 885/1094/885 1275/1093/1275 884/1097/884 292/1098/292
f 274/1086/274 856/1085/856 1276/1099/1276 887/1100/887
f 856/1085/856 273/1078/273 888/1101/888 1276/1099/1276
f 1276/1099/1276 888/1101/888 284/1102/284 877/1103/877
f 887/1100/887 1276/1099/1276 877/1103/877 285/1104/285
f 275/1090/275 857/1089/857 1277/1105/1277 889/1106/889
f 857/1089/857 274/1086/274 887/1100/887 1277/1105/1277
f 1277/1105/1277 887/1100/887 285/1104/285 878/1107/878
f 889/1106/889 1277/1105/1277 878/1107/878 286/1108/286
f 276/1054/276 858/1092/858 1278/1109/1278 890/1110/890
f 858/1092/858 275/1090/275 889/1106/889 1278/1109/1278
f 1278/1109/1278 889/1106/889 286/1108/286 879/1111/879
f 890/1110/890 1278/1109/1278 879/1111/879 287/1112/287
f 277/1056/277 859/1055/859 1279/1113/1279 891/1114/891
f 859/1055/859 276/1054/276 890/1110/890 1279/1113/1279
f 1279/1113/1279 890/1110/890 287/1112/287 880/1115/880
f 891/1114/891 1279/1113/1279 880/1115/880 288/1116/288
f 278/1060/278 860/1059/860 1280/1117/1280 892/1118/892
f 860/1059/860 277/1056/277 891/1114/891 1280/1117/1280
f 1280/1117/1280 891/1114/891 288/1116/288 881/1119/881
f 892/1118/892 1280/1117/1280 881/1119/881 289/1120/289
f 279/1064/279 861/1063/861 1281/1121/1281 894/1122/894
f 861/1063/861 278/1060/278 892/1118/892 1281/1121/1281
f 1281/1121/1281 892/1118/892 289/1120/289 882/1123/882
f 894/1122/894 1281/1121/1281 882/1123/882 290/1124/290
f 272/1070/272 854/1069/854 1282/1125/1282 895/1126/895
f 854/1069/854 271/1068/271 893/1127/893 1282/1125/1282
f 1282/1125/1282 893/1127/893 282/1128/282 875/1129/875
f 895/1126/895 1282/1125/1282 875/1129/875 283/1130/283
f 280/1074/280 862/1073/862 1283/1131/1283 886/1095/886
f 862/1073/862 279/1064/279 894/1122/894 1283/1131/1283
f 1283/1131/1283 894/1122/894 290/1124/290 883/1132/883
f 886/1095/886 1283/1131/1283 883/1132/883 291/1096/291
f 273/1078/273 855/1077/855 1284/1133/1284 888/1101/888
f 855/1077/855 272/1070/272 895/1126/895 1284/1133/1284
f 1284/1133/1284 895/1126/895 283/1130/283 876/1134/876
f 888/1101/888 1284/1133/1284 876/1134/876 284/1102/284
f 289/1120/289 881/1119/881 1285/1135/1285 906/1136/906
f 881/1119/881 288/1116/288 907/1137/907 1285/1135/1285
f 1285/1135/1285 907/1137/907 299/1138/299 902/1139/902
f 906/1136/906 1285/1135/1285 902/1139/902 300/1140/300
f 290/1124/290 882/1123/882 1286/1141/1286 909/1142/909
f 882/1123/882 289/1120/289 906/1136/906 1286/1141/1286
f 1286/1141/1286 906/1136/906 300/1140/300 903/1143/903
f 909/1142/909 1286/1141/1286 903/1143/903 301/1144/301
f 283/1130/283 875/1129/875 1287/1145/1287 910/1146/910
f 875/1129/875 282/1128/282 908/1147/908 1287/1145/1287
f 1287/1145/1287 908/1147/908 293/1148/293 896/1149/896
f 910/1146/910 1287/1145/1287 896/1149/896 294/1150/294
f 291/1096/291 883/1132/883 1288/1151/1288 911/1152/911
f 883/1132/883 290/1124/290 909/1142/909 1288/1151/1288
f 1288/1151/1288 909/1142/909 301/1144/301 904/1153/904
f 911/1152/911 1288/1151/1288 904/1153/904 302/1154/302
f 284/1102/284 876/1134/876 1289/1155/1289 912/1156/912
f 876/1134/876 283/1130/283 910/1146/910 1289/1155/1289
f 1289/1155/1289 910/1146/910 294/1150/294 897/1157/897
f 912/1156/912 1289/1155/1289 897/1157/897 295/1158/295
f 292/1098/292 884/1097/884 1290/1159/1290 913/1160/913
f 884/1097/884 291/1096/291 911/1152/911 1290/1159/1290
f 1290/1159/1290 911/1152/911 302/1154/302 905/1161/905
f 913/1160/913 1290/1159/1290 905/1161/905 303/1162/303
f 285/1104/285 877/1103/877 1291/1163/1291 914/1164/914
f 877/1103/877 284/1102/284 912/1156/912 1291/1163/1291
f 1291/1163/1291 912/1156/912 295/1158/295 898/1165/898
f 914/1164/914 1291/1163/1291 898/1165/898 296/1166/296
f 286/1108/286 878/1107/878 1292/1167/1292 915/1168/915
f 878/1107/878 285/1104/285 914/1164/914 1292/1167/1292
f 1292/1167/1292 914/1164/914 296/1166/296 899/1169/899
f 915/1168/915 1292/1167/1292 899/1169/899 297/1170/297
f 287/1112/287 879/1111/879 1293/1171/1293 916/1172/916
f 879/1111/879 286/1108/286 915/1168/915 1293/1171/1293
f 1293/1171/1293 915/1168/915 297/1170/297 900/1173/900
f 916/1172/916 1293/1171/1293 900/1173/900 298/1174/298
f 288/1116/288 880/1115/880 1294/1175/1294 907/1137/907
f 880/1115/880 287/1112/287 916/1172/916 1294/1175/1294
f 1294/1175/1294 916/1172/916 298/1174/298 901/1176/901
f 907/1137/907 1294/1175/1294 901/1176/901 299/1138/299
f 297/1170/297 899/1169/899 1295/1177/1295 928/1178/928
f 899/1169/899 296/1166/296 929/1179/929 1295/1177/1295
f 1295/1177/1295 929/1179/929 307/1180/307 920/1181/920
f 928/1178/928 1295/1177/1295 920/1181/920 308/1182/308
f 298/1174/298 900/1173/900 1296/1183/1296 930/1184/930
f 900/1173/900 297/1170/297 928/1178/928 1296/1183/1296
f 1296/1183/1296 928/1178/928 308/1182/308 921/1185/921
f 930/1184/930 1296/1183/1296 921/1185/921 309/1186/309
f 299/1138/299 901/1176/901 1297/1187/1297 931/1188/931
f 901/1176/901 298/1174/298 930/1184/930 1297/1187/1297
f 1297/1187/1297 930/1184/930 309/1186/309 922/1189/922
f 931/1188/931 1297/1187/1297 922/1189/922 310/1190/310
f 300/1140/300 902/1139/902 1298/1191/1298 932/1192/932
f 902/1139/902 299/1138/299 931/1188/931 1298/1191/1298
f 1298/1191/1298 931/1188/931 310/1190/310 923/1193/923
f 932/1192/932 1298/1191/1298 923/1193/923 311/1194/311
f 301/1144/301 903/1143/903 1299/1195/1299 934/1196/934
f 903/1143/903 300/1140/300 932/1192/932 1299/1195/1299
f 1299/1195/1299 932/1192/932 311/1194/311 924/1197/924
f 934/1196/934 1299/1195/1299 924/1197/924 312/1198/312
f 294/1150/294 896/1149/896 1300/1199/1300 935/1200/935
f 896/1149/896 293/1148/293 933/1201/933 1300/1199/1300
f 1300/1199/1300 933/1201/933 304/1202/304 917/1203/917
f 935/1200/935 1300/1199/1300 917/1203/917 305/1204/305
f 302/1154/302 904/1153/904 1301/1205/1301 936/1206/936
f 904/1153/904 301/1144/301 934/1196/934 1301/1205/1301
f 1301/1205/1301 934/1196/934 312/1198/312 925/1207/925
f 936/1206/936 1301/1205/1301 925/1207/925 313/1208/313
f 295/1158/295 897/1157/897 1302/1209/1302 937/1210/937
f 897/1157/897 294/1150/294 935/1200/935 1302/1209/1302
f 1302/1209/1302 935/1200/935 305/1204/305 918/1211/918
f 937/1210/937 1302/1209/1302 918/1211/918 306/1212/306
f 303/1162/303 905/1161/905 1303/1213/1303 927/1214/927
f 905/1161/905 302/1154/302 936/1206/936 1303/1213/1303
f 1303/1213/1303 936/1206/936 313/1208/313 926/1215/926
f 927/1214/927 1303/1213/1303 926/1215/926 314/1216/314
f 296/1166/296 898/1165/898 1304/1217/1304 929/1179/929
f 898/1165/898 295/1158/295 937/1210/937 1304/1217/1304
f 1304/1217/1304 937/1210/937 306/1212/306 919/1218/919
f 929/1179/929 1304/1217/1304 919/1218/919 307/1180/307
f 312/1198/312 924/1197/924 1305/1219/1305 949/1220/949
f 924/1197/924 311/1194/311 950/1221/950 1305/1219/1305
f 1305/1219/1305 950/1221/950 322/1222/322 945/1223/945
f 949/1220/949 1305/1219/1305 945/1223/945 323/1224/323
f 305/1204/305 917/1203/917 1306/1225/1306 951/1226/951
f 917/1203/917 304/1202/304 948/1227/948 1306/1225/1306
f 1306/1225/1306 948/1227/948 315/1228/315 938/1229/938
f 951/1226/951 1306/1225/1306 938/1229/938 316/1230/316
f 313/1208/313 925/1207/925 1307/1231/1307 952/1232/952
f 925/1207/925 312/1198/312 949/1220/949 1307/1231/1307
f 1307/1231/1307 949/1220/949 323/1224/323 946/1233/946
f 952/1232/952 1307/1231/1307 946/1233/946 324/1234/324
f 306/1212/306 918/1211/918 1308/1235/1308 953/1236/953
f 918/1211/918 305/1204/305 951/1226/951 1308/1235/1308
f 1308/1235/1308 951/1226/951 316/1230/316 939/1237/939
f 953/1236/953 1308/1235/1308 939/1237/939 317/1238/317
f 314/1216/314 926/1215/926 1309/1239/1309 954/1240/954
f 926/1215/926 313/1208/313 952/1232/952 1309/1239/1309
f 1309/1239/1309 952/1232/952 324/1234/324 947/1241/947
f 954/1240/954 1309/1239/1309 947/1241/947 325/1242/325
f 307/1180/307 919/1218/919 1310/1243/1310 955/1244/955
f 919/1218/919 306/1212/306 953/1236/953 1310/1243/1310
f 1310/1243/1310 953/1236/953 317/1238/317 940/1245/940
f 955/1244/955 1310/1243/1310 940/1245/940 318/1246/318
f 308/1182/308 920/1181/920 1311/1247/1311 956/1248/956
f 920/1181/920 307/1180/307 955/1244/955 1311/1247/1311
f 1311/1247/1311 955/1244/955 318/1246/318 941/1249/941
f 956/1248/956 1311/1247/1311 941/1249/941 319/1250/319
f 309/1186/309 921/1185/921 1312/1251/1312 957/1252/957
f 921/1185/921 308/1182/308 956/1248/956 1312/1251/1312
f 1312/1251/1312 956/1248/956 319/1250/319 942/1253/942
f 957/1252/957 1312/1251/1312 942/1253/942 320/1254/320
f 310/1190/310 922/1189/922 1313/1255/1313 958/1256/958
f 922/1189/922 309/1186/309 957/1252/957 1313/1255/1313
f 1313/1255/1313 957/1252/957 320/1254/320 943/1257/943
f 958/1256/958 1313/1255/1313 943/1257/943 321/1258/321
f 311/1194/311 923/1193/923 1314/1259/1314 950/1221/950
f 923/1193/923 310/1190/310 958/1256/958 1314/1259/1314
f 1314/1259/1314 958/1256/958 321/1258/321 944/1260/944
f 950/1221/950 1314/1259/1314 944/1260/944 322/1222/322
f 319/1250/319 941/1249/941 1315/1261/1315 969/1262/969
f 941/1249/941 318/1246/318 970/1263/970 1315/1261/1315
f 1315/1261/1315 970/1263/970 329/1264/329 962/1265/962
f 969/1262/969 1315/1261/1315 962/1265/962 330/1266/330
f 320/1254/320 942/1253/942 1316/1267/1316 971/1268/971
f 942/1253/942 319/1250/319 969/1262/969 1316/1267/1316
f 1316/1267/1316 969/1262/969 330/1266/330 963/1269/963
f 971/1268/971 1316/1267/1316 963/1269/963 331/1270/331
f 321/1258/321 943/1257/943 1317/1271/1317 972/1272/972
f 943/1257/943 320/1254/320 971/1268/971 1317/1271/1317
f 1317/1271/1317 971/1268/971 331/1270/331 964/1273/964
f 972/1272/972 1317/1271/1317 964/1273/964 332/1274/332
f 322/1222/322 944/1260/944 1318/1275/1318 973/1276/973
f 944/1260/944 321/1258/321 972/1272/972 1318/1275/1318
f 1318/1275/1318 972/1272/972 332/1274/332 965/1277/965
f 973/1276/973 1318/1275/1318 965/1277/965 333/1278/333
f 323/1224/323 945/1223/945 1319/1279/1319 975/1280/975
f 945/1223/945 322/1222/322 973/1276/973 1319/1279/1319
f 1319/1279/1319 973/1276/973 333/1278/333 966/1281/966
f 975/1280/975 1319/1279/1319 966/1281/966 334/1282/334
f 316/1230/316 938/1229/938 1320/1283/1320 976/1284/976
f 938/1229/938 315/1228/315 974/1285/974 1320/1283/1320
f 1320/1283/1320 974/1285/974 326/1286/326 959/1287/959
f 976/1284/976 1320/1283/1320 959/1287/959 327/1288/327
f 324/1234/324 946/1233/946 1321/1289/1321 977/1290/977
f 946/1233/946 323/1224/323 975/1280/975 1321/1289/1321
f 1321/1289/1321 975/1280/975 334/1282/334 967/1291/967
f 977/1290/977 1321/1289/1321 967/1291/967 335/1292/335
f 317/1238/317 939/1237/939 1322/1293/1322 978/1294/978
f 939/1237/939 316/1230/316 976/1284/976 1322/1293/1322
f 1322/1293/1322 976/1284/976 327/1288/327 960/1295/960
f 978/1294/978 1322/1293/1322 960/1295/960 328/1296/328
f 325/1242/325 947/1241/947 1323/1297/1323 979/1298/979
f 947/1241/947 324/1234/324 977/1290/977 1323/1297/1323
f 1323/1297/1323 977/1290/977 335/1292/335 968/1299/968
f 979/1298/979 1323/1297/1323 968/1299/968 336/1300/336
f 318/1246/318 940/1245/940 1324/1301/1324 970/1263/970
f 940/1245/940 317/1238/317 978/1294/978 1324/1301/1324
f 1324/1301/1324 978/1294/978 328/1296/328 961/1302/961
f 970/1263/970 1324/1301/1324 961/1302/961 329/1264/329
f 334/1282/334 966/1281/966 1325/1303/1325 990/1304/990
f 966/1281/966 333/1278/333 991/1305/991 1325/1303/1325
f 1325/1303/1325 991/1305/991 344/1306/344 987/1307/987
f 990/1304/990 1325/1303/1325 987/1307/987 345/1308/345
f 327/1288/327 959/1287/959 1326/1309/1326 992/1310/992
f 959/1287/959 326/1286/326 993/1311/993 1326/1309/1326
f 1326/1309/1326 993/1311/993 337/1312/337 980/1313/980
f 992/1310/992 1326/1309/1326 980/1313/980 338/1314/338
f 335/1292/335 967/1291/967 1327/1315/1327 994/1316/994
f 967/1291/967 334/1282/334 990/1304/990 1327/1315/1327
f 1327/1315/1327 990/1304/990 345/1308/345 988/1317/988
f 994/1316/994 1327/1315/1327 988/1317/988 346/1318/346
f 328/1296/328 960/1295/960 1328/1319/1328 995/1320/995
f 960/1295/960 327/1288/327 992/1310/992 1328/1319/1328
f 1328/1319/1328 992/1310/992 338/1314/338 981/1321/981
f 995/1320/995 1328/1319/1328 981/1321/981 339/1322/339
f 336/1300/336 968/1299/968 1329/1323/1329 996/1324/996
f 968/1299/968 335/1292/335 994/1316/994 1329/1323/1329
f 1329/1323/1329 994/1316/994 346/1318/346 989/1325/989
f 996/1324/996 1329/1323/1329 989/1325/989 347/1326/347
f 329/1264/329 961/1302/961 1330/1327/1330 997/1328/997
f 961/1302/961 328/1296/328 995/1320/995 1330/1327/1330
f 1330/1327/1330 995/1320/995 339/1322/339 982/1329/982
f 997/1328/997 1330/1327/1330 982/1329/982 340/1330/340
f 330/1266/330 962/1265/962 1331/1331/1331 998/1332/998
f 962/1265/962 329/1264/329 997/1328/997 1331/1331/1331
f 1331/1331/1331 997/1328/997 340/1330/340 983/1333/983
f 998/1332/998 1331/1331/1331 983/1333/983 341/1334/341
f 331/1270/331 963/1269/963 1332/1335/1332 999/1336/999
f 963/1269/963 330/1266/330 998/1332/998 1332/1335/1332
f 1332/1335/1332 998/1332/998 341/1334/341 984/1337/984
f 999/1336/999 1332/1335/1332 984/1337/984 342/1338/342
f 332/1274/332 964/1273/964 1333/1339/1333 1000/1340/1000
f 964/1273/964 331/1270/331 999/1336/999 1333/1339/1333
f 1333/1339/1333 999/1336/999 342/1338/342 985/1341/985
f 1000/1340/1000 1333/1339/1333 985/1341/985 343/1342/343
f 333/1278/333 965/1277/965 1334/1343/1334 991/1305/991
f 965/1277/965 332/1274/332 1000/1340/1000 1334/1343/1334
f 1334/1343/1334 1000/1340/1000 343/1342/343 986/1344/986
f 991/1305/991 1334/1343/1334 986/1344/986 344/1306/344
f 342/1338/342 984/1337/984 1335/1345/1335 1019/1346/1019
f 984/1337/984 341/1334/341 1020/1347/1020 1335/1345/1335
f 1335/1345/1335 1020/1347/1020 3/1/3 353/11/353
f 1019/1346/1019 1335/1345/1335 353/11/353 4/10/4
f 343/1342/343 985/1341/985 1336/1348/1336 1021/1349/1021
f 985/1341/985 342/1338/342 1019/1346/1019 1336/1348/1336
f 1336/1348/1336 1019/1346/1019 4/10/4 354/17/354
f 1021/1349/1021 1336/1348/1336 354/17/354 5/16/5
f 344/1306/344 986/1344/986 1337/1350/1337 1002/1351/1002
f 986/1344/986 343/1342/343 1021/1349/1021 1337/1350/1337
f 1337/1350/1337 1021/1349/1021 5/16/5 1011/23/1011
f 1002/1351/1002 1337/1350/1337 1011/23/1011 350/22/350
f 345/1308/345 987/1307/987 1338/1352/1338 1023/1353/1023
f 987/1307/987 344/1306/344 1002/1351/1002 1338/1352/1338
f 1338/1352/1338 1002/1351/1002 350/22/350 1012/29/1012
f 1023/1353/1023 1338/1352/1338 1012/29/1012 6/28/6
f 338/1314/338 980/1313/980 1339/1354/1339 1003/1355/1003
f 980/1313/980 337/1312/337 1022/1356/1022 1339/1354/1339
f 1339/1354/1339 1022/1356/1022 1/38/1 1007/35/1007
f 1003/1355/1003 1339/1354/1339 1007/35/1007 348/34/348
f 346/1318/346 988/1317/988 1340/1357/1340 1004/1358/1004
f 988/1317/988 345/1308/345 1023/1353/1023 1340/1357/1340
f 1340/1357/1340 1023/1353/1023 6/28/6 1013/44/1013
f 1004/1358/1004 1340/1357/1340 1013/44/1013 351/43/351
f 339/1322/339 981/1321/981 1341/1359/1341 1024/1360/1024
f 981/1321/981 338/1314/338 1003/1355/1003 1341/1359/1341
f 1341/1359/1341 1003/1355/1003 348/34/348 1008/50/1008
f 1024/1360/1024 1341/1359/1341 1008/50/1008 2/49/2
f 347/1326/347 989/1325/989 1342/1361/1342 1005/1362/1005
f 989/1325/989 346/1318/346 1004/1358/1004 1342/1361/1342
f 1342/1361/1342 1004/1358/1004 351/43/351 1001/56/1001
f 1005/1362/1005 1342/1361/1342 1001/56/1001 352/55/352
f 340/1330/340 982/1329/982 1343/1363/1343 1006/1364/1006
f 982/1329/982 339/1322/339 1024/1360/1024 1343/1363/1343
f 1343/1363/1343 1024/1360/1024 2/49/2 1009/61/1009
f 1006/1364/1006 1343/1363/1343 1009/61/1009 349/5/349
f 341/1334/341 983/1333/983 1344/1365/1344 1020/1347/1020
f 983/1333/983 340/1330/340 1006/1364/1006 1344/1365/1344
f 1344/1365/1344 1006/1364/1006 349/5/349 1010/2/1010
f 1020/1347/1020 1344/1365/1344 1010/2/1010 3/1/3
f 1409/1366/1409 1664/1367/1664 1729/1368/1729 1601/1369/1601
f 1664/1367/1664 1410/1370/1410 1506/1371/1506 1729/1368/1729
f 1729/1368/1729 1506/1371/1506 1347/1372/1347 1475/1373/1475
f 1601/1369/1601 1729/1368/1729 1475/1373/1475 1348/1374/1348
f 1411/1375/1411 1663/1376/1663 1730/1377/1730 1603/1378/1603
f 1663/1376/1663 1412/1379/1412 1508/1380/1508 1730/1377/1730
f 1730/1377/1730 1508/1380/1508 1366/1381/1366 1494/1382/1494
f 1603/1378/1603 1730/1377/1730 1494/1382/1494 1367/1383/1367
f 1413/1384/1413 1662/1385/1662 1731/1386/1731 1605/1387/1605
f 1662/1385/1662 1414/1388/1414 1510/1389/1510 1731/1386/1731
f 1731/1386/1731 1510/1389/1510 1350/1390/1350 1478/1391/1478
f 1605/1387/1605 1731/1386/1731 1478/1391/1478 1351/1392/1351
f 1415/1393/1415 1661/1394/1661 1732/1395/1732 1607/1396/1607
f 1661/1394/1661 1416/1397/1416 1512/1398/1512 1732/1395/1732
f 1732/1395/1732 1512/1398/1512 1363/1399/1363 1491/1400/1491
f 1607/1396/1607 1732/1395/1732 1491/1400/1491 1364/1401/1364
f 1417/1402/1417 1660/1403/1660 1733/1404/1733 1609/1405/1609
f 1660/1403/1660 1418/1406/1418 1514/1407/1514 1733/1404/1733
f 1733/1404/1733 1514/1407/1514 1373/1408/1373 1501/1409/1501
f 1609/1405/1609 1733/1404/1733 1501/1409/1501 1374/1410/1374
f 1419/1411/1419 1659/1412/1659 1734/1413/1734 1611/1414/1611
f 1659/1412/1659 1420/1415/1420 1516/1416/1516 1734/1413/1734
f 1734/1413/1734 1516/1416/1516 1360/1417/1360 1488/1418/1488
f 1611/1414/1611 1734/1413/1734 1488/1418/1488 1361/1419/1361
f 1421/1420/1421 1658/1421/1658 1735/1422/1735 1613/1423/1613
f 1658/1421/1658 1422/1424/1422 1518/1425/1518 1735/1422/1735
f 1735/1422/1735 1518/1425/1518 1355/1426/1355 1483/1427/1483
f 1613/1423/1613 1735/1422/1735 1483/1427/1483 1356/1428/1356
f 1414/1388/1414 1657/1429/1657 1736/1430/1736 1510/1389/1510
f 1657/1429/1657 1423/1431/1423 1519/1432/1519 1736/1430/1736
f 1736/1430/1736 1519/1432/1519 1349/1433/1349 1477/1434/1477
f 1510/1389/1510 1736/1430/1736 1477/1434/1477 1350/1390/1350
f 1424/1435/1424 1656/1436/1656 1737/1437/1737 1616/1438/1616
f 1656/1436/1656 1425/1439/1425 1521/1440/1521 1737/1437/1737
f 1737/1437/1737 1521/1440/1521 1352/1441/1352 1480/1442/1480
f 1616/1438/1616 1737/1437/1737 1480/1442/1480 1353/1443/1353
f 1426/1444/1426 1655/1445/1655 1738/1446/1738 1618/1447/1618
f 1655/1445/1655 1427/1448/1427 1523/1449/1523 1738/1446/1738
f 1738/1446/1738 1523/1449/1523 1368/1450/1368 1496/1451/1496
f 1618/1447/1618 1738/1446/1738 1496/1451/1496 1369/1452/1369
f 1412/1379/1412 1654/1453/1654 1739/1454/1739 1508/1380/1508
f 1654/1453/1654 1428/1455/1428 1524/1456/1524 1739/1454/1739
f 1739/1454/1739 1524/1456/1524 1365/1457/1365 1493/1458/1493
f 1508/1380/1508 1739/1454/1739 1493/1458/1493 1366/1381/1366
f 1429/1459/1429 1653/1460/1653 1740/1461/1740 1621/1462/1621
f 1653/1460/1653 1430/1463/1430 1526/1464/1526 1740/1461/1740
f 1740/1461/1740 1526/1464/1526 1357/1465/1357 1485/1466/1485
f 1621/1462/1621 1740/1461/1740 1485/1466/1485 1358/1467/1358
f 1431/1468/1431 1652/1469/1652 1741/1470/1741 1623/1471/1623
f 1652/1469/1652 1432/1472/1432 1528/1473/1528 1741/1470/1741
f 1741/1470/1741 1528/1473/1528 1345/1474/1345 1473/1475/1473
f 1623/1471/1623 1741/1470/1741 1473/1475/1473 1346/1476/1346
f 1422/1424/1422 1651/1477/1651 1742/1478/1742 1518/1425/1518
f 1651/1477/1651 1433/1479/1433 1529/1480/1529 1742/1478/1742
f 1742/1478/1742 1529/1480/1529 1354/1481/1354 1482/1482/1482
f 1518/1425/1518 1742/1478/1742 1482/1482/1482 1355/1426/1355
f 1410/1370/1410 1650/1483/1650 1743/1484/1743 1506/1371/1506
f 1650/1483/1650 1431/1468/1431 1623/1471/1623 1743/1484/1743
f 1743/1484/1743 1623/1471/1623 1346/1476/1346 1474/1485/1474
f 1506/1371/1506 1743/1484/1743 1474/1485/1474 1347/1372/1347
f 1434/1486/1434 1649/1487/1649 1744/1488/1744 1626/1489/1626
f 1649/1487/1649 1435/1490/1435 1531/1491/1531 1744/1488/1744
f 1744/1488/1744 1531/1491/1531 1370/1492/1370 1498/1493/1498
f 1626/1489/1626 1744/1488/1744 1498/1493/1498 1371/1494/1371
f 1436/1495/1436 1628/1496/1628 1745/1497/1745 1648/1498/1648
f 1648/1498/1648 1745/1497/1745 1512/1398/1512 1416/1397/1416
f 1745/1497/1745 1490/1499/1490 1363/1399/1363 1512/1398/1512
f 1628/1496/1628 1362/1500/1362 1490/1499/1490 1745/1497/1745
f 1427/1448/1427 1647/1501/1647 1746/1502/1746 1523/1449/1523
f 1647/1501/1647 1411/1375/1411 1603/1378/1603 1746/1502/1746
f 1746/1502/1746 1603/1378/1603 1367/1383/1367 1495/1503/1495
f 1523/1449/1523 1746/1502/1746 1495/1503/1495 1368/1450/1368
f 1420/1415/1420 1646/1504/1646 1747/1505/1747 1516/1416/1516
f 1646/1504/1646 1437/1506/1437 1533/1507/1533 1747/1505/1747
f 1747/1505/1747 1533/1507/1533 1359/1508/1359 1487/1509/1487
f 1516/1416/1516 1747/1505/1747 1487/1509/1487 1360/1417/1360
f 1438/1510/1438 1630/1511/1630 1748/1512/1748 1645/1513/1645
f 1645/1513/1645 1748/1512/1748 1535/1514/1535 1439/1515/1439
f 1748/1512/1748 1503/1516/1503 1376/1517/1376 1535/1514/1535
f 1630/1511/1630 1375/1518/1375 1503/1516/1503 1748/1512/1748
f 1418/1406/1418 1644/1519/1644 1749/1520/1749 1514/1407/1514
f 1644/1519/1644 1440/1521/1440 1536/1522/1536 1749/1520/1749
f 1749/1520/1749 1536/1522/1536 1372/1523/1372 1500/1524/1500
f 1514/1407/1514 1749/1520/1749 1500/1524/1500 1373/1408/1373
f 1430/1463/1430 1643/1525/1643 1750/1526/1750 1526/1464/1526
f 1643/1525/1643 1421/1420/1421 1613/1423/1613 1750/1526/1750
f 1750/1526/1750 1613/1423/1613 1356/1428/1356 1484/1527/1484
f 1526/1464/1526 1750/1526/1750 1484/1527/1484 1357/1465/1357
f 1415/1393/1415 1607/1396/1607 1751/1528/1751 1642/1529/1642
f 1642/1529/1642 1751/1528/1751 1524/1456/1524 1428/1455/1428
f 1751/1528/1751 1492/1530/1492 1365/1457/1365 1524/1456/1524
f 1607/1396/1607 1364/1401/1364 1492/1530/1492 1751/1528/1751
f 1413/1384/1413 1605/1387/1605 1752/1531/1752 1641/1532/1641
f 1641/1532/1641 1752/1531/1752 1521/1440/1521 1425/1439/1425
f 1752/1531/1752 1479/1533/1479 1352/1441/1352 1521/1440/1521
f 1605/1387/1605 1351/1392/1351 1479/1533/1479 1752/1531/1752
f 1423/1431/1423 1640/1534/1640 1753/1535/1753 1519/1432/1519
f 1640/1534/1640 1409/1366/1409 1601/1369/1601 1753/1535/1753
f 1753/1535/1753 1601/1369/1601 1348/1374/1348 1476/1536/1476
f 1519/1432/1519 1753/1535/1753 1476/1536/1476 1349/1433/1349
f 1432/1472/1432 1639/1537/1639 1754/1538/1754 1528/1473/1528
f 1639/1537/1639 1439/1515/1439 1535/1514/1535 1754/1538/1754
f 1754/1538/1754 1535/1514/1535 1376/1517/1376 1504/1539/1504
f 1528/1473/1528 1754/1538/1754 1504/1539/1504 1345/1474/1345
f 1435/1490/1435 1638/1540/1638 1755/1541/1755 1531/1491/1531
f 1638/1540/1638 1426/1444/1426 1618/1447/1618 1755/1541/1755
f 1755/1541/1755 1618/1447/1618 1369/1452/1369 1497/1542/1497
f 1531/1491/1531 1755/1541/1755 1497/1542/1497 1370/1492/1370
f 1433/1479/1433 1637/1543/1637 1756/1544/1756 1529/1480/1529
f 1637/1543/1637 1424/1435/1424 1616/1438/1616 1756/1544/1756
f 1756/1544/1756 1616/1438/1616 1353/1443/1353 1481/1545/1481
f 1529/1480/1529 1756/1544/1756 1481/1545/1481 1354/1481/1354
f 1436/1495/1436 1636/1546/1636 1757/1547/1757 1628/1496/1628
f 1636/1546/1636 1419/1548/1419 1611/1549/1611 1757/1547/1757
f 1757/1547/1757 1611/1549/1611 1361/1550/1361 1489/1551/1489
f 1628/1496/1628 1757/1547/1757 1489/1551/1489 1362/1500/1362
f 1440/1521/1440 1635/1552/1635 1758/1553/1758 1536/1522/1536
f 1635/1552/1635 1434/1486/1434 1626/1489/1626 1758/1553/1758
f 1758/1553/1758 1626/1489/1626 1371/1494/1371 1499/1554/1499
f 1536/1522/1536 1758/1553/1758 1499/1554/1499 1372/1523/1372
f 1438/1510/1438 1634/1555/1634 1759/1556/1759 1630/1511/1630
f 1634/1555/1634 1417/1402/1417 1609/1405/1609 1759/1556/1759
f 1759/1556/1759 1609/1405/1609 1374/1410/1374 1502/1557/1502
f 1630/1511/1630 1759/1556/1759 1502/1557/1502 1375/1518/1375
f 1437/1506/1437 1633/1558/1633 1760/1559/1760 1533/1507/1533
f 1633/1558/1633 1429/1459/1429 1621/1462/1621 1760/1559/1760
f 1760/1559/1760 1621/1462/1621 1358/1467/1358 1486/1560/1486
f 1533/1507/1533 1760/1559/1760 1486/1560/1486 1359/1508/1359
f 1441/1561/1441 1665/1562/1665 1761/1563/1761 1728/1564/1728
f 1728/1564/1728 1761/1563/1761 1570/1565/1570 1442/1566/1442
f 1761/1563/1761 1555/1567/1555 1395/1568/1395 1570/1565/1570
f 1665/1562/1665 1396/1569/1396 1555/1567/1555 1761/1563/1761
f 1443/1570/1443 1667/1571/1667 1762/1572/1762 1727/1573/1727
f 1727/1573/1727 1762/1572/1762 1572/1574/1572 1444/1575/1444
f 1762/1572/1762 1568/1576/1568 1408/1577/1408 1572/1574/1572
f 1667/1571/1667 1377/1578/1377 1568/1576/1568 1762/1572/1762
f 1445/1579/1445 1726/1580/1726 1763/1581/1763 1669/1582/1669
f 1726/1580/1726 1446/1583/1446 1574/1584/1574 1763/1581/1763
f 1763/1581/1763 1574/1584/1574 1404/1585/1404 1563/1586/1563
f 1669/1582/1669 1763/1581/1763 1563/1586/1563 1403/1587/1403
f 1447/1588/1447 1725/1589/1725 1764/1590/1764 1671/1591/1671
f 1725/1589/1725 1448/1592/1448 1576/1593/1576 1764/1590/1764
f 1764/1590/1764 1576/1593/1576 1391/1594/1391 1550/1595/1550
f 1671/1591/1671 1764/1590/1764 1550/1595/1550 1390/1596/1390
f 1449/1597/1449 1673/1598/1673 1765/1599/1765 1724/1600/1724
f 1724/1600/1724 1765/1599/1765 1578/1601/1578 1450/1602/1450
f 1765/1599/1765 1547/1603/1547 1387/1604/1387 1578/1601/1578
f 1673/1598/1673 1388/1605/1388 1547/1603/1547 1765/1599/1765
f 1451/1606/1451 1723/1607/1723 1766/1608/1766 1675/1609/1675
f 1723/1607/1723 1452/1610/1452 1580/1611/1580 1766/1608/1766
f 1766/1608/1766 1580/1611/1580 1380/1612/1380 1539/1613/1539
f 1675/1609/1675 1766/1608/1766 1539/1613/1539 1379/1614/1379
f 1453/1615/1453 1677/1616/1677 1767/1617/1767 1722/1618/1722
f 1722/1618/1722 1767/1617/1767 1582/1619/1582 1454/1620/1454
f 1767/1617/1767 1544/1621/1544 1384/1622/1384 1582/1619/1582
f 1677/1616/1677 1385/1623/1385 1544/1621/1544 1767/1617/1767
f 1455/1624/1455 1679/1625/1679 1768/1626/1768 1721/1627/1721
f 1721/1627/1721 1768/1626/1768 1584/1628/1584 1456/1629/1456
f 1768/1626/1768 1560/1630/1560 1400/1631/1400 1584/1628/1584
f 1679/1625/1679 1401/1632/1401 1560/1630/1560 1768/1626/1768
f 1457/1633/1457 1720/1634/1720 1769/1635/1769 1681/1636/1681
f 1720/1634/1720 1458/1637/1458 1586/1638/1586 1769/1635/1769
f 1769/1635/1769 1586/1638/1586 1393/1639/1393 1552/1640/1552
f 1681/1636/1681 1769/1635/1769 1552/1640/1552 1392/1641/1392
f 1459/1642/1459 1683/1643/1683 1770/1644/1770 1719/1645/1719
f 1719/1645/1719 1770/1644/1770 1588/1646/1588 1460/1647/1460
f 1770/1644/1770 1557/1648/1557 1397/1649/1397 1588/1646/1588
f 1683/1643/1683 1398/1650/1398 1557/1648/1557 1770/1644/1770
f 1450/1602/1450 1578/1601/1578 1771/1651/1771 1718/1652/1718
f 1718/1652/1718 1771/1651/1771 1589/1653/1589 1461/1654/1461
f 1771/1651/1771 1546/1655/1546 1386/1656/1386 1589/1653/1589
f 1578/1601/1578 1387/1604/1387 1546/1655/1546 1771/1651/1771
f 1462/1657/1462 1686/1658/1686 1772/1659/1772 1717/1660/1717
f 1717/1660/1717 1772/1659/1772 1591/1661/1591 1463/1662/1463
f 1772/1659/1772 1565/1663/1565 1405/1664/1405 1591/1661/1591
f 1686/1658/1686 1406/1665/1406 1565/1663/1565 1772/1659/1772
f 1447/1588/1447 1671/1591/1671 1773/1666/1773 1716/1667/1716
f 1716/1667/1716 1773/1666/1773 1592/1668/1592 1464/1669/1464
f 1773/1666/1773 1549/1670/1549 1389/1671/1389 1592/1668/1592
f 1671/1591/1671 1390/1596/1390 1549/1670/1549 1773/1666/1773
f 1444/1575/1444 1572/1574/1572 1774/1672/1774 1715/1673/1715
f 1715/1673/1715 1774/1672/1774 1593/1674/1593 1465/1675/1465
f 1774/1672/1774 1567/1676/1567 1407/1677/1407 1593/1674/1593
f 1572/1574/1572 1408/1577/1408 1567/1676/1567 1774/1672/1774
f 1466/1678/1466 1690/1679/1690 1775/1680/1775 1714/1681/1714
f 1714/1681/1714 1775/1680/1775 1595/1682/1595 1467/1683/1467
f 1775/1680/1775 1541/1684/1541 1381/1685/1381 1595/1682/1595
f 1690/1679/1690 1382/1686/1382 1541/1684/1541 1775/1680/1775
f 1445/1579/1445 1669/1582/1669 1776/1687/1776 1713/1688/1713
f 1713/1688/1713 1776/1687/1776 1596/1689/1596 1468/1690/1468
f 1776/1687/1776 1562/1691/1562 1402/1692/1402 1596/1689/1596
f 1669/1582/1669 1403/1587/1403 1562/1691/1562 1776/1687/1776
f 1456/1629/1456 1584/1628/1584 1777/1693/1777 1712/1694/1712
f 1712/1694/1712 1777/1693/1777 1597/1695/1597 1469/1696/1469
f 1777/1693/1777 1559/1697/1559 1399/1698/1399 1597/1695/1597
f 1584/1628/1584 1400/1631/1400 1559/1697/1559 1777/1693/1777
f 1442/1566/1442 1570/1565/1570 1778/1699/1778 1711/1700/1711
f 1711/1700/1711 1778/1699/1778 1598/1701/1598 1470/1702/1470
f 1778/1699/1778 1554/1703/1554 1394/1704/1394 1598/1701/1598
f 1570/1565/1570 1395/1568/1395 1554/1703/1554 1778/1699/1778
f 1451/1606/1451 1675/1609/1675 1779/1705/1779 1710/1706/1710
f 1710/1706/1710 1779/1705/1779 1599/1707/1599 1471/1708/1471
f 1779/1705/1779 1538/1709/1538 1378/1710/1378 1599/1707/1599
f 1675/1609/1675 1379/1614/1379 1538/1709/1538 1779/1705/1779
f 1464/1669/1464 1592/1668/1592 1780/1711/1780 1709/1712/1709
f 1709/1712/1709 1780/1711/1780 1673/1598/1673 1449/1597/1449
f 1780/1711/1780 1548/1713/1548 1388/1605/1388 1673/1598/1673
f 1592/1668/1592 1389/1671/1389 1548/1713/1548 1780/1711/1780
f 1457/1714/1457 1681/1715/1681 1781/1716/1781 1708/1717/1708
f 1708/1717/1708 1781/1716/1781 1576/1593/1576 1448/1592/1448
f 1781/1716/1781 1551/1718/1551 1391/1594/1391 1576/1593/1576
f 1681/1715/1681 1392/1719/1392 1551/1718/1551 1781/1716/1781
f 1468/1690/1468 1596/1689/1596 1782/1720/1782 1707/1721/1707
f 1707/1721/1707 1782/1720/1782 1679/1625/1679 1455/1624/1455
f 1782/1720/1782 1561/1722/1561 1401/1632/1401 1679/1625/1679
f 1596/1689/1596 1402/1692/1402 1561/1722/1561 1782/1720/1782
f 1454/1620/1454 1582/1619/1582 1783/1723/1783 1706/1724/1706
f 1706/1724/1706 1783/1723/1783 1600/1725/1600 1472/1726/1472
f 1783/1723/1783 1543/1727/1543 1383/1728/1383 1600/1725/1600
f 1582/1619/1582 1384/1622/1384 1543/1727/1543 1783/1723/1783
f 1463/1662/1463 1591/1661/1591 1784/1729/1784 1705/1730/1705
f 1705/1730/1705 1784/1729/1784 1574/1584/1574 1446/1583/1446
f 1784/1729/1784 1564/1731/1564 1404/1585/1404 1574/1584/1574
f 1591/1661/1591 1405/1664/1405 1564/1731/1564 1784/1729/1784
f 1460/1647/1460 1588/1646/1588 1785/1732/1785 1704/1733/1704
f 1704/1733/1704 1785/1732/1785 1665/1562/1665 1441/1561/1441
f 1785/1732/1785 1556/1734/1556 1396/1569/1396 1665/1562/1665
f 1588/1646/1588 1397/1649/1397 1556/1734/1556 1785/1732/1785
f 1467/1683/1467 1595/1682/1595 1786/1735/1786 1703/1736/1703
f 1703/1736/1703 1786/1735/1786 1580/1611/1580 1452/1610/1452
f 1786/1735/1786 1540/1737/1540 1380/1612/1380 1580/1611/1580
f 1595/1682/1595 1381/1685/1381 1540/1737/1540 1786/1735/1786
f 1470/1702/1470 1598/1701/1598 1787/1738/1787 1702/1739/1702
f 1702/1739/1702 1787/1738/1787 1586/1638/1586 1458/1637/1458
f 1787/1738/1787 1553/1740/1553 1393/1639/1393 1586/1638/1586
f 1598/1701/1598 1394/1704/1394 1553/1740/1553 1787/1738/1787
f 1461/1654/1461 1589/1653/1589 1788/1741/1788 1701/1742/1701
f 1701/1742/1701 1788/1741/1788 1677/1616/1677 1453/1615/1453
f 1788/1741/1788 1545/1743/1545 1385/1623/1385 1677/1616/1677
f 1589/1653/1589 1386/1656/1386 1545/1743/1545 1788/1741/1788
f 1465/1675/1465 1593/1674/1593 1789/1744/1789 1700/1745/1700
f 1700/1745/1700 1789/1744/1789 1686/1658/1686 1462/1657/1462
f 1789/1744/1789 1566/1746/1566 1406/1665/1406 1686/1658/1686
f 1593/1674/1593 1407/1677/1407 1566/1746/1566 1789/1744/1789
f 1443/1570/1443 1699/1747/1699 1790/1748/1790 1667/1571/1667
f 1699/1747/1699 1471/1708/1471 1599/1707/1599 1790/1748/1790
f 1790/1748/1790 1599/1707/1599 1378/1710/1378 1537/1749/1537
f 1667/1571/1667 1790/1748/1790 1537/1749/1537 1377/1578/1377
f 1472/1726/1472 1600/1725/1600 1791/1750/1791 1698/1751/1698
f 1698/1751/1698 1791/1750/1791 1690/1679/1690 1466/1678/1466
f 1791/1750/1791 1542/1752/1542 1382/1686/1382 1690/1679/1690
f 1600/1725/1600 1383/1728/1383 1542/1752/1542 1791/1750/1791
f 1469/1696/1469 1597/1695/1597 1792/1753/1792 1697/1754/1697
f 1697/1754/1697 1792/1753/1792 1683/1643/1683 1459/1642/1459
f 1792/1753/1792 1558/1755/1558 1398/1650/1398 1683/1643/1683
f 1597/1695/1597 1399/1698/1399 1558/1755/1558 1792/1753/1792
f 150/1756/150 635/1757/635 1793/1758/1793 1629/1759/1629
f 635/1757/635 139/1760/139 1525/1761/1525 1793/1758/1793
f 1793/1758/1793 1525/1761/1525 1429/1459/1429 1633/1558/1633
f 1629/1759/1629 1793/1758/1793 1633/1558/1633 1437/1506/1437
f 326/1762/326 974/1763/974 1794/1764/1794 1534/1765/1534
f 974/1763/974 315/1766/315 1513/1767/1513 1794/1764/1794
f 1794/1764/1794 1513/1767/1513 1417/1402/1417 1634/1555/1634
f 1534/1765/1534 1794/1764/1794 1634/1555/1634 1438/1510/1438
f 293/1768/293 908/1769/908 1795/1770/1795 1632/1771/1632
f 908/1769/908 282/1772/282 1530/1773/1530 1795/1770/1795
f 1795/1770/1795 1530/1773/1530 1434/1486/1434 1635/1552/1635
f 1632/1771/1632 1795/1770/1795 1635/1552/1635 1440/1521/1440
f 183/1774/183 702/1775/702 1796/1776/1796 1532/1777/1532
f 702/1775/702 172/1778/172 1515/1779/1515 1796/1776/1796
f 1796/1776/1796 1515/1779/1515 1419/1548/1419 1636/1546/1636
f 1532/1777/1532 1796/1776/1796 1636/1546/1636 1436/1495/1436
f 95/1780/95 538/1781/538 1797/1782/1797 1625/1783/1625
f 538/1781/538 84/1784/84 1520/1785/1520 1797/1782/1797
f 1797/1782/1797 1520/1785/1520 1424/1435/1424 1637/1543/1637
f 1625/1783/1625 1797/1782/1797 1637/1543/1637 1433/1479/1433
f 271/1786/271 867/1787/867 1798/1788/1798 1627/1789/1627
f 867/1787/867 260/1790/260 1522/1791/1522 1798/1788/1798
f 1798/1788/1798 1522/1791/1522 1426/1444/1426 1638/1540/1638
f 1627/1789/1627 1798/1788/1798 1638/1540/1638 1435/1490/1435
f 1/1792/1 1022/1793/1022 1799/1794/1799 1624/1795/1624
f 1022/1793/1022 337/1796/337 1631/1797/1631 1799/1794/1799
f 1799/1794/1799 1631/1797/1631 1439/1515/1439 1639/1537/1639
f 1624/1795/1624 1799/1794/1799 1639/1537/1639 1432/1472/1432
f 40/1798/40 429/1799/429 1800/1800/1800 1615/1801/1615
f 429/1799/429 29/1802/29 1505/1803/1505 1800/1800/1800
f 1800/1800/1800 1505/1803/1505 1409/1366/1409 1640/1534/1640
f 1615/1801/1615 1800/1800/1800 1640/1534/1640 1423/1431/1423
f 62/1804/62 1509/1805/1509 1801/1806/1801 489/1807/489
f 489/1807/489 1801/1806/1801 1617/1808/1617 73/1809/73
f 1801/1806/1801 1641/1532/1641 1425/1439/1425 1617/1808/1617
f 1509/1805/1509 1413/1384/1413 1641/1532/1641 1801/1806/1801
f 205/1810/205 1511/1811/1511 1802/1812/1802 760/1813/760
f 760/1813/760 1802/1812/1802 1620/1814/1620 216/1815/216
f 1802/1812/1802 1642/1529/1642 1428/1455/1428 1620/1814/1620
f 1511/1811/1511 1415/1393/1415 1642/1529/1642 1802/1812/1802
f 128/1816/128 594/1817/594 1803/1818/1803 1622/1819/1622
f 594/1817/594 117/1820/117 1517/1821/1517 1803/1818/1803
f 1803/1818/1803 1517/1821/1517 1421/1420/1421 1643/1525/1643
f 1622/1819/1622 1803/1818/1803 1643/1525/1643 1430/1463/1430
f 304/1822/304 933/1823/933 1804/1824/1804 1610/1825/1610
f 933/1823/933 293/1768/293 1632/1771/1632 1804/1824/1804
f 1804/1824/1804 1632/1771/1632 1440/1521/1440 1644/1519/1644
f 1610/1825/1610 1804/1824/1804 1644/1519/1644 1418/1406/1418
f 326/1762/326 1534/1765/1534 1805/1826/1805 993/1827/993
f 993/1827/993 1805/1826/1805 1631/1797/1631 337/1796/337
f 1805/1826/1805 1645/1513/1645 1439/1515/1439 1631/1797/1631
f 1534/1765/1534 1438/1510/1438 1645/1513/1645 1805/1826/1805
f 161/1828/161 661/1829/661 1806/1830/1806 1612/1831/1612
f 661/1829/661 150/1756/150 1629/1759/1629 1806/1830/1806
f 1806/1830/1806 1629/1759/1629 1437/1506/1437 1646/1504/1646
f 1612/1831/1612 1806/1830/1806 1646/1504/1646 1420/1415/1420
f 249/1832/249 825/1833/825 1807/1834/1807 1619/1835/1619
f 825/1833/825 238/1836/238 1507/1837/1507 1807/1834/1807
f 1807/1834/1807 1507/1837/1507 1411/1375/1411 1647/1501/1647
f 1619/1835/1619 1807/1834/1807 1647/1501/1647 1427/1448/1427
f 183/1774/183 1532/1777/1532 1808/1838/1808 720/1839/720
f 720/1839/720 1808/1838/1808 1608/1840/1608 194/1841/194
f 1808/1838/1808 1648/1498/1648 1416/1397/1416 1608/1840/1608
f 1532/1777/1532 1436/1495/1436 1648/1498/1648 1808/1838/1808
f 282/1772/282 893/1842/893 1809/1843/1809 1530/1773/1530
f 893/1842/893 271/1786/271 1627/1789/1627 1809/1843/1809
f 1809/1843/1809 1627/1789/1627 1435/1490/1435 1649/1487/1649
f 1530/1773/1530 1809/1843/1809 1649/1487/1649 1434/1486/1434
f 18/1844/18 388/1845/388 1810/1846/1810 1602/1847/1602
f 388/1845/388 7/1848/7 1527/1849/1527 1810/1846/1810
f 1810/1846/1810 1527/1849/1527 1431/1468/1431 1650/1483/1650
f 1602/1847/1602 1810/1846/1810 1650/1483/1650 1410/1370/1410
f 106/1850/106 552/1851/552 1811/1852/1811 1614/1853/1614
f 552/1851/552 95/1780/95 1625/1783/1625 1811/1852/1811
f 1811/1852/1811 1625/1783/1625 1433/1479/1433 1651/1477/1651
f 1614/1853/1614 1811/1852/1811 1651/1477/1651 1422/1424/1422
f 7/1848/7 368/1854/368 1812/1855/1812 1527/1849/1527
f 368/1854/368 1/1792/1 1624/1795/1624 1812/1855/1812
f 1812/1855/1812 1624/1795/1624 1432/1472/1432 1652/1469/1652
f 1527/1849/1527 1812/1855/1812 1652/1469/1652 1431/1468/1431
f 139/1760/139 620/1856/620 1813/1857/1813 1525/1761/1525
f 620/1856/620 128/1816/128 1622/1819/1622 1813/1857/1813
f 1813/1857/1813 1622/1819/1622 1430/1463/1430 1653/1460/1653
f 1525/1761/1525 1813/1857/1813 1653/1460/1653 1429/1459/1429
f 227/1858/227 784/1859/784 1814/1860/1814 1604/1861/1604
f 784/1859/784 216/1815/216 1620/1814/1620 1814/1860/1814
f 1814/1860/1814 1620/1814/1620 1428/1455/1428 1654/1453/1654
f 1604/1861/1604 1814/1860/1814 1654/1453/1654 1412/1379/1412
f 260/1790/260 852/1862/852 1815/1863/1815 1522/1791/1522
f 852/1862/852 249/1832/249 1619/1835/1619 1815/1863/1815
f 1815/1863/1815 1619/1835/1619 1427/1448/1427 1655/1445/1655
f 1522/1791/1522 1815/1863/1815 1655/1445/1655 1426/1444/1426
f 84/1784/84 511/1864/511 1816/1865/1816 1520/1785/1520
f 511/1864/511 73/1809/73 1617/1808/1617 1816/1865/1816
f 1816/1865/1816 1617/1808/1617 1425/1439/1425 1656/1436/1656
f 1520/1785/1520 1816/1865/1816 1656/1436/1656 1424/1435/1424
f 51/1866/51 444/1867/444 1817/1868/1817 1606/1869/1606
f 444/1867/444 40/1798/40 1615/1801/1615 1817/1868/1817
f 1817/1868/1817 1615/1801/1615 1423/1431/1423 1657/1429/1657
f 1606/1869/1606 1817/1868/1817 1657/1429/1657 1414/1388/1414
f 117/1820/117 579/1870/579 1818/1871/1818 1517/1821/1517
f 579/1870/579 106/1850/106 1614/1853/1614 1818/1871/1818
f 1818/1871/1818 1614/1853/1614 1422/1424/1422 1658/1421/1658
f 1517/1821/1517 1818/1871/1818 1658/1421/1658 1421/1420/1421
f 172/1872/172 677/1873/677 1819/1874/1819 1515/1875/1515
f 677/1873/677 161/1828/161 1612/1831/1612 1819/1874/1819
f 1819/1874/1819 1612/1831/1612 1420/1415/1420 1659/1412/1659
f 1515/1875/1515 1819/1874/1819 1659/1412/1659 1419/1411/1419
f 315/1766/315 948/1876/948 1820/1877/1820 1513/1767/1513
f 948/1876/948 304/1822/304 1610/1825/1610 1820/1877/1820
f 1820/1877/1820 1610/1825/1610 1418/1406/1418 1660/1403/1660
f 1513/1767/1513 1820/1877/1820 1660/1403/1660 1417/1402/1417
f 205/1810/205 742/1878/742 1821/1879/1821 1511/1811/1511
f 742/1878/742 194/1841/194 1608/1840/1608 1821/1879/1821
f 1821/1879/1821 1608/1840/1608 1416/1397/1416 1661/1394/1661
f 1511/1811/1511 1821/1879/1821 1661/1394/1661 1415/1393/1415
f 62/1804/62 470/1880/470 1822/1881/1822 1509/1805/1509
f 470/1880/470 51/1866/51 1606/1869/1606 1822/1881/1822
f 1822/1881/1822 1606/1869/1606 1414/1388/1414 1662/1385/1662
f 1509/1805/1509 1822/1881/1822 1662/1385/1662 1413/1384/1413
f 238/1836/238 811/1882/811 1823/1883/1823 1507/1837/1507
f 811/1882/811 227/1858/227 1604/1861/1604 1823/1883/1823
f 1823/1883/1823 1604/1861/1604 1412/1379/1412 1663/1376/1663
f 1507/1837/1507 1823/1883/1823 1663/1376/1663 1411/1375/1411
f 29/1802/29 404/1884/404 1824/1885/1824 1505/1803/1505
f 404/1884/404 18/1844/18 1602/1847/1602 1824/1885/1824
f 1824/1885/1824 1602/1847/1602 1410/1370/1410 1664/1367/1664
f 1505/1803/1505 1824/1885/1824 1664/1367/1664 1409/1366/1409
f 259/1886/259 1693/1887/1693 1825/1888/1825 830/1889/830
f 830/1889/830 1825/1888/1825 1587/1890/1587 248/1891/248
f 1825/1888/1825 1697/1754/1697 1459/1642/1459 1587/1890/1587
f 1693/1887/1693 1469/1696/1469 1697/1754/1697 1825/1888/1825
f 83/1892/83 1696/1893/1696 1826/1894/1826 492/1895/492
f 492/1895/492 1826/1894/1826 1594/1896/1594 72/1897/72
f 1826/1894/1826 1698/1751/1698 1466/1678/1466 1594/1896/1594
f 1696/1893/1696 1472/1726/1472 1698/1751/1698 1826/1894/1826
f 17/1898/17 383/1899/383 1827/1900/1827 1571/1901/1571
f 383/1899/383 28/1902/28 1695/1903/1695 1827/1900/1827
f 1827/1900/1827 1695/1903/1695 1471/1708/1471 1699/1747/1699
f 1571/1901/1571 1827/1900/1827 1699/1747/1699 1443/1570/1443
f 347/1904/347 1689/1905/1689 1828/1906/1828 996/1907/996
f 996/1907/996 1828/1906/1828 1590/1908/1590 336/1909/336
f 1828/1906/1828 1700/1745/1700 1462/1657/1462 1590/1908/1590
f 1689/1905/1689 1465/1675/1465 1700/1745/1700 1828/1906/1828
f 116/1910/116 1685/1911/1685 1829/1912/1829 557/1913/557
f 557/1913/557 1829/1912/1829 1581/1914/1581 105/1915/105
f 1829/1912/1829 1701/1742/1701 1453/1615/1453 1581/1914/1581
f 1685/1911/1685 1461/1654/1461 1701/1742/1701 1829/1912/1829
f 204/1916/204 1694/1917/1694 1830/1918/1830 723/1919/723
f 723/1919/723 1830/1918/1830 1682/1920/1682 193/1921/193
f 1830/1918/1830 1702/1739/1702 1458/1637/1458 1682/1920/1682
f 1694/1917/1694 1470/1702/1470 1702/1739/1702 1830/1918/1830
f 61/1922/61 1691/1923/1691 1831/1924/1831 450/1925/450
f 450/1925/450 1831/1924/1831 1676/1926/1676 50/1927/50
f 1831/1924/1831 1703/1736/1703 1452/1610/1452 1676/1926/1676
f 1691/1923/1691 1467/1683/1467 1703/1736/1703 1831/1924/1831
f 237/1928/237 1684/1929/1684 1832/1930/1832 789/1931/789
f 789/1931/789 1832/1930/1832 1569/1932/1569 226/1933/226
f 1832/1930/1832 1704/1733/1704 1441/1561/1441 1569/1932/1569
f 1684/1929/1684 1460/1647/1460 1704/1733/1704 1832/1930/1832
f 325/1934/325 1687/1935/1687 1833/1936/1833 954/1937/954
f 954/1937/954 1833/1936/1833 1670/1938/1670 314/1939/314
f 1833/1936/1833 1705/1730/1705 1446/1583/1446 1670/1938/1670
f 1687/1935/1687 1463/1662/1463 1705/1730/1705 1833/1936/1833
f 94/1940/94 1678/1941/1678 1834/1942/1834 516/1943/516
f 516/1943/516 1834/1942/1834 1696/1893/1696 83/1892/83
f 1834/1942/1834 1706/1724/1706 1472/1726/1472 1696/1893/1696
f 1678/1941/1678 1454/1620/1454 1706/1724/1706 1834/1942/1834
f 292/1944/292 1692/1945/1692 1835/1946/1835 885/1947/885
f 885/1947/885 1835/1946/1835 1583/1948/1583 281/1949/281
f 1835/1946/1835 1707/1721/1707 1455/1624/1455 1583/1948/1583
f 1692/1945/1692 1468/1690/1468 1707/1721/1707 1835/1946/1835
f 182/1950/182 1585/1951/1585 1836/1952/1836 682/1953/682
f 682/1953/682 1836/1952/1836 1672/1954/1672 171/1955/171
f 1836/1952/1836 1708/1717/1708 1448/1592/1448 1672/1954/1672
f 1585/1951/1585 1457/1714/1457 1708/1717/1708 1836/1952/1836
f 149/1956/149 1688/1957/1688 1837/1958/1837 612/1959/612
f 612/1959/612 1837/1958/1837 1577/1960/1577 138/1961/138
f 1837/1958/1837 1709/1712/1709 1449/1597/1449 1577/1960/1577
f 1688/1957/1688 1464/1669/1464 1709/1712/1709 1837/1958/1837
f 39/1962/39 1579/1963/1579 1838/1964/1838 409/1965/409
f 409/1965/409 1838/1964/1838 1695/1903/1695 28/1902/28
f 1838/1964/1838 1710/1706/1710 1471/1708/1471 1695/1903/1695
f 1579/1963/1579 1451/1606/1451 1710/1706/1710 1838/1964/1838
f 215/1966/215 1666/1967/1666 1839/1968/1839 747/1969/747
f 747/1969/747 1839/1968/1839 1694/1917/1694 204/1916/204
f 1839/1968/1839 1711/1700/1711 1470/1702/1470 1694/1917/1694
f 1666/1967/1666 1442/1566/1442 1711/1700/1711 1839/1968/1839
f 270/1970/270 1680/1971/1680 1840/1972/1840 845/1973/845
f 845/1973/845 1840/1972/1840 1693/1887/1693 259/1886/259
f 1840/1972/1840 1712/1694/1712 1469/1696/1469 1693/1887/1693
f 1680/1971/1680 1456/1629/1456 1712/1694/1712 1840/1972/1840
f 303/1974/303 1573/1975/1573 1841/1976/1841 913/1977/913
f 913/1977/913 1841/1976/1841 1692/1945/1692 292/1944/292
f 1841/1976/1841 1713/1688/1713 1468/1690/1468 1692/1945/1692
f 1573/1975/1573 1445/1579/1445 1713/1688/1713 1841/1976/1841
f 72/1897/72 1594/1896/1594 1842/1978/1842 475/1979/475
f 475/1979/475 1842/1978/1842 1691/1923/1691 61/1922/61
f 1842/1978/1842 1714/1681/1714 1467/1683/1467 1691/1923/1691
f 1594/1896/1594 1466/1678/1466 1714/1681/1714 1842/1978/1842
f 352/1980/352 1668/1981/1668 1843/1982/1843 1005/1983/1005
f 1005/1983/1005 1843/1982/1843 1689/1905/1689 347/1904/347
f 1843/1982/1843 1715/1673/1715 1465/1675/1465 1689/1905/1689
f 1668/1981/1668 1444/1575/1444 1715/1673/1715 1843/1982/1843
f 160/1984/160 1575/1985/1575 1844/1986/1844 640/1987/640
f 640/1987/640 1844/1986/1844 1688/1957/1688 149/1956/149
f 1844/1986/1844 1716/1667/1716 1464/1669/1464 1688/1957/1688
f 1575/1985/1575 1447/1588/1447 1716/1667/1716 1844/1986/1844
f 336/1909/336 1590/1908/1590 1845/1988/1845 979/1989/979
f 979/1989/979 1845/1988/1845 1687/1935/1687 325/1934/325
f 1845/1988/1845 1717/1660/1717 1463/1662/1463 1687/1935/1687
f 1590/1908/1590 1462/1657/1462 1717/1660/1717 1845/1988/1845
f 127/1990/127 1674/1991/1674 1846/1992/1846 572/1993/572
f 572/1993/572 1846/1992/1846 1685/1911/1685 116/1910/116
f 1846/1992/1846 1718/1652/1718 1461/1654/1461 1685/1911/1685
f 1674/1991/1674 1450/1602/1450 1718/1652/1718 1846/1992/1846
f 248/1891/248 1587/1890/1587 1847/1994/1847 805/1995/805
f 805/1995/805 1847/1994/1847 1684/1929/1684 237/1928/237
f 1847/1994/1847 1719/1645/1719 1460/1647/1460 1684/1929/1684
f 1587/1890/1587 1459/1642/1459 1719/1645/1719 1847/1994/1847
f 182/1996/182 696/1997/696 1848/1998/1848 1585/1999/1585
f 696/1997/696 193/1921/193 1682/1920/1682 1848/1998/1848
f 1848/1998/1848 1682/1920/1682 1458/1637/1458 1720/1634/1720
f 1585/1999/1585 1848/1998/1848 1720/1634/1720 1457/1633/1457
f 281/1949/281 1583/1948/1583 1849/2000/1849 872/2001/872
f 872/2001/872 1849/2000/1849 1680/1971/1680 270/1970/270
f 1849/2000/1849 1721/1627/1721 1456/1629/1456 1680/1971/1680
f 1583/1948/1583 1455/1624/1455 1721/1627/1721 1849/2000/1849
f 105/1915/105 1581/1914/1581 1850/2002/1850 532/2003/532
f 532/2003/532 1850/2002/1850 1678/1941/1678 94/1940/94
f 1850/2002/1850 1722/1618/1722 1454/1620/1454 1678/1941/1678
f 1581/1914/1581 1453/1615/1453 1722/1618/1722 1850/2002/1850
f 39/1962/39 423/2004/423 1851/2005/1851 1579/1963/1579
f 423/2004/423 50/1927/50 1676/1926/1676 1851/2005/1851
f 1851/2005/1851 1676/1926/1676 1452/1610/1452 1723/1607/1723
f 1579/1963/1579 1851/2005/1851 1723/1607/1723 1451/1606/1451
f 138/1961/138 1577/1960/1577 1852/2006/1852 599/2007/599
f 599/2007/599 1852/2006/1852 1674/1991/1674 127/1990/127
f 1852/2006/1852 1724/1600/1724 1450/1602/1450 1674/1991/1674
f 1577/1960/1577 1449/1597/1449 1724/1600/1724 1852/2006/1852
f 160/1984/160 656/2008/656 1853/2009/1853 1575/1985/1575
f 656/2008/656 171/1955/171 1672/1954/1672 1853/2009/1853
f 1853/2009/1853 1672/1954/1672 1448/1592/1448 1725/1589/1725
f 1575/1985/1575 1853/2009/1853 1725/1589/1725 1447/1588/1447
f 303/1974/303 927/2010/927 1854/2011/1854 1573/1975/1573
f 927/2010/927 314/1939/314 1670/1938/1670 1854/2011/1854
f 1854/2011/1854 1670/1938/1670 1446/1583/1446 1726/1580/1726
f 1573/1975/1573 1854/2011/1854 1726/1580/1726 1445/1579/1445
f 17/1898/17 1571/1901/1571 1855/2012/1855 1018/2013/1018
f 1018/2013/1018 1855/2012/1855 1668/1981/1668 352/1980/352
f 1855/2012/1855 1727/1573/1727 1444/1575/1444 1668/1981/1668
f 1571/1901/1571 1443/1570/1443 1727/1573/1727 1855/2012/1855
f 226/1933/226 1569/1932/1569 1856/2014/1856 764/2015/764
f 764/2015/764 1856/2014/1856 1666/1967/1666 215/1966/215
f 1856/2014/1856 1728/1564/1728 1442/1566/1442 1666/1967/1666
f 1569/1932/1569 1441/1561/1441 1728/1564/1728 1856/2014/1856
f 1985/1366/1985 2241/1369/2241 2369/1368/2369 2304/1367/2304
f 2304/1367/2304 2369/1368/2369 2146/1371/2146 1986/1370/1986
f 2369/1368/2369 2115/1373/2115 1923/1372/1923 2146/1371/2146
f 2241/1369/2241 1924/1374/1924 2115/1373/2115 2369/1368/2369
f 1987/1375/1987 2243/1378/2243 2370/1377/2370 2303/1376/2303
f 2303/1376/2303 2370/1377/2370 2148/1380/2148 1988/1379/1988
f 2370/1377/2370 2134/1382/2134 1942/1381/1942 2148/1380/2148
f 2243/1378/2243 1943/1383/1943 2134/1382/2134 2370/1377/2370
f 1989/1384/1989 2245/1387/2245 2371/1386/2371 2302/1385/2302
f 2302/1385/2302 2371/1386/2371 2150/1389/2150 1990/1388/1990
f 2371/1386/2371 2118/1391/2118 1926/1390/1926 2150/1389/2150
f 2245/1387/2245 1927/1392/1927 2118/1391/2118 2371/1386/2371
f 1991/1393/1991 2247/1396/2247 2372/1395/2372 2301/1394/2301
f 2301/1394/2301 2372/1395/2372 2152/1398/2152 1992/1397/1992
f 2372/1395/2372 2131/1400/2131 1939/1399/1939 2152/1398/2152
f 2247/1396/2247 1940/1401/1940 2131/1400/2131 2372/1395/2372
f 1993/1402/1993 2249/1405/2249 2373/1404/2373 2300/1403/2300
f 2300/1403/2300 2373/1404/2373 2154/1407/2154 1994/1406/1994
f 2373/1404/2373 2141/1409/2141 1949/1408/1949 2154/1407/2154
f 2249/1405/2249 1950/1410/1950 2141/1409/2141 2373/1404/2373
f 1995/1411/1995 2251/1414/2251 2374/1413/2374 2299/1412/2299
f 2299/1412/2299 2374/1413/2374 2156/1416/2156 1996/1415/1996
f 2374/1413/2374 2128/1418/2128 1936/1417/1936 2156/1416/2156
f 2251/1414/2251 1937/1419/1937 2128/1418/2128 2374/1413/2374
f 1997/1420/1997 2253/1423/2253 2375/1422/2375 2298/1421/2298
f 2298/1421/2298 2375/1422/2375 2158/1425/2158 1998/1424/1998
f 2375/1422/2375 2123/1427/2123 1931/1426/1931 2158/1425/2158
f 2253/1423/2253 1932/1428/1932 2123/1427/2123 2375/1422/2375
f 1990/1388/1990 2150/1389/2150 2376/1430/2376 2297/1429/2297
f 2297/1429/2297 2376/1430/2376 2159/1432/2159 1999/1431/1999
f 2376/1430/2376 2117/1434/2117 1925/1433/1925 2159/1432/2159
f 2150/1389/2150 1926/1390/1926 2117/1434/2117 2376/1430/2376
f 2000/1435/2000 2256/1438/2256 2377/1437/2377 2296/1436/2296
f 2296/1436/2296 2377/1437/2377 2161/1440/2161 2001/1439/2001
f 2377/1437/2377 2120/1442/2120 1928/1441/1928 2161/1440/2161
f 2256/1438/2256 1929/1443/1929 2120/1442/2120 2377/1437/2377
f 2002/1444/2002 2258/1447/2258 2378/1446/2378 2295/1445/2295
f 2295/1445/2295 2378/1446/2378 2163/1449/2163 2003/1448/2003
f 2378/1446/2378 2136/1451/2136 1944/1450/1944 2163/1449/2163
f 2258/1447/2258 1945/1452/1945 2136/1451/2136 2378/1446/2378
f 1988/1379/1988 2148/1380/2148 2379/1454/2379 2294/1453/2294
f 2294/1453/2294 2379/1454/2379 2164/1456/2164 2004/1455/2004
f 2379/1454/2379 2133/1458/2133 1941/1457/1941 2164/1456/2164
f 2148/1380/2148 1942/1381/1942 2133/1458/2133 2379/1454/2379
f 2005/1459/2005 2261/1462/2261 2380/1461/2380 2293/1460/2293
f 2293/1460/2293 2380/1461/2380 2166/1464/2166 2006/1463/2006
f 2380/1461/2380 2125/1466/2125 1933/1465/1933 2166/1464/2166
f 2261/1462/2261 1934/1467/1934 2125/1466/2125 2380/1461/2380
f 2007/1468/2007 2263/1471/2263 2381/1470/2381 2292/1469/2292
f 2292/1469/2292 2381/1470/2381 2168/1473/2168 2008/1472/2008
f 2381/1470/2381 2113/1475/2113 1921/1474/1921 2168/1473/2168
f 2263/1471/2263 1922/1476/1922 2113/1475/2113 2381/1470/2381
f 1998/1424/1998 2158/1425/2158 2382/1478/2382 2291/1477/2291
f 2291/1477/2291 2382/1478/2382 2169/1480/2169 2009/1479/2009
f 2382/1478/2382 2122/1482/2122 1930/1481/1930 2169/1480/2169
f 2158/1425/2158 1931/1426/1931 2122/1482/2122 2382/1478/2382
f 1986/1370/1986 2146/1371/2146 2383/1484/2383 2290/1483/2290
f 2290/1483/2290 2383/1484/2383 2263/1471/2263 2007/1468/2007
f 2383/1484/2383 2114/1485/2114 1922/1476/1922 2263/1471/2263
f 2146/1371/2146 1923/1372/1923 2114/1485/2114 2383/1484/2383
f 2010/1486/2010 2266/1489/2266 2384/1488/2384 2289/1487/2289
f 2289/1487/2289 2384/1488/2384 2171/1491/2171 2011/1490/2011
f 2384/1488/2384 2138/1493/2138 1946/1492/1946 2171/1491/2171
f 2266/1489/2266 1947/1494/1947 2138/1493/2138 2384/1488/2384
f 2012/1495/2012 2288/1498/2288 2385/1497/2385 2268/1496/2268
f 2288/1498/2288 1992/1397/1992 2152/1398/2152 2385/1497/2385
f 2385/1497/2385 2152/1398/2152 1939/1399/1939 2130/1499/2130
f 2268/1496/2268 2385/1497/2385 2130/1499/2130 1938/1500/1938
f 2003/1448/2003 2163/1449/2163 2386/1502/2386 2287/1501/2287
f 2287/1501/2287 2386/1502/2386 2243/1378/2243 1987/1375/1987
f 2386/1502/2386 2135/1503/2135 1943/1383/1943 2243/1378/2243
f 2163/1449/2163 1944/1450/1944 2135/1503/2135 2386/1502/2386
f 1996/1415/1996 2156/1416/2156 2387/1505/2387 2286/1504/2286
f 2286/1504/2286 2387/1505/2387 2173/1507/2173 2013/1506/2013
f 2387/1505/2387 2127/1509/2127 1935/1508/1935 2173/1507/2173
f 2156/1416/2156 1936/1417/1936 2127/1509/2127 2387/1505/2387
f 2014/1510/2014 2285/1513/2285 2388/1512/2388 2270/1511/2270
f 2285/1513/2285 2015/1515/2015 2175/1514/2175 2388/1512/2388
f 2388/1512/2388 2175/1514/2175 1952/1517/1952 2143/1516/2143
f 2270/1511/2270 2388/1512/2388 2143/1516/2143 1951/1518/1951
f 1994/1406/1994 2154/1407/2154 2389/1520/2389 2284/1519/2284
f 2284/1519/2284 2389/1520/2389 2176/1522/2176 2016/1521/2016
f 2389/1520/2389 2140/1524/2140 1948/1523/1948 2176/1522/2176
f 2154/1407/2154 1949/1408/1949 2140/1524/2140 2389/1520/2389
f 2006/1463/2006 2166/1464/2166 2390/1526/2390 2283/1525/2283
f 2283/1525/2283 2390/1526/2390 2253/1423/2253 1997/1420/1997
f 2390/1526/2390 2124/1527/2124 1932/1428/1932 2253/1423/2253
f 2166/1464/2166 1933/1465/1933 2124/1527/2124 2390/1526/2390
f 1991/1393/1991 2282/1529/2282 2391/1528/2391 2247/1396/2247
f 2282/1529/2282 2004/1455/2004 2164/1456/2164 2391/1528/2391
f 2391/1528/2391 2164/1456/2164 1941/1457/1941 2132/1530/2132
f 2247/1396/2247 2391/1528/2391 2132/1530/2132 1940/1401/1940
f 1989/1384/1989 2281/1532/2281 2392/1531/2392 2245/1387/2245
f 2281/1532/2281 2001/1439/2001 2161/1440/2161 2392/1531/2392
f 2392/1531/2392 2161/1440/2161 1928/1441/1928 2119/1533/2119
f 2245/1387/2245 2392/1531/2392 2119/1533/2119 1927/1392/1927
f 1999/1431/1999 2159/1432/2159 2393/1535/2393 2280/1534/2280
f 2280/1534/2280 2393/1535/2393 2241/1369/2241 1985/1366/1985
f 2393/1535/2393 2116/1536/2116 1924/1374/1924 2241/1369/2241
f 2159/1432/2159 1925/1433/1925 2116/1536/2116 2393/1535/2393
f 2008/1472/2008 2168/1473/2168 2394/1538/2394 2279/1537/2279
f 2279/1537/2279 2394/1538/2394 2175/1514/2175 2015/1515/2015
f 2394/1538/2394 2144/1539/2144 1952/1517/1952 2175/1514/2175
f 2168/1473/2168 1921/1474/1921 2144/1539/2144 2394/1538/2394
f 2011/1490/2011 2171/1491/2171 2395/1541/2395 2278/1540/2278
f 2278/1540/2278 2395/1541/2395 2258/1447/2258 2002/1444/2002
f 2395/1541/2395 2137/1542/2137 1945/1452/1945 2258/1447/2258
f 2171/1491/2171 1946/1492/1946 2137/1542/2137 2395/1541/2395
f 2009/1479/2009 2169/1480/2169 2396/1544/2396 2277/1543/2277
f 2277/1543/2277 2396/1544/2396 2256/1438/2256 2000/1435/2000
f 2396/1544/2396 2121/1545/2121 1929/1443/1929 2256/1438/2256
f 2169/1480/2169 1930/1481/1930 2121/1545/2121 2396/1544/2396
f 2012/1495/2012 2268/1496/2268 2397/1547/2397 2276/1546/2276
f 2276/1546/2276 2397/1547/2397 2251/1549/2251 1995/1548/1995
f 2397/1547/2397 2129/1551/2129 1937/1550/1937 2251/1549/2251
f 2268/1496/2268 1938/1500/1938 2129/1551/2129 2397/1547/2397
f 2016/1521/2016 2176/1522/2176 2398/1553/2398 2275/1552/2275
f 2275/1552/2275 2398/1553/2398 2266/1489/2266 2010/1486/2010
f 2398/1553/2398 2139/1554/2139 1947/1494/1947 2266/1489/2266
f 2176/1522/2176 1948/1523/1948 2139/1554/2139 2398/1553/2398
f 2014/1510/2014 2270/1511/2270 2399/1556/2399 2274/1555/2274
f 2274/1555/2274 2399/1556/2399 2249/1405/2249 1993/1402/1993
f 2399/1556/2399 2142/1557/2142 1950/1410/1950 2249/1405/2249
f 2270/1511/2270 1951/1518/1951 2142/1557/2142 2399/1556/2399
f 2013/1506/2013 2173/1507/2173 2400/1559/2400 2273/1558/2273
f 2273/1558/2273 2400/1559/2400 2261/1462/2261 2005/1459/2005
f 2400/1559/2400 2126/1560/2126 1934/1467/1934 2261/1462/2261
f 2173/1507/2173 1935/1508/1935 2126/1560/2126 2400/1559/2400
f 2017/1561/2017 2368/1564/2368 2401/1563/2401 2305/1562/2305
f 2368/1564/2368 2018/1566/2018 2210/1565/2210 2401/1563/2401
f 2401/1563/2401 2210/1565/2210 1971/1568/1971 2195/1567/2195
f 2305/1562/2305 2401/1563/2401 2195/1567/2195 1972/1569/1972
f 2019/1570/2019 2367/1573/2367 2402/1572/2402 2307/1571/2307
f 2367/1573/2367 2020/1575/2020 2212/1574/2212 2402/1572/2402
f 2402/1572/2402 2212/1574/2212 1984/1577/1984 2208/1576/2208
f 2307/1571/2307 2402/1572/2402 2208/1576/2208 1953/1578/1953
f 2021/1579/2021 2309/1582/2309 2403/1581/2403 2366/1580/2366
f 2366/1580/2366 2403/1581/2403 2214/1584/2214 2022/1583/2022
f 2403/1581/2403 2203/1586/2203 1980/1585/1980 2214/1584/2214
f 2309/1582/2309 1979/1587/1979 2203/1586/2203 2403/1581/2403
f 2023/1588/2023 2311/1591/2311 2404/1590/2404 2365/1589/2365
f 2365/1589/2365 2404/1590/2404 2216/1593/2216 2024/1592/2024
f 2404/1590/2404 2190/1595/2190 1967/1594/1967 2216/1593/2216
f 2311/1591/2311 1966/1596/1966 2190/1595/2190 2404/1590/2404
f 2025/1597/2025 2364/1600/2364 2405/1599/2405 2313/1598/2313
f 2364/1600/2364 2026/1602/2026 2218/1601/2218 2405/1599/2405
f 2405/1599/2405 2218/1601/2218 1963/1604/1963 2187/1603/2187
f 2313/1598/2313 2405/1599/2405 2187/1603/2187 1964/1605/1964
f 2027/1606/2027 2315/1609/2315 2406/1608/2406 2363/1607/2363
f 2363/1607/2363 2406/1608/2406 2220/1611/2220 2028/1610/2028
f 2406/1608/2406 2179/1613/2179 1956/1612/1956 2220/1611/2220
f 2315/1609/2315 1955/1614/1955 2179/1613/2179 2406/1608/2406
f 2029/1615/2029 2362/1618/2362 2407/1617/2407 2317/1616/2317
f 2362/1618/2362 2030/1620/2030 2222/1619/2222 2407/1617/2407
f 2407/1617/2407 2222/1619/2222 1960/1622/1960 2184/1621/2184
f 2317/1616/2317 2407/1617/2407 2184/1621/2184 1961/1623/1961
f 2031/1624/2031 2361/1627/2361 2408/1626/2408 2319/1625/2319
f 2361/1627/2361 2032/1629/2032 2224/1628/2224 2408/1626/2408
f 2408/1626/2408 2224/1628/2224 1976/1631/1976 2200/1630/2200
f 2319/1625/2319 2408/1626/2408 2200/1630/2200 1977/1632/1977
f 2033/1633/2033 2321/1636/2321 2409/1635/2409 2360/1634/2360
f 2360/1634/2360 2409/1635/2409 2226/1638/2226 2034/1637/2034
f 2409/1635/2409 2192/1640/2192 1969/1639/1969 2226/1638/2226
f 2321/1636/2321 1968/1641/1968 2192/1640/2192 2409/1635/2409
f 2035/1642/2035 2359/1645/2359 2410/1644/2410 2323/1643/2323
f 2359/1645/2359 2036/1647/2036 2228/1646/2228 2410/1644/2410
f 2410/1644/2410 2228/1646/2228 1973/1649/1973 2197/1648/2197
f 2323/1643/2323 2410/1644/2410 2197/1648/2197 1974/1650/1974
f 2026/1602/2026 2358/1652/2358 2411/1651/2411 2218/1601/2218
f 2358/1652/2358 2037/1654/2037 2229/1653/2229 2411/1651/2411
f 2411/1651/2411 2229/1653/2229 1962/1656/1962 2186/1655/2186
f 2218/1601/2218 2411/1651/2411 2186/1655/2186 1963/1604/1963
f 2038/1657/2038 2357/1660/2357 2412/1659/2412 2326/1658/2326
f 2357/1660/2357 2039/1662/2039 2231/1661/2231 2412/1659/2412
f 2412/1659/2412 2231/1661/2231 1981/1664/1981 2205/1663/2205
f 2326/1658/2326 2412/1659/2412 2205/1663/2205 1982/1665/1982
f 2023/1588/2023 2356/1667/2356 2413/1666/2413 2311/1591/2311
f 2356/1667/2356 2040/1669/2040 2232/1668/2232 2413/1666/2413
f 2413/1666/2413 2232/1668/2232 1965/1671/1965 2189/1670/2189
f 2311/1591/2311 2413/1666/2413 2189/1670/2189 1966/1596/1966
f 2020/1575/2020 2355/1673/2355 2414/1672/2414 2212/1574/2212
f 2355/1673/2355 2041/1675/2041 2233/1674/2233 2414/1672/2414
f 2414/1672/2414 2233/1674/2233 1983/1677/1983 2207/1676/2207
f 2212/1574/2212 2414/1672/2414 2207/1676/2207 1984/1577/1984
f 2042/1678/2042 2354/1681/2354 2415/1680/2415 2330/1679/2330
f 2354/1681/2354 2043/1683/2043 2235/1682/2235 2415/1680/2415
f 2415/1680/2415 2235/1682/2235 1957/1685/1957 2181/1684/2181
f 2330/1679/2330 2415/1680/2415 2181/1684/2181 1958/1686/1958
f 2021/1579/2021 2353/1688/2353 2416/1687/2416 2309/1582/2309
f 2353/1688/2353 2044/1690/2044 2236/1689/2236 2416/1687/2416
f 2416/1687/2416 2236/1689/2236 1978/1692/1978 2202/1691/2202
f 2309/1582/2309 2416/1687/2416 2202/1691/2202 1979/1587/1979
f 2032/1629/2032 2352/1694/2352 2417/1693/2417 2224/1628/2224
f 2352/1694/2352 2045/1696/2045 2237/1695/2237 2417/1693/2417
f 2417/1693/2417 2237/1695/2237 1975/1698/1975 2199/1697/2199
f 2224/1628/2224 2417/1693/2417 2199/1697/2199 1976/1631/1976
f 2018/1566/2018 2351/1700/2351 2418/1699/2418 2210/1565/2210
f 2351/1700/2351 2046/1702/2046 2238/1701/2238 2418/1699/2418
f 2418/1699/2418 2238/1701/2238 1970/1704/1970 2194/1703/2194
f 2210/1565/2210 2418/1699/2418 2194/1703/2194 1971/1568/1971
f 2027/1606/2027 2350/1706/2350 2419/1705/2419 2315/1609/2315
f 2350/1706/2350 2047/1708/2047 2239/1707/2239 2419/1705/2419
f 2419/1705/2419 2239/1707/2239 1954/1710/1954 2178/1709/2178
f 2315/1609/2315 2419/1705/2419 2178/1709/2178 1955/1614/1955
f 2040/1669/2040 2349/1712/2349 2420/1711/2420 2232/1668/2232
f 2349/1712/2349 2025/1597/2025 2313/1598/2313 2420/1711/2420
f 2420/1711/2420 2313/1598/2313 1964/1605/1964 2188/1713/2188
f 2232/1668/2232 2420/1711/2420 2188/1713/2188 1965/1671/1965
f 2033/1714/2033 2348/1717/2348 2421/1716/2421 2321/1715/2321
f 2348/1717/2348 2024/1592/2024 2216/1593/2216 2421/1716/2421
f 2421/1716/2421 2216/1593/2216 1967/1594/1967 2191/1718/2191
f 2321/1715/2321 2421/1716/2421 2191/1718/2191 1968/1719/1968
f 2044/1690/2044 2347/1721/2347 2422/1720/2422 2236/1689/2236
f 2347/1721/2347 2031/1624/2031 2319/1625/2319 2422/1720/2422
f 2422/1720/2422 2319/1625/2319 1977/1632/1977 2201/1722/2201
f 2236/1689/2236 2422/1720/2422 2201/1722/2201 1978/1692/1978
f 2030/1620/2030 2346/1724/2346 2423/1723/2423 2222/1619/2222
f 2346/1724/2346 2048/1726/2048 2240/1725/2240 2423/1723/2423
f 2423/1723/2423 2240/1725/2240 1959/1728/1959 2183/1727/2183
f 2222/1619/2222 2423/1723/2423 2183/1727/2183 1960/1622/1960
f 2039/1662/2039 2345/1730/2345 2424/1729/2424 2231/1661/2231
f 2345/1730/2345 2022/1583/2022 2214/1584/2214 2424/1729/2424
f 2424/1729/2424 2214/1584/2214 1980/1585/1980 2204/1731/2204
f 2231/1661/2231 2424/1729/2424 2204/1731/2204 1981/1664/1981
f 2036/1647/2036 2344/1733/2344 2425/1732/2425 2228/1646/2228
f 2344/1733/2344 2017/1561/2017 2305/1562/2305 2425/1732/2425
f 2425/1732/2425 2305/1562/2305 1972/1569/1972 2196/1734/2196
f 2228/1646/2228 2425/1732/2425 2196/1734/2196 1973/1649/1973
f 2043/1683/2043 2343/1736/2343 2426/1735/2426 2235/1682/2235
f 2343/1736/2343 2028/1610/2028 2220/1611/2220 2426/1735/2426
f 2426/1735/2426 2220/1611/2220 1956/1612/1956 2180/1737/2180
f 2235/1682/2235 2426/1735/2426 2180/1737/2180 1957/1685/1957
f 2046/1702/2046 2342/1739/2342 2427/1738/2427 2238/1701/2238
f 2342/1739/2342 2034/1637/2034 2226/1638/2226 2427/1738/2427
f 2427/1738/2427 2226/1638/2226 1969/1639/1969 2193/1740/2193
f 2238/1701/2238 2427/1738/2427 2193/1740/2193 1970/1704/1970
f 2037/1654/2037 2341/1742/2341 2428/1741/2428 2229/1653/2229
f 2341/1742/2341 2029/1615/2029 2317/1616/2317 2428/1741/2428
f 2428/1741/2428 2317/1616/2317 1961/1623/1961 2185/1743/2185
f 2229/1653/2229 2428/1741/2428 2185/1743/2185 1962/1656/1962
f 2041/1675/2041 2340/1745/2340 2429/1744/2429 2233/1674/2233
f 2340/1745/2340 2038/1657/2038 2326/1658/2326 2429/1744/2429
f 2429/1744/2429 2326/1658/2326 1982/1665/1982 2206/1746/2206
f 2233/1674/2233 2429/1744/2429 2206/1746/2206 1983/1677/1983
f 2019/1570/2019 2307/1571/2307 2430/1748/2430 2339/1747/2339
f 2339/1747/2339 2430/1748/2430 2239/1707/2239 2047/1708/2047
f 2430/1748/2430 2177/1749/2177 1954/1710/1954 2239/1707/2239
f 2307/1571/2307 1953/1578/1953 2177/1749/2177 2430/1748/2430
f 2048/1726/2048 2338/1751/2338 2431/1750/2431 2240/1725/2240
f 2338/1751/2338 2042/1678/2042 2330/1679/2330 2431/1750/2431
f 2431/1750/2431 2330/1679/2330 1958/1686/1958 2182/1752/2182
f 2240/1725/2240 2431/1750/2431 2182/1752/2182 1959/1728/1959
f 2045/1696/2045 2337/1754/2337 2432/1753/2432 2237/1695/2237
f 2337/1754/2337 2035/1642/2035 2323/1643/2323 2432/1753/2432
f 2432/1753/2432 2323/1643/2323 1974/1650/1974 2198/1755/2198
f 2237/1695/2237 2432/1753/2432 2198/1755/2198 1975/1698/1975
f 1884/1756/1884 2269/1759/2269 2433/1758/2433 2074/1757/2074
f 2074/1757/2074 2433/1758/2433 2165/1761/2165 1882/1760/1882
f 2433/1758/2433 2273/1558/2273 2005/1459/2005 2165/1761/2165
f 2269/1759/2269 2013/1506/2013 2273/1558/2273 2433/1758/2433
f 1916/1762/1916 2174/1765/2174 2434/1764/2434 2106/1763/2106
f 2106/1763/2106 2434/1764/2434 2153/1767/2153 1914/1766/1914
f 2434/1764/2434 2274/1555/2274 1993/1402/1993 2153/1767/2153
f 2174/1765/2174 2014/1510/2014 2274/1555/2274 2434/1764/2434
f 1910/1768/1910 2272/1771/2272 2435/1770/2435 2100/1769/2100
f 2100/1769/2100 2435/1770/2435 2170/1773/2170 1908/1772/1908
f 2435/1770/2435 2275/1552/2275 2010/1486/2010 2170/1773/2170
f 2272/1771/2272 2016/1521/2016 2275/1552/2275 2435/1770/2435
f 1890/1774/1890 2172/1777/2172 2436/1776/2436 2081/1775/2081
f 2081/1775/2081 2436/1776/2436 2155/1779/2155 1888/1778/1888
f 2436/1776/2436 2276/1546/2276 1995/1548/1995 2155/1779/2155
f 2172/1777/2172 2012/1495/2012 2276/1546/2276 2436/1776/2436
f 1874/1780/1874 2265/1783/2265 2437/1782/2437 2065/1781/2065
f 2065/1781/2065 2437/1782/2437 2160/1785/2160 1872/1784/1872
f 2437/1782/2437 2277/1543/2277 2000/1435/2000 2160/1785/2160
f 2265/1783/2265 2009/1479/2009 2277/1543/2277 2437/1782/2437
f 1906/1786/1906 2267/1789/2267 2438/1788/2438 2096/1787/2096
f 2096/1787/2096 2438/1788/2438 2162/1791/2162 1904/1790/1904
f 2438/1788/2438 2278/1540/2278 2002/1444/2002 2162/1791/2162
f 2267/1789/2267 2011/1490/2011 2278/1540/2278 2438/1788/2438
f 1857/1792/1857 2264/1795/2264 2439/1794/2439 2112/1793/2112
f 2112/1793/2112 2439/1794/2439 2271/1797/2271 1918/1796/1918
f 2439/1794/2439 2279/1537/2279 2015/1515/2015 2271/1797/2271
f 2264/1795/2264 2008/1472/2008 2279/1537/2279 2439/1794/2439
f 1864/1798/1864 2255/1801/2255 2440/1800/2440 2055/1799/2055
f 2055/1799/2055 2440/1800/2440 2145/1803/2145 1862/1802/1862
f 2440/1800/2440 2280/1534/2280 1985/1366/1985 2145/1803/2145
f 2255/1801/2255 1999/1431/1999 2280/1534/2280 2440/1800/2440
f 1868/1804/1868 2060/1807/2060 2441/1806/2441 2149/1805/2149
f 2060/1807/2060 1870/1809/1870 2257/1808/2257 2441/1806/2441
f 2441/1806/2441 2257/1808/2257 2001/1439/2001 2281/1532/2281
f 2149/1805/2149 2441/1806/2441 2281/1532/2281 1989/1384/1989
f 1894/1810/1894 2086/1813/2086 2442/1812/2442 2151/1811/2151
f 2086/1813/2086 1896/1815/1896 2260/1814/2260 2442/1812/2442
f 2442/1812/2442 2260/1814/2260 2004/1455/2004 2282/1529/2282
f 2151/1811/2151 2442/1812/2442 2282/1529/2282 1991/1393/1991
f 1880/1816/1880 2262/1819/2262 2443/1818/2443 2070/1817/2070
f 2070/1817/2070 2443/1818/2443 2157/1821/2157 1878/1820/1878
f 2443/1818/2443 2283/1525/2283 1997/1420/1997 2157/1821/2157
f 2262/1819/2262 2006/1463/2006 2283/1525/2283 2443/1818/2443
f 1912/1822/1912 2250/1825/2250 2444/1824/2444 2103/1823/2103
f 2103/1823/2103 2444/1824/2444 2272/1771/2272 1910/1768/1910
f 2444/1824/2444 2284/1519/2284 2016/1521/2016 2272/1771/2272
f 2250/1825/2250 1994/1406/1994 2284/1519/2284 2444/1824/2444
f 1916/1762/1916 2108/1827/2108 2445/1826/2445 2174/1765/2174
f 2108/1827/2108 1918/1796/1918 2271/1797/2271 2445/1826/2445
f 2445/1826/2445 2271/1797/2271 2015/1515/2015 2285/1513/2285
f 2174/1765/2174 2445/1826/2445 2285/1513/2285 2014/1510/2014
f 1886/1828/1886 2252/1831/2252 2446/1830/2446 2077/1829/2077
f 2077/1829/2077 2446/1830/2446 2269/1759/2269 1884/1756/1884
f 2446/1830/2446 2286/1504/2286 2013/1506/2013 2269/1759/2269
f 2252/1831/2252 1996/1415/1996 2286/1504/2286 2446/1830/2446
f 1902/1832/1902 2259/1835/2259 2447/1834/2447 2092/1833/2092
f 2092/1833/2092 2447/1834/2447 2147/1837/2147 1900/1836/1900
f 2447/1834/2447 2287/1501/2287 1987/1375/1987 2147/1837/2147
f 2259/1835/2259 2003/1448/2003 2287/1501/2287 2447/1834/2447
f 1890/1774/1890 2082/1839/2082 2448/1838/2448 2172/1777/2172
f 2082/1839/2082 1892/1841/1892 2248/1840/2248 2448/1838/2448
f 2448/1838/2448 2248/1840/2248 1992/1397/1992 2288/1498/2288
f 2172/1777/2172 2448/1838/2448 2288/1498/2288 2012/1495/2012
f 1908/1772/1908 2170/1773/2170 2449/1843/2449 2099/1842/2099
f 2099/1842/2099 2449/1843/2449 2267/1789/2267 1906/1786/1906
f 2449/1843/2449 2289/1487/2289 2011/1490/2011 2267/1789/2267
f 2170/1773/2170 2010/1486/2010 2289/1487/2289 2449/1843/2449
f 1860/1844/1860 2242/1847/2242 2450/1846/2450 2051/1845/2051
f 2051/1845/2051 2450/1846/2450 2167/1849/2167 1858/1848/1858
f 2450/1846/2450 2290/1483/2290 2007/1468/2007 2167/1849/2167
f 2242/1847/2242 1986/1370/1986 2290/1483/2290 2450/1846/2450
f 1876/1850/1876 2254/1853/2254 2451/1852/2451 2066/1851/2066
f 2066/1851/2066 2451/1852/2451 2265/1783/2265 1874/1780/1874
f 2451/1852/2451 2291/1477/2291 2009/1479/2009 2265/1783/2265
f 2254/1853/2254 1998/1424/1998 2291/1477/2291 2451/1852/2451
f 1858/1848/1858 2167/1849/2167 2452/1855/2452 2049/1854/2049
f 2049/1854/2049 2452/1855/2452 2264/1795/2264 1857/1792/1857
f 2452/1855/2452 2292/1469/2292 2008/1472/2008 2264/1795/2264
f 2167/1849/2167 2007/1468/2007 2292/1469/2292 2452/1855/2452
f 1882/1760/1882 2165/1761/2165 2453/1857/2453 2073/1856/2073
f 2073/1856/2073 2453/1857/2453 2262/1819/2262 1880/1816/1880
f 2453/1857/2453 2293/1460/2293 2006/1463/2006 2262/1819/2262
f 2165/1761/2165 2005/1459/2005 2293/1460/2293 2453/1857/2453
f 1898/1858/1898 2244/1861/2244 2454/1860/2454 2088/1859/2088
f 2088/1859/2088 2454/1860/2454 2260/1814/2260 1896/1815/1896
f 2454/1860/2454 2294/1453/2294 2004/1455/2004 2260/1814/2260
f 2244/1861/2244 1988/1379/1988 2294/1453/2294 2454/1860/2454
f 1904/1790/1904 2162/1791/2162 2455/1863/2455 2095/1862/2095
f 2095/1862/2095 2455/1863/2455 2259/1835/2259 1902/1832/1902
f 2455/1863/2455 2295/1445/2295 2003/1448/2003 2259/1835/2259
f 2162/1791/2162 2002/1444/2002 2295/1445/2295 2455/1863/2455
f 1872/1784/1872 2160/1785/2160 2456/1865/2456 2062/1864/2062
f 2062/1864/2062 2456/1865/2456 2257/1808/2257 1870/1809/1870
f 2456/1865/2456 2296/1436/2296 2001/1439/2001 2257/1808/2257
f 2160/1785/2160 2000/1435/2000 2296/1436/2296 2456/1865/2456
f 1866/1866/1866 2246/1869/2246 2457/1868/2457 2056/1867/2056
f 2056/1867/2056 2457/1868/2457 2255/1801/2255 1864/1798/1864
f 2457/1868/2457 2297/1429/2297 1999/1431/1999 2255/1801/2255
f 2246/1869/2246 1990/1388/1990 2297/1429/2297 2457/1868/2457
f 1878/1820/1878 2157/1821/2157 2458/1871/2458 2069/1870/2069
f 2069/1870/2069 2458/1871/2458 2254/1853/2254 1876/1850/1876
f 2458/1871/2458 2298/1421/2298 1998/1424/1998 2254/1853/2254
f 2157/1821/2157 1997/1420/1997 2298/1421/2298 2458/1871/2458
f 1888/1872/1888 2155/1875/2155 2459/1874/2459 2078/1873/2078
f 2078/1873/2078 2459/1874/2459 2252/1831/2252 1886/1828/1886
f 2459/1874/2459 2299/1412/2299 1996/1415/1996 2252/1831/2252
f 2155/1875/2155 1995/1411/1995 2299/1412/2299 2459/1874/2459
f 1914/1766/1914 2153/1767/2153 2460/1877/2460 2104/1876/2104
f 2104/1876/2104 2460/1877/2460 2250/1825/2250 1912/1822/1912
f 2460/1877/2460 2300/1403/2300 1994/1406/1994 2250/1825/2250
f 2153/1767/2153 1993/1402/1993 2300/1403/2300 2460/1877/2460
f 1894/1810/1894 2151/1811/2151 2461/1879/2461 2084/1878/2084
f 2084/1878/2084 2461/1879/2461 2248/1840/2248 1892/1841/1892
f 2461/1879/2461 2301/1394/2301 1992/1397/1992 2248/1840/2248
f 2151/1811/2151 1991/1393/1991 2301/1394/2301 2461/1879/2461
f 1868/1804/1868 2149/1805/2149 2462/1881/2462 2058/1880/2058
f 2058/1880/2058 2462/1881/2462 2246/1869/2246 1866/1866/1866
f 2462/1881/2462 2302/1385/2302 1990/1388/1990 2246/1869/2246
f 2149/1805/2149 1989/1384/1989 2302/1385/2302 2462/1881/2462
f 1900/1836/1900 2147/1837/2147 2463/1883/2463 2091/1882/2091
f 2091/1882/2091 2463/1883/2463 2244/1861/2244 1898/1858/1898
f 2463/1883/2463 2303/1376/2303 1988/1379/1988 2244/1861/2244
f 2147/1837/2147 1987/1375/1987 2303/1376/2303 2463/1883/2463
f 1862/1802/1862 2145/1803/2145 2464/1885/2464 2052/1884/2052
f 2052/1884/2052 2464/1885/2464 2242/1847/2242 1860/1844/1860
f 2464/1885/2464 2304/1367/2304 1986/1370/1986 2242/1847/2242
f 2145/1803/2145 1985/1366/1985 2304/1367/2304 2464/1885/2464
f 1903/1886/1903 2093/1889/2093 2465/1888/2465 2333/1887/2333
f 2093/1889/2093 1901/1891/1901 2227/1890/2227 2465/1888/2465
f 2465/1888/2465 2227/1890/2227 2035/1642/2035 2337/1754/2337
f 2333/1887/2333 2465/1888/2465 2337/1754/2337 2045/1696/2045
f 1871/1892/1871 2061/1895/2061 2466/1894/2466 2336/1893/2336
f 2061/1895/2061 1869/1897/1869 2234/1896/2234 2466/1894/2466
f 2466/1894/2466 2234/1896/2234 2042/1678/2042 2338/1751/2338
f 2336/1893/2336 2466/1894/2466 2338/1751/2338 2048/1726/2048
f 1859/1898/1859 2211/1901/2211 2467/1900/2467 2050/1899/2050
f 2050/1899/2050 2467/1900/2467 2335/1903/2335 1861/1902/1861
f 2467/1900/2467 2339/1747/2339 2047/1708/2047 2335/1903/2335
f 2211/1901/2211 2019/1570/2019 2339/1747/2339 2467/1900/2467
f 1919/1904/1919 2109/1907/2109 2468/1906/2468 2329/1905/2329
f 2109/1907/2109 1917/1909/1917 2230/1908/2230 2468/1906/2468
f 2468/1906/2468 2230/1908/2230 2038/1657/2038 2340/1745/2340
f 2329/1905/2329 2468/1906/2468 2340/1745/2340 2041/1675/2041
f 1877/1910/1877 2067/1913/2067 2469/1912/2469 2325/1911/2325
f 2067/1913/2067 1875/1915/1875 2221/1914/2221 2469/1912/2469
f 2469/1912/2469 2221/1914/2221 2029/1615/2029 2341/1742/2341
f 2325/1911/2325 2469/1912/2469 2341/1742/2341 2037/1654/2037
f 1893/1916/1893 2083/1919/2083 2470/1918/2470 2334/1917/2334
f 2083/1919/2083 1891/1921/1891 2322/1920/2322 2470/1918/2470
f 2470/1918/2470 2322/1920/2322 2034/1637/2034 2342/1739/2342
f 2334/1917/2334 2470/1918/2470 2342/1739/2342 2046/1702/2046
f 1867/1922/1867 2057/1925/2057 2471/1924/2471 2331/1923/2331
f 2057/1925/2057 1865/1927/1865 2316/1926/2316 2471/1924/2471
f 2471/1924/2471 2316/1926/2316 2028/1610/2028 2343/1736/2343
f 2331/1923/2331 2471/1924/2471 2343/1736/2343 2043/1683/2043
f 1899/1928/1899 2089/1931/2089 2472/1930/2472 2324/1929/2324
f 2089/1931/2089 1897/1933/1897 2209/1932/2209 2472/1930/2472
f 2472/1930/2472 2209/1932/2209 2017/1561/2017 2344/1733/2344
f 2324/1929/2324 2472/1930/2472 2344/1733/2344 2036/1647/2036
f 1915/1934/1915 2105/1937/2105 2473/1936/2473 2327/1935/2327
f 2105/1937/2105 1913/1939/1913 2310/1938/2310 2473/1936/2473
f 2473/1936/2473 2310/1938/2310 2022/1583/2022 2345/1730/2345
f 2327/1935/2327 2473/1936/2473 2345/1730/2345 2039/1662/2039
f 1873/1940/1873 2063/1943/2063 2474/1942/2474 2318/1941/2318
f 2063/1943/2063 1871/1892/1871 2336/1893/2336 2474/1942/2474
f 2474/1942/2474 2336/1893/2336 2048/1726/2048 2346/1724/2346
f 2318/1941/2318 2474/1942/2474 2346/1724/2346 2030/1620/2030
f 1909/1944/1909 2098/1947/2098 2475/1946/2475 2332/1945/2332
f 2098/1947/2098 1907/1949/1907 2223/1948/2223 2475/1946/2475
f 2475/1946/2475 2223/1948/2223 2031/1624/2031 2347/1721/2347
f 2332/1945/2332 2475/1946/2475 2347/1721/2347 2044/1690/2044
f 1889/1950/1889 2079/1953/2079 2476/1952/2476 2225/1951/2225
f 2079/1953/2079 1887/1955/1887 2312/1954/2312 2476/1952/2476
f 2476/1952/2476 2312/1954/2312 2024/1592/2024 2348/1717/2348
f 2225/1951/2225 2476/1952/2476 2348/1717/2348 2033/1714/2033
f 1883/1956/1883 2072/1959/2072 2477/1958/2477 2328/1957/2328
f 2072/1959/2072 1881/1961/1881 2217/1960/2217 2477/1958/2477
f 2477/1958/2477 2217/1960/2217 2025/1597/2025 2349/1712/2349
f 2328/1957/2328 2477/1958/2477 2349/1712/2349 2040/1669/2040
f 1863/1962/1863 2053/1965/2053 2478/1964/2478 2219/1963/2219
f 2053/1965/2053 1861/1902/1861 2335/1903/2335 2478/1964/2478
f 2478/1964/2478 2335/1903/2335 2047/1708/2047 2350/1706/2350
f 2219/1963/2219 2478/1964/2478 2350/1706/2350 2027/1606/2027
f 1895/1966/1895 2085/1969/2085 2479/1968/2479 2306/1967/2306
f 2085/1969/2085 1893/1916/1893 2334/1917/2334 2479/1968/2479
f 2479/1968/2479 2334/1917/2334 2046/1702/2046 2351/1700/2351
f 2306/1967/2306 2479/1968/2479 2351/1700/2351 2018/1566/2018
f 1905/1970/1905 2094/1973/2094 2480/1972/2480 2320/1971/2320
f 2094/1973/2094 1903/1886/1903 2333/1887/2333 2480/1972/2480
f 2480/1972/2480 2333/1887/2333 2045/1696/2045 2352/1694/2352
f 2320/1971/2320 2480/1972/2480 2352/1694/2352 2032/1629/2032
f 1911/1974/1911 2101/1977/2101 2481/1976/2481 2213/1975/2213
f 2101/1977/2101 1909/1944/1909 2332/1945/2332 2481/1976/2481
f 2481/1976/2481 2332/1945/2332 2044/1690/2044 2353/1688/2353
f 2213/1975/2213 2481/1976/2481 2353/1688/2353 2021/1579/2021
f 1869/1897/1869 2059/1979/2059 2482/1978/2482 2234/1896/2234
f 2059/1979/2059 1867/1922/1867 2331/1923/2331 2482/1978/2482
f 2482/1978/2482 2331/1923/2331 2043/1683/2043 2354/1681/2354
f 2234/1896/2234 2482/1978/2482 2354/1681/2354 2042/1678/2042
f 1920/1980/1920 2110/1983/2110 2483/1982/2483 2308/1981/2308
f 2110/1983/2110 1919/1904/1919 2329/1905/2329 2483/1982/2483
f 2483/1982/2483 2329/1905/2329 2041/1675/2041 2355/1673/2355
f 2308/1981/2308 2483/1982/2483 2355/1673/2355 2020/1575/2020
f 1885/1984/1885 2075/1987/2075 2484/1986/2484 2215/1985/2215
f 2075/1987/2075 1883/1956/1883 2328/1957/2328 2484/1986/2484
f 2484/1986/2484 2328/1957/2328 2040/1669/2040 2356/1667/2356
f 2215/1985/2215 2484/1986/2484 2356/1667/2356 2023/1588/2023
f 1917/1909/1917 2107/1989/2107 2485/1988/2485 2230/1908/2230
f 2107/1989/2107 1915/1934/1915 2327/1935/2327 2485/1988/2485
f 2485/1988/2485 2327/1935/2327 2039/1662/2039 2357/1660/2357
f 2230/1908/2230 2485/1988/2485 2357/1660/2357 2038/1657/2038
f 1879/1990/1879 2068/1993/2068 2486/1992/2486 2314/1991/2314
f 2068/1993/2068 1877/1910/1877 2325/1911/2325 2486/1992/2486
f 2486/1992/2486 2325/1911/2325 2037/1654/2037 2358/1652/2358
f 2314/1991/2314 2486/1992/2486 2358/1652/2358 2026/1602/2026
f 1901/1891/1901 2090/1995/2090 2487/1994/2487 2227/1890/2227
f 2090/1995/2090 1899/1928/1899 2324/1929/2324 2487/1994/2487
f 2487/1994/2487 2324/1929/2324 2036/1647/2036 2359/1645/2359
f 2227/1890/2227 2487/1994/2487 2359/1645/2359 2035/1642/2035
f 1889/1996/1889 2225/1999/2225 2488/1998/2488 2080/1997/2080
f 2080/1997/2080 2488/1998/2488 2322/1920/2322 1891/1921/1891
f 2488/1998/2488 2360/1634/2360 2034/1637/2034 2322/1920/2322
f 2225/1999/2225 2033/1633/2033 2360/1634/2360 2488/1998/2488
f 1907/1949/1907 2097/2001/2097 2489/2000/2489 2223/1948/2223
f 2097/2001/2097 1905/1970/1905 2320/1971/2320 2489/2000/2489
f 2489/2000/2489 2320/1971/2320 2032/1629/2032 2361/1627/2361
f 2223/1948/2223 2489/2000/2489 2361/1627/2361 2031/1624/2031
f 1875/1915/1875 2064/2003/2064 2490/2002/2490 2221/1914/2221
f 2064/2003/2064 1873/1940/1873 2318/1941/2318 2490/2002/2490
f 2490/2002/2490 2318/1941/2318 2030/1620/2030 2362/1618/2362
f 2221/1914/2221 2490/2002/2490 2362/1618/2362 2029/1615/2029
f 1863/1962/1863 2219/1963/2219 2491/2005/2491 2054/2004/2054
f 2054/2004/2054 2491/2005/2491 2316/1926/2316 1865/1927/1865
f 2491/2005/2491 2363/1607/2363 2028/1610/2028 2316/1926/2316
f 2219/1963/2219 2027/1606/2027 2363/1607/2363 2491/2005/2491
f 1881/1961/1881 2071/2007/2071 2492/2006/2492 2217/1960/2217
f 2071/2007/2071 1879/1990/1879 2314/1991/2314 2492/2006/2492
f 2492/2006/2492 2314/1991/2314 2026/1602/2026 2364/1600/2364
f 2217/1960/2217 2492/2006/2492 2364/1600/2364 2025/1597/2025
f 1885/1984/1885 2215/1985/2215 2493/2009/2493 2076/2008/2076
f 2076/2008/2076 2493/2009/2493 2312/1954/2312 1887/1955/1887
f 2493/2009/2493 2365/1589/2365 2024/1592/2024 2312/1954/2312
f 2215/1985/2215 2023/1588/2023 2365/1589/2365 2493/2009/2493
f 1911/1974/1911 2213/1975/2213 2494/2011/2494 2102/2010/2102
f 2102/2010/2102 2494/2011/2494 2310/1938/2310 1913/1939/1913
f 2494/2011/2494 2366/1580/2366 2022/1583/2022 2310/1938/2310
f 2213/1975/2213 2021/1579/2021 2366/1580/2366 2494/2011/2494
f 1859/1898/1859 2111/2013/2111 2495/2012/2495 2211/1901/2211
f 2111/2013/2111 1920/1980/1920 2308/1981/2308 2495/2012/2495
f 2495/2012/2495 2308/1981/2308 2020/1575/2020 2367/1573/2367
f 2211/1901/2211 2495/2012/2495 2367/1573/2367 2019/1570/2019
f 1897/1933/1897 2087/2015/2087 2496/2014/2496 2209/1932/2209
f 2087/2015/2087 1895/1966/1895 2306/1967/2306 2496/2014/2496
f 2496/2014/2496 2306/1967/2306 2018/1566/2018 2368/1564/2368
f 2209/1932/2209 2496/2014/2496 2368/1564/2368 2017/1561/2017
f 368/1854/368 7/1848/7 1858/1848/1858 2049/1854/2049
f 1/1792/1 368/1854/368 2049/1854/2049 1857/1792/1857
f 383/1899/383 17/1898/17 1859/1898/1859 2050/1899/2050
f 28/1902/28 383/1899/383 2050/1899/2050 1861/1902/1861
f 388/1845/388 18/1844/18 1860/1844/1860 2051/1845/2051
f 7/1848/7 388/1845/388 2051/1845/2051 1858/1848/1858
f 404/1884/404 29/1802/29 1862/1802/1862 2052/1884/2052
f 18/1844/18 404/1884/404 2052/1884/2052 1860/1844/1860
f 39/1962/39 409/1965/409 2053/1965/2053 1863/1962/1863
f 409/1965/409 28/1902/28 1861/1902/1861 2053/1965/2053
f 423/2004/423 39/1962/39 1863/1962/1863 2054/2004/2054
f 50/1927/50 423/2004/423 2054/2004/2054 1865/1927/1865
f 429/1799/429 40/1798/40 1864/1798/1864 2055/1799/2055
f 29/1802/29 429/1799/429 2055/1799/2055 1862/1802/1862
f 444/1867/444 51/1866/51 1866/1866/1866 2056/1867/2056
f 40/1798/40 444/1867/444 2056/1867/2056 1864/1798/1864
f 61/1922/61 450/1925/450 2057/1925/2057 1867/1922/1867
f 450/1925/450 50/1927/50 1865/1927/1865 2057/1925/2057
f 470/1880/470 62/1804/62 1868/1804/1868 2058/1880/2058
f 51/1866/51 470/1880/470 2058/1880/2058 1866/1866/1866
f 72/1897/72 475/1979/475 2059/1979/2059 1869/1897/1869
f 475/1979/475 61/1922/61 1867/1922/1867 2059/1979/2059
f 62/1804/62 489/1807/489 2060/1807/2060 1868/1804/1868
f 489/1807/489 73/1809/73 1870/1809/1870 2060/1807/2060
f 83/1892/83 492/1895/492 2061/1895/2061 1871/1892/1871
f 492/1895/492 72/1897/72 1869/1897/1869 2061/1895/2061
f 511/1864/511 84/1784/84 1872/1784/1872 2062/1864/2062
f 73/1809/73 511/1864/511 2062/1864/2062 1870/1809/1870
f 94/1940/94 516/1943/516 2063/1943/2063 1873/1940/1873
f 516/1943/516 83/1892/83 1871/1892/1871 2063/1943/2063
f 105/1915/105 532/2003/532 2064/2003/2064 1875/1915/1875
f 532/2003/532 94/1940/94 1873/1940/1873 2064/2003/2064
f 538/1781/538 95/1780/95 1874/1780/1874 2065/1781/2065
f 84/1784/84 538/1781/538 2065/1781/2065 1872/1784/1872
f 552/1851/552 106/1850/106 1876/1850/1876 2066/1851/2066
f 95/1780/95 552/1851/552 2066/1851/2066 1874/1780/1874
f 116/1910/116 557/1913/557 2067/1913/2067 1877/1910/1877
f 557/1913/557 105/1915/105 1875/1915/1875 2067/1913/2067
f 127/1990/127 572/1993/572 2068/1993/2068 1879/1990/1879
f 572/1993/572 116/1910/116 1877/1910/1877 2068/1993/2068
f 579/1870/579 117/1820/117 1878/1820/1878 2069/1870/2069
f 106/1850/106 579/1870/579 2069/1870/2069 1876/1850/1876
f 594/1817/594 128/1816/128 1880/1816/1880 2070/1817/2070
f 117/1820/117 594/1817/594 2070/1817/2070 1878/1820/1878
f 138/1961/138 599/2007/599 2071/2007/2071 1881/1961/1881
f 599/2007/599 127/1990/127 1879/1990/1879 2071/2007/2071
f 149/1956/149 612/1959/612 2072/1959/2072 1883/1956/1883
f 612/1959/612 138/1961/138 1881/1961/1881 2072/1959/2072
f 620/1856/620 139/1760/139 1882/1760/1882 2073/1856/2073
f 128/1816/128 620/1856/620 2073/1856/2073 1880/1816/1880
f 635/1757/635 150/1756/150 1884/1756/1884 2074/1757/2074
f 139/1760/139 635/1757/635 2074/1757/2074 1882/1760/1882
f 160/1984/160 640/1987/640 2075/1987/2075 1885/1984/1885
f 640/1987/640 149/1956/149 1883/1956/1883 2075/1987/2075
f 656/2008/656 160/1984/160 1885/1984/1885 2076/2008/2076
f 171/1955/171 656/2008/656 2076/2008/2076 1887/1955/1887
f 661/1829/661 161/1828/161 1886/1828/1886 2077/1829/2077
f 150/1756/150 661/1829/661 2077/1829/2077 1884/1756/1884
f 677/1873/677 172/1872/172 1888/1872/1888 2078/1873/2078
f 161/1828/161 677/1873/677 2078/1873/2078 1886/1828/1886
f 182/1950/182 682/1953/682 2079/1953/2079 1889/1950/1889
f 682/1953/682 171/1955/171 1887/1955/1887 2079/1953/2079
f 696/1997/696 182/1996/182 1889/1996/1889 2080/1997/2080
f 193/1921/193 696/1997/696 2080/1997/2080 1891/1921/1891
f 702/1775/702 183/1774/183 1890/1774/1890 2081/1775/2081
f 172/1778/172 702/1775/702 2081/1775/2081 1888/1778/1888
f 183/1774/183 720/1839/720 2082/1839/2082 1890/1774/1890
f 720/1839/720 194/1841/194 1892/1841/1892 2082/1839/2082
f 204/1916/204 723/1919/723 2083/1919/2083 1893/1916/1893
f 723/1919/723 193/1921/193 1891/1921/1891 2083/1919/2083
f 742/1878/742 205/1810/205 1894/1810/1894 2084/1878/2084
f 194/1841/194 742/1878/742 2084/1878/2084 1892/1841/1892
f 215/1966/215 747/1969/747 2085/1969/2085 1895/1966/1895
f 747/1969/747 204/1916/204 1893/1916/1893 2085/1969/2085
f 205/1810/205 760/1813/760 2086/1813/2086 1894/1810/1894
f 760/1813/760 216/1815/216 1896/1815/1896 2086/1813/2086
f 226/1933/226 764/2015/764 2087/2015/2087 1897/1933/1897
f 764/2015/764 215/1966/215 1895/1966/1895 2087/2015/2087
f 784/1859/784 227/1858/227 1898/1858/1898 2088/1859/2088
f 216/1815/216 784/1859/784 2088/1859/2088 1896/1815/1896
f 237/1928/237 789/1931/789 2089/1931/2089 1899/1928/1899
f 789/1931/789 226/1933/226 1897/1933/1897 2089/1931/2089
f 248/1891/248 805/1995/805 2090/1995/2090 1901/1891/1901
f 805/1995/805 237/1928/237 1899/1928/1899 2090/1995/2090
f 811/1882/811 238/1836/238 1900/1836/1900 2091/1882/2091
f 227/1858/227 811/1882/811 2091/1882/2091 1898/1858/1898
f 825/1833/825 249/1832/249 1902/1832/1902 2092/1833/2092
f 238/1836/238 825/1833/825 2092/1833/2092 1900/1836/1900
f 259/1886/259 830/1889/830 2093/1889/2093 1903/1886/1903
f 830/1889/830 248/1891/248 1901/1891/1901 2093/1889/2093
f 270/1970/270 845/1973/845 2094/1973/2094 1905/1970/1905
f 845/1973/845 259/1886/259 1903/1886/1903 2094/1973/2094
f 852/1862/852 260/1790/260 1904/1790/1904 2095/1862/2095
f 249/1832/249 852/1862/852 2095/1862/2095 1902/1832/1902
f 867/1787/867 271/1786/271 1906/1786/1906 2096/1787/2096
f 260/1790/260 867/1787/867 2096/1787/2096 1904/1790/1904
f 281/1949/281 872/2001/872 2097/2001/2097 1907/1949/1907
f 872/2001/872 270/1970/270 1905/1970/1905 2097/2001/2097
f 292/1944/292 885/1947/885 2098/1947/2098 1909/1944/1909
f 885/1947/885 281/1949/281 1907/1949/1907 2098/1947/2098
f 893/1842/893 282/1772/282 1908/1772/1908 2099/1842/2099
f 271/1786/271 893/1842/893 2099/1842/2099 1906/1786/1906
f 908/1769/908 293/1768/293 1910/1768/1910 2100/1769/2100
f 282/1772/282 908/1769/908 2100/1769/2100 1908/1772/1908
f 303/1974/303 913/1977/913 2101/1977/2101 1911/1974/1911
f 913/1977/913 292/1944/292 1909/1944/1909 2101/1977/2101
f 927/2010/927 303/1974/303 1911/1974/1911 2102/2010/2102
f 314/1939/314 927/2010/927 2102/2010/2102 1913/1939/1913
f 933/1823/933 304/1822/304 1912/1822/1912 2103/1823/2103
f 293/1768/293 933/1823/933 2103/1823/2103 1910/1768/1910
f 948/1876/948 315/1766/315 1914/1766/1914 2104/1876/2104
f 304/1822/304 948/1876/948 2104/1876/2104 1912/1822/1912
f 325/1934/325 954/1937/954 2105/1937/2105 1915/1934/1915
f 954/1937/954 314/1939/314 1913/1939/1913 2105/1937/2105
f 974/1763/974 326/1762/326 1916/1762/1916 2106/1763/2106
f 315/1766/315 974/1763/974 2106/1763/2106 1914/1766/1914
f 336/1909/336 979/1989/979 2107/1989/2107 1917/1909/1917
f 979/1989/979 325/1934/325 1915/1934/1915 2107/1989/2107
f 326/1762/326 993/1827/993 2108/1827/2108 1916/1762/1916
f 993/1827/993 337/1796/337 1918/1796/1918 2108/1827/2108
f 347/1904/347 996/1907/996 2109/1907/2109 1919/1904/1919
f 996/1907/996 336/1909/336 1917/1909/1917 2109/1907/2109
f 352/1980/352 1005/1983/1005 2110/1983/2110 1920/1980/1920
f 1005/1983/1005 347/1904/347 1919/1904/1919 2110/1983/2110
f 17/1898/17 1018/2013/1018 2111/2013/2111 1859/1898/1859
f 1018/2013/1018 352/1980/352 1920/1980/1920 2111/2013/2111
f 1022/1793/1022 1/1792/1 1857/1792/1857 2112/1793/2112
f 337/1796/337 1022/1793/1022 2112/1793/2112 1918/1796/1918
f 1346/1476/1346 1473/1475/1473 2113/1475/2113 1922/1476/1922
f 1473/1475/1473 1345/1474/1345 1921/1474/1921 2113/1475/2113
f 1347/1372/1347 1474/1485/1474 2114/1485/2114 1923/1372/1923
f 1474/1485/1474 1346/1476/1346 1922/1476/1922 2114/1485/2114
f 1348/1374/1348 1475/1373/1475 2115/1373/2115 1924/1374/1924
f 1475/1373/1475 1347/1372/1347 1923/1372/1923 2115/1373/2115
f 1349/1433/1349 1476/1536/1476 2116/1536/2116 1925/1433/1925
f 1476/1536/1476 1348/1374/1348 1924/1374/1924 2116/1536/2116
f 1350/1390/1350 1477/1434/1477 2117/1434/2117 1926/1390/1926
f 1477/1434/1477 1349/1433/1349 1925/1433/1925 2117/1434/2117
f 1351/1392/1351 1478/1391/1478 2118/1391/2118 1927/1392/1927
f 1478/1391/1478 1350/1390/1350 1926/1390/1926 2118/1391/2118
f 1479/1533/1479 1351/1392/1351 1927/1392/1927 2119/1533/2119
f 1352/1441/1352 1479/1533/1479 2119/1533/2119 1928/1441/1928
f 1353/1443/1353 1480/1442/1480 2120/1442/2120 1929/1443/1929
f 1480/1442/1480 1352/1441/1352 1928/1441/1928 2120/1442/2120
f 1354/1481/1354 1481/1545/1481 2121/1545/2121 1930/1481/1930
f 1481/1545/1481 1353/1443/1353 1929/1443/1929 2121/1545/2121
f 1355/1426/1355 1482/1482/1482 2122/1482/2122 1931/1426/1931
f 1482/1482/1482 1354/1481/1354 1930/1481/1930 2122/1482/2122
f 1356/1428/1356 1483/1427/1483 2123/1427/2123 1932/1428/1932
f 1483/1427/1483 1355/1426/1355 1931/1426/1931 2123/1427/2123
f 1357/1465/1357 1484/1527/1484 2124/1527/2124 1933/1465/1933
f 1484/1527/1484 1356/1428/1356 1932/1428/1932 2124/1527/2124
f 1358/1467/1358 1485/1466/1485 2125/1466/2125 1934/1467/1934
f 1485/1466/1485 1357/1465/1357 1933/1465/1933 2125/1466/2125
f 1359/1508/1359 1486/1560/1486 2126/1560/2126 1935/1508/1935
f 1486/1560/1486 1358/1467/1358 1934/1467/1934 2126/1560/2126
f 1360/1417/1360 1487/1509/1487 2127/1509/2127 1936/1417/1936
f 1487/1509/1487 1359/1508/1359 1935/1508/1935 2127/1509/2127
f 1361/1419/1361 1488/1418/1488 2128/1418/2128 1937/1419/1937
f 1488/1418/1488 1360/1417/1360 1936/1417/1936 2128/1418/2128
f 1362/1500/1362 1489/1551/1489 2129/1551/2129 1938/1500/1938
f 1489/1551/1489 1361/1550/1361 1937/1550/1937 2129/1551/2129
f 1490/1499/1490 1362/1500/1362 1938/1500/1938 2130/1499/2130
f 1363/1399/1363 1490/1499/1490 2130/1499/2130 1939/1399/1939
f 1364/1401/1364 1491/1400/1491 2131/1400/2131 1940/1401/1940
f 1491/1400/1491 1363/1399/1363 1939/1399/1939 2131/1400/2131
f 1492/1530/1492 1364/1401/1364 1940/1401/1940 2132/1530/2132
f 1365/1457/1365 1492/1530/1492 2132/1530/2132 1941/1457/1941
f 1366/1381/1366 1493/1458/1493 2133/1458/2133 1942/1381/1942
f 1493/1458/1493 1365/1457/1365 1941/1457/1941 2133/1458/2133
f 1367/1383/1367 1494/1382/1494 2134/1382/2134 1943/1383/1943
f 1494/1382/1494 1366/1381/1366 1942/1381/1942 2134/1382/2134
f 1368/1450/1368 1495/1503/1495 2135/1503/2135 1944/1450/1944
f 1495/1503/1495 1367/1383/1367 1943/1383/1943 2135/1503/2135
f 1369/1452/1369 1496/1451/1496 2136/1451/2136 1945/1452/1945
f 1496/1451/1496 1368/1450/1368 1944/1450/1944 2136/1451/2136
f 1370/1492/1370 1497/1542/1497 2137/1542/2137 1946/1492/1946
f 1497/1542/1497 1369/1452/1369 1945/1452/1945 2137/1542/2137
f 1371/1494/1371 1498/1493/1498 2138/1493/2138 1947/1494/1947
f 1498/1493/1498 1370/1492/1370 1946/1492/1946 2138/1493/2138
f 1372/1523/1372 1499/1554/1499 2139/1554/2139 1948/1523/1948
f 1499/1554/1499 1371/1494/1371 1947/1494/1947 2139/1554/2139
f 1373/1408/1373 1500/1524/1500 2140/1524/2140 1949/1408/1949
f 1500/1524/1500 1372/1523/1372 1948/1523/1948 2140/1524/2140
f 1374/1410/1374 1501/1409/1501 2141/1409/2141 1950/1410/1950
f 1501/1409/1501 1373/1408/1373 1949/1408/1949 2141/1409/2141
f 1375/1518/1375 1502/1557/1502 2142/1557/2142 1951/1518/1951
f 1502/1557/1502 1374/1410/1374 1950/1410/1950 2142/1557/2142
f 1503/1516/1503 1375/1518/1375 1951/1518/1951 2143/1516/2143
f 1376/1517/1376 1503/1516/1503 2143/1516/2143 1952/1517/1952
f 1345/1474/1345 1504/1539/1504 2144/1539/2144 1921/1474/1921
f 1504/1539/1504 1376/1517/1376 1952/1517/1952 2144/1539/2144
f 1377/1578/1377 1537/1749/1537 2177/1749/2177 1953/1578/1953
f 1537/1749/1537 1378/1710/1378 1954/1710/1954 2177/1749/2177
f 1538/1709/1538 1379/1614/1379 1955/1614/1955 2178/1709/2178
f 1378/1710/1378 1538/1709/1538 2178/1709/2178 1954/1710/1954
f 1379/1614/1379 1539/1613/1539 2179/1613/2179 1955/1614/1955
f 1539/1613/1539 1380/1612/1380 1956/1612/1956 2179/1613/2179
f 1540/1737/1540 1381/1685/1381 1957/1685/1957 2180/1737/2180
f 1380/1612/1380 1540/1737/1540 2180/1737/2180 1956/1612/1956
f 1541/1684/1541 1382/1686/1382 1958/1686/1958 2181/1684/2181
f 1381/1685/1381 1541/1684/1541 2181/1684/2181 1957/1685/1957
f 1542/1752/1542 1383/1728/1383 1959/1728/1959 2182/1752/2182
f 1382/1686/1382 1542/1752/1542 2182/1752/2182 1958/1686/1958
f 1543/1727/1543 1384/1622/1384 1960/1622/1960 2183/1727/2183
f 1383/1728/1383 1543/1727/1543 2183/1727/2183 1959/1728/1959
f 1544/1621/1544 1385/1623/1385 1961/1623/1961 2184/1621/2184
f 1384/1622/1384 1544/1621/1544 2184/1621/2184 1960/1622/1960
f 1545/1743/1545 1386/1656/1386 1962/1656/1962 2185/1743/2185
f 1385/1623/1385 1545/1743/1545 2185/1743/2185 1961/1623/1961
f 1546/1655/1546 1387/1604/1387 1963/1604/1963 2186/1655/2186
f 1386/1656/1386 1546/1655/1546 2186/1655/2186 1962/1656/1962
f 1547/1603/1547 1388/1605/1388 1964/1605/1964 2187/1603/2187
f 1387/1604/1387 1547/1603/1547 2187/1603/2187 1963/1604/1963
f 1548/1713/1548 1389/1671/1389 1965/1671/1965 2188/1713/2188
f 1388/1605/1388 1548/1713/1548 2188/1713/2188 1964/1605/1964
f 1549/1670/1549 1390/1596/1390 1966/1596/1966 2189/1670/2189
f 1389/1671/1389 1549/1670/1549 2189/1670/2189 1965/1671/1965
f 1390/1596/1390 1550/1595/1550 2190/1595/2190 1966/1596/1966
f 1550/1595/1550 1391/1594/1391 1967/1594/1967 2190/1595/2190
f 1551/1718/1551 1392/1719/1392 1968/1719/1968 2191/1718/2191
f 1391/1594/1391 1551/1718/1551 2191/1718/2191 1967/1594/1967
f 1392/1641/1392 1552/1640/1552 2192/1640/2192 1968/1641/1968
f 1552/1640/1552 1393/1639/1393 1969/1639/1969 2192/1640/2192
f 1553/1740/1553 1394/1704/1394 1970/1704/1970 2193/1740/2193
f 1393/1639/1393 1553/1740/1553 2193/1740/2193 1969/1639/1969
f 1554/1703/1554 1395/1568/1395 1971/1568/1971 2194/1703/2194
f 1394/1704/1394 1554/1703/1554 2194/1703/2194 1970/1704/1970
f 1555/1567/1555 1396/1569/1396 1972/1569/1972 2195/1567/2195
f 1395/1568/1395 1555/1567/1555 2195/1567/2195 1971/1568/1971
f 1556/1734/1556 1397/1649/1397 1973/1649/1973 2196/1734/2196
f 1396/1569/1396 1556/1734/1556 2196/1734/2196 1972/1569/1972
f 1557/1648/1557 1398/1650/1398 1974/1650/1974 2197/1648/2197
f 1397/1649/1397 1557/1648/1557 2197/1648/2197 1973/1649/1973
f 1558/1755/1558 1399/1698/1399 1975/1698/1975 2198/1755/2198
f 1398/1650/1398 1558/1755/1558 2198/1755/2198 1974/1650/1974
f 1559/1697/1559 1400/1631/1400 1976/1631/1976 2199/1697/2199
f 1399/1698/1399 1559/1697/1559 2199/1697/2199 1975/1698/1975
f 1560/1630/1560 1401/1632/1401 1977/1632/1977 2200/1630/2200
f 1400/1631/1400 1560/1630/1560 2200/1630/2200 1976/1631/1976
f 1561/1722/1561 1402/1692/1402 1978/1692/1978 2201/1722/2201
f 1401/1632/1401 1561/1722/1561 2201/1722/2201 1977/1632/1977
f 1562/1691/1562 1403/1587/1403 1979/1587/1979 2202/1691/2202
f 1402/1692/1402 1562/1691/1562 2202/1691/2202 1978/1692/1978
f 1403/1587/1403 1563/1586/1563 2203/1586/2203 1979/1587/1979
f 1563/1586/1563 1404/1585/1404 1980/1585/1980 2203/1586/2203
f 1564/1731/1564 1405/1664/1405 1981/1664/1981 2204/1731/2204
f 1404/1585/1404 1564/1731/1564 2204/1731/2204 1980/1585/1980
f 1565/1663/1565 1406/1665/1406 1982/1665/1982 2205/1663/2205
f 1405/1664/1405 1565/1663/1565 2205/1663/2205 1981/1664/1981
f 1566/1746/1566 1407/1677/1407 1983/1677/1983 2206/1746/2206
f 1406/1665/1406 1566/1746/1566 2206/1746/2206 1982/1665/1982
f 1567/1676/1567 1408/1577/1408 1984/1577/1984 2207/1676/2207
f 1407/1677/1407 1567/1676/1567 2207/1676/2207 1983/1677/1983
f 1568/1576/1568 1377/1578/1377 1953/1578/1953 2208/1576/2208
f 1408/1577/1408 1568/1576/1568 2208/1576/2208 1984/1577/1984
