# Blender 5.0.1
# www.blender.org
mtllib Cerveza.mtl
o Cerveza
v -0.081869 0.048980 -0.337471
v 0.008556 1.792012 -0.456915
v -0.166132 0.048980 -0.302569
v 0.126814 1.792012 -0.441346
v -0.238490 0.048980 -0.247046
v 0.237014 1.792012 -0.395700
v -0.294013 0.048980 -0.174688
v 0.331644 1.792012 -0.323088
v -0.328915 0.048980 -0.090425
v 0.404256 1.792012 -0.228458
v -0.340820 0.048980 -0.000000
v 0.449903 1.792012 -0.118258
v -0.328915 0.048980 0.090425
v 0.465472 1.792012 0.000000
v -0.294013 0.048980 0.174688
v 0.449903 1.792012 0.118258
v -0.238490 0.048980 0.247046
v 0.404256 1.792012 0.228458
v -0.166132 0.048980 0.302569
v 0.331644 1.792012 0.323088
v -0.081869 0.048980 0.337471
v 0.237014 1.792012 0.395700
v 0.008556 0.048980 0.349376
v 0.126814 1.792012 0.441346
v 0.098981 0.048980 0.337471
v 0.008556 1.792012 0.456915
v 0.183244 0.048980 0.302569
v -0.109702 1.792012 0.441346
v 0.255602 0.048980 0.247046
v -0.219902 1.792012 0.395700
v 0.311125 0.048980 0.174688
v -0.314532 1.792012 0.323088
v 0.346027 0.048980 0.090425
v -0.387144 1.792012 0.228458
v 0.357932 0.048980 0.000000
v -0.432790 1.792012 0.118258
v 0.346027 0.048980 -0.090425
v -0.448359 1.792012 0.000000
v 0.311125 0.048980 -0.174688
v -0.432790 1.792012 -0.118258
v 0.255602 0.048980 -0.247046
v -0.387144 1.792012 -0.228458
v 0.183244 0.048980 -0.302569
v -0.314532 1.792012 -0.323088
v 0.098981 0.048980 -0.337471
v -0.219902 1.792012 -0.395700
v 0.008556 0.048980 -0.349376
v -0.109702 1.792012 -0.441346
v 0.008556 2.100484 -0.410978
v 0.114925 2.100484 -0.396974
v 0.214045 2.100484 -0.355918
v 0.299162 2.100484 -0.290605
v 0.364474 2.100484 -0.205489
v 0.405531 2.100484 -0.106369
v 0.419534 2.100484 0.000000
v 0.405531 2.100484 0.106369
v 0.364474 2.100484 0.205489
v 0.299162 2.100484 0.290605
v 0.214045 2.100484 0.355918
v 0.114925 2.100484 0.396974
v 0.008556 2.100484 0.410978
v -0.097813 2.100484 0.396974
v -0.196933 2.100484 0.355918
v -0.282049 2.100484 0.290605
v -0.347362 2.100484 0.205489
v -0.388418 2.100484 0.106369
v -0.402422 2.100484 0.000000
v -0.388418 2.100484 -0.106369
v -0.347362 2.100484 -0.205489
v -0.282049 2.100484 -0.290605
v -0.196933 2.100484 -0.355918
v -0.097813 2.100484 -0.396974
v 0.008556 2.216842 -0.326429
v 0.093042 2.216842 -0.315306
v 0.171771 2.216842 -0.282696
v 0.239376 2.216842 -0.230820
v 0.291252 2.216842 -0.163214
v 0.323862 2.216842 -0.084486
v 0.334985 2.216842 0.000000
v 0.323862 2.216842 0.084486
v 0.291252 2.216842 0.163214
v 0.239376 2.216842 0.230820
v 0.171771 2.216842 0.282696
v 0.093042 2.216842 0.315306
v 0.008556 2.216842 0.326429
v -0.075930 2.216842 0.315306
v -0.154658 2.216842 0.282696
v -0.222264 2.216842 0.230820
v -0.274140 2.216842 0.163214
v -0.306750 2.216842 0.084486
v -0.317873 2.216842 0.000000
v -0.306750 2.216842 -0.084486
v -0.274140 2.216842 -0.163214
v -0.222264 2.216842 -0.230820
v -0.154658 2.216842 -0.282696
v -0.075930 2.216842 -0.315306
v 0.008556 3.339398 -0.195818
v 0.059237 3.339398 -0.189145
v 0.106465 3.339398 -0.169583
v 0.147020 3.339398 -0.138464
v 0.178139 3.339398 -0.097909
v 0.197701 3.339398 -0.050681
v 0.204374 3.339398 -0.000000
v 0.197701 3.339398 0.050681
v 0.178139 3.339398 0.097909
v 0.147020 3.339398 0.138464
v 0.106465 3.339398 0.169583
v 0.059237 3.339398 0.189145
v 0.008556 3.339398 0.195818
v -0.042125 3.339398 0.189145
v -0.089353 3.339398 0.169583
v -0.129908 3.339398 0.138464
v -0.161027 3.339398 0.097909
v -0.180589 3.339398 0.050681
v -0.187262 3.339398 -0.000000
v -0.180589 3.339398 -0.050681
v -0.161027 3.339398 -0.097909
v -0.129908 3.339398 -0.138464
v -0.089353 3.339398 -0.169583
v -0.042125 3.339398 -0.189145
v 0.008556 3.339398 -0.222235
v 0.066075 3.339398 -0.214663
v 0.119674 3.339398 -0.192462
v 0.165700 3.339398 -0.157144
v 0.201018 3.339398 -0.111118
v 0.223219 3.339398 -0.057519
v 0.230791 3.339398 -0.000000
v 0.223219 3.339398 0.057519
v 0.201018 3.339398 0.111118
v 0.165700 3.339398 0.157144
v 0.119674 3.339398 0.192462
v 0.066075 3.339398 0.214663
v 0.008556 3.339398 0.222235
v -0.048963 3.339398 0.214663
v -0.102562 3.339398 0.192462
v -0.148588 3.339398 0.157144
v -0.183906 3.339398 0.111118
v -0.206107 3.339398 0.057519
v -0.213679 3.339398 -0.000000
v -0.206107 3.339398 -0.057519
v -0.183906 3.339398 -0.111118
v -0.148588 3.339398 -0.157144
v -0.102562 3.339398 -0.192462
v -0.048963 3.339398 -0.214663
v 0.008556 3.395274 -0.222235
v 0.066075 3.395274 -0.214663
v 0.119674 3.395274 -0.192462
v 0.165700 3.395274 -0.157144
v 0.201018 3.395274 -0.111118
v 0.223219 3.395274 -0.057519
v 0.230791 3.395274 -0.000000
v 0.223219 3.395274 0.057519
v 0.201018 3.395274 0.111118
v 0.165700 3.395274 0.157144
v 0.119674 3.395274 0.192462
v 0.066075 3.395274 0.214663
v 0.008556 3.395274 0.222235
v -0.048963 3.395274 0.214663
v -0.102562 3.395274 0.192462
v -0.148588 3.395274 0.157144
v -0.183906 3.395274 0.111118
v -0.206107 3.395274 0.057519
v -0.213679 3.395274 -0.000000
v -0.206107 3.395274 -0.057519
v -0.183906 3.395274 -0.111118
v -0.148588 3.395274 -0.157144
v -0.102562 3.395274 -0.192462
v -0.048963 3.395274 -0.214663
v 0.008556 3.395274 -0.194861
v 0.058990 3.395274 -0.188221
v 0.105986 3.395274 -0.168754
v 0.146343 3.395274 -0.137787
v 0.177310 3.395274 -0.097430
v 0.196777 3.395274 -0.050434
v 0.203417 3.395274 -0.000000
v 0.196777 3.395274 0.050434
v 0.177310 3.395274 0.097430
v 0.146343 3.395274 0.137787
v 0.105986 3.395274 0.168754
v 0.058990 3.395274 0.188221
v 0.008556 3.395274 0.194861
v -0.041878 3.395274 0.188221
v -0.088874 3.395274 0.168754
v -0.129231 3.395274 0.137787
v -0.160198 3.395274 0.097430
v -0.179665 3.395274 0.050434
v -0.186305 3.395274 -0.000000
v -0.179665 3.395274 -0.050434
v -0.160198 3.395274 -0.097430
v -0.129231 3.395274 -0.137787
v -0.088874 3.395274 -0.168754
v -0.041878 3.395274 -0.188221
v 0.008556 3.463326 -0.194861
v 0.058990 3.463326 -0.188221
v 0.105986 3.463326 -0.168754
v 0.146343 3.463326 -0.137787
v 0.177310 3.463326 -0.097430
v 0.196777 3.463326 -0.050434
v 0.203417 3.463326 -0.000000
v 0.196777 3.463326 0.050434
v 0.177310 3.463326 0.097430
v 0.146343 3.463326 0.137787
v 0.105986 3.463326 0.168754
v 0.058990 3.463326 0.188221
v 0.008556 3.463326 0.194861
v -0.041878 3.463326 0.188221
v -0.088874 3.463326 0.168754
v -0.129231 3.463326 0.137787
v -0.160198 3.463326 0.097430
v -0.179665 3.463326 0.050434
v -0.186305 3.463326 -0.000000
v -0.179665 3.463326 -0.050434
v -0.160198 3.463326 -0.097430
v -0.129231 3.463326 -0.137787
v -0.088874 3.463326 -0.168754
v -0.041878 3.463326 -0.188221
v -0.217843 3.367336 -0.060663
v -0.194428 3.367336 -0.117193
v 0.008556 3.367336 0.234385
v -0.052107 3.367336 0.226399
v 0.234955 3.367336 -0.060663
v 0.242941 3.367336 -0.000000
v -0.157179 3.367336 -0.165735
v -0.108637 3.367336 0.202983
v 0.234955 3.367336 0.060663
v -0.108637 3.367336 -0.202983
v -0.157179 3.367336 0.165735
v 0.211539 3.367336 0.117193
v -0.052107 3.367336 -0.226399
v 0.008556 3.367336 -0.234385
v 0.069219 3.367336 -0.226399
v -0.194428 3.367336 0.117193
v 0.174291 3.367336 0.165735
v 0.125749 3.367336 -0.202983
v -0.217843 3.367336 0.060663
v 0.125749 3.367336 0.202983
v 0.174291 3.367336 -0.165735
v -0.225829 3.367336 -0.000000
v 0.069219 3.367336 0.226399
v 0.211539 3.367336 -0.117193
v -0.215244 3.381305 -0.059967
v 0.008556 3.381305 0.231695
v 0.232356 3.381305 -0.059967
v 0.008556 3.381305 -0.231695
v -0.192098 3.381305 -0.115848
v -0.051411 3.381305 0.223800
v 0.240251 3.381305 -0.000000
v -0.155277 3.381305 -0.163833
v -0.107292 3.381305 0.200654
v 0.232356 3.381305 0.059967
v -0.107292 3.381305 -0.200654
v -0.155277 3.381305 0.163833
v 0.209210 3.381305 0.115848
v -0.051411 3.381305 -0.223800
v 0.068523 3.381305 -0.223800
v -0.192098 3.381305 0.115848
v 0.172389 3.381305 0.163833
v 0.124404 3.381305 -0.200654
v -0.215244 3.381305 0.059967
v 0.124404 3.381305 0.200654
v 0.172389 3.381305 -0.163833
v -0.223139 3.381305 -0.000000
v 0.068523 3.381305 0.223800
v 0.209210 3.381305 -0.115848
v -0.191953 3.353367 -0.115764
v -0.051368 3.353367 0.223639
v 0.240084 3.353367 -0.000000
v -0.155159 3.353367 -0.163715
v -0.107208 3.353367 0.200509
v 0.232195 3.353367 0.059924
v -0.107208 3.353367 -0.200509
v -0.155159 3.353367 0.163715
v 0.209065 3.353367 0.115764
v -0.051368 3.353367 -0.223639
v 0.068480 3.353367 -0.223639
v -0.191953 3.353367 0.115764
v 0.172271 3.353367 0.163715
v 0.124320 3.353367 -0.200509
v -0.215083 3.353367 0.059924
v 0.124320 3.353367 0.200509
v 0.172271 3.353367 -0.163715
v -0.222972 3.353367 -0.000000
v 0.068480 3.353367 0.223639
v 0.209065 3.353367 -0.115764
v -0.215083 3.353367 -0.059924
v 0.008556 3.353367 0.231528
v 0.232195 3.353367 -0.059924
v 0.008556 3.353367 -0.231528
v -0.258783 2.158663 0.267339
v -0.318867 2.158663 0.189038
v 0.335979 2.158663 0.189038
v 0.275896 2.158663 0.267339
v -0.089297 2.158663 -0.365193
v 0.008556 2.158663 -0.378075
v 0.106409 2.158663 -0.365193
v 0.197594 2.158663 -0.327423
v -0.356637 2.158663 0.097853
v 0.197594 2.158663 0.327423
v 0.275896 2.158663 -0.267339
v -0.369519 2.158663 0.000000
v 0.106409 2.158663 0.365193
v 0.335979 2.158663 -0.189038
v -0.356637 2.158663 -0.097853
v 0.008556 2.158663 0.378075
v 0.373749 2.158663 -0.097853
v -0.318867 2.158663 -0.189038
v -0.089297 2.158663 0.365193
v 0.386631 2.158663 0.000000
v -0.258783 2.158663 -0.267339
v -0.180482 2.158663 0.327423
v 0.373749 2.158663 0.097853
v -0.180482 2.158663 -0.327423
v -0.386784 1.881385 0.228249
v -0.432388 1.881385 0.118151
v -0.314237 1.881385 -0.322793
v -0.219693 1.881385 -0.395340
v 0.403896 1.881385 -0.228249
v 0.449500 1.881385 -0.118151
v 0.331350 1.881385 0.322793
v 0.236805 1.881385 0.395340
v -0.219693 1.881385 0.395340
v -0.314237 1.881385 0.322793
v -0.432388 1.881385 -0.118151
v -0.386784 1.881385 -0.228249
v 0.236805 1.881385 -0.395340
v 0.331350 1.881385 -0.322793
v 0.449500 1.881385 0.118151
v 0.403896 1.881385 0.228249
v 0.008556 1.881385 -0.456499
v 0.126707 1.881385 -0.440944
v 0.008556 1.881385 0.456499
v -0.109595 1.881385 0.440944
v -0.447943 1.881385 0.000000
v -0.109595 1.881385 -0.440944
v 0.465055 1.881385 0.000000
v 0.126707 1.881385 0.440944
v 0.008556 -0.016439 -0.385961
v 0.008556 0.053908 -0.456915
v 0.008556 -0.007014 -0.421438
v 0.008556 0.018735 -0.447409
v 0.108450 -0.016439 -0.372810
v 0.126814 0.053908 -0.441346
v 0.117632 -0.007014 -0.407078
v 0.124354 0.018735 -0.432164
v 0.201537 -0.016439 -0.334252
v 0.237014 0.053908 -0.395700
v 0.219275 -0.007014 -0.364976
v 0.232261 0.018735 -0.387468
v 0.281472 -0.016439 -0.272916
v 0.331644 0.053908 -0.323088
v 0.306558 -0.007014 -0.298002
v 0.324922 0.018735 -0.316366
v 0.342808 -0.016439 -0.192981
v 0.404256 0.053908 -0.228458
v 0.373532 -0.007014 -0.210719
v 0.396024 0.018735 -0.223705
v 0.381366 -0.016439 -0.099894
v 0.449903 0.053908 -0.118258
v 0.415634 -0.007014 -0.109076
v 0.440720 0.018735 -0.115798
v 0.394517 -0.016439 0.000000
v 0.465472 0.053908 0.000000
v 0.429994 -0.007014 0.000000
v 0.455965 0.018735 0.000000
v 0.381366 -0.016439 0.099894
v 0.449903 0.053908 0.118258
v 0.415634 -0.007014 0.109076
v 0.440720 0.018735 0.115798
v 0.342808 -0.016439 0.192981
v 0.404256 0.053908 0.228458
v 0.373532 -0.007014 0.210719
v 0.396024 0.018735 0.223705
v 0.281472 -0.016439 0.272916
v 0.331644 0.053908 0.323088
v 0.306558 -0.007014 0.298002
v 0.324922 0.018735 0.316366
v 0.201537 -0.016439 0.334252
v 0.237014 0.053908 0.395700
v 0.219275 -0.007014 0.364976
v 0.232261 0.018735 0.387468
v 0.108450 -0.016439 0.372810
v 0.126814 0.053908 0.441346
v 0.117632 -0.007014 0.407078
v 0.124354 0.018735 0.432164
v 0.008556 -0.016439 0.385961
v 0.008556 0.053908 0.456915
v 0.008556 -0.007014 0.421438
v 0.008556 0.018735 0.447409
v -0.091338 -0.016439 0.372810
v -0.109702 0.053908 0.441346
v -0.100520 -0.007014 0.407078
v -0.107242 0.018735 0.432164
v -0.184425 -0.016439 0.334252
v -0.219902 0.053908 0.395700
v -0.202163 -0.007014 0.364976
v -0.215149 0.018735 0.387468
v -0.264360 -0.016439 0.272916
v -0.314532 0.053908 0.323088
v -0.289446 -0.007014 0.298002
v -0.307810 0.018735 0.316366
v -0.325696 -0.016439 0.192981
v -0.387144 0.053908 0.228458
v -0.356420 -0.007014 0.210719
v -0.378912 0.018735 0.223705
v -0.364254 -0.016439 0.099894
v -0.432790 0.053908 0.118258
v -0.398522 -0.007014 0.109076
v -0.423608 0.018735 0.115798
v -0.377405 -0.016439 -0.000000
v -0.448359 0.053908 0.000000
v -0.412882 -0.007014 -0.000000
v -0.438853 0.018735 -0.000000
v -0.364254 -0.016439 -0.099894
v -0.432790 0.053908 -0.118258
v -0.398522 -0.007014 -0.109076
v -0.423608 0.018735 -0.115798
v -0.325696 -0.016439 -0.192981
v -0.387144 0.053908 -0.228458
v -0.356420 -0.007014 -0.210719
v -0.378912 0.018735 -0.223705
v -0.264360 -0.016439 -0.272916
v -0.314532 0.053908 -0.323088
v -0.289446 -0.007014 -0.298002
v -0.307810 0.018735 -0.316366
v -0.184425 -0.016439 -0.334252
v -0.219902 0.053908 -0.395700
v -0.202163 -0.007014 -0.364976
v -0.215149 0.018735 -0.387468
v -0.091338 -0.016439 -0.372810
v -0.109702 0.053908 -0.441346
v -0.100520 -0.007014 -0.407078
v -0.107242 0.018735 -0.432164
v -0.063591 0.112037 -0.269258
v -0.130822 0.112037 -0.241410
v -0.188554 0.112037 -0.197110
v -0.232854 0.112037 -0.139378
v -0.260702 0.112037 -0.072147
v -0.270200 0.112037 -0.000000
v -0.260702 0.112037 0.072147
v -0.232854 0.112037 0.139378
v -0.188554 0.112037 0.197110
v -0.130822 0.112037 0.241410
v -0.063591 0.112037 0.269258
v 0.008556 0.112037 0.278756
v 0.080703 0.112037 0.269258
v 0.147934 0.112037 0.241410
v 0.205666 0.112037 0.197110
v 0.249966 0.112037 0.139378
v 0.277814 0.112037 0.072147
v 0.287312 0.112037 0.000000
v 0.277814 0.112037 -0.072147
v 0.249966 0.112037 -0.139378
v 0.205666 0.112037 -0.197110
v 0.147934 0.112037 -0.241410
v 0.080703 0.112037 -0.269258
v 0.008556 0.112037 -0.278756
v -0.043611 0.149884 -0.194692
v -0.092224 0.149884 -0.174556
v -0.133968 0.149884 -0.142524
v -0.166000 0.149884 -0.100780
v -0.186136 0.149884 -0.052168
v -0.193004 0.149884 0.000000
v -0.186136 0.149884 0.052168
v -0.166000 0.149884 0.100780
v -0.133968 0.149884 0.142524
v -0.092224 0.149884 0.174556
v -0.043611 0.149884 0.194692
v 0.008556 0.149884 0.201560
v 0.060724 0.149884 0.194692
v 0.109336 0.149884 0.174556
v 0.151080 0.149884 0.142524
v 0.183112 0.149884 0.100780
v 0.203248 0.149884 0.052168
v 0.210116 0.149884 0.000000
v 0.203248 0.149884 -0.052168
v 0.183112 0.149884 -0.100780
v 0.151080 0.149884 -0.142524
v 0.109336 0.149884 -0.174556
v 0.060724 0.149884 -0.194692
v 0.008556 0.149884 -0.201560
v -0.032515 0.161343 -0.153278
v -0.070787 0.161343 -0.137425
v -0.103651 0.161343 -0.112207
v -0.128869 0.161343 -0.079343
v -0.144722 0.161343 -0.041071
v -0.150129 0.161343 0.000000
v -0.144722 0.161343 0.041071
v -0.128869 0.161343 0.079343
v -0.103651 0.161343 0.112207
v -0.070787 0.161343 0.137425
v -0.032515 0.161343 0.153278
v 0.008556 0.161343 0.158685
v 0.049627 0.161343 0.153278
v 0.087899 0.161343 0.137425
v 0.120763 0.161343 0.112207
v 0.145982 0.161343 0.079343
v 0.161834 0.161343 0.041071
v 0.167241 0.161343 0.000000
v 0.161834 0.161343 -0.041071
v 0.145982 0.161343 -0.079343
v 0.120763 0.161343 -0.112207
v 0.087899 0.161343 -0.137425
v 0.049627 0.161343 -0.153278
v 0.008556 0.161343 -0.158685
v -0.009233 0.176306 -0.066390
v -0.025810 0.176306 -0.059523
v -0.040045 0.176306 -0.048601
v -0.050967 0.176306 -0.034366
v -0.057834 0.176306 -0.017789
v -0.060176 0.176306 0.000000
v -0.057834 0.176306 0.017789
v -0.050967 0.176306 0.034366
v -0.040045 0.176306 0.048601
v -0.025810 0.176306 0.059523
v -0.009233 0.176306 0.066390
v 0.008556 0.176306 0.068732
v 0.026345 0.176306 0.066390
v 0.042922 0.176306 0.059523
v 0.057157 0.176306 0.048601
v 0.068079 0.176306 0.034366
v 0.074946 0.176306 0.017789
v 0.077288 0.176306 0.000000
v 0.074946 0.176306 -0.017789
v 0.068079 0.176306 -0.034366
v 0.057157 0.176306 -0.048601
v 0.042922 0.176306 -0.059523
v 0.026345 0.176306 -0.066390
v 0.008556 0.176306 -0.068732
v -0.029023 0.176306 -0.047150
v -0.015459 0.176306 -0.042462
v -0.000276 0.176306 -0.034857
v 0.015491 0.176306 -0.024852
v 0.030767 0.176306 -0.013131
v 0.044511 0.176306 -0.000491
v 0.055786 0.176306 0.012206
v 0.063825 0.176306 0.024095
v -0.046713 0.176306 -0.024095
v -0.038674 0.176306 -0.012206
v -0.027399 0.176306 0.000491
v -0.013655 0.176306 0.013131
v 0.001621 0.176306 0.024852
v 0.017388 0.176306 0.034857
v 0.032571 0.176306 0.042462
v 0.046135 0.176306 0.047150
v -0.381299 1.990934 0.225083
v -0.309759 1.990934 -0.318315
v 0.398411 1.990934 -0.225083
v 0.326871 1.990934 0.318315
v -0.216527 1.990934 0.389855
v -0.426271 1.990934 -0.116511
v 0.233639 1.990934 -0.389855
v 0.443383 1.990934 0.116511
v 0.008556 1.990934 -0.450166
v 0.008556 1.990934 0.450166
v -0.426271 1.990934 0.116511
v -0.216527 1.990934 -0.389855
v 0.443383 1.990934 -0.116511
v 0.233639 1.990934 0.389855
v -0.309759 1.990934 0.318315
v -0.381299 1.990934 -0.225083
v 0.326871 1.990934 -0.318315
v 0.398411 1.990934 0.225083
v 0.125068 1.990934 -0.434827
v -0.107955 1.990934 0.434827
v -0.441610 1.990934 0.000000
v -0.107955 1.990934 -0.434827
v 0.458722 1.990934 0.000000
v 0.125068 1.990934 0.434827
v -0.082808 0.051840 -0.340977
v 0.008556 1.792001 -0.452295
v -0.167947 0.051840 -0.305711
v 0.125619 1.792001 -0.436883
v -0.241056 0.051840 -0.249612
v 0.234703 1.792001 -0.391699
v -0.297155 0.051840 -0.176503
v 0.328377 1.792001 -0.319821
v -0.332421 0.051840 -0.091364
v 0.400255 1.792001 -0.226147
v -0.344449 0.051840 -0.000000
v 0.445439 1.792001 -0.117063
v -0.332421 0.051840 0.091364
v 0.460851 1.792001 0.000000
v -0.297155 0.051840 0.176503
v 0.445439 1.792001 0.117063
v -0.241056 0.051840 0.249612
v 0.400255 1.792001 0.226147
v -0.167947 0.051840 0.305711
v 0.328377 1.792001 0.319821
v -0.082808 0.051840 0.340977
v 0.234703 1.792001 0.391699
v 0.008556 0.051840 0.353005
v 0.125619 1.792001 0.436883
v 0.099920 0.051840 0.340977
v 0.008556 1.792001 0.452295
v 0.185059 0.051840 0.305711
v -0.108507 1.792001 0.436883
v 0.258168 0.051840 0.249612
v -0.217591 1.792001 0.391699
v 0.314267 0.051840 0.176503
v -0.311265 1.792001 0.319821
v 0.349533 0.051840 0.091364
v -0.383143 1.792001 0.226147
v 0.361561 0.051840 0.000000
v -0.428327 1.792001 0.117063
v 0.349533 0.051840 -0.091364
v -0.443739 1.792001 0.000000
v 0.314267 0.051840 -0.176503
v -0.428327 1.792001 -0.117063
v 0.258168 0.051840 -0.249612
v -0.383143 1.792001 -0.226147
v 0.185059 0.051840 -0.305711
v -0.311265 1.792001 -0.319821
v 0.099920 0.051840 -0.340977
v -0.217591 1.792001 -0.391699
v 0.008556 0.051840 -0.353005
v -0.108507 1.792001 -0.436883
v 0.008556 2.098574 -0.406771
v 0.113836 2.098574 -0.392911
v 0.211942 2.098574 -0.352274
v 0.296187 2.098574 -0.287630
v 0.360830 2.098574 -0.203385
v 0.401467 2.098574 -0.105280
v 0.415327 2.098574 0.000000
v 0.401467 2.098574 0.105280
v 0.360830 2.098574 0.203385
v 0.296187 2.098574 0.287630
v 0.211942 2.098574 0.352274
v 0.113836 2.098574 0.392911
v 0.008556 2.098574 0.406771
v -0.096724 2.098574 0.392911
v -0.194829 2.098574 0.352274
v -0.279074 2.098574 0.287630
v -0.343718 2.098574 0.203385
v -0.384355 2.098574 0.105280
v -0.398215 2.098574 0.000000
v -0.384355 2.098574 -0.105280
v -0.343718 2.098574 -0.203385
v -0.279074 2.098574 -0.287630
v -0.194829 2.098574 -0.352274
v -0.096724 2.098574 -0.392911
v 0.008556 2.214910 -0.322232
v 0.091956 2.214910 -0.311252
v 0.169672 2.214910 -0.279061
v 0.236408 2.214910 -0.227852
v 0.287617 2.214910 -0.161116
v 0.319808 2.214910 -0.083400
v 0.330788 2.214910 0.000000
v 0.319808 2.214910 0.083400
v 0.287617 2.214910 0.161116
v 0.236408 2.214910 0.227852
v 0.169672 2.214910 0.279061
v 0.091956 2.214910 0.311252
v 0.008556 2.214910 0.322232
v -0.074844 2.214910 0.311252
v -0.152560 2.214910 0.279061
v -0.219296 2.214910 0.227852
v -0.270505 2.214910 0.161116
v -0.302696 2.214910 0.083400
v -0.313676 2.214910 0.000000
v -0.302696 2.214910 -0.083400
v -0.270505 2.214910 -0.161116
v -0.219296 2.214910 -0.227852
v -0.152560 2.214910 -0.279061
v -0.074844 2.214910 -0.311252
v 0.008556 3.342621 -0.192506
v 0.058380 3.342621 -0.185947
v 0.104809 3.342621 -0.166715
v 0.144679 3.342621 -0.136123
v 0.175271 3.342621 -0.096253
v 0.194503 3.342621 -0.049824
v 0.201062 3.342621 -0.000000
v 0.194503 3.342621 0.049824
v 0.175271 3.342621 0.096253
v 0.144679 3.342621 0.136123
v 0.104809 3.342621 0.166715
v 0.058380 3.342621 0.185947
v 0.008556 3.342621 0.192506
v -0.041268 3.342621 0.185947
v -0.087697 3.342621 0.166715
v -0.127567 3.342621 0.136123
v -0.158159 3.342621 0.096253
v -0.177391 3.342621 0.049824
v -0.183950 3.342621 -0.000000
v -0.177391 3.342621 -0.049824
v -0.158159 3.342621 -0.096253
v -0.127567 3.342621 -0.136123
v -0.087697 3.342621 -0.166715
v -0.041268 3.342621 -0.185947
v 0.008556 3.343395 -0.219917
v 0.065475 3.343395 -0.212424
v 0.118515 3.343395 -0.190454
v 0.164061 3.343395 -0.155505
v 0.199010 3.343395 -0.109959
v 0.220980 3.343395 -0.056919
v 0.228473 3.343395 -0.000000
v 0.220980 3.343395 0.056919
v 0.199010 3.343395 0.109959
v 0.164061 3.343395 0.155505
v 0.118515 3.343395 0.190454
v 0.065475 3.343395 0.212424
v 0.008556 3.343395 0.219917
v -0.048363 3.343395 0.212424
v -0.101403 3.343395 0.190454
v -0.146949 3.343395 0.155505
v -0.181898 3.343395 0.109959
v -0.203868 3.343395 0.056919
v -0.211361 3.343395 -0.000000
v -0.203868 3.343395 -0.056919
v -0.181898 3.343395 -0.109959
v -0.146949 3.343395 -0.155505
v -0.101403 3.343395 -0.190454
v -0.048363 3.343395 -0.212424
v 0.008556 3.391267 -0.219934
v 0.065479 3.391267 -0.212440
v 0.118523 3.391267 -0.190469
v 0.164073 3.391267 -0.155517
v 0.199025 3.391267 -0.109967
v 0.220996 3.391267 -0.056923
v 0.228490 3.391267 0.000000
v 0.220996 3.391267 0.056923
v 0.199025 3.391267 0.109967
v 0.164073 3.391267 0.155517
v 0.118523 3.391267 0.190469
v 0.065479 3.391267 0.212440
v 0.008556 3.391267 0.219934
v -0.048367 3.391267 0.212440
v -0.101411 3.391267 0.190469
v -0.146961 3.391267 0.155517
v -0.181913 3.391267 0.109967
v -0.203884 3.391267 0.056923
v -0.211378 3.391267 0.000000
v -0.203884 3.391267 -0.056923
v -0.181913 3.391267 -0.109967
v -0.146961 3.391267 -0.155517
v -0.101411 3.391267 -0.190469
v -0.048367 3.391267 -0.212440
v 0.008556 3.391865 -0.191741
v 0.058182 3.391865 -0.185208
v 0.104427 3.391865 -0.166053
v 0.144137 3.391865 -0.135581
v 0.174609 3.391865 -0.095871
v 0.193764 3.391865 -0.049626
v 0.200297 3.391865 0.000000
v 0.193764 3.391865 0.049626
v 0.174609 3.391865 0.095871
v 0.144137 3.391865 0.135581
v 0.104427 3.391865 0.166053
v 0.058182 3.391865 0.185208
v 0.008556 3.391865 0.191741
v -0.041070 3.391865 0.185208
v -0.087315 3.391865 0.166053
v -0.127025 3.391865 0.135581
v -0.157497 3.391865 0.095871
v -0.176652 3.391865 0.049626
v -0.183185 3.391865 0.000000
v -0.176652 3.391865 -0.049626
v -0.157497 3.391865 -0.095871
v -0.127025 3.391865 -0.135581
v -0.087315 3.391865 -0.166053
v -0.041070 3.391865 -0.185208
v 0.008556 3.463326 -0.190240
v 0.057794 3.463326 -0.183758
v 0.103676 3.463326 -0.164753
v 0.143076 3.463326 -0.134520
v 0.173309 3.463326 -0.095120
v 0.192314 3.463326 -0.049238
v 0.198796 3.463326 0.000000
v 0.192314 3.463326 0.049238
v 0.173309 3.463326 0.095120
v 0.143076 3.463326 0.134520
v 0.103676 3.463326 0.164753
v 0.057794 3.463326 0.183758
v 0.008556 3.463326 0.190240
v -0.040682 3.463326 0.183758
v -0.086564 3.463326 0.164753
v -0.125964 3.463326 0.134520
v -0.156197 3.463326 0.095120
v -0.175202 3.463326 0.049238
v -0.181684 3.463326 0.000000
v -0.175202 3.463326 -0.049238
v -0.156197 3.463326 -0.095120
v -0.125964 3.463326 -0.134520
v -0.086564 3.463326 -0.164753
v -0.040682 3.463326 -0.183758
v -0.213380 3.367362 -0.059467
v -0.190426 3.367362 -0.114882
v 0.008556 3.367362 0.229765
v -0.050911 3.367362 0.221936
v 0.230492 3.367362 -0.059467
v 0.238321 3.367362 -0.000000
v -0.153912 3.367362 -0.162468
v -0.106326 3.367362 0.198982
v 0.230492 3.367362 0.059467
v -0.106326 3.367362 -0.198982
v -0.153912 3.367362 0.162468
v 0.207538 3.367362 0.114882
v -0.050911 3.367362 -0.221936
v 0.008556 3.367362 -0.229765
v 0.068023 3.367362 -0.221936
v -0.190426 3.367362 0.114882
v 0.171024 3.367362 0.162468
v 0.123438 3.367362 -0.198982
v -0.213380 3.367362 0.059467
v 0.123438 3.367362 0.198982
v 0.171024 3.367362 -0.162468
v -0.221209 3.367362 -0.000000
v 0.068023 3.367362 0.221936
v 0.207538 3.367362 -0.114882
v -0.211110 3.379563 -0.058859
v 0.008556 3.379563 0.227415
v 0.228222 3.379563 -0.058859
v 0.008556 3.379563 -0.227415
v -0.188392 3.379563 -0.113708
v -0.050303 3.379563 0.219666
v 0.235971 3.379563 -0.000000
v -0.152251 3.379563 -0.160807
v -0.105152 3.379563 0.196948
v 0.228222 3.379563 0.058859
v -0.105152 3.379563 -0.196948
v -0.152251 3.379563 0.160807
v 0.205504 3.379563 0.113708
v -0.050303 3.379563 -0.219666
v 0.067415 3.379563 -0.219666
v -0.188392 3.379563 0.113708
v 0.169363 3.379563 0.160807
v 0.122264 3.379563 -0.196948
v -0.211110 3.379563 0.058859
v 0.122264 3.379563 0.196948
v 0.169363 3.379563 -0.160807
v -0.218859 3.379563 -0.000000
v 0.067415 3.379563 0.219666
v 0.205504 3.379563 -0.113708
v -0.188249 3.355117 -0.113626
v -0.050261 3.355117 0.219508
v 0.235807 3.355117 0.000000
v -0.152135 3.355117 -0.160691
v -0.105070 3.355117 0.196805
v 0.228064 3.355117 0.058817
v -0.105070 3.355117 -0.196805
v -0.152135 3.355117 0.160691
v 0.205361 3.355117 0.113626
v -0.050261 3.355117 -0.219508
v 0.067373 3.355117 -0.219508
v -0.188249 3.355117 0.113626
v 0.169247 3.355117 0.160691
v 0.122182 3.355117 -0.196805
v -0.210952 3.355117 0.058817
v 0.122182 3.355117 0.196805
v 0.169247 3.355117 -0.160691
v -0.218695 3.355117 0.000000
v 0.067373 3.355117 0.219508
v 0.205361 3.355117 -0.113626
v -0.210952 3.355117 -0.058817
v 0.008556 3.355117 0.227251
v 0.228064 3.355117 -0.058817
v 0.008556 3.355117 -0.227251
v -0.256115 2.155996 0.264671
v -0.315599 2.155996 0.187151
v 0.332711 2.155996 0.187151
v 0.273227 2.155996 0.264671
v -0.088320 2.155996 -0.361548
v 0.008556 2.155996 -0.374302
v 0.105433 2.155996 -0.361548
v 0.195707 2.155996 -0.324155
v -0.352992 2.155996 0.096876
v 0.195707 2.155996 0.324155
v 0.273227 2.155996 -0.264671
v -0.365746 2.155996 0.000000
v 0.105433 2.155996 0.361548
v 0.332711 2.155996 -0.187151
v -0.352992 2.155996 -0.096876
v 0.008556 2.155996 0.374302
v 0.370104 2.155996 -0.096876
v -0.315599 2.155996 -0.187151
v -0.088320 2.155996 0.361548
v 0.382858 2.155996 0.000000
v -0.256115 2.155996 -0.264671
v -0.178595 2.155996 0.324155
v 0.370104 2.155996 0.096876
v -0.178595 2.155996 -0.324155
v -0.382784 1.881241 0.225940
v -0.427927 1.881241 0.116955
v -0.310972 1.881241 -0.319528
v -0.217384 1.881241 -0.391340
v 0.399896 1.881241 -0.225940
v 0.445039 1.881241 -0.116955
v 0.328084 1.881241 0.319528
v 0.234496 1.881241 0.391340
v -0.217384 1.881241 0.391340
v -0.310972 1.881241 0.319528
v -0.427927 1.881241 -0.116955
v -0.382784 1.881241 -0.225940
v 0.234496 1.881241 -0.391340
v 0.328084 1.881241 -0.319528
v 0.445039 1.881241 0.116955
v 0.399896 1.881241 0.225940
v 0.008556 1.881241 -0.451881
v 0.125511 1.881241 -0.436483
v 0.008556 1.881241 0.451881
v -0.108399 1.881241 0.436483
v -0.443324 1.881241 0.000000
v -0.108399 1.881241 -0.436483
v 0.460437 1.881241 0.000000
v 0.125511 1.881241 0.436483
v 0.008556 -0.012102 -0.387556
v 0.008556 0.054510 -0.452334
v 0.008556 -0.003048 -0.419068
v 0.008556 0.021016 -0.443391
v 0.108863 -0.012102 -0.374350
v 0.125629 0.054510 -0.436921
v 0.117019 -0.003048 -0.404789
v 0.123314 0.021016 -0.428283
v 0.202334 -0.012102 -0.335633
v 0.234723 0.054510 -0.391733
v 0.218090 -0.003048 -0.362924
v 0.230252 0.021016 -0.383988
v 0.282599 -0.012102 -0.274043
v 0.328405 0.054510 -0.319849
v 0.304882 -0.003048 -0.296326
v 0.322081 0.021016 -0.313525
v 0.344189 -0.012102 -0.193778
v 0.400289 0.054510 -0.226167
v 0.371480 -0.003048 -0.209534
v 0.392544 0.021016 -0.221696
v 0.382906 -0.012102 -0.100307
v 0.445477 0.054510 -0.117073
v 0.413345 -0.003048 -0.108463
v 0.436839 0.021016 -0.114758
v 0.396112 -0.012102 0.000000
v 0.460890 0.054510 0.000000
v 0.427624 -0.003048 0.000000
v 0.451947 0.021016 0.000000
v 0.382906 -0.012102 0.100307
v 0.445477 0.054510 0.117073
v 0.413345 -0.003048 0.108463
v 0.436839 0.021016 0.114758
v 0.344189 -0.012102 0.193778
v 0.400289 0.054510 0.226167
v 0.371480 -0.003048 0.209534
v 0.392544 0.021016 0.221696
v 0.282599 -0.012102 0.274043
v 0.328405 0.054510 0.319849
v 0.304882 -0.003048 0.296326
v 0.322081 0.021016 0.313525
v 0.202334 -0.012102 0.335633
v 0.234723 0.054510 0.391733
v 0.218090 -0.003048 0.362924
v 0.230252 0.021016 0.383988
v 0.108863 -0.012102 0.374350
v 0.125629 0.054510 0.436921
v 0.117019 -0.003048 0.404789
v 0.123314 0.021016 0.428283
v 0.008556 -0.012102 0.387556
v 0.008556 0.054510 0.452334
v 0.008556 -0.003048 0.419068
v 0.008556 0.021016 0.443391
v -0.091751 -0.012102 0.374350
v -0.108517 0.054510 0.436921
v -0.099907 -0.003048 0.404789
v -0.106202 0.021016 0.428283
v -0.185222 -0.012102 0.335633
v -0.217611 0.054510 0.391733
v -0.200978 -0.003048 0.362924
v -0.213139 0.021016 0.383988
v -0.265487 -0.012102 0.274043
v -0.311293 0.054510 0.319849
v -0.287770 -0.003048 0.296326
v -0.304969 0.021016 0.313525
v -0.327077 -0.012102 0.193778
v -0.383177 0.054510 0.226167
v -0.354367 -0.003048 0.209534
v -0.375432 0.021016 0.221696
v -0.365794 -0.012102 0.100307
v -0.428365 0.054510 0.117073
v -0.396233 -0.003048 0.108463
v -0.419727 0.021016 0.114758
v -0.379000 -0.012102 -0.000000
v -0.443778 0.054510 0.000000
v -0.410512 -0.003048 -0.000000
v -0.434835 0.021016 -0.000000
v -0.365794 -0.012102 -0.100307
v -0.428365 0.054510 -0.117073
v -0.396233 -0.003048 -0.108463
v -0.419727 0.021016 -0.114758
v -0.327077 -0.012102 -0.193778
v -0.383177 0.054510 -0.226167
v -0.354367 -0.003048 -0.209534
v -0.375432 0.021016 -0.221696
v -0.265487 -0.012102 -0.274043
v -0.311293 0.054510 -0.319849
v -0.287770 -0.003048 -0.296326
v -0.304969 0.021016 -0.313525
v -0.185222 -0.012102 -0.335633
v -0.217611 0.054510 -0.391733
v -0.200978 -0.003048 -0.362924
v -0.213139 0.021016 -0.383988
v -0.091751 -0.012102 -0.374350
v -0.108517 0.054510 -0.436921
v -0.099907 -0.003048 -0.404789
v -0.106202 0.021016 -0.428283
v -0.064268 0.115846 -0.271784
v -0.132130 0.115846 -0.243675
v -0.190404 0.115846 -0.198960
v -0.235119 0.115846 -0.140686
v -0.263228 0.115846 -0.072824
v -0.272815 0.115846 -0.000000
v -0.263228 0.115846 0.072824
v -0.235119 0.115846 0.140686
v -0.190404 0.115846 0.198960
v -0.132130 0.115846 0.243675
v -0.064268 0.115846 0.271784
v 0.008556 0.115846 0.281372
v 0.081380 0.115846 0.271784
v 0.149242 0.115846 0.243675
v 0.207516 0.115846 0.198960
v 0.252231 0.115846 0.140686
v 0.280340 0.115846 0.072824
v 0.289928 0.115846 0.000000
v 0.280340 0.115846 -0.072824
v 0.252231 0.115846 -0.140686
v 0.207516 0.115846 -0.198960
v 0.149242 0.115846 -0.243675
v 0.081380 0.115846 -0.271784
v 0.008556 0.115846 -0.281372
v -0.044040 0.154199 -0.196289
v -0.093051 0.154199 -0.175988
v -0.135138 0.154199 -0.143694
v -0.167432 0.154199 -0.101607
v -0.187733 0.154199 -0.052596
v -0.194658 0.154199 0.000000
v -0.187733 0.154199 0.052596
v -0.167432 0.154199 0.101607
v -0.135138 0.154199 0.143694
v -0.093051 0.154199 0.175988
v -0.044040 0.154199 0.196289
v 0.008556 0.154199 0.203214
v 0.061152 0.154199 0.196289
v 0.110163 0.154199 0.175988
v 0.152250 0.154199 0.143694
v 0.184544 0.154199 0.101607
v 0.204845 0.154199 0.052596
v 0.211770 0.154199 0.000000
v 0.204845 0.154199 -0.052596
v 0.184544 0.154199 -0.101607
v 0.152250 0.154199 -0.143694
v 0.110163 0.154199 -0.175988
v 0.061152 0.154199 -0.196289
v 0.008556 0.154199 -0.203214
v -0.032772 0.165856 -0.154239
v -0.071284 0.165856 -0.138287
v -0.104355 0.165856 -0.112911
v -0.129731 0.165856 -0.079840
v -0.145683 0.165856 -0.041328
v -0.151124 0.165856 0.000000
v -0.145683 0.165856 0.041328
v -0.129731 0.165856 0.079840
v -0.104355 0.165856 0.112911
v -0.071284 0.165856 0.138287
v -0.032772 0.165856 0.154239
v 0.008556 0.165856 0.159680
v 0.049884 0.165856 0.154239
v 0.088396 0.165856 0.138287
v 0.121467 0.165856 0.112911
v 0.146843 0.165856 0.079840
v 0.162795 0.165856 0.041328
v 0.168236 0.165856 0.000000
v 0.162795 0.165856 -0.041328
v 0.146843 0.165856 -0.079840
v 0.121467 0.165856 -0.112911
v 0.088396 0.165856 -0.138287
v 0.049884 0.165856 -0.154239
v 0.008556 0.165856 -0.159680
v -0.009340 0.180908 -0.066787
v -0.026016 0.180908 -0.059880
v -0.040336 0.180908 -0.048892
v -0.051324 0.180908 -0.034572
v -0.058231 0.180908 -0.017896
v -0.060587 0.180908 0.000000
v -0.058231 0.180908 0.017896
v -0.051324 0.180908 0.034572
v -0.040336 0.180908 0.048892
v -0.026016 0.180908 0.059880
v -0.009340 0.180908 0.066787
v 0.008556 0.180908 0.069143
v 0.026452 0.180908 0.066787
v 0.043128 0.180908 0.059880
v 0.057448 0.180908 0.048892
v 0.068436 0.180908 0.034572
v 0.075343 0.180908 0.017896
v 0.077699 0.180908 0.000000
v 0.075343 0.180908 -0.017896
v 0.068436 0.180908 -0.034572
v 0.057448 0.180908 -0.048892
v 0.043128 0.180908 -0.059880
v 0.026452 0.180908 -0.066787
v 0.008556 0.180908 -0.069143
v -0.029023 0.180927 -0.047150
v -0.015459 0.180927 -0.042462
v -0.000276 0.180927 -0.034857
v 0.015491 0.180927 -0.024852
v 0.030767 0.180927 -0.013131
v 0.044511 0.180927 -0.000491
v 0.055786 0.180927 0.012206
v 0.063825 0.180927 0.024095
v -0.046713 0.180927 -0.024095
v -0.038674 0.180927 -0.012206
v -0.027399 0.180927 0.000491
v -0.013655 0.180927 0.013131
v 0.001621 0.180927 0.024852
v 0.017388 0.180927 0.034857
v 0.032571 0.180927 0.042462
v 0.046135 0.180927 0.047150
v -0.377376 1.990024 0.222818
v -0.306556 1.990024 -0.315112
v 0.394488 1.990024 -0.222818
v 0.323668 1.990024 0.315112
v -0.214262 1.990024 0.385932
v -0.421895 1.990024 -0.115339
v 0.231374 1.990024 -0.385932
v 0.439007 1.990024 0.115339
v 0.008556 1.990024 -0.445636
v 0.008556 1.990024 0.445636
v -0.421895 1.990024 0.115339
v -0.214262 1.990024 -0.385932
v 0.439007 1.990024 -0.115339
v 0.231374 1.990024 0.385932
v -0.306556 1.990024 0.315112
v -0.377376 1.990024 -0.222818
v 0.323668 1.990024 -0.315112
v 0.394488 1.990024 0.222818
v 0.123895 1.990024 -0.430451
v -0.106783 1.990024 0.430451
v -0.437080 1.990024 0.000000
v -0.106783 1.990024 -0.430451
v 0.454192 1.990024 0.000000
v 0.123895 1.990024 0.430451
v 0.008556 3.402437 -0.214750
v 0.064137 3.402437 -0.207432
v 0.115931 3.402437 -0.185979
v 0.160407 3.402437 -0.151851
v 0.194534 3.402437 -0.107375
v 0.215988 3.402437 -0.055581
v 0.223306 3.402437 -0.000000
v 0.215988 3.402437 0.055581
v 0.194534 3.402437 0.107375
v 0.160407 3.402437 0.151851
v 0.115931 3.402437 0.185979
v 0.064137 3.402437 0.207432
v 0.008556 3.402437 0.214750
v -0.047025 3.402437 0.207432
v -0.098819 3.402437 0.185979
v -0.143295 3.402437 0.151851
v -0.177423 3.402437 0.107375
v -0.198876 3.402437 0.055581
v -0.206194 3.402437 -0.000000
v -0.198876 3.402437 -0.055581
v -0.177423 3.402437 -0.107375
v -0.143295 3.402437 -0.151851
v -0.098819 3.402437 -0.185979
v -0.047025 3.402437 -0.207432
v 0.010587 3.474766 -0.173888
v 0.060513 3.474738 -0.144060
v 0.110565 3.474737 -0.102009
v 0.152616 3.474737 -0.051957
v 0.182444 3.474766 -0.002031
v -0.038406 3.474737 -0.142622
v 0.011378 3.474737 -0.104001
v 0.064136 3.474737 -0.055580
v 0.112557 3.474737 -0.002822
v 0.151178 3.474737 0.046962
v -0.089813 3.474737 -0.098369
v -0.043818 3.474737 -0.052374
v 0.008556 3.474737 0.000000
v 0.060930 3.474738 0.052374
v 0.106925 3.474738 0.098369
v -0.134066 3.474737 -0.046962
v -0.095445 3.474738 0.002822
v -0.047024 3.474738 0.055580
v 0.005734 3.474738 0.104001
v 0.055518 3.474738 0.142622
v -0.165332 3.474766 0.002031
v -0.135504 3.474738 0.051957
v -0.093453 3.474738 0.102009
v -0.043401 3.474738 0.144060
v 0.006525 3.474766 0.173888
v 0.008546 3.448229 -0.208955
v 0.008219 3.474505 -0.192832
v 0.008482 3.462739 -0.205367
v 0.008325 3.468863 -0.201802
v 0.008091 3.472954 -0.197273
v 0.036253 3.474600 -0.185941
v 0.062382 3.448229 -0.201846
v 0.047198 3.472946 -0.191102
v 0.054608 3.468848 -0.195167
v 0.059723 3.462737 -0.198453
v 0.086773 3.474555 -0.162437
v 0.112835 3.448229 -0.180930
v 0.097568 3.472919 -0.169358
v 0.104673 3.468847 -0.174026
v 0.109703 3.462736 -0.177620
v 0.134186 3.474536 -0.125630
v 0.156209 3.448229 -0.147653
v 0.143127 3.472915 -0.134571
v 0.148812 3.468848 -0.140256
v 0.152990 3.462736 -0.144434
v 0.170957 3.474539 -0.078200
v 0.189486 3.448229 -0.104279
v 0.177890 3.472909 -0.089000
v 0.182582 3.468847 -0.096117
v 0.186176 3.462736 -0.101147
v 0.194497 3.474600 -0.027697
v 0.210402 3.448229 -0.053826
v 0.199565 3.472911 -0.038623
v 0.203723 3.468848 -0.046052
v 0.207009 3.462736 -0.051167
v 0.201388 3.474505 0.000337
v 0.217511 3.448229 0.000010
v 0.205829 3.472954 0.000465
v 0.210358 3.468863 0.000231
v 0.213923 3.462739 0.000074
v 0.194753 3.474602 0.026581
v 0.210407 3.448229 0.053820
v 0.199925 3.472946 0.038362
v 0.203854 3.468848 0.045913
v 0.207051 3.462736 0.051122
v 0.170853 3.474549 0.076731
v 0.189490 3.448229 0.104271
v 0.178106 3.472920 0.088592
v 0.182675 3.468846 0.095906
v 0.186206 3.462736 0.101080
v 0.133328 3.474528 0.124772
v 0.156207 3.448229 0.147651
v 0.143049 3.472915 0.134493
v 0.148773 3.468848 0.140217
v 0.152978 3.462736 0.144422
v 0.085274 3.474537 0.162271
v 0.112827 3.448229 0.180934
v 0.097132 3.472908 0.169520
v 0.104462 3.468846 0.174119
v 0.109636 3.462736 0.177650
v 0.035137 3.474602 0.186197
v 0.062376 3.448229 0.201852
v 0.046898 3.472910 0.191271
v 0.054469 3.468848 0.195298
v 0.059678 3.462736 0.198495
v 0.008893 3.474505 0.192832
v 0.008566 3.448229 0.208955
v 0.009021 3.472954 0.197273
v 0.008787 3.468863 0.201802
v 0.008630 3.462739 0.205367
v -0.019141 3.474600 0.185941
v -0.045270 3.448229 0.201846
v -0.030085 3.472945 0.191102
v -0.037496 3.468848 0.195167
v -0.042611 3.462736 0.198453
v -0.069661 3.474555 0.162437
v -0.095723 3.448229 0.180930
v -0.080456 3.472919 0.169358
v -0.087561 3.468847 0.174026
v -0.092591 3.462736 0.177620
v -0.117074 3.474536 0.125630
v -0.139097 3.448229 0.147653
v -0.126015 3.472915 0.134571
v -0.131699 3.468848 0.140255
v -0.135878 3.462736 0.144434
v -0.153845 3.474539 0.078200
v -0.172374 3.448229 0.104279
v -0.160778 3.472909 0.089000
v -0.165470 3.468847 0.096117
v -0.169064 3.462736 0.101147
v -0.177385 3.474600 0.027697
v -0.193290 3.448229 0.053826
v -0.182453 3.472911 0.038623
v -0.186611 3.468848 0.046052
v -0.189897 3.462736 0.051167
v -0.184276 3.474505 -0.000337
v -0.200399 3.448229 -0.000010
v -0.188717 3.472954 -0.000465
v -0.193246 3.468863 -0.000231
v -0.196811 3.462739 -0.000074
v -0.177641 3.474602 -0.026581
v -0.193295 3.448229 -0.053820
v -0.182813 3.472946 -0.038362
v -0.186742 3.468848 -0.045913
v -0.189939 3.462736 -0.051122
v -0.153741 3.474549 -0.076731
v -0.172378 3.448229 -0.104271
v -0.160994 3.472920 -0.088592
v -0.165563 3.468846 -0.095906
v -0.169094 3.462736 -0.101080
v -0.116216 3.474528 -0.124772
v -0.139095 3.448229 -0.147651
v -0.125937 3.472915 -0.134493
v -0.131661 3.468848 -0.140217
v -0.135866 3.462736 -0.144422
v -0.068162 3.474537 -0.162271
v -0.095715 3.448229 -0.180934
v -0.080020 3.472908 -0.169520
v -0.087350 3.468846 -0.174119
v -0.092524 3.462736 -0.177650
v -0.018025 3.474602 -0.186197
v -0.045264 3.448229 -0.201852
v -0.029786 3.472910 -0.191271
v -0.037357 3.468848 -0.195298
v -0.042566 3.462736 -0.198495
v 0.036586 3.402437 -0.212910
v 0.090736 3.402436 -0.198400
v 0.139286 3.402436 -0.170370
v 0.178926 3.402436 -0.130730
v 0.206956 3.402436 -0.082180
v 0.221466 3.402436 -0.028030
v 0.221466 3.402436 0.028030
v 0.206956 3.402436 0.082180
v 0.178926 3.402436 0.130730
v 0.139286 3.402436 0.170370
v 0.090736 3.402436 0.198400
v 0.036586 3.402436 0.212910
v -0.019474 3.402436 0.212910
v -0.073624 3.402436 0.198400
v -0.122174 3.402436 0.170370
v -0.161814 3.402436 0.130730
v -0.189844 3.402436 0.082180
v -0.204354 3.402436 0.028030
v -0.204354 3.402436 -0.028030
v -0.189844 3.402436 -0.082180
v -0.161814 3.402436 -0.130730
v -0.122174 3.402436 -0.170370
v -0.073624 3.402436 -0.198400
v -0.019474 3.402436 -0.212910
v -0.012058 3.474738 -0.160515
v -0.064725 3.474737 -0.121663
v -0.113107 3.474737 -0.073281
v -0.151959 3.474737 -0.020614
v 0.034059 3.474738 -0.161027
v -0.015044 3.474737 -0.125264
v 0.037973 3.474737 -0.126364
v -0.068531 3.474737 -0.077087
v -0.016289 3.474737 -0.079006
v -0.116708 3.474737 -0.023600
v -0.070450 3.474737 -0.024845
v -0.152471 3.474737 0.025503
v -0.117808 3.474737 0.029417
v 0.086356 3.474737 -0.124211
v 0.038078 3.474737 -0.080547
v 0.089569 3.474737 -0.081014
v -0.017857 3.474737 -0.026413
v 0.036750 3.474737 -0.028194
v -0.071991 3.474737 0.029522
v -0.019638 3.474737 0.028194
v -0.115655 3.474737 0.077800
v -0.072458 3.474737 0.081014
v 0.132767 3.474737 -0.077800
v 0.089103 3.474737 -0.029522
v 0.134920 3.474737 -0.029417
v 0.034969 3.474737 0.026413
v 0.087562 3.474737 0.024845
v -0.020966 3.474737 0.080547
v 0.033401 3.474737 0.079006
v -0.069244 3.474737 0.124211
v -0.020861 3.474738 0.126364
v 0.169583 3.474737 -0.025503
v 0.133820 3.474737 0.023600
v 0.169071 3.474737 0.020614
v 0.085643 3.474737 0.077087
v 0.130219 3.474737 0.073281
v 0.032156 3.474737 0.125264
v 0.081837 3.474737 0.121663
v -0.016947 3.474738 0.161027
v 0.029170 3.474738 0.160515
v 0.061229 3.458290 -0.199796
v 0.035665 3.448229 -0.207170
v 0.008524 3.458290 -0.206806
v 0.034086 3.462738 -0.203652
v 0.057511 3.465996 -0.196947
v 0.008415 3.466003 -0.203735
v 0.030929 3.468857 -0.200204
v 0.051131 3.471200 -0.193218
v 0.008216 3.471209 -0.199626
v 0.026321 3.472937 -0.195833
v 0.042662 3.474040 -0.188790
v 0.008023 3.474039 -0.194848
v 0.018574 3.474582 -0.190983
v 0.111300 3.458289 -0.179000
v 0.088266 3.448229 -0.193044
v 0.085187 3.462736 -0.189711
v 0.107501 3.465996 -0.175992
v 0.079685 3.468845 -0.186354
v 0.101317 3.471180 -0.171783
v 0.071773 3.472904 -0.182056
v 0.093217 3.474011 -0.166582
v 0.060276 3.474571 -0.176218
v 0.154455 3.458289 -0.145899
v 0.135613 3.448229 -0.165710
v 0.132450 3.462736 -0.162438
v 0.151129 3.465996 -0.142573
v 0.127902 3.468848 -0.158567
v 0.146113 3.471184 -0.137557
v 0.121589 3.472914 -0.153409
v 0.139636 3.473999 -0.131080
v 0.111709 3.474534 -0.145442
v 0.187556 3.458289 -0.102744
v 0.174266 3.448229 -0.127057
v 0.170994 3.462736 -0.123894
v 0.184548 3.465996 -0.098945
v 0.167123 3.468848 -0.119346
v 0.180339 3.471180 -0.092761
v 0.161965 3.472914 -0.113033
v 0.175092 3.473990 -0.084637
v 0.154009 3.474540 -0.103161
v 0.208352 3.458290 -0.052673
v 0.201600 3.448229 -0.079710
v 0.198267 3.462736 -0.076631
v 0.205503 3.465997 -0.048955
v 0.194910 3.468845 -0.071129
v 0.201724 3.471182 -0.042564
v 0.190688 3.472934 -0.063243
v 0.197302 3.474023 -0.034098
v 0.184774 3.474571 -0.051720
v 0.215362 3.458290 0.000032
v 0.215726 3.448229 -0.027109
v 0.212208 3.462739 -0.025530
v 0.212291 3.466003 0.000141
v 0.208760 3.468858 -0.022373
v 0.208182 3.471210 0.000340
v 0.204419 3.472948 -0.017768
v 0.203404 3.474039 0.000533
v 0.199591 3.474602 -0.010021
v 0.208370 3.458290 0.052654
v 0.215730 3.448229 0.027119
v 0.212234 3.462739 0.025604
v 0.205583 3.465997 0.048870
v 0.208843 3.468858 0.022603
v 0.201970 3.471201 0.042371
v 0.204558 3.472940 0.018228
v 0.197667 3.474041 0.033660
v 0.199694 3.474582 0.010016
v 0.187569 3.458289 0.102715
v 0.201606 3.448229 0.079699
v 0.198309 3.462736 0.076546
v 0.184605 3.465995 0.098816
v 0.195039 3.468844 0.070864
v 0.180475 3.471179 0.092451
v 0.190871 3.472902 0.062684
v 0.175329 3.474010 0.084015
v 0.184915 3.474571 0.050143
v 0.154449 3.458289 0.145893
v 0.174268 3.448229 0.127052
v 0.171005 3.462736 0.123855
v 0.151106 3.465996 0.142550
v 0.167158 3.468848 0.119223
v 0.146056 3.471183 0.137500
v 0.162035 3.472914 0.112786
v 0.139444 3.473996 0.130888
v 0.153510 3.474527 0.101945
v 0.111271 3.458289 0.179013
v 0.135608 3.448229 0.165711
v 0.132411 3.462736 0.162449
v 0.107372 3.465995 0.176049
v 0.127779 3.468848 0.158602
v 0.101007 3.471179 0.171919
v 0.121342 3.472914 0.153479
v 0.092545 3.473988 0.166721
v 0.110510 3.474534 0.144967
v 0.061210 3.458290 0.199814
v 0.088255 3.448229 0.193050
v 0.085102 3.462736 0.189753
v 0.057426 3.465997 0.197027
v 0.079420 3.468844 0.186483
v 0.050915 3.471181 0.193360
v 0.071269 3.472934 0.182399
v 0.042210 3.474026 0.189073
v 0.058699 3.474571 0.176359
v 0.008588 3.458290 0.206805
v 0.035675 3.448229 0.207174
v 0.034160 3.462739 0.203678
v 0.008697 3.466003 0.203735
v 0.031159 3.468859 0.200287
v 0.008896 3.471209 0.199626
v 0.026786 3.472948 0.196024
v 0.009089 3.474039 0.194848
v 0.018575 3.474602 0.191191
v -0.044117 3.458290 0.199796
v -0.018553 3.448229 0.207170
v -0.016974 3.462739 0.203652
v -0.040399 3.465997 0.196947
v -0.013817 3.468858 0.200204
v -0.034019 3.471200 0.193218
v -0.009209 3.472937 0.195833
v -0.025550 3.474040 0.188790
v -0.001462 3.474582 0.190983
v -0.094188 3.458289 0.179000
v -0.071154 3.448229 0.193044
v -0.068075 3.462736 0.189711
v -0.090389 3.465996 0.175992
v -0.062573 3.468845 0.186354
v -0.084205 3.471180 0.171783
v -0.054661 3.472904 0.182056
v -0.076105 3.474011 0.166582
v -0.043164 3.474571 0.176218
v -0.137343 3.458289 0.145899
v -0.118501 3.448229 0.165710
v -0.115338 3.462736 0.162438
v -0.134017 3.465996 0.142573
v -0.110790 3.468848 0.158567
v -0.129001 3.471184 0.137557
v -0.104477 3.472914 0.153409
v -0.122524 3.473998 0.131080
v -0.094597 3.474534 0.145442
v -0.170444 3.458289 0.102744
v -0.157154 3.448229 0.127057
v -0.153882 3.462736 0.123894
v -0.167436 3.465996 0.098945
v -0.150011 3.468848 0.119346
v -0.163227 3.471180 0.092761
v -0.144853 3.472914 0.113033
v -0.157980 3.473990 0.084637
v -0.136897 3.474540 0.103161
v -0.191240 3.458290 0.052673
v -0.184488 3.448229 0.079710
v -0.181155 3.462736 0.076631
v -0.188391 3.465997 0.048955
v -0.177798 3.468845 0.071129
v -0.184612 3.471182 0.042564
v -0.173576 3.472934 0.063243
v -0.180190 3.474023 0.034098
v -0.167662 3.474571 0.051720
v -0.198250 3.458290 -0.000032
v -0.198614 3.448229 0.027109
v -0.195096 3.462739 0.025530
v -0.195179 3.466003 -0.000141
v -0.191648 3.468858 0.022373
v -0.191070 3.471210 -0.000340
v -0.187307 3.472948 0.017768
v -0.186292 3.474039 -0.000533
v -0.182479 3.474602 0.010021
v -0.191258 3.458290 -0.052654
v -0.198618 3.448229 -0.027119
v -0.195122 3.462739 -0.025604
v -0.188471 3.465997 -0.048870
v -0.191731 3.468858 -0.022603
v -0.184858 3.471201 -0.042371
v -0.187446 3.472940 -0.018228
v -0.180555 3.474041 -0.033660
v -0.182582 3.474582 -0.010016
v -0.170457 3.458289 -0.102715
v -0.184494 3.448229 -0.079699
v -0.181197 3.462736 -0.076546
v -0.167493 3.465995 -0.098816
v -0.177927 3.468844 -0.070864
v -0.163363 3.471179 -0.092451
v -0.173759 3.472902 -0.062684
v -0.158217 3.474010 -0.084015
v -0.167803 3.474571 -0.050143
v -0.137337 3.458289 -0.145893
v -0.157155 3.448229 -0.127052
v -0.153893 3.462736 -0.123855
v -0.133994 3.465996 -0.142550
v -0.150046 3.468848 -0.119223
v -0.128944 3.471183 -0.137500
v -0.144923 3.472914 -0.112786
v -0.122332 3.473996 -0.130888
v -0.136398 3.474527 -0.101945
v -0.094159 3.458289 -0.179013
v -0.118496 3.448229 -0.165711
v -0.115299 3.462736 -0.162449
v -0.090260 3.465995 -0.176049
v -0.110667 3.468848 -0.158602
v -0.083895 3.471179 -0.171919
v -0.104230 3.472914 -0.153479
v -0.075433 3.473988 -0.166721
v -0.093398 3.474534 -0.144967
v -0.044098 3.458290 -0.199814
v -0.071143 3.448229 -0.193050
v -0.067990 3.462736 -0.189753
v -0.040314 3.465996 -0.197027
v -0.062308 3.468844 -0.186483
v -0.033803 3.471181 -0.193360
v -0.054157 3.472934 -0.182399
v -0.025098 3.474026 -0.189073
v -0.041587 3.474571 -0.176359
v -0.018563 3.448228 -0.207174
v -0.017048 3.462738 -0.203678
v -0.014047 3.468858 -0.200287
v -0.009674 3.472948 -0.196024
v -0.001463 3.474602 -0.191191
v -0.006626 3.474786 -0.181777
v 0.026290 3.474780 -0.181738
v 0.008555 3.408748 -0.214575
v -0.046947 3.408748 -0.207266
v 0.064059 3.408748 -0.207265
v 0.115818 3.408748 -0.185824
v 0.076455 3.474717 -0.155570
v 0.160271 3.408748 -0.151715
v 0.125069 3.474707 -0.116513
v 0.194380 3.408748 -0.107262
v 0.164126 3.474717 -0.067899
v 0.215821 3.408748 -0.055503
v 0.190302 3.474783 -0.017735
v 0.223131 3.408748 0.000001
v 0.190302 3.474774 0.015180
v 0.215822 3.408748 0.055503
v 0.194380 3.408748 0.107261
v 0.163223 3.474712 0.064666
v 0.160270 3.408748 0.151715
v 0.122770 3.474706 0.114214
v 0.115817 3.408748 0.185824
v 0.073222 3.474712 0.154667
v 0.064059 3.408748 0.207266
v 0.023738 3.474786 0.181777
v 0.008557 3.408748 0.214575
v -0.009178 3.474780 0.181737
v -0.046947 3.408748 0.207265
v -0.098706 3.408748 0.185824
v -0.059343 3.474717 0.155570
v -0.143159 3.408748 0.151715
v -0.107957 3.474707 0.116513
v -0.177268 3.408748 0.107262
v -0.147014 3.474717 0.067899
v -0.198709 3.408748 0.055503
v -0.173190 3.474784 0.017735
v -0.206019 3.408748 -0.000001
v -0.173190 3.474774 -0.015180
v -0.198710 3.408748 -0.055503
v -0.177268 3.408748 -0.107261
v -0.146111 3.474712 -0.064666
v -0.143158 3.408748 -0.151715
v -0.105658 3.474706 -0.114213
v -0.098705 3.408748 -0.185824
v -0.056110 3.474712 -0.154667
v 0.011449 3.474737 -0.145479
v -0.042110 3.474737 -0.102173
v -0.093617 3.474737 -0.050666
v -0.136923 3.474737 0.002893
v 0.064341 3.474737 -0.104672
v 0.010284 3.474737 -0.054100
v -0.045544 3.474737 0.001728
v -0.096116 3.474737 0.055785
v 0.113228 3.474737 -0.055785
v 0.062656 3.474737 -0.001728
v 0.006828 3.474737 0.054100
v -0.047229 3.474737 0.104672
v 0.154035 3.474737 -0.002893
v 0.110729 3.474737 0.050666
v 0.059222 3.474737 0.102173
v 0.005663 3.474737 0.145479
v 0.035002 3.458290 -0.205053
v 0.032723 3.466000 -0.202072
v 0.028768 3.471199 -0.198104
v 0.023419 3.474025 -0.193443
v 0.086856 3.458289 -0.191054
v 0.082796 3.465994 -0.188179
v 0.075964 3.471177 -0.184291
v 0.066983 3.474004 -0.179609
v 0.133968 3.458289 -0.163859
v 0.130442 3.465995 -0.160699
v 0.124916 3.471183 -0.156110
v 0.117701 3.473996 -0.150276
v 0.172415 3.458289 -0.125412
v 0.169255 3.465995 -0.121886
v 0.164666 3.471183 -0.116360
v 0.158832 3.473996 -0.109145
v 0.199610 3.458289 -0.078300
v 0.196735 3.465994 -0.074240
v 0.192885 3.471191 -0.067422
v 0.188216 3.474023 -0.058444
v 0.213610 3.458290 -0.026446
v 0.210628 3.466000 -0.024167
v 0.206660 3.471199 -0.020212
v 0.202063 3.474049 -0.014868
v 0.213621 3.458290 0.026478
v 0.210678 3.466001 0.024308
v 0.206782 3.471200 0.020550
v 0.202203 3.474028 0.015361
v 0.199628 3.458289 0.078264
v 0.196814 3.465994 0.074078
v 0.193038 3.471175 0.067017
v 0.188481 3.474006 0.057653
v 0.172420 3.458289 0.125395
v 0.169277 3.465995 0.121811
v 0.164717 3.471182 0.116179
v 0.158847 3.473994 0.108724
v 0.133951 3.458289 0.163864
v 0.130367 3.465995 0.160721
v 0.124735 3.471182 0.156161
v 0.117280 3.473994 0.150291
v 0.086820 3.458289 0.191072
v 0.082634 3.465994 0.188258
v 0.075590 3.471192 0.184527
v 0.066222 3.474023 0.179966
v 0.035034 3.458290 0.205065
v 0.032864 3.466001 0.202122
v 0.029106 3.471200 0.198226
v 0.023922 3.474049 0.193704
v -0.017890 3.458290 0.205053
v -0.015611 3.466000 0.202072
v -0.011656 3.471199 0.198104
v -0.006307 3.474025 0.193443
v -0.069744 3.458289 0.191054
v -0.065684 3.465994 0.188179
v -0.058852 3.471177 0.184291
v -0.049871 3.474004 0.179609
v -0.116856 3.458289 0.163859
v -0.113330 3.465995 0.160699
v -0.107804 3.471183 0.156110
v -0.100589 3.473996 0.150276
v -0.155303 3.458289 0.125412
v -0.152143 3.465995 0.121886
v -0.147554 3.471183 0.116360
v -0.141720 3.473996 0.109145
v -0.182498 3.458289 0.078300
v -0.179623 3.465994 0.074240
v -0.175773 3.471191 0.067422
v -0.171104 3.474023 0.058444
v -0.196497 3.458290 0.026446
v -0.193516 3.466000 0.024167
v -0.189548 3.471199 0.020212
v -0.184951 3.474049 0.014868
v -0.196509 3.458290 -0.026478
v -0.193566 3.466001 -0.024308
v -0.189670 3.471200 -0.020550
v -0.185091 3.474028 -0.015361
v -0.182516 3.458289 -0.078264
v -0.179702 3.465994 -0.074078
v -0.175926 3.471175 -0.067017
v -0.171369 3.474006 -0.057653
v -0.155308 3.458289 -0.125395
v -0.152165 3.465995 -0.121811
v -0.147605 3.471182 -0.116179
v -0.141735 3.473994 -0.108724
v -0.116839 3.458289 -0.163864
v -0.113255 3.465995 -0.160721
v -0.107623 3.471182 -0.156161
v -0.100168 3.473994 -0.150291
v -0.069708 3.458289 -0.191072
v -0.065522 3.465994 -0.188258
v -0.058478 3.471192 -0.184527
v -0.049110 3.474023 -0.179966
v -0.017922 3.458291 -0.205065
v -0.015752 3.466000 -0.202122
v -0.011994 3.471200 -0.198226
v -0.006810 3.474049 -0.193704
v 0.009164 3.474790 -0.187961
v -0.019431 3.408748 -0.212738
v 0.036542 3.408748 -0.212738
v 0.090637 3.408748 -0.198239
v 0.049963 3.474742 -0.170719
v 0.139161 3.408748 -0.170224
v 0.101822 3.474707 -0.137363
v 0.178780 3.408748 -0.130605
v 0.145924 3.474709 -0.093269
v 0.206795 3.408748 -0.082081
v 0.179275 3.474742 -0.041407
v 0.221294 3.408748 -0.027986
v 0.196517 3.474789 -0.000608
v 0.221294 3.408748 0.027987
v 0.206796 3.408748 0.082080
v 0.178968 3.474739 0.038200
v 0.178780 3.408748 0.130604
v 0.144319 3.474706 0.090386
v 0.139160 3.408748 0.170224
v 0.098943 3.474706 0.135764
v 0.090636 3.408748 0.198240
v 0.046753 3.474734 0.170399
v 0.036543 3.408748 0.212738
v 0.007948 3.474789 0.187961
v -0.019430 3.408748 0.212738
v -0.073525 3.408748 0.198239
v -0.032851 3.474742 0.170719
v -0.122049 3.408748 0.170224
v -0.084710 3.474707 0.137363
v -0.161668 3.408748 0.130605
v -0.128812 3.474710 0.093269
v -0.189683 3.408748 0.082081
v -0.162163 3.474742 0.041407
v -0.204182 3.408748 0.027986
v -0.179405 3.474789 0.000608
v -0.204182 3.408748 -0.027987
v -0.189684 3.408748 -0.082080
v -0.161856 3.474739 -0.038200
v -0.161668 3.408748 -0.130604
v -0.127207 3.474705 -0.090386
v -0.122048 3.408748 -0.170224
v -0.081831 3.474706 -0.135764
v -0.073524 3.408748 -0.198240
v -0.029641 3.474734 -0.170399
v 0.060885 3.447677 -0.196236
v 0.034912 3.447677 -0.201413
v 0.109936 3.447676 -0.175900
v 0.086050 3.447677 -0.187678
v 0.152103 3.447676 -0.143547
v 0.132081 3.447677 -0.161103
v 0.184456 3.447676 -0.101380
v 0.169659 3.447677 -0.123525
v 0.204792 3.447677 -0.052329
v 0.196234 3.447677 -0.077494
v 0.211704 3.447677 0.000009
v 0.209969 3.447678 -0.026356
v 0.204797 3.447677 0.052324
v 0.209972 3.447678 0.026365
v 0.184460 3.447676 0.101372
v 0.196239 3.447677 0.077484
v 0.152102 3.447676 0.143546
v 0.169660 3.447677 0.123520
v 0.109928 3.447676 0.175904
v 0.132076 3.447677 0.161104
v 0.060880 3.447677 0.196241
v 0.086040 3.447677 0.187683
v 0.008565 3.447677 0.203148
v 0.034921 3.447678 0.201416
v -0.043773 3.447677 0.196236
v -0.017800 3.447678 0.201413
v -0.092824 3.447676 0.175900
v -0.068938 3.447677 0.187678
v -0.134991 3.447676 0.143547
v -0.114969 3.447677 0.161103
v -0.167344 3.447676 0.101380
v -0.152547 3.447677 0.123525
v -0.187680 3.447677 0.052329
v -0.179122 3.447677 0.077494
v -0.194592 3.447677 -0.000009
v -0.192857 3.447678 0.026356
v -0.187685 3.447677 -0.052324
v -0.192860 3.447678 -0.026365
v -0.167348 3.447676 -0.101372
v -0.179127 3.447677 -0.077484
v -0.134990 3.447676 -0.143546
v -0.152548 3.447677 -0.123520
v -0.092816 3.447676 -0.175904
v -0.114964 3.447677 -0.161104
v -0.043768 3.447677 -0.196241
v -0.068928 3.447677 -0.187683
v 0.008547 3.447678 -0.203148
v -0.017809 3.447677 -0.201416
v 0.008555 3.409308 -0.208456
v -0.045364 3.409308 -0.201355
v 0.062477 3.409308 -0.201355
v 0.112759 3.409308 -0.180524
v 0.155944 3.409308 -0.147388
v 0.189080 3.409308 -0.104203
v 0.209911 3.409308 -0.053921
v 0.217012 3.409308 0.000001
v 0.209911 3.409308 0.053920
v 0.189081 3.409308 0.104202
v 0.155944 3.409308 0.147388
v 0.112758 3.409308 0.180525
v 0.062476 3.409308 0.201355
v 0.008557 3.409308 0.208456
v -0.045365 3.409308 0.201355
v -0.095647 3.409308 0.180524
v -0.138832 3.409308 0.147388
v -0.171968 3.409308 0.104203
v -0.192799 3.409308 0.053921
v -0.199900 3.409308 -0.000001
v -0.192799 3.409308 -0.053920
v -0.171969 3.409308 -0.104202
v -0.138832 3.409308 -0.147388
v -0.095646 3.409308 -0.180525
v -0.018633 3.409308 -0.206672
v 0.035744 3.409308 -0.206671
v 0.088296 3.409308 -0.192585
v 0.135436 3.409308 -0.165369
v 0.173925 3.409308 -0.126880
v 0.201142 3.409308 -0.079740
v 0.215227 3.409308 -0.027188
v 0.215228 3.409308 0.027189
v 0.201142 3.409308 0.079739
v 0.173925 3.409308 0.126880
v 0.135436 3.409308 0.165369
v 0.088295 3.409308 0.192586
v 0.035745 3.409308 0.206672
v -0.018632 3.409308 0.206671
v -0.071184 3.409308 0.192585
v -0.118324 3.409308 0.165369
v -0.156813 3.409308 0.126880
v -0.184029 3.409308 0.079740
v -0.198115 3.409308 0.027188
v -0.198115 3.409308 -0.027189
v -0.184030 3.409308 -0.079739
v -0.156813 3.409308 -0.126880
v -0.118324 3.409308 -0.165369
v -0.071183 3.409308 -0.192586
v 0.237465 3.402155 -0.045533
v -0.033250 3.402436 0.210171
v 0.212730 3.448154 -0.040401
v 0.209449 3.462690 -0.038318
v 0.206204 3.468840 -0.034207
v 0.202032 3.472944 -0.028204
v 0.197029 3.474595 -0.018859
v -0.031911 3.448229 0.204508
v -0.029793 3.462738 0.201053
v -0.025658 3.468854 0.197687
v -0.019648 3.472944 0.193476
v -0.010302 3.474594 0.188469
v 0.186366 3.474767 0.006572
v 0.157194 3.474722 0.055811
v 0.114847 3.474722 0.106291
v 0.064367 3.474722 0.148638
v 0.015128 3.474772 0.177822
v 0.210755 3.458227 -0.039516
v 0.207968 3.465967 -0.036544
v 0.204205 3.471195 -0.031392
v 0.199699 3.474042 -0.024487
v -0.031004 3.458290 0.202425
v -0.028006 3.465999 0.199510
v -0.022836 3.471195 0.195649
v -0.015931 3.474042 0.191143
v 0.237251 3.409029 -0.045461
v 0.193412 3.474788 -0.009174
v 0.173998 3.474729 0.029401
v 0.137269 3.474722 0.081834
v 0.090390 3.474722 0.128713
v 0.037956 3.474727 0.165436
v -0.000616 3.474773 0.184819
v -0.033189 3.408748 0.210001
v -0.030787 3.447678 0.198825
v -0.031998 3.409308 0.204013
v 0.217880 3.402155 -0.103227
v -0.086221 3.402436 0.192189
v 0.161099 3.474737 -0.038730
v 0.123188 3.474737 0.010389
v 0.073286 3.474737 0.064730
v 0.018945 3.474737 0.114632
v -0.030174 3.474738 0.152543
v 0.195237 3.448154 -0.091844
v 0.192073 3.462687 -0.088817
v 0.188704 3.468830 -0.083603
v 0.184287 3.472921 -0.076123
v 0.177866 3.474556 -0.064964
v -0.083439 3.448229 0.186987
v -0.080333 3.462736 0.183666
v -0.075067 3.468846 0.180190
v -0.067567 3.472921 0.175731
v -0.056408 3.474556 0.169310
v 0.144477 3.474737 -0.016155
v 0.099145 3.474737 0.037755
v 0.046311 3.474737 0.090589
v -0.007599 3.474737 0.135921
v 0.193375 3.458226 -0.090421
v 0.190548 3.465962 -0.086548
v 0.186595 3.471179 -0.080085
v 0.181663 3.474011 -0.071548
v -0.081966 3.458289 0.185027
v -0.078036 3.465995 0.182085
v -0.071529 3.471179 0.178039
v -0.062992 3.474011 0.173107
v 0.217681 3.409029 -0.103099
v 0.171696 3.474728 -0.054654
v -0.086116 3.408748 0.192031
v -0.046091 3.474719 0.163119
v -0.080881 3.447677 0.181789
v -0.083416 3.409308 0.186555
v 0.184030 3.402155 -0.153887
v -0.132734 3.402436 0.161110
v 0.121666 3.474737 -0.089904
v 0.076619 3.474737 -0.042551
v 0.021762 3.474737 0.013206
v -0.033995 3.474737 0.068063
v -0.081348 3.474737 0.113110
v 0.164975 3.448152 -0.137125
v 0.161840 3.462676 -0.134031
v 0.157872 3.468806 -0.129718
v 0.152495 3.472889 -0.123758
v 0.144075 3.474526 -0.114377
v -0.128799 3.448229 0.156681
v -0.125608 3.462736 0.153436
v -0.121245 3.468848 0.149412
v -0.115246 3.472915 0.143990
v -0.105836 3.474535 0.135537
v 0.101399 3.474737 -0.068399
v 0.049703 3.474737 -0.014961
v -0.006405 3.474737 0.041147
v -0.059843 3.474737 0.092843
v 0.163247 3.458221 -0.135491
v 0.160070 3.465944 -0.132123
v 0.155318 3.471150 -0.126897
v 0.149200 3.473979 -0.120083
v -0.127099 3.458289 0.154879
v -0.123674 3.465996 0.151636
v -0.118402 3.471183 0.146834
v -0.111557 3.473997 0.140679
v 0.183854 3.409029 -0.153725
v 0.135493 3.474706 -0.104889
v -0.132604 3.408748 0.160969
v -0.096333 3.474707 0.126938
v -0.124980 3.447677 0.152325
v -0.128578 3.409308 0.156379
v 0.138222 3.402155 -0.194060
v -0.169618 3.402436 0.119052
v 0.073435 3.474737 -0.134136
v 0.024728 3.474737 -0.092274
v -0.030837 3.474737 -0.039393
v -0.083718 3.474737 0.016172
v -0.125580 3.474737 0.064879
v 0.124033 3.448153 -0.173033
v 0.120975 3.462682 -0.169876
v 0.116240 3.468818 -0.166224
v 0.109564 3.472906 -0.161359
v 0.099239 3.474542 -0.153932
v -0.164764 3.448229 0.115668
v -0.161473 3.462736 0.112521
v -0.157741 3.468847 0.107731
v -0.152816 3.472912 0.101016
v -0.145376 3.474542 0.090683
v 0.051157 3.474737 -0.115518
v -0.003003 3.474737 -0.066553
v -0.057997 3.474737 -0.011559
v -0.106962 3.474737 0.042601
v 0.122501 3.458224 -0.171229
v 0.118898 3.465953 -0.168234
v 0.113091 3.471165 -0.163907
v 0.105451 3.473997 -0.158413
v -0.162873 3.458289 0.114078
v -0.159790 3.465996 0.110415
v -0.155391 3.471182 0.104560
v -0.149857 3.473996 0.096895
v 0.138077 3.409029 -0.193871
v 0.089138 3.474711 -0.146463
v -0.169468 3.408748 0.118934
v -0.137907 3.474711 0.080582
v -0.159946 3.447677 0.112453
v -0.164391 3.409308 0.115542
v 0.083578 3.402155 -0.221007
v -0.194360 3.402436 0.068881
v 0.022323 3.474742 -0.167434
v -0.026725 3.474737 -0.133943
v -0.079172 3.474737 -0.087728
v -0.125387 3.474737 -0.035281
v -0.158885 3.474745 0.013768
v 0.075215 3.448154 -0.197124
v 0.072407 3.462691 -0.193936
v 0.067141 3.468840 -0.190740
v 0.059496 3.472935 -0.186604
v 0.048267 3.474586 -0.181080
v -0.188889 3.448229 0.066768
v -0.185526 3.462736 0.063899
v -0.182205 3.468847 0.058591
v -0.178048 3.472934 0.050940
v -0.172492 3.474573 0.039704
v -0.000304 3.474737 -0.152997
v -0.053418 3.474737 -0.111918
v -0.103362 3.474737 -0.061974
v -0.144441 3.474737 -0.008860
v 0.073971 3.458228 -0.195211
v 0.070127 3.465968 -0.192481
v 0.063552 3.471191 -0.188761
v 0.054829 3.474026 -0.184211
v -0.186869 3.458289 0.065487
v -0.184007 3.465996 0.061598
v -0.180205 3.471191 0.054996
v -0.175655 3.474026 0.046273
v 0.083472 3.409029 -0.220800
v 0.038129 3.474760 -0.176225
v -0.194196 3.408748 0.068792
v -0.167659 3.474757 0.029572
v -0.183401 3.447677 0.064912
v -0.188415 3.409308 0.066831
v 0.023821 3.402155 -0.232894
v -0.205274 3.402436 0.014015
v 0.022083 3.448153 -0.207717
v 0.021272 3.462682 -0.204318
v 0.019622 3.468827 -0.200902
v 0.017206 3.472935 -0.196523
v 0.013398 3.474548 -0.191919
v -0.199506 3.448229 0.013550
v -0.195954 3.462739 0.012728
v -0.192451 3.468862 0.011072
v -0.188009 3.472950 0.008652
v -0.183363 3.474548 0.004842
v -0.012323 3.474691 -0.183980
v -0.175424 3.474691 -0.020879
v -0.149903 3.474621 -0.070686
v -0.110914 3.474604 -0.119470
v -0.062130 3.474621 -0.158459
v 0.021747 3.458224 -0.205686
v 0.020561 3.465956 -0.202759
v 0.018489 3.471182 -0.198802
v 0.015723 3.474032 -0.194145
v -0.197374 3.458290 0.013207
v -0.194349 3.466002 0.012013
v -0.190316 3.471207 0.009937
v -0.185606 3.474038 0.007167
v 0.003852 3.474691 -0.189562
v 0.023794 3.409029 -0.232675
v -0.205100 3.408748 0.013992
v -0.181007 3.474691 -0.004704
v -0.164822 3.474653 -0.044168
v -0.131777 3.474604 -0.096147
v -0.087599 3.474609 -0.140344
v -0.035612 3.474653 -0.173378
v -0.193725 3.447678 0.013173
v -0.199008 3.409308 0.013594
v 0.218727 3.402436 0.041806
v -0.036977 3.402155 -0.228909
v 0.213069 3.448229 0.040469
v 0.209643 3.462738 0.038363
v 0.206351 3.468854 0.034259
v 0.202248 3.472945 0.028295
v 0.197226 3.474593 0.018299
v -0.031847 3.448153 -0.204179
v -0.029777 3.462690 -0.200927
v -0.025696 3.468840 -0.197754
v -0.019739 3.472945 -0.193692
v -0.009744 3.474597 -0.188680
v 0.018434 3.474762 -0.177785
v 0.068479 3.474722 -0.149803
v 0.117815 3.474722 -0.109259
v 0.158359 3.474722 -0.059923
v 0.186374 3.474776 -0.009880
v 0.210996 3.458289 0.039566
v 0.208131 3.465999 0.036589
v 0.204363 3.471196 0.031458
v 0.199960 3.474044 0.024514
v -0.030966 3.458228 -0.202214
v -0.028015 3.465967 -0.199477
v -0.022902 3.471196 -0.195807
v -0.015958 3.474044 -0.191404
v 0.001267 3.474786 -0.184862
v -0.036905 3.409029 -0.228695
v 0.042006 3.474733 -0.165856
v 0.094088 3.474722 -0.130786
v 0.139342 3.474721 -0.085532
v 0.174399 3.474727 -0.033447
v 0.193399 3.474778 0.007288
v 0.218558 3.408748 0.041745
v 0.207385 3.447678 0.039345
v 0.212570 3.409308 0.040555
v 0.189888 3.474778 -0.001298
v 0.166375 3.474722 -0.046684
v 0.128579 3.474722 -0.097396
v 0.081283 3.474722 -0.140294
v 0.030222 3.474747 -0.171818
v -0.004238 3.474696 -0.186783
v 0.200745 3.402436 0.094777
v -0.094671 3.402155 -0.209324
v -0.025232 3.474737 -0.151568
v 0.024675 3.474737 -0.115182
v 0.076853 3.474737 -0.068297
v 0.123738 3.474737 -0.016119
v 0.160124 3.474737 0.033788
v 0.195548 3.448229 0.091985
v 0.192258 3.462736 0.088813
v 0.188857 3.468845 0.083385
v 0.184517 3.472922 0.075648
v 0.177860 3.474550 0.063430
v -0.083279 3.448154 -0.186687
v -0.080186 3.462688 -0.183555
v -0.074812 3.468832 -0.180265
v -0.067092 3.472922 -0.175961
v -0.054878 3.474554 -0.169313
v -0.001797 3.474737 -0.135371
v 0.051210 3.474737 -0.092609
v 0.101165 3.474737 -0.042654
v 0.143927 3.474737 0.010353
v 0.193598 3.458289 0.090489
v 0.190710 3.465995 0.086447
v 0.186765 3.471180 0.079738
v 0.181912 3.474011 0.070836
v -0.081832 3.458227 -0.184836
v -0.077848 3.465963 -0.182064
v -0.071182 3.471180 -0.178209
v -0.062280 3.474011 -0.173356
v 0.200588 3.408748 0.094670
v 0.171074 3.474716 0.051429
v -0.094541 3.409029 -0.209126
v -0.042876 3.474721 -0.162527
v 0.190350 3.447677 0.089428
v 0.195112 3.409308 0.091971
v 0.165587 3.474721 0.042605
v 0.133833 3.474737 -0.002883
v 0.089009 3.474737 -0.055475
v 0.037943 3.474737 -0.103896
v -0.013514 3.474737 -0.143470
v -0.048873 3.474636 -0.165915
v 0.169666 3.402436 0.141290
v -0.145331 3.402155 -0.175474
v -0.077269 3.474737 -0.110016
v -0.030053 3.474737 -0.065690
v 0.022653 3.474737 -0.014097
v 0.074246 3.474737 0.038609
v 0.118572 3.474737 0.085825
v 0.165237 3.448229 0.137352
v 0.161992 3.462736 0.134138
v 0.157966 3.468848 0.129720
v 0.152542 3.472914 0.123640
v 0.143420 3.474528 0.113359
v -0.128566 3.448152 -0.156419
v -0.125450 3.462677 -0.153284
v -0.121082 3.468806 -0.149315
v -0.115040 3.472889 -0.143936
v -0.104791 3.474520 -0.134849
v -0.055320 3.474737 -0.089630
v -0.003787 3.474737 -0.040256
v 0.048812 3.474737 0.012343
v 0.098186 3.474737 0.063876
v 0.163435 3.458289 0.135644
v 0.160191 3.465996 0.132180
v 0.155387 3.471183 0.126840
v 0.149146 3.473995 0.119806
v -0.126924 3.458221 -0.154691
v -0.123518 3.465945 -0.151513
v -0.118223 3.471150 -0.146761
v -0.111221 3.473978 -0.140556
v 0.169525 3.408748 0.141159
v 0.133544 3.474706 0.102300
v -0.145169 3.409029 -0.175298
v -0.093744 3.474705 -0.124988
v 0.160881 3.447677 0.133533
v 0.164935 3.409308 0.137134
v 0.126058 3.474722 0.094062
v 0.086216 3.474737 0.051243
v 0.035733 3.474737 -0.000877
v -0.016920 3.474737 -0.052973
v -0.066295 3.474737 -0.099823
v -0.099250 3.474602 -0.129898
v 0.127608 3.402436 0.178174
v -0.185504 3.402155 -0.129666
v -0.123586 3.474737 -0.060122
v -0.082947 3.474737 -0.011011
v -0.033331 3.474737 0.041887
v 0.019567 3.474737 0.091503
v 0.068678 3.474737 0.132142
v 0.124217 3.448229 0.173323
v 0.121023 3.462736 0.170050
v 0.116121 3.468847 0.166361
v 0.109237 3.472911 0.161500
v 0.097893 3.474536 0.153620
v -0.164480 3.448153 -0.115470
v -0.161342 3.462682 -0.112367
v -0.157735 3.468819 -0.107520
v -0.152935 3.472907 -0.100675
v -0.145064 3.474536 -0.089337
v -0.105162 3.474737 -0.037133
v -0.058768 3.474737 0.015625
v -0.007069 3.474737 0.067324
v 0.045689 3.474737 0.113719
v 0.122611 3.458289 0.171438
v 0.118870 3.465995 0.168385
v 0.112871 3.471181 0.164041
v 0.104919 3.473996 0.158518
v -0.162683 3.458224 -0.113922
v -0.159720 3.465954 -0.110242
v -0.155449 3.471166 -0.104292
v -0.149962 3.473996 -0.096363
v 0.127489 3.408748 0.178024
v 0.086080 3.474707 0.145210
v -0.185315 3.409029 -0.129520
v -0.136655 3.474707 -0.077525
v 0.121002 3.447677 0.168504
v 0.124097 3.409308 0.172948
v 0.077378 3.474722 0.138675
v 0.032628 3.474737 0.102611
v -0.020200 3.474737 0.054605
v -0.070858 3.474737 0.002307
v -0.114374 3.474737 -0.048627
v -0.140837 3.474612 -0.083417
v 0.077437 3.402436 0.202916
v -0.212451 3.402155 -0.075022
v -0.158619 3.474741 -0.009292
v -0.126656 3.474737 0.040687
v -0.082955 3.474737 0.091511
v -0.032131 3.474738 0.135212
v 0.017849 3.474744 0.167183
v 0.075315 3.448229 0.197451
v 0.072390 3.462736 0.194124
v 0.066945 3.468846 0.190891
v 0.059091 3.472936 0.186871
v 0.046911 3.474569 0.181234
v -0.188574 3.448154 -0.066651
v -0.185424 3.462691 -0.063787
v -0.182319 3.468841 -0.058384
v -0.178315 3.472935 -0.050535
v -0.172722 3.474587 -0.038365
v -0.144697 3.474737 0.014198
v -0.105885 3.474737 0.066793
v -0.058237 3.474737 0.114441
v -0.005642 3.474737 0.153253
v 0.074015 3.458290 0.195443
v 0.070030 3.465995 0.192642
v 0.063256 3.471192 0.188959
v 0.054217 3.474027 0.184525
v -0.186674 3.458228 -0.065388
v -0.184008 3.465969 -0.061449
v -0.180403 3.471192 -0.054700
v -0.175969 3.474026 -0.045661
v 0.077347 3.408748 0.202753
v 0.035249 3.474756 0.176078
v -0.212245 3.409029 -0.074915
v -0.167522 3.474756 -0.026693
v 0.073460 3.447677 0.191962
v 0.075385 3.409308 0.196971
v 0.026544 3.474743 0.171611
v -0.018887 3.474737 0.144232
v -0.070596 3.474737 0.102976
v -0.116271 3.474737 0.053740
v -0.151654 3.474737 0.002453
v -0.170121 3.474672 -0.032527
v 0.022571 3.402436 0.213830
v -0.224338 3.402155 -0.015265
v 0.022120 3.448229 0.208064
v 0.021395 3.462739 0.204523
v 0.019974 3.468863 0.201049
v 0.017904 3.472952 0.196650
v 0.013734 3.474548 0.191995
v -0.199162 3.448153 -0.013542
v -0.195772 3.462681 -0.012827
v -0.192380 3.468825 -0.011411
v -0.188042 3.472933 -0.009345
v -0.183439 3.474548 -0.005178
v -0.014159 3.474694 0.183846
v -0.064494 3.474630 0.158989
v -0.112498 3.474612 0.121054
v -0.150424 3.474626 0.073046
v -0.175290 3.474693 0.022715
v 0.021811 3.458290 0.205935
v 0.020781 3.466003 0.202931
v 0.019002 3.471208 0.198935
v 0.016505 3.474041 0.194266
v -0.197133 3.458223 -0.013239
v -0.194222 3.465955 -0.012216
v -0.190299 3.471180 -0.010442
v -0.185682 3.474030 -0.007948
v 0.022550 3.408748 0.213657
v 0.003243 3.474689 0.189482
v -0.038006 3.474658 0.173469
v -0.089639 3.474611 0.141383
v -0.132839 3.474617 0.098203
v -0.164913 3.474657 0.046562
v -0.180926 3.474689 0.005313
v -0.224119 3.409029 -0.015240
v 0.021743 3.447678 0.202282
v 0.022151 3.409308 0.207565
v -0.005456 3.474675 0.186621
v -0.051243 3.474632 0.166201
v -0.101069 3.474612 0.131219
v -0.141626 3.474619 0.085623
v -0.170051 3.474656 0.034632
v -0.182195 3.474624 0.000069
v 0.050362 3.402437 -0.210171
v -0.220353 3.402155 0.045533
v 0.049023 3.448229 -0.204508
v 0.046905 3.462738 -0.201053
v 0.042770 3.468853 -0.197687
v 0.036760 3.472944 -0.193476
v 0.027414 3.474594 -0.188469
v -0.195618 3.448154 0.040401
v -0.192337 3.462690 0.038318
v -0.189092 3.468840 0.034207
v -0.184920 3.472944 0.028204
v -0.179917 3.474595 0.018859
v 0.001984 3.474772 -0.177822
v -0.169254 3.474767 -0.006572
v -0.140082 3.474722 -0.055811
v -0.097735 3.474722 -0.106291
v -0.047255 3.474722 -0.148638
v 0.048116 3.458290 -0.202425
v 0.045118 3.465998 -0.199510
v 0.039948 3.471195 -0.195649
v 0.033043 3.474042 -0.191143
v -0.193643 3.458227 0.039516
v -0.190856 3.465967 0.036544
v -0.187093 3.471195 0.031392
v -0.182587 3.474042 0.024487
v 0.017728 3.474774 -0.184819
v 0.050301 3.408748 -0.210001
v -0.220139 3.409029 0.045461
v -0.176300 3.474788 0.009174
v -0.156886 3.474729 -0.029401
v -0.120157 3.474721 -0.081834
v -0.073278 3.474721 -0.128713
v -0.020844 3.474727 -0.165436
v 0.047899 3.447677 -0.198825
v 0.049110 3.409308 -0.204013
v 0.009854 3.474778 -0.181332
v -0.034049 3.474722 -0.157031
v -0.085506 3.474722 -0.117502
v -0.130119 3.474722 -0.068822
v -0.163054 3.474743 -0.017988
v -0.178118 3.474695 0.014016
v 0.103333 3.402436 -0.192189
v -0.200768 3.402155 0.103227
v 0.047286 3.474738 -0.152543
v -0.001833 3.474737 -0.114632
v -0.056174 3.474737 -0.064730
v -0.106076 3.474737 -0.010389
v -0.143987 3.474737 0.038730
v 0.100551 3.448229 -0.186987
v 0.097445 3.462736 -0.183666
v 0.092179 3.468846 -0.180190
v 0.084679 3.472921 -0.175731
v 0.073520 3.474556 -0.169310
v -0.178125 3.448154 0.091844
v -0.174961 3.462687 0.088817
v -0.171592 3.468830 0.083603
v -0.167175 3.472921 0.076123
v -0.160754 3.474556 0.064964
v 0.024711 3.474737 -0.135921
v -0.029199 3.474737 -0.090589
v -0.082033 3.474737 -0.037755
v -0.127365 3.474737 0.016155
v 0.099078 3.458289 -0.185027
v 0.095148 3.465995 -0.182085
v 0.088641 3.471179 -0.178039
v 0.080104 3.474011 -0.173107
v -0.176263 3.458226 0.090421
v -0.173436 3.465962 0.086548
v -0.169483 3.471179 0.080085
v -0.164551 3.474011 0.071548
v 0.103228 3.408748 -0.192031
v 0.063203 3.474719 -0.163119
v -0.200569 3.409029 0.103099
v -0.154584 3.474728 0.054654
v 0.097993 3.447677 -0.181789
v 0.100528 3.409308 -0.186555
v 0.055240 3.474723 -0.157819
v 0.011439 3.474737 -0.125277
v -0.042687 3.474737 -0.077660
v -0.094055 3.474737 -0.024072
v -0.135676 3.474737 0.027443
v -0.157665 3.474641 0.059806
v 0.149846 3.402436 -0.161110
v -0.166918 3.402155 0.153887
v 0.098460 3.474737 -0.113110
v 0.051107 3.474737 -0.068063
v -0.004650 3.474737 -0.013206
v -0.059507 3.474737 0.042551
v -0.104554 3.474737 0.089904
v 0.145911 3.448229 -0.156681
v 0.142720 3.462736 -0.153436
v 0.138357 3.468848 -0.149412
v 0.132358 3.472915 -0.143990
v 0.122948 3.474535 -0.135537
v -0.147863 3.448152 0.137125
v -0.144728 3.462676 0.134031
v -0.140760 3.468806 0.129718
v -0.135383 3.472889 0.123758
v -0.126963 3.474526 0.114377
v 0.076955 3.474737 -0.092843
v 0.023517 3.474737 -0.041147
v -0.032591 3.474737 0.014961
v -0.084287 3.474737 0.068399
v 0.144211 3.458289 -0.154879
v 0.140786 3.465996 -0.151636
v 0.135514 3.471183 -0.146834
v 0.128669 3.473998 -0.140679
v -0.146135 3.458221 0.135491
v -0.142958 3.465944 0.132123
v -0.138206 3.471150 0.126897
v -0.132088 3.473979 0.120083
v 0.149716 3.408748 -0.160969
v 0.113445 3.474707 -0.126938
v -0.166742 3.409029 0.153725
v -0.118381 3.474707 0.104889
v 0.142092 3.447677 -0.152325
v 0.145690 3.409308 -0.156379
v 0.105952 3.474722 -0.120023
v 0.064031 3.474737 -0.080453
v 0.009433 3.474737 -0.027177
v -0.046049 3.474737 0.028756
v -0.094420 3.474737 0.079152
v -0.122656 3.474608 0.109619
v 0.186730 3.402436 -0.119052
v -0.121110 3.402155 0.194060
v 0.142692 3.474737 -0.064879
v 0.100830 3.474737 -0.016172
v 0.047949 3.474737 0.039393
v -0.007616 3.474737 0.092274
v -0.056323 3.474737 0.134136
v 0.181876 3.448229 -0.115668
v 0.178585 3.462736 -0.112521
v 0.174853 3.468847 -0.107731
v 0.169928 3.472912 -0.101016
v 0.162488 3.474542 -0.090683
v -0.106921 3.448153 0.173033
v -0.103863 3.462682 0.169876
v -0.099128 3.468818 0.166224
v -0.092452 3.472906 0.161359
v -0.082127 3.474542 0.153932
v 0.124074 3.474737 -0.042601
v 0.075109 3.474737 0.011559
v 0.020115 3.474737 0.066553
v -0.034045 3.474737 0.115518
v 0.179985 3.458289 -0.114078
v 0.176902 3.465996 -0.110415
v 0.172503 3.471182 -0.104560
v 0.166969 3.473996 -0.096895
v -0.105389 3.458224 0.171229
v -0.101786 3.465953 0.168234
v -0.095979 3.471165 0.163907
v -0.088339 3.473996 0.158413
v 0.186580 3.408748 -0.118934
v 0.155019 3.474710 -0.080582
v -0.120965 3.409029 0.193871
v -0.072026 3.474711 0.146463
v 0.177058 3.447677 -0.112453
v 0.181503 3.409308 -0.115542
v 0.148850 3.474722 -0.072727
v 0.112452 3.474737 -0.029387
v 0.061529 3.474737 0.025476
v 0.006249 3.474737 0.079414
v -0.045184 3.474737 0.124827
v -0.077067 3.474619 0.150182
v 0.211472 3.402436 -0.068881
v -0.066466 3.402155 0.221007
v 0.175997 3.474745 -0.013768
v 0.142499 3.474737 0.035281
v 0.096284 3.474737 0.087728
v 0.043837 3.474737 0.133943
v -0.005211 3.474742 0.167434
v 0.206001 3.448229 -0.066768
v 0.202638 3.462736 -0.063899
v 0.199317 3.468847 -0.058591
v 0.195160 3.472934 -0.050940
v 0.189604 3.474573 -0.039704
v -0.058103 3.448154 0.197124
v -0.055295 3.462691 0.193936
v -0.050029 3.468840 0.190740
v -0.042384 3.472934 0.186604
v -0.031155 3.474586 0.181080
v 0.161553 3.474737 0.008860
v 0.120474 3.474737 0.061974
v 0.070530 3.474737 0.111918
v 0.017416 3.474737 0.152997
v 0.203981 3.458289 -0.065487
v 0.201119 3.465996 -0.061598
v 0.197317 3.471191 -0.054996
v 0.192767 3.474026 -0.046273
v -0.056859 3.458228 0.195211
v -0.053015 3.465968 0.192481
v -0.046440 3.471191 0.188761
v -0.037717 3.474026 0.184211
v 0.211308 3.408748 -0.068792
v 0.184771 3.474756 -0.029572
v -0.066360 3.409029 0.220800
v -0.021017 3.474760 0.176225
v 0.200513 3.447677 -0.064912
v 0.205527 3.409308 -0.066831
v 0.180374 3.474747 -0.021666
v 0.152026 3.474737 0.022070
v 0.108379 3.474737 0.074851
v 0.057183 3.474737 0.122930
v 0.006103 3.474737 0.160210
v -0.026085 3.474676 0.178657
v 0.222386 3.402436 -0.014015
v -0.006709 3.402155 0.232894
v 0.216618 3.448229 -0.013550
v 0.213066 3.462739 -0.012728
v 0.209563 3.468862 -0.011072
v 0.205121 3.472950 -0.008652
v 0.200475 3.474548 -0.004842
v -0.004971 3.448153 0.207717
v -0.004160 3.462682 0.204318
v -0.002510 3.468827 0.200902
v -0.000094 3.472935 0.196523
v 0.003714 3.474548 0.191919
v 0.192536 3.474691 0.020879
v 0.167015 3.474621 0.070686
v 0.128026 3.474604 0.119470
v 0.079242 3.474621 0.158459
v 0.029435 3.474691 0.183980
v 0.214486 3.458290 -0.013207
v 0.211461 3.466002 -0.012013
v 0.207428 3.471207 -0.009937
v 0.202718 3.474038 -0.007167
v -0.004635 3.458224 0.205685
v -0.003449 3.465956 0.202759
v -0.001377 3.471182 0.198802
v 0.001390 3.474032 0.194145
v 0.222212 3.408748 -0.013992
v 0.198119 3.474691 0.004704
v 0.181934 3.474653 0.044168
v 0.148889 3.474604 0.096147
v 0.104711 3.474609 0.140344
v 0.052724 3.474653 0.173378
v 0.013260 3.474691 0.189563
v -0.006682 3.409029 0.232675
v 0.210837 3.447678 -0.013173
v 0.216120 3.409308 -0.013594
v 0.195273 3.474670 0.012789
v 0.174441 3.474622 0.057419
v 0.138458 3.474604 0.107809
v 0.091973 3.474612 0.149393
v 0.041077 3.474659 0.178646
v 0.008487 3.474624 0.190751
v 0.054089 3.402155 0.228909
v -0.201615 3.402436 -0.041806
v 0.048959 3.448154 0.204179
v 0.046889 3.462690 0.200927
v 0.042808 3.468840 0.197754
v 0.036851 3.472945 0.193692
v 0.026856 3.474597 0.188680
v -0.195957 3.448229 -0.040469
v -0.192531 3.462738 -0.038363
v -0.189239 3.468854 -0.034259
v -0.185136 3.472945 -0.028295
v -0.180114 3.474593 -0.018299
v -0.001322 3.474762 0.177785
v -0.051367 3.474722 0.149803
v -0.100703 3.474722 0.109259
v -0.141247 3.474722 0.059923
v -0.169262 3.474776 0.009880
v 0.048078 3.458228 0.202214
v 0.045127 3.465968 0.199477
v 0.040014 3.471196 0.195807
v 0.033070 3.474044 0.191404
v -0.193884 3.458289 -0.039566
v -0.191019 3.465999 -0.036589
v -0.187251 3.471196 -0.031458
v -0.182848 3.474044 -0.024514
v 0.054017 3.409029 0.228695
v 0.015845 3.474785 0.184862
v -0.024894 3.474733 0.165856
v -0.076976 3.474722 0.130786
v -0.122230 3.474722 0.085532
v -0.157287 3.474727 0.033447
v -0.176287 3.474778 -0.007288
v -0.201446 3.408748 -0.041745
v -0.190273 3.447678 -0.039345
v -0.195458 3.409308 -0.040555
v 0.007258 3.474778 0.181332
v -0.038128 3.474723 0.157819
v -0.088840 3.474722 0.120023
v -0.131738 3.474722 0.072727
v -0.163262 3.474747 0.021666
v -0.178161 3.474671 -0.012789
v -0.172776 3.474778 0.001298
v -0.149263 3.474723 0.046684
v -0.111467 3.474722 0.097396
v -0.064171 3.474722 0.140294
v -0.013110 3.474747 0.171818
v 0.021350 3.474696 0.186783
v 0.111783 3.402155 0.209324
v -0.183633 3.402436 -0.094777
v -0.143012 3.474737 -0.033788
v -0.106626 3.474737 0.016120
v -0.059741 3.474737 0.068297
v -0.007563 3.474738 0.115182
v 0.042344 3.474738 0.151568
v 0.100391 3.448154 0.186687
v 0.097298 3.462688 0.183555
v 0.091924 3.468832 0.180265
v 0.084204 3.472922 0.175961
v 0.071990 3.474554 0.169313
v -0.178436 3.448229 -0.091985
v -0.175146 3.462736 -0.088813
v -0.171745 3.468845 -0.083385
v -0.167405 3.472922 -0.075648
v -0.160748 3.474550 -0.063430
v -0.126815 3.474737 -0.010353
v -0.084053 3.474737 0.042654
v -0.034098 3.474737 0.092609
v 0.018909 3.474737 0.135372
v 0.098944 3.458227 0.184836
v 0.094960 3.465963 0.182064
v 0.088294 3.471180 0.178209
v 0.079392 3.474011 0.173356
v -0.176486 3.458289 -0.090489
v -0.173598 3.465995 -0.086447
v -0.169653 3.471180 -0.079738
v -0.164800 3.474011 -0.070836
v 0.111653 3.409029 0.209126
v 0.059988 3.474721 0.162527
v -0.183476 3.408748 -0.094670
v -0.153962 3.474716 -0.051429
v -0.173238 3.447677 -0.089428
v -0.178000 3.409308 -0.091971
v 0.051161 3.474722 0.157031
v 0.005673 3.474737 0.125277
v -0.046919 3.474737 0.080453
v -0.095340 3.474737 0.029387
v -0.134914 3.474737 -0.022070
v -0.157329 3.474622 -0.057419
v -0.148475 3.474722 -0.042605
v -0.116721 3.474737 0.002883
v -0.071897 3.474737 0.055475
v -0.020831 3.474737 0.103896
v 0.030626 3.474737 0.143470
v 0.065985 3.474636 0.165915
v 0.162443 3.402155 0.175474
v -0.152554 3.402436 -0.141290
v -0.101460 3.474737 -0.085825
v -0.057134 3.474737 -0.038609
v -0.005541 3.474737 0.014097
v 0.047165 3.474737 0.065690
v 0.094381 3.474737 0.110016
v 0.145678 3.448152 0.156419
v 0.142562 3.462677 0.153284
v 0.138194 3.468806 0.149315
v 0.132152 3.472889 0.143936
v 0.121903 3.474520 0.134849
v -0.148125 3.448229 -0.137352
v -0.144880 3.462736 -0.134138
v -0.140854 3.468848 -0.129720
v -0.135430 3.472914 -0.123640
v -0.126308 3.474528 -0.113359
v -0.081074 3.474737 -0.063876
v -0.031700 3.474737 -0.012343
v 0.020899 3.474737 0.040256
v 0.072432 3.474737 0.089630
v 0.144036 3.458221 0.154691
v 0.140630 3.465945 0.151513
v 0.135335 3.471150 0.146761
v 0.128333 3.473978 0.140556
v -0.146323 3.458289 -0.135644
v -0.143079 3.465996 -0.132180
v -0.138275 3.471183 -0.126840
v -0.132034 3.473995 -0.119806
v 0.162281 3.409029 0.175298
v 0.110856 3.474706 0.124988
v -0.152413 3.408748 -0.141159
v -0.116432 3.474705 -0.102300
v -0.143769 3.447677 -0.133533
v -0.147823 3.409308 -0.137134
v 0.102618 3.474722 0.117502
v 0.059799 3.474737 0.077660
v 0.007679 3.474737 0.027177
v -0.044417 3.474737 -0.025476
v -0.091267 3.474737 -0.074851
v -0.121346 3.474604 -0.107809
v -0.108946 3.474722 -0.094062
v -0.069104 3.474737 -0.051243
v -0.018621 3.474737 0.000877
v 0.034032 3.474737 0.052973
v 0.083407 3.474737 0.099823
v 0.116362 3.474602 0.129898
v 0.202616 3.402155 0.129666
v -0.110496 3.402436 -0.178174
v -0.051566 3.474737 -0.132142
v -0.002455 3.474737 -0.091503
v 0.050443 3.474737 -0.041887
v 0.100059 3.474737 0.011011
v 0.140698 3.474737 0.060122
v 0.181592 3.448153 0.115470
v 0.178454 3.462682 0.112367
v 0.174847 3.468819 0.107520
v 0.170047 3.472907 0.100675
v 0.162176 3.474536 0.089337
v -0.107105 3.448229 -0.173323
v -0.103911 3.462736 -0.170050
v -0.099009 3.468847 -0.166361
v -0.092125 3.472911 -0.161500
v -0.080781 3.474536 -0.153620
v -0.028577 3.474737 -0.113718
v 0.024181 3.474737 -0.067324
v 0.075880 3.474737 -0.015625
v 0.122274 3.474737 0.037133
v 0.179795 3.458224 0.113922
v 0.176832 3.465954 0.110242
v 0.172561 3.471166 0.104292
v 0.167074 3.473996 0.096363
v -0.105499 3.458289 -0.171438
v -0.101758 3.465995 -0.168385
v -0.095759 3.471181 -0.164041
v -0.087807 3.473996 -0.158518
v 0.202427 3.409029 0.129520
v 0.153767 3.474707 0.077525
v -0.110377 3.408748 -0.178024
v -0.068968 3.474706 -0.145210
v -0.103890 3.447677 -0.168504
v -0.106985 3.409308 -0.172948
v 0.147231 3.474722 0.068822
v 0.111167 3.474737 0.024072
v 0.063161 3.474737 -0.028756
v 0.010863 3.474737 -0.079414
v -0.040071 3.474737 -0.122930
v -0.074861 3.474612 -0.149393
v -0.060266 3.474721 -0.138675
v -0.015516 3.474737 -0.102611
v 0.037312 3.474737 -0.054605
v 0.087970 3.474737 -0.002307
v 0.131486 3.474737 0.048627
v 0.157949 3.474612 0.083417
v 0.229563 3.402155 0.075022
v -0.060325 3.402436 -0.202916
v -0.000737 3.474744 -0.167183
v 0.049243 3.474737 -0.135212
v 0.100067 3.474737 -0.091511
v 0.143768 3.474737 -0.040687
v 0.175731 3.474741 0.009292
v 0.205686 3.448154 0.066651
v 0.202536 3.462691 0.063787
v 0.199431 3.468841 0.058384
v 0.195427 3.472935 0.050535
v 0.189834 3.474587 0.038365
v -0.058203 3.448229 -0.197451
v -0.055278 3.462736 -0.194124
v -0.049833 3.468846 -0.190891
v -0.041979 3.472936 -0.186871
v -0.029799 3.474569 -0.181234
v 0.022754 3.474737 -0.153253
v 0.075349 3.474737 -0.114441
v 0.122997 3.474737 -0.066793
v 0.161809 3.474737 -0.014198
v 0.203786 3.458228 0.065388
v 0.201120 3.465969 0.061449
v 0.197515 3.471192 0.054700
v 0.193081 3.474026 0.045661
v -0.056903 3.458290 -0.195443
v -0.052918 3.465995 -0.192643
v -0.046144 3.471192 -0.188959
v -0.037105 3.474027 -0.184525
v 0.229357 3.409029 0.074915
v 0.184634 3.474756 0.026693
v -0.060235 3.408748 -0.202753
v -0.018137 3.474756 -0.176078
v -0.056348 3.447677 -0.191962
v -0.058273 3.409308 -0.196971
v 0.180166 3.474742 0.017988
v 0.152788 3.474737 -0.027443
v 0.111532 3.474737 -0.079152
v 0.062296 3.474737 -0.124827
v 0.011009 3.474737 -0.160210
v -0.023965 3.474659 -0.178646
v -0.009432 3.474743 -0.171611
v 0.035999 3.474737 -0.144232
v 0.087708 3.474737 -0.102976
v 0.133383 3.474737 -0.053740
v 0.168766 3.474737 -0.002453
v 0.187233 3.474672 0.032527
v 0.241450 3.402155 0.015265
v -0.005459 3.402436 -0.213830
v 0.216274 3.448153 0.013542
v 0.212884 3.462681 0.012827
v 0.209492 3.468825 0.011411
v 0.205154 3.472933 0.009345
v 0.200551 3.474548 0.005178
v -0.005008 3.448228 -0.208064
v -0.004283 3.462739 -0.204523
v -0.002862 3.468862 -0.201049
v -0.000792 3.472952 -0.196650
v 0.003378 3.474548 -0.191995
v 0.031271 3.474694 -0.183846
v 0.081606 3.474630 -0.158989
v 0.129610 3.474612 -0.121054
v 0.167536 3.474626 -0.073046
v 0.192402 3.474693 -0.022715
v 0.214245 3.458223 0.013239
v 0.211334 3.465955 0.012216
v 0.207411 3.471180 0.010442
v 0.202794 3.474030 0.007948
v -0.004699 3.458290 -0.205935
v -0.003669 3.466002 -0.202931
v -0.001890 3.471208 -0.198935
v 0.000607 3.474041 -0.194266
v 0.013869 3.474690 -0.189482
v -0.005438 3.408748 -0.213657
v 0.055118 3.474658 -0.173469
v 0.106751 3.474611 -0.141383
v 0.149951 3.474617 -0.098203
v 0.182025 3.474657 -0.046562
v 0.198038 3.474689 -0.005313
v 0.241231 3.409029 0.015240
v -0.004631 3.447677 -0.202283
v -0.005039 3.409308 -0.207564
v 0.195230 3.474695 -0.014016
v 0.174777 3.474641 -0.059806
v 0.139768 3.474608 -0.109619
v 0.094179 3.474620 -0.150182
v 0.043197 3.474675 -0.178657
v 0.008625 3.474624 -0.190751
v 0.022568 3.474675 -0.186621
v 0.068355 3.474632 -0.166201
v 0.118181 3.474612 -0.131219
v 0.158738 3.474619 -0.085623
v 0.187163 3.474656 -0.034632
v 0.199307 3.474624 -0.000069
vn 0.3333 -0.9386 0.0893
vn 0.2988 -0.9386 0.1725
vn 0.6802 -0.6190 0.3927
vn 0.7586 -0.6190 0.2033
vn 0.2440 -0.9386 0.2440
vn 0.5554 -0.6190 0.5554
vn 0.1725 -0.9386 0.2988
vn 0.3927 -0.6190 0.6802
vn 0.0893 -0.9386 0.3333
vn 0.2033 -0.6190 0.7586
vn -0.2988 -0.9386 0.1725
vn -0.3333 -0.9386 0.0893
vn -0.7586 -0.6190 0.2033
vn -0.6802 -0.6190 0.3927
vn -0.3450 -0.9386 -0.0000
vn -0.3333 -0.9386 -0.0893
vn -0.7586 -0.6190 -0.2033
vn -0.7854 -0.6190 -0.0000
vn -0.2988 -0.9386 -0.1725
vn -0.2440 -0.9386 -0.2440
vn -0.5554 -0.6190 -0.5554
vn -0.6802 -0.6190 -0.3927
vn -0.1725 -0.9386 -0.2988
vn -0.0893 -0.9386 -0.3333
vn -0.2033 -0.6190 -0.7586
vn -0.3927 -0.6190 -0.6802
vn -0.0000 -0.9386 -0.3450
vn -0.0000 -0.6190 -0.7854
vn 0.0893 -0.9386 -0.3333
vn 0.2033 -0.6190 -0.7586
vn -0.0000 -0.9386 0.3450
vn -0.0000 -0.6190 0.7854
vn 0.1725 -0.9386 -0.2988
vn 0.3927 -0.6190 -0.6802
vn 0.2440 -0.9386 -0.2440
vn 0.5554 -0.6190 -0.5554
vn 0.2988 -0.9386 -0.1725
vn 0.6802 -0.6190 -0.3927
vn 0.3333 -0.9386 -0.0893
vn 0.7586 -0.6190 -0.2033
vn 0.1465 -0.8244 0.5467
vn 0.2830 -0.8244 0.4902
vn -0.4902 -0.8244 -0.2830
vn -0.5467 -0.8244 -0.1465
vn 0.3450 -0.9386 -0.0000
vn 0.7854 -0.6190 -0.0000
vn -0.0893 -0.9386 0.3333
vn -0.2033 -0.6190 0.7586
vn -0.1725 -0.9386 0.2988
vn -0.3927 -0.6190 0.6802
vn -0.2440 -0.9386 0.2440
vn -0.5554 -0.6190 0.5554
vn -0.9470 0.1970 0.2537
vn -0.8491 0.1970 0.4902
vn -0.7886 0.4134 0.4553
vn -0.8795 0.4134 0.2357
vn -0.7072 0.5772 0.4083
vn -0.5774 0.5772 0.5774
vn -0.6423 0.4182 0.6423
vn -0.7867 0.4182 0.4542
vn -0.4902 0.1970 -0.8491
vn -0.6932 0.1970 -0.6932
vn -0.6439 0.4134 -0.6439
vn -0.4553 0.4134 -0.7886
vn 0.9470 0.1970 -0.2537
vn 0.8490 0.1970 -0.4902
vn 0.7886 0.4134 -0.4553
vn 0.8795 0.4134 -0.2357
vn 0.4902 0.1970 0.8491
vn 0.6932 0.1970 0.6932
vn 0.6439 0.4134 0.6439
vn 0.4553 0.4134 0.7886
vn -0.6932 0.1970 0.6932
vn -0.4902 0.1970 0.8491
vn -0.4553 0.4134 0.7886
vn -0.6439 0.4134 0.6439
vn -0.8491 0.1970 -0.4902
vn -0.9470 0.1970 -0.2537
vn -0.8795 0.4134 -0.2357
vn -0.7886 0.4134 -0.4553
vn 0.6932 0.1970 -0.6932
vn 0.4902 0.1970 -0.8491
vn 0.4553 0.4134 -0.7886
vn 0.6439 0.4134 -0.6439
vn 0.8490 0.1970 0.4902
vn 0.9470 0.1970 0.2537
vn 0.8795 0.4134 0.2357
vn 0.7886 0.4134 0.4553
vn 0.2537 0.1970 -0.9470
vn -0.0000 0.1970 -0.9804
vn -0.0000 0.4134 -0.9105
vn 0.2357 0.4134 -0.8795
vn -0.2537 0.1970 0.9470
vn -0.0000 0.1970 0.9804
vn -0.0000 0.4134 0.9105
vn -0.2357 0.4134 0.8795
vn -0.9804 0.1970 -0.0000
vn -0.9105 0.4134 -0.0000
vn -0.2537 0.1970 -0.9470
vn -0.2357 0.4134 -0.8795
vn 0.9804 0.1970 -0.0000
vn 0.9105 0.4134 -0.0000
vn 0.2537 0.1970 0.9470
vn 0.2357 0.4134 0.8795
vn 0.8774 0.4182 -0.2351
vn 0.7867 0.4182 -0.4542
vn 0.6207 -0.6974 -0.3583
vn 0.6923 -0.6974 -0.1855
vn 0.5774 0.5772 0.5774
vn 0.7072 0.5772 0.4083
vn 0.7867 0.4182 0.4542
vn 0.6423 0.4182 0.6423
vn -0.0000 0.5772 -0.8166
vn -0.2114 0.5772 -0.7888
vn -0.2351 0.4182 -0.8774
vn -0.0000 0.4182 -0.9084
vn 0.4083 0.5772 -0.7072
vn 0.2114 0.5772 -0.7888
vn 0.2351 0.4182 -0.8774
vn 0.4542 0.4182 -0.7867
vn -0.7888 0.5772 0.2114
vn -0.8774 0.4182 0.2351
vn 0.4083 0.5772 0.7072
vn 0.4542 0.4182 0.7867
vn 0.5774 0.5772 -0.5774
vn 0.6423 0.4182 -0.6423
vn -0.8166 0.5772 -0.0000
vn -0.9084 0.4182 -0.0000
vn 0.2114 0.5772 0.7888
vn 0.2351 0.4182 0.8774
vn 0.7072 0.5772 -0.4083
vn -0.7888 0.5772 -0.2114
vn -0.8774 0.4182 -0.2351
vn -0.0000 0.5772 0.8166
vn -0.0000 0.4182 0.9084
vn 0.7888 0.5772 -0.2114
vn -0.7072 0.5772 -0.4083
vn -0.7867 0.4182 -0.4542
vn -0.2114 0.5772 0.7888
vn -0.2351 0.4182 0.8774
vn 0.8166 0.5772 -0.0000
vn 0.9084 0.4182 -0.0000
vn -0.5774 0.5772 -0.5774
vn -0.6423 0.4182 -0.6423
vn -0.4083 0.5772 0.7072
vn -0.4542 0.4182 0.7867
vn 0.7888 0.5772 0.2114
vn 0.8774 0.4182 0.2351
vn -0.4083 0.5772 -0.7072
vn -0.4542 0.4182 -0.7867
vn 0.5068 -0.6974 0.5068
vn 0.6207 -0.6974 0.3583
vn 0.4345 -0.8650 0.2509
vn 0.3548 -0.8650 0.3548
vn -0.6923 -0.6974 -0.1855
vn -0.6207 -0.6974 -0.3583
vn -0.0000 -0.6974 0.7167
vn -0.1855 -0.6974 0.6923
vn 0.7167 -0.6974 -0.0000
vn -0.5068 -0.6974 -0.5068
vn -0.3583 -0.6974 0.6207
vn 0.6923 -0.6974 0.1855
vn -0.3583 -0.6974 -0.6207
vn -0.5068 -0.6974 0.5068
vn -0.1855 -0.6974 -0.6923
vn -0.0000 -0.6974 -0.7167
vn 0.1855 -0.6974 -0.6923
vn -0.6207 -0.6974 0.3583
vn 0.3583 -0.6974 -0.6207
vn -0.6923 -0.6974 0.1855
vn 0.3583 -0.6974 0.6207
vn 0.5068 -0.6974 -0.5068
vn -0.7167 -0.6974 -0.0000
vn 0.1855 -0.6974 0.6923
vn -0.8021 0.3769 -0.4631
vn -0.8947 0.3769 -0.2397
vn -0.4810 0.8672 -0.1289
vn -0.4313 0.8672 -0.2490
vn -0.1299 -0.8650 -0.4846
vn -0.0000 -0.8650 -0.5017
vn 0.1299 -0.8650 -0.4846
vn 0.2509 -0.8650 -0.4345
vn -0.4345 -0.8650 0.2509
vn -0.4846 -0.8650 0.1299
vn 0.2509 -0.8650 0.4345
vn 0.3548 -0.8650 -0.3548
vn -0.5017 -0.8650 -0.0000
vn 0.1299 -0.8650 0.4846
vn 0.4345 -0.8650 -0.2509
vn -0.4846 -0.8650 -0.1299
vn -0.0000 -0.8650 0.5017
vn 0.4846 -0.8650 -0.1299
vn -0.4345 -0.8650 -0.2509
vn -0.1299 -0.8650 0.4846
vn 0.5017 -0.8650 -0.0000
vn -0.3548 -0.8650 -0.3548
vn -0.2509 -0.8650 0.4345
vn 0.4846 -0.8650 0.1299
vn -0.2509 -0.8650 -0.4345
vn -0.3548 -0.8650 0.3548
vn 0.3521 0.8672 0.3521
vn 0.4313 0.8672 0.2490
vn 0.5847 0.7377 0.3376
vn 0.4774 0.7377 0.4774
vn -0.2397 0.3769 0.8947
vn -0.0000 0.3769 0.9262
vn -0.0000 0.8672 0.4980
vn -0.1289 0.8672 0.4810
vn 0.9262 0.3769 -0.0000
vn 0.8947 0.3769 -0.2397
vn 0.4810 0.8672 -0.1289
vn 0.4980 0.8672 -0.0000
vn -0.6549 0.3769 -0.6549
vn -0.3521 0.8672 -0.3521
vn -0.4631 0.3769 0.8021
vn -0.2490 0.8672 0.4313
vn 0.8947 0.3769 0.2397
vn 0.4810 0.8672 0.1289
vn -0.4631 0.3769 -0.8021
vn -0.2490 0.8672 -0.4313
vn -0.6549 0.3769 0.6549
vn -0.3522 0.8672 0.3521
vn 0.8021 0.3769 0.4631
vn -0.2397 0.3769 -0.8947
vn -0.1289 0.8672 -0.4810
vn 0.2397 0.3769 -0.8947
vn -0.0000 0.3769 -0.9262
vn -0.0000 0.8672 -0.4980
vn 0.1289 0.8672 -0.4810
vn -0.8021 0.3769 0.4631
vn -0.4313 0.8672 0.2490
vn 0.6549 0.3769 0.6549
vn 0.4631 0.3769 -0.8021
vn 0.2490 0.8672 -0.4313
vn -0.8947 0.3769 0.2397
vn -0.4810 0.8672 0.1289
vn 0.4631 0.3769 0.8021
vn 0.2490 0.8672 0.4313
vn 0.6549 0.3769 -0.6549
vn 0.3522 0.8672 -0.3521
vn -0.9262 0.3769 -0.0000
vn -0.4980 0.8672 -0.0000
vn 0.2397 0.3769 0.8947
vn 0.1289 0.8672 0.4810
vn 0.8021 0.3769 -0.4631
vn 0.4313 0.8672 -0.2490
vn -0.1747 0.7377 0.6521
vn -0.0000 0.7377 0.6751
vn -0.0000 0.6789 0.7342
vn -0.1900 0.6789 0.7092
vn -0.1747 0.7377 -0.6521
vn -0.0000 0.7377 -0.6751
vn 0.1747 0.7377 -0.6521
vn 0.3376 0.7377 -0.5847
vn -0.5847 0.7377 0.3376
vn -0.6521 0.7377 0.1747
vn 0.3376 0.7377 0.5847
vn 0.4774 0.7377 -0.4774
vn -0.6751 0.7377 -0.0000
vn 0.1747 0.7377 0.6521
vn 0.5847 0.7377 -0.3376
vn -0.6521 0.7377 -0.1747
vn 0.6521 0.7377 -0.1747
vn -0.5847 0.7377 -0.3376
vn 0.6751 0.7377 -0.0000
vn -0.4774 0.7377 -0.4774
vn -0.3376 0.7377 0.5847
vn 0.6521 0.7377 0.1747
vn -0.3376 0.7377 -0.5847
vn -0.4774 0.7377 0.4774
vn 0.7092 0.6789 -0.1900
vn 0.7342 0.6789 -0.0000
vn -0.6359 0.6789 -0.3671
vn -0.5192 0.6789 -0.5192
vn -0.3671 0.6789 0.6359
vn 0.7092 0.6789 0.1900
vn -0.3671 0.6789 -0.6359
vn -0.5192 0.6789 0.5192
vn 0.6359 0.6789 0.3671
vn -0.1900 0.6789 -0.7092
vn -0.0000 0.6789 -0.7342
vn 0.1900 0.6789 -0.7092
vn -0.6359 0.6789 0.3671
vn 0.5192 0.6789 0.5192
vn 0.3671 0.6789 -0.6359
vn -0.7092 0.6789 0.1900
vn 0.3671 0.6789 0.6359
vn 0.5192 0.6789 -0.5192
vn -0.7342 0.6789 -0.0000
vn 0.1900 0.6789 0.7092
vn 0.6359 0.6789 -0.3671
vn -0.7092 0.6789 -0.1900
vn 0.8940 -0.3787 -0.2395
vn 0.8015 -0.3787 -0.4628
vn 0.8660 -0.0057 -0.5000
vn 0.9659 -0.0057 -0.2588
vn -0.0000 -0.3787 0.9255
vn 0.2395 -0.3787 0.8940
vn 0.2588 -0.0057 0.9659
vn -0.0000 -0.0057 1.0000
vn -0.8940 -0.3787 -0.2395
vn -0.9255 -0.3787 -0.0000
vn -1.0000 -0.0057 -0.0000
vn -0.9659 -0.0057 -0.2588
vn 0.6544 -0.3787 -0.6544
vn 0.7071 -0.0057 -0.7071
vn 0.4628 -0.3787 0.8015
vn 0.5000 -0.0057 0.8660
vn -0.8940 -0.3787 0.2395
vn -0.9659 -0.0057 0.2588
vn 0.4628 -0.3787 -0.8015
vn 0.5000 -0.0057 -0.8660
vn 0.6544 -0.3787 0.6544
vn 0.7071 -0.0057 0.7071
vn -0.8015 -0.3787 0.4628
vn -0.8660 -0.0057 0.5000
vn 0.2395 -0.3787 -0.8940
vn 0.2588 -0.0057 -0.9659
vn -0.0000 -0.3787 -0.9255
vn -0.2395 -0.3787 -0.8940
vn -0.2588 -0.0057 -0.9659
vn -0.0000 -0.0057 -1.0000
vn 0.8015 -0.3787 0.4628
vn 0.8660 -0.0057 0.5000
vn -0.6544 -0.3787 0.6544
vn -0.7071 -0.0057 0.7071
vn -0.4628 -0.3787 -0.8015
vn -0.5000 -0.0057 -0.8660
vn 0.8940 -0.3787 0.2395
vn 0.9659 -0.0057 0.2588
vn -0.4628 -0.3787 0.8015
vn -0.5000 -0.0057 0.8660
vn -0.6544 -0.3787 -0.6544
vn -0.7071 -0.0057 -0.7071
vn 0.9255 -0.3787 -0.0000
vn 1.0000 -0.0057 -0.0000
vn -0.2395 -0.3787 0.8940
vn -0.2588 -0.0057 0.9659
vn -0.8015 -0.3787 -0.4628
vn -0.8660 -0.0057 -0.5000
vn -0.0000 0.0023 1.0000
vn 0.2588 0.0023 0.9659
vn 0.2587 0.0311 0.9655
vn -0.0000 0.0311 0.9995
vn 0.9659 0.0023 0.2588
vn 1.0000 0.0023 -0.0000
vn 0.9995 0.0311 -0.0000
vn 0.9655 0.0311 0.2587
vn 0.5000 0.0023 -0.8660
vn 0.2588 0.0023 -0.9659
vn 0.2587 0.0311 -0.9655
vn 0.4998 0.0311 -0.8656
vn -0.0000 0.0023 -1.0000
vn -0.2588 0.0023 -0.9659
vn -0.2587 0.0311 -0.9655
vn -0.0000 0.0311 -0.9995
vn -0.9659 0.0023 -0.2588
vn -1.0000 0.0023 -0.0000
vn -0.9995 0.0311 -0.0000
vn -0.9655 0.0311 -0.2587
vn -0.5000 0.0023 0.8660
vn -0.2588 0.0023 0.9659
vn -0.2587 0.0311 0.9655
vn -0.4998 0.0311 0.8656
vn 0.7071 0.0023 0.7071
vn 0.8660 0.0023 0.5000
vn 0.8656 0.0311 0.4998
vn 0.7068 0.0311 0.7068
vn 0.8660 0.0023 -0.5000
vn 0.7071 0.0023 -0.7071
vn 0.7068 0.0311 -0.7068
vn 0.8656 0.0311 -0.4998
vn -0.7071 0.0023 -0.7071
vn -0.8660 0.0023 -0.5000
vn -0.8656 0.0311 -0.4998
vn -0.7068 0.0311 -0.7068
vn -0.8660 0.0023 0.5000
vn -0.7071 0.0023 0.7071
vn -0.7068 0.0311 0.7068
vn -0.8656 0.0311 0.4998
vn 0.5000 0.0023 0.8660
vn 0.4998 0.0311 0.8656
vn 0.9659 0.0023 -0.2588
vn 0.9655 0.0311 -0.2587
vn -0.5000 0.0023 -0.8660
vn -0.4998 0.0311 -0.8656
vn -0.9659 0.0023 0.2588
vn -0.9655 0.0311 0.2587
vn -0.0000 -0.1302 -0.9915
vn 0.2566 -0.1302 -0.9577
vn 0.2251 -0.4936 -0.8400
vn -0.0000 -0.4936 -0.8697
vn 0.1328 -0.8584 -0.4955
vn -0.0000 -0.8584 -0.5130
vn 0.4957 -0.1302 -0.8587
vn 0.4348 -0.4936 -0.7532
vn 0.2565 -0.8584 -0.4443
vn 0.7011 -0.1302 -0.7011
vn 0.6150 -0.4936 -0.6150
vn 0.3628 -0.8584 -0.3628
vn 0.8587 -0.1302 -0.4957
vn 0.7532 -0.4936 -0.4348
vn 0.4443 -0.8584 -0.2565
vn 0.9577 -0.1302 -0.2566
vn 0.8400 -0.4936 -0.2251
vn 0.4955 -0.8584 -0.1328
vn 0.9915 -0.1302 -0.0000
vn 0.8697 -0.4936 -0.0000
vn 0.5130 -0.8584 -0.0000
vn 0.9577 -0.1302 0.2566
vn 0.8400 -0.4936 0.2251
vn 0.4955 -0.8584 0.1328
vn 0.8587 -0.1302 0.4957
vn 0.7532 -0.4936 0.4348
vn 0.4443 -0.8584 0.2565
vn 0.7011 -0.1302 0.7011
vn 0.6150 -0.4936 0.6150
vn 0.3628 -0.8584 0.3628
vn 0.4957 -0.1302 0.8587
vn 0.4348 -0.4936 0.7532
vn 0.2565 -0.8584 0.4443
vn 0.2566 -0.1302 0.9577
vn 0.2251 -0.4936 0.8400
vn 0.1328 -0.8584 0.4955
vn -0.0000 -0.1302 0.9915
vn -0.0000 -0.4936 0.8697
vn -0.0000 -0.8584 0.5130
vn -0.2566 -0.1302 0.9577
vn -0.2251 -0.4936 0.8400
vn -0.1328 -0.8584 0.4955
vn -0.4957 -0.1302 0.8587
vn -0.4348 -0.4936 0.7532
vn -0.2565 -0.8584 0.4443
vn -0.7011 -0.1302 0.7011
vn -0.6150 -0.4936 0.6150
vn -0.3628 -0.8584 0.3628
vn -0.8587 -0.1302 0.4957
vn -0.7532 -0.4936 0.4348
vn -0.4443 -0.8584 0.2565
vn -0.9577 -0.1302 0.2566
vn -0.8400 -0.4936 0.2251
vn -0.4955 -0.8584 0.1328
vn -0.9915 -0.1302 -0.0000
vn -0.8697 -0.4936 -0.0000
vn -0.5130 -0.8584 -0.0000
vn -0.9577 -0.1302 -0.2566
vn -0.8400 -0.4936 -0.2251
vn -0.4955 -0.8584 -0.1328
vn -0.8587 -0.1302 -0.4957
vn -0.7532 -0.4936 -0.4348
vn -0.4443 -0.8584 -0.2565
vn -0.7011 -0.1302 -0.7011
vn -0.6150 -0.4936 -0.6150
vn -0.3628 -0.8584 -0.3628
vn -0.4957 -0.1302 -0.8587
vn -0.4348 -0.4936 -0.7532
vn -0.2565 -0.8584 -0.4443
vn -0.2566 -0.1302 -0.9577
vn -0.2251 -0.4936 -0.8400
vn -0.1328 -0.8584 -0.4955
vn 0.1465 -0.8244 -0.5467
vn -0.0000 -0.8244 -0.5660
vn -0.4002 -0.8244 0.4002
vn -0.2830 -0.8244 0.4902
vn 0.4002 -0.8244 0.4002
vn -0.1465 -0.8244 -0.5467
vn -0.1465 -0.8244 0.5467
vn 0.5467 -0.8244 -0.1465
vn 0.4902 -0.8244 -0.2830
vn -0.5660 -0.8244 -0.0000
vn 0.4002 -0.8244 -0.4002
vn -0.5467 -0.8244 0.1465
vn 0.4902 -0.8244 0.2830
vn -0.2830 -0.8244 -0.4902
vn -0.0000 -0.8244 0.5660
vn 0.5467 -0.8244 0.1465
vn -0.4002 -0.8244 -0.4002
vn 0.2830 -0.8244 -0.4902
vn -0.4902 -0.8244 0.2830
vn 0.5660 -0.8244 -0.0000
vn 0.2531 -0.9337 -0.2531
vn 0.1790 -0.9337 -0.3100
vn 0.1790 -0.9337 0.3100
vn 0.2531 -0.9337 0.2531
vn -0.3457 -0.9337 -0.0926
vn -0.3579 -0.9337 -0.0000
vn 0.0926 -0.9337 -0.3457
vn 0.3100 -0.9337 0.1790
vn -0.3457 -0.9337 0.0926
vn -0.0000 -0.9337 -0.3579
vn 0.3457 -0.9337 0.0926
vn -0.3100 -0.9337 0.1790
vn -0.0926 -0.9337 -0.3457
vn 0.3579 -0.9337 -0.0000
vn -0.2531 -0.9337 0.2531
vn -0.1790 -0.9337 -0.3100
vn 0.3457 -0.9337 -0.0926
vn -0.1790 -0.9337 0.3100
vn -0.2531 -0.9337 -0.2531
vn 0.3100 -0.9337 -0.1790
vn -0.0926 -0.9337 0.3457
vn -0.0000 -0.9337 0.3579
vn 0.0926 -0.9337 0.3457
vn -0.3100 -0.9337 -0.1790
vn -0.1864 -0.9766 0.1076
vn -0.1522 -0.9766 0.1522
vn -0.0557 -0.9766 -0.2079
vn -0.1076 -0.9766 -0.1864
vn 0.2152 -0.9766 -0.0000
vn 0.2079 -0.9766 -0.0557
vn -0.1076 -0.9766 0.1864
vn -0.1522 -0.9766 -0.1522
vn 0.1864 -0.9766 -0.1076
vn -0.0557 -0.9766 0.2079
vn -0.0000 -0.9766 0.2152
vn 0.0557 -0.9766 0.2079
vn -0.1864 -0.9766 -0.1076
vn 0.1522 -0.9766 -0.1522
vn 0.1076 -0.9766 0.1864
vn -0.2079 -0.9766 -0.0557
vn 0.1076 -0.9766 -0.1864
vn 0.1522 -0.9766 0.1522
vn -0.2152 -0.9766 -0.0000
vn 0.0557 -0.9766 -0.2079
vn 0.1864 -0.9766 0.1076
vn -0.2079 -0.9766 0.0557
vn -0.0000 -0.9766 -0.2152
vn 0.2079 -0.9766 0.0557
vn 0.0630 -0.9960 -0.0630
vn 0.0446 -0.9960 -0.0772
vn 0.0446 -0.9960 0.0772
vn 0.0630 -0.9960 0.0630
vn -0.0861 -0.9960 -0.0231
vn -0.0891 -0.9960 -0.0000
vn 0.0231 -0.9960 -0.0861
vn 0.0772 -0.9960 0.0446
vn -0.0861 -0.9960 0.0231
vn -0.0000 -0.9960 -0.0891
vn 0.0861 -0.9960 0.0231
vn -0.0772 -0.9960 0.0446
vn -0.0231 -0.9960 -0.0861
vn 0.0891 -0.9960 -0.0000
vn -0.0630 -0.9960 0.0630
vn -0.0446 -0.9960 -0.0772
vn 0.0861 -0.9960 -0.0231
vn -0.0446 -0.9960 0.0772
vn -0.0630 -0.9960 -0.0630
vn 0.0772 -0.9960 -0.0446
vn -0.0231 -0.9960 0.0861
vn -0.0000 -0.9960 0.0891
vn 0.0231 -0.9960 0.0861
vn -0.0772 -0.9960 -0.0446
vn -0.0000 -1.0000 -0.0000
vn -0.3297 0.9400 -0.0883
vn -0.7632 0.6129 -0.2045
vn -0.6843 0.6129 -0.3951
vn -0.2956 0.9400 -0.1706
vn -0.5587 0.6129 -0.5587
vn -0.2413 0.9400 -0.2413
vn -0.3951 0.6129 -0.6843
vn -0.1706 0.9400 -0.2956
vn -0.2045 0.6129 -0.7632
vn -0.0883 0.9400 -0.3297
vn 0.2956 0.9400 -0.1706
vn 0.6843 0.6129 -0.3951
vn 0.7632 0.6129 -0.2045
vn 0.3297 0.9400 -0.0883
vn 0.3413 0.9400 -0.0000
vn 0.7901 0.6129 -0.0000
vn 0.7632 0.6129 0.2045
vn 0.3297 0.9400 0.0883
vn 0.2956 0.9400 0.1706
vn 0.6843 0.6129 0.3951
vn 0.5587 0.6129 0.5587
vn 0.2413 0.9400 0.2413
vn 0.1706 0.9400 0.2956
vn 0.3951 0.6129 0.6843
vn 0.2045 0.6129 0.7632
vn 0.0883 0.9400 0.3297
vn -0.0000 0.6129 0.7901
vn -0.0000 0.9400 0.3413
vn -0.2045 0.6129 0.7632
vn -0.0883 0.9400 0.3297
vn -0.0000 0.6129 -0.7901
vn -0.0000 0.9400 -0.3413
vn -0.3951 0.6129 0.6843
vn -0.1706 0.9400 0.2956
vn -0.5587 0.6129 0.5587
vn -0.2413 0.9400 0.2413
vn -0.6843 0.6129 0.3951
vn -0.2956 0.9400 0.1706
vn -0.7632 0.6129 0.2045
vn -0.3297 0.9400 0.0883
vn -0.2832 0.8242 -0.4904
vn -0.1466 0.8242 -0.5470
vn 0.5470 0.8242 0.1466
vn 0.4904 0.8242 0.2832
vn -0.3413 0.9400 -0.0000
vn -0.7901 0.6129 -0.0000
vn 0.2045 0.6129 -0.7632
vn 0.0883 0.9400 -0.3297
vn 0.3951 0.6129 -0.6843
vn 0.1706 0.9400 -0.2956
vn 0.5587 0.6129 -0.5587
vn 0.2413 0.9400 -0.2413
vn 0.9470 -0.1970 -0.2537
vn 0.8795 -0.4135 -0.2357
vn 0.7885 -0.4135 -0.4553
vn 0.8491 -0.1970 -0.4902
vn 0.7077 -0.5763 -0.4086
vn 0.7873 -0.4166 -0.4546
vn 0.6428 -0.4166 -0.6428
vn 0.5779 -0.5763 -0.5779
vn 0.4902 -0.1970 0.8491
vn 0.4553 -0.4135 0.7885
vn 0.6438 -0.4135 0.6438
vn 0.6933 -0.1970 0.6933
vn -0.9470 -0.1970 0.2537
vn -0.8795 -0.4135 0.2357
vn -0.7885 -0.4135 0.4553
vn -0.8491 -0.1970 0.4902
vn -0.4902 -0.1970 -0.8491
vn -0.4553 -0.4135 -0.7885
vn -0.6438 -0.4135 -0.6438
vn -0.6933 -0.1970 -0.6933
vn 0.6933 -0.1970 -0.6933
vn 0.6438 -0.4135 -0.6438
vn 0.4553 -0.4135 -0.7885
vn 0.4902 -0.1970 -0.8491
vn 0.8491 -0.1970 0.4902
vn 0.7885 -0.4135 0.4553
vn 0.8795 -0.4135 0.2357
vn 0.9470 -0.1970 0.2537
vn -0.6933 -0.1970 0.6933
vn -0.6438 -0.4135 0.6438
vn -0.4553 -0.4135 0.7885
vn -0.4902 -0.1970 0.8491
vn -0.8491 -0.1970 -0.4902
vn -0.7885 -0.4135 -0.4553
vn -0.8795 -0.4135 -0.2357
vn -0.9470 -0.1970 -0.2537
vn -0.2537 -0.1970 0.9470
vn -0.2357 -0.4135 0.8795
vn -0.0000 -0.4135 0.9105
vn -0.0000 -0.1970 0.9804
vn 0.2537 -0.1970 -0.9470
vn 0.2357 -0.4135 -0.8795
vn -0.0000 -0.4135 -0.9105
vn -0.0000 -0.1970 -0.9804
vn 0.9804 -0.1970 -0.0000
vn 0.9105 -0.4135 -0.0000
vn 0.2537 -0.1970 0.9470
vn 0.2357 -0.4135 0.8795
vn -0.9804 -0.1970 -0.0000
vn -0.9105 -0.4135 -0.0000
vn -0.2537 -0.1970 -0.9470
vn -0.2357 -0.4135 -0.8795
vn -0.8781 -0.4166 0.2353
vn -0.7021 0.6868 0.1881
vn -0.6295 0.6868 0.3634
vn -0.7873 -0.4166 0.4546
vn -0.5779 -0.5763 -0.5779
vn -0.6428 -0.4166 -0.6428
vn -0.7873 -0.4166 -0.4546
vn -0.7077 -0.5763 -0.4086
vn -0.0000 -0.5763 0.8172
vn -0.0000 -0.4166 0.9091
vn 0.2353 -0.4166 0.8781
vn 0.2115 -0.5763 0.7894
vn -0.4086 -0.5763 0.7077
vn -0.4546 -0.4166 0.7873
vn -0.2353 -0.4166 0.8781
vn -0.2115 -0.5763 0.7894
vn 0.7894 -0.5763 -0.2115
vn 0.8781 -0.4166 -0.2353
vn -0.4086 -0.5763 -0.7077
vn -0.4546 -0.4166 -0.7873
vn -0.5779 -0.5763 0.5779
vn -0.6428 -0.4166 0.6428
vn 0.8172 -0.5763 -0.0000
vn 0.9091 -0.4166 -0.0000
vn -0.2115 -0.5763 -0.7894
vn -0.2353 -0.4166 -0.8781
vn -0.7077 -0.5763 0.4086
vn 0.7894 -0.5763 0.2115
vn 0.8781 -0.4166 0.2353
vn -0.0000 -0.5763 -0.8172
vn -0.0000 -0.4166 -0.9091
vn -0.7894 -0.5763 0.2115
vn 0.7077 -0.5763 0.4086
vn 0.7873 -0.4166 0.4546
vn 0.2115 -0.5763 -0.7894
vn 0.2353 -0.4166 -0.8781
vn -0.8172 -0.5763 -0.0000
vn -0.9091 -0.4166 -0.0000
vn 0.5779 -0.5763 0.5779
vn 0.6428 -0.4166 0.6428
vn 0.4086 -0.5763 -0.7077
vn 0.4546 -0.4166 -0.7873
vn -0.7894 -0.5763 -0.2115
vn -0.8781 -0.4166 -0.2353
vn 0.4086 -0.5763 0.7077
vn 0.4546 -0.4166 0.7873
vn -0.5140 0.6868 -0.5140
vn -0.3715 0.8509 -0.3715
vn -0.4549 0.8509 -0.2627
vn -0.6295 0.6868 -0.3634
vn 0.6295 0.6868 0.3634
vn 0.7021 0.6868 0.1881
vn 0.1881 0.6868 -0.7021
vn -0.0000 0.6868 -0.7269
vn -0.7269 0.6868 -0.0000
vn 0.5140 0.6868 0.5140
vn 0.3634 0.6868 -0.6295
vn -0.7021 0.6868 -0.1881
vn 0.3634 0.6868 0.6295
vn 0.5140 0.6868 -0.5140
vn 0.1881 0.6868 0.7021
vn -0.1881 0.6868 0.7021
vn -0.0000 0.6868 0.7269
vn 0.6295 0.6868 -0.3634
vn -0.3634 0.6868 0.6295
vn 0.7021 0.6868 -0.1881
vn -0.3634 0.6868 -0.6295
vn -0.5140 0.6868 0.5140
vn 0.7269 0.6868 -0.0000
vn -0.1881 0.6868 -0.7021
vn 0.8062 -0.3652 0.4655
vn 0.4489 -0.8552 0.2591
vn 0.5006 -0.8552 0.1341
vn 0.8992 -0.3652 0.2409
vn -0.0000 0.8509 0.5253
vn 0.1360 0.8509 0.5074
vn -0.2627 0.8509 0.4549
vn -0.1360 0.8509 0.5074
vn 0.5074 0.8509 -0.1360
vn 0.4549 0.8509 -0.2627
vn -0.2627 0.8509 -0.4549
vn -0.3715 0.8509 0.3715
vn 0.5253 0.8509 -0.0000
vn -0.1360 0.8509 -0.5074
vn -0.4549 0.8509 0.2627
vn 0.5074 0.8509 0.1360
vn -0.0000 0.8509 -0.5253
vn -0.5074 0.8509 0.1360
vn 0.4549 0.8509 0.2627
vn 0.1360 0.8509 -0.5074
vn -0.5253 0.8509 -0.0000
vn 0.3715 0.8509 0.3715
vn 0.2627 0.8509 -0.4549
vn -0.5074 0.8509 -0.1360
vn 0.2627 0.8509 0.4549
vn 0.3715 0.8509 -0.3715
vn -0.3665 -0.8552 -0.3665
vn -0.4780 -0.7369 -0.4780
vn -0.5854 -0.7369 -0.3380
vn -0.4489 -0.8552 -0.2591
vn 0.2409 -0.3652 -0.8992
vn 0.1341 -0.8552 -0.5006
vn -0.0000 -0.8552 -0.5183
vn -0.0000 -0.3652 -0.9309
vn -0.9309 -0.3652 -0.0000
vn -0.5183 -0.8552 -0.0000
vn -0.5006 -0.8552 0.1341
vn -0.8992 -0.3652 0.2409
vn 0.6583 -0.3652 0.6583
vn 0.3665 -0.8552 0.3665
vn 0.4655 -0.3652 -0.8062
vn 0.2591 -0.8552 -0.4489
vn -0.8992 -0.3652 -0.2409
vn -0.5006 -0.8552 -0.1341
vn 0.4655 -0.3652 0.8062
vn 0.2591 -0.8552 0.4489
vn 0.6583 -0.3652 -0.6583
vn 0.3665 -0.8552 -0.3665
vn -0.8062 -0.3652 -0.4655
vn 0.2409 -0.3652 0.8992
vn 0.1341 -0.8552 0.5006
vn -0.2409 -0.3652 0.8992
vn -0.1341 -0.8552 0.5006
vn -0.0000 -0.8552 0.5183
vn -0.0000 -0.3652 0.9309
vn 0.8062 -0.3652 -0.4655
vn 0.4489 -0.8552 -0.2591
vn -0.6583 -0.3652 -0.6583
vn -0.4655 -0.3652 0.8062
vn -0.2591 -0.8552 0.4489
vn 0.8992 -0.3652 -0.2409
vn 0.5006 -0.8552 -0.1341
vn -0.4655 -0.3652 -0.8062
vn -0.2591 -0.8552 -0.4489
vn -0.6583 -0.3652 0.6583
vn -0.3665 -0.8552 0.3665
vn 0.9309 -0.3652 -0.0000
vn 0.5183 -0.8552 -0.0000
vn -0.2409 -0.3652 -0.8992
vn -0.1341 -0.8552 -0.5006
vn -0.8062 -0.3652 0.4655
vn -0.4489 -0.8552 0.2591
vn 0.1749 -0.7369 -0.6529
vn 0.1767 0.7306 -0.6595
vn -0.0000 0.7306 -0.6828
vn -0.0000 -0.7369 -0.6760
vn -0.0000 -0.7369 0.6760
vn 0.1749 -0.7369 0.6529
vn -0.3380 -0.7369 0.5854
vn -0.1750 -0.7369 0.6529
vn 0.6529 -0.7369 -0.1750
vn 0.5854 -0.7369 -0.3380
vn -0.3380 -0.7369 -0.5854
vn -0.4780 -0.7369 0.4780
vn 0.6760 -0.7369 -0.0000
vn -0.1750 -0.7369 -0.6529
vn -0.5854 -0.7369 0.3380
vn 0.6529 -0.7369 0.1750
vn -0.6529 -0.7369 0.1750
vn 0.5854 -0.7369 0.3380
vn -0.6760 -0.7369 -0.0000
vn 0.4780 -0.7369 0.4780
vn 0.3380 -0.7369 -0.5854
vn -0.6529 -0.7369 -0.1750
vn 0.3380 -0.7369 0.5854
vn 0.4780 -0.7369 -0.4780
vn -0.6828 0.7306 -0.0000
vn -0.6595 0.7306 0.1767
vn 0.4828 0.7306 0.4828
vn 0.5913 0.7306 0.3414
vn 0.3414 0.7306 -0.5913
vn -0.6595 0.7306 -0.1767
vn 0.3414 0.7306 0.5913
vn 0.4828 0.7306 -0.4828
vn -0.5913 0.7306 -0.3414
vn 0.1767 0.7306 0.6595
vn -0.1767 0.7306 0.6595
vn -0.0000 0.7306 0.6828
vn 0.5913 0.7306 -0.3414
vn -0.4828 0.7306 -0.4828
vn -0.3414 0.7306 0.5913
vn 0.6595 0.7306 -0.1767
vn -0.3414 0.7306 -0.5913
vn -0.4828 0.7306 0.4828
vn 0.6828 0.7306 -0.0000
vn -0.1767 0.7306 -0.6595
vn -0.5913 0.7306 0.3414
vn 0.6595 0.7306 0.1767
vn -0.8987 0.3666 0.2408
vn -0.9659 0.0060 0.2588
vn -0.8660 0.0060 0.5000
vn -0.8057 0.3666 0.4652
vn -0.0000 0.3666 -0.9304
vn -0.0000 0.0060 -1.0000
vn -0.2588 0.0060 -0.9659
vn -0.2408 0.3666 -0.8987
vn 0.8987 0.3666 0.2408
vn 0.9659 0.0060 0.2588
vn 1.0000 0.0060 -0.0000
vn 0.9304 0.3666 -0.0000
vn -0.7071 0.0060 0.7071
vn -0.6579 0.3666 0.6579
vn -0.5000 0.0060 -0.8660
vn -0.4652 0.3666 -0.8057
vn 0.9659 0.0060 -0.2588
vn 0.8987 0.3666 -0.2408
vn -0.5000 0.0060 0.8660
vn -0.4652 0.3666 0.8057
vn -0.7071 0.0060 -0.7071
vn -0.6579 0.3666 -0.6579
vn 0.8660 0.0060 -0.5000
vn 0.8057 0.3666 -0.4652
vn -0.2588 0.0060 0.9659
vn -0.2408 0.3666 0.8987
vn -0.0000 0.3666 0.9304
vn -0.0000 0.0060 1.0000
vn 0.2588 0.0060 0.9659
vn 0.2408 0.3666 0.8987
vn -0.8660 0.0060 -0.5000
vn -0.8057 0.3666 -0.4652
vn 0.7071 0.0060 -0.7071
vn 0.6579 0.3666 -0.6579
vn 0.5000 0.0060 0.8660
vn 0.4652 0.3666 0.8057
vn -0.9659 0.0060 -0.2588
vn -0.8987 0.3666 -0.2408
vn 0.5000 0.0060 -0.8660
vn 0.4652 0.3666 -0.8057
vn 0.7071 0.0060 0.7071
vn 0.6579 0.3666 0.6579
vn -1.0000 0.0060 -0.0000
vn -0.9304 0.3666 -0.0000
vn 0.2588 0.0060 -0.9659
vn 0.2408 0.3666 -0.8987
vn 0.8660 0.0060 0.5000
vn 0.8057 0.3666 0.4652
vn -0.0000 -0.0023 -1.0000
vn -0.0000 -0.0309 -0.9995
vn -0.2587 -0.0309 -0.9655
vn -0.2588 -0.0023 -0.9659
vn -0.9659 -0.0023 -0.2588
vn -0.9655 -0.0309 -0.2587
vn -0.9995 -0.0309 -0.0000
vn -1.0000 -0.0023 -0.0000
vn -0.5000 -0.0023 0.8660
vn -0.4998 -0.0309 0.8656
vn -0.2587 -0.0309 0.9655
vn -0.2588 -0.0023 0.9659
vn -0.0000 -0.0023 1.0000
vn -0.0000 -0.0309 0.9995
vn 0.2587 -0.0309 0.9655
vn 0.2588 -0.0023 0.9659
vn 0.9659 -0.0023 0.2588
vn 0.9655 -0.0309 0.2587
vn 0.9995 -0.0309 -0.0000
vn 1.0000 -0.0023 -0.0000
vn 0.5000 -0.0023 -0.8660
vn 0.4998 -0.0309 -0.8656
vn 0.2587 -0.0309 -0.9655
vn 0.2588 -0.0023 -0.9659
vn -0.7071 -0.0023 -0.7071
vn -0.7068 -0.0309 -0.7068
vn -0.8656 -0.0309 -0.4998
vn -0.8660 -0.0023 -0.5000
vn -0.8660 -0.0023 0.5000
vn -0.8656 -0.0309 0.4998
vn -0.7068 -0.0309 0.7068
vn -0.7071 -0.0023 0.7071
vn 0.7071 -0.0023 0.7071
vn 0.7068 -0.0309 0.7068
vn 0.8656 -0.0309 0.4998
vn 0.8660 -0.0023 0.5000
vn 0.8660 -0.0023 -0.5000
vn 0.8656 -0.0309 -0.4998
vn 0.7068 -0.0309 -0.7068
vn 0.7071 -0.0023 -0.7071
vn -0.4998 -0.0309 -0.8656
vn -0.5000 -0.0023 -0.8660
vn -0.9655 -0.0309 0.2587
vn -0.9659 -0.0023 0.2588
vn 0.4998 -0.0309 0.8656
vn 0.5000 -0.0023 0.8660
vn 0.9655 -0.0309 -0.2587
vn 0.9659 -0.0023 -0.2588
vn -0.0000 0.1287 0.9917
vn -0.0000 0.4927 0.8702
vn -0.2252 0.4927 0.8405
vn -0.2567 0.1287 0.9579
vn -0.0000 0.8539 0.5205
vn -0.1347 0.8539 0.5027
vn -0.4351 0.4927 0.7536
vn -0.4958 0.1287 0.8588
vn -0.2602 0.8539 0.4507
vn -0.6153 0.4927 0.6153
vn -0.7012 0.1287 0.7012
vn -0.3680 0.8539 0.3680
vn -0.7536 0.4927 0.4351
vn -0.8588 0.1287 0.4958
vn -0.4507 0.8539 0.2602
vn -0.8405 0.4927 0.2252
vn -0.9579 0.1287 0.2567
vn -0.5027 0.8539 0.1347
vn -0.8702 0.4927 -0.0000
vn -0.9917 0.1287 -0.0000
vn -0.5205 0.8539 -0.0000
vn -0.8405 0.4927 -0.2252
vn -0.9579 0.1287 -0.2567
vn -0.5027 0.8539 -0.1347
vn -0.7536 0.4927 -0.4351
vn -0.8588 0.1287 -0.4958
vn -0.4507 0.8539 -0.2602
vn -0.6153 0.4927 -0.6153
vn -0.7012 0.1287 -0.7012
vn -0.3680 0.8539 -0.3680
vn -0.4351 0.4927 -0.7536
vn -0.4958 0.1287 -0.8588
vn -0.2602 0.8539 -0.4507
vn -0.2252 0.4927 -0.8405
vn -0.2567 0.1287 -0.9579
vn -0.1347 0.8539 -0.5027
vn -0.0000 0.4927 -0.8702
vn -0.0000 0.1287 -0.9917
vn -0.0000 0.8539 -0.5205
vn 0.2252 0.4927 -0.8405
vn 0.2567 0.1287 -0.9579
vn 0.1347 0.8539 -0.5027
vn 0.4351 0.4927 -0.7536
vn 0.4958 0.1287 -0.8588
vn 0.2602 0.8539 -0.4507
vn 0.6153 0.4927 -0.6153
vn 0.7012 0.1287 -0.7012
vn 0.3680 0.8539 -0.3680
vn 0.7536 0.4927 -0.4351
vn 0.8588 0.1287 -0.4958
vn 0.4507 0.8539 -0.2602
vn 0.8405 0.4927 -0.2252
vn 0.9579 0.1287 -0.2567
vn 0.5027 0.8539 -0.1347
vn 0.8702 0.4927 -0.0000
vn 0.9917 0.1287 -0.0000
vn 0.5205 0.8539 -0.0000
vn 0.8405 0.4927 0.2252
vn 0.9579 0.1287 0.2567
vn 0.5027 0.8539 0.1347
vn 0.7536 0.4927 0.4351
vn 0.8588 0.1287 0.4958
vn 0.4507 0.8539 0.2602
vn 0.6153 0.4927 0.6153
vn 0.7012 0.1287 0.7012
vn 0.3680 0.8539 0.3680
vn 0.4351 0.4927 0.7536
vn 0.4958 0.1287 0.8588
vn 0.2602 0.8539 0.4507
vn 0.2252 0.4927 0.8405
vn 0.2567 0.1287 0.9579
vn 0.1347 0.8539 0.5027
vn -0.0000 0.8242 0.5663
vn -0.1466 0.8242 0.5470
vn 0.2832 0.8242 -0.4904
vn 0.4004 0.8242 -0.4004
vn -0.4004 0.8242 -0.4004
vn 0.1466 0.8242 0.5470
vn 0.1466 0.8242 -0.5470
vn -0.4904 0.8242 0.2832
vn -0.5470 0.8242 0.1466
vn 0.5663 0.8242 -0.0000
vn -0.4004 0.8242 0.4004
vn 0.5470 0.8242 -0.1466
vn -0.4904 0.8242 -0.2832
vn 0.2832 0.8242 0.4904
vn -0.0000 0.8242 -0.5663
vn -0.5470 0.8242 -0.1466
vn 0.4004 0.8242 0.4004
vn -0.2832 0.8242 0.4904
vn 0.4904 0.8242 -0.2832
vn -0.5663 0.8242 -0.0000
vn -0.1792 0.9336 0.3103
vn -0.2534 0.9336 0.2534
vn -0.2534 0.9336 -0.2534
vn -0.1792 0.9336 -0.3103
vn 0.3583 0.9336 -0.0000
vn 0.3461 0.9336 0.0927
vn -0.0927 0.9336 0.3461
vn -0.3103 0.9336 -0.1792
vn 0.3461 0.9336 -0.0927
vn -0.0000 0.9336 0.3583
vn -0.3461 0.9336 -0.0927
vn 0.3103 0.9336 -0.1792
vn 0.0927 0.9336 0.3461
vn -0.3583 0.9336 -0.0000
vn 0.2534 0.9336 -0.2534
vn 0.1792 0.9336 0.3103
vn -0.3461 0.9336 0.0927
vn 0.1792 0.9336 -0.3103
vn 0.2534 0.9336 0.2534
vn -0.3103 0.9336 0.1792
vn 0.0927 0.9336 -0.3461
vn -0.0927 0.9336 -0.3461
vn -0.0000 0.9336 -0.3583
vn 0.3103 0.9336 0.1792
vn 0.1523 0.9765 -0.1523
vn 0.1866 0.9765 -0.1077
vn 0.1077 0.9765 0.1866
vn 0.0558 0.9765 0.2081
vn -0.2081 0.9765 0.0558
vn -0.2154 0.9765 -0.0000
vn 0.1077 0.9765 -0.1866
vn 0.1523 0.9765 0.1523
vn -0.1866 0.9765 0.1077
vn 0.0558 0.9765 -0.2081
vn -0.0558 0.9765 -0.2081
vn -0.0000 0.9765 -0.2154
vn 0.1866 0.9765 0.1077
vn -0.1523 0.9765 0.1523
vn -0.1077 0.9765 -0.1866
vn 0.2081 0.9765 0.0558
vn -0.1077 0.9765 0.1866
vn -0.1523 0.9765 -0.1523
vn 0.2154 0.9765 -0.0000
vn -0.0558 0.9765 0.2081
vn -0.1866 0.9765 -0.1077
vn 0.2081 0.9765 -0.0558
vn -0.0000 0.9765 0.2154
vn -0.2081 0.9765 -0.0558
vn -0.0446 0.9960 0.0773
vn -0.0631 0.9960 0.0631
vn -0.0636 0.9959 -0.0636
vn -0.0450 0.9959 -0.0779
vn 0.0895 0.9960 -0.0001
vn 0.0869 0.9959 0.0233
vn -0.0231 0.9960 0.0862
vn -0.0779 0.9959 -0.0450
vn 0.0863 0.9960 -0.0232
vn -0.0001 0.9960 0.0893
vn -0.0869 0.9959 -0.0233
vn 0.0773 0.9960 -0.0447
vn 0.0231 0.9960 0.0864
vn -0.0895 0.9960 0.0001
vn 0.0631 0.9960 -0.0631
vn 0.0450 0.9959 0.0779
vn -0.0863 0.9960 0.0232
vn 0.0446 0.9960 -0.0773
vn 0.0636 0.9959 0.0636
vn -0.0773 0.9960 0.0447
vn 0.0231 0.9960 -0.0862
vn -0.0231 0.9960 -0.0864
vn 0.0001 0.9960 -0.0893
vn 0.0779 0.9959 0.0450
vn -0.0006 1.0000 -0.0009
vn -0.0010 1.0000 -0.0003
vn -0.0000 1.0000 -0.0003
vn -0.0003 1.0000 0.0001
vn 0.0001 1.0000 -0.0002
vn -0.0002 1.0000 0.0001
vn -0.0001 1.0000 0.0002
vn 0.0002 1.0000 -0.0001
vn 0.0003 1.0000 -0.0001
vn -0.0000 1.0000 0.0003
vn 0.0010 1.0000 0.0003
vn 0.0006 1.0000 0.0009
vn -0.0000 1.0000 0.0008
vn -0.0000 1.0000 0.0002
vn -0.0000 1.0000 -0.0000
vn -0.0000 1.0000 0.0001
vn 0.0001 1.0000 -0.0000
vn 0.0008 1.0000 -0.0001
vn 0.0015 1.0000 0.0003
vn 0.0001 1.0000 0.0004
vn 0.0002 1.0000 -0.0000
vn -0.0006 1.0000 0.0004
vn -0.0007 1.0000 0.0005
vn -0.0006 1.0000 0.0005
vn -0.0006 1.0000 0.0006
vn -0.0005 1.0000 0.0006
vn -0.0005 1.0000 0.0007
vn -0.0002 1.0000 -0.0000
vn 0.0007 1.0000 0.0005
vn 0.0005 1.0000 0.0004
vn -0.0008 1.0000 0.0001
vn -0.0001 1.0000 -0.0000
vn -0.0013 1.0000 0.0004
vn 0.0005 1.0000 0.0005
vn 0.0006 1.0000 0.0005
vn 0.0005 1.0000 0.0007
vn 0.0005 1.0000 0.0006
vn -0.0004 1.0000 0.0005
vn -0.0003 1.0000 -0.0002
vn -0.0000 1.0000 -0.0001
vn -0.0000 1.0000 -0.0008
vn -0.0004 1.0000 -0.0011
vn -0.0002 1.0000 -0.0019
vn 0.0004 1.0000 -0.0014
vn -0.0000 1.0000 -0.0002
vn 0.0004 1.0000 -0.0000
vn 0.0004 1.0000 0.0006
vn 0.1914 0.2156 -0.9576
vn 0.2851 0.2517 -0.9248
vn 0.1195 0.2648 -0.9569
vn 0.1891 0.2763 -0.9423
vn 0.0626 0.2789 -0.9583
vn -0.1600 0.2489 -0.9552
vn 0.0104 0.2563 -0.9665
vn 0.0636 0.2540 -0.9651
vn 0.0085 0.3762 -0.9265
vn 0.0618 0.3752 -0.9249
vn 0.1169 0.3960 -0.9108
vn 0.1808 0.4187 -0.8900
vn 0.1096 0.5310 -0.8402
vn 0.1679 0.5617 -0.8101
vn 0.0071 0.5029 -0.8643
vn 0.0591 0.5033 -0.8621
vn 0.0060 0.6204 -0.7843
vn 0.0555 0.6228 -0.7804
vn 0.1006 0.6520 -0.7515
vn 0.1518 0.6831 -0.7144
vn 0.0864 0.7718 -0.6300
vn 0.1284 0.7989 -0.5876
vn 0.0049 0.7436 -0.6686
vn 0.0497 0.7478 -0.6621
vn 0.0034 0.8624 -0.5062
vn 0.0405 0.8674 -0.4959
vn 0.0651 0.8834 -0.4641
vn 0.0952 0.9026 -0.4198
vn 0.0395 0.9623 -0.2689
vn 0.0548 0.9718 -0.2293
vn 0.0016 0.9494 -0.3141
vn 0.0290 0.9536 -0.2998
vn 0.0019 0.9897 -0.1429
vn 0.0131 0.9910 -0.1331
vn 0.0171 0.9939 -0.1094
vn 0.0211 0.9963 -0.0831
vn 0.4301 0.2329 -0.8722
vn 0.5138 0.2640 -0.8163
vn 0.3595 0.3062 -0.8815
vn 0.4193 0.3179 -0.8504
vn 0.3071 0.2878 -0.9071
vn 0.0947 0.2568 -0.9618
vn 0.2616 0.2868 -0.9216
vn 0.3082 0.2934 -0.9049
vn 0.2435 0.4429 -0.8629
vn 0.2883 0.4604 -0.8396
vn 0.3328 0.4824 -0.8103
vn 0.3824 0.5026 -0.7753
vn 0.2918 0.6422 -0.7088
vn 0.3305 0.6648 -0.6700
vn 0.2169 0.5928 -0.7756
vn 0.2582 0.6180 -0.7425
vn 0.1890 0.7134 -0.6748
vn 0.2234 0.7417 -0.6324
vn 0.2479 0.7627 -0.5974
vn 0.2758 0.7819 -0.5591
vn 0.1960 0.8615 -0.4685
vn 0.2148 0.8740 -0.4358
vn 0.1542 0.8222 -0.5479
vn 0.1805 0.8473 -0.4996
vn 0.1096 0.9159 -0.3862
vn 0.1267 0.9313 -0.3415
vn 0.1350 0.9377 -0.3201
vn 0.1452 0.9444 -0.2950
vn 0.0707 0.9837 -0.1651
vn 0.0733 0.9863 -0.1478
vn 0.0604 0.9764 -0.2074
vn 0.0678 0.9820 -0.1761
vn 0.0224 0.9971 -0.0724
vn 0.0242 0.9980 -0.0579
vn 0.0242 0.9983 -0.0530
vn 0.0235 0.9987 -0.0451
vn 0.6401 0.2390 -0.7302
vn 0.7051 0.2700 -0.6557
vn 0.5685 0.3262 -0.7552
vn 0.6219 0.3319 -0.7093
vn 0.5303 0.2948 -0.7949
vn 0.3380 0.2675 -0.9023
vn 0.4836 0.3208 -0.8144
vn 0.5254 0.3225 -0.7873
vn 0.4371 0.5097 -0.7410
vn 0.4753 0.5161 -0.7125
vn 0.5146 0.5201 -0.6816
vn 0.5595 0.5286 -0.6384
vn 0.4388 0.6856 -0.5809
vn 0.4748 0.6935 -0.5419
vn 0.3731 0.6735 -0.6381
vn 0.4060 0.6814 -0.6089
vn 0.3082 0.7891 -0.5314
vn 0.3350 0.7967 -0.5031
vn 0.3621 0.7997 -0.4789
vn 0.3898 0.8061 -0.4451
vn 0.2782 0.8873 -0.3678
vn 0.2980 0.8918 -0.3405
vn 0.2378 0.8790 -0.4132
vn 0.2573 0.8855 -0.3870
vn 0.1597 0.9468 -0.2795
vn 0.1711 0.9511 -0.2571
vn 0.1847 0.9519 -0.2446
vn 0.1965 0.9544 -0.2246
vn 0.0898 0.9888 -0.1190
vn 0.0941 0.9897 -0.1076
vn 0.0791 0.9871 -0.1389
vn 0.0836 0.9887 -0.1243
vn 0.0243 0.9988 -0.0417
vn 0.0252 0.9990 -0.0361
vn 0.0265 0.9990 -0.0346
vn 0.0271 0.9992 -0.0309
vn 0.8078 0.2371 -0.5397
vn 0.8502 0.2698 -0.4521
vn 0.7431 0.3271 -0.5838
vn 0.7857 0.3276 -0.5248
vn 0.7184 0.2961 -0.6295
vn 0.5586 0.2706 -0.7841
vn 0.6748 0.3289 -0.6607
vn 0.7106 0.3274 -0.6228
vn 0.6072 0.5249 -0.5965
vn 0.6401 0.5251 -0.5609
vn 0.6720 0.5217 -0.5256
vn 0.7101 0.5208 -0.4739
vn 0.5734 0.6871 -0.4463
vn 0.6062 0.6850 -0.4041
vn 0.5154 0.6907 -0.5073
vn 0.5437 0.6910 -0.4763
vn 0.4235 0.8039 -0.4177
vn 0.4468 0.8045 -0.3913
vn 0.4736 0.8007 -0.3669
vn 0.5006 0.7990 -0.3331
vn 0.3644 0.8879 -0.2809
vn 0.3848 0.8869 -0.2555
vn 0.3243 0.8901 -0.3203
vn 0.3418 0.8909 -0.2992
vn 0.2148 0.9533 -0.2124
vn 0.2254 0.9541 -0.1973
vn 0.2428 0.9521 -0.1862
vn 0.2555 0.9519 -0.1693
vn 0.1186 0.9888 -0.0907
vn 0.1245 0.9888 -0.0827
vn 0.1039 0.9893 -0.1026
vn 0.1081 0.9896 -0.0947
vn 0.0302 0.9991 -0.0296
vn 0.0313 0.9991 -0.0277
vn 0.0348 0.9990 -0.0271
vn 0.0371 0.9990 -0.0250
vn 0.9223 0.2252 -0.3141
vn 0.9397 0.2633 -0.2185
vn 0.8739 0.3079 -0.3761
vn 0.9028 0.2999 -0.3082
vn 0.8583 0.2923 -0.4218
vn 0.7421 0.2680 -0.6144
vn 0.8243 0.3193 -0.4675
vn 0.8523 0.3121 -0.4197
vn 0.7489 0.5073 -0.4263
vn 0.7785 0.4967 -0.3838
vn 0.8040 0.4853 -0.3436
vn 0.8359 0.4677 -0.2872
vn 0.7038 0.6450 -0.2977
vn 0.7380 0.6243 -0.2561
vn 0.6443 0.6712 -0.3666
vn 0.6736 0.6600 -0.3326
vn 0.5353 0.7877 -0.3049
vn 0.5628 0.7783 -0.2784
vn 0.5962 0.7626 -0.2509
vn 0.6303 0.7442 -0.2214
vn 0.4711 0.8596 -0.1979
vn 0.5009 0.8470 -0.1779
vn 0.4139 0.8792 -0.2359
vn 0.4372 0.8728 -0.2170
vn 0.2776 0.9476 -0.1580
vn 0.2927 0.9449 -0.1465
vn 0.3217 0.9371 -0.1351
vn 0.3444 0.9306 -0.1239
vn 0.1642 0.9840 -0.0695
vn 0.1787 0.9817 -0.0663
vn 0.1380 0.9873 -0.0786
vn 0.1449 0.9867 -0.0739
vn 0.0421 0.9988 -0.0248
vn 0.0445 0.9987 -0.0241
vn 0.0526 0.9983 -0.0233
vn 0.0579 0.9980 -0.0235
vn 0.9758 0.2091 -0.0644
vn 0.9674 0.2510 0.0325
vn 0.9541 0.2656 -0.1386
vn 0.9636 0.2597 -0.0639
vn 0.9410 0.2824 -0.1864
vn 0.8778 0.2577 -0.4039
vn 0.9269 0.2852 -0.2440
vn 0.9442 0.2697 -0.1889
vn 0.8674 0.4403 -0.2317
vn 0.8935 0.4109 -0.1812
vn 0.9083 0.3973 -0.1311
vn 0.9222 0.3816 -0.0619
vn 0.8379 0.5326 -0.1197
vn 0.8584 0.5096 -0.0589
vn 0.7794 0.5903 -0.2101
vn 0.8147 0.5546 -0.1692
vn 0.6761 0.7131 -0.1854
vn 0.7166 0.6804 -0.1535
vn 0.7493 0.6535 -0.1070
vn 0.7762 0.6280 -0.0552
vn 0.6283 0.7727 -0.0904
vn 0.6592 0.7504 -0.0489
vn 0.5454 0.8242 -0.1524
vn 0.5855 0.8001 -0.1308
vn 0.3843 0.9166 -0.1103
vn 0.4190 0.9026 -0.0983
vn 0.4642 0.8831 -0.0676
vn 0.4952 0.8679 -0.0387
vn 0.2689 0.9624 -0.0399
vn 0.3001 0.9535 -0.0263
vn 0.2082 0.9761 -0.0621
vn 0.2290 0.9717 -0.0574
vn 0.0721 0.9971 -0.0234
vn 0.0819 0.9964 -0.0227
vn 0.1102 0.9938 -0.0156
vn 0.1324 0.9911 -0.0111
vn 0.9578 0.2146 0.1915
vn 0.9251 0.2511 0.2850
vn 0.9575 0.2626 0.1193
vn 0.9430 0.2738 0.1894
vn 0.9584 0.2786 0.0625
vn 0.9552 0.2489 -0.1603
vn 0.9666 0.2563 0.0098
vn 0.9655 0.2526 0.0633
vn 0.9265 0.3761 0.0075
vn 0.9262 0.3720 0.0611
vn 0.9129 0.3911 0.1167
vn 0.8923 0.4134 0.1816
vn 0.8445 0.5243 0.1096
vn 0.8146 0.5548 0.1694
vn 0.8643 0.5029 0.0058
vn 0.8650 0.4985 0.0578
vn 0.7843 0.6204 0.0040
vn 0.7851 0.6171 0.0534
vn 0.7579 0.6446 0.1007
vn 0.7206 0.6760 0.1540
vn 0.6380 0.7651 0.0865
vn 0.5947 0.7931 0.1313
vn 0.6687 0.7436 0.0023
vn 0.6687 0.7421 0.0468
vn 0.5063 0.8624 0.0012
vn 0.5024 0.8638 0.0373
vn 0.4709 0.8798 0.0648
vn 0.4241 0.9003 0.0977
vn 0.2689 0.9624 0.0380
vn 0.2262 0.9725 0.0553
vn 0.3144 0.9493 0.0008
vn 0.3005 0.9534 0.0262
vn 0.1430 0.9897 -0.0012
vn 0.1316 0.9912 0.0115
vn 0.1059 0.9943 0.0157
vn 0.0772 0.9968 0.0202
vn 0.8722 0.2330 0.4301
vn 0.8162 0.2639 0.5140
vn 0.8815 0.3057 0.3598
vn 0.8503 0.3180 0.4194
vn 0.9072 0.2875 0.3071
vn 0.9619 0.2562 0.0949
vn 0.9220 0.2850 0.2619
vn 0.9052 0.2921 0.3086
vn 0.8645 0.4392 0.2444
vn 0.8406 0.4580 0.2892
vn 0.8105 0.4817 0.3333
vn 0.7752 0.5029 0.3824
vn 0.7092 0.6414 0.2926
vn 0.6696 0.6652 0.3305
vn 0.7787 0.5881 0.2184
vn 0.7443 0.6153 0.2597
vn 0.6790 0.7089 0.1910
vn 0.6343 0.7395 0.2253
vn 0.5980 0.7619 0.2488
vn 0.5589 0.7820 0.2759
vn 0.4689 0.8610 0.1968
vn 0.4357 0.8740 0.2150
vn 0.5525 0.8187 0.1565
vn 0.5012 0.8458 0.1826
vn 0.3882 0.9148 0.1113
vn 0.3411 0.9313 0.1279
vn 0.3186 0.9382 0.1351
vn 0.2928 0.9452 0.1442
vn 0.1599 0.9847 0.0691
vn 0.1421 0.9873 0.0708
vn 0.2037 0.9772 0.0602
vn 0.1710 0.9830 0.0668
vn 0.0668 0.9975 0.0212
vn 0.0526 0.9984 0.0227
vn 0.0476 0.9986 0.0224
vn 0.0401 0.9990 0.0213
vn 0.7301 0.2394 0.6401
vn 0.6556 0.2703 0.7050
vn 0.7549 0.3271 0.5684
vn 0.7090 0.3330 0.6216
vn 0.7949 0.2950 0.5302
vn 0.9023 0.2676 0.3381
vn 0.8142 0.3213 0.4836
vn 0.7871 0.3233 0.5253
vn 0.7405 0.5107 0.4368
vn 0.7118 0.5175 0.4748
vn 0.6807 0.5218 0.5141
vn 0.6374 0.5306 0.5587
vn 0.5794 0.6875 0.4378
vn 0.5403 0.6958 0.4733
vn 0.6373 0.6746 0.3725
vn 0.6077 0.6830 0.4052
vn 0.5305 0.7900 0.3075
vn 0.5015 0.7981 0.3340
vn 0.4772 0.8013 0.3608
vn 0.4432 0.8080 0.3881
vn 0.3661 0.8884 0.2769
vn 0.3387 0.8930 0.2964
vn 0.4125 0.8795 0.2374
vn 0.3855 0.8864 0.2564
vn 0.2770 0.9478 0.1582
vn 0.2538 0.9524 0.1691
vn 0.2413 0.9532 0.1822
vn 0.2212 0.9558 0.1935
vn 0.1132 0.9899 0.0854
vn 0.1020 0.9908 0.0892
vn 0.1331 0.9882 0.0758
vn 0.1182 0.9898 0.0797
vn 0.0370 0.9991 0.0217
vn 0.0318 0.9992 0.0224
vn 0.0305 0.9993 0.0235
vn 0.0272 0.9993 0.0239
vn 0.5396 0.2375 0.8077
vn 0.4521 0.2701 0.8501
vn 0.5836 0.3281 0.7428
vn 0.5246 0.3284 0.7855
vn 0.6294 0.2963 0.7183
vn 0.7840 0.2709 0.5585
vn 0.6604 0.3299 0.6745
vn 0.6225 0.3285 0.7103
vn 0.5956 0.5268 0.6063
vn 0.5601 0.5271 0.6391
vn 0.5250 0.5235 0.6711
vn 0.4734 0.5223 0.7093
vn 0.4451 0.6891 0.5719
vn 0.4032 0.6866 0.6049
vn 0.5058 0.6929 0.5138
vn 0.4749 0.6933 0.5421
vn 0.4159 0.8057 0.4216
vn 0.3896 0.8064 0.4448
vn 0.3654 0.8024 0.4719
vn 0.3320 0.8004 0.4990
vn 0.2795 0.8890 0.3628
vn 0.2544 0.8879 0.3833
vn 0.3187 0.8913 0.3225
vn 0.2976 0.8921 0.3399
vn 0.2094 0.9547 0.2117
vn 0.1943 0.9555 0.2221
vn 0.1836 0.9533 0.2397
vn 0.1673 0.9530 0.2524
vn 0.0863 0.9898 0.1129
vn 0.0790 0.9898 0.1187
vn 0.0974 0.9903 0.0986
vn 0.0899 0.9907 0.1025
vn 0.0261 0.9993 0.0266
vn 0.0244 0.9993 0.0275
vn 0.0240 0.9992 0.0306
vn 0.0223 0.9992 0.0328
vn 0.3143 0.2247 0.9224
vn 0.2187 0.2631 0.9397
vn 0.3763 0.3076 0.8739
vn 0.3086 0.2987 0.9031
vn 0.4218 0.2923 0.8583
vn 0.6145 0.2682 0.7420
vn 0.4676 0.3198 0.8241
vn 0.4197 0.3121 0.8523
vn 0.4262 0.5082 0.7484
vn 0.3838 0.4968 0.7784
vn 0.3439 0.4846 0.8043
vn 0.2880 0.4655 0.8369
vn 0.2982 0.6441 0.7044
vn 0.2575 0.6218 0.7397
vn 0.3663 0.6722 0.6434
vn 0.3327 0.6602 0.6734
vn 0.3045 0.7886 0.5342
vn 0.2785 0.7785 0.5625
vn 0.2517 0.7616 0.5971
vn 0.2233 0.7415 0.6327
vn 0.1989 0.8589 0.4720
vn 0.1800 0.8453 0.5031
vn 0.2355 0.8799 0.4127
vn 0.2172 0.8730 0.4368
vn 0.1565 0.9487 0.2748
vn 0.1456 0.9459 0.2901
vn 0.1350 0.9377 0.3201
vn 0.1248 0.9307 0.3439
vn 0.0677 0.9850 0.1588
vn 0.0654 0.9826 0.1737
vn 0.0755 0.9883 0.1322
vn 0.0715 0.9877 0.1392
vn 0.0225 0.9990 0.0376
vn 0.0220 0.9990 0.0399
vn 0.0215 0.9986 0.0477
vn 0.0223 0.9984 0.0527
vn 0.0642 0.2085 0.9759
vn -0.0327 0.2504 0.9676
vn 0.1385 0.2633 0.9547
vn 0.0635 0.2582 0.9640
vn 0.1865 0.2818 0.9412
vn 0.4041 0.2572 0.8778
vn 0.2444 0.2835 0.9273
vn 0.1892 0.2672 0.9449
vn 0.2326 0.4367 0.8690
vn 0.1820 0.4056 0.8958
vn 0.1311 0.3923 0.9105
vn 0.0612 0.3782 0.9237
vn 0.1200 0.5256 0.8422
vn 0.0576 0.5046 0.8614
vn 0.2116 0.5857 0.7824
vn 0.1707 0.5475 0.8192
vn 0.1875 0.7086 0.6803
vn 0.1559 0.6734 0.7227
vn 0.1076 0.6459 0.7558
vn 0.0531 0.6223 0.7810
vn 0.0908 0.7663 0.6361
vn 0.0462 0.7450 0.6654
vn 0.1547 0.8208 0.5499
vn 0.1337 0.7946 0.5922
vn 0.1122 0.9155 0.3864
vn 0.1009 0.9003 0.4234
vn 0.0678 0.8798 0.4704
vn 0.0357 0.8645 0.5013
vn 0.0389 0.9624 0.2688
vn 0.0235 0.9535 0.3006
vn 0.0621 0.9769 0.2045
vn 0.0578 0.9724 0.2262
vn 0.0224 0.9975 0.0667
vn 0.0219 0.9969 0.0760
vn 0.0143 0.9941 0.1073
vn 0.0094 0.9913 0.1310
vn -0.1914 0.2156 0.9575
vn -0.2851 0.2517 0.9248
vn -0.1195 0.2648 0.9569
vn -0.1891 0.2763 0.9423
vn -0.0626 0.2789 0.9583
vn 0.1600 0.2489 0.9552
vn -0.0104 0.2563 0.9665
vn -0.0636 0.2540 0.9651
vn -0.0085 0.3762 0.9265
vn -0.0618 0.3752 0.9249
vn -0.1169 0.3960 0.9108
vn -0.1808 0.4187 0.8900
vn -0.1096 0.5310 0.8403
vn -0.1679 0.5617 0.8101
vn -0.0071 0.5029 0.8643
vn -0.0591 0.5033 0.8621
vn -0.0060 0.6204 0.7843
vn -0.0555 0.6229 0.7804
vn -0.1006 0.6520 0.7515
vn -0.1518 0.6831 0.7144
vn -0.0864 0.7718 0.6299
vn -0.1284 0.7989 0.5876
vn -0.0049 0.7436 0.6686
vn -0.0497 0.7478 0.6621
vn -0.0034 0.8624 0.5063
vn -0.0405 0.8674 0.4959
vn -0.0651 0.8834 0.4641
vn -0.0952 0.9026 0.4198
vn -0.0395 0.9623 0.2689
vn -0.0548 0.9718 0.2293
vn -0.0016 0.9494 0.3141
vn -0.0290 0.9536 0.2998
vn -0.0019 0.9897 0.1428
vn -0.0131 0.9910 0.1331
vn -0.0171 0.9939 0.1093
vn -0.0211 0.9963 0.0831
vn -0.4301 0.2329 0.8722
vn -0.5138 0.2640 0.8163
vn -0.3595 0.3062 0.8815
vn -0.4193 0.3179 0.8504
vn -0.3071 0.2878 0.9071
vn -0.0947 0.2568 0.9618
vn -0.2616 0.2868 0.9216
vn -0.3083 0.2934 0.9049
vn -0.2435 0.4429 0.8629
vn -0.2883 0.4604 0.8396
vn -0.3328 0.4824 0.8103
vn -0.3824 0.5026 0.7753
vn -0.2918 0.6422 0.7088
vn -0.3305 0.6648 0.6700
vn -0.2169 0.5928 0.7756
vn -0.2582 0.6180 0.7425
vn -0.1889 0.7135 0.6747
vn -0.2234 0.7418 0.6324
vn -0.2479 0.7627 0.5974
vn -0.2758 0.7819 0.5591
vn -0.1959 0.8615 0.4685
vn -0.2148 0.8740 0.4358
vn -0.1542 0.8223 0.5478
vn -0.1804 0.8473 0.4996
vn -0.1096 0.9159 0.3862
vn -0.1267 0.9313 0.3416
vn -0.1350 0.9377 0.3201
vn -0.1452 0.9444 0.2950
vn -0.0707 0.9837 0.1652
vn -0.0733 0.9863 0.1478
vn -0.0604 0.9764 0.2074
vn -0.0678 0.9820 0.1762
vn -0.0224 0.9971 0.0724
vn -0.0242 0.9980 0.0579
vn -0.0242 0.9983 0.0530
vn -0.0235 0.9987 0.0451
vn -0.6401 0.2390 0.7302
vn -0.7051 0.2700 0.6557
vn -0.5685 0.3262 0.7552
vn -0.6219 0.3319 0.7093
vn -0.5303 0.2948 0.7949
vn -0.3380 0.2675 0.9023
vn -0.4836 0.3208 0.8144
vn -0.5254 0.3225 0.7873
vn -0.4371 0.5097 0.7410
vn -0.4753 0.5161 0.7125
vn -0.5146 0.5201 0.6816
vn -0.5595 0.5286 0.6384
vn -0.4388 0.6856 0.5809
vn -0.4748 0.6935 0.5419
vn -0.3731 0.6735 0.6381
vn -0.4060 0.6814 0.6089
vn -0.3082 0.7891 0.5314
vn -0.3350 0.7967 0.5031
vn -0.3621 0.7997 0.4789
vn -0.3898 0.8061 0.4451
vn -0.2782 0.8873 0.3678
vn -0.2980 0.8918 0.3405
vn -0.2378 0.8790 0.4132
vn -0.2573 0.8855 0.3870
vn -0.1597 0.9468 0.2795
vn -0.1711 0.9511 0.2570
vn -0.1847 0.9519 0.2446
vn -0.1964 0.9545 0.2246
vn -0.0898 0.9888 0.1190
vn -0.0941 0.9897 0.1075
vn -0.0792 0.9871 0.1390
vn -0.0836 0.9887 0.1243
vn -0.0243 0.9988 0.0417
vn -0.0252 0.9990 0.0361
vn -0.0265 0.9990 0.0346
vn -0.0271 0.9992 0.0309
vn -0.8078 0.2371 0.5397
vn -0.8502 0.2698 0.4521
vn -0.7431 0.3271 0.5838
vn -0.7857 0.3276 0.5248
vn -0.7184 0.2961 0.6295
vn -0.5586 0.2706 0.7841
vn -0.6748 0.3289 0.6607
vn -0.7106 0.3274 0.6228
vn -0.6072 0.5249 0.5965
vn -0.6401 0.5251 0.5609
vn -0.6720 0.5217 0.5256
vn -0.7101 0.5208 0.4739
vn -0.5734 0.6871 0.4463
vn -0.6062 0.6850 0.4041
vn -0.5154 0.6907 0.5073
vn -0.5437 0.6910 0.4764
vn -0.4235 0.8039 0.4177
vn -0.4468 0.8046 0.3913
vn -0.4736 0.8007 0.3669
vn -0.5006 0.7990 0.3331
vn -0.3644 0.8879 0.2809
vn -0.3848 0.8869 0.2555
vn -0.3243 0.8901 0.3203
vn -0.3418 0.8909 0.2992
vn -0.2148 0.9533 0.2124
vn -0.2254 0.9541 0.1973
vn -0.2428 0.9520 0.1862
vn -0.2555 0.9519 0.1693
vn -0.1186 0.9888 0.0907
vn -0.1245 0.9888 0.0827
vn -0.1039 0.9893 0.1026
vn -0.1081 0.9896 0.0947
vn -0.0302 0.9991 0.0297
vn -0.0313 0.9991 0.0277
vn -0.0348 0.9990 0.0271
vn -0.0371 0.9990 0.0250
vn -0.9223 0.2252 0.3141
vn -0.9397 0.2633 0.2185
vn -0.8739 0.3079 0.3761
vn -0.9028 0.2999 0.3082
vn -0.8583 0.2923 0.4218
vn -0.7421 0.2680 0.6144
vn -0.8243 0.3193 0.4675
vn -0.8523 0.3121 0.4197
vn -0.7489 0.5073 0.4263
vn -0.7785 0.4966 0.3838
vn -0.8040 0.4853 0.3436
vn -0.8359 0.4677 0.2872
vn -0.7039 0.6450 0.2977
vn -0.7380 0.6243 0.2561
vn -0.6443 0.6712 0.3666
vn -0.6736 0.6600 0.3326
vn -0.5353 0.7877 0.3049
vn -0.5628 0.7783 0.2784
vn -0.5962 0.7626 0.2509
vn -0.6302 0.7442 0.2214
vn -0.4711 0.8596 0.1979
vn -0.5009 0.8470 0.1779
vn -0.4139 0.8792 0.2359
vn -0.4372 0.8728 0.2170
vn -0.2776 0.9476 0.1580
vn -0.2927 0.9449 0.1465
vn -0.3218 0.9371 0.1351
vn -0.3444 0.9306 0.1239
vn -0.1642 0.9840 0.0695
vn -0.1787 0.9817 0.0663
vn -0.1380 0.9873 0.0786
vn -0.1449 0.9867 0.0739
vn -0.0421 0.9988 0.0248
vn -0.0445 0.9987 0.0241
vn -0.0526 0.9983 0.0233
vn -0.0579 0.9980 0.0235
vn -0.9758 0.2091 0.0644
vn -0.9674 0.2510 -0.0325
vn -0.9541 0.2656 0.1386
vn -0.9636 0.2597 0.0639
vn -0.9410 0.2824 0.1864
vn -0.8778 0.2577 0.4039
vn -0.9269 0.2852 0.2440
vn -0.9442 0.2697 0.1889
vn -0.8674 0.4403 0.2317
vn -0.8935 0.4109 0.1812
vn -0.9083 0.3973 0.1311
vn -0.9222 0.3816 0.0619
vn -0.8379 0.5326 0.1197
vn -0.8584 0.5095 0.0589
vn -0.7794 0.5903 0.2101
vn -0.8147 0.5546 0.1692
vn -0.6761 0.7131 0.1854
vn -0.7166 0.6804 0.1535
vn -0.7493 0.6535 0.1070
vn -0.7762 0.6280 0.0552
vn -0.6283 0.7727 0.0904
vn -0.6592 0.7504 0.0489
vn -0.5454 0.8242 0.1524
vn -0.5855 0.8000 0.1308
vn -0.3843 0.9166 0.1103
vn -0.4190 0.9026 0.0983
vn -0.4642 0.8831 0.0676
vn -0.4952 0.8679 0.0387
vn -0.2688 0.9624 0.0399
vn -0.3001 0.9535 0.0263
vn -0.2082 0.9761 0.0621
vn -0.2291 0.9717 0.0574
vn -0.0721 0.9971 0.0234
vn -0.0819 0.9964 0.0227
vn -0.1102 0.9938 0.0156
vn -0.1324 0.9911 0.0111
vn -0.9578 0.2146 -0.1915
vn -0.9251 0.2511 -0.2850
vn -0.9575 0.2626 -0.1193
vn -0.9429 0.2738 -0.1894
vn -0.9584 0.2786 -0.0625
vn -0.9552 0.2490 0.1603
vn -0.9666 0.2563 -0.0098
vn -0.9655 0.2526 -0.0633
vn -0.9265 0.3761 -0.0075
vn -0.9262 0.3719 -0.0611
vn -0.9129 0.3911 -0.1167
vn -0.8923 0.4134 -0.1816
vn -0.8445 0.5243 -0.1096
vn -0.8146 0.5548 -0.1694
vn -0.8643 0.5029 -0.0058
vn -0.8650 0.4985 -0.0578
vn -0.7843 0.6204 -0.0040
vn -0.7851 0.6171 -0.0534
vn -0.7578 0.6446 -0.1007
vn -0.7206 0.6760 -0.1540
vn -0.6380 0.7651 -0.0865
vn -0.5947 0.7931 -0.1313
vn -0.6687 0.7436 -0.0023
vn -0.6687 0.7420 -0.0468
vn -0.5062 0.8624 -0.0012
vn -0.5024 0.8638 -0.0373
vn -0.4709 0.8798 -0.0648
vn -0.4241 0.9003 -0.0977
vn -0.2689 0.9624 -0.0380
vn -0.2262 0.9725 -0.0553
vn -0.3144 0.9493 -0.0008
vn -0.3005 0.9534 -0.0262
vn -0.1431 0.9897 0.0012
vn -0.1316 0.9912 -0.0115
vn -0.1059 0.9943 -0.0157
vn -0.0772 0.9968 -0.0202
vn -0.8722 0.2330 -0.4301
vn -0.8162 0.2639 -0.5140
vn -0.8815 0.3057 -0.3598
vn -0.8503 0.3180 -0.4194
vn -0.9072 0.2875 -0.3071
vn -0.9619 0.2562 -0.0949
vn -0.9220 0.2850 -0.2619
vn -0.9053 0.2921 -0.3086
vn -0.8645 0.4392 -0.2444
vn -0.8406 0.4580 -0.2892
vn -0.8105 0.4817 -0.3333
vn -0.7752 0.5029 -0.3824
vn -0.7092 0.6414 -0.2926
vn -0.6696 0.6652 -0.3304
vn -0.7787 0.5881 -0.2184
vn -0.7443 0.6153 -0.2597
vn -0.6790 0.7089 -0.1910
vn -0.6343 0.7395 -0.2253
vn -0.5980 0.7619 -0.2488
vn -0.5588 0.7820 -0.2759
vn -0.4689 0.8611 -0.1968
vn -0.4357 0.8740 -0.2150
vn -0.5525 0.8187 -0.1565
vn -0.5012 0.8458 -0.1826
vn -0.3882 0.9148 -0.1113
vn -0.3411 0.9313 -0.1279
vn -0.3186 0.9382 -0.1351
vn -0.2928 0.9452 -0.1442
vn -0.1599 0.9847 -0.0691
vn -0.1421 0.9873 -0.0708
vn -0.2037 0.9772 -0.0602
vn -0.1710 0.9830 -0.0668
vn -0.0668 0.9975 -0.0212
vn -0.0526 0.9984 -0.0227
vn -0.0476 0.9986 -0.0224
vn -0.0401 0.9990 -0.0213
vn -0.7301 0.2394 -0.6401
vn -0.6556 0.2703 -0.7050
vn -0.7549 0.3271 -0.5684
vn -0.7090 0.3330 -0.6216
vn -0.7949 0.2950 -0.5302
vn -0.9023 0.2676 -0.3381
vn -0.8142 0.3213 -0.4836
vn -0.7871 0.3233 -0.5253
vn -0.7405 0.5107 -0.4368
vn -0.7118 0.5175 -0.4748
vn -0.6807 0.5218 -0.5141
vn -0.6374 0.5306 -0.5587
vn -0.5794 0.6875 -0.4378
vn -0.5403 0.6958 -0.4733
vn -0.6373 0.6746 -0.3725
vn -0.6077 0.6830 -0.4052
vn -0.5305 0.7899 -0.3075
vn -0.5016 0.7981 -0.3340
vn -0.4772 0.8013 -0.3608
vn -0.4432 0.8080 -0.3881
vn -0.3661 0.8884 -0.2769
vn -0.3387 0.8930 -0.2964
vn -0.4125 0.8795 -0.2374
vn -0.3855 0.8864 -0.2564
vn -0.2770 0.9478 -0.1582
vn -0.2538 0.9524 -0.1691
vn -0.2413 0.9532 -0.1822
vn -0.2212 0.9558 -0.1935
vn -0.1132 0.9899 -0.0854
vn -0.1020 0.9908 -0.0892
vn -0.1331 0.9882 -0.0758
vn -0.1182 0.9898 -0.0797
vn -0.0370 0.9991 -0.0217
vn -0.0318 0.9992 -0.0224
vn -0.0305 0.9993 -0.0235
vn -0.0272 0.9993 -0.0239
vn -0.5396 0.2375 -0.8077
vn -0.4521 0.2701 -0.8501
vn -0.5836 0.3281 -0.7428
vn -0.5246 0.3284 -0.7855
vn -0.6294 0.2963 -0.7183
vn -0.7840 0.2709 -0.5585
vn -0.6604 0.3299 -0.6745
vn -0.6225 0.3285 -0.7103
vn -0.5956 0.5268 -0.6063
vn -0.5601 0.5271 -0.6391
vn -0.5250 0.5235 -0.6711
vn -0.4734 0.5223 -0.7093
vn -0.4451 0.6891 -0.5719
vn -0.4032 0.6866 -0.6049
vn -0.5058 0.6929 -0.5138
vn -0.4749 0.6933 -0.5421
vn -0.4159 0.8057 -0.4216
vn -0.3896 0.8064 -0.4448
vn -0.3654 0.8024 -0.4719
vn -0.3320 0.8004 -0.4990
vn -0.2795 0.8890 -0.3628
vn -0.2544 0.8879 -0.3833
vn -0.3187 0.8913 -0.3225
vn -0.2976 0.8921 -0.3399
vn -0.2094 0.9547 -0.2117
vn -0.1943 0.9555 -0.2221
vn -0.1836 0.9533 -0.2397
vn -0.1673 0.9530 -0.2524
vn -0.0863 0.9898 -0.1129
vn -0.0790 0.9898 -0.1187
vn -0.0974 0.9903 -0.0986
vn -0.0899 0.9907 -0.1025
vn -0.0261 0.9993 -0.0266
vn -0.0244 0.9993 -0.0275
vn -0.0240 0.9992 -0.0306
vn -0.0223 0.9992 -0.0328
vn -0.3143 0.2247 -0.9224
vn -0.2187 0.2631 -0.9397
vn -0.3763 0.3076 -0.8739
vn -0.3086 0.2987 -0.9031
vn -0.4218 0.2923 -0.8583
vn -0.6145 0.2682 -0.7420
vn -0.4676 0.3198 -0.8241
vn -0.4197 0.3121 -0.8523
vn -0.4262 0.5082 -0.7484
vn -0.3838 0.4968 -0.7784
vn -0.3439 0.4846 -0.8043
vn -0.2880 0.4655 -0.8369
vn -0.2982 0.6441 -0.7044
vn -0.2575 0.6218 -0.7397
vn -0.3663 0.6722 -0.6434
vn -0.3327 0.6602 -0.6734
vn -0.3045 0.7886 -0.5342
vn -0.2785 0.7785 -0.5625
vn -0.2517 0.7616 -0.5971
vn -0.2233 0.7415 -0.6327
vn -0.1989 0.8588 -0.4721
vn -0.1800 0.8453 -0.5031
vn -0.2354 0.8799 -0.4127
vn -0.2172 0.8730 -0.4368
vn -0.1565 0.9487 -0.2748
vn -0.1456 0.9459 -0.2901
vn -0.1350 0.9377 -0.3201
vn -0.1248 0.9307 -0.3439
vn -0.0676 0.9850 -0.1588
vn -0.0654 0.9826 -0.1737
vn -0.0755 0.9883 -0.1322
vn -0.0715 0.9877 -0.1392
vn -0.0225 0.9990 -0.0376
vn -0.0220 0.9990 -0.0399
vn -0.0215 0.9986 -0.0477
vn -0.0223 0.9984 -0.0527
vn -0.0642 0.2085 -0.9759
vn 0.0327 0.2504 -0.9676
vn -0.1385 0.2633 -0.9547
vn -0.0635 0.2583 -0.9640
vn -0.1865 0.2818 -0.9412
vn -0.4041 0.2572 -0.8778
vn -0.2444 0.2835 -0.9273
vn -0.1892 0.2672 -0.9449
vn -0.2326 0.4367 -0.8690
vn -0.1820 0.4056 -0.8958
vn -0.1311 0.3923 -0.9104
vn -0.0612 0.3783 -0.9237
vn -0.1200 0.5256 -0.8422
vn -0.0576 0.5046 -0.8614
vn -0.2116 0.5857 -0.7824
vn -0.1707 0.5475 -0.8192
vn -0.1875 0.7085 -0.6803
vn -0.1559 0.6733 -0.7227
vn -0.1076 0.6459 -0.7558
vn -0.0531 0.6222 -0.7810
vn -0.0908 0.7663 -0.6361
vn -0.0462 0.7450 -0.6655
vn -0.1547 0.8207 -0.5499
vn -0.1337 0.7946 -0.5923
vn -0.1122 0.9155 -0.3864
vn -0.1009 0.9003 -0.4234
vn -0.0678 0.8798 -0.4704
vn -0.0357 0.8645 -0.5013
vn -0.0389 0.9624 -0.2688
vn -0.0235 0.9535 -0.3006
vn -0.0621 0.9769 -0.2045
vn -0.0578 0.9724 -0.2262
vn -0.0224 0.9975 -0.0667
vn -0.0219 0.9969 -0.0760
vn -0.0143 0.9941 -0.1073
vn -0.0094 0.9913 -0.1310
vn 0.0007 0.9983 -0.0583
vn -0.0043 0.9991 -0.0422
vn 0.0008 0.9996 -0.0290
vn 0.0067 0.9990 -0.0433
vn -0.0085 0.9997 -0.0244
vn -0.0090 0.9998 -0.0197
vn -0.0046 1.0000 -0.0087
vn -0.0042 0.9999 -0.0113
vn 0.0005 1.0000 0.0017
vn -0.0001 1.0000 0.0023
vn 0.0002 1.0000 0.0019
vn 0.0003 1.0000 0.0019
vn 0.0087 0.9996 -0.0284
vn 0.0053 0.9999 -0.0128
vn 0.0042 0.9999 -0.0114
vn 0.0082 0.9997 -0.0225
vn -0.0655 0.0276 -0.9975
vn 0.3361 0.0234 -0.9416
vn 0.5034 0.3621 -0.7845
vn -0.0478 0.6842 -0.7278
vn -0.1970 0.0323 -0.9799
vn -0.6694 0.0280 -0.7423
vn -0.7643 0.3673 -0.5301
vn -0.1904 0.2038 -0.9603
vn 0.4802 0.6852 -0.5477
vn 0.9088 0.3669 -0.1987
vn 0.8079 0.5866 -0.0568
vn 0.4546 0.7242 -0.5185
vn 0.1949 0.0282 -0.9804
vn 0.5671 0.0264 -0.8232
vn 0.6890 0.3657 -0.6258
vn 0.1422 0.6844 -0.7151
vn 0.0663 0.0321 -0.9973
vn -0.4555 0.0245 -0.8899
vn -0.6016 0.3635 -0.7113
vn 0.0638 0.2037 -0.9770
vn -0.1986 0.3670 -0.9088
vn 0.3964 -0.6748 -0.6225
vn -0.1319 -0.5099 -0.8501
vn -0.0568 0.5866 -0.8079
vn 0.4420 0.0299 -0.8965
vn 0.7606 0.0288 -0.6485
vn 0.8264 0.3679 -0.4262
vn 0.3221 0.6850 -0.6534
vn 0.3236 0.0325 -0.9456
vn -0.2108 0.0236 -0.9772
vn -0.3961 0.3619 -0.8439
vn 0.3140 0.2042 -0.9272
vn 0.0945 -0.9955 -0.0062
vn 0.0642 -0.6760 -0.7341
vn 0.6212 -0.5113 -0.5939
vn 0.7825 -0.6205 -0.0515
vn 0.0090 0.9998 -0.0174
vn 0.0046 1.0000 -0.0070
vn 0.0047 1.0000 -0.0068
vn 0.0087 0.9999 -0.0148
vn 0.0002 1.0000 0.0021
vn 0.0004 1.0000 0.0011
vn 0.0003 1.0000 0.0002
vn 0.0005 1.0000 0.0010
vn 0.0007 1.0000 -0.0002
vn 0.0004 1.0000 -0.0005
vn 0.0005 1.0000 -0.0007
vn 0.0007 1.0000 -0.0009
vn 0.0081 0.9999 -0.0132
vn 0.0046 1.0000 -0.0066
vn 0.0046 1.0000 -0.0071
vn 0.0079 0.9999 -0.0121
vn 0.6589 0.0304 -0.7516
vn 0.9029 0.0283 -0.4289
vn 0.5563 0.0333 -0.8303
vn 0.0496 0.0258 -0.9984
vn -0.1639 0.3641 -0.9168
vn 0.5435 0.2050 -0.8140
vn -0.0527 -0.9955 -0.0788
vn -0.6697 -0.6739 0.3120
vn -0.8259 -0.5095 -0.2414
vn -0.4362 -0.6193 -0.6528
vn 0.0085 0.9999 -0.0111
vn 0.0050 1.0000 -0.0064
vn 0.0054 1.0000 -0.0066
vn 0.0087 0.9999 -0.0107
vn 0.0009 1.0000 -0.0010
vn 0.0005 1.0000 -0.0006
vn 0.0010 1.0000 -0.0011
vn 0.0006 1.0000 -0.0006
vn 0.0011 1.0000 -0.0010
vn 0.0089 0.9999 -0.0101
vn 0.0055 1.0000 -0.0061
vn 0.0060 1.0000 -0.0059
vn 0.0097 0.9999 -0.0094
vn 0.8310 0.0303 -0.5554
vn 0.9833 0.0268 -0.1799
vn 0.9299 0.3652 0.0430
vn 0.6056 0.6852 -0.4047
vn 0.7512 0.0335 -0.6592
vn 0.3070 0.0276 -0.9513
vn 0.0786 0.3661 -0.9273
vn 0.7360 0.2052 -0.6452
vn 0.4047 0.6852 0.6056
vn -0.0429 0.3652 0.9299
vn -0.1553 0.5855 0.7957
vn 0.3832 0.7241 0.5734
vn 0.0102 0.9999 -0.0093
vn 0.0061 1.0000 -0.0055
vn 0.0065 1.0000 -0.0053
vn 0.0106 0.9999 -0.0088
vn 0.0006 1.0000 -0.0005
vn 0.0011 1.0000 -0.0009
vn 0.0010 1.0000 -0.0008
vn 0.0007 1.0000 -0.0005
vn 0.0006 1.0000 -0.0007
vn 0.0117 0.9999 -0.0084
vn 0.0065 1.0000 -0.0049
vn 0.0069 1.0000 -0.0048
vn 0.0127 0.9999 -0.0086
vn 0.9465 0.0291 -0.3214
vn 0.9964 0.0246 0.0813
vn 0.8881 0.3629 0.2823
vn 0.6901 0.6847 -0.2344
vn 0.8955 0.0329 -0.4438
vn 0.5434 0.0287 -0.8390
vn 0.3152 0.3676 -0.8749
vn 0.8782 0.2046 -0.4323
vn -0.6904 -0.6786 -0.2508
vn -0.4490 0.5839 -0.6764
vn -0.4113 -0.5123 -0.7539
vn 0.0138 0.9999 -0.0086
vn 0.0065 1.0000 -0.0044
vn 0.0078 1.0000 -0.0045
vn 0.0159 0.9998 -0.0083
vn 0.0001 1.0000 -0.0004
vn 0.0006 1.0000 -0.0004
vn -0.0001 1.0000 -0.0005
vn -0.0009 1.0000 -0.0004
vn -0.0022 1.0000 -0.0007
vn -0.0015 1.0000 -0.0003
vn -0.0021 1.0000 0.0003
vn -0.0023 1.0000 -0.0002
vn 0.0177 0.9998 -0.0093
vn 0.0076 1.0000 -0.0053
vn 0.0103 0.9999 -0.0050
vn 0.0226 0.9997 -0.0096
vn 0.9975 0.0276 -0.0655
vn 0.9415 0.0235 0.3361
vn 0.7845 0.3621 0.5034
vn 0.7277 0.6842 -0.0478
vn 0.9799 0.0323 -0.1970
vn 0.7423 0.0280 -0.6694
vn 0.5302 0.3673 -0.7642
vn 0.9603 0.2039 -0.1904
vn -0.6901 0.6847 0.2344
vn -0.8881 0.3629 -0.2823
vn -0.7289 0.5842 -0.3568
vn -0.6534 0.7237 0.2221
vn 0.0276 0.9996 -0.0090
vn 0.0133 0.9999 -0.0046
vn 0.0290 0.9996 0.0001
vn 0.0439 0.9990 -0.0052
vn -0.0017 1.0000 0.0005
vn -0.0020 1.0000 0.0005
vn 0.0100 0.9999 0.0043
vn 0.0115 0.9999 0.0054
vn 0.0249 0.9997 0.0084
vn 0.0195 0.9998 0.0074
vn 0.0582 0.9983 -0.0003
vn 0.0417 0.9991 0.0061
vn 0.9804 0.0281 0.1950
vn 0.8232 0.0262 0.5671
vn 0.6258 0.3655 0.6890
vn 0.7151 0.6844 0.1422
vn 0.9973 0.0321 0.0661
vn 0.8899 0.0246 -0.4555
vn 0.7112 0.3637 -0.6016
vn 0.9770 0.2037 0.0639
vn 0.6225 -0.6748 0.3964
vn 0.8500 -0.5099 -0.1319
vn 0.8965 0.0299 0.4420
vn 0.6486 0.0289 0.7606
vn 0.4261 0.3680 0.8264
vn 0.6534 0.6850 0.3222
vn 0.9456 0.0325 0.3237
vn 0.9772 0.0234 -0.2108
vn 0.8439 0.3618 -0.3962
vn 0.9272 0.2042 0.3140
vn -0.5432 -0.6764 0.4975
vn -0.0919 -0.5108 0.8548
vn -0.0019 1.0000 0.0004
vn -0.0008 1.0000 0.0005
vn 0.0059 1.0000 0.0044
vn 0.0057 1.0000 0.0042
vn 0.0003 1.0000 0.0007
vn 0.0009 1.0000 0.0008
vn 0.0066 1.0000 0.0044
vn 0.0061 1.0000 0.0044
vn 0.0114 0.9999 0.0075
vn 0.0106 0.9999 0.0071
vn 0.0146 0.9999 0.0082
vn 0.0125 0.9999 0.0080
vn 0.7516 0.0305 0.6590
vn 0.4289 0.0283 0.9029
vn 0.1986 0.3670 0.9088
vn 0.5476 0.6852 0.4802
vn 0.8303 0.0333 0.5563
vn 0.9984 0.0258 0.0496
vn 0.9169 0.3640 -0.1639
vn 0.8140 0.2050 0.5435
vn -0.7283 -0.6732 0.1280
vn -0.7235 0.5873 -0.3627
vn -0.7358 -0.5095 -0.4461
vn 0.0011 1.0000 0.0009
vn 0.0061 1.0000 0.0050
vn 0.0060 1.0000 0.0047
vn 0.0011 1.0000 0.0010
vn 0.0010 1.0000 0.0010
vn 0.0055 1.0000 0.0055
vn 0.0057 1.0000 0.0051
vn 0.0090 0.9999 0.0081
vn 0.0084 0.9999 0.0086
vn 0.0097 0.9999 0.0076
vn 0.0094 0.9999 0.0078
vn 0.5554 0.0303 0.8310
vn 0.1799 0.0268 0.9833
vn 0.6593 0.0335 0.7512
vn 0.9513 0.0277 0.3070
vn 0.9272 0.3662 0.0786
vn 0.6452 0.2052 0.7360
vn 0.0625 -0.9955 -0.0713
vn -0.4740 -0.6755 -0.5648
vn 0.0200 -0.5103 -0.8597
vn 0.5177 -0.6192 -0.5904
vn 0.0010 1.0000 0.0011
vn 0.0009 1.0000 0.0011
vn 0.0049 1.0000 0.0060
vn 0.0051 1.0000 0.0056
vn 0.0008 1.0000 0.0008
vn 0.0044 1.0000 0.0061
vn 0.0046 1.0000 0.0060
vn 0.0075 0.9999 0.0101
vn 0.0076 0.9999 0.0107
vn 0.0082 0.9999 0.0090
vn 0.0078 0.9999 0.0093
vn 0.3214 0.0291 0.9465
vn -0.0814 0.0245 0.9964
vn -0.2822 0.3627 0.8881
vn 0.2344 0.6847 0.6901
vn 0.4439 0.0329 0.8955
vn 0.8390 0.0289 0.5434
vn 0.8749 0.3677 0.3152
vn 0.4323 0.2046 0.8782
vn -0.3389 -0.6782 -0.6520
vn -0.8014 -0.5119 -0.3093
vn 0.0006 1.0000 0.0004
vn 0.0006 1.0000 -0.0008
vn 0.0042 1.0000 0.0063
vn 0.0040 1.0000 0.0057
vn 0.0006 1.0000 -0.0023
vn 0.0001 1.0000 -0.0023
vn 0.0046 1.0000 0.0087
vn 0.0050 1.0000 0.0061
vn 0.0087 0.9998 0.0151
vn 0.0090 0.9998 0.0196
vn 0.0076 0.9999 0.0115
vn 0.0075 0.9999 0.0135
vn 0.0655 0.0276 0.9975
vn -0.3361 0.0234 0.9416
vn -0.5034 0.3621 0.7845
vn 0.0478 0.6842 0.7278
vn 0.1970 0.0323 0.9799
vn 0.6694 0.0280 0.7423
vn 0.7643 0.3673 0.5301
vn 0.1904 0.2038 0.9603
vn -0.0929 -0.9955 -0.0185
vn -0.2508 -0.6787 0.6903
vn -0.7539 -0.5123 0.4113
vn -0.7693 -0.6203 -0.1532
vn -0.0005 1.0000 -0.0016
vn -0.0053 0.9999 0.0129
vn -0.0008 0.9996 0.0289
vn 0.0042 0.9999 0.0113
vn -0.0087 0.9996 0.0284
vn -0.0067 0.9990 0.0433
vn -0.0007 0.9983 0.0582
vn 0.0085 0.9997 0.0244
vn 0.0043 0.9991 0.0422
vn -0.1950 0.0282 0.9804
vn -0.5671 0.0264 0.8232
vn -0.6890 0.3657 0.6258
vn -0.1422 0.6844 0.7151
vn -0.0663 0.0321 0.9973
vn 0.4555 0.0245 0.8899
vn 0.6016 0.3635 0.7113
vn -0.0638 0.2037 0.9770
vn 0.6123 0.5843 0.5327
vn 0.6892 0.7231 -0.0453
vn -0.4420 0.0299 0.8965
vn -0.7606 0.0288 0.6485
vn -0.8264 0.3679 0.4262
vn -0.3221 0.6850 0.6534
vn -0.3236 0.0325 0.9456
vn 0.2108 0.0236 0.9772
vn 0.3961 0.3619 0.8439
vn -0.3140 0.2042 0.9272
vn -0.6707 0.5865 0.4541
vn -0.1348 0.7234 0.6772
vn -0.0007 1.0000 0.0002
vn -0.0046 1.0000 0.0066
vn -0.0047 1.0000 0.0068
vn -0.0005 1.0000 -0.0010
vn -0.0081 0.9999 0.0132
vn -0.0087 0.9999 0.0148
vn -0.0090 0.9998 0.0174
vn -0.0082 0.9997 0.0225
vn -0.0002 1.0000 -0.0021
vn -0.0046 1.0000 0.0069
vn -0.0042 0.9999 0.0114
vn -0.0003 1.0000 -0.0019
vn -0.6589 0.0304 0.7516
vn -0.9029 0.0283 0.4289
vn -0.9088 0.3669 0.1987
vn -0.4802 0.6852 0.5477
vn -0.5563 0.0333 0.8303
vn -0.0496 0.0258 0.9984
vn 0.1639 0.3641 0.9168
vn -0.5435 0.2050 0.8140
vn 0.4217 -0.6773 -0.6029
vn 0.7689 0.5848 -0.2585
vn 0.8352 -0.5114 -0.2024
vn -0.0010 1.0000 0.0011
vn -0.0055 1.0000 0.0061
vn -0.0054 1.0000 0.0066
vn -0.0090 0.9999 0.0101
vn -0.0087 0.9999 0.0107
vn -0.0085 0.9999 0.0111
vn -0.0079 0.9999 0.0121
vn -0.0009 1.0000 0.0010
vn -0.0050 1.0000 0.0064
vn -0.0046 1.0000 0.0071
vn -0.0007 1.0000 0.0009
vn -0.8310 0.0303 0.5554
vn -0.9833 0.0268 0.1799
vn -0.9299 0.3652 -0.0430
vn -0.6056 0.6852 0.4047
vn -0.7512 0.0335 0.6592
vn -0.3070 0.0276 0.9513
vn -0.0786 0.3661 0.9273
vn -0.7360 0.2052 0.6452
vn 0.4740 -0.6755 0.5648
vn 0.0497 0.5861 0.8087
vn -0.0200 -0.5103 0.8597
vn -0.0010 1.0000 0.0008
vn -0.0065 1.0000 0.0049
vn -0.0065 1.0000 0.0053
vn -0.0011 1.0000 0.0009
vn -0.0117 0.9999 0.0084
vn -0.0106 0.9999 0.0088
vn -0.0102 0.9999 0.0093
vn -0.0097 0.9999 0.0094
vn -0.0011 1.0000 0.0010
vn -0.0061 1.0000 0.0056
vn -0.0060 1.0000 0.0060
vn -0.9465 0.0291 0.3214
vn -0.9964 0.0246 -0.0813
vn -0.8955 0.0329 0.4438
vn -0.5434 0.0287 0.8390
vn -0.3152 0.3676 0.8749
vn -0.8782 0.2046 0.4323
vn 0.1588 -0.6779 0.7178
vn 0.6935 -0.5121 0.5067
vn 0.0022 1.0000 0.0007
vn -0.0076 1.0000 0.0053
vn -0.0078 1.0000 0.0045
vn 0.0010 1.0000 0.0004
vn -0.0178 0.9998 0.0093
vn -0.0160 0.9998 0.0083
vn -0.0138 0.9999 0.0087
vn -0.0128 0.9999 0.0086
vn -0.0001 1.0000 0.0004
vn -0.0065 1.0000 0.0044
vn -0.0069 1.0000 0.0048
vn -0.0006 1.0000 0.0007
vn -0.9975 0.0276 0.0655
vn -0.9415 0.0235 -0.3361
vn -0.7845 0.3621 -0.5034
vn -0.7277 0.6842 0.0478
vn -0.9799 0.0323 0.1970
vn -0.7423 0.0280 0.6695
vn -0.5302 0.3673 0.7642
vn -0.9603 0.2039 0.1904
vn -0.8749 0.3677 -0.3152
vn -0.7931 0.5871 -0.1622
vn -0.0249 0.9997 -0.0084
vn -0.0417 0.9991 -0.0060
vn -0.0290 0.9996 -0.0001
vn -0.0115 0.9999 -0.0054
vn -0.0583 0.9983 0.0003
vn -0.0438 0.9990 0.0052
vn -0.0276 0.9996 0.0090
vn -0.0227 0.9997 0.0096
vn 0.0018 1.0000 -0.0005
vn -0.0132 0.9999 0.0046
vn -0.0103 0.9999 0.0050
vn 0.0023 1.0000 0.0002
vn -0.9804 0.0281 -0.1950
vn -0.8232 0.0262 -0.5671
vn -0.6258 0.3655 -0.6890
vn -0.7151 0.6844 -0.1422
vn -0.9973 0.0321 -0.0661
vn -0.8899 0.0246 0.4555
vn -0.7112 0.3637 0.6016
vn -0.9770 0.2037 -0.0638
vn -0.0788 -0.9955 0.0527
vn 0.3120 -0.6740 0.6696
vn -0.2413 -0.5096 0.8259
vn -0.6528 -0.6193 0.4363
vn -0.8965 0.0299 -0.4420
vn -0.6486 0.0289 -0.7606
vn -0.4261 0.3680 -0.8264
vn -0.6534 0.6850 -0.3222
vn -0.9456 0.0325 -0.3237
vn -0.9772 0.0234 0.2108
vn -0.8439 0.3618 0.3962
vn -0.9272 0.2042 -0.3140
vn -0.7377 -0.6744 -0.0320
vn -0.6707 -0.5103 0.5383
vn -0.0114 0.9999 -0.0075
vn -0.0125 0.9999 -0.0080
vn -0.0059 1.0000 -0.0044
vn -0.0061 1.0000 -0.0045
vn -0.0146 0.9999 -0.0082
vn -0.0196 0.9998 -0.0074
vn -0.0100 0.9999 -0.0043
vn -0.0057 1.0000 -0.0042
vn 0.0019 1.0000 -0.0004
vn 0.0020 1.0000 -0.0005
vn 0.0021 1.0000 -0.0003
vn 0.0012 1.0000 -0.0004
vn -0.0003 1.0000 -0.0007
vn 0.0008 1.0000 -0.0005
vn -0.0005 1.0000 -0.0004
vn -0.7516 0.0305 -0.6590
vn -0.4289 0.0283 -0.9029
vn -0.5476 0.6852 -0.4802
vn -0.8303 0.0333 -0.5563
vn -0.9984 0.0258 -0.0496
vn -0.9169 0.3640 0.1639
vn -0.8140 0.2050 -0.5435
vn -0.7338 -0.6763 -0.0642
vn -0.6069 0.5852 -0.5377
vn -0.5938 -0.5114 -0.6212
vn -0.0090 0.9999 -0.0080
vn -0.0094 0.9999 -0.0078
vn -0.0061 1.0000 -0.0050
vn -0.0057 1.0000 -0.0051
vn -0.0097 0.9999 -0.0076
vn -0.0106 0.9999 -0.0071
vn -0.0066 1.0000 -0.0044
vn -0.0060 1.0000 -0.0047
vn -0.0011 1.0000 -0.0009
vn -0.0009 1.0000 -0.0008
vn -0.0007 1.0000 -0.0005
vn -0.0006 1.0000 -0.0005
vn -0.0011 1.0000 -0.0010
vn -0.0005 1.0000 -0.0005
vn -0.5554 0.0303 -0.8310
vn -0.1799 0.0268 -0.9833
vn 0.0429 0.3652 -0.9299
vn -0.4047 0.6852 -0.6056
vn -0.6593 0.0335 -0.7512
vn -0.9513 0.0277 -0.3070
vn -0.9272 0.3662 -0.0786
vn -0.6452 0.2052 -0.7360
vn 0.2508 -0.6787 -0.6903
vn 0.6764 0.5838 -0.4490
vn 0.7539 -0.5123 -0.4113
vn -0.0075 0.9999 -0.0100
vn -0.0078 0.9999 -0.0093
vn -0.0049 1.0000 -0.0060
vn -0.0046 1.0000 -0.0059
vn -0.0082 0.9999 -0.0090
vn -0.0085 0.9999 -0.0086
vn -0.0055 1.0000 -0.0055
vn -0.0051 1.0000 -0.0056
vn -0.0010 1.0000 -0.0011
vn -0.0010 1.0000 -0.0010
vn -0.0009 1.0000 -0.0011
vn -0.0005 1.0000 -0.0006
vn -0.3214 0.0291 -0.9465
vn 0.0814 0.0245 -0.9964
vn 0.2822 0.3627 -0.8881
vn -0.2344 0.6847 -0.6901
vn -0.4439 0.0329 -0.8955
vn -0.8390 0.0289 -0.5434
vn -0.4323 0.2046 -0.8782
vn -0.0185 -0.9955 0.0929
vn 0.6904 -0.6786 0.2508
vn 0.4113 -0.5123 0.7539
vn -0.1532 -0.6202 0.7693
vn -0.0087 0.9998 -0.0151
vn -0.0075 0.9999 -0.0135
vn -0.0042 1.0000 -0.0063
vn -0.0050 1.0000 -0.0061
vn -0.0076 0.9999 -0.0115
vn -0.0076 0.9999 -0.0107
vn -0.0044 1.0000 -0.0061
vn -0.0040 1.0000 -0.0057
vn -0.0006 1.0000 -0.0004
vn -0.0008 1.0000 -0.0008
vn -0.0005 1.0000 -0.0007
vn -0.0004 1.0000 -0.0006
vn -0.0006 1.0000 0.0023
vn -0.0005 1.0000 0.0008
vn -0.0004 1.0000 -0.0000
vn -0.0004 1.0000 0.0014
vn -0.0453 0.7231 -0.6893
vn 0.5326 0.5843 -0.6123
vn 0.5068 -0.5121 -0.6935
vn -0.0514 -0.6205 -0.7825
vn 0.1348 0.7234 -0.6772
vn 0.6707 0.5865 -0.4541
vn 0.6707 -0.5103 -0.5383
vn 0.1532 -0.6202 -0.7693
vn 0.3050 0.7240 -0.6187
vn 0.7647 0.5874 -0.2649
vn 0.7876 -0.5094 -0.3468
vn 0.3471 -0.6195 -0.7041
vn 0.5734 0.7241 -0.3832
vn 0.7957 0.5855 0.1553
vn 0.8548 -0.5108 0.0919
vn 0.6528 -0.6193 -0.4363
vn 0.6534 0.7237 -0.2221
vn 0.7289 0.5842 0.3568
vn 0.8014 -0.5119 0.3093
vn 0.7430 -0.6198 -0.2525
vn 0.6772 0.7233 0.1348
vn 0.4541 0.5864 0.6707
vn 0.5382 -0.5104 0.6706
vn 0.7693 -0.6203 0.1532
vn 0.6187 0.7240 0.3051
vn 0.2649 0.5875 0.7646
vn 0.3468 -0.5093 0.7876
vn 0.7041 -0.6195 0.3471
vn 0.5185 0.7242 0.4546
vn 0.0568 0.5866 0.8079
vn 0.1319 -0.5099 0.8501
vn 0.5904 -0.6192 0.5177
vn 0.4362 -0.6193 0.6528
vn 0.2221 0.7237 0.6534
vn -0.3569 0.5841 0.7290
vn -0.3092 -0.5120 0.8014
vn 0.2526 -0.6198 0.7430
vn 0.0453 0.7231 0.6893
vn -0.5326 0.5843 0.6123
vn -0.5068 -0.5121 0.6935
vn 0.0514 -0.6205 0.7825
vn -0.3050 0.7240 0.6187
vn -0.7647 0.5874 0.2649
vn -0.7876 -0.5094 0.3468
vn -0.3471 -0.6195 0.7041
vn -0.4546 0.7242 0.5185
vn -0.8079 0.5866 0.0568
vn -0.8500 -0.5099 0.1319
vn -0.5177 -0.6192 0.5904
vn -0.5734 0.7241 0.3832
vn -0.7957 0.5855 -0.1553
vn -0.8548 -0.5108 -0.0919
vn -0.7430 -0.6198 0.2525
vn -0.6892 0.7231 0.0453
vn -0.6123 0.5843 -0.5327
vn -0.6935 -0.5121 -0.5067
vn -0.7825 -0.6205 0.0515
vn -0.6772 0.7233 -0.1348
vn -0.4541 0.5864 -0.6707
vn -0.5382 -0.5104 -0.6706
vn -0.6187 0.7240 -0.3051
vn -0.2649 0.5875 -0.7646
vn -0.3468 -0.5093 -0.7876
vn -0.7041 -0.6195 -0.3471
vn -0.5185 0.7242 -0.4546
vn -0.5904 -0.6192 -0.5177
vn -0.3832 0.7241 -0.5734
vn 0.1553 0.5855 -0.7957
vn 0.0919 -0.5108 -0.8548
vn -0.2221 0.7237 -0.6534
vn 0.3569 0.5841 -0.7290
vn 0.3092 -0.5120 -0.8014
vn -0.2526 -0.6198 -0.7430
vn -0.7052 -0.6734 -0.2219
vn -0.1622 0.5870 0.7932
vn 0.5648 -0.6755 -0.4740
vn 0.8087 0.5861 -0.0497
vn 0.8597 -0.5103 0.0201
vn -0.6029 -0.6772 -0.4218
vn -0.2584 0.5849 -0.7689
vn -0.2025 -0.5113 -0.8352
vn 0.0713 -0.9955 0.0625
vn 0.0062 -0.9955 0.0945
vn 0.7339 -0.6763 0.0642
vn 0.5938 -0.5114 0.6212
vn -0.0625 -0.9955 0.0713
vn -0.0320 -0.6745 0.7376
vn 0.1280 -0.6733 0.7282
vn -0.3626 0.5873 0.7236
vn -0.4462 -0.5096 0.7357
vn 0.6697 -0.6739 -0.3120
vn 0.7931 0.5871 0.1622
vn 0.8259 -0.5095 0.2414
vn -0.0497 0.5861 -0.8087
vn -0.1588 -0.6779 -0.7178
vn -0.0945 -0.9955 0.0062
vn -0.0642 -0.6760 0.7341
vn -0.6212 -0.5113 0.5939
vn 0.0419 -0.9955 -0.0851
vn -0.6519 -0.6784 0.3389
vn 0.0185 -0.9955 -0.0929
vn 0.4975 -0.6763 0.5432
vn -0.0062 -0.9955 -0.0945
vn -0.0713 -0.9955 -0.0625
vn -0.5648 -0.6755 0.4740
vn -0.8597 -0.5103 -0.0201
vn 0.5432 -0.6764 -0.4975
vn 0.0897 -0.9955 -0.0305
vn -0.1280 -0.6733 -0.7282
vn 0.4462 -0.5096 -0.7357
vn -0.6225 -0.6748 -0.3964
vn -0.2219 -0.6733 0.7053
vn -0.5377 0.5854 0.6068
vn 0.7283 -0.6732 -0.1280
vn 0.7235 0.5873 0.3627
vn 0.7358 -0.5095 0.4461
vn 0.7179 -0.6778 -0.1589
vn -0.3120 -0.6740 -0.6696
vn 0.1622 0.5870 -0.7932
vn 0.2413 -0.5096 -0.8259
vn 0.0851 -0.9955 0.0419
vn 0.0306 -0.9955 0.0897
vn -0.0419 -0.9955 0.0851
vn 0.6029 -0.6772 0.4218
vn 0.2025 -0.5113 0.8352
vn -0.6764 0.5838 0.4490
vn 0.6069 0.5852 0.5377
vn 0.7377 -0.6744 0.0320
vn 0.3626 0.5873 -0.7236
vn 0.0320 -0.6745 -0.7376
vn -0.0897 -0.9955 0.0305
vn -0.7179 -0.6778 0.1589
vn -0.4217 -0.6773 0.6029
vn -0.7689 0.5848 0.2584
vn -0.8352 -0.5114 0.2024
vn 0.3389 -0.6782 0.6520
vn 0.6519 -0.6784 -0.3389
vn -0.0851 -0.9955 -0.0419
vn 0.0788 -0.9955 -0.0527
vn -0.4975 -0.6763 -0.5432
vn -0.3964 -0.6748 0.6225
vn 0.4490 0.5839 0.6764
vn 0.7052 -0.6734 0.2219
vn 0.5377 0.5854 -0.6068
vn -0.0306 -0.9955 -0.0897
vn 0.0929 -0.9955 0.0185
vn 0.2219 -0.6733 -0.7053
vn -0.8087 0.5861 0.0497
vn 0.2584 0.5849 0.7689
vn 0.0527 -0.9955 0.0788
vt 0.797494 0.691617
vt 0.797970 0.713840
vt 0.776934 0.713643
vt 0.776486 0.692816
vt 0.797059 0.735982
vt 0.776147 0.734415
vt 0.794435 0.758002
vt 0.773733 0.755193
vt 0.791145 0.780232
vt 0.770529 0.775917
vt 0.737645 0.885806
vt 0.718733 0.903102
vt 0.704972 0.886937
vt 0.721917 0.871549
vt 0.697108 0.917882
vt 0.673270 0.929915
vt 0.663879 0.910596
vt 0.685544 0.899960
vt 0.646783 0.487829
vt 0.672413 0.497929
vt 0.663200 0.517339
vt 0.639854 0.508859
vt 0.696317 0.509707
vt 0.718185 0.524083
vt 0.704717 0.540478
vt 0.684981 0.527726
vt 0.737535 0.541131
vt 0.722022 0.555561
vt 0.753890 0.560390
vt 0.736634 0.572666
vt 0.785064 0.802391
vt 0.764838 0.796275
vt 0.767211 0.581108
vt 0.748621 0.591220
vt 0.777800 0.602733
vt 0.758250 0.610684
vt 0.785685 0.624891
vt 0.765477 0.630895
vt 0.791225 0.647144
vt 0.770541 0.651491
vt 0.744146 0.769393
vt 0.747332 0.750939
vt 0.640342 0.919316
vt 0.635024 0.889497
vt 0.654416 0.884117
vt 0.795312 0.669309
vt 0.774501 0.672089
vt 0.777258 0.824354
vt 0.757800 0.816444
vt 0.766735 0.845814
vt 0.748094 0.835800
vt 0.753807 0.866543
vt 0.736502 0.854528
vt 0.552795 0.302740
vt 0.552795 0.269340
vt 0.585804 0.269340
vt 0.585804 0.302740
vt 0.647594 0.940258
vt 0.604767 0.269340
vt 0.604767 0.235940
vt 0.626839 0.235940
vt 0.626839 0.269340
vt 0.552795 0.469739
vt 0.552795 0.436339
vt 0.585804 0.436339
vt 0.585804 0.469739
vt 0.552795 0.703539
vt 0.552795 0.670139
vt 0.585804 0.670139
vt 0.585804 0.703539
vt 0.552795 0.068940
vt 0.552795 0.035540
vt 0.585804 0.035540
vt 0.585804 0.068940
vt 0.552795 0.235940
vt 0.552795 0.202540
vt 0.585804 0.202540
vt 0.585804 0.235940
vt 0.552795 0.402939
vt 0.552795 0.369539
vt 0.585804 0.369539
vt 0.585804 0.402939
vt 0.552795 0.636739
vt 0.552795 0.603339
vt 0.585804 0.603339
vt 0.585804 0.636739
vt 0.552795 0.803738
vt 0.552795 0.770338
vt 0.585804 0.770338
vt 0.585804 0.803738
vt 0.552795 0.569939
vt 0.552795 0.536539
vt 0.585804 0.536539
vt 0.585804 0.569939
vt 0.552795 0.169140
vt 0.552795 0.135740
vt 0.585804 0.135740
vt 0.585804 0.169140
vt 0.552795 0.336139
vt 0.585804 0.336139
vt 0.552795 0.503139
vt 0.585804 0.503139
vt 0.552795 0.736938
vt 0.585804 0.736938
vt 0.552795 0.102340
vt 0.585804 0.102340
vt 0.552795 0.002140
vt 0.585804 0.002140
vt 0.634535 0.422736
vt 0.634535 0.402773
vt 0.946027 0.402773
vt 0.946027 0.422736
vt 0.604767 0.035540
vt 0.604767 0.002140
vt 0.626839 0.002140
vt 0.626839 0.035540
vt 0.604767 0.536539
vt 0.604767 0.503139
vt 0.626839 0.503139
vt 0.626839 0.536539
vt 0.604767 0.603339
vt 0.604767 0.569939
vt 0.626839 0.569939
vt 0.626839 0.603339
vt 0.604767 0.302740
vt 0.626839 0.302740
vt 0.604767 0.068940
vt 0.626839 0.068940
vt 0.604767 0.636739
vt 0.626839 0.636739
vt 0.604767 0.336139
vt 0.626839 0.336139
vt 0.604767 0.102340
vt 0.626839 0.102340
vt 0.604767 0.670139
vt 0.626839 0.670139
vt 0.604767 0.369539
vt 0.626839 0.369539
vt 0.604767 0.135740
vt 0.626839 0.135740
vt 0.604767 0.703539
vt 0.626839 0.703539
vt 0.604767 0.402939
vt 0.626839 0.402939
vt 0.604767 0.169140
vt 0.626839 0.169140
vt 0.604767 0.736938
vt 0.626839 0.736938
vt 0.604767 0.436339
vt 0.626839 0.436339
vt 0.604767 0.202540
vt 0.626839 0.202540
vt 0.604767 0.770338
vt 0.626839 0.770338
vt 0.604767 0.469739
vt 0.626839 0.469739
vt 0.604767 0.803738
vt 0.626839 0.803738
vt 0.853631 0.622681
vt 0.853631 0.606365
vt 0.861103 0.606365
vt 0.861103 0.622681
vt 0.634535 0.243063
vt 0.634535 0.223099
vt 0.946027 0.223099
vt 0.946027 0.243063
vt 0.634535 0.103317
vt 0.634535 0.083353
vt 0.946027 0.083353
vt 0.946027 0.103317
vt 0.634535 0.442700
vt 0.946027 0.442700
vt 0.634535 0.263027
vt 0.946027 0.263027
vt 0.634535 0.123281
vt 0.946027 0.123281
vt 0.634535 0.462664
vt 0.946027 0.462664
vt 0.634535 0.282991
vt 0.946027 0.282991
vt 0.634535 0.143245
vt 0.946027 0.143245
vt 0.634535 0.482628
vt 0.946027 0.482628
vt 0.634535 0.302954
vt 0.946027 0.302954
vt 0.634535 0.342882
vt 0.634535 0.322918
vt 0.946027 0.322918
vt 0.946027 0.342882
vt 0.634535 0.163208
vt 0.946027 0.163208
vt 0.634535 0.023462
vt 0.634535 0.003499
vt 0.946027 0.003499
vt 0.946027 0.023462
vt 0.634535 0.362845
vt 0.946027 0.362845
vt 0.634535 0.183172
vt 0.946027 0.183172
vt 0.634535 0.043426
vt 0.946027 0.043426
vt 0.634535 0.382809
vt 0.946027 0.382809
vt 0.634535 0.203136
vt 0.946027 0.203136
vt 0.634535 0.063390
vt 0.946027 0.063390
vt 0.873905 0.802154
vt 0.873905 0.785838
vt 0.878677 0.785838
vt 0.878677 0.802154
vt 0.853631 0.867417
vt 0.853631 0.851101
vt 0.861103 0.851101
vt 0.861103 0.867417
vt 0.853631 0.900049
vt 0.853631 0.883733
vt 0.861103 0.883733
vt 0.861103 0.900049
vt 0.853631 0.753207
vt 0.853631 0.736891
vt 0.861103 0.736891
vt 0.861103 0.753207
vt 0.853631 0.638997
vt 0.861103 0.638997
vt 0.853631 0.916364
vt 0.861103 0.916364
vt 0.853631 0.769523
vt 0.861103 0.769523
vt 0.853631 0.655312
vt 0.861103 0.655312
vt 0.853631 0.932680
vt 0.861103 0.932680
vt 0.853631 0.785838
vt 0.861103 0.785838
vt 0.853631 0.671628
vt 0.861103 0.671628
vt 0.853631 0.948996
vt 0.861103 0.948996
vt 0.853631 0.802154
vt 0.861103 0.802154
vt 0.853631 0.687944
vt 0.861103 0.687944
vt 0.853631 0.965312
vt 0.861103 0.965312
vt 0.853631 0.818470
vt 0.861103 0.818470
vt 0.853631 0.704260
vt 0.861103 0.704260
vt 0.853631 0.981627
vt 0.861103 0.981627
vt 0.853631 0.834786
vt 0.861103 0.834786
vt 0.853631 0.720575
vt 0.861103 0.720575
vt 0.853631 0.997943
vt 0.861103 0.997943
vt 0.878677 0.622681
vt 0.878677 0.606365
vt 0.886420 0.606365
vt 0.886420 0.622681
vt 0.873905 0.687944
vt 0.873905 0.671628
vt 0.878677 0.671628
vt 0.878677 0.687944
vt 0.873905 0.965312
vt 0.873905 0.948996
vt 0.878677 0.948996
vt 0.878677 0.965312
vt 0.873905 0.818470
vt 0.878677 0.818470
vt 0.873905 0.704260
vt 0.878677 0.704260
vt 0.873905 0.981627
vt 0.878677 0.981627
vt 0.873905 0.834786
vt 0.878677 0.834786
vt 0.873905 0.720575
vt 0.878677 0.720575
vt 0.873905 0.997943
vt 0.878677 0.997943
vt 0.873905 0.851101
vt 0.878677 0.851101
vt 0.873905 0.883733
vt 0.873905 0.867417
vt 0.878677 0.867417
vt 0.878677 0.883733
vt 0.873905 0.736891
vt 0.878677 0.736891
vt 0.873905 0.622681
vt 0.873905 0.606365
vt 0.873905 0.900049
vt 0.878677 0.900049
vt 0.873905 0.753207
vt 0.878677 0.753207
vt 0.873905 0.638997
vt 0.878677 0.638997
vt 0.873905 0.916364
vt 0.878677 0.916364
vt 0.873905 0.769523
vt 0.878677 0.769523
vt 0.873905 0.655312
vt 0.878677 0.655312
vt 0.873905 0.932680
vt 0.878677 0.932680
vt 0.919000 0.586808
vt 0.919000 0.572355
vt 0.938336 0.572355
vt 0.938336 0.586808
vt 0.886420 0.851101
vt 0.886420 0.867417
vt 0.886420 0.883733
vt 0.886420 0.900049
vt 0.886420 0.736891
vt 0.886420 0.753207
vt 0.886420 0.638997
vt 0.886420 0.916364
vt 0.886420 0.769523
vt 0.886420 0.655312
vt 0.886420 0.932680
vt 0.886420 0.785838
vt 0.886420 0.671628
vt 0.886420 0.948996
vt 0.886420 0.802154
vt 0.886420 0.687944
vt 0.886420 0.965312
vt 0.886420 0.818470
vt 0.886420 0.704260
vt 0.886420 0.981627
vt 0.886420 0.834786
vt 0.886420 0.720575
vt 0.886420 0.997943
vt 0.919000 0.832516
vt 0.919000 0.818063
vt 0.938336 0.818063
vt 0.938336 0.832516
vt 0.919000 0.702435
vt 0.919000 0.687982
vt 0.938336 0.687982
vt 0.938336 0.702435
vt 0.919000 0.601261
vt 0.938336 0.601261
vt 0.919000 0.846969
vt 0.938336 0.846969
vt 0.919000 0.716889
vt 0.938336 0.716889
vt 0.919000 0.615715
vt 0.938336 0.615715
vt 0.919000 0.861423
vt 0.938336 0.861423
vt 0.919000 0.731342
vt 0.938336 0.731342
vt 0.919000 0.760249
vt 0.919000 0.745796
vt 0.938336 0.745796
vt 0.938336 0.760249
vt 0.919000 0.630168
vt 0.938336 0.630168
vt 0.919000 0.528995
vt 0.919000 0.514541
vt 0.938336 0.514541
vt 0.938336 0.528995
vt 0.919000 0.774702
vt 0.938336 0.774702
vt 0.919000 0.644622
vt 0.938336 0.644622
vt 0.919000 0.543448
vt 0.938336 0.543448
vt 0.919000 0.789156
vt 0.938336 0.789156
vt 0.919000 0.659075
vt 0.938336 0.659075
vt 0.919000 0.557901
vt 0.938336 0.557901
vt 0.919000 0.803609
vt 0.938336 0.803609
vt 0.919000 0.673529
vt 0.938336 0.673529
vt 0.865848 0.948996
vt 0.865848 0.932680
vt 0.869881 0.932680
vt 0.869881 0.948996
vt 0.865848 0.671628
vt 0.865848 0.655312
vt 0.869881 0.655312
vt 0.869881 0.671628
vt 0.865848 0.785838
vt 0.865848 0.769523
vt 0.869881 0.769523
vt 0.869881 0.785838
vt 0.865848 0.916364
vt 0.869881 0.916364
vt 0.865848 0.638997
vt 0.869881 0.638997
vt 0.865848 0.753207
vt 0.869881 0.753207
vt 0.865848 0.900049
vt 0.869881 0.900049
vt 0.865848 0.622681
vt 0.869881 0.622681
vt 0.865848 0.736891
vt 0.869881 0.736891
vt 0.865848 0.883733
vt 0.869881 0.883733
vt 0.865848 0.867417
vt 0.865848 0.851101
vt 0.869881 0.851101
vt 0.869881 0.867417
vt 0.865848 0.606365
vt 0.869881 0.606365
vt 0.865848 0.720575
vt 0.869881 0.720575
vt 0.865848 0.834786
vt 0.869881 0.834786
vt 0.865848 0.997943
vt 0.865848 0.981627
vt 0.869881 0.981627
vt 0.869881 0.997943
vt 0.865848 0.704260
vt 0.869881 0.704260
vt 0.865848 0.818470
vt 0.869881 0.818470
vt 0.865848 0.965312
vt 0.869881 0.965312
vt 0.865848 0.687944
vt 0.869881 0.687944
vt 0.865848 0.802154
vt 0.869881 0.802154
vt 0.496305 0.135740
vt 0.496305 0.102340
vt 0.521662 0.102340
vt 0.521662 0.135740
vt 0.496305 0.770338
vt 0.496305 0.736938
vt 0.521662 0.736938
vt 0.521662 0.770338
vt 0.496305 0.603339
vt 0.496305 0.569939
vt 0.521662 0.569939
vt 0.521662 0.603339
vt 0.496305 0.536539
vt 0.496305 0.503139
vt 0.521662 0.503139
vt 0.521662 0.536539
vt 0.496305 0.369539
vt 0.496305 0.336139
vt 0.521662 0.336139
vt 0.521662 0.369539
vt 0.496305 0.202540
vt 0.496305 0.169140
vt 0.521662 0.169140
vt 0.521662 0.202540
vt 0.496305 0.035540
vt 0.496305 0.002140
vt 0.521662 0.002140
vt 0.521662 0.035540
vt 0.496305 0.670139
vt 0.496305 0.636739
vt 0.521662 0.636739
vt 0.521662 0.670139
vt 0.496305 0.436339
vt 0.496305 0.402939
vt 0.521662 0.402939
vt 0.521662 0.436339
vt 0.496305 0.269340
vt 0.496305 0.235940
vt 0.521662 0.235940
vt 0.521662 0.269340
vt 0.496305 0.068940
vt 0.521662 0.068940
vt 0.496305 0.703539
vt 0.521662 0.703539
vt 0.496305 0.469739
vt 0.521662 0.469739
vt 0.496305 0.302740
vt 0.521662 0.302740
vt 0.496305 0.803738
vt 0.521662 0.803738
vt 0.986406 0.512150
vt 0.986406 0.544032
vt 0.976092 0.544032
vt 0.976092 0.512150
vt 0.965739 0.544032
vt 0.965739 0.512150
vt 0.955348 0.544032
vt 0.955348 0.512150
vt 0.986406 0.575914
vt 0.976092 0.575914
vt 0.965739 0.575914
vt 0.955348 0.575914
vt 0.986406 0.607796
vt 0.976092 0.607796
vt 0.965739 0.607796
vt 0.955348 0.607796
vt 0.986406 0.639678
vt 0.976092 0.639678
vt 0.965739 0.639678
vt 0.955348 0.639678
vt 0.986406 0.671559
vt 0.976092 0.671559
vt 0.965739 0.671559
vt 0.955348 0.671559
vt 0.986406 0.703441
vt 0.976092 0.703441
vt 0.965739 0.703441
vt 0.955348 0.703441
vt 0.986406 0.735323
vt 0.976092 0.735323
vt 0.965739 0.735323
vt 0.955348 0.735323
vt 0.986406 0.767205
vt 0.976092 0.767205
vt 0.965739 0.767205
vt 0.955348 0.767205
vt 0.986406 0.002043
vt 0.986406 0.033924
vt 0.976092 0.033924
vt 0.976092 0.002043
vt 0.965739 0.033924
vt 0.965739 0.002043
vt 0.955348 0.033924
vt 0.955348 0.002043
vt 0.986406 0.065806
vt 0.976092 0.065806
vt 0.965739 0.065806
vt 0.955348 0.065806
vt 0.986406 0.097688
vt 0.976092 0.097688
vt 0.965739 0.097688
vt 0.955348 0.097688
vt 0.986406 0.129570
vt 0.976092 0.129570
vt 0.965739 0.129570
vt 0.955348 0.129570
vt 0.986406 0.161451
vt 0.976092 0.161451
vt 0.965739 0.161451
vt 0.955348 0.161451
vt 0.986406 0.193333
vt 0.976092 0.193333
vt 0.965739 0.193333
vt 0.955348 0.193333
vt 0.986406 0.225215
vt 0.976092 0.225215
vt 0.965739 0.225215
vt 0.955348 0.225215
vt 0.986406 0.257097
vt 0.976092 0.257097
vt 0.965739 0.257097
vt 0.955348 0.257097
vt 0.986406 0.288978
vt 0.976092 0.288978
vt 0.965739 0.288978
vt 0.955348 0.288978
vt 0.986406 0.320860
vt 0.976092 0.320860
vt 0.965739 0.320860
vt 0.955348 0.320860
vt 0.986406 0.352742
vt 0.976092 0.352742
vt 0.965739 0.352742
vt 0.955348 0.352742
vt 0.986406 0.384624
vt 0.976092 0.384624
vt 0.965739 0.384624
vt 0.955348 0.384624
vt 0.986406 0.416505
vt 0.976092 0.416505
vt 0.965739 0.416505
vt 0.955348 0.416505
vt 0.986406 0.448387
vt 0.976092 0.448387
vt 0.965739 0.448387
vt 0.955348 0.448387
vt 0.986406 0.480269
vt 0.976092 0.480269
vt 0.965739 0.480269
vt 0.955348 0.480269
vt 0.003179 0.536539
vt 0.003179 0.569939
vt 0.003179 0.503139
vt 0.003179 0.603339
vt 0.003179 0.636739
vt 0.003179 0.670139
vt 0.003179 0.703539
vt 0.003179 0.736938
vt 0.003179 0.770338
vt 0.003179 0.803738
vt 0.003179 0.002140
vt 0.003179 0.035540
vt 0.003179 0.068940
vt 0.003179 0.102340
vt 0.003179 0.135740
vt 0.003179 0.169140
vt 0.003179 0.202540
vt 0.003179 0.235940
vt 0.003179 0.269340
vt 0.003179 0.302740
vt 0.003179 0.336139
vt 0.003179 0.369539
vt 0.003179 0.402939
vt 0.003179 0.436339
vt 0.003179 0.469739
vt 0.715199 0.589483
vt 0.703081 0.575012
vt 0.714962 0.837844
vt 0.724865 0.821914
vt 0.749531 0.732328
vt 0.688668 0.562468
vt 0.732889 0.804978
vt 0.744585 0.657754
vt 0.739878 0.639619
vt 0.672305 0.875745
vt 0.733681 0.622033
vt 0.688690 0.865206
vt 0.749747 0.713578
vt 0.672199 0.552057
vt 0.739476 0.787488
vt 0.749609 0.694889
vt 0.654124 0.543964
vt 0.725177 0.605368
vt 0.702858 0.852361
vt 0.747151 0.676329
vt 0.634410 0.538717
vt 0.710862 0.633725
vt 0.704295 0.619439
vt 0.722695 0.746599
vt 0.724303 0.730177
vt 0.648750 0.857667
vt 0.662623 0.851926
vt 0.696150 0.606221
vt 0.724970 0.713590
vt 0.675170 0.843546
vt 0.686407 0.594464
vt 0.724387 0.697020
vt 0.686401 0.833335
vt 0.675379 0.584061
vt 0.722853 0.680550
vt 0.695794 0.821180
vt 0.662717 0.575908
vt 0.720183 0.664339
vt 0.704007 0.807956
vt 0.648718 0.570380
vt 0.716284 0.648686
vt 0.710536 0.793593
vt 0.715559 0.778398
vt 0.719648 0.762751
vt 0.634326 0.567891
vt 0.634326 0.860321
vt 0.678029 0.822865
vt 0.685998 0.812151
vt 0.668926 0.595857
vt 0.658525 0.588944
vt 0.709819 0.682979
vt 0.707498 0.668043
vt 0.693128 0.800342
vt 0.647219 0.584580
vt 0.704169 0.653653
vt 0.698662 0.787311
vt 0.703279 0.773441
vt 0.707143 0.759062
vt 0.635542 0.583434
vt 0.699102 0.640075
vt 0.709609 0.744137
vt 0.635516 0.844749
vt 0.647072 0.843416
vt 0.693298 0.627176
vt 0.711359 0.728952
vt 0.658368 0.838911
vt 0.686543 0.615261
vt 0.711726 0.713567
vt 0.668765 0.831926
vt 0.678124 0.604933
vt 0.711458 0.698184
vt 0.674980 0.653303
vt 0.671237 0.643321
vt 0.683250 0.739026
vt 0.684075 0.726354
vt 0.645070 0.813654
vt 0.650403 0.811081
vt 0.666305 0.634674
vt 0.684948 0.713533
vt 0.655623 0.806462
vt 0.661556 0.627072
vt 0.684191 0.700718
vt 0.660879 0.800405
vt 0.656150 0.621211
vt 0.683490 0.688087
vt 0.665939 0.792830
vt 0.650894 0.616727
vt 0.681209 0.675906
vt 0.670630 0.783991
vt 0.645543 0.614256
vt 0.678138 0.664279
vt 0.674836 0.773980
vt 0.678532 0.763064
vt 0.680833 0.751266
vt 0.640359 0.613745
vt 0.639896 0.814302
vt 0.654251 0.694138
vt 0.660540 0.689452
vt 0.663591 0.690269
vt 0.659176 0.692818
vt 0.666378 0.683613
vt 0.667195 0.686664
vt 0.671064 0.677325
vt 0.669744 0.682249
vt 0.649153 0.694138
vt 0.656892 0.687628
vt 0.664554 0.679966
vt 0.671064 0.672227
vt 0.644229 0.692818
vt 0.652897 0.684923
vt 0.661849 0.675971
vt 0.669744 0.667302
vt 0.639814 0.690269
vt 0.648827 0.681520
vt 0.658446 0.671901
vt 0.667195 0.662888
vt 0.636209 0.686664
vt 0.644958 0.677651
vt 0.654577 0.668032
vt 0.663591 0.659283
vt 0.633660 0.682249
vt 0.641556 0.673581
vt 0.650507 0.664629
vt 0.659176 0.656734
vt 0.632340 0.677325
vt 0.638850 0.669586
vt 0.646512 0.661924
vt 0.654251 0.655414
vt 0.632340 0.672227
vt 0.637026 0.665938
vt 0.642865 0.660100
vt 0.649153 0.655414
vt 0.633660 0.667302
vt 0.636209 0.662888
vt 0.639814 0.659283
vt 0.644229 0.656734
vt 0.859632 0.516596
vt 0.860237 0.520353
vt 0.856428 0.519276
vt 0.855946 0.515413
vt 0.860712 0.524948
vt 0.861187 0.529543
vt 0.857143 0.528703
vt 0.856785 0.523990
vt 0.852149 0.523083
vt 0.852396 0.527904
vt 0.847651 0.527104
vt 0.847514 0.522175
vt 0.851540 0.514299
vt 0.851904 0.518261
vt 0.847379 0.517246
vt 0.847134 0.513185
vt 0.861372 0.534448
vt 0.861555 0.539354
vt 0.857354 0.538794
vt 0.857249 0.533748
vt 0.861418 0.544366
vt 0.861281 0.549377
vt 0.857016 0.549126
vt 0.857185 0.543960
vt 0.852262 0.543537
vt 0.852063 0.548835
vt 0.847111 0.548543
vt 0.847340 0.543114
vt 0.852429 0.533072
vt 0.852461 0.538239
vt 0.847569 0.537684
vt 0.847610 0.532395
vt 0.860829 0.554371
vt 0.860376 0.559363
vt 0.856138 0.559427
vt 0.856577 0.554277
vt 0.859619 0.564214
vt 0.858860 0.569064
vt 0.854744 0.569423
vt 0.855442 0.564425
vt 0.850576 0.564531
vt 0.849937 0.569659
vt 0.845130 0.569896
vt 0.845711 0.564638
vt 0.851639 0.554119
vt 0.851214 0.559403
vt 0.846291 0.559380
vt 0.846701 0.553962
vt 0.857849 0.573571
vt 0.856837 0.578078
vt 0.852928 0.578701
vt 0.853836 0.574062
vt 0.855795 0.581738
vt 0.854760 0.585404
vt 0.851067 0.586262
vt 0.851996 0.582481
vt 0.847490 0.583070
vt 0.846667 0.586964
vt 0.842264 0.587663
vt 0.842983 0.583659
vt 0.849126 0.574418
vt 0.848316 0.579178
vt 0.843703 0.579655
vt 0.844416 0.574775
vt 0.842472 0.512371
vt 0.842595 0.516490
vt 0.837811 0.515736
vt 0.837810 0.511558
vt 0.842621 0.521486
vt 0.842647 0.526481
vt 0.837644 0.525859
vt 0.837727 0.520798
vt 0.832732 0.520368
vt 0.832541 0.525447
vt 0.827437 0.525037
vt 0.827737 0.519940
vt 0.833048 0.511096
vt 0.832924 0.515289
vt 0.828038 0.514843
vt 0.828285 0.510636
vt 0.842534 0.531847
vt 0.842422 0.537213
vt 0.837275 0.536741
vt 0.837460 0.531300
vt 0.842166 0.542725
vt 0.841909 0.548237
vt 0.836708 0.547930
vt 0.836992 0.542336
vt 0.831725 0.541997
vt 0.831417 0.547619
vt 0.826125 0.547307
vt 0.826458 0.541659
vt 0.832287 0.530912
vt 0.832033 0.536376
vt 0.826791 0.536011
vt 0.827114 0.530524
vt 0.841517 0.553740
vt 0.841124 0.559244
vt 0.835958 0.559108
vt 0.836333 0.553519
vt 0.840606 0.564586
vt 0.840088 0.569928
vt 0.835046 0.569959
vt 0.835502 0.564533
vt 0.830319 0.564312
vt 0.829930 0.569768
vt 0.824814 0.569577
vt 0.825137 0.564090
vt 0.831063 0.553237
vt 0.830709 0.558856
vt 0.825460 0.558603
vt 0.825793 0.552955
vt 0.839476 0.574885
vt 0.838864 0.579844
vt 0.834024 0.580031
vt 0.834535 0.574995
vt 0.838258 0.583920
vt 0.837653 0.587997
vt 0.833041 0.588330
vt 0.833532 0.584180
vt 0.828749 0.584080
vt 0.828379 0.588258
vt 0.823718 0.588185
vt 0.823966 0.583978
vt 0.829524 0.574835
vt 0.829119 0.579901
vt 0.824213 0.579771
vt 0.824514 0.574674
vt 0.823502 0.510534
vt 0.823132 0.514712
vt 0.818227 0.514583
vt 0.818719 0.510433
vt 0.822727 0.519779
vt 0.822321 0.524845
vt 0.817204 0.524655
vt 0.817716 0.519619
vt 0.812775 0.519728
vt 0.812163 0.524686
vt 0.807121 0.524717
vt 0.807835 0.519838
vt 0.813993 0.510693
vt 0.813387 0.514770
vt 0.808547 0.514959
vt 0.809268 0.510955
vt 0.821931 0.530302
vt 0.821542 0.535758
vt 0.816293 0.535506
vt 0.816749 0.530081
vt 0.821188 0.541377
vt 0.820834 0.546995
vt 0.815543 0.546684
vt 0.815918 0.541095
vt 0.810734 0.540874
vt 0.810342 0.546377
vt 0.805140 0.546071
vt 0.805550 0.540652
vt 0.811645 0.530028
vt 0.811127 0.535370
vt 0.805960 0.535234
vt 0.806540 0.529976
vt 0.820526 0.552616
vt 0.820218 0.558238
vt 0.814976 0.557872
vt 0.815259 0.552278
vt 0.819964 0.563702
vt 0.819710 0.569166
vt 0.814607 0.568755
vt 0.814791 0.563313
vt 0.809717 0.562766
vt 0.809604 0.568132
vt 0.804600 0.567509
vt 0.804641 0.562219
vt 0.810085 0.551889
vt 0.809829 0.557401
vt 0.804682 0.556930
vt 0.804911 0.551500
vt 0.819519 0.574245
vt 0.819327 0.579324
vt 0.814440 0.578878
vt 0.814524 0.573816
vt 0.819203 0.583517
vt 0.819080 0.587710
vt 0.814442 0.587234
vt 0.814441 0.583056
vt 0.809779 0.582243
vt 0.809901 0.586362
vt 0.805361 0.585489
vt 0.805117 0.581429
vt 0.809630 0.573128
vt 0.809655 0.578123
vt 0.804872 0.577368
vt 0.804737 0.572438
vt 0.804761 0.511543
vt 0.803935 0.515436
vt 0.799323 0.515913
vt 0.800255 0.512133
vt 0.803125 0.520196
vt 0.802314 0.524955
vt 0.797507 0.525190
vt 0.798415 0.520552
vt 0.794402 0.521043
vt 0.793391 0.525550
vt 0.789275 0.525908
vt 0.790388 0.521530
vt 0.796456 0.512876
vt 0.795413 0.516535
vt 0.791503 0.517155
vt 0.792654 0.513613
vt 0.801675 0.530083
vt 0.801037 0.535211
vt 0.796112 0.535187
vt 0.796809 0.530188
vt 0.800612 0.540495
vt 0.800188 0.545779
vt 0.795235 0.545488
vt 0.795673 0.540337
vt 0.791422 0.540243
vt 0.790970 0.545236
vt 0.786705 0.544985
vt 0.787171 0.540149
vt 0.792632 0.530400
vt 0.791875 0.535250
vt 0.787637 0.535313
vt 0.788455 0.530610
vt 0.799988 0.551077
vt 0.799790 0.556374
vt 0.794897 0.555820
vt 0.795066 0.550654
vt 0.799822 0.561542
vt 0.799855 0.566710
vt 0.795108 0.565911
vt 0.795002 0.560866
vt 0.790879 0.560166
vt 0.791063 0.565071
vt 0.787018 0.564232
vt 0.786756 0.559467
vt 0.790833 0.550248
vt 0.790696 0.555259
vt 0.786496 0.554700
vt 0.786600 0.549843
vt 0.800102 0.571531
vt 0.800347 0.576353
vt 0.795823 0.575338
vt 0.795466 0.570624
vt 0.800710 0.580315
vt 0.801071 0.584278
vt 0.796783 0.583065
vt 0.796305 0.579201
vt 0.792619 0.578017
vt 0.793218 0.581778
vt 0.789644 0.580501
vt 0.788929 0.576840
vt 0.791538 0.569666
vt 0.792014 0.574260
vt 0.788203 0.573186
vt 0.787610 0.568710
vt 0.910175 0.742163
vt 0.908645 0.736623
vt 0.911625 0.736448
vt 0.912875 0.741889
vt 0.908246 0.732148
vt 0.908624 0.727672
vt 0.911619 0.727685
vt 0.911249 0.732077
vt 0.868984 0.503949
vt 0.871782 0.506734
vt 0.870797 0.507631
vt 0.868143 0.504983
vt 0.862926 0.498908
vt 0.866091 0.501273
vt 0.865400 0.502432
vt 0.862356 0.500152
vt 0.864980 0.503446
vt 0.862062 0.501262
vt 0.870037 0.508334
vt 0.867545 0.505850
vt 0.869325 0.509002
vt 0.867025 0.506716
vt 0.864670 0.504492
vt 0.861894 0.502425
vt 0.864465 0.505550
vt 0.861843 0.503618
vt 0.868671 0.509626
vt 0.866587 0.507566
vt 0.868077 0.510200
vt 0.866227 0.508388
vt 0.864352 0.506606
vt 0.861896 0.504821
vt 0.864355 0.507711
vt 0.862064 0.506095
vt 0.867531 0.510711
vt 0.865951 0.509199
vt 0.867059 0.511056
vt 0.865900 0.510124
vt 0.864734 0.509206
vt 0.862542 0.507802
vt 0.910280 0.762315
vt 0.908700 0.756712
vt 0.911687 0.756484
vt 0.912989 0.762044
vt 0.908321 0.752205
vt 0.908699 0.747700
vt 0.911759 0.747550
vt 0.911334 0.752030
vt 0.856220 0.494736
vt 0.859686 0.496662
vt 0.859243 0.497977
vt 0.855840 0.496078
vt 0.849030 0.491364
vt 0.852717 0.492872
vt 0.852405 0.494240
vt 0.848755 0.492740
vt 0.852344 0.495465
vt 0.848689 0.493962
vt 0.859086 0.499163
vt 0.855728 0.497286
vt 0.859073 0.500422
vt 0.855756 0.498568
vt 0.852414 0.496767
vt 0.848732 0.495253
vt 0.852596 0.498130
vt 0.848870 0.496600
vt 0.859195 0.501726
vt 0.855906 0.499906
vt 0.859421 0.503064
vt 0.856153 0.501283
vt 0.852868 0.499537
vt 0.849088 0.497979
vt 0.853233 0.501050
vt 0.849378 0.499482
vt 0.859758 0.504498
vt 0.856499 0.502765
vt 0.860349 0.506400
vt 0.857060 0.504758
vt 0.853770 0.503119
vt 0.849808 0.501603
vt 0.910287 0.782467
vt 0.908770 0.776895
vt 0.911772 0.776799
vt 0.913013 0.782352
vt 0.908380 0.772384
vt 0.908775 0.767875
vt 0.911834 0.767809
vt 0.911403 0.772307
vt 0.841450 0.488939
vt 0.845300 0.489946
vt 0.845068 0.491324
vt 0.841251 0.490320
vt 0.833636 0.487438
vt 0.837581 0.487972
vt 0.837419 0.489356
vt 0.833514 0.488829
vt 0.837351 0.490544
vt 0.833444 0.490022
vt 0.845006 0.492528
vt 0.841183 0.491519
vt 0.845032 0.493794
vt 0.841181 0.492773
vt 0.837325 0.491781
vt 0.833393 0.491262
vt 0.837334 0.493059
vt 0.833359 0.492540
vt 0.845133 0.495110
vt 0.841235 0.494072
vt 0.845296 0.496457
vt 0.841334 0.495403
vt 0.837371 0.494366
vt 0.833338 0.493845
vt 0.837434 0.495813
vt 0.833327 0.495287
vt 0.845517 0.497935
vt 0.841474 0.496868
vt 0.845850 0.500087
vt 0.841692 0.499040
vt 0.837538 0.497998
vt 0.833314 0.497478
vt 0.910331 0.802596
vt 0.908815 0.797047
vt 0.911863 0.797041
vt 0.913053 0.802770
vt 0.908417 0.792532
vt 0.908794 0.788018
vt 0.911832 0.788069
vt 0.911440 0.792556
vt 0.825694 0.487003
vt 0.829675 0.487003
vt 0.829596 0.488389
vt 0.825652 0.488395
vt 0.817756 0.487517
vt 0.821718 0.487040
vt 0.821711 0.488433
vt 0.817792 0.488916
vt 0.821639 0.489620
vt 0.817718 0.490119
vt 0.829527 0.489571
vt 0.825582 0.489585
vt 0.829455 0.490797
vt 0.825488 0.490818
vt 0.821520 0.490852
vt 0.817573 0.491370
vt 0.821362 0.492119
vt 0.817368 0.492660
vt 0.829380 0.492059
vt 0.825372 0.492087
vt 0.829304 0.493349
vt 0.825239 0.493381
vt 0.821172 0.493413
vt 0.817115 0.493975
vt 0.820940 0.494842
vt 0.816803 0.495417
vt 0.829219 0.494777
vt 0.825081 0.494811
vt 0.829090 0.496964
vt 0.824837 0.496982
vt 0.820580 0.496996
vt 0.816332 0.497547
vt 0.910398 0.822750
vt 0.908877 0.817197
vt 0.911943 0.817314
vt 0.913100 0.823055
vt 0.908464 0.812687
vt 0.908835 0.808172
vt 0.911828 0.808324
vt 0.911485 0.812811
vt 0.809951 0.489083
vt 0.813814 0.488091
vt 0.813887 0.489486
vt 0.810063 0.490479
vt 0.802404 0.491550
vt 0.806110 0.490127
vt 0.806255 0.491522
vt 0.802624 0.492930
vt 0.806173 0.492745
vt 0.802595 0.494148
vt 0.813807 0.490690
vt 0.809984 0.491694
vt 0.813632 0.491944
vt 0.809787 0.492964
vt 0.805951 0.494029
vt 0.802420 0.495425
vt 0.805607 0.495355
vt 0.802116 0.496739
vt 0.813377 0.493239
vt 0.809490 0.494279
vt 0.813058 0.494564
vt 0.809112 0.495623
vt 0.805168 0.496711
vt 0.801709 0.498076
vt 0.804630 0.498176
vt 0.801190 0.499507
vt 0.812667 0.496013
vt 0.808648 0.497083
vt 0.812084 0.498108
vt 0.807972 0.499140
vt 0.803859 0.500181
vt 0.800403 0.501427
vt 0.910349 0.842858
vt 0.908858 0.837337
vt 0.911900 0.837412
vt 0.913051 0.843015
vt 0.908469 0.832848
vt 0.908835 0.828352
vt 0.911816 0.828585
vt 0.911476 0.832989
vt 0.795268 0.494936
vt 0.798739 0.493073
vt 0.799029 0.494430
vt 0.795688 0.496237
vt 0.788643 0.499203
vt 0.791843 0.496899
vt 0.792390 0.498132
vt 0.789357 0.500331
vt 0.792687 0.499188
vt 0.789850 0.501263
vt 0.799046 0.495627
vt 0.795848 0.497370
vt 0.798910 0.496879
vt 0.795876 0.498540
vt 0.792873 0.500263
vt 0.790266 0.502187
vt 0.792952 0.501338
vt 0.790604 0.503084
vt 0.798640 0.498168
vt 0.795782 0.499727
vt 0.798264 0.499478
vt 0.795589 0.500916
vt 0.792938 0.502396
vt 0.790867 0.503945
vt 0.792800 0.503486
vt 0.791048 0.504787
vt 0.797756 0.500854
vt 0.795273 0.502161
vt 0.796940 0.502665
vt 0.794598 0.503801
vt 0.792250 0.504928
vt 0.790992 0.505714
vt 0.910355 0.862893
vt 0.908839 0.857351
vt 0.911820 0.857191
vt 0.913055 0.862626
vt 0.908452 0.852877
vt 0.908840 0.848401
vt 0.911832 0.848438
vt 0.911454 0.852823
vt 0.782752 0.504443
vt 0.785545 0.501657
vt 0.786421 0.502661
vt 0.783771 0.505299
vt 0.777710 0.510497
vt 0.780072 0.507333
vt 0.781222 0.508032
vt 0.778952 0.511066
vt 0.782220 0.508464
vt 0.780057 0.511358
vt 0.787094 0.503448
vt 0.784616 0.505917
vt 0.787722 0.504195
vt 0.785452 0.506463
vt 0.783245 0.508788
vt 0.781212 0.511523
vt 0.784276 0.509008
vt 0.782395 0.511569
vt 0.788299 0.504891
vt 0.786265 0.506931
vt 0.788820 0.505531
vt 0.787045 0.507323
vt 0.785299 0.509136
vt 0.783584 0.511511
vt 0.786389 0.509132
vt 0.784862 0.511322
vt 0.789303 0.506103
vt 0.787835 0.507611
vt 0.789731 0.506501
vt 0.788858 0.507582
vt 0.787996 0.508668
vt 0.786705 0.510746
vt 0.910413 0.883041
vt 0.908846 0.877435
vt 0.911833 0.877204
vt 0.913122 0.882768
vt 0.908478 0.872928
vt 0.908866 0.868424
vt 0.911927 0.868276
vt 0.911491 0.872753
vt 0.773551 0.517204
vt 0.775473 0.513736
vt 0.776791 0.514169
vt 0.774899 0.517570
vt 0.770189 0.524395
vt 0.771694 0.520707
vt 0.773069 0.521003
vt 0.771570 0.524657
vt 0.774303 0.521041
vt 0.772800 0.524702
vt 0.777982 0.514312
vt 0.776114 0.517663
vt 0.779245 0.514304
vt 0.777405 0.517609
vt 0.775618 0.520940
vt 0.774102 0.524631
vt 0.776996 0.520721
vt 0.775462 0.524460
vt 0.780554 0.514157
vt 0.778753 0.517428
vt 0.781895 0.513903
vt 0.780140 0.517146
vt 0.778421 0.520407
vt 0.776856 0.524206
vt 0.779974 0.519985
vt 0.778405 0.523866
vt 0.783354 0.513524
vt 0.781657 0.516751
vt 0.785410 0.512822
vt 0.783827 0.516078
vt 0.782247 0.519336
vt 0.780749 0.523336
vt 0.910376 0.903178
vt 0.908869 0.897612
vt 0.911872 0.897517
vt 0.913103 0.903065
vt 0.908489 0.893104
vt 0.908895 0.888597
vt 0.911956 0.888532
vt 0.911512 0.893028
vt 0.767766 0.531978
vt 0.768773 0.528127
vt 0.770155 0.528347
vt 0.769150 0.532169
vt 0.766267 0.539796
vt 0.766799 0.535849
vt 0.768186 0.536005
vt 0.767659 0.539914
vt 0.769378 0.536064
vt 0.768855 0.539980
vt 0.771366 0.528390
vt 0.770354 0.532222
vt 0.772641 0.528341
vt 0.771616 0.532206
vt 0.770622 0.536077
vt 0.770101 0.540025
vt 0.771908 0.536053
vt 0.771386 0.540052
vt 0.773970 0.528211
vt 0.772925 0.532131
vt 0.775330 0.528016
vt 0.774268 0.532008
vt 0.773225 0.535999
vt 0.772700 0.540064
vt 0.774718 0.535915
vt 0.774188 0.540066
vt 0.776855 0.527753
vt 0.775781 0.531835
vt 0.779247 0.527331
vt 0.778203 0.531552
vt 0.777164 0.535770
vt 0.776642 0.540066
vt 0.910491 0.923148
vt 0.908924 0.917677
vt 0.911977 0.917653
vt 0.913213 0.923294
vt 0.908504 0.913205
vt 0.908878 0.908711
vt 0.911917 0.908761
vt 0.911531 0.913219
vt 0.765831 0.547741
vt 0.765831 0.543758
vt 0.767218 0.543837
vt 0.767225 0.547785
vt 0.766344 0.555681
vt 0.765867 0.551718
vt 0.767262 0.551731
vt 0.767745 0.555655
vt 0.768453 0.551813
vt 0.768952 0.555743
vt 0.768403 0.543906
vt 0.768417 0.547860
vt 0.769633 0.543979
vt 0.769655 0.547961
vt 0.769689 0.551945
vt 0.770209 0.555906
vt 0.770963 0.552119
vt 0.771506 0.556134
vt 0.770902 0.544054
vt 0.770930 0.548086
vt 0.772199 0.544130
vt 0.772232 0.548227
vt 0.772265 0.552327
vt 0.772831 0.556413
vt 0.773737 0.552585
vt 0.774314 0.556762
vt 0.773673 0.544217
vt 0.773706 0.548400
vt 0.776126 0.544362
vt 0.776137 0.548688
vt 0.776144 0.553017
vt 0.776685 0.557327
vt 0.911377 0.942544
vt 0.909470 0.937368
vt 0.912555 0.937291
vt 0.914088 0.942595
vt 0.908841 0.933057
vt 0.909085 0.928648
vt 0.912083 0.928730
vt 0.911874 0.933053
vt 0.767907 0.563489
vt 0.766916 0.559624
vt 0.768315 0.559564
vt 0.769306 0.563391
vt 0.770365 0.571037
vt 0.768949 0.567331
vt 0.770348 0.567202
vt 0.771749 0.570831
vt 0.771578 0.567309
vt 0.772972 0.570879
vt 0.769523 0.559663
vt 0.770526 0.563492
vt 0.770784 0.559863
vt 0.771805 0.563717
vt 0.772871 0.567563
vt 0.774254 0.571081
vt 0.774206 0.567946
vt 0.775573 0.571417
vt 0.772089 0.560148
vt 0.773128 0.564049
vt 0.773424 0.560500
vt 0.774484 0.564465
vt 0.775575 0.568428
vt 0.776917 0.571861
vt 0.777078 0.569026
vt 0.778377 0.572432
vt 0.774914 0.560938
vt 0.775984 0.564983
vt 0.777234 0.561639
vt 0.778247 0.565786
vt 0.779267 0.569934
vt 0.780463 0.573349
vt 0.914823 0.960334
vt 0.911955 0.955994
vt 0.914950 0.955268
vt 0.917434 0.959614
vt 0.910669 0.952105
vt 0.910409 0.947937
vt 0.913395 0.947753
vt 0.913668 0.951649
vt 0.773737 0.578171
vt 0.771882 0.574702
vt 0.773242 0.574423
vt 0.775036 0.577753
vt 0.778006 0.584793
vt 0.775697 0.581595
vt 0.776922 0.581039
vt 0.779120 0.584062
vt 0.777964 0.580729
vt 0.780032 0.583546
vt 0.774442 0.574421
vt 0.776164 0.577594
vt 0.775696 0.574578
vt 0.777326 0.577569
vt 0.779020 0.580527
vt 0.780929 0.583101
vt 0.780069 0.580429
vt 0.781793 0.582731
vt 0.776986 0.574872
vt 0.778501 0.577665
vt 0.778297 0.575277
vt 0.779676 0.577863
vt 0.781097 0.580423
vt 0.782616 0.582431
vt 0.782173 0.580560
vt 0.783437 0.582236
vt 0.779690 0.575831
vt 0.780923 0.578200
vt 0.781643 0.576774
vt 0.782685 0.578988
vt 0.783716 0.581209
vt 0.784454 0.582381
vt 0.914544 0.504332
vt 0.915016 0.499267
vt 0.917867 0.500294
vt 0.917165 0.505041
vt 0.916351 0.969066
vt 0.915130 0.965418
vt 0.917971 0.964383
vt 0.919107 0.968039
vt 0.783267 0.590665
vt 0.780469 0.587880
vt 0.781454 0.586982
vt 0.784108 0.589631
vt 0.789325 0.595706
vt 0.786160 0.593341
vt 0.786851 0.592182
vt 0.789895 0.594462
vt 0.787271 0.591168
vt 0.790189 0.593352
vt 0.782214 0.586280
vt 0.784705 0.588764
vt 0.782926 0.585611
vt 0.785226 0.587897
vt 0.787581 0.590122
vt 0.790357 0.592189
vt 0.787786 0.589064
vt 0.790407 0.590996
vt 0.783580 0.584988
vt 0.785664 0.587048
vt 0.784173 0.584413
vt 0.786024 0.586226
vt 0.787899 0.588007
vt 0.790355 0.589792
vt 0.787896 0.586903
vt 0.790187 0.588519
vt 0.784720 0.583902
vt 0.786300 0.585415
vt 0.785192 0.583558
vt 0.786351 0.584490
vt 0.787517 0.585408
vt 0.789709 0.586812
vt 0.910703 0.521964
vt 0.909817 0.516577
vt 0.912804 0.516834
vt 0.913419 0.522000
vt 0.910157 0.512424
vt 0.911545 0.508572
vt 0.914555 0.509331
vt 0.913157 0.512928
vt 0.796031 0.599878
vt 0.792565 0.597952
vt 0.793008 0.596637
vt 0.796411 0.598536
vt 0.803221 0.603249
vt 0.799534 0.601741
vt 0.799845 0.600374
vt 0.803496 0.601874
vt 0.799907 0.599149
vt 0.803562 0.600652
vt 0.793166 0.595451
vt 0.796522 0.597328
vt 0.793177 0.594192
vt 0.796495 0.596046
vt 0.799837 0.597847
vt 0.803519 0.599361
vt 0.799655 0.596484
vt 0.803381 0.598014
vt 0.793056 0.592887
vt 0.796345 0.594707
vt 0.792830 0.591550
vt 0.796098 0.593331
vt 0.799383 0.595077
vt 0.803163 0.596635
vt 0.799018 0.593564
vt 0.802873 0.595132
vt 0.792493 0.590115
vt 0.795751 0.591849
vt 0.791902 0.588213
vt 0.795191 0.589856
vt 0.798481 0.591495
vt 0.802443 0.593010
vt 0.909698 0.541261
vt 0.908306 0.535772
vt 0.911313 0.535773
vt 0.912424 0.541194
vt 0.908080 0.531379
vt 0.908738 0.527095
vt 0.911810 0.527268
vt 0.911112 0.531465
vt 0.810801 0.605675
vt 0.806951 0.604667
vt 0.807183 0.603290
vt 0.811000 0.604294
vt 0.818615 0.607175
vt 0.814670 0.606642
vt 0.814832 0.605258
vt 0.818737 0.605785
vt 0.814900 0.604070
vt 0.818807 0.604592
vt 0.807245 0.602085
vt 0.811068 0.603095
vt 0.807219 0.600820
vt 0.811070 0.601841
vt 0.814926 0.602833
vt 0.818858 0.603352
vt 0.814917 0.601555
vt 0.818892 0.602074
vt 0.807118 0.599504
vt 0.811016 0.600542
vt 0.806955 0.598157
vt 0.810917 0.599211
vt 0.814879 0.600247
vt 0.818912 0.600769
vt 0.814817 0.598801
vt 0.818924 0.599326
vt 0.806734 0.596678
vt 0.810776 0.597745
vt 0.806401 0.594526
vt 0.810559 0.595574
vt 0.814713 0.596616
vt 0.818937 0.597136
vt 0.909613 0.561186
vt 0.908099 0.555660
vt 0.911148 0.555660
vt 0.912335 0.561358
vt 0.907714 0.551172
vt 0.908128 0.546712
vt 0.911170 0.546797
vt 0.910741 0.551217
vt 0.826557 0.607611
vt 0.822576 0.607611
vt 0.822655 0.606225
vt 0.826599 0.606219
vt 0.834495 0.607097
vt 0.830533 0.607574
vt 0.830539 0.606181
vt 0.834459 0.605698
vt 0.830612 0.604993
vt 0.834533 0.604495
vt 0.822724 0.605043
vt 0.826669 0.605029
vt 0.822796 0.603817
vt 0.826763 0.603796
vt 0.830730 0.603762
vt 0.834678 0.603244
vt 0.830889 0.602494
vt 0.834883 0.601954
vt 0.822871 0.602554
vt 0.826879 0.602527
vt 0.822947 0.601265
vt 0.827012 0.601233
vt 0.831079 0.601200
vt 0.835136 0.600638
vt 0.831311 0.599772
vt 0.835448 0.599196
vt 0.823031 0.599836
vt 0.827170 0.599803
vt 0.823160 0.597650
vt 0.827414 0.597631
vt 0.831671 0.597617
vt 0.835919 0.597067
vt 0.909726 0.581303
vt 0.908187 0.575759
vt 0.911254 0.575867
vt 0.912429 0.581597
vt 0.907761 0.571255
vt 0.908122 0.566749
vt 0.911117 0.566896
vt 0.910782 0.571372
vt 0.842300 0.605530
vt 0.838437 0.606523
vt 0.838364 0.605128
vt 0.842188 0.604135
vt 0.849847 0.603064
vt 0.846141 0.604486
vt 0.845995 0.603092
vt 0.849627 0.601683
vt 0.846078 0.601869
vt 0.849656 0.600466
vt 0.838444 0.603924
vt 0.842267 0.602920
vt 0.838619 0.602670
vt 0.842464 0.601649
vt 0.846300 0.600584
vt 0.849831 0.599189
vt 0.846644 0.599259
vt 0.850135 0.597875
vt 0.838874 0.601374
vt 0.842761 0.600335
vt 0.839193 0.600050
vt 0.843138 0.598991
vt 0.847082 0.597903
vt 0.850542 0.596538
vt 0.847621 0.596437
vt 0.851061 0.595107
vt 0.839584 0.598601
vt 0.843603 0.597531
vt 0.840167 0.596505
vt 0.844279 0.595474
vt 0.848392 0.594433
vt 0.851848 0.593187
vt 0.909758 0.601402
vt 0.908243 0.595889
vt 0.911286 0.595950
vt 0.912461 0.601547
vt 0.907836 0.591402
vt 0.908184 0.586907
vt 0.911166 0.587128
vt 0.910843 0.591531
vt 0.856983 0.599677
vt 0.853512 0.601541
vt 0.853222 0.600184
vt 0.856563 0.598377
vt 0.863608 0.595410
vt 0.860408 0.597715
vt 0.859861 0.596481
vt 0.862894 0.594283
vt 0.859564 0.595425
vt 0.862401 0.593350
vt 0.853205 0.598987
vt 0.856403 0.597244
vt 0.853341 0.597735
vt 0.856375 0.596074
vt 0.859378 0.594350
vt 0.861984 0.592427
vt 0.859299 0.593275
vt 0.861647 0.591529
vt 0.853611 0.596446
vt 0.856468 0.594887
vt 0.853987 0.595136
vt 0.856662 0.593698
vt 0.859313 0.592218
vt 0.861384 0.590668
vt 0.859451 0.591127
vt 0.861203 0.589827
vt 0.854495 0.593760
vt 0.856977 0.592453
vt 0.855311 0.591949
vt 0.857652 0.590813
vt 0.860001 0.589685
vt 0.861259 0.588900
vt 0.909851 0.621438
vt 0.908312 0.615902
vt 0.911292 0.615729
vt 0.912550 0.621161
vt 0.907905 0.611429
vt 0.908274 0.606952
vt 0.911266 0.606975
vt 0.910907 0.611362
vt 0.869499 0.590170
vt 0.866706 0.592956
vt 0.865830 0.591953
vt 0.868480 0.589314
vt 0.874541 0.584117
vt 0.872179 0.587281
vt 0.871029 0.586581
vt 0.873299 0.583548
vt 0.870031 0.586150
vt 0.872194 0.583256
vt 0.865157 0.591166
vt 0.867635 0.588697
vt 0.864528 0.590419
vt 0.866799 0.588151
vt 0.869006 0.585826
vt 0.871039 0.583091
vt 0.867975 0.585606
vt 0.869856 0.583045
vt 0.863952 0.589723
vt 0.865986 0.587683
vt 0.863431 0.589083
vt 0.865206 0.587291
vt 0.866952 0.585477
vt 0.868667 0.583103
vt 0.865862 0.585482
vt 0.867389 0.583292
vt 0.862948 0.588511
vt 0.864416 0.587003
vt 0.862520 0.588113
vt 0.863393 0.587032
vt 0.864254 0.585946
vt 0.865546 0.583868
vt 0.909986 0.641594
vt 0.908399 0.635991
vt 0.911384 0.635749
vt 0.912694 0.641310
vt 0.908014 0.631483
vt 0.908385 0.626977
vt 0.911445 0.626816
vt 0.911026 0.631297
vt 0.878699 0.577410
vt 0.876778 0.580877
vt 0.875460 0.580444
vt 0.877352 0.577043
vt 0.882062 0.570219
vt 0.880556 0.573907
vt 0.879182 0.573611
vt 0.880681 0.569957
vt 0.877948 0.573573
vt 0.879451 0.569912
vt 0.874269 0.580302
vt 0.876137 0.576951
vt 0.873006 0.580310
vt 0.874846 0.577004
vt 0.876633 0.573673
vt 0.878148 0.569982
vt 0.875255 0.573893
vt 0.876789 0.570154
vt 0.871697 0.580457
vt 0.873498 0.577185
vt 0.870356 0.580711
vt 0.872111 0.577468
vt 0.873830 0.574206
vt 0.875395 0.570408
vt 0.872276 0.574628
vt 0.873845 0.570747
vt 0.868897 0.581090
vt 0.870594 0.577862
vt 0.866841 0.581792
vt 0.868424 0.578536
vt 0.870004 0.575278
vt 0.871502 0.571278
vt 0.910003 0.661754
vt 0.908484 0.656181
vt 0.911487 0.656079
vt 0.912730 0.661636
vt 0.908093 0.651668
vt 0.908486 0.647157
vt 0.911546 0.647082
vt 0.911116 0.651584
vt 0.884485 0.562636
vt 0.883478 0.566487
vt 0.882096 0.566267
vt 0.883101 0.562445
vt 0.885984 0.554818
vt 0.885451 0.558765
vt 0.884065 0.558609
vt 0.884592 0.554700
vt 0.882873 0.558550
vt 0.883395 0.554634
vt 0.880885 0.566223
vt 0.881896 0.562392
vt 0.879609 0.566273
vt 0.880635 0.562407
vt 0.881629 0.558536
vt 0.882150 0.554589
vt 0.880343 0.558560
vt 0.880865 0.554562
vt 0.878281 0.566402
vt 0.879326 0.562483
vt 0.876921 0.566598
vt 0.877982 0.562606
vt 0.879025 0.558614
vt 0.879551 0.554550
vt 0.877533 0.558699
vt 0.878063 0.554548
vt 0.875396 0.566861
vt 0.876470 0.562779
vt 0.873004 0.567282
vt 0.874048 0.563061
vt 0.875086 0.558844
vt 0.875609 0.554547
vt 0.910054 0.681884
vt 0.908535 0.676336
vt 0.911584 0.676332
vt 0.912776 0.682064
vt 0.908135 0.671821
vt 0.908512 0.667305
vt 0.911550 0.667356
vt 0.911159 0.671846
vt 0.886419 0.546873
vt 0.886419 0.550856
vt 0.885033 0.550777
vt 0.885026 0.546828
vt 0.885907 0.538933
vt 0.886383 0.542896
vt 0.884989 0.542883
vt 0.884506 0.538959
vt 0.883798 0.542801
vt 0.883299 0.538871
vt 0.883848 0.550708
vt 0.883834 0.546754
vt 0.882617 0.550635
vt 0.882596 0.546652
vt 0.882562 0.542669
vt 0.882042 0.538707
vt 0.881288 0.542495
vt 0.880745 0.538480
vt 0.881348 0.550560
vt 0.881321 0.546528
vt 0.880051 0.550483
vt 0.880019 0.546386
vt 0.879986 0.542287
vt 0.879420 0.538201
vt 0.878514 0.542029
vt 0.877937 0.537852
vt 0.878578 0.550396
vt 0.878545 0.546214
vt 0.876125 0.550252
vt 0.876114 0.545926
vt 0.876107 0.541597
vt 0.875565 0.537287
vt 0.910137 0.702032
vt 0.908610 0.696483
vt 0.911678 0.696606
vt 0.912838 0.702342
vt 0.908192 0.691974
vt 0.908559 0.687460
vt 0.911552 0.687618
vt 0.911213 0.692103
vt 0.884344 0.531125
vt 0.885335 0.534989
vt 0.883936 0.535050
vt 0.882945 0.531222
vt 0.881886 0.523577
vt 0.883302 0.527283
vt 0.881903 0.527412
vt 0.880502 0.523783
vt 0.880673 0.527305
vt 0.879279 0.523734
vt 0.882728 0.534951
vt 0.881725 0.531122
vt 0.881467 0.534751
vt 0.880446 0.530897
vt 0.879380 0.527051
vt 0.877997 0.523533
vt 0.878045 0.526668
vt 0.876678 0.523197
vt 0.880162 0.534466
vt 0.879122 0.530565
vt 0.878827 0.534114
vt 0.877767 0.530149
vt 0.876676 0.526186
vt 0.875334 0.522753
vt 0.875173 0.525588
vt 0.873874 0.522182
vt 0.877337 0.533675
vt 0.876267 0.529631
vt 0.875017 0.532975
vt 0.874004 0.528828
vt 0.872983 0.524680
vt 0.871788 0.521265
vt 0.910122 0.722126
vt 0.908620 0.716612
vt 0.911661 0.716674
vt 0.912825 0.722265
vt 0.908224 0.712126
vt 0.908582 0.707633
vt 0.911563 0.707867
vt 0.911231 0.712262
vt 0.878514 0.516442
vt 0.880368 0.519912
vt 0.879009 0.520191
vt 0.877215 0.516861
vt 0.874245 0.509821
vt 0.876554 0.513019
vt 0.875329 0.513574
vt 0.873131 0.510552
vt 0.874287 0.513885
vt 0.872219 0.511067
vt 0.877809 0.520193
vt 0.876087 0.517020
vt 0.876555 0.520036
vt 0.874925 0.517045
vt 0.873231 0.514087
vt 0.871322 0.511512
vt 0.872181 0.514185
vt 0.870458 0.511883
vt 0.875265 0.519741
vt 0.873750 0.516949
vt 0.873954 0.519336
vt 0.872575 0.516751
vt 0.871153 0.514190
vt 0.869635 0.512183
vt 0.870078 0.514054
vt 0.868814 0.512378
vt 0.872561 0.518782
vt 0.871327 0.516414
vt 0.870608 0.517840
vt 0.869566 0.515626
vt 0.868535 0.513404
vt 0.867797 0.512233
vt 0.866544 0.511359
vt 0.867191 0.512591
vt 0.865852 0.511769
vt 0.865295 0.510484
vt 0.868127 0.514822
vt 0.869061 0.517058
vt 0.867520 0.516271
vt 0.866683 0.514021
vt 0.864321 0.512868
vt 0.865060 0.515195
vt 0.862607 0.514113
vt 0.861958 0.511715
vt 0.863058 0.509178
vt 0.863582 0.510543
vt 0.861323 0.509305
vt 0.860837 0.507852
vt 0.894179 0.722126
vt 0.894843 0.717981
vt 0.896747 0.717568
vt 0.895841 0.722130
vt 0.892628 0.712040
vt 0.894937 0.706142
vt 0.896818 0.706568
vt 0.894540 0.712059
vt 0.896004 0.782493
vt 0.896894 0.777922
vt 0.897918 0.779193
vt 0.897906 0.782485
vt 0.894200 0.742260
vt 0.894906 0.738140
vt 0.896776 0.737693
vt 0.895893 0.742265
vt 0.892610 0.732212
vt 0.894840 0.726273
vt 0.896742 0.726692
vt 0.894522 0.732200
vt 0.896609 0.657214
vt 0.907827 0.657958
vt 0.897634 0.658484
vt 0.894263 0.762325
vt 0.895060 0.758257
vt 0.896939 0.757823
vt 0.895955 0.762349
vt 0.892720 0.752371
vt 0.894910 0.746420
vt 0.896818 0.746821
vt 0.894632 0.752342
vt 0.908182 0.846626
vt 0.908501 0.842864
vt 0.857496 0.506291
vt 0.857930 0.507826
vt 0.854538 0.506346
vt 0.854154 0.504733
vt 0.858478 0.510334
vt 0.859033 0.512836
vt 0.855468 0.511549
vt 0.854999 0.508952
vt 0.850804 0.507652
vt 0.851180 0.510336
vt 0.846890 0.509124
vt 0.846610 0.506351
vt 0.850119 0.503287
vt 0.850433 0.504962
vt 0.846334 0.503571
vt 0.846091 0.501833
vt 0.894311 0.782476
vt 0.895023 0.778365
vt 0.892714 0.772444
vt 0.894946 0.766503
vt 0.896851 0.766920
vt 0.894626 0.772429
vt 0.907895 0.685686
vt 0.908205 0.681895
vt 0.841850 0.500822
vt 0.842010 0.502594
vt 0.837686 0.501618
vt 0.837610 0.499815
vt 0.842179 0.505424
vt 0.842350 0.508251
vt 0.837809 0.507380
vt 0.837747 0.504499
vt 0.833226 0.504010
vt 0.833171 0.506904
vt 0.828533 0.506429
vt 0.828704 0.503523
vt 0.833296 0.499304
vt 0.833281 0.501116
vt 0.828875 0.500617
vt 0.828982 0.498797
vt 0.894356 0.802634
vt 0.895029 0.798474
vt 0.896932 0.798051
vt 0.896049 0.802613
vt 0.892761 0.792560
vt 0.895002 0.786634
vt 0.896907 0.787051
vt 0.894673 0.792556
vt 0.896170 0.923441
vt 0.897025 0.918827
vt 0.898058 0.920095
vt 0.898070 0.923416
vt 0.824639 0.498795
vt 0.824442 0.500595
vt 0.820008 0.500575
vt 0.820295 0.498791
vt 0.824157 0.503476
vt 0.823871 0.506356
vt 0.819210 0.506284
vt 0.819609 0.503431
vt 0.815099 0.503829
vt 0.814598 0.506617
vt 0.809987 0.506951
vt 0.810590 0.504229
vt 0.815967 0.499298
vt 0.815600 0.501038
vt 0.811191 0.501501
vt 0.811637 0.499806
vt 0.894383 0.822778
vt 0.895053 0.818600
vt 0.896956 0.818179
vt 0.896075 0.822751
vt 0.892801 0.812670
vt 0.895084 0.806741
vt 0.896957 0.807179
vt 0.894713 0.812679
vt 0.897828 0.745538
vt 0.908026 0.745934
vt 0.807463 0.500769
vt 0.806955 0.502396
vt 0.802718 0.503294
vt 0.803288 0.501737
vt 0.806272 0.505030
vt 0.805584 0.507650
vt 0.801184 0.508352
vt 0.801956 0.505831
vt 0.798337 0.506792
vt 0.797491 0.509210
vt 0.793792 0.510060
vt 0.794713 0.507748
vt 0.799793 0.502903
vt 0.799177 0.504367
vt 0.795632 0.505435
vt 0.796286 0.504050
vt 0.894375 0.842839
vt 0.895074 0.838677
vt 0.896981 0.838269
vt 0.896068 0.842826
vt 0.892873 0.832733
vt 0.895193 0.826841
vt 0.897073 0.827271
vt 0.894784 0.832756
vt 0.895401 0.581351
vt 0.896268 0.576773
vt 0.897294 0.578044
vt 0.897274 0.581338
vt 0.793917 0.505096
vt 0.793238 0.506393
vt 0.790845 0.507352
vt 0.791551 0.506143
vt 0.792237 0.508623
vt 0.791231 0.510849
vt 0.788666 0.511631
vt 0.789758 0.509493
vt 0.788239 0.510127
vt 0.787037 0.512226
vt 0.790206 0.506863
vt 0.789417 0.508009
vt 0.894380 0.862952
vt 0.895094 0.858833
vt 0.896966 0.858391
vt 0.896073 0.862961
vt 0.892815 0.852894
vt 0.895093 0.846956
vt 0.896966 0.847394
vt 0.894727 0.852893
vt 0.908112 0.778672
vt 0.894395 0.883017
vt 0.895203 0.878951
vt 0.897083 0.878521
vt 0.896088 0.883044
vt 0.892877 0.873059
vt 0.895080 0.867114
vt 0.896987 0.867519
vt 0.894789 0.873034
vt 0.908278 0.919442
vt 0.789974 0.514308
vt 0.788710 0.517761
vt 0.785905 0.518358
vt 0.787286 0.514995
vt 0.787486 0.522029
vt 0.786262 0.526296
vt 0.783246 0.526681
vt 0.784578 0.522522
vt 0.782671 0.522932
vt 0.781253 0.527009
vt 0.785557 0.515536
vt 0.784078 0.518848
vt 0.894394 0.903183
vt 0.895116 0.899066
vt 0.896987 0.898627
vt 0.896087 0.903202
vt 0.892821 0.893135
vt 0.895068 0.887198
vt 0.896972 0.887619
vt 0.894734 0.893125
vt 0.897838 0.705292
vt 0.907926 0.705854
vt 0.785377 0.530861
vt 0.784493 0.535428
vt 0.781349 0.535543
vt 0.782297 0.531112
vt 0.784011 0.540113
vt 0.783531 0.544798
vt 0.780356 0.544611
vt 0.780852 0.540077
vt 0.778756 0.540073
vt 0.778250 0.544487
vt 0.780257 0.531334
vt 0.779265 0.535658
vt 0.894476 0.923477
vt 0.895124 0.919256
vt 0.892848 0.913309
vt 0.895083 0.907358
vt 0.896985 0.907774
vt 0.894760 0.913308
vt 0.908128 0.786247
vt 0.908439 0.782462
vt 0.783458 0.549507
vt 0.783386 0.554217
vt 0.780277 0.553733
vt 0.780315 0.549172
vt 0.783728 0.558855
vt 0.784071 0.563493
vt 0.781121 0.562756
vt 0.780699 0.558245
vt 0.778700 0.557785
vt 0.779180 0.562197
vt 0.778234 0.548930
vt 0.778218 0.553374
vt 0.895328 0.944262
vt 0.895718 0.939817
vt 0.897591 0.939304
vt 0.897018 0.944108
vt 0.893224 0.933811
vt 0.895289 0.927681
vt 0.897165 0.928063
vt 0.895135 0.933767
vt 0.907533 0.577529
vt 0.784786 0.567875
vt 0.785501 0.572255
vt 0.782788 0.571332
vt 0.781954 0.567044
vt 0.786351 0.575833
vt 0.787191 0.579419
vt 0.784731 0.578343
vt 0.783761 0.574836
vt 0.782115 0.574091
vt 0.783189 0.577556
vt 0.780102 0.566415
vt 0.781028 0.570634
vt 0.899583 0.965931
vt 0.898949 0.961117
vt 0.900686 0.960285
vt 0.901190 0.965379
vt 0.895496 0.955246
vt 0.896626 0.948620
vt 0.898527 0.948752
vt 0.897382 0.954935
vt 0.907710 0.625212
vt 0.908003 0.621446
vt 0.787930 0.581746
vt 0.788669 0.584071
vt 0.786398 0.582845
vt 0.785567 0.580592
vt 0.789193 0.585436
vt 0.786956 0.584129
vt 0.785707 0.583254
vt 0.784124 0.579792
vt 0.785060 0.582023
vt 0.899455 0.498296
vt 0.902233 0.494083
vt 0.904011 0.494573
vt 0.901054 0.498896
vt 0.903089 0.976792
vt 0.902198 0.970218
vt 0.903997 0.969788
vt 0.905000 0.976452
vt 0.897996 0.839548
vt 0.897972 0.842833
vt 0.894669 0.520002
vt 0.896041 0.515623
vt 0.897944 0.515532
vt 0.896358 0.520179
vt 0.895067 0.508936
vt 0.898677 0.503123
vt 0.900390 0.503998
vt 0.896945 0.509293
vt 0.904346 0.496311
vt 0.902829 0.499583
vt 0.801447 0.586961
vt 0.801818 0.589651
vt 0.797713 0.588268
vt 0.797252 0.585662
vt 0.802132 0.591327
vt 0.798097 0.589881
vt 0.794755 0.588322
vt 0.791414 0.586762
vt 0.793773 0.584280
vt 0.794321 0.586788
vt 0.790928 0.585309
vt 0.790293 0.582899
vt 0.893677 0.540877
vt 0.894503 0.536656
vt 0.896379 0.536285
vt 0.895371 0.540918
vt 0.892471 0.530495
vt 0.895010 0.524482
vt 0.896877 0.525012
vt 0.894383 0.530550
vt 0.897994 0.886344
vt 0.908235 0.886830
vt 0.819025 0.590603
vt 0.818970 0.593498
vt 0.814565 0.592996
vt 0.814503 0.590115
vt 0.818955 0.595310
vt 0.814640 0.594799
vt 0.810401 0.593792
vt 0.806160 0.592781
vt 0.810072 0.589190
vt 0.810241 0.592020
vt 0.805917 0.591043
vt 0.805641 0.588263
vt 0.893627 0.561209
vt 0.894305 0.557026
vt 0.896207 0.556607
vt 0.895321 0.561186
vt 0.892059 0.551072
vt 0.894326 0.545112
vt 0.896225 0.545541
vt 0.893971 0.551070
vt 0.897259 0.544272
vt 0.907485 0.544949
vt 0.837152 0.590785
vt 0.836651 0.593575
vt 0.832243 0.594038
vt 0.832642 0.591183
vt 0.836284 0.595316
vt 0.831956 0.595823
vt 0.827611 0.595819
vt 0.823268 0.595817
vt 0.828094 0.591138
vt 0.827809 0.594019
vt 0.823376 0.593997
vt 0.823547 0.591091
vt 0.893709 0.581385
vt 0.894365 0.577200
vt 0.892097 0.571271
vt 0.894364 0.565328
vt 0.896237 0.565761
vt 0.894009 0.571273
vt 0.908192 0.839106
vt 0.853914 0.587822
vt 0.853074 0.590247
vt 0.849533 0.591320
vt 0.850295 0.588783
vt 0.852458 0.591710
vt 0.848963 0.592877
vt 0.844788 0.593844
vt 0.840613 0.594807
vt 0.845978 0.589584
vt 0.845296 0.592218
vt 0.841060 0.593113
vt 0.841661 0.590384
vt 0.893784 0.601453
vt 0.894465 0.597287
vt 0.896370 0.596871
vt 0.895477 0.601432
vt 0.892239 0.591350
vt 0.894534 0.585447
vt 0.896416 0.585869
vt 0.894150 0.591366
vt 0.896680 0.686472
vt 0.897700 0.685198
vt 0.864012 0.584487
vt 0.862834 0.586605
vt 0.861406 0.587262
vt 0.862493 0.585120
vt 0.862045 0.587750
vt 0.860700 0.588471
vt 0.858334 0.589518
vt 0.855965 0.590564
vt 0.860014 0.585991
vt 0.859013 0.588220
vt 0.856619 0.589179
vt 0.857538 0.586866
vt 0.893877 0.621564
vt 0.894574 0.617443
vt 0.896444 0.616993
vt 0.895570 0.621565
vt 0.892268 0.611515
vt 0.894520 0.605567
vt 0.896395 0.605996
vt 0.894180 0.611504
vt 0.907456 0.564979
vt 0.907765 0.561198
vt 0.893969 0.641622
vt 0.894762 0.637556
vt 0.896640 0.637119
vt 0.895661 0.641644
vt 0.892414 0.631674
vt 0.894594 0.625722
vt 0.896503 0.626119
vt 0.894325 0.631642
vt 0.913801 0.500446
vt 0.869580 0.571681
vt 0.868173 0.575766
vt 0.866346 0.576255
vt 0.867673 0.572092
vt 0.866694 0.579077
vt 0.865214 0.582388
vt 0.863585 0.582983
vt 0.864965 0.579619
vt 0.862277 0.580306
vt 0.861020 0.583765
vt 0.858459 0.584554
vt 0.859597 0.581001
vt 0.864764 0.572585
vt 0.863541 0.576852
vt 0.860748 0.577459
vt 0.861862 0.573084
vt 0.894028 0.661768
vt 0.894739 0.657658
vt 0.895721 0.661785
vt 0.892426 0.651739
vt 0.894655 0.645799
vt 0.896560 0.646213
vt 0.894339 0.651723
vt 0.897762 0.725416
vt 0.907962 0.725898
vt 0.873495 0.554541
vt 0.872986 0.558955
vt 0.870902 0.559071
vt 0.871399 0.554537
vt 0.871994 0.563280
vt 0.870998 0.567605
vt 0.869005 0.567932
vt 0.869954 0.563501
vt 0.866874 0.563753
vt 0.865989 0.568318
vt 0.862976 0.568706
vt 0.863796 0.564004
vt 0.868240 0.554501
vt 0.867758 0.559186
vt 0.864614 0.559301
vt 0.865080 0.554465
vt 0.894077 0.681928
vt 0.894749 0.677767
vt 0.896652 0.677343
vt 0.895770 0.681906
vt 0.892479 0.671852
vt 0.894720 0.665926
vt 0.896624 0.666343
vt 0.894391 0.671848
vt 0.898001 0.866238
vt 0.908198 0.866657
vt 0.873551 0.536829
vt 0.874033 0.541239
vt 0.871974 0.540880
vt 0.871552 0.536369
vt 0.874017 0.545684
vt 0.874001 0.550127
vt 0.871895 0.550003
vt 0.871936 0.545442
vt 0.868793 0.545106
vt 0.868720 0.549816
vt 0.865545 0.549629
vt 0.865651 0.544771
vt 0.868523 0.535758
vt 0.868865 0.540397
vt 0.865755 0.539914
vt 0.865495 0.535147
vt 0.894121 0.702078
vt 0.894786 0.697898
vt 0.896689 0.697475
vt 0.895813 0.702049
vt 0.892529 0.691969
vt 0.894808 0.686036
vt 0.894441 0.691976
vt 0.911418 0.506815
vt 0.912823 0.503697
vt 0.870136 0.520523
vt 0.871223 0.523980
vt 0.869463 0.523281
vt 0.868490 0.519777
vt 0.872149 0.528199
vt 0.873071 0.532417
vt 0.871130 0.531858
vt 0.870297 0.527569
vt 0.867465 0.526739
vt 0.868180 0.531120
vt 0.865233 0.530381
vt 0.864641 0.525904
vt 0.865900 0.518780
vt 0.866750 0.522359
vt 0.864048 0.521427
vt 0.863322 0.517774
vt 0.897744 0.722130
vt 0.897763 0.718845
vt 0.907958 0.718382
vt 0.908274 0.722137
vt 0.897796 0.742252
vt 0.897802 0.738962
vt 0.907994 0.738401
vt 0.908326 0.742167
vt 0.897828 0.762349
vt 0.897965 0.759095
vt 0.908051 0.758493
vt 0.908458 0.762333
vt 0.897950 0.802612
vt 0.897957 0.799322
vt 0.908156 0.798820
vt 0.908483 0.802607
vt 0.897948 0.822745
vt 0.897978 0.819452
vt 0.908218 0.818966
vt 0.908576 0.822736
vt 0.897976 0.862952
vt 0.897989 0.859663
vt 0.908184 0.859128
vt 0.908507 0.862893
vt 0.897961 0.883049
vt 0.898106 0.879795
vt 0.908193 0.879215
vt 0.908591 0.883055
vt 0.897988 0.903198
vt 0.898009 0.899901
vt 0.908207 0.899385
vt 0.908528 0.903170
vt 0.908643 0.923179
vt 0.898900 0.943936
vt 0.898696 0.940532
vt 0.908932 0.939126
vt 0.909554 0.942693
vt 0.902986 0.964751
vt 0.902035 0.961315
vt 0.911778 0.957754
vt 0.913083 0.960916
vt 0.898240 0.520376
vt 0.898777 0.517025
vt 0.908961 0.518138
vt 0.908883 0.521788
vt 0.897271 0.540946
vt 0.897372 0.537614
vt 0.907608 0.537491
vt 0.907851 0.541223
vt 0.897222 0.561184
vt 0.897232 0.557887
vt 0.907438 0.557424
vt 0.907904 0.581295
vt 0.897381 0.601431
vt 0.897390 0.598146
vt 0.907585 0.597660
vt 0.907910 0.601416
vt 0.897473 0.621549
vt 0.897472 0.618260
vt 0.907664 0.617682
vt 0.897534 0.641642
vt 0.897668 0.638389
vt 0.907752 0.637773
vt 0.908163 0.641614
vt 0.897622 0.661777
vt 0.908156 0.661749
vt 0.897672 0.681904
vt 0.897677 0.678614
vt 0.907876 0.678108
vt 0.897686 0.702041
vt 0.897713 0.698748
vt 0.907952 0.698252
vt 0.908315 0.702020
vt 0.897255 0.564484
vt 0.898008 0.906494
vt 0.908213 0.906947
vt 0.897869 0.765644
vt 0.908111 0.766109
vt 0.913954 0.964199
vt 0.897433 0.584590
vt 0.907523 0.585130
vt 0.898162 0.926742
vt 0.908392 0.926920
vt 0.897927 0.785776
vt 0.907608 0.605179
vt 0.907845 0.665535
vt 0.908181 0.826572
vt 0.897410 0.604718
vt 0.899385 0.947280
vt 0.909577 0.946353
vt 0.897977 0.805904
vt 0.908171 0.806398
vt 0.908220 0.525337
vt 0.897511 0.624834
vt 0.904387 0.968061
vt 0.898095 0.825996
vt 0.897578 0.644937
vt 0.907820 0.645391
vt 0.901772 0.503001
vt 0.897986 0.846120
vt 0.897645 0.665067
vt 0.897997 0.523793
vt 0.905254 0.487948
vt 0.916361 0.495678
vt 0.903358 0.487539
vt 0.919107 0.496643
s 1
usemtl Cerveza
f 413/1/1 417/2/2 7/3/3 9/4/4
f 417/2/2 421/5/5 5/6/6 7/3/3
f 421/5/5 425/7/7 3/8/8 5/6/6
f 425/7/7 429/9/9 1/10/10 3/8/8
f 353/11/11 357/12/12 37/13/13 39/14/14
f 361/15/15 365/16/16 33/17/17 35/18/18
f 369/19/19 373/20/20 29/21/21 31/22/22
f 377/23/23 381/24/24 25/25/25 27/26/26
f 381/24/24 385/27/27 23/28/28 25/25/25
f 385/27/27 389/29/29 21/30/30 23/28/28
f 429/9/9 337/31/31 47/32/32 1/10/10
f 389/29/29 393/33/33 19/34/34 21/30/30
f 393/33/33 397/35/35 17/36/36 19/34/34
f 397/35/35 401/37/37 15/38/38 17/36/36
f 401/37/37 405/39/39 13/40/40 15/38/38
f 3/8/8 1/10/10 433/41/41 434/42/42
f 33/17/17 31/43/22 448/44/43 449/45/44
f 409/46/45 413/1/1 9/4/4 11/47/46
f 337/31/31 341/48/47 45/49/48 47/32/32
f 341/48/47 345/50/49 43/51/50 45/49/48
f 345/50/49 349/52/51 41/53/52 43/51/50
f 349/52/51 353/11/11 39/14/14 41/53/52
f 555/54/53 545/55/54 65/56/55 66/57/56
f 357/12/12 361/15/15 35/18/18 37/13/13
f 365/16/16 369/58/19 31/43/22 33/17/17
f 373/20/20 377/23/23 27/26/26 29/21/21
f 290/59/57 289/60/58 88/61/59 89/62/60
f 556/63/61 546/64/62 70/65/63 71/66/64
f 557/67/65 547/68/66 53/69/67 54/70/68
f 558/71/69 548/72/70 58/73/71 59/74/72
f 559/75/73 549/76/74 63/77/75 64/78/76
f 560/79/77 550/80/78 68/81/79 69/82/80
f 561/83/81 551/84/82 51/85/83 52/86/84
f 562/87/85 552/88/86 56/89/87 57/90/88
f 563/91/89 553/92/90 49/93/91 50/94/92
f 564/95/93 554/96/94 61/97/95 62/98/96
f 565/99/97 555/54/53 66/57/56 67/100/98
f 566/101/99 556/63/61 71/66/64 72/102/100
f 567/103/101 557/67/65 54/70/68 55/104/102
f 568/105/103 558/71/69 59/74/72 60/106/104
f 545/55/54 559/75/73 64/78/76 65/56/55
f 546/64/62 560/79/77 69/82/80 70/65/63
f 547/68/66 561/83/81 52/86/84 53/69/67
f 548/72/70 562/107/85 57/108/88 58/73/71
f 549/76/74 564/95/93 62/98/96 63/77/75
f 550/80/78 565/99/97 67/100/98 68/81/79
f 553/92/90 566/101/99 72/102/100 49/93/91
f 551/84/82 563/91/89 50/94/92 51/85/83
f 552/88/86 567/103/101 55/104/102 56/89/87
f 554/96/94 568/105/103 60/106/104 61/97/95
f 78/109/105 77/110/106 101/111/107 102/112/108
f 292/113/109 291/114/110 81/115/111 82/116/112
f 294/117/113 293/118/114 96/119/115 73/120/116
f 296/121/117 295/122/118 74/123/119 75/124/120
f 297/125/121 290/59/57 89/62/60 90/126/122
f 298/127/123 292/113/109 82/116/112 83/128/124
f 299/129/125 296/121/117 75/124/120 76/130/126
f 300/131/127 297/125/121 90/126/122 91/132/128
f 301/133/129 298/127/123 83/128/124 84/134/130
f 302/135/131 299/129/125 76/130/126 77/136/106
f 303/137/132 300/131/127 91/132/128 92/138/133
f 304/139/134 301/133/129 84/134/130 85/140/135
f 305/141/136 302/135/131 77/136/106 78/142/105
f 306/143/137 303/137/132 92/138/133 93/144/138
f 307/145/139 304/139/134 85/140/135 86/146/140
f 308/147/141 305/141/136 78/142/105 79/148/142
f 309/149/143 306/143/137 93/144/138 94/150/144
f 310/151/145 307/145/139 86/146/140 87/152/146
f 311/153/147 308/147/141 79/148/142 80/154/148
f 312/155/149 309/149/143 94/150/144 95/156/150
f 289/60/58 310/151/145 87/152/146 88/61/59
f 291/157/110 311/153/147 80/154/148 81/158/111
f 293/118/114 312/155/149 95/156/150 96/119/115
f 295/122/118 294/117/113 73/120/116 74/123/119
f 106/159/151 105/160/152 129/161/153 130/162/154
f 93/163/138 92/164/133 116/165/155 117/166/156
f 86/167/140 85/168/135 109/169/157 110/170/158
f 79/171/142 78/109/105 102/112/108 103/172/159
f 94/173/144 93/163/138 117/166/156 118/174/160
f 87/175/146 86/167/140 110/170/158 111/176/161
f 80/177/148 79/171/142 103/172/159 104/178/162
f 95/179/150 94/173/144 118/174/160 119/180/163
f 88/181/59 87/175/146 111/176/161 112/182/164
f 81/183/111 80/177/148 104/178/162 105/184/152
f 96/185/115 95/179/150 119/180/163 120/186/165
f 74/187/119 73/188/116 97/189/166 98/190/167
f 89/191/60 88/181/59 112/182/164 113/192/168
f 82/193/112 81/194/111 105/195/152 106/196/151
f 73/188/116 96/185/115 120/186/165 97/189/166
f 75/197/120 74/187/119 98/190/167 99/198/169
f 90/199/122 89/191/60 113/192/168 114/200/170
f 83/201/124 82/193/112 106/196/151 107/202/171
f 76/203/126 75/197/120 99/198/169 100/204/172
f 91/205/128 90/199/122 114/200/170 115/206/173
f 84/207/130 83/201/124 107/202/171 108/208/174
f 77/110/106 76/203/126 100/204/172 101/111/107
f 92/164/133 91/205/128 115/206/173 116/165/155
f 85/168/135 84/207/130 108/208/174 109/169/157
f 245/209/175 241/210/176 164/211/177 165/212/178
f 97/213/166 120/214/165 144/215/179 121/216/180
f 99/217/169 98/218/167 122/219/181 123/220/182
f 114/221/170 113/222/168 137/223/183 138/224/184
f 107/225/171 106/159/151 130/162/154 131/226/185
f 100/227/172 99/217/169 123/220/182 124/228/186
f 115/229/173 114/221/170 138/224/184 139/230/187
f 108/231/174 107/225/171 131/226/185 132/232/188
f 101/233/107 100/227/172 124/228/186 125/234/189
f 116/235/155 115/229/173 139/230/187 140/236/190
f 109/237/157 108/231/174 132/232/188 133/238/191
f 102/239/108 101/233/107 125/234/189 126/240/192
f 117/241/156 116/235/155 140/236/190 141/242/193
f 110/243/158 109/237/157 133/238/191 134/244/194
f 103/245/159 102/239/108 126/240/192 127/246/195
f 118/247/160 117/241/156 141/242/193 142/248/196
f 111/249/161 110/243/158 134/244/194 135/250/197
f 104/251/162 103/245/159 127/246/195 128/252/198
f 119/253/163 118/247/160 142/248/196 143/254/199
f 112/255/164 111/249/161 135/250/197 136/256/200
f 105/257/152 104/251/162 128/252/198 129/258/153
f 120/214/165 119/253/163 143/254/199 144/215/179
f 98/218/167 97/213/166 121/216/180 122/219/181
f 113/222/168 112/255/164 136/256/200 137/223/183
f 154/259/201 153/260/202 177/261/203 178/262/204
f 246/263/205 242/264/206 157/265/207 158/266/208
f 247/267/209 243/268/210 150/269/211 151/270/212
f 248/271/213 245/209/175 165/212/178 166/272/214
f 249/273/215 246/263/205 158/266/208 159/274/216
f 250/275/217 247/267/209 151/270/212 152/276/218
f 251/277/219 248/271/213 166/272/214 167/278/220
f 252/279/221 249/273/215 159/274/216 160/280/222
f 253/281/223 250/275/217 152/276/218 153/282/202
f 254/283/224 251/277/219 167/278/220 168/284/225
f 255/285/226 244/286/227 145/287/228 146/288/229
f 256/289/230 252/279/221 160/280/222 161/290/231
f 257/291/232 253/292/223 153/260/202 154/259/201
f 244/286/227 254/283/224 168/284/225 145/287/228
f 258/293/233 255/285/226 146/288/229 147/294/234
f 259/295/235 256/289/230 161/290/231 162/296/236
f 260/297/237 257/291/232 154/259/201 155/298/238
f 261/299/239 258/293/233 147/294/234 148/300/240
f 262/301/241 259/295/235 162/296/236 163/302/242
f 263/303/243 260/297/237 155/298/238 156/304/244
f 264/305/245 261/299/239 148/300/240 149/306/246
f 241/210/176 262/301/241 163/302/242 164/211/177
f 242/264/206 263/303/243 156/304/244 157/265/207
f 243/268/210 264/305/245 149/306/246 150/269/211
f 182/307/247 181/308/248 205/309/249 206/310/250
f 145/287/228 168/284/225 192/311/251 169/312/252
f 147/294/234 146/288/229 170/313/253 171/314/254
f 162/296/236 161/290/231 185/315/255 186/316/256
f 155/298/238 154/259/201 178/262/204 179/317/257
f 148/300/240 147/294/234 171/314/254 172/318/258
f 163/302/242 162/296/236 186/316/256 187/319/259
f 156/304/244 155/298/238 179/317/257 180/320/260
f 149/306/246 148/300/240 172/318/258 173/321/261
f 164/211/177 163/302/242 187/319/259 188/322/262
f 157/265/207 156/304/244 180/320/260 181/323/248
f 150/269/211 149/306/246 173/321/261 174/324/263
f 165/212/178 164/211/177 188/322/262 189/325/264
f 158/266/208 157/265/207 181/323/248 182/326/247
f 151/270/212 150/269/211 174/324/263 175/327/265
f 166/272/214 165/212/178 189/325/264 190/328/266
f 159/274/216 158/266/208 182/326/247 183/329/267
f 152/276/218 151/270/212 175/327/265 176/330/268
f 167/278/220 166/272/214 190/328/266 191/331/269
f 160/280/222 159/274/216 183/329/267 184/332/270
f 153/282/202 152/276/218 176/330/268 177/333/203
f 168/284/225 167/278/220 191/331/269 192/311/251
f 146/288/229 145/287/228 169/312/252 170/313/253
f 161/290/231 160/280/222 184/332/270 185/315/255
f 175/334/265 174/335/263 198/336/271 199/337/272
f 190/338/266 189/339/264 213/340/273 214/341/274
f 183/342/267 182/307/247 206/310/250 207/343/275
f 176/344/268 175/334/265 199/337/272 200/345/276
f 191/346/269 190/338/266 214/341/274 215/347/277
f 184/348/270 183/342/267 207/343/275 208/349/278
f 177/350/203 176/344/268 200/345/276 201/351/279
f 192/352/251 191/346/269 215/347/277 216/353/280
f 170/354/253 169/355/252 193/356/281 194/357/282
f 185/358/255 184/348/270 208/349/278 209/359/283
f 178/360/204 177/361/203 201/362/279 202/363/284
f 169/355/252 192/352/251 216/353/280 193/356/281
f 171/364/254 170/354/253 194/357/282 195/365/285
f 186/366/256 185/358/255 209/359/283 210/367/286
f 179/368/257 178/360/204 202/363/284 203/369/287
f 172/370/258 171/364/254 195/365/285 196/371/288
f 187/372/259 186/366/256 210/367/286 211/373/289
f 180/374/260 179/368/257 203/369/287 204/375/290
f 173/376/261 172/370/258 196/371/288 197/377/291
f 188/378/262 187/372/259 211/373/289 212/379/292
f 181/308/248 180/374/260 204/375/290 205/309/249
f 174/335/263 173/376/261 197/377/291 198/336/271
f 189/339/264 188/378/262 212/379/292 213/340/273
f 287/380/293 284/381/294 240/382/295 221/383/296
f 286/384/297 283/385/298 239/386/299 219/387/300
f 285/388/301 282/389/302 238/390/303 217/391/304
f 284/381/294 281/392/305 237/393/306 240/382/295
f 283/385/298 280/394/307 236/395/308 239/386/299
f 282/389/302 279/396/309 235/397/310 238/390/303
f 281/392/305 278/398/311 234/399/312 237/393/306
f 280/394/307 277/400/313 233/401/314 236/395/308
f 279/396/309 276/402/315 232/403/316 235/397/310
f 278/398/311 275/404/317 231/405/318 234/399/312
f 288/406/319 274/407/320 229/408/321 230/409/322
f 277/400/313 273/410/323 228/411/324 233/401/314
f 276/402/315 272/412/325 227/413/326 232/403/316
f 275/404/317 288/406/319 230/409/322 231/405/318
f 274/407/320 271/414/327 226/415/328 229/408/321
f 273/416/323 270/417/329 225/418/330 228/419/324
f 272/412/325 269/420/331 224/421/332 227/413/326
f 271/414/327 268/422/333 223/423/334 226/415/328
f 270/417/329 267/424/335 222/425/336 225/418/330
f 269/420/331 266/426/337 220/427/338 224/421/332
f 268/422/333 265/428/339 218/429/340 223/423/334
f 267/424/335 287/380/293 221/383/296 222/425/336
f 266/426/337 286/384/297 219/387/300 220/427/338
f 265/428/339 285/388/301 217/391/304 218/429/340
f 221/383/296 240/382/295 264/305/245 243/268/210
f 219/387/300 239/386/299 263/303/243 242/264/206
f 217/391/304 238/390/303 262/301/241 241/210/176
f 240/382/295 237/393/306 261/299/239 264/305/245
f 239/386/299 236/395/308 260/297/237 263/303/243
f 238/390/303 235/397/310 259/295/235 262/301/241
f 237/393/306 234/399/312 258/293/233 261/299/239
f 236/395/308 233/401/314 257/291/232 260/297/237
f 235/397/310 232/403/316 256/289/230 259/295/235
f 234/399/312 231/405/318 255/285/226 258/293/233
f 230/409/322 229/408/321 254/283/224 244/286/227
f 233/401/314 228/411/324 253/292/223 257/291/232
f 232/403/316 227/413/326 252/279/221 256/289/230
f 231/405/318 230/409/322 244/286/227 255/285/226
f 229/408/321 226/415/328 251/277/219 254/283/224
f 228/419/324 225/418/330 250/275/217 253/281/223
f 227/413/326 224/421/332 249/273/215 252/279/221
f 226/415/328 223/423/334 248/271/213 251/277/219
f 225/418/330 222/425/336 247/267/209 250/275/217
f 224/421/332 220/427/338 246/263/205 249/273/215
f 223/423/334 218/429/340 245/209/175 248/271/213
f 222/425/336 221/383/296 243/268/210 247/267/209
f 220/427/338 219/387/300 242/264/206 246/263/205
f 218/429/340 217/391/304 241/210/176 245/209/175
f 141/242/193 140/236/190 285/388/301 265/428/339
f 134/244/194 133/238/191 286/384/297 266/426/337
f 127/246/195 126/240/192 287/380/293 267/424/335
f 142/248/196 141/242/193 265/428/339 268/422/333
f 135/250/197 134/244/194 266/426/337 269/420/331
f 128/252/198 127/246/195 267/424/335 270/417/329
f 143/254/199 142/248/196 268/422/333 271/414/327
f 136/256/200 135/250/197 269/420/331 272/412/325
f 129/258/153 128/252/198 270/417/329 273/416/323
f 144/215/179 143/254/199 271/414/327 274/407/320
f 122/219/181 121/216/180 288/406/319 275/404/317
f 137/223/183 136/256/200 272/412/325 276/402/315
f 130/162/154 129/161/153 273/410/323 277/400/313
f 121/216/180 144/215/179 274/407/320 288/406/319
f 123/220/182 122/219/181 275/404/317 278/398/311
f 138/224/184 137/223/183 276/402/315 279/396/309
f 131/226/185 130/162/154 277/400/313 280/394/307
f 124/228/186 123/220/182 278/398/311 281/392/305
f 139/230/187 138/224/184 279/396/309 282/389/302
f 132/232/188 131/226/185 280/394/307 283/385/298
f 125/234/189 124/228/186 281/392/305 284/381/294
f 140/236/190 139/230/187 282/389/302 285/388/301
f 133/238/191 132/232/188 283/385/298 286/384/297
f 126/240/192 125/234/189 284/381/294 287/380/293
f 50/94/92 49/93/91 294/117/113 295/122/118
f 72/102/100 71/66/64 312/155/149 293/118/114
f 57/90/88 56/89/87 311/153/147 291/157/110
f 64/78/76 63/77/75 310/151/145 289/60/58
f 71/66/64 70/65/63 309/149/143 312/155/149
f 56/89/87 55/104/102 308/147/141 311/153/147
f 63/77/75 62/98/96 307/145/139 310/151/145
f 70/65/63 69/82/80 306/143/137 309/149/143
f 55/104/102 54/70/68 305/141/136 308/147/141
f 62/98/96 61/97/95 304/139/134 307/145/139
f 69/82/80 68/81/79 303/137/132 306/143/137
f 54/70/68 53/69/67 302/135/131 305/141/136
f 61/97/95 60/106/104 301/133/129 304/139/134
f 68/81/79 67/100/98 300/131/127 303/137/132
f 53/69/67 52/86/84 299/129/125 302/135/131
f 60/106/104 59/74/72 298/127/123 301/133/129
f 67/100/98 66/57/56 297/125/121 300/131/127
f 52/86/84 51/85/83 296/121/117 299/129/125
f 59/74/72 58/73/71 292/113/109 298/127/123
f 66/57/56 65/56/55 290/59/57 297/125/121
f 51/85/83 50/94/92 295/122/118 296/121/117
f 49/93/91 72/102/100 293/118/114 294/117/113
f 58/73/71 57/108/88 291/114/110 292/113/109
f 65/56/55 64/78/76 289/60/58 290/59/57
f 26/430/341 24/431/342 336/432/343 331/433/344
f 16/434/345 14/435/346 335/436/347 327/437/348
f 6/438/349 4/439/350 330/440/351 325/441/352
f 2/442/353 48/443/354 334/444/355 329/445/356
f 40/446/357 38/447/358 333/448/359 323/449/360
f 30/450/361 28/451/362 332/452/363 321/453/364
f 20/454/365 18/455/366 328/456/367 319/457/368
f 10/458/369 8/459/370 326/460/371 317/461/372
f 44/462/373 42/463/374 324/464/375 315/465/376
f 34/466/377 32/467/378 322/468/379 313/469/380
f 24/431/342 22/470/381 320/471/382 336/432/343
f 14/435/346 12/472/383 318/473/384 335/436/347
f 48/443/354 46/474/385 316/475/386 334/444/355
f 38/447/358 36/476/387 314/477/388 333/448/359
f 28/451/362 26/430/341 331/433/344 332/452/363
f 4/439/350 2/442/353 329/445/356 330/440/351
f 18/478/366 16/434/345 327/437/348 328/479/367
f 8/459/370 6/438/349 325/441/352 326/460/371
f 42/463/374 40/446/357 323/449/360 324/464/375
f 32/467/378 30/450/361 321/453/364 322/468/379
f 22/470/381 20/454/365 319/457/368 320/471/382
f 12/472/383 10/458/369 317/461/372 318/473/384
f 46/474/385 44/462/373 315/465/376 316/475/386
f 36/476/387 34/466/377 313/469/380 314/477/388
f 338/480/389 342/481/390 344/482/391 340/483/392
f 340/483/392 344/482/391 343/484/393 339/485/394
f 339/485/394 343/484/393 341/486/47 337/487/31
f 342/481/390 346/488/395 348/489/396 344/482/391
f 344/482/391 348/489/396 347/490/397 343/484/393
f 343/484/393 347/490/397 345/491/49 341/486/47
f 346/488/395 350/492/398 352/493/399 348/489/396
f 348/489/396 352/493/399 351/494/400 347/490/397
f 347/490/397 351/494/400 349/495/51 345/491/49
f 350/492/398 354/496/401 356/497/402 352/493/399
f 352/493/399 356/497/402 355/498/403 351/494/400
f 351/494/400 355/498/403 353/499/11 349/495/51
f 354/496/401 358/500/404 360/501/405 356/497/402
f 356/497/402 360/501/405 359/502/406 355/498/403
f 355/498/403 359/502/406 357/503/12 353/499/11
f 358/500/404 362/504/407 364/505/408 360/501/405
f 360/501/405 364/505/408 363/506/409 359/502/406
f 359/502/406 363/506/409 361/507/15 357/503/12
f 362/504/407 366/508/410 368/509/411 364/505/408
f 364/505/408 368/509/411 367/510/412 363/506/409
f 363/506/409 367/510/412 365/511/16 361/507/15
f 366/508/410 370/512/413 372/513/414 368/509/411
f 368/509/411 372/513/414 371/514/415 367/510/412
f 367/510/412 371/514/415 369/515/19 365/511/16
f 370/516/413 374/517/416 376/518/417 372/519/414
f 372/519/414 376/518/417 375/520/418 371/521/415
f 371/521/415 375/520/418 373/522/20 369/523/19
f 374/517/416 378/524/419 380/525/420 376/518/417
f 376/518/417 380/525/420 379/526/421 375/520/418
f 375/520/418 379/526/421 377/527/23 373/522/20
f 378/524/419 382/528/422 384/529/423 380/525/420
f 380/525/420 384/529/423 383/530/424 379/526/421
f 379/526/421 383/530/424 381/531/24 377/527/23
f 382/528/422 386/532/425 388/533/426 384/529/423
f 384/529/423 388/533/426 387/534/427 383/530/424
f 383/530/424 387/534/427 385/535/27 381/531/24
f 386/532/425 390/536/428 392/537/429 388/533/426
f 388/533/426 392/537/429 391/538/430 387/534/427
f 387/534/427 391/538/430 389/539/29 385/535/27
f 390/536/428 394/540/431 396/541/432 392/537/429
f 392/537/429 396/541/432 395/542/433 391/538/430
f 391/538/430 395/542/433 393/543/33 389/539/29
f 394/540/431 398/544/434 400/545/435 396/541/432
f 396/541/432 400/545/435 399/546/436 395/542/433
f 395/542/433 399/546/436 397/547/35 393/543/33
f 398/544/434 402/548/437 404/549/438 400/545/435
f 400/545/435 404/549/438 403/550/439 399/546/436
f 399/546/436 403/550/439 401/551/37 397/547/35
f 402/548/437 406/552/440 408/553/441 404/549/438
f 404/549/438 408/553/441 407/554/442 403/550/439
f 403/550/439 407/554/442 405/555/39 401/551/37
f 406/552/440 410/556/443 412/557/444 408/553/441
f 408/553/441 412/557/444 411/558/445 407/554/442
f 407/554/442 411/558/445 409/559/45 405/555/39
f 410/556/443 414/560/446 416/561/447 412/557/444
f 412/557/444 416/561/447 415/562/448 411/558/445
f 411/558/445 415/562/448 413/563/1 409/559/45
f 414/560/446 418/564/449 420/565/450 416/561/447
f 416/561/447 420/565/450 419/566/451 415/562/448
f 415/562/448 419/566/451 417/567/2 413/563/1
f 418/564/449 422/568/452 424/569/453 420/565/450
f 420/565/450 424/569/453 423/570/454 419/566/451
f 419/566/451 423/570/454 421/571/5 417/567/2
f 422/568/452 426/572/455 428/573/456 424/569/453
f 424/569/453 428/573/456 427/574/457 423/570/454
f 423/570/454 427/574/457 425/575/7 421/571/5
f 426/572/455 430/576/458 432/577/459 428/573/456
f 428/573/456 432/577/459 431/578/460 427/574/457
f 427/574/457 431/578/460 429/579/9 425/575/7
f 430/576/458 338/480/389 340/483/392 432/577/459
f 432/577/459 340/483/392 339/485/394 431/578/460
f 431/578/460 339/485/394 337/487/31 429/579/9
f 405/39/39 409/46/45 11/47/46 13/40/40
f 338/580/389 2/442/353 4/439/350 342/581/390
f 430/582/458 48/443/354 2/442/353 338/580/389
f 342/581/390 4/439/350 6/438/349 346/583/395
f 346/583/395 6/438/349 8/459/370 350/584/398
f 350/584/398 8/459/370 10/458/369 354/585/401
f 354/585/401 10/458/369 12/472/383 358/586/404
f 358/586/404 12/472/383 14/435/346 362/587/407
f 362/587/407 14/435/346 16/434/345 366/588/410
f 366/588/410 16/434/345 18/478/366 370/589/413
f 370/590/413 18/455/366 20/454/365 374/591/416
f 374/591/416 20/454/365 22/470/381 378/592/419
f 378/592/419 22/470/381 24/431/342 382/593/422
f 382/593/422 24/431/342 26/430/341 386/594/425
f 386/594/425 26/430/341 28/451/362 390/595/428
f 390/595/428 28/451/362 30/450/361 394/596/431
f 394/596/431 30/450/361 32/467/378 398/597/434
f 398/597/434 32/467/378 34/466/377 402/598/437
f 402/598/437 34/466/377 36/476/387 406/599/440
f 406/599/440 36/476/387 38/447/358 410/600/443
f 410/600/443 38/447/358 40/446/357 414/601/446
f 414/601/446 40/446/357 42/463/374 418/602/449
f 418/602/449 42/463/374 44/462/373 422/603/452
f 422/603/452 44/462/373 46/474/385 426/604/455
f 426/604/455 46/474/385 48/443/354 430/582/458
f 23/28/28 21/30/30 443/605/461 444/606/462
f 43/51/50 41/53/52 453/607/463 454/608/464
f 5/6/6 3/8/8 434/42/42 435/609/465
f 25/25/25 23/28/28 444/606/462 445/610/466
f 45/49/48 43/51/50 454/608/464 455/611/467
f 15/38/38 13/40/40 439/612/468 440/613/469
f 35/18/18 33/17/17 449/45/44 450/614/470
f 17/36/36 15/38/38 440/613/469 441/615/471
f 37/13/13 35/18/18 450/614/470 451/616/472
f 7/3/3 5/6/6 435/609/465 436/617/473
f 27/26/26 25/25/25 445/610/466 446/618/474
f 47/32/32 45/49/48 455/611/467 456/619/475
f 9/4/4 7/3/3 436/617/473 437/620/476
f 29/21/21 27/26/26 446/618/474 447/621/477
f 19/34/34 17/36/36 441/615/471 442/622/478
f 39/14/14 37/13/13 451/616/472 452/623/479
f 1/10/10 47/32/32 456/619/475 433/41/41
f 21/30/30 19/34/34 442/622/478 443/605/461
f 41/53/52 39/14/14 452/623/479 453/607/463
f 11/47/46 9/4/4 437/620/476 438/624/480
f 31/22/22 29/21/21 447/621/477 448/625/43
f 13/40/40 11/47/46 438/624/480 439/612/468
f 442/622/478 441/615/471 465/626/481 466/627/482
f 435/609/465 434/42/42 458/628/483 459/629/484
f 450/614/470 449/45/44 473/630/485 474/631/486
f 443/605/461 442/622/478 466/627/482 467/632/487
f 436/617/473 435/609/465 459/629/484 460/633/488
f 451/616/472 450/614/470 474/631/486 475/634/489
f 444/606/462 443/605/461 467/632/487 468/635/490
f 437/620/476 436/617/473 460/633/488 461/636/491
f 452/623/479 451/616/472 475/634/489 476/637/492
f 445/610/466 444/606/462 468/635/490 469/638/493
f 438/624/480 437/620/476 461/636/491 462/639/494
f 453/607/463 452/623/479 476/637/492 477/640/495
f 446/618/474 445/610/466 469/638/493 470/641/496
f 439/612/468 438/624/480 462/639/494 463/642/497
f 454/608/464 453/607/463 477/640/495 478/643/498
f 447/621/477 446/618/474 470/641/496 471/644/499
f 440/613/469 439/612/468 463/642/497 464/645/500
f 455/611/467 454/608/464 478/643/498 479/646/501
f 433/41/41 456/619/475 480/647/502 457/648/503
f 448/625/43 447/621/477 471/644/499 472/649/504
f 441/615/471 440/613/469 464/645/500 465/626/481
f 456/619/475 455/611/467 479/646/501 480/647/502
f 434/42/42 433/41/41 457/648/503 458/628/483
f 449/45/44 448/44/43 472/650/504 473/630/485
f 477/640/495 476/637/492 500/651/505 501/652/506
f 470/641/496 469/638/493 493/653/507 494/654/508
f 463/642/497 462/639/494 486/655/509 487/656/510
f 478/643/498 477/640/495 501/652/506 502/657/511
f 471/644/499 470/641/496 494/654/508 495/658/512
f 464/645/500 463/642/497 487/656/510 488/659/513
f 479/646/501 478/643/498 502/657/511 503/660/514
f 457/648/503 480/647/502 504/661/515 481/662/516
f 472/649/504 471/644/499 495/658/512 496/663/517
f 465/626/481 464/645/500 488/659/513 489/664/518
f 480/647/502 479/646/501 503/660/514 504/661/515
f 458/628/483 457/648/503 481/662/516 482/665/519
f 473/630/485 472/650/504 496/666/517 497/667/520
f 466/627/482 465/626/481 489/664/518 490/668/521
f 459/629/484 458/628/483 482/665/519 483/669/522
f 474/631/486 473/630/485 497/667/520 498/670/523
f 467/632/487 466/627/482 490/668/521 491/671/524
f 460/633/488 459/629/484 483/669/522 484/672/525
f 475/634/489 474/631/486 498/670/523 499/673/526
f 468/635/490 467/632/487 491/671/524 492/674/527
f 461/636/491 460/633/488 484/672/525 485/675/528
f 476/637/492 475/634/489 499/673/526 500/651/505
f 469/638/493 468/635/490 492/674/527 493/653/507
f 462/639/494 461/636/491 485/675/528 486/655/509
f 490/668/521 489/664/518 513/676/529 514/677/530
f 483/669/522 482/665/519 506/678/531 507/679/532
f 498/670/523 497/667/520 521/680/533 522/681/534
f 491/671/524 490/668/521 514/677/530 515/682/535
f 484/672/525 483/669/522 507/679/532 508/683/536
f 499/673/526 498/670/523 522/681/534 523/684/537
f 492/674/527 491/671/524 515/682/535 516/685/538
f 485/675/528 484/672/525 508/683/536 509/686/539
f 500/651/505 499/673/526 523/684/537 524/687/540
f 493/653/507 492/674/527 516/685/538 517/688/541
f 486/655/509 485/675/528 509/686/539 510/689/542
f 501/652/506 500/651/505 524/687/540 525/690/543
f 494/654/508 493/653/507 517/688/541 518/691/544
f 487/656/510 486/655/509 510/689/542 511/692/545
f 502/657/511 501/652/506 525/690/543 526/693/546
f 495/658/512 494/654/508 518/691/544 519/694/547
f 488/659/513 487/656/510 511/692/545 512/695/548
f 503/660/514 502/657/511 526/693/546 527/696/549
f 481/662/516 504/661/515 528/697/550 505/698/551
f 496/663/517 495/658/512 519/694/547 520/699/552
f 489/664/518 488/659/513 512/695/548 513/676/529
f 504/661/515 503/660/514 527/696/549 528/697/550
f 482/665/519 481/662/516 505/698/551 506/678/531
f 497/667/520 496/666/517 520/700/552 521/680/533
f 505/701/551 529/702/553 507/703/532 506/704/531
f 529/702/553 537/705/553 508/706/536 507/703/532
f 537/705/553 510/707/542 509/708/539 508/706/536
f 528/709/550 530/710/553 529/702/553 505/701/551
f 530/710/553 538/711/553 537/705/553 529/702/553
f 538/711/553 511/712/545 510/707/542 537/705/553
f 527/713/549 531/714/553 530/710/553 528/709/550
f 531/714/553 539/715/553 538/711/553 530/710/553
f 539/715/553 512/716/548 511/712/545 538/711/553
f 526/717/546 532/718/553 531/714/553 527/713/549
f 532/718/553 540/719/553 539/715/553 531/714/553
f 540/719/553 513/720/529 512/716/548 539/715/553
f 525/721/543 533/722/553 532/718/553 526/717/546
f 533/722/553 541/723/553 540/719/553 532/718/553
f 541/723/553 514/724/530 513/720/529 540/719/553
f 524/725/540 534/726/553 533/722/553 525/721/543
f 534/726/553 542/727/553 541/723/553 533/722/553
f 542/727/553 515/728/535 514/724/530 541/723/553
f 523/729/537 535/730/553 534/726/553 524/725/540
f 535/730/553 543/731/553 542/727/553 534/726/553
f 543/731/553 516/732/538 515/728/535 542/727/553
f 522/733/534 536/734/553 535/730/553 523/729/537
f 536/734/553 544/735/553 543/731/553 535/730/553
f 544/735/553 517/736/541 516/732/538 543/731/553
f 521/737/533 520/738/552 536/734/553 522/733/534
f 520/738/552 519/739/547 544/735/553 536/734/553
f 519/739/547 518/740/544 517/736/541 544/735/553
f 331/433/344 336/432/343 568/105/103 554/96/94
f 327/437/348 335/436/347 567/103/101 552/88/86
f 325/441/352 330/440/351 563/91/89 551/84/82
f 329/445/356 334/444/355 566/101/99 553/92/90
f 323/449/360 333/448/359 565/99/97 550/80/78
f 321/453/364 332/452/363 564/95/93 549/76/74
f 319/457/368 328/456/367 562/107/85 548/72/70
f 317/461/372 326/460/371 561/83/81 547/68/66
f 315/465/376 324/464/375 560/79/77 546/64/62
f 313/469/380 322/468/379 559/75/73 545/55/54
f 336/432/343 320/471/382 558/71/69 568/105/103
f 335/436/347 318/473/384 557/67/65 567/103/101
f 334/444/355 316/475/386 556/63/61 566/101/99
f 333/448/359 314/477/388 555/54/53 565/99/97
f 332/452/363 331/433/344 554/96/94 564/95/93
f 330/440/351 329/445/356 553/92/90 563/91/89
f 328/479/367 327/437/348 552/88/86 562/87/85
f 326/460/371 325/441/352 551/84/82 561/83/81
f 324/464/375 323/449/360 550/80/78 560/79/77
f 322/468/379 321/453/364 549/76/74 559/75/73
f 320/471/382 319/457/368 548/72/70 558/71/69
f 318/473/384 317/461/372 547/68/66 557/67/65
f 316/475/386 315/465/376 546/64/62 556/63/61
f 314/477/388 313/469/380 545/55/54 555/54/53
f 981/1/554 577/4/555 575/3/556 985/2/557
f 985/2/557 575/3/556 573/6/558 989/5/559
f 989/5/559 573/6/558 571/8/560 993/7/561
f 993/7/561 571/8/560 569/10/562 997/9/563
f 921/11/564 607/14/565 605/13/566 925/12/567
f 929/15/568 603/18/569 601/17/570 933/16/571
f 937/19/572 599/22/573 597/21/574 941/20/575
f 945/23/576 595/26/577 593/25/578 949/24/579
f 949/24/579 593/25/578 591/28/580 953/27/581
f 953/27/581 591/28/580 589/30/582 957/29/583
f 997/9/563 569/10/562 615/32/584 905/31/585
f 957/29/583 589/30/582 587/34/586 961/33/587
f 961/33/587 587/34/586 585/36/588 965/35/589
f 965/35/589 585/36/588 583/38/590 969/37/591
f 969/37/591 583/38/590 581/40/592 973/39/593
f 571/8/560 1002/42/594 1001/41/595 569/10/562
f 601/17/570 1017/45/596 1016/44/597 599/43/573
f 977/46/598 579/47/599 577/4/555 981/1/554
f 905/31/585 615/32/584 613/49/600 909/48/601
f 909/48/601 613/49/600 611/51/602 913/50/603
f 913/50/603 611/51/602 609/53/604 917/52/605
f 917/52/605 609/53/604 607/14/565 921/11/564
f 1123/54/606 634/57/607 633/56/608 1113/55/609
f 925/12/567 605/13/566 603/18/569 929/15/568
f 933/16/571 601/17/570 599/43/573 937/58/572
f 941/20/575 597/21/574 595/26/577 945/23/576
f 858/59/610 657/62/611 656/61/612 857/60/613
f 1124/63/614 639/66/615 638/65/616 1114/64/617
f 1125/67/618 622/70/619 621/69/620 1115/68/621
f 1126/71/622 627/74/623 626/73/624 1116/72/625
f 1127/75/626 632/78/627 631/77/628 1117/76/629
f 1128/79/630 637/82/631 636/81/632 1118/80/633
f 1129/83/634 620/86/635 619/85/636 1119/84/637
f 1130/87/638 625/90/639 624/89/640 1120/88/641
f 1131/91/642 618/94/643 617/93/644 1121/92/645
f 1132/95/646 630/98/647 629/97/648 1122/96/649
f 1133/99/650 635/100/651 634/57/607 1123/54/606
f 1134/101/652 640/102/653 639/66/615 1124/63/614
f 1135/103/654 623/104/655 622/70/619 1125/67/618
f 1136/105/656 628/106/657 627/74/623 1126/71/622
f 1113/55/609 633/56/608 632/78/627 1127/75/626
f 1114/64/617 638/65/616 637/82/631 1128/79/630
f 1115/68/621 621/69/620 620/86/635 1129/83/634
f 1116/72/625 626/73/624 625/108/639 1130/107/638
f 1117/76/629 631/77/628 630/98/647 1132/95/646
f 1118/80/633 636/81/632 635/100/651 1133/99/650
f 1121/92/645 617/93/644 640/102/653 1134/101/652
f 1119/84/637 619/85/636 618/94/643 1131/91/642
f 1120/88/641 624/89/640 623/104/655 1135/103/654
f 1122/96/649 629/97/648 628/106/657 1136/105/656
f 646/109/658 670/112/659 669/111/660 645/110/661
f 860/113/662 650/116/663 649/115/664 859/114/665
f 862/117/666 641/120/667 664/119/668 861/118/669
f 864/121/670 643/124/671 642/123/672 863/122/673
f 865/125/674 658/126/675 657/62/611 858/59/610
f 866/127/676 651/128/677 650/116/663 860/113/662
f 867/129/678 644/130/679 643/124/671 864/121/670
f 868/131/680 659/132/681 658/126/675 865/125/674
f 869/133/682 652/134/683 651/128/677 866/127/676
f 870/135/684 645/136/661 644/130/679 867/129/678
f 871/137/685 660/138/686 659/132/681 868/131/680
f 872/139/687 653/140/688 652/134/683 869/133/682
f 873/141/689 646/142/658 645/136/661 870/135/684
f 874/143/690 661/144/691 660/138/686 871/137/685
f 875/145/692 654/146/693 653/140/688 872/139/687
f 876/147/694 647/148/695 646/142/658 873/141/689
f 877/149/696 662/150/697 661/144/691 874/143/690
f 878/151/698 655/152/699 654/146/693 875/145/692
f 879/153/700 648/154/701 647/148/695 876/147/694
f 880/155/702 663/156/703 662/150/697 877/149/696
f 857/60/613 656/61/612 655/152/699 878/151/698
f 859/157/665 649/158/664 648/154/701 879/153/700
f 861/118/669 664/119/668 663/156/703 880/155/702
f 863/122/673 642/123/672 641/120/667 862/117/666
f 674/159/704 698/162/705 697/161/706 673/160/707
f 661/163/691 685/166/708 684/165/709 660/164/686
f 654/167/693 678/170/710 677/169/711 653/168/688
f 647/171/695 671/172/712 670/112/659 646/109/658
f 662/173/697 686/174/713 685/166/708 661/163/691
f 655/175/699 679/176/714 678/170/710 654/167/693
f 648/177/701 672/178/715 671/172/712 647/171/695
f 663/179/703 687/180/716 686/174/713 662/173/697
f 656/181/612 680/182/717 679/176/714 655/175/699
f 649/183/664 673/184/707 672/178/715 648/177/701
f 664/185/668 688/186/718 687/180/716 663/179/703
f 642/187/672 666/190/719 665/189/720 641/188/667
f 657/191/611 681/192/721 680/182/717 656/181/612
f 650/193/663 674/196/704 673/195/707 649/194/664
f 641/188/667 665/189/720 688/186/718 664/185/668
f 643/197/671 667/198/722 666/190/719 642/187/672
f 658/199/675 682/200/723 681/192/721 657/191/611
f 651/201/677 675/202/724 674/196/704 650/193/663
f 644/203/679 668/204/725 667/198/722 643/197/671
f 659/205/681 683/206/726 682/200/723 658/199/675
f 652/207/683 676/208/727 675/202/724 651/201/677
f 645/110/661 669/111/660 668/204/725 644/203/679
f 660/164/686 684/165/709 683/206/726 659/205/681
f 653/168/688 677/169/711 676/208/727 652/207/683
f 813/209/728 733/212/729 732/211/730 809/210/731
f 665/213/720 689/216/732 712/215/733 688/214/718
f 667/217/722 691/220/734 690/219/735 666/218/719
f 682/221/723 706/224/736 705/223/737 681/222/721
f 675/225/724 699/226/738 698/162/705 674/159/704
f 668/227/725 692/228/739 691/220/734 667/217/722
f 683/229/726 707/230/740 706/224/736 682/221/723
f 676/231/727 700/232/741 699/226/738 675/225/724
f 669/233/660 693/234/742 692/228/739 668/227/725
f 684/235/709 708/236/743 707/230/740 683/229/726
f 677/237/711 701/238/744 700/232/741 676/231/727
f 670/239/659 694/240/745 693/234/742 669/233/660
f 685/241/708 709/242/746 708/236/743 684/235/709
f 678/243/710 702/244/747 701/238/744 677/237/711
f 671/245/712 695/246/748 694/240/745 670/239/659
f 686/247/713 710/248/749 709/242/746 685/241/708
f 679/249/714 703/250/750 702/244/747 678/243/710
f 672/251/715 696/252/751 695/246/748 671/245/712
f 687/253/716 711/254/752 710/248/749 686/247/713
f 680/255/717 704/256/753 703/250/750 679/249/714
f 673/257/707 697/258/706 696/252/751 672/251/715
f 688/214/718 712/215/733 711/254/752 687/253/716
f 666/218/719 690/219/735 689/216/732 665/213/720
f 681/222/721 705/223/737 704/256/753 680/255/717
f 722/259/754 746/262/755 745/261/756 721/260/757
f 814/263/758 726/266/759 725/265/760 810/264/761
f 815/267/762 719/270/763 718/269/764 811/268/765
f 816/271/766 734/272/767 733/212/729 813/209/728
f 817/273/768 727/274/769 726/266/759 814/263/758
f 818/275/770 720/276/771 719/270/763 815/267/762
f 819/277/772 735/278/773 734/272/767 816/271/766
f 820/279/774 728/280/775 727/274/769 817/273/768
f 821/281/776 721/282/757 720/276/771 818/275/770
f 822/283/777 736/284/778 735/278/773 819/277/772
f 823/285/779 714/288/780 713/287/781 812/286/782
f 824/289/783 729/290/784 728/280/775 820/279/774
f 825/291/785 722/259/754 721/260/757 821/292/776
f 812/286/782 713/287/781 736/284/778 822/283/777
f 826/293/786 715/294/787 714/288/780 823/285/779
f 827/295/788 730/296/789 729/290/784 824/289/783
f 828/297/790 723/298/791 722/259/754 825/291/785
f 829/299/792 716/300/793 715/294/787 826/293/786
f 830/301/794 731/302/795 730/296/789 827/295/788
f 831/303/796 724/304/797 723/298/791 828/297/790
f 832/305/798 717/306/799 716/300/793 829/299/792
f 809/210/731 732/211/730 731/302/795 830/301/794
f 810/264/761 725/265/760 724/304/797 831/303/796
f 811/268/765 718/269/764 717/306/799 832/305/798
f 750/307/800 774/310/801 773/309/802 749/308/803
f 713/287/781 737/312/804 760/311/805 736/284/778
f 715/294/787 739/314/806 738/313/807 714/288/780
f 730/296/789 754/316/808 753/315/809 729/290/784
f 723/298/791 747/317/810 746/262/755 722/259/754
f 716/300/793 740/318/811 739/314/806 715/294/787
f 731/302/795 755/319/812 754/316/808 730/296/789
f 724/304/797 748/320/813 747/317/810 723/298/791
f 717/306/799 741/321/814 740/318/811 716/300/793
f 732/211/730 756/322/815 755/319/812 731/302/795
f 725/265/760 749/323/803 748/320/813 724/304/797
f 718/269/764 742/324/816 741/321/814 717/306/799
f 733/212/729 757/325/817 756/322/815 732/211/730
f 726/266/759 750/326/800 749/323/803 725/265/760
f 719/270/763 743/327/818 742/324/816 718/269/764
f 734/272/767 758/328/819 757/325/817 733/212/729
f 727/274/769 751/329/820 750/326/800 726/266/759
f 720/276/771 744/330/821 743/327/818 719/270/763
f 735/278/773 759/331/822 758/328/819 734/272/767
f 728/280/775 752/332/823 751/329/820 727/274/769
f 721/282/757 745/333/756 744/330/821 720/276/771
f 736/284/778 760/311/805 759/331/822 735/278/773
f 714/288/780 738/313/807 737/312/804 713/287/781
f 729/290/784 753/315/809 752/332/823 728/280/775
f 743/334/818 767/337/824 766/336/825 742/335/816
f 758/338/819 782/341/826 781/340/827 757/339/817
f 751/342/820 775/343/828 774/310/801 750/307/800
f 744/344/821 768/345/829 767/337/824 743/334/818
f 759/346/822 783/347/830 782/341/826 758/338/819
f 752/348/823 776/349/831 775/343/828 751/342/820
f 745/350/756 769/351/832 768/345/829 744/344/821
f 760/352/805 784/353/833 783/347/830 759/346/822
f 738/354/807 762/357/834 761/356/835 737/355/804
f 753/358/809 777/359/836 776/349/831 752/348/823
f 746/360/755 770/363/837 769/362/832 745/361/756
f 737/355/804 761/356/835 784/353/833 760/352/805
f 739/364/806 763/365/838 762/357/834 738/354/807
f 754/366/808 778/367/839 777/359/836 753/358/809
f 747/368/810 771/369/840 770/363/837 746/360/755
f 740/370/811 764/371/841 763/365/838 739/364/806
f 755/372/812 779/373/842 778/367/839 754/366/808
f 748/374/813 772/375/843 771/369/840 747/368/810
f 741/376/814 765/377/844 764/371/841 740/370/811
f 756/378/815 780/379/845 779/373/842 755/372/812
f 749/308/803 773/309/802 772/375/843 748/374/813
f 742/335/816 766/336/825 765/377/844 741/376/814
f 757/339/817 781/340/827 780/379/845 756/378/815
f 855/380/846 789/383/847 808/382/848 852/381/849
f 854/384/850 787/387/851 807/386/852 851/385/853
f 853/388/854 785/391/855 806/390/856 850/389/857
f 852/381/849 808/382/848 805/393/858 849/392/859
f 851/385/853 807/386/852 804/395/860 848/394/861
f 850/389/857 806/390/856 803/397/862 847/396/863
f 849/392/859 805/393/858 802/399/864 846/398/865
f 848/394/861 804/395/860 801/401/866 845/400/867
f 847/396/863 803/397/862 800/403/868 844/402/869
f 846/398/865 802/399/864 799/405/870 843/404/871
f 856/406/872 798/409/873 797/408/874 842/407/875
f 845/400/867 801/401/866 796/411/876 841/410/877
f 844/402/869 800/403/868 795/413/878 840/412/879
f 843/404/871 799/405/870 798/409/873 856/406/872
f 842/407/875 797/408/874 794/415/880 839/414/881
f 841/416/877 796/419/876 793/418/882 838/417/883
f 840/412/879 795/413/878 792/421/884 837/420/885
f 839/414/881 794/415/880 791/423/886 836/422/887
f 838/417/883 793/418/882 790/425/888 835/424/889
f 837/420/885 792/421/884 788/427/890 834/426/891
f 836/422/887 791/423/886 786/429/892 833/428/893
f 835/424/889 790/425/888 789/383/847 855/380/846
f 834/426/891 788/427/890 787/387/851 854/384/850
f 833/428/893 786/429/892 785/391/855 853/388/854
f 789/383/847 811/268/765 832/305/798 808/382/848
f 787/387/851 810/264/761 831/303/796 807/386/852
f 785/391/855 809/210/731 830/301/794 806/390/856
f 808/382/848 832/305/798 829/299/792 805/393/858
f 807/386/852 831/303/796 828/297/790 804/395/860
f 806/390/856 830/301/794 827/295/788 803/397/862
f 805/393/858 829/299/792 826/293/786 802/399/864
f 804/395/860 828/297/790 825/291/785 801/401/866
f 803/397/862 827/295/788 824/289/783 800/403/868
f 802/399/864 826/293/786 823/285/779 799/405/870
f 798/409/873 812/286/782 822/283/777 797/408/874
f 801/401/866 825/291/785 821/292/776 796/411/876
f 800/403/868 824/289/783 820/279/774 795/413/878
f 799/405/870 823/285/779 812/286/782 798/409/873
f 797/408/874 822/283/777 819/277/772 794/415/880
f 796/419/876 821/281/776 818/275/770 793/418/882
f 795/413/878 820/279/774 817/273/768 792/421/884
f 794/415/880 819/277/772 816/271/766 791/423/886
f 793/418/882 818/275/770 815/267/762 790/425/888
f 792/421/884 817/273/768 814/263/758 788/427/890
f 791/423/886 816/271/766 813/209/728 786/429/892
f 790/425/888 815/267/762 811/268/765 789/383/847
f 788/427/890 814/263/758 810/264/761 787/387/851
f 786/429/892 813/209/728 809/210/731 785/391/855
f 709/242/746 833/428/893 853/388/854 708/236/743
f 702/244/747 834/426/891 854/384/850 701/238/744
f 695/246/748 835/424/889 855/380/846 694/240/745
f 710/248/749 836/422/887 833/428/893 709/242/746
f 703/250/750 837/420/885 834/426/891 702/244/747
f 696/252/751 838/417/883 835/424/889 695/246/748
f 711/254/752 839/414/881 836/422/887 710/248/749
f 704/256/753 840/412/879 837/420/885 703/250/750
f 697/258/706 841/416/877 838/417/883 696/252/751
f 712/215/733 842/407/875 839/414/881 711/254/752
f 690/219/735 843/404/871 856/406/872 689/216/732
f 705/223/737 844/402/869 840/412/879 704/256/753
f 698/162/705 845/400/867 841/410/877 697/161/706
f 689/216/732 856/406/872 842/407/875 712/215/733
f 691/220/734 846/398/865 843/404/871 690/219/735
f 706/224/736 847/396/863 844/402/869 705/223/737
f 699/226/738 848/394/861 845/400/867 698/162/705
f 692/228/739 849/392/859 846/398/865 691/220/734
f 707/230/740 850/389/857 847/396/863 706/224/736
f 700/232/741 851/385/853 848/394/861 699/226/738
f 693/234/742 852/381/849 849/392/859 692/228/739
f 708/236/743 853/388/854 850/389/857 707/230/740
f 701/238/744 854/384/850 851/385/853 700/232/741
f 694/240/745 855/380/846 852/381/849 693/234/742
f 618/94/643 863/122/673 862/117/666 617/93/644
f 640/102/653 861/118/669 880/155/702 639/66/615
f 625/90/639 859/157/665 879/153/700 624/89/640
f 632/78/627 857/60/613 878/151/698 631/77/628
f 639/66/615 880/155/702 877/149/696 638/65/616
f 624/89/640 879/153/700 876/147/694 623/104/655
f 631/77/628 878/151/698 875/145/692 630/98/647
f 638/65/616 877/149/696 874/143/690 637/82/631
f 623/104/655 876/147/694 873/141/689 622/70/619
f 630/98/647 875/145/692 872/139/687 629/97/648
f 637/82/631 874/143/690 871/137/685 636/81/632
f 622/70/619 873/141/689 870/135/684 621/69/620
f 629/97/648 872/139/687 869/133/682 628/106/657
f 636/81/632 871/137/685 868/131/680 635/100/651
f 621/69/620 870/135/684 867/129/678 620/86/635
f 628/106/657 869/133/682 866/127/676 627/74/623
f 635/100/651 868/131/680 865/125/674 634/57/607
f 620/86/635 867/129/678 864/121/670 619/85/636
f 627/74/623 866/127/676 860/113/662 626/73/624
f 634/57/607 865/125/674 858/59/610 633/56/608
f 619/85/636 864/121/670 863/122/673 618/94/643
f 617/93/644 862/117/666 861/118/669 640/102/653
f 626/73/624 860/113/662 859/114/665 625/108/639
f 633/56/608 858/59/610 857/60/613 632/78/627
f 594/430/894 899/433/895 904/432/896 592/431/897
f 584/434/898 895/437/899 903/436/900 582/435/901
f 574/438/902 893/441/903 898/440/904 572/439/905
f 570/442/906 897/445/907 902/444/908 616/443/909
f 608/446/910 891/449/911 901/448/912 606/447/913
f 598/450/914 889/453/915 900/452/916 596/451/917
f 588/454/918 887/457/919 896/456/920 586/455/921
f 578/458/922 885/461/923 894/460/924 576/459/925
f 612/462/926 883/465/927 892/464/928 610/463/929
f 602/466/930 881/469/931 890/468/932 600/467/933
f 592/431/897 904/432/896 888/471/934 590/470/935
f 582/435/901 903/436/900 886/473/936 580/472/937
f 616/443/909 902/444/908 884/475/938 614/474/939
f 606/447/913 901/448/912 882/477/940 604/476/941
f 596/451/917 900/452/916 899/433/895 594/430/894
f 572/439/905 898/440/904 897/445/907 570/442/906
f 586/478/921 896/479/920 895/437/899 584/434/898
f 576/459/925 894/460/924 893/441/903 574/438/902
f 610/463/929 892/464/928 891/449/911 608/446/910
f 600/467/933 890/468/932 889/453/915 598/450/914
f 590/470/935 888/471/934 887/457/919 588/454/918
f 580/472/937 886/473/936 885/461/923 578/458/922
f 614/474/939 884/475/938 883/465/927 612/462/926
f 604/476/941 882/477/940 881/469/931 602/466/930
f 906/480/942 908/483/943 912/482/944 910/481/945
f 908/483/943 907/485/946 911/484/947 912/482/944
f 907/485/946 905/487/585 909/486/601 911/484/947
f 910/481/945 912/482/944 916/489/948 914/488/949
f 912/482/944 911/484/947 915/490/950 916/489/948
f 911/484/947 909/486/601 913/491/603 915/490/950
f 914/488/949 916/489/948 920/493/951 918/492/952
f 916/489/948 915/490/950 919/494/953 920/493/951
f 915/490/950 913/491/603 917/495/605 919/494/953
f 918/492/952 920/493/951 924/497/954 922/496/955
f 920/493/951 919/494/953 923/498/956 924/497/954
f 919/494/953 917/495/605 921/499/564 923/498/956
f 922/496/955 924/497/954 928/501/957 926/500/958
f 924/497/954 923/498/956 927/502/959 928/501/957
f 923/498/956 921/499/564 925/503/567 927/502/959
f 926/500/958 928/501/957 932/505/960 930/504/961
f 928/501/957 927/502/959 931/506/962 932/505/960
f 927/502/959 925/503/567 929/507/568 931/506/962
f 930/504/961 932/505/960 936/509/963 934/508/964
f 932/505/960 931/506/962 935/510/965 936/509/963
f 931/506/962 929/507/568 933/511/571 935/510/965
f 934/508/964 936/509/963 940/513/966 938/512/967
f 936/509/963 935/510/965 939/514/968 940/513/966
f 935/510/965 933/511/571 937/515/572 939/514/968
f 938/516/967 940/519/966 944/518/969 942/517/970
f 940/519/966 939/521/968 943/520/971 944/518/969
f 939/521/968 937/523/572 941/522/575 943/520/971
f 942/517/970 944/518/969 948/525/972 946/524/973
f 944/518/969 943/520/971 947/526/974 948/525/972
f 943/520/971 941/522/575 945/527/576 947/526/974
f 946/524/973 948/525/972 952/529/975 950/528/976
f 948/525/972 947/526/974 951/530/977 952/529/975
f 947/526/974 945/527/576 949/531/579 951/530/977
f 950/528/976 952/529/975 956/533/978 954/532/979
f 952/529/975 951/530/977 955/534/980 956/533/978
f 951/530/977 949/531/579 953/535/581 955/534/980
f 954/532/979 956/533/978 960/537/981 958/536/982
f 956/533/978 955/534/980 959/538/983 960/537/981
f 955/534/980 953/535/581 957/539/583 959/538/983
f 958/536/982 960/537/981 964/541/984 962/540/985
f 960/537/981 959/538/983 963/542/986 964/541/984
f 959/538/983 957/539/583 961/543/587 963/542/986
f 962/540/985 964/541/984 968/545/987 966/544/988
f 964/541/984 963/542/986 967/546/989 968/545/987
f 963/542/986 961/543/587 965/547/589 967/546/989
f 966/544/988 968/545/987 972/549/990 970/548/991
f 968/545/987 967/546/989 971/550/992 972/549/990
f 967/546/989 965/547/589 969/551/591 971/550/992
f 970/548/991 972/549/990 976/553/993 974/552/994
f 972/549/990 971/550/992 975/554/995 976/553/993
f 971/550/992 969/551/591 973/555/593 975/554/995
f 974/552/994 976/553/993 980/557/996 978/556/997
f 976/553/993 975/554/995 979/558/998 980/557/996
f 975/554/995 973/555/593 977/559/598 979/558/998
f 978/556/997 980/557/996 984/561/999 982/560/1000
f 980/557/996 979/558/998 983/562/1001 984/561/999
f 979/558/998 977/559/598 981/563/554 983/562/1001
f 982/560/1000 984/561/999 988/565/1002 986/564/1003
f 984/561/999 983/562/1001 987/566/1004 988/565/1002
f 983/562/1001 981/563/554 985/567/557 987/566/1004
f 986/564/1003 988/565/1002 992/569/1005 990/568/1006
f 988/565/1002 987/566/1004 991/570/1007 992/569/1005
f 987/566/1004 985/567/557 989/571/559 991/570/1007
f 990/568/1006 992/569/1005 996/573/1008 994/572/1009
f 992/569/1005 991/570/1007 995/574/1010 996/573/1008
f 991/570/1007 989/571/559 993/575/561 995/574/1010
f 994/572/1009 996/573/1008 1000/577/1011 998/576/1012
f 996/573/1008 995/574/1010 999/578/1013 1000/577/1011
f 995/574/1010 993/575/561 997/579/563 999/578/1013
f 998/576/1012 1000/577/1011 908/483/943 906/480/942
f 1000/577/1011 999/578/1013 907/485/946 908/483/943
f 999/578/1013 997/579/563 905/487/585 907/485/946
f 973/39/593 581/40/592 579/47/599 977/46/598
f 906/580/942 910/581/945 572/439/905 570/442/906
f 998/582/1012 906/580/942 570/442/906 616/443/909
f 910/581/945 914/583/949 574/438/902 572/439/905
f 914/583/949 918/584/952 576/459/925 574/438/902
f 918/584/952 922/585/955 578/458/922 576/459/925
f 922/585/955 926/586/958 580/472/937 578/458/922
f 926/586/958 930/587/961 582/435/901 580/472/937
f 930/587/961 934/588/964 584/434/898 582/435/901
f 934/588/964 938/589/967 586/478/921 584/434/898
f 938/590/967 942/591/970 588/454/918 586/455/921
f 942/591/970 946/592/973 590/470/935 588/454/918
f 946/592/973 950/593/976 592/431/897 590/470/935
f 950/593/976 954/594/979 594/430/894 592/431/897
f 954/594/979 958/595/982 596/451/917 594/430/894
f 958/595/982 962/596/985 598/450/914 596/451/917
f 962/596/985 966/597/988 600/467/933 598/450/914
f 966/597/988 970/598/991 602/466/930 600/467/933
f 970/598/991 974/599/994 604/476/941 602/466/930
f 974/599/994 978/600/997 606/447/913 604/476/941
f 978/600/997 982/601/1000 608/446/910 606/447/913
f 982/601/1000 986/602/1003 610/463/929 608/446/910
f 986/602/1003 990/603/1006 612/462/926 610/463/929
f 990/603/1006 994/604/1009 614/474/939 612/462/926
f 994/604/1009 998/582/1012 616/443/909 614/474/939
f 591/28/580 1012/606/1014 1011/605/1015 589/30/582
f 611/51/602 1022/608/1016 1021/607/1017 609/53/604
f 573/6/558 1003/609/1018 1002/42/594 571/8/560
f 593/25/578 1013/610/1019 1012/606/1014 591/28/580
f 613/49/600 1023/611/1020 1022/608/1016 611/51/602
f 583/38/590 1008/613/1021 1007/612/1022 581/40/592
f 603/18/569 1018/614/1023 1017/45/596 601/17/570
f 585/36/588 1009/615/1024 1008/613/1021 583/38/590
f 605/13/566 1019/616/1025 1018/614/1023 603/18/569
f 575/3/556 1004/617/1026 1003/609/1018 573/6/558
f 595/26/577 1014/618/1027 1013/610/1019 593/25/578
f 615/32/584 1024/619/1028 1023/611/1020 613/49/600
f 577/4/555 1005/620/1029 1004/617/1026 575/3/556
f 597/21/574 1015/621/1030 1014/618/1027 595/26/577
f 587/34/586 1010/622/1031 1009/615/1024 585/36/588
f 607/14/565 1020/623/1032 1019/616/1025 605/13/566
f 569/10/562 1001/41/595 1024/619/1028 615/32/584
f 589/30/582 1011/605/1015 1010/622/1031 587/34/586
f 609/53/604 1021/607/1017 1020/623/1032 607/14/565
f 579/47/599 1006/624/1033 1005/620/1029 577/4/555
f 599/22/573 1016/625/597 1015/621/1030 597/21/574
f 581/40/592 1007/612/1022 1006/624/1033 579/47/599
f 1010/622/1031 1034/627/1034 1033/626/1035 1009/615/1024
f 1003/609/1018 1027/629/1036 1026/628/1037 1002/42/594
f 1018/614/1023 1042/631/1038 1041/630/1039 1017/45/596
f 1011/605/1015 1035/632/1040 1034/627/1034 1010/622/1031
f 1004/617/1026 1028/633/1041 1027/629/1036 1003/609/1018
f 1019/616/1025 1043/634/1042 1042/631/1038 1018/614/1023
f 1012/606/1014 1036/635/1043 1035/632/1040 1011/605/1015
f 1005/620/1029 1029/636/1044 1028/633/1041 1004/617/1026
f 1020/623/1032 1044/637/1045 1043/634/1042 1019/616/1025
f 1013/610/1019 1037/638/1046 1036/635/1043 1012/606/1014
f 1006/624/1033 1030/639/1047 1029/636/1044 1005/620/1029
f 1021/607/1017 1045/640/1048 1044/637/1045 1020/623/1032
f 1014/618/1027 1038/641/1049 1037/638/1046 1013/610/1019
f 1007/612/1022 1031/642/1050 1030/639/1047 1006/624/1033
f 1022/608/1016 1046/643/1051 1045/640/1048 1021/607/1017
f 1015/621/1030 1039/644/1052 1038/641/1049 1014/618/1027
f 1008/613/1021 1032/645/1053 1031/642/1050 1007/612/1022
f 1023/611/1020 1047/646/1054 1046/643/1051 1022/608/1016
f 1001/41/595 1025/648/1055 1048/647/1056 1024/619/1028
f 1016/625/597 1040/649/1057 1039/644/1052 1015/621/1030
f 1009/615/1024 1033/626/1035 1032/645/1053 1008/613/1021
f 1024/619/1028 1048/647/1056 1047/646/1054 1023/611/1020
f 1002/42/594 1026/628/1037 1025/648/1055 1001/41/595
f 1017/45/596 1041/630/1039 1040/650/1057 1016/44/597
f 1045/640/1048 1069/652/1058 1068/651/1059 1044/637/1045
f 1038/641/1049 1062/654/1060 1061/653/1061 1037/638/1046
f 1031/642/1050 1055/656/1062 1054/655/1063 1030/639/1047
f 1046/643/1051 1070/657/1064 1069/652/1058 1045/640/1048
f 1039/644/1052 1063/658/1065 1062/654/1060 1038/641/1049
f 1032/645/1053 1056/659/1066 1055/656/1062 1031/642/1050
f 1047/646/1054 1071/660/1067 1070/657/1064 1046/643/1051
f 1025/648/1055 1049/662/1068 1072/661/1069 1048/647/1056
f 1040/649/1057 1064/663/1070 1063/658/1065 1039/644/1052
f 1033/626/1035 1057/664/1071 1056/659/1066 1032/645/1053
f 1048/647/1056 1072/661/1069 1071/660/1067 1047/646/1054
f 1026/628/1037 1050/665/1072 1049/662/1068 1025/648/1055
f 1041/630/1039 1065/667/1073 1064/666/1070 1040/650/1057
f 1034/627/1034 1058/668/1074 1057/664/1071 1033/626/1035
f 1027/629/1036 1051/669/1075 1050/665/1072 1026/628/1037
f 1042/631/1038 1066/670/1076 1065/667/1073 1041/630/1039
f 1035/632/1040 1059/671/1077 1058/668/1074 1034/627/1034
f 1028/633/1041 1052/672/1078 1051/669/1075 1027/629/1036
f 1043/634/1042 1067/673/1079 1066/670/1076 1042/631/1038
f 1036/635/1043 1060/674/1080 1059/671/1077 1035/632/1040
f 1029/636/1044 1053/675/1081 1052/672/1078 1028/633/1041
f 1044/637/1045 1068/651/1059 1067/673/1079 1043/634/1042
f 1037/638/1046 1061/653/1061 1060/674/1080 1036/635/1043
f 1030/639/1047 1054/655/1063 1053/675/1081 1029/636/1044
f 1058/668/1074 1082/677/1082 1081/676/1083 1057/664/1071
f 1051/669/1075 1075/679/1084 1074/678/1085 1050/665/1072
f 1066/670/1076 1090/681/1086 1089/680/1087 1065/667/1073
f 1059/671/1077 1083/682/1088 1082/677/1082 1058/668/1074
f 1052/672/1078 1076/683/1089 1075/679/1084 1051/669/1075
f 1067/673/1079 1091/684/1090 1090/681/1086 1066/670/1076
f 1060/674/1080 1084/685/1091 1083/682/1088 1059/671/1077
f 1053/675/1081 1077/686/1092 1076/683/1089 1052/672/1078
f 1068/651/1059 1092/687/1093 1091/684/1090 1067/673/1079
f 1061/653/1061 1085/688/1094 1084/685/1091 1060/674/1080
f 1054/655/1063 1078/689/1095 1077/686/1092 1053/675/1081
f 1069/652/1058 1093/690/1096 1092/687/1093 1068/651/1059
f 1062/654/1060 1086/691/1097 1085/688/1094 1061/653/1061
f 1055/656/1062 1079/692/1098 1078/689/1095 1054/655/1063
f 1070/657/1064 1094/693/1099 1093/690/1096 1069/652/1058
f 1063/658/1065 1087/694/1100 1086/691/1097 1062/654/1060
f 1056/659/1066 1080/695/1101 1079/692/1098 1055/656/1062
f 1071/660/1067 1095/696/1102 1094/693/1099 1070/657/1064
f 1049/662/1068 1073/698/1103 1096/697/1104 1072/661/1069
f 1064/663/1070 1088/699/1105 1087/694/1100 1063/658/1065
f 1057/664/1071 1081/676/1083 1080/695/1101 1056/659/1066
f 1072/661/1069 1096/697/1104 1095/696/1102 1071/660/1067
f 1050/665/1072 1074/678/1085 1073/698/1103 1049/662/1068
f 1065/667/1073 1089/680/1087 1088/700/1105 1064/666/1070
f 1073/701/1103 1074/704/1085 1075/703/1084 1097/702/1106
f 1097/702/1106 1075/703/1084 1076/706/1089 1105/705/1107
f 1105/705/1107 1076/706/1089 1077/708/1092 1078/707/1095
f 1096/709/1104 1073/701/1103 1097/702/1106 1098/710/1108
f 1098/710/1108 1097/702/1106 1105/705/1107 1106/711/1109
f 1106/711/1109 1105/705/1107 1078/707/1095 1079/712/1098
f 1095/713/1102 1096/709/1104 1098/710/1108 1099/714/1110
f 1099/714/1110 1098/710/1108 1106/711/1109 1107/715/1111
f 1107/715/1111 1106/711/1109 1079/712/1098 1080/716/1101
f 1094/717/1099 1095/713/1102 1099/714/1110 1100/718/1110
f 1100/718/1110 1099/714/1110 1107/715/1111 1108/719/1112
f 1108/719/1112 1107/715/1111 1080/716/1101 1081/720/1083
f 1093/721/1096 1094/717/1099 1100/718/1110 1101/722/1110
f 1101/722/1110 1100/718/1110 1108/719/1112 1109/723/1112
f 1109/723/1112 1108/719/1112 1081/720/1083 1082/724/1082
f 1092/725/1093 1093/721/1096 1101/722/1110 1102/726/1113
f 1102/726/1113 1101/722/1110 1109/723/1112 1110/727/1112
f 1110/727/1112 1109/723/1112 1082/724/1082 1083/728/1088
f 1091/729/1090 1092/725/1093 1102/726/1113 1103/730/1114
f 1103/730/1114 1102/726/1113 1110/727/1112 1111/731/1115
f 1111/731/1115 1110/727/1112 1083/728/1088 1084/732/1091
f 1090/733/1086 1091/729/1090 1103/730/1114 1104/734/1116
f 1104/734/1116 1103/730/1114 1111/731/1115 1112/735/1117
f 1112/735/1117 1111/731/1115 1084/732/1091 1085/736/1094
f 1089/737/1087 1090/733/1086 1104/734/1116 1088/738/1105
f 1088/738/1105 1104/734/1116 1112/735/1117 1087/739/1100
f 1087/739/1100 1112/735/1117 1085/736/1094 1086/740/1097
f 899/433/895 1122/96/649 1136/105/656 904/432/896
f 895/437/899 1120/88/641 1135/103/654 903/436/900
f 893/441/903 1119/84/637 1131/91/642 898/440/904
f 897/445/907 1121/92/645 1134/101/652 902/444/908
f 891/449/911 1118/80/633 1133/99/650 901/448/912
f 889/453/915 1117/76/629 1132/95/646 900/452/916
f 887/457/919 1116/72/625 1130/107/638 896/456/920
f 885/461/923 1115/68/621 1129/83/634 894/460/924
f 883/465/927 1114/64/617 1128/79/630 892/464/928
f 881/469/931 1113/55/609 1127/75/626 890/468/932
f 904/432/896 1136/105/656 1126/71/622 888/471/934
f 903/436/900 1135/103/654 1125/67/618 886/473/936
f 902/444/908 1134/101/652 1124/63/614 884/475/938
f 901/448/912 1133/99/650 1123/54/606 882/477/940
f 900/452/916 1132/95/646 1122/96/649 899/433/895
f 898/440/904 1131/91/642 1121/92/645 897/445/907
f 896/479/920 1130/87/638 1120/88/641 895/437/899
f 894/460/924 1129/83/634 1119/84/637 893/441/903
f 892/464/928 1128/79/630 1118/80/633 891/449/911
f 890/468/932 1127/75/626 1117/76/629 889/453/915
f 888/471/934 1126/71/622 1116/72/625 887/457/919
f 886/473/936 1125/67/618 1115/68/621 885/461/923
f 884/475/938 1124/63/614 1114/64/617 883/465/927
f 882/477/940 1123/54/606 1113/55/609 881/469/931
f 194/357/282 193/356/281 761/356/835 762/357/834
f 195/365/285 194/357/282 762/357/834 763/365/838
f 196/371/288 195/365/285 763/365/838 764/371/841
f 197/377/291 196/371/288 764/371/841 765/377/844
f 198/336/271 197/377/291 765/377/844 766/336/825
f 199/337/272 198/336/271 766/336/825 767/337/824
f 200/345/276 199/337/272 767/337/824 768/345/829
f 201/351/279 200/345/276 768/345/829 769/351/832
f 202/363/284 201/362/279 769/362/832 770/363/837
f 203/369/287 202/363/284 770/363/837 771/369/840
f 204/375/290 203/369/287 771/369/840 772/375/843
f 205/309/249 204/375/290 772/375/843 773/309/802
f 206/310/250 205/309/249 773/309/802 774/310/801
f 207/343/275 206/310/250 774/310/801 775/343/828
f 208/349/278 207/343/275 775/343/828 776/349/831
f 209/359/283 208/349/278 776/349/831 777/359/836
f 210/367/286 209/359/283 777/359/836 778/367/839
f 211/373/289 210/367/286 778/367/839 779/373/842
f 212/379/292 211/373/289 779/373/842 780/379/845
f 213/340/273 212/379/292 780/379/845 781/340/827
f 214/341/274 213/340/273 781/340/827 782/341/826
f 215/347/277 214/341/274 782/341/826 783/347/830
f 216/353/280 215/347/277 783/347/830 784/353/833
f 193/356/281 216/353/280 784/353/833 761/356/835
f 2811/741/1118 2039/742/1119 1630/743/1120 2789/744/1121
f 2172/745/1120 2025/746/1120 1335/747/1120 2150/748/1120
f 2415/749/1120 2382/750/1120 1167/751/1120 2136/752/1120
f 2814/753/1120 2396/754/1120 1336/755/1120 2775/756/1120
f 2764/757/1120 2040/758/1120 1631/759/1120 2742/760/1120
f 2213/761/1120 2026/762/1120 1337/763/1120 2191/764/1120
f 2416/765/1120 2383/766/1120 1172/767/1120 2177/768/1120
f 2767/769/1120 2397/770/1120 1338/771/1120 2728/772/1120
f 2717/773/1120 2041/774/1120 1632/775/1120 2695/776/1120
f 2254/777/1120 2027/778/1120 1339/779/1120 2232/780/1120
f 2417/781/1120 2384/782/1120 1177/783/1120 2218/784/1120
f 2720/785/1120 2398/786/1120 1340/787/1120 2681/788/1120
f 2670/789/1120 2042/790/1122 1633/791/1120 2648/792/1120
f 2295/793/1123 2028/794/1124 1341/795/1125 2273/796/1126
f 2418/797/1120 2385/798/1127 1182/799/1128 2259/800/1120
f 2673/801/1120 2399/802/1120 1342/803/1120 2634/804/1120
f 2810/805/1120 2004/806/1120 1634/807/1120 2790/808/1120
f 2171/809/1120 1990/810/1120 1344/811/1120 2151/812/1120
f 2456/813/1120 2423/814/1120 1168/815/1120 2137/816/1120
f 2815/817/1120 2437/818/1120 1345/819/1120 2776/820/1120
f 2763/821/1120 2005/822/1120 1635/823/1120 2743/824/1120
f 2212/825/1120 1991/826/1120 1346/827/1120 2192/828/1120
f 2457/829/1120 2424/830/1120 1173/831/1120 2178/832/1120
f 2768/833/1120 2438/834/1120 1347/835/1120 2729/836/1120
f 2716/837/1120 2006/838/1120 1636/839/1120 2696/840/1120
f 2253/841/1120 1992/842/1120 1348/843/1120 2233/844/1120
f 2458/845/1120 2425/846/1120 1178/847/1120 2219/848/1120
f 2721/849/1120 2439/850/1120 1349/851/1120 2682/852/1120
f 2669/853/1120 2007/854/1120 1637/855/1120 2649/856/1120
f 2294/857/1120 1993/858/1128 1350/859/1129 2274/860/1120
f 2459/861/1120 2426/862/1129 1183/863/1130 2260/864/1120
f 2674/865/1120 2440/866/1120 1351/867/1120 2635/868/1120
f 2809/869/1120 1969/870/1120 1638/871/1120 2791/872/1120
f 2170/873/1120 1955/874/1120 1353/875/1120 2152/876/1120
f 2497/877/1120 2464/878/1120 1169/879/1120 2138/880/1120
f 2816/881/1120 2478/882/1120 1354/883/1120 2777/884/1120
f 2762/885/1120 1970/886/1120 1639/887/1120 2744/888/1120
f 2211/889/1120 1956/890/1120 1355/891/1120 2193/892/1120
f 2498/893/1120 2465/894/1120 1174/895/1120 2179/896/1120
f 2769/897/1120 2479/898/1120 1356/899/1120 2730/900/1120
f 2715/901/1120 1971/902/1120 1640/903/1120 2697/904/1120
f 2252/905/1120 1957/906/1120 1357/907/1120 2234/908/1120
f 2499/909/1120 2466/910/1120 1179/911/1120 2220/912/1120
f 2722/913/1120 2480/914/1120 1358/915/1120 2683/916/1120
f 2668/917/1120 1972/918/1120 1641/919/1120 2650/920/1120
f 2293/921/1120 1958/922/1131 1359/923/1131 2275/924/1120
f 2500/925/1120 2467/926/1132 1184/927/1132 2261/928/1120
f 2675/929/1120 2481/930/1120 1360/931/1120 2636/932/1120
f 2808/933/1120 1934/934/1120 1642/935/1120 2792/936/1133
f 2169/937/1120 1920/938/1120 1362/939/1120 2153/940/1120
f 2538/941/1120 2505/942/1120 1170/943/1134 2139/944/1135
f 2817/945/1136 2519/946/1137 1363/947/1115 2778/948/1138
f 2761/949/1120 1935/950/1120 1643/951/1120 2745/952/1120
f 2210/953/1120 1921/954/1120 1364/955/1120 2194/956/1120
f 2539/957/1120 2506/958/1120 1175/959/1139 2180/960/1139
f 2770/961/1120 2520/962/1120 1365/963/1140 2731/964/1140
f 2714/965/1120 1936/966/1120 1644/967/1120 2698/968/1120
f 2251/969/1120 1922/970/1120 1366/971/1120 2235/972/1120
f 2540/973/1120 2507/974/1120 1180/975/1141 2221/976/1142
f 2723/977/1120 2521/978/1120 1367/979/1142 2684/980/1139
f 2667/981/1120 1937/982/1120 1645/983/1120 2651/984/1120
f 2292/985/1120 1923/986/1143 1368/987/1144 2276/988/1145
f 2541/989/1146 2508/990/1147 1185/991/1148 2262/992/1149
f 2676/993/1120 2522/994/1150 1369/995/1151 2637/996/1152
f 2340/997/1153 1371/998/1154 1646/999/1155 2355/1000/1156
f 2059/1001/1157 1186/1002/1158 1372/1003/1159 2074/1004/1160
f 2074/1005/1160 1372/1006/1159 1188/1007/1161 2060/1008/1162
f 2355/1009/1156 1646/1010/1155 1373/1011/1163 2341/1012/1164
f 2341/1012/1164 1373/1011/1163 1647/1013/1165 2356/1014/1166
f 2060/1008/1162 1188/1007/1161 1375/1015/1167 2075/1016/1168
f 2075/1016/1168 1375/1015/1167 1189/1017/1169 2061/1018/1170
f 2356/1014/1166 1647/1013/1165 1376/1019/1171 2342/1020/1172
f 2342/1020/1172 1376/1019/1171 1648/1021/1173 2357/1022/1174
f 2061/1018/1170 1189/1017/1169 1378/1023/1175 2076/1024/1176
f 2076/1024/1176 1378/1023/1175 1190/1025/1177 2062/1026/1178
f 2357/1022/1174 1648/1021/1173 1379/1027/1179 2343/1028/1180
f 2343/1028/1180 1379/1027/1179 1649/1029/1181 2358/1030/1182
f 2062/1026/1178 1190/1025/1177 1381/1031/1183 2077/1032/1184
f 2077/1032/1184 1381/1031/1183 1187/1033/1185 2063/1034/1186
f 2358/1030/1182 1649/1029/1181 1382/1035/1187 2344/1036/1188
f 2386/1037/1189 1384/1038/1190 1650/1039/1191 2400/1040/1192
f 2029/1041/1193 1192/1042/1194 1370/1043/1195 2043/1044/1196
f 2043/1045/1196 1370/1046/1195 1195/1047/1197 2030/1048/1198
f 2400/1049/1192 1650/1050/1191 1385/1051/1199 2387/1052/1200
f 2387/1052/1200 1385/1051/1199 1651/1053/1201 2401/1054/1202
f 2030/1048/1198 1195/1047/1197 1374/1055/1203 2044/1056/1204
f 2044/1056/1204 1374/1055/1203 1194/1057/1205 2031/1058/1206
f 2401/1054/1202 1651/1053/1201 1387/1059/1207 2388/1060/1208
f 2388/1060/1208 1387/1059/1207 1652/1061/1209 2402/1062/1210
f 2031/1058/1206 1194/1057/1205 1377/1063/1211 2045/1064/1212
f 2045/1064/1212 1377/1063/1211 1193/1065/1213 2032/1066/1214
f 2402/1062/1210 1652/1061/1209 1389/1067/1215 2389/1068/1216
f 2389/1068/1216 1389/1067/1215 1653/1069/1217 2403/1070/1218
f 2032/1066/1214 1193/1065/1213 1380/1071/1219 2046/1072/1220
f 2046/1072/1220 1380/1071/1219 1191/1073/1221 2033/1074/1222
f 2403/1070/1218 1653/1069/1217 1391/1075/1223 2390/1076/1224
f 2427/1077/1225 1393/1078/1226 1654/1079/1227 2441/1080/1228
f 1994/1081/1229 1197/1082/1230 1383/1083/1231 2008/1084/1232
f 2008/1085/1232 1383/1086/1231 1200/1087/1233 1995/1088/1234
f 2441/1089/1228 1654/1090/1227 1394/1091/1235 2428/1092/1236
f 2428/1092/1236 1394/1091/1235 1655/1093/1237 2442/1094/1238
f 1995/1088/1234 1200/1087/1233 1386/1095/1239 2009/1096/1240
f 2009/1096/1240 1386/1095/1239 1199/1097/1241 1996/1098/1242
f 2442/1094/1238 1655/1093/1237 1396/1099/1243 2429/1100/1244
f 2429/1100/1244 1396/1099/1243 1656/1101/1245 2443/1102/1246
f 1996/1098/1242 1199/1097/1241 1388/1103/1247 2010/1104/1248
f 2010/1104/1248 1388/1103/1247 1198/1105/1249 1997/1106/1250
f 2443/1102/1246 1656/1101/1245 1398/1107/1251 2430/1108/1252
f 2430/1108/1252 1398/1107/1251 1657/1109/1253 2444/1110/1254
f 1997/1106/1250 1198/1105/1249 1390/1111/1255 2011/1112/1256
f 2011/1112/1256 1390/1111/1255 1196/1113/1257 1998/1114/1258
f 2444/1110/1254 1657/1109/1253 1400/1115/1259 2431/1116/1260
f 2468/1117/1261 1402/1118/1262 1658/1119/1263 2482/1120/1264
f 1959/1121/1265 1202/1122/1266 1392/1123/1267 1973/1124/1268
f 1973/1125/1268 1392/1126/1267 1205/1127/1269 1960/1128/1270
f 2482/1129/1264 1658/1130/1263 1403/1131/1271 2469/1132/1272
f 2469/1132/1272 1403/1131/1271 1659/1133/1273 2483/1134/1274
f 1960/1128/1270 1205/1127/1269 1395/1135/1275 1974/1136/1276
f 1974/1136/1276 1395/1135/1275 1204/1137/1277 1961/1138/1278
f 2483/1134/1274 1659/1133/1273 1405/1139/1279 2470/1140/1280
f 2470/1140/1280 1405/1139/1279 1660/1141/1281 2484/1142/1282
f 1961/1138/1278 1204/1137/1277 1397/1143/1283 1975/1144/1284
f 1975/1144/1284 1397/1143/1283 1203/1145/1285 1962/1146/1286
f 2484/1142/1282 1660/1141/1281 1407/1147/1287 2471/1148/1288
f 2471/1148/1288 1407/1147/1287 1661/1149/1289 2485/1150/1290
f 1962/1146/1286 1203/1145/1285 1399/1151/1291 1976/1152/1292
f 1976/1152/1292 1399/1151/1291 1201/1153/1293 1963/1154/1294
f 2485/1150/1290 1661/1149/1289 1409/1155/1295 2472/1156/1296
f 2509/1157/1297 1411/1158/1298 1662/1159/1299 2523/1160/1300
f 1924/1161/1301 1207/1162/1302 1401/1163/1303 1938/1164/1304
f 1938/1165/1304 1401/1166/1303 1210/1167/1305 1925/1168/1306
f 2523/1169/1300 1662/1170/1299 1412/1171/1307 2510/1172/1308
f 2510/1172/1308 1412/1171/1307 1663/1173/1309 2524/1174/1310
f 1925/1168/1306 1210/1167/1305 1404/1175/1311 1939/1176/1312
f 1939/1176/1312 1404/1175/1311 1209/1177/1313 1926/1178/1314
f 2524/1174/1310 1663/1173/1309 1414/1179/1315 2511/1180/1316
f 2511/1180/1316 1414/1179/1315 1664/1181/1317 2525/1182/1318
f 1926/1178/1314 1209/1177/1313 1406/1183/1319 1940/1184/1320
f 1940/1184/1320 1406/1183/1319 1208/1185/1321 1927/1186/1322
f 2525/1182/1318 1664/1181/1317 1416/1187/1323 2512/1188/1324
f 2512/1188/1324 1416/1187/1323 1665/1189/1325 2526/1190/1326
f 1927/1186/1322 1208/1185/1321 1408/1191/1327 1941/1192/1328
f 1941/1192/1328 1408/1191/1327 1206/1193/1329 1928/1194/1330
f 2526/1190/1326 1665/1189/1325 1418/1195/1331 2513/1196/1332
f 2545/1197/1333 1420/1198/1334 1666/1199/1335 2560/1200/1336
f 1884/1201/1337 1212/1202/1338 1410/1203/1339 1899/1204/1340
f 1899/1205/1340 1410/1206/1339 1215/1207/1341 1885/1208/1342
f 2560/1209/1336 1666/1210/1335 1421/1211/1343 2546/1212/1344
f 2546/1212/1344 1421/1211/1343 1667/1213/1345 2561/1214/1346
f 1885/1208/1342 1215/1207/1341 1413/1215/1347 1900/1216/1348
f 1900/1216/1348 1413/1215/1347 1214/1217/1349 1886/1218/1350
f 2561/1214/1346 1667/1213/1345 1423/1219/1351 2547/1220/1352
f 2547/1220/1352 1423/1219/1351 1668/1221/1353 2562/1222/1354
f 1886/1218/1350 1214/1217/1349 1415/1223/1355 1901/1224/1356
f 1901/1224/1356 1415/1223/1355 1213/1225/1357 1887/1226/1358
f 2562/1222/1354 1668/1221/1353 1425/1227/1359 2548/1228/1360
f 2548/1228/1360 1425/1227/1359 1669/1229/1361 2563/1230/1362
f 1887/1226/1358 1213/1225/1357 1417/1231/1363 1902/1232/1364
f 1902/1232/1364 1417/1231/1363 1211/1233/1365 1888/1234/1366
f 2563/1230/1362 1669/1229/1361 1427/1235/1367 2549/1236/1368
f 2094/1237/1369 1429/1238/1370 1670/1239/1371 2109/1240/1372
f 2821/1241/1373 1217/1242/1374 1419/1243/1375 2836/1244/1376
f 2836/1245/1376 1419/1246/1375 1220/1247/1377 2822/1248/1378
f 2109/1249/1372 1670/1250/1371 1430/1251/1379 2095/1252/1380
f 2095/1252/1380 1430/1251/1379 1671/1253/1381 2110/1254/1382
f 2822/1248/1378 1220/1247/1377 1422/1255/1383 2837/1256/1384
f 2837/1256/1384 1422/1255/1383 1219/1257/1385 2823/1258/1386
f 2110/1254/1382 1671/1253/1381 1432/1259/1387 2096/1260/1388
f 2096/1260/1388 1432/1259/1387 1672/1261/1389 2111/1262/1390
f 2823/1258/1386 1219/1257/1385 1424/1263/1391 2838/1264/1392
f 2838/1264/1392 1424/1263/1391 1218/1265/1393 2824/1266/1394
f 2111/1262/1390 1672/1261/1389 1434/1267/1395 2097/1268/1396
f 2097/1268/1396 1434/1267/1395 1673/1269/1397 2112/1270/1398
f 2824/1266/1394 1218/1265/1393 1426/1271/1399 2839/1272/1400
f 2839/1272/1400 1426/1271/1399 1216/1273/1401 2825/1274/1402
f 2112/1270/1398 1673/1269/1397 1436/1275/1403 2098/1276/1404
f 2140/1277/1405 1438/1278/1406 1674/1279/1407 2154/1280/1408
f 2779/1281/1409 1222/1282/1410 1428/1283/1411 2793/1284/1412
f 2793/1285/1412 1428/1286/1411 1225/1287/1413 2780/1288/1414
f 2154/1289/1408 1674/1290/1407 1439/1291/1415 2141/1292/1416
f 2141/1292/1416 1439/1291/1415 1675/1293/1417 2155/1294/1418
f 2780/1288/1414 1225/1287/1413 1431/1295/1419 2794/1296/1420
f 2794/1296/1420 1431/1295/1419 1224/1297/1421 2781/1298/1422
f 2155/1294/1418 1675/1293/1417 1441/1299/1423 2142/1300/1424
f 2142/1300/1424 1441/1299/1423 1676/1301/1425 2156/1302/1426
f 2781/1298/1422 1224/1297/1421 1433/1303/1427 2795/1304/1428
f 2795/1304/1428 1433/1303/1427 1223/1305/1429 2782/1306/1430
f 2156/1302/1426 1676/1301/1425 1443/1307/1431 2143/1308/1432
f 2143/1308/1432 1443/1307/1431 1677/1309/1433 2157/1310/1434
f 2782/1306/1430 1223/1305/1429 1435/1311/1435 2796/1312/1436
f 2796/1312/1436 1435/1311/1435 1221/1313/1437 2783/1314/1438
f 2157/1310/1434 1677/1309/1433 1445/1315/1439 2144/1316/1440
f 2181/1317/1441 1447/1318/1442 1678/1319/1443 2195/1320/1444
f 2732/1321/1445 1227/1322/1446 1437/1323/1447 2746/1324/1448
f 2746/1325/1448 1437/1326/1447 1230/1327/1449 2733/1328/1450
f 2195/1329/1444 1678/1330/1443 1448/1331/1451 2182/1332/1452
f 2182/1332/1452 1448/1331/1451 1679/1333/1453 2196/1334/1454
f 2733/1328/1450 1230/1327/1449 1440/1335/1455 2747/1336/1456
f 2747/1336/1456 1440/1335/1455 1229/1337/1457 2734/1338/1458
f 2196/1334/1454 1679/1333/1453 1450/1339/1459 2183/1340/1460
f 2183/1340/1460 1450/1339/1459 1680/1341/1461 2197/1342/1462
f 2734/1338/1458 1229/1337/1457 1442/1343/1463 2748/1344/1464
f 2748/1344/1464 1442/1343/1463 1228/1345/1465 2735/1346/1466
f 2197/1342/1462 1680/1341/1461 1452/1347/1467 2184/1348/1468
f 2184/1348/1468 1452/1347/1467 1681/1349/1469 2198/1350/1470
f 2735/1346/1466 1228/1345/1465 1444/1351/1471 2749/1352/1472
f 2749/1352/1472 1444/1351/1471 1226/1353/1473 2736/1354/1474
f 2198/1350/1470 1681/1349/1469 1454/1355/1475 2185/1356/1476
f 2222/1357/1477 1456/1358/1478 1682/1359/1479 2236/1360/1480
f 2685/1361/1481 1232/1362/1482 1446/1363/1483 2699/1364/1484
f 2699/1365/1484 1446/1366/1483 1235/1367/1485 2686/1368/1486
f 2236/1369/1480 1682/1370/1479 1457/1371/1487 2223/1372/1488
f 2223/1372/1488 1457/1371/1487 1683/1373/1489 2237/1374/1490
f 2686/1368/1486 1235/1367/1485 1449/1375/1491 2700/1376/1492
f 2700/1376/1492 1449/1375/1491 1234/1377/1493 2687/1378/1494
f 2237/1374/1490 1683/1373/1489 1459/1379/1495 2224/1380/1496
f 2224/1380/1496 1459/1379/1495 1684/1381/1497 2238/1382/1498
f 2687/1378/1494 1234/1377/1493 1451/1383/1499 2701/1384/1500
f 2701/1384/1500 1451/1383/1499 1233/1385/1501 2688/1386/1502
f 2238/1382/1498 1684/1381/1497 1461/1387/1503 2225/1388/1504
f 2225/1388/1504 1461/1387/1503 1685/1389/1505 2239/1390/1506
f 2688/1386/1502 1233/1385/1501 1453/1391/1507 2702/1392/1508
f 2702/1392/1508 1453/1391/1507 1231/1393/1509 2689/1394/1510
f 2239/1390/1506 1685/1389/1505 1463/1395/1511 2226/1396/1512
f 2263/1397/1513 1465/1398/1514 1686/1399/1515 2277/1400/1516
f 2638/1401/1517 1237/1402/1518 1455/1403/1519 2652/1404/1520
f 2652/1405/1520 1455/1406/1519 1240/1407/1521 2639/1408/1522
f 2277/1409/1516 1686/1410/1515 1466/1411/1523 2264/1412/1524
f 2264/1412/1524 1466/1411/1523 1687/1413/1525 2278/1414/1526
f 2639/1408/1522 1240/1407/1521 1458/1415/1527 2653/1416/1528
f 2653/1416/1528 1458/1415/1527 1239/1417/1529 2640/1418/1530
f 2278/1414/1526 1687/1413/1525 1468/1419/1531 2265/1420/1532
f 2265/1420/1532 1468/1419/1531 1688/1421/1533 2279/1422/1534
f 2640/1418/1530 1239/1417/1529 1460/1423/1535 2654/1424/1536
f 2654/1424/1536 1460/1423/1535 1238/1425/1537 2641/1426/1538
f 2279/1422/1534 1688/1421/1533 1470/1427/1539 2266/1428/1540
f 2266/1428/1540 1470/1427/1539 1689/1429/1541 2280/1430/1542
f 2641/1426/1538 1238/1425/1537 1462/1431/1543 2655/1432/1544
f 2655/1432/1544 1462/1431/1543 1236/1433/1545 2642/1434/1546
f 2280/1430/1542 1689/1429/1541 1472/1435/1547 2267/1436/1548
f 2299/1437/1549 1474/1438/1550 1690/1439/1551 2314/1440/1552
f 2586/1441/1553 1242/1442/1554 1464/1443/1555 2601/1444/1556
f 2601/1445/1556 1464/1446/1555 1245/1447/1557 2587/1448/1558
f 2314/1449/1552 1690/1450/1551 1475/1451/1559 2300/1452/1560
f 2300/1452/1560 1475/1451/1559 1691/1453/1561 2315/1454/1562
f 2587/1448/1558 1245/1447/1557 1467/1455/1563 2602/1456/1564
f 2602/1456/1564 1467/1455/1563 1244/1457/1565 2588/1458/1566
f 2315/1454/1562 1691/1453/1561 1477/1459/1567 2301/1460/1568
f 2301/1460/1568 1477/1459/1567 1692/1461/1569 2316/1462/1570
f 2588/1458/1566 1244/1457/1565 1469/1463/1571 2603/1464/1572
f 2603/1464/1572 1469/1463/1571 1243/1465/1573 2589/1466/1574
f 2316/1462/1570 1692/1461/1569 1479/1467/1575 2302/1468/1576
f 2302/1468/1576 1479/1467/1575 1693/1469/1577 2317/1470/1578
f 2589/1466/1574 1243/1465/1573 1471/1471/1579 2604/1472/1580
f 2604/1472/1580 1471/1471/1579 1241/1473/1581 2590/1474/1582
f 2317/1470/1578 1693/1469/1577 1481/1475/1583 2303/1476/1584
f 1889/1477/1585 1483/1478/1586 1694/1479/1587 1903/1480/1588
f 2550/1481/1589 1247/1482/1590 1473/1483/1591 2564/1484/1592
f 2564/1485/1592 1473/1486/1591 1250/1487/1593 2551/1488/1594
f 1903/1489/1588 1694/1490/1587 1484/1491/1595 1890/1492/1596
f 1890/1492/1596 1484/1491/1595 1695/1493/1597 1904/1494/1598
f 2551/1488/1594 1250/1487/1593 1476/1495/1599 2565/1496/1600
f 2565/1496/1600 1476/1495/1599 1249/1497/1601 2552/1498/1602
f 1904/1494/1598 1695/1493/1597 1486/1499/1603 1891/1500/1604
f 1891/1500/1604 1486/1499/1603 1696/1501/1605 1905/1502/1606
f 2552/1498/1602 1249/1497/1601 1478/1503/1607 2566/1504/1608
f 2566/1504/1608 1478/1503/1607 1248/1505/1609 2553/1506/1610
f 1905/1502/1606 1696/1501/1605 1488/1507/1611 1892/1508/1612
f 1892/1508/1612 1488/1507/1611 1697/1509/1613 1906/1510/1614
f 2553/1506/1610 1248/1505/1609 1480/1511/1615 2567/1512/1616
f 2567/1512/1616 1480/1511/1615 1246/1513/1617 2554/1514/1618
f 1906/1510/1614 1697/1509/1613 1490/1515/1619 1893/1516/1620
f 1929/1517/1621 1492/1518/1622 1698/1519/1623 1942/1520/1624
f 2514/1521/1625 1252/1522/1626 1482/1523/1627 2527/1524/1628
f 2527/1525/1628 1482/1526/1627 1255/1527/1629 2515/1528/1630
f 1942/1529/1624 1698/1530/1623 1493/1531/1631 1930/1532/1632
f 1930/1532/1632 1493/1531/1631 1699/1533/1633 1943/1534/1634
f 2515/1528/1630 1255/1527/1629 1485/1535/1635 2528/1536/1636
f 2528/1536/1636 1485/1535/1635 1254/1537/1637 2516/1538/1638
f 1943/1534/1634 1699/1533/1633 1495/1539/1639 1931/1540/1640
f 1931/1540/1640 1495/1539/1639 1700/1541/1641 1944/1542/1642
f 2516/1538/1638 1254/1537/1637 1487/1543/1643 2529/1544/1644
f 2529/1544/1644 1487/1543/1643 1253/1545/1645 2517/1546/1646
f 1944/1542/1642 1700/1541/1641 1497/1547/1647 1932/1548/1648
f 1932/1548/1648 1497/1547/1647 1701/1549/1649 1945/1550/1650
f 2517/1546/1646 1253/1545/1645 1489/1551/1651 2530/1552/1652
f 2530/1552/1652 1489/1551/1651 1251/1553/1653 2518/1554/1654
f 1945/1550/1650 1701/1549/1649 1499/1555/1655 1933/1556/1656
f 1964/1557/1657 1501/1558/1658 1702/1559/1659 1977/1560/1660
f 2473/1561/1661 1257/1562/1662 1491/1563/1663 2486/1564/1664
f 2486/1565/1664 1491/1566/1663 1260/1567/1665 2474/1568/1666
f 1977/1569/1660 1702/1570/1659 1502/1571/1667 1965/1572/1668
f 1965/1572/1668 1502/1571/1667 1703/1573/1669 1978/1574/1670
f 2474/1568/1666 1260/1567/1665 1494/1575/1671 2487/1576/1672
f 2487/1576/1672 1494/1575/1671 1259/1577/1673 2475/1578/1674
f 1978/1574/1670 1703/1573/1669 1504/1579/1675 1966/1580/1676
f 1966/1580/1676 1504/1579/1675 1704/1581/1677 1979/1582/1678
f 2475/1578/1674 1259/1577/1673 1496/1583/1679 2488/1584/1680
f 2488/1584/1680 1496/1583/1679 1258/1585/1681 2476/1586/1682
f 1979/1582/1678 1704/1581/1677 1506/1587/1683 1967/1588/1684
f 1967/1588/1684 1506/1587/1683 1705/1589/1685 1980/1590/1686
f 2476/1586/1682 1258/1585/1681 1498/1591/1687 2489/1592/1688
f 2489/1592/1688 1498/1591/1687 1256/1593/1689 2477/1594/1690
f 1980/1590/1686 1705/1589/1685 1508/1595/1691 1968/1596/1692
f 1999/1597/1693 1510/1598/1694 1706/1599/1695 2012/1600/1696
f 2432/1601/1697 1262/1602/1698 1500/1603/1699 2445/1604/1700
f 2445/1605/1700 1500/1606/1699 1265/1607/1701 2433/1608/1702
f 2012/1609/1696 1706/1610/1695 1511/1611/1703 2000/1612/1704
f 2000/1612/1704 1511/1611/1703 1707/1613/1705 2013/1614/1706
f 2433/1608/1702 1265/1607/1701 1503/1615/1707 2446/1616/1708
f 2446/1616/1708 1503/1615/1707 1264/1617/1709 2434/1618/1710
f 2013/1614/1706 1707/1613/1705 1513/1619/1711 2001/1620/1712
f 2001/1620/1712 1513/1619/1711 1708/1621/1713 2014/1622/1714
f 2434/1618/1710 1264/1617/1709 1505/1623/1715 2447/1624/1716
f 2447/1624/1716 1505/1623/1715 1263/1625/1717 2435/1626/1718
f 2014/1622/1714 1708/1621/1713 1515/1627/1719 2002/1628/1720
f 2002/1628/1720 1515/1627/1719 1709/1629/1721 2015/1630/1722
f 2435/1626/1718 1263/1625/1717 1507/1631/1723 2448/1632/1724
f 2448/1632/1724 1507/1631/1723 1261/1633/1725 2436/1634/1726
f 2015/1630/1722 1709/1629/1721 1517/1635/1727 2003/1636/1728
f 2034/1637/1729 1519/1638/1730 1710/1639/1731 2047/1640/1732
f 2391/1641/1733 1267/1642/1734 1509/1643/1735 2404/1644/1736
f 2404/1645/1736 1509/1646/1735 1270/1647/1737 2392/1648/1738
f 2047/1649/1732 1710/1650/1731 1520/1651/1739 2035/1652/1740
f 2035/1652/1740 1520/1651/1739 1711/1653/1741 2048/1654/1742
f 2392/1648/1738 1270/1647/1737 1512/1655/1743 2405/1656/1744
f 2405/1656/1744 1512/1655/1743 1269/1657/1745 2393/1658/1746
f 2048/1654/1742 1711/1653/1741 1522/1659/1747 2036/1660/1748
f 2036/1660/1748 1522/1659/1747 1712/1661/1749 2049/1662/1750
f 2393/1658/1746 1269/1657/1745 1514/1663/1751 2406/1664/1752
f 2406/1664/1752 1514/1663/1751 1268/1665/1753 2394/1666/1754
f 2049/1662/1750 1712/1661/1749 1524/1667/1755 2037/1668/1756
f 2037/1668/1756 1524/1667/1755 1713/1669/1757 2050/1670/1758
f 2394/1666/1754 1268/1665/1753 1516/1671/1759 2407/1672/1760
f 2407/1672/1760 1516/1671/1759 1266/1673/1761 2395/1674/1762
f 2050/1670/1758 1713/1669/1757 1526/1675/1763 2038/1676/1764
f 2064/1677/1765 1528/1678/1766 1714/1679/1767 2078/1680/1768
f 2345/1681/1769 1272/1682/1770 1518/1683/1771 2359/1684/1772
f 2359/1685/1772 1518/1686/1771 1275/1687/1773 2346/1688/1774
f 2078/1689/1768 1714/1690/1767 1529/1691/1775 2065/1692/1776
f 2065/1692/1776 1529/1691/1775 1715/1693/1777 2079/1694/1778
f 2346/1688/1774 1275/1687/1773 1521/1695/1779 2360/1696/1780
f 2360/1696/1780 1521/1695/1779 1274/1697/1781 2347/1698/1782
f 2079/1694/1778 1715/1693/1777 1531/1699/1783 2066/1700/1784
f 2066/1700/1784 1531/1699/1783 1716/1701/1785 2080/1702/1786
f 2347/1698/1782 1274/1697/1781 1523/1703/1787 2361/1704/1788
f 2361/1704/1788 1523/1703/1787 1273/1705/1789 2348/1706/1790
f 2080/1702/1786 1716/1701/1785 1533/1707/1791 2067/1708/1792
f 2067/1708/1792 1533/1707/1791 1717/1709/1793 2081/1710/1794
f 2348/1706/1790 1273/1705/1789 1525/1711/1795 2362/1712/1796
f 2362/1712/1796 1525/1711/1795 1271/1713/1797 2349/1714/1798
f 2081/1710/1794 1717/1709/1793 1535/1715/1799 2068/1716/1800
f 2591/1717/1801 1537/1718/1802 1718/1719/1803 2605/1720/1804
f 2304/1721/1805 1277/1722/1806 1527/1723/1807 2318/1724/1808
f 2318/1725/1808 1527/1726/1807 1280/1727/1809 2305/1728/1810
f 2605/1729/1804 1718/1730/1803 1538/1731/1811 2592/1732/1812
f 2592/1732/1812 1538/1731/1811 1719/1733/1813 2606/1734/1814
f 2305/1728/1810 1280/1727/1809 1530/1735/1815 2319/1736/1816
f 2319/1736/1816 1530/1735/1815 1279/1737/1817 2306/1738/1818
f 2606/1734/1814 1719/1733/1813 1540/1739/1819 2593/1740/1820
f 2593/1740/1820 1540/1739/1819 1720/1741/1821 2607/1742/1822
f 2306/1738/1818 1279/1737/1817 1532/1743/1823 2320/1744/1824
f 2320/1744/1824 1532/1743/1823 1278/1745/1825 2307/1746/1826
f 2607/1742/1822 1720/1741/1821 1542/1747/1827 2594/1748/1828
f 2594/1748/1828 1542/1747/1827 1721/1749/1829 2608/1750/1830
f 2307/1746/1826 1278/1745/1825 1534/1751/1831 2321/1752/1832
f 2321/1752/1832 1534/1751/1831 1276/1753/1833 2308/1754/1834
f 2608/1750/1830 1721/1749/1829 1544/1755/1835 2595/1756/1836
f 2643/1757/1837 1546/1758/1838 1722/1759/1839 2656/1760/1840
f 2268/1761/1841 1282/1762/1842 1536/1763/1843 2281/1764/1844
f 2281/1765/1844 1536/1766/1843 1285/1767/1845 2269/1768/1846
f 2656/1769/1840 1722/1770/1839 1547/1771/1847 2644/1772/1848
f 2644/1772/1848 1547/1771/1847 1723/1773/1849 2657/1774/1850
f 2269/1768/1846 1285/1767/1845 1539/1775/1851 2282/1776/1852
f 2282/1776/1852 1539/1775/1851 1284/1777/1853 2270/1778/1854
f 2657/1774/1850 1723/1773/1849 1549/1779/1855 2645/1780/1856
f 2645/1780/1856 1549/1779/1855 1724/1781/1857 2658/1782/1858
f 2270/1778/1854 1284/1777/1853 1541/1783/1859 2283/1784/1860
f 2283/1784/1860 1541/1783/1859 1283/1785/1861 2271/1786/1862
f 2658/1782/1858 1724/1781/1857 1551/1787/1863 2646/1788/1864
f 2646/1788/1864 1551/1787/1863 1725/1789/1865 2659/1790/1866
f 2271/1786/1862 1283/1785/1861 1543/1791/1867 2284/1792/1868
f 2284/1792/1868 1543/1791/1867 1281/1793/1869 2272/1794/1870
f 2659/1790/1866 1725/1789/1865 1553/1795/1871 2647/1796/1872
f 2690/1797/1873 1555/1798/1874 1726/1799/1875 2703/1800/1876
f 2227/1801/1877 1287/1802/1878 1545/1803/1879 2240/1804/1880
f 2240/1805/1880 1545/1806/1879 1290/1807/1881 2228/1808/1882
f 2703/1809/1876 1726/1810/1875 1556/1811/1883 2691/1812/1884
f 2691/1812/1884 1556/1811/1883 1727/1813/1885 2704/1814/1886
f 2228/1808/1882 1290/1807/1881 1548/1815/1887 2241/1816/1888
f 2241/1816/1888 1548/1815/1887 1289/1817/1889 2229/1818/1890
f 2704/1814/1886 1727/1813/1885 1558/1819/1891 2692/1820/1892
f 2692/1820/1892 1558/1819/1891 1728/1821/1893 2705/1822/1894
f 2229/1818/1890 1289/1817/1889 1550/1823/1895 2242/1824/1896
f 2242/1824/1896 1550/1823/1895 1288/1825/1897 2230/1826/1898
f 2705/1822/1894 1728/1821/1893 1560/1827/1899 2693/1828/1900
f 2693/1828/1900 1560/1827/1899 1729/1829/1901 2706/1830/1902
f 2230/1826/1898 1288/1825/1897 1552/1831/1903 2243/1832/1904
f 2243/1832/1904 1552/1831/1903 1286/1833/1905 2231/1834/1906
f 2706/1830/1902 1729/1829/1901 1562/1835/1907 2694/1836/1908
f 2737/1837/1909 1564/1838/1910 1730/1839/1911 2750/1840/1912
f 2186/1841/1913 1292/1842/1914 1554/1843/1915 2199/1844/1916
f 2199/1845/1916 1554/1846/1915 1295/1847/1917 2187/1848/1918
f 2750/1849/1912 1730/1850/1911 1565/1851/1919 2738/1852/1920
f 2738/1852/1920 1565/1851/1919 1731/1853/1921 2751/1854/1922
f 2187/1848/1918 1295/1847/1917 1557/1855/1923 2200/1856/1924
f 2200/1856/1924 1557/1855/1923 1294/1857/1925 2188/1858/1926
f 2751/1854/1922 1731/1853/1921 1567/1859/1927 2739/1860/1928
f 2739/1860/1928 1567/1859/1927 1732/1861/1929 2752/1862/1930
f 2188/1858/1926 1294/1857/1925 1559/1863/1931 2201/1864/1932
f 2201/1864/1932 1559/1863/1931 1293/1865/1933 2189/1866/1934
f 2752/1862/1930 1732/1861/1929 1569/1867/1935 2740/1868/1936
f 2740/1868/1936 1569/1867/1935 1733/1869/1937 2753/1870/1938
f 2189/1866/1934 1293/1865/1933 1561/1871/1939 2202/1872/1940
f 2202/1872/1940 1561/1871/1939 1291/1873/1941 2190/1874/1942
f 2753/1870/1938 1733/1869/1937 1571/1875/1943 2741/1876/1944
f 2784/1877/1945 1573/1878/1946 1734/1879/1947 2797/1880/1948
f 2145/1881/1949 1297/1882/1950 1563/1883/1951 2158/1884/1952
f 2158/1885/1952 1563/1886/1951 1300/1887/1953 2146/1888/1954
f 2797/1889/1948 1734/1890/1947 1574/1891/1955 2785/1892/1956
f 2785/1892/1956 1574/1891/1955 1735/1893/1957 2798/1894/1958
f 2146/1888/1954 1300/1887/1953 1566/1895/1959 2159/1896/1960
f 2159/1896/1960 1566/1895/1959 1299/1897/1961 2147/1898/1962
f 2798/1894/1958 1735/1893/1957 1576/1899/1963 2786/1900/1964
f 2786/1900/1964 1576/1899/1963 1736/1901/1965 2799/1902/1966
f 2147/1898/1962 1299/1897/1961 1568/1903/1967 2160/1904/1968
f 2160/1904/1968 1568/1903/1967 1298/1905/1969 2148/1906/1970
f 2799/1902/1966 1736/1901/1965 1578/1907/1971 2787/1908/1972
f 2787/1908/1972 1578/1907/1971 1737/1909/1973 2800/1910/1974
f 2148/1906/1970 1298/1905/1969 1570/1911/1975 2161/1912/1976
f 2161/1912/1976 1570/1911/1975 1296/1913/1977 2149/1914/1978
f 2800/1910/1974 1737/1909/1973 1580/1915/1979 2788/1916/1980
f 2826/1917/1981 1581/1918/1982 1738/1919/1983 2840/1920/1984
f 2099/1921/1985 1302/1922/1986 1572/1923/1987 2113/1924/1988
f 2113/1925/1988 1572/1926/1987 1305/1927/1989 2100/1928/1990
f 2840/1929/1984 1738/1930/1983 1582/1931/1991 2827/1932/1992
f 2827/1932/1992 1582/1931/1991 1739/1933/1993 2841/1934/1994
f 2100/1928/1990 1305/1927/1989 1575/1935/1995 2114/1936/1996
f 2114/1936/1996 1575/1935/1995 1304/1937/1997 2101/1938/1998
f 2841/1934/1994 1739/1933/1993 1583/1939/1999 2828/1940/2000
f 2828/1940/2000 1583/1939/1999 1740/1941/2001 2842/1942/2002
f 2101/1938/1998 1304/1937/1997 1577/1943/2003 2115/1944/2004
f 2115/1944/2004 1577/1943/2003 1303/1945/2005 2102/1946/2006
f 2842/1942/2002 1740/1941/2001 1584/1947/2007 2829/1948/2008
f 2829/1948/2008 1584/1947/2007 1741/1949/2009 2843/1950/2010
f 2102/1946/2006 1303/1945/2005 1579/1951/2011 2116/1952/2012
f 2116/1952/2012 1579/1951/2011 1301/1953/2013 2103/1954/2014
f 2843/1950/2010 1741/1949/2009 1585/1955/2015 2830/1956/2016
f 2859/1957/2017 2082/1958/2018 1742/1959/2019 2844/1960/2020
f 2132/1961/2021 2069/1962/2022 1586/1963/2023 2117/1964/2024
f 2373/1965/2025 2350/1966/2026 1161/1967/2027 2104/1968/2028
f 2860/1969/2029 2363/1970/2030 1587/1971/2031 2831/1972/2032
f 2820/1973/2033 1329/1974/2034 1743/1975/2035 2845/1976/2036
f 2093/1977/2037 1160/1978/2038 1589/1979/2039 2118/1980/2040
f 2118/1980/2040 1589/1979/2039 1302/1922/1986 2099/1921/1985
f 2449/1981/2041 1747/1982/2042 1861/1983/2043 2454/1984/2044
f 2338/1985/2045 1306/1986/2046 1744/1987/2047 2364/1988/2048
f 2057/1989/2049 1137/1990/2050 1588/1991/2051 2083/1992/2052
f 2083/1992/2052 1588/1991/2051 1186/1002/1158 2059/1001/1157
f 1780/1993/2053 1555/1798/2054 1827/1994/2055 1879/1995/2056
f 2379/1996/2057 1307/1997/2058 1745/1998/2059 2408/1999/2060
f 2022/2000/2061 1138/2001/2062 1590/2002/2063 2051/2003/2064
f 2051/2003/2064 1590/2002/2063 1192/1042/1194 2029/1041/1193
f 2545/1197/2065 1217/1242/2066 1796/2004/2067 2576/2005/2068
f 2858/2006/2069 2052/2007/2070 1746/2008/2071 2846/2009/2072
f 2131/2010/2073 2024/2011/2074 1334/2012/2075 2119/2013/2076
f 2414/2014/2077 2381/2015/2078 1162/2016/2079 2105/2017/2080
f 2861/2018/2081 2409/2019/2082 1592/2020/2083 2832/2021/2084
f 2420/2022/2085 1308/2023/2086 1747/1982/2042 2449/1981/2041
f 1987/2024/2087 1139/2025/2088 1591/2026/2089 2016/2027/2090
f 2016/2027/2090 1591/2026/2089 1197/1082/1230 1994/1081/1229
f 2737/1837/2091 1297/1882/2092 1828/2028/2093 2758/2029/2094
f 2857/2030/2095 2017/2031/2096 1748/2032/2097 2847/2033/2098
f 2130/2034/2099 1989/2035/2079 1343/2036/2100 2120/2037/2101
f 2455/2038/2101 2422/2039/2100 1163/2040/2102 2106/2041/2103
f 2862/2042/2104 2450/2043/2105 1594/2044/2106 2833/2045/2107
f 2461/2046/2108 1309/2047/2109 1749/2048/2110 2490/2049/2111
f 1952/2050/2112 1140/2051/2113 1593/2052/2114 1981/2053/2115
f 1981/2053/2115 1593/2052/2114 1202/1122/1266 1959/1121/1265
f 2244/2054/2116 1760/2055/2117 1868/2056/2118 2249/2057/2119
f 2856/2058/2120 1982/2059/2121 1750/2060/2122 2848/2061/2123
f 2129/2062/2103 1954/2063/2124 1352/2064/2124 2121/2065/2125
f 2496/2066/2126 2463/2067/2127 1164/2068/2127 2107/2069/2128
f 2863/2070/2129 2491/2071/2130 1596/2072/2131 2834/2073/2132
f 2502/2074/2133 1310/2075/2134 1751/2076/2135 2531/2077/2136
f 1917/2078/2137 1141/2079/2138 1595/2080/2139 1946/2081/2140
f 1946/2081/2140 1595/2080/2139 1207/1162/1302 1924/1161/1301
f 1192/1042/2141 1590/2002/2063 1836/2082/2142 1786/2083/2143
f 2855/2084/2144 1947/2085/2145 1752/2086/2146 2849/2087/2147
f 2128/2088/2148 1919/2089/2149 1361/2090/2150 2122/2091/2151
f 2537/2092/2152 2504/2093/2153 1165/2094/2154 2108/2095/2155
f 2864/2096/2156 2532/2097/2157 1598/2098/2158 2835/2099/2159
f 2543/2100/2160 1311/2101/2161 1753/2102/2162 2568/2103/2163
f 1882/2104/2164 1142/2105/2165 1597/2106/2166 1907/2107/2167
f 1907/2107/2167 1597/2106/2166 1212/1202/1338 1884/1201/1337
f 2053/2108/2168 1773/2109/2169 1875/2110/2170 2056/2111/2171
f 2854/2112/2172 1908/2113/2173 1754/2114/2174 2850/2115/2175
f 2127/2116/2176 1894/2117/2177 1600/2118/2178 2123/2119/2179
f 2578/2120/2180 2555/2121/2181 1221/1313/1437 2098/1276/1404
f 2865/2122/2182 2569/2123/2183 1436/1275/1403 2825/1274/1402
f 2092/2124/2184 1312/2125/2185 1755/2126/2186 2124/2127/2187
f 2819/2128/2188 1143/2129/2189 1599/2130/2190 2851/2131/2191
f 2851/2131/2191 1599/2130/2190 1217/1242/1374 2821/1241/1373
f 1747/1982/2042 1393/1078/2192 1791/2132/2193 1861/1983/2043
f 2133/2133/2194 1313/2134/2195 1756/2135/2196 2162/2136/2197
f 2772/2137/2198 1144/2138/2199 1601/2139/2200 2801/2140/2201
f 2801/2140/2201 1601/2139/2200 1222/1282/1410 2779/1281/1409
f 1760/2055/2117 1456/1358/2202 1805/2141/2203 1868/2056/2118
f 2807/2142/2204 1909/2143/2205 1757/2144/2206 2802/2145/2207
f 2168/2146/2208 1895/2147/2209 1603/2148/2210 2163/2149/2211
f 2579/2150/2212 2556/2151/2213 1226/1353/1473 2144/1316/1440
f 2818/2152/2214 2570/2153/2215 1445/1315/1439 2783/1314/1438
f 2174/2154/2216 1314/2155/2217 1758/2156/2218 2203/2157/2219
f 2725/2158/2220 1145/2159/2221 1602/2160/2222 2754/2161/2223
f 2754/2161/2223 1602/2160/2222 1227/1322/1446 2732/1321/1445
f 1302/1922/2224 1589/1979/2039 1835/2162/2225 1830/2163/2226
f 2760/2164/2227 1910/2165/2227 1759/2166/2228 2755/2167/2229
f 2209/2168/2230 1896/2169/2231 1605/2170/2232 2204/2171/2233
f 2580/2172/2234 2557/2173/2235 1231/1393/1509 2185/1356/1476
f 2771/2174/2236 2571/2175/2237 1454/1355/1475 2736/1354/1474
f 2215/2176/2238 1315/2177/2239 1760/2055/2117 2244/2054/2116
f 2678/2178/2240 1146/2179/2241 1604/2180/2242 2707/2181/2243
f 2707/2181/2243 1604/2180/2242 1232/1362/1482 2685/1361/1481
f 2427/1077/2244 1202/1122/2245 1790/2182/2246 2453/2183/2247
f 2713/2184/2248 1911/2185/2249 1761/2186/2250 2708/2187/2251
f 2250/2188/2249 1897/2189/2252 1607/2190/2253 2245/2191/2254
f 2581/2192/2255 2558/2193/2256 1236/1433/1545 2226/1396/1512
f 2724/2194/2257 2572/2195/2258 1463/1395/1511 2689/1394/1510
f 2256/2196/2259 1316/2197/2260 1762/2198/2261 2285/2199/2262
f 2631/2200/2263 1147/2201/2264 1606/2202/2265 2660/2203/2266
f 2660/2203/2266 1606/2202/2265 1237/1402/1518 2638/1401/1517
f 1773/2109/2169 1519/1638/2267 1819/2204/2268 1875/2110/2170
f 2666/2205/2269 1912/2206/2270 1763/2207/2271 2661/2208/2272
f 2291/2209/2273 1898/2210/2274 1609/2211/2275 2286/2212/2276
f 2582/2213/2277 2559/2214/2278 1241/1473/1581 2267/1436/1548
f 2677/2215/2279 2573/2216/2280 1472/1435/1547 2642/1434/1546
f 2297/2217/2281 1317/2218/2282 1764/2219/2283 2322/2220/2284
f 2584/2221/2285 1148/2222/2286 1608/2223/2287 2609/2224/2288
f 2609/2224/2288 1608/2223/2287 1242/1442/1554 2586/1441/1553
f 2591/1717/2289 1282/1762/2290 1822/2225/2291 2617/2226/2292
f 2619/2227/2293 1913/2228/2294 1765/2229/2295 2610/2230/2296
f 2332/2231/2297 1893/1516/1620 1490/1515/1619 2323/2232/2298
f 2583/2233/2299 2554/1514/1618 1246/1513/1617 2303/1476/1584
f 2630/2234/2300 2574/2235/2301 1481/1475/1583 2590/1474/1582
f 1883/2236/2302 1318/2237/2303 1766/2238/2304 1914/2239/2305
f 2544/2240/2306 1149/2241/2307 1610/2242/2308 2575/2243/2309
f 2575/2243/2309 1610/2242/2308 1247/1482/1590 2550/1481/1589
f 2568/2103/2163 1753/2102/2162 1864/2244/2310 2577/2245/2311
f 1918/2246/2312 1319/2247/2313 1767/2248/2314 1948/2249/2315
f 2503/2250/2316 1150/2251/2317 1612/2252/2318 2533/2253/2319
f 2533/2253/2319 1612/2252/2318 1252/1522/1626 2514/1521/1625
f 1914/2239/2305 1766/2238/2304 1871/2254/2320 1916/2255/2321
f 2620/2256/2322 1949/2257/2323 1768/2258/2324 2611/2259/2325
f 2333/2260/2326 1933/1556/1656 1499/1555/1655 2324/2261/2327
f 2542/2262/2328 2518/1554/1654 1251/1553/1653 2309/2263/2329
f 2629/2264/2330 2534/2265/2331 1611/2266/2332 2596/2267/2333
f 1953/2268/2334 1320/2269/2335 1769/2270/2336 1983/2271/2337
f 2462/2272/2338 1151/2273/2339 1613/2274/2340 2492/2275/2341
f 2492/2275/2341 1613/2274/2340 1257/1562/1662 2473/1561/1661
f 1227/1322/2342 1602/2160/2222 1843/2276/2343 1800/2277/2344
f 2621/2278/2345 1984/2279/2346 1770/2280/2347 2612/2281/2345
f 2334/2282/2348 1968/1596/1692 1508/1595/1691 2325/2283/2349
f 2501/2284/2350 2477/1594/1690 1256/1593/1689 2310/2285/2351
f 2628/2286/2352 2493/2287/2353 1614/2288/2354 2597/2289/2355
f 1988/2290/2356 1321/2291/2357 1771/2292/2358 2018/2293/2359
f 2421/2294/2360 1152/2295/2361 1615/2296/2362 2451/2297/2363
f 2451/2297/2363 1615/2296/2362 1262/1602/1698 2432/1601/1697
f 1262/1602/2364 1615/2296/2362 1850/2298/2365 1814/2299/2366
f 2622/2300/2367 2019/2301/2368 1772/2302/2369 2613/2303/2370
f 2335/2304/2371 2003/1636/1728 1517/1635/1727 2326/2305/2372
f 2460/2306/2373 2436/1634/1726 1261/1633/1725 2311/2307/2374
f 2627/2308/2375 2452/2309/2376 1616/2310/2377 2598/2311/2375
f 2023/2312/2378 1322/2313/2379 1773/2109/2169 2053/2108/2168
f 2380/2314/2380 1153/2315/2381 1617/2316/2382 2410/2317/2383
f 2410/2317/2383 1617/2316/2382 1267/1642/1734 2391/1641/1733
f 1753/2102/2162 1420/1198/2384 1797/2318/2385 1864/2244/2310
f 2623/2319/2386 2054/2320/2387 1774/2321/2388 2614/2322/2389
f 2336/2323/2390 2038/1676/1764 1526/1675/1763 2327/2324/2391
f 2419/2325/2392 2395/1674/1762 1266/1673/1761 2312/2326/2393
f 2626/2327/2394 2411/2328/2395 1618/2329/2396 2599/2330/2397
f 2058/2331/2398 1323/2332/2399 1775/2333/2400 2084/2334/2401
f 2339/2335/2402 1154/2336/2403 1619/2337/2404 2365/2338/2405
f 2365/2338/2405 1619/2337/2404 1272/1682/1770 2345/1681/1769
f 1297/1882/2092 1628/2339/2406 1857/2340/2407 1828/2028/2093
f 2624/2341/2408 2085/2342/2409 1776/2343/2410 2615/2344/2411
f 2337/2345/2412 2068/1716/1800 1535/1715/1799 2328/2346/2413
f 2378/2347/2414 2349/1714/1798 1271/1713/1797 2313/2348/2415
f 2625/2349/2416 2366/2350/2417 1620/2351/2418 2600/2352/2419
f 2585/2353/2420 1324/2354/2421 1777/2355/2422 2616/2356/2423
f 2298/2357/2424 1155/2358/2425 1621/2359/2426 2329/2360/2427
f 2329/2360/2427 1621/2359/2426 1277/1722/1806 2304/1721/1805
f 1999/1597/2428 1267/1642/2429 1816/2361/2430 2020/2362/2431
f 2632/2363/2432 1325/2364/2433 1778/2365/2434 2662/2366/2435
f 2257/2367/2436 1156/2368/2437 1623/2369/2438 2287/2370/2439
f 2287/2370/2439 1623/2369/2438 1282/1762/1842 2268/1761/1841
f 1766/2238/2304 1483/1478/2440 1811/2371/2441 1871/2254/2320
f 2671/2372/2442 2086/2373/2443 1779/2374/2444 2663/2375/2445
f 2296/2376/2446 2070/2377/2447 1622/2378/2448 2288/2379/2449
f 2377/2380/2450 2351/2381/2451 1181/2382/2452 2258/2383/2453
f 2672/2384/2454 2367/2385/2455 1333/2386/1108 2633/2387/2456
f 2679/2388/2457 1326/2389/2458 1780/1993/2053 2709/2390/2459
f 2216/2391/2460 1157/2392/2461 1624/2393/2462 2246/2394/2463
f 2246/2394/2463 1624/2393/2462 1287/1802/1878 2227/1801/1877
f 1186/1002/2464 1588/1991/2051 1834/2395/2465 1832/2396/2466
f 2718/2397/2467 2087/2398/2468 1781/2399/2469 2710/2400/2470
f 2255/2401/2471 2071/2402/2472 1625/2403/2473 2247/2404/2474
f 2376/2405/2475 2352/2406/2476 1176/2407/2477 2217/2408/2478
f 2719/2409/2479 2368/2410/2475 1332/2411/2478 2680/2412/2480
f 2726/2413/2481 1327/2414/2482 1782/2415/2483 2756/2416/2484
f 2175/2417/2485 1158/2418/2486 1626/2419/2487 2205/2420/2488
f 2205/2420/2488 1626/2419/2487 1292/1842/1914 2186/1841/1913
f 1222/1282/2489 1601/2139/2200 1842/2421/2490 1798/2422/2491
f 2765/2423/2492 2088/2424/2493 1783/2425/2494 2757/2426/2495
f 2214/2427/2496 2072/2428/2497 1627/2429/2498 2206/2430/2499
f 2375/2431/2500 2353/2432/2501 1171/2433/2480 2176/2434/2480
f 2766/2435/2502 2369/2436/2502 1331/2437/2503 2727/2438/2503
f 2773/2439/2504 1328/2440/2505 1784/2441/2506 2803/2442/2507
f 2134/2443/2508 1159/2444/2509 1628/2339/2406 2164/2445/2510
f 2164/2445/2510 1628/2339/2406 1297/1882/1950 2145/1881/1949
f 1889/1477/2511 1252/1522/2512 1810/2446/2513 1915/2447/2514
f 2812/2448/2515 2089/2449/2516 1785/2450/2517 2804/2451/2518
f 2173/2452/2519 2073/2453/2520 1629/2454/2521 2165/2455/2522
f 2374/2456/2523 2354/2457/2524 1166/2458/2525 2135/2459/2526
f 2813/2460/2527 2370/2461/2528 1330/2462/2529 2774/2463/2530
f 2853/2464/2531 1858/2465/2532 1833/2466/2533 2852/2467/2534
f 2372/2468/2535 1859/2469/2536 1787/2470/2537 2371/2471/2538
f 2413/2472/2539 1860/2473/2540 1789/2474/2541 2412/2475/2542
f 2454/1984/2044 1861/1983/2043 1791/2132/2193 2453/2183/2247
f 2495/2476/2543 1862/2477/2544 1793/2478/2545 2494/2479/2546
f 2536/2480/2547 1863/2481/2548 1795/2482/2549 2535/2483/2550
f 2577/2245/2311 1864/2244/2310 1797/2318/2385 2576/2005/2068
f 2126/2484/2551 1865/2485/2552 1799/2486/2553 2125/2487/2554
f 2167/2488/2555 1866/2489/2556 1801/2490/2557 2166/2491/2558
f 2208/2492/2559 1867/2493/2560 1803/2494/2561 2207/2495/2562
f 2249/2057/2119 1868/2056/2118 1805/2141/2203 2248/2496/2563
f 2290/2497/2564 1869/2498/2565 1807/2499/2566 2289/2500/2567
f 2331/2501/2568 1870/2502/2569 1809/2503/2570 2330/2504/2571
f 1916/2255/2321 1871/2254/2320 1811/2371/2441 1915/2447/2514
f 1951/2505/2572 1872/2506/2573 1813/2507/2574 1950/2508/2575
f 1986/2509/2576 1873/2510/2577 1815/2511/2578 1985/2512/2579
f 2021/2513/2580 1874/2514/2581 1817/2515/2582 2020/2362/2431
f 2056/2111/2171 1875/2110/2170 1819/2204/2268 2055/2516/2583
f 2091/2517/2584 1876/2518/2585 1821/2519/2586 2090/2520/2587
f 2618/2521/2588 1877/2522/2589 1823/2523/2590 2617/2226/2292
f 2665/2524/2591 1878/2525/2592 1825/2526/2593 2664/2527/2594
f 2712/2528/2595 1879/1995/2056 1827/1994/2055 2711/2529/2596
f 2759/2530/2597 1880/2531/2598 1829/2532/2599 2758/2029/2094
f 2806/2533/2600 1881/2534/2601 1831/2535/2602 2805/2536/2603
f 1767/2248/2314 1492/1518/2604 1813/2507/2574 1872/2506/2573
f 1267/1642/2429 1617/2316/2382 1851/2537/2605 1816/2361/2430
f 2709/2390/2459 1780/1993/2053 1879/1995/2056 2712/2528/2595
f 1232/1362/2606 1604/2180/2242 1844/2538/2607 1802/2539/2608
f 1197/1082/2609 1591/2026/2089 1837/2540/2610 1788/2541/2611
f 1948/2249/2315 1767/2248/2314 1872/2506/2573 1951/2505/2572
f 2181/1317/2612 1232/1362/2606 1802/2539/2608 2207/2495/2562
f 2299/1437/2613 1247/1482/2614 1808/2542/2615 2330/2504/2571
f 1964/1557/2616 1262/1602/2364 1814/2299/2366 1985/2512/2579
f 1755/2126/2186 1429/1238/2617 1799/2486/2553 1865/2485/2552
f 1272/1682/2618 1619/2337/2404 1852/2543/2619 1818/2544/2620
f 1237/1402/2621 1606/2202/2265 1845/2545/2622 1804/2546/2623
f 1202/1122/2245 1593/2052/2114 1838/2547/2624 1790/2182/2246
f 2124/2127/2187 1755/2126/2186 1865/2485/2552 2126/2484/2551
f 1775/2333/2400 1528/1678/2625 1821/2519/2586 1876/2518/2585
f 2064/1677/2626 1277/1722/2627 1820/2548/2628 2090/2520/2587
f 2386/1037/2629 1197/1082/2609 1788/2541/2611 2412/2475/2542
f 1762/2198/2261 1465/1398/2630 1807/2499/2566 1869/2498/2565
f 2340/997/2631 1192/1042/2141 1786/2083/2143 2371/2471/2538
f 1749/2048/2110 1402/1118/2632 1793/2478/2545 1862/2477/2544
f 2084/2334/2401 1775/2333/2400 1876/2518/2585 2091/2517/2584
f 2826/1917/2633 1186/1002/2464 1832/2396/2466 2852/2467/2534
f 2285/2199/2262 1762/2198/2261 1869/2498/2565 2290/2497/2564
f 2690/1797/2634 1292/1842/2635 1826/2549/2636 2711/2529/2596
f 1782/2415/2483 1564/1838/2637 1829/2532/2599 1880/2531/2598
f 2490/2049/2111 1749/2048/2110 1862/2477/2544 2495/2476/2543
f 2509/1157/2638 1212/1202/2639 1794/2550/2640 2535/2483/2550
f 1769/2270/2336 1501/1558/2641 1815/2511/2578 1873/2510/2577
f 1756/2135/2196 1438/1278/2642 1801/2490/2557 1866/2489/2556
f 1277/1722/2627 1621/2359/2426 1853/2551/2643 1820/2548/2628
f 2756/2416/2484 1782/2415/2483 1880/2531/2598 2759/2530/2597
f 1242/1442/2644 1608/2223/2287 1846/2552/2645 1806/2553/2646
f 1743/1975/2035 1581/1918/2647 1833/2466/2533 1858/2465/2532
f 1207/1162/2648 1595/2080/2139 1839/2554/2649 1792/2555/2650
f 1983/2271/2337 1769/2270/2336 1873/2510/2577 1986/2509/2576
f 2140/1277/2651 1227/1322/2342 1800/2277/2344 2166/2491/2558
f 2162/2136/2197 1756/2135/2196 1866/2489/2556 2167/2488/2555
f 2845/1976/2036 1743/1975/2035 1858/2465/2532 2853/2464/2531
f 2263/1397/2652 1242/1442/2644 1806/2553/2646 2289/2500/2567
f 1929/1517/2653 1257/1562/2654 1812/2556/2655 1950/2508/2575
f 1282/1762/2290 1623/2369/2438 1854/2557/2656 1822/2225/2291
f 1247/1482/2614 1610/2242/2308 1847/2558/2657 1808/2542/2615
f 1744/1987/2047 1371/998/2658 1787/2470/2537 1859/2469/2536
f 1212/1202/2639 1597/2106/2166 1840/2559/2659 1794/2550/2640
f 1777/2355/2422 1537/1718/2660 1823/2523/2590 1877/2522/2589
f 2364/1988/2048 1744/1987/2047 1859/2469/2536 2372/2468/2535
f 2034/1637/2661 1272/1682/2618 1818/2544/2620 2055/2516/2583
f 1764/2219/2283 1474/1438/2662 1809/2503/2570 1870/2502/2569
f 1287/1802/2663 1624/2393/2462 1855/2560/2664 1824/2561/2665
f 1751/2076/2135 1411/1158/2666 1795/2482/2549 1863/2481/2548
f 2616/2356/2423 1777/2355/2422 1877/2522/2589 2618/2521/2588
f 2322/2220/2284 1764/2219/2283 1870/2502/2569 2331/2501/2568
f 1784/2441/2506 1573/1878/2667 1831/2535/2602 1881/2534/2601
f 2531/2077/2136 1751/2076/2135 1863/2481/2548 2536/2480/2547
f 2643/1757/2668 1287/1802/2663 1824/2561/2665 2664/2527/2594
f 2468/1117/2669 1207/1162/2648 1792/2555/2650 2494/2479/2546
f 1771/2292/2358 1510/1598/2670 1817/2515/2582 1874/2514/2581
f 1758/2156/2218 1447/1318/2671 1803/2494/2561 1867/2493/2560
f 2803/2442/2507 1784/2441/2506 1881/2534/2601 2806/2533/2600
f 1252/1522/2512 1612/2252/2318 1848/2562/2672 1810/2446/2513
f 1745/1998/2059 1384/1038/2673 1789/2474/2541 1860/2473/2540
f 1217/1242/2066 1599/2130/2190 1841/2563/2674 1796/2004/2067
f 2018/2293/2359 1771/2292/2358 1874/2514/2581 2021/2513/2580
f 2784/1877/2675 1302/1922/2224 1830/2163/2226 2805/2536/2603
f 2203/2157/2219 1758/2156/2218 1867/2493/2560 2208/2492/2559
f 2094/1237/2676 1222/1282/2489 1798/2422/2491 2125/2487/2554
f 1778/2365/2434 1546/1758/2677 1825/2526/2593 1878/2525/2592
f 2408/1999/2060 1745/1998/2059 1860/2473/2540 2413/2472/2539
f 1292/1842/2635 1626/2419/2487 1856/2564/2678 1826/2549/2636
f 1257/1562/2654 1613/2274/2340 1849/2565/2679 1812/2556/2655
f 2662/2366/2435 1778/2365/2434 1878/2525/2592 2665/2524/2591
f 2222/1357/2680 1237/1402/2621 1804/2546/2623 2248/2496/2563
f 1848/2562/2672 1916/2255/2321 1915/2447/2514 1810/2446/2513
f 1483/1478/2440 1889/1477/2511 1915/2447/2514 1811/2371/2441
f 1612/2252/2318 1914/2239/2305 1916/2255/2321 1848/2562/2672
f 1150/2251/2317 1883/2236/2302 1914/2239/2305 1612/2252/2318
f 2309/2263/2329 1251/1553/1653 1893/1516/1620 2332/2231/2297
f 2596/2267/2333 1611/2266/2332 1913/2228/2294 2619/2227/2293
f 2262/992/1149 1185/991/1148 1898/2210/2274 2291/2209/2273
f 2637/996/1152 1369/995/1151 1912/2206/2270 2666/2205/2269
f 2221/976/1142 1180/975/1141 1897/2189/2252 2250/2188/2249
f 2684/980/1139 1367/979/1142 1911/2185/2249 2713/2184/2248
f 2180/960/1139 1175/959/1139 1896/2169/2231 2209/2168/2230
f 2731/964/1140 1365/963/1140 1910/2165/2227 2760/2164/2227
f 2139/944/1135 1170/943/1134 1895/2147/2209 2168/2146/2208
f 2778/948/1138 1363/947/1115 1909/2143/2205 2807/2142/2204
f 2108/2095/2155 1165/2094/2154 1894/2117/2177 2127/2116/2176
f 2835/2099/2159 1598/2098/2158 1908/2113/2173 2854/2112/2172
f 1753/2102/2162 1907/2107/2167 1884/1201/1337 1420/1198/1334
f 1311/2101/2161 1882/2104/2164 1907/2107/2167 1753/2102/2162
f 1489/1551/1651 1906/1510/1614 1893/1516/1620 1251/1553/1653
f 1253/1545/1645 1892/1508/1612 1906/1510/1614 1489/1551/1651
f 1487/1543/1643 1905/1502/1606 1892/1508/1612 1253/1545/1645
f 1254/1537/1637 1891/1500/1604 1905/1502/1606 1487/1543/1643
f 1485/1535/1635 1904/1494/1598 1891/1500/1604 1254/1537/1637
f 1255/1527/1629 1890/1492/1596 1904/1494/1598 1485/1535/1635
f 1482/1526/1627 1903/1489/1588 1890/1492/1596 1255/1527/1629
f 1252/1522/1626 1889/1477/1585 1903/1480/1588 1482/1523/1627
f 1669/1229/1361 1902/1232/1364 1888/1234/1366 1427/1235/1367
f 1425/1227/1359 1887/1226/1358 1902/1232/1364 1669/1229/1361
f 1668/1221/1353 1901/1224/1356 1887/1226/1358 1425/1227/1359
f 1423/1219/1351 1886/1218/1350 1901/1224/1356 1668/1221/1353
f 1667/1213/1345 1900/1216/1348 1886/1218/1350 1423/1219/1351
f 1421/1211/1343 1885/1208/1342 1900/1216/1348 1667/1213/1345
f 1666/1210/1335 1899/1205/1340 1885/1208/1342 1421/1211/1343
f 1420/1198/1334 1884/1201/1337 1899/1204/1340 1666/1199/1335
f 1492/1518/2604 1929/1517/2653 1950/2508/2575 1813/2507/2574
f 1613/2274/2340 1948/2249/2315 1951/2505/2572 1849/2565/2679
f 1849/2565/2679 1951/2505/2572 1950/2508/2575 1812/2556/2655
f 2310/2285/2351 1256/1593/1689 1933/1556/1656 2333/2260/2326
f 2597/2289/2355 1614/2288/2354 1949/2257/2323 2620/2256/2322
f 1151/2273/2339 1918/2246/2312 1948/2249/2315 1613/2274/2340
f 2107/2069/2128 1164/2068/2127 1919/2089/2149 2128/2088/2148
f 2834/2073/2132 1596/2072/2131 1947/2085/2145 2855/2084/2144
f 1751/2076/2135 1946/2081/2140 1924/1161/1301 1411/1158/1298
f 1310/2075/2134 1917/2078/2137 1946/2081/2140 1751/2076/2135
f 1498/1591/1687 1945/1550/1650 1933/1556/1656 1256/1593/1689
f 1258/1585/1681 1932/1548/1648 1945/1550/1650 1498/1591/1687
f 1496/1583/1679 1944/1542/1642 1932/1548/1648 1258/1585/1681
f 1259/1577/1673 1931/1540/1640 1944/1542/1642 1496/1583/1679
f 1494/1575/1671 1943/1534/1634 1931/1540/1640 1259/1577/1673
f 1260/1567/1665 1930/1532/1632 1943/1534/1634 1494/1575/1671
f 1491/1566/1663 1942/1529/1624 1930/1532/1632 1260/1567/1665
f 1257/1562/1662 1929/1517/1621 1942/1520/1624 1491/1563/1663
f 1665/1189/1325 1941/1192/1328 1928/1194/1330 1418/1195/1331
f 1416/1187/1323 1927/1186/1322 1941/1192/1328 1665/1189/1325
f 1664/1181/1317 1940/1184/1320 1927/1186/1322 1416/1187/1323
f 1414/1179/1315 1926/1178/1314 1940/1184/1320 1664/1181/1317
f 1663/1173/1309 1939/1176/1312 1926/1178/1314 1414/1179/1315
f 1412/1171/1307 1925/1168/1306 1939/1176/1312 1663/1173/1309
f 1662/1170/1299 1938/1165/1304 1925/1168/1306 1412/1171/1307
f 1411/1158/1298 1924/1161/1301 1938/1164/1304 1662/1159/1299
f 2261/928/1120 1184/927/1132 1923/986/1143 2292/985/1120
f 2636/932/1120 1360/931/1120 1937/982/1120 2667/981/1120
f 2220/912/1120 1179/911/1120 1922/970/1120 2251/969/1120
f 2683/916/1120 1358/915/1120 1936/966/1120 2714/965/1120
f 2179/896/1120 1174/895/1120 1921/954/1120 2210/953/1120
f 2730/900/1120 1356/899/1120 1935/950/1120 2761/949/1120
f 2138/880/1120 1169/879/1120 1920/938/1120 2169/937/1120
f 2777/884/1120 1354/883/1120 1934/934/1120 2808/933/1120
f 1615/2296/2362 1983/2271/2337 1986/2509/2576 1850/2298/2365
f 1501/1558/2641 1964/1557/2616 1985/2512/2579 1815/2511/2578
f 1850/2298/2365 1986/2509/2576 1985/2512/2579 1814/2299/2366
f 2311/2307/2374 1261/1633/1725 1968/1596/1692 2334/2282/2348
f 2598/2311/2375 1616/2310/2377 1984/2279/2346 2621/2278/2345
f 1152/2295/2361 1953/2268/2334 1983/2271/2337 1615/2296/2362
f 2106/2041/2103 1163/2040/2102 1954/2063/2124 2129/2062/2103
f 2833/2045/2107 1594/2044/2106 1982/2059/2121 2856/2058/2120
f 1749/2048/2110 1981/2053/2115 1959/1121/1265 1402/1118/1262
f 1309/2047/2109 1952/2050/2112 1981/2053/2115 1749/2048/2110
f 1507/1631/1723 1980/1590/1686 1968/1596/1692 1261/1633/1725
f 1263/1625/1717 1967/1588/1684 1980/1590/1686 1507/1631/1723
f 1505/1623/1715 1979/1582/1678 1967/1588/1684 1263/1625/1717
f 1264/1617/1709 1966/1580/1676 1979/1582/1678 1505/1623/1715
f 1503/1615/1707 1978/1574/1670 1966/1580/1676 1264/1617/1709
f 1265/1607/1701 1965/1572/1668 1978/1574/1670 1503/1615/1707
f 1500/1606/1699 1977/1569/1660 1965/1572/1668 1265/1607/1701
f 1262/1602/1698 1964/1557/1657 1977/1560/1660 1500/1603/1699
f 1661/1149/1289 1976/1152/1292 1963/1154/1294 1409/1155/1295
f 1407/1147/1287 1962/1146/1286 1976/1152/1292 1661/1149/1289
f 1660/1141/1281 1975/1144/1284 1962/1146/1286 1407/1147/1287
f 1405/1139/1279 1961/1138/1278 1975/1144/1284 1660/1141/1281
f 1659/1133/1273 1974/1136/1276 1961/1138/1278 1405/1139/1279
f 1403/1131/1271 1960/1128/1270 1974/1136/1276 1659/1133/1273
f 1658/1130/1263 1973/1125/1268 1960/1128/1270 1403/1131/1271
f 1402/1118/1262 1959/1121/1265 1973/1124/1268 1658/1119/1263
f 2260/864/1120 1183/863/1130 1958/922/1131 2293/921/1120
f 2635/868/1120 1351/867/1120 1972/918/1120 2668/917/1120
f 2219/848/1120 1178/847/1120 1957/906/1120 2252/905/1120
f 2682/852/1120 1349/851/1120 1971/902/1120 2715/901/1120
f 2178/832/1120 1173/831/1120 1956/890/1120 2211/889/1120
f 2729/836/1120 1347/835/1120 1970/886/1120 2762/885/1120
f 2137/816/1120 1168/815/1120 1955/874/1120 2170/873/1120
f 2776/820/1120 1345/819/1120 1969/870/1120 2809/869/1120
f 1617/2316/2382 2018/2293/2359 2021/2513/2580 1851/2537/2605
f 1851/2537/2605 2021/2513/2580 2020/2362/2431 1816/2361/2430
f 1510/1598/2670 1999/1597/2428 2020/2362/2431 1817/2515/2582
f 2312/2326/2393 1266/1673/1761 2003/1636/1728 2335/2304/2371
f 2599/2330/2397 1618/2329/2396 2019/2301/2368 2622/2300/2367
f 1153/2315/2381 1988/2290/2356 2018/2293/2359 1617/2316/2382
f 2105/2017/2080 1162/2016/2079 1989/2035/2079 2130/2034/2099
f 2832/2021/2084 1592/2020/2083 2017/2031/2096 2857/2030/2095
f 1747/1982/2042 2016/2027/2090 1994/1081/1229 1393/1078/1226
f 1308/2023/2086 1987/2024/2087 2016/2027/2090 1747/1982/2042
f 1516/1671/1759 2015/1630/1722 2003/1636/1728 1266/1673/1761
f 1268/1665/1753 2002/1628/1720 2015/1630/1722 1516/1671/1759
f 1514/1663/1751 2014/1622/1714 2002/1628/1720 1268/1665/1753
f 1269/1657/1745 2001/1620/1712 2014/1622/1714 1514/1663/1751
f 1512/1655/1743 2013/1614/1706 2001/1620/1712 1269/1657/1745
f 1270/1647/1737 2000/1612/1704 2013/1614/1706 1512/1655/1743
f 1509/1646/1735 2012/1609/1696 2000/1612/1704 1270/1647/1737
f 1267/1642/1734 1999/1597/1693 2012/1600/1696 1509/1643/1735
f 1657/1109/1253 2011/1112/1256 1998/1114/1258 1400/1115/1259
f 1398/1107/1251 1997/1106/1250 2011/1112/1256 1657/1109/1253
f 1656/1101/1245 2010/1104/1248 1997/1106/1250 1398/1107/1251
f 1396/1099/1243 1996/1098/1242 2010/1104/1248 1656/1101/1245
f 1655/1093/1237 2009/1096/1240 1996/1098/1242 1396/1099/1243
f 1394/1091/1235 1995/1088/1234 2009/1096/1240 1655/1093/1237
f 1654/1090/1227 2008/1085/1232 1995/1088/1234 1394/1091/1235
f 1393/1078/1226 1994/1081/1229 2008/1084/1232 1654/1079/1227
f 2259/800/1120 1182/799/1128 1993/858/1128 2294/857/1120
f 2634/804/1120 1342/803/1120 2007/854/1120 2669/853/1120
f 2218/784/1120 1177/783/1120 1992/842/1120 2253/841/1120
f 2681/788/1120 1340/787/1120 2006/838/1120 2716/837/1120
f 2177/768/1120 1172/767/1120 1991/826/1120 2212/825/1120
f 2728/772/1120 1338/771/1120 2005/822/1120 2763/821/1120
f 2136/752/1120 1167/751/1120 1990/810/1120 2171/809/1120
f 2775/756/1120 1336/755/1120 2004/806/1120 2810/805/1120
f 1519/1638/2267 2034/1637/2661 2055/2516/2583 1819/2204/2268
f 1852/2543/2619 2056/2111/2171 2055/2516/2583 1818/2544/2620
f 2313/2348/2415 1271/1713/1797 2038/1676/1764 2336/2323/2390
f 2600/2352/2419 1620/2351/2418 2054/2320/2387 2623/2319/2386
f 1154/2336/2403 2023/2312/2378 2053/2108/2168 1619/2337/2404
f 1619/2337/2404 2053/2108/2168 2056/2111/2171 1852/2543/2619
f 2104/1968/2028 1161/1967/2027 2024/2011/2074 2131/2010/2073
f 2831/1972/2032 1587/1971/2031 2052/2007/2070 2858/2006/2069
f 1745/1998/2059 2051/2003/2064 2029/1041/1193 1384/1038/1190
f 1307/1997/2058 2022/2000/2061 2051/2003/2064 1745/1998/2059
f 1525/1711/1795 2050/1670/1758 2038/1676/1764 1271/1713/1797
f 1273/1705/1789 2037/1668/1756 2050/1670/1758 1525/1711/1795
f 1523/1703/1787 2049/1662/1750 2037/1668/1756 1273/1705/1789
f 1274/1697/1781 2036/1660/1748 2049/1662/1750 1523/1703/1787
f 1521/1695/1779 2048/1654/1742 2036/1660/1748 1274/1697/1781
f 1275/1687/1773 2035/1652/1740 2048/1654/1742 1521/1695/1779
f 1518/1686/1771 2047/1649/1732 2035/1652/1740 1275/1687/1773
f 1272/1682/1770 2034/1637/1729 2047/1640/1732 1518/1683/1771
f 1653/1069/1217 2046/1072/1220 2033/1074/1222 1391/1075/1223
f 1389/1067/1215 2032/1066/1214 2046/1072/1220 1653/1069/1217
f 1652/1061/1209 2045/1064/1212 2032/1066/1214 1389/1067/1215
f 1387/1059/1207 2031/1058/1206 2045/1064/1212 1652/1061/1209
f 1651/1053/1201 2044/1056/1204 2031/1058/1206 1387/1059/1207
f 1385/1051/1199 2030/1048/1198 2044/1056/1204 1651/1053/1201
f 1650/1050/1191 2043/1045/1196 2030/1048/1198 1385/1051/1199
f 1384/1038/1190 2029/1041/1193 2043/1044/1196 1650/1039/1191
f 2258/2383/2453 1181/2382/2452 2028/794/1124 2295/793/1123
f 2633/2387/2456 1333/2386/1108 2042/790/1122 2670/789/1120
f 2217/2408/2478 1176/2407/2477 2027/778/1120 2254/777/1120
f 2680/2412/2480 1332/2411/2478 2041/774/1120 2717/773/1120
f 2176/2434/2480 1171/2433/2480 2026/762/1120 2213/761/1120
f 2727/2438/2503 1331/2437/2503 2040/758/1120 2764/757/1120
f 2135/2459/2526 1166/2458/2525 2025/746/1120 2172/745/1120
f 2774/2463/2530 1330/2462/2529 2039/742/1119 2811/741/1118
f 1621/2359/2426 2084/2334/2401 2091/2517/2584 1853/2551/2643
f 1528/1678/2625 2064/1677/2626 2090/2520/2587 1821/2519/2586
f 1853/2551/2643 2091/2517/2584 2090/2520/2587 1820/2548/2628
f 2149/1914/1978 1296/1913/1977 2073/2453/2520 2173/2452/2519
f 2788/1916/1980 1580/1915/1979 2089/2449/2516 2812/2448/2515
f 2190/1874/1942 1291/1873/1941 2072/2428/2497 2214/2427/2496
f 2741/1876/1944 1571/1875/1943 2088/2424/2493 2765/2423/2492
f 2231/1834/1906 1286/1833/1905 2071/2402/2472 2255/2401/2471
f 2694/1836/1908 1562/1835/1907 2087/2398/2468 2718/2397/2467
f 2272/1794/1870 1281/1793/1869 2070/2377/2447 2296/2376/2446
f 2647/1796/1872 1553/1795/1871 2086/2373/2443 2671/2372/2442
f 2308/1754/1834 1276/1753/1833 2068/1716/1800 2337/2345/2412
f 2595/1756/1836 1544/1755/1835 2085/2342/2409 2624/2341/2408
f 1155/2358/2425 2058/2331/2398 2084/2334/2401 1621/2359/2426
f 1744/1987/2047 2083/1992/2052 2059/1001/1157 1371/998/1154
f 1306/1986/2046 2057/1989/2049 2083/1992/2052 1744/1987/2047
f 2103/1954/2014 1301/1953/2013 2069/1962/2022 2132/1961/2021
f 2830/1956/2016 1585/1955/2015 2082/1958/2018 2859/1957/2017
f 1534/1751/1831 2081/1710/1794 2068/1716/1800 1276/1753/1833
f 1278/1745/1825 2067/1708/1792 2081/1710/1794 1534/1751/1831
f 1532/1743/1823 2080/1702/1786 2067/1708/1792 1278/1745/1825
f 1279/1737/1817 2066/1700/1784 2080/1702/1786 1532/1743/1823
f 1530/1735/1815 2079/1694/1778 2066/1700/1784 1279/1737/1817
f 1280/1727/1809 2065/1692/1776 2079/1694/1778 1530/1735/1815
f 1527/1726/1807 2078/1689/1768 2065/1692/1776 1280/1727/1809
f 1277/1722/1806 2064/1677/1765 2078/1680/1768 1527/1723/1807
f 1649/1029/1181 2077/1032/1184 2063/1034/1186 1382/1035/1187
f 1379/1027/1179 2062/1026/1178 2077/1032/1184 1649/1029/1181
f 1648/1021/1173 2076/1024/1176 2062/1026/1178 1379/1027/1179
f 1376/1019/1171 2061/1018/1170 2076/1024/1176 1648/1021/1173
f 1647/1013/1165 2075/1016/1168 2061/1018/1170 1376/1019/1171
f 1373/1011/1163 2060/1008/1162 2075/1016/1168 1647/1013/1165
f 1646/1010/1155 2074/1005/1160 2060/1008/1162 1373/1011/1163
f 1371/998/1154 2059/1001/1157 2074/1004/1160 1646/999/1155
f 1585/1955/2015 2103/1954/2014 2132/1961/2021 2082/1958/2018
f 1587/1971/2031 2104/1968/2028 2131/2010/2073 2052/2007/2070
f 1592/2020/2083 2105/2017/2080 2130/2034/2099 2017/2031/2096
f 1594/2044/2106 2106/2041/2103 2129/2062/2103 1982/2059/2121
f 1596/2072/2131 2107/2069/2128 2128/2088/2148 1947/2085/2145
f 1598/2098/2158 2108/2095/2155 2127/2116/2176 1908/2113/2173
f 1429/1238/2617 2094/1237/2676 2125/2487/2554 1799/2486/2553
f 1601/2139/2200 2124/2127/2187 2126/2484/2551 1842/2421/2490
f 1842/2421/2490 2126/2484/2551 2125/2487/2554 1798/2422/2491
f 1144/2138/2199 2092/2124/2184 2124/2127/2187 1601/2139/2200
f 2569/2123/2183 2578/2120/2180 2098/1276/1404 1436/1275/1403
f 1908/2113/2173 2127/2116/2176 2123/2119/2179 1754/2114/2174
f 2532/2097/2157 2537/2092/2152 2108/2095/2155 1598/2098/2158
f 1947/2085/2145 2128/2088/2148 2122/2091/2151 1752/2086/2146
f 2491/2071/2130 2496/2066/2126 2107/2069/2128 1596/2072/2131
f 1982/2059/2121 2129/2062/2103 2121/2065/2125 1750/2060/2122
f 2450/2043/2105 2455/2038/2101 2106/2041/2103 1594/2044/2106
f 2017/2031/2096 2130/2034/2099 2120/2037/2101 1748/2032/2097
f 2409/2019/2082 2414/2014/2077 2105/2017/2080 1592/2020/2083
f 2052/2007/2070 2131/2010/2073 2119/2013/2076 1746/2008/2071
f 1743/1975/2035 2118/1980/2040 2099/1921/1985 1581/1918/1982
f 1329/1974/2034 2093/1977/2037 2118/1980/2040 1743/1975/2035
f 2363/1970/2030 2373/1965/2025 2104/1968/2028 1587/1971/2031
f 2082/1958/2018 2132/1961/2021 2117/1964/2024 1742/1959/2019
f 1741/1949/2009 2116/1952/2012 2103/1954/2014 1585/1955/2015
f 1584/1947/2007 2102/1946/2006 2116/1952/2012 1741/1949/2009
f 1740/1941/2001 2115/1944/2004 2102/1946/2006 1584/1947/2007
f 1583/1939/1999 2101/1938/1998 2115/1944/2004 1740/1941/2001
f 1739/1933/1993 2114/1936/1996 2101/1938/1998 1583/1939/1999
f 1582/1931/1991 2100/1928/1990 2114/1936/1996 1739/1933/1993
f 1738/1930/1983 2113/1925/1988 2100/1928/1990 1582/1931/1991
f 1581/1918/1982 2099/1921/1985 2113/1924/1988 1738/1919/1983
f 1435/1311/1435 2112/1270/1398 2098/1276/1404 1221/1313/1437
f 1223/1305/1429 2097/1268/1396 2112/1270/1398 1435/1311/1435
f 1433/1303/1427 2111/1262/1390 2097/1268/1396 1223/1305/1429
f 1224/1297/1421 2096/1260/1388 2111/1262/1390 1433/1303/1427
f 1431/1295/1419 2110/1254/1382 2096/1260/1388 1224/1297/1421
f 1225/1287/1413 2095/1252/1380 2110/1254/1382 1431/1295/1419
f 1428/1286/1411 2109/1249/1372 2095/1252/1380 1225/1287/1413
f 1222/1282/1410 2094/1237/1369 2109/1240/1372 1428/1283/1411
f 1580/1915/1979 2149/1914/1978 2173/2452/2519 2089/2449/2516
f 1330/2462/2529 2135/2459/2526 2172/745/1120 2039/742/1119
f 1336/755/1120 2136/752/1120 2171/809/1120 2004/806/1120
f 1345/819/1120 2137/816/1120 2170/873/1120 1969/870/1120
f 1354/883/1120 2138/880/1120 2169/937/1120 1934/934/1120
f 1363/947/1115 2139/944/1135 2168/2146/2208 1909/2143/2205
f 1602/2160/2222 2162/2136/2197 2167/2488/2555 1843/2276/2343
f 1438/1278/2642 2140/1277/2651 2166/2491/2558 1801/2490/2557
f 1843/2276/2343 2167/2488/2555 2166/2491/2558 1800/2277/2344
f 2370/2461/2528 2374/2456/2523 2135/2459/2526 1330/2462/2529
f 2089/2449/2516 2173/2452/2519 2165/2455/2522 1785/2450/2517
f 1784/2441/2506 2164/2445/2510 2145/1881/1949 1573/1878/1946
f 1328/2440/2505 2134/2443/2508 2164/2445/2510 1784/2441/2506
f 2570/2153/2215 2579/2150/2212 2144/1316/1440 1445/1315/1439
f 1909/2143/2205 2168/2146/2208 2163/2149/2211 1757/2144/2206
f 1145/2159/2221 2133/2133/2194 2162/2136/2197 1602/2160/2222
f 1737/1909/1973 2161/1912/1976 2149/1914/1978 1580/1915/1979
f 1578/1907/1971 2148/1906/1970 2161/1912/1976 1737/1909/1973
f 1736/1901/1965 2160/1904/1968 2148/1906/1970 1578/1907/1971
f 1576/1899/1963 2147/1898/1962 2160/1904/1968 1736/1901/1965
f 1735/1893/1957 2159/1896/1960 2147/1898/1962 1576/1899/1963
f 1574/1891/1955 2146/1888/1954 2159/1896/1960 1735/1893/1957
f 1734/1890/1947 2158/1885/1952 2146/1888/1954 1574/1891/1955
f 1573/1878/1946 2145/1881/1949 2158/1884/1952 1734/1879/1947
f 1444/1351/1471 2157/1310/1434 2144/1316/1440 1226/1353/1473
f 1228/1345/1465 2143/1308/1432 2157/1310/1434 1444/1351/1471
f 1442/1343/1463 2156/1302/1426 2143/1308/1432 1228/1345/1465
f 1229/1337/1457 2142/1300/1424 2156/1302/1426 1442/1343/1463
f 1440/1335/1455 2155/1294/1418 2142/1300/1424 1229/1337/1457
f 1230/1327/1449 2141/1292/1416 2155/1294/1418 1440/1335/1455
f 1437/1326/1447 2154/1289/1408 2141/1292/1416 1230/1327/1449
f 1227/1322/1446 2140/1277/1405 2154/1280/1408 1437/1323/1447
f 2519/946/1137 2538/941/1120 2139/944/1135 1363/947/1115
f 1934/934/1120 2169/937/1120 2153/940/1120 1642/935/1120
f 2478/882/1120 2497/877/1120 2138/880/1120 1354/883/1120
f 1969/870/1120 2170/873/1120 2152/876/1120 1638/871/1120
f 2437/818/1120 2456/813/1120 2137/816/1120 1345/819/1120
f 2004/806/1120 2171/809/1120 2151/812/1120 1634/807/1120
f 2396/754/1120 2415/749/1120 2136/752/1120 1336/755/1120
f 2039/742/1119 2172/745/1120 2150/748/1120 1630/743/1120
f 1571/1875/1943 2190/1874/1942 2214/2427/2496 2088/2424/2493
f 1331/2437/2503 2176/2434/2480 2213/761/1120 2040/758/1120
f 1338/771/1120 2177/768/1120 2212/825/1120 2005/822/1120
f 1347/835/1120 2178/832/1120 2211/889/1120 1970/886/1120
f 1356/899/1120 2179/896/1120 2210/953/1120 1935/950/1120
f 1365/963/1140 2180/960/1139 2209/2168/2230 1910/2165/2227
f 1604/2180/2242 2203/2157/2219 2208/2492/2559 1844/2538/2607
f 1447/1318/2671 2181/1317/2612 2207/2495/2562 1803/2494/2561
f 1844/2538/2607 2208/2492/2559 2207/2495/2562 1802/2539/2608
f 2369/2436/2502 2375/2431/2500 2176/2434/2480 1331/2437/2503
f 2088/2424/2493 2214/2427/2496 2206/2430/2499 1783/2425/2494
f 1782/2415/2483 2205/2420/2488 2186/1841/1913 1564/1838/1910
f 1327/2414/2482 2175/2417/2485 2205/2420/2488 1782/2415/2483
f 2571/2175/2237 2580/2172/2234 2185/1356/1476 1454/1355/1475
f 1910/2165/2227 2209/2168/2230 2204/2171/2233 1759/2166/2228
f 1146/2179/2241 2174/2154/2216 2203/2157/2219 1604/2180/2242
f 1733/1869/1937 2202/1872/1940 2190/1874/1942 1571/1875/1943
f 1569/1867/1935 2189/1866/1934 2202/1872/1940 1733/1869/1937
f 1732/1861/1929 2201/1864/1932 2189/1866/1934 1569/1867/1935
f 1567/1859/1927 2188/1858/1926 2201/1864/1932 1732/1861/1929
f 1731/1853/1921 2200/1856/1924 2188/1858/1926 1567/1859/1927
f 1565/1851/1919 2187/1848/1918 2200/1856/1924 1731/1853/1921
f 1730/1850/1911 2199/1845/1916 2187/1848/1918 1565/1851/1919
f 1564/1838/1910 2186/1841/1913 2199/1844/1916 1730/1839/1911
f 1453/1391/1507 2198/1350/1470 2185/1356/1476 1231/1393/1509
f 1233/1385/1501 2184/1348/1468 2198/1350/1470 1453/1391/1507
f 1451/1383/1499 2197/1342/1462 2184/1348/1468 1233/1385/1501
f 1234/1377/1493 2183/1340/1460 2197/1342/1462 1451/1383/1499
f 1449/1375/1491 2196/1334/1454 2183/1340/1460 1234/1377/1493
f 1235/1367/1485 2182/1332/1452 2196/1334/1454 1449/1375/1491
f 1446/1366/1483 2195/1329/1444 2182/1332/1452 1235/1367/1485
f 1232/1362/1482 2181/1317/1441 2195/1320/1444 1446/1363/1483
f 2520/962/1120 2539/957/1120 2180/960/1139 1365/963/1140
f 1935/950/1120 2210/953/1120 2194/956/1120 1643/951/1120
f 2479/898/1120 2498/893/1120 2179/896/1120 1356/899/1120
f 1970/886/1120 2211/889/1120 2193/892/1120 1639/887/1120
f 2438/834/1120 2457/829/1120 2178/832/1120 1347/835/1120
f 2005/822/1120 2212/825/1120 2192/828/1120 1635/823/1120
f 2397/770/1120 2416/765/1120 2177/768/1120 1338/771/1120
f 2040/758/1120 2213/761/1120 2191/764/1120 1631/759/1120
f 1562/1835/1907 2231/1834/1906 2255/2401/2471 2087/2398/2468
f 1332/2411/2478 2217/2408/2478 2254/777/1120 2041/774/1120
f 1340/787/1120 2218/784/1120 2253/841/1120 2006/838/1120
f 1349/851/1120 2219/848/1120 2252/905/1120 1971/902/1120
f 1358/915/1120 2220/912/1120 2251/969/1120 1936/966/1120
f 1367/979/1142 2221/976/1142 2250/2188/2249 1911/2185/2249
f 1456/1358/2202 2222/1357/2680 2248/2496/2563 1805/2141/2203
f 1845/2545/2622 2249/2057/2119 2248/2496/2563 1804/2546/2623
f 2368/2410/2475 2376/2405/2475 2217/2408/2478 1332/2411/2478
f 2087/2398/2468 2255/2401/2471 2247/2404/2474 1781/2399/2469
f 1780/1993/2053 2246/2394/2463 2227/1801/1877 1555/1798/1874
f 1326/2389/2458 2216/2391/2460 2246/2394/2463 1780/1993/2053
f 2572/2195/2258 2581/2192/2255 2226/1396/1512 1463/1395/1511
f 1911/2185/2249 2250/2188/2249 2245/2191/2254 1761/2186/2250
f 1147/2201/2264 2215/2176/2238 2244/2054/2116 1606/2202/2265
f 1606/2202/2265 2244/2054/2116 2249/2057/2119 1845/2545/2622
f 1729/1829/1901 2243/1832/1904 2231/1834/1906 1562/1835/1907
f 1560/1827/1899 2230/1826/1898 2243/1832/1904 1729/1829/1901
f 1728/1821/1893 2242/1824/1896 2230/1826/1898 1560/1827/1899
f 1558/1819/1891 2229/1818/1890 2242/1824/1896 1728/1821/1893
f 1727/1813/1885 2241/1816/1888 2229/1818/1890 1558/1819/1891
f 1556/1811/1883 2228/1808/1882 2241/1816/1888 1727/1813/1885
f 1726/1810/1875 2240/1805/1880 2228/1808/1882 1556/1811/1883
f 1555/1798/1874 2227/1801/1877 2240/1804/1880 1726/1799/1875
f 1462/1431/1543 2239/1390/1506 2226/1396/1512 1236/1433/1545
f 1238/1425/1537 2225/1388/1504 2239/1390/1506 1462/1431/1543
f 1460/1423/1535 2238/1382/1498 2225/1388/1504 1238/1425/1537
f 1239/1417/1529 2224/1380/1496 2238/1382/1498 1460/1423/1535
f 1458/1415/1527 2237/1374/1490 2224/1380/1496 1239/1417/1529
f 1240/1407/1521 2223/1372/1488 2237/1374/1490 1458/1415/1527
f 1455/1406/1519 2236/1369/1480 2223/1372/1488 1240/1407/1521
f 1237/1402/1518 2222/1357/1477 2236/1360/1480 1455/1403/1519
f 2521/978/1120 2540/973/1120 2221/976/1142 1367/979/1142
f 1936/966/1120 2251/969/1120 2235/972/1120 1644/967/1120
f 2480/914/1120 2499/909/1120 2220/912/1120 1358/915/1120
f 1971/902/1120 2252/905/1120 2234/908/1120 1640/903/1120
f 2439/850/1120 2458/845/1120 2219/848/1120 1349/851/1120
f 2006/838/1120 2253/841/1120 2233/844/1120 1636/839/1120
f 2398/786/1120 2417/781/1120 2218/784/1120 1340/787/1120
f 2041/774/1120 2254/777/1120 2232/780/1120 1632/775/1120
f 1553/1795/1871 2272/1794/1870 2296/2376/2446 2086/2373/2443
f 1333/2386/1108 2258/2383/2453 2295/793/1123 2042/790/1122
f 1342/803/1120 2259/800/1120 2294/857/1120 2007/854/1120
f 1351/867/1120 2260/864/1120 2293/921/1120 1972/918/1120
f 1360/931/1120 2261/928/1120 2292/985/1120 1937/982/1120
f 1369/995/1151 2262/992/1149 2291/2209/2273 1912/2206/2270
f 1465/1398/2630 2263/1397/2652 2289/2500/2567 1807/2499/2566
f 1608/2223/2287 2285/2199/2262 2290/2497/2564 1846/2552/2645
f 1846/2552/2645 2290/2497/2564 2289/2500/2567 1806/2553/2646
f 2367/2385/2455 2377/2380/2450 2258/2383/2453 1333/2386/1108
f 2086/2373/2443 2296/2376/2446 2288/2379/2449 1779/2374/2444
f 1778/2365/2434 2287/2370/2439 2268/1761/1841 1546/1758/1838
f 1325/2364/2433 2257/2367/2436 2287/2370/2439 1778/2365/2434
f 2573/2216/2280 2582/2213/2277 2267/1436/1548 1472/1435/1547
f 1912/2206/2270 2291/2209/2273 2286/2212/2276 1763/2207/2271
f 1148/2222/2286 2256/2196/2259 2285/2199/2262 1608/2223/2287
f 1725/1789/1865 2284/1792/1868 2272/1794/1870 1553/1795/1871
f 1551/1787/1863 2271/1786/1862 2284/1792/1868 1725/1789/1865
f 1724/1781/1857 2283/1784/1860 2271/1786/1862 1551/1787/1863
f 1549/1779/1855 2270/1778/1854 2283/1784/1860 1724/1781/1857
f 1723/1773/1849 2282/1776/1852 2270/1778/1854 1549/1779/1855
f 1547/1771/1847 2269/1768/1846 2282/1776/1852 1723/1773/1849
f 1722/1770/1839 2281/1765/1844 2269/1768/1846 1547/1771/1847
f 1546/1758/1838 2268/1761/1841 2281/1764/1844 1722/1759/1839
f 1471/1471/1579 2280/1430/1542 2267/1436/1548 1241/1473/1581
f 1243/1465/1573 2266/1428/1540 2280/1430/1542 1471/1471/1579
f 1469/1463/1571 2279/1422/1534 2266/1428/1540 1243/1465/1573
f 1244/1457/1565 2265/1420/1532 2279/1422/1534 1469/1463/1571
f 1467/1455/1563 2278/1414/1526 2265/1420/1532 1244/1457/1565
f 1245/1447/1557 2264/1412/1524 2278/1414/1526 1467/1455/1563
f 1464/1446/1555 2277/1409/1516 2264/1412/1524 1245/1447/1557
f 1242/1442/1554 2263/1397/1513 2277/1400/1516 1464/1443/1555
f 2522/994/1150 2541/989/1146 2262/992/1149 1369/995/1151
f 1937/982/1120 2292/985/1120 2276/988/1145 1645/983/1120
f 2481/930/1120 2500/925/1120 2261/928/1120 1360/931/1120
f 1972/918/1120 2293/921/1120 2275/924/1120 1641/919/1120
f 2440/866/1120 2459/861/1120 2260/864/1120 1351/867/1120
f 2007/854/1120 2294/857/1120 2274/860/1120 1637/855/1120
f 2399/802/1120 2418/797/1120 2259/800/1120 1342/803/1120
f 2042/790/1122 2295/793/1123 2273/796/1126 1633/791/1120
f 1544/1755/1835 2308/1754/1834 2337/2345/2412 2085/2342/2409
f 1620/2351/2418 2313/2348/2415 2336/2323/2390 2054/2320/2387
f 1618/2329/2396 2312/2326/2393 2335/2304/2371 2019/2301/2368
f 1616/2310/2377 2311/2307/2374 2334/2282/2348 1984/2279/2346
f 1614/2288/2354 2310/2285/2351 2333/2260/2326 1949/2257/2323
f 1611/2266/2332 2309/2263/2329 2332/2231/2297 1913/2228/2294
f 1610/2242/2308 2322/2220/2284 2331/2501/2568 1847/2558/2657
f 1474/1438/2662 2299/1437/2613 2330/2504/2571 1809/2503/2570
f 1847/2558/2657 2331/2501/2568 2330/2504/2571 1808/2542/2615
f 1777/2355/2422 2329/2360/2427 2304/1721/1805 1537/1718/1802
f 1324/2354/2421 2298/2357/2424 2329/2360/2427 1777/2355/2422
f 2366/2350/2417 2378/2347/2414 2313/2348/2415 1620/2351/2418
f 2085/2342/2409 2337/2345/2412 2328/2346/2413 1776/2343/2410
f 2411/2328/2395 2419/2325/2392 2312/2326/2393 1618/2329/2396
f 2054/2320/2387 2336/2323/2390 2327/2324/2391 1774/2321/2388
f 2452/2309/2376 2460/2306/2373 2311/2307/2374 1616/2310/2377
f 2019/2301/2368 2335/2304/2371 2326/2305/2372 1772/2302/2369
f 2493/2287/2353 2501/2284/2350 2310/2285/2351 1614/2288/2354
f 1984/2279/2346 2334/2282/2348 2325/2283/2349 1770/2280/2347
f 2534/2265/2331 2542/2262/2328 2309/2263/2329 1611/2266/2332
f 1949/2257/2323 2333/2260/2326 2324/2261/2327 1768/2258/2324
f 2574/2235/2301 2583/2233/2299 2303/1476/1584 1481/1475/1583
f 1913/2228/2294 2332/2231/2297 2323/2232/2298 1765/2229/2295
f 1149/2241/2307 2297/2217/2281 2322/2220/2284 1610/2242/2308
f 1721/1749/1829 2321/1752/1832 2308/1754/1834 1544/1755/1835
f 1542/1747/1827 2307/1746/1826 2321/1752/1832 1721/1749/1829
f 1720/1741/1821 2320/1744/1824 2307/1746/1826 1542/1747/1827
f 1540/1739/1819 2306/1738/1818 2320/1744/1824 1720/1741/1821
f 1719/1733/1813 2319/1736/1816 2306/1738/1818 1540/1739/1819
f 1538/1731/1811 2305/1728/1810 2319/1736/1816 1719/1733/1813
f 1718/1730/1803 2318/1725/1808 2305/1728/1810 1538/1731/1811
f 1537/1718/1802 2304/1721/1805 2318/1724/1808 1718/1719/1803
f 1480/1511/1615 2317/1470/1578 2303/1476/1584 1246/1513/1617
f 1248/1505/1609 2302/1468/1576 2317/1470/1578 1480/1511/1615
f 1478/1503/1607 2316/1462/1570 2302/1468/1576 1248/1505/1609
f 1249/1497/1601 2301/1460/1568 2316/1462/1570 1478/1503/1607
f 1476/1495/1599 2315/1454/1562 2301/1460/1568 1249/1497/1601
f 1250/1487/1593 2300/1452/1560 2315/1454/1562 1476/1495/1599
f 1473/1486/1591 2314/1449/1552 2300/1452/1560 1250/1487/1593
f 1247/1482/1590 2299/1437/1549 2314/1440/1552 1473/1483/1591
f 1776/2343/2410 2328/2346/2413 2378/2347/2414 2366/2350/2417
f 1779/2374/2444 2288/2379/2449 2377/2380/2450 2367/2385/2455
f 1781/2399/2469 2247/2404/2474 2376/2405/2475 2368/2410/2475
f 1783/2425/2494 2206/2430/2499 2375/2431/2500 2369/2436/2502
f 1785/2450/2517 2165/2455/2522 2374/2456/2523 2370/2461/2528
f 1742/1959/2019 2117/1964/2024 2373/1965/2025 2363/1970/2030
f 1590/2002/2063 2364/1988/2048 2372/2468/2535 1836/2082/2142
f 1371/998/2658 2340/997/2631 2371/2471/2538 1787/2470/2537
f 1836/2082/2142 2372/2468/2535 2371/2471/2538 1786/2083/2143
f 2804/2451/2518 1785/2450/2517 2370/2461/2528 2813/2460/2527
f 2165/2455/2522 1629/2454/2521 2354/2457/2524 2374/2456/2523
f 2757/2426/2495 1783/2425/2494 2369/2436/2502 2766/2435/2502
f 2206/2430/2499 1627/2429/2498 2353/2432/2501 2375/2431/2500
f 2710/2400/2470 1781/2399/2469 2368/2410/2475 2719/2409/2479
f 2247/2404/2474 1625/2403/2473 2352/2406/2476 2376/2405/2475
f 2663/2375/2445 1779/2374/2444 2367/2385/2455 2672/2384/2454
f 2288/2379/2449 1622/2378/2448 2351/2381/2451 2377/2380/2450
f 2615/2344/2411 1776/2343/2410 2366/2350/2417 2625/2349/2416
f 2328/2346/2413 1535/1715/1799 2349/1714/1798 2378/2347/2414
f 1775/2333/2400 2365/2338/2405 2345/1681/1769 1528/1678/1766
f 1323/2332/2399 2339/2335/2402 2365/2338/2405 1775/2333/2400
f 1138/2001/2062 2338/1985/2045 2364/1988/2048 1590/2002/2063
f 2844/1960/2020 1742/1959/2019 2363/1970/2030 2860/1969/2029
f 2117/1964/2024 1586/1963/2023 2350/1966/2026 2373/1965/2025
f 1717/1709/1793 2362/1712/1796 2349/1714/1798 1535/1715/1799
f 1533/1707/1791 2348/1706/1790 2362/1712/1796 1717/1709/1793
f 1716/1701/1785 2361/1704/1788 2348/1706/1790 1533/1707/1791
f 1531/1699/1783 2347/1698/1782 2361/1704/1788 1716/1701/1785
f 1715/1693/1777 2360/1696/1780 2347/1698/1782 1531/1699/1783
f 1529/1691/1775 2346/1688/1774 2360/1696/1780 1715/1693/1777
f 1714/1690/1767 2359/1685/1772 2346/1688/1774 1529/1691/1775
f 1528/1678/1766 2345/1681/1769 2359/1684/1772 1714/1679/1767
f 1380/1071/1219 2358/1030/1182 2344/1036/1188 1191/1073/1221
f 1193/1065/1213 2343/1028/1180 2358/1030/1182 1380/1071/1219
f 1377/1063/1211 2357/1022/1174 2343/1028/1180 1193/1065/1213
f 1194/1057/1205 2342/1020/1172 2357/1022/1174 1377/1063/1211
f 1374/1055/1203 2356/1014/1166 2342/1020/1172 1194/1057/1205
f 1195/1047/1197 2341/1012/1164 2356/1014/1166 1374/1055/1203
f 1370/1046/1195 2355/1009/1156 2341/1012/1164 1195/1047/1197
f 1192/1042/1194 2340/997/1153 2355/1000/1156 1370/1043/1195
f 1774/2321/2388 2327/2324/2391 2419/2325/2392 2411/2328/2395
f 1633/791/1120 2273/796/1126 2418/797/1120 2399/802/1120
f 1632/775/1120 2232/780/1120 2417/781/1120 2398/786/1120
f 1631/759/1120 2191/764/1120 2416/765/1120 2397/770/1120
f 1630/743/1120 2150/748/1120 2415/749/1120 2396/754/1120
f 1746/2008/2071 2119/2013/2076 2414/2014/2077 2409/2019/2082
f 1591/2026/2089 2408/1999/2060 2413/2472/2539 1837/2540/2610
f 1384/1038/2673 2386/1037/2629 2412/2475/2542 1789/2474/2541
f 1837/2540/2610 2413/2472/2539 2412/2475/2542 1788/2541/2611
f 2614/2322/2389 1774/2321/2388 2411/2328/2395 2626/2327/2394
f 2327/2324/2391 1526/1675/1763 2395/1674/1762 2419/2325/2392
f 1773/2109/2169 2410/2317/2383 2391/1641/1733 1519/1638/1730
f 1322/2313/2379 2380/2314/2380 2410/2317/2383 1773/2109/2169
f 2846/2009/2072 1746/2008/2071 2409/2019/2082 2861/2018/2081
f 2119/2013/2076 1334/2012/2075 2381/2015/2078 2414/2014/2077
f 1139/2025/2088 2379/1996/2057 2408/1999/2060 1591/2026/2089
f 1713/1669/1757 2407/1672/1760 2395/1674/1762 1526/1675/1763
f 1524/1667/1755 2394/1666/1754 2407/1672/1760 1713/1669/1757
f 1712/1661/1749 2406/1664/1752 2394/1666/1754 1524/1667/1755
f 1522/1659/1747 2393/1658/1746 2406/1664/1752 1712/1661/1749
f 1711/1653/1741 2405/1656/1744 2393/1658/1746 1522/1659/1747
f 1520/1651/1739 2392/1648/1738 2405/1656/1744 1711/1653/1741
f 1710/1650/1731 2404/1645/1736 2392/1648/1738 1520/1651/1739
f 1519/1638/1730 2391/1641/1733 2404/1644/1736 1710/1639/1731
f 1390/1111/1255 2403/1070/1218 2390/1076/1224 1196/1113/1257
f 1198/1105/1249 2389/1068/1216 2403/1070/1218 1390/1111/1255
f 1388/1103/1247 2402/1062/1210 2389/1068/1216 1198/1105/1249
f 1199/1097/1241 2388/1060/1208 2402/1062/1210 1388/1103/1247
f 1386/1095/1239 2401/1054/1202 2388/1060/1208 1199/1097/1241
f 1200/1087/1233 2387/1052/1200 2401/1054/1202 1386/1095/1239
f 1383/1086/1231 2400/1049/1192 2387/1052/1200 1200/1087/1233
f 1197/1082/1230 2386/1037/1189 2400/1040/1192 1383/1083/1231
f 2648/792/1120 1633/791/1120 2399/802/1120 2673/801/1120
f 2273/796/1126 1341/795/1125 2385/798/1127 2418/797/1120
f 2695/776/1120 1632/775/1120 2398/786/1120 2720/785/1120
f 2232/780/1120 1339/779/1120 2384/782/1120 2417/781/1120
f 2742/760/1120 1631/759/1120 2397/770/1120 2767/769/1120
f 2191/764/1120 1337/763/1120 2383/766/1120 2416/765/1120
f 2789/744/1121 1630/743/1120 2396/754/1120 2814/753/1120
f 2150/748/1120 1335/747/1120 2382/750/1120 2415/749/1120
f 1772/2302/2369 2326/2305/2372 2460/2306/2373 2452/2309/2376
f 1637/855/1120 2274/860/1120 2459/861/1120 2440/866/1120
f 1636/839/1120 2233/844/1120 2458/845/1120 2439/850/1120
f 1635/823/1120 2192/828/1120 2457/829/1120 2438/834/1120
f 1634/807/1120 2151/812/1120 2456/813/1120 2437/818/1120
f 1748/2032/2097 2120/2037/2101 2455/2038/2101 2450/2043/2105
f 1838/2547/2624 2454/1984/2044 2453/2183/2247 1790/2182/2246
f 2613/2303/2370 1772/2302/2369 2452/2309/2376 2627/2308/2375
f 2326/2305/2372 1517/1635/1727 2436/1634/1726 2460/2306/2373
f 1771/2292/2358 2451/2297/2363 2432/1601/1697 1510/1598/1694
f 1321/2291/2357 2421/2294/2360 2451/2297/2363 1771/2292/2358
f 1393/1078/2192 2427/1077/2244 2453/2183/2247 1791/2132/2193
f 2847/2033/2098 1748/2032/2097 2450/2043/2105 2862/2042/2104
f 2120/2037/2101 1343/2036/2100 2422/2039/2100 2455/2038/2101
f 1140/2051/2113 2420/2022/2085 2449/1981/2041 1593/2052/2114
f 1593/2052/2114 2449/1981/2041 2454/1984/2044 1838/2547/2624
f 1709/1629/1721 2448/1632/1724 2436/1634/1726 1517/1635/1727
f 1515/1627/1719 2435/1626/1718 2448/1632/1724 1709/1629/1721
f 1708/1621/1713 2447/1624/1716 2435/1626/1718 1515/1627/1719
f 1513/1619/1711 2434/1618/1710 2447/1624/1716 1708/1621/1713
f 1707/1613/1705 2446/1616/1708 2434/1618/1710 1513/1619/1711
f 1511/1611/1703 2433/1608/1702 2446/1616/1708 1707/1613/1705
f 1706/1610/1695 2445/1605/1700 2433/1608/1702 1511/1611/1703
f 1510/1598/1694 2432/1601/1697 2445/1604/1700 1706/1599/1695
f 1399/1151/1291 2444/1110/1254 2431/1116/1260 1201/1153/1293
f 1203/1145/1285 2430/1108/1252 2444/1110/1254 1399/1151/1291
f 1397/1143/1283 2443/1102/1246 2430/1108/1252 1203/1145/1285
f 1204/1137/1277 2429/1100/1244 2443/1102/1246 1397/1143/1283
f 1395/1135/1275 2442/1094/1238 2429/1100/1244 1204/1137/1277
f 1205/1127/1269 2428/1092/1236 2442/1094/1238 1395/1135/1275
f 1392/1126/1267 2441/1089/1228 2428/1092/1236 1205/1127/1269
f 1202/1122/1266 2427/1077/1225 2441/1080/1228 1392/1123/1267
f 2649/856/1120 1637/855/1120 2440/866/1120 2674/865/1120
f 2274/860/1120 1350/859/1129 2426/862/1129 2459/861/1120
f 2696/840/1120 1636/839/1120 2439/850/1120 2721/849/1120
f 2233/844/1120 1348/843/1120 2425/846/1120 2458/845/1120
f 2743/824/1120 1635/823/1120 2438/834/1120 2768/833/1120
f 2192/828/1120 1346/827/1120 2424/830/1120 2457/829/1120
f 2790/808/1120 1634/807/1120 2437/818/1120 2815/817/1120
f 2151/812/1120 1344/811/1120 2423/814/1120 2456/813/1120
f 1770/2280/2347 2325/2283/2349 2501/2284/2350 2493/2287/2353
f 1641/919/1120 2275/924/1120 2500/925/1120 2481/930/1120
f 1640/903/1120 2234/908/1120 2499/909/1120 2480/914/1120
f 1639/887/1120 2193/892/1120 2498/893/1120 2479/898/1120
f 1638/871/1120 2152/876/1120 2497/877/1120 2478/882/1120
f 1750/2060/2122 2121/2065/2125 2496/2066/2126 2491/2071/2130
f 1402/1118/2632 2468/1117/2669 2494/2479/2546 1793/2478/2545
f 1595/2080/2139 2490/2049/2111 2495/2476/2543 1839/2554/2649
f 1839/2554/2649 2495/2476/2543 2494/2479/2546 1792/2555/2650
f 2612/2281/2345 1770/2280/2347 2493/2287/2353 2628/2286/2352
f 2325/2283/2349 1508/1595/1691 2477/1594/1690 2501/2284/2350
f 1769/2270/2336 2492/2275/2341 2473/1561/1661 1501/1558/1658
f 1320/2269/2335 2462/2272/2338 2492/2275/2341 1769/2270/2336
f 2848/2061/2123 1750/2060/2122 2491/2071/2130 2863/2070/2129
f 2121/2065/2125 1352/2064/2124 2463/2067/2127 2496/2066/2126
f 1141/2079/2138 2461/2046/2108 2490/2049/2111 1595/2080/2139
f 1705/1589/1685 2489/1592/1688 2477/1594/1690 1508/1595/1691
f 1506/1587/1683 2476/1586/1682 2489/1592/1688 1705/1589/1685
f 1704/1581/1677 2488/1584/1680 2476/1586/1682 1506/1587/1683
f 1504/1579/1675 2475/1578/1674 2488/1584/1680 1704/1581/1677
f 1703/1573/1669 2487/1576/1672 2475/1578/1674 1504/1579/1675
f 1502/1571/1667 2474/1568/1666 2487/1576/1672 1703/1573/1669
f 1702/1570/1659 2486/1565/1664 2474/1568/1666 1502/1571/1667
f 1501/1558/1658 2473/1561/1661 2486/1564/1664 1702/1559/1659
f 1408/1191/1327 2485/1150/1290 2472/1156/1296 1206/1193/1329
f 1208/1185/1321 2471/1148/1288 2485/1150/1290 1408/1191/1327
f 1406/1183/1319 2484/1142/1282 2471/1148/1288 1208/1185/1321
f 1209/1177/1313 2470/1140/1280 2484/1142/1282 1406/1183/1319
f 1404/1175/1311 2483/1134/1274 2470/1140/1280 1209/1177/1313
f 1210/1167/1305 2469/1132/1272 2483/1134/1274 1404/1175/1311
f 1401/1166/1303 2482/1129/1264 2469/1132/1272 1210/1167/1305
f 1207/1162/1302 2468/1117/1261 2482/1120/1264 1401/1163/1303
f 2650/920/1120 1641/919/1120 2481/930/1120 2675/929/1120
f 2275/924/1120 1359/923/1131 2467/926/1132 2500/925/1120
f 2697/904/1120 1640/903/1120 2480/914/1120 2722/913/1120
f 2234/908/1120 1357/907/1120 2466/910/1120 2499/909/1120
f 2744/888/1120 1639/887/1120 2479/898/1120 2769/897/1120
f 2193/892/1120 1355/891/1120 2465/894/1120 2498/893/1120
f 2791/872/1120 1638/871/1120 2478/882/1120 2816/881/1120
f 2152/876/1120 1353/875/1120 2464/878/1120 2497/877/1120
f 1768/2258/2324 2324/2261/2327 2542/2262/2328 2534/2265/2331
f 1645/983/1120 2276/988/1145 2541/989/1146 2522/994/1150
f 1644/967/1120 2235/972/1120 2540/973/1120 2521/978/1120
f 1643/951/1120 2194/956/1120 2539/957/1120 2520/962/1120
f 1642/935/1120 2153/940/1120 2538/941/1120 2519/946/1137
f 1752/2086/2146 2122/2091/2151 2537/2092/2152 2532/2097/2157
f 1597/2106/2166 2531/2077/2136 2536/2480/2547 1840/2559/2659
f 1411/1158/2666 2509/1157/2638 2535/2483/2550 1795/2482/2549
f 1840/2559/2659 2536/2480/2547 2535/2483/2550 1794/2550/2640
f 2611/2259/2325 1768/2258/2324 2534/2265/2331 2629/2264/2330
f 2324/2261/2327 1499/1555/1655 2518/1554/1654 2542/2262/2328
f 1767/2248/2314 2533/2253/2319 2514/1521/1625 1492/1518/1622
f 1319/2247/2313 2503/2250/2316 2533/2253/2319 1767/2248/2314
f 2849/2087/2147 1752/2086/2146 2532/2097/2157 2864/2096/2156
f 2122/2091/2151 1361/2090/2150 2504/2093/2153 2537/2092/2152
f 1142/2105/2165 2502/2074/2133 2531/2077/2136 1597/2106/2166
f 1701/1549/1649 2530/1552/1652 2518/1554/1654 1499/1555/1655
f 1497/1547/1647 2517/1546/1646 2530/1552/1652 1701/1549/1649
f 1700/1541/1641 2529/1544/1644 2517/1546/1646 1497/1547/1647
f 1495/1539/1639 2516/1538/1638 2529/1544/1644 1700/1541/1641
f 1699/1533/1633 2528/1536/1636 2516/1538/1638 1495/1539/1639
f 1493/1531/1631 2515/1528/1630 2528/1536/1636 1699/1533/1633
f 1698/1530/1623 2527/1525/1628 2515/1528/1630 1493/1531/1631
f 1492/1518/1622 2514/1521/1625 2527/1524/1628 1698/1519/1623
f 1417/1231/1363 2526/1190/1326 2513/1196/1332 1211/1233/1365
f 1213/1225/1357 2512/1188/1324 2526/1190/1326 1417/1231/1363
f 1415/1223/1355 2525/1182/1318 2512/1188/1324 1213/1225/1357
f 1214/1217/1349 2511/1180/1316 2525/1182/1318 1415/1223/1355
f 1413/1215/1347 2524/1174/1310 2511/1180/1316 1214/1217/1349
f 1215/1207/1341 2510/1172/1308 2524/1174/1310 1413/1215/1347
f 1410/1206/1339 2523/1169/1300 2510/1172/1308 1215/1207/1341
f 1212/1202/1338 2509/1157/1297 2523/1160/1300 1410/1203/1339
f 2651/984/1120 1645/983/1120 2522/994/1150 2676/993/1120
f 2276/988/1145 1368/987/1144 2508/990/1147 2541/989/1146
f 2698/968/1120 1644/967/1120 2521/978/1120 2723/977/1120
f 2235/972/1120 1366/971/1120 2507/974/1120 2540/973/1120
f 2745/952/1120 1643/951/1120 2520/962/1120 2770/961/1120
f 2194/956/1120 1364/955/1120 2506/958/1120 2539/957/1120
f 2792/936/1133 1642/935/1120 2519/946/1137 2817/945/1136
f 2153/940/1120 1362/939/1120 2505/942/1120 2538/941/1120
f 1765/2229/2295 2323/2232/2298 2583/2233/2299 2574/2235/2301
f 1763/2207/2271 2286/2212/2276 2582/2213/2277 2573/2216/2280
f 1761/2186/2250 2245/2191/2254 2581/2192/2255 2572/2195/2258
f 1759/2166/2228 2204/2171/2233 2580/2172/2234 2571/2175/2237
f 1757/2144/2206 2163/2149/2211 2579/2150/2212 2570/2153/2215
f 1754/2114/2174 2123/2119/2179 2578/2120/2180 2569/2123/2183
f 1841/2563/2674 2577/2245/2311 2576/2005/2068 1796/2004/2067
f 1599/2130/2190 2568/2103/2163 2577/2245/2311 1841/2563/2674
f 1766/2238/2304 2575/2566/2309 2550/2567/1589 1483/1478/1586
f 1318/2237/2303 2544/2568/2306 2575/2566/2309 1766/2238/2304
f 2610/2230/2296 1765/2229/2295 2574/2235/2301 2630/2234/2300
f 2323/2232/2298 1490/1515/1619 2554/1514/1618 2583/2233/2299
f 2661/2208/2272 1763/2207/2271 2573/2216/2280 2677/2215/2279
f 2286/2212/2276 1609/2211/2275 2559/2214/2278 2582/2213/2277
f 2708/2187/2251 1761/2186/2250 2572/2195/2258 2724/2194/2257
f 2245/2191/2254 1607/2190/2253 2558/2193/2256 2581/2192/2255
f 2755/2167/2229 1759/2166/2228 2571/2175/2237 2771/2174/2236
f 2204/2171/2233 1605/2170/2232 2557/2173/2235 2580/2172/2234
f 2802/2145/2207 1757/2144/2206 2570/2153/2215 2818/2152/2214
f 2163/2149/2211 1603/2148/2210 2556/2151/2213 2579/2150/2212
f 2850/2115/2175 1754/2114/2174 2569/2123/2183 2865/2122/2182
f 2123/2119/2179 1600/2118/2178 2555/2121/2181 2578/2120/2180
f 1143/2129/2189 2543/2100/2160 2568/2103/2163 1599/2130/2190
f 1420/1198/2384 2545/1197/2065 2576/2005/2068 1797/2318/2385
f 1697/1509/1613 2567/1512/1616 2554/1514/1618 1490/1515/1619
f 1488/1507/1611 2553/1506/1610 2567/1512/1616 1697/1509/1613
f 1696/1501/1605 2566/1504/1608 2553/1506/1610 1488/1507/1611
f 1486/1499/1603 2552/1498/1602 2566/1504/1608 1696/1501/1605
f 1695/1493/1597 2565/1496/1600 2552/1498/1602 1486/1499/1603
f 1484/1491/1595 2551/1488/1594 2565/1496/1600 1695/1493/1597
f 1694/1490/1587 2564/1485/1592 2551/1488/1594 1484/1491/1595
f 1483/1478/1586 2550/2567/1589 2564/2569/1592 1694/1479/1587
f 1426/1271/1399 2563/1230/1362 2549/1236/1368 1216/1273/1401
f 1218/1265/1393 2548/1228/1360 2563/1230/1362 1426/1271/1399
f 1424/1263/1391 2562/1222/1354 2548/1228/1360 1218/1265/1393
f 1219/1257/1385 2547/1220/1352 2562/1222/1354 1424/1263/1391
f 1422/1255/1383 2561/1214/1346 2547/1220/1352 1219/1257/1385
f 1220/1247/1377 2546/1212/1344 2561/1214/1346 1422/1255/1383
f 1419/1246/1375 2560/1209/1336 2546/1212/1344 1220/1247/1377
f 1217/1242/1374 2545/1197/1333 2560/1200/1336 1419/1243/1375
f 1609/2211/2275 2610/2230/2296 2630/2234/2300 2559/2214/2278
f 1368/987/1144 2611/2259/2325 2629/2264/2330 2508/990/1147
f 1359/923/1131 2612/2281/2345 2628/2286/2352 2467/926/1132
f 1350/859/1129 2613/2303/2370 2627/2308/2375 2426/862/1129
f 1341/795/1125 2614/2322/2389 2626/2327/2394 2385/798/1127
f 1622/2378/2448 2615/2344/2411 2625/2349/2416 2351/2381/2451
f 1281/1793/1869 2595/1756/1836 2624/2341/2408 2070/2377/2447
f 1181/2382/2452 2600/2352/2419 2623/2319/2386 2028/794/1124
f 1182/799/1128 2599/2330/2397 2622/2300/2367 1993/858/1128
f 1183/863/1130 2598/2311/2375 2621/2278/2345 1958/922/1131
f 1184/927/1132 2597/2289/2355 2620/2256/2322 1923/986/1143
f 1185/991/1148 2596/2267/2333 2619/2227/2293 1898/2210/2274
f 1623/2369/2438 2616/2356/2423 2618/2521/2588 1854/2557/2656
f 1854/2557/2656 2618/2521/2588 2617/2226/2292 1822/2225/2291
f 1156/2368/2437 2585/2353/2420 2616/2356/2423 1623/2369/2438
f 2351/2381/2451 2625/2349/2416 2600/2352/2419 1181/2382/2452
f 2070/2377/2447 2624/2341/2408 2615/2344/2411 1622/2378/2448
f 2385/798/1127 2626/2327/2394 2599/2330/2397 1182/799/1128
f 2028/794/1124 2623/2319/2386 2614/2322/2389 1341/795/1125
f 2426/862/1129 2627/2308/2375 2598/2311/2375 1183/863/1130
f 1993/858/1128 2622/2300/2367 2613/2303/2370 1350/859/1129
f 2467/926/1132 2628/2286/2352 2597/2289/2355 1184/927/1132
f 1958/922/1131 2621/2278/2345 2612/2281/2345 1359/923/1131
f 2508/990/1147 2629/2264/2330 2596/2267/2333 1185/991/1148
f 1923/986/1143 2620/2256/2322 2611/2259/2325 1368/987/1144
f 2559/2214/2278 2630/2234/2300 2590/1474/1582 1241/1473/1581
f 1898/2210/2274 2619/2227/2293 2610/2230/2296 1609/2211/2275
f 1537/1718/2660 2591/1717/2289 2617/2226/2292 1823/2523/2590
f 1764/2219/2283 2609/2224/2288 2586/1441/1553 1474/1438/1550
f 1317/2218/2282 2584/2221/2285 2609/2224/2288 1764/2219/2283
f 1543/1791/1867 2608/1750/1830 2595/1756/1836 1281/1793/1869
f 1283/1785/1861 2594/1748/1828 2608/1750/1830 1543/1791/1867
f 1541/1783/1859 2607/1742/1822 2594/1748/1828 1283/1785/1861
f 1284/1777/1853 2593/1740/1820 2607/1742/1822 1541/1783/1859
f 1539/1775/1851 2606/1734/1814 2593/1740/1820 1284/1777/1853
f 1285/1767/1845 2592/1732/1812 2606/1734/1814 1539/1775/1851
f 1536/1766/1843 2605/1729/1804 2592/1732/1812 1285/1767/1845
f 1282/1762/1842 2591/1717/1801 2605/1720/1804 1536/1763/1843
f 1693/1469/1577 2604/1472/1580 2590/1474/1582 1481/1475/1583
f 1479/1467/1575 2589/1466/1574 2604/1472/1580 1693/1469/1577
f 1692/1461/1569 2603/1464/1572 2589/1466/1574 1479/1467/1575
f 1477/1459/1567 2588/1458/1566 2603/1464/1572 1692/1461/1569
f 1691/1453/1561 2602/1456/1564 2588/1458/1566 1477/1459/1567
f 1475/1451/1559 2587/1448/1558 2602/1456/1564 1691/1453/1561
f 1690/1450/1551 2601/1445/1556 2587/1448/1558 1475/1451/1559
f 1474/1438/1550 2586/1441/1553 2601/1444/1556 1690/1439/1551
f 1607/2190/2253 2661/2208/2272 2677/2215/2279 2558/2193/2256
f 1366/971/1120 2651/984/1120 2676/993/1120 2507/974/1120
f 1357/907/1120 2650/920/1120 2675/929/1120 2466/910/1120
f 1348/843/1120 2649/856/1120 2674/865/1120 2425/846/1120
f 1339/779/1120 2648/792/1120 2673/801/1120 2384/782/1120
f 1625/2403/2473 2663/2375/2445 2672/2384/2454 2352/2406/2476
f 1286/1833/1905 2647/1796/1872 2671/2372/2442 2071/2402/2472
f 1176/2407/2477 2633/2387/2456 2670/789/1120 2027/778/1120
f 1177/783/1120 2634/804/1120 2669/853/1120 1992/842/1120
f 1178/847/1120 2635/868/1120 2668/917/1120 1957/906/1120
f 1179/911/1120 2636/932/1120 2667/981/1120 1922/970/1120
f 1180/975/1141 2637/996/1152 2666/2205/2269 1897/2189/2252
f 1624/2393/2462 2662/2366/2435 2665/2524/2591 1855/2560/2664
f 1546/1758/2677 2643/1757/2668 2664/2527/2594 1825/2526/2593
f 1855/2560/2664 2665/2524/2591 2664/2527/2594 1824/2561/2665
f 2352/2406/2476 2672/2384/2454 2633/2387/2456 1176/2407/2477
f 2071/2402/2472 2671/2372/2442 2663/2375/2445 1625/2403/2473
f 1157/2392/2461 2632/2363/2432 2662/2366/2435 1624/2393/2462
f 2558/2193/2256 2677/2215/2279 2642/1434/1546 1236/1433/1545
f 1897/2189/2252 2666/2205/2269 2661/2208/2272 1607/2190/2253
f 1762/2198/2261 2660/2203/2266 2638/1401/1517 1465/1398/1514
f 1316/2197/2260 2631/2200/2263 2660/2203/2266 1762/2198/2261
f 1552/1831/1903 2659/1790/1866 2647/1796/1872 1286/1833/1905
f 1288/1825/1897 2646/1788/1864 2659/1790/1866 1552/1831/1903
f 1550/1823/1895 2658/1782/1858 2646/1788/1864 1288/1825/1897
f 1289/1817/1889 2645/1780/1856 2658/1782/1858 1550/1823/1895
f 1548/1815/1887 2657/1774/1850 2645/1780/1856 1289/1817/1889
f 1290/1807/1881 2644/1772/1848 2657/1774/1850 1548/1815/1887
f 1545/1806/1879 2656/1769/1840 2644/1772/1848 1290/1807/1881
f 1287/1802/1878 2643/1757/1837 2656/1760/1840 1545/1803/1879
f 1689/1429/1541 2655/1432/1544 2642/1434/1546 1472/1435/1547
f 1470/1427/1539 2641/1426/1538 2655/1432/1544 1689/1429/1541
f 1688/1421/1533 2654/1424/1536 2641/1426/1538 1470/1427/1539
f 1468/1419/1531 2640/1418/1530 2654/1424/1536 1688/1421/1533
f 1687/1413/1525 2653/1416/1528 2640/1418/1530 1468/1419/1531
f 1466/1411/1523 2639/1408/1522 2653/1416/1528 1687/1413/1525
f 1686/1410/1515 2652/1405/1520 2639/1408/1522 1466/1411/1523
f 1465/1398/1514 2638/1401/1517 2652/1404/1520 1686/1399/1515
f 2507/974/1120 2676/993/1120 2637/996/1152 1180/975/1141
f 1922/970/1120 2667/981/1120 2651/984/1120 1366/971/1120
f 2466/910/1120 2675/929/1120 2636/932/1120 1179/911/1120
f 1957/906/1120 2668/917/1120 2650/920/1120 1357/907/1120
f 2425/846/1120 2674/865/1120 2635/868/1120 1178/847/1120
f 1992/842/1120 2669/853/1120 2649/856/1120 1348/843/1120
f 2384/782/1120 2673/801/1120 2634/804/1120 1177/783/1120
f 2027/778/1120 2670/789/1120 2648/792/1120 1339/779/1120
f 1605/2170/2232 2708/2187/2251 2724/2194/2257 2557/2173/2235
f 1364/955/1120 2698/968/1120 2723/977/1120 2506/958/1120
f 1355/891/1120 2697/904/1120 2722/913/1120 2465/894/1120
f 1346/827/1120 2696/840/1120 2721/849/1120 2424/830/1120
f 1337/763/1120 2695/776/1120 2720/785/1120 2383/766/1120
f 1627/2429/2498 2710/2400/2470 2719/2409/2479 2353/2432/2501
f 1291/1873/1941 2694/1836/1908 2718/2397/2467 2072/2428/2497
f 1171/2433/2480 2680/2412/2480 2717/773/1120 2026/762/1120
f 1172/767/1120 2681/788/1120 2716/837/1120 1991/826/1120
f 1173/831/1120 2682/852/1120 2715/901/1120 1956/890/1120
f 1174/895/1120 2683/916/1120 2714/965/1120 1921/954/1120
f 1175/959/1139 2684/980/1139 2713/2184/2248 1896/2169/2231
f 1555/1798/2054 2690/1797/2634 2711/2529/2596 1827/1994/2055
f 1626/2419/2487 2709/2390/2459 2712/2528/2595 1856/2564/2678
f 1856/2564/2678 2712/2528/2595 2711/2529/2596 1826/2549/2636
f 2353/2432/2501 2719/2409/2479 2680/2412/2480 1171/2433/2480
f 2072/2428/2497 2718/2397/2467 2710/2400/2470 1627/2429/2498
f 1158/2418/2486 2679/2388/2457 2709/2390/2459 1626/2419/2487
f 2557/2173/2235 2724/2194/2257 2689/1394/1510 1231/1393/1509
f 1896/2169/2231 2713/2184/2248 2708/2187/2251 1605/2170/2232
f 1760/2055/2117 2707/2181/2243 2685/1361/1481 1456/1358/1478
f 1315/2177/2239 2678/2178/2240 2707/2181/2243 1760/2055/2117
f 1561/1871/1939 2706/1830/1902 2694/1836/1908 1291/1873/1941
f 1293/1865/1933 2693/1828/1900 2706/1830/1902 1561/1871/1939
f 1559/1863/1931 2705/1822/1894 2693/1828/1900 1293/1865/1933
f 1294/1857/1925 2692/1820/1892 2705/1822/1894 1559/1863/1931
f 1557/1855/1923 2704/1814/1886 2692/1820/1892 1294/1857/1925
f 1295/1847/1917 2691/1812/1884 2704/1814/1886 1557/1855/1923
f 1554/1846/1915 2703/1809/1876 2691/1812/1884 1295/1847/1917
f 1292/1842/1914 2690/1797/1873 2703/1800/1876 1554/1843/1915
f 1685/1389/1505 2702/1392/1508 2689/1394/1510 1463/1395/1511
f 1461/1387/1503 2688/1386/1502 2702/1392/1508 1685/1389/1505
f 1684/1381/1497 2701/1384/1500 2688/1386/1502 1461/1387/1503
f 1459/1379/1495 2687/1378/1494 2701/1384/1500 1684/1381/1497
f 1683/1373/1489 2700/1376/1492 2687/1378/1494 1459/1379/1495
f 1457/1371/1487 2686/1368/1486 2700/1376/1492 1683/1373/1489
f 1682/1370/1479 2699/1365/1484 2686/1368/1486 1457/1371/1487
f 1456/1358/1478 2685/1361/1481 2699/1364/1484 1682/1359/1479
f 2506/958/1120 2723/977/1120 2684/980/1139 1175/959/1139
f 1921/954/1120 2714/965/1120 2698/968/1120 1364/955/1120
f 2465/894/1120 2722/913/1120 2683/916/1120 1174/895/1120
f 1956/890/1120 2715/901/1120 2697/904/1120 1355/891/1120
f 2424/830/1120 2721/849/1120 2682/852/1120 1173/831/1120
f 1991/826/1120 2716/837/1120 2696/840/1120 1346/827/1120
f 2383/766/1120 2720/785/1120 2681/788/1120 1172/767/1120
f 2026/762/1120 2717/773/1120 2695/776/1120 1337/763/1120
f 1603/2148/2210 2755/2167/2229 2771/2174/2236 2556/2151/2213
f 1362/939/1120 2745/952/1120 2770/961/1120 2505/942/1120
f 1353/875/1120 2744/888/1120 2769/897/1120 2464/878/1120
f 1344/811/1120 2743/824/1120 2768/833/1120 2423/814/1120
f 1335/747/1120 2742/760/1120 2767/769/1120 2382/750/1120
f 1629/2454/2521 2757/2426/2495 2766/2435/2502 2354/2457/2524
f 1296/1913/1977 2741/1876/1944 2765/2423/2492 2073/2453/2520
f 1166/2458/2525 2727/2438/2503 2764/757/1120 2025/746/1120
f 1167/751/1120 2728/772/1120 2763/821/1120 1990/810/1120
f 1168/815/1120 2729/836/1120 2762/885/1120 1955/874/1120
f 1169/879/1120 2730/900/1120 2761/949/1120 1920/938/1120
f 1170/943/1134 2731/964/1140 2760/2164/2227 1895/2147/2209
f 1628/2339/2406 2756/2416/2484 2759/2530/2597 1857/2340/2407
f 1857/2340/2407 2759/2530/2597 2758/2029/2094 1828/2028/2093
f 2354/2457/2524 2766/2435/2502 2727/2438/2503 1166/2458/2525
f 2073/2453/2520 2765/2423/2492 2757/2426/2495 1629/2454/2521
f 1159/2444/2509 2726/2413/2481 2756/2416/2484 1628/2339/2406
f 2556/2151/2213 2771/2174/2236 2736/1354/1474 1226/1353/1473
f 1895/2147/2209 2760/2164/2227 2755/2167/2229 1603/2148/2210
f 1758/2156/2218 2754/2161/2223 2732/1321/1445 1447/1318/1442
f 1314/2155/2217 2725/2158/2220 2754/2161/2223 1758/2156/2218
f 1564/1838/2637 2737/1837/2091 2758/2029/2094 1829/2532/2599
f 1570/1911/1975 2753/1870/1938 2741/1876/1944 1296/1913/1977
f 1298/1905/1969 2740/1868/1936 2753/1870/1938 1570/1911/1975
f 1568/1903/1967 2752/1862/1930 2740/1868/1936 1298/1905/1969
f 1299/1897/1961 2739/1860/1928 2752/1862/1930 1568/1903/1967
f 1566/1895/1959 2751/1854/1922 2739/1860/1928 1299/1897/1961
f 1300/1887/1953 2738/1852/1920 2751/1854/1922 1566/1895/1959
f 1563/1886/1951 2750/1849/1912 2738/1852/1920 1300/1887/1953
f 1297/1882/1950 2737/1837/1909 2750/1840/1912 1563/1883/1951
f 1681/1349/1469 2749/1352/1472 2736/1354/1474 1454/1355/1475
f 1452/1347/1467 2735/1346/1466 2749/1352/1472 1681/1349/1469
f 1680/1341/1461 2748/1344/1464 2735/1346/1466 1452/1347/1467
f 1450/1339/1459 2734/1338/1458 2748/1344/1464 1680/1341/1461
f 1679/1333/1453 2747/1336/1456 2734/1338/1458 1450/1339/1459
f 1448/1331/1451 2733/1328/1450 2747/1336/1456 1679/1333/1453
f 1678/1330/1443 2746/1325/1448 2733/1328/1450 1448/1331/1451
f 1447/1318/1442 2732/1321/1445 2746/1324/1448 1678/1319/1443
f 2505/942/1120 2770/961/1120 2731/964/1140 1170/943/1134
f 1920/938/1120 2761/949/1120 2745/952/1120 1362/939/1120
f 2464/878/1120 2769/897/1120 2730/900/1120 1169/879/1120
f 1955/874/1120 2762/885/1120 2744/888/1120 1353/875/1120
f 2423/814/1120 2768/833/1120 2729/836/1120 1168/815/1120
f 1990/810/1120 2763/821/1120 2743/824/1120 1344/811/1120
f 2382/750/1120 2767/769/1120 2728/772/1120 1167/751/1120
f 2025/746/1120 2764/757/1120 2742/760/1120 1335/747/1120
f 1600/2118/2178 2802/2145/2207 2818/2152/2214 2555/2121/2181
f 1361/2090/2150 2792/936/1133 2817/945/1136 2504/2093/2153
f 1352/2064/2124 2791/872/1120 2816/881/1120 2463/2067/2127
f 1343/2036/2100 2790/808/1120 2815/817/1120 2422/2039/2100
f 1334/2012/2075 2789/744/1121 2814/753/1120 2381/2015/2078
f 1586/1963/2023 2804/2451/2518 2813/2460/2527 2350/1966/2026
f 1301/1953/2013 2788/1916/1980 2812/2448/2515 2069/1962/2022
f 1161/1967/2027 2774/2463/2530 2811/741/1118 2024/2011/2074
f 1162/2016/2079 2775/756/1120 2810/805/1120 1989/2035/2079
f 1163/2040/2102 2776/820/1120 2809/869/1120 1954/2063/2124
f 1164/2068/2127 2777/884/1120 2808/933/1120 1919/2089/2149
f 1165/2094/2154 2778/948/1138 2807/2142/2204 1894/2117/2177
f 1573/1878/2667 2784/1877/2675 2805/2536/2603 1831/2535/2602
f 1589/1979/2039 2803/2442/2507 2806/2533/2600 1835/2162/2225
f 1835/2162/2225 2806/2533/2600 2805/2536/2603 1830/2163/2226
f 2350/1966/2026 2813/2460/2527 2774/2463/2530 1161/1967/2027
f 2069/1962/2022 2812/2448/2515 2804/2451/2518 1586/1963/2023
f 1160/1978/2038 2773/2439/2504 2803/2442/2507 1589/1979/2039
f 2555/2121/2181 2818/2152/2214 2783/1314/1438 1221/1313/1437
f 1894/2117/2177 2807/2142/2204 2802/2145/2207 1600/2118/2178
f 1756/2135/2196 2801/2140/2201 2779/1281/1409 1438/1278/1406
f 1313/2134/2195 2772/2137/2198 2801/2140/2201 1756/2135/2196
f 1579/1951/2011 2800/1910/1974 2788/1916/1980 1301/1953/2013
f 1303/1945/2005 2787/1908/1972 2800/1910/1974 1579/1951/2011
f 1577/1943/2003 2799/1902/1966 2787/1908/1972 1303/1945/2005
f 1304/1937/1997 2786/1900/1964 2799/1902/1966 1577/1943/2003
f 1575/1935/1995 2798/1894/1958 2786/1900/1964 1304/1937/1997
f 1305/1927/1989 2785/1892/1956 2798/1894/1958 1575/1935/1995
f 1572/1926/1987 2797/1889/1948 2785/1892/1956 1305/1927/1989
f 1302/1922/1986 2784/1877/1945 2797/1880/1948 1572/1923/1987
f 1677/1309/1433 2796/1312/1436 2783/1314/1438 1445/1315/1439
f 1443/1307/1431 2782/1306/1430 2796/1312/1436 1677/1309/1433
f 1676/1301/1425 2795/1304/1428 2782/1306/1430 1443/1307/1431
f 1441/1299/1423 2781/1298/1422 2795/1304/1428 1676/1301/1425
f 1675/1293/1417 2794/1296/1420 2781/1298/1422 1441/1299/1423
f 1439/1291/1415 2780/1288/1414 2794/1296/1420 1675/1293/1417
f 1674/1290/1407 2793/1285/1412 2780/1288/1414 1439/1291/1415
f 1438/1278/1406 2779/1281/1409 2793/1284/1412 1674/1279/1407
f 2504/2093/2153 2817/945/1136 2778/948/1138 1165/2094/2154
f 1919/2089/2149 2808/933/1120 2792/936/1133 1361/2090/2150
f 2463/2067/2127 2816/881/1120 2777/884/1120 1164/2068/2127
f 1954/2063/2124 2809/869/1120 2791/872/1120 1352/2064/2124
f 2422/2039/2100 2815/817/1120 2776/820/1120 1163/2040/2102
f 1989/2035/2079 2810/805/1120 2790/808/1120 1343/2036/2100
f 2381/2015/2078 2814/753/1120 2775/756/1120 1162/2016/2079
f 2024/2011/2074 2811/741/1118 2789/744/1121 1334/2012/2075
f 1427/1235/1367 2850/2115/2175 2865/2122/2182 2549/1236/1368
f 1418/1195/1331 2849/2087/2147 2864/2096/2156 2513/1196/1332
f 1409/1155/1295 2848/2061/2123 2863/2070/2129 2472/1156/1296
f 1400/1115/1259 2847/2033/2098 2862/2042/2104 2431/1116/1260
f 1391/1075/1223 2846/2009/2072 2861/2018/2081 2390/1076/1224
f 1382/1035/1187 2844/1960/2020 2860/1969/2029 2344/1036/1188
f 1187/1033/1185 2830/1956/2016 2859/1957/2017 2063/1034/1186
f 1191/1073/1221 2831/1972/2032 2858/2006/2069 2033/1074/1222
f 1196/1113/1257 2832/2021/2084 2857/2030/2095 1998/1114/1258
f 1201/1153/1293 2833/2045/2107 2856/2058/2120 1963/1154/1294
f 1206/1193/1329 2834/2073/2132 2855/2084/2144 1928/1194/1330
f 1211/1233/1365 2835/2099/2159 2854/2112/2172 1888/1234/1366
f 1588/1991/2051 2845/1976/2036 2853/2464/2531 1834/2395/2465
f 1581/1918/2647 2826/1917/2633 2852/2467/2534 1833/2466/2533
f 1834/2395/2465 2853/2464/2531 2852/2467/2534 1832/2396/2466
f 1755/2126/2186 2851/2131/2191 2821/1241/1373 1429/1238/1370
f 1312/2125/2185 2819/2128/2188 2851/2131/2191 1755/2126/2186
f 2549/1236/1368 2865/2122/2182 2825/1274/1402 1216/1273/1401
f 1888/1234/1366 2854/2112/2172 2850/2115/2175 1427/1235/1367
f 2513/1196/1332 2864/2096/2156 2835/2099/2159 1211/1233/1365
f 1928/1194/1330 2855/2084/2144 2849/2087/2147 1418/1195/1331
f 2472/1156/1296 2863/2070/2129 2834/2073/2132 1206/1193/1329
f 1963/1154/1294 2856/2058/2120 2848/2061/2123 1409/1155/1295
f 2431/1116/1260 2862/2042/2104 2833/2045/2107 1201/1153/1293
f 1998/1114/1258 2857/2030/2095 2847/2033/2098 1400/1115/1259
f 2390/1076/1224 2861/2018/2081 2832/2021/2084 1196/1113/1257
f 2033/1074/1222 2858/2006/2069 2846/2009/2072 1391/1075/1223
f 1137/1990/2050 2820/1973/2033 2845/1976/2036 1588/1991/2051
f 2344/1036/1188 2860/1969/2029 2831/1972/2032 1191/1073/1221
f 2063/1034/1186 2859/1957/2017 2844/1960/2020 1382/1035/1187
f 1381/1031/1183 2843/1950/2010 2830/1956/2016 1187/1033/1185
f 1190/1025/1177 2829/1948/2008 2843/1950/2010 1381/1031/1183
f 1378/1023/1175 2842/1942/2002 2829/1948/2008 1190/1025/1177
f 1189/1017/1169 2828/1940/2000 2842/1942/2002 1378/1023/1175
f 1375/1015/1167 2841/1934/1994 2828/1940/2000 1189/1017/1169
f 1188/1007/1161 2827/1932/1992 2841/1934/1994 1375/1015/1167
f 1372/1006/1159 2840/1929/1984 2827/1932/1992 1188/1007/1161
f 1186/1002/1158 2826/1917/1981 2840/1920/1984 1372/1003/1159
f 1673/1269/1397 2839/1272/1400 2825/1274/1402 1436/1275/1403
f 1434/1267/1395 2824/1266/1394 2839/1272/1400 1673/1269/1397
f 1672/1261/1389 2838/1264/1392 2824/1266/1394 1434/1267/1395
f 1432/1259/1387 2823/1258/1386 2838/1264/1392 1672/1261/1389
f 1671/1253/1381 2837/1256/1384 2823/1258/1386 1432/1259/1387
f 1430/1251/1379 2822/1248/1378 2837/1256/1384 1671/1253/1381
f 1670/1250/1371 2836/1245/1376 2822/1248/1378 1430/1251/1379
f 1429/1238/1370 2821/1241/1373 2836/1244/1376 1670/1239/1371
