# Blender 5.0.1
# www.blender.org
mtllib Conserva.mtl
o Lata_Conserva
v 0.499159 1.372062 -0.121781
v 0.472296 1.369150 -0.118078
v 0.449711 1.369150 -0.111228
v 0.428897 1.369150 -0.100102
v 0.409649 1.369150 -0.085130
v 0.391225 1.369150 -0.066886
v 0.381702 1.369150 -0.046072
v 0.376923 1.369150 -0.023487
v 0.375310 1.369150 -0.000000
v 0.376923 1.369150 0.023487
v 0.381702 1.369150 0.046072
v 0.391225 1.369150 0.066886
v 0.409649 1.369150 0.085130
v 0.428897 1.369150 0.100102
v 0.449711 1.369150 0.111227
v 0.472296 1.369150 0.118078
v 0.499159 1.372062 0.121781
v 0.531328 1.373195 0.118078
v 0.553913 1.373195 0.111228
v 0.574727 1.373195 0.100102
v 0.592971 1.373195 0.085130
v 0.607943 1.373195 0.066886
v 0.619068 1.373195 0.046072
v 0.625919 1.373195 0.023487
v 0.628233 1.373195 -0.000000
v 0.625919 1.373195 -0.023487
v 0.619068 1.373195 -0.046072
v 0.607943 1.373195 -0.066886
v 0.592971 1.373195 -0.085130
v 0.574727 1.373195 -0.100102
v 0.553913 1.373195 -0.111227
v 0.531328 1.373195 -0.118078
v 0.259119 1.375218 -0.124750
v 0.236191 1.373195 -0.122156
v 0.212826 1.373195 -0.115068
v 0.191293 1.373195 -0.103559
v 0.172775 1.373195 -0.088070
v 0.158786 1.373195 -0.069196
v 0.147996 1.373195 -0.047663
v 0.141199 1.373195 -0.024298
v 0.138904 1.373195 -0.000000
v 0.141199 1.373195 0.024298
v 0.147996 1.373195 0.047663
v 0.158786 1.373195 0.069196
v 0.172775 1.373195 0.088070
v 0.191293 1.373195 0.103559
v 0.212826 1.373195 0.115068
v 0.236191 1.373195 0.122156
v 0.259119 1.375218 0.124750
v 0.295401 1.369150 0.122156
v 0.315624 1.373195 0.124951
v 0.188709 1.373195 -0.000000
v 0.190613 1.373195 0.024298
v 0.295401 1.369150 -0.122156
v 0.272037 1.369150 -0.115068
v 0.196250 1.373195 0.047663
v 0.250504 1.369150 -0.103559
v 0.218027 1.372062 0.069321
v 0.232048 1.369150 -0.088070
v 0.232048 1.369150 0.088070
v 0.218027 1.372062 -0.069321
v 0.250504 1.369150 0.103559
v 0.196250 1.373195 -0.047663
v 0.272037 1.369150 0.115068
v 0.190613 1.373195 -0.024298
v 0.315624 1.373195 -0.124951
v 0.422214 1.373195 0.124951
v 0.321489 1.373195 0.024298
v 0.378627 1.369150 -0.115068
v 0.318214 1.373195 0.047663
v 0.357094 1.369150 -0.103559
v 0.303854 1.372062 0.069321
v 0.334560 1.369150 -0.088070
v 0.334560 1.369150 0.088070
v 0.303854 1.372062 -0.069321
v 0.357094 1.369150 0.103559
v 0.318214 1.373195 -0.047663
v 0.378627 1.369150 0.115068
v 0.321489 1.373195 -0.024298
v 0.401992 1.369150 0.122156
v 0.322595 1.373195 -0.000000
v 0.401992 1.369150 -0.122156
v 0.422214 1.373195 -0.124951
v 0.507841 1.373195 -0.103762
v 0.487598 1.373195 -0.101768
v 0.468133 1.373195 -0.095864
v 0.450194 1.373195 -0.086275
v 0.434470 1.373195 -0.073371
v 0.421566 1.373195 -0.057647
v 0.411977 1.373195 -0.039708
v 0.406073 1.373195 -0.020243
v 0.404079 1.373195 -0.000000
v 0.406073 1.373195 0.020243
v 0.411977 1.373195 0.039708
v 0.421566 1.373195 0.057647
v 0.434470 1.373195 0.073371
v 0.450194 1.373195 0.086275
v 0.468133 1.373195 0.095864
v 0.487598 1.373195 0.101768
v 0.507841 1.373195 0.103762
v 0.528084 1.373195 0.101768
v 0.547549 1.373195 0.095864
v 0.563004 1.372062 0.082752
v 0.577957 1.369150 0.070116
v 0.590289 1.369150 0.055090
v 0.599452 1.369150 0.037946
v 0.605095 1.369150 0.019345
v 0.607000 1.369150 -0.000000
v 0.605094 1.369150 -0.019345
v 0.599452 1.369150 -0.037946
v 0.590289 1.369150 -0.055090
v 0.577957 1.369150 -0.070116
v 0.563004 1.372062 -0.082752
v 0.547549 1.373195 -0.095864
v 0.528084 1.373195 -0.101768
v 0.510507 1.369150 -0.042679
v 0.501089 1.369150 -0.041339
v 0.491931 1.369150 -0.038410
v 0.483384 1.369150 -0.034006
v 0.475777 1.369150 -0.028294
v 0.469403 1.369150 -0.021495
v 0.464505 1.369150 -0.013870
v 0.461273 1.369150 -0.005712
v 0.459831 1.369150 0.002666
v 0.457831 1.369150 0.010296
v 0.462995 1.369150 0.018576
v 0.465198 1.369150 0.028082
v 0.472008 1.369150 0.032064
v 0.478951 1.369150 0.036967
v 0.487006 1.369150 0.040451
v 0.495860 1.369150 0.042379
v 0.505175 1.369150 0.042679
v 0.514593 1.369150 0.041339
v 0.523751 1.369150 0.038410
v 0.532298 1.369150 0.034006
v 0.539905 1.369150 0.028294
v 0.546279 1.369150 0.021495
v 0.551177 1.369150 0.013870
v 0.554409 1.369150 0.005712
v 0.555851 1.369150 -0.002666
v 0.557851 1.369150 -0.010296
v 0.552687 1.369150 -0.018576
v 0.550484 1.369150 -0.028082
v 0.543674 1.369150 -0.032064
v 0.536730 1.369150 -0.036967
v 0.528676 1.369150 -0.040451
v 0.519822 1.369150 -0.042379
v 0.445588 1.373195 -0.025786
v 0.441753 1.373195 -0.013146
v 0.558742 1.369150 0.050901
v 0.567695 1.369150 0.039993
v 0.440459 1.373195 -0.000000
v 0.574347 1.369150 0.027548
v 0.441753 1.373195 0.013146
v 0.578443 1.369150 0.014044
v 0.445588 1.373195 0.025786
v 0.579826 1.369150 -0.000000
v 0.451815 1.373195 0.037436
v 0.578443 1.369150 -0.014044
v 0.460194 1.373195 0.047647
v 0.574347 1.369150 -0.027548
v 0.470405 1.373195 0.056026
v 0.567695 1.369150 -0.039993
v 0.482055 1.373195 0.062253
v 0.507841 1.373195 -0.067382
v 0.494695 1.373195 -0.066088
v 0.558742 1.369150 -0.050901
v 0.494695 1.373195 0.066088
v 0.482055 1.373195 -0.062253
v 0.548002 1.372062 -0.059910
v 0.507841 1.373195 0.067382
v 0.470405 1.373195 -0.056026
v 0.533627 1.373195 -0.062253
v 0.520987 1.373195 0.066088
v 0.460194 1.373195 -0.047647
v 0.520987 1.373195 -0.066088
v 0.533627 1.373195 0.062253
v 0.451815 1.373195 -0.037436
v 0.548002 1.372062 0.059910
v 0.546205 1.369150 -0.015891
v 0.542367 1.369150 -0.014301
v 0.537203 1.369150 -0.012162
v 0.530911 1.369150 -0.009556
v 0.523732 1.369150 -0.006582
v 0.515942 1.369150 -0.003356
v 0.507841 1.369150 -0.000000
v 0.499740 1.369150 0.003356
v 0.491950 1.369150 0.006582
v 0.484771 1.369150 0.009556
v 0.478479 1.369150 0.012162
v 0.473314 1.369150 0.014301
v 0.469477 1.369150 0.015891
v 0.472296 1.393421 -0.118078
v 0.499159 1.390508 -0.121781
v 0.449711 1.393421 -0.111227
v 0.428897 1.393421 -0.100102
v 0.409649 1.393421 -0.085130
v 0.391225 1.393421 -0.066886
v 0.381702 1.393421 -0.046072
v 0.376923 1.393421 -0.023487
v 0.375310 1.393421 -0.000000
v 0.376923 1.393421 0.023487
v 0.381702 1.393421 0.046072
v 0.391225 1.393421 0.066886
v 0.409649 1.393421 0.085130
v 0.428897 1.393421 0.100102
v 0.449711 1.393421 0.111228
v 0.472296 1.393421 0.118078
v 0.499159 1.390508 0.121781
v 0.531328 1.389376 0.118078
v 0.553913 1.389376 0.111227
v 0.574727 1.389376 0.100102
v 0.592971 1.389376 0.085130
v 0.607943 1.389376 0.066886
v 0.619068 1.389376 0.046072
v 0.625919 1.389376 0.023487
v 0.628233 1.389376 -0.000000
v 0.625919 1.389376 -0.023487
v 0.619068 1.389376 -0.046072
v 0.607943 1.389376 -0.066886
v 0.592971 1.389376 -0.085130
v 0.574727 1.389376 -0.100102
v 0.553913 1.389376 -0.111228
v 0.531328 1.389376 -0.118078
v 0.236190 1.389376 -0.122156
v 0.259119 1.387353 -0.124750
v 0.212826 1.389376 -0.115068
v 0.191293 1.389376 -0.103559
v 0.172775 1.389376 -0.088070
v 0.158786 1.389376 -0.069196
v 0.147996 1.389376 -0.047663
v 0.141199 1.389376 -0.024298
v 0.138904 1.389376 -0.000000
v 0.141199 1.389376 0.024298
v 0.147996 1.389376 0.047663
v 0.158786 1.389376 0.069196
v 0.172775 1.389376 0.088070
v 0.191293 1.389376 0.103559
v 0.212826 1.389376 0.115068
v 0.236191 1.389376 0.122156
v 0.259119 1.387353 0.124750
v 0.295401 1.393421 0.122156
v 0.422214 1.389376 0.124951
v 0.188709 1.389376 -0.000000
v 0.321489 1.389376 0.024298
v 0.295401 1.393421 -0.122156
v 0.378627 1.393421 -0.115068
v 0.318214 1.389376 0.047663
v 0.357094 1.393421 -0.103559
v 0.303854 1.390508 0.069321
v 0.334560 1.393421 -0.088070
v 0.334560 1.393421 0.088070
v 0.303854 1.390508 -0.069321
v 0.357094 1.393421 0.103559
v 0.318214 1.389376 -0.047663
v 0.378627 1.393421 0.115068
v 0.321489 1.389376 -0.024298
v 0.315624 1.389376 -0.124951
v 0.401992 1.393421 0.122156
v 0.315624 1.389376 0.124951
v 0.190613 1.389376 0.024298
v 0.401992 1.393421 -0.122156
v 0.272037 1.393421 -0.115068
v 0.196250 1.389376 0.047663
v 0.250504 1.393421 -0.103559
v 0.218027 1.390508 0.069321
v 0.232048 1.393421 -0.088070
v 0.232048 1.393421 0.088070
v 0.218027 1.390508 -0.069321
v 0.250504 1.393421 0.103559
v 0.196250 1.389376 -0.047663
v 0.272037 1.393421 0.115068
v 0.190613 1.389376 -0.024298
v 0.422214 1.389376 -0.124951
v 0.322595 1.389376 -0.000000
v 0.487598 1.389376 -0.101768
v 0.507841 1.389376 -0.103762
v 0.468133 1.389376 -0.095864
v 0.450194 1.389376 -0.086275
v 0.434470 1.389376 -0.073371
v 0.421566 1.389376 -0.057647
v 0.411977 1.389376 -0.039708
v 0.406073 1.389376 -0.020243
v 0.404079 1.389376 -0.000000
v 0.406073 1.389376 0.020243
v 0.411977 1.389376 0.039708
v 0.421566 1.389376 0.057647
v 0.434470 1.389376 0.073371
v 0.450194 1.389376 0.086275
v 0.468133 1.389376 0.095864
v 0.487598 1.389376 0.101768
v 0.507841 1.389376 0.103762
v 0.528084 1.389376 0.101768
v 0.547549 1.389376 0.095864
v 0.563004 1.390508 0.082752
v 0.578241 1.392385 0.070247
v 0.594116 1.391982 0.057647
v 0.603705 1.391982 0.039708
v 0.609609 1.391982 0.020243
v 0.611603 1.391982 -0.000000
v 0.609609 1.391982 -0.020243
v 0.603705 1.391982 -0.039708
v 0.594116 1.391982 -0.057647
v 0.578241 1.392385 -0.070247
v 0.563004 1.390508 -0.082752
v 0.547549 1.389376 -0.095864
v 0.528084 1.389376 -0.101768
v 0.498287 1.397929 -0.048029
v 0.507841 1.397929 -0.048970
v 0.489101 1.397929 -0.045242
v 0.480635 1.397929 -0.040717
v 0.473214 1.397929 -0.034627
v 0.467124 1.397929 -0.027206
v 0.462599 1.397929 -0.018740
v 0.459812 1.397929 -0.009553
v 0.458871 1.397929 -0.000000
v 0.459812 1.397929 0.009553
v 0.462599 1.397929 0.018740
v 0.467124 1.397929 0.027206
v 0.473214 1.397929 0.034627
v 0.480635 1.397929 0.040717
v 0.489101 1.397929 0.045242
v 0.498287 1.397929 0.048029
v 0.507841 1.397929 0.048970
v 0.517394 1.397929 0.048029
v 0.526581 1.397929 0.045242
v 0.535047 1.397929 0.040717
v 0.542468 1.397929 0.034627
v 0.548558 1.397929 0.027206
v 0.553083 1.397929 0.018740
v 0.555870 1.397929 0.009553
v 0.556811 1.397929 -0.000000
v 0.555870 1.397929 -0.009553
v 0.553083 1.397929 -0.018740
v 0.548558 1.397929 -0.027206
v 0.542468 1.397929 -0.034627
v 0.535047 1.397929 -0.040717
v 0.526581 1.397929 -0.045242
v 0.517394 1.397929 -0.048029
v 0.441753 1.389376 -0.013146
v 0.558765 1.392385 0.051078
v 0.563867 1.391982 0.037436
v 0.440459 1.389376 -0.000000
v 0.570094 1.391982 0.025786
v 0.441753 1.389376 0.013146
v 0.573929 1.391982 0.013146
v 0.445588 1.389376 0.025786
v 0.575223 1.391982 -0.000000
v 0.451815 1.389376 0.037436
v 0.573929 1.391982 -0.013146
v 0.460194 1.389376 0.047647
v 0.570094 1.391982 -0.025786
v 0.470405 1.389376 0.056026
v 0.563867 1.391982 -0.037436
v 0.482055 1.389376 0.062253
v 0.494695 1.389376 -0.066088
v 0.558765 1.392385 -0.051078
v 0.494695 1.389376 0.066088
v 0.482055 1.389376 -0.062253
v 0.548002 1.390508 -0.059910
v 0.507841 1.389376 0.067382
v 0.470405 1.389376 -0.056026
v 0.533627 1.389376 -0.062253
v 0.520987 1.389376 0.066088
v 0.460194 1.389376 -0.047647
v 0.520987 1.389376 -0.066088
v 0.533627 1.389376 0.062253
v 0.451815 1.389376 -0.037436
v 0.548002 1.390508 0.059910
v 0.445588 1.389376 -0.025786
v 0.507841 1.389376 -0.067382
v 0.501987 1.422044 -0.036824
v 0.510506 1.422044 -0.038076
v 0.493692 1.422044 -0.034158
v 0.485941 1.422044 -0.030178
v 0.479032 1.422044 -0.025039
v 0.473230 1.422044 -0.018938
v 0.468758 1.422044 -0.012108
v 0.465788 1.422044 -0.004814
v 0.464434 1.422044 0.002666
v 0.464603 1.421887 0.008949
v 0.467248 1.422044 0.016814
v 0.470939 1.421887 0.024246
v 0.475263 1.422044 0.028809
v 0.481509 1.422044 0.033140
v 0.488767 1.422044 0.036198
v 0.496758 1.422044 0.037865
v 0.505175 1.422044 0.038076
v 0.513695 1.422044 0.036824
v 0.521989 1.422044 0.034158
v 0.529740 1.422044 0.030178
v 0.536650 1.422044 0.025039
v 0.542452 1.422044 0.018938
v 0.546924 1.422044 0.012108
v 0.549894 1.422044 0.004814
v 0.551248 1.422044 -0.002666
v 0.551079 1.421887 -0.008949
v 0.548434 1.422044 -0.016814
v 0.544743 1.421887 -0.024246
v 0.540419 1.422044 -0.028809
v 0.534173 1.422044 -0.033140
v 0.526915 1.422044 -0.036198
v 0.518924 1.422044 -0.037865
v 0.546205 1.422358 -0.015891
v 0.542367 1.422358 -0.014301
v 0.537203 1.422358 -0.012162
v 0.530911 1.422358 -0.009556
v 0.523732 1.422358 -0.006582
v 0.515942 1.422358 -0.003356
v 0.507841 1.422358 -0.000000
v 0.499740 1.422358 0.003356
v 0.491950 1.422358 0.006582
v 0.484771 1.422358 0.009556
v 0.478479 1.422358 0.012162
v 0.473314 1.422358 0.014301
v 0.469477 1.422358 0.015891
v 0.532490 1.416278 0.036889
v 0.470952 1.416278 -0.024649
v 0.524819 1.416278 0.040989
v 0.516496 1.416278 -0.043514
v 0.476469 1.416278 -0.031372
v 0.516496 1.416278 0.043514
v 0.524819 1.416278 -0.040989
v 0.483192 1.416278 -0.036889
v 0.507841 1.416278 0.044366
v 0.532490 1.416278 -0.036889
v 0.490863 1.416278 -0.040989
v 0.499185 1.416278 0.043514
v 0.539213 1.416278 -0.031372
v 0.507841 1.416278 -0.044366
v 0.499185 1.416278 -0.043514
v 0.490863 1.416278 0.040989
v 0.544730 1.416278 -0.024649
v 0.483192 1.416278 0.036889
v 0.548830 1.416278 -0.016978
v 0.476469 1.416278 0.031372
v 0.551355 1.416278 -0.008655
v 0.470952 1.416278 0.024649
v 0.552207 1.416278 -0.000000
v 0.466852 1.416278 0.016978
v 0.551355 1.416278 0.008655
v 0.464327 1.416278 0.008655
v 0.548830 1.416278 0.016978
v 0.463474 1.416278 -0.000000
v 0.539213 1.416278 0.031372
v 0.544730 1.416278 0.024649
v 0.466852 1.416278 -0.016978
v 0.464327 1.416278 -0.008655
v 0.586832 1.386228 0.052780
v 0.576785 1.386947 0.062349
v 0.595611 1.386228 0.036355
v 0.601017 1.386228 0.018534
v 0.602842 1.386228 -0.000000
v 0.601017 1.386228 -0.018534
v 0.595611 1.386228 -0.036355
v 0.586832 1.386228 -0.052780
v 0.576785 1.386947 -0.062349
v 0.566381 1.386947 0.053223
v 0.571522 1.386228 0.042550
v 0.578600 1.386228 0.029309
v 0.582958 1.386228 0.014942
v 0.584430 1.386228 -0.000000
v 0.582958 1.386228 -0.014942
v 0.578600 1.386228 -0.029309
v 0.571522 1.386228 -0.042550
v 0.566381 1.386947 -0.053223
v 0.484259 1.369450 -0.119969
v 0.460835 1.369150 -0.115207
v 0.439031 1.369150 -0.106176
v 0.419282 1.369150 -0.093064
v 0.399778 1.369150 -0.076375
v 0.385446 1.369150 -0.056752
v 0.378926 1.369150 -0.034948
v 0.375714 1.369150 -0.011800
v 0.375714 1.369150 0.011800
v 0.378926 1.369150 0.034948
v 0.385446 1.369150 0.056752
v 0.399778 1.369150 0.076375
v 0.419282 1.369150 0.093064
v 0.439031 1.369150 0.106176
v 0.460835 1.369150 0.115207
v 0.484259 1.369450 0.119969
v 0.518832 1.373074 0.119969
v 0.542789 1.373195 0.115207
v 0.564593 1.373195 0.106176
v 0.584216 1.373195 0.093064
v 0.600905 1.373195 0.076375
v 0.614017 1.373195 0.056752
v 0.623048 1.373195 0.034948
v 0.627653 1.373195 0.011800
v 0.627653 1.373195 -0.011800
v 0.623048 1.373195 -0.034948
v 0.614017 1.373195 -0.056752
v 0.600905 1.373195 -0.076375
v 0.584216 1.373195 -0.093064
v 0.564593 1.373195 -0.106176
v 0.542789 1.373195 -0.115207
v 0.518832 1.373074 -0.119969
v 0.248320 1.373542 -0.123973
v 0.224334 1.373195 -0.119186
v 0.201777 1.373195 -0.109842
v 0.181520 1.373195 -0.096277
v 0.165287 1.373195 -0.079013
v 0.152978 1.373195 -0.058712
v 0.144048 1.373195 -0.036155
v 0.139479 1.373195 -0.012208
v 0.139479 1.373195 0.012208
v 0.144048 1.373195 0.036155
v 0.152978 1.373195 0.058712
v 0.165287 1.373195 0.079013
v 0.181520 1.373195 0.096277
v 0.201777 1.373195 0.109842
v 0.224334 1.373195 0.119186
v 0.248320 1.373542 0.123973
v 0.257823 1.369656 0.122156
v 0.465729 1.373074 0.124624
v 0.163806 1.370161 -0.000000
v 0.347677 1.369656 0.024197
v 0.257823 1.369656 -0.122156
v 0.421546 1.369150 -0.114588
v 0.348517 1.369656 0.047464
v 0.400103 1.369150 -0.103127
v 0.353253 1.369450 0.068920
v 0.378465 1.369150 -0.087702
v 0.378465 1.369150 0.087702
v 0.353253 1.369450 -0.068920
v 0.400103 1.369150 0.103127
v 0.348517 1.369656 -0.047464
v 0.421546 1.369150 0.114588
v 0.347677 1.369656 -0.024197
v 0.278311 1.373542 -0.124916
v 0.347733 1.369150 0.122156
v 0.278311 1.373542 0.124916
v 0.165906 1.370161 0.024298
v 0.347733 1.369150 -0.122156
v 0.234458 1.369656 -0.115068
v 0.172123 1.370161 0.047663
v 0.212925 1.369656 -0.103559
v 0.182956 1.369956 0.069209
v 0.194948 1.369656 -0.088070
v 0.194948 1.369656 0.088070
v 0.182956 1.369956 -0.069209
v 0.212925 1.369656 0.103559
v 0.172123 1.370161 -0.047663
v 0.234458 1.369656 0.115068
v 0.165906 1.370161 -0.024298
v 0.367955 1.373195 -0.124951
v 0.306982 1.369656 -0.123999
v 0.189187 1.373195 -0.012208
v 0.283545 1.369150 0.119186
v 0.192975 1.373195 -0.036155
v 0.260988 1.369150 0.109842
v 0.201640 1.373074 -0.058659
v 0.240739 1.369150 0.096277
v 0.224703 1.369450 -0.079101
v 0.224703 1.369450 0.079102
v 0.240739 1.369150 -0.096277
v 0.201640 1.373074 0.058659
v 0.260988 1.369150 -0.109842
v 0.192975 1.373195 0.036155
v 0.283545 1.369150 -0.119186
v 0.189187 1.373195 0.012208
v 0.306982 1.369656 0.123999
v 0.367955 1.373195 0.124951
v 0.324368 1.369150 -0.115068
v 0.302835 1.369150 -0.103559
v 0.260466 1.372952 0.072082
v 0.282097 1.369150 -0.088070
v 0.282097 1.369150 0.088070
v 0.260466 1.372952 -0.072082
v 0.302835 1.369150 0.103559
v 0.324368 1.369150 0.115068
v 0.444813 1.369150 0.121646
v 0.347393 1.369656 -0.000000
v 0.444813 1.369150 -0.121646
v 0.465729 1.373074 -0.124624
v 0.413573 1.369656 0.123999
v 0.322317 1.373195 0.012208
v 0.390136 1.369150 -0.119186
v 0.320116 1.373195 0.036155
v 0.367578 1.369150 -0.109842
v 0.314886 1.373074 0.058659
v 0.346820 1.369150 -0.096277
v 0.318967 1.369450 0.079102
v 0.318967 1.369450 -0.079101
v 0.346820 1.369150 0.096277
v 0.314886 1.373074 -0.058659
v 0.367578 1.369150 0.109842
v 0.320116 1.373195 -0.036155
v 0.390136 1.369150 0.119186
v 0.322317 1.373195 -0.012208
v 0.413573 1.369656 -0.123999
v 0.497670 1.373195 -0.103262
v 0.477721 1.373195 -0.099294
v 0.458928 1.373195 -0.091510
v 0.442015 1.373195 -0.080209
v 0.427632 1.373195 -0.065826
v 0.416331 1.373195 -0.048913
v 0.408547 1.373195 -0.030120
v 0.404579 1.373195 -0.010170
v 0.404579 1.373195 0.010170
v 0.408547 1.373195 0.030120
v 0.416331 1.373195 0.048913
v 0.427632 1.373195 0.065826
v 0.442015 1.373195 0.080209
v 0.458928 1.373195 0.091510
v 0.477721 1.373195 0.099294
v 0.497670 1.373195 0.103262
v 0.518011 1.373195 0.103262
v 0.537961 1.373195 0.099294
v 0.556447 1.373074 0.091183
v 0.570811 1.369450 0.076653
v 0.584491 1.369150 0.062905
v 0.595291 1.369150 0.046743
v 0.602730 1.369150 0.028784
v 0.606522 1.369150 0.009719
v 0.606522 1.369150 -0.009719
v 0.602730 1.369150 -0.028784
v 0.595291 1.369150 -0.046743
v 0.584491 1.369150 -0.062905
v 0.570811 1.369450 -0.076653
v 0.556447 1.373074 -0.091183
v 0.537961 1.373195 -0.099294
v 0.518011 1.373195 -0.103262
v 0.617200 1.369655 -0.021753
v 0.610855 1.369655 -0.042670
v 0.426958 1.369656 0.079250
v 0.444067 1.369656 0.093189
v 0.600551 1.369655 -0.061947
v 0.463444 1.369656 0.103546
v 0.506947 1.369956 -0.112226
v 0.484468 1.369656 -0.109923
v 0.586684 1.369655 -0.078843
v 0.484469 1.369656 0.109923
v 0.463444 1.369656 -0.103546
v 0.569846 1.369956 -0.092825
v 0.506947 1.369956 0.112226
v 0.444067 1.369656 -0.093189
v 0.550731 1.370161 -0.103546
v 0.529706 1.370161 0.109923
v 0.426958 1.369656 -0.079250
v 0.529706 1.370161 -0.109923
v 0.550731 1.370161 0.103546
v 0.412588 1.369656 -0.062267
v 0.569846 1.369956 0.092825
v 0.402431 1.369656 -0.042890
v 0.586684 1.369656 0.078843
v 0.396313 1.369656 -0.021865
v 0.600551 1.369655 0.061947
v 0.394247 1.369656 -0.000000
v 0.610855 1.369655 0.042670
v 0.396313 1.369656 0.021865
v 0.617200 1.369655 0.021753
v 0.402431 1.369656 0.042890
v 0.619342 1.369655 -0.000000
v 0.412588 1.369656 0.062267
v 0.505788 1.369150 -0.042212
v 0.496455 1.369150 -0.040068
v 0.487560 1.369150 -0.036383
v 0.479444 1.369150 -0.031300
v 0.472420 1.369150 -0.025015
v 0.466756 1.369150 -0.017768
v 0.462672 1.369150 -0.009838
v 0.460323 1.369150 -0.001531
v 0.459406 1.369150 0.006811
v 0.460768 1.369150 0.013659
v 0.464897 1.369150 0.023627
v 0.468776 1.369150 0.029432
v 0.475323 1.369150 0.034682
v 0.482858 1.369150 0.038896
v 0.491354 1.369150 0.041615
v 0.500482 1.369150 0.042735
v 0.509894 1.369150 0.042212
v 0.519227 1.369150 0.040068
v 0.528122 1.369150 0.036383
v 0.536238 1.369150 0.031300
v 0.543262 1.369150 0.025015
v 0.548926 1.369150 0.017768
v 0.553010 1.369150 0.009838
v 0.555359 1.369150 0.001531
v 0.556276 1.369150 -0.006811
v 0.554914 1.369150 -0.013659
v 0.550785 1.369150 -0.023627
v 0.546906 1.369150 -0.029432
v 0.540359 1.369150 -0.034682
v 0.532824 1.369150 -0.038896
v 0.524328 1.369150 -0.041615
v 0.515199 1.369150 -0.042735
v 0.450965 1.369655 -0.010869
v 0.568468 1.369150 0.060627
v 0.556406 1.369150 0.031927
v 0.449785 1.369655 0.000333
v 0.561882 1.369150 0.021874
v 0.450535 1.369656 0.011454
v 0.565281 1.369150 0.010982
v 0.454143 1.369656 0.022242
v 0.566472 1.369150 -0.000333
v 0.459221 1.369656 0.032422
v 0.565711 1.369150 -0.011566
v 0.466554 1.369656 0.040816
v 0.562071 1.369150 -0.022463
v 0.475310 1.369655 0.047903
v 0.556940 1.369150 -0.032742
v 0.485316 1.369655 0.053149
v 0.496842 1.369655 -0.056222
v 0.549535 1.369150 -0.041223
v 0.496188 1.369655 0.056352
v 0.485932 1.369655 -0.052894
v 0.540660 1.369450 -0.048305
v 0.507508 1.369655 0.057390
v 0.475864 1.369655 -0.047533
v 0.530366 1.369656 -0.053149
v 0.518840 1.369655 0.056222
v 0.467025 1.369655 -0.040345
v 0.519494 1.369655 -0.056352
v 0.529750 1.369655 0.052894
v 0.459754 1.369655 -0.031607
v 0.540106 1.369450 0.047935
v 0.454332 1.369655 -0.021654
v 0.549064 1.369150 0.040752
v 0.579131 1.369150 0.047634
v 0.587054 1.369150 0.032811
v 0.591933 1.369150 0.016727
v 0.593580 1.369150 -0.000000
v 0.591933 1.369150 -0.016727
v 0.587054 1.369150 -0.032811
v 0.579131 1.369150 -0.047634
v 0.508174 1.369655 -0.057390
v 0.568468 1.369150 -0.060627
v 0.557475 1.372952 -0.070284
v 0.557475 1.372952 0.070284
v 0.553573 1.369450 0.055626
v 0.448415 1.373195 -0.031764
v 0.539847 1.373074 0.059865
v 0.514446 1.373195 -0.067058
v 0.455754 1.373195 -0.042747
v 0.527401 1.373195 0.064481
v 0.527401 1.373195 -0.064481
v 0.465094 1.373195 -0.052087
v 0.514446 1.373195 0.067058
v 0.539847 1.373074 -0.059865
v 0.476077 1.373195 -0.059426
v 0.501236 1.373195 0.067058
v 0.553573 1.369450 -0.055626
v 0.488281 1.373195 -0.064481
v 0.488281 1.373195 0.064481
v 0.563486 1.369150 -0.045667
v 0.501236 1.373195 -0.067058
v 0.476077 1.373195 0.059426
v 0.571326 1.369150 -0.033934
v 0.465094 1.373195 0.052087
v 0.576727 1.369150 -0.020896
v 0.455754 1.373195 0.042747
v 0.579480 1.369150 -0.007056
v 0.448415 1.373195 0.031764
v 0.579480 1.369150 0.007056
v 0.443360 1.373195 0.019560
v 0.576727 1.369150 0.020896
v 0.440783 1.373195 0.006605
v 0.571326 1.369150 0.033934
v 0.440783 1.373195 -0.006605
v 0.563486 1.369150 0.045667
v 0.443360 1.373195 -0.019560
v 0.543359 1.369150 -0.023756
v 0.548092 1.369150 -0.016673
v 0.549754 1.369150 -0.008317
v 0.538042 1.369150 -0.025640
v 0.544462 1.369150 -0.015169
v 0.547326 1.369150 -0.003225
v 0.531564 1.369150 -0.026538
v 0.539940 1.369150 -0.013296
v 0.543381 1.369150 0.001990
v 0.524175 1.369150 -0.026416
v 0.534184 1.369150 -0.010912
v 0.538070 1.369150 0.007129
v 0.516158 1.369150 -0.025279
v 0.527415 1.369150 -0.008108
v 0.531597 1.369150 0.011994
v 0.507821 1.369150 -0.023171
v 0.519895 1.369150 -0.004993
v 0.524211 1.369150 0.016398
v 0.499485 1.369150 -0.020172
v 0.511911 1.369150 -0.001686
v 0.516197 1.369150 0.020172
v 0.491470 1.369150 -0.016398
v 0.503771 1.369150 0.001686
v 0.507861 1.369150 0.023171
v 0.484085 1.369150 -0.011994
v 0.495787 1.369150 0.004993
v 0.499524 1.369150 0.025279
v 0.477612 1.369150 -0.007129
v 0.488266 1.369150 0.008108
v 0.491507 1.369150 0.026416
v 0.472301 1.369150 -0.001990
v 0.481498 1.369150 0.010912
v 0.484118 1.369150 0.026538
v 0.468356 1.369150 0.003225
v 0.475742 1.369150 0.013296
v 0.477640 1.369150 0.025640
v 0.465928 1.369150 0.008317
v 0.471220 1.369150 0.015169
v 0.472323 1.369150 0.023756
v 0.467590 1.369150 0.016673
v 0.484259 1.393121 -0.119969
v 0.460835 1.393421 -0.115207
v 0.439031 1.393421 -0.106176
v 0.419282 1.393421 -0.093064
v 0.399778 1.393421 -0.076375
v 0.385446 1.393421 -0.056752
v 0.378926 1.393421 -0.034948
v 0.375714 1.393421 -0.011800
v 0.375714 1.393421 0.011800
v 0.378926 1.393421 0.034948
v 0.385446 1.393421 0.056752
v 0.399778 1.393421 0.076375
v 0.419282 1.393421 0.093064
v 0.439031 1.393421 0.106176
v 0.460835 1.393421 0.115207
v 0.484259 1.393121 0.119969
v 0.518832 1.389497 0.119969
v 0.542789 1.389376 0.115207
v 0.564593 1.389376 0.106176
v 0.584216 1.389376 0.093064
v 0.600905 1.389376 0.076375
v 0.614017 1.389376 0.056752
v 0.623048 1.389376 0.034948
v 0.627653 1.389376 0.011800
v 0.627653 1.389376 -0.011800
v 0.623048 1.389376 -0.034948
v 0.614017 1.389376 -0.056752
v 0.600905 1.389376 -0.076375
v 0.584216 1.389376 -0.093064
v 0.564593 1.389376 -0.106176
v 0.542789 1.389376 -0.115207
v 0.518832 1.389497 -0.119969
v 0.248320 1.389029 -0.123973
v 0.224334 1.389376 -0.119186
v 0.201777 1.389376 -0.109842
v 0.181520 1.389376 -0.096277
v 0.165287 1.389376 -0.079013
v 0.152978 1.389376 -0.058712
v 0.144048 1.389376 -0.036155
v 0.139479 1.389376 -0.012208
v 0.139479 1.389376 0.012208
v 0.144048 1.389376 0.036155
v 0.152978 1.389376 0.058712
v 0.165287 1.389376 0.079013
v 0.181520 1.389376 0.096277
v 0.201777 1.389376 0.109842
v 0.224334 1.389376 0.119186
v 0.248320 1.389029 0.123973
v 0.257823 1.392915 0.122156
v 0.465729 1.389497 0.124624
v 0.163806 1.392409 -0.000000
v 0.347677 1.392915 0.024197
v 0.257823 1.392915 -0.122156
v 0.421546 1.393421 -0.114588
v 0.348517 1.392915 0.047464
v 0.400103 1.393421 -0.103127
v 0.353253 1.393121 0.068920
v 0.378465 1.393421 -0.087702
v 0.378465 1.393421 0.087702
v 0.353253 1.393121 -0.068920
v 0.400103 1.393421 0.103127
v 0.348517 1.392915 -0.047464
v 0.421546 1.393421 0.114588
v 0.347677 1.392915 -0.024197
v 0.278311 1.389029 -0.124916
v 0.347733 1.393421 0.122156
v 0.278311 1.389029 0.124916
v 0.165906 1.392409 0.024298
v 0.347733 1.393421 -0.122156
v 0.234458 1.392915 -0.115068
v 0.172123 1.392409 0.047663
v 0.212925 1.392915 -0.103559
v 0.182956 1.392615 0.069209
v 0.194948 1.392915 -0.088070
v 0.194948 1.392915 0.088070
v 0.182956 1.392615 -0.069209
v 0.212925 1.392915 0.103559
v 0.172123 1.392410 -0.047663
v 0.234458 1.392915 0.115068
v 0.165906 1.392409 -0.024298
v 0.367955 1.389376 -0.124951
v 0.306982 1.392915 -0.123999
v 0.189187 1.389376 -0.012208
v 0.283545 1.393421 0.119186
v 0.192975 1.389376 -0.036155
v 0.260988 1.393421 0.109842
v 0.201640 1.389497 -0.058659
v 0.240739 1.393421 0.096277
v 0.224703 1.393121 -0.079101
v 0.224703 1.393121 0.079102
v 0.240739 1.393421 -0.096277
v 0.201640 1.389497 0.058659
v 0.260988 1.393421 -0.109842
v 0.192975 1.389376 0.036155
v 0.283545 1.393421 -0.119186
v 0.189187 1.389376 0.012208
v 0.306982 1.392915 0.123999
v 0.367955 1.389376 0.124951
v 0.324368 1.393421 -0.115068
v 0.302835 1.393421 -0.103559
v 0.260466 1.389618 0.072082
v 0.282097 1.393421 -0.088070
v 0.282097 1.393421 0.088070
v 0.260466 1.389618 -0.072082
v 0.302835 1.393421 0.103559
v 0.324368 1.393421 0.115068
v 0.444813 1.393421 0.121646
v 0.347393 1.392915 -0.000000
v 0.444813 1.393421 -0.121646
v 0.465729 1.389497 -0.124624
v 0.413573 1.392915 0.123999
v 0.322317 1.389376 0.012208
v 0.390136 1.393421 -0.119186
v 0.320116 1.389376 0.036155
v 0.367578 1.393421 -0.109842
v 0.314886 1.389497 0.058659
v 0.346820 1.393421 -0.096277
v 0.318967 1.393121 0.079102
v 0.318967 1.393121 -0.079101
v 0.346820 1.393421 0.096277
v 0.314886 1.389497 -0.058659
v 0.367578 1.393421 0.109842
v 0.320116 1.389376 -0.036155
v 0.390136 1.393421 0.119186
v 0.322317 1.389376 -0.012208
v 0.413573 1.392915 -0.123999
v 0.497670 1.389376 -0.103262
v 0.477721 1.389376 -0.099294
v 0.458928 1.389376 -0.091510
v 0.442015 1.389376 -0.080209
v 0.427632 1.389376 -0.065826
v 0.416331 1.389376 -0.048913
v 0.408547 1.389376 -0.030120
v 0.404579 1.389376 -0.010170
v 0.404579 1.389376 0.010170
v 0.408547 1.389376 0.030120
v 0.416331 1.389376 0.048913
v 0.427632 1.389376 0.065826
v 0.442015 1.389376 0.080209
v 0.458928 1.389376 0.091510
v 0.477721 1.389376 0.099294
v 0.497670 1.389376 0.103262
v 0.518011 1.389376 0.103262
v 0.537961 1.389376 0.099294
v 0.556447 1.389497 0.091183
v 0.570801 1.393014 0.076717
v 0.587790 1.392025 0.065461
v 0.599351 1.391982 0.048913
v 0.607135 1.391982 0.030120
v 0.611103 1.391982 0.010170
v 0.611103 1.391982 -0.010170
v 0.607135 1.391982 -0.030120
v 0.599351 1.391982 -0.048913
v 0.587789 1.392025 -0.065461
v 0.570801 1.393014 -0.076717
v 0.556447 1.389497 -0.091183
v 0.537961 1.389376 -0.099294
v 0.518011 1.389376 -0.103262
v 0.617764 1.392735 -0.021865
v 0.611387 1.392735 -0.042890
v 0.426958 1.392915 0.079250
v 0.444067 1.392915 0.093189
v 0.601030 1.392735 -0.062267
v 0.463444 1.392915 0.103546
v 0.506947 1.392615 -0.112226
v 0.484468 1.392915 -0.109923
v 0.586786 1.392808 -0.078923
v 0.484469 1.392915 0.109923
v 0.463444 1.392915 -0.103546
v 0.569846 1.392615 -0.092825
v 0.506947 1.392615 0.112226
v 0.444067 1.392915 -0.093189
v 0.550731 1.392410 -0.103546
v 0.529706 1.392410 0.109923
v 0.426958 1.392915 -0.079250
v 0.529706 1.392409 -0.109923
v 0.550731 1.392409 0.103546
v 0.412588 1.392915 -0.062267
v 0.569846 1.392615 0.092825
v 0.402431 1.392915 -0.042890
v 0.586786 1.392808 0.078923
v 0.396313 1.392915 -0.021865
v 0.601029 1.392735 0.062267
v 0.394247 1.392915 -0.000000
v 0.611387 1.392735 0.042890
v 0.396313 1.392915 0.021865
v 0.617764 1.392735 0.021865
v 0.402431 1.392915 0.042890
v 0.619918 1.392735 -0.000000
v 0.412588 1.392915 0.062267
v 0.503041 1.397929 -0.048734
v 0.493626 1.397929 -0.046861
v 0.484757 1.397929 -0.043187
v 0.476775 1.397929 -0.037854
v 0.469987 1.397929 -0.031066
v 0.464654 1.397929 -0.023084
v 0.460980 1.397929 -0.014215
v 0.459107 1.397929 -0.004800
v 0.459107 1.397929 0.004800
v 0.460980 1.397929 0.014215
v 0.464654 1.397929 0.023084
v 0.469987 1.397929 0.031066
v 0.476775 1.397929 0.037854
v 0.484757 1.397929 0.043187
v 0.493626 1.397929 0.046861
v 0.503041 1.397929 0.048734
v 0.512641 1.397929 0.048734
v 0.522056 1.397929 0.046861
v 0.530925 1.397929 0.043187
v 0.538907 1.397929 0.037854
v 0.545695 1.397929 0.031066
v 0.551028 1.397929 0.023084
v 0.554702 1.397929 0.014215
v 0.556575 1.397929 0.004800
v 0.556575 1.397929 -0.004800
v 0.554702 1.397929 -0.014215
v 0.551028 1.397929 -0.023084
v 0.545695 1.397929 -0.031066
v 0.538907 1.397929 -0.037854
v 0.530925 1.397929 -0.043187
v 0.522056 1.397929 -0.046861
v 0.512641 1.397929 -0.048734
v 0.450783 1.393479 -0.011350
v 0.567091 1.392068 0.062392
v 0.556212 1.393805 0.032321
v 0.449665 1.393479 -0.000000
v 0.561589 1.393805 0.022263
v 0.450783 1.393479 0.011350
v 0.564899 1.393805 0.011350
v 0.454093 1.393479 0.022263
v 0.566017 1.393805 -0.000000
v 0.459469 1.393479 0.032321
v 0.564899 1.393805 -0.011350
v 0.466704 1.393479 0.041137
v 0.561589 1.393805 -0.022263
v 0.475520 1.393479 0.048372
v 0.556213 1.393805 -0.032321
v 0.485578 1.393479 0.053748
v 0.496491 1.393479 -0.057058
v 0.549316 1.393878 -0.041497
v 0.496491 1.393479 0.057058
v 0.485578 1.393479 -0.053748
v 0.540449 1.393684 -0.048774
v 0.507841 1.393479 0.058176
v 0.475520 1.393479 -0.048372
v 0.530104 1.393479 -0.053748
v 0.519190 1.393479 0.057058
v 0.466704 1.393479 -0.041137
v 0.519190 1.393479 -0.057058
v 0.530104 1.393479 0.053748
v 0.459469 1.393479 -0.032321
v 0.540449 1.393684 0.048774
v 0.454093 1.393479 -0.022263
v 0.549316 1.393878 0.041497
v 0.579827 1.389105 -0.000000
v 0.577487 1.389241 0.065138
v 0.590613 1.389105 0.055306
v 0.590613 1.389105 -0.055306
v 0.577487 1.389241 -0.065138
v 0.574347 1.389105 0.027548
v 0.567695 1.389105 0.039993
v 0.507841 1.393479 -0.058176
v 0.567091 1.392068 -0.062392
v 0.557475 1.389618 -0.070284
v 0.557475 1.389618 0.070284
v 0.553542 1.393014 0.055686
v 0.448415 1.389376 -0.031764
v 0.539847 1.389497 0.059865
v 0.514446 1.389376 -0.067058
v 0.455754 1.389376 -0.042747
v 0.527401 1.389376 0.064481
v 0.527401 1.389376 -0.064481
v 0.465094 1.389376 -0.052087
v 0.514446 1.389376 0.067058
v 0.539847 1.389497 -0.059865
v 0.476077 1.389376 -0.059426
v 0.501236 1.389376 0.067058
v 0.553541 1.393014 -0.055686
v 0.488281 1.389376 -0.064481
v 0.488281 1.389376 0.064481
v 0.560312 1.392025 -0.043070
v 0.501236 1.389376 -0.067058
v 0.476077 1.389376 0.059426
v 0.567267 1.391982 -0.031764
v 0.465094 1.389376 0.052087
v 0.572322 1.391982 -0.019560
v 0.455754 1.389376 0.042747
v 0.574899 1.391982 -0.006605
v 0.448415 1.389376 0.031764
v 0.574899 1.391982 0.006605
v 0.443360 1.389376 0.019560
v 0.572322 1.391982 0.019560
v 0.440783 1.389376 0.006605
v 0.567267 1.391982 0.031764
v 0.440783 1.389376 -0.006605
v 0.560312 1.392025 0.043070
v 0.443360 1.389376 -0.019560
v 0.532146 1.420852 0.036050
v 0.471236 1.420852 -0.023935
v 0.524466 1.420852 0.040135
v 0.516800 1.420852 -0.042808
v 0.476790 1.420852 -0.030580
v 0.516146 1.420852 0.042678
v 0.525081 1.420852 -0.040390
v 0.483536 1.420852 -0.036050
v 0.507508 1.420852 0.043580
v 0.532700 1.420852 -0.036421
v 0.491216 1.420852 -0.040135
v 0.498882 1.420852 0.042808
v 0.539364 1.420852 -0.031051
v 0.507841 1.406986 -0.044942
v 0.499536 1.420852 -0.042678
v 0.490601 1.420852 0.040390
v 0.544731 1.420831 -0.024584
v 0.482982 1.420852 0.036421
v 0.548781 1.420852 -0.016958
v 0.476318 1.420852 0.031051
v 0.551310 1.420831 -0.008701
v 0.470951 1.420831 0.024584
v 0.552087 1.420852 -0.000333
v 0.466901 1.420852 0.016958
v 0.551172 1.420852 0.008175
v 0.464372 1.420831 0.008701
v 0.548592 1.420852 0.016370
v 0.463594 1.420852 0.000333
v 0.539620 1.406986 0.031779
v 0.544445 1.420852 0.023935
v 0.466320 1.406986 -0.017198
v 0.464510 1.420852 -0.008175
v 0.307030 1.381285 -0.047663
v 0.287659 1.381285 -0.066716
v 0.150278 1.381285 0.069196
v 0.138949 1.381285 0.047663
v 0.480734 1.381285 -0.065443
v 0.494022 1.381285 -0.069474
v 0.531936 1.381285 0.121137
v 0.499716 1.381285 0.124298
v 0.198048 1.381285 -0.000000
v 0.199878 1.381285 0.024298
v 0.165393 1.381285 0.088070
v 0.494022 1.381285 0.069474
v 0.480734 1.381285 0.065443
v 0.555106 1.381285 0.114108
v 0.311859 1.381285 -0.024298
v 0.184177 1.381285 0.103559
v 0.576459 1.381285 0.102695
v 0.425271 1.381285 0.125252
v 0.318681 1.381285 0.125252
v 0.205710 1.381285 0.115068
v 0.507841 1.381285 -0.070835
v 0.595176 1.381285 0.087335
v 0.313490 1.381285 -0.000000
v 0.229075 1.381285 0.122156
v 0.468487 1.381285 0.058897
v 0.610536 1.381285 0.068618
v 0.257340 1.381285 0.124882
v 0.621949 1.381285 0.047265
v 0.507841 1.381285 -0.100644
v 0.488206 1.381285 -0.098710
v 0.226079 1.381285 0.066716
v 0.287659 1.381285 0.066716
v 0.457753 1.381285 0.050088
v 0.628978 1.381285 0.024096
v 0.469326 1.381285 -0.092983
v 0.631351 1.381285 -0.000000
v 0.451926 1.381285 -0.083682
v 0.448944 1.381285 0.039354
v 0.559080 1.381285 -0.081416
v 0.546356 1.381285 -0.092983
v 0.628978 1.381285 -0.024096
v 0.436675 1.381285 -0.071166
v 0.226079 1.381285 -0.066716
v 0.527476 1.381285 -0.098710
v 0.621949 1.381285 -0.047265
v 0.424158 1.381285 -0.055915
v 0.442398 1.381285 0.027107
v 0.610536 1.381285 -0.068618
v 0.414858 1.381285 -0.038515
v 0.595176 1.381285 -0.087335
v 0.548480 1.381285 -0.064089
v 0.409131 1.381285 -0.019635
v 0.318681 1.381285 -0.125252
v 0.425271 1.381285 -0.125252
v 0.438367 1.381285 0.013819
v 0.576459 1.381285 -0.102695
v 0.559080 1.381285 0.081416
v 0.548481 1.381285 0.064089
v 0.407197 1.381285 -0.000000
v 0.555106 1.381285 -0.114108
v 0.409131 1.381285 0.019635
v 0.199878 1.381285 -0.024298
v 0.437006 1.381285 -0.000000
v 0.531937 1.381285 -0.121137
v 0.442398 1.381285 -0.027107
v 0.448944 1.381285 -0.039354
v 0.414858 1.381285 0.038515
v 0.499716 1.381285 -0.124298
v 0.534948 1.381285 0.065443
v 0.424158 1.381285 0.055915
v 0.205298 1.381285 -0.047663
v 0.438367 1.381285 -0.013819
v 0.229075 1.381285 -0.122156
v 0.257340 1.381285 -0.124882
v 0.521660 1.381285 -0.069474
v 0.436675 1.381285 0.071166
v 0.311859 1.381285 0.024298
v 0.205710 1.381285 -0.115068
v 0.457753 1.381285 -0.050088
v 0.451926 1.381285 0.083682
v 0.184177 1.381285 -0.103559
v 0.521660 1.381285 0.069474
v 0.469326 1.381285 0.092983
v 0.307030 1.381285 0.047663
v 0.165393 1.381285 -0.088070
v 0.534948 1.381285 -0.065443
v 0.488206 1.381285 0.098710
v 0.150278 1.381285 -0.069196
v 0.468487 1.381285 -0.058897
v 0.507841 1.381285 0.100644
v 0.138949 1.381285 -0.047663
v 0.507841 1.381285 0.070835
v 0.527476 1.381285 0.098710
v 0.131934 1.381285 -0.024298
v 0.546356 1.381285 0.092983
v 0.205298 1.381285 0.047663
v 0.129565 1.381285 -0.000000
v 0.131934 1.381285 0.024298
v 0.506239 1.422044 -0.037631
v 0.497791 1.422044 -0.035663
v 0.489730 1.422044 -0.032323
v 0.482364 1.422044 -0.027742
v 0.475978 1.422044 -0.022095
v 0.470816 1.422044 -0.015598
v 0.467077 1.422044 -0.008502
v 0.464904 1.422044 -0.001079
v 0.464372 1.422017 0.006274
v 0.465561 1.422017 0.012255
v 0.469279 1.422017 0.021230
v 0.472667 1.422017 0.026301
v 0.478243 1.422044 0.031124
v 0.485028 1.422044 0.034837
v 0.492690 1.422044 0.037210
v 0.500934 1.422044 0.038154
v 0.509443 1.422044 0.037631
v 0.517891 1.422044 0.035663
v 0.525952 1.422044 0.032323
v 0.533318 1.422044 0.027742
v 0.539704 1.422044 0.022095
v 0.544866 1.422044 0.015598
v 0.548605 1.422044 0.008502
v 0.550778 1.422044 0.001079
v 0.551310 1.422017 -0.006274
v 0.550120 1.422017 -0.012255
v 0.546403 1.422017 -0.021230
v 0.543015 1.422017 -0.026301
v 0.537439 1.422044 -0.031124
v 0.530654 1.422044 -0.034837
v 0.522992 1.422044 -0.037210
v 0.514748 1.422044 -0.038154
v 0.542952 1.422319 -0.023349
v 0.547561 1.422319 -0.016452
v 0.549179 1.422319 -0.008317
v 0.537722 1.422319 -0.025161
v 0.544462 1.422358 -0.015169
v 0.546762 1.422319 -0.003338
v 0.531344 1.422319 -0.026006
v 0.539940 1.422358 -0.013296
v 0.542849 1.422319 0.001770
v 0.524063 1.422319 -0.025852
v 0.534184 1.422358 -0.010912
v 0.537592 1.422319 0.006809
v 0.516158 1.422319 -0.024704
v 0.527415 1.422358 -0.008108
v 0.531190 1.422319 0.011587
v 0.507933 1.422319 -0.022607
v 0.519895 1.422358 -0.004993
v 0.523892 1.422319 0.015920
v 0.499705 1.422319 -0.019641
v 0.511911 1.422358 -0.001686
v 0.515976 1.422319 0.019641
v 0.491790 1.422319 -0.015920
v 0.503771 1.422358 0.001686
v 0.507748 1.422319 0.022607
v 0.484492 1.422319 -0.011587
v 0.495787 1.422358 0.004993
v 0.499524 1.422319 0.024704
v 0.478090 1.422319 -0.006809
v 0.488266 1.422358 0.008108
v 0.491619 1.422319 0.025852
v 0.472833 1.422319 -0.001770
v 0.481498 1.422358 0.010912
v 0.484338 1.422319 0.026006
v 0.468920 1.422319 0.003338
v 0.475742 1.422358 0.013296
v 0.477959 1.422319 0.025161
v 0.466503 1.422319 0.008317
v 0.471220 1.422358 0.015169
v 0.472730 1.422319 0.023349
v 0.468121 1.422319 0.016452
v 0.532809 1.406986 0.037368
v 0.470473 1.406986 -0.024968
v 0.525039 1.406986 0.041521
v 0.516609 1.406986 -0.044078
v 0.476062 1.406986 -0.031779
v 0.516609 1.406986 0.044078
v 0.525039 1.406986 -0.041521
v 0.482873 1.406986 -0.037368
v 0.507841 1.406986 0.044942
v 0.532809 1.406986 -0.037368
v 0.490642 1.406986 -0.041521
v 0.499073 1.406986 0.044078
v 0.539620 1.406986 -0.031779
v 0.508174 1.420852 -0.043580
v 0.499073 1.406986 -0.044078
v 0.490642 1.406986 0.041521
v 0.545209 1.406986 -0.024968
v 0.482873 1.406986 0.037368
v 0.549362 1.406986 -0.017198
v 0.476062 1.406986 0.031779
v 0.551919 1.406986 -0.008768
v 0.470473 1.406986 0.024968
v 0.552783 1.406986 -0.000000
v 0.466320 1.406986 0.017198
v 0.551919 1.406986 0.008768
v 0.463763 1.406986 0.008768
v 0.549362 1.406986 0.017198
v 0.462899 1.406986 -0.000000
v 0.538892 1.420852 0.030580
v 0.545209 1.406986 0.024968
v 0.467090 1.420852 -0.016370
v 0.463763 1.406986 -0.008768
v 0.535987 1.416278 0.034296
v 0.468713 1.416278 -0.020914
v 0.528755 1.416278 0.039128
v 0.512190 1.416278 -0.044153
v 0.465385 1.416278 -0.012879
v 0.542136 1.416278 0.028146
v 0.463688 1.416278 -0.004349
v 0.546968 1.416278 0.020914
v 0.463688 1.416278 0.004349
v 0.550297 1.416278 0.012879
v 0.465385 1.416278 0.012879
v 0.551993 1.416278 0.004349
v 0.468713 1.416278 0.020914
v 0.551994 1.416278 -0.004349
v 0.473545 1.416278 0.028146
v 0.550297 1.416278 -0.012879
v 0.479695 1.416278 0.034296
v 0.546968 1.416278 -0.020914
v 0.486927 1.416278 0.039128
v 0.503492 1.416278 -0.044153
v 0.542136 1.416278 -0.028146
v 0.494962 1.416278 0.042456
v 0.494962 1.416278 -0.042456
v 0.535987 1.416278 -0.034296
v 0.503492 1.416278 0.044153
v 0.486927 1.416278 -0.039128
v 0.528755 1.416278 -0.039128
v 0.512190 1.416278 0.044153
v 0.479695 1.416278 -0.034296
v 0.520720 1.416278 -0.042456
v 0.520720 1.416278 0.042456
v 0.473545 1.416278 -0.028146
v 0.581429 1.386351 0.059581
v 0.591624 1.386228 0.044783
v 0.598751 1.386228 0.027577
v 0.602385 1.386228 0.009312
v 0.602385 1.386228 -0.009312
v 0.598751 1.386228 -0.027577
v 0.591624 1.386228 -0.044783
v 0.581429 1.386351 -0.059581
v 0.570995 1.386474 0.058503
v 0.579177 1.385149 0.047665
v 0.587105 1.385149 0.032832
v 0.591988 1.385149 0.016738
v 0.593636 1.385149 -0.000000
v 0.591988 1.385149 -0.016738
v 0.587105 1.385149 -0.032832
v 0.579177 1.385149 -0.047665
v 0.570995 1.386474 -0.058503
v 0.567671 1.386351 -0.048544
v 0.575386 1.386228 -0.036104
v 0.581132 1.386228 -0.022232
v 0.584061 1.386228 -0.007507
v 0.584061 1.386228 0.007507
v 0.581132 1.386228 0.022232
v 0.575386 1.386228 0.036104
v 0.567671 1.386351 0.048544
v 0.578443 1.389105 -0.014044
v 0.567695 1.389105 -0.039993
v 0.563741 1.389241 -0.052615
v 0.563741 1.389241 0.052615
v 0.599812 1.389105 0.038096
v 0.605477 1.389105 0.019421
v 0.578443 1.389105 0.014044
v 0.607390 1.389105 -0.000000
v 0.574347 1.389105 -0.027548
v 0.605477 1.389105 -0.019421
v 0.599812 1.389105 -0.038096
v 0.269492 1.370142 0.123993
v 0.164333 1.370161 0.012208
v 0.245967 1.369655 -0.119186
v 0.168511 1.370161 0.036155
v 0.223409 1.369655 -0.109842
v 0.176896 1.370131 0.058715
v 0.203220 1.369655 -0.096277
v 0.188549 1.369709 0.079016
v 0.188549 1.369709 -0.079016
v 0.203220 1.369655 0.096277
v 0.176896 1.370131 -0.058715
v 0.223409 1.369655 0.109842
v 0.168511 1.370161 -0.036155
v 0.245967 1.369655 0.119186
v 0.164333 1.370161 -0.012208
v 0.269492 1.370142 -0.123993
v 0.359314 1.369655 -0.123999
v 0.335876 1.369150 0.119186
v 0.313319 1.369150 0.109842
v 0.292785 1.369150 0.096277
v 0.270281 1.369595 -0.079321
v 0.270281 1.369595 0.079321
v 0.292785 1.369150 -0.096277
v 0.313319 1.369150 -0.109842
v 0.335876 1.369150 -0.119186
v 0.359314 1.369656 0.123999
v 0.456518 1.369625 0.123511
v 0.347464 1.369655 0.012157
v 0.433006 1.369150 -0.118688
v 0.348029 1.369655 0.036004
v 0.410543 1.369150 -0.109384
v 0.349408 1.369625 0.058470
v 0.389971 1.369150 -0.095876
v 0.364723 1.369204 0.078687
v 0.364723 1.369204 -0.078687
v 0.389971 1.369150 0.095876
v 0.349408 1.369625 -0.058470
v 0.410543 1.369150 0.109384
v 0.348029 1.369655 -0.036004
v 0.433006 1.369150 0.118688
v 0.347464 1.369655 -0.012157
v 0.456518 1.369625 -0.123511
v 0.614541 1.369655 -0.032367
v 0.435217 1.369655 0.086636
v 0.606176 1.369655 -0.052561
v 0.453501 1.369655 0.098843
v 0.495439 1.369709 -0.111574
v 0.594032 1.369655 -0.070736
v 0.473800 1.369655 0.107251
v 0.473800 1.369655 -0.107251
v 0.578580 1.369709 -0.086199
v 0.495439 1.369709 0.111574
v 0.453501 1.369655 -0.098843
v 0.560623 1.370131 -0.098770
v 0.518665 1.370131 0.111574
v 0.435217 1.369655 -0.086636
v 0.540375 1.370161 -0.107251
v 0.540375 1.370161 0.107251
v 0.419330 1.369655 -0.071101
v 0.518665 1.370131 -0.111574
v 0.560623 1.370131 0.098770
v 0.406971 1.369655 -0.052832
v 0.578580 1.369709 0.086199
v 0.398877 1.369655 -0.032534
v 0.594032 1.369655 0.070736
v 0.394765 1.369655 -0.010985
v 0.606176 1.369655 0.052561
v 0.394765 1.369655 0.010985
v 0.614541 1.369655 0.032367
v 0.398877 1.369655 0.032534
v 0.618805 1.369655 0.010929
v 0.406971 1.369655 0.052832
v 0.618805 1.369655 -0.010929
v 0.419330 1.369655 0.071101
v 0.452382 1.369655 -0.016340
v 0.552952 1.369150 0.036515
v 0.450097 1.369655 -0.005294
v 0.559392 1.369150 0.027031
v 0.449957 1.369656 0.005947
v 0.563851 1.369150 0.016507
v 0.452123 1.369655 0.016836
v 0.566157 1.369150 0.005350
v 0.456537 1.369656 0.027493
v 0.566298 1.369150 -0.006004
v 0.462705 1.369655 0.036725
v 0.564110 1.369150 -0.017003
v 0.470753 1.369655 0.044574
v 0.559652 1.369150 -0.027765
v 0.480180 1.369655 0.050770
v 0.502482 1.369655 -0.057080
v 0.553421 1.369150 -0.037090
v 0.490669 1.369655 0.055015
v 0.491307 1.369655 -0.054822
v 0.545297 1.369204 -0.045021
v 0.501819 1.369655 0.057146
v 0.480767 1.369655 -0.050456
v 0.535559 1.369625 -0.050852
v 0.513200 1.369655 0.057080
v 0.471268 1.369655 -0.044151
v 0.525013 1.369655 -0.055015
v 0.524375 1.369655 0.054822
v 0.463175 1.369655 -0.036150
v 0.513863 1.369655 -0.057146
v 0.534971 1.369625 0.050538
v 0.456797 1.369655 -0.026759
v 0.544782 1.369204 0.044598
v 0.562447 1.369595 0.066176
v 0.562447 1.369595 -0.066176
v 0.574118 1.369150 -0.054392
v 0.583456 1.369150 -0.040417
v 0.589888 1.369150 -0.024889
v 0.593167 1.369150 -0.008404
v 0.593167 1.369150 0.008404
v 0.589888 1.369150 0.024889
v 0.583456 1.369150 0.040417
v 0.574118 1.369150 0.054392
v 0.545953 1.369150 -0.022794
v 0.550908 1.369150 -0.010832
v 0.540860 1.369150 -0.024817
v 0.548737 1.369150 -0.005799
v 0.534934 1.369150 -0.026215
v 0.545535 1.369150 -0.000621
v 0.527966 1.369150 -0.026605
v 0.540884 1.369150 0.004582
v 0.520226 1.369150 -0.025973
v 0.534964 1.369150 0.009608
v 0.512010 1.369150 -0.024342
v 0.528001 1.369150 0.014265
v 0.503633 1.369150 -0.021776
v 0.520264 1.369150 0.018374
v 0.495418 1.369150 -0.018374
v 0.512049 1.369150 0.021776
v 0.487681 1.369150 -0.014265
v 0.503672 1.369150 0.024342
v 0.480718 1.369150 -0.009608
v 0.495456 1.369150 0.025973
v 0.474797 1.369150 -0.004582
v 0.487715 1.369150 0.026605
v 0.470147 1.369150 0.000621
v 0.480748 1.369150 0.026215
v 0.466945 1.369150 0.005799
v 0.474822 1.369150 0.024817
v 0.464774 1.369150 0.010832
v 0.469728 1.369150 0.022794
v 0.269492 1.392428 0.123993
v 0.164333 1.392409 0.012208
v 0.245967 1.392915 -0.119186
v 0.168511 1.392409 0.036155
v 0.223409 1.392915 -0.109842
v 0.176896 1.392440 0.058715
v 0.203220 1.392915 -0.096277
v 0.188549 1.392861 0.079016
v 0.188549 1.392861 -0.079016
v 0.203220 1.392915 0.096277
v 0.176896 1.392440 -0.058715
v 0.223409 1.392915 0.109842
v 0.168511 1.392409 -0.036155
v 0.245967 1.392915 0.119186
v 0.164333 1.392409 -0.012208
v 0.269492 1.392428 -0.123993
v 0.359314 1.392915 -0.123999
v 0.335876 1.393421 0.119186
v 0.313319 1.393421 0.109842
v 0.292785 1.393421 0.096277
v 0.270281 1.392976 -0.079321
v 0.270281 1.392976 0.079321
v 0.292785 1.393421 -0.096277
v 0.313319 1.393421 -0.109842
v 0.335876 1.393421 -0.119186
v 0.359314 1.392915 0.123999
v 0.456518 1.392946 0.123511
v 0.347464 1.392915 0.012157
v 0.433006 1.393421 -0.118688
v 0.348029 1.392915 0.036004
v 0.410543 1.393421 -0.109384
v 0.349408 1.392946 0.058470
v 0.389971 1.393421 -0.095876
v 0.364723 1.393367 0.078687
v 0.364723 1.393367 -0.078687
v 0.389971 1.393421 0.095876
v 0.349408 1.392946 -0.058470
v 0.410543 1.393421 0.109384
v 0.348029 1.392915 -0.036004
v 0.433006 1.393421 0.118688
v 0.347464 1.392915 -0.012157
v 0.456518 1.392946 -0.123511
v 0.615091 1.392735 -0.032534
v 0.435217 1.392915 0.086636
v 0.606684 1.392735 -0.052832
v 0.453501 1.392915 0.098843
v 0.495439 1.392861 -0.111574
v 0.594416 1.392746 -0.071037
v 0.473800 1.392915 0.107251
v 0.473800 1.392915 -0.107251
v 0.578586 1.392842 -0.086204
v 0.495439 1.392861 0.111574
v 0.453501 1.392915 -0.098843
v 0.560623 1.392440 -0.098770
v 0.518665 1.392440 0.111574
v 0.435217 1.392915 -0.086636
v 0.540375 1.392409 -0.107251
v 0.540375 1.392409 0.107251
v 0.419330 1.392915 -0.071101
v 0.518665 1.392440 -0.111574
v 0.560623 1.392440 0.098770
v 0.406971 1.392915 -0.052832
v 0.578586 1.392842 0.086204
v 0.398877 1.392915 -0.032534
v 0.594416 1.392746 0.071037
v 0.394765 1.392915 -0.010985
v 0.606684 1.392735 0.052832
v 0.394765 1.392915 0.010985
v 0.615091 1.392735 0.032534
v 0.398877 1.392915 0.032534
v 0.619378 1.392735 0.010985
v 0.406971 1.392915 0.052832
v 0.619378 1.392735 -0.010985
v 0.419330 1.392915 0.071101
v 0.452170 1.393479 -0.016888
v 0.552881 1.393815 0.036978
v 0.449945 1.393479 -0.005702
v 0.559147 1.393804 0.027424
v 0.449945 1.393479 0.005702
v 0.563512 1.393804 0.016888
v 0.452170 1.393479 0.016888
v 0.565737 1.393804 0.005702
v 0.456535 1.393479 0.027424
v 0.565737 1.393804 -0.005702
v 0.462871 1.393479 0.036906
v 0.563512 1.393804 -0.016888
v 0.470935 1.393479 0.044970
v 0.559147 1.393804 -0.027424
v 0.480417 1.393479 0.051306
v 0.502139 1.393479 -0.057896
v 0.552881 1.393815 -0.036978
v 0.490953 1.393479 0.055671
v 0.490953 1.393479 -0.055671
v 0.545117 1.393911 -0.045421
v 0.502139 1.393479 0.057896
v 0.480417 1.393479 -0.051306
v 0.535321 1.393509 -0.051388
v 0.513543 1.393479 0.057896
v 0.470935 1.393479 -0.044970
v 0.524728 1.393479 -0.055671
v 0.524728 1.393479 0.055671
v 0.462871 1.393479 -0.036906
v 0.513543 1.393479 -0.057896
v 0.535321 1.393509 0.051388
v 0.456535 1.393479 -0.027424
v 0.545117 1.393911 0.045421
v 0.562306 1.392818 0.066366
v 0.562306 1.392818 -0.066366
v 0.603103 1.389105 0.028897
v 0.595635 1.389105 0.046927
v 0.564100 1.389139 0.045876
v 0.564100 1.389139 -0.045876
v 0.579480 1.389105 -0.007056
v 0.584700 1.389139 0.062509
v 0.584700 1.389139 -0.062509
v 0.571326 1.389105 0.033934
v 0.473849 1.420852 -0.027389
v 0.520366 1.420852 0.041607
v 0.521004 1.420852 -0.041800
v 0.480029 1.420852 -0.033476
v 0.511846 1.420852 0.043337
v 0.528992 1.420852 -0.038591
v 0.487277 1.420852 -0.038277
v 0.503172 1.420852 0.043403
v 0.536168 1.420852 -0.033899
v 0.495316 1.420852 -0.041607
v 0.494678 1.420852 0.041800
v 0.542239 1.420847 -0.027923
v 0.503836 1.420852 -0.043337
v 0.486689 1.420852 0.038591
v 0.546904 1.420847 -0.020942
v 0.479514 1.420852 0.033899
v 0.550271 1.420847 -0.012813
v 0.473442 1.420847 0.027922
v 0.551909 1.420847 -0.004579
v 0.468778 1.420847 0.020942
v 0.551842 1.420852 0.003940
v 0.465411 1.420847 0.012813
v 0.550085 1.420852 0.012332
v 0.463773 1.420847 0.004579
v 0.546706 1.420852 0.020250
v 0.463840 1.420852 -0.003940
v 0.541832 1.420852 0.027389
v 0.465597 1.420852 -0.012332
v 0.302145 1.381285 -0.058455
v 0.144114 1.381285 0.058712
v 0.487279 1.381285 -0.067784
v 0.518960 1.381285 0.123023
v 0.198507 1.381285 0.012208
v 0.157365 1.381285 0.079013
v 0.487279 1.381285 0.067784
v 0.543694 1.381285 0.118191
v 0.309835 1.381285 -0.036155
v 0.174372 1.381285 0.096277
v 0.566063 1.381285 0.108926
v 0.371012 1.381285 0.125252
v 0.194661 1.381285 0.109842
v 0.500898 1.381285 -0.070493
v 0.586194 1.381285 0.095474
v 0.313081 1.381285 -0.012208
v 0.217219 1.381285 0.119186
v 0.474450 1.381285 0.062470
v 0.603315 1.381285 0.078354
v 0.241622 1.381285 0.123986
v 0.616766 1.381285 0.058222
v 0.497976 1.381285 -0.100159
v 0.256954 1.381285 0.069544
v 0.462904 1.381285 0.054756
v 0.626032 1.381285 0.035853
v 0.478626 1.381285 -0.096310
v 0.468681 1.381285 0.125103
v 0.630756 1.381285 0.012106
v 0.460398 1.381285 -0.088760
v 0.453085 1.381285 0.044937
v 0.554758 1.381285 -0.088467
v 0.630756 1.381285 -0.012106
v 0.443993 1.381285 -0.077799
v 0.256954 1.381285 -0.069544
v 0.537056 1.381285 -0.096310
v 0.626032 1.381285 -0.035853
v 0.430042 1.381285 -0.063848
v 0.445371 1.381285 0.033391
v 0.517706 1.381285 -0.100159
v 0.616766 1.381285 -0.058222
v 0.419081 1.381285 -0.047443
v 0.603315 1.381285 -0.078354
v 0.555739 1.381285 -0.071685
v 0.411531 1.381285 -0.029215
v 0.371012 1.381285 -0.125252
v 0.440057 1.381285 0.020562
v 0.586194 1.381285 -0.095474
v 0.555739 1.381285 0.071685
v 0.407682 1.381285 -0.009865
v 0.566063 1.381285 -0.108926
v 0.407682 1.381285 0.009865
v 0.198507 1.381285 -0.012208
v 0.437348 1.381285 0.006943
v 0.543694 1.381285 -0.118191
v 0.445371 1.381285 -0.033391
v 0.411531 1.381285 0.029215
v 0.468681 1.381285 -0.125103
v 0.518960 1.381285 -0.123023
v 0.541407 1.381285 0.063081
v 0.419081 1.381285 0.047443
v 0.202149 1.381285 -0.036155
v 0.437348 1.381285 -0.006943
v 0.241622 1.381285 -0.123986
v 0.514784 1.381285 -0.070493
v 0.430042 1.381285 0.063848
v 0.313081 1.381285 0.012208
v 0.217219 1.381285 -0.119186
v 0.453085 1.381285 -0.044937
v 0.443993 1.381285 0.077799
v 0.210731 1.381285 -0.058455
v 0.440057 1.381285 -0.020562
v 0.194661 1.381285 -0.109842
v 0.528403 1.381285 0.067784
v 0.460398 1.381285 0.088760
v 0.309835 1.381285 0.036155
v 0.174372 1.381285 -0.096277
v 0.528403 1.381285 -0.067784
v 0.478626 1.381285 0.096310
v 0.157365 1.381285 -0.079013
v 0.462904 1.381285 -0.054756
v 0.497976 1.381285 0.100159
v 0.302145 1.381285 0.058455
v 0.144114 1.381285 -0.058712
v 0.514784 1.381285 0.070493
v 0.517706 1.381285 0.100159
v 0.280938 1.381285 -0.125205
v 0.134874 1.381285 -0.036155
v 0.541407 1.381285 -0.063081
v 0.537056 1.381285 0.096310
v 0.210731 1.381285 0.058455
v 0.130159 1.381285 -0.012208
v 0.474450 1.381285 -0.062470
v 0.554758 1.381285 0.088467
v 0.280938 1.381285 0.125205
v 0.130159 1.381285 0.012208
v 0.500898 1.381285 0.070493
v 0.202149 1.381285 0.036155
v 0.134874 1.381285 0.036155
v 0.545019 1.422281 -0.022169
v 0.549806 1.422281 -0.010613
v 0.540494 1.422319 -0.024373
v 0.548164 1.422319 -0.005856
v 0.534662 1.422319 -0.025707
v 0.544984 1.422319 -0.000788
v 0.527799 1.422319 -0.026054
v 0.540377 1.422319 0.004310
v 0.520170 1.422319 -0.025400
v 0.534519 1.422319 0.009243
v 0.512066 1.422319 -0.023770
v 0.527636 1.422319 0.013820
v 0.503800 1.422319 -0.021226
v 0.519992 1.422319 0.017866
v 0.495689 1.422319 -0.017866
v 0.511882 1.422319 0.021226
v 0.488046 1.422319 -0.013820
v 0.503616 1.422319 0.023770
v 0.481163 1.422319 -0.009243
v 0.495512 1.422319 0.025400
v 0.475305 1.422319 -0.004310
v 0.487882 1.422319 0.026054
v 0.470697 1.422319 0.000788
v 0.481020 1.422319 0.025707
v 0.467517 1.422319 0.005856
v 0.475187 1.422319 0.024373
v 0.465876 1.422281 0.010613
v 0.470663 1.422281 0.022169
v 0.512509 1.420852 -0.043403
v 0.528405 1.420852 0.038277
v 0.468976 1.420852 -0.020250
v 0.535653 1.420852 0.033476
v 0.536352 1.406986 0.034740
v 0.468206 1.406986 -0.021185
v 0.529026 1.406986 0.039635
v 0.512246 1.406986 -0.044725
v 0.464835 1.406986 -0.013046
v 0.542581 1.406986 0.028511
v 0.463116 1.406986 -0.004405
v 0.547476 1.406986 0.021185
v 0.463116 1.406986 0.004405
v 0.550847 1.406986 0.013046
v 0.464835 1.406986 0.013046
v 0.552566 1.406986 0.004405
v 0.468206 1.406986 0.021185
v 0.552566 1.406986 -0.004405
v 0.473101 1.406986 0.028511
v 0.550847 1.406986 -0.013046
v 0.479330 1.406986 0.034740
v 0.547476 1.406986 -0.021185
v 0.486656 1.406986 0.039635
v 0.503436 1.406986 -0.044725
v 0.542581 1.406986 -0.028511
v 0.494795 1.406986 0.043006
v 0.494795 1.406986 -0.043006
v 0.536352 1.406986 -0.034740
v 0.503436 1.406986 0.044725
v 0.486656 1.406986 -0.039635
v 0.529026 1.406986 -0.039635
v 0.512246 1.406986 0.044725
v 0.479330 1.406986 -0.034740
v 0.520887 1.406986 -0.043006
v 0.520887 1.406986 0.043006
v 0.473101 1.406986 -0.028511
v 0.574492 1.385315 -0.054133
v 0.583505 1.385149 -0.040443
v 0.589941 1.385149 -0.024905
v 0.593223 1.385149 -0.008409
v 0.593223 1.385149 0.008409
v 0.589941 1.385149 0.024905
v 0.583505 1.385149 0.040443
v 0.574492 1.385315 0.054133
v 0.579480 1.389105 0.007056
v 0.606910 1.389105 0.009757
v 0.569282 1.389173 0.060485
v 0.571326 1.389105 -0.033934
v 0.606910 1.389105 -0.009757
v 0.576726 1.389105 0.020896
v 0.603103 1.389105 -0.028897
v 0.569282 1.389173 -0.060485
v 0.576726 1.389105 -0.020896
v 0.595635 1.389105 -0.046927
v 0.000000 0.000650 -0.702140
v 0.000000 1.404931 -0.702140
v 0.181727 0.000650 -0.678215
v 0.181727 1.404931 -0.678215
v 0.351070 0.000650 -0.608071
v 0.351070 1.404931 -0.608071
v 0.496488 0.000650 -0.496488
v 0.496488 1.404931 -0.496488
v 0.608071 0.000650 -0.351070
v 0.608071 1.404931 -0.351070
v 0.678215 0.000650 -0.181727
v 0.678215 1.404931 -0.181727
v 0.702140 0.000650 0.000000
v 0.702140 1.404931 0.000000
v 0.678215 0.000650 0.181727
v 0.678215 1.404931 0.181727
v 0.608071 0.000650 0.351070
v 0.608071 1.404931 0.351070
v 0.496488 0.000650 0.496488
v 0.496488 1.404931 0.496488
v 0.351070 0.000650 0.608071
v 0.351070 1.404931 0.608071
v 0.181727 0.000650 0.678215
v 0.181727 1.404931 0.678215
v 0.000000 0.000650 0.702140
v 0.000000 1.404931 0.702140
v -0.181727 0.000650 0.678215
v -0.181727 1.404931 0.678215
v -0.351070 0.000650 0.608071
v -0.351070 1.404931 0.608071
v -0.496488 0.000650 0.496488
v -0.496488 1.404931 0.496488
v -0.608071 0.000650 0.351070
v -0.608071 1.404931 0.351070
v -0.678215 0.000650 0.181727
v -0.678215 1.404931 0.181727
v -0.702140 0.000650 0.000000
v -0.702140 1.404931 0.000000
v -0.678215 0.000650 -0.181727
v -0.678215 1.404931 -0.181727
v -0.608071 0.000650 -0.351070
v -0.608071 1.404931 -0.351070
v -0.496488 0.000650 -0.496488
v -0.496488 1.404931 -0.496488
v -0.351070 0.000650 -0.608071
v -0.351070 1.404931 -0.608071
v -0.181727 0.000650 -0.678215
v -0.181727 1.404931 -0.678215
v 0.000000 1.365591 -0.702140
v 0.181727 1.365591 -0.678215
v 0.351070 1.365591 -0.608071
v 0.496488 1.365591 -0.496488
v 0.608071 1.365591 -0.351070
v 0.678215 1.365591 -0.181727
v 0.702140 1.365591 0.000000
v 0.678215 1.365591 0.181727
v 0.608071 1.365591 0.351070
v 0.496488 1.365591 0.496488
v 0.351070 1.365591 0.608071
v 0.181727 1.365591 0.678215
v 0.000000 1.365591 0.702140
v -0.181727 1.365591 0.678215
v -0.351070 1.365591 0.608071
v -0.496488 1.365591 0.496488
v -0.608071 1.365591 0.351070
v -0.678215 1.365591 0.181727
v -0.702140 1.365591 0.000000
v -0.678215 1.365591 -0.181727
v -0.608071 1.365591 -0.351070
v -0.496488 1.365591 -0.496488
v -0.351070 1.365591 -0.608071
v -0.181727 1.365591 -0.678215
v 0.181727 0.049487 -0.678215
v 0.351070 0.049487 -0.608071
v 0.496488 0.049487 -0.496488
v 0.608071 0.049487 -0.351070
v 0.678215 0.049487 -0.181727
v 0.702140 0.049487 0.000000
v 0.678215 0.049487 0.181727
v 0.608071 0.049487 0.351070
v 0.496488 0.049487 0.496488
v 0.351070 0.049487 0.608071
v 0.181727 0.049487 0.678215
v 0.000000 0.049487 0.702140
v -0.181727 0.049487 0.678215
v -0.351070 0.049487 0.608071
v -0.496488 0.049487 0.496488
v -0.608071 0.049487 0.351070
v -0.678215 0.049487 0.181727
v -0.702140 0.049487 0.000000
v -0.678215 0.049487 -0.181727
v -0.608071 0.049487 -0.351070
v -0.496488 0.049487 -0.496488
v -0.351070 0.049487 -0.608071
v -0.181727 0.049487 -0.678215
v 0.000000 0.049487 -0.702140
v 0.000000 0.000105 -0.717817
v 0.185785 0.000105 -0.693358
v 0.185878 1.405380 -0.693705
v -0.000000 1.405380 -0.718176
v -0.000000 1.365142 -0.718176
v 0.185785 0.050032 -0.693358
v 0.358908 0.000105 -0.621647
v 0.359088 1.405380 -0.621959
v 0.358908 0.050032 -0.621647
v 0.507573 0.000105 -0.507573
v 0.507827 1.405380 -0.507827
v 0.507573 0.050032 -0.507573
v 0.621647 0.000105 -0.358908
v 0.621959 1.405380 -0.359088
v 0.621647 0.050032 -0.358908
v 0.693358 0.000105 -0.185785
v 0.693705 1.405380 -0.185878
v 0.693358 0.050032 -0.185785
v 0.717817 0.000105 -0.000000
v 0.718176 1.405380 -0.000000
v 0.717817 0.050032 -0.000000
v 0.693358 0.000105 0.185785
v 0.693705 1.405380 0.185878
v 0.693358 0.050032 0.185785
v 0.621647 0.000105 0.358908
v 0.621959 1.405380 0.359088
v 0.621647 0.050032 0.358908
v 0.507573 0.000105 0.507573
v 0.507827 1.405380 0.507827
v 0.507573 0.050032 0.507573
v 0.358908 0.000105 0.621647
v 0.359088 1.405380 0.621959
v 0.358908 0.050032 0.621647
v 0.185785 0.000105 0.693358
v 0.185878 1.405380 0.693705
v 0.185785 0.050032 0.693358
v 0.000000 0.000105 0.717817
v -0.000000 1.405380 0.718176
v 0.000000 0.050032 0.717817
v -0.185785 0.000105 0.693358
v -0.185878 1.405380 0.693705
v -0.185785 0.050032 0.693358
v -0.358908 0.000105 0.621647
v -0.359088 1.405380 0.621959
v -0.358908 0.050032 0.621647
v -0.507573 0.000105 0.507573
v -0.507827 1.405380 0.507827
v -0.507573 0.050032 0.507573
v -0.621647 0.000105 0.358908
v -0.621959 1.405380 0.359088
v -0.621647 0.050032 0.358908
v -0.693358 0.000105 0.185785
v -0.693705 1.405380 0.185878
v -0.693358 0.050032 0.185785
v -0.717817 0.000105 -0.000000
v -0.718176 1.405380 -0.000000
v -0.717817 0.050032 -0.000000
v -0.693358 0.000105 -0.185785
v -0.693705 1.405380 -0.185878
v -0.693358 0.050032 -0.185785
v -0.621647 0.000105 -0.358908
v -0.621959 1.405380 -0.359088
v -0.621647 0.050032 -0.358908
v -0.507573 0.000105 -0.507573
v -0.507827 1.405380 -0.507827
v -0.507573 0.050032 -0.507573
v -0.358908 0.000105 -0.621647
v -0.359088 1.405380 -0.621959
v -0.358908 0.050032 -0.621647
v -0.185785 0.000105 -0.693358
v -0.185878 1.405380 -0.693705
v -0.185785 0.050032 -0.693358
v 0.185878 1.365142 -0.693705
v 0.359088 1.365142 -0.621959
v 0.507827 1.365142 -0.507827
v 0.621959 1.365142 -0.359088
v 0.693705 1.365142 -0.185878
v 0.718176 1.365142 -0.000000
v 0.693705 1.365142 0.185878
v 0.621959 1.365142 0.359088
v 0.507827 1.365142 0.507827
v 0.359088 1.365142 0.621959
v 0.185878 1.365142 0.693705
v -0.000000 1.365142 0.718176
v -0.185878 1.365142 0.693705
v -0.359088 1.365142 0.621959
v -0.507827 1.365142 0.507827
v -0.621959 1.365142 0.359088
v -0.693705 1.365142 0.185878
v -0.718176 1.365142 -0.000000
v -0.693705 1.365142 -0.185878
v -0.621959 1.365142 -0.359088
v -0.507827 1.365142 -0.507827
v -0.359088 1.365142 -0.621959
v -0.185878 1.365142 -0.693705
v 0.000000 0.050032 -0.717817
v 0.000000 0.048602 -0.702140
v 0.181727 0.048602 -0.678215
v 0.351070 0.048602 -0.608071
v 0.496488 0.048602 -0.496488
v 0.608071 0.048602 -0.351070
v 0.678215 0.048602 -0.181727
v 0.702140 0.048602 0.000000
v 0.678215 0.048602 0.181727
v 0.608071 0.048602 0.351070
v 0.496488 0.048602 0.496488
v 0.351070 0.048602 0.608071
v 0.181727 0.048602 0.678215
v 0.000000 0.048602 0.702140
v -0.181727 0.048602 0.678215
v -0.351070 0.048602 0.608071
v -0.496488 0.048602 0.496488
v -0.608071 0.048602 0.351070
v -0.678215 0.048602 0.181727
v -0.702140 0.048602 0.000000
v -0.678215 0.048602 -0.181727
v -0.608071 0.048602 -0.351070
v -0.496488 0.048602 -0.496488
v -0.351070 0.048602 -0.608071
v -0.181727 0.048602 -0.678215
v 0.179937 1.365481 -0.671535
v 0.000000 1.365481 -0.695224
v 0.347612 1.365481 -0.602081
v 0.491597 1.365481 -0.491597
v 0.602081 1.365481 -0.347612
v 0.671535 1.365481 -0.179937
v 0.695224 1.365481 0.000000
v 0.671535 1.365481 0.179937
v 0.602081 1.365481 0.347612
v 0.491597 1.365481 0.491597
v 0.347612 1.365481 0.602081
v 0.179937 1.365481 0.671535
v 0.000000 1.365481 0.695224
v -0.179937 1.365481 0.671535
v -0.347612 1.365481 0.602081
v -0.491597 1.365481 0.491597
v -0.602081 1.365481 0.347612
v -0.671535 1.365481 0.179937
v -0.695224 1.365481 0.000000
v -0.671535 1.365481 -0.179937
v -0.602081 1.365481 -0.347612
v -0.491597 1.365481 -0.491597
v -0.347612 1.365481 -0.602081
v -0.179937 1.365481 -0.671535
v 0.616702 0.048602 -0.008631
v 0.510545 0.048602 -0.195784
v 0.366977 0.048602 -0.366977
v 0.195784 0.048602 -0.510545
v 0.008631 0.048602 -0.616702
v 0.503535 0.048602 0.174680
v 0.362547 0.048602 -0.011477
v 0.194716 0.048602 -0.194715
v 0.011477 0.048602 -0.362547
v -0.174680 0.048602 -0.503535
v 0.351070 0.048602 0.351070
v 0.181727 0.048602 0.181727
v 0.000000 0.048602 0.000000
v -0.181727 0.048602 -0.181727
v -0.351070 0.048602 -0.351070
v 0.174680 0.048602 0.503535
v -0.011477 0.048602 0.362547
v -0.194715 0.048602 0.194716
v -0.362547 0.048602 0.011477
v -0.503535 0.048602 -0.174680
v -0.008631 0.048602 0.616702
v -0.195784 0.048602 0.510545
v -0.366977 0.048602 0.366977
v -0.510545 0.048602 0.195784
v -0.616702 0.048602 0.008631
v 0.008631 1.365481 -0.616702
v 0.195784 1.365481 -0.510545
v 0.366977 1.365481 -0.366977
v 0.510545 1.365481 -0.195784
v 0.616702 1.365481 -0.008631
v -0.174680 1.365481 -0.503535
v 0.011477 1.365481 -0.362547
v 0.194715 1.365481 -0.194716
v 0.362547 1.365481 -0.011477
v 0.503535 1.365481 0.174680
v -0.351070 1.365481 -0.351070
v -0.181727 1.365481 -0.181727
v -0.000000 1.365481 -0.000000
v 0.181727 1.365481 0.181727
v 0.351070 1.365481 0.351070
v -0.503535 1.365481 -0.174680
v -0.362547 1.365481 0.011477
v -0.194716 1.365481 0.194715
v -0.011477 1.365481 0.362547
v 0.174680 1.365481 0.503535
v -0.616702 1.365481 0.008631
v -0.510545 1.365481 0.195784
v -0.366977 1.365481 0.366977
v -0.195784 1.365481 0.510545
v -0.008631 1.365481 0.616702
v 0.000000 0.072260 -0.717714
v 0.000000 0.122604 -0.702140
v 0.000000 0.146999 -0.717714
v 0.000000 0.195721 -0.702140
v 0.000000 0.221738 -0.717714
v 0.000000 0.268838 -0.702140
v 0.000000 0.296476 -0.717714
v 0.000000 0.341954 -0.702140
v 0.000000 0.371215 -0.717714
v 0.000000 0.415071 -0.702140
v 0.000000 0.445954 -0.717714
v 0.000000 0.488188 -0.702140
v 0.000000 0.520692 -0.717714
v 0.000000 0.561305 -0.702140
v 0.000000 0.595431 -0.717714
v 0.000000 0.634422 -0.702140
v 0.000000 0.670170 -0.717714
v 0.000000 0.707539 -0.702140
v 0.000000 0.744908 -0.717714
v 0.000000 0.780656 -0.702140
v 0.000000 0.819647 -0.717714
v 0.000000 0.853773 -0.702140
v 0.000000 0.894386 -0.717714
v 0.000000 0.926890 -0.702140
v 0.000000 0.969124 -0.717714
v 0.000000 1.000007 -0.702140
v 0.000000 1.043863 -0.717714
v 0.000000 1.073123 -0.702140
v 0.000000 1.118602 -0.717714
v 0.000000 1.146240 -0.702140
v 0.000000 1.193340 -0.717714
v 0.000000 1.219357 -0.702140
v 0.181727 1.219357 -0.678215
v 0.185758 1.193340 -0.693258
v 0.181727 1.146240 -0.678215
v 0.185758 1.118602 -0.693258
v 0.181727 1.073123 -0.678215
v 0.185758 1.043863 -0.693258
v 0.181727 1.000007 -0.678215
v 0.185758 0.969124 -0.693258
v 0.181727 0.926890 -0.678215
v 0.185758 0.894386 -0.693258
v 0.181727 0.853773 -0.678215
v 0.185758 0.819647 -0.693258
v 0.181727 0.780656 -0.678215
v 0.185758 0.744908 -0.693258
v 0.181727 0.707539 -0.678215
v 0.185758 0.670170 -0.693258
v 0.181727 0.634422 -0.678215
v 0.185758 0.595431 -0.693258
v 0.181727 0.561305 -0.678215
v 0.185758 0.520692 -0.693258
v 0.181727 0.488188 -0.678215
v 0.185758 0.445954 -0.693258
v 0.181727 0.415071 -0.678215
v 0.185758 0.371215 -0.693258
v 0.181727 0.341954 -0.678215
v 0.185758 0.296476 -0.693258
v 0.181727 0.268838 -0.678215
v 0.185758 0.221738 -0.693258
v 0.181727 0.195721 -0.678215
v 0.185758 0.146999 -0.693258
v 0.181727 0.122604 -0.678215
v 0.185758 0.072260 -0.693258
v 0.351070 1.219357 -0.608071
v 0.358857 1.193340 -0.621559
v 0.351070 1.146240 -0.608071
v 0.358857 1.118602 -0.621559
v 0.351070 1.073123 -0.608071
v 0.358857 1.043863 -0.621559
v 0.351070 1.000007 -0.608071
v 0.358857 0.969124 -0.621559
v 0.351070 0.926890 -0.608071
v 0.358857 0.894386 -0.621559
v 0.351070 0.853773 -0.608071
v 0.358857 0.819647 -0.621559
v 0.351070 0.780656 -0.608071
v 0.358857 0.744908 -0.621559
v 0.351070 0.707539 -0.608071
v 0.358857 0.670170 -0.621559
v 0.351070 0.634422 -0.608071
v 0.358857 0.595431 -0.621559
v 0.351070 0.561305 -0.608071
v 0.358857 0.520692 -0.621559
v 0.351070 0.488188 -0.608071
v 0.358857 0.445954 -0.621559
v 0.351070 0.415071 -0.608071
v 0.358857 0.371215 -0.621559
v 0.351070 0.341954 -0.608071
v 0.358857 0.296476 -0.621559
v 0.351070 0.268838 -0.608071
v 0.358857 0.221738 -0.621559
v 0.351070 0.195721 -0.608071
v 0.358857 0.146999 -0.621559
v 0.351070 0.122604 -0.608071
v 0.358857 0.072260 -0.621559
v 0.496488 1.219357 -0.496488
v 0.507500 1.193340 -0.507500
v 0.496488 1.146240 -0.496488
v 0.507500 1.118602 -0.507500
v 0.496488 1.073123 -0.496488
v 0.507500 1.043863 -0.507500
v 0.496488 1.000007 -0.496488
v 0.507500 0.969124 -0.507500
v 0.496488 0.926890 -0.496488
v 0.507500 0.894386 -0.507500
v 0.496488 0.853773 -0.496488
v 0.507500 0.819647 -0.507500
v 0.496488 0.780656 -0.496488
v 0.507500 0.744908 -0.507500
v 0.496488 0.707539 -0.496488
v 0.507500 0.670170 -0.507500
v 0.496488 0.634422 -0.496488
v 0.507500 0.595431 -0.507500
v 0.496488 0.561305 -0.496488
v 0.507500 0.520692 -0.507500
v 0.496488 0.488188 -0.496488
v 0.507500 0.445954 -0.507500
v 0.496488 0.415071 -0.496488
v 0.507500 0.371215 -0.507500
v 0.496488 0.341954 -0.496488
v 0.507500 0.296476 -0.507500
v 0.496488 0.268838 -0.496488
v 0.507500 0.221738 -0.507500
v 0.496488 0.195721 -0.496488
v 0.507500 0.146999 -0.507500
v 0.496488 0.122604 -0.496488
v 0.507500 0.072260 -0.507500
v 0.608071 1.219357 -0.351070
v 0.621559 1.193340 -0.358857
v 0.608071 1.146240 -0.351070
v 0.621559 1.118602 -0.358857
v 0.608071 1.073123 -0.351070
v 0.621559 1.043863 -0.358857
v 0.608071 1.000007 -0.351070
v 0.621559 0.969124 -0.358857
v 0.608071 0.926890 -0.351070
v 0.621559 0.894386 -0.358857
v 0.608071 0.853773 -0.351070
v 0.621559 0.819647 -0.358857
v 0.608071 0.780656 -0.351070
v 0.621559 0.744908 -0.358857
v 0.608071 0.707539 -0.351070
v 0.621559 0.670170 -0.358857
v 0.608071 0.634422 -0.351070
v 0.621559 0.595431 -0.358857
v 0.608071 0.561305 -0.351070
v 0.621559 0.520692 -0.358857
v 0.608071 0.488188 -0.351070
v 0.621559 0.445954 -0.358857
v 0.608071 0.415071 -0.351070
v 0.621559 0.371215 -0.358857
v 0.608071 0.341954 -0.351070
v 0.621559 0.296476 -0.358857
v 0.608071 0.268838 -0.351070
v 0.621559 0.221738 -0.358857
v 0.608071 0.195721 -0.351070
v 0.621559 0.146999 -0.358857
v 0.608071 0.122604 -0.351070
v 0.621559 0.072260 -0.358857
v 0.678215 1.219357 -0.181727
v 0.693258 1.193340 -0.185758
v 0.678215 1.146240 -0.181727
v 0.693258 1.118602 -0.185758
v 0.678215 1.073123 -0.181727
v 0.693258 1.043863 -0.185758
v 0.678215 1.000007 -0.181727
v 0.693258 0.969124 -0.185758
v 0.678215 0.926890 -0.181727
v 0.693258 0.894386 -0.185758
v 0.678215 0.853773 -0.181727
v 0.693258 0.819647 -0.185758
v 0.678215 0.780656 -0.181727
v 0.693258 0.744908 -0.185758
v 0.678215 0.707539 -0.181727
v 0.693258 0.670170 -0.185758
v 0.678215 0.634422 -0.181727
v 0.693258 0.595431 -0.185758
v 0.678215 0.561305 -0.181727
v 0.693258 0.520692 -0.185758
v 0.678215 0.488188 -0.181727
v 0.693258 0.445954 -0.185758
v 0.678215 0.415071 -0.181727
v 0.693258 0.371215 -0.185758
v 0.678215 0.341954 -0.181727
v 0.693258 0.296476 -0.185758
v 0.678215 0.268838 -0.181727
v 0.693258 0.221738 -0.185758
v 0.678215 0.195721 -0.181727
v 0.693258 0.146999 -0.185758
v 0.678215 0.122604 -0.181727
v 0.693258 0.072260 -0.185758
v 0.702140 1.219357 0.000000
v 0.717714 1.193340 0.000000
v 0.702140 1.146240 0.000000
v 0.717714 1.118602 0.000000
v 0.702140 1.073123 0.000000
v 0.717714 1.043863 0.000000
v 0.702140 1.000007 0.000000
v 0.717714 0.969124 0.000000
v 0.702140 0.926890 0.000000
v 0.717714 0.894386 0.000000
v 0.702140 0.853773 0.000000
v 0.717714 0.819647 0.000000
v 0.702140 0.780656 0.000000
v 0.717714 0.744908 0.000000
v 0.702140 0.707539 0.000000
v 0.717714 0.670170 0.000000
v 0.702140 0.634422 0.000000
v 0.717714 0.595431 0.000000
v 0.702140 0.561305 0.000000
v 0.717714 0.520692 0.000000
v 0.702140 0.488188 0.000000
v 0.717714 0.445954 0.000000
v 0.702140 0.415071 0.000000
v 0.717714 0.371215 0.000000
v 0.702140 0.341954 0.000000
v 0.717714 0.296476 0.000000
v 0.702140 0.268838 0.000000
v 0.717714 0.221738 0.000000
v 0.702140 0.195721 0.000000
v 0.717714 0.146999 0.000000
v 0.702140 0.122604 0.000000
v 0.717714 0.072260 0.000000
v 0.678215 1.219357 0.181727
v 0.693258 1.193340 0.185758
v 0.678215 1.146240 0.181727
v 0.693258 1.118602 0.185758
v 0.678215 1.073123 0.181727
v 0.693258 1.043863 0.185758
v 0.678215 1.000007 0.181727
v 0.693258 0.969124 0.185758
v 0.678215 0.926890 0.181727
v 0.693258 0.894386 0.185758
v 0.678215 0.853773 0.181727
v 0.693258 0.819647 0.185758
v 0.678215 0.780656 0.181727
v 0.693258 0.744908 0.185758
v 0.678215 0.707539 0.181727
v 0.693258 0.670170 0.185758
v 0.678215 0.634422 0.181727
v 0.693258 0.595431 0.185758
v 0.678215 0.561305 0.181727
v 0.693258 0.520692 0.185758
v 0.678215 0.488188 0.181727
v 0.693258 0.445954 0.185758
v 0.678215 0.415071 0.181727
v 0.693258 0.371215 0.185758
v 0.678215 0.341954 0.181727
v 0.693258 0.296476 0.185758
v 0.678215 0.268838 0.181727
v 0.693258 0.221738 0.185758
v 0.678215 0.195721 0.181727
v 0.693258 0.146999 0.185758
v 0.678215 0.122604 0.181727
v 0.693258 0.072260 0.185758
v 0.608071 1.219357 0.351070
v 0.621559 1.193340 0.358857
v 0.608071 1.146240 0.351070
v 0.621559 1.118602 0.358857
v 0.608071 1.073123 0.351070
v 0.621559 1.043863 0.358857
v 0.608071 1.000007 0.351070
v 0.621559 0.969124 0.358857
v 0.608071 0.926890 0.351070
v 0.621559 0.894386 0.358857
v 0.608071 0.853773 0.351070
v 0.621559 0.819647 0.358857
v 0.608071 0.780656 0.351070
v 0.621559 0.744908 0.358857
v 0.608071 0.707539 0.351070
v 0.621559 0.670170 0.358857
v 0.608071 0.634422 0.351070
v 0.621559 0.595431 0.358857
v 0.608071 0.561305 0.351070
v 0.621559 0.520692 0.358857
v 0.608071 0.488188 0.351070
v 0.621559 0.445954 0.358857
v 0.608071 0.415071 0.351070
v 0.621559 0.371215 0.358857
v 0.608071 0.341954 0.351070
v 0.621559 0.296476 0.358857
v 0.608071 0.268838 0.351070
v 0.621559 0.221738 0.358857
v 0.608071 0.195721 0.351070
v 0.621559 0.146999 0.358857
v 0.608071 0.122604 0.351070
v 0.621559 0.072260 0.358857
v 0.496488 1.219357 0.496488
v 0.507500 1.193340 0.507500
v 0.496488 1.146240 0.496488
v 0.507500 1.118602 0.507500
v 0.496488 1.073123 0.496488
v 0.507500 1.043863 0.507500
v 0.496488 1.000007 0.496488
v 0.507500 0.969124 0.507500
v 0.496488 0.926890 0.496488
v 0.507500 0.894386 0.507500
v 0.496488 0.853773 0.496488
v 0.507500 0.819647 0.507500
v 0.496488 0.780656 0.496488
v 0.507500 0.744908 0.507500
v 0.496488 0.707539 0.496488
v 0.507500 0.670170 0.507500
v 0.496488 0.634422 0.496488
v 0.507500 0.595431 0.507500
v 0.496488 0.561305 0.496488
v 0.507500 0.520692 0.507500
v 0.496488 0.488188 0.496488
v 0.507500 0.445954 0.507500
v 0.496488 0.415071 0.496488
v 0.507500 0.371215 0.507500
v 0.496488 0.341954 0.496488
v 0.507500 0.296476 0.507500
v 0.496488 0.268838 0.496488
v 0.507500 0.221738 0.507500
v 0.496488 0.195721 0.496488
v 0.507500 0.146999 0.507500
v 0.496488 0.122604 0.496488
v 0.507500 0.072260 0.507500
v 0.351070 1.219357 0.608071
v 0.358857 1.193340 0.621559
v 0.351070 1.146240 0.608071
v 0.358857 1.118602 0.621559
v 0.351070 1.073123 0.608071
v 0.358857 1.043863 0.621559
v 0.351070 1.000007 0.608071
v 0.358857 0.969124 0.621559
v 0.351070 0.926890 0.608071
v 0.358857 0.894386 0.621559
v 0.351070 0.853773 0.608071
v 0.358857 0.819647 0.621559
v 0.351070 0.780656 0.608071
v 0.358857 0.744908 0.621559
v 0.351070 0.707539 0.608071
v 0.358857 0.670170 0.621559
v 0.351070 0.634422 0.608071
v 0.358857 0.595431 0.621559
v 0.351070 0.561305 0.608071
v 0.358857 0.520692 0.621559
v 0.351070 0.488188 0.608071
v 0.358857 0.445954 0.621559
v 0.351070 0.415071 0.608071
v 0.358857 0.371215 0.621559
v 0.351070 0.341954 0.608071
v 0.358857 0.296476 0.621559
v 0.351070 0.268838 0.608071
v 0.358857 0.221738 0.621559
v 0.351070 0.195721 0.608071
v 0.358857 0.146999 0.621559
v 0.351070 0.122604 0.608071
v 0.358857 0.072260 0.621559
v 0.181727 1.219357 0.678215
v 0.185758 1.193340 0.693258
v 0.181727 1.146240 0.678215
v 0.185758 1.118602 0.693258
v 0.181727 1.073123 0.678215
v 0.185758 1.043863 0.693258
v 0.181727 1.000007 0.678215
v 0.185758 0.969124 0.693258
v 0.181727 0.926890 0.678215
v 0.185758 0.894386 0.693258
v 0.181727 0.853773 0.678215
v 0.185758 0.819647 0.693258
v 0.181727 0.780656 0.678215
v 0.185758 0.744908 0.693258
v 0.181727 0.707539 0.678215
v 0.185758 0.670170 0.693258
v 0.181727 0.634422 0.678215
v 0.185758 0.595431 0.693258
v 0.181727 0.561305 0.678215
v 0.185758 0.520692 0.693258
v 0.181727 0.488188 0.678215
v 0.185758 0.445954 0.693258
v 0.181727 0.415071 0.678215
v 0.185758 0.371215 0.693258
v 0.181727 0.341954 0.678215
v 0.185758 0.296476 0.693258
v 0.181727 0.268838 0.678215
v 0.185758 0.221738 0.693258
v 0.181727 0.195721 0.678215
v 0.185758 0.146999 0.693258
v 0.181727 0.122604 0.678215
v 0.185758 0.072260 0.693258
v 0.000000 1.219357 0.702140
v 0.000000 1.193340 0.717714
v 0.000000 1.146240 0.702140
v 0.000000 1.118602 0.717714
v 0.000000 1.073123 0.702140
v 0.000000 1.043863 0.717714
v 0.000000 1.000007 0.702140
v 0.000000 0.969124 0.717714
v 0.000000 0.926890 0.702140
v 0.000000 0.894386 0.717714
v 0.000000 0.853773 0.702140
v 0.000000 0.819647 0.717714
v 0.000000 0.780656 0.702140
v 0.000000 0.744908 0.717714
v 0.000000 0.707539 0.702140
v 0.000000 0.670170 0.717714
v 0.000000 0.634422 0.702140
v 0.000000 0.595431 0.717714
v 0.000000 0.561305 0.702140
v 0.000000 0.520692 0.717714
v 0.000000 0.488188 0.702140
v 0.000000 0.445954 0.717714
v 0.000000 0.415071 0.702140
v 0.000000 0.371215 0.717714
v 0.000000 0.341954 0.702140
v 0.000000 0.296476 0.717714
v 0.000000 0.268838 0.702140
v 0.000000 0.221738 0.717714
v 0.000000 0.195721 0.702140
v 0.000000 0.146999 0.717714
v 0.000000 0.122604 0.702140
v 0.000000 0.072260 0.717714
v -0.181727 1.219357 0.678215
v -0.185758 1.193340 0.693258
v -0.181727 1.146240 0.678215
v -0.185758 1.118602 0.693258
v -0.181727 1.073123 0.678215
v -0.185758 1.043863 0.693258
v -0.181727 1.000007 0.678215
v -0.185758 0.969124 0.693258
v -0.181727 0.926890 0.678215
v -0.185758 0.894386 0.693258
v -0.181727 0.853773 0.678215
v -0.185758 0.819647 0.693258
v -0.181727 0.780656 0.678215
v -0.185758 0.744908 0.693258
v -0.181727 0.707539 0.678215
v -0.185758 0.670170 0.693258
v -0.181727 0.634422 0.678215
v -0.185758 0.595431 0.693258
v -0.181727 0.561305 0.678215
v -0.185758 0.520692 0.693258
v -0.181727 0.488188 0.678215
v -0.185758 0.445954 0.693258
v -0.181727 0.415071 0.678215
v -0.185758 0.371215 0.693258
v -0.181727 0.341954 0.678215
v -0.185758 0.296476 0.693258
v -0.181727 0.268838 0.678215
v -0.185758 0.221738 0.693258
v -0.181727 0.195721 0.678215
v -0.185758 0.146999 0.693258
v -0.181727 0.122604 0.678215
v -0.185758 0.072260 0.693258
v -0.351070 1.219357 0.608071
v -0.358857 1.193340 0.621559
v -0.351070 1.146240 0.608071
v -0.358857 1.118602 0.621559
v -0.351070 1.073123 0.608071
v -0.358857 1.043863 0.621559
v -0.351070 1.000007 0.608071
v -0.358857 0.969124 0.621559
v -0.351070 0.926890 0.608071
v -0.358857 0.894386 0.621559
v -0.351070 0.853773 0.608071
v -0.358857 0.819647 0.621559
v -0.351070 0.780656 0.608071
v -0.358857 0.744908 0.621559
v -0.351070 0.707539 0.608071
v -0.358857 0.670170 0.621559
v -0.351070 0.634422 0.608071
v -0.358857 0.595431 0.621559
v -0.351070 0.561305 0.608071
v -0.358857 0.520692 0.621559
v -0.351070 0.488188 0.608071
v -0.358857 0.445954 0.621559
v -0.351070 0.415071 0.608071
v -0.358857 0.371215 0.621559
v -0.351070 0.341954 0.608071
v -0.358857 0.296476 0.621559
v -0.351070 0.268838 0.608071
v -0.358857 0.221738 0.621559
v -0.351070 0.195721 0.608071
v -0.358857 0.146999 0.621559
v -0.351070 0.122604 0.608071
v -0.358857 0.072260 0.621559
v -0.496488 1.219357 0.496488
v -0.507500 1.193340 0.507500
v -0.496488 1.146240 0.496488
v -0.507500 1.118602 0.507500
v -0.496488 1.073123 0.496488
v -0.507500 1.043863 0.507500
v -0.496488 1.000007 0.496488
v -0.507500 0.969124 0.507500
v -0.496488 0.926890 0.496488
v -0.507500 0.894386 0.507500
v -0.496488 0.853773 0.496488
v -0.507500 0.819647 0.507500
v -0.496488 0.780656 0.496488
v -0.507500 0.744908 0.507500
v -0.496488 0.707539 0.496488
v -0.507500 0.670170 0.507500
v -0.496488 0.634422 0.496488
v -0.507500 0.595431 0.507500
v -0.496488 0.561305 0.496488
v -0.507500 0.520692 0.507500
v -0.496488 0.488188 0.496488
v -0.507500 0.445954 0.507500
v -0.496488 0.415071 0.496488
v -0.507500 0.371215 0.507500
v -0.496488 0.341954 0.496488
v -0.507500 0.296476 0.507500
v -0.496488 0.268838 0.496488
v -0.507500 0.221738 0.507500
v -0.496488 0.195721 0.496488
v -0.507500 0.146999 0.507500
v -0.496488 0.122604 0.496488
v -0.507500 0.072260 0.507500
v -0.608071 1.219357 0.351070
v -0.621559 1.193340 0.358857
v -0.608071 1.146240 0.351070
v -0.621559 1.118602 0.358857
v -0.608071 1.073123 0.351070
v -0.621559 1.043863 0.358857
v -0.608071 1.000007 0.351070
v -0.621559 0.969124 0.358857
v -0.608071 0.926890 0.351070
v -0.621559 0.894386 0.358857
v -0.608071 0.853773 0.351070
v -0.621559 0.819647 0.358857
v -0.608071 0.780656 0.351070
v -0.621559 0.744908 0.358857
v -0.608071 0.707539 0.351070
v -0.621559 0.670170 0.358857
v -0.608071 0.634422 0.351070
v -0.621559 0.595431 0.358857
v -0.608071 0.561305 0.351070
v -0.621559 0.520692 0.358857
v -0.608071 0.488188 0.351070
v -0.621559 0.445954 0.358857
v -0.608071 0.415071 0.351070
v -0.621559 0.371215 0.358857
v -0.608071 0.341954 0.351070
v -0.621559 0.296476 0.358857
v -0.608071 0.268838 0.351070
v -0.621559 0.221738 0.358857
v -0.608071 0.195721 0.351070
v -0.621559 0.146999 0.358857
v -0.608071 0.122604 0.351070
v -0.621559 0.072260 0.358857
v -0.678215 1.219357 0.181727
v -0.693258 1.193340 0.185758
v -0.678215 1.146240 0.181727
v -0.693258 1.118602 0.185758
v -0.678215 1.073123 0.181727
v -0.693258 1.043863 0.185758
v -0.678215 1.000007 0.181727
v -0.693258 0.969124 0.185758
v -0.678215 0.926890 0.181727
v -0.693258 0.894386 0.185758
v -0.678215 0.853773 0.181727
v -0.693258 0.819647 0.185758
v -0.678215 0.780656 0.181727
v -0.693258 0.744908 0.185758
v -0.678215 0.707539 0.181727
v -0.693258 0.670170 0.185758
v -0.678215 0.634422 0.181727
v -0.693258 0.595431 0.185758
v -0.678215 0.561305 0.181727
v -0.693258 0.520692 0.185758
v -0.678215 0.488188 0.181727
v -0.693258 0.445954 0.185758
v -0.678215 0.415071 0.181727
v -0.693258 0.371215 0.185758
v -0.678215 0.341954 0.181727
v -0.693258 0.296476 0.185758
v -0.678215 0.268838 0.181727
v -0.693258 0.221738 0.185758
v -0.678215 0.195721 0.181727
v -0.693258 0.146999 0.185758
v -0.678215 0.122604 0.181727
v -0.693258 0.072260 0.185758
v -0.702140 1.219357 0.000000
v -0.717714 1.193340 0.000000
v -0.702140 1.146240 0.000000
v -0.717714 1.118602 0.000000
v -0.702140 1.073123 0.000000
v -0.717714 1.043863 0.000000
v -0.702140 1.000007 0.000000
v -0.717714 0.969124 0.000000
v -0.702140 0.926890 0.000000
v -0.717714 0.894386 0.000000
v -0.702140 0.853773 0.000000
v -0.717714 0.819647 0.000000
v -0.702140 0.780656 0.000000
v -0.717714 0.744908 0.000000
v -0.702140 0.707539 0.000000
v -0.717714 0.670170 0.000000
v -0.702140 0.634422 0.000000
v -0.717714 0.595431 0.000000
v -0.702140 0.561305 0.000000
v -0.717714 0.520692 0.000000
v -0.702140 0.488188 0.000000
v -0.717714 0.445954 0.000000
v -0.702140 0.415071 0.000000
v -0.717714 0.371215 0.000000
v -0.702140 0.341954 0.000000
v -0.717714 0.296476 0.000000
v -0.702140 0.268838 0.000000
v -0.717714 0.221738 0.000000
v -0.702140 0.195721 0.000000
v -0.717714 0.146999 0.000000
v -0.702140 0.122604 0.000000
v -0.717714 0.072260 0.000000
v -0.678215 1.219357 -0.181727
v -0.693258 1.193340 -0.185758
v -0.678215 1.146240 -0.181727
v -0.693258 1.118602 -0.185758
v -0.678215 1.073123 -0.181727
v -0.693258 1.043863 -0.185758
v -0.678215 1.000007 -0.181727
v -0.693258 0.969124 -0.185758
v -0.678215 0.926890 -0.181727
v -0.693258 0.894386 -0.185758
v -0.678215 0.853773 -0.181727
v -0.693258 0.819647 -0.185758
v -0.678215 0.780656 -0.181727
v -0.693258 0.744908 -0.185758
v -0.678215 0.707539 -0.181727
v -0.693258 0.670170 -0.185758
v -0.678215 0.634422 -0.181727
v -0.693258 0.595431 -0.185758
v -0.678215 0.561305 -0.181727
v -0.693258 0.520692 -0.185758
v -0.678215 0.488188 -0.181727
v -0.693258 0.445954 -0.185758
v -0.678215 0.415071 -0.181727
v -0.693258 0.371215 -0.185758
v -0.678215 0.341954 -0.181727
v -0.693258 0.296476 -0.185758
v -0.678215 0.268838 -0.181727
v -0.693258 0.221738 -0.185758
v -0.678215 0.195721 -0.181727
v -0.693258 0.146999 -0.185758
v -0.678215 0.122604 -0.181727
v -0.693258 0.072260 -0.185758
v -0.608071 1.219357 -0.351070
v -0.621559 1.193340 -0.358857
v -0.608071 1.146240 -0.351070
v -0.621559 1.118602 -0.358857
v -0.608071 1.073123 -0.351070
v -0.621559 1.043863 -0.358857
v -0.608071 1.000007 -0.351070
v -0.621559 0.969124 -0.358857
v -0.608071 0.926890 -0.351070
v -0.621559 0.894386 -0.358857
v -0.608071 0.853773 -0.351070
v -0.621559 0.819647 -0.358857
v -0.608071 0.780656 -0.351070
v -0.621559 0.744908 -0.358857
v -0.608071 0.707539 -0.351070
v -0.621559 0.670170 -0.358857
v -0.608071 0.634422 -0.351070
v -0.621559 0.595431 -0.358857
v -0.608071 0.561305 -0.351070
v -0.621559 0.520692 -0.358857
v -0.608071 0.488188 -0.351070
v -0.621559 0.445954 -0.358857
v -0.608071 0.415071 -0.351070
v -0.621559 0.371215 -0.358857
v -0.608071 0.341954 -0.351070
v -0.621559 0.296476 -0.358857
v -0.608071 0.268838 -0.351070
v -0.621559 0.221738 -0.358857
v -0.608071 0.195721 -0.351070
v -0.621559 0.146999 -0.358857
v -0.608071 0.122604 -0.351070
v -0.621559 0.072260 -0.358857
v -0.496488 1.219357 -0.496488
v -0.507500 1.193340 -0.507500
v -0.496488 1.146240 -0.496488
v -0.507500 1.118602 -0.507500
v -0.496488 1.073123 -0.496488
v -0.507500 1.043863 -0.507500
v -0.496488 1.000007 -0.496488
v -0.507500 0.969124 -0.507500
v -0.496488 0.926890 -0.496488
v -0.507500 0.894386 -0.507500
v -0.496488 0.853773 -0.496488
v -0.507500 0.819647 -0.507500
v -0.496488 0.780656 -0.496488
v -0.507500 0.744908 -0.507500
v -0.496488 0.707539 -0.496488
v -0.507500 0.670170 -0.507500
v -0.496488 0.634422 -0.496488
v -0.507500 0.595431 -0.507500
v -0.496488 0.561305 -0.496488
v -0.507500 0.520692 -0.507500
v -0.496488 0.488188 -0.496488
v -0.507500 0.445954 -0.507500
v -0.496488 0.415071 -0.496488
v -0.507500 0.371215 -0.507500
v -0.496488 0.341954 -0.496488
v -0.507500 0.296476 -0.507500
v -0.496488 0.268838 -0.496488
v -0.507500 0.221738 -0.507500
v -0.496488 0.195721 -0.496488
v -0.507500 0.146999 -0.507500
v -0.496488 0.122604 -0.496488
v -0.507500 0.072260 -0.507500
v -0.351070 1.219357 -0.608071
v -0.358857 1.193340 -0.621559
v -0.351070 1.146240 -0.608071
v -0.358857 1.118602 -0.621559
v -0.351070 1.073123 -0.608071
v -0.358857 1.043863 -0.621559
v -0.351070 1.000007 -0.608071
v -0.358857 0.969124 -0.621559
v -0.351070 0.926890 -0.608071
v -0.358857 0.894386 -0.621559
v -0.351070 0.853773 -0.608071
v -0.358857 0.819647 -0.621559
v -0.351070 0.780656 -0.608071
v -0.358857 0.744908 -0.621559
v -0.351070 0.707539 -0.608071
v -0.358857 0.670170 -0.621559
v -0.351070 0.634422 -0.608071
v -0.358857 0.595431 -0.621559
v -0.351070 0.561305 -0.608071
v -0.358857 0.520692 -0.621559
v -0.351070 0.488188 -0.608071
v -0.358857 0.445954 -0.621559
v -0.351070 0.415071 -0.608071
v -0.358857 0.371215 -0.621559
v -0.351070 0.341954 -0.608071
v -0.358857 0.296476 -0.621559
v -0.351070 0.268838 -0.608071
v -0.358857 0.221738 -0.621559
v -0.351070 0.195721 -0.608071
v -0.358857 0.146999 -0.621559
v -0.351070 0.122604 -0.608071
v -0.358857 0.072260 -0.621559
v -0.181727 1.219357 -0.678215
v -0.185758 1.193340 -0.693258
v -0.181727 1.146240 -0.678215
v -0.185758 1.118602 -0.693258
v -0.181727 1.073123 -0.678215
v -0.185758 1.043863 -0.693258
v -0.181727 1.000007 -0.678215
v -0.185758 0.969124 -0.693258
v -0.181727 0.926890 -0.678215
v -0.185758 0.894386 -0.693258
v -0.181727 0.853773 -0.678215
v -0.185758 0.819647 -0.693258
v -0.181727 0.780656 -0.678215
v -0.185758 0.744908 -0.693258
v -0.181727 0.707539 -0.678215
v -0.185758 0.670170 -0.693258
v -0.181727 0.634422 -0.678215
v -0.185758 0.595431 -0.693258
v -0.181727 0.561305 -0.678215
v -0.185758 0.520692 -0.693258
v -0.181727 0.488188 -0.678215
v -0.185758 0.445954 -0.693258
v -0.181727 0.415071 -0.678215
v -0.185758 0.371215 -0.693258
v -0.181727 0.341954 -0.678215
v -0.185758 0.296476 -0.693258
v -0.181727 0.268838 -0.678215
v -0.185758 0.221738 -0.693258
v -0.181727 0.195721 -0.678215
v -0.185758 0.146999 -0.693258
v -0.181727 0.122604 -0.678215
v -0.185758 0.072260 -0.693258
vn 0.0852 -0.6968 -0.7122
vn 0.0122 -0.9992 -0.0376
vn 0.0078 -0.9998 0.0179
vn 0.0097 -0.9999 0.0141
vn 0.0103 -0.9999 0.0114
vn 0.0060 -0.9999 0.0098
vn 0.0037 -1.0000 0.0029
vn 0.0038 -1.0000 0.0013
vn 0.0038 -1.0000 -0.0000
vn 0.0038 -1.0000 -0.0013
vn 0.0037 -1.0000 -0.0029
vn 0.0060 -0.9999 -0.0098
vn 0.0103 -0.9999 -0.0114
vn 0.0097 -0.9999 -0.0141
vn 0.0078 -0.9998 -0.0179
vn 0.0122 -0.9992 0.0376
vn 0.0852 -0.6968 0.7122
vn 0.1403 -0.7062 0.6939
vn 0.2706 -0.7071 0.6533
vn 0.3924 -0.7042 0.5918
vn 0.5064 -0.6974 0.5071
vn 0.5962 -0.6970 0.3984
vn 0.6625 -0.6970 0.2744
vn 0.7033 -0.6970 0.1399
vn 0.7171 -0.6970 -0.0000
vn 0.7033 -0.6970 -0.1399
vn 0.6625 -0.6970 -0.2744
vn 0.5962 -0.6970 -0.3984
vn 0.5064 -0.6974 -0.5071
vn 0.3924 -0.7042 -0.5918
vn 0.2706 -0.7071 -0.6533
vn 0.1403 -0.7062 -0.6939
vn -0.0319 -0.1167 -0.9927
vn -0.1650 -0.5217 -0.8370
vn -0.2778 -0.6766 -0.6819
vn -0.3584 -0.7582 -0.5446
vn -0.4126 -0.8195 -0.3977
vn -0.4137 -0.8731 -0.2578
vn -0.4113 -0.8961 -0.1670
vn -0.4129 -0.9072 -0.0807
vn -0.4131 -0.9107 -0.0000
vn -0.4129 -0.9072 0.0807
vn -0.4113 -0.8961 0.1670
vn -0.4137 -0.8731 0.2578
vn -0.4126 -0.8195 0.3977
vn -0.3584 -0.7582 0.5446
vn -0.2778 -0.6766 0.6819
vn -0.1650 -0.5217 0.8370
vn -0.0319 -0.1167 0.9927
vn -0.0065 -0.9856 0.1692
vn -0.0006 -0.1491 0.9888
vn 0.3997 -0.9166 -0.0000
vn 0.4003 -0.9143 -0.0623
vn -0.0065 -0.9856 -0.1692
vn -0.0069 -0.9998 -0.0187
vn 0.3903 -0.9087 -0.1483
vn -0.0069 -0.9999 -0.0111
vn 0.1753 -0.8359 -0.5201
vn -0.0060 -0.9999 0.0121
vn -0.0060 -0.9999 -0.0120
vn 0.1753 -0.8359 0.5201
vn -0.0069 -0.9999 0.0111
vn 0.3903 -0.9087 0.1483
vn -0.0069 -0.9998 0.0187
vn 0.4003 -0.9143 0.0623
vn -0.0006 -0.1491 -0.9888
vn 0.0048 -0.1711 0.9852
vn -0.3989 -0.9162 -0.0393
vn -0.0000 -1.0000 -0.0000
vn -0.3487 -0.9331 -0.0882
vn -0.1595 -0.8940 -0.4187
vn -0.0013 -1.0000 0.0095
vn -0.0013 -1.0000 -0.0095
vn -0.1595 -0.8940 0.4187
vn -0.3487 -0.9331 0.0882
vn -0.3989 -0.9162 0.0393
vn 0.0001 -0.9911 0.1333
vn -0.4151 -0.9098 -0.0000
vn 0.0001 -0.9911 -0.1333
vn 0.0048 -0.1711 -0.9852
vn 0.0046 -0.7137 0.7005
vn 0.1380 -0.7060 0.6946
vn 0.2688 -0.7094 0.6515
vn 0.3888 -0.7130 0.5835
vn 0.4914 -0.7173 0.4941
vn 0.5736 -0.7232 0.3848
vn 0.6377 -0.7239 0.2632
vn 0.6784 -0.7223 0.1343
vn 0.6923 -0.7216 -0.0000
vn 0.6784 -0.7223 -0.1343
vn 0.6377 -0.7239 -0.2632
vn 0.5736 -0.7232 -0.3848
vn 0.4914 -0.7173 -0.4941
vn 0.3888 -0.7130 -0.5835
vn 0.2688 -0.7094 -0.6515
vn 0.1380 -0.7060 -0.6946
vn 0.0046 -0.7137 -0.7005
vn -0.1351 -0.7197 -0.6810
vn -0.2788 -0.7245 -0.6303
vn -0.5292 -0.8476 -0.0391
vn 0.0015 -0.9998 0.0217
vn 0.0176 -0.9998 0.0117
vn 0.0195 -0.9998 0.0081
vn 0.0207 -0.9998 0.0041
vn 0.0211 -0.9998 -0.0000
vn 0.0207 -0.9998 -0.0041
vn 0.0195 -0.9998 -0.0081
vn 0.0176 -0.9998 -0.0117
vn 0.0015 -0.9998 -0.0217
vn -0.5292 -0.8476 0.0391
vn -0.2788 -0.7245 0.6303
vn -0.1351 -0.7197 0.6810
vn -0.0004 -0.9998 -0.0176
vn -0.0035 -0.9999 -0.0165
vn -0.0063 -0.9999 -0.0153
vn -0.0092 -0.9999 -0.0141
vn -0.0121 -0.9998 -0.0128
vn -0.0154 -0.9998 -0.0110
vn -0.0190 -0.9998 -0.0087
vn -0.0227 -0.9997 -0.0053
vn -0.0252 -0.9997 -0.0013
vn -0.0395 -0.9992 0.0074
vn -0.0243 -0.9997 0.0101
vn -0.0332 -0.9992 0.0227
vn -0.0169 -0.9997 0.0188
vn -0.0123 -0.9997 0.0198
vn -0.0073 -0.9998 0.0196
vn -0.0031 -0.9998 0.0187
vn 0.0004 -0.9998 0.0176
vn 0.0035 -0.9999 0.0165
vn 0.0055 -0.9999 0.0154
vn -0.0044 -0.9999 0.0129
vn -0.0008 -1.0000 0.0010
vn -0.0008 -1.0000 -0.0011
vn -0.0048 -0.9999 -0.0142
vn 0.0062 -0.9998 -0.0194
vn 0.0031 -0.9998 -0.0187
vn -0.6416 -0.7192 -0.2667
vn -0.6834 -0.7171 -0.1368
vn -0.0121 -0.9998 0.0156
vn -0.6991 -0.7151 -0.0012
vn -0.6886 -0.7121 0.1369
vn -0.6469 -0.7139 0.2680
vn -0.5837 -0.7121 0.3901
vn -0.4934 -0.7151 0.4952
vn -0.3865 -0.7171 0.5800
vn -0.2650 -0.7192 0.6423
vn -0.0006 -0.7228 -0.6911
vn -0.1349 -0.7238 -0.6767
vn -0.0121 -0.9998 -0.0157
vn -0.1343 -0.7212 0.6796
vn -0.2639 -0.7242 -0.6371
vn -0.2693 -0.7915 -0.5486
vn 0.0006 -0.7228 0.6911
vn -0.3831 -0.7238 -0.5739
vn 0.2353 -0.7248 -0.6475
vn 0.1349 -0.7238 0.6767
vn -0.4882 -0.7228 -0.4891
vn 0.1343 -0.7212 -0.6796
vn 0.2341 -0.7297 0.6425
vn -0.5756 -0.7212 -0.3856
vn -0.2698 -0.7925 0.5470
vn 0.0122 0.9992 -0.0376
vn 0.0852 0.6968 -0.7122
vn 0.0078 0.9998 0.0179
vn 0.0097 0.9999 0.0141
vn 0.0103 0.9999 0.0114
vn 0.0060 0.9999 0.0098
vn 0.0037 1.0000 0.0029
vn 0.0038 1.0000 0.0013
vn 0.0038 1.0000 -0.0000
vn 0.0038 1.0000 -0.0013
vn 0.0037 1.0000 -0.0029
vn 0.0060 0.9999 -0.0098
vn 0.0103 0.9999 -0.0114
vn 0.0097 0.9999 -0.0141
vn 0.0078 0.9998 -0.0179
vn 0.0122 0.9992 0.0376
vn 0.0852 0.6968 0.7122
vn 0.1403 0.7062 0.6939
vn 0.2706 0.7070 0.6533
vn 0.3924 0.7043 0.5916
vn 0.5055 0.6983 0.5068
vn 0.5973 0.6954 0.3994
vn 0.6641 0.6952 0.2751
vn 0.7050 0.6952 0.1402
vn 0.7188 0.6952 -0.0000
vn 0.7050 0.6952 -0.1402
vn 0.6641 0.6952 -0.2751
vn 0.5973 0.6954 -0.3994
vn 0.5055 0.6983 -0.5068
vn 0.3924 0.7043 -0.5916
vn 0.2706 0.7070 -0.6533
vn 0.1403 0.7062 -0.6939
vn -0.1650 0.5217 -0.8370
vn -0.0319 0.1167 -0.9927
vn -0.2778 0.6766 -0.6819
vn -0.3584 0.7582 -0.5446
vn -0.4126 0.8195 -0.3977
vn -0.4137 0.8731 -0.2578
vn -0.4113 0.8961 -0.1670
vn -0.4129 0.9072 -0.0807
vn -0.4131 0.9107 -0.0000
vn -0.4129 0.9072 0.0807
vn -0.4113 0.8961 0.1670
vn -0.4137 0.8731 0.2578
vn -0.4126 0.8195 0.3977
vn -0.3584 0.7582 0.5446
vn -0.2778 0.6766 0.6819
vn -0.1650 0.5217 0.8370
vn -0.0319 0.1167 0.9927
vn -0.0065 0.9856 0.1692
vn 0.0048 0.1711 0.9852
vn 0.3997 0.9166 -0.0000
vn -0.3989 0.9161 -0.0393
vn -0.0065 0.9856 -0.1691
vn -0.0000 1.0000 -0.0000
vn -0.3487 0.9331 -0.0882
vn -0.1595 0.8940 -0.4187
vn -0.0013 1.0000 0.0095
vn -0.0013 1.0000 -0.0095
vn -0.1595 0.8940 0.4187
vn -0.3487 0.9331 0.0882
vn -0.3989 0.9161 0.0393
vn -0.0006 0.1491 -0.9888
vn 0.0001 0.9911 0.1333
vn -0.0006 0.1491 0.9888
vn 0.4003 0.9143 -0.0623
vn 0.0001 0.9911 -0.1333
vn -0.0069 0.9998 -0.0187
vn 0.3903 0.9087 -0.1483
vn -0.0069 0.9999 -0.0111
vn 0.1753 0.8359 -0.5201
vn -0.0060 0.9999 0.0121
vn -0.0060 0.9999 -0.0120
vn 0.1753 0.8359 0.5201
vn -0.0069 0.9999 0.0111
vn 0.3903 0.9087 0.1483
vn -0.0069 0.9998 0.0187
vn 0.4003 0.9143 0.0623
vn 0.0048 0.1711 -0.9852
vn -0.4151 0.9098 -0.0000
vn 0.1380 0.7060 0.6946
vn 0.0046 0.7137 0.7005
vn 0.2688 0.7094 0.6515
vn 0.3888 0.7130 0.5835
vn 0.4914 0.7173 0.4941
vn 0.5736 0.7232 0.3848
vn 0.6377 0.7239 0.2632
vn 0.6784 0.7223 0.1343
vn 0.6923 0.7216 -0.0000
vn 0.6784 0.7223 -0.1343
vn 0.6377 0.7239 -0.2632
vn 0.5736 0.7232 -0.3848
vn 0.4914 0.7173 -0.4941
vn 0.3888 0.7130 -0.5835
vn 0.2688 0.7094 -0.6515
vn 0.1380 0.7060 -0.6946
vn 0.0046 0.7137 -0.7005
vn -0.1351 0.7197 -0.6810
vn -0.2788 0.7245 -0.6303
vn -0.5270 0.8489 -0.0418
vn 0.0203 0.9726 -0.2315
vn -0.2668 0.9452 -0.1881
vn -0.3058 0.9436 -0.1267
vn -0.3246 0.9436 -0.0646
vn -0.3310 0.9436 -0.0000
vn -0.3246 0.9436 0.0646
vn -0.3058 0.9436 0.1267
vn -0.2668 0.9452 0.1881
vn 0.0203 0.9726 0.2315
vn -0.5270 0.8489 0.0418
vn -0.2788 0.7245 0.6303
vn -0.1351 0.7197 0.6810
vn -0.1391 0.7012 -0.6993
vn -0.0000 0.7012 -0.7130
vn -0.2728 0.7012 -0.6587
vn -0.3961 0.7012 -0.5928
vn -0.5042 0.7012 -0.5042
vn -0.5928 0.7012 -0.3961
vn -0.6587 0.7012 -0.2729
vn -0.6993 0.7012 -0.1391
vn -0.7130 0.7012 -0.0000
vn -0.6993 0.7012 0.1391
vn -0.6587 0.7012 0.2729
vn -0.5928 0.7012 0.3961
vn -0.5042 0.7012 0.5042
vn -0.3961 0.7012 0.5928
vn -0.2728 0.7012 0.6587
vn -0.1391 0.7012 0.6993
vn -0.0000 0.7012 0.7130
vn 0.1391 0.7012 0.6993
vn 0.2709 0.7017 0.6589
vn 0.3763 0.7141 0.5903
vn 0.4961 0.7197 0.4857
vn 0.5844 0.7122 0.3889
vn 0.6490 0.7118 0.2688
vn 0.6889 0.7118 0.1370
vn 0.7024 0.7118 -0.0000
vn 0.6889 0.7118 -0.1370
vn 0.6490 0.7118 -0.2688
vn 0.5844 0.7122 -0.3889
vn 0.4961 0.7197 -0.4857
vn 0.3763 0.7141 -0.5903
vn 0.2709 0.7017 -0.6589
vn 0.1391 0.7012 -0.6993
vn -0.7044 0.6958 -0.1401
vn 0.2942 0.9549 -0.0393
vn 0.3142 0.9300 0.1908
vn -0.7182 0.6958 -0.0000
vn 0.3446 0.9278 0.1428
vn -0.7044 0.6958 0.1401
vn 0.3658 0.9278 0.0728
vn -0.6636 0.6958 0.2749
vn 0.3730 0.9278 -0.0000
vn -0.5972 0.6958 0.3990
vn 0.3658 0.9278 -0.0728
vn -0.5079 0.6958 0.5079
vn 0.3446 0.9278 -0.1427
vn -0.3990 0.6958 0.5972
vn 0.3142 0.9300 -0.1908
vn -0.2749 0.6958 0.6636
vn -0.1401 0.6958 -0.7044
vn 0.2942 0.9549 0.0393
vn -0.1401 0.6958 0.7044
vn -0.2749 0.6958 -0.6636
vn -0.2553 0.7857 -0.5635
vn -0.0000 0.6958 0.7182
vn -0.3990 0.6958 -0.5972
vn 0.2449 0.7013 -0.6695
vn 0.1401 0.6958 0.7044
vn -0.5079 0.6958 -0.5079
vn 0.1401 0.6958 -0.7044
vn 0.2449 0.7013 0.6695
vn -0.5972 0.6958 -0.3990
vn -0.2553 0.7857 0.5635
vn -0.6636 0.6958 -0.2749
vn -0.0000 0.6958 -0.7182
vn -0.0225 0.9944 -0.1034
vn -0.0038 0.9930 -0.1184
vn -0.0390 0.9948 -0.0943
vn -0.0572 0.9944 -0.0890
vn -0.0810 0.9930 -0.0864
vn -0.1171 0.9894 -0.0853
vn -0.1794 0.9803 -0.0829
vn -0.2999 0.9514 -0.0694
vn -0.5220 0.8529 -0.0088
vn -0.7691 0.6194 0.1574
vn -0.6581 0.7019 0.2726
vn -0.6552 0.6194 0.4325
vn -0.3628 0.8529 0.3753
vn -0.1630 0.9514 0.2611
vn -0.0683 0.9803 0.1855
vn -0.0225 0.9895 0.1431
vn 0.0038 0.9930 0.1184
vn 0.0225 0.9944 0.1034
vn 0.0390 0.9948 0.0943
vn 0.0572 0.9944 0.0890
vn 0.0810 0.9930 0.0864
vn 0.1171 0.9894 0.0853
vn 0.1794 0.9803 0.0829
vn 0.2999 0.9515 0.0694
vn 0.5220 0.8529 0.0089
vn 0.7691 0.6194 -0.1574
vn 0.6581 0.7019 -0.2726
vn 0.6552 0.6194 -0.4325
vn 0.3628 0.8529 -0.3753
vn 0.1630 0.9514 -0.2611
vn 0.0683 0.9803 -0.1855
vn 0.0225 0.9895 -0.1431
vn 0.0152 0.9999 -0.0063
vn 0.0011 1.0000 -0.0005
vn 0.0006 1.0000 -0.0002
vn 0.0003 1.0000 -0.0001
vn 0.0002 1.0000 -0.0001
vn 0.0001 1.0000 -0.0000
vn -0.0001 1.0000 -0.0000
vn -0.0002 1.0000 0.0001
vn -0.0003 1.0000 0.0001
vn -0.0006 1.0000 0.0002
vn -0.0011 1.0000 0.0005
vn -0.0151 0.9999 0.0063
vn 0.5498 0.1261 0.8257
vn -0.8252 0.0998 -0.5560
vn 0.3794 0.1297 0.9161
vn 0.1903 0.0998 -0.9766
vn -0.7003 0.1157 -0.7044
vn 0.1951 0.1261 0.9726
vn 0.3775 0.0807 -0.9225
vn -0.5498 0.1261 -0.8257
vn 0.0029 0.1157 0.9933
vn 0.5513 0.0613 -0.8321
vn -0.3794 0.1297 -0.9161
vn -0.1903 0.0998 0.9766
vn 0.7043 0.0445 -0.7086
vn -0.0029 0.1157 -0.9933
vn -0.1951 0.1261 -0.9726
vn -0.3775 0.0808 0.9225
vn 0.8308 0.0354 -0.5555
vn -0.5513 0.0613 0.8321
vn 0.9233 0.0364 -0.3824
vn -0.7043 0.0445 0.7085
vn 0.9802 0.0354 -0.1947
vn -0.8308 0.0354 0.5555
vn 0.9990 0.0445 0.0030
vn -0.9233 0.0364 0.3824
vn 0.9782 0.0613 0.1986
vn -0.9802 0.0354 0.1947
vn 0.9192 0.0807 0.3853
vn -0.9990 0.0445 -0.0030
vn 0.7003 0.1157 0.7044
vn 0.8252 0.0999 0.5560
vn -0.9192 0.0808 -0.3853
vn -0.9782 0.0613 -0.1986
vn -0.2770 0.9398 -0.2002
vn 0.0833 0.8621 -0.4999
vn -0.3141 0.9404 -0.1301
vn -0.3335 0.9404 -0.0663
vn -0.3400 0.9404 -0.0000
vn -0.3335 0.9404 0.0663
vn -0.3141 0.9404 0.1301
vn -0.2770 0.9398 0.2001
vn 0.0832 0.8621 0.4999
vn 0.4969 0.8460 -0.1935
vn 0.2844 0.9440 0.1673
vn 0.3004 0.9457 0.1244
vn 0.3189 0.9457 0.0634
vn 0.3252 0.9457 -0.0000
vn 0.3189 0.9457 -0.0634
vn 0.3004 0.9457 -0.1244
vn 0.2844 0.9440 -0.1673
vn 0.4969 0.8460 0.1935
vn 0.0539 -0.9122 -0.4062
vn 0.0066 -0.9998 0.0201
vn 0.0089 -0.9998 0.0159
vn 0.0103 -0.9999 0.0127
vn 0.0089 -0.9999 0.0107
vn 0.0040 -1.0000 0.0057
vn 0.0037 -1.0000 0.0019
vn 0.0038 -1.0000 0.0007
vn 0.0038 -1.0000 -0.0007
vn 0.0037 -1.0000 -0.0019
vn 0.0040 -1.0000 -0.0057
vn 0.0089 -0.9999 -0.0107
vn 0.0103 -0.9999 -0.0127
vn 0.0089 -0.9998 -0.0159
vn 0.0066 -0.9998 -0.0201
vn 0.0539 -0.9122 0.4062
vn 0.0946 -0.7048 0.7031
vn 0.2053 -0.7070 0.6767
vn 0.3331 -0.7067 0.6242
vn 0.4510 -0.7000 0.5537
vn 0.5543 -0.6970 0.4549
vn 0.6324 -0.6970 0.3380
vn 0.6862 -0.6970 0.2082
vn 0.7136 -0.6970 0.0703
vn 0.7136 -0.6970 -0.0703
vn 0.6862 -0.6970 -0.2082
vn 0.6324 -0.6970 -0.3380
vn 0.5543 -0.6970 -0.4549
vn 0.4510 -0.7000 -0.5537
vn 0.3331 -0.7067 -0.6242
vn 0.2053 -0.7070 -0.6767
vn 0.0946 -0.7048 -0.7031
vn -0.0925 -0.3428 -0.9348
vn -0.2265 -0.6141 -0.7560
vn -0.3215 -0.7226 -0.6120
vn -0.3898 -0.7889 -0.4750
vn -0.4190 -0.8503 -0.3183
vn -0.4105 -0.8870 -0.2115
vn -0.4124 -0.9027 -0.1229
vn -0.4130 -0.9098 -0.0400
vn -0.4130 -0.9098 0.0400
vn -0.4124 -0.9027 0.1229
vn -0.4105 -0.8870 0.2116
vn -0.4190 -0.8503 0.3183
vn -0.3898 -0.7889 0.4750
vn -0.3215 -0.7226 0.6120
vn -0.2265 -0.6141 0.7560
vn -0.0925 -0.3428 0.9348
vn -0.0643 -0.8846 0.4618
vn 0.0439 -0.3611 0.9315
vn -0.0033 -1.0000 -0.0000
vn -0.0755 -0.9971 -0.0016
vn -0.0643 -0.8846 -0.4618
vn -0.0650 -0.9979 -0.0058
vn -0.0299 -0.9979 -0.0577
vn -0.0006 -1.0000 0.0021
vn -0.0006 -1.0000 -0.0021
vn -0.0299 -0.9979 0.0577
vn -0.0650 -0.9979 0.0058
vn -0.0755 -0.9971 0.0016
vn -0.0077 -0.1431 -0.9897
vn -0.0000 -0.9911 0.1335
vn -0.0077 -0.1431 0.9897
vn -0.0034 -1.0000 0.0022
vn -0.0000 -0.9911 -0.1335
vn -0.0845 -0.9709 -0.2242
vn -0.0052 -1.0000 0.0026
vn -0.0880 -0.9863 -0.1395
vn -0.0364 -0.9985 -0.0398
vn -0.0879 -0.9932 -0.0764
vn -0.0879 -0.9932 0.0764
vn -0.0364 -0.9985 0.0398
vn -0.0880 -0.9863 0.1395
vn -0.0052 -1.0000 -0.0026
vn -0.0845 -0.9709 0.2242
vn -0.0034 -1.0000 -0.0022
vn -0.0000 -0.1493 -0.9888
vn -0.0021 -0.7029 -0.7113
vn 0.3999 -0.9160 0.0308
vn -0.0069 -0.9996 0.0268
vn 0.4010 -0.9111 0.0951
vn -0.0069 -0.9999 0.0141
vn 0.3208 -0.9026 0.2871
vn -0.0070 -0.9999 0.0089
vn 0.0085 -0.9874 0.1577
vn 0.0085 -0.9874 -0.1577
vn -0.0070 -0.9999 -0.0089
vn 0.3208 -0.9026 -0.2871
vn -0.0069 -0.9999 -0.0141
vn 0.4010 -0.9111 -0.0951
vn -0.0069 -0.9996 -0.0268
vn 0.3999 -0.9160 -0.0308
vn -0.0021 -0.7028 0.7113
vn -0.0000 -0.1493 0.9888
vn -0.0022 -0.7109 -0.7033
vn -0.0004 -0.9998 0.0203
vn -0.0004 -0.9998 -0.0202
vn -0.0022 -0.7109 0.7033
vn 0.0018 -0.9927 0.1206
vn -0.0795 -0.9968 -0.0000
vn 0.0018 -0.9927 -0.1205
vn 0.0439 -0.3611 -0.9315
vn 0.0020 -0.7144 0.6997
vn -0.4110 -0.9114 -0.0200
vn -0.3803 -0.9231 -0.0572
vn -0.2730 -0.9438 -0.1865
vn -0.0153 -0.9959 -0.0887
vn -0.0153 -0.9959 0.0887
vn -0.2730 -0.9438 0.1865
vn -0.3803 -0.9231 0.0572
vn -0.4110 -0.9114 0.0200
vn 0.0020 -0.7144 -0.6997
vn 0.0727 -0.7081 0.7023
vn 0.2042 -0.7074 0.6766
vn 0.3305 -0.7113 0.6203
vn 0.4427 -0.7148 0.5413
vn 0.5347 -0.7204 0.4418
vn 0.6082 -0.7243 0.3248
vn 0.6613 -0.7230 0.1997
vn 0.6888 -0.7218 0.0675
vn 0.6888 -0.7218 -0.0675
vn 0.6613 -0.7230 -0.1997
vn 0.6082 -0.7243 -0.3248
vn 0.5347 -0.7204 -0.4418
vn 0.4427 -0.7148 -0.5413
vn 0.3305 -0.7113 -0.6203
vn 0.2042 -0.7074 -0.6766
vn 0.0727 -0.7081 -0.7023
vn -0.0662 -0.7181 -0.6928
vn -0.2015 -0.7199 -0.6641
vn -0.4281 -0.7656 -0.4801
vn -0.1251 -0.9904 0.0579
vn 0.0163 -0.9998 0.0134
vn 0.0186 -0.9998 0.0100
vn 0.0202 -0.9998 0.0061
vn 0.0210 -0.9998 0.0021
vn 0.0210 -0.9998 -0.0021
vn 0.0202 -0.9998 -0.0061
vn 0.0186 -0.9998 -0.0100
vn 0.0163 -0.9998 -0.0134
vn -0.1251 -0.9904 -0.0579
vn -0.4281 -0.7656 0.4801
vn -0.2015 -0.7199 0.6641
vn -0.0662 -0.7181 0.6928
vn 0.2093 -0.9770 -0.0416
vn 0.1972 -0.9770 -0.0817
vn 0.1324 -0.9821 -0.1343
vn 0.1092 -0.9806 -0.1629
vn 0.1774 -0.9770 -0.1186
vn 0.0782 -0.9791 -0.1879
vn 0.0424 -0.9983 0.0395
vn 0.0466 -0.9794 0.1966
vn 0.1453 -0.9777 -0.1518
vn 0.0466 -0.9794 -0.1966
vn 0.0782 -0.9791 0.1879
vn 0.0099 -0.9922 -0.1240
vn 0.0424 -0.9983 -0.0395
vn 0.1092 -0.9806 0.1629
vn 0.0022 -0.9999 -0.0148
vn 0.0039 -1.0000 0.0084
vn 0.1324 -0.9821 0.1343
vn 0.0039 -1.0000 -0.0084
vn 0.0022 -0.9999 0.0148
vn 0.1465 -0.9843 0.0985
vn 0.0099 -0.9922 0.1240
vn 0.1633 -0.9844 0.0654
vn 0.1453 -0.9777 0.1518
vn 0.1758 -0.9838 0.0337
vn 0.1774 -0.9770 0.1186
vn 0.1802 -0.9836 -0.0000
vn 0.1972 -0.9770 0.0817
vn 0.1758 -0.9838 -0.0337
vn 0.2093 -0.9770 0.0416
vn 0.1633 -0.9844 -0.0654
vn 0.2134 -0.9770 -0.0000
vn 0.1465 -0.9843 -0.0985
vn -0.0020 -0.9999 -0.0170
vn -0.0049 -0.9999 -0.0159
vn -0.0077 -0.9999 -0.0147
vn -0.0106 -0.9999 -0.0135
vn -0.0137 -0.9998 -0.0120
vn -0.0172 -0.9998 -0.0100
vn -0.0209 -0.9998 -0.0071
vn -0.0244 -0.9997 -0.0031
vn -0.0249 -0.9997 -0.0017
vn -0.0237 -0.9997 0.0109
vn -0.0244 -0.9997 0.0091
vn -0.0164 -0.9997 0.0188
vn -0.0151 -0.9997 0.0195
vn -0.0097 -0.9998 0.0198
vn -0.0051 -0.9998 0.0192
vn -0.0013 -0.9998 0.0182
vn 0.0020 -0.9999 0.0170
vn 0.0049 -0.9999 0.0159
vn 0.0018 -0.9999 0.0151
vn -0.0042 -1.0000 0.0063
vn -0.0043 -1.0000 -0.0065
vn 0.0021 -0.9998 -0.0184
vn 0.0051 -0.9998 -0.0192
vn 0.0013 -0.9998 -0.0182
vn -0.2002 -0.9789 -0.0412
vn -0.0168 -0.9997 0.0151
vn -0.2093 -0.9779 -0.0023
vn -0.2183 -0.9749 0.0430
vn -0.1959 -0.9773 0.0811
vn -0.1847 -0.9749 0.1240
vn -0.1463 -0.9779 0.1496
vn -0.1124 -0.9789 0.1707
vn -0.0749 -0.9800 0.1845
vn -0.0372 -0.9821 -0.1848
vn -0.0047 -1.0000 -0.0076
vn -0.0368 -0.9809 0.1909
vn -0.0718 -0.9822 -0.1734
vn -0.0424 -0.9881 -0.1476
vn 0.0008 -0.9816 0.1908
vn -0.1043 -0.9821 -0.1570
vn 0.0658 -0.9807 -0.1840
vn 0.0372 -0.9821 0.1848
vn -0.1343 -0.9816 -0.1355
vn 0.0368 -0.9809 -0.1909
vn 0.0633 -0.9828 0.1735
vn -0.1610 -0.9809 -0.1090
vn -0.0424 -0.9887 0.1436
vn -0.1834 -0.9800 -0.0775
vn -0.0047 -1.0000 0.0074
vn -0.0008 -0.9816 -0.1908
vn -0.0168 -0.9997 -0.0151
vn -0.6079 -0.6843 -0.4026
vn -0.6079 -0.6843 0.4026
vn -0.1152 -0.9829 0.1436
vn -0.6114 -0.7202 -0.3278
vn 0.0813 -0.7628 0.6415
vn 0.0671 -0.7220 -0.6886
vn -0.5343 -0.7220 -0.4395
vn 0.2004 -0.7241 0.6599
vn 0.2005 -0.7202 -0.6641
vn -0.4376 -0.7234 -0.5340
vn 0.0682 -0.7234 0.6871
vn 0.0832 -0.7589 -0.6459
vn -0.3250 -0.7241 -0.6083
vn -0.0671 -0.7220 0.6886
vn -0.1154 -0.9828 -0.1444
vn -0.2004 -0.7241 -0.6599
vn -0.2005 -0.7202 0.6641
vn -0.0682 -0.7234 -0.6871
vn -0.3272 -0.7181 0.6142
vn -0.4422 -0.7162 0.5400
vn -0.5401 -0.7132 0.4468
vn -0.6196 -0.7129 0.3284
vn -0.6704 -0.7129 0.2059
vn -0.6978 -0.7132 0.0660
vn -0.6945 -0.7162 -0.0692
vn -0.6657 -0.7181 -0.2029
vn 0.0539 0.9122 -0.4062
vn 0.0066 0.9998 0.0201
vn 0.0089 0.9998 0.0159
vn 0.0103 0.9999 0.0127
vn 0.0089 0.9999 0.0107
vn 0.0040 1.0000 0.0057
vn 0.0037 1.0000 0.0019
vn 0.0038 1.0000 0.0007
vn 0.0038 1.0000 -0.0007
vn 0.0037 1.0000 -0.0019
vn 0.0040 1.0000 -0.0057
vn 0.0089 0.9999 -0.0107
vn 0.0103 0.9999 -0.0127
vn 0.0089 0.9998 -0.0159
vn 0.0066 0.9998 -0.0201
vn 0.0539 0.9122 0.4062
vn 0.0946 0.7048 0.7031
vn 0.2053 0.7070 0.6767
vn 0.3331 0.7067 0.6242
vn 0.4510 0.7008 0.5527
vn 0.5539 0.6966 0.4560
vn 0.6339 0.6952 0.3388
vn 0.6878 0.6952 0.2087
vn 0.7153 0.6952 0.0705
vn 0.7153 0.6952 -0.0705
vn 0.6878 0.6952 -0.2087
vn 0.6339 0.6952 -0.3388
vn 0.5539 0.6966 -0.4560
vn 0.4510 0.7008 -0.5527
vn 0.3331 0.7067 -0.6242
vn 0.2053 0.7070 -0.6767
vn 0.0946 0.7048 -0.7031
vn -0.0925 0.3428 -0.9348
vn -0.2265 0.6141 -0.7560
vn -0.3215 0.7226 -0.6120
vn -0.3898 0.7889 -0.4750
vn -0.4190 0.8503 -0.3183
vn -0.4105 0.8870 -0.2116
vn -0.4124 0.9027 -0.1229
vn -0.4130 0.9098 -0.0400
vn -0.4130 0.9098 0.0400
vn -0.4124 0.9027 0.1229
vn -0.4105 0.8870 0.2115
vn -0.4190 0.8503 0.3183
vn -0.3898 0.7889 0.4750
vn -0.3215 0.7226 0.6120
vn -0.2265 0.6141 0.7560
vn -0.0925 0.3428 0.9348
vn -0.0643 0.8846 0.4618
vn 0.0439 0.3611 0.9315
vn -0.0033 1.0000 -0.0000
vn -0.0755 0.9971 -0.0016
vn -0.0643 0.8846 -0.4618
vn -0.0650 0.9979 -0.0058
vn -0.0299 0.9979 -0.0577
vn -0.0006 1.0000 0.0021
vn -0.0006 1.0000 -0.0021
vn -0.0299 0.9979 0.0577
vn -0.0650 0.9979 0.0058
vn -0.0755 0.9971 0.0016
vn -0.0077 0.1431 -0.9897
vn -0.0000 0.9911 0.1335
vn -0.0077 0.1431 0.9897
vn -0.0034 1.0000 0.0022
vn -0.0000 0.9911 -0.1335
vn -0.0845 0.9709 -0.2242
vn -0.0052 1.0000 0.0026
vn -0.0880 0.9863 -0.1395
vn -0.0364 0.9985 -0.0398
vn -0.0879 0.9932 -0.0764
vn -0.0879 0.9932 0.0764
vn -0.0364 0.9985 0.0398
vn -0.0880 0.9863 0.1395
vn -0.0052 1.0000 -0.0026
vn -0.0845 0.9709 0.2242
vn -0.0034 1.0000 -0.0022
vn -0.0000 0.1493 -0.9888
vn -0.0021 0.7028 -0.7113
vn 0.3999 0.9160 0.0308
vn -0.0069 0.9996 0.0268
vn 0.4010 0.9111 0.0951
vn -0.0069 0.9999 0.0141
vn 0.3208 0.9026 0.2871
vn -0.0070 0.9999 0.0089
vn 0.0085 0.9874 0.1577
vn 0.0085 0.9874 -0.1577
vn -0.0070 0.9999 -0.0089
vn 0.3208 0.9026 -0.2871
vn -0.0069 0.9999 -0.0141
vn 0.4010 0.9111 -0.0951
vn -0.0069 0.9996 -0.0268
vn 0.3999 0.9160 -0.0308
vn -0.0021 0.7029 0.7113
vn -0.0000 0.1493 0.9888
vn -0.0022 0.7109 -0.7033
vn -0.0004 0.9998 0.0202
vn -0.0004 0.9998 -0.0203
vn -0.0022 0.7109 0.7033
vn 0.0018 0.9927 0.1205
vn -0.0795 0.9968 -0.0000
vn 0.0018 0.9927 -0.1205
vn 0.0439 0.3611 -0.9315
vn 0.0020 0.7144 0.6997
vn -0.4110 0.9114 -0.0200
vn -0.3803 0.9231 -0.0572
vn -0.2730 0.9438 -0.1865
vn -0.0153 0.9959 -0.0887
vn -0.0153 0.9959 0.0887
vn -0.2730 0.9438 0.1865
vn -0.3803 0.9231 0.0572
vn -0.4110 0.9114 0.0200
vn 0.0020 0.7144 -0.6997
vn 0.0727 0.7081 0.7023
vn 0.2042 0.7074 0.6766
vn 0.3305 0.7113 0.6203
vn 0.4427 0.7149 0.5413
vn 0.5347 0.7204 0.4418
vn 0.6082 0.7243 0.3248
vn 0.6613 0.7230 0.1997
vn 0.6888 0.7218 0.0675
vn 0.6888 0.7218 -0.0675
vn 0.6613 0.7230 -0.1997
vn 0.6082 0.7243 -0.3248
vn 0.5347 0.7204 -0.4418
vn 0.4427 0.7149 -0.5413
vn 0.3305 0.7113 -0.6203
vn 0.2042 0.7074 -0.6766
vn 0.0727 0.7081 -0.7023
vn -0.0662 0.7181 -0.6928
vn -0.2015 0.7200 -0.6641
vn -0.4281 0.7656 -0.4801
vn -0.1003 0.9949 0.0134
vn -0.1739 0.9571 -0.2320
vn -0.2919 0.9436 -0.1560
vn -0.3167 0.9436 -0.0961
vn -0.3294 0.9436 -0.0324
vn -0.3294 0.9436 0.0324
vn -0.3167 0.9436 0.0961
vn -0.2919 0.9436 0.1560
vn -0.1739 0.9571 0.2320
vn -0.1003 0.9949 -0.0134
vn -0.4281 0.7656 0.4801
vn -0.2015 0.7200 0.6641
vn -0.0662 0.7181 0.6928
vn 0.1505 0.9882 -0.0299
vn 0.1418 0.9882 -0.0587
vn 0.1324 0.9821 -0.1343
vn 0.1092 0.9806 -0.1629
vn 0.1291 0.9880 -0.0852
vn 0.0782 0.9791 -0.1879
vn 0.0424 0.9983 0.0395
vn 0.0466 0.9794 0.1966
vn 0.1339 0.9844 -0.1139
vn 0.0466 0.9794 -0.1966
vn 0.0782 0.9791 0.1879
vn 0.0105 0.9925 -0.1221
vn 0.0424 0.9983 -0.0395
vn 0.1092 0.9806 0.1629
vn 0.0022 0.9999 -0.0148
vn 0.0039 1.0000 0.0085
vn 0.1324 0.9821 0.1343
vn 0.0039 1.0000 -0.0085
vn 0.0022 0.9999 0.0148
vn 0.1465 0.9843 0.0985
vn 0.0105 0.9925 0.1221
vn 0.1633 0.9844 0.0654
vn 0.1339 0.9844 0.1139
vn 0.1758 0.9838 0.0337
vn 0.1291 0.9880 0.0852
vn 0.1802 0.9836 -0.0000
vn 0.1418 0.9882 0.0587
vn 0.1758 0.9838 -0.0337
vn 0.1505 0.9882 0.0299
vn 0.1633 0.9844 -0.0654
vn 0.1535 0.9882 -0.0000
vn 0.1465 0.9843 -0.0985
vn -0.0699 0.7012 -0.7096
vn -0.2070 0.7012 -0.6823
vn -0.3361 0.7012 -0.6288
vn -0.4523 0.7012 -0.5512
vn -0.5512 0.7012 -0.4523
vn -0.6288 0.7012 -0.3361
vn -0.6823 0.7012 -0.2070
vn -0.7096 0.7012 -0.0699
vn -0.7096 0.7012 0.0699
vn -0.6823 0.7012 0.2070
vn -0.6288 0.7012 0.3361
vn -0.5512 0.7012 0.4523
vn -0.4523 0.7012 0.5512
vn -0.3361 0.7012 0.6288
vn -0.2070 0.7012 0.6823
vn -0.0699 0.7012 0.7096
vn 0.0699 0.7012 0.7096
vn 0.2070 0.7012 0.6823
vn 0.3248 0.7056 0.6297
vn 0.4361 0.7207 0.5389
vn 0.5450 0.7148 0.4382
vn 0.6195 0.7117 0.3311
vn 0.6722 0.7117 0.2039
vn 0.6991 0.7117 0.0688
vn 0.6991 0.7117 -0.0688
vn 0.6722 0.7117 -0.2039
vn 0.6195 0.7117 -0.3311
vn 0.5450 0.7148 -0.4382
vn 0.4361 0.7207 -0.5389
vn 0.3248 0.7056 -0.6297
vn 0.2070 0.7012 -0.6823
vn 0.0699 0.7012 -0.7096
vn -0.4127 0.9071 -0.0821
vn 0.2682 0.9240 -0.2724
vn 0.2512 0.9542 0.1622
vn -0.4208 0.9071 -0.0000
vn 0.2774 0.9539 0.1149
vn -0.4127 0.9071 0.0821
vn 0.2945 0.9539 0.0586
vn -0.3888 0.9071 0.1610
vn 0.3003 0.9539 -0.0000
vn -0.3499 0.9071 0.2338
vn 0.2945 0.9539 -0.0586
vn -0.2976 0.9071 0.2976
vn 0.2774 0.9539 -0.1149
vn -0.2338 0.9071 0.3499
vn 0.2512 0.9542 -0.1622
vn -0.1610 0.9071 0.3888
vn -0.0821 0.9071 -0.4127
vn 0.2059 0.9678 -0.1449
vn -0.0821 0.9071 0.4127
vn -0.1610 0.9071 -0.3888
vn 0.0723 0.9426 -0.3260
vn -0.0000 0.9071 0.4208
vn -0.2338 0.9071 -0.3499
vn 0.1510 0.9085 -0.3896
vn 0.0821 0.9071 0.4127
vn -0.2976 0.9071 -0.2976
vn 0.0821 0.9071 -0.4127
vn 0.1510 0.9085 0.3896
vn -0.3499 0.9071 -0.2338
vn 0.0723 0.9426 0.3260
vn -0.3888 0.9071 -0.1610
vn 0.2059 0.9678 0.1449
vn 0.5300 0.8480 -0.0000
vn 0.0714 0.8043 -0.5900
vn -0.4485 0.8356 -0.3173
vn -0.4485 0.8356 0.3173
vn 0.0714 0.8043 0.5900
vn 0.4897 0.8480 0.2028
vn 0.4539 0.8481 0.2734
vn -0.0000 0.9071 -0.4208
vn 0.2682 0.9240 0.2724
vn -0.6053 0.6878 -0.4008
vn -0.6053 0.6878 0.4008
vn -0.0430 0.9904 0.1311
vn -0.6334 0.6958 -0.3386
vn 0.0923 0.7362 0.6704
vn 0.0704 0.6958 -0.7148
vn -0.5552 0.6958 -0.4556
vn 0.2085 0.6958 0.6873
vn 0.2085 0.6958 -0.6873
vn -0.4556 0.6958 -0.5552
vn 0.0704 0.6958 0.7148
vn 0.0923 0.7362 -0.6704
vn -0.3386 0.6958 -0.6334
vn -0.0704 0.6958 0.7148
vn -0.0430 0.9904 -0.1311
vn -0.2085 0.6958 -0.6873
vn -0.2085 0.6958 0.6873
vn 0.3170 0.9414 -0.1153
vn -0.0704 0.6958 -0.7148
vn -0.3386 0.6958 0.6334
vn 0.3290 0.9278 -0.1758
vn -0.4556 0.6958 0.5552
vn 0.3570 0.9278 -0.1083
vn -0.5552 0.6958 0.4556
vn 0.3712 0.9278 -0.0366
vn -0.6334 0.6958 0.3386
vn 0.3712 0.9278 0.0366
vn -0.6873 0.6958 0.2085
vn 0.3569 0.9278 0.1083
vn -0.7148 0.6958 0.0704
vn 0.3290 0.9278 0.1758
vn -0.7148 0.6958 -0.0704
vn 0.3170 0.9414 0.1153
vn -0.6873 0.6958 -0.2085
vn 0.3944 0.6996 0.5959
vn -0.6208 0.6575 -0.4269
vn 0.2716 0.7044 0.6558
vn 0.1371 0.6575 -0.7409
vn -0.5109 0.6846 -0.5199
vn 0.1424 0.6996 0.7002
vn 0.2888 0.6125 -0.7358
vn -0.3944 0.6996 -0.5959
vn 0.0063 0.6846 0.7289
vn 0.4530 0.5318 -0.7155
vn -0.2716 0.7044 -0.6558
vn -0.1371 0.6575 0.7409
vn 0.6379 0.3685 -0.6763
vn -0.0000 0.2391 -0.9710
vn -0.1424 0.6995 -0.7002
vn -0.2888 0.6125 0.7358
vn 0.8218 0.1190 -0.5572
vn -0.4530 0.5319 0.7155
vn 0.9134 0.1499 -0.3784
vn -0.6379 0.3685 0.6763
vn 0.9751 0.1190 -0.1871
vn -0.8218 0.1190 0.5572
vn 0.9293 0.3684 0.0272
vn -0.9134 0.1499 0.3784
vn 0.8263 0.5318 0.1856
vn -0.9751 0.1190 0.1871
vn 0.7246 0.6125 0.3161
vn -0.9293 0.3684 -0.0272
vn 0.6866 0.2391 0.6866
vn 0.6208 0.6575 0.4269
vn -0.8971 0.2391 -0.3716
vn -0.8262 0.5318 -0.1856
vn -0.9563 -0.0000 0.2924
vn -0.1758 -0.0000 0.9844
vn -0.8517 -0.0000 0.5241
vn -0.9306 -0.0000 0.3660
vn -0.3827 -0.0000 -0.9239
vn -0.1951 -0.0000 -0.9808
vn 0.1959 -0.0000 0.9806
vn 0.0707 -0.0000 0.9975
vn 1.0000 -0.0000 -0.0000
vn 0.9877 -0.0000 -0.1564
vn -0.7325 -0.0000 0.6808
vn -0.1951 -0.0000 0.9808
vn -0.3827 -0.0000 0.9239
vn 0.3827 -0.0000 0.9239
vn -0.9934 -0.0000 0.1146
vn -0.5710 -0.0000 0.8209
vn 0.5556 -0.0000 0.8315
vn 0.0033 -0.0000 1.0000
vn -0.0005 -0.0000 1.0000
vn -0.4013 -0.0000 0.9159
vn -0.0000 -0.0000 -1.0000
vn 0.7071 -0.0000 0.7071
vn -1.0000 -0.0000 -0.0000
vn -0.2159 -0.0000 0.9764
vn -0.5556 -0.0000 0.8315
vn 0.8315 -0.0000 0.5556
vn -0.0406 -0.0000 0.9992
vn 0.9239 -0.0000 0.3827
vn -0.0000 -0.0000 1.0000
vn 0.1951 -0.0000 0.9808
vn 0.2093 -0.0000 -0.9778
vn -0.1758 -0.0000 -0.9844
vn -0.7071 -0.0000 0.7071
vn 0.9808 -0.0000 0.1951
vn -0.8315 -0.0000 0.5556
vn -0.9969 -0.0000 0.0791
vn -0.4056 -0.0000 0.9140
vn 0.9808 -0.0000 -0.1951
vn 0.2093 -0.0000 0.9778
vn 0.9239 -0.0000 -0.3827
vn -0.9239 -0.0000 0.3827
vn 0.8315 -0.0000 -0.5556
vn 0.7071 -0.0000 -0.7071
vn -0.4886 -0.0000 -0.8725
vn -0.0005 -0.0000 -1.0000
vn 0.0033 -0.0000 -1.0000
vn -0.9808 -0.0000 0.1951
vn 0.5556 -0.0000 -0.8315
vn -0.9969 -0.0000 -0.0791
vn -0.4886 -0.0000 0.8725
vn 0.3827 -0.0000 -0.9239
vn 0.9877 -0.0000 0.1564
vn 0.1959 -0.0000 -0.9806
vn -0.9239 -0.0000 -0.3827
vn -0.8315 -0.0000 -0.5556
vn 0.0707 -0.0000 -0.9975
vn 0.3421 -0.0000 0.9397
vn 0.9260 -0.0000 0.3775
vn -0.9808 -0.0000 -0.1951
vn -0.2159 -0.0000 -0.9764
vn -0.0406 -0.0000 -0.9992
vn 0.1951 -0.0000 -0.9808
vn -0.9934 -0.0000 -0.1146
vn -0.4013 -0.0000 -0.9160
vn -0.7071 -0.0000 -0.7071
vn -0.5710 -0.0000 -0.8209
vn -0.9563 -0.0000 -0.2924
vn -0.7325 -0.0000 -0.6808
vn 0.3421 -0.0000 -0.9397
vn -0.8517 -0.0000 -0.5241
vn -0.5556 -0.0000 -0.8315
vn -0.9306 -0.0000 -0.3660
vn -0.9825 -0.0000 -0.1862
vn -0.4056 -0.0000 -0.9140
vn 0.9260 -0.0000 -0.3775
vn -0.9825 -0.0000 0.1862
vn -0.0137 0.9938 -0.1100
vn -0.0308 0.9947 -0.0983
vn -0.0477 0.9947 -0.0912
vn -0.0681 0.9938 -0.0874
vn -0.0969 0.9916 -0.0858
vn -0.1436 0.9860 -0.0845
vn -0.2293 0.9702 -0.0788
vn -0.3980 0.9161 -0.0491
vn -0.6540 0.7541 0.0609
vn -0.7036 0.6771 0.2158
vn -0.6501 0.6771 0.3449
vn -0.5055 0.7540 0.4194
vn -0.2467 0.9161 0.3161
vn -0.1064 0.9702 0.2178
vn -0.0417 0.9860 0.1613
vn -0.0079 0.9916 0.1292
vn 0.0137 0.9938 0.1100
vn 0.0308 0.9947 0.0983
vn 0.0477 0.9947 0.0912
vn 0.0681 0.9938 0.0874
vn 0.0969 0.9916 0.0858
vn 0.1436 0.9860 0.0845
vn 0.2293 0.9702 0.0788
vn 0.3980 0.9161 0.0491
vn 0.6539 0.7541 -0.0609
vn 0.7036 0.6771 -0.2158
vn 0.6500 0.6771 -0.3449
vn 0.5054 0.7541 -0.4194
vn 0.2467 0.9161 -0.3161
vn 0.1064 0.9702 -0.2178
vn 0.0417 0.9860 -0.1613
vn 0.0079 0.9916 -0.1292
vn 0.0444 0.9977 -0.0509
vn 0.1500 0.9867 -0.0621
vn 0.0674 0.9977 0.0046
vn 0.0098 0.9997 -0.0245
vn 0.0017 1.0000 -0.0007
vn 0.0243 0.9997 0.0104
vn 0.0030 0.9999 -0.0167
vn 0.0008 1.0000 -0.0003
vn 0.0139 0.9999 0.0097
vn 0.0001 0.9999 -0.0130
vn 0.0004 1.0000 -0.0002
vn 0.0093 0.9999 0.0091
vn -0.0015 0.9999 -0.0109
vn 0.0067 0.9999 0.0088
vn -0.0027 0.9999 -0.0097
vn 0.0001 1.0000 -0.0001
vn 0.0050 0.9999 0.0088
vn -0.0038 1.0000 -0.0091
vn 0.0038 1.0000 0.0091
vn -0.0050 0.9999 -0.0088
vn 0.0027 0.9999 0.0097
vn -0.0067 0.9999 -0.0088
vn -0.0001 1.0000 0.0001
vn 0.0015 0.9999 0.0109
vn -0.0092 0.9999 -0.0091
vn -0.0001 0.9999 0.0130
vn -0.0139 0.9999 -0.0097
vn -0.0004 1.0000 0.0002
vn -0.0030 0.9999 0.0167
vn -0.0243 0.9997 -0.0104
vn -0.0008 1.0000 0.0003
vn -0.0098 0.9997 0.0245
vn -0.0674 0.9977 -0.0046
vn -0.0017 1.0000 0.0007
vn -0.0444 0.9977 0.0509
vn -0.1500 0.9867 0.0621
vn 0.5394 0.2391 0.8073
vn -0.8073 0.2391 -0.5395
vn 0.3716 0.2391 0.8971
vn 0.1894 0.2391 -0.9523
vn -0.6866 0.2391 -0.6866
vn 0.1894 0.2391 0.9523
vn 0.3716 0.2391 -0.8971
vn -0.5395 0.2391 -0.8073
vn -0.0000 0.2391 0.9710
vn 0.5395 0.2391 -0.8073
vn -0.3716 0.2391 -0.8971
vn -0.1894 0.2391 0.9523
vn 0.6866 0.2391 -0.6866
vn -0.0063 0.6846 -0.7289
vn -0.1894 0.2391 -0.9523
vn -0.3716 0.2391 0.8971
vn 0.8073 0.2391 -0.5395
vn -0.5395 0.2391 0.8073
vn 0.8971 0.2391 -0.3716
vn -0.6866 0.2391 0.6866
vn 0.9523 0.2391 -0.1894
vn -0.8073 0.2391 0.5395
vn 0.9710 0.2391 -0.0000
vn -0.8971 0.2391 0.3716
vn 0.9523 0.2391 0.1894
vn -0.9523 0.2391 0.1894
vn 0.8971 0.2391 0.3716
vn -0.9710 0.2391 -0.0000
vn 0.5109 0.6846 0.5199
vn 0.8073 0.2391 0.5395
vn -0.7246 0.6125 -0.3161
vn -0.9523 0.2391 -0.1894
vn 0.6279 0.1217 0.7687
vn -0.8764 0.0905 -0.4731
vn 0.4668 0.1288 0.8749
vn 0.0940 0.1083 -0.9897
vn -0.9533 0.0709 -0.2935
vn 0.7663 0.1083 0.6333
vn -0.9935 0.0524 -0.1014
vn 0.8764 0.0905 0.4731
vn -0.9947 0.0384 0.0959
vn 0.9533 0.0709 0.2935
vn -0.9561 0.0357 0.2907
vn 0.9935 0.0524 0.1014
vn -0.8817 0.0357 0.4705
vn 0.9947 0.0384 -0.0959
vn -0.7711 0.0384 0.6355
vn 0.9561 0.0357 -0.2907
vn -0.6308 0.0524 0.7742
vn 0.8817 0.0357 -0.4705
vn -0.4666 0.0709 0.8816
vn -0.0996 0.1217 -0.9876
vn 0.7711 0.0384 -0.6355
vn -0.2852 0.0905 0.9542
vn -0.2886 0.1288 -0.9487
vn 0.6308 0.0524 -0.7742
vn -0.0940 0.1083 0.9897
vn -0.4668 0.1288 -0.8749
vn 0.4666 0.0709 -0.8816
vn 0.0996 0.1217 0.9876
vn -0.6279 0.1217 -0.7687
vn 0.2852 0.0905 -0.9542
vn 0.2886 0.1288 0.9487
vn -0.7663 0.1083 -0.6333
vn -0.1894 0.9270 -0.3237
vn -0.2998 0.9404 -0.1603
vn -0.3254 0.9404 -0.0987
vn -0.3384 0.9404 -0.0333
vn -0.3384 0.9404 0.0333
vn -0.3254 0.9404 0.0987
vn -0.2998 0.9404 0.1603
vn -0.1894 0.9270 0.3237
vn 0.3305 0.8662 -0.3749
vn 0.0036 0.9999 -0.0103
vn -0.0034 1.0000 -0.0014
vn -0.0036 1.0000 -0.0007
vn -0.0036 1.0000 -0.0000
vn -0.0036 1.0000 0.0007
vn -0.0034 1.0000 0.0014
vn 0.0036 0.9999 0.0103
vn 0.3305 0.8662 0.3749
vn 0.3741 0.9239 -0.0807
vn 0.2868 0.9457 -0.1533
vn 0.3112 0.9457 -0.0944
vn 0.3236 0.9457 -0.0319
vn 0.3236 0.9457 0.0319
vn 0.3112 0.9457 0.0944
vn 0.2868 0.9457 0.1533
vn 0.3741 0.9239 0.0807
vn 0.5199 0.8480 -0.1034
vn 0.4539 0.8481 -0.2734
vn 0.6056 0.7703 0.1999
vn 0.6056 0.7703 -0.1999
vn -0.5079 0.8353 -0.2104
vn -0.5392 0.8353 -0.1073
vn 0.5199 0.8480 0.1034
vn -0.5498 0.8353 -0.0000
vn 0.4897 0.8480 -0.2028
vn -0.5392 0.8353 0.1073
vn -0.5079 0.8353 0.2104
vn -0.0263 -0.6583 0.7523
vn -0.0033 -1.0000 0.0011
vn -0.0799 -0.9504 -0.3006
vn -0.0036 -1.0000 0.0035
vn -0.0867 -0.9808 -0.1745
vn -0.0146 -0.9998 -0.0122
vn -0.0893 -0.9897 -0.1118
vn -0.0699 -0.9976 -0.0034
vn -0.0699 -0.9976 0.0034
vn -0.0893 -0.9897 0.1118
vn -0.0146 -0.9998 0.0122
vn -0.0867 -0.9808 0.1745
vn -0.0035 -1.0000 -0.0035
vn -0.0799 -0.9504 0.3006
vn -0.0033 -1.0000 -0.0011
vn -0.0263 -0.6583 -0.7523
vn -0.0000 -0.7053 -0.7089
vn -0.0051 -0.9837 0.1799
vn -0.0051 -0.9837 -0.1799
vn -0.0000 -0.7053 0.7089
vn 0.0169 -0.7743 0.6326
vn -0.0785 -0.9969 -0.0008
vn -0.0710 -0.9975 -0.0023
vn -0.0534 -0.9981 -0.0294
vn -0.0068 -0.9998 -0.0208
vn -0.0068 -0.9998 0.0208
vn -0.0534 -0.9981 0.0294
vn -0.0710 -0.9975 0.0023
vn -0.0785 -0.9969 0.0008
vn 0.0169 -0.7743 -0.6326
vn 0.2042 -0.9770 -0.0619
vn 0.1222 -0.9812 -0.1492
vn 0.1882 -0.9770 -0.1006
vn 0.0944 -0.9799 -0.1759
vn 0.0608 -0.9919 0.1119
vn 0.1650 -0.9770 -0.1354
vn 0.0606 -0.9781 -0.1990
vn 0.0607 -0.9781 0.1990
vn 0.0818 -0.9834 -0.1621
vn 0.0608 -0.9919 -0.1119
vn 0.0944 -0.9799 0.1759
vn -0.0037 -0.9986 -0.0537
vn 0.0160 -0.9998 -0.0072
vn 0.1222 -0.9812 0.1492
vn 0.0031 -0.9999 -0.0102
vn 0.0031 -0.9999 0.0102
vn 0.1397 -0.9832 0.1171
vn 0.0160 -0.9998 0.0072
vn -0.0037 -0.9986 0.0537
vn 0.1548 -0.9846 0.0811
vn 0.0818 -0.9834 0.1621
vn 0.1705 -0.9841 0.0499
vn 0.1650 -0.9770 0.1354
vn 0.1791 -0.9837 0.0170
vn 0.1882 -0.9770 0.1006
vn 0.1791 -0.9837 -0.0170
vn 0.2042 -0.9770 0.0619
vn 0.1705 -0.9841 -0.0499
vn 0.2124 -0.9770 0.0209
vn 0.1548 -0.9846 -0.0811
vn 0.2124 -0.9770 -0.0209
vn 0.1397 -0.9832 -0.1171
vn -0.1926 -0.9794 -0.0599
vn -0.2059 -0.9783 -0.0216
vn -0.2134 -0.9769 0.0139
vn -0.2041 -0.9765 0.0687
vn -0.1929 -0.9765 0.0958
vn -0.1607 -0.9769 0.1411
vn -0.1303 -0.9783 0.1609
vn -0.0938 -0.9794 0.1786
vn -0.0192 -0.9819 -0.1885
vn -0.0559 -0.9805 0.1886
vn -0.0548 -0.9822 -0.1797
vn -0.0391 -0.9970 -0.0674
vn -0.0179 -0.9813 0.1916
vn -0.0884 -0.9822 -0.1658
vn 0.0253 -0.9842 -0.1750
vn 0.0192 -0.9819 0.1885
vn -0.1197 -0.9819 -0.1468
vn 0.0559 -0.9805 -0.1886
vn 0.0548 -0.9822 0.1797
vn -0.1481 -0.9813 -0.1229
vn 0.0179 -0.9813 -0.1916
vn 0.0237 -0.9858 0.1664
vn -0.1728 -0.9805 -0.0938
vn -0.0387 -0.9970 0.0664
vn -0.1689 -0.9774 0.1275
vn -0.1689 -0.9774 -0.1275
vn -0.0263 0.6583 0.7523
vn -0.0033 1.0000 0.0011
vn -0.0799 0.9504 -0.3006
vn -0.0035 1.0000 0.0035
vn -0.0867 0.9808 -0.1745
vn -0.0146 0.9998 -0.0122
vn -0.0893 0.9897 -0.1118
vn -0.0699 0.9976 -0.0034
vn -0.0699 0.9976 0.0034
vn -0.0893 0.9897 0.1118
vn -0.0146 0.9998 0.0122
vn -0.0867 0.9808 0.1745
vn -0.0035 1.0000 -0.0035
vn -0.0799 0.9504 0.3006
vn -0.0033 1.0000 -0.0011
vn -0.0263 0.6583 -0.7523
vn -0.0000 0.7053 -0.7089
vn -0.0051 0.9837 0.1799
vn -0.0051 0.9837 -0.1799
vn -0.0000 0.7053 0.7089
vn 0.0169 0.7743 0.6326
vn -0.0785 0.9969 -0.0008
vn -0.0710 0.9975 -0.0023
vn -0.0534 0.9981 -0.0294
vn -0.0068 0.9998 -0.0208
vn -0.0068 0.9998 0.0208
vn -0.0534 0.9981 0.0294
vn -0.0710 0.9975 0.0023
vn -0.0785 0.9969 0.0008
vn 0.0169 0.7743 -0.6326
vn 0.1469 0.9882 -0.0445
vn 0.1222 0.9812 -0.1492
vn 0.1353 0.9882 -0.0723
vn 0.0944 0.9799 -0.1759
vn 0.0608 0.9919 0.1119
vn 0.1306 0.9866 -0.0978
vn 0.0606 0.9781 -0.1990
vn 0.0606 0.9781 0.1990
vn 0.0843 0.9861 -0.1434
vn 0.0608 0.9919 -0.1119
vn 0.0944 0.9799 0.1759
vn -0.0037 0.9986 -0.0537
vn 0.0160 0.9998 -0.0072
vn 0.1222 0.9812 0.1492
vn 0.0031 0.9999 -0.0102
vn 0.0031 0.9999 0.0102
vn 0.1397 0.9832 0.1171
vn 0.0160 0.9998 0.0072
vn -0.0038 0.9986 0.0537
vn 0.1548 0.9846 0.0811
vn 0.0843 0.9861 0.1434
vn 0.1705 0.9841 0.0499
vn 0.1306 0.9866 0.0978
vn 0.1791 0.9837 0.0170
vn 0.1354 0.9882 0.0723
vn 0.1791 0.9837 -0.0170
vn 0.1469 0.9882 0.0446
vn 0.1705 0.9841 -0.0499
vn 0.1527 0.9882 0.0150
vn 0.1548 0.9846 -0.0811
vn 0.1527 0.9882 -0.0150
vn 0.1397 0.9832 -0.1171
vn -0.4027 0.9071 -0.1222
vn 0.2399 0.9581 0.1563
vn -0.4188 0.9071 -0.0412
vn 0.2648 0.9539 0.1415
vn -0.4188 0.9071 0.0412
vn 0.2873 0.9539 0.0872
vn -0.4027 0.9071 0.1222
vn 0.2988 0.9539 0.0294
vn -0.3711 0.9071 0.1984
vn 0.2988 0.9539 -0.0294
vn -0.3253 0.9071 0.2670
vn 0.2873 0.9539 -0.0872
vn -0.2670 0.9071 0.3253
vn 0.2648 0.9539 -0.1415
vn -0.1984 0.9071 0.3711
vn -0.0412 0.9071 -0.4188
vn 0.2399 0.9581 -0.1563
vn -0.1222 0.9071 0.4027
vn -0.1222 0.9071 -0.4027
vn 0.1217 0.9677 -0.2208
vn -0.0412 0.9071 0.4188
vn -0.1984 0.9071 -0.3711
vn 0.1234 0.9194 -0.3735
vn 0.0412 0.9071 0.4188
vn -0.2670 0.9071 -0.3253
vn 0.1222 0.9071 -0.4027
vn 0.1222 0.9071 0.4027
vn -0.3253 0.9071 -0.2670
vn 0.0412 0.9071 -0.4188
vn 0.1234 0.9194 0.3735
vn -0.3711 0.9071 -0.1984
vn 0.1217 0.9677 0.2208
vn -0.1156 0.9902 0.0789
vn -0.1156 0.9902 -0.0789
vn -0.5261 0.8353 -0.1596
vn -0.4849 0.8353 -0.2592
vn 0.5185 0.8399 0.1605
vn 0.5185 0.8399 -0.1604
vn 0.5275 0.8480 -0.0520
vn -0.3206 0.8347 -0.4478
vn -0.3206 0.8347 0.4478
vn 0.4675 0.8480 0.2499
vn -0.5667 0.6728 -0.4756
vn 0.2078 0.7032 0.6799
vn 0.2118 0.6379 -0.7404
vn -0.4535 0.6934 -0.5599
vn 0.0753 0.6934 0.7166
vn 0.3689 0.5786 -0.7274
vn -0.3338 0.7032 -0.6278
vn -0.0644 0.6728 0.7370
vn 0.5427 0.4649 -0.6995
vn -0.2078 0.7032 -0.6799
vn -0.2118 0.6379 0.7404
vn 0.7335 0.2394 -0.6362
vn -0.0753 0.6934 -0.7166
vn -0.3689 0.5786 0.7274
vn 0.8789 0.1320 -0.4584
vn -0.5427 0.4649 0.6995
vn 0.9456 0.1320 -0.2973
vn -0.7335 0.2394 0.6362
vn 0.9685 0.2394 -0.0688
vn -0.8789 0.1320 0.4584
vn 0.8784 0.4649 0.1109
vn -0.9456 0.1320 0.2973
vn 0.7752 0.5786 0.2535
vn -0.9685 0.2394 0.0688
vn 0.6733 0.6379 0.3738
vn -0.8784 0.4649 -0.1109
vn 0.5667 0.6728 0.4756
vn -0.7752 0.5786 -0.2535
vn -0.7074 -0.0000 0.7068
vn -0.8937 -0.0000 0.4487
vn -0.2903 -0.0000 -0.9569
vn 0.1173 -0.0000 0.9931
vn 0.9969 -0.0000 -0.0781
vn -0.8003 -0.0000 0.5996
vn -0.2903 -0.0000 0.9569
vn 0.2903 -0.0000 0.9569
vn -0.9848 -0.0000 0.1735
vn -0.6527 -0.0000 0.7577
vn 0.4714 -0.0000 0.8819
vn -0.4881 -0.0000 0.8728
vn -0.0980 -0.0000 -0.9952
vn 0.6344 -0.0000 0.7730
vn -0.9984 -0.0000 0.0570
vn -0.3104 -0.0000 0.9506
vn -0.4714 -0.0000 0.8819
vn 0.7730 -0.0000 0.6344
vn -0.1213 -0.0000 0.9926
vn 0.8819 -0.0000 0.4714
vn 0.0980 -0.0000 0.9952
vn 0.0199 -0.0000 -0.9998
vn -0.6344 -0.0000 0.7730
vn 0.9569 -0.0000 0.2903
vn 0.0346 -0.0000 0.9994
vn 0.9952 -0.0000 0.0980
vn -0.7730 -0.0000 0.6344
vn -0.6782 -0.0000 0.7349
vn 0.9952 -0.0000 -0.0980
vn 0.0199 -0.0000 0.9998
vn 0.9569 -0.0000 -0.2903
vn -0.8819 -0.0000 0.4714
vn -0.0980 -0.0000 0.9952
vn 0.8819 -0.0000 -0.4714
vn 0.7730 -0.0000 -0.6344
vn -0.8467 -0.0000 -0.5320
vn -0.9569 -0.0000 0.2903
vn 0.6344 -0.0000 -0.7730
vn -0.8467 -0.0000 0.5320
vn 0.4714 -0.0000 -0.8819
vn 0.9969 -0.0000 0.0781
vn -0.9952 -0.0000 0.0980
vn 0.2903 -0.0000 -0.9569
vn -0.8819 -0.0000 -0.4714
vn 0.0346 -0.0000 -0.9994
vn 0.1173 -0.0000 -0.9931
vn 0.1099 -0.0000 0.9939
vn 0.9720 -0.0000 0.2349
vn -0.9952 -0.0000 -0.0980
vn -0.1213 -0.0000 -0.9926
vn 0.0980 -0.0000 -0.9952
vn -0.9984 -0.0000 -0.0570
vn -0.3104 -0.0000 -0.9506
vn -0.7730 -0.0000 -0.6344
vn 0.6452 -0.0000 0.7640
vn -0.9569 -0.0000 -0.2903
vn -0.4881 -0.0000 -0.8728
vn -0.9848 -0.0000 -0.1735
vn -0.6527 -0.0000 -0.7577
vn -0.8003 -0.0000 -0.5996
vn -0.6344 -0.0000 -0.7730
vn -0.7074 -0.0000 -0.7068
vn -0.8937 -0.0000 -0.4487
vn -0.0057 -0.0000 -1.0000
vn -0.9607 -0.0000 -0.2775
vn 0.1099 -0.0000 -0.9939
vn 0.6452 -0.0000 -0.7640
vn -0.9956 -0.0000 -0.0934
vn -0.4714 -0.0000 -0.8819
vn -0.6782 -0.0000 -0.7349
vn -0.0057 -0.0000 1.0000
vn -0.9956 -0.0000 0.0934
vn 0.9720 -0.0000 -0.2349
vn -0.9607 -0.0000 0.2775
vn 0.1800 0.9764 -0.1192
vn 0.2115 0.9764 -0.0430
vn 0.0176 0.9993 -0.0323
vn 0.0353 0.9993 0.0103
vn 0.0055 0.9998 -0.0198
vn 0.0179 0.9998 0.0101
vn 0.0013 0.9999 -0.0146
vn 0.0112 0.9999 0.0094
vn -0.0008 0.9999 -0.0118
vn 0.0078 0.9999 0.0089
vn -0.0021 0.9999 -0.0103
vn 0.0057 0.9999 0.0088
vn -0.0032 1.0000 -0.0093
vn 0.0043 1.0000 0.0089
vn -0.0043 1.0000 -0.0089
vn 0.0032 1.0000 0.0093
vn -0.0057 0.9999 -0.0088
vn 0.0021 0.9999 0.0103
vn -0.0078 0.9999 -0.0089
vn 0.0008 0.9999 0.0118
vn -0.0112 0.9999 -0.0094
vn -0.0013 0.9999 0.0146
vn -0.0179 0.9998 -0.0101
vn -0.0055 0.9998 0.0198
vn -0.0353 0.9993 -0.0104
vn -0.0176 0.9993 0.0323
vn -0.2116 0.9764 0.0429
vn -0.1800 0.9764 0.1192
vn 0.0644 0.6728 -0.7370
vn 0.3338 0.7032 0.6278
vn -0.6733 0.6379 -0.3738
vn 0.4535 0.6934 0.5599
vn 0.6160 0.2391 0.7506
vn -0.8563 0.2391 -0.4577
vn 0.4577 0.2391 0.8563
vn 0.0952 0.2391 -0.9663
vn -0.9292 0.2391 -0.2819
vn 0.7506 0.2391 0.6160
vn -0.9663 0.2391 -0.0952
vn 0.8563 0.2391 0.4577
vn -0.9663 0.2391 0.0952
vn 0.9292 0.2391 0.2819
vn -0.9292 0.2391 0.2819
vn 0.9663 0.2391 0.0952
vn -0.8563 0.2391 0.4577
vn 0.9663 0.2391 -0.0952
vn -0.7506 0.2391 0.6160
vn 0.9292 0.2391 -0.2819
vn -0.6160 0.2391 0.7506
vn 0.8563 0.2391 -0.4577
vn -0.4577 0.2391 0.8563
vn -0.0952 0.2391 -0.9663
vn 0.7506 0.2391 -0.6160
vn -0.2819 0.2391 0.9292
vn -0.2819 0.2391 -0.9292
vn 0.6160 0.2391 -0.7506
vn -0.0952 0.2391 0.9663
vn -0.4577 0.2391 -0.8563
vn 0.4577 0.2391 -0.8563
vn 0.0952 0.2391 0.9663
vn -0.6160 0.2391 -0.7506
vn 0.2819 0.2391 -0.9292
vn 0.2819 0.2391 0.9292
vn -0.7506 0.2391 -0.6160
vn 0.0648 0.9946 0.0812
vn -0.0032 1.0000 0.0017
vn -0.0035 1.0000 0.0011
vn -0.0036 1.0000 0.0004
vn -0.0036 1.0000 -0.0004
vn -0.0035 1.0000 -0.0011
vn -0.0032 1.0000 -0.0017
vn 0.0648 0.9946 -0.0812
vn 0.5275 0.8480 0.0520
vn -0.5471 0.8353 -0.0539
vn 0.4764 0.7093 -0.5195
vn 0.4675 0.8480 -0.2499
vn -0.5471 0.8353 0.0539
vn 0.5072 0.8480 0.1539
vn -0.5261 0.8353 0.1596
vn 0.4764 0.7093 0.5195
vn 0.5072 0.8480 -0.1539
vn -0.4849 0.8353 0.2592
vn -0.0000 -0.7248 0.6890
vn -0.0000 0.7834 0.6216
vn -0.1783 -0.7248 0.6655
vn -0.1609 0.7834 0.6004
vn -0.3445 -0.7248 0.5967
vn -0.3108 0.7834 0.5383
vn -0.4872 -0.7248 0.4872
vn -0.4395 0.7834 0.4395
vn -0.5967 -0.7248 0.3445
vn -0.5383 0.7834 0.3108
vn -0.6655 -0.7248 0.1783
vn -0.6004 0.7834 0.1609
vn -0.6890 -0.7248 -0.0000
vn -0.6216 0.7834 -0.0000
vn -0.6655 -0.7248 -0.1783
vn -0.6004 0.7834 -0.1609
vn -0.5967 -0.7248 -0.3445
vn -0.5383 0.7834 -0.3108
vn -0.4872 -0.7248 -0.4872
vn -0.4395 0.7834 -0.4395
vn -0.3445 -0.7248 -0.5967
vn -0.3108 0.7834 -0.5383
vn -0.1783 -0.7248 -0.6655
vn -0.1609 0.7834 -0.6004
vn -0.0000 -0.7248 -0.6890
vn -0.0000 0.7834 -0.6216
vn 0.1783 -0.7248 -0.6655
vn 0.1609 0.7834 -0.6004
vn 0.3445 -0.7248 -0.5967
vn 0.3108 0.7834 -0.5383
vn 0.4872 -0.7248 -0.4872
vn 0.4395 0.7834 -0.4395
vn 0.5967 -0.7248 -0.3445
vn 0.5383 0.7834 -0.3108
vn 0.6655 -0.7248 -0.1783
vn 0.6004 0.7834 -0.1609
vn 0.6890 -0.7248 -0.0000
vn 0.6216 0.7834 -0.0000
vn 0.6655 -0.7248 0.1783
vn 0.6004 0.7834 0.1609
vn 0.5967 -0.7248 0.3445
vn 0.5383 0.7834 0.3108
vn 0.4872 -0.7248 0.4872
vn 0.4395 0.7834 0.4395
vn 0.3445 -0.7248 0.5967
vn 0.3108 0.7834 0.5383
vn 0.1783 -0.7248 0.6655
vn 0.1609 0.7834 0.6004
vn -0.0000 -0.7479 -0.6638
vn 0.1718 -0.7479 -0.6412
vn 0.3319 -0.7479 -0.5749
vn 0.4694 -0.7479 -0.4694
vn 0.5749 -0.7479 -0.3319
vn 0.6412 -0.7479 -0.1718
vn 0.6638 -0.7479 -0.0000
vn 0.6412 -0.7479 0.1718
vn 0.5749 -0.7479 0.3319
vn 0.4694 -0.7479 0.4694
vn 0.3319 -0.7479 0.5749
vn 0.1718 -0.7479 0.6412
vn -0.0000 -0.7479 0.6638
vn -0.1718 -0.7479 0.6412
vn -0.3319 -0.7479 0.5749
vn -0.4694 -0.7479 0.4694
vn -0.5749 -0.7479 0.3319
vn -0.6412 -0.7479 0.1718
vn -0.6638 -0.7479 -0.0000
vn -0.6412 -0.7479 -0.1718
vn -0.5749 -0.7479 -0.3319
vn -0.4694 -0.7479 -0.4694
vn -0.3319 -0.7479 -0.5749
vn -0.1718 -0.7479 -0.6412
vn 0.2217 0.5162 -0.8273
vn 0.4282 0.5162 -0.7417
vn 0.6056 0.5162 -0.6056
vn 0.7417 0.5162 -0.4282
vn 0.8273 0.5162 -0.2217
vn 0.8565 0.5162 -0.0000
vn 0.8273 0.5162 0.2217
vn 0.7417 0.5162 0.4282
vn 0.6056 0.5162 0.6056
vn 0.4282 0.5162 0.7417
vn 0.2217 0.5162 0.8273
vn -0.0000 0.5162 0.8565
vn -0.2217 0.5162 0.8273
vn -0.4282 0.5162 0.7417
vn -0.6056 0.5162 0.6056
vn -0.7417 0.5162 0.4282
vn -0.8273 0.5162 0.2217
vn -0.8565 0.5162 -0.0000
vn -0.8273 0.5162 -0.2217
vn -0.7417 0.5162 -0.4282
vn -0.6056 0.5162 -0.6056
vn -0.4282 0.5162 -0.7417
vn -0.2217 0.5162 -0.8273
vn -0.0000 0.5162 -0.8565
vn -0.0000 -0.6906 -0.7233
vn 0.1872 -0.6906 -0.6986
vn 0.1878 0.6883 -0.7007
vn -0.0000 0.6883 -0.7254
vn -0.0000 -0.6883 -0.7254
vn 0.1872 0.6906 -0.6986
vn 0.3616 -0.6906 -0.6264
vn 0.3627 0.6883 -0.6282
vn 0.3616 0.6906 -0.6264
vn 0.5114 -0.6906 -0.5114
vn 0.5130 0.6883 -0.5130
vn 0.5114 0.6906 -0.5114
vn 0.6264 -0.6906 -0.3616
vn 0.6282 0.6883 -0.3627
vn 0.6264 0.6906 -0.3616
vn 0.6986 -0.6906 -0.1872
vn 0.7007 0.6883 -0.1878
vn 0.6986 0.6906 -0.1872
vn 0.7233 -0.6906 -0.0000
vn 0.7254 0.6883 -0.0000
vn 0.7233 0.6906 -0.0000
vn 0.6986 -0.6906 0.1872
vn 0.7007 0.6883 0.1878
vn 0.6986 0.6906 0.1872
vn 0.6264 -0.6906 0.3616
vn 0.6282 0.6883 0.3627
vn 0.6264 0.6906 0.3616
vn 0.5114 -0.6906 0.5114
vn 0.5130 0.6883 0.5130
vn 0.5114 0.6906 0.5114
vn 0.3616 -0.6906 0.6264
vn 0.3627 0.6883 0.6282
vn 0.3616 0.6906 0.6264
vn 0.1872 -0.6906 0.6986
vn 0.1878 0.6883 0.7007
vn 0.1872 0.6906 0.6986
vn -0.0000 -0.6906 0.7233
vn -0.0000 0.6883 0.7254
vn -0.0000 0.6906 0.7233
vn -0.1872 -0.6906 0.6986
vn -0.1878 0.6883 0.7007
vn -0.1872 0.6906 0.6986
vn -0.3616 -0.6906 0.6264
vn -0.3627 0.6883 0.6282
vn -0.3616 0.6906 0.6264
vn -0.5114 -0.6906 0.5114
vn -0.5130 0.6883 0.5130
vn -0.5114 0.6906 0.5114
vn -0.6264 -0.6906 0.3616
vn -0.6282 0.6883 0.3627
vn -0.6264 0.6906 0.3616
vn -0.6986 -0.6906 0.1872
vn -0.7007 0.6883 0.1878
vn -0.6986 0.6906 0.1872
vn -0.7233 -0.6906 -0.0000
vn -0.7254 0.6883 -0.0000
vn -0.7233 0.6906 -0.0000
vn -0.6986 -0.6906 -0.1872
vn -0.7007 0.6883 -0.1878
vn -0.6986 0.6906 -0.1872
vn -0.6264 -0.6906 -0.3616
vn -0.6282 0.6883 -0.3627
vn -0.6264 0.6906 -0.3616
vn -0.5114 -0.6906 -0.5114
vn -0.5130 0.6883 -0.5130
vn -0.5114 0.6906 -0.5114
vn -0.3616 -0.6906 -0.6264
vn -0.3627 0.6883 -0.6282
vn -0.3616 0.6906 -0.6264
vn -0.1872 -0.6906 -0.6986
vn -0.1878 0.6883 -0.7007
vn -0.1872 0.6906 -0.6986
vn 0.1878 -0.6883 -0.7007
vn 0.3627 -0.6883 -0.6282
vn 0.5130 -0.6883 -0.5130
vn 0.6282 -0.6883 -0.3627
vn 0.7007 -0.6883 -0.1878
vn 0.7254 -0.6883 -0.0000
vn 0.7007 -0.6883 0.1878
vn 0.6282 -0.6883 0.3627
vn 0.5130 -0.6883 0.5130
vn 0.3627 -0.6883 0.6282
vn 0.1878 -0.6883 0.7007
vn -0.0000 -0.6883 0.7254
vn -0.1878 -0.6883 0.7007
vn -0.3627 -0.6883 0.6282
vn -0.5130 -0.6883 0.5130
vn -0.6282 -0.6883 0.3627
vn -0.7007 -0.6883 0.1878
vn -0.7254 -0.6883 -0.0000
vn -0.7007 -0.6883 -0.1878
vn -0.6282 -0.6883 -0.3627
vn -0.5130 -0.6883 -0.5130
vn -0.3627 -0.6883 -0.6282
vn -0.1878 -0.6883 -0.7007
vn -0.0000 0.6906 -0.7233
vn -0.0000 -0.6789 0.7342
vn -0.1900 -0.6789 0.7092
vn -0.3671 -0.6789 0.6359
vn -0.5192 -0.6789 0.5192
vn -0.6359 -0.6789 0.3671
vn -0.7092 -0.6789 0.1900
vn -0.7342 -0.6789 -0.0000
vn -0.7092 -0.6789 -0.1900
vn -0.6359 -0.6789 -0.3671
vn -0.5192 -0.6789 -0.5192
vn -0.3671 -0.6789 -0.6359
vn -0.1900 -0.6789 -0.7092
vn -0.0000 -0.6789 -0.7342
vn 0.1900 -0.6789 -0.7092
vn 0.3671 -0.6789 -0.6359
vn 0.5192 -0.6789 -0.5192
vn 0.6359 -0.6789 -0.3671
vn 0.7092 -0.6789 -0.1900
vn 0.7342 -0.6789 -0.0000
vn 0.7092 -0.6789 0.1900
vn 0.6359 -0.6789 0.3671
vn 0.5192 -0.6789 0.5192
vn 0.3671 -0.6789 0.6359
vn 0.1900 -0.6789 0.7092
vn -0.1741 0.7401 0.6496
vn -0.0000 0.7401 0.6725
vn -0.3362 0.7401 0.5824
vn -0.4755 0.7401 0.4755
vn -0.5824 0.7401 0.3362
vn -0.6496 0.7401 0.1741
vn -0.6725 0.7401 -0.0000
vn -0.6496 0.7401 -0.1741
vn -0.5824 0.7401 -0.3362
vn -0.4755 0.7401 -0.4755
vn -0.3362 0.7401 -0.5824
vn -0.1741 0.7401 -0.6496
vn -0.0000 0.7401 -0.6725
vn 0.1741 0.7401 -0.6496
vn 0.3362 0.7401 -0.5824
vn 0.4755 0.7401 -0.4755
vn 0.5824 0.7401 -0.3362
vn 0.6496 0.7401 -0.1741
vn 0.6725 0.7401 -0.0000
vn 0.6496 0.7401 0.1741
vn 0.5824 0.7401 0.3362
vn 0.4755 0.7401 0.4755
vn 0.3362 0.7401 0.5824
vn 0.1741 0.7401 0.6496
vn -0.0000 -0.1443 -0.9895
vn -0.0000 -0.1386 -0.9904
vn -0.0000 -0.1247 -0.9922
vn -0.0000 -0.1189 -0.9929
vn -0.0000 -0.1062 -0.9943
vn -0.0000 -0.1001 -0.9950
vn -0.0000 -0.0885 -0.9961
vn -0.0000 -0.0823 -0.9966
vn -0.0000 -0.0715 -0.9974
vn -0.0000 -0.0650 -0.9979
vn -0.0000 -0.0551 -0.9985
vn -0.0000 -0.0483 -0.9988
vn -0.0000 -0.0390 -0.9992
vn -0.0000 -0.0320 -0.9995
vn -0.0000 -0.0233 -0.9997
vn -0.0000 -0.0159 -0.9999
vn -0.0000 -0.0078 -1.0000
vn -0.0000 0.0078 -1.0000
vn -0.0000 0.0159 -0.9999
vn -0.0000 0.0233 -0.9997
vn -0.0000 0.0320 -0.9995
vn -0.0000 0.0390 -0.9992
vn -0.0000 0.0483 -0.9988
vn -0.0000 0.0551 -0.9985
vn -0.0000 0.0650 -0.9979
vn -0.0000 0.0715 -0.9974
vn -0.0000 0.0823 -0.9966
vn -0.0000 0.0885 -0.9961
vn -0.0000 0.1001 -0.9950
vn -0.0000 0.1062 -0.9943
vn -0.0000 0.2723 -0.9622
vn 0.2490 0.2723 -0.9294
vn 0.2574 0.1062 -0.9605
vn 0.2575 0.1001 -0.9611
vn 0.2578 0.0885 -0.9621
vn 0.2579 0.0823 -0.9627
vn 0.2582 0.0715 -0.9635
vn 0.2583 0.0650 -0.9639
vn 0.2584 0.0551 -0.9645
vn 0.2585 0.0483 -0.9648
vn 0.2586 0.0390 -0.9652
vn 0.2587 0.0320 -0.9654
vn 0.2587 0.0233 -0.9657
vn 0.2588 0.0159 -0.9658
vn 0.2588 0.0078 -0.9659
vn 0.2588 -0.0000 -0.9659
vn 0.2588 -0.0078 -0.9659
vn 0.2588 -0.0159 -0.9658
vn 0.2587 -0.0233 -0.9657
vn 0.2587 -0.0320 -0.9654
vn 0.2586 -0.0390 -0.9652
vn 0.2585 -0.0483 -0.9648
vn 0.2584 -0.0551 -0.9645
vn 0.2583 -0.0650 -0.9639
vn 0.2582 -0.0715 -0.9635
vn 0.2579 -0.0823 -0.9627
vn 0.2578 -0.0885 -0.9621
vn 0.2575 -0.1001 -0.9611
vn 0.2574 -0.1062 -0.9605
vn 0.2570 -0.1189 -0.9591
vn 0.2568 -0.1247 -0.9584
vn 0.2563 -0.1386 -0.9566
vn 0.2561 -0.1443 -0.9558
vn 0.4811 0.2723 -0.8333
vn 0.4972 0.1062 -0.8611
vn 0.4975 0.1001 -0.8617
vn 0.4980 0.0885 -0.8626
vn 0.4983 0.0823 -0.8631
vn 0.4987 0.0715 -0.8638
vn 0.4989 0.0650 -0.8642
vn 0.4992 0.0551 -0.8647
vn 0.4994 0.0483 -0.8650
vn 0.4996 0.0390 -0.8654
vn 0.4997 0.0320 -0.8656
vn 0.4999 0.0233 -0.8658
vn 0.4999 0.0159 -0.8659
vn 0.5000 0.0078 -0.8660
vn 0.5000 -0.0000 -0.8660
vn 0.5000 -0.0078 -0.8660
vn 0.4999 -0.0159 -0.8659
vn 0.4999 -0.0233 -0.8658
vn 0.4997 -0.0320 -0.8656
vn 0.4996 -0.0390 -0.8654
vn 0.4994 -0.0483 -0.8650
vn 0.4992 -0.0551 -0.8647
vn 0.4989 -0.0650 -0.8642
vn 0.4987 -0.0715 -0.8638
vn 0.4983 -0.0823 -0.8631
vn 0.4980 -0.0885 -0.8626
vn 0.4975 -0.1001 -0.8617
vn 0.4972 -0.1062 -0.8611
vn 0.4965 -0.1189 -0.8599
vn 0.4961 -0.1247 -0.8593
vn 0.4952 -0.1386 -0.8577
vn 0.4948 -0.1443 -0.8570
vn 0.6804 0.2723 -0.6804
vn 0.7031 0.1062 -0.7031
vn 0.7036 0.1001 -0.7036
vn 0.7043 0.0885 -0.7043
vn 0.7047 0.0823 -0.7047
vn 0.7053 0.0715 -0.7053
vn 0.7056 0.0650 -0.7056
vn 0.7060 0.0551 -0.7060
vn 0.7063 0.0483 -0.7063
vn 0.7066 0.0390 -0.7066
vn 0.7067 0.0320 -0.7067
vn 0.7069 0.0233 -0.7069
vn 0.7070 0.0159 -0.7070
vn 0.7071 0.0078 -0.7071
vn 0.7071 -0.0078 -0.7071
vn 0.7070 -0.0159 -0.7070
vn 0.7069 -0.0233 -0.7069
vn 0.7067 -0.0320 -0.7067
vn 0.7066 -0.0390 -0.7066
vn 0.7063 -0.0483 -0.7063
vn 0.7060 -0.0551 -0.7060
vn 0.7056 -0.0650 -0.7056
vn 0.7053 -0.0715 -0.7053
vn 0.7047 -0.0823 -0.7047
vn 0.7043 -0.0885 -0.7043
vn 0.7036 -0.1001 -0.7036
vn 0.7031 -0.1062 -0.7031
vn 0.7021 -0.1189 -0.7021
vn 0.7016 -0.1247 -0.7016
vn 0.7003 -0.1386 -0.7003
vn 0.6997 -0.1443 -0.6997
vn 0.8333 0.2723 -0.4811
vn 0.8611 0.1062 -0.4972
vn 0.8617 0.1001 -0.4975
vn 0.8626 0.0885 -0.4980
vn 0.8631 0.0823 -0.4983
vn 0.8638 0.0715 -0.4987
vn 0.8642 0.0650 -0.4989
vn 0.8647 0.0551 -0.4992
vn 0.8650 0.0483 -0.4994
vn 0.8654 0.0390 -0.4996
vn 0.8656 0.0320 -0.4997
vn 0.8658 0.0233 -0.4999
vn 0.8659 0.0159 -0.4999
vn 0.8660 0.0078 -0.5000
vn 0.8660 -0.0000 -0.5000
vn 0.8660 -0.0078 -0.5000
vn 0.8659 -0.0159 -0.4999
vn 0.8658 -0.0233 -0.4999
vn 0.8656 -0.0320 -0.4997
vn 0.8654 -0.0390 -0.4996
vn 0.8650 -0.0483 -0.4994
vn 0.8647 -0.0551 -0.4992
vn 0.8642 -0.0650 -0.4989
vn 0.8638 -0.0715 -0.4987
vn 0.8631 -0.0823 -0.4983
vn 0.8626 -0.0885 -0.4980
vn 0.8617 -0.1001 -0.4975
vn 0.8611 -0.1062 -0.4972
vn 0.8599 -0.1189 -0.4965
vn 0.8593 -0.1247 -0.4961
vn 0.8577 -0.1386 -0.4952
vn 0.8570 -0.1443 -0.4948
vn 0.9294 0.2723 -0.2490
vn 0.9605 0.1062 -0.2574
vn 0.9611 0.1001 -0.2575
vn 0.9621 0.0885 -0.2578
vn 0.9627 0.0823 -0.2579
vn 0.9635 0.0715 -0.2582
vn 0.9639 0.0650 -0.2583
vn 0.9645 0.0551 -0.2584
vn 0.9648 0.0483 -0.2585
vn 0.9652 0.0390 -0.2586
vn 0.9654 0.0320 -0.2587
vn 0.9657 0.0233 -0.2587
vn 0.9658 0.0159 -0.2588
vn 0.9659 0.0078 -0.2588
vn 0.9659 -0.0000 -0.2588
vn 0.9659 -0.0078 -0.2588
vn 0.9658 -0.0159 -0.2588
vn 0.9657 -0.0233 -0.2587
vn 0.9654 -0.0320 -0.2587
vn 0.9652 -0.0390 -0.2586
vn 0.9648 -0.0483 -0.2585
vn 0.9645 -0.0551 -0.2584
vn 0.9639 -0.0650 -0.2583
vn 0.9635 -0.0715 -0.2582
vn 0.9627 -0.0823 -0.2579
vn 0.9621 -0.0885 -0.2578
vn 0.9611 -0.1001 -0.2575
vn 0.9605 -0.1062 -0.2574
vn 0.9591 -0.1189 -0.2570
vn 0.9584 -0.1247 -0.2568
vn 0.9566 -0.1386 -0.2563
vn 0.9558 -0.1443 -0.2561
vn 0.9622 0.2723 -0.0000
vn 0.9943 0.1062 -0.0000
vn 0.9950 0.1001 -0.0000
vn 0.9961 0.0885 -0.0000
vn 0.9966 0.0823 -0.0000
vn 0.9974 0.0715 -0.0000
vn 0.9979 0.0650 -0.0000
vn 0.9985 0.0551 -0.0000
vn 0.9988 0.0483 -0.0000
vn 0.9992 0.0390 -0.0000
vn 0.9995 0.0320 -0.0000
vn 0.9997 0.0233 -0.0000
vn 0.9999 0.0159 -0.0000
vn 1.0000 0.0078 -0.0000
vn 1.0000 -0.0078 -0.0000
vn 0.9999 -0.0159 -0.0000
vn 0.9997 -0.0233 -0.0000
vn 0.9995 -0.0320 -0.0000
vn 0.9992 -0.0390 -0.0000
vn 0.9988 -0.0483 -0.0000
vn 0.9985 -0.0551 -0.0000
vn 0.9979 -0.0650 -0.0000
vn 0.9974 -0.0715 -0.0000
vn 0.9966 -0.0823 -0.0000
vn 0.9961 -0.0885 -0.0000
vn 0.9950 -0.1001 -0.0000
vn 0.9943 -0.1062 -0.0000
vn 0.9929 -0.1189 -0.0000
vn 0.9922 -0.1247 -0.0000
vn 0.9904 -0.1386 -0.0000
vn 0.9895 -0.1443 -0.0000
vn 0.9294 0.2723 0.2490
vn 0.9605 0.1062 0.2574
vn 0.9611 0.1001 0.2575
vn 0.9621 0.0885 0.2578
vn 0.9627 0.0823 0.2579
vn 0.9635 0.0715 0.2582
vn 0.9639 0.0650 0.2583
vn 0.9645 0.0551 0.2584
vn 0.9648 0.0483 0.2585
vn 0.9652 0.0390 0.2586
vn 0.9654 0.0320 0.2587
vn 0.9657 0.0233 0.2587
vn 0.9658 0.0159 0.2588
vn 0.9659 0.0078 0.2588
vn 0.9659 -0.0000 0.2588
vn 0.9659 -0.0078 0.2588
vn 0.9658 -0.0159 0.2588
vn 0.9657 -0.0233 0.2587
vn 0.9654 -0.0320 0.2587
vn 0.9652 -0.0390 0.2586
vn 0.9648 -0.0483 0.2585
vn 0.9645 -0.0551 0.2584
vn 0.9639 -0.0650 0.2583
vn 0.9635 -0.0715 0.2582
vn 0.9627 -0.0823 0.2579
vn 0.9621 -0.0885 0.2578
vn 0.9611 -0.1001 0.2575
vn 0.9605 -0.1062 0.2574
vn 0.9591 -0.1189 0.2570
vn 0.9584 -0.1247 0.2568
vn 0.9566 -0.1386 0.2563
vn 0.9558 -0.1443 0.2561
vn 0.8333 0.2723 0.4811
vn 0.8611 0.1062 0.4972
vn 0.8617 0.1001 0.4975
vn 0.8626 0.0885 0.4980
vn 0.8631 0.0823 0.4983
vn 0.8638 0.0715 0.4987
vn 0.8642 0.0650 0.4989
vn 0.8647 0.0551 0.4992
vn 0.8650 0.0483 0.4994
vn 0.8654 0.0390 0.4996
vn 0.8656 0.0320 0.4997
vn 0.8658 0.0233 0.4999
vn 0.8659 0.0159 0.4999
vn 0.8660 0.0078 0.5000
vn 0.8660 -0.0000 0.5000
vn 0.8660 -0.0078 0.5000
vn 0.8659 -0.0159 0.4999
vn 0.8658 -0.0233 0.4999
vn 0.8656 -0.0320 0.4997
vn 0.8654 -0.0390 0.4996
vn 0.8650 -0.0483 0.4994
vn 0.8647 -0.0551 0.4992
vn 0.8642 -0.0650 0.4989
vn 0.8638 -0.0715 0.4987
vn 0.8631 -0.0823 0.4983
vn 0.8626 -0.0885 0.4980
vn 0.8617 -0.1001 0.4975
vn 0.8611 -0.1062 0.4972
vn 0.8599 -0.1189 0.4965
vn 0.8593 -0.1247 0.4961
vn 0.8577 -0.1386 0.4952
vn 0.8570 -0.1443 0.4948
vn 0.6804 0.2723 0.6804
vn 0.7031 0.1062 0.7031
vn 0.7036 0.1001 0.7036
vn 0.7043 0.0885 0.7043
vn 0.7047 0.0823 0.7047
vn 0.7053 0.0715 0.7053
vn 0.7056 0.0650 0.7056
vn 0.7060 0.0551 0.7060
vn 0.7063 0.0483 0.7063
vn 0.7066 0.0390 0.7066
vn 0.7067 0.0320 0.7067
vn 0.7069 0.0233 0.7069
vn 0.7070 0.0159 0.7070
vn 0.7071 0.0078 0.7071
vn 0.7071 -0.0078 0.7071
vn 0.7070 -0.0159 0.7070
vn 0.7069 -0.0233 0.7069
vn 0.7067 -0.0320 0.7067
vn 0.7066 -0.0390 0.7066
vn 0.7063 -0.0483 0.7063
vn 0.7060 -0.0551 0.7060
vn 0.7056 -0.0650 0.7056
vn 0.7053 -0.0715 0.7053
vn 0.7047 -0.0823 0.7047
vn 0.7043 -0.0885 0.7043
vn 0.7036 -0.1001 0.7036
vn 0.7031 -0.1062 0.7031
vn 0.7021 -0.1189 0.7021
vn 0.7016 -0.1247 0.7016
vn 0.7003 -0.1386 0.7003
vn 0.6997 -0.1443 0.6997
vn 0.4811 0.2723 0.8333
vn 0.4972 0.1062 0.8611
vn 0.4975 0.1001 0.8617
vn 0.4980 0.0885 0.8626
vn 0.4983 0.0823 0.8631
vn 0.4987 0.0715 0.8638
vn 0.4989 0.0650 0.8642
vn 0.4992 0.0551 0.8647
vn 0.4994 0.0483 0.8650
vn 0.4996 0.0390 0.8654
vn 0.4997 0.0320 0.8656
vn 0.4999 0.0233 0.8658
vn 0.4999 0.0159 0.8659
vn 0.5000 0.0078 0.8660
vn 0.5000 -0.0000 0.8660
vn 0.5000 -0.0078 0.8660
vn 0.4999 -0.0159 0.8659
vn 0.4999 -0.0233 0.8658
vn 0.4997 -0.0320 0.8656
vn 0.4996 -0.0390 0.8654
vn 0.4994 -0.0483 0.8650
vn 0.4992 -0.0551 0.8647
vn 0.4989 -0.0650 0.8642
vn 0.4987 -0.0715 0.8638
vn 0.4983 -0.0823 0.8631
vn 0.4980 -0.0885 0.8626
vn 0.4975 -0.1001 0.8617
vn 0.4972 -0.1062 0.8611
vn 0.4965 -0.1189 0.8599
vn 0.4961 -0.1247 0.8593
vn 0.4952 -0.1386 0.8577
vn 0.4948 -0.1443 0.8570
vn 0.2490 0.2723 0.9294
vn 0.2574 0.1062 0.9605
vn 0.2575 0.1001 0.9611
vn 0.2578 0.0885 0.9621
vn 0.2579 0.0823 0.9627
vn 0.2582 0.0715 0.9635
vn 0.2583 0.0650 0.9639
vn 0.2584 0.0551 0.9645
vn 0.2585 0.0483 0.9648
vn 0.2586 0.0390 0.9652
vn 0.2587 0.0320 0.9654
vn 0.2587 0.0233 0.9657
vn 0.2588 0.0159 0.9658
vn 0.2588 0.0078 0.9659
vn 0.2588 -0.0000 0.9659
vn 0.2588 -0.0078 0.9659
vn 0.2588 -0.0159 0.9658
vn 0.2587 -0.0233 0.9657
vn 0.2587 -0.0320 0.9654
vn 0.2586 -0.0390 0.9652
vn 0.2585 -0.0483 0.9648
vn 0.2584 -0.0551 0.9645
vn 0.2583 -0.0650 0.9639
vn 0.2582 -0.0715 0.9635
vn 0.2579 -0.0823 0.9627
vn 0.2578 -0.0885 0.9621
vn 0.2575 -0.1001 0.9611
vn 0.2574 -0.1062 0.9605
vn 0.2570 -0.1189 0.9591
vn 0.2568 -0.1247 0.9584
vn 0.2563 -0.1386 0.9566
vn 0.2561 -0.1443 0.9558
vn -0.0000 0.2723 0.9622
vn -0.0000 0.1062 0.9943
vn -0.0000 0.1001 0.9950
vn -0.0000 0.0885 0.9961
vn -0.0000 0.0823 0.9966
vn -0.0000 0.0715 0.9974
vn -0.0000 0.0650 0.9979
vn -0.0000 0.0551 0.9985
vn -0.0000 0.0483 0.9988
vn -0.0000 0.0390 0.9992
vn -0.0000 0.0320 0.9995
vn -0.0000 0.0233 0.9997
vn -0.0000 0.0159 0.9999
vn -0.0000 0.0078 1.0000
vn -0.0000 -0.0078 1.0000
vn -0.0000 -0.0159 0.9999
vn -0.0000 -0.0233 0.9997
vn -0.0000 -0.0320 0.9995
vn -0.0000 -0.0390 0.9992
vn -0.0000 -0.0483 0.9988
vn -0.0000 -0.0551 0.9985
vn -0.0000 -0.0650 0.9979
vn -0.0000 -0.0715 0.9974
vn -0.0000 -0.0823 0.9966
vn -0.0000 -0.0885 0.9961
vn -0.0000 -0.1001 0.9950
vn -0.0000 -0.1062 0.9943
vn -0.0000 -0.1189 0.9929
vn -0.0000 -0.1247 0.9922
vn -0.0000 -0.1386 0.9904
vn -0.0000 -0.1443 0.9895
vn -0.2490 0.2723 0.9294
vn -0.2574 0.1062 0.9605
vn -0.2575 0.1001 0.9611
vn -0.2578 0.0885 0.9621
vn -0.2579 0.0823 0.9627
vn -0.2582 0.0715 0.9635
vn -0.2583 0.0650 0.9639
vn -0.2584 0.0551 0.9645
vn -0.2585 0.0483 0.9648
vn -0.2586 0.0390 0.9652
vn -0.2587 0.0320 0.9654
vn -0.2587 0.0233 0.9657
vn -0.2588 0.0159 0.9658
vn -0.2588 0.0078 0.9659
vn -0.2588 -0.0000 0.9659
vn -0.2588 -0.0078 0.9659
vn -0.2588 -0.0159 0.9658
vn -0.2587 -0.0233 0.9657
vn -0.2587 -0.0320 0.9654
vn -0.2586 -0.0390 0.9652
vn -0.2585 -0.0483 0.9648
vn -0.2584 -0.0551 0.9645
vn -0.2583 -0.0650 0.9639
vn -0.2582 -0.0715 0.9635
vn -0.2579 -0.0823 0.9627
vn -0.2578 -0.0885 0.9621
vn -0.2575 -0.1001 0.9611
vn -0.2574 -0.1062 0.9605
vn -0.2570 -0.1189 0.9591
vn -0.2568 -0.1247 0.9584
vn -0.2563 -0.1386 0.9566
vn -0.2561 -0.1443 0.9558
vn -0.4811 0.2723 0.8333
vn -0.4972 0.1062 0.8611
vn -0.4975 0.1001 0.8617
vn -0.4980 0.0885 0.8626
vn -0.4983 0.0823 0.8631
vn -0.4987 0.0715 0.8638
vn -0.4989 0.0650 0.8642
vn -0.4992 0.0551 0.8647
vn -0.4994 0.0483 0.8650
vn -0.4996 0.0390 0.8654
vn -0.4997 0.0320 0.8656
vn -0.4999 0.0233 0.8658
vn -0.4999 0.0159 0.8659
vn -0.5000 0.0078 0.8660
vn -0.5000 -0.0000 0.8660
vn -0.5000 -0.0078 0.8660
vn -0.4999 -0.0159 0.8659
vn -0.4999 -0.0233 0.8658
vn -0.4997 -0.0320 0.8656
vn -0.4996 -0.0390 0.8654
vn -0.4994 -0.0483 0.8650
vn -0.4992 -0.0551 0.8647
vn -0.4989 -0.0650 0.8642
vn -0.4987 -0.0715 0.8638
vn -0.4983 -0.0823 0.8631
vn -0.4980 -0.0885 0.8626
vn -0.4975 -0.1001 0.8617
vn -0.4972 -0.1062 0.8611
vn -0.4965 -0.1189 0.8599
vn -0.4961 -0.1247 0.8593
vn -0.4952 -0.1386 0.8577
vn -0.4948 -0.1443 0.8570
vn -0.6804 0.2723 0.6804
vn -0.7031 0.1062 0.7031
vn -0.7036 0.1001 0.7036
vn -0.7043 0.0885 0.7043
vn -0.7047 0.0823 0.7047
vn -0.7053 0.0715 0.7053
vn -0.7056 0.0650 0.7056
vn -0.7060 0.0551 0.7060
vn -0.7063 0.0483 0.7063
vn -0.7066 0.0390 0.7066
vn -0.7067 0.0320 0.7067
vn -0.7069 0.0233 0.7069
vn -0.7070 0.0159 0.7070
vn -0.7071 0.0078 0.7071
vn -0.7071 -0.0078 0.7071
vn -0.7070 -0.0159 0.7070
vn -0.7069 -0.0233 0.7069
vn -0.7067 -0.0320 0.7067
vn -0.7066 -0.0390 0.7066
vn -0.7063 -0.0483 0.7063
vn -0.7060 -0.0551 0.7060
vn -0.7056 -0.0650 0.7056
vn -0.7053 -0.0715 0.7053
vn -0.7047 -0.0823 0.7047
vn -0.7043 -0.0885 0.7043
vn -0.7036 -0.1001 0.7036
vn -0.7031 -0.1062 0.7031
vn -0.7021 -0.1189 0.7021
vn -0.7016 -0.1247 0.7016
vn -0.7003 -0.1386 0.7003
vn -0.6997 -0.1443 0.6997
vn -0.8333 0.2723 0.4811
vn -0.8611 0.1062 0.4972
vn -0.8617 0.1001 0.4975
vn -0.8626 0.0885 0.4980
vn -0.8631 0.0823 0.4983
vn -0.8638 0.0715 0.4987
vn -0.8642 0.0650 0.4989
vn -0.8647 0.0551 0.4992
vn -0.8650 0.0483 0.4994
vn -0.8654 0.0390 0.4996
vn -0.8656 0.0320 0.4997
vn -0.8658 0.0233 0.4999
vn -0.8659 0.0159 0.4999
vn -0.8660 0.0078 0.5000
vn -0.8660 -0.0000 0.5000
vn -0.8660 -0.0078 0.5000
vn -0.8659 -0.0159 0.4999
vn -0.8658 -0.0233 0.4999
vn -0.8656 -0.0320 0.4997
vn -0.8654 -0.0390 0.4996
vn -0.8650 -0.0483 0.4994
vn -0.8647 -0.0551 0.4992
vn -0.8642 -0.0650 0.4989
vn -0.8638 -0.0715 0.4987
vn -0.8631 -0.0823 0.4983
vn -0.8626 -0.0885 0.4980
vn -0.8617 -0.1001 0.4975
vn -0.8611 -0.1062 0.4972
vn -0.8599 -0.1189 0.4965
vn -0.8593 -0.1247 0.4961
vn -0.8577 -0.1386 0.4952
vn -0.8570 -0.1443 0.4948
vn -0.9294 0.2723 0.2490
vn -0.9605 0.1062 0.2574
vn -0.9611 0.1001 0.2575
vn -0.9621 0.0885 0.2578
vn -0.9627 0.0823 0.2579
vn -0.9635 0.0715 0.2582
vn -0.9639 0.0650 0.2583
vn -0.9645 0.0551 0.2584
vn -0.9648 0.0483 0.2585
vn -0.9652 0.0390 0.2586
vn -0.9654 0.0320 0.2587
vn -0.9657 0.0233 0.2587
vn -0.9658 0.0159 0.2588
vn -0.9659 0.0078 0.2588
vn -0.9659 -0.0000 0.2588
vn -0.9659 -0.0078 0.2588
vn -0.9658 -0.0159 0.2588
vn -0.9657 -0.0233 0.2587
vn -0.9654 -0.0320 0.2587
vn -0.9652 -0.0390 0.2586
vn -0.9648 -0.0483 0.2585
vn -0.9645 -0.0551 0.2584
vn -0.9639 -0.0650 0.2583
vn -0.9635 -0.0715 0.2582
vn -0.9627 -0.0823 0.2579
vn -0.9621 -0.0885 0.2578
vn -0.9611 -0.1001 0.2575
vn -0.9605 -0.1062 0.2574
vn -0.9591 -0.1189 0.2570
vn -0.9584 -0.1247 0.2568
vn -0.9566 -0.1386 0.2563
vn -0.9558 -0.1443 0.2561
vn -0.9622 0.2723 -0.0000
vn -0.9943 0.1062 -0.0000
vn -0.9950 0.1001 -0.0000
vn -0.9961 0.0885 -0.0000
vn -0.9966 0.0823 -0.0000
vn -0.9974 0.0715 -0.0000
vn -0.9979 0.0650 -0.0000
vn -0.9985 0.0551 -0.0000
vn -0.9988 0.0483 -0.0000
vn -0.9992 0.0390 -0.0000
vn -0.9995 0.0320 -0.0000
vn -0.9997 0.0233 -0.0000
vn -0.9999 0.0159 -0.0000
vn -1.0000 0.0078 -0.0000
vn -1.0000 -0.0078 -0.0000
vn -0.9999 -0.0159 -0.0000
vn -0.9997 -0.0233 -0.0000
vn -0.9995 -0.0320 -0.0000
vn -0.9992 -0.0390 -0.0000
vn -0.9988 -0.0483 -0.0000
vn -0.9985 -0.0551 -0.0000
vn -0.9979 -0.0650 -0.0000
vn -0.9974 -0.0715 -0.0000
vn -0.9966 -0.0823 -0.0000
vn -0.9961 -0.0885 -0.0000
vn -0.9950 -0.1001 -0.0000
vn -0.9943 -0.1062 -0.0000
vn -0.9929 -0.1189 -0.0000
vn -0.9922 -0.1247 -0.0000
vn -0.9904 -0.1386 -0.0000
vn -0.9895 -0.1443 -0.0000
vn -0.9294 0.2723 -0.2490
vn -0.9605 0.1062 -0.2574
vn -0.9611 0.1001 -0.2575
vn -0.9621 0.0885 -0.2578
vn -0.9627 0.0823 -0.2579
vn -0.9635 0.0715 -0.2582
vn -0.9639 0.0650 -0.2583
vn -0.9645 0.0551 -0.2584
vn -0.9648 0.0483 -0.2585
vn -0.9652 0.0390 -0.2586
vn -0.9654 0.0320 -0.2587
vn -0.9657 0.0233 -0.2587
vn -0.9658 0.0159 -0.2588
vn -0.9659 0.0078 -0.2588
vn -0.9659 -0.0000 -0.2588
vn -0.9659 -0.0078 -0.2588
vn -0.9658 -0.0159 -0.2588
vn -0.9657 -0.0233 -0.2587
vn -0.9654 -0.0320 -0.2587
vn -0.9652 -0.0390 -0.2586
vn -0.9648 -0.0483 -0.2585
vn -0.9645 -0.0551 -0.2584
vn -0.9639 -0.0650 -0.2583
vn -0.9635 -0.0715 -0.2582
vn -0.9627 -0.0823 -0.2579
vn -0.9621 -0.0885 -0.2578
vn -0.9611 -0.1001 -0.2575
vn -0.9605 -0.1062 -0.2574
vn -0.9591 -0.1189 -0.2570
vn -0.9584 -0.1247 -0.2568
vn -0.9566 -0.1386 -0.2563
vn -0.9558 -0.1443 -0.2561
vn -0.8333 0.2723 -0.4811
vn -0.8611 0.1062 -0.4972
vn -0.8617 0.1001 -0.4975
vn -0.8626 0.0885 -0.4980
vn -0.8631 0.0823 -0.4983
vn -0.8638 0.0715 -0.4987
vn -0.8642 0.0650 -0.4989
vn -0.8647 0.0551 -0.4992
vn -0.8650 0.0483 -0.4994
vn -0.8654 0.0390 -0.4996
vn -0.8656 0.0320 -0.4997
vn -0.8658 0.0233 -0.4999
vn -0.8659 0.0159 -0.4999
vn -0.8660 0.0078 -0.5000
vn -0.8660 -0.0000 -0.5000
vn -0.8660 -0.0078 -0.5000
vn -0.8659 -0.0159 -0.4999
vn -0.8658 -0.0233 -0.4999
vn -0.8656 -0.0320 -0.4997
vn -0.8654 -0.0390 -0.4996
vn -0.8650 -0.0483 -0.4994
vn -0.8647 -0.0551 -0.4992
vn -0.8642 -0.0650 -0.4989
vn -0.8638 -0.0715 -0.4987
vn -0.8631 -0.0823 -0.4983
vn -0.8626 -0.0885 -0.4980
vn -0.8617 -0.1001 -0.4975
vn -0.8611 -0.1062 -0.4972
vn -0.8599 -0.1189 -0.4965
vn -0.8593 -0.1247 -0.4961
vn -0.8577 -0.1386 -0.4952
vn -0.8570 -0.1443 -0.4948
vn -0.6804 0.2723 -0.6804
vn -0.7031 0.1062 -0.7031
vn -0.7036 0.1001 -0.7036
vn -0.7043 0.0885 -0.7043
vn -0.7047 0.0823 -0.7047
vn -0.7053 0.0715 -0.7053
vn -0.7056 0.0650 -0.7056
vn -0.7060 0.0551 -0.7060
vn -0.7063 0.0483 -0.7063
vn -0.7066 0.0390 -0.7066
vn -0.7067 0.0320 -0.7067
vn -0.7069 0.0233 -0.7069
vn -0.7070 0.0159 -0.7070
vn -0.7071 0.0078 -0.7071
vn -0.7071 -0.0078 -0.7071
vn -0.7070 -0.0159 -0.7070
vn -0.7069 -0.0233 -0.7069
vn -0.7067 -0.0320 -0.7067
vn -0.7066 -0.0390 -0.7066
vn -0.7063 -0.0483 -0.7063
vn -0.7060 -0.0551 -0.7060
vn -0.7056 -0.0650 -0.7056
vn -0.7053 -0.0715 -0.7053
vn -0.7047 -0.0823 -0.7047
vn -0.7043 -0.0885 -0.7043
vn -0.7036 -0.1001 -0.7036
vn -0.7031 -0.1062 -0.7031
vn -0.7021 -0.1189 -0.7021
vn -0.7016 -0.1247 -0.7016
vn -0.7003 -0.1386 -0.7003
vn -0.6997 -0.1443 -0.6997
vn -0.4811 0.2723 -0.8333
vn -0.4972 0.1062 -0.8611
vn -0.4975 0.1001 -0.8617
vn -0.4980 0.0885 -0.8626
vn -0.4983 0.0823 -0.8631
vn -0.4987 0.0715 -0.8638
vn -0.4989 0.0650 -0.8642
vn -0.4992 0.0551 -0.8647
vn -0.4994 0.0483 -0.8650
vn -0.4996 0.0390 -0.8654
vn -0.4997 0.0320 -0.8656
vn -0.4999 0.0233 -0.8658
vn -0.4999 0.0159 -0.8659
vn -0.5000 0.0078 -0.8660
vn -0.5000 -0.0000 -0.8660
vn -0.5000 -0.0078 -0.8660
vn -0.4999 -0.0159 -0.8659
vn -0.4999 -0.0233 -0.8658
vn -0.4997 -0.0320 -0.8656
vn -0.4996 -0.0390 -0.8654
vn -0.4994 -0.0483 -0.8650
vn -0.4992 -0.0551 -0.8647
vn -0.4989 -0.0650 -0.8642
vn -0.4987 -0.0715 -0.8638
vn -0.4983 -0.0823 -0.8631
vn -0.4980 -0.0885 -0.8626
vn -0.4975 -0.1001 -0.8617
vn -0.4972 -0.1062 -0.8611
vn -0.4965 -0.1189 -0.8599
vn -0.4961 -0.1247 -0.8593
vn -0.4952 -0.1386 -0.8577
vn -0.4948 -0.1443 -0.8570
vn -0.2490 0.2723 -0.9294
vn -0.2574 0.1062 -0.9605
vn -0.2575 0.1001 -0.9611
vn -0.2578 0.0885 -0.9621
vn -0.2579 0.0823 -0.9627
vn -0.2582 0.0715 -0.9635
vn -0.2583 0.0650 -0.9639
vn -0.2584 0.0551 -0.9645
vn -0.2585 0.0483 -0.9648
vn -0.2586 0.0390 -0.9652
vn -0.2587 0.0320 -0.9654
vn -0.2587 0.0233 -0.9657
vn -0.2588 0.0159 -0.9658
vn -0.2588 0.0078 -0.9659
vn -0.2588 -0.0000 -0.9659
vn -0.2588 -0.0078 -0.9659
vn -0.2588 -0.0159 -0.9658
vn -0.2587 -0.0233 -0.9657
vn -0.2587 -0.0320 -0.9654
vn -0.2586 -0.0390 -0.9652
vn -0.2585 -0.0483 -0.9648
vn -0.2584 -0.0551 -0.9645
vn -0.2583 -0.0650 -0.9639
vn -0.2582 -0.0715 -0.9635
vn -0.2579 -0.0823 -0.9627
vn -0.2578 -0.0885 -0.9621
vn -0.2575 -0.1001 -0.9611
vn -0.2574 -0.1062 -0.9605
vn -0.2570 -0.1189 -0.9591
vn -0.2568 -0.1247 -0.9584
vn -0.2563 -0.1386 -0.9566
vn -0.2561 -0.1443 -0.9558
vt 0.401080 0.680926
vt 0.400973 0.672519
vt 0.401769 0.670539
vt 0.401878 0.678982
vt 0.400777 0.668109
vt 0.401372 0.665695
vt 0.401902 0.662963
vt 0.402173 0.667908
vt 0.402272 0.676377
vt 0.424378 0.652374
vt 0.424290 0.646897
vt 0.427018 0.646503
vt 0.427093 0.652013
vt 0.424235 0.641390
vt 0.426959 0.640967
vt 0.429714 0.640805
vt 0.429774 0.646353
vt 0.429832 0.651877
vt 0.456334 0.670545
vt 0.456236 0.662048
vt 0.457178 0.664639
vt 0.457257 0.673125
vt 0.456245 0.657083
vt 0.457263 0.659678
vt 0.458024 0.662353
vt 0.457857 0.667307
vt 0.457934 0.675784
vt 0.419078 0.653774
vt 0.419015 0.648401
vt 0.421614 0.647532
vt 0.421703 0.652959
vt 0.418979 0.642997
vt 0.421566 0.642069
vt 0.453773 0.665715
vt 0.453571 0.657211
vt 0.455031 0.659563
vt 0.455170 0.668067
vt 0.453445 0.652266
vt 0.454970 0.654602
vt 0.413822 0.658873
vt 0.414130 0.650938
vt 0.416516 0.649532
vt 0.416500 0.655090
vt 0.414137 0.645490
vt 0.416495 0.644154
vt 0.450323 0.661587
vt 0.449938 0.653219
vt 0.451866 0.655046
vt 0.452153 0.663528
vt 0.449744 0.648209
vt 0.451692 0.650115
vt 0.409588 0.662038
vt 0.409782 0.653665
vt 0.411867 0.652220
vt 0.411565 0.660372
vt 0.409856 0.648652
vt 0.411923 0.646972
vt 0.446021 0.658507
vt 0.445520 0.650595
vt 0.447817 0.651822
vt 0.448312 0.659961
vt 0.445389 0.645149
vt 0.447638 0.646579
vt 0.406225 0.666232
vt 0.406243 0.657733
vt 0.407898 0.655534
vt 0.407799 0.664014
vt 0.406255 0.652791
vt 0.407957 0.650601
vt 0.440630 0.653544
vt 0.440576 0.648169
vt 0.443101 0.649243
vt 0.443242 0.654798
vt 0.440493 0.642765
vt 0.443001 0.643866
vt 0.403764 0.671109
vt 0.403684 0.662622
vt 0.404835 0.660113
vt 0.404877 0.668610
vt 0.403566 0.657663
vt 0.404785 0.655158
vt 0.435297 0.652259
vt 0.435268 0.646780
vt 0.437958 0.647357
vt 0.437985 0.652786
vt 0.435204 0.641272
vt 0.437886 0.641894
vt 0.402796 0.665229
vt 0.402894 0.673707
vt 0.402606 0.660276
vt 0.432532 0.646444
vt 0.432574 0.651955
vt 0.432471 0.640908
vt 0.458316 0.669932
vt 0.458382 0.678382
vt 0.458612 0.665076
vt 0.459257 0.667480
vt 0.459153 0.671896
vt 0.459220 0.680311
vt 0.458283 0.699688
vt 0.458044 0.687533
vt 0.458509 0.690120
vt 0.458787 0.702279
vt 0.459356 0.692041
vt 0.459662 0.704202
vt 0.402418 0.700273
vt 0.402405 0.688119
vt 0.403044 0.685461
vt 0.403099 0.697612
vt 0.403931 0.682879
vt 0.404030 0.695030
vt 0.405055 0.680397
vt 0.405203 0.692551
vt 0.406403 0.678038
vt 0.406607 0.690198
vt 0.407961 0.675772
vt 0.408227 0.687889
vt 0.409702 0.673355
vt 0.410036 0.685131
vt 0.446098 0.677851
vt 0.446880 0.668068
vt 0.448565 0.670273
vt 0.448331 0.681234
vt 0.450446 0.672917
vt 0.450348 0.684707
vt 0.411532 0.670675
vt 0.411979 0.681617
vt 0.413177 0.668441
vt 0.414138 0.678186
vt 0.452235 0.675299
vt 0.452216 0.687426
vt 0.453838 0.677533
vt 0.453884 0.689701
vt 0.455235 0.679865
vt 0.455337 0.692025
vt 0.456410 0.682324
vt 0.456562 0.694479
vt 0.457350 0.684888
vt 0.457547 0.697041
vt 0.401133 0.704814
vt 0.401186 0.692652
vt 0.401994 0.690714
vt 0.401968 0.702873
vt 0.401643 0.722507
vt 0.401061 0.714699
vt 0.401872 0.712590
vt 0.402331 0.718994
vt 0.402367 0.709936
vt 0.402900 0.716242
vt 0.424859 0.694577
vt 0.424681 0.688148
vt 0.427441 0.688101
vt 0.427560 0.694295
vt 0.424674 0.682355
vt 0.427416 0.682549
vt 0.430174 0.682594
vt 0.430227 0.688064
vt 0.430290 0.694183
vt 0.456310 0.710541
vt 0.456747 0.704129
vt 0.457764 0.706695
vt 0.457333 0.713058
vt 0.458536 0.709349
vt 0.458135 0.715664
vt 0.419658 0.695655
vt 0.419348 0.688290
vt 0.421974 0.688209
vt 0.422217 0.695030
vt 0.419312 0.681528
vt 0.421968 0.682016
vt 0.453598 0.705861
vt 0.454009 0.699351
vt 0.455493 0.701673
vt 0.455063 0.708135
vt 0.414892 0.697807
vt 0.414454 0.689308
vt 0.416832 0.688462
vt 0.417210 0.696500
vt 0.416731 0.680698
vt 0.450043 0.701564
vt 0.450392 0.694553
vt 0.452307 0.697104
vt 0.451921 0.703711
vt 0.410696 0.701975
vt 0.410201 0.694974
vt 0.412247 0.691885
vt 0.412715 0.699740
vt 0.445760 0.697486
vt 0.446020 0.688980
vt 0.448282 0.691509
vt 0.447978 0.699372
vt 0.407231 0.706345
vt 0.406684 0.699846
vt 0.408339 0.697564
vt 0.408862 0.704160
vt 0.440950 0.695436
vt 0.441106 0.688070
vt 0.443625 0.688186
vt 0.443416 0.696228
vt 0.440995 0.681313
vt 0.443556 0.680422
vt 0.404617 0.711081
vt 0.404046 0.704680
vt 0.405249 0.702199
vt 0.405814 0.708650
vt 0.435728 0.694467
vt 0.435773 0.688040
vt 0.438480 0.688045
vt 0.438380 0.694865
vt 0.435662 0.682253
vt 0.438354 0.681859
vt 0.403083 0.707267
vt 0.403647 0.713619
vt 0.433012 0.688047
vt 0.433021 0.694240
vt 0.432930 0.682499
vt 0.459086 0.711992
vt 0.458762 0.718404
vt 0.459941 0.714084
vt 0.459524 0.721901
vt 0.436217 0.751598
vt 0.435783 0.749524
vt 0.438177 0.748896
vt 0.438809 0.750916
vt 0.435220 0.746851
vt 0.437354 0.746295
vt 0.439427 0.745535
vt 0.440504 0.748047
vt 0.441331 0.749999
vt 0.411914 0.705867
vt 0.410189 0.707760
vt 0.413273 0.707648
vt 0.411665 0.709380
vt 0.410246 0.711271
vt 0.408654 0.709795
vt 0.442740 0.746971
vt 0.443749 0.748831
vt 0.441422 0.744579
vt 0.443321 0.743436
vt 0.444875 0.745691
vt 0.446059 0.747450
vt 0.407312 0.711962
vt 0.408990 0.713279
vt 0.407943 0.715410
vt 0.406177 0.714253
vt 0.457424 0.723842
vt 0.457142 0.721128
vt 0.455431 0.724119
vt 0.455201 0.721745
vt 0.454694 0.719414
vt 0.456571 0.718575
vt 0.446891 0.744210
vt 0.448233 0.745846
vt 0.445116 0.742122
vt 0.446791 0.740647
vt 0.448785 0.742547
vt 0.450276 0.744057
vt 0.405245 0.716642
vt 0.407069 0.717625
vt 0.406419 0.719919
vt 0.404524 0.719119
vt 0.455799 0.716114
vt 0.453996 0.717135
vt 0.453075 0.714939
vt 0.454817 0.713745
vt 0.450558 0.740710
vt 0.452175 0.742080
vt 0.448350 0.739038
vt 0.449949 0.737221
vt 0.452276 0.738741
vt 0.453967 0.739953
vt 0.404007 0.721684
vt 0.405962 0.722261
vt 0.405781 0.724639
vt 0.403783 0.724403
vt 0.453635 0.711478
vt 0.451984 0.712831
vt 0.450686 0.710849
vt 0.452248 0.709340
vt 0.453967 0.736648
vt 0.455640 0.737652
vt 0.452311 0.735628
vt 0.453667 0.733482
vt 0.455345 0.734324
vt 0.457081 0.735153
vt 0.403895 0.727197
vt 0.401929 0.727259
vt 0.405836 0.727026
vt 0.406198 0.729390
vt 0.404316 0.729837
vt 0.402425 0.730287
vt 0.450670 0.707338
vt 0.449228 0.708988
vt 0.447584 0.707291
vt 0.448906 0.705482
vt 0.456350 0.731846
vt 0.458170 0.732475
vt 0.454556 0.731212
vt 0.455113 0.728880
vt 0.457004 0.729287
vt 0.458904 0.729697
vt 0.405023 0.732381
vt 0.403217 0.733048
vt 0.406802 0.731708
vt 0.407742 0.733956
vt 0.406082 0.734836
vt 0.404364 0.735702
vt 0.446974 0.703771
vt 0.445801 0.705745
vt 0.443863 0.704395
vt 0.444891 0.702272
vt 0.457370 0.726638
vt 0.459337 0.726659
vt 0.455426 0.726507
vt 0.407509 0.737133
vt 0.405857 0.738170
vt 0.409145 0.736081
vt 0.411537 0.737623
vt 0.409242 0.739190
vt 0.407576 0.740437
vt 0.442680 0.701027
vt 0.441815 0.703223
vt 0.439649 0.702274
vt 0.440355 0.700036
vt 0.411000 0.741122
vt 0.409411 0.742526
vt 0.413172 0.739403
vt 0.414763 0.740979
vt 0.412810 0.742921
vt 0.411350 0.744462
vt 0.437935 0.699267
vt 0.437407 0.701518
vt 0.435091 0.701000
vt 0.435441 0.698728
vt 0.414737 0.744544
vt 0.413430 0.746208
vt 0.416468 0.742419
vt 0.418290 0.743696
vt 0.416783 0.745982
vt 0.415636 0.747766
vt 0.432899 0.698411
vt 0.432736 0.700681
vt 0.430357 0.700607
vt 0.430333 0.698328
vt 0.418944 0.747218
vt 0.417974 0.749099
vt 0.420212 0.744799
vt 0.422226 0.745714
vt 0.421202 0.748247
vt 0.420416 0.750216
vt 0.427770 0.698463
vt 0.427980 0.700730
vt 0.425633 0.701097
vt 0.425234 0.698832
vt 0.423546 0.749048
vt 0.422956 0.751081
vt 0.424314 0.746431
vt 0.426460 0.746942
vt 0.425952 0.749626
vt 0.425562 0.751709
vt 0.422753 0.699423
vt 0.423328 0.701662
vt 0.421101 0.702465
vt 0.420349 0.700243
vt 0.428403 0.749958
vt 0.428218 0.752066
vt 0.428643 0.747241
vt 0.430844 0.747327
vt 0.430873 0.750057
vt 0.430895 0.752177
vt 0.418046 0.701283
vt 0.418956 0.703459
vt 0.416933 0.704675
vt 0.415861 0.702574
vt 0.433340 0.749907
vt 0.433569 0.752011
vt 0.433043 0.747196
vt 0.413810 0.704116
vt 0.415023 0.706065
vt 0.435933 0.711819
vt 0.435041 0.713851
vt 0.433919 0.713462
vt 0.434606 0.711384
vt 0.433437 0.716088
vt 0.432584 0.715710
vt 0.431714 0.715424
vt 0.432769 0.713181
vt 0.433249 0.711053
vt 0.419256 0.736683
vt 0.421589 0.734540
vt 0.422523 0.735425
vt 0.420427 0.737751
vt 0.424419 0.732578
vt 0.425135 0.733328
vt 0.425912 0.733999
vt 0.423546 0.736204
vt 0.421705 0.738691
vt 0.431597 0.713016
vt 0.431862 0.710879
vt 0.430834 0.715231
vt 0.429952 0.715135
vt 0.430418 0.712962
vt 0.430465 0.710813
vt 0.424646 0.736872
vt 0.423080 0.739499
vt 0.426741 0.734585
vt 0.427612 0.735080
vt 0.425808 0.737426
vt 0.424529 0.740168
vt 0.429241 0.713012
vt 0.429071 0.710907
vt 0.429080 0.715049
vt 0.428345 0.714713
vt 0.428088 0.713140
vt 0.427688 0.711109
vt 0.427021 0.737860
vt 0.426041 0.740691
vt 0.428516 0.735480
vt 0.429444 0.735782
vt 0.428270 0.738171
vt 0.427597 0.741064
vt 0.426962 0.713481
vt 0.426338 0.711468
vt 0.427645 0.715347
vt 0.426616 0.715823
vt 0.425832 0.713909
vt 0.425019 0.711930
vt 0.429543 0.738356
vt 0.429182 0.741283
vt 0.430384 0.735983
vt 0.431327 0.736081
vt 0.430827 0.738414
vt 0.430782 0.741345
vt 0.424734 0.714413
vt 0.423763 0.712540
vt 0.425557 0.716225
vt 0.424621 0.716277
vt 0.423701 0.714974
vt 0.422559 0.713246
vt 0.432107 0.738360
vt 0.432380 0.741250
vt 0.432260 0.736161
vt 0.433049 0.736495
vt 0.433362 0.738212
vt 0.433961 0.740998
vt 0.422800 0.715706
vt 0.421443 0.714085
vt 0.424338 0.717042
vt 0.423785 0.717728
vt 0.421937 0.716510
vt 0.420396 0.715008
vt 0.434584 0.737838
vt 0.435509 0.740593
vt 0.433793 0.735837
vt 0.434886 0.735323
vt 0.435808 0.737362
vt 0.437010 0.740039
vt 0.421146 0.717388
vt 0.419461 0.716046
vt 0.423233 0.718430
vt 0.422750 0.719199
vt 0.420439 0.718341
vt 0.418609 0.717153
vt 0.436992 0.736798
vt 0.438444 0.739339
vt 0.436008 0.734875
vt 0.437005 0.734777
vt 0.438098 0.736166
vt 0.439802 0.738502
vt 0.419830 0.719360
vt 0.417888 0.718349
vt 0.422340 0.720029
vt 0.422007 0.720913
vt 0.419317 0.720436
vt 0.417262 0.719597
vt 0.445147 0.724711
vt 0.442877 0.725014
vt 0.442764 0.723806
vt 0.445007 0.723326
vt 0.439767 0.725797
vt 0.439628 0.724778
vt 0.439408 0.723770
vt 0.442540 0.722618
vt 0.444757 0.721958
vt 0.439050 0.735352
vt 0.441061 0.737536
vt 0.437278 0.733977
vt 0.437836 0.733241
vt 0.439943 0.734449
vt 0.442209 0.736444
vt 0.418911 0.721559
vt 0.416782 0.720906
vt 0.421755 0.721842
vt 0.421585 0.722809
vt 0.418611 0.722722
vt 0.416406 0.722247
vt 0.442204 0.721460
vt 0.444352 0.720623
vt 0.439107 0.722783
vt 0.438728 0.721824
vt 0.441763 0.720339
vt 0.443845 0.719325
vt 0.440745 0.733457
vt 0.443219 0.735244
vt 0.438383 0.732482
vt 0.438845 0.731653
vt 0.441411 0.732363
vt 0.444162 0.733868
vt 0.418426 0.723912
vt 0.416184 0.723621
vt 0.421499 0.723807
vt 0.421497 0.724825
vt 0.418350 0.725124
vt 0.416075 0.725008
vt 0.441215 0.719268
vt 0.443193 0.718091
vt 0.438275 0.720902
vt 0.437752 0.720024
vt 0.440572 0.718254
vt 0.442447 0.716910
vt 0.441862 0.731147
vt 0.444027 0.731854
vt 0.439216 0.730764
vt 0.439496 0.729822
vt 0.442256 0.729928
vt 0.444383 0.730329
vt 0.418389 0.726347
vt 0.416117 0.726402
vt 0.421578 0.725857
vt 0.421742 0.726893
vt 0.418536 0.727577
vt 0.416276 0.727799
vt 0.439835 0.717308
vt 0.441573 0.715822
vt 0.437162 0.719198
vt 0.436512 0.718431
vt 0.439016 0.716435
vt 0.440617 0.714804
vt 0.442564 0.728698
vt 0.444746 0.728904
vt 0.439690 0.728843
vt 0.439798 0.727839
vt 0.442773 0.727465
vt 0.445002 0.727501
vt 0.418787 0.728808
vt 0.416563 0.729201
vt 0.421987 0.727925
vt 0.422310 0.728941
vt 0.419138 0.730034
vt 0.416957 0.730622
vt 0.438116 0.715648
vt 0.439552 0.713902
vt 0.435808 0.717731
vt 0.435056 0.717103
vt 0.437149 0.714950
vt 0.438419 0.713085
vt 0.442879 0.726236
vt 0.445133 0.726104
vt 0.439824 0.726820
vt 0.419566 0.731259
vt 0.417351 0.732133
vt 0.422715 0.729927
vt 0.423202 0.730869
vt 0.420059 0.732469
vt 0.417250 0.734148
vt 0.436119 0.714350
vt 0.437201 0.712404
vt 0.434263 0.716554
vt 0.420758 0.733557
vt 0.418221 0.735505
vt 0.423772 0.731755
vt 0.414726 0.736469
vt 0.415748 0.737627
vt 0.417005 0.738903
vt 0.444505 0.738619
vt 0.445735 0.737319
vt 0.446731 0.736143
vt 0.441589 0.741005
vt 0.443109 0.739871
vt 0.438240 0.742818
vt 0.439960 0.741990
vt 0.434602 0.743957
vt 0.436449 0.743476
vt 0.430814 0.744369
vt 0.432718 0.744256
vt 0.427017 0.744036
vt 0.428907 0.744295
vt 0.423356 0.742972
vt 0.425161 0.743593
vt 0.419970 0.741229
vt 0.421620 0.742180
vt 0.418427 0.740127
vt 0.435788 0.733819
vt 0.435983 0.733242
vt 0.434436 0.734327
vt 0.434252 0.733918
vt 0.433143 0.734971
vt 0.432576 0.734728
vt 0.436200 0.732686
vt 0.436359 0.732060
vt 0.434082 0.733540
vt 0.433878 0.733086
vt 0.432010 0.734514
vt 0.431431 0.734214
vt 0.436459 0.731372
vt 0.436499 0.730629
vt 0.433642 0.732559
vt 0.433377 0.731965
vt 0.430846 0.733829
vt 0.430260 0.733364
vt 0.436481 0.729837
vt 0.436406 0.729005
vt 0.433085 0.731309
vt 0.432771 0.730598
vt 0.429680 0.732822
vt 0.429113 0.732208
vt 0.436276 0.728141
vt 0.436094 0.727255
vt 0.432438 0.729838
vt 0.432090 0.729038
vt 0.428563 0.731530
vt 0.428038 0.730792
vt 0.435863 0.726355
vt 0.435585 0.725448
vt 0.431730 0.728203
vt 0.431363 0.727343
vt 0.427543 0.730002
vt 0.427082 0.729168
vt 0.435263 0.724544
vt 0.434899 0.723651
vt 0.430992 0.726466
vt 0.430620 0.725579
vt 0.426660 0.728297
vt 0.426280 0.727399
vt 0.434499 0.722776
vt 0.434063 0.721929
vt 0.430251 0.724691
vt 0.429887 0.723811
vt 0.425943 0.726483
vt 0.425653 0.725559
vt 0.433597 0.721116
vt 0.433105 0.720345
vt 0.429532 0.722949
vt 0.429189 0.722113
vt 0.425409 0.724638
vt 0.425214 0.723728
vt 0.432590 0.719624
vt 0.432058 0.718959
vt 0.428860 0.721310
vt 0.428549 0.720549
vt 0.425071 0.722838
vt 0.424979 0.721977
vt 0.431513 0.718357
vt 0.430961 0.717823
vt 0.428258 0.719838
vt 0.427990 0.719181
vt 0.424940 0.721153
vt 0.424954 0.720372
vt 0.430406 0.717362
vt 0.429854 0.716979
vt 0.427747 0.718587
vt 0.427531 0.718060
vt 0.425022 0.719643
vt 0.425142 0.718972
vt 0.429309 0.716677
vt 0.428778 0.716459
vt 0.427345 0.717606
vt 0.427191 0.717228
vt 0.425314 0.718365
vt 0.425536 0.717828
vt 0.428247 0.716211
vt 0.427023 0.716819
vt 0.425737 0.717269
vt 0.330712 0.711794
vt 0.331505 0.713736
vt 0.331385 0.722159
vt 0.330595 0.720184
vt 0.331896 0.716336
vt 0.331785 0.724785
vt 0.331505 0.729718
vt 0.330982 0.726992
vt 0.330393 0.724582
vt 0.353881 0.740333
vt 0.356586 0.740700
vt 0.356497 0.746198
vt 0.353779 0.745798
vt 0.359316 0.740842
vt 0.359243 0.746355
vt 0.359169 0.751892
vt 0.356424 0.751722
vt 0.353710 0.751293
vt 0.385787 0.722295
vt 0.386717 0.719723
vt 0.386607 0.728189
vt 0.385659 0.730771
vt 0.387402 0.717072
vt 0.387293 0.725530
vt 0.387443 0.730473
vt 0.386676 0.733139
vt 0.385654 0.735724
vt 0.348602 0.738922
vt 0.351216 0.739743
vt 0.351114 0.745157
vt 0.348526 0.744284
vt 0.351052 0.750609
vt 0.348476 0.749676
vt 0.383217 0.727104
vt 0.384617 0.724763
vt 0.384451 0.733247
vt 0.382989 0.735589
vt 0.384376 0.738196
vt 0.382850 0.740521
vt 0.343377 0.733822
vt 0.346036 0.737603
vt 0.346038 0.743149
vt 0.343664 0.741741
vt 0.346004 0.748516
vt 0.343657 0.747176
vt 0.379766 0.731212
vt 0.381595 0.729281
vt 0.381284 0.737743
vt 0.379357 0.739560
vt 0.381097 0.742663
vt 0.379151 0.744558
vt 0.339164 0.730655
vt 0.341131 0.732321
vt 0.341412 0.740456
vt 0.339338 0.739010
vt 0.341454 0.745693
vt 0.339399 0.744012
vt 0.375469 0.734272
vt 0.377756 0.732828
vt 0.377240 0.740948
vt 0.374947 0.742166
vt 0.377047 0.746179
vt 0.374802 0.747599
vt 0.335821 0.726464
vt 0.337385 0.728680
vt 0.337465 0.737141
vt 0.335821 0.734944
vt 0.337511 0.742063
vt 0.335821 0.739874
vt 0.370082 0.739209
vt 0.372689 0.737965
vt 0.372533 0.743507
vt 0.370013 0.744572
vt 0.372419 0.748873
vt 0.369917 0.749965
vt 0.333376 0.721594
vt 0.334481 0.724089
vt 0.334423 0.732566
vt 0.333281 0.730062
vt 0.334362 0.737510
vt 0.333153 0.735008
vt 0.364763 0.740477
vt 0.367444 0.739958
vt 0.367402 0.745375
vt 0.364720 0.745944
vt 0.367316 0.750826
vt 0.364641 0.751440
vt 0.332512 0.719001
vt 0.332401 0.727459
vt 0.332201 0.732400
vt 0.362048 0.740772
vt 0.361992 0.746271
vt 0.361917 0.751795
vt 0.387860 0.714482
vt 0.387761 0.722913
vt 0.388703 0.712560
vt 0.388603 0.720956
vt 0.388689 0.725363
vt 0.388038 0.727759
vt 0.387864 0.693204
vt 0.388381 0.690615
vt 0.388039 0.702764
vt 0.387563 0.705346
vt 0.389264 0.688696
vt 0.388894 0.700849
vt 0.332050 0.692475
vt 0.332729 0.695135
vt 0.332673 0.707271
vt 0.332037 0.704617
vt 0.333658 0.697715
vt 0.333556 0.709849
vt 0.334828 0.700193
vt 0.334674 0.712328
vt 0.336228 0.702546
vt 0.336016 0.714684
vt 0.337843 0.704854
vt 0.337566 0.716948
vt 0.339645 0.707610
vt 0.339299 0.719363
vt 0.375607 0.714968
vt 0.377849 0.711599
vt 0.378041 0.722538
vt 0.376354 0.724733
vt 0.379876 0.708139
vt 0.379926 0.719906
vt 0.341580 0.711121
vt 0.341119 0.722041
vt 0.343729 0.714550
vt 0.342755 0.724273
vt 0.381751 0.705431
vt 0.381719 0.717536
vt 0.383425 0.703165
vt 0.383326 0.715311
vt 0.384886 0.700850
vt 0.384728 0.712990
vt 0.386120 0.698402
vt 0.385910 0.710540
vt 0.387116 0.695846
vt 0.386859 0.707984
vt 0.330767 0.687933
vt 0.331600 0.689874
vt 0.331628 0.702025
vt 0.330823 0.700089
vt 0.331259 0.670195
vt 0.331946 0.673722
vt 0.331495 0.680147
vt 0.330685 0.678033
vt 0.332516 0.676485
vt 0.331991 0.682805
vt 0.354452 0.698227
vt 0.357152 0.698517
vt 0.357021 0.704691
vt 0.354264 0.704637
vt 0.359881 0.698636
vt 0.359803 0.704737
vt 0.359737 0.710191
vt 0.356984 0.710229
vt 0.354247 0.710416
vt 0.385963 0.682334
vt 0.386998 0.679815
vt 0.387388 0.686191
vt 0.386359 0.688756
vt 0.387812 0.677205
vt 0.388174 0.683537
vt 0.349255 0.697134
vt 0.351811 0.697767
vt 0.351561 0.704568
vt 0.348940 0.704480
vt 0.351546 0.710747
vt 0.348895 0.711228
vt 0.383230 0.687013
vt 0.384705 0.684740
vt 0.385094 0.691208
vt 0.383601 0.693525
vt 0.344494 0.694969
vt 0.346809 0.696282
vt 0.346429 0.704302
vt 0.344056 0.703451
vt 0.346319 0.712049
vt 0.379658 0.691304
vt 0.381545 0.689161
vt 0.381891 0.695766
vt 0.379967 0.698308
vt 0.340303 0.690790
vt 0.342320 0.693031
vt 0.341854 0.700873
vt 0.339813 0.697783
vt 0.375360 0.695371
vt 0.377584 0.693491
vt 0.377846 0.701343
vt 0.375577 0.703861
vt 0.336843 0.686408
vt 0.338472 0.688599
vt 0.337955 0.695192
vt 0.336303 0.692907
vt 0.370545 0.697409
vt 0.373011 0.696623
vt 0.373183 0.704648
vt 0.370668 0.704757
vt 0.373082 0.712395
vt 0.370530 0.711498
vt 0.334232 0.681660
vt 0.335427 0.684098
vt 0.334871 0.690552
vt 0.333670 0.688068
vt 0.365320 0.698366
vt 0.367973 0.697974
vt 0.368045 0.704775
vt 0.365342 0.704774
vt 0.367897 0.710946
vt 0.365212 0.710545
vt 0.333262 0.679116
vt 0.332708 0.685478
vt 0.362613 0.698587
vt 0.362585 0.704760
vt 0.362487 0.710293
vt 0.388453 0.674458
vt 0.388738 0.680893
vt 0.389231 0.670949
vt 0.389603 0.678800
vt 0.366034 0.640584
vt 0.368662 0.641294
vt 0.368048 0.643171
vt 0.365613 0.642519
vt 0.371215 0.642259
vt 0.370411 0.644063
vt 0.369658 0.645735
vt 0.367474 0.644913
vt 0.365220 0.644315
vt 0.339789 0.685001
vt 0.341513 0.686903
vt 0.338255 0.682958
vt 0.339839 0.681485
vt 0.341257 0.683386
vt 0.342865 0.685128
vt 0.373654 0.643497
vt 0.372674 0.645204
vt 0.375964 0.644978
vt 0.374818 0.646583
vt 0.373740 0.648053
vt 0.371754 0.646777
vt 0.336915 0.680783
vt 0.335781 0.678482
vt 0.337538 0.677325
vt 0.338584 0.679465
vt 0.386855 0.671713
vt 0.387146 0.668988
vt 0.386273 0.674276
vt 0.384408 0.673424
vt 0.384924 0.671083
vt 0.385162 0.668698
vt 0.378108 0.646697
vt 0.376803 0.648205
vt 0.380106 0.648588
vt 0.378608 0.650044
vt 0.376614 0.651908
vt 0.375518 0.649614
vt 0.334850 0.676084
vt 0.334131 0.673597
vt 0.336017 0.672795
vt 0.336665 0.675099
vt 0.385489 0.676743
vt 0.384496 0.679117
vt 0.382770 0.677914
vt 0.383700 0.675712
vt 0.381972 0.650624
vt 0.380344 0.651967
vt 0.383740 0.652788
vt 0.382042 0.653982
vt 0.379710 0.655492
vt 0.378148 0.653643
vt 0.333615 0.671021
vt 0.333395 0.668289
vt 0.335385 0.668052
vt 0.335562 0.670441
vt 0.383304 0.681387
vt 0.381908 0.683527
vt 0.380362 0.682013
vt 0.381669 0.680027
vt 0.385397 0.655114
vt 0.383722 0.656103
vt 0.386828 0.657632
vt 0.385093 0.658450
vt 0.383418 0.659285
vt 0.382065 0.657112
vt 0.331554 0.665419
vt 0.333513 0.665480
vt 0.332057 0.662379
vt 0.333941 0.662828
vt 0.335815 0.663274
vt 0.335446 0.665652
vt 0.380321 0.685530
vt 0.378549 0.687386
vt 0.377244 0.685576
vt 0.378896 0.683877
vt 0.387910 0.660324
vt 0.386094 0.660943
vt 0.388637 0.663115
vt 0.386742 0.663516
vt 0.384857 0.663913
vt 0.384306 0.661568
vt 0.332856 0.659607
vt 0.334655 0.660273
vt 0.334006 0.656943
vt 0.335719 0.657806
vt 0.337372 0.658682
vt 0.336428 0.660942
vt 0.376610 0.689096
vt 0.374520 0.690593
vt 0.373509 0.688473
vt 0.375454 0.687124
vt 0.389061 0.666168
vt 0.387101 0.666178
vt 0.385164 0.666298
vt 0.335501 0.654464
vt 0.337150 0.655497
vt 0.337220 0.652183
vt 0.338886 0.653421
vt 0.341176 0.654992
vt 0.338778 0.656552
vt 0.372304 0.691835
vt 0.369974 0.692823
vt 0.369281 0.690593
vt 0.371453 0.689645
vt 0.339044 0.650066
vt 0.340636 0.651450
vt 0.340961 0.648080
vt 0.342422 0.649574
vt 0.344367 0.651488
vt 0.342787 0.653182
vt 0.367549 0.693588
vt 0.365051 0.694122
vt 0.364709 0.691860
vt 0.367032 0.691346
vt 0.343008 0.646241
vt 0.344273 0.647782
vt 0.345196 0.644578
vt 0.346301 0.646212
vt 0.347340 0.647710
vt 0.345522 0.649224
vt 0.362504 0.694432
vt 0.359935 0.694509
vt 0.359964 0.692242
vt 0.362349 0.692173
vt 0.347543 0.643158
vt 0.348479 0.644890
vt 0.350014 0.641984
vt 0.350771 0.643809
vt 0.351480 0.645499
vt 0.349358 0.646486
vt 0.357369 0.694366
vt 0.354831 0.693990
vt 0.355231 0.691737
vt 0.357582 0.692112
vt 0.352590 0.641086
vt 0.353156 0.642979
vt 0.355235 0.640444
vt 0.355606 0.642389
vt 0.355953 0.644195
vt 0.353685 0.644734
vt 0.352348 0.693391
vt 0.349945 0.692562
vt 0.350695 0.690351
vt 0.352923 0.691163
vt 0.357928 0.640083
vt 0.358101 0.642053
vt 0.360642 0.639978
vt 0.360616 0.641958
vt 0.360592 0.643798
vt 0.358263 0.643882
vt 0.347641 0.691514
vt 0.345458 0.690214
vt 0.346524 0.688121
vt 0.348548 0.689347
vt 0.363351 0.640153
vt 0.363128 0.642118
vt 0.362919 0.643942
vt 0.343407 0.688663
vt 0.344614 0.686721
vt 0.365625 0.681114
vt 0.364283 0.681556
vt 0.363713 0.679509
vt 0.364861 0.679119
vt 0.362909 0.681888
vt 0.362534 0.679787
vt 0.362154 0.677666
vt 0.363134 0.677433
vt 0.364088 0.677106
vt 0.348914 0.656040
vt 0.350792 0.655699
vt 0.352174 0.657385
vt 0.351155 0.658174
vt 0.352110 0.654937
vt 0.353232 0.656661
vt 0.354485 0.658500
vt 0.353646 0.659114
vt 0.352875 0.659807
vt 0.361506 0.682063
vt 0.361332 0.679946
vt 0.360094 0.682124
vt 0.360122 0.679991
vt 0.360150 0.677837
vt 0.361156 0.677800
vt 0.353406 0.654207
vt 0.354339 0.656026
vt 0.354751 0.653602
vt 0.355500 0.655503
vt 0.356332 0.657536
vt 0.355384 0.657973
vt 0.358683 0.682026
vt 0.358912 0.679915
vt 0.357285 0.681813
vt 0.357716 0.679723
vt 0.358151 0.677613
vt 0.359145 0.677774
vt 0.356140 0.653127
vt 0.356700 0.655090
vt 0.357565 0.652788
vt 0.357933 0.654800
vt 0.358338 0.656952
vt 0.357320 0.657195
vt 0.355920 0.681445
vt 0.356544 0.679414
vt 0.354590 0.680968
vt 0.355407 0.678994
vt 0.356233 0.677001
vt 0.357177 0.677354
vt 0.359016 0.652593
vt 0.359187 0.654628
vt 0.360478 0.652538
vt 0.360451 0.654583
vt 0.360421 0.656772
vt 0.359375 0.656811
vt 0.353322 0.680344
vt 0.354317 0.678462
vt 0.352110 0.679619
vt 0.353283 0.677829
vt 0.354467 0.676025
vt 0.355327 0.676557
vt 0.361939 0.652630
vt 0.361713 0.654659
vt 0.363385 0.652862
vt 0.362963 0.654862
vt 0.362501 0.657001
vt 0.361466 0.656836
vt 0.350986 0.678762
vt 0.352315 0.677096
vt 0.349934 0.677818
vt 0.351421 0.676275
vt 0.352919 0.674717
vt 0.353662 0.675410
vt 0.364801 0.653237
vt 0.364189 0.655183
vt 0.366178 0.653746
vt 0.365380 0.655626
vt 0.364494 0.657633
vt 0.363513 0.657268
vt 0.348994 0.676762
vt 0.350611 0.675369
vt 0.348141 0.675635
vt 0.349888 0.674391
vt 0.351648 0.673131
vt 0.352246 0.673953
vt 0.367508 0.654387
vt 0.366528 0.656178
vt 0.368786 0.655150
vt 0.367620 0.656842
vt 0.366321 0.658643
vt 0.365433 0.658093
vt 0.347417 0.674420
vt 0.349264 0.673346
vt 0.346792 0.673153
vt 0.348740 0.672248
vt 0.350700 0.671326
vt 0.351131 0.672252
vt 0.374948 0.668066
vt 0.374806 0.669463
vt 0.372704 0.669043
vt 0.372812 0.667824
vt 0.374551 0.670846
vt 0.372483 0.670244
vt 0.370407 0.669625
vt 0.370587 0.668607
vt 0.370670 0.667581
vt 0.370084 0.655947
vt 0.368661 0.657594
vt 0.371953 0.656339
vt 0.369659 0.658411
vt 0.367901 0.659995
vt 0.367147 0.659279
vt 0.346312 0.671826
vt 0.348326 0.671103
vt 0.345938 0.670468
vt 0.348021 0.669923
vt 0.350111 0.669363
vt 0.350359 0.670360
vt 0.374142 0.672193
vt 0.372146 0.671416
vt 0.373627 0.673508
vt 0.371702 0.672551
vt 0.369768 0.671578
vt 0.370133 0.670618
vt 0.372950 0.657539
vt 0.370504 0.659382
vt 0.373909 0.658882
vt 0.371209 0.660460
vt 0.369156 0.661639
vt 0.368573 0.660784
vt 0.345720 0.669080
vt 0.347831 0.668717
vt 0.345614 0.667679
vt 0.347756 0.667495
vt 0.349903 0.667313
vt 0.349959 0.668345
vt 0.372969 0.674758
vt 0.371150 0.673636
vt 0.372214 0.675954
vt 0.370500 0.674665
vt 0.368773 0.673362
vt 0.369313 0.672495
vt 0.373793 0.660891
vt 0.371701 0.661665
vt 0.374168 0.662407
vt 0.372118 0.662888
vt 0.370039 0.663510
vt 0.369645 0.662551
vt 0.345666 0.666275
vt 0.347795 0.666264
vt 0.345832 0.664872
vt 0.347951 0.665031
vt 0.350081 0.665247
vt 0.349944 0.666277
vt 0.371331 0.677058
vt 0.369752 0.675624
vt 0.370364 0.678089
vt 0.368918 0.676509
vt 0.367461 0.674914
vt 0.368154 0.674171
vt 0.374540 0.663839
vt 0.372454 0.664118
vt 0.374804 0.665252
vt 0.372681 0.665357
vt 0.370546 0.665520
vt 0.370339 0.664504
vt 0.346131 0.663468
vt 0.348209 0.663798
vt 0.346538 0.662048
vt 0.348577 0.662578
vt 0.350639 0.663248
vt 0.350313 0.664232
vt 0.369287 0.679005
vt 0.368002 0.677306
vt 0.368141 0.679832
vt 0.367015 0.678012
vt 0.365879 0.676177
vt 0.366700 0.675585
vt 0.374934 0.666661
vt 0.372806 0.666593
vt 0.370656 0.666549
vt 0.346951 0.660542
vt 0.349026 0.661367
vt 0.346893 0.658532
vt 0.349550 0.660177
vt 0.351576 0.661409
vt 0.351058 0.662301
vt 0.366909 0.680524
vt 0.365964 0.678617
vt 0.365006 0.676685
vt 0.347886 0.657214
vt 0.350285 0.659121
vt 0.352183 0.660574
vt 0.345332 0.655069
vt 0.344361 0.656172
vt 0.346205 0.654058
vt 0.375560 0.655466
vt 0.374713 0.654431
vt 0.376503 0.656597
vt 0.354009 0.645808
vt 0.351914 0.646529
vt 0.356165 0.645296
vt 0.356387 0.646456
vt 0.354349 0.646940
vt 0.352371 0.647615
vt 0.349902 0.647458
vt 0.347993 0.648598
vt 0.350477 0.648484
vt 0.348687 0.649532
vt 0.350159 0.654664
vt 0.351514 0.653917
vt 0.348637 0.654703
vt 0.348579 0.653932
vt 0.349594 0.653677
vt 0.350927 0.652891
vt 0.370743 0.654929
vt 0.372265 0.655010
vt 0.369408 0.654147
vt 0.370021 0.653137
vt 0.371334 0.653959
vt 0.372342 0.654241
vt 0.362069 0.651452
vt 0.363627 0.651703
vt 0.360494 0.651355
vt 0.360509 0.650169
vt 0.362200 0.650271
vt 0.363871 0.650542
vt 0.346364 0.649968
vt 0.345760 0.651601
vt 0.347192 0.650724
vt 0.346585 0.651716
vt 0.374658 0.650336
vt 0.373064 0.648924
vt 0.375219 0.651985
vt 0.374392 0.652078
vt 0.373810 0.651070
vt 0.372347 0.649839
vt 0.352890 0.653144
vt 0.354327 0.652496
vt 0.352373 0.652076
vt 0.353901 0.651387
vt 0.474635 0.656530
vt 0.474246 0.655608
vt 0.475145 0.655213
vt 0.475486 0.656065
vt 0.473983 0.654642
vt 0.474897 0.654331
vt 0.475698 0.653501
vt 0.475995 0.654331
vt 0.476369 0.655142
vt 0.489297 0.643809
vt 0.490122 0.644369
vt 0.489504 0.645135
vt 0.488744 0.644608
vt 0.490866 0.645036
vt 0.490205 0.645735
vt 0.489254 0.646741
vt 0.488559 0.646137
vt 0.487817 0.645595
vt 0.484214 0.662597
vt 0.483211 0.662580
vt 0.483383 0.661618
vt 0.484295 0.661639
vt 0.482219 0.662430
vt 0.482478 0.661500
vt 0.483261 0.660654
vt 0.484111 0.660821
vt 0.484958 0.660907
vt 0.475637 0.658252
vt 0.475078 0.657425
vt 0.475902 0.656886
vt 0.476403 0.657658
vt 0.476818 0.655928
vt 0.477336 0.656679
vt 0.487517 0.642907
vt 0.488437 0.643299
vt 0.487945 0.644151
vt 0.487101 0.643782
vt 0.487039 0.645119
vt 0.486229 0.644715
vt 0.486205 0.662375
vt 0.485217 0.662553
vt 0.485199 0.661579
vt 0.486093 0.661425
vt 0.485793 0.660908
vt 0.486608 0.660826
vt 0.476939 0.659762
vt 0.476248 0.659039
vt 0.476973 0.658386
vt 0.477606 0.659059
vt 0.477919 0.657389
vt 0.478560 0.658051
vt 0.485595 0.642362
vt 0.486574 0.642570
vt 0.486231 0.643490
vt 0.485336 0.643291
vt 0.485398 0.644387
vt 0.484552 0.644138
vt 0.488128 0.661794
vt 0.487179 0.662133
vt 0.486968 0.661196
vt 0.487816 0.660888
vt 0.487393 0.660662
vt 0.488139 0.660416
vt 0.478517 0.660984
vt 0.477690 0.660425
vt 0.478309 0.659659
vt 0.479069 0.660185
vt 0.479255 0.658655
vt 0.479996 0.659197
vt 0.483600 0.642194
vt 0.484604 0.642212
vt 0.484431 0.643174
vt 0.483519 0.643152
vt 0.483702 0.643969
vt 0.482855 0.643883
vt 0.489912 0.660843
vt 0.489041 0.661362
vt 0.488627 0.660508
vt 0.489381 0.660060
vt 0.488816 0.660108
vt 0.489299 0.659844
vt 0.480297 0.661885
vt 0.479378 0.661493
vt 0.479869 0.660641
vt 0.480713 0.661010
vt 0.480775 0.659673
vt 0.481585 0.660076
vt 0.481607 0.642413
vt 0.482597 0.642237
vt 0.482614 0.643211
vt 0.481719 0.643364
vt 0.482020 0.643882
vt 0.481206 0.643964
vt 0.491438 0.659517
vt 0.490701 0.660209
vt 0.490071 0.659497
vt 0.490747 0.658864
vt 0.489832 0.659377
vt 0.490555 0.658683
vt 0.479689 0.643010
vt 0.480628 0.642647
vt 0.480846 0.643592
vt 0.480000 0.643907
vt 0.480422 0.644130
vt 0.479676 0.644378
vt 0.492674 0.657918
vt 0.492086 0.658742
vt 0.491340 0.658154
vt 0.491863 0.657433
vt 0.491207 0.657921
vt 0.491643 0.657362
vt 0.477903 0.643949
vt 0.478775 0.643433
vt 0.479188 0.644286
vt 0.478434 0.644733
vt 0.478998 0.644685
vt 0.478516 0.644949
vt 0.493537 0.656091
vt 0.493134 0.657017
vt 0.492267 0.656654
vt 0.492608 0.655824
vt 0.491879 0.656866
vt 0.492152 0.656172
vt 0.476377 0.645275
vt 0.477114 0.644583
vt 0.477743 0.645296
vt 0.477067 0.645928
vt 0.477983 0.645415
vt 0.477260 0.646109
vt 0.494001 0.654133
vt 0.493815 0.655121
vt 0.492867 0.654962
vt 0.493046 0.654075
vt 0.492357 0.655415
vt 0.492477 0.654622
vt 0.475141 0.646874
vt 0.475728 0.646050
vt 0.476475 0.646638
vt 0.475952 0.647359
vt 0.476607 0.646870
vt 0.476172 0.647429
vt 0.494110 0.652131
vt 0.494122 0.653136
vt 0.493149 0.653173
vt 0.493158 0.652267
vt 0.492512 0.653804
vt 0.492464 0.652971
vt 0.474277 0.648700
vt 0.474680 0.647774
vt 0.475548 0.648138
vt 0.475206 0.648967
vt 0.475935 0.647925
vt 0.475663 0.648620
vt 0.493831 0.650150
vt 0.494036 0.651131
vt 0.493085 0.651357
vt 0.492917 0.650461
vt 0.492332 0.652129
vt 0.492116 0.651290
vt 0.473814 0.650659
vt 0.473999 0.649671
vt 0.474947 0.649830
vt 0.474768 0.650716
vt 0.475457 0.649377
vt 0.475338 0.650169
vt 0.493179 0.648261
vt 0.493568 0.649184
vt 0.492669 0.649577
vt 0.492329 0.648726
vt 0.491820 0.650460
vt 0.491446 0.649648
vt 0.473705 0.652660
vt 0.473692 0.651655
vt 0.474665 0.651618
vt 0.474657 0.652525
vt 0.475302 0.650987
vt 0.475350 0.651821
vt 0.442853 0.677194
vt 0.444450 0.674030
vt 0.440508 0.678350
vt 0.372369 0.715613
vt 0.370033 0.714453
vt 0.373951 0.718776
vt 0.416168 0.641499
vt 0.418715 0.640309
vt 0.413743 0.642901
vt 0.345671 0.751164
vt 0.343257 0.749759
vt 0.348206 0.752358
vt 0.446136 0.719958
vt 0.446580 0.721459
vt 0.445540 0.718506
vt 0.375904 0.672866
vt 0.375301 0.674332
vt 0.376354 0.671356
vt 0.400009 0.727483
vt 0.399536 0.722772
vt 0.400561 0.730726
vt 0.329640 0.665194
vt 0.330200 0.661938
vt 0.329159 0.669929
vt 0.427205 0.654725
vt 0.424583 0.655066
vt 0.429859 0.654591
vt 0.356705 0.737994
vt 0.359350 0.738135
vt 0.354092 0.737647
vt 0.411447 0.644491
vt 0.409282 0.646276
vt 0.340974 0.748168
vt 0.338820 0.746381
vt 0.414985 0.720278
vt 0.415551 0.718813
vt 0.414573 0.721785
vt 0.344533 0.672453
vt 0.344123 0.670929
vt 0.345097 0.673932
vt 0.401404 0.733707
vt 0.402672 0.736561
vt 0.331050 0.658948
vt 0.332320 0.656086
vt 0.438030 0.679021
vt 0.435459 0.679511
vt 0.367563 0.713777
vt 0.365000 0.713281
vt 0.407263 0.648285
vt 0.405435 0.650512
vt 0.336814 0.744372
vt 0.334998 0.742146
vt 0.404244 0.739227
vt 0.406070 0.741621
vt 0.333893 0.653414
vt 0.335711 0.651010
vt 0.399390 0.693340
vt 0.399289 0.681625
vt 0.399329 0.705494
vt 0.329033 0.699401
vt 0.328967 0.687253
vt 0.328927 0.711096
vt 0.403830 0.652923
vt 0.402467 0.655490
vt 0.333404 0.739737
vt 0.332052 0.737173
vt 0.446887 0.722985
vt 0.447035 0.724526
vt 0.376667 0.669816
vt 0.376819 0.668266
vt 0.407990 0.743839
vt 0.410055 0.745870
vt 0.337612 0.648774
vt 0.339639 0.646699
vt 0.432826 0.679820
vt 0.430156 0.679936
vt 0.362375 0.712965
vt 0.359712 0.712842
vt 0.401357 0.658180
vt 0.400503 0.660963
vt 0.330952 0.734488
vt 0.330107 0.731710
vt 0.416243 0.717402
vt 0.417076 0.716066
vt 0.345790 0.675360
vt 0.346623 0.676712
vt 0.412248 0.747740
vt 0.414610 0.749378
vt 0.341790 0.644747
vt 0.344134 0.642999
vt 0.399880 0.663915
vt 0.399451 0.667614
vt 0.329492 0.728764
vt 0.329071 0.725074
vt 0.417092 0.750822
vt 0.419711 0.751991
vt 0.346631 0.641458
vt 0.349291 0.640224
vt 0.453307 0.722011
vt 0.452873 0.719867
vt 0.453538 0.724178
vt 0.383040 0.670807
vt 0.383278 0.668627
vt 0.382598 0.672961
vt 0.415075 0.667683
vt 0.415709 0.674333
vt 0.415626 0.660957
vt 0.344645 0.725033
vt 0.345179 0.731746
vt 0.345290 0.718398
vt 0.418022 0.714809
vt 0.419093 0.713654
vt 0.347571 0.677986
vt 0.348643 0.679157
vt 0.422417 0.752941
vt 0.425211 0.753586
vt 0.352043 0.639234
vt 0.354882 0.638573
vt 0.452218 0.717775
vt 0.451388 0.715742
vt 0.381934 0.675065
vt 0.381096 0.677104
vt 0.399245 0.715418
vt 0.328873 0.677314
vt 0.428049 0.753996
vt 0.430914 0.754087
vt 0.357762 0.638158
vt 0.360666 0.638073
vt 0.450362 0.713804
vt 0.449175 0.711962
vt 0.380061 0.679050
vt 0.378866 0.680896
vt 0.420260 0.712600
vt 0.421532 0.711672
vt 0.349815 0.680228
vt 0.351091 0.681173
vt 0.451111 0.734293
vt 0.452085 0.732551
vt 0.449669 0.735211
vt 0.380857 0.658438
vt 0.379427 0.657520
vt 0.381849 0.660219
vt 0.433778 0.753937
vt 0.436606 0.753468
vt 0.363567 0.638234
vt 0.366435 0.638722
vt 0.447811 0.710253
vt 0.446302 0.708671
vt 0.377492 0.682612
vt 0.375976 0.684196
vt 0.444978 0.667343
vt 0.444270 0.660620
vt 0.374456 0.725450
vt 0.373731 0.732158
vt 0.452783 0.730569
vt 0.453282 0.728489
vt 0.382538 0.662205
vt 0.383032 0.664293
vt 0.439386 0.752765
vt 0.442072 0.751759
vt 0.369257 0.639457
vt 0.371983 0.640518
vt 0.444640 0.707255
vt 0.442858 0.705992
vt 0.374306 0.685616
vt 0.372517 0.686880
vt 0.422879 0.710861
vt 0.424305 0.710193
vt 0.352446 0.682000
vt 0.353880 0.682682
vt 0.453517 0.726348
vt 0.383262 0.666446
vt 0.444667 0.750536
vt 0.447118 0.749040
vt 0.374610 0.641821
vt 0.377066 0.643427
vt 0.440955 0.704923
vt 0.438961 0.704028
vt 0.370605 0.687951
vt 0.368604 0.688846
vt 0.449446 0.747353
vt 0.451600 0.745437
vt 0.379364 0.645235
vt 0.381464 0.647243
vt 0.447717 0.734606
vt 0.446161 0.733244
vt 0.377492 0.658144
vt 0.375929 0.659498
vt 0.436883 0.703344
vt 0.434748 0.702845
vt 0.366517 0.689529
vt 0.364375 0.690024
vt 0.461166 0.692692
vt 0.461480 0.704844
vt 0.461025 0.680972
vt 0.390701 0.700208
vt 0.390505 0.711908
vt 0.391081 0.688063
vt 0.425784 0.709654
vt 0.427314 0.709271
vt 0.355371 0.683234
vt 0.356910 0.683628
vt 0.453623 0.743364
vt 0.455497 0.741106
vt 0.383436 0.649370
vt 0.385279 0.651656
vt 0.413702 0.734947
vt 0.415234 0.733563
vt 0.411778 0.735609
vt 0.343339 0.657687
vt 0.341405 0.657028
vt 0.344860 0.659091
vt 0.432572 0.702567
vt 0.430376 0.702478
vt 0.362190 0.690299
vt 0.359989 0.690381
vt 0.457274 0.738674
vt 0.458790 0.735976
vt 0.387033 0.654107
vt 0.388535 0.656818
vt 0.428185 0.702612
vt 0.426013 0.702935
vt 0.357789 0.690241
vt 0.355614 0.689910
vt 0.432517 0.654669
vt 0.435145 0.654955
vt 0.361999 0.738063
vt 0.364620 0.737785
vt 0.428870 0.709024
vt 0.430446 0.708938
vt 0.358481 0.683883
vt 0.360069 0.683975
vt 0.459997 0.733095
vt 0.460777 0.730097
vt 0.389732 0.659712
vt 0.390504 0.662723
vt 0.438051 0.710707
vt 0.439416 0.711491
vt 0.436613 0.710068
vt 0.367742 0.682203
vt 0.366289 0.682847
vt 0.369117 0.681412
vt 0.423890 0.703477
vt 0.421826 0.704205
vt 0.353485 0.689359
vt 0.351418 0.688622
vt 0.461772 0.714764
vt 0.461636 0.722123
vt 0.391432 0.678128
vt 0.391337 0.670738
vt 0.461261 0.726843
vt 0.390980 0.665992
vt 0.415508 0.732168
vt 0.415120 0.730799
vt 0.345104 0.660503
vt 0.344704 0.661874
vt 0.419851 0.705141
vt 0.417970 0.706251
vt 0.349440 0.687675
vt 0.347557 0.686555
vt 0.437717 0.655445
vt 0.440199 0.656136
vt 0.367184 0.737303
vt 0.369660 0.736620
vt 0.432022 0.708992
vt 0.433586 0.709207
vt 0.361660 0.683925
vt 0.363236 0.683711
vt 0.460066 0.663263
vt 0.460572 0.666957
vt 0.459379 0.660321
vt 0.389481 0.729572
vt 0.388788 0.732504
vt 0.389999 0.725890
vt 0.447042 0.726060
vt 0.446897 0.727572
vt 0.376828 0.666718
vt 0.376683 0.665194
vt 0.416216 0.707550
vt 0.414583 0.709001
vt 0.345800 0.685244
vt 0.344168 0.683782
vt 0.427482 0.679866
vt 0.424823 0.679609
vt 0.357044 0.712906
vt 0.354391 0.713156
vt 0.458465 0.657554
vt 0.457295 0.654885
vt 0.387868 0.735262
vt 0.386695 0.737921
vt 0.440704 0.712393
vt 0.441893 0.713423
vt 0.370419 0.680502
vt 0.371618 0.679462
vt 0.413109 0.710613
vt 0.411780 0.712352
vt 0.342692 0.682157
vt 0.341365 0.680408
vt 0.442503 0.657325
vt 0.371960 0.735441
vt 0.435121 0.709559
vt 0.364786 0.683358
vt 0.455873 0.652346
vt 0.454211 0.649968
vt 0.385271 0.740450
vt 0.383608 0.742817
vt 0.414696 0.729378
vt 0.414384 0.727906
vt 0.344274 0.663289
vt 0.343955 0.664762
vt 0.410633 0.714217
vt 0.409647 0.716178
vt 0.340217 0.678530
vt 0.339233 0.676559
vt 0.422220 0.679169
vt 0.419709 0.678546
vt 0.351793 0.713589
vt 0.349288 0.714204
vt 0.452329 0.647783
vt 0.450262 0.645821
vt 0.381726 0.744992
vt 0.379661 0.746943
vt 0.446618 0.729043
vt 0.446229 0.730462
vt 0.376400 0.663707
vt 0.376001 0.662271
vt 0.408860 0.718226
vt 0.408249 0.720335
vt 0.338447 0.674498
vt 0.337838 0.672380
vt 0.448055 0.644087
vt 0.445725 0.642551
vt 0.377457 0.748666
vt 0.375130 0.750193
vt 0.442986 0.714554
vt 0.443959 0.715792
vt 0.372722 0.678319
vt 0.373703 0.677071
vt 0.407860 0.722487
vt 0.407675 0.724660
vt 0.337452 0.670215
vt 0.337270 0.668032
vt 0.417356 0.677452
vt 0.346938 0.715290
vt 0.443269 0.641204
vt 0.440698 0.640071
vt 0.372679 0.751529
vt 0.370114 0.752653
vt 0.414207 0.726396
vt 0.414182 0.724859
vt 0.343771 0.666280
vt 0.343739 0.667826
vt 0.407742 0.726828
vt 0.408021 0.728962
vt 0.337342 0.665850
vt 0.337628 0.663703
vt 0.460892 0.672428
vt 0.390338 0.720432
vt 0.438030 0.639179
vt 0.435287 0.638542
vt 0.367452 0.753536
vt 0.364717 0.754164
vt 0.445873 0.731841
vt 0.375636 0.660890
vt 0.408562 0.731025
vt 0.409294 0.732982
vt 0.338179 0.661623
vt 0.338926 0.659645
vt 0.417292 0.657600
vt 0.419561 0.656354
vt 0.346831 0.735100
vt 0.349090 0.736349
vt 0.432496 0.638171
vt 0.429684 0.638073
vt 0.361935 0.754527
vt 0.359132 0.754617
vt 0.444818 0.717109
vt 0.374572 0.675740
vt 0.410325 0.734730
vt 0.339942 0.657918
vt 0.399245 0.673087
vt 0.328873 0.719615
vt 0.426875 0.638231
vt 0.424093 0.638662
vt 0.356333 0.754452
vt 0.353561 0.754015
vt 0.414297 0.723318
vt 0.343851 0.669382
vt 0.422024 0.655610
vt 0.351543 0.737097
vt 0.421364 0.639358
vt 0.350844 0.753313
vt 0.489006 0.659529
vt 0.489491 0.659450
vt 0.490180 0.658328
vt 0.490404 0.658540
vt 0.491312 0.657088
vt 0.491261 0.657576
vt 0.487859 0.659510
vt 0.488456 0.659553
vt 0.489552 0.657734
vt 0.489894 0.658058
vt 0.491232 0.655944
vt 0.491307 0.656537
vt 0.486552 0.659219
vt 0.487223 0.659399
vt 0.488710 0.656937
vt 0.489156 0.657359
vt 0.490868 0.654656
vt 0.491085 0.655315
vt 0.485139 0.658661
vt 0.485855 0.658972
vt 0.487682 0.655966
vt 0.488217 0.656471
vt 0.490232 0.653276
vt 0.490583 0.653974
vt 0.483675 0.657858
vt 0.484410 0.658288
vt 0.482416 0.660404
vt 0.486508 0.654856
vt 0.487111 0.655425
vt 0.489348 0.651860
vt 0.489819 0.652569
vt 0.482220 0.656841
vt 0.482943 0.657374
vt 0.485234 0.653650
vt 0.485881 0.654262
vt 0.488251 0.650464
vt 0.488824 0.651156
vt 0.490479 0.648112
vt 0.490997 0.648863
vt 0.480831 0.655648
vt 0.481514 0.656264
vt 0.483907 0.652396
vt 0.484574 0.653026
vt 0.486983 0.649143
vt 0.487635 0.649790
vt 0.489896 0.647402
vt 0.479564 0.654328
vt 0.480179 0.655001
vt 0.482581 0.651141
vt 0.483241 0.651766
vt 0.485594 0.647951
vt 0.486300 0.648528
vt 0.478467 0.652932
vt 0.478991 0.653636
vt 0.481306 0.649936
vt 0.481934 0.650530
vt 0.484139 0.646933
vt 0.484871 0.647418
vt 0.477583 0.651516
vt 0.477996 0.652223
vt 0.480132 0.648826
vt 0.480704 0.649366
vt 0.482675 0.646130
vt 0.483405 0.646503
vt 0.476947 0.650136
vt 0.477232 0.650818
vt 0.475483 0.652662
vt 0.479105 0.647855
vt 0.479598 0.648321
vt 0.481262 0.645573
vt 0.481959 0.645819
vt 0.476583 0.648847
vt 0.476730 0.649477
vt 0.478263 0.647058
vt 0.478659 0.647433
vt 0.479955 0.645282
vt 0.480592 0.645393
vt 0.476502 0.647704
vt 0.476508 0.648255
vt 0.477635 0.646464
vt 0.477921 0.646734
vt 0.478809 0.645264
vt 0.479359 0.645240
vt 0.476554 0.647215
vt 0.477411 0.646252
vt 0.478324 0.645342
vt 0.481240 0.662221
vt 0.481583 0.661302
vt 0.491574 0.645742
vt 0.490844 0.646402
vt 0.492179 0.646535
vt 0.491413 0.647131
vt 0.473778 0.653660
vt 0.474729 0.653434
vt 0.492737 0.647365
vt 0.491913 0.647904
vt 0.495537 0.644140
vt 0.496302 0.645311
vt 0.494421 0.646396
vt 0.493792 0.645386
vt 0.496935 0.646558
vt 0.494983 0.647445
vt 0.469970 0.655589
vt 0.469701 0.654213
vt 0.471853 0.653918
vt 0.472056 0.655094
vt 0.469585 0.652813
vt 0.471727 0.652730
vt 0.493702 0.642037
vt 0.494677 0.643038
vt 0.493039 0.644465
vt 0.492229 0.643595
vt 0.481500 0.666490
vt 0.480132 0.666184
vt 0.480720 0.664093
vt 0.481877 0.664380
vt 0.478808 0.665730
vt 0.479585 0.663732
vt 0.469585 0.651407
vt 0.471753 0.651534
vt 0.469741 0.650006
vt 0.471856 0.650341
vt 0.497462 0.647855
vt 0.495407 0.648559
vt 0.497844 0.649203
vt 0.495758 0.649698
vt 0.470014 0.648621
vt 0.472109 0.649170
vt 0.470447 0.647276
vt 0.472463 0.648023
vt 0.498113 0.650579
vt 0.495962 0.650874
vt 0.498230 0.651979
vt 0.496088 0.652062
vt 0.470982 0.645965
vt 0.472922 0.646911
vt 0.471678 0.644725
vt 0.473503 0.645855
vt 0.498230 0.653385
vt 0.496062 0.653258
vt 0.498074 0.654785
vt 0.495958 0.654450
vt 0.472472 0.643543
vt 0.474182 0.644857
vt 0.473409 0.642470
vt 0.474969 0.643945
vt 0.497800 0.656171
vt 0.495705 0.655621
vt 0.497368 0.657515
vt 0.495351 0.656769
vt 0.474429 0.641475
vt 0.475837 0.643108
vt 0.475564 0.640617
vt 0.476796 0.642375
vt 0.496832 0.658826
vt 0.494893 0.657880
vt 0.496136 0.660066
vt 0.494312 0.658937
vt 0.476761 0.639853
vt 0.477820 0.641738
vt 0.478040 0.639237
vt 0.478894 0.641199
vt 0.495342 0.661248
vt 0.493633 0.659934
vt 0.494405 0.662321
vt 0.492846 0.660846
vt 0.479364 0.638735
vt 0.480027 0.640802
vt 0.480731 0.638385
vt 0.481183 0.640480
vt 0.493386 0.663316
vt 0.491978 0.661683
vt 0.492251 0.664173
vt 0.491020 0.662415
vt 0.482120 0.638152
vt 0.482368 0.640309
vt 0.483524 0.638073
vt 0.483560 0.640216
vt 0.477527 0.665167
vt 0.478506 0.663229
vt 0.476316 0.664468
vt 0.477463 0.662657
vt 0.491053 0.664936
vt 0.489995 0.663050
vt 0.489776 0.665550
vt 0.488918 0.663585
vt 0.484927 0.638111
vt 0.484753 0.640275
vt 0.486316 0.638302
vt 0.485938 0.640412
vt 0.475168 0.663670
vt 0.476502 0.661955
vt 0.474116 0.662754
vt 0.475592 0.661191
vt 0.488456 0.666058
vt 0.487791 0.663997
vt 0.487087 0.666408
vt 0.486635 0.664314
vt 0.487683 0.638608
vt 0.487095 0.640699
vt 0.489007 0.639062
vt 0.488231 0.641060
vt 0.473138 0.661759
vt 0.474770 0.660333
vt 0.472278 0.660655
vt 0.474022 0.659409
vt 0.485697 0.666641
vt 0.485449 0.664483
vt 0.484293 0.666719
vt 0.484256 0.664576
vt 0.490289 0.639624
vt 0.489310 0.641563
vt 0.491500 0.640323
vt 0.490353 0.642135
vt 0.471512 0.659484
vt 0.473394 0.658398
vt 0.470880 0.658235
vt 0.472831 0.657348
vt 0.482889 0.666681
vt 0.483063 0.664517
vt 0.492648 0.641120
vt 0.491315 0.642835
vt 0.470352 0.656938
vt 0.472407 0.656234
vt 0.372542 0.652486
vt 0.371147 0.651456
vt 0.373489 0.653255
vt 0.368713 0.647826
vt 0.370584 0.648745
vt 0.369566 0.650501
vt 0.367886 0.649684
vt 0.368596 0.652285
vt 0.367086 0.651556
vt 0.364727 0.646564
vt 0.366752 0.647100
vt 0.366121 0.649034
vt 0.364295 0.648553
vt 0.365506 0.650971
vt 0.360562 0.646101
vt 0.362656 0.646233
vt 0.362426 0.648254
vt 0.360536 0.648136
vt 0.358466 0.646179
vt 0.358643 0.648205
vt 0.356768 0.648456
vt 0.358816 0.650228
vt 0.357139 0.650456
vt 0.354930 0.648890
vt 0.353150 0.649494
vt 0.355494 0.650843
vt 0.351449 0.650267
vt 0.349845 0.651180
vt 0.348424 0.652173
vt 0.347457 0.652916
vt 0.358916 0.651412
vt 0.357353 0.651623
vt 0.358362 0.645000
vt 0.360578 0.644919
vt 0.346831 0.653432
vt 0.368051 0.653338
vt 0.366630 0.652653
vt 0.362791 0.645057
vt 0.364980 0.645410
vt 0.355818 0.651986
vt 0.367122 0.645977
vt 0.369198 0.646752
vt 0.374103 0.653788
vt 0.365152 0.652105
vt 0.371185 0.647734
vt 0.700244 0.746682
vt 0.700244 0.787947
vt 0.696668 0.787947
vt 0.696668 0.746682
vt 0.658180 0.169271
vt 0.658180 0.127930
vt 0.661678 0.127930
vt 0.661678 0.169271
vt 0.684121 0.416559
vt 0.684121 0.375294
vt 0.687697 0.375294
vt 0.687697 0.416559
vt 0.700244 0.375294
vt 0.700244 0.416559
vt 0.696668 0.416559
vt 0.696668 0.375294
vt 0.658180 0.789388
vt 0.658180 0.748047
vt 0.661678 0.748047
vt 0.661678 0.789388
vt 0.684121 0.457825
vt 0.687697 0.457825
vt 0.658180 0.417318
vt 0.658180 0.375977
vt 0.661678 0.375977
vt 0.661678 0.417318
vt 0.676309 0.210612
vt 0.676309 0.251953
vt 0.672811 0.251953
vt 0.672811 0.210612
vt 0.700244 0.086437
vt 0.700244 0.127702
vt 0.696668 0.127702
vt 0.696668 0.086437
vt 0.684121 0.499090
vt 0.687697 0.499090
vt 0.700244 0.705417
vt 0.696668 0.705417
vt 0.676309 0.169271
vt 0.672811 0.169271
vt 0.658180 0.086589
vt 0.661678 0.086589
vt 0.684121 0.540355
vt 0.687697 0.540355
vt 0.700244 0.334029
vt 0.696668 0.334029
vt 0.658180 0.706706
vt 0.661678 0.706706
vt 0.676309 0.127930
vt 0.672811 0.127930
vt 0.684121 0.581621
vt 0.687697 0.581621
vt 0.658180 0.334635
vt 0.661678 0.334635
vt 0.676309 0.086589
vt 0.672811 0.086589
vt 0.700244 0.045172
vt 0.696668 0.045172
vt 0.684121 0.622886
vt 0.687697 0.622886
vt 0.709173 0.334029
vt 0.709173 0.375294
vt 0.700244 0.664151
vt 0.696668 0.664151
vt 0.676309 0.045247
vt 0.672811 0.045247
vt 0.647487 0.417318
vt 0.647487 0.375977
vt 0.658180 0.045247
vt 0.661678 0.045247
vt 0.684121 0.664151
vt 0.687697 0.664151
vt 0.700244 0.292763
vt 0.696668 0.292763
vt 0.658180 0.665365
vt 0.661678 0.665365
vt 0.676309 0.003906
vt 0.672811 0.003906
vt 0.684121 0.705417
vt 0.687697 0.705417
vt 0.658180 0.293294
vt 0.661678 0.293294
vt 0.676309 0.954753
vt 0.676309 0.996094
vt 0.672811 0.996094
vt 0.672811 0.954753
vt 0.700244 0.003906
vt 0.696668 0.003906
vt 0.684121 0.746682
vt 0.687697 0.746682
vt 0.700244 0.622886
vt 0.696668 0.622886
vt 0.676309 0.913412
vt 0.672811 0.913412
vt 0.658180 0.003906
vt 0.661678 0.003906
vt 0.684121 0.787947
vt 0.687697 0.787947
vt 0.658180 0.624024
vt 0.661678 0.624024
vt 0.676309 0.872070
vt 0.672811 0.872070
vt 0.684121 0.829212
vt 0.687697 0.829212
vt 0.700244 0.251498
vt 0.696668 0.251498
vt 0.676309 0.830729
vt 0.672811 0.830729
vt 0.700244 0.953008
vt 0.700244 0.994274
vt 0.696668 0.994274
vt 0.696668 0.953008
vt 0.684121 0.870478
vt 0.687697 0.870478
vt 0.658180 0.251953
vt 0.661678 0.251953
vt 0.700244 0.581621
vt 0.696668 0.581621
vt 0.676309 0.789388
vt 0.672811 0.789388
vt 0.687697 0.251498
vt 0.687697 0.292763
vt 0.687697 0.334029
vt 0.696668 0.457825
vt 0.696668 0.499090
vt 0.696668 0.540355
vt 0.696668 0.829212
vt 0.696668 0.870478
vt 0.696668 0.911743
vt 0.687697 0.911743
vt 0.687697 0.953008
vt 0.687697 0.994274
vt 0.687697 0.003906
vt 0.687697 0.045172
vt 0.687697 0.086437
vt 0.687697 0.127702
vt 0.696668 0.168968
vt 0.687697 0.168968
vt 0.696668 0.210233
vt 0.687697 0.210233
vt 0.672811 0.293294
vt 0.672811 0.334635
vt 0.672811 0.375977
vt 0.672811 0.417318
vt 0.672811 0.458659
vt 0.661678 0.458659
vt 0.672811 0.500000
vt 0.661678 0.500000
vt 0.672811 0.541341
vt 0.661678 0.541341
vt 0.672811 0.582682
vt 0.661678 0.582682
vt 0.672811 0.624024
vt 0.672811 0.665365
vt 0.672811 0.706706
vt 0.672811 0.748047
vt 0.661678 0.830729
vt 0.661678 0.872070
vt 0.661678 0.913412
vt 0.661678 0.954753
vt 0.661678 0.996094
vt 0.661678 0.210612
vt 0.684121 0.334029
vt 0.700244 0.168968
vt 0.676309 0.293294
vt 0.658180 0.458659
vt 0.684121 0.292763
vt 0.658180 0.830729
vt 0.676309 0.334635
vt 0.700244 0.457825
vt 0.684121 0.251498
vt 0.658180 0.210612
vt 0.700244 0.829212
vt 0.676309 0.375977
vt 0.700244 0.210233
vt 0.676309 0.417318
vt 0.658180 0.500000
vt 0.658180 0.872070
vt 0.676309 0.458659
vt 0.700244 0.499090
vt 0.684121 0.210233
vt 0.700244 0.870478
vt 0.676309 0.500000
vt 0.684121 0.168968
vt 0.676309 0.541341
vt 0.658180 0.541341
vt 0.684121 0.127702
vt 0.658180 0.913412
vt 0.676309 0.582682
vt 0.700244 0.540355
vt 0.684121 0.086437
vt 0.700244 0.911743
vt 0.676309 0.624024
vt 0.684121 0.045172
vt 0.676309 0.665365
vt 0.658180 0.582682
vt 0.684121 0.003906
vt 0.658180 0.954753
vt 0.676309 0.706706
vt 0.684121 0.994274
vt 0.684121 0.953008
vt 0.676309 0.748047
vt 0.684121 0.911743
vt 0.658180 0.996094
vt 0.647487 0.624024
vt 0.647487 0.582682
vt 0.647487 0.830729
vt 0.647487 0.789388
vt 0.647487 0.045247
vt 0.647487 0.003906
vt 0.647487 0.251953
vt 0.647487 0.210612
vt 0.647487 0.334635
vt 0.647487 0.293294
vt 0.647487 0.541341
vt 0.647487 0.500000
vt 0.647487 0.748047
vt 0.647487 0.706706
vt 0.647487 0.954753
vt 0.647487 0.913412
vt 0.647487 0.169271
vt 0.647487 0.127930
vt 0.647487 0.458659
vt 0.647487 0.665365
vt 0.647487 0.872070
vt 0.647487 0.086589
vt 0.647487 0.996094
vt 0.709173 0.540355
vt 0.709173 0.581621
vt 0.709173 0.746682
vt 0.709173 0.787947
vt 0.709173 0.251498
vt 0.709173 0.292763
vt 0.709173 0.953008
vt 0.709173 0.994274
vt 0.709173 0.168968
vt 0.709173 0.210233
vt 0.709173 0.457825
vt 0.709173 0.499090
vt 0.709173 0.664151
vt 0.709173 0.705417
vt 0.709173 0.870478
vt 0.709173 0.911743
vt 0.709173 0.086437
vt 0.709173 0.127702
vt 0.709173 0.416559
vt 0.709173 0.622886
vt 0.709173 0.829212
vt 0.709173 0.003906
vt 0.709173 0.045172
vt 0.424292 0.014497
vt 0.463815 0.003906
vt 0.429810 0.032855
vt 0.388856 0.034955
vt 0.504733 0.003906
vt 0.477284 0.040535
vt 0.544256 0.014497
vt 0.526688 0.056911
vt 0.579692 0.034955
vt 0.573201 0.080265
vt 0.608626 0.063889
vt 0.612201 0.108403
vt 0.629084 0.099325
vt 0.639675 0.138848
vt 0.400280 0.070737
vt 0.359922 0.063889
vt 0.450935 0.085515
vt 0.506229 0.106303
vt 0.560027 0.130702
vt 0.606295 0.156071
vt 0.639675 0.179766
vt 0.377238 0.114971
vt 0.339464 0.099325
vt 0.427481 0.135783
vt 0.484274 0.159307
vt 0.541067 0.182831
vt 0.591310 0.203643
vt 0.629084 0.219289
vt 0.362253 0.162543
vt 0.328873 0.138848
vt 0.408521 0.187912
vt 0.462319 0.212311
vt 0.517613 0.233099
vt 0.568268 0.247877
vt 0.608626 0.254725
vt 0.356347 0.210211
vt 0.328873 0.179766
vt 0.395347 0.238349
vt 0.441860 0.261703
vt 0.491264 0.278080
vt 0.538738 0.285759
vt 0.579692 0.283659
vt 0.359922 0.254725
vt 0.339464 0.219289
vt 0.388856 0.283659
vt 0.424292 0.304118
vt 0.463815 0.314708
vt 0.504733 0.314708
vt 0.544256 0.304118
vt 0.605870 0.570869
vt 0.577222 0.599517
vt 0.593136 0.558669
vt 0.626127 0.535782
vt 0.542135 0.619774
vt 0.548183 0.575755
vt 0.503001 0.630260
vt 0.497210 0.586275
vt 0.462486 0.630260
vt 0.445251 0.589307
vt 0.423352 0.619774
vt 0.397407 0.584438
vt 0.388265 0.599517
vt 0.359617 0.570869
vt 0.599769 0.511097
vt 0.636613 0.496648
vt 0.548511 0.523626
vt 0.490232 0.533271
vt 0.431442 0.539039
vt 0.378688 0.540203
vt 0.339359 0.535782
vt 0.597607 0.461268
vt 0.636613 0.456133
vt 0.543689 0.468367
vt 0.482743 0.476390
vt 0.421797 0.484414
vt 0.367879 0.491512
vt 0.328873 0.496648
vt 0.586798 0.412577
vt 0.626127 0.416999
vt 0.534045 0.413742
vt 0.475255 0.419510
vt 0.416975 0.429154
vt 0.365718 0.441683
vt 0.328873 0.456133
vt 0.568079 0.368343
vt 0.605870 0.381912
vt 0.520235 0.363474
vt 0.468277 0.366505
vt 0.417304 0.377025
vt 0.372350 0.394111
vt 0.339359 0.416999
vt 0.542135 0.333006
vt 0.577222 0.353264
vt 0.503001 0.322520
vt 0.462486 0.322520
vt 0.423352 0.333006
vt 0.388265 0.353264
vt 0.359617 0.381912
vt 0.003906 0.251721
vt 0.010061 0.251721
vt 0.010061 0.293023
vt 0.003906 0.293023
vt 0.021817 0.251721
vt 0.021817 0.293023
vt 0.028274 0.251721
vt 0.028274 0.293023
vt 0.039685 0.251721
vt 0.039685 0.293023
vt 0.046449 0.251721
vt 0.046449 0.293023
vt 0.057516 0.251721
vt 0.057516 0.293023
vt 0.064593 0.251721
vt 0.064593 0.293023
vt 0.075317 0.251721
vt 0.075317 0.293023
vt 0.082712 0.251721
vt 0.082712 0.293023
vt 0.093094 0.251721
vt 0.093094 0.293023
vt 0.100810 0.251721
vt 0.100810 0.293023
vt 0.110852 0.251721
vt 0.110852 0.293023
vt 0.118893 0.251721
vt 0.118893 0.293023
vt 0.128596 0.251721
vt 0.128596 0.293023
vt 0.136964 0.251721
vt 0.136964 0.293023
vt 0.146331 0.251721
vt 0.146331 0.293023
vt 0.155030 0.251721
vt 0.155030 0.293023
vt 0.164061 0.251721
vt 0.164061 0.293023
vt 0.173093 0.251721
vt 0.173093 0.293023
vt 0.181792 0.251721
vt 0.181792 0.293023
vt 0.191158 0.251721
vt 0.191158 0.293023
vt 0.199526 0.251721
vt 0.199526 0.293023
vt 0.209230 0.251721
vt 0.209230 0.293023
vt 0.217270 0.251721
vt 0.217270 0.293023
vt 0.227313 0.251721
vt 0.227313 0.293023
vt 0.235028 0.251721
vt 0.235028 0.293023
vt 0.245411 0.251721
vt 0.245411 0.293023
vt 0.252805 0.251721
vt 0.252805 0.293023
vt 0.263529 0.251721
vt 0.263529 0.293023
vt 0.270607 0.251721
vt 0.270607 0.293023
vt 0.281673 0.251721
vt 0.281673 0.293023
vt 0.288438 0.251721
vt 0.288438 0.293023
vt 0.321061 0.251721
vt 0.321061 0.293023
vt 0.010061 0.334326
vt 0.003906 0.334326
vt 0.021817 0.334326
vt 0.028274 0.334326
vt 0.039685 0.334326
vt 0.046449 0.334326
vt 0.057516 0.334326
vt 0.064593 0.334326
vt 0.075317 0.334326
vt 0.082712 0.334326
vt 0.093094 0.334326
vt 0.100810 0.334326
vt 0.110852 0.334326
vt 0.118893 0.334326
vt 0.128596 0.334326
vt 0.136964 0.334326
vt 0.146331 0.334326
vt 0.155030 0.334326
vt 0.164061 0.334326
vt 0.173093 0.334326
vt 0.181792 0.334326
vt 0.191158 0.334326
vt 0.199526 0.334326
vt 0.209230 0.334326
vt 0.217270 0.334326
vt 0.227313 0.334326
vt 0.235028 0.334326
vt 0.245411 0.334326
vt 0.252805 0.334326
vt 0.263529 0.334326
vt 0.270607 0.334326
vt 0.281673 0.334326
vt 0.288438 0.334326
vt 0.321061 0.334326
vt 0.010061 0.375628
vt 0.003906 0.375628
vt 0.021817 0.375628
vt 0.028274 0.375628
vt 0.039685 0.375628
vt 0.046449 0.375628
vt 0.057516 0.375628
vt 0.064593 0.375628
vt 0.075317 0.375628
vt 0.082712 0.375628
vt 0.093094 0.375628
vt 0.100810 0.375628
vt 0.110852 0.375628
vt 0.118893 0.375628
vt 0.128596 0.375628
vt 0.136964 0.375628
vt 0.146331 0.375628
vt 0.155030 0.375628
vt 0.164061 0.375628
vt 0.173093 0.375628
vt 0.181792 0.375628
vt 0.191158 0.375628
vt 0.199526 0.375628
vt 0.209230 0.375628
vt 0.217270 0.375628
vt 0.227313 0.375628
vt 0.235028 0.375628
vt 0.245411 0.375628
vt 0.252805 0.375628
vt 0.263529 0.375628
vt 0.270607 0.375628
vt 0.281673 0.375628
vt 0.288438 0.375628
vt 0.321061 0.375628
vt 0.010061 0.416931
vt 0.003906 0.416931
vt 0.021817 0.416931
vt 0.028274 0.416931
vt 0.039685 0.416931
vt 0.046449 0.416931
vt 0.057516 0.416931
vt 0.064593 0.416931
vt 0.075317 0.416931
vt 0.082712 0.416931
vt 0.093094 0.416931
vt 0.100810 0.416931
vt 0.110852 0.416931
vt 0.118893 0.416931
vt 0.128596 0.416931
vt 0.136964 0.416931
vt 0.146331 0.416931
vt 0.155030 0.416931
vt 0.164061 0.416931
vt 0.173093 0.416931
vt 0.181792 0.416931
vt 0.191158 0.416931
vt 0.199526 0.416931
vt 0.209230 0.416931
vt 0.217270 0.416931
vt 0.227313 0.416931
vt 0.235028 0.416931
vt 0.245411 0.416931
vt 0.252805 0.416931
vt 0.263529 0.416931
vt 0.270607 0.416931
vt 0.281673 0.416931
vt 0.288438 0.416931
vt 0.321061 0.416931
vt 0.010061 0.458233
vt 0.003906 0.458233
vt 0.021817 0.458233
vt 0.028274 0.458233
vt 0.039685 0.458233
vt 0.046449 0.458233
vt 0.057516 0.458233
vt 0.064593 0.458233
vt 0.075317 0.458233
vt 0.082712 0.458233
vt 0.093094 0.458233
vt 0.100810 0.458233
vt 0.110852 0.458233
vt 0.118893 0.458233
vt 0.128596 0.458233
vt 0.136964 0.458233
vt 0.146331 0.458233
vt 0.155030 0.458233
vt 0.164061 0.458233
vt 0.173093 0.458233
vt 0.181792 0.458233
vt 0.191158 0.458233
vt 0.199526 0.458233
vt 0.209230 0.458233
vt 0.217270 0.458233
vt 0.227313 0.458233
vt 0.235028 0.458233
vt 0.245411 0.458233
vt 0.252805 0.458233
vt 0.263529 0.458233
vt 0.270607 0.458233
vt 0.281673 0.458233
vt 0.288438 0.458233
vt 0.321061 0.458233
vt 0.010061 0.499535
vt 0.003906 0.499535
vt 0.021817 0.499535
vt 0.028274 0.499535
vt 0.039685 0.499535
vt 0.046449 0.499535
vt 0.057516 0.499535
vt 0.064593 0.499535
vt 0.075317 0.499535
vt 0.082712 0.499535
vt 0.093094 0.499535
vt 0.100810 0.499535
vt 0.110852 0.499535
vt 0.118893 0.499535
vt 0.128596 0.499535
vt 0.136964 0.499535
vt 0.146331 0.499535
vt 0.155030 0.499535
vt 0.164061 0.499535
vt 0.173093 0.499535
vt 0.181792 0.499535
vt 0.191158 0.499535
vt 0.199526 0.499535
vt 0.209230 0.499535
vt 0.217270 0.499535
vt 0.227313 0.499535
vt 0.235028 0.499535
vt 0.245411 0.499535
vt 0.252805 0.499535
vt 0.263529 0.499535
vt 0.270607 0.499535
vt 0.281673 0.499535
vt 0.288438 0.499535
vt 0.321061 0.499535
vt 0.010061 0.540838
vt 0.003906 0.540838
vt 0.021817 0.540838
vt 0.028274 0.540838
vt 0.039685 0.540838
vt 0.046449 0.540838
vt 0.057516 0.540838
vt 0.064593 0.540838
vt 0.075317 0.540838
vt 0.082712 0.540838
vt 0.093094 0.540838
vt 0.100810 0.540838
vt 0.110852 0.540838
vt 0.118893 0.540838
vt 0.128596 0.540838
vt 0.136964 0.540838
vt 0.146331 0.540838
vt 0.155030 0.540838
vt 0.164061 0.540838
vt 0.173093 0.540838
vt 0.181792 0.540838
vt 0.191158 0.540838
vt 0.199526 0.540838
vt 0.209230 0.540838
vt 0.217270 0.540838
vt 0.227313 0.540838
vt 0.235028 0.540838
vt 0.245411 0.540838
vt 0.252805 0.540838
vt 0.263529 0.540838
vt 0.270607 0.540838
vt 0.281673 0.540838
vt 0.288438 0.540838
vt 0.321061 0.540838
vt 0.010061 0.582140
vt 0.003906 0.582140
vt 0.021817 0.582140
vt 0.028274 0.582140
vt 0.039685 0.582140
vt 0.046449 0.582140
vt 0.057516 0.582140
vt 0.064593 0.582140
vt 0.075317 0.582140
vt 0.082712 0.582140
vt 0.093094 0.582140
vt 0.100810 0.582140
vt 0.110852 0.582140
vt 0.118893 0.582140
vt 0.128596 0.582140
vt 0.136964 0.582140
vt 0.146331 0.582140
vt 0.155030 0.582140
vt 0.164061 0.582140
vt 0.173093 0.582140
vt 0.181792 0.582140
vt 0.191158 0.582140
vt 0.199526 0.582140
vt 0.209230 0.582140
vt 0.217270 0.582140
vt 0.227313 0.582140
vt 0.235028 0.582140
vt 0.245411 0.582140
vt 0.252805 0.582140
vt 0.263529 0.582140
vt 0.270607 0.582140
vt 0.281673 0.582140
vt 0.288438 0.582140
vt 0.321061 0.582140
vt 0.010061 0.623442
vt 0.003906 0.623442
vt 0.021817 0.623442
vt 0.028274 0.623442
vt 0.039685 0.623442
vt 0.046449 0.623442
vt 0.057516 0.623442
vt 0.064593 0.623442
vt 0.075317 0.623442
vt 0.082712 0.623442
vt 0.093094 0.623442
vt 0.100810 0.623442
vt 0.110852 0.623442
vt 0.118893 0.623442
vt 0.128596 0.623442
vt 0.136964 0.623442
vt 0.146331 0.623442
vt 0.155030 0.623442
vt 0.164061 0.623442
vt 0.173093 0.623442
vt 0.181792 0.623442
vt 0.191158 0.623442
vt 0.199526 0.623442
vt 0.209230 0.623442
vt 0.217270 0.623442
vt 0.227313 0.623442
vt 0.235028 0.623442
vt 0.245411 0.623442
vt 0.252805 0.623442
vt 0.263529 0.623442
vt 0.270607 0.623442
vt 0.281673 0.623442
vt 0.288438 0.623442
vt 0.321061 0.623442
vt 0.010061 0.664745
vt 0.003906 0.664745
vt 0.021817 0.664745
vt 0.028274 0.664745
vt 0.039685 0.664745
vt 0.046449 0.664745
vt 0.057516 0.664745
vt 0.064593 0.664745
vt 0.075317 0.664745
vt 0.082712 0.664745
vt 0.093094 0.664745
vt 0.100810 0.664745
vt 0.110852 0.664745
vt 0.118893 0.664745
vt 0.128596 0.664745
vt 0.136964 0.664745
vt 0.146331 0.664745
vt 0.155030 0.664745
vt 0.164061 0.664745
vt 0.173093 0.664745
vt 0.181792 0.664745
vt 0.191158 0.664745
vt 0.199526 0.664745
vt 0.209230 0.664745
vt 0.217270 0.664745
vt 0.227313 0.664745
vt 0.235028 0.664745
vt 0.245411 0.664745
vt 0.252805 0.664745
vt 0.263529 0.664745
vt 0.270607 0.664745
vt 0.281673 0.664745
vt 0.288438 0.664745
vt 0.321061 0.664745
vt 0.010061 0.706047
vt 0.003906 0.706047
vt 0.021817 0.706047
vt 0.028274 0.706047
vt 0.039685 0.706047
vt 0.046449 0.706047
vt 0.057516 0.706047
vt 0.064593 0.706047
vt 0.075317 0.706047
vt 0.082712 0.706047
vt 0.093094 0.706047
vt 0.100810 0.706047
vt 0.110852 0.706047
vt 0.118893 0.706047
vt 0.128596 0.706047
vt 0.136964 0.706047
vt 0.146331 0.706047
vt 0.155030 0.706047
vt 0.164061 0.706047
vt 0.173093 0.706047
vt 0.181792 0.706047
vt 0.191158 0.706047
vt 0.199526 0.706047
vt 0.209230 0.706047
vt 0.217270 0.706047
vt 0.227313 0.706047
vt 0.235028 0.706047
vt 0.245411 0.706047
vt 0.252805 0.706047
vt 0.263529 0.706047
vt 0.270607 0.706047
vt 0.281673 0.706047
vt 0.288438 0.706047
vt 0.321061 0.706047
vt 0.010061 0.747350
vt 0.003906 0.747350
vt 0.021817 0.747350
vt 0.028274 0.747350
vt 0.039685 0.747350
vt 0.046449 0.747350
vt 0.057516 0.747350
vt 0.064593 0.747350
vt 0.075317 0.747350
vt 0.082712 0.747350
vt 0.093094 0.747350
vt 0.100810 0.747350
vt 0.110852 0.747350
vt 0.118893 0.747350
vt 0.128596 0.747350
vt 0.136964 0.747350
vt 0.146331 0.747350
vt 0.155030 0.747350
vt 0.164061 0.747350
vt 0.173093 0.747350
vt 0.181792 0.747350
vt 0.191158 0.747350
vt 0.199526 0.747350
vt 0.209230 0.747350
vt 0.217270 0.747350
vt 0.227313 0.747350
vt 0.235028 0.747350
vt 0.245411 0.747350
vt 0.252805 0.747350
vt 0.263529 0.747350
vt 0.270607 0.747350
vt 0.281673 0.747350
vt 0.288438 0.747350
vt 0.321061 0.747350
vt 0.010061 0.788652
vt 0.003906 0.788652
vt 0.021817 0.788652
vt 0.028274 0.788652
vt 0.039685 0.788652
vt 0.046449 0.788652
vt 0.057516 0.788652
vt 0.064593 0.788652
vt 0.075317 0.788652
vt 0.082712 0.788652
vt 0.093094 0.788652
vt 0.100810 0.788652
vt 0.110852 0.788652
vt 0.118893 0.788652
vt 0.128596 0.788652
vt 0.136964 0.788652
vt 0.146331 0.788652
vt 0.155030 0.788652
vt 0.164061 0.788652
vt 0.173093 0.788652
vt 0.181792 0.788652
vt 0.191158 0.788652
vt 0.199526 0.788652
vt 0.209230 0.788652
vt 0.217270 0.788652
vt 0.227313 0.788652
vt 0.235028 0.788652
vt 0.245411 0.788652
vt 0.252805 0.788652
vt 0.263529 0.788652
vt 0.270607 0.788652
vt 0.281673 0.788652
vt 0.288438 0.788652
vt 0.321061 0.788652
vt 0.010061 0.829954
vt 0.003906 0.829954
vt 0.021817 0.829954
vt 0.028274 0.829954
vt 0.039685 0.829954
vt 0.046449 0.829954
vt 0.057516 0.829954
vt 0.064593 0.829954
vt 0.075317 0.829954
vt 0.082712 0.829954
vt 0.093094 0.829954
vt 0.100810 0.829954
vt 0.110852 0.829954
vt 0.118893 0.829954
vt 0.128596 0.829954
vt 0.136964 0.829954
vt 0.146331 0.829954
vt 0.155030 0.829954
vt 0.164061 0.829954
vt 0.173093 0.829954
vt 0.181792 0.829954
vt 0.191158 0.829954
vt 0.199526 0.829954
vt 0.209230 0.829954
vt 0.217270 0.829954
vt 0.227313 0.829954
vt 0.235028 0.829954
vt 0.245411 0.829954
vt 0.252805 0.829954
vt 0.263529 0.829954
vt 0.270607 0.829954
vt 0.281673 0.829954
vt 0.288438 0.829954
vt 0.321061 0.829954
vt 0.010061 0.871257
vt 0.003906 0.871257
vt 0.021817 0.871257
vt 0.028274 0.871257
vt 0.039685 0.871257
vt 0.046449 0.871257
vt 0.057516 0.871257
vt 0.064593 0.871257
vt 0.075317 0.871257
vt 0.082712 0.871257
vt 0.093094 0.871257
vt 0.100810 0.871257
vt 0.110852 0.871257
vt 0.118893 0.871257
vt 0.128596 0.871257
vt 0.136964 0.871257
vt 0.146331 0.871257
vt 0.155030 0.871257
vt 0.164061 0.871257
vt 0.173093 0.871257
vt 0.181792 0.871257
vt 0.191158 0.871257
vt 0.199526 0.871257
vt 0.209230 0.871257
vt 0.217270 0.871257
vt 0.227313 0.871257
vt 0.235028 0.871257
vt 0.245411 0.871257
vt 0.252805 0.871257
vt 0.263529 0.871257
vt 0.270607 0.871257
vt 0.281673 0.871257
vt 0.288438 0.871257
vt 0.321061 0.871257
vt 0.010061 0.912559
vt 0.003906 0.912559
vt 0.021817 0.912559
vt 0.028274 0.912559
vt 0.039685 0.912559
vt 0.046449 0.912559
vt 0.057516 0.912559
vt 0.064593 0.912559
vt 0.075317 0.912559
vt 0.082712 0.912559
vt 0.093094 0.912559
vt 0.100810 0.912559
vt 0.110852 0.912559
vt 0.118893 0.912559
vt 0.128596 0.912559
vt 0.136964 0.912559
vt 0.146331 0.912559
vt 0.155030 0.912559
vt 0.164061 0.912559
vt 0.173093 0.912559
vt 0.181792 0.912559
vt 0.191158 0.912559
vt 0.199526 0.912559
vt 0.209230 0.912559
vt 0.217270 0.912559
vt 0.227313 0.912559
vt 0.235028 0.912559
vt 0.245411 0.912559
vt 0.252805 0.912559
vt 0.263529 0.912559
vt 0.270607 0.912559
vt 0.281673 0.912559
vt 0.288438 0.912559
vt 0.321061 0.912559
vt 0.010061 0.953861
vt 0.003906 0.953861
vt 0.021817 0.953861
vt 0.028274 0.953861
vt 0.039685 0.953861
vt 0.046449 0.953861
vt 0.057516 0.953861
vt 0.064593 0.953861
vt 0.075317 0.953861
vt 0.082712 0.953861
vt 0.093094 0.953861
vt 0.100810 0.953861
vt 0.110852 0.953861
vt 0.118893 0.953861
vt 0.128596 0.953861
vt 0.136964 0.953861
vt 0.146331 0.953861
vt 0.155030 0.953861
vt 0.164061 0.953861
vt 0.173093 0.953861
vt 0.181792 0.953861
vt 0.191158 0.953861
vt 0.199526 0.953861
vt 0.209230 0.953861
vt 0.217270 0.953861
vt 0.227313 0.953861
vt 0.235028 0.953861
vt 0.245411 0.953861
vt 0.252805 0.953861
vt 0.263529 0.953861
vt 0.270607 0.953861
vt 0.281673 0.953861
vt 0.288438 0.953861
vt 0.321061 0.953861
vt 0.010061 0.995164
vt 0.003906 0.995164
vt 0.021817 0.995164
vt 0.028274 0.995164
vt 0.039685 0.995164
vt 0.046449 0.995164
vt 0.057516 0.995164
vt 0.064593 0.995164
vt 0.075317 0.995164
vt 0.082712 0.995164
vt 0.093094 0.995164
vt 0.100810 0.995164
vt 0.110852 0.995164
vt 0.118893 0.995164
vt 0.128596 0.995164
vt 0.136964 0.995164
vt 0.146331 0.995164
vt 0.155030 0.995164
vt 0.164061 0.995164
vt 0.173093 0.995164
vt 0.181792 0.995164
vt 0.191158 0.995164
vt 0.199526 0.995164
vt 0.209230 0.995164
vt 0.217270 0.995164
vt 0.227313 0.995164
vt 0.235028 0.995164
vt 0.245411 0.995164
vt 0.252805 0.995164
vt 0.263529 0.995164
vt 0.270607 0.995164
vt 0.281673 0.995164
vt 0.288438 0.995164
vt 0.321061 0.995164
vt 0.003906 0.003906
vt 0.010061 0.003906
vt 0.010061 0.045209
vt 0.003906 0.045209
vt 0.021817 0.003906
vt 0.021817 0.045209
vt 0.028274 0.003906
vt 0.028274 0.045209
vt 0.039685 0.003906
vt 0.039685 0.045209
vt 0.046449 0.003906
vt 0.046449 0.045209
vt 0.057516 0.003906
vt 0.057516 0.045209
vt 0.064593 0.003906
vt 0.064593 0.045209
vt 0.075317 0.003906
vt 0.075317 0.045209
vt 0.082712 0.003906
vt 0.082712 0.045209
vt 0.093094 0.003906
vt 0.093094 0.045209
vt 0.100810 0.003906
vt 0.100810 0.045209
vt 0.110852 0.003906
vt 0.110852 0.045209
vt 0.118893 0.003906
vt 0.118893 0.045209
vt 0.128596 0.003906
vt 0.128596 0.045209
vt 0.136964 0.003906
vt 0.136964 0.045209
vt 0.146331 0.003906
vt 0.146331 0.045209
vt 0.155030 0.003906
vt 0.155030 0.045209
vt 0.164061 0.003906
vt 0.164061 0.045209
vt 0.173093 0.003906
vt 0.173093 0.045209
vt 0.181792 0.003906
vt 0.181792 0.045209
vt 0.191158 0.003906
vt 0.191158 0.045209
vt 0.199526 0.003906
vt 0.199526 0.045209
vt 0.209230 0.003906
vt 0.209230 0.045209
vt 0.217270 0.003906
vt 0.217270 0.045209
vt 0.227313 0.003906
vt 0.227313 0.045209
vt 0.235028 0.003906
vt 0.235028 0.045209
vt 0.245411 0.003906
vt 0.245411 0.045209
vt 0.252805 0.003906
vt 0.252805 0.045209
vt 0.263529 0.003906
vt 0.263529 0.045209
vt 0.270607 0.003906
vt 0.270607 0.045209
vt 0.281673 0.003906
vt 0.281673 0.045209
vt 0.288438 0.003906
vt 0.288438 0.045209
vt 0.321061 0.003906
vt 0.321061 0.045209
vt 0.010061 0.086511
vt 0.003906 0.086511
vt 0.021817 0.086511
vt 0.028274 0.086511
vt 0.039685 0.086511
vt 0.046449 0.086511
vt 0.057516 0.086511
vt 0.064593 0.086511
vt 0.075317 0.086511
vt 0.082712 0.086511
vt 0.093094 0.086511
vt 0.100810 0.086511
vt 0.110852 0.086511
vt 0.118893 0.086511
vt 0.128596 0.086511
vt 0.136964 0.086511
vt 0.146331 0.086511
vt 0.155030 0.086511
vt 0.164061 0.086511
vt 0.173093 0.086511
vt 0.181792 0.086511
vt 0.191158 0.086511
vt 0.199526 0.086511
vt 0.209230 0.086511
vt 0.217270 0.086511
vt 0.227313 0.086511
vt 0.235028 0.086511
vt 0.245411 0.086511
vt 0.252805 0.086511
vt 0.263529 0.086511
vt 0.270607 0.086511
vt 0.281673 0.086511
vt 0.288438 0.086511
vt 0.321061 0.086511
vt 0.010061 0.127814
vt 0.003906 0.127814
vt 0.021817 0.127814
vt 0.028274 0.127814
vt 0.039685 0.127814
vt 0.046449 0.127814
vt 0.057516 0.127814
vt 0.064593 0.127814
vt 0.075317 0.127814
vt 0.082712 0.127814
vt 0.093094 0.127814
vt 0.100810 0.127814
vt 0.110852 0.127814
vt 0.118893 0.127814
vt 0.128596 0.127814
vt 0.136964 0.127814
vt 0.146331 0.127814
vt 0.155030 0.127814
vt 0.164061 0.127814
vt 0.173093 0.127814
vt 0.181792 0.127814
vt 0.191158 0.127814
vt 0.199526 0.127814
vt 0.209230 0.127814
vt 0.217270 0.127814
vt 0.227313 0.127814
vt 0.235028 0.127814
vt 0.245411 0.127814
vt 0.252805 0.127814
vt 0.263529 0.127814
vt 0.270607 0.127814
vt 0.281673 0.127814
vt 0.288438 0.127814
vt 0.321061 0.127814
vt 0.010061 0.169116
vt 0.003906 0.169116
vt 0.021817 0.169116
vt 0.028274 0.169116
vt 0.039685 0.169116
vt 0.046449 0.169116
vt 0.057516 0.169116
vt 0.064593 0.169116
vt 0.075317 0.169116
vt 0.082712 0.169116
vt 0.093094 0.169116
vt 0.100810 0.169116
vt 0.110852 0.169116
vt 0.118893 0.169116
vt 0.128596 0.169116
vt 0.136964 0.169116
vt 0.146331 0.169116
vt 0.155030 0.169116
vt 0.164061 0.169116
vt 0.173093 0.169116
vt 0.181792 0.169116
vt 0.191158 0.169116
vt 0.199526 0.169116
vt 0.209230 0.169116
vt 0.217270 0.169116
vt 0.227313 0.169116
vt 0.235028 0.169116
vt 0.245411 0.169116
vt 0.252805 0.169116
vt 0.263529 0.169116
vt 0.270607 0.169116
vt 0.281673 0.169116
vt 0.288438 0.169116
vt 0.321061 0.169116
vt 0.010061 0.210418
vt 0.003906 0.210418
vt 0.021817 0.210418
vt 0.028274 0.210418
vt 0.039685 0.210418
vt 0.046449 0.210418
vt 0.057516 0.210418
vt 0.064593 0.210418
vt 0.075317 0.210418
vt 0.082712 0.210418
vt 0.093094 0.210418
vt 0.100810 0.210418
vt 0.110852 0.210418
vt 0.118893 0.210418
vt 0.128596 0.210418
vt 0.136964 0.210418
vt 0.146331 0.210418
vt 0.155030 0.210418
vt 0.164061 0.210418
vt 0.173093 0.210418
vt 0.181792 0.210418
vt 0.191158 0.210418
vt 0.199526 0.210418
vt 0.209230 0.210418
vt 0.217270 0.210418
vt 0.227313 0.210418
vt 0.235028 0.210418
vt 0.245411 0.210418
vt 0.252805 0.210418
vt 0.263529 0.210418
vt 0.270607 0.210418
vt 0.281673 0.210418
vt 0.288438 0.210418
vt 0.321061 0.210418
s 1
usemtl Conserva
f 51/1/51 533/2/495 1403/3/1245 563/4/525
f 533/2/495 49/5/49 514/6/480 1403/3/1245
f 1403/3/1245 514/6/480 48/7/48 515/8/481
f 563/4/525 1403/3/1245 515/8/481 50/9/50
f 53/10/53 534/11/496 1404/12/1246 562/13/524
f 534/11/496 42/14/42 507/15/473 1404/12/1246
f 1404/12/1246 507/15/473 41/16/41 517/17/483
f 562/13/524 1404/12/1246 517/17/483 52/18/52
f 55/19/55 536/20/498 1405/21/1247 561/22/523
f 536/20/498 35/23/35 500/24/466 1405/21/1247
f 1405/21/1247 500/24/466 34/25/34 519/26/485
f 561/22/523 1405/21/1247 519/26/485 54/27/54
f 56/28/56 537/29/499 1406/30/1248 560/31/522
f 537/29/499 43/32/43 508/33/474 1406/30/1248
f 1406/30/1248 508/33/474 42/14/42 534/11/496
f 560/31/522 1406/30/1248 534/11/496 53/10/53
f 57/34/57 538/35/500 1407/36/1249 559/37/521
f 538/35/500 36/38/36 501/39/467 1407/36/1249
f 1407/36/1249 501/39/467 35/23/35 536/20/498
f 559/37/521 1407/36/1249 536/20/498 55/19/55
f 58/40/58 539/41/501 1408/42/1250 558/43/520
f 539/41/501 44/44/44 509/45/475 1408/42/1250
f 1408/42/1250 509/45/475 43/32/43 537/29/499
f 558/43/520 1408/42/1250 537/29/499 56/28/56
f 59/46/59 540/47/502 1409/48/1251 557/49/519
f 540/47/502 37/50/37 502/51/468 1409/48/1251
f 1409/48/1251 502/51/468 36/38/36 538/35/500
f 557/49/519 1409/48/1251 538/35/500 57/34/57
f 60/52/60 541/53/503 1410/54/1252 556/55/518
f 541/53/503 45/56/45 510/57/476 1410/54/1252
f 1410/54/1252 510/57/476 44/44/44 539/41/501
f 556/55/518 1410/54/1252 539/41/501 58/40/58
f 61/58/61 542/59/504 1411/60/1253 555/61/517
f 542/59/504 38/62/38 503/63/469 1411/60/1253
f 1411/60/1253 503/63/469 37/50/37 540/47/502
f 555/61/517 1411/60/1253 540/47/502 59/46/59
f 62/64/62 543/65/505 1412/66/1254 554/67/516
f 543/65/505 46/68/46 511/69/477 1412/66/1254
f 1412/66/1254 511/69/477 45/56/45 541/53/503
f 554/67/516 1412/66/1254 541/53/503 60/52/60
f 63/70/63 544/71/506 1413/72/1255 553/73/515
f 544/71/506 39/74/39 504/75/470 1413/72/1255
f 1413/72/1255 504/75/470 38/62/38 542/59/504
f 553/73/515 1413/72/1255 542/59/504 61/58/61
f 64/76/64 545/77/507 1414/78/1256 552/79/514
f 545/77/507 47/80/47 512/81/478 1414/78/1256
f 1414/78/1256 512/81/478 46/68/46 543/65/505
f 552/79/514 1414/78/1256 543/65/505 62/64/62
f 65/82/65 546/83/508 1415/84/1257 551/85/513
f 546/83/508 40/86/40 505/87/471 1415/84/1257
f 1415/84/1257 505/87/471 39/74/39 544/71/506
f 551/85/513 1415/84/1257 544/71/506 63/70/63
f 50/9/50 515/8/481 1416/88/1258 550/89/512
f 515/8/481 48/7/48 513/90/479 1416/88/1258
f 1416/88/1258 513/90/479 47/80/47 545/77/507
f 550/89/512 1416/88/1258 545/77/507 64/76/64
f 52/18/52 517/17/483 1417/91/1259 549/92/511
f 517/17/483 41/16/41 506/93/472 1417/91/1259
f 1417/91/1259 506/93/472 40/86/40 546/83/508
f 549/92/511 1417/91/1259 546/83/508 65/82/65
f 54/27/54 519/26/485 1418/94/1260 548/95/510
f 519/26/485 34/25/34 499/96/465 1418/94/1260
f 1418/94/1260 499/96/465 33/97/33 531/98/493
f 548/95/510 1418/94/1260 531/98/493 66/99/66
f 82/100/79 535/101/497 1419/102/1261 592/103/544
f 535/101/497 54/27/54 548/95/510 1419/102/1261
f 1419/102/1261 548/95/510 66/99/66 547/104/509
f 592/103/544 1419/102/1261 547/104/509 83/105/80
f 80/106/77 532/107/494 1420/108/69 590/109/69
f 532/107/494 50/9/50 550/89/512 1420/108/69
f 1420/108/69 550/89/512 64/76/64 572/110/69
f 590/109/69 1420/108/69 572/110/69 78/111/69
f 78/111/69 572/110/69 1421/112/69 588/113/69
f 572/110/69 64/76/64 552/79/514 1421/112/69
f 1421/112/69 552/79/514 62/64/62 571/114/69
f 588/113/69 1421/112/69 571/114/69 76/115/69
f 76/115/69 571/114/69 1422/116/69 586/117/69
f 571/114/69 62/64/62 554/67/516 1422/116/69
f 1422/116/69 554/67/516 60/52/60 569/118/529
f 586/117/69 1422/116/69 569/118/529 74/119/73
f 75/120/74 570/121/530 1423/122/1262 585/123/540
f 570/121/530 61/58/61 555/61/517 1423/122/1262
f 1423/122/1262 555/61/517 59/46/59 568/124/528
f 585/123/540 1423/122/1262 568/124/528 73/125/72
f 74/119/73 569/118/529 1424/126/1263 584/127/539
f 569/118/529 60/52/60 556/55/518 1424/126/1263
f 1424/126/1263 556/55/518 58/40/58 567/128/527
f 584/127/539 1424/126/1263 567/128/527 72/129/71
f 73/125/72 568/124/528 1425/130/69 583/131/69
f 568/124/528 59/46/59 557/49/519 1425/130/69
f 1425/130/69 557/49/519 57/34/57 566/132/69
f 583/131/69 1425/130/69 566/132/69 71/133/69
f 71/133/69 566/132/69 1426/134/69 581/135/69
f 566/132/69 57/34/57 559/37/521 1426/134/69
f 1426/134/69 559/37/521 55/19/55 565/136/69
f 581/135/69 1426/134/69 565/136/69 69/137/69
f 69/137/69 565/136/69 1427/138/69 579/139/69
f 565/136/69 55/19/55 561/22/523 1427/138/69
f 1427/138/69 561/22/523 54/27/54 535/101/497
f 579/139/69 1427/138/69 535/101/497 82/100/79
f 67/140/67 564/141/526 1428/142/1264 577/143/535
f 564/141/526 51/1/51 563/4/525 1428/142/1264
f 1428/142/1264 563/4/525 50/9/50 532/107/494
f 577/143/535 1428/142/1264 532/107/494 80/106/77
f 17/144/17 516/145/482 1429/146/1265 482/147/448
f 516/145/482 67/140/67 577/143/535 1429/146/1265
f 1429/146/1265 577/143/535 80/106/77 573/148/531
f 482/147/448 1429/146/1265 573/148/531 16/149/16
f 10/150/10 518/151/484 1430/152/1266 475/153/441
f 518/151/484 68/154/68 578/155/536 1430/152/1266
f 1430/152/1266 578/155/536 81/156/78 574/157/532
f 475/153/441 1430/152/1266 574/157/532 9/158/9
f 3/159/3 520/160/69 1431/161/69 468/162/434
f 520/160/69 69/137/69 579/139/69 1431/161/69
f 1431/161/69 579/139/69 82/100/79 575/163/533
f 468/162/434 1431/161/69 575/163/533 2/164/2
f 11/165/11 521/166/486 1432/167/1267 476/168/442
f 521/166/486 70/169/70 580/170/537 1432/167/1267
f 1432/167/1267 580/170/537 68/154/68 518/151/484
f 476/168/442 1432/167/1267 518/151/484 10/150/10
f 4/171/4 522/172/69 1433/173/69 469/174/435
f 522/172/69 71/133/69 581/135/69 1433/173/69
f 1433/173/69 581/135/69 69/137/69 520/160/69
f 469/174/435 1433/173/69 520/160/69 3/159/3
f 12/175/12 523/176/487 1434/177/1268 477/178/443
f 523/176/487 72/129/71 582/179/538 1434/177/1268
f 1434/177/1268 582/179/538 70/169/70 521/166/486
f 477/178/443 1434/177/1268 521/166/486 11/165/11
f 5/180/5 524/181/488 1435/182/69 470/183/436
f 524/181/488 73/125/72 583/131/69 1435/182/69
f 1435/182/69 583/131/69 71/133/69 522/172/69
f 470/183/436 1435/182/69 522/172/69 4/171/4
f 13/184/13 525/185/489 1436/186/1269 478/187/444
f 525/185/489 74/119/73 584/127/539 1436/186/1269
f 1436/186/1269 584/127/539 72/129/71 523/176/487
f 478/187/444 1436/186/1269 523/176/487 12/175/12
f 6/188/6 526/189/490 1437/190/1270 471/191/437
f 526/189/490 75/120/74 585/123/540 1437/190/1270
f 1437/190/1270 585/123/540 73/125/72 524/181/488
f 471/191/437 1437/190/1270 524/181/488 5/180/5
f 14/192/14 527/193/69 1438/194/69 479/195/445
f 527/193/69 76/115/69 586/117/69 1438/194/69
f 1438/194/69 586/117/69 74/119/73 525/185/489
f 479/195/445 1438/194/69 525/185/489 13/184/13
f 7/196/7 528/197/491 1439/198/1271 472/199/438
f 528/197/491 77/200/75 587/201/541 1439/198/1271
f 1439/198/1271 587/201/541 75/120/74 526/189/490
f 472/199/438 1439/198/1271 526/189/490 6/188/6
f 15/202/15 529/203/69 1440/204/69 480/205/446
f 529/203/69 78/111/69 588/113/69 1440/204/69
f 1440/204/69 588/113/69 76/115/69 527/193/69
f 480/205/446 1440/204/69 527/193/69 14/192/14
f 8/206/8 530/207/492 1441/208/1272 473/209/439
f 530/207/492 79/210/76 589/211/542 1441/208/1272
f 1441/208/1272 589/211/542 77/200/75 528/197/491
f 473/209/439 1441/208/1272 528/197/491 7/196/7
f 16/149/16 573/148/531 1442/212/69 481/213/447
f 573/148/531 80/106/77 590/109/69 1442/212/69
f 1442/212/69 590/109/69 78/111/69 529/203/69
f 481/213/447 1442/212/69 529/203/69 15/202/15
f 9/158/9 574/157/532 1443/214/1273 474/215/440
f 574/157/532 81/156/78 591/216/543 1443/214/1273
f 1443/214/1273 591/216/543 79/210/76 530/207/492
f 474/215/440 1443/214/1273 530/207/492 8/206/8
f 2/164/2 575/163/533 1444/217/1274 467/218/433
f 575/163/533 82/100/79 592/103/544 1444/217/1274
f 1444/217/1274 592/103/544 83/105/80 576/219/534
f 467/218/433 1444/217/1274 576/219/534 1/220/1
f 26/221/26 625/222/577 1445/223/1275 492/224/458
f 625/222/577 109/225/106 618/226/570 1445/223/1275
f 1445/223/1275 618/226/570 110/227/107 626/228/578
f 492/224/458 1445/223/1275 626/228/578 27/229/27
f 13/184/13 627/230/579 1446/231/1276 479/195/445
f 627/230/579 96/232/93 605/233/557 1446/231/1276
f 1446/231/1276 605/233/557 97/234/94 628/235/580
f 479/195/445 1446/231/1276 628/235/580 14/192/14
f 27/229/27 626/228/578 1447/236/1277 493/237/459
f 626/228/578 110/227/107 619/238/571 1447/236/1277
f 1447/236/1277 619/238/571 111/239/108 629/240/581
f 493/237/459 1447/236/1277 629/240/581 28/241/28
f 14/192/14 628/235/580 1448/242/1278 480/205/446
f 628/235/580 97/234/94 606/243/558 1448/242/1278
f 1448/242/1278 606/243/558 98/244/95 630/245/582
f 480/205/446 1448/242/1278 630/245/582 15/202/15
f 1/220/1 631/246/583 1449/247/1279 467/218/433
f 631/246/583 84/248/81 593/249/545 1449/247/1279
f 1449/247/1279 593/249/545 85/250/82 632/251/584
f 467/218/433 1449/247/1279 632/251/584 2/164/2
f 28/241/28 629/240/581 1450/252/1280 494/253/460
f 629/240/581 111/239/108 620/254/572 1450/252/1280
f 1450/252/1280 620/254/572 112/255/109 633/256/585
f 494/253/460 1450/252/1280 633/256/585 29/257/29
f 15/202/15 630/245/582 1451/258/1281 481/213/447
f 630/245/582 98/244/95 607/259/559 1451/258/1281
f 1451/258/1281 607/259/559 99/260/96 634/261/586
f 481/213/447 1451/258/1281 634/261/586 16/149/16
f 2/164/2 632/251/584 1452/262/1282 468/162/434
f 632/251/584 85/250/82 594/263/546 1452/262/1282
f 1452/262/1282 594/263/546 86/264/83 635/265/587
f 468/162/434 1452/262/1282 635/265/587 3/159/3
f 29/257/29 633/256/585 1453/266/1283 495/267/461
f 633/256/585 112/255/109 621/268/573 1453/266/1283
f 1453/266/1283 621/268/573 113/269/110 636/270/588
f 495/267/461 1453/266/1283 636/270/588 30/271/30
f 16/149/16 634/261/586 1454/272/1284 482/147/448
f 634/261/586 99/260/96 608/273/560 1454/272/1284
f 1454/272/1284 608/273/560 100/274/97 637/275/589
f 482/147/448 1454/272/1284 637/275/589 17/144/17
f 3/159/3 635/265/587 1455/276/1285 469/174/435
f 635/265/587 86/264/83 595/277/547 1455/276/1285
f 1455/276/1285 595/277/547 87/278/84 638/279/590
f 469/174/435 1455/276/1285 638/279/590 4/171/4
f 30/271/30 636/270/588 1456/280/1286 496/281/462
f 636/270/588 113/269/110 622/282/574 1456/280/1286
f 1456/280/1286 622/282/574 114/283/111 639/284/591
f 496/281/462 1456/280/1286 639/284/591 31/285/31
f 17/144/17 637/275/589 1457/286/1287 483/287/449
f 637/275/589 100/274/97 609/288/561 1457/286/1287
f 1457/286/1287 609/288/561 101/289/98 640/290/592
f 483/287/449 1457/286/1287 640/290/592 18/291/18
f 4/171/4 638/279/590 1458/292/1288 470/183/436
f 638/279/590 87/278/84 596/293/548 1458/292/1288
f 1458/292/1288 596/293/548 88/294/85 641/295/593
f 470/183/436 1458/292/1288 641/295/593 5/180/5
f 31/285/31 639/284/591 1459/296/1289 497/297/463
f 639/284/591 114/283/111 623/298/575 1459/296/1289
f 1459/296/1289 623/298/575 115/299/112 642/300/594
f 497/297/463 1459/296/1289 642/300/594 32/301/32
f 18/291/18 640/290/592 1460/302/1290 484/303/450
f 640/290/592 101/289/98 610/304/562 1460/302/1290
f 1460/302/1290 610/304/562 102/305/99 643/306/595
f 484/303/450 1460/302/1290 643/306/595 19/307/19
f 5/180/5 641/295/593 1461/308/1291 471/191/437
f 641/295/593 88/294/85 597/309/549 1461/308/1291
f 1461/308/1291 597/309/549 89/310/86 644/311/596
f 471/191/437 1461/308/1291 644/311/596 6/188/6
f 32/301/32 642/300/594 1462/312/1292 498/313/464
f 642/300/594 115/299/112 624/314/576 1462/312/1292
f 1462/312/1292 624/314/576 84/248/81 631/246/583
f 498/313/464 1462/312/1292 631/246/583 1/220/1
f 19/307/19 643/306/595 1463/315/1293 485/316/451
f 643/306/595 102/305/99 611/317/563 1463/315/1293
f 1463/315/1293 611/317/563 103/318/100 645/319/597
f 485/316/451 1463/315/1293 645/319/597 20/320/20
f 6/188/6 644/311/596 1464/321/1294 472/199/438
f 644/311/596 89/310/86 598/322/550 1464/321/1294
f 1464/321/1294 598/322/550 90/323/87 646/324/598
f 472/199/438 1464/321/1294 646/324/598 7/196/7
f 20/320/20 645/319/597 1465/325/1295 486/326/452
f 645/319/597 103/318/100 612/327/564 1465/325/1295
f 1465/325/1295 612/327/564 104/328/101 647/329/599
f 486/326/452 1465/325/1295 647/329/599 21/330/21
f 7/196/7 646/324/598 1466/331/1296 473/209/439
f 646/324/598 90/323/87 599/332/551 1466/331/1296
f 1466/331/1296 599/332/551 91/333/88 648/334/600
f 473/209/439 1466/331/1296 648/334/600 8/206/8
f 21/330/21 647/329/599 1467/335/1297 487/336/453
f 647/329/599 104/328/101 613/337/565 1467/335/1297
f 1467/335/1297 613/337/565 105/338/102 649/339/601
f 487/336/453 1467/335/1297 649/339/601 22/340/22
f 8/206/8 648/334/600 1468/341/1298 474/215/440
f 648/334/600 91/333/88 600/342/552 1468/341/1298
f 1468/341/1298 600/342/552 92/343/89 650/344/602
f 474/215/440 1468/341/1298 650/344/602 9/158/9
f 22/340/22 649/339/601 1469/345/1299 488/346/454
f 649/339/601 105/338/102 614/347/566 1469/345/1299
f 1469/345/1299 614/347/566 106/348/103 651/349/603
f 488/346/454 1469/345/1299 651/349/603 23/350/23
f 9/158/9 650/344/602 1470/351/1300 475/153/441
f 650/344/602 92/343/89 601/352/553 1470/351/1300
f 1470/351/1300 601/352/553 93/353/90 652/354/604
f 475/153/441 1470/351/1300 652/354/604 10/150/10
f 23/350/23 651/349/603 1471/355/1301 489/356/455
f 651/349/603 106/348/103 615/357/567 1471/355/1301
f 1471/355/1301 615/357/567 107/358/104 653/359/605
f 489/356/455 1471/355/1301 653/359/605 24/360/24
f 10/150/10 652/354/604 1472/361/1302 476/168/442
f 652/354/604 93/353/90 602/362/554 1472/361/1302
f 1472/361/1302 602/362/554 94/363/91 654/364/606
f 476/168/442 1472/361/1302 654/364/606 11/165/11
f 24/360/24 653/359/605 1473/365/1303 490/366/456
f 653/359/605 107/358/104 616/367/568 1473/365/1303
f 1473/365/1303 616/367/568 108/368/105 655/369/607
f 490/366/456 1473/365/1303 655/369/607 25/370/25
f 11/165/11 654/364/606 1474/371/1304 477/178/443
f 654/364/606 94/363/91 603/372/555 1474/371/1304
f 1474/371/1304 603/372/555 95/373/92 656/374/608
f 477/178/443 1474/371/1304 656/374/608 12/175/12
f 25/370/25 655/369/607 1475/375/1305 491/376/457
f 655/369/607 108/368/105 617/377/569 1475/375/1305
f 1475/375/1305 617/377/569 109/225/106 625/222/577
f 491/376/457 1475/375/1305 625/222/577 26/221/26
f 12/175/12 656/374/608 1476/378/1306 478/187/444
f 656/374/608 95/373/92 604/379/556 1476/378/1306
f 1476/378/1306 604/379/556 96/232/93 627/230/579
f 478/187/444 1476/378/1306 627/230/579 13/184/13
f 148/380/138 719/381/656 1477/382/1307 763/383/685
f 719/381/656 122/384/119 663/385/615 1477/382/1307
f 1477/382/1307 663/385/615 123/386/120 689/387/633
f 763/383/685 1477/382/1307 689/387/633 149/388/139
f 150/389/140 720/390/657 1478/391/69 762/392/69
f 720/390/657 136/393/133 677/394/69 1478/391/69
f 1478/391/69 677/394/69 137/395/69 691/396/69
f 762/392/69 1478/391/69 691/396/69 151/397/69
f 149/388/139 689/387/633 1479/398/1308 761/399/684
f 689/387/633 123/386/120 664/400/616 1479/398/1308
f 1479/398/1308 664/400/616 124/401/121 692/402/635
f 761/399/684 1479/398/1308 692/402/635 152/403/141
f 151/397/69 691/396/69 1480/404/69 760/405/69
f 691/396/69 137/395/69 678/406/69 1480/404/69
f 1480/404/69 678/406/69 138/407/69 693/408/69
f 760/405/69 1480/404/69 693/408/69 153/409/69
f 152/403/141 692/402/635 1481/410/1309 759/411/683
f 692/402/635 124/401/121 665/412/617 1481/410/1309
f 1481/410/1309 665/412/617 125/413/122 694/414/636
f 759/411/683 1481/410/1309 694/414/636 154/415/142
f 153/409/69 693/408/69 1482/416/69 758/417/69
f 693/408/69 138/407/69 679/418/69 1482/416/69
f 1482/416/69 679/418/69 139/419/69 695/420/69
f 758/417/69 1482/416/69 695/420/69 155/421/69
f 154/415/142 694/414/636 1483/422/1310 757/423/682
f 694/414/636 125/413/122 666/424/618 1483/422/1310
f 1483/422/1310 666/424/618 126/425/123 696/426/637
f 757/423/682 1483/422/1310 696/426/637 156/427/143
f 155/421/69 695/420/69 1484/428/69 756/429/69
f 695/420/69 139/419/69 680/430/69 1484/428/69
f 1484/428/69 680/430/69 140/431/69 697/432/69
f 756/429/69 1484/428/69 697/432/69 157/433/69
f 156/427/143 696/426/637 1485/434/1311 755/435/681
f 696/426/637 126/425/123 667/436/619 1485/434/1311
f 1485/434/1311 667/436/619 127/437/124 698/438/638
f 755/435/681 1485/434/1311 698/438/638 158/439/144
f 157/433/69 697/432/69 1486/440/69 754/441/69
f 697/432/69 140/431/69 681/442/69 1486/440/69
f 1486/440/69 681/442/69 141/443/69 699/444/69
f 754/441/69 1486/440/69 699/444/69 159/445/69
f 158/439/144 698/438/638 1487/446/1312 753/447/680
f 698/438/638 127/437/124 668/448/620 1487/446/1312
f 1487/446/1312 668/448/620 128/449/125 700/450/639
f 753/447/680 1487/446/1312 700/450/639 160/451/145
f 159/445/69 699/444/69 1488/452/69 752/453/69
f 699/444/69 141/443/69 682/454/69 1488/452/69
f 1488/452/69 682/454/69 142/455/69 701/456/69
f 752/453/69 1488/452/69 701/456/69 161/457/69
f 160/451/145 700/450/639 1489/458/1313 751/459/679
f 700/450/639 128/449/125 669/460/621 1489/458/1313
f 1489/458/1313 669/460/621 129/461/126 702/462/640
f 751/459/679 1489/458/1313 702/462/640 162/463/146
f 161/457/69 701/456/69 1490/464/69 750/465/69
f 701/456/69 142/455/69 683/466/69 1490/464/69
f 1490/464/69 683/466/69 143/467/69 703/468/69
f 750/465/69 1490/464/69 703/468/69 163/469/69
f 162/463/146 702/462/640 1491/470/1314 749/471/678
f 702/462/640 129/461/126 670/472/622 1491/470/1314
f 1491/470/1314 670/472/622 130/473/127 704/474/641
f 749/471/678 1491/470/1314 704/474/641 164/475/147
f 165/476/148 728/477/658 1492/478/1315 748/479/677
f 728/477/658 116/480/113 657/481/609 1492/478/1315
f 1492/478/1315 657/481/609 117/482/114 705/483/642
f 748/479/677 1492/478/1315 705/483/642 166/484/149
f 163/469/69 703/468/69 1493/485/69 747/486/69
f 703/468/69 143/467/69 684/487/69 1493/485/69
f 1493/485/69 684/487/69 144/488/134 706/489/643
f 747/486/69 1493/485/69 706/489/643 167/490/150
f 164/475/147 704/474/641 1494/491/1316 746/492/676
f 704/474/641 130/473/127 671/493/623 1494/491/1316
f 1494/491/1316 671/493/623 131/494/128 707/495/644
f 746/492/676 1494/491/1316 707/495/644 168/496/151
f 166/484/149 705/483/642 1495/497/1317 745/498/675
f 705/483/642 117/482/114 658/499/610 1495/497/1317
f 1495/497/1317 658/499/610 118/500/115 708/501/645
f 745/498/675 1495/497/1317 708/501/645 169/502/152
f 167/490/150 706/489/643 1496/503/1318 744/504/674
f 706/489/643 144/488/134 685/505/629 1496/503/1318
f 1496/503/1318 685/505/629 145/506/135 709/507/646
f 744/504/674 1496/503/1318 709/507/646 170/508/153
f 168/496/151 707/495/644 1497/509/1319 743/510/673
f 707/495/644 131/494/128 672/511/624 1497/509/1319
f 1497/509/1319 672/511/624 132/512/129 710/513/647
f 743/510/673 1497/509/1319 710/513/647 171/514/154
f 169/502/152 708/501/645 1498/515/1320 742/516/672
f 708/501/645 118/500/115 659/517/611 1498/515/1320
f 1498/515/1320 659/517/611 119/518/116 711/519/648
f 742/516/672 1498/515/1320 711/519/648 172/520/155
f 170/508/153 709/507/646 1499/521/1321 741/522/671
f 709/507/646 145/506/135 686/523/630 1499/521/1321
f 1499/521/1321 686/523/630 146/524/136 712/525/649
f 741/522/671 1499/521/1321 712/525/649 173/526/156
f 171/514/154 710/513/647 1500/527/1322 740/528/670
f 710/513/647 132/512/129 673/529/625 1500/527/1322
f 1500/527/1322 673/529/625 133/530/130 713/531/650
f 740/528/670 1500/527/1322 713/531/650 174/532/157
f 172/520/155 711/519/648 1501/533/1323 739/534/669
f 711/519/648 119/518/116 660/535/612 1501/533/1323
f 1501/533/1323 660/535/612 120/536/117 714/537/651
f 739/534/669 1501/533/1323 714/537/651 175/538/158
f 173/526/156 712/525/649 1502/539/1324 738/540/668
f 712/525/649 146/524/136 687/541/631 1502/539/1324
f 1502/539/1324 687/541/631 147/542/137 715/543/652
f 738/540/668 1502/539/1324 715/543/652 176/544/159
f 174/532/157 713/531/650 1503/545/1325 737/546/667
f 713/531/650 133/530/130 674/547/626 1503/545/1325
f 1503/545/1325 674/547/626 134/548/131 716/549/653
f 737/546/667 1503/545/1325 716/549/653 177/550/160
f 175/538/158 714/537/651 1504/551/1326 736/552/666
f 714/537/651 120/536/117 661/553/613 1504/551/1326
f 1504/551/1326 661/553/613 121/554/118 717/555/654
f 736/552/666 1504/551/1326 717/555/654 178/556/161
f 176/544/159 715/543/652 1505/557/1327 735/558/665
f 715/543/652 147/542/137 688/559/632 1505/557/1327
f 1505/557/1327 688/559/632 116/480/113 728/477/658
f 735/558/665 1505/557/1327 728/477/658 165/476/148
f 177/550/160 716/549/653 1506/560/1328 734/561/664
f 716/549/653 134/548/131 675/562/627 1506/560/1328
f 1506/560/1328 675/562/627 135/563/132 718/564/655
f 734/561/664 1506/560/1328 718/564/655 179/565/162
f 178/556/161 717/555/654 1507/566/1329 733/567/663
f 717/555/654 121/554/118 662/568/614 1507/566/1329
f 1507/566/1329 662/568/614 122/384/119 719/381/656
f 733/567/663 1507/566/1329 719/381/656 148/380/138
f 179/565/162 718/564/655 1508/569/1330 732/570/662
f 718/564/655 135/563/132 676/571/628 1508/569/1330
f 1508/569/1330 676/571/628 136/393/133 720/390/657
f 732/570/662 1508/569/1330 720/390/657 150/389/140
f 103/318/100 731/572/661 1509/573/1331 612/327/564
f 731/572/661 179/565/162 732/570/662 1509/573/1331
f 1509/573/1331 732/570/662 150/389/140 690/574/634
f 612/327/564 1509/573/1331 690/574/634 104/328/101
f 112/255/109 729/575/659 1510/576/1332 621/268/573
f 729/575/659 167/490/150 744/504/674 1510/576/1332
f 1510/576/1332 744/504/674 170/508/153 730/577/660
f 621/268/573 1510/576/1332 730/577/660 113/269/110
f 111/239/108 727/578/69 1511/579/69 620/254/572
f 727/578/69 163/469/69 747/486/69 1511/579/69
f 1511/579/69 747/486/69 167/490/150 729/575/659
f 620/254/572 1511/579/69 729/575/659 112/255/109
f 110/227/107 726/580/69 1512/581/69 619/238/571
f 726/580/69 161/457/69 750/465/69 1512/581/69
f 1512/581/69 750/465/69 163/469/69 727/578/69
f 619/238/571 1512/581/69 727/578/69 111/239/108
f 109/225/106 725/582/69 1513/583/69 618/226/570
f 725/582/69 159/445/69 752/453/69 1513/583/69
f 1513/583/69 752/453/69 161/457/69 726/580/69
f 618/226/570 1513/583/69 726/580/69 110/227/107
f 108/368/105 724/584/69 1514/585/69 617/377/569
f 724/584/69 157/433/69 754/441/69 1514/585/69
f 1514/585/69 754/441/69 159/445/69 725/582/69
f 617/377/569 1514/585/69 725/582/69 109/225/106
f 107/358/104 723/586/69 1515/587/69 616/367/568
f 723/586/69 155/421/69 756/429/69 1515/587/69
f 1515/587/69 756/429/69 157/433/69 724/584/69
f 616/367/568 1515/587/69 724/584/69 108/368/105
f 106/348/103 722/588/69 1516/589/69 615/357/567
f 722/588/69 153/409/69 758/417/69 1516/589/69
f 1516/589/69 758/417/69 155/421/69 723/586/69
f 615/357/567 1516/589/69 723/586/69 107/358/104
f 105/338/102 721/590/69 1517/591/69 614/347/566
f 721/590/69 151/397/69 760/405/69 1517/591/69
f 1517/591/69 760/405/69 153/409/69 722/588/69
f 614/347/566 1517/591/69 722/588/69 106/348/103
f 104/328/101 690/574/634 1518/592/69 613/337/565
f 690/574/634 150/389/140 762/392/69 1518/592/69
f 1518/592/69 762/392/69 151/397/69 721/590/69
f 613/337/565 1518/592/69 721/590/69 105/338/102
f 144/488/134 684/487/69 1519/593/69 764/594/69
f 684/487/69 143/467/69 683/466/69 1519/593/69
f 1519/593/69 683/466/69 142/455/69 765/595/69
f 764/594/69 1519/593/69 765/595/69 180/596/69
f 180/596/69 765/595/69 1520/597/69 766/598/69
f 765/595/69 142/455/69 682/454/69 1520/597/69
f 1520/597/69 682/454/69 141/443/69 681/442/69
f 766/598/69 1520/597/69 681/442/69 140/431/69
f 145/506/135 685/505/629 1521/599/69 767/600/69
f 685/505/629 144/488/134 764/594/69 1521/599/69
f 1521/599/69 764/594/69 180/596/69 768/601/69
f 767/600/69 1521/599/69 768/601/69 181/602/69
f 181/602/69 768/601/69 1522/603/69 769/604/69
f 768/601/69 180/596/69 766/598/69 1522/603/69
f 1522/603/69 766/598/69 140/431/69 680/430/69
f 769/604/69 1522/603/69 680/430/69 139/419/69
f 146/524/136 686/523/630 1523/605/69 770/606/69
f 686/523/630 145/506/135 767/600/69 1523/605/69
f 1523/605/69 767/600/69 181/602/69 771/607/69
f 770/606/69 1523/605/69 771/607/69 182/608/69
f 182/608/69 771/607/69 1524/609/69 772/610/69
f 771/607/69 181/602/69 769/604/69 1524/609/69
f 1524/609/69 769/604/69 139/419/69 679/418/69
f 772/610/69 1524/609/69 679/418/69 138/407/69
f 147/542/137 687/541/631 1525/611/69 773/612/69
f 687/541/631 146/524/136 770/606/69 1525/611/69
f 1525/611/69 770/606/69 182/608/69 774/613/69
f 773/612/69 1525/611/69 774/613/69 183/614/69
f 183/614/69 774/613/69 1526/615/69 775/616/69
f 774/613/69 182/608/69 772/610/69 1526/615/69
f 1526/615/69 772/610/69 138/407/69 678/406/69
f 775/616/69 1526/615/69 678/406/69 137/395/69
f 116/480/113 688/559/632 1527/617/69 776/618/69
f 688/559/632 147/542/137 773/612/69 1527/617/69
f 1527/617/69 773/612/69 183/614/69 777/619/69
f 776/618/69 1527/617/69 777/619/69 184/620/69
f 184/620/69 777/619/69 1528/621/69 778/622/69
f 777/619/69 183/614/69 775/616/69 1528/621/69
f 1528/621/69 775/616/69 137/395/69 677/394/69
f 778/622/69 1528/621/69 677/394/69 136/393/133
f 117/482/114 657/481/609 1529/623/69 779/624/69
f 657/481/609 116/480/113 776/618/69 1529/623/69
f 1529/623/69 776/618/69 184/620/69 780/625/69
f 779/624/69 1529/623/69 780/625/69 185/626/69
f 185/626/69 780/625/69 1530/627/69 781/628/69
f 780/625/69 184/620/69 778/622/69 1530/627/69
f 1530/627/69 778/622/69 136/393/133 676/571/628
f 781/628/69 1530/627/69 676/571/628 135/563/132
f 118/500/115 658/499/610 1531/629/69 782/630/69
f 658/499/610 117/482/114 779/624/69 1531/629/69
f 1531/629/69 779/624/69 185/626/69 783/631/69
f 782/630/69 1531/629/69 783/631/69 186/632/69
f 186/632/69 783/631/69 1532/633/69 784/634/69
f 783/631/69 185/626/69 781/628/69 1532/633/69
f 1532/633/69 781/628/69 135/563/132 675/562/627
f 784/634/69 1532/633/69 675/562/627 134/548/131
f 119/518/116 659/517/611 1533/635/69 785/636/69
f 659/517/611 118/500/115 782/630/69 1533/635/69
f 1533/635/69 782/630/69 186/632/69 786/637/69
f 785/636/69 1533/635/69 786/637/69 187/638/69
f 187/638/69 786/637/69 1534/639/69 787/640/69
f 786/637/69 186/632/69 784/634/69 1534/639/69
f 1534/639/69 784/634/69 134/548/131 674/547/626
f 787/640/69 1534/639/69 674/547/626 133/530/130
f 120/536/117 660/535/612 1535/641/69 788/642/69
f 660/535/612 119/518/116 785/636/69 1535/641/69
f 1535/641/69 785/636/69 187/638/69 789/643/69
f 788/642/69 1535/641/69 789/643/69 188/644/69
f 188/644/69 789/643/69 1536/645/69 790/646/69
f 789/643/69 187/638/69 787/640/69 1536/645/69
f 1536/645/69 787/640/69 133/530/130 673/529/625
f 790/646/69 1536/645/69 673/529/625 132/512/129
f 121/554/118 661/553/613 1537/647/69 791/648/69
f 661/553/613 120/536/117 788/642/69 1537/647/69
f 1537/647/69 788/642/69 188/644/69 792/649/69
f 791/648/69 1537/647/69 792/649/69 189/650/69
f 189/650/69 792/649/69 1538/651/69 793/652/69
f 792/649/69 188/644/69 790/646/69 1538/651/69
f 1538/651/69 790/646/69 132/512/129 672/511/624
f 793/652/69 1538/651/69 672/511/624 131/494/128
f 122/384/119 662/568/614 1539/653/69 794/654/69
f 662/568/614 121/554/118 791/648/69 1539/653/69
f 1539/653/69 791/648/69 189/650/69 795/655/69
f 794/654/69 1539/653/69 795/655/69 190/656/69
f 190/656/69 795/655/69 1540/657/69 796/658/69
f 795/655/69 189/650/69 793/652/69 1540/657/69
f 1540/657/69 793/652/69 131/494/128 671/493/623
f 796/658/69 1540/657/69 671/493/623 130/473/127
f 123/386/120 663/385/615 1541/659/69 797/660/69
f 663/385/615 122/384/119 794/654/69 1541/659/69
f 1541/659/69 794/654/69 190/656/69 798/661/69
f 797/660/69 1541/659/69 798/661/69 191/662/69
f 191/662/69 798/661/69 1542/663/69 799/664/69
f 798/661/69 190/656/69 796/658/69 1542/663/69
f 1542/663/69 796/658/69 130/473/127 670/472/622
f 799/664/69 1542/663/69 670/472/622 129/461/126
f 124/401/121 664/400/616 1543/665/69 800/666/69
f 664/400/616 123/386/120 797/660/69 1543/665/69
f 1543/665/69 797/660/69 191/662/69 801/667/69
f 800/666/69 1543/665/69 801/667/69 192/668/69
f 192/668/69 801/667/69 1544/669/69 802/670/69
f 801/667/69 191/662/69 799/664/69 1544/669/69
f 1544/669/69 799/664/69 129/461/126 669/460/621
f 802/670/69 1544/669/69 669/460/621 128/449/125
f 125/413/122 665/412/617 1545/671/69 666/424/618
f 665/412/617 124/401/121 800/666/69 1545/671/69
f 1545/671/69 800/666/69 192/668/69 803/672/69
f 666/424/618 1545/671/69 803/672/69 126/425/123
f 126/425/123 803/672/69 1546/673/69 667/436/619
f 803/672/69 192/668/69 802/670/69 1546/673/69
f 1546/673/69 802/670/69 128/449/125 668/448/620
f 667/436/619 1546/673/69 668/448/620 127/437/124
f 260/674/227 900/675/778 1547/676/1333 870/677/748
f 900/675/778 242/678/212 852/679/734 1547/676/1333
f 1547/676/1333 852/679/734 240/680/210 851/681/733
f 870/677/748 1547/676/1333 851/681/733 241/682/211
f 261/683/228 899/684/777 1548/685/1334 871/686/749
f 899/684/777 244/687/214 854/688/736 1548/685/1334
f 1548/685/1334 854/688/736 233/689/203 844/690/726
f 871/686/749 1548/685/1334 844/690/726 234/691/204
f 263/692/230 898/693/776 1549/694/1335 873/695/751
f 898/693/776 246/696/216 856/697/738 1549/694/1335
f 1549/694/1335 856/697/738 225/698/195 837/699/719
f 873/695/751 1549/694/1335 837/699/719 227/700/197
f 264/701/231 897/702/775 1550/703/1336 874/704/752
f 897/702/775 261/683/228 871/686/749 1550/703/1336
f 1550/703/1336 871/686/749 234/691/204 845/705/727
f 874/704/752 1550/703/1336 845/705/727 235/706/205
f 265/707/232 896/708/774 1551/709/1337 875/710/753
f 896/708/774 263/692/230 873/695/751 1551/709/1337
f 1551/709/1337 873/695/751 227/700/197 838/711/720
f 875/710/753 1551/709/1337 838/711/720 228/712/198
f 266/713/233 895/714/773 1552/715/1338 876/716/754
f 895/714/773 264/701/231 874/704/752 1552/715/1338
f 1552/715/1338 874/704/752 235/706/205 846/717/728
f 876/716/754 1552/715/1338 846/717/728 236/718/206
f 267/719/234 894/720/772 1553/721/1339 877/722/755
f 894/720/772 265/707/232 875/710/753 1553/721/1339
f 1553/721/1339 875/710/753 228/712/198 839/723/721
f 877/722/755 1553/721/1339 839/723/721 229/724/199
f 268/725/235 893/726/771 1554/727/1340 878/728/756
f 893/726/771 266/713/233 876/716/754 1554/727/1340
f 1554/727/1340 876/716/754 236/718/206 847/729/729
f 878/728/756 1554/727/1340 847/729/729 237/730/207
f 269/731/236 892/732/770 1555/733/1341 879/734/757
f 892/732/770 267/719/234 877/722/755 1555/733/1341
f 1555/733/1341 877/722/755 229/724/199 840/735/722
f 879/734/757 1555/733/1341 840/735/722 230/736/200
f 270/737/237 891/738/769 1556/739/1342 880/740/758
f 891/738/769 268/725/235 878/728/756 1556/739/1342
f 1556/739/1342 878/728/756 237/730/207 848/741/730
f 880/740/758 1556/739/1342 848/741/730 238/742/208
f 271/743/238 890/744/768 1557/745/1343 881/746/759
f 890/744/768 269/731/236 879/734/757 1557/745/1343
f 1557/745/1343 879/734/757 230/736/200 841/747/723
f 881/746/759 1557/745/1343 841/747/723 231/748/201
f 272/749/239 889/750/767 1558/751/1344 882/752/760
f 889/750/767 270/737/237 880/740/758 1558/751/1344
f 1558/751/1344 880/740/758 238/742/208 849/753/731
f 882/752/760 1558/751/1344 849/753/731 239/754/209
f 273/755/240 888/756/766 1559/757/1345 883/758/761
f 888/756/766 271/743/238 881/746/759 1559/757/1345
f 1559/757/1345 881/746/759 231/748/201 842/759/724
f 883/758/761 1559/757/1345 842/759/724 232/760/202
f 242/678/212 887/761/765 1560/762/1346 852/679/734
f 887/761/765 272/749/239 882/752/760 1560/762/1346
f 1560/762/1346 882/752/760 239/754/209 850/763/732
f 852/679/734 1560/762/1346 850/763/732 240/680/210
f 244/687/214 886/764/764 1561/765/1347 854/688/736
f 886/764/764 273/755/240 883/758/761 1561/765/1347
f 1561/765/1347 883/758/761 232/760/202 843/766/725
f 854/688/736 1561/765/1347 843/766/725 233/689/203
f 246/696/216 885/767/763 1562/768/1348 856/697/738
f 885/767/763 258/769/225 868/770/746 1562/768/1348
f 1562/768/1348 868/770/746 226/771/196 836/772/718
f 856/697/738 1562/768/1348 836/772/718 225/698/195
f 262/773/229 929/774/797 1563/775/1349 872/776/750
f 929/774/797 274/777/241 884/778/762 1563/775/1349
f 1563/775/1349 884/778/762 258/769/225 885/767/763
f 872/776/750 1563/775/1349 885/767/763 246/696/216
f 259/779/226 927/780/217 1564/781/217 869/782/747
f 927/780/217 256/783/217 909/784/217 1564/781/217
f 1564/781/217 909/784/217 272/749/239 887/761/765
f 869/782/747 1564/781/217 887/761/765 242/678/212
f 256/783/217 925/785/217 1565/786/217 909/784/217
f 925/785/217 254/787/217 908/788/217 1565/786/217
f 1565/786/217 908/788/217 270/737/237 889/750/767
f 909/784/217 1565/786/217 889/750/767 272/749/239
f 254/787/217 923/789/217 1566/790/217 908/788/217
f 923/789/217 252/791/221 906/792/782 1566/790/217
f 1566/790/217 906/792/782 268/725/235 891/738/769
f 908/788/217 1566/790/217 891/738/769 270/737/237
f 253/793/222 922/794/793 1567/795/1350 907/796/783
f 922/794/793 251/797/220 905/798/781 1567/795/1350
f 1567/795/1350 905/798/781 267/719/234 892/732/770
f 907/796/783 1567/795/1350 892/732/770 269/731/236
f 252/791/221 921/799/792 1568/800/1351 906/792/782
f 921/799/792 250/801/219 904/802/780 1568/800/1351
f 1568/800/1351 904/802/780 266/713/233 893/726/771
f 906/792/782 1568/800/1351 893/726/771 268/725/235
f 251/797/220 920/803/217 1569/804/217 905/798/781
f 920/803/217 249/805/217 903/806/217 1569/804/217
f 1569/804/217 903/806/217 265/707/232 894/720/772
f 905/798/781 1569/804/217 894/720/772 267/719/234
f 249/805/217 918/807/217 1570/808/217 903/806/217
f 918/807/217 247/809/217 902/810/217 1570/808/217
f 1570/808/217 902/810/217 263/692/230 896/708/774
f 903/806/217 1570/808/217 896/708/774 265/707/232
f 247/809/217 916/811/217 1571/812/217 902/810/217
f 916/811/217 262/773/229 872/776/750 1571/812/217
f 1571/812/217 872/776/750 246/696/216 898/693/776
f 902/810/217 1571/812/217 898/693/776 263/692/230
f 243/813/213 914/814/788 1572/815/1352 901/816/779
f 914/814/788 259/779/226 869/782/747 1572/815/1352
f 1572/815/1352 869/782/747 242/678/212 900/675/778
f 901/816/779 1572/815/1352 900/675/778 260/674/227
f 209/817/179 819/818/701 1573/819/1353 853/820/735
f 819/818/701 208/821/178 910/822/784 1573/819/1353
f 1573/819/1353 910/822/784 259/779/226 914/814/788
f 853/820/735 1573/819/1353 914/814/788 243/813/213
f 202/823/172 812/824/694 1574/825/1354 855/826/737
f 812/824/694 201/827/171 911/828/785 1574/825/1354
f 1574/825/1354 911/828/785 275/829/242 915/830/789
f 855/826/737 1574/825/1354 915/830/789 245/831/215
f 195/832/165 805/833/687 1575/834/217 857/835/217
f 805/833/687 193/836/163 912/837/786 1575/834/217
f 1575/834/217 912/837/786 262/773/229 916/811/217
f 857/835/217 1575/834/217 916/811/217 247/809/217
f 203/838/173 813/839/695 1576/840/1355 858/841/739
f 813/839/695 202/823/172 855/826/737 1576/840/1355
f 1576/840/1355 855/826/737 245/831/215 917/842/790
f 858/841/739 1576/840/1355 917/842/790 248/843/218
f 196/844/166 806/845/688 1577/846/217 859/847/217
f 806/845/688 195/832/165 857/835/217 1577/846/217
f 1577/846/217 857/835/217 247/809/217 918/807/217
f 859/847/217 1577/846/217 918/807/217 249/805/217
f 204/848/174 814/849/696 1578/850/1356 860/851/740
f 814/849/696 203/838/173 858/841/739 1578/850/1356
f 1578/850/1356 858/841/739 248/843/218 919/852/791
f 860/851/740 1578/850/1356 919/852/791 250/801/219
f 197/853/167 807/854/689 1579/855/217 861/856/741
f 807/854/689 196/844/166 859/847/217 1579/855/217
f 1579/855/217 859/847/217 249/805/217 920/803/217
f 861/856/741 1579/855/217 920/803/217 251/797/220
f 205/857/175 815/858/697 1580/859/1357 862/860/742
f 815/858/697 204/848/174 860/851/740 1580/859/1357
f 1580/859/1357 860/851/740 250/801/219 921/799/792
f 862/860/742 1580/859/1357 921/799/792 252/791/221
f 198/861/168 808/862/690 1581/863/1358 863/864/743
f 808/862/690 197/853/167 861/856/741 1581/863/1358
f 1581/863/1358 861/856/741 251/797/220 922/794/793
f 863/864/743 1581/863/1358 922/794/793 253/793/222
f 206/865/176 816/866/698 1582/867/217 864/868/217
f 816/866/698 205/857/175 862/860/742 1582/867/217
f 1582/867/217 862/860/742 252/791/221 923/789/217
f 864/868/217 1582/867/217 923/789/217 254/787/217
f 199/869/169 809/870/691 1583/871/1359 865/872/744
f 809/870/691 198/861/168 863/864/743 1583/871/1359
f 1583/871/1359 863/864/743 253/793/222 924/873/794
f 865/872/744 1583/871/1359 924/873/794 255/874/223
f 207/875/177 817/876/699 1584/877/217 866/878/217
f 817/876/699 206/865/176 864/868/217 1584/877/217
f 1584/877/217 864/868/217 254/787/217 925/785/217
f 866/878/217 1584/877/217 925/785/217 256/783/217
f 200/879/170 810/880/692 1585/881/1360 867/882/745
f 810/880/692 199/869/169 865/872/744 1585/881/1360
f 1585/881/1360 865/872/744 255/874/223 926/883/795
f 867/882/745 1585/881/1360 926/883/795 257/884/224
f 208/821/178 818/885/700 1586/886/217 910/822/784
f 818/885/700 207/875/177 866/878/217 1586/886/217
f 1586/886/217 866/878/217 256/783/217 927/780/217
f 910/822/784 1586/886/217 927/780/217 259/779/226
f 201/827/171 811/887/693 1587/888/1361 911/828/785
f 811/887/693 200/879/170 867/882/745 1587/888/1361
f 1587/888/1361 867/882/745 257/884/224 928/889/796
f 911/828/785 1587/888/1361 928/889/796 275/829/242
f 193/836/163 804/890/686 1588/891/1362 912/837/786
f 804/890/686 194/892/164 913/893/787 1588/891/1362
f 1588/891/1362 913/893/787 274/777/241 929/774/797
f 912/837/786 1588/891/1362 929/774/797 262/773/229
f 218/894/188 829/895/711 1589/896/1363 962/897/830
f 829/895/711 219/898/189 963/899/831 1589/896/1363
f 1589/896/1363 963/899/831 302/900/269 955/901/823
f 962/897/830 1589/896/1363 955/901/823 301/902/268
f 205/857/175 816/866/698 1590/903/1364 964/904/832
f 816/866/698 206/865/176 965/905/833 1590/903/1364
f 1590/903/1364 965/905/833 289/906/256 942/907/810
f 964/904/832 1590/903/1364 942/907/810 288/908/255
f 219/898/189 830/909/712 1591/910/1365 963/899/831
f 830/909/712 220/911/190 966/912/834 1591/910/1365
f 1591/910/1365 966/912/834 303/913/270 956/914/824
f 963/899/831 1591/910/1365 956/914/824 302/900/269
f 206/865/176 817/876/699 1592/915/1366 965/905/833
f 817/876/699 207/875/177 967/916/835 1592/915/1366
f 1592/915/1366 967/916/835 290/917/257 943/918/811
f 965/905/833 1592/915/1366 943/918/811 289/906/256
f 194/892/164 804/890/686 1593/919/1367 968/920/836
f 804/890/686 193/836/163 969/921/837 1593/919/1367
f 1593/919/1367 969/921/837 276/922/243 930/923/798
f 968/920/836 1593/919/1367 930/923/798 277/924/244
f 220/911/190 831/925/713 1594/926/1368 966/912/834
f 831/925/713 221/927/191 970/928/838 1594/926/1368
f 1594/926/1368 970/928/838 304/929/271 957/930/825
f 966/912/834 1594/926/1368 957/930/825 303/913/270
f 207/875/177 818/885/700 1595/931/1369 967/916/835
f 818/885/700 208/821/178 971/932/839 1595/931/1369
f 1595/931/1369 971/932/839 291/933/258 944/934/812
f 967/916/835 1595/931/1369 944/934/812 290/917/257
f 193/836/163 805/833/687 1596/935/1370 969/921/837
f 805/833/687 195/832/165 972/936/840 1596/935/1370
f 1596/935/1370 972/936/840 278/937/245 931/938/799
f 969/921/837 1596/935/1370 931/938/799 276/922/243
f 221/927/191 832/939/714 1597/940/1371 970/928/838
f 832/939/714 222/941/192 973/942/841 1597/940/1371
f 1597/940/1371 973/942/841 305/943/272 958/944/826
f 970/928/838 1597/940/1371 958/944/826 304/929/271
f 208/821/178 819/818/701 1598/945/1372 971/932/839
f 819/818/701 209/817/179 974/946/842 1598/945/1372
f 1598/945/1372 974/946/842 292/947/259 945/948/813
f 971/932/839 1598/945/1372 945/948/813 291/933/258
f 195/832/165 806/845/688 1599/949/1373 972/936/840
f 806/845/688 196/844/166 975/950/843 1599/949/1373
f 1599/949/1373 975/950/843 279/951/246 932/952/800
f 972/936/840 1599/949/1373 932/952/800 278/937/245
f 222/941/192 833/953/715 1600/954/1374 973/942/841
f 833/953/715 223/955/193 976/956/844 1600/954/1374
f 1600/954/1374 976/956/844 306/957/273 959/958/827
f 973/942/841 1600/954/1374 959/958/827 305/943/272
f 209/817/179 820/959/702 1601/960/1375 974/946/842
f 820/959/702 210/961/180 977/962/845 1601/960/1375
f 1601/960/1375 977/962/845 293/963/260 946/964/814
f 974/946/842 1601/960/1375 946/964/814 292/947/259
f 196/844/166 807/854/689 1602/965/1376 975/950/843
f 807/854/689 197/853/167 978/966/846 1602/965/1376
f 1602/965/1376 978/966/846 280/967/247 933/968/801
f 975/950/843 1602/965/1376 933/968/801 279/951/246
f 223/955/193 834/969/716 1603/970/1377 976/956/844
f 834/969/716 224/971/194 979/972/847 1603/970/1377
f 1603/970/1377 979/972/847 307/973/274 960/974/828
f 976/956/844 1603/970/1377 960/974/828 306/957/273
f 210/961/180 821/975/703 1604/976/1378 977/962/845
f 821/975/703 211/977/181 980/978/848 1604/976/1378
f 1604/976/1378 980/978/848 294/979/261 947/980/815
f 977/962/845 1604/976/1378 947/980/815 293/963/260
f 197/853/167 808/862/690 1605/981/1379 978/966/846
f 808/862/690 198/861/168 981/982/849 1605/981/1379
f 1605/981/1379 981/982/849 281/983/248 934/984/802
f 978/966/846 1605/981/1379 934/984/802 280/967/247
f 224/971/194 835/985/717 1606/986/1380 979/972/847
f 835/985/717 194/892/164 968/920/836 1606/986/1380
f 1606/986/1380 968/920/836 277/924/244 961/987/829
f 979/972/847 1606/986/1380 961/987/829 307/973/274
f 211/977/181 822/988/704 1607/989/1381 980/978/848
f 822/988/704 212/990/182 982/991/850 1607/989/1381
f 1607/989/1381 982/991/850 295/992/262 948/993/816
f 980/978/848 1607/989/1381 948/993/816 294/979/261
f 198/861/168 809/870/691 1608/994/1382 981/982/849
f 809/870/691 199/869/169 983/995/851 1608/994/1382
f 1608/994/1382 983/995/851 282/996/249 935/997/803
f 981/982/849 1608/994/1382 935/997/803 281/983/248
f 212/990/182 823/998/705 1609/999/1383 982/991/850
f 823/998/705 213/1000/183 984/1001/852 1609/999/1383
f 1609/999/1383 984/1001/852 296/1002/263 949/1003/817
f 982/991/850 1609/999/1383 949/1003/817 295/992/262
f 199/869/169 810/880/692 1610/1004/1384 983/995/851
f 810/880/692 200/879/170 985/1005/853 1610/1004/1384
f 1610/1004/1384 985/1005/853 283/1006/250 936/1007/804
f 983/995/851 1610/1004/1384 936/1007/804 282/996/249
f 213/1000/183 824/1008/706 1611/1009/1385 984/1001/852
f 824/1008/706 214/1010/184 986/1011/854 1611/1009/1385
f 1611/1009/1385 986/1011/854 297/1012/264 950/1013/818
f 984/1001/852 1611/1009/1385 950/1013/818 296/1002/263
f 200/879/170 811/887/693 1612/1014/1386 985/1005/853
f 811/887/693 201/827/171 987/1015/855 1612/1014/1386
f 1612/1014/1386 987/1015/855 284/1016/251 937/1017/805
f 985/1005/853 1612/1014/1386 937/1017/805 283/1006/250
f 214/1010/184 825/1018/707 1613/1019/1387 986/1011/854
f 825/1018/707 215/1020/185 988/1021/856 1613/1019/1387
f 1613/1019/1387 988/1021/856 298/1022/265 951/1023/819
f 986/1011/854 1613/1019/1387 951/1023/819 297/1012/264
f 201/827/171 812/824/694 1614/1024/1388 987/1015/855
f 812/824/694 202/823/172 989/1025/857 1614/1024/1388
f 1614/1024/1388 989/1025/857 285/1026/252 938/1027/806
f 987/1015/855 1614/1024/1388 938/1027/806 284/1016/251
f 215/1020/185 826/1028/708 1615/1029/1389 988/1021/856
f 826/1028/708 216/1030/186 990/1031/858 1615/1029/1389
f 1615/1029/1389 990/1031/858 299/1032/266 952/1033/820
f 988/1021/856 1615/1029/1389 952/1033/820 298/1022/265
f 202/823/172 813/839/695 1616/1034/1390 989/1025/857
f 813/839/695 203/838/173 991/1035/859 1616/1034/1390
f 1616/1034/1390 991/1035/859 286/1036/253 939/1037/807
f 989/1025/857 1616/1034/1390 939/1037/807 285/1026/252
f 216/1030/186 827/1038/709 1617/1039/1391 990/1031/858
f 827/1038/709 217/1040/187 992/1041/860 1617/1039/1391
f 1617/1039/1391 992/1041/860 300/1042/267 953/1043/821
f 990/1031/858 1617/1039/1391 953/1043/821 299/1032/266
f 203/838/173 814/849/696 1618/1044/1392 991/1035/859
f 814/849/696 204/848/174 993/1045/861 1618/1044/1392
f 1618/1044/1392 993/1045/861 287/1046/254 940/1047/808
f 991/1035/859 1618/1044/1392 940/1047/808 286/1036/253
f 217/1040/187 828/1048/710 1619/1049/1393 992/1041/860
f 828/1048/710 218/894/188 962/897/830 1619/1049/1393
f 1619/1049/1393 962/897/830 301/902/268 954/1050/822
f 992/1041/860 1619/1049/1393 954/1050/822 300/1042/267
f 204/848/174 815/858/697 1620/1051/1394 993/1045/861
f 815/858/697 205/857/175 964/904/832 1620/1051/1394
f 1620/1051/1394 964/904/832 288/908/255 941/1052/809
f 993/1045/861 1620/1051/1394 941/1052/809 287/1046/254
f 370/1053/337 1100/1054/968 1621/1055/1395 1056/1056/924
f 1100/1054/968 340/1057/307 1026/1058/894 1621/1055/1395
f 1621/1055/1395 1026/1058/894 315/1059/282 1000/1060/868
f 1056/1056/924 1621/1055/1395 1000/1060/868 314/1061/281
f 341/1062/308 1099/1063/967 1622/1064/1396 1057/1065/925
f 1099/1063/967 342/1066/309 1028/1067/896 1622/1064/1396
f 1622/1064/1396 1028/1067/896 329/1068/296 1014/1069/882
f 1057/1065/925 1622/1064/1396 1014/1069/882 328/1070/295
f 340/1057/307 1098/1071/966 1623/1072/1397 1026/1058/894
f 1098/1071/966 343/1073/310 1029/1074/897 1623/1072/1397
f 1623/1072/1397 1029/1074/897 316/1075/283 1001/1076/869
f 1026/1058/894 1623/1072/1397 1001/1076/869 315/1059/282
f 342/1066/309 1097/1077/965 1624/1078/1398 1028/1067/896
f 1097/1077/965 344/1079/311 1030/1080/898 1624/1078/1398
f 1624/1078/1398 1030/1080/898 330/1081/297 1015/1082/883
f 1028/1067/896 1624/1078/1398 1015/1082/883 329/1068/296
f 343/1073/310 1096/1083/964 1625/1084/1399 1029/1074/897
f 1096/1083/964 345/1085/312 1031/1086/899 1625/1084/1399
f 1625/1084/1399 1031/1086/899 317/1087/284 1002/1088/870
f 1029/1074/897 1625/1084/1399 1002/1088/870 316/1075/283
f 344/1079/311 1095/1089/963 1626/1090/1400 1030/1080/898
f 1095/1089/963 346/1091/313 1032/1092/900 1626/1090/1400
f 1626/1090/1400 1032/1092/900 331/1093/298 1016/1094/884
f 1030/1080/898 1626/1090/1400 1016/1094/884 330/1081/297
f 345/1085/312 1094/1095/962 1627/1096/1401 1031/1086/899
f 1094/1095/962 347/1097/314 1033/1098/901 1627/1096/1401
f 1627/1096/1401 1033/1098/901 318/1099/285 1003/1100/871
f 1031/1086/899 1627/1096/1401 1003/1100/871 317/1087/284
f 346/1091/313 1093/1101/961 1628/1102/1402 1032/1092/900
f 1093/1101/961 348/1103/315 1034/1104/902 1628/1102/1402
f 1628/1102/1402 1034/1104/902 332/1105/299 1017/1106/885
f 1032/1092/900 1628/1102/1402 1017/1106/885 331/1093/298
f 347/1097/314 1092/1107/960 1629/1108/1403 1033/1098/901
f 1092/1107/960 349/1109/316 1035/1110/903 1629/1108/1403
f 1629/1108/1403 1035/1110/903 319/1111/286 1004/1112/872
f 1033/1098/901 1629/1108/1403 1004/1112/872 318/1099/285
f 348/1103/315 1091/1113/959 1630/1114/1404 1034/1104/902
f 1091/1113/959 350/1115/317 1036/1116/904 1630/1114/1404
f 1630/1114/1404 1036/1116/904 333/1117/300 1018/1118/886
f 1034/1104/902 1630/1114/1404 1018/1118/886 332/1105/299
f 349/1109/316 1090/1119/958 1631/1120/1405 1035/1110/903
f 1090/1119/958 351/1121/318 1037/1122/905 1631/1120/1405
f 1631/1120/1405 1037/1122/905 320/1123/287 1005/1124/873
f 1035/1110/903 1631/1120/1405 1005/1124/873 319/1111/286
f 350/1115/317 1089/1125/957 1632/1126/1406 1036/1116/904
f 1089/1125/957 352/1127/319 1038/1128/906 1632/1126/1406
f 1632/1126/1406 1038/1128/906 334/1129/301 1019/1130/887
f 1036/1116/904 1632/1126/1406 1019/1130/887 333/1117/300
f 351/1121/318 1088/1131/956 1633/1132/1407 1037/1122/905
f 1088/1131/956 353/1133/320 1039/1134/907 1633/1132/1407
f 1633/1132/1407 1039/1134/907 321/1135/288 1006/1136/874
f 1037/1122/905 1633/1132/1407 1006/1136/874 320/1123/287
f 352/1127/319 1087/1137/955 1634/1138/1408 1038/1128/906
f 1087/1137/955 354/1139/321 1040/1140/908 1634/1138/1408
f 1634/1138/1408 1040/1140/908 335/1141/302 1020/1142/888
f 1038/1128/906 1634/1138/1408 1020/1142/888 334/1129/301
f 353/1133/320 1086/1143/954 1635/1144/1409 1039/1134/907
f 1086/1143/954 355/1145/322 1041/1146/909 1635/1144/1409
f 1635/1144/1409 1041/1146/909 322/1147/289 1007/1148/875
f 1039/1134/907 1635/1144/1409 1007/1148/875 321/1135/288
f 371/1149/338 1085/1150/953 1636/1151/1410 1065/1152/933
f 1085/1150/953 356/1153/323 1042/1154/910 1636/1151/1410
f 1636/1151/1410 1042/1154/910 308/1155/275 994/1156/862
f 1065/1152/933 1636/1151/1410 994/1156/862 309/1157/276
f 354/1139/321 1084/1158/952 1637/1159/1411 1040/1140/908
f 1084/1158/952 357/1160/324 1043/1161/911 1637/1159/1411
f 1637/1159/1411 1043/1161/911 336/1162/303 1021/1163/889
f 1040/1140/908 1637/1159/1411 1021/1163/889 335/1141/302
f 355/1145/322 1083/1164/951 1638/1165/1412 1041/1146/909
f 1083/1164/951 358/1166/325 1044/1167/912 1638/1165/1412
f 1638/1165/1412 1044/1167/912 323/1168/290 1008/1169/876
f 1041/1146/909 1638/1165/1412 1008/1169/876 322/1147/289
f 356/1153/323 1082/1170/950 1639/1171/1413 1042/1154/910
f 1082/1170/950 359/1172/326 1045/1173/913 1639/1171/1413
f 1639/1171/1413 1045/1173/913 310/1174/277 995/1175/863
f 1042/1154/910 1639/1171/1413 995/1175/863 308/1155/275
f 357/1160/324 1081/1176/949 1640/1177/1414 1043/1161/911
f 1081/1176/949 360/1178/327 1046/1179/914 1640/1177/1414
f 1640/1177/1414 1046/1179/914 337/1180/304 1022/1181/890
f 1043/1161/911 1640/1177/1414 1022/1181/890 336/1162/303
f 358/1166/325 1080/1182/948 1641/1183/1415 1044/1167/912
f 1080/1182/948 361/1184/328 1047/1185/915 1641/1183/1415
f 1641/1183/1415 1047/1185/915 324/1186/291 1009/1187/877
f 1044/1167/912 1641/1183/1415 1009/1187/877 323/1168/290
f 359/1172/326 1079/1188/947 1642/1189/1416 1045/1173/913
f 1079/1188/947 362/1190/329 1048/1191/916 1642/1189/1416
f 1642/1189/1416 1048/1191/916 311/1192/278 996/1193/864
f 1045/1173/913 1642/1189/1416 996/1193/864 310/1174/277
f 360/1178/327 1078/1194/946 1643/1195/1417 1046/1179/914
f 1078/1194/946 363/1196/330 1049/1197/917 1643/1195/1417
f 1643/1195/1417 1049/1197/917 338/1198/305 1023/1199/891
f 1046/1179/914 1643/1195/1417 1023/1199/891 337/1180/304
f 361/1184/328 1077/1200/945 1644/1201/1418 1047/1185/915
f 1077/1200/945 364/1202/331 1050/1203/918 1644/1201/1418
f 1644/1201/1418 1050/1203/918 325/1204/292 1010/1205/878
f 1047/1185/915 1644/1201/1418 1010/1205/878 324/1186/291
f 362/1190/329 1076/1206/944 1645/1207/1419 1048/1191/916
f 1076/1206/944 365/1208/332 1051/1209/919 1645/1207/1419
f 1645/1207/1419 1051/1209/919 312/1210/279 997/1211/865
f 1048/1191/916 1645/1207/1419 997/1211/865 311/1192/278
f 363/1196/330 1075/1212/943 1646/1213/1420 1049/1197/917
f 1075/1212/943 366/1214/333 1052/1215/920 1646/1213/1420
f 1646/1213/1420 1052/1215/920 339/1216/306 1024/1217/892
f 1049/1197/917 1646/1213/1420 1024/1217/892 338/1198/305
f 364/1202/331 1074/1218/942 1647/1219/1421 1050/1203/918
f 1074/1218/942 367/1220/334 1053/1221/921 1647/1219/1421
f 1647/1219/1421 1053/1221/921 326/1222/293 1011/1223/879
f 1050/1203/918 1647/1219/1421 1011/1223/879 325/1204/292
f 365/1208/332 1073/1224/941 1648/1225/1422 1051/1209/919
f 1073/1224/941 368/1226/335 1054/1227/922 1648/1225/1422
f 1648/1225/1422 1054/1227/922 313/1228/280 998/1229/866
f 1051/1209/919 1648/1225/1422 998/1229/866 312/1210/279
f 366/1214/333 1072/1230/940 1649/1231/1423 1052/1215/920
f 1072/1230/940 371/1149/338 1065/1152/933 1649/1231/1423
f 1649/1231/1423 1065/1152/933 309/1157/276 1025/1232/893
f 1052/1215/920 1649/1231/1423 1025/1232/893 339/1216/306
f 367/1220/334 1071/1233/939 1650/1234/1424 1053/1221/921
f 1071/1233/939 369/1235/336 1055/1236/923 1650/1234/1424
f 1650/1234/1424 1055/1236/923 327/1237/294 1012/1238/880
f 1053/1221/921 1650/1234/1424 1012/1238/880 326/1222/293
f 368/1226/335 1070/1239/938 1651/1240/1425 1054/1227/922
f 1070/1239/938 370/1053/337 1056/1056/924 1651/1240/1425
f 1651/1240/1425 1056/1056/924 314/1061/281 999/1241/867
f 1054/1227/922 1651/1240/1425 999/1241/867 313/1228/280
f 369/1235/336 1069/1242/937 1652/1243/1426 1055/1236/923
f 1069/1242/937 341/1062/308 1057/1065/925 1652/1243/1426
f 1652/1243/1426 1057/1065/925 328/1070/295 1013/1244/881
f 1055/1236/923 1652/1243/1426 1013/1244/881 327/1237/294
f 295/992/262 949/1003/817 1653/1245/1427 1068/1246/936
f 949/1003/817 296/1002/263 1027/1247/895 1653/1245/1427
f 1653/1245/1427 1027/1247/895 341/1062/308 1069/1242/937
f 1068/1246/936 1653/1245/1427 1069/1242/937 369/1235/336
f 304/929/271 958/944/826 1654/1248/1428 1066/1249/934
f 958/944/826 305/943/272 1067/1250/935 1654/1248/1428
f 1654/1248/1428 1067/1250/935 360/1178/327 1081/1176/949
f 1066/1249/934 1654/1248/1428 1081/1176/949 357/1160/324
f 298/1022/265 952/1033/820 1655/1251/1429 1396/1252/1238
f 952/1033/820 299/1032/266 1397/1253/1239 1655/1251/1429
f 1655/1251/1429 1397/1253/1239 452/1254/418 1369/1255/1211
f 1396/1252/1238 1655/1251/1429 1369/1255/1211 451/1256/417
f 297/1012/264 951/1023/819 1656/1257/1430 1060/1258/928
f 951/1023/819 298/1022/265 1396/1252/1238 1656/1257/1430
f 1656/1257/1430 1396/1252/1238 451/1256/417 1368/1259/1210
f 1060/1258/928 1656/1257/1430 1368/1259/1210 449/1260/415
f 342/1066/309 1099/1063/967 1657/1261/1431 1064/1262/932
f 1099/1063/967 341/1062/308 1395/1263/1237 1657/1261/1431
f 1657/1261/1431 1395/1263/1237 458/1264/424 1391/1265/1233
f 1064/1262/932 1657/1261/1431 1391/1265/1233 459/1266/425
f 357/1160/324 1084/1158/952 1658/1267/1432 1394/1268/1236
f 1084/1158/952 354/1139/321 1393/1269/1235 1658/1267/1432
f 1658/1267/1432 1393/1269/1235 465/1270/431 1384/1271/1226
f 1394/1268/1236 1658/1267/1432 1384/1271/1226 466/1272/432
f 350/1115/317 1091/1113/959 1659/1273/1433 1392/1274/1234
f 1091/1113/959 348/1103/315 1058/1275/926 1659/1273/1433
f 1659/1273/1433 1058/1275/926 462/1276/428 1387/1277/1229
f 1392/1274/1234 1659/1273/1433 1387/1277/1229 463/1278/429
f 296/1002/263 950/1013/818 1660/1279/1434 1059/1280/927
f 950/1013/818 297/1012/264 1060/1258/928 1660/1279/1434
f 1660/1279/1434 1060/1258/928 449/1260/415 1367/1281/1209
f 1059/1280/927 1660/1279/1434 1367/1281/1209 450/1282/416
f 303/913/270 957/930/825 1661/1283/1435 1061/1284/929
f 957/930/825 304/929/271 1062/1285/930 1661/1283/1435
f 1661/1283/1435 1062/1285/930 457/1286/423 1374/1287/1216
f 1061/1284/929 1661/1283/1435 1374/1287/1216 456/1288/422
f 344/1079/311 1097/1077/965 1662/1289/1436 1063/1290/931
f 1097/1077/965 342/1066/309 1064/1262/932 1662/1289/1436
f 1662/1289/1436 1064/1262/932 459/1266/425 1390/1291/1232
f 1063/1290/931 1662/1289/1436 1390/1291/1232 460/1292/426
f 421/1293/387 1366/1294/1208 1663/1295/1437 1105/1296/973
f 1366/1294/1208 418/1297/384 1102/1298/970 1663/1295/1437
f 1663/1295/1437 1102/1298/970 377/1299/344 1235/1300/1081
f 1105/1296/973 1663/1295/1437 1235/1300/1081 376/1301/343
f 422/1302/388 1365/1303/1207 1664/1304/1438 1106/1305/974
f 1365/1303/1207 419/1306/385 1103/1307/971 1664/1304/1438
f 1664/1304/1438 1103/1307/971 390/1308/357 1248/1309/1094
f 1106/1305/974 1664/1304/1438 1248/1309/1094 389/1310/356
f 423/1311/389 1364/1312/1206 1665/1313/1439 1107/1314/975
f 1364/1312/1206 420/1315/386 1104/1316/972 1665/1313/1439
f 1665/1313/1439 1104/1316/972 403/1317/370 1261/1318/1107
f 1107/1314/975 1665/1313/1439 1261/1318/1107 402/1319/369
f 424/1320/390 1363/1321/1205 1666/1322/1440 1108/1323/976
f 1363/1321/1205 421/1293/387 1105/1296/973 1666/1322/1440
f 1666/1322/1440 1105/1296/973 376/1301/343 1234/1324/1080
f 1108/1323/976 1666/1322/1440 1234/1324/1080 375/1325/342
f 425/1326/391 1362/1327/1204 1667/1328/1441 1109/1329/977
f 1362/1327/1204 422/1302/388 1106/1305/974 1667/1328/1441
f 1667/1328/1441 1106/1305/974 389/1310/356 1247/1330/1093
f 1109/1329/977 1667/1328/1441 1247/1330/1093 388/1331/355
f 426/1332/392 1361/1333/1203 1668/1334/1442 1110/1335/978
f 1361/1333/1203 423/1311/389 1107/1314/975 1668/1334/1442
f 1668/1334/1442 1107/1314/975 402/1319/369 1260/1336/1106
f 1110/1335/978 1668/1334/1442 1260/1336/1106 401/1337/368
f 427/1338/393 1360/1339/1202 1669/1340/1443 1111/1341/979
f 1360/1339/1202 424/1320/390 1108/1323/976 1669/1340/1443
f 1669/1340/1443 1108/1323/976 375/1325/342 1233/1342/1079
f 1111/1341/979 1669/1340/1443 1233/1342/1079 374/1343/341
f 428/1344/394 1359/1345/1201 1670/1346/1444 1112/1347/980
f 1359/1345/1201 425/1326/391 1109/1329/977 1670/1346/1444
f 1670/1346/1444 1109/1329/977 388/1331/355 1246/1348/1092
f 1112/1347/980 1670/1346/1444 1246/1348/1092 387/1349/354
f 429/1350/395 1358/1351/1200 1671/1352/1445 1113/1353/981
f 1358/1351/1200 426/1332/392 1110/1335/978 1671/1352/1445
f 1671/1352/1445 1110/1335/978 401/1337/368 1259/1354/1105
f 1113/1353/981 1671/1352/1445 1259/1354/1105 400/1355/367
f 431/1356/397 1357/1357/1199 1672/1358/1446 1115/1359/983
f 1357/1357/1199 427/1338/393 1111/1341/979 1672/1358/1446
f 1672/1358/1446 1111/1341/979 374/1343/341 1232/1360/1078
f 1115/1359/983 1672/1358/1446 1232/1360/1078 372/1361/339
f 432/1362/398 1356/1363/1198 1673/1364/1447 1116/1365/984
f 1356/1363/1198 428/1344/394 1112/1347/980 1673/1364/1447
f 1673/1364/1447 1112/1347/980 387/1349/354 1245/1366/1091
f 1116/1365/984 1673/1364/1447 1245/1366/1091 386/1367/353
f 433/1368/399 1355/1369/1197 1674/1370/1448 1117/1371/985
f 1355/1369/1197 429/1350/395 1113/1353/981 1674/1370/1448
f 1674/1370/1448 1113/1353/981 400/1355/367 1258/1372/1104
f 1117/1371/985 1674/1370/1448 1258/1372/1104 399/1373/366
f 430/1374/396 1354/1375/1196 1675/1376/1449 1316/1377/1158
f 1354/1375/1196 431/1356/397 1115/1359/983 1675/1376/1449
f 1675/1376/1449 1115/1359/983 372/1361/339 1231/1378/1077
f 1316/1377/1158 1675/1376/1449 1231/1378/1077 373/1379/340
f 434/1380/400 1353/1381/1195 1676/1382/1450 1118/1383/986
f 1353/1381/1195 432/1362/398 1116/1365/984 1676/1382/1450
f 1676/1382/1450 1116/1365/984 386/1367/353 1244/1384/1090
f 1118/1383/986 1676/1382/1450 1244/1384/1090 385/1385/352
f 435/1386/401 1352/1387/1194 1677/1388/1451 1119/1389/987
f 1352/1387/1194 433/1368/399 1117/1371/985 1677/1388/1451
f 1677/1388/1451 1117/1371/985 399/1373/366 1257/1390/1103
f 1119/1389/987 1677/1388/1451 1257/1390/1103 398/1391/365
f 436/1392/402 1351/1393/1193 1678/1394/1452 1120/1395/988
f 1351/1393/1193 434/1380/400 1118/1383/986 1678/1394/1452
f 1678/1394/1452 1118/1383/986 385/1385/352 1243/1396/1089
f 1120/1395/988 1678/1394/1452 1243/1396/1089 384/1397/351
f 437/1398/403 1350/1399/1192 1679/1400/1453 1121/1401/989
f 1350/1399/1192 435/1386/401 1119/1389/987 1679/1400/1453
f 1679/1400/1453 1119/1389/987 398/1391/365 1256/1402/1102
f 1121/1401/989 1679/1400/1453 1256/1402/1102 397/1403/364
f 438/1404/404 1349/1405/1191 1680/1406/1454 1122/1407/990
f 1349/1405/1191 436/1392/402 1120/1395/988 1680/1406/1454
f 1680/1406/1454 1120/1395/988 384/1397/351 1242/1408/1088
f 1122/1407/990 1680/1406/1454 1242/1408/1088 383/1409/350
f 439/1410/405 1348/1411/1190 1681/1412/1455 1123/1413/991
f 1348/1411/1190 437/1398/403 1121/1401/989 1681/1412/1455
f 1681/1412/1455 1121/1401/989 397/1403/364 1255/1414/1101
f 1123/1413/991 1681/1412/1455 1255/1414/1101 396/1415/363
f 440/1416/406 1347/1417/1189 1682/1418/1456 1124/1419/992
f 1347/1417/1189 438/1404/404 1122/1407/990 1682/1418/1456
f 1682/1418/1456 1122/1407/990 383/1409/350 1241/1420/1087
f 1124/1419/992 1682/1418/1456 1241/1420/1087 382/1421/349
f 441/1422/407 1346/1423/1188 1683/1424/1457 1125/1425/993
f 1346/1423/1188 439/1410/405 1123/1413/991 1683/1424/1457
f 1683/1424/1457 1123/1413/991 396/1415/363 1254/1426/1100
f 1125/1425/993 1683/1424/1457 1254/1426/1100 395/1427/362
f 442/1428/408 1345/1429/1187 1684/1430/1458 1126/1431/994
f 1345/1429/1187 440/1416/406 1124/1419/992 1684/1430/1458
f 1684/1430/1458 1124/1419/992 382/1421/349 1240/1432/1086
f 1126/1431/994 1684/1430/1458 1240/1432/1086 381/1433/348
f 443/1434/409 1344/1435/1186 1685/1436/1459 1127/1437/995
f 1344/1435/1186 441/1422/407 1125/1425/993 1685/1436/1459
f 1685/1436/1459 1125/1425/993 395/1427/362 1253/1438/1099
f 1127/1437/995 1685/1436/1459 1253/1438/1099 394/1439/361
f 444/1440/410 1343/1441/1185 1686/1442/1460 1128/1443/996
f 1343/1441/1185 442/1428/408 1126/1431/994 1686/1442/1460
f 1686/1442/1460 1126/1431/994 381/1433/348 1239/1444/1085
f 1128/1443/996 1686/1442/1460 1239/1444/1085 380/1445/347
f 446/1446/412 1342/1447/1184 1687/1448/1461 1130/1449/998
f 1342/1447/1184 443/1434/409 1127/1437/995 1687/1448/1461
f 1687/1448/1461 1127/1437/995 394/1439/361 1252/1450/1098
f 1130/1449/998 1687/1448/1461 1252/1450/1098 393/1451/360
f 448/1452/414 1341/1453/1183 1688/1454/1462 1132/1455/1000
f 1341/1453/1183 444/1440/410 1128/1443/996 1688/1454/1462
f 1688/1454/1462 1128/1443/996 380/1445/347 1238/1456/1084
f 1132/1455/1000 1688/1454/1462 1238/1456/1084 379/1457/346
f 445/1458/411 1340/1459/1182 1689/1460/1463 1331/1461/1173
f 1340/1459/1182 446/1446/412 1130/1449/998 1689/1460/1463
f 1689/1460/1463 1130/1449/998 393/1451/360 1251/1462/1097
f 1331/1461/1173 1689/1460/1463 1251/1462/1097 392/1463/359
f 447/1464/413 1339/1465/1181 1690/1466/1464 1333/1467/1175
f 1339/1465/1181 448/1452/414 1132/1455/1000 1690/1466/1464
f 1690/1466/1464 1132/1455/1000 379/1457/346 1237/1468/1083
f 1333/1467/1175 1690/1466/1464 1237/1468/1083 378/1469/345
f 75/120/74 587/201/541 1691/1470/1465 1134/1471/1002
f 587/201/541 77/200/75 1133/1472/1001 1691/1470/1465
f 1691/1473/1465 1133/1474/1001 255/874/223 924/873/794
f 1134/1475/1002 1691/1473/1465 924/873/794 253/793/222
f 43/32/43 509/45/475 1692/1476/1466 1136/1477/1004
f 509/45/475 44/44/44 1135/1478/1003 1692/1476/1466
f 1692/1479/1466 1135/1480/1003 236/718/206 846/717/728
f 1136/1481/1004 1692/1479/1466 846/717/728 235/706/205
f 166/484/149 745/498/675 1693/1482/1467 1138/1483/1006
f 745/498/675 169/502/152 1137/1484/1005 1693/1482/1467
f 1693/1485/1467 1137/1486/1005 359/1172/326 1082/1170/950
f 1138/1487/1006 1693/1485/1467 1082/1170/950 356/1153/323
f 17/144/17 483/287/449 1694/1488/1468 1140/1489/1008
f 483/287/449 18/291/18 1139/1490/1007 1694/1488/1468
f 1694/1491/1468 1139/1492/1007 210/961/180 820/959/702
f 1140/1493/1008 1694/1491/1468 820/959/702 209/817/179
f 53/10/53 562/13/524 1695/1494/1469 1142/1495/1010
f 562/13/524 52/18/52 1141/1496/1009 1695/1494/1469
f 1695/1497/1469 1141/1498/1009 244/687/214 899/684/777
f 1142/1499/1010 1695/1497/1469 899/684/777 261/683/228
f 44/44/44 510/57/476 1696/1500/1470 1135/1478/1003
f 510/57/476 45/56/45 1143/1501/1011 1696/1500/1470
f 1696/1502/1470 1143/1503/1011 237/730/207 847/729/729
f 1135/1480/1003 1696/1502/1470 847/729/729 236/718/206
f 164/475/147 746/492/676 1697/1504/1471 1145/1505/1013
f 746/492/676 168/496/151 1144/1506/1012 1697/1504/1471
f 1697/1507/1471 1144/1508/1012 358/1166/325 1083/1164/951
f 1145/1509/1013 1697/1507/1471 1083/1164/951 355/1145/322
f 18/291/18 484/303/450 1698/1510/1472 1139/1490/1007
f 484/303/450 19/307/19 1146/1511/1014 1698/1510/1472
f 1698/1512/1472 1146/1513/1014 211/977/181 821/975/703
f 1139/1492/1007 1698/1512/1472 821/975/703 210/961/180
f 77/200/75 589/211/542 1699/1514/1473 1133/1472/1001
f 589/211/542 79/210/76 1147/1515/1015 1699/1514/1473
f 1699/1516/1473 1147/1517/1015 257/884/224 926/883/795
f 1133/1474/1001 1699/1516/1473 926/883/795 255/874/223
f 45/56/45 511/69/477 1700/1518/1474 1143/1501/1011
f 511/69/477 46/68/46 1148/1519/1016 1700/1518/1474
f 1700/1520/1474 1148/1521/1016 238/742/208 848/741/730
f 1143/1503/1011 1700/1520/1474 848/741/730 237/730/207
f 19/307/19 485/316/451 1701/1522/1475 1146/1511/1014
f 485/316/451 20/320/20 1149/1523/1017 1701/1522/1475
f 1701/1524/1475 1149/1525/1017 212/990/182 822/988/704
f 1146/1513/1014 1701/1524/1475 822/988/704 211/977/181
f 51/1/51 564/141/526 1702/1526/1029 1151/1527/1019
f 564/141/526 67/140/67 1150/1528/1018 1702/1526/1029
f 1702/1529/1029 1150/1530/1018 243/813/213 901/816/779
f 1151/1531/1019 1702/1529/1029 901/816/779 260/674/227
f 46/68/46 512/81/478 1703/1532/1476 1148/1519/1016
f 512/81/478 47/80/47 1152/1533/1020 1703/1532/1476
f 1703/1534/1476 1152/1535/1020 239/754/209 849/753/731
f 1148/1521/1016 1703/1534/1476 849/753/731 238/742/208
f 165/476/148 748/479/677 1704/1536/1477 1153/1537/1021
f 748/479/677 166/484/149 1138/1483/1006 1704/1536/1477
f 1704/1538/1477 1138/1487/1006 356/1153/323 1085/1150/953
f 1153/1539/1021 1704/1538/1477 1085/1150/953 371/1149/338
f 20/320/20 486/326/452 1705/1540/1478 1149/1523/1017
f 486/326/452 21/330/21 1154/1541/1022 1705/1540/1478
f 1705/1542/1478 1154/1543/1022 213/1000/183 823/998/705
f 1149/1525/1017 1705/1542/1478 823/998/705 212/990/182
f 79/210/76 591/216/543 1706/1544/1479 1147/1515/1015
f 591/216/543 81/156/78 1155/1545/1023 1706/1544/1479
f 1706/1546/1479 1155/1547/1023 275/829/242 928/889/796
f 1147/1517/1015 1706/1546/1479 928/889/796 257/884/224
f 47/80/47 513/90/479 1707/1548/1480 1152/1533/1020
f 513/90/479 48/7/48 1156/1549/1024 1707/1548/1480
f 1707/1550/1480 1156/1551/1024 240/680/210 850/763/732
f 1152/1535/1020 1707/1550/1480 850/763/732 239/754/209
f 162/463/146 749/471/678 1708/1552/1481 1157/1553/1025
f 749/471/678 164/475/147 1145/1505/1013 1708/1552/1481
f 1708/1554/1481 1145/1509/1013 355/1145/322 1086/1143/954
f 1157/1555/1025 1708/1554/1481 1086/1143/954 353/1133/320
f 21/330/21 487/336/453 1709/1556/1482 1154/1541/1022
f 487/336/453 22/340/22 1158/1557/1026 1709/1556/1482
f 1709/1558/1482 1158/1559/1026 214/1010/184 824/1008/706
f 1154/1543/1022 1709/1558/1482 824/1008/706 213/1000/183
f 48/7/48 514/6/480 1710/1560/1483 1156/1549/1024
f 514/6/480 49/5/49 1159/1561/1027 1710/1560/1483
f 1710/1562/1483 1159/1563/1027 241/682/211 851/681/733
f 1156/1551/1024 1710/1562/1483 851/681/733 240/680/210
f 22/340/22 488/346/454 1711/1564/1484 1158/1557/1026
f 488/346/454 23/350/23 1160/1565/1028 1711/1564/1484
f 1711/1566/1484 1160/1567/1028 215/1020/185 825/1018/707
f 1158/1559/1026 1711/1566/1484 825/1018/707 214/1010/184
f 85/250/82 593/249/545 1712/1568/1485 1162/1569/1030
f 593/249/545 84/248/81 1161/1570/1029 1712/1568/1485
f 1712/1571/1485 1161/1572/1029 277/924/244 930/923/798
f 1162/1573/1030 1712/1571/1485 930/923/798 276/922/243
f 72/129/71 567/128/527 1713/1574/1486 1164/1575/1032
f 567/128/527 58/40/58 1163/1576/1031 1713/1574/1486
f 1713/1577/1486 1163/1578/1031 266/713/233 904/802/780
f 1164/1579/1032 1713/1577/1486 904/802/780 250/801/219
f 160/451/145 751/459/679 1714/1580/1487 1165/1581/1033
f 751/459/679 162/463/146 1157/1553/1025 1714/1580/1487
f 1714/1582/1487 1157/1555/1025 353/1133/320 1088/1131/956
f 1165/1583/1033 1714/1582/1487 1088/1131/956 351/1121/318
f 23/350/23 489/356/455 1715/1584/1488 1160/1565/1028
f 489/356/455 24/360/24 1166/1585/1034 1715/1584/1488
f 1715/1586/1488 1166/1587/1034 216/1030/186 826/1028/708
f 1160/1567/1028 1715/1586/1488 826/1028/708 215/1020/185
f 86/264/83 594/263/546 1716/1588/1472 1167/1589/1014
f 594/263/546 85/250/82 1162/1569/1030 1716/1588/1472
f 1716/1590/1472 1162/1573/1030 276/922/243 931/938/799
f 1167/1591/1014 1716/1590/1472 931/938/799 278/937/245
f 67/140/67 516/145/482 1717/1592/1489 1150/1528/1018
f 516/145/482 17/144/17 1140/1489/1008 1717/1592/1489
f 1717/1593/1489 1140/1493/1008 209/817/179 853/820/735
f 1150/1530/1018 1717/1593/1489 853/820/735 243/813/213
f 24/360/24 490/366/456 1718/1594/1490 1166/1585/1034
f 490/366/456 25/370/25 1168/1595/1009 1718/1594/1490
f 1718/1596/1490 1168/1597/1009 217/1040/187 827/1038/709
f 1166/1587/1034 1718/1596/1490 827/1038/709 216/1030/186
f 87/278/84 595/277/547 1719/1598/1475 1169/1599/1017
f 595/277/547 86/264/83 1167/1589/1014 1719/1598/1475
f 1719/1600/1475 1167/1591/1014 278/937/245 932/952/800
f 1169/1601/1017 1719/1600/1475 932/952/800 279/951/246
f 158/439/144 753/447/680 1720/1602/1491 1170/1603/1035
f 753/447/680 160/451/145 1165/1581/1033 1720/1602/1491
f 1720/1604/1491 1165/1583/1033 351/1121/318 1090/1119/958
f 1170/1605/1035 1720/1604/1491 1090/1119/958 349/1109/316
f 114/283/111 622/282/574 1721/1606/1492 1172/1607/1037
f 622/282/574 113/269/110 1171/1608/1036 1721/1606/1492
f 1721/1609/1492 1171/1610/1036 305/943/272 959/958/827
f 1172/1611/1037 1721/1609/1492 959/958/827 306/957/273
f 25/370/25 491/376/457 1722/1612/1493 1168/1595/1009
f 491/376/457 26/221/26 1173/1613/1038 1722/1612/1493
f 1722/1614/1493 1173/1615/1038 218/894/188 828/1048/710
f 1168/1597/1009 1722/1614/1493 828/1048/710 217/1040/187
f 88/294/85 596/293/548 1723/1616/1478 1174/1617/1022
f 596/293/548 87/278/84 1169/1599/1017 1723/1616/1478
f 1723/1618/1478 1169/1601/1017 279/951/246 933/968/801
f 1174/1619/1022 1723/1618/1478 933/968/801 280/967/247
f 61/58/61 570/121/530 1724/1620/1494 1175/1621/1039
f 570/121/530 75/120/74 1134/1471/1002 1724/1620/1494
f 1724/1622/1494 1134/1475/1002 253/793/222 907/796/783
f 1175/1623/1039 1724/1622/1494 907/796/783 269/731/236
f 115/299/112 623/298/575 1725/1624/1471 1176/1625/1012
f 623/298/575 114/283/111 1172/1607/1037 1725/1624/1471
f 1725/1626/1471 1172/1611/1037 306/957/273 960/974/828
f 1176/1627/1012 1725/1626/1471 960/974/828 307/973/274
f 26/221/26 492/224/458 1726/1628/1495 1173/1613/1038
f 492/224/458 27/229/27 1177/1629/1040 1726/1628/1495
f 1726/1630/1495 1177/1631/1040 219/898/189 829/895/711
f 1173/1615/1038 1726/1630/1495 829/895/711 218/894/188
f 89/310/86 597/309/549 1727/1632/1482 1178/1633/1026
f 597/309/549 88/294/85 1174/1617/1022 1727/1632/1482
f 1727/1634/1482 1174/1619/1022 280/967/247 934/984/802
f 1178/1635/1026 1727/1634/1482 934/984/802 281/983/248
f 156/427/143 755/435/681 1728/1636/1496 1179/1637/1041
f 755/435/681 158/439/144 1170/1603/1035 1728/1636/1496
f 1728/1638/1496 1170/1605/1035 349/1109/316 1092/1107/960
f 1179/1639/1041 1728/1638/1496 1092/1107/960 347/1097/314
f 84/248/81 624/314/576 1729/1640/1497 1161/1570/1029
f 624/314/576 115/299/112 1176/1625/1012 1729/1640/1497
f 1729/1641/1497 1176/1627/1012 307/973/274 961/987/829
f 1161/1572/1029 1729/1641/1497 961/987/829 277/924/244
f 27/229/27 493/237/459 1730/1642/1498 1177/1629/1040
f 493/237/459 28/241/28 1180/1643/1042 1730/1642/1498
f 1730/1644/1498 1180/1645/1042 220/911/190 830/909/712
f 1177/1631/1040 1730/1644/1498 830/909/712 219/898/189
f 90/323/87 598/322/550 1731/1646/1484 1181/1647/1028
f 598/322/550 89/310/86 1178/1633/1026 1731/1646/1484
f 1731/1648/1484 1178/1635/1026 281/983/248 935/997/803
f 1181/1649/1028 1731/1648/1484 935/997/803 282/996/249
f 28/241/28 494/253/460 1732/1650/1499 1180/1643/1042
f 494/253/460 29/257/29 1182/1651/1043 1732/1650/1499
f 1732/1652/1499 1182/1653/1043 221/927/191 831/925/713
f 1180/1645/1042 1732/1652/1499 831/925/713 220/911/190
f 113/269/110 730/577/660 1733/1654/1500 1171/1608/1036
f 730/577/660 170/508/153 1183/1655/1044 1733/1654/1500
f 1733/1656/1500 1183/1657/1044 360/1178/327 1067/1250/935
f 1171/1610/1036 1733/1656/1500 1067/1250/935 305/943/272
f 91/333/88 599/332/551 1734/1658/1488 1184/1659/1034
f 599/332/551 90/323/87 1181/1647/1028 1734/1658/1488
f 1734/1660/1488 1181/1649/1028 282/996/249 936/1007/804
f 1184/1661/1034 1734/1660/1488 936/1007/804 283/1006/250
f 83/105/80 547/104/509 1735/1662/1021 1186/1663/1046
f 547/104/509 66/99/66 1185/1664/1045 1735/1662/1021
f 1735/1665/1021 1185/1666/1045 258/769/225 884/778/762
f 1186/1667/1046 1735/1665/1021 884/778/762 274/777/241
f 154/415/142 757/423/682 1736/1668/1501 1187/1669/1047
f 757/423/682 156/427/143 1179/1637/1041 1736/1668/1501
f 1736/1670/1501 1179/1639/1041 347/1097/314 1094/1095/962
f 1187/1671/1047 1736/1670/1501 1094/1095/962 345/1085/312
f 29/257/29 495/267/461 1737/1672/1502 1182/1651/1043
f 495/267/461 30/271/30 1188/1673/1048 1737/1672/1502
f 1737/1674/1502 1188/1675/1048 222/941/192 832/939/714
f 1182/1653/1043 1737/1674/1502 832/939/714 221/927/191
f 179/565/162 731/572/661 1738/1676/1503 1190/1677/1050
f 731/572/661 103/318/100 1189/1678/1049 1738/1676/1503
f 1738/1679/1503 1189/1680/1049 295/992/262 1068/1246/936
f 1190/1681/1050 1738/1679/1503 1068/1246/936 369/1235/336
f 92/343/89 600/342/552 1739/1682/1490 1191/1683/1009
f 600/342/552 91/333/88 1184/1659/1034 1739/1682/1490
f 1739/1684/1490 1184/1661/1034 283/1006/250 937/1017/805
f 1191/1685/1009 1739/1684/1490 937/1017/805 284/1016/251
f 30/271/30 496/281/462 1740/1686/1504 1188/1673/1048
f 496/281/462 31/285/31 1192/1687/1051 1740/1686/1504
f 1740/1688/1504 1192/1689/1051 223/955/193 833/953/715
f 1188/1675/1048 1740/1688/1504 833/953/715 222/941/192
f 93/353/90 601/352/553 1741/1690/1493 1193/1691/1038
f 601/352/553 92/343/89 1191/1683/1009 1741/1690/1493
f 1741/1692/1493 1191/1685/1009 284/1016/251 938/1027/806
f 1193/1693/1038 1741/1692/1493 938/1027/806 285/1026/252
f 52/18/52 549/92/511 1742/1694/1505 1141/1496/1009
f 549/92/511 65/82/65 1194/1695/1052 1742/1694/1505
f 1742/1696/1505 1194/1697/1052 273/755/240 886/764/764
f 1141/1498/1009 1742/1696/1505 886/764/764 244/687/214
f 152/403/141 759/411/683 1743/1698/1506 1195/1699/1023
f 759/411/683 154/415/142 1187/1669/1047 1743/1698/1506
f 1743/1700/1506 1187/1671/1047 345/1085/312 1096/1083/964
f 1195/1701/1023 1743/1700/1506 1096/1083/964 343/1073/310
f 31/285/31 497/297/463 1744/1702/1507 1192/1687/1051
f 497/297/463 32/301/32 1196/1703/1053 1744/1702/1507
f 1744/1704/1507 1196/1705/1053 224/971/194 834/969/716
f 1192/1689/1051 1744/1704/1507 834/969/716 223/955/193
f 178/556/161 733/567/663 1745/1706/1508 1198/1707/1055
f 733/567/663 148/380/138 1197/1708/1054 1745/1706/1508
f 1745/1709/1508 1197/1710/1054 370/1053/337 1070/1239/938
f 1198/1711/1055 1745/1709/1508 1070/1239/938 368/1226/335
f 94/363/91 602/362/554 1746/1712/1495 1199/1713/1040
f 602/362/554 93/353/90 1193/1691/1038 1746/1712/1495
f 1746/1714/1495 1193/1693/1038 285/1026/252 939/1037/807
f 1199/1715/1040 1746/1714/1495 939/1037/807 286/1036/253
f 1/220/1 576/219/534 1747/1716/1509 1200/1717/1056
f 576/219/534 83/105/80 1186/1663/1046 1747/1716/1509
f 1747/1718/1509 1186/1667/1046 274/777/241 913/893/787
f 1200/1719/1056 1747/1718/1509 913/893/787 194/892/164
f 32/301/32 498/313/464 1748/1720/1510 1196/1703/1053
f 498/313/464 1/220/1 1200/1717/1056 1748/1720/1510
f 1748/1721/1510 1200/1719/1056 194/892/164 835/985/717
f 1196/1705/1053 1748/1721/1510 835/985/717 224/971/194
f 177/550/160 734/561/664 1749/1722/1511 1201/1723/1057
f 734/561/664 179/565/162 1190/1677/1050 1749/1722/1511
f 1749/1724/1511 1190/1681/1050 369/1235/336 1071/1233/939
f 1201/1725/1057 1749/1724/1511 1071/1233/939 367/1220/334
f 95/373/92 603/372/555 1750/1726/1498 1202/1727/1042
f 603/372/555 94/363/91 1199/1713/1040 1750/1726/1498
f 1750/1728/1498 1199/1715/1040 286/1036/253 940/1047/808
f 1202/1729/1042 1750/1728/1498 940/1047/808 287/1046/254
f 65/82/65 551/85/513 1751/1730/1512 1194/1695/1052
f 551/85/513 63/70/63 1203/1731/1058 1751/1730/1512
f 1751/1732/1512 1203/1733/1058 271/743/238 888/756/766
f 1194/1697/1052 1751/1732/1512 888/756/766 273/755/240
f 149/388/139 761/399/684 1752/1734/1513 1204/1735/1059
f 761/399/684 152/403/141 1195/1699/1023 1752/1734/1513
f 1752/1736/1513 1195/1701/1023 343/1073/310 1098/1071/966
f 1204/1737/1059 1752/1736/1513 1098/1071/966 340/1057/307
f 33/97/33 499/96/465 1753/1738/1514 1206/1739/1061
f 499/96/465 34/25/34 1205/1740/1060 1753/1738/1514
f 1753/1741/1514 1205/1742/1060 225/698/195 836/772/718
f 1206/1743/1061 1753/1741/1514 836/772/718 226/771/196
f 176/544/159 735/558/665 1754/1744/1515 1207/1745/1062
f 735/558/665 165/476/148 1153/1537/1021 1754/1744/1515
f 1754/1746/1515 1153/1539/1021 371/1149/338 1072/1230/940
f 1207/1747/1062 1754/1746/1515 1072/1230/940 366/1214/333
f 96/232/93 604/379/556 1755/1748/1499 1208/1749/1043
f 604/379/556 95/373/92 1202/1727/1042 1755/1748/1499
f 1755/1750/1499 1202/1729/1042 287/1046/254 941/1052/809
f 1208/1751/1043 1755/1750/1499 941/1052/809 288/908/255
f 81/156/78 578/155/536 1756/1752/1516 1155/1545/1023
f 578/155/536 68/154/68 1209/1753/1063 1756/1752/1516
f 1756/1754/1516 1209/1755/1063 245/831/215 915/830/789
f 1155/1547/1023 1756/1754/1516 915/830/789 275/829/242
f 34/25/34 500/24/466 1757/1756/1517 1205/1740/1060
f 500/24/466 35/23/35 1210/1757/1064 1757/1756/1517
f 1757/1758/1517 1210/1759/1064 227/700/197 837/699/719
f 1205/1742/1060 1757/1758/1517 837/699/719 225/698/195
f 175/538/158 736/552/666 1758/1760/1518 1211/1761/1065
f 736/552/666 178/556/161 1198/1707/1055 1758/1760/1518
f 1758/1762/1518 1198/1711/1055 368/1226/335 1073/1224/941
f 1211/1763/1065 1758/1762/1518 1073/1224/941 365/1208/332
f 97/234/94 605/233/557 1759/1764/1502 1212/1765/1048
f 605/233/557 96/232/93 1208/1749/1043 1759/1764/1502
f 1759/1766/1502 1208/1751/1043 288/908/255 942/907/810
f 1212/1767/1048 1759/1766/1502 942/907/810 289/906/256
f 63/70/63 553/73/515 1760/1768/1519 1203/1731/1058
f 553/73/515 61/58/61 1175/1621/1039 1760/1768/1519
f 1760/1769/1519 1175/1623/1039 269/731/236 890/744/768
f 1203/1733/1058 1760/1769/1519 890/744/768 271/743/238
f 148/380/138 763/383/685 1761/1770/1520 1197/1708/1054
f 763/383/685 149/388/139 1204/1735/1059 1761/1770/1520
f 1761/1771/1520 1204/1737/1059 340/1057/307 1100/1054/968
f 1197/1710/1054 1761/1771/1520 1100/1054/968 370/1053/337
f 35/23/35 501/39/467 1762/1772/1521 1210/1757/1064
f 501/39/467 36/38/36 1213/1773/1066 1762/1772/1521
f 1762/1774/1521 1213/1775/1066 228/712/198 838/711/720
f 1210/1759/1064 1762/1774/1521 838/711/720 227/700/197
f 174/532/157 737/546/667 1763/1776/1472 1214/1777/1030
f 737/546/667 177/550/160 1201/1723/1057 1763/1776/1472
f 1763/1778/1472 1201/1725/1057 367/1220/334 1074/1218/942
f 1214/1779/1030 1763/1778/1472 1074/1218/942 364/1202/331
f 98/244/95 606/243/558 1764/1780/1504 1215/1781/1051
f 606/243/558 97/234/94 1212/1765/1048 1764/1780/1504
f 1764/1782/1504 1212/1767/1048 289/906/256 943/918/811
f 1215/1783/1051 1764/1782/1504 943/918/811 290/917/257
f 68/154/68 580/170/537 1765/1784/1522 1209/1753/1063
f 580/170/537 70/169/70 1216/1785/1067 1765/1784/1522
f 1765/1786/1522 1216/1787/1067 248/843/218 917/842/790
f 1209/1755/1063 1765/1786/1522 917/842/790 245/831/215
f 36/38/36 502/51/468 1766/1788/1523 1213/1773/1066
f 502/51/468 37/50/37 1217/1789/1068 1766/1788/1523
f 1766/1790/1523 1217/1791/1068 229/724/199 839/723/721
f 1213/1775/1066 1766/1790/1523 839/723/721 228/712/198
f 173/526/156 738/540/668 1767/1792/1507 1218/1793/1069
f 738/540/668 176/544/159 1207/1745/1062 1767/1792/1507
f 1767/1794/1507 1207/1747/1062 366/1214/333 1075/1212/943
f 1218/1795/1069 1767/1794/1507 1075/1212/943 363/1196/330
f 99/260/96 607/259/559 1768/1796/1507 1219/1797/1062
f 607/259/559 98/244/95 1215/1781/1051 1768/1796/1507
f 1768/1798/1507 1215/1783/1051 290/917/257 944/934/812
f 1219/1799/1062 1768/1798/1507 944/934/812 291/933/258
f 37/50/37 503/63/469 1769/1800/1524 1217/1789/1068
f 503/63/469 38/62/38 1220/1801/1070 1769/1800/1524
f 1769/1802/1524 1220/1803/1070 230/736/200 840/735/722
f 1217/1791/1068 1769/1802/1524 840/735/722 229/724/199
f 172/520/155 739/534/669 1770/1804/1525 1221/1805/1071
f 739/534/669 175/538/158 1211/1761/1065 1770/1804/1525
f 1770/1806/1525 1211/1763/1065 365/1208/332 1076/1206/944
f 1221/1807/1071 1770/1806/1525 1076/1206/944 362/1190/329
f 100/274/97 608/273/560 1771/1808/1515 1222/1809/1021
f 608/273/560 99/260/96 1219/1797/1062 1771/1808/1515
f 1771/1810/1515 1219/1799/1062 291/933/258 945/948/813
f 1222/1811/1021 1771/1810/1515 945/948/813 292/947/259
f 70/169/70 582/179/538 1772/1812/1526 1216/1785/1067
f 582/179/538 72/129/71 1164/1575/1032 1772/1812/1526
f 1772/1813/1526 1164/1579/1032 250/801/219 919/852/791
f 1216/1787/1067 1772/1813/1526 919/852/791 248/843/218
f 38/62/38 504/75/470 1773/1814/1527 1220/1801/1070
f 504/75/470 39/74/39 1223/1815/1072 1773/1814/1527
f 1773/1816/1527 1223/1817/1072 231/748/201 841/747/723
f 1220/1803/1070 1773/1816/1527 841/747/723 230/736/200
f 171/514/154 740/528/670 1774/1818/1485 1224/1819/1029
f 740/528/670 174/532/157 1214/1777/1030 1774/1818/1485
f 1774/1820/1485 1214/1779/1030 364/1202/331 1077/1200/945
f 1224/1821/1029 1774/1820/1485 1077/1200/945 361/1184/328
f 101/289/98 609/288/561 1775/1822/1477 1225/1823/1006
f 609/288/561 100/274/97 1222/1809/1021 1775/1822/1477
f 1775/1824/1477 1222/1811/1021 292/947/259 946/964/814
f 1225/1825/1006 1775/1824/1477 946/964/814 293/963/260
f 66/99/66 531/98/493 1776/1826/1528 1185/1664/1045
f 531/98/493 33/97/33 1206/1739/1061 1776/1826/1528
f 1776/1827/1528 1206/1743/1061 226/771/196 868/770/746
f 1185/1666/1045 1776/1827/1528 868/770/746 258/769/225
f 39/74/39 505/87/471 1777/1828/1529 1223/1815/1072
f 505/87/471 40/86/40 1226/1829/1073 1777/1828/1529
f 1777/1830/1529 1226/1831/1073 232/760/202 842/759/724
f 1223/1817/1072 1777/1830/1529 842/759/724 231/748/201
f 170/508/153 741/522/671 1778/1832/1530 1183/1655/1044
f 741/522/671 173/526/156 1218/1793/1069 1778/1832/1530
f 1778/1833/1530 1218/1795/1069 363/1196/330 1078/1194/946
f 1183/1657/1044 1778/1833/1530 1078/1194/946 360/1178/327
f 102/305/99 610/304/562 1779/1834/1467 1227/1835/1074
f 610/304/562 101/289/98 1225/1823/1006 1779/1834/1467
f 1779/1836/1467 1225/1825/1006 293/963/260 947/980/815
f 1227/1837/1074 1779/1836/1467 947/980/815 294/979/261
f 58/40/58 558/43/520 1780/1838/1531 1163/1576/1031
f 558/43/520 56/28/56 1228/1839/1075 1780/1838/1531
f 1780/1840/1531 1228/1841/1075 264/701/231 895/714/773
f 1163/1578/1031 1780/1840/1531 895/714/773 266/713/233
f 40/86/40 506/93/472 1781/1842/1532 1226/1829/1073
f 506/93/472 41/16/41 1229/1843/1023 1781/1842/1532
f 1781/1844/1532 1229/1845/1023 233/689/203 843/766/725
f 1226/1831/1073 1781/1844/1532 843/766/725 232/760/202
f 169/502/152 742/516/672 1782/1846/1533 1137/1484/1005
f 742/516/672 172/520/155 1221/1805/1071 1782/1846/1533
f 1782/1847/1533 1221/1807/1071 362/1190/329 1079/1188/947
f 1137/1486/1005 1782/1847/1533 1079/1188/947 359/1172/326
f 103/318/100 611/317/563 1783/1848/1534 1189/1678/1049
f 611/317/563 102/305/99 1227/1835/1074 1783/1848/1534
f 1783/1849/1534 1227/1837/1074 294/979/261 948/993/816
f 1189/1680/1049 1783/1849/1534 948/993/816 295/992/262
f 49/5/49 533/2/495 1784/1850/1535 1159/1561/1027
f 533/2/495 51/1/51 1151/1527/1019 1784/1850/1535
f 1784/1851/1535 1151/1531/1019 260/674/227 870/677/748
f 1159/1563/1027 1784/1851/1535 870/677/748 241/682/211
f 41/16/41 507/15/473 1785/1852/1536 1229/1843/1023
f 507/15/473 42/14/42 1230/1853/1076 1785/1852/1536
f 1785/1854/1536 1230/1855/1076 234/691/204 844/690/726
f 1229/1845/1023 1785/1854/1536 844/690/726 233/689/203
f 168/496/151 743/510/673 1786/1856/1497 1144/1506/1012
f 743/510/673 171/514/154 1224/1819/1029 1786/1856/1497
f 1786/1857/1497 1224/1821/1029 361/1184/328 1080/1182/948
f 1144/1508/1012 1786/1857/1497 1080/1182/948 358/1166/325
f 56/28/56 560/31/522 1787/1858/1537 1228/1839/1075
f 560/31/522 53/10/53 1142/1495/1010 1787/1858/1537
f 1787/1859/1537 1142/1499/1010 261/683/228 897/702/775
f 1228/1841/1075 1787/1859/1537 897/702/775 264/701/231
f 42/14/42 508/33/474 1788/1860/1538 1230/1853/1076
f 508/33/474 43/32/43 1136/1477/1004 1788/1860/1538
f 1788/1861/1538 1136/1481/1004 235/706/205 845/705/727
f 1230/1855/1076 1788/1861/1538 845/705/727 234/691/204
f 400/1355/367 1263/1862/1109 1789/1863/1539 1258/1372/1104
f 1263/1862/1109 404/1864/371 1264/1865/1110 1789/1863/1539
f 1789/1863/1539 1264/1865/1110 398/1391/365 1257/1390/1103
f 1258/1372/1104 1789/1863/1539 1257/1390/1103 399/1373/366
f 404/1864/371 1265/1866/1111 1790/1867/1540 1264/1865/1110
f 1265/1866/1111 396/1415/363 1255/1414/1101 1790/1867/1540
f 1790/1867/1540 1255/1414/1101 397/1403/364 1256/1402/1102
f 1264/1865/1110 1790/1867/1540 1256/1402/1102 398/1391/365
f 401/1337/368 1266/1868/1112 1791/1869/1541 1259/1354/1105
f 1266/1868/1112 405/1870/372 1267/1871/1113 1791/1869/1541
f 1791/1869/1541 1267/1871/1113 404/1864/371 1263/1862/1109
f 1259/1354/1105 1791/1869/1541 1263/1862/1109 400/1355/367
f 405/1870/372 1268/1872/1114 1792/1873/1542 1267/1871/1113
f 1268/1872/1114 395/1427/362 1254/1426/1100 1792/1873/1542
f 1792/1873/1542 1254/1426/1100 396/1415/363 1265/1866/1111
f 1267/1871/1113 1792/1873/1542 1265/1866/1111 404/1864/371
f 402/1319/369 1269/1874/1115 1793/1875/1543 1260/1336/1106
f 1269/1874/1115 406/1876/373 1270/1877/1116 1793/1875/1543
f 1793/1875/1543 1270/1877/1116 405/1870/372 1266/1868/1112
f 1260/1336/1106 1793/1875/1543 1266/1868/1112 401/1337/368
f 406/1876/373 1271/1878/1117 1794/1879/1544 1270/1877/1116
f 1271/1878/1117 394/1439/361 1253/1438/1099 1794/1879/1544
f 1794/1879/1544 1253/1438/1099 395/1427/362 1268/1872/1114
f 1270/1877/1116 1794/1879/1544 1268/1872/1114 405/1870/372
f 403/1317/370 1272/1880/1118 1795/1881/1545 1261/1318/1107
f 1272/1880/1118 407/1882/374 1273/1883/1119 1795/1881/1545
f 1795/1881/1545 1273/1883/1119 406/1876/373 1269/1874/1115
f 1261/1318/1107 1795/1881/1545 1269/1874/1115 402/1319/369
f 407/1882/374 1274/1884/1120 1796/1885/1546 1273/1883/1119
f 1274/1884/1120 393/1451/360 1252/1450/1098 1796/1885/1546
f 1796/1885/1546 1252/1450/1098 394/1439/361 1271/1878/1117
f 1273/1883/1119 1796/1885/1546 1271/1878/1117 406/1876/373
f 373/1379/340 1275/1886/1121 1797/1887/1547 1262/1888/1108
f 1275/1886/1121 408/1889/375 1276/1890/375 1797/1887/1547
f 1797/1887/1547 1276/1890/375 407/1882/374 1272/1880/1118
f 1262/1888/1108 1797/1887/1547 1272/1880/1118 403/1317/370
f 408/1889/375 1277/1891/1122 1798/1892/1548 1276/1890/375
f 1277/1891/1122 392/1463/359 1251/1462/1097 1798/1892/1548
f 1798/1892/1548 1251/1462/1097 393/1451/360 1274/1884/1120
f 1276/1890/375 1798/1892/1548 1274/1884/1120 407/1882/374
f 372/1361/339 1278/1893/1123 1799/1894/1549 1231/1378/1077
f 1278/1893/1123 409/1895/376 1279/1896/1124 1799/1894/1549
f 1799/1894/1549 1279/1896/1124 408/1889/375 1275/1886/1121
f 1231/1378/1077 1799/1894/1549 1275/1886/1121 373/1379/340
f 409/1895/376 1280/1897/1125 1800/1898/1550 1279/1896/1124
f 1280/1897/1125 391/1899/358 1250/1900/1096 1800/1898/1550
f 1800/1898/1550 1250/1900/1096 392/1463/359 1277/1891/1122
f 1279/1896/1124 1800/1898/1550 1277/1891/1122 408/1889/375
f 374/1343/341 1281/1901/1126 1801/1902/1551 1232/1360/1078
f 1281/1901/1126 410/1903/217 1282/1904/217 1801/1902/1551
f 1801/1902/1551 1282/1904/217 409/1895/376 1278/1893/1123
f 1232/1360/1078 1801/1902/1551 1278/1893/1123 372/1361/339
f 410/1903/217 1283/1905/1127 1802/1906/1552 1282/1904/217
f 1283/1905/1127 390/1308/357 1249/1907/1095 1802/1906/1552
f 1802/1906/1552 1249/1907/1095 391/1899/358 1280/1897/1125
f 1282/1904/217 1802/1906/1552 1280/1897/1125 409/1895/376
f 375/1325/342 1284/1908/1128 1803/1909/1553 1233/1342/1079
f 1284/1908/1128 411/1910/377 1285/1911/217 1803/1909/1553
f 1803/1909/1553 1285/1911/217 410/1903/217 1281/1901/1126
f 1233/1342/1079 1803/1909/1553 1281/1901/1126 374/1343/341
f 411/1910/377 1286/1912/1129 1804/1913/1554 1285/1911/217
f 1286/1912/1129 389/1310/356 1248/1309/1094 1804/1913/1554
f 1804/1913/1554 1248/1309/1094 390/1308/357 1283/1905/1127
f 1285/1911/217 1804/1913/1554 1283/1905/1127 410/1903/217
f 376/1301/343 1287/1914/1130 1805/1915/1555 1234/1324/1080
f 1287/1914/1130 412/1916/378 1288/1917/1131 1805/1915/1555
f 1805/1915/1555 1288/1917/1131 411/1910/377 1284/1908/1128
f 1234/1324/1080 1805/1915/1555 1284/1908/1128 375/1325/342
f 412/1916/378 1289/1918/1132 1806/1919/1556 1288/1917/1131
f 1289/1918/1132 388/1331/355 1247/1330/1093 1806/1919/1556
f 1806/1919/1556 1247/1330/1093 389/1310/356 1286/1912/1129
f 1288/1917/1131 1806/1919/1556 1286/1912/1129 411/1910/377
f 377/1299/344 1290/1920/1133 1807/1921/1557 1235/1300/1081
f 1290/1920/1133 413/1922/379 1291/1923/378 1807/1921/1557
f 1807/1921/1557 1291/1923/378 412/1916/378 1287/1914/1130
f 1235/1300/1081 1807/1921/1557 1287/1914/1130 376/1301/343
f 413/1922/379 1292/1924/1134 1808/1925/1558 1291/1923/378
f 1292/1924/1134 387/1349/354 1246/1348/1092 1808/1925/1558
f 1808/1925/1558 1246/1348/1092 388/1331/355 1289/1918/1132
f 1291/1923/378 1808/1925/1558 1289/1918/1132 412/1916/378
f 378/1469/345 1293/1926/1135 1809/1927/1559 1236/1928/1082
f 1293/1926/1135 414/1929/380 1294/1930/1136 1809/1927/1559
f 1809/1927/1559 1294/1930/1136 413/1922/379 1290/1920/1133
f 1236/1928/1082 1809/1927/1559 1290/1920/1133 377/1299/344
f 414/1929/380 1295/1931/1137 1810/1932/1560 1294/1930/1136
f 1295/1931/1137 386/1367/353 1245/1366/1091 1810/1932/1560
f 1810/1932/1560 1245/1366/1091 387/1349/354 1292/1924/1134
f 1294/1930/1136 1810/1932/1560 1292/1924/1134 413/1922/379
f 379/1457/346 1296/1933/1138 1811/1934/1561 1237/1468/1083
f 1296/1933/1138 415/1935/381 1297/1936/1139 1811/1934/1561
f 1811/1934/1561 1297/1936/1139 414/1929/380 1293/1926/1135
f 1237/1468/1083 1811/1934/1561 1293/1926/1135 378/1469/345
f 415/1935/381 1298/1937/1140 1812/1938/1562 1297/1936/1139
f 1298/1937/1140 385/1385/352 1244/1384/1090 1812/1938/1562
f 1812/1938/1562 1244/1384/1090 386/1367/353 1295/1931/1137
f 1297/1936/1139 1812/1938/1562 1295/1931/1137 414/1929/380
f 380/1445/347 1299/1939/1141 1813/1940/1563 1238/1456/1084
f 1299/1939/1141 416/1941/382 1300/1942/1142 1813/1940/1563
f 1813/1940/1563 1300/1942/1142 415/1935/381 1296/1933/1138
f 1238/1456/1084 1813/1940/1563 1296/1933/1138 379/1457/346
f 416/1941/382 1301/1943/1143 1814/1944/1564 1300/1942/1142
f 1301/1943/1143 384/1397/351 1243/1396/1089 1814/1944/1564
f 1814/1944/1564 1243/1396/1089 385/1385/352 1298/1937/1140
f 1300/1942/1142 1814/1944/1564 1298/1937/1140 415/1935/381
f 381/1433/348 1240/1432/1086 1815/1945/1565 1239/1444/1085
f 1240/1432/1086 382/1421/349 1302/1946/1144 1815/1945/1565
f 1815/1945/1565 1302/1946/1144 416/1941/382 1299/1939/1141
f 1239/1444/1085 1815/1945/1565 1299/1939/1141 380/1445/347
f 382/1421/349 1241/1420/1087 1816/1947/1566 1302/1946/1144
f 1241/1420/1087 383/1409/350 1242/1408/1088 1816/1947/1566
f 1816/1947/1566 1242/1408/1088 384/1397/351 1301/1943/1143
f 1302/1946/1144 1816/1947/1566 1301/1943/1143 416/1941/382
f 420/1315/386 1338/1948/1180 1817/1949/1567 1104/1316/972
f 1338/1948/1180 430/1374/396 1316/1377/1158 1817/1949/1567
f 1817/1949/1567 1316/1377/1158 373/1379/340 1262/1888/1108
f 1104/1316/972 1817/1949/1567 1262/1888/1108 403/1317/370
f 419/1306/385 1337/1950/1179 1818/1951/1568 1103/1307/971
f 1337/1950/1179 417/1952/383 1101/1953/969 1818/1951/1568
f 1818/1951/1568 1101/1953/969 391/1899/358 1249/1907/1095
f 1103/1307/971 1818/1951/1568 1249/1907/1095 390/1308/357
f 418/1297/384 1336/1954/1178 1819/1955/1569 1102/1298/970
f 1336/1954/1178 447/1464/413 1333/1467/1175 1819/1955/1569
f 1819/1955/1569 1333/1467/1175 378/1469/345 1236/1928/1082
f 1102/1298/970 1819/1955/1569 1236/1928/1082 377/1299/344
f 417/1952/383 1335/1956/1177 1820/1957/1570 1101/1953/969
f 1335/1956/1177 445/1458/411 1331/1461/1173 1820/1957/1570
f 1820/1957/1570 1331/1461/1173 392/1463/359 1250/1900/1096
f 1101/1953/969 1820/1957/1570 1250/1900/1096 391/1899/358
f 327/1958/294 1013/1959/881 1821/1960/1571 1303/1961/1145
f 1013/1959/881 328/1962/295 1129/1963/997 1821/1960/1571
f 1821/1960/1571 1129/1963/997 445/1458/411 1335/1956/1177
f 1303/1961/1145 1821/1960/1571 1335/1956/1177 417/1952/383
f 313/1964/280 999/1965/867 1822/1966/1572 1304/1967/1146
f 999/1965/867 314/1968/281 1131/1969/999 1822/1966/1572
f 1822/1966/1572 1131/1969/999 447/1464/413 1336/1954/1178
f 1304/1967/1146 1822/1966/1572 1336/1954/1178 418/1297/384
f 326/1970/293 1012/1971/880 1823/1972/1573 1305/1973/1147
f 1012/1971/880 327/1958/294 1303/1961/1145 1823/1972/1573
f 1823/1972/1573 1303/1961/1145 417/1952/383 1337/1950/1179
f 1305/1973/1147 1823/1972/1573 1337/1950/1179 419/1306/385
f 339/1974/306 1025/1975/893 1824/1976/1574 1306/1977/1148
f 1025/1975/893 309/1978/276 1114/1979/982 1824/1976/1574
f 1824/1976/1574 1114/1979/982 430/1374/396 1338/1948/1180
f 1306/1977/1148 1824/1976/1574 1338/1948/1180 420/1315/386
f 314/1968/281 1000/1980/868 1825/1981/1575 1131/1969/999
f 1000/1980/868 315/1982/282 1334/1983/1176 1825/1981/1575
f 1825/1981/1575 1334/1983/1176 448/1452/414 1339/1465/1181
f 1131/1969/999 1825/1981/1575 1339/1465/1181 447/1464/413
f 328/1962/295 1014/1984/882 1826/1985/1576 1129/1963/997
f 1014/1984/882 329/1986/296 1332/1987/1174 1826/1985/1576
f 1826/1985/1576 1332/1987/1174 446/1446/412 1340/1459/1182
f 1129/1963/997 1826/1985/1576 1340/1459/1182 445/1458/411
f 315/1982/282 1001/1988/869 1827/1989/1577 1334/1983/1176
f 1001/1988/869 316/1990/283 1330/1991/1172 1827/1989/1577
f 1827/1989/1577 1330/1991/1172 444/1440/410 1341/1453/1183
f 1334/1983/1176 1827/1989/1577 1341/1453/1183 448/1452/414
f 329/1986/296 1015/1992/883 1828/1993/1578 1332/1987/1174
f 1015/1992/883 330/1994/297 1329/1995/1171 1828/1993/1578
f 1828/1993/1578 1329/1995/1171 443/1434/409 1342/1447/1184
f 1332/1987/1174 1828/1993/1578 1342/1447/1184 446/1446/412
f 316/1990/283 1002/1996/870 1829/1997/1579 1330/1991/1172
f 1002/1996/870 317/1998/284 1328/1999/1170 1829/1997/1579
f 1829/1997/1579 1328/1999/1170 442/1428/408 1343/1441/1185
f 1330/1991/1172 1829/1997/1579 1343/1441/1185 444/1440/410
f 330/1994/297 1016/2000/884 1830/2001/1580 1329/1995/1171
f 1016/2000/884 331/2002/298 1327/2003/1169 1830/2001/1580
f 1830/2001/1580 1327/2003/1169 441/1422/407 1344/1435/1186
f 1329/1995/1171 1830/2001/1580 1344/1435/1186 443/1434/409
f 317/1998/284 1003/2004/871 1831/2005/1581 1328/1999/1170
f 1003/2004/871 318/2006/285 1326/2007/1168 1831/2005/1581
f 1831/2005/1581 1326/2007/1168 440/1416/406 1345/1429/1187
f 1328/1999/1170 1831/2005/1581 1345/1429/1187 442/1428/408
f 331/2002/298 1017/2008/885 1832/2009/1582 1327/2003/1169
f 1017/2008/885 332/2010/299 1325/2011/1167 1832/2009/1582
f 1832/2009/1582 1325/2011/1167 439/1410/405 1346/1423/1188
f 1327/2003/1169 1832/2009/1582 1346/1423/1188 441/1422/407
f 318/2006/285 1004/2012/872 1833/2013/1583 1326/2007/1168
f 1004/2012/872 319/2014/286 1324/2015/1166 1833/2013/1583
f 1833/2013/1583 1324/2015/1166 438/1404/404 1347/1417/1189
f 1326/2007/1168 1833/2013/1583 1347/1417/1189 440/1416/406
f 332/2010/299 1018/2016/886 1834/2017/1584 1325/2011/1167
f 1018/2016/886 333/2018/300 1323/2019/1165 1834/2017/1584
f 1834/2017/1584 1323/2019/1165 437/1398/403 1348/1411/1190
f 1325/2011/1167 1834/2017/1584 1348/1411/1190 439/1410/405
f 319/2014/286 1005/2020/873 1835/2021/1585 1324/2015/1166
f 1005/2020/873 320/2022/287 1322/2023/1164 1835/2021/1585
f 1835/2021/1585 1322/2023/1164 436/1392/402 1349/1405/1191
f 1324/2015/1166 1835/2021/1585 1349/1405/1191 438/1404/404
f 333/2018/300 1019/2024/887 1836/2025/1586 1323/2019/1165
f 1019/2024/887 334/2026/301 1321/2027/1163 1836/2025/1586
f 1836/2025/1586 1321/2027/1163 435/1386/401 1350/1399/1192
f 1323/2019/1165 1836/2025/1586 1350/1399/1192 437/1398/403
f 320/2022/287 1006/2028/874 1837/2029/1587 1322/2023/1164
f 1006/2028/874 321/2030/288 1320/2031/1162 1837/2029/1587
f 1837/2029/1587 1320/2031/1162 434/1380/400 1351/1393/1193
f 1322/2023/1164 1837/2029/1587 1351/1393/1193 436/1392/402
f 334/2026/301 1020/2032/888 1838/2033/1588 1321/2027/1163
f 1020/2032/888 335/2034/302 1319/2035/1161 1838/2033/1588
f 1838/2033/1588 1319/2035/1161 433/1368/399 1352/1387/1194
f 1321/2027/1163 1838/2033/1588 1352/1387/1194 435/1386/401
f 321/2030/288 1007/2036/875 1839/2037/1589 1320/2031/1162
f 1007/2036/875 322/2038/289 1318/2039/1160 1839/2037/1589
f 1839/2037/1589 1318/2039/1160 432/1362/398 1353/1381/1195
f 1320/2031/1162 1839/2037/1589 1353/1381/1195 434/1380/400
f 309/1978/276 994/2040/862 1840/2041/1590 1114/1979/982
f 994/2040/862 308/2042/275 1317/2043/1159 1840/2041/1590
f 1840/2041/1590 1317/2043/1159 431/1356/397 1354/1375/1196
f 1114/1979/982 1840/2041/1590 1354/1375/1196 430/1374/396
f 335/2034/302 1021/2044/889 1841/2045/1591 1319/2035/1161
f 1021/2044/889 336/2046/303 1315/2047/1157 1841/2045/1591
f 1841/2045/1591 1315/2047/1157 429/1350/395 1355/1369/1197
f 1319/2035/1161 1841/2045/1591 1355/1369/1197 433/1368/399
f 322/2038/289 1008/2048/876 1842/2049/1592 1318/2039/1160
f 1008/2048/876 323/2050/290 1314/2051/1156 1842/2049/1592
f 1842/2049/1592 1314/2051/1156 428/1344/394 1356/1363/1198
f 1318/2039/1160 1842/2049/1592 1356/1363/1198 432/1362/398
f 308/2042/275 995/2052/863 1843/2053/1593 1317/2043/1159
f 995/2052/863 310/2054/277 1313/2055/1155 1843/2053/1593
f 1843/2053/1593 1313/2055/1155 427/1338/393 1357/1357/1199
f 1317/2043/1159 1843/2053/1593 1357/1357/1199 431/1356/397
f 336/2046/303 1022/2056/890 1844/2057/1594 1315/2047/1157
f 1022/2056/890 337/2058/304 1312/2059/1154 1844/2057/1594
f 1844/2057/1594 1312/2059/1154 426/1332/392 1358/1351/1200
f 1315/2047/1157 1844/2057/1594 1358/1351/1200 429/1350/395
f 323/2050/290 1009/2060/877 1845/2061/1595 1314/2051/1156
f 1009/2060/877 324/2062/291 1311/2063/1153 1845/2061/1595
f 1845/2061/1595 1311/2063/1153 425/1326/391 1359/1345/1201
f 1314/2051/1156 1845/2061/1595 1359/1345/1201 428/1344/394
f 310/2054/277 996/2064/864 1846/2065/1596 1313/2055/1155
f 996/2064/864 311/2066/278 1310/2067/1152 1846/2065/1596
f 1846/2065/1596 1310/2067/1152 424/1320/390 1360/1339/1202
f 1313/2055/1155 1846/2065/1596 1360/1339/1202 427/1338/393
f 337/2058/304 1023/2068/891 1847/2069/1597 1312/2059/1154
f 1023/2068/891 338/2070/305 1309/2071/1151 1847/2069/1597
f 1847/2069/1597 1309/2071/1151 423/1311/389 1361/1333/1203
f 1312/2059/1154 1847/2069/1597 1361/1333/1203 426/1332/392
f 324/2062/291 1010/2072/878 1848/2073/1598 1311/2063/1153
f 1010/2072/878 325/2074/292 1308/2075/1150 1848/2073/1598
f 1848/2073/1598 1308/2075/1150 422/1302/388 1362/1327/1204
f 1311/2063/1153 1848/2073/1598 1362/1327/1204 425/1326/391
f 311/2066/278 997/2076/865 1849/2077/1599 1310/2067/1152
f 997/2076/865 312/2078/279 1307/2079/1149 1849/2077/1599
f 1849/2077/1599 1307/2079/1149 421/1293/387 1363/1321/1205
f 1310/2067/1152 1849/2077/1599 1363/1321/1205 424/1320/390
f 338/2070/305 1024/2080/892 1850/2081/1600 1309/2071/1151
f 1024/2080/892 339/1974/306 1306/1977/1148 1850/2081/1600
f 1850/2081/1600 1306/1977/1148 420/1315/386 1364/1312/1206
f 1309/2071/1151 1850/2081/1600 1364/1312/1206 423/1311/389
f 325/2074/292 1011/2082/879 1851/2083/1601 1308/2075/1150
f 1011/2082/879 326/1970/293 1305/1973/1147 1851/2083/1601
f 1851/2083/1601 1305/1973/1147 419/1306/385 1365/1303/1207
f 1308/2075/1150 1851/2083/1601 1365/1303/1207 422/1302/388
f 312/2078/279 998/2084/866 1852/2085/1602 1307/2079/1149
f 998/2084/866 313/1964/280 1304/1967/1146 1852/2085/1602
f 1852/2085/1602 1304/1967/1146 418/1297/384 1366/1294/1208
f 1307/2079/1149 1852/2085/1602 1366/1294/1208 421/1293/387
f 456/1288/422 1374/1287/1216 1853/2086/1603 1382/2087/1224
f 1374/1287/1216 457/1286/423 1383/2088/1225 1853/2086/1603
f 1853/2086/1603 1383/2088/1225 466/1272/432 1384/1271/1226
f 1382/2087/1224 1853/2086/1603 1384/1271/1226 465/1270/431
f 455/2089/421 1373/2090/1215 1854/2091/1604 1381/2092/1223
f 1373/2090/1215 456/1288/422 1382/2087/1224 1854/2091/1604
f 1854/2091/1604 1382/2087/1224 465/1270/431 1385/2093/1227
f 1381/2092/1223 1854/2091/1604 1385/2093/1227 464/2094/430
f 454/2095/420 1372/2096/1214 1855/2097/1605 1380/2098/1222
f 1372/2096/1214 455/2089/421 1381/2092/1223 1855/2097/1605
f 1855/2097/1605 1381/2092/1223 464/2094/430 1386/2099/1228
f 1380/2098/1222 1855/2097/1605 1386/2099/1228 463/1278/429
f 453/2100/419 1371/2101/1213 1856/2102/1606 1379/2103/1221
f 1371/2101/1213 454/2095/420 1380/2098/1222 1856/2102/1606
f 1856/2102/1606 1380/2098/1222 463/1278/429 1387/1277/1229
f 1379/2103/1221 1856/2102/1606 1387/1277/1229 462/1276/428
f 452/1254/418 1370/2104/1212 1857/2105/1607 1378/2106/1220
f 1370/2104/1212 453/2100/419 1379/2103/1221 1857/2105/1607
f 1857/2105/1607 1379/2103/1221 462/1276/428 1388/2107/1230
f 1378/2106/1220 1857/2105/1607 1388/2107/1230 461/2108/427
f 451/1256/417 1369/1255/1211 1858/2109/1608 1377/2110/1219
f 1369/1255/1211 452/1254/418 1378/2106/1220 1858/2109/1608
f 1858/2109/1608 1378/2106/1220 461/2108/427 1389/2111/1231
f 1377/2110/1219 1858/2109/1608 1389/2111/1231 460/1292/426
f 449/1260/415 1368/1259/1210 1859/2112/1609 1376/2113/1218
f 1368/1259/1210 451/1256/417 1377/2110/1219 1859/2112/1609
f 1859/2112/1609 1377/2110/1219 460/1292/426 1390/1291/1232
f 1376/2113/1218 1859/2112/1609 1390/1291/1232 459/1266/425
f 450/1282/416 1367/1281/1209 1860/2114/1610 1375/2115/1217
f 1367/1281/1209 449/1260/415 1376/2113/1218 1860/2114/1610
f 1860/2114/1610 1376/2113/1218 459/1266/425 1391/1265/1233
f 1375/2115/1217 1860/2114/1610 1391/1265/1233 458/1264/424
f 348/1103/315 1093/1101/961 1861/2116/1611 1058/1275/926
f 1093/1101/961 346/1091/313 1398/2117/1240 1861/2116/1611
f 1861/2116/1611 1398/2117/1240 461/2108/427 1388/2107/1230
f 1058/1275/926 1861/2116/1611 1388/2107/1230 462/1276/428
f 299/1032/266 953/1043/821 1862/2118/1612 1397/1253/1239
f 953/1043/821 300/1042/267 1399/2119/1241 1862/2118/1612
f 1862/2118/1612 1399/2119/1241 453/2100/419 1370/2104/1212
f 1397/1253/1239 1862/2118/1612 1370/2104/1212 452/1254/418
f 341/1062/308 1027/1247/895 1863/2120/1613 1395/1263/1237
f 1027/1247/895 296/1002/263 1059/1280/927 1863/2120/1613
f 1863/2120/1613 1059/1280/927 450/1282/416 1375/2115/1217
f 1395/1263/1237 1863/2120/1613 1375/2115/1217 458/1264/424
f 354/1139/321 1087/1137/955 1864/2121/1614 1393/1269/1235
f 1087/1137/955 352/1127/319 1400/2122/1242 1864/2121/1614
f 1864/2121/1614 1400/2122/1242 464/2094/430 1385/2093/1227
f 1393/1269/1235 1864/2121/1614 1385/2093/1227 465/1270/431
f 300/1042/267 954/1050/822 1865/2123/1615 1399/2119/1241
f 954/1050/822 301/902/268 1401/2124/1243 1865/2123/1615
f 1865/2123/1615 1401/2124/1243 454/2095/420 1371/2101/1213
f 1399/2119/1241 1865/2123/1615 1371/2101/1213 453/2100/419
f 346/1091/313 1095/1089/963 1866/2125/1616 1398/2117/1240
f 1095/1089/963 344/1079/311 1063/1290/931 1866/2125/1616
f 1866/2125/1616 1063/1290/931 460/1292/426 1389/2111/1231
f 1398/2117/1240 1866/2125/1616 1389/2111/1231 461/2108/427
f 301/902/268 955/901/823 1867/2126/1617 1401/2124/1243
f 955/901/823 302/900/269 1402/2127/1244 1867/2126/1617
f 1867/2126/1617 1402/2127/1244 455/2089/421 1372/2096/1214
f 1401/2124/1243 1867/2126/1617 1372/2096/1214 454/2095/420
f 304/929/271 1066/1249/934 1868/2128/1618 1062/1285/930
f 1066/1249/934 357/1160/324 1394/1268/1236 1868/2128/1618
f 1868/2128/1618 1394/1268/1236 466/1272/432 1383/2088/1225
f 1062/1285/930 1868/2128/1618 1383/2088/1225 457/1286/423
f 352/1127/319 1089/1125/957 1869/2129/1619 1400/2122/1242
f 1089/1125/957 350/1115/317 1392/1274/1234 1869/2129/1619
f 1869/2129/1619 1392/1274/1234 463/1278/429 1386/2099/1228
f 1400/2122/1242 1869/2129/1619 1386/2099/1228 464/2094/430
f 302/900/269 956/914/824 1870/2130/1620 1402/2127/1244
f 956/914/824 303/913/270 1061/1284/929 1870/2130/1620
f 1870/2130/1620 1061/1284/929 456/1288/422 1373/2090/1215
f 1402/2127/1244 1870/2130/1620 1373/2090/1215 455/2089/421
f 1896/2131/1646 1898/2132/1648 2007/2133/1757 2004/2134/1754
f 1915/2135/1665 1913/2136/1663 2030/2137/1780 2033/2138/1783
f 1923/2139/1673 1922/2140/1672 2041/2141/1791 2042/2142/1792
f 1878/2143/1628 1880/2144/1630 1980/2145/1730 1977/2146/1727
f 1897/2147/1647 1895/2148/1645 2003/2149/1753 2006/2150/1756
f 1924/2151/1674 1923/2139/1673 2042/2142/1792 2043/2152/1793
f 1879/2153/1629 1877/2154/1627 1976/2155/1726 1979/2156/1729
f 1965/2157/1715 1966/2158/1716 2062/2159/1812 2038/2160/1788
f 1912/2161/1662 1914/2162/1664 2031/2163/1781 2028/2164/1778
f 1925/2165/1675 1924/2151/1674 2043/2152/1793 2044/2166/1794
f 1894/2167/1644 1896/2131/1646 2004/2134/1754 2001/2168/1751
f 1964/2169/1714 1965/2157/1715 2038/2160/1788 2035/2170/1785
f 1913/2136/1663 1911/2171/1661 2027/2172/1777 2030/2137/1780
f 1926/2173/1676 1925/2165/1675 2044/2166/1794 2045/2174/1795
f 1876/2175/1626 1878/2143/1628 1977/2146/1727 1974/2176/1724
f 1895/2148/1645 1893/2177/1643 2000/2178/1750 2003/2149/1753
f 1963/2179/1713 1964/2169/1714 2035/2170/1785 2032/2180/1782
f 1927/2181/1677 1926/2173/1676 2045/2174/1795 2046/2182/1796
f 1877/2154/1627 1875/2183/1625 1973/2184/1723 1976/2155/1726
f 1962/2185/1712 1963/2179/1713 2032/2180/1782 2029/2186/1779
f 1910/2187/1660 1912/2161/1662 2028/2164/1778 2025/2188/1775
f 1928/2189/1678 1927/2181/1677 2046/2182/1796 2047/2190/1797
f 1878/2143/1628 1876/2175/1626 2089/2191/1839 2090/2192/1840
f 1892/2193/1642 1894/2167/1644 2001/2168/1751 1998/2194/1748
f 1961/2195/1711 1962/2185/1712 2029/2186/1779 2026/2196/1776
f 1877/2154/1627 1879/2153/1629 2067/2197/1817 2066/2198/1816
f 1911/2171/1661 1909/2199/1659 2024/2200/1774 2027/2172/1777
f 1929/2201/1679 1928/2189/1678 2047/2190/1797 2048/2202/1798
f 1874/2203/1624 1876/2175/1626 1974/2176/1724 1969/2204/1719
f 1893/2177/1643 1891/2205/1641 1997/2206/1747 2000/2178/1750
f 1960/2207/1710 1961/2195/1711 2026/2196/1776 2023/2208/1773
f 1930/2209/1680 1929/2201/1679 2048/2202/1798 2049/2210/1799
f 1875/2183/1625 1873/2211/1623 1968/2212/1718 1973/2184/1723
f 1959/2213/1709 1960/2214/1710 2023/2215/1773 2020/2216/1770
f 1908/2217/1658 1910/2187/1660 2025/2188/1775 2022/2218/1772
f 1931/2219/1681 1930/2209/1680 2049/2210/1799 2050/2220/1800
f 1890/2221/1640 1892/2193/1642 1998/2194/1748 1995/2222/1745
f 1958/2223/1708 1959/2213/1709 2020/2216/1770 2017/2224/1767
f 1909/2199/1659 1907/2225/1657 2021/2226/1771 2024/2200/1774
f 1932/2227/1682 1931/2219/1681 2050/2220/1800 2051/2228/1801
f 1891/2205/1641 1889/2229/1639 1994/2230/1744 1997/2206/1747
f 1957/2231/1707 1958/2223/1708 2017/2224/1767 2014/2232/1764
f 1933/2233/1683 1932/2227/1682 2051/2228/1801 2052/2234/1802
f 1872/2235/1622 1874/2203/1624 1969/2204/1719 1970/2236/1720
f 1956/2237/1706 1957/2231/1707 2014/2232/1764 2011/2238/1761
f 1906/2239/1656 1908/2240/1658 2022/2241/1772 2019/2242/1769
f 1934/2243/1684 1933/2233/1683 2052/2234/1802 2053/2244/1803
f 1873/2211/1623 1871/2245/1621 1967/2246/1717 1968/2212/1718
f 1888/2247/1638 1890/2221/1640 1995/2222/1745 1992/2248/1742
f 1955/2249/1705 1956/2237/1706 2011/2238/1761 2008/2250/1758
f 1971/2251/1721 1970/2236/1720 1969/2204/1719 2039/2252/1789
f 2039/2252/1789 1969/2204/1719 1974/2176/1724 2040/2253/1790
f 2040/2253/1790 1974/2176/1724 1977/2146/1727 2041/2141/1791
f 2041/2141/1791 1977/2146/1727 1980/2145/1730 2042/2142/1792
f 2042/2142/1792 1980/2145/1730 1983/2254/1733 2043/2152/1793
f 2043/2152/1793 1983/2254/1733 1986/2255/1736 2044/2166/1794
f 2044/2166/1794 1986/2255/1736 1989/2256/1739 2045/2174/1795
f 2045/2174/1795 1989/2256/1739 1992/2248/1742 2046/2182/1796
f 2046/2182/1796 1992/2248/1742 1995/2222/1745 2047/2190/1797
f 2047/2190/1797 1995/2222/1745 1998/2194/1748 2048/2202/1798
f 2048/2202/1798 1998/2194/1748 2001/2168/1751 2049/2210/1799
f 2049/2210/1799 2001/2168/1751 2004/2134/1754 2050/2220/1800
f 2050/2220/1800 2004/2134/1754 2007/2133/1757 2051/2228/1801
f 2051/2228/1801 2007/2133/1757 2010/2257/1760 2052/2234/1802
f 2052/2234/1802 2010/2257/1760 2013/2258/1763 2053/2244/1803
f 2053/2244/1803 2013/2258/1763 2016/2259/1766 2054/2260/1804
f 2054/2260/1804 2016/2259/1766 2019/2242/1769 2055/2261/1805
f 2055/2261/1805 2019/2242/1769 2022/2241/1772 2056/2262/1806
f 2056/2263/1806 2022/2218/1772 2025/2188/1775 2057/2264/1807
f 2057/2264/1807 2025/2188/1775 2028/2164/1778 2058/2265/1808
f 2058/2265/1808 2028/2164/1778 2031/2163/1781 2059/2266/1809
f 2059/2266/1809 2031/2163/1781 2034/2267/1784 2060/2268/1810
f 2060/2268/1810 2034/2267/1784 2037/2269/1787 2061/2270/1811
f 2061/2270/1811 2037/2269/1787 1970/2236/1720 1971/2251/1721
f 1967/2246/1717 2062/2159/1812 1972/2271/1722 1968/2212/1718
f 1968/2212/1718 1972/2271/1722 1975/2272/1725 1973/2184/1723
f 1973/2184/1723 1975/2272/1725 1978/2273/1728 1976/2155/1726
f 1976/2155/1726 1978/2273/1728 1981/2274/1731 1979/2156/1729
f 1979/2156/1729 1981/2274/1731 1984/2275/1734 1982/2276/1732
f 1982/2276/1732 1984/2275/1734 1987/2277/1737 1985/2278/1735
f 1985/2278/1735 1987/2277/1737 1990/2279/1740 1988/2280/1738
f 1988/2280/1738 1990/2279/1740 1993/2281/1743 1991/2282/1741
f 1991/2282/1741 1993/2281/1743 1996/2283/1746 1994/2230/1744
f 1994/2230/1744 1996/2283/1746 1999/2284/1749 1997/2206/1747
f 1997/2206/1747 1999/2284/1749 2002/2285/1752 2000/2178/1750
f 2000/2178/1750 2002/2285/1752 2005/2286/1755 2003/2149/1753
f 2003/2149/1753 2005/2286/1755 2008/2250/1758 2006/2150/1756
f 2006/2150/1756 2008/2250/1758 2011/2238/1761 2009/2287/1759
f 2009/2287/1759 2011/2238/1761 2014/2232/1764 2012/2288/1762
f 2012/2288/1762 2014/2232/1764 2017/2224/1767 2015/2289/1765
f 2015/2289/1765 2017/2224/1767 2020/2216/1770 2018/2290/1768
f 2018/2290/1768 2020/2216/1770 2023/2215/1773 2021/2291/1771
f 2021/2226/1771 2023/2208/1773 2026/2196/1776 2024/2200/1774
f 2024/2200/1774 2026/2196/1776 2029/2186/1779 2027/2172/1777
f 2027/2172/1777 2029/2186/1779 2032/2180/1782 2030/2137/1780
f 2030/2137/1780 2032/2180/1782 2035/2170/1785 2033/2138/1783
f 2033/2138/1783 2035/2170/1785 2038/2160/1788 2036/2292/1786
f 2036/2292/1786 2038/2160/1788 2062/2159/1812 1967/2246/1717
f 1922/2140/1672 1921/2293/1671 2040/2253/1790 2041/2141/1791
f 1914/2162/1664 1916/2294/1666 2034/2267/1784 2031/2163/1781
f 1966/2158/1716 1943/2295/1693 1972/2271/1722 2062/2159/1812
f 1881/2296/1631 1879/2153/1629 1979/2156/1729 1982/2276/1732
f 1921/2293/1671 1920/2297/1670 2039/2252/1789 2040/2253/1790
f 1899/2298/1649 1897/2147/1647 2006/2150/1756 2009/2287/1759
f 1943/2295/1693 1944/2299/1694 1975/2272/1725 1972/2271/1722
f 1880/2144/1630 1882/2300/1632 1983/2254/1733 1980/2145/1730
f 1920/2297/1670 1919/2301/1669 1971/2251/1721 2039/2252/1789
f 1917/2302/1667 1915/2135/1665 2033/2138/1783 2036/2292/1786
f 1898/2132/1648 1900/2303/1650 2010/2257/1760 2007/2133/1757
f 1944/2299/1694 1945/2304/1695 1978/2273/1728 1975/2272/1725
f 1916/2294/1666 1918/2305/1668 2037/2269/1787 2034/2267/1784
f 1945/2304/1695 1946/2306/1696 1981/2274/1731 1978/2273/1728
f 1883/2307/1633 1881/2296/1631 1982/2276/1732 1985/2278/1735
f 1901/2308/1651 1899/2298/1649 2009/2287/1759 2012/2288/1762
f 1946/2306/1696 1947/2309/1697 1984/2275/1734 1981/2274/1731
f 1882/2300/1632 1884/2310/1634 1986/2255/1736 1983/2254/1733
f 1919/2301/1669 1942/2311/1692 2061/2270/1811 1971/2251/1721
f 1871/2245/1621 1917/2302/1667 2036/2292/1786 1967/2246/1717
f 1900/2303/1650 1902/2312/1652 2013/2258/1763 2010/2257/1760
f 1947/2309/1697 1948/2313/1698 1987/2277/1737 1984/2275/1734
f 1942/2311/1692 1941/2314/1691 2060/2268/1810 2061/2270/1811
f 1918/2305/1668 1872/2235/1622 1970/2236/1720 2037/2269/1787
f 1948/2313/1698 1949/2315/1699 1990/2279/1740 1987/2277/1737
f 1885/2316/1635 1883/2307/1633 1985/2278/1735 1988/2280/1738
f 1941/2314/1691 1940/2317/1690 2059/2266/1809 2060/2268/1810
f 1903/2318/1653 1901/2308/1651 2012/2288/1762 2015/2289/1765
f 1949/2315/1699 1950/2319/1700 1993/2281/1743 1990/2279/1740
f 1884/2310/1634 1886/2320/1636 1989/2256/1739 1986/2255/1736
f 1940/2317/1690 1939/2321/1689 2058/2265/1808 2059/2266/1809
f 1902/2312/1652 1904/2322/1654 2016/2259/1766 2013/2258/1763
f 1950/2319/1700 1951/2323/1701 1996/2283/1746 1993/2281/1743
f 1939/2321/1689 1938/2324/1688 2057/2264/1807 2058/2265/1808
f 1951/2323/1701 1952/2325/1702 1999/2284/1749 1996/2283/1746
f 1887/2326/1637 1885/2316/1635 1988/2280/1738 1991/2282/1741
f 1938/2324/1688 1937/2327/1687 2056/2263/1806 2057/2264/1807
f 1905/2328/1655 1903/2318/1653 2015/2289/1765 2018/2290/1768
f 1952/2325/1702 1953/2329/1703 2002/2285/1752 1999/2284/1749
f 1886/2320/1636 1888/2247/1638 1992/2248/1742 1989/2256/1739
f 1937/2330/1687 1936/2331/1686 2055/2261/1805 2056/2262/1806
f 1904/2322/1654 1906/2239/1656 2019/2242/1769 2016/2259/1766
f 1953/2329/1703 1954/2332/1704 2005/2286/1755 2002/2285/1752
f 1936/2331/1686 1935/2333/1685 2054/2260/1804 2055/2261/1805
f 1954/2332/1704 1955/2249/1705 2008/2250/1758 2005/2286/1755
f 1889/2229/1639 1887/2326/1637 1991/2282/1741 1994/2230/1744
f 1935/2333/1685 1934/2243/1684 2053/2244/1803 2054/2260/1804
f 1907/2334/1657 1905/2328/1655 2018/2290/1768 2021/2291/1771
f 1887/2326/1637 1889/2229/1639 2072/2335/1822 2071/2336/1821
f 1897/2147/1647 1899/2298/1649 2077/2337/1827 2076/2338/1826
f 1907/2225/1657 1909/2199/1659 2082/2339/1832 2081/2340/1831
f 1917/2302/1667 1871/2245/1621 2063/2341/1813 2086/2342/1836
f 1873/2211/1623 1875/2183/1625 2065/2343/1815 2064/2344/1814
f 1883/2307/1633 1885/2316/1635 2070/2345/1820 2069/2346/1819
f 1893/2177/1643 1895/2148/1645 2075/2347/1825 2074/2348/1824
f 1903/2318/1653 1905/2328/1655 2080/2349/1830 2079/2350/1829
f 1913/2136/1663 1915/2135/1665 2085/2351/1835 2084/2352/1834
f 1879/2153/1629 1881/2296/1631 2068/2353/1818 2067/2197/1817
f 1889/2229/1639 1891/2205/1641 2073/2354/1823 2072/2335/1822
f 1899/2298/1649 1901/2308/1651 2078/2355/1828 2077/2337/1827
f 1909/2199/1659 1911/2171/1661 2083/2356/1833 2082/2339/1832
f 1875/2183/1625 1877/2154/1627 2066/2198/1816 2065/2343/1815
f 1885/2316/1635 1887/2326/1637 2071/2336/1821 2070/2345/1820
f 1871/2245/1621 1873/2211/1623 2064/2344/1814 2063/2341/1813
f 1895/2148/1645 1897/2147/1647 2076/2338/1826 2075/2347/1825
f 1905/2328/1655 1907/2334/1657 2081/2357/1831 2080/2349/1830
f 1915/2135/1665 1917/2302/1667 2086/2342/1836 2085/2351/1835
f 1881/2296/1631 1883/2307/1633 2069/2346/1819 2068/2353/1818
f 1891/2205/1641 1893/2177/1643 2074/2348/1824 2073/2354/1823
f 1901/2308/1651 1903/2318/1653 2079/2350/1829 2078/2355/1828
f 1911/2171/1661 1913/2136/1663 2084/2352/1834 2083/2356/1833
f 1888/2247/1638 1886/2320/1636 2094/2358/1844 2095/2359/1845
f 1898/2132/1648 1896/2131/1646 2099/2360/1849 2100/2361/1850
f 1874/2203/1624 1872/2235/1622 2088/2362/1838 2087/2363/1837
f 1908/2240/1658 1906/2239/1656 2104/2364/1854 2105/2365/1855
f 1918/2305/1668 1916/2294/1666 2109/2366/1859 2110/2367/1860
f 1884/2310/1634 1882/2300/1632 2092/2368/1842 2093/2369/1843
f 1894/2167/1644 1892/2193/1642 2097/2370/1847 2098/2371/1848
f 1904/2322/1654 1902/2312/1652 2102/2372/1852 2103/2373/1853
f 1914/2162/1664 1912/2161/1662 2107/2374/1857 2108/2375/1858
f 1880/2144/1630 1878/2143/1628 2090/2192/1840 2091/2376/1841
f 1890/2221/1640 1888/2247/1638 2095/2359/1845 2096/2377/1846
f 1900/2303/1650 1898/2132/1648 2100/2361/1850 2101/2378/1851
f 1910/2187/1660 1908/2217/1658 2105/2379/1855 2106/2380/1856
f 1872/2235/1622 1918/2305/1668 2110/2367/1860 2088/2362/1838
f 1876/2175/1626 1874/2203/1624 2087/2363/1837 2089/2191/1839
f 1886/2320/1636 1884/2310/1634 2093/2369/1843 2094/2358/1844
f 1896/2131/1646 1894/2167/1644 2098/2371/1848 2099/2360/1849
f 1906/2239/1656 1904/2322/1654 2103/2373/1853 2104/2364/1854
f 1916/2294/1666 1914/2162/1664 2108/2375/1858 2109/2366/1859
f 1882/2300/1632 1880/2144/1630 2091/2376/1841 2092/2368/1842
f 1892/2193/1642 1890/2221/1640 2096/2377/1846 2097/2370/1847
f 1902/2312/1652 1900/2303/1650 2101/2378/1851 2102/2372/1852
f 1912/2161/1662 1910/2187/1660 2106/2380/1856 2107/2374/1857
f 2069/2381/1819 2070/2382/1820 2111/2383/69 2068/2384/1818
f 2070/2382/1820 2071/2385/1821 2116/2386/69 2111/2383/69
f 2071/2385/1821 2072/2387/1822 2121/2388/69 2116/2386/69
f 2072/2387/1822 2073/2389/1823 2126/2390/69 2121/2388/69
f 2073/2389/1823 2074/2391/1824 2131/2392/69 2126/2390/69
f 2074/2391/1824 2075/2393/1825 2076/2394/1826 2131/2392/69
f 2068/2384/1818 2111/2383/69 2112/2395/69 2067/2396/1817
f 2111/2383/69 2116/2386/69 2117/2397/69 2112/2395/69
f 2116/2386/69 2121/2388/69 2122/2398/69 2117/2397/69
f 2121/2388/69 2126/2390/69 2127/2399/69 2122/2398/69
f 2126/2390/69 2131/2392/69 2132/2400/69 2127/2399/69
f 2131/2392/69 2076/2394/1826 2077/2401/1827 2132/2400/69
f 2067/2396/1817 2112/2395/69 2113/2402/69 2066/2403/1816
f 2112/2395/69 2117/2397/69 2118/2404/69 2113/2402/69
f 2117/2397/69 2122/2398/69 2123/2405/69 2118/2404/69
f 2122/2398/69 2127/2399/69 2128/2406/69 2123/2405/69
f 2127/2399/69 2132/2400/69 2133/2407/69 2128/2406/69
f 2132/2400/69 2077/2401/1827 2078/2408/1828 2133/2407/69
f 2066/2403/1816 2113/2402/69 2114/2409/69 2065/2410/1815
f 2113/2402/69 2118/2404/69 2119/2411/69 2114/2409/69
f 2118/2404/69 2123/2405/69 2124/2412/69 2119/2411/69
f 2123/2405/69 2128/2406/69 2129/2413/69 2124/2412/69
f 2128/2406/69 2133/2407/69 2134/2414/69 2129/2413/69
f 2133/2407/69 2078/2408/1828 2079/2415/1829 2134/2414/69
f 2065/2410/1815 2114/2409/69 2115/2416/69 2064/2417/1814
f 2114/2409/69 2119/2411/69 2120/2418/69 2115/2416/69
f 2119/2411/69 2124/2412/69 2125/2419/69 2120/2418/69
f 2124/2412/69 2129/2413/69 2130/2420/69 2125/2419/69
f 2129/2413/69 2134/2414/69 2135/2421/69 2130/2420/69
f 2134/2414/69 2079/2415/1829 2080/2422/1830 2135/2421/69
f 2064/2417/1814 2115/2416/69 2086/2423/1836 2063/2424/1813
f 2115/2416/69 2120/2418/69 2085/2425/1835 2086/2423/1836
f 2120/2418/69 2125/2419/69 2084/2426/1834 2085/2425/1835
f 2125/2419/69 2130/2420/69 2083/2427/1833 2084/2426/1834
f 2130/2420/69 2135/2421/69 2082/2428/1832 2083/2427/1833
f 2135/2421/69 2080/2422/1830 2081/2429/1831 2082/2428/1832
f 2088/2430/1838 2110/2431/1860 2136/2432/217 2087/2433/1837
f 2110/2431/1860 2109/2434/1859 2141/2435/217 2136/2432/217
f 2109/2434/1859 2108/2436/1858 2146/2437/217 2141/2435/217
f 2108/2436/1858 2107/2438/1857 2151/2439/217 2146/2437/217
f 2107/2438/1857 2106/2440/1856 2156/2441/217 2151/2439/217
f 2106/2440/1856 2105/2442/1855 2104/2443/1854 2156/2441/217
f 2087/2433/1837 2136/2432/217 2137/2444/217 2089/2445/1839
f 2136/2432/217 2141/2435/217 2142/2446/217 2137/2444/217
f 2141/2435/217 2146/2437/217 2147/2447/217 2142/2446/217
f 2146/2437/217 2151/2439/217 2152/2448/217 2147/2447/217
f 2151/2439/217 2156/2441/217 2157/2449/217 2152/2448/217
f 2156/2441/217 2104/2443/1854 2103/2450/1853 2157/2449/217
f 2089/2445/1839 2137/2444/217 2138/2451/217 2090/2452/1840
f 2137/2444/217 2142/2446/217 2143/2453/217 2138/2451/217
f 2142/2446/217 2147/2447/217 2148/2454/217 2143/2453/217
f 2147/2447/217 2152/2448/217 2153/2455/217 2148/2454/217
f 2152/2448/217 2157/2449/217 2158/2456/217 2153/2455/217
f 2157/2449/217 2103/2450/1853 2102/2457/1852 2158/2456/217
f 2090/2452/1840 2138/2451/217 2139/2458/217 2091/2459/1841
f 2138/2451/217 2143/2453/217 2144/2460/217 2139/2458/217
f 2143/2453/217 2148/2454/217 2149/2461/217 2144/2460/217
f 2148/2454/217 2153/2455/217 2154/2462/217 2149/2461/217
f 2153/2455/217 2158/2456/217 2159/2463/217 2154/2462/217
f 2158/2456/217 2102/2457/1852 2101/2464/1851 2159/2463/217
f 2091/2459/1841 2139/2458/217 2140/2465/217 2092/2466/1842
f 2139/2458/217 2144/2460/217 2145/2467/217 2140/2465/217
f 2144/2460/217 2149/2461/217 2150/2468/217 2145/2467/217
f 2149/2461/217 2154/2462/217 2155/2469/217 2150/2468/217
f 2154/2462/217 2159/2463/217 2160/2470/217 2155/2469/217
f 2159/2463/217 2101/2464/1851 2100/2471/1850 2160/2470/217
f 2092/2466/1842 2140/2465/217 2094/2472/1844 2093/2473/1843
f 2140/2465/217 2145/2467/217 2095/2474/1845 2094/2472/1844
f 2145/2467/217 2150/2468/217 2096/2475/1846 2095/2474/1845
f 2150/2468/217 2155/2469/217 2097/2476/1847 2096/2475/1846
f 2155/2469/217 2160/2470/217 2098/2477/1848 2097/2476/1847
f 2160/2470/217 2100/2471/1850 2099/2478/1849 2098/2477/1848
f 1966/2479/1716 2161/2480/1861 2224/2481/1923 1943/2482/1693
f 2161/2480/1861 2162/2483/1862 2223/2484/1922 2224/2481/1923
f 2162/2483/1862 2163/2485/1863 2222/2486/1921 2223/2484/1922
f 2163/2485/1863 2164/2487/1864 2221/2488/1920 2222/2486/1921
f 2164/2487/1864 2165/2489/1865 2220/2490/1919 2221/2488/1920
f 2165/2489/1865 2166/2491/1866 2219/2492/1918 2220/2490/1919
f 2166/2491/1866 2167/2493/1867 2218/2494/1917 2219/2492/1918
f 2167/2493/1867 2168/2495/1868 2217/2496/1916 2218/2494/1917
f 2168/2495/1868 2169/2497/1869 2216/2498/1915 2217/2496/1916
f 2169/2497/1869 2170/2499/1870 2215/2500/1914 2216/2498/1915
f 2170/2499/1870 2171/2501/1871 2214/2502/1913 2215/2500/1914
f 2171/2501/1871 2172/2503/1872 2213/2504/1912 2214/2502/1913
f 2172/2503/1872 2173/2505/1873 2212/2506/1911 2213/2504/1912
f 2173/2505/1873 2174/2507/1874 2211/2508/1910 2212/2506/1911
f 2174/2507/1874 2175/2509/1875 2210/2510/1909 2211/2508/1910
f 2175/2509/1875 2176/2511/1876 2209/2512/1908 2210/2510/1909
f 2176/2511/1876 2177/2513/1877 2208/2514/1907 2209/2512/1908
f 2177/2513/1877 2178/2515/1021 2207/2516/1906 2208/2514/1907
f 2178/2515/1021 2179/2517/1878 2206/2518/1905 2207/2516/1906
f 2179/2517/1878 2180/2519/1879 2205/2520/1904 2206/2518/1905
f 2180/2519/1879 2181/2521/1880 2204/2522/1903 2205/2520/1904
f 2181/2521/1880 2182/2523/1881 2203/2524/1902 2204/2522/1903
f 2182/2523/1881 2183/2525/1882 2202/2526/1901 2203/2524/1902
f 2183/2525/1882 2184/2527/1883 2201/2528/1900 2202/2526/1901
f 2184/2527/1883 2185/2529/1884 2200/2530/1899 2201/2528/1900
f 2185/2529/1884 2186/2531/1885 2199/2532/1898 2200/2530/1899
f 2186/2531/1885 2187/2533/1886 2198/2534/1897 2199/2532/1898
f 2187/2533/1886 2188/2535/1887 2197/2536/1896 2198/2534/1897
f 2188/2535/1887 2189/2537/1888 2196/2538/1895 2197/2536/1896
f 2189/2537/1888 2190/2539/1889 2195/2540/1894 2196/2538/1895
f 2190/2539/1889 2191/2541/1890 2194/2542/1893 2195/2540/1894
f 2191/2541/1890 2192/2543/1891 2193/2544/1892 2194/2542/1893
f 2192/2543/1891 1919/2545/1669 1920/2546/1670 2193/2544/1892
f 1943/2482/1693 2224/2481/1923 2256/2547/1955 1944/2548/1694
f 2224/2481/1923 2223/2484/1922 2255/2549/1954 2256/2547/1955
f 2223/2484/1922 2222/2486/1921 2254/2550/1953 2255/2549/1954
f 2222/2486/1921 2221/2488/1920 2253/2551/1952 2254/2550/1953
f 2221/2488/1920 2220/2490/1919 2252/2552/1951 2253/2551/1952
f 2220/2490/1919 2219/2492/1918 2251/2553/1950 2252/2552/1951
f 2219/2492/1918 2218/2494/1917 2250/2554/1949 2251/2553/1950
f 2218/2494/1917 2217/2496/1916 2249/2555/1948 2250/2554/1949
f 2217/2496/1916 2216/2498/1915 2248/2556/1947 2249/2555/1948
f 2216/2498/1915 2215/2500/1914 2247/2557/1946 2248/2556/1947
f 2215/2500/1914 2214/2502/1913 2246/2558/1945 2247/2557/1946
f 2214/2502/1913 2213/2504/1912 2245/2559/1944 2246/2558/1945
f 2213/2504/1912 2212/2506/1911 2244/2560/1943 2245/2559/1944
f 2212/2506/1911 2211/2508/1910 2243/2561/1942 2244/2560/1943
f 2211/2508/1910 2210/2510/1909 2242/2562/1941 2243/2561/1942
f 2210/2510/1909 2209/2512/1908 2241/2563/1940 2242/2562/1941
f 2209/2512/1908 2208/2514/1907 2240/2564/1939 2241/2563/1940
f 2208/2514/1907 2207/2516/1906 2239/2565/1938 2240/2564/1939
f 2207/2516/1906 2206/2518/1905 2238/2566/1937 2239/2565/1938
f 2206/2518/1905 2205/2520/1904 2237/2567/1936 2238/2566/1937
f 2205/2520/1904 2204/2522/1903 2236/2568/1935 2237/2567/1936
f 2204/2522/1903 2203/2524/1902 2235/2569/1934 2236/2568/1935
f 2203/2524/1902 2202/2526/1901 2234/2570/1933 2235/2569/1934
f 2202/2526/1901 2201/2528/1900 2233/2571/1932 2234/2570/1933
f 2201/2528/1900 2200/2530/1899 2232/2572/1931 2233/2571/1932
f 2200/2530/1899 2199/2532/1898 2231/2573/1930 2232/2572/1931
f 2199/2532/1898 2198/2534/1897 2230/2574/1929 2231/2573/1930
f 2198/2534/1897 2197/2536/1896 2229/2575/1928 2230/2574/1929
f 2197/2536/1896 2196/2538/1895 2228/2576/1927 2229/2575/1928
f 2196/2538/1895 2195/2540/1894 2227/2577/1926 2228/2576/1927
f 2195/2540/1894 2194/2542/1893 2226/2578/1925 2227/2577/1926
f 2194/2542/1893 2193/2544/1892 2225/2579/1924 2226/2578/1925
f 1920/2546/1670 1921/2580/1671 2225/2579/1924 2193/2544/1892
f 1944/2548/1694 2256/2547/1955 2288/2581/1986 1945/2582/1695
f 2256/2547/1955 2255/2549/1954 2287/2583/1985 2288/2581/1986
f 2255/2549/1954 2254/2550/1953 2286/2584/1984 2287/2583/1985
f 2254/2550/1953 2253/2551/1952 2285/2585/1983 2286/2584/1984
f 2253/2551/1952 2252/2552/1951 2284/2586/1982 2285/2585/1983
f 2252/2552/1951 2251/2553/1950 2283/2587/1981 2284/2586/1982
f 2251/2553/1950 2250/2554/1949 2282/2588/1980 2283/2587/1981
f 2250/2554/1949 2249/2555/1948 2281/2589/1979 2282/2588/1980
f 2249/2555/1948 2248/2556/1947 2280/2590/1978 2281/2589/1979
f 2248/2556/1947 2247/2557/1946 2279/2591/1977 2280/2590/1978
f 2247/2557/1946 2246/2558/1945 2278/2592/1976 2279/2591/1977
f 2246/2558/1945 2245/2559/1944 2277/2593/1975 2278/2592/1976
f 2245/2559/1944 2244/2560/1943 2276/2594/1974 2277/2593/1975
f 2244/2560/1943 2243/2561/1942 2275/2595/1973 2276/2594/1974
f 2243/2561/1942 2242/2562/1941 2274/2596/1972 2275/2595/1973
f 2242/2562/1941 2241/2563/1940 2273/2597/1971 2274/2596/1972
f 2241/2563/1940 2240/2564/1939 2272/2598/1970 2273/2597/1971
f 2240/2564/1939 2239/2565/1938 2271/2599/1043 2272/2598/1970
f 2239/2565/1938 2238/2566/1937 2270/2600/1969 2271/2599/1043
f 2238/2566/1937 2237/2567/1936 2269/2601/1968 2270/2600/1969
f 2237/2567/1936 2236/2568/1935 2268/2602/1967 2269/2601/1968
f 2236/2568/1935 2235/2569/1934 2267/2603/1966 2268/2602/1967
f 2235/2569/1934 2234/2570/1933 2266/2604/1965 2267/2603/1966
f 2234/2570/1933 2233/2571/1932 2265/2605/1964 2266/2604/1965
f 2233/2571/1932 2232/2572/1931 2264/2606/1963 2265/2605/1964
f 2232/2572/1931 2231/2573/1930 2263/2607/1962 2264/2606/1963
f 2231/2573/1930 2230/2574/1929 2262/2608/1961 2263/2607/1962
f 2230/2574/1929 2229/2575/1928 2261/2609/1960 2262/2608/1961
f 2229/2575/1928 2228/2576/1927 2260/2610/1959 2261/2609/1960
f 2228/2576/1927 2227/2577/1926 2259/2611/1958 2260/2610/1959
f 2227/2577/1926 2226/2578/1925 2258/2612/1957 2259/2611/1958
f 2226/2578/1925 2225/2579/1924 2257/2613/1956 2258/2612/1957
f 1921/2580/1671 1922/2614/1672 2257/2613/1956 2225/2579/1924
f 1945/2582/1695 2288/2581/1986 2320/2615/2018 1946/2616/1696
f 2288/2581/1986 2287/2583/1985 2319/2617/2017 2320/2615/2018
f 2287/2583/1985 2286/2584/1984 2318/2618/2016 2319/2617/2017
f 2286/2584/1984 2285/2585/1983 2317/2619/2015 2318/2618/2016
f 2285/2585/1983 2284/2586/1982 2316/2620/2014 2317/2619/2015
f 2284/2586/1982 2283/2587/1981 2315/2621/2013 2316/2620/2014
f 2283/2587/1981 2282/2588/1980 2314/2622/2012 2315/2621/2013
f 2282/2588/1980 2281/2589/1979 2313/2623/2011 2314/2622/2012
f 2281/2589/1979 2280/2590/1978 2312/2624/2010 2313/2623/2011
f 2280/2590/1978 2279/2591/1977 2311/2625/2009 2312/2624/2010
f 2279/2591/1977 2278/2592/1976 2310/2626/2008 2311/2625/2009
f 2278/2592/1976 2277/2593/1975 2309/2627/2007 2310/2626/2008
f 2277/2593/1975 2276/2594/1974 2308/2628/2006 2309/2627/2007
f 2276/2594/1974 2275/2595/1973 2307/2629/2005 2308/2628/2006
f 2275/2595/1973 2274/2596/1972 2306/2630/2004 2307/2629/2005
f 2274/2596/1972 2273/2597/1971 2305/2631/2003 2306/2630/2004
f 2273/2597/1971 2272/2598/1970 2304/2632/2002 2305/2631/2003
f 2272/2598/1970 2271/2599/1043 2303/2633/2001 2304/2632/2002
f 2271/2599/1043 2270/2600/1969 2302/2634/2000 2303/2633/2001
f 2270/2600/1969 2269/2601/1968 2301/2635/1999 2302/2634/2000
f 2269/2601/1968 2268/2602/1967 2300/2636/1998 2301/2635/1999
f 2268/2602/1967 2267/2603/1966 2299/2637/1997 2300/2636/1998
f 2267/2603/1966 2266/2604/1965 2298/2638/1996 2299/2637/1997
f 2266/2604/1965 2265/2605/1964 2297/2639/1995 2298/2638/1996
f 2265/2605/1964 2264/2606/1963 2296/2640/1994 2297/2639/1995
f 2264/2606/1963 2263/2607/1962 2295/2641/1993 2296/2640/1994
f 2263/2607/1962 2262/2608/1961 2294/2642/1992 2295/2641/1993
f 2262/2608/1961 2261/2609/1960 2293/2643/1991 2294/2642/1992
f 2261/2609/1960 2260/2610/1959 2292/2644/1990 2293/2643/1991
f 2260/2610/1959 2259/2611/1958 2291/2645/1989 2292/2644/1990
f 2259/2611/1958 2258/2612/1957 2290/2646/1988 2291/2645/1989
f 2258/2612/1957 2257/2613/1956 2289/2647/1987 2290/2646/1988
f 1922/2614/1672 1923/2648/1673 2289/2647/1987 2257/2613/1956
f 1946/2616/1696 2320/2615/2018 2352/2649/2050 1947/2650/1697
f 2320/2615/2018 2319/2617/2017 2351/2651/2049 2352/2649/2050
f 2319/2617/2017 2318/2618/2016 2350/2652/2048 2351/2651/2049
f 2318/2618/2016 2317/2619/2015 2349/2653/2047 2350/2652/2048
f 2317/2619/2015 2316/2620/2014 2348/2654/2046 2349/2653/2047
f 2316/2620/2014 2315/2621/2013 2347/2655/2045 2348/2654/2046
f 2315/2621/2013 2314/2622/2012 2346/2656/2044 2347/2655/2045
f 2314/2622/2012 2313/2623/2011 2345/2657/2043 2346/2656/2044
f 2313/2623/2011 2312/2624/2010 2344/2658/2042 2345/2657/2043
f 2312/2624/2010 2311/2625/2009 2343/2659/2041 2344/2658/2042
f 2311/2625/2009 2310/2626/2008 2342/2660/2040 2343/2659/2041
f 2310/2626/2008 2309/2627/2007 2341/2661/2039 2342/2660/2040
f 2309/2627/2007 2308/2628/2006 2340/2662/2038 2341/2661/2039
f 2308/2628/2006 2307/2629/2005 2339/2663/2037 2340/2662/2038
f 2307/2629/2005 2306/2630/2004 2338/2664/2036 2339/2663/2037
f 2306/2630/2004 2305/2631/2003 2337/2665/2035 2338/2664/2036
f 2305/2631/2003 2304/2632/2002 2336/2666/2034 2337/2665/2035
f 2304/2632/2002 2303/2633/2001 2335/2667/2033 2336/2666/2034
f 2303/2633/2001 2302/2634/2000 2334/2668/2032 2335/2667/2033
f 2302/2634/2000 2301/2635/1999 2333/2669/2031 2334/2668/2032
f 2301/2635/1999 2300/2636/1998 2332/2670/2030 2333/2669/2031
f 2300/2636/1998 2299/2637/1997 2331/2671/2029 2332/2670/2030
f 2299/2637/1997 2298/2638/1996 2330/2672/2028 2331/2671/2029
f 2298/2638/1996 2297/2639/1995 2329/2673/2027 2330/2672/2028
f 2297/2639/1995 2296/2640/1994 2328/2674/2026 2329/2673/2027
f 2296/2640/1994 2295/2641/1993 2327/2675/2025 2328/2674/2026
f 2295/2641/1993 2294/2642/1992 2326/2676/2024 2327/2675/2025
f 2294/2642/1992 2293/2643/1991 2325/2677/2023 2326/2676/2024
f 2293/2643/1991 2292/2644/1990 2324/2678/2022 2325/2677/2023
f 2292/2644/1990 2291/2645/1989 2323/2679/2021 2324/2678/2022
f 2291/2645/1989 2290/2646/1988 2322/2680/2020 2323/2679/2021
f 2290/2646/1988 2289/2647/1987 2321/2681/2019 2322/2680/2020
f 1923/2648/1673 1924/2682/1674 2321/2681/2019 2289/2647/1987
f 1947/2650/1697 2352/2649/2050 2384/2683/2081 1948/2684/1698
f 2352/2649/2050 2351/2651/2049 2383/2685/2080 2384/2683/2081
f 2351/2651/2049 2350/2652/2048 2382/2686/2079 2383/2685/2080
f 2350/2652/2048 2349/2653/2047 2381/2687/2078 2382/2686/2079
f 2349/2653/2047 2348/2654/2046 2380/2688/2077 2381/2687/2078
f 2348/2654/2046 2347/2655/2045 2379/2689/2076 2380/2688/2077
f 2347/2655/2045 2346/2656/2044 2378/2690/2075 2379/2689/2076
f 2346/2656/2044 2345/2657/2043 2377/2691/2074 2378/2690/2075
f 2345/2657/2043 2344/2658/2042 2376/2692/2073 2377/2691/2074
f 2344/2658/2042 2343/2659/2041 2375/2693/2072 2376/2692/2073
f 2343/2659/2041 2342/2660/2040 2374/2694/2071 2375/2693/2072
f 2342/2660/2040 2341/2661/2039 2373/2695/2070 2374/2694/2071
f 2341/2661/2039 2340/2662/2038 2372/2696/2069 2373/2695/2070
f 2340/2662/2038 2339/2663/2037 2371/2697/2068 2372/2696/2069
f 2339/2663/2037 2338/2664/2036 2370/2698/2067 2371/2697/2068
f 2338/2664/2036 2337/2665/2035 2369/2699/2066 2370/2698/2067
f 2337/2665/2035 2336/2666/2034 2368/2700/2065 2369/2699/2066
f 2336/2666/2034 2335/2667/2033 2367/2701/1009 2368/2700/2065
f 2335/2667/2033 2334/2668/2032 2366/2702/2064 2367/2701/1009
f 2334/2668/2032 2333/2669/2031 2365/2703/2063 2366/2702/2064
f 2333/2669/2031 2332/2670/2030 2364/2704/2062 2365/2703/2063
f 2332/2670/2030 2331/2671/2029 2363/2705/2061 2364/2704/2062
f 2331/2671/2029 2330/2672/2028 2362/2706/2060 2363/2705/2061
f 2330/2672/2028 2329/2673/2027 2361/2707/2059 2362/2706/2060
f 2329/2673/2027 2328/2674/2026 2360/2708/2058 2361/2707/2059
f 2328/2674/2026 2327/2675/2025 2359/2709/2057 2360/2708/2058
f 2327/2675/2025 2326/2676/2024 2358/2710/2056 2359/2709/2057
f 2326/2676/2024 2325/2677/2023 2357/2711/2055 2358/2710/2056
f 2325/2677/2023 2324/2678/2022 2356/2712/2054 2357/2711/2055
f 2324/2678/2022 2323/2679/2021 2355/2713/2053 2356/2712/2054
f 2323/2679/2021 2322/2680/2020 2354/2714/2052 2355/2713/2053
f 2322/2680/2020 2321/2681/2019 2353/2715/2051 2354/2714/2052
f 1924/2682/1674 1925/2716/1675 2353/2715/2051 2321/2681/2019
f 1948/2684/1698 2384/2683/2081 2416/2717/2113 1949/2718/1699
f 2384/2683/2081 2383/2685/2080 2415/2719/2112 2416/2717/2113
f 2383/2685/2080 2382/2686/2079 2414/2720/2111 2415/2719/2112
f 2382/2686/2079 2381/2687/2078 2413/2721/2110 2414/2720/2111
f 2381/2687/2078 2380/2688/2077 2412/2722/2109 2413/2721/2110
f 2380/2688/2077 2379/2689/2076 2411/2723/2108 2412/2722/2109
f 2379/2689/2076 2378/2690/2075 2410/2724/2107 2411/2723/2108
f 2378/2690/2075 2377/2691/2074 2409/2725/2106 2410/2724/2107
f 2377/2691/2074 2376/2692/2073 2408/2726/2105 2409/2725/2106
f 2376/2692/2073 2375/2693/2072 2407/2727/2104 2408/2726/2105
f 2375/2693/2072 2374/2694/2071 2406/2728/2103 2407/2727/2104
f 2374/2694/2071 2373/2695/2070 2405/2729/2102 2406/2728/2103
f 2373/2695/2070 2372/2696/2069 2404/2730/2101 2405/2729/2102
f 2372/2696/2069 2371/2697/2068 2403/2731/2100 2404/2730/2101
f 2371/2697/2068 2370/2698/2067 2402/2732/2099 2403/2731/2100
f 2370/2698/2067 2369/2699/2066 2401/2733/2098 2402/2732/2099
f 2369/2699/2066 2368/2700/2065 2400/2734/2097 2401/2733/2098
f 2368/2700/2065 2367/2701/1009 2399/2735/2096 2400/2734/2097
f 2367/2701/1009 2366/2702/2064 2398/2736/2095 2399/2735/2096
f 2366/2702/2064 2365/2703/2063 2397/2737/2094 2398/2736/2095
f 2365/2703/2063 2364/2704/2062 2396/2738/2093 2397/2737/2094
f 2364/2704/2062 2363/2705/2061 2395/2739/2092 2396/2738/2093
f 2363/2705/2061 2362/2706/2060 2394/2740/2091 2395/2739/2092
f 2362/2706/2060 2361/2707/2059 2393/2741/2090 2394/2740/2091
f 2361/2707/2059 2360/2708/2058 2392/2742/2089 2393/2741/2090
f 2360/2708/2058 2359/2709/2057 2391/2743/2088 2392/2742/2089
f 2359/2709/2057 2358/2710/2056 2390/2744/2087 2391/2743/2088
f 2358/2710/2056 2357/2711/2055 2389/2745/2086 2390/2744/2087
f 2357/2711/2055 2356/2712/2054 2388/2746/2085 2389/2745/2086
f 2356/2712/2054 2355/2713/2053 2387/2747/2084 2388/2746/2085
f 2355/2713/2053 2354/2714/2052 2386/2748/2083 2387/2747/2084
f 2354/2714/2052 2353/2715/2051 2385/2749/2082 2386/2748/2083
f 1925/2716/1675 1926/2750/1676 2385/2749/2082 2353/2715/2051
f 1949/2718/1699 2416/2717/2113 2448/2751/2145 1950/2752/1700
f 2416/2717/2113 2415/2719/2112 2447/2753/2144 2448/2751/2145
f 2415/2719/2112 2414/2720/2111 2446/2754/2143 2447/2753/2144
f 2414/2720/2111 2413/2721/2110 2445/2755/2142 2446/2754/2143
f 2413/2721/2110 2412/2722/2109 2444/2756/2141 2445/2755/2142
f 2412/2722/2109 2411/2723/2108 2443/2757/2140 2444/2756/2141
f 2411/2723/2108 2410/2724/2107 2442/2758/2139 2443/2757/2140
f 2410/2724/2107 2409/2725/2106 2441/2759/2138 2442/2758/2139
f 2409/2725/2106 2408/2726/2105 2440/2760/2137 2441/2759/2138
f 2408/2726/2105 2407/2727/2104 2439/2761/2136 2440/2760/2137
f 2407/2727/2104 2406/2728/2103 2438/2762/2135 2439/2761/2136
f 2406/2728/2103 2405/2729/2102 2437/2763/2134 2438/2762/2135
f 2405/2729/2102 2404/2730/2101 2436/2764/2133 2437/2763/2134
f 2404/2730/2101 2403/2731/2100 2435/2765/2132 2436/2764/2133
f 2403/2731/2100 2402/2732/2099 2434/2766/2131 2435/2765/2132
f 2402/2732/2099 2401/2733/2098 2433/2767/2130 2434/2766/2131
f 2401/2733/2098 2400/2734/2097 2432/2768/2129 2433/2767/2130
f 2400/2734/2097 2399/2735/2096 2431/2769/2128 2432/2768/2129
f 2399/2735/2096 2398/2736/2095 2430/2770/2127 2431/2769/2128
f 2398/2736/2095 2397/2737/2094 2429/2771/2126 2430/2770/2127
f 2397/2737/2094 2396/2738/2093 2428/2772/2125 2429/2771/2126
f 2396/2738/2093 2395/2739/2092 2427/2773/2124 2428/2772/2125
f 2395/2739/2092 2394/2740/2091 2426/2774/2123 2427/2773/2124
f 2394/2740/2091 2393/2741/2090 2425/2775/2122 2426/2774/2123
f 2393/2741/2090 2392/2742/2089 2424/2776/2121 2425/2775/2122
f 2392/2742/2089 2391/2743/2088 2423/2777/2120 2424/2776/2121
f 2391/2743/2088 2390/2744/2087 2422/2778/2119 2423/2777/2120
f 2390/2744/2087 2389/2745/2086 2421/2779/2118 2422/2778/2119
f 2389/2745/2086 2388/2746/2085 2420/2780/2117 2421/2779/2118
f 2388/2746/2085 2387/2747/2084 2419/2781/2116 2420/2780/2117
f 2387/2747/2084 2386/2748/2083 2418/2782/2115 2419/2781/2116
f 2386/2748/2083 2385/2749/2082 2417/2783/2114 2418/2782/2115
f 1926/2750/1676 1927/2784/1677 2417/2783/2114 2385/2749/2082
f 1950/2752/1700 2448/2751/2145 2480/2785/2176 1951/2786/1701
f 2448/2751/2145 2447/2753/2144 2479/2787/2175 2480/2785/2176
f 2447/2753/2144 2446/2754/2143 2478/2788/2174 2479/2787/2175
f 2446/2754/2143 2445/2755/2142 2477/2789/2173 2478/2788/2174
f 2445/2755/2142 2444/2756/2141 2476/2790/2172 2477/2789/2173
f 2444/2756/2141 2443/2757/2140 2475/2791/2171 2476/2790/2172
f 2443/2757/2140 2442/2758/2139 2474/2792/2170 2475/2791/2171
f 2442/2758/2139 2441/2759/2138 2473/2793/2169 2474/2792/2170
f 2441/2759/2138 2440/2760/2137 2472/2794/2168 2473/2793/2169
f 2440/2760/2137 2439/2761/2136 2471/2795/2167 2472/2794/2168
f 2439/2761/2136 2438/2762/2135 2470/2796/2166 2471/2795/2167
f 2438/2762/2135 2437/2763/2134 2469/2797/2165 2470/2796/2166
f 2437/2763/2134 2436/2764/2133 2468/2798/2164 2469/2797/2165
f 2436/2764/2133 2435/2765/2132 2467/2799/2163 2468/2798/2164
f 2435/2765/2132 2434/2766/2131 2466/2800/2162 2467/2799/2163
f 2434/2766/2131 2433/2767/2130 2465/2801/2161 2466/2800/2162
f 2433/2767/2130 2432/2768/2129 2464/2802/2160 2465/2801/2161
f 2432/2768/2129 2431/2769/2128 2463/2803/1022 2464/2802/2160
f 2431/2769/2128 2430/2770/2127 2462/2804/2159 2463/2803/1022
f 2430/2770/2127 2429/2771/2126 2461/2805/2158 2462/2804/2159
f 2429/2771/2126 2428/2772/2125 2460/2806/2157 2461/2805/2158
f 2428/2772/2125 2427/2773/2124 2459/2807/2156 2460/2806/2157
f 2427/2773/2124 2426/2774/2123 2458/2808/2155 2459/2807/2156
f 2426/2774/2123 2425/2775/2122 2457/2809/2154 2458/2808/2155
f 2425/2775/2122 2424/2776/2121 2456/2810/2153 2457/2809/2154
f 2424/2776/2121 2423/2777/2120 2455/2811/2152 2456/2810/2153
f 2423/2777/2120 2422/2778/2119 2454/2812/2151 2455/2811/2152
f 2422/2778/2119 2421/2779/2118 2453/2813/2150 2454/2812/2151
f 2421/2779/2118 2420/2780/2117 2452/2814/2149 2453/2813/2150
f 2420/2780/2117 2419/2781/2116 2451/2815/2148 2452/2814/2149
f 2419/2781/2116 2418/2782/2115 2450/2816/2147 2451/2815/2148
f 2418/2782/2115 2417/2783/2114 2449/2817/2146 2450/2816/2147
f 1927/2784/1677 1928/2818/1678 2449/2817/2146 2417/2783/2114
f 1951/2786/1701 2480/2785/2176 2512/2819/2208 1952/2820/1702
f 2480/2785/2176 2479/2787/2175 2511/2821/2207 2512/2819/2208
f 2479/2787/2175 2478/2788/2174 2510/2822/2206 2511/2821/2207
f 2478/2788/2174 2477/2789/2173 2509/2823/2205 2510/2822/2206
f 2477/2789/2173 2476/2790/2172 2508/2824/2204 2509/2823/2205
f 2476/2790/2172 2475/2791/2171 2507/2825/2203 2508/2824/2204
f 2475/2791/2171 2474/2792/2170 2506/2826/2202 2507/2825/2203
f 2474/2792/2170 2473/2793/2169 2505/2827/2201 2506/2826/2202
f 2473/2793/2169 2472/2794/2168 2504/2828/2200 2505/2827/2201
f 2472/2794/2168 2471/2795/2167 2503/2829/2199 2504/2828/2200
f 2471/2795/2167 2470/2796/2166 2502/2830/2198 2503/2829/2199
f 2470/2796/2166 2469/2797/2165 2501/2831/2197 2502/2830/2198
f 2469/2797/2165 2468/2798/2164 2500/2832/2196 2501/2831/2197
f 2468/2798/2164 2467/2799/2163 2499/2833/2195 2500/2832/2196
f 2467/2799/2163 2466/2800/2162 2498/2834/2194 2499/2833/2195
f 2466/2800/2162 2465/2801/2161 2497/2835/2193 2498/2834/2194
f 2465/2801/2161 2464/2802/2160 2496/2836/2192 2497/2835/2193
f 2464/2802/2160 2463/2803/1022 2495/2837/2191 2496/2836/2192
f 2463/2803/1022 2462/2804/2159 2494/2838/2190 2495/2837/2191
f 2462/2804/2159 2461/2805/2158 2493/2839/2189 2494/2838/2190
f 2461/2805/2158 2460/2806/2157 2492/2840/2188 2493/2839/2189
f 2460/2806/2157 2459/2807/2156 2491/2841/2187 2492/2840/2188
f 2459/2807/2156 2458/2808/2155 2490/2842/2186 2491/2841/2187
f 2458/2808/2155 2457/2809/2154 2489/2843/2185 2490/2842/2186
f 2457/2809/2154 2456/2810/2153 2488/2844/2184 2489/2843/2185
f 2456/2810/2153 2455/2811/2152 2487/2845/2183 2488/2844/2184
f 2455/2811/2152 2454/2812/2151 2486/2846/2182 2487/2845/2183
f 2454/2812/2151 2453/2813/2150 2485/2847/2181 2486/2846/2182
f 2453/2813/2150 2452/2814/2149 2484/2848/2180 2485/2847/2181
f 2452/2814/2149 2451/2815/2148 2483/2849/2179 2484/2848/2180
f 2451/2815/2148 2450/2816/2147 2482/2850/2178 2483/2849/2179
f 2450/2816/2147 2449/2817/2146 2481/2851/2177 2482/2850/2178
f 1928/2818/1678 1929/2852/1679 2481/2851/2177 2449/2817/2146
f 1952/2820/1702 2512/2819/2208 2544/2853/2240 1953/2854/1703
f 2512/2819/2208 2511/2821/2207 2543/2855/2239 2544/2853/2240
f 2511/2821/2207 2510/2822/2206 2542/2856/2238 2543/2855/2239
f 2510/2822/2206 2509/2823/2205 2541/2857/2237 2542/2856/2238
f 2509/2823/2205 2508/2824/2204 2540/2858/2236 2541/2857/2237
f 2508/2824/2204 2507/2825/2203 2539/2859/2235 2540/2858/2236
f 2507/2825/2203 2506/2826/2202 2538/2860/2234 2539/2859/2235
f 2506/2826/2202 2505/2827/2201 2537/2861/2233 2538/2860/2234
f 2505/2827/2201 2504/2828/2200 2536/2862/2232 2537/2861/2233
f 2504/2828/2200 2503/2829/2199 2535/2863/2231 2536/2862/2232
f 2503/2829/2199 2502/2830/2198 2534/2864/2230 2535/2863/2231
f 2502/2830/2198 2501/2831/2197 2533/2865/2229 2534/2864/2230
f 2501/2831/2197 2500/2832/2196 2532/2866/2228 2533/2865/2229
f 2500/2832/2196 2499/2833/2195 2531/2867/2227 2532/2866/2228
f 2499/2833/2195 2498/2834/2194 2530/2868/2226 2531/2867/2227
f 2498/2834/2194 2497/2835/2193 2529/2869/2225 2530/2868/2226
f 2497/2835/2193 2496/2836/2192 2528/2870/2224 2529/2869/2225
f 2496/2836/2192 2495/2837/2191 2527/2871/2223 2528/2870/2224
f 2495/2837/2191 2494/2838/2190 2526/2872/2222 2527/2871/2223
f 2494/2838/2190 2493/2839/2189 2525/2873/2221 2526/2872/2222
f 2493/2839/2189 2492/2840/2188 2524/2874/2220 2525/2873/2221
f 2492/2840/2188 2491/2841/2187 2523/2875/2219 2524/2874/2220
f 2491/2841/2187 2490/2842/2186 2522/2876/2218 2523/2875/2219
f 2490/2842/2186 2489/2843/2185 2521/2877/2217 2522/2876/2218
f 2489/2843/2185 2488/2844/2184 2520/2878/2216 2521/2877/2217
f 2488/2844/2184 2487/2845/2183 2519/2879/2215 2520/2878/2216
f 2487/2845/2183 2486/2846/2182 2518/2880/2214 2519/2879/2215
f 2486/2846/2182 2485/2847/2181 2517/2881/2213 2518/2880/2214
f 2485/2847/2181 2484/2848/2180 2516/2882/2212 2517/2881/2213
f 2484/2848/2180 2483/2849/2179 2515/2883/2211 2516/2882/2212
f 2483/2849/2179 2482/2850/2178 2514/2884/2210 2515/2883/2211
f 2482/2850/2178 2481/2851/2177 2513/2885/2209 2514/2884/2210
f 1929/2852/1679 1930/2886/1680 2513/2885/2209 2481/2851/2177
f 1953/2854/1703 2544/2853/2240 2576/2887/2271 1954/2888/1704
f 2544/2853/2240 2543/2855/2239 2575/2889/2270 2576/2887/2271
f 2543/2855/2239 2542/2856/2238 2574/2890/2269 2575/2889/2270
f 2542/2856/2238 2541/2857/2237 2573/2891/2268 2574/2890/2269
f 2541/2857/2237 2540/2858/2236 2572/2892/2267 2573/2891/2268
f 2540/2858/2236 2539/2859/2235 2571/2893/2266 2572/2892/2267
f 2539/2859/2235 2538/2860/2234 2570/2894/2265 2571/2893/2266
f 2538/2860/2234 2537/2861/2233 2569/2895/2264 2570/2894/2265
f 2537/2861/2233 2536/2862/2232 2568/2896/2263 2569/2895/2264
f 2536/2862/2232 2535/2863/2231 2567/2897/2262 2568/2896/2263
f 2535/2863/2231 2534/2864/2230 2566/2898/2261 2567/2897/2262
f 2534/2864/2230 2533/2865/2229 2565/2899/2260 2566/2898/2261
f 2533/2865/2229 2532/2866/2228 2564/2900/2259 2565/2899/2260
f 2532/2866/2228 2531/2867/2227 2563/2901/2258 2564/2900/2259
f 2531/2867/2227 2530/2868/2226 2562/2902/2257 2563/2901/2258
f 2530/2868/2226 2529/2869/2225 2561/2903/2256 2562/2902/2257
f 2529/2869/2225 2528/2870/2224 2560/2904/2255 2561/2903/2256
f 2528/2870/2224 2527/2871/2223 2559/2905/1029 2560/2904/2255
f 2527/2871/2223 2526/2872/2222 2558/2906/2254 2559/2905/1029
f 2526/2872/2222 2525/2873/2221 2557/2907/2253 2558/2906/2254
f 2525/2873/2221 2524/2874/2220 2556/2908/2252 2557/2907/2253
f 2524/2874/2220 2523/2875/2219 2555/2909/2251 2556/2908/2252
f 2523/2875/2219 2522/2876/2218 2554/2910/2250 2555/2909/2251
f 2522/2876/2218 2521/2877/2217 2553/2911/2249 2554/2910/2250
f 2521/2877/2217 2520/2878/2216 2552/2912/2248 2553/2911/2249
f 2520/2878/2216 2519/2879/2215 2551/2913/2247 2552/2912/2248
f 2519/2879/2215 2518/2880/2214 2550/2914/2246 2551/2913/2247
f 2518/2880/2214 2517/2881/2213 2549/2915/2245 2550/2914/2246
f 2517/2881/2213 2516/2882/2212 2548/2916/2244 2549/2915/2245
f 2516/2882/2212 2515/2883/2211 2547/2917/2243 2548/2916/2244
f 2515/2883/2211 2514/2884/2210 2546/2918/2242 2547/2917/2243
f 2514/2884/2210 2513/2885/2209 2545/2919/2241 2546/2918/2242
f 1930/2886/1680 1931/2920/1681 2545/2919/2241 2513/2885/2209
f 1954/2888/1704 2576/2887/2271 2608/2921/2303 1955/2922/1705
f 2576/2887/2271 2575/2889/2270 2607/2923/2302 2608/2921/2303
f 2575/2889/2270 2574/2890/2269 2606/2924/2301 2607/2923/2302
f 2574/2890/2269 2573/2891/2268 2605/2925/2300 2606/2924/2301
f 2573/2891/2268 2572/2892/2267 2604/2926/2299 2605/2925/2300
f 2572/2892/2267 2571/2893/2266 2603/2927/2298 2604/2926/2299
f 2571/2893/2266 2570/2894/2265 2602/2928/2297 2603/2927/2298
f 2570/2894/2265 2569/2895/2264 2601/2929/2296 2602/2928/2297
f 2569/2895/2264 2568/2896/2263 2600/2930/2295 2601/2929/2296
f 2568/2896/2263 2567/2897/2262 2599/2931/2294 2600/2930/2295
f 2567/2897/2262 2566/2898/2261 2598/2932/2293 2599/2931/2294
f 2566/2898/2261 2565/2899/2260 2597/2933/2292 2598/2932/2293
f 2565/2899/2260 2564/2900/2259 2596/2934/2291 2597/2933/2292
f 2564/2900/2259 2563/2901/2258 2595/2935/2290 2596/2934/2291
f 2563/2901/2258 2562/2902/2257 2594/2936/2289 2595/2935/2290
f 2562/2902/2257 2561/2903/2256 2593/2937/2288 2594/2936/2289
f 2561/2903/2256 2560/2904/2255 2592/2938/2287 2593/2937/2288
f 2560/2904/2255 2559/2905/1029 2591/2939/2286 2592/2938/2287
f 2559/2905/1029 2558/2906/2254 2590/2940/2285 2591/2939/2286
f 2558/2906/2254 2557/2907/2253 2589/2941/2284 2590/2940/2285
f 2557/2907/2253 2556/2908/2252 2588/2942/2283 2589/2941/2284
f 2556/2908/2252 2555/2909/2251 2587/2943/2282 2588/2942/2283
f 2555/2909/2251 2554/2910/2250 2586/2944/2281 2587/2943/2282
f 2554/2910/2250 2553/2911/2249 2585/2945/2280 2586/2944/2281
f 2553/2911/2249 2552/2912/2248 2584/2946/2279 2585/2945/2280
f 2552/2912/2248 2551/2913/2247 2583/2947/2278 2584/2946/2279
f 2551/2913/2247 2550/2914/2246 2582/2948/2277 2583/2947/2278
f 2550/2914/2246 2549/2915/2245 2581/2949/2276 2582/2948/2277
f 2549/2915/2245 2548/2916/2244 2580/2950/2275 2581/2949/2276
f 2548/2916/2244 2547/2917/2243 2579/2951/2274 2580/2950/2275
f 2547/2917/2243 2546/2918/2242 2578/2952/2273 2579/2951/2274
f 2546/2918/2242 2545/2919/2241 2577/2953/2272 2578/2952/2273
f 1931/2920/1681 1932/2954/1682 2577/2953/2272 2545/2919/2241
f 1955/2922/1705 2608/2921/2303 2640/2955/2335 1956/2956/1706
f 2608/2921/2303 2607/2923/2302 2639/2957/2334 2640/2955/2335
f 2607/2923/2302 2606/2924/2301 2638/2958/2333 2639/2957/2334
f 2606/2924/2301 2605/2925/2300 2637/2959/2332 2638/2958/2333
f 2605/2925/2300 2604/2926/2299 2636/2960/2331 2637/2959/2332
f 2604/2926/2299 2603/2927/2298 2635/2961/2330 2636/2960/2331
f 2603/2927/2298 2602/2928/2297 2634/2962/2329 2635/2961/2330
f 2602/2928/2297 2601/2929/2296 2633/2963/2328 2634/2962/2329
f 2601/2929/2296 2600/2930/2295 2632/2964/2327 2633/2963/2328
f 2600/2930/2295 2599/2931/2294 2631/2965/2326 2632/2964/2327
f 2599/2931/2294 2598/2932/2293 2630/2966/2325 2631/2965/2326
f 2598/2932/2293 2597/2933/2292 2629/2967/2324 2630/2966/2325
f 2597/2933/2292 2596/2934/2291 2628/2968/2323 2629/2967/2324
f 2596/2934/2291 2595/2935/2290 2627/2969/2322 2628/2968/2323
f 2595/2935/2290 2594/2936/2289 2626/2970/2321 2627/2969/2322
f 2594/2936/2289 2593/2937/2288 2625/2971/2320 2626/2970/2321
f 2593/2937/2288 2592/2938/2287 2624/2972/2319 2625/2971/2320
f 2592/2938/2287 2591/2939/2286 2623/2973/2318 2624/2972/2319
f 2591/2939/2286 2590/2940/2285 2622/2974/2317 2623/2973/2318
f 2590/2940/2285 2589/2941/2284 2621/2975/2316 2622/2974/2317
f 2589/2941/2284 2588/2942/2283 2620/2976/2315 2621/2975/2316
f 2588/2942/2283 2587/2943/2282 2619/2977/2314 2620/2976/2315
f 2587/2943/2282 2586/2944/2281 2618/2978/2313 2619/2977/2314
f 2586/2944/2281 2585/2945/2280 2617/2979/2312 2618/2978/2313
f 2585/2945/2280 2584/2946/2279 2616/2980/2311 2617/2979/2312
f 2584/2946/2279 2583/2947/2278 2615/2981/2310 2616/2980/2311
f 2583/2947/2278 2582/2948/2277 2614/2982/2309 2615/2981/2310
f 2582/2948/2277 2581/2949/2276 2613/2983/2308 2614/2982/2309
f 2581/2949/2276 2580/2950/2275 2612/2984/2307 2613/2983/2308
f 2580/2950/2275 2579/2951/2274 2611/2985/2306 2612/2984/2307
f 2579/2951/2274 2578/2952/2273 2610/2986/2305 2611/2985/2306
f 2578/2952/2273 2577/2953/2272 2609/2987/2304 2610/2986/2305
f 1932/2954/1682 1933/2988/1683 2609/2987/2304 2577/2953/2272
f 1956/2956/1706 2640/2955/2335 2672/2989/2366 1957/2990/1707
f 2640/2955/2335 2639/2957/2334 2671/2991/2365 2672/2989/2366
f 2639/2957/2334 2638/2958/2333 2670/2992/2364 2671/2991/2365
f 2638/2958/2333 2637/2959/2332 2669/2993/2363 2670/2992/2364
f 2637/2959/2332 2636/2960/2331 2668/2994/2362 2669/2993/2363
f 2636/2960/2331 2635/2961/2330 2667/2995/2361 2668/2994/2362
f 2635/2961/2330 2634/2962/2329 2666/2996/2360 2667/2995/2361
f 2634/2962/2329 2633/2963/2328 2665/2997/2359 2666/2996/2360
f 2633/2963/2328 2632/2964/2327 2664/2998/2358 2665/2997/2359
f 2632/2964/2327 2631/2965/2326 2663/2999/2357 2664/2998/2358
f 2631/2965/2326 2630/2966/2325 2662/3000/2356 2663/2999/2357
f 2630/2966/2325 2629/2967/2324 2661/3001/2355 2662/3000/2356
f 2629/2967/2324 2628/2968/2323 2660/3002/2354 2661/3001/2355
f 2628/2968/2323 2627/2969/2322 2659/3003/2353 2660/3002/2354
f 2627/2969/2322 2626/2970/2321 2658/3004/2352 2659/3003/2353
f 2626/2970/2321 2625/2971/2320 2657/3005/2351 2658/3004/2352
f 2625/2971/2320 2624/2972/2319 2656/3006/2350 2657/3005/2351
f 2624/2972/2319 2623/2973/2318 2655/3007/1033 2656/3006/2350
f 2623/2973/2318 2622/2974/2317 2654/3008/2349 2655/3007/1033
f 2622/2974/2317 2621/2975/2316 2653/3009/2348 2654/3008/2349
f 2621/2975/2316 2620/2976/2315 2652/3010/2347 2653/3009/2348
f 2620/2976/2315 2619/2977/2314 2651/3011/2346 2652/3010/2347
f 2619/2977/2314 2618/2978/2313 2650/3012/2345 2651/3011/2346
f 2618/2978/2313 2617/2979/2312 2649/3013/2344 2650/3012/2345
f 2617/2979/2312 2616/2980/2311 2648/3014/2343 2649/3013/2344
f 2616/2980/2311 2615/2981/2310 2647/3015/2342 2648/3014/2343
f 2615/2981/2310 2614/2982/2309 2646/3016/2341 2647/3015/2342
f 2614/2982/2309 2613/2983/2308 2645/3017/2340 2646/3016/2341
f 2613/2983/2308 2612/2984/2307 2644/3018/2339 2645/3017/2340
f 2612/2984/2307 2611/2985/2306 2643/3019/2338 2644/3018/2339
f 2611/2985/2306 2610/2986/2305 2642/3020/2337 2643/3019/2338
f 2610/2986/2305 2609/2987/2304 2641/3021/2336 2642/3020/2337
f 1933/2988/1683 1934/3022/1684 2641/3021/2336 2609/2987/2304
f 1957/2990/1707 2672/2989/2366 2704/3023/2398 1958/3024/1708
f 2672/2989/2366 2671/2991/2365 2703/3025/2397 2704/3023/2398
f 2671/2991/2365 2670/2992/2364 2702/3026/2396 2703/3025/2397
f 2670/2992/2364 2669/2993/2363 2701/3027/2395 2702/3026/2396
f 2669/2993/2363 2668/2994/2362 2700/3028/2394 2701/3027/2395
f 2668/2994/2362 2667/2995/2361 2699/3029/2393 2700/3028/2394
f 2667/2995/2361 2666/2996/2360 2698/3030/2392 2699/3029/2393
f 2666/2996/2360 2665/2997/2359 2697/3031/2391 2698/3030/2392
f 2665/2997/2359 2664/2998/2358 2696/3032/2390 2697/3031/2391
f 2664/2998/2358 2663/2999/2357 2695/3033/2389 2696/3032/2390
f 2663/2999/2357 2662/3000/2356 2694/3034/2388 2695/3033/2389
f 2662/3000/2356 2661/3001/2355 2693/3035/2387 2694/3034/2388
f 2661/3001/2355 2660/3002/2354 2692/3036/2386 2693/3035/2387
f 2660/3002/2354 2659/3003/2353 2691/3037/2385 2692/3036/2386
f 2659/3003/2353 2658/3004/2352 2690/3038/2384 2691/3037/2385
f 2658/3004/2352 2657/3005/2351 2689/3039/2383 2690/3038/2384
f 2657/3005/2351 2656/3006/2350 2688/3040/2382 2689/3039/2383
f 2656/3006/2350 2655/3007/1033 2687/3041/2381 2688/3040/2382
f 2655/3007/1033 2654/3008/2349 2686/3042/2380 2687/3041/2381
f 2654/3008/2349 2653/3009/2348 2685/3043/2379 2686/3042/2380
f 2653/3009/2348 2652/3010/2347 2684/3044/2378 2685/3043/2379
f 2652/3010/2347 2651/3011/2346 2683/3045/2377 2684/3044/2378
f 2651/3011/2346 2650/3012/2345 2682/3046/2376 2683/3045/2377
f 2650/3012/2345 2649/3013/2344 2681/3047/2375 2682/3046/2376
f 2649/3013/2344 2648/3014/2343 2680/3048/2374 2681/3047/2375
f 2648/3014/2343 2647/3015/2342 2679/3049/2373 2680/3048/2374
f 2647/3015/2342 2646/3016/2341 2678/3050/2372 2679/3049/2373
f 2646/3016/2341 2645/3017/2340 2677/3051/2371 2678/3050/2372
f 2645/3017/2340 2644/3018/2339 2676/3052/2370 2677/3051/2371
f 2644/3018/2339 2643/3019/2338 2675/3053/2369 2676/3052/2370
f 2643/3019/2338 2642/3020/2337 2674/3054/2368 2675/3053/2369
f 2642/3020/2337 2641/3021/2336 2673/3055/2367 2674/3054/2368
f 1934/3022/1684 1935/3056/1685 2673/3055/2367 2641/3021/2336
f 1958/3024/1708 2704/3023/2398 2736/3057/2430 1959/3058/1709
f 2704/3023/2398 2703/3025/2397 2735/3059/2429 2736/3057/2430
f 2703/3025/2397 2702/3026/2396 2734/3060/2428 2735/3059/2429
f 2702/3026/2396 2701/3027/2395 2733/3061/2427 2734/3060/2428
f 2701/3027/2395 2700/3028/2394 2732/3062/2426 2733/3061/2427
f 2700/3028/2394 2699/3029/2393 2731/3063/2425 2732/3062/2426
f 2699/3029/2393 2698/3030/2392 2730/3064/2424 2731/3063/2425
f 2698/3030/2392 2697/3031/2391 2729/3065/2423 2730/3064/2424
f 2697/3031/2391 2696/3032/2390 2728/3066/2422 2729/3065/2423
f 2696/3032/2390 2695/3033/2389 2727/3067/2421 2728/3066/2422
f 2695/3033/2389 2694/3034/2388 2726/3068/2420 2727/3067/2421
f 2694/3034/2388 2693/3035/2387 2725/3069/2419 2726/3068/2420
f 2693/3035/2387 2692/3036/2386 2724/3070/2418 2725/3069/2419
f 2692/3036/2386 2691/3037/2385 2723/3071/2417 2724/3070/2418
f 2691/3037/2385 2690/3038/2384 2722/3072/2416 2723/3071/2417
f 2690/3038/2384 2689/3039/2383 2721/3073/2415 2722/3072/2416
f 2689/3039/2383 2688/3040/2382 2720/3074/2414 2721/3073/2415
f 2688/3040/2382 2687/3041/2381 2719/3075/2413 2720/3074/2414
f 2687/3041/2381 2686/3042/2380 2718/3076/2412 2719/3075/2413
f 2686/3042/2380 2685/3043/2379 2717/3077/2411 2718/3076/2412
f 2685/3043/2379 2684/3044/2378 2716/3078/2410 2717/3077/2411
f 2684/3044/2378 2683/3045/2377 2715/3079/2409 2716/3078/2410
f 2683/3045/2377 2682/3046/2376 2714/3080/2408 2715/3079/2409
f 2682/3046/2376 2681/3047/2375 2713/3081/2407 2714/3080/2408
f 2681/3047/2375 2680/3048/2374 2712/3082/2406 2713/3081/2407
f 2680/3048/2374 2679/3049/2373 2711/3083/2405 2712/3082/2406
f 2679/3049/2373 2678/3050/2372 2710/3084/2404 2711/3083/2405
f 2678/3050/2372 2677/3051/2371 2709/3085/2403 2710/3084/2404
f 2677/3051/2371 2676/3052/2370 2708/3086/2402 2709/3085/2403
f 2676/3052/2370 2675/3053/2369 2707/3087/2401 2708/3086/2402
f 2675/3053/2369 2674/3054/2368 2706/3088/2400 2707/3087/2401
f 2674/3054/2368 2673/3055/2367 2705/3089/2399 2706/3088/2400
f 1935/3056/1685 1936/3090/1686 2705/3089/2399 2673/3055/2367
f 1959/3058/1709 2736/3057/2430 2768/3091/2461 1960/3092/1710
f 2736/3057/2430 2735/3059/2429 2767/3093/2460 2768/3091/2461
f 2735/3059/2429 2734/3060/2428 2766/3094/2459 2767/3093/2460
f 2734/3060/2428 2733/3061/2427 2765/3095/2458 2766/3094/2459
f 2733/3061/2427 2732/3062/2426 2764/3096/2457 2765/3095/2458
f 2732/3062/2426 2731/3063/2425 2763/3097/2456 2764/3096/2457
f 2731/3063/2425 2730/3064/2424 2762/3098/2455 2763/3097/2456
f 2730/3064/2424 2729/3065/2423 2761/3099/2454 2762/3098/2455
f 2729/3065/2423 2728/3066/2422 2760/3100/2453 2761/3099/2454
f 2728/3066/2422 2727/3067/2421 2759/3101/2452 2760/3100/2453
f 2727/3067/2421 2726/3068/2420 2758/3102/2451 2759/3101/2452
f 2726/3068/2420 2725/3069/2419 2757/3103/2450 2758/3102/2451
f 2725/3069/2419 2724/3070/2418 2756/3104/2449 2757/3103/2450
f 2724/3070/2418 2723/3071/2417 2755/3105/2448 2756/3104/2449
f 2723/3071/2417 2722/3072/2416 2754/3106/2447 2755/3105/2448
f 2722/3072/2416 2721/3073/2415 2753/3107/2446 2754/3106/2447
f 2721/3073/2415 2720/3074/2414 2752/3108/2445 2753/3107/2446
f 2720/3074/2414 2719/3075/2413 2751/3109/1023 2752/3108/2445
f 2719/3075/2413 2718/3076/2412 2750/3110/2444 2751/3109/1023
f 2718/3076/2412 2717/3077/2411 2749/3111/2443 2750/3110/2444
f 2717/3077/2411 2716/3078/2410 2748/3112/2442 2749/3111/2443
f 2716/3078/2410 2715/3079/2409 2747/3113/2441 2748/3112/2442
f 2715/3079/2409 2714/3080/2408 2746/3114/2440 2747/3113/2441
f 2714/3080/2408 2713/3081/2407 2745/3115/2439 2746/3114/2440
f 2713/3081/2407 2712/3082/2406 2744/3116/2438 2745/3115/2439
f 2712/3082/2406 2711/3083/2405 2743/3117/2437 2744/3116/2438
f 2711/3083/2405 2710/3084/2404 2742/3118/2436 2743/3117/2437
f 2710/3084/2404 2709/3085/2403 2741/3119/2435 2742/3118/2436
f 2709/3085/2403 2708/3086/2402 2740/3120/2434 2741/3119/2435
f 2708/3086/2402 2707/3087/2401 2739/3121/2433 2740/3120/2434
f 2707/3087/2401 2706/3088/2400 2738/3122/2432 2739/3121/2433
f 2706/3088/2400 2705/3089/2399 2737/3123/2431 2738/3122/2432
f 1936/3090/1686 1937/3124/1687 2737/3123/2431 2705/3089/2399
f 1960/3125/1710 2768/3126/2461 2800/3127/2493 1961/3128/1711
f 2768/3126/2461 2767/3129/2460 2799/3130/2492 2800/3127/2493
f 2767/3129/2460 2766/3131/2459 2798/3132/2491 2799/3130/2492
f 2766/3131/2459 2765/3133/2458 2797/3134/2490 2798/3132/2491
f 2765/3133/2458 2764/3135/2457 2796/3136/2489 2797/3134/2490
f 2764/3135/2457 2763/3137/2456 2795/3138/2488 2796/3136/2489
f 2763/3137/2456 2762/3139/2455 2794/3140/2487 2795/3138/2488
f 2762/3139/2455 2761/3141/2454 2793/3142/2486 2794/3140/2487
f 2761/3141/2454 2760/3143/2453 2792/3144/2485 2793/3142/2486
f 2760/3143/2453 2759/3145/2452 2791/3146/2484 2792/3144/2485
f 2759/3145/2452 2758/3147/2451 2790/3148/2483 2791/3146/2484
f 2758/3147/2451 2757/3149/2450 2789/3150/2482 2790/3148/2483
f 2757/3149/2450 2756/3151/2449 2788/3152/2481 2789/3150/2482
f 2756/3151/2449 2755/3153/2448 2787/3154/2480 2788/3152/2481
f 2755/3153/2448 2754/3155/2447 2786/3156/2479 2787/3154/2480
f 2754/3155/2447 2753/3157/2446 2785/3158/2478 2786/3156/2479
f 2753/3157/2446 2752/3159/2445 2784/3160/2477 2785/3158/2478
f 2752/3159/2445 2751/3161/1023 2783/3162/2476 2784/3160/2477
f 2751/3161/1023 2750/3163/2444 2782/3164/2475 2783/3162/2476
f 2750/3163/2444 2749/3165/2443 2781/3166/2474 2782/3164/2475
f 2749/3165/2443 2748/3167/2442 2780/3168/2473 2781/3166/2474
f 2748/3167/2442 2747/3169/2441 2779/3170/2472 2780/3168/2473
f 2747/3169/2441 2746/3171/2440 2778/3172/2471 2779/3170/2472
f 2746/3171/2440 2745/3173/2439 2777/3174/2470 2778/3172/2471
f 2745/3173/2439 2744/3175/2438 2776/3176/2469 2777/3174/2470
f 2744/3175/2438 2743/3177/2437 2775/3178/2468 2776/3176/2469
f 2743/3177/2437 2742/3179/2436 2774/3180/2467 2775/3178/2468
f 2742/3179/2436 2741/3181/2435 2773/3182/2466 2774/3180/2467
f 2741/3181/2435 2740/3183/2434 2772/3184/2465 2773/3182/2466
f 2740/3183/2434 2739/3185/2433 2771/3186/2464 2772/3184/2465
f 2739/3185/2433 2738/3187/2432 2770/3188/2463 2771/3186/2464
f 2738/3187/2432 2737/3189/2431 2769/3190/2462 2770/3188/2463
f 1937/3191/1687 1938/3192/1688 2769/3190/2462 2737/3189/2431
f 1961/3128/1711 2800/3127/2493 2832/3193/2525 1962/3194/1712
f 2800/3127/2493 2799/3130/2492 2831/3195/2524 2832/3193/2525
f 2799/3130/2492 2798/3132/2491 2830/3196/2523 2831/3195/2524
f 2798/3132/2491 2797/3134/2490 2829/3197/2522 2830/3196/2523
f 2797/3134/2490 2796/3136/2489 2828/3198/2521 2829/3197/2522
f 2796/3136/2489 2795/3138/2488 2827/3199/2520 2828/3198/2521
f 2795/3138/2488 2794/3140/2487 2826/3200/2519 2827/3199/2520
f 2794/3140/2487 2793/3142/2486 2825/3201/2518 2826/3200/2519
f 2793/3142/2486 2792/3144/2485 2824/3202/2517 2825/3201/2518
f 2792/3144/2485 2791/3146/2484 2823/3203/2516 2824/3202/2517
f 2791/3146/2484 2790/3148/2483 2822/3204/2515 2823/3203/2516
f 2790/3148/2483 2789/3150/2482 2821/3205/2514 2822/3204/2515
f 2789/3150/2482 2788/3152/2481 2820/3206/2513 2821/3205/2514
f 2788/3152/2481 2787/3154/2480 2819/3207/2512 2820/3206/2513
f 2787/3154/2480 2786/3156/2479 2818/3208/2511 2819/3207/2512
f 2786/3156/2479 2785/3158/2478 2817/3209/2510 2818/3208/2511
f 2785/3158/2478 2784/3160/2477 2816/3210/2509 2817/3209/2510
f 2784/3160/2477 2783/3162/2476 2815/3211/2508 2816/3210/2509
f 2783/3162/2476 2782/3164/2475 2814/3212/2507 2815/3211/2508
f 2782/3164/2475 2781/3166/2474 2813/3213/2506 2814/3212/2507
f 2781/3166/2474 2780/3168/2473 2812/3214/2505 2813/3213/2506
f 2780/3168/2473 2779/3170/2472 2811/3215/2504 2812/3214/2505
f 2779/3170/2472 2778/3172/2471 2810/3216/2503 2811/3215/2504
f 2778/3172/2471 2777/3174/2470 2809/3217/2502 2810/3216/2503
f 2777/3174/2470 2776/3176/2469 2808/3218/2501 2809/3217/2502
f 2776/3176/2469 2775/3178/2468 2807/3219/2500 2808/3218/2501
f 2775/3178/2468 2774/3180/2467 2806/3220/2499 2807/3219/2500
f 2774/3180/2467 2773/3182/2466 2805/3221/2498 2806/3220/2499
f 2773/3182/2466 2772/3184/2465 2804/3222/2497 2805/3221/2498
f 2772/3184/2465 2771/3186/2464 2803/3223/2496 2804/3222/2497
f 2771/3186/2464 2770/3188/2463 2802/3224/2495 2803/3223/2496
f 2770/3188/2463 2769/3190/2462 2801/3225/2494 2802/3224/2495
f 1938/3192/1688 1939/3226/1689 2801/3225/2494 2769/3190/2462
f 1962/3194/1712 2832/3193/2525 2864/3227/2556 1963/3228/1713
f 2832/3193/2525 2831/3195/2524 2863/3229/2555 2864/3227/2556
f 2831/3195/2524 2830/3196/2523 2862/3230/2554 2863/3229/2555
f 2830/3196/2523 2829/3197/2522 2861/3231/2553 2862/3230/2554
f 2829/3197/2522 2828/3198/2521 2860/3232/2552 2861/3231/2553
f 2828/3198/2521 2827/3199/2520 2859/3233/2551 2860/3232/2552
f 2827/3199/2520 2826/3200/2519 2858/3234/2550 2859/3233/2551
f 2826/3200/2519 2825/3201/2518 2857/3235/2549 2858/3234/2550
f 2825/3201/2518 2824/3202/2517 2856/3236/2548 2857/3235/2549
f 2824/3202/2517 2823/3203/2516 2855/3237/2547 2856/3236/2548
f 2823/3203/2516 2822/3204/2515 2854/3238/2546 2855/3237/2547
f 2822/3204/2515 2821/3205/2514 2853/3239/2545 2854/3238/2546
f 2821/3205/2514 2820/3206/2513 2852/3240/2544 2853/3239/2545
f 2820/3206/2513 2819/3207/2512 2851/3241/2543 2852/3240/2544
f 2819/3207/2512 2818/3208/2511 2850/3242/2542 2851/3241/2543
f 2818/3208/2511 2817/3209/2510 2849/3243/2541 2850/3242/2542
f 2817/3209/2510 2816/3210/2509 2848/3244/2540 2849/3243/2541
f 2816/3210/2509 2815/3211/2508 2847/3245/1065 2848/3244/2540
f 2815/3211/2508 2814/3212/2507 2846/3246/2539 2847/3245/1065
f 2814/3212/2507 2813/3213/2506 2845/3247/2538 2846/3246/2539
f 2813/3213/2506 2812/3214/2505 2844/3248/2537 2845/3247/2538
f 2812/3214/2505 2811/3215/2504 2843/3249/2536 2844/3248/2537
f 2811/3215/2504 2810/3216/2503 2842/3250/2535 2843/3249/2536
f 2810/3216/2503 2809/3217/2502 2841/3251/2534 2842/3250/2535
f 2809/3217/2502 2808/3218/2501 2840/3252/2533 2841/3251/2534
f 2808/3218/2501 2807/3219/2500 2839/3253/2532 2840/3252/2533
f 2807/3219/2500 2806/3220/2499 2838/3254/2531 2839/3253/2532
f 2806/3220/2499 2805/3221/2498 2837/3255/2530 2838/3254/2531
f 2805/3221/2498 2804/3222/2497 2836/3256/2529 2837/3255/2530
f 2804/3222/2497 2803/3223/2496 2835/3257/2528 2836/3256/2529
f 2803/3223/2496 2802/3224/2495 2834/3258/2527 2835/3257/2528
f 2802/3224/2495 2801/3225/2494 2833/3259/2526 2834/3258/2527
f 1939/3226/1689 1940/3260/1690 2833/3259/2526 2801/3225/2494
f 1963/3228/1713 2864/3227/2556 2896/3261/2588 1964/3262/1714
f 2864/3227/2556 2863/3229/2555 2895/3263/2587 2896/3261/2588
f 2863/3229/2555 2862/3230/2554 2894/3264/2586 2895/3263/2587
f 2862/3230/2554 2861/3231/2553 2893/3265/2585 2894/3264/2586
f 2861/3231/2553 2860/3232/2552 2892/3266/2584 2893/3265/2585
f 2860/3232/2552 2859/3233/2551 2891/3267/2583 2892/3266/2584
f 2859/3233/2551 2858/3234/2550 2890/3268/2582 2891/3267/2583
f 2858/3234/2550 2857/3235/2549 2889/3269/2581 2890/3268/2582
f 2857/3235/2549 2856/3236/2548 2888/3270/2580 2889/3269/2581
f 2856/3236/2548 2855/3237/2547 2887/3271/2579 2888/3270/2580
f 2855/3237/2547 2854/3238/2546 2886/3272/2578 2887/3271/2579
f 2854/3238/2546 2853/3239/2545 2885/3273/2577 2886/3272/2578
f 2853/3239/2545 2852/3240/2544 2884/3274/2576 2885/3273/2577
f 2852/3240/2544 2851/3241/2543 2883/3275/2575 2884/3274/2576
f 2851/3241/2543 2850/3242/2542 2882/3276/2574 2883/3275/2575
f 2850/3242/2542 2849/3243/2541 2881/3277/2573 2882/3276/2574
f 2849/3243/2541 2848/3244/2540 2880/3278/2572 2881/3277/2573
f 2848/3244/2540 2847/3245/1065 2879/3279/2571 2880/3278/2572
f 2847/3245/1065 2846/3246/2539 2878/3280/2570 2879/3279/2571
f 2846/3246/2539 2845/3247/2538 2877/3281/2569 2878/3280/2570
f 2845/3247/2538 2844/3248/2537 2876/3282/2568 2877/3281/2569
f 2844/3248/2537 2843/3249/2536 2875/3283/2567 2876/3282/2568
f 2843/3249/2536 2842/3250/2535 2874/3284/2566 2875/3283/2567
f 2842/3250/2535 2841/3251/2534 2873/3285/2565 2874/3284/2566
f 2841/3251/2534 2840/3252/2533 2872/3286/2564 2873/3285/2565
f 2840/3252/2533 2839/3253/2532 2871/3287/2563 2872/3286/2564
f 2839/3253/2532 2838/3254/2531 2870/3288/2562 2871/3287/2563
f 2838/3254/2531 2837/3255/2530 2869/3289/2561 2870/3288/2562
f 2837/3255/2530 2836/3256/2529 2868/3290/2560 2869/3289/2561
f 2836/3256/2529 2835/3257/2528 2867/3291/2559 2868/3290/2560
f 2835/3257/2528 2834/3258/2527 2866/3292/2558 2867/3291/2559
f 2834/3258/2527 2833/3259/2526 2865/3293/2557 2866/3292/2558
f 1940/3260/1690 1941/3294/1691 2865/3293/2557 2833/3259/2526
f 1964/3262/1714 2896/3261/2588 2928/3295/2620 1965/3296/1715
f 2896/3261/2588 2895/3263/2587 2927/3297/2619 2928/3295/2620
f 2895/3263/2587 2894/3264/2586 2926/3298/2618 2927/3297/2619
f 2894/3264/2586 2893/3265/2585 2925/3299/2617 2926/3298/2618
f 2893/3265/2585 2892/3266/2584 2924/3300/2616 2925/3299/2617
f 2892/3266/2584 2891/3267/2583 2923/3301/2615 2924/3300/2616
f 2891/3267/2583 2890/3268/2582 2922/3302/2614 2923/3301/2615
f 2890/3268/2582 2889/3269/2581 2921/3303/2613 2922/3302/2614
f 2889/3269/2581 2888/3270/2580 2920/3304/2612 2921/3303/2613
f 2888/3270/2580 2887/3271/2579 2919/3305/2611 2920/3304/2612
f 2887/3271/2579 2886/3272/2578 2918/3306/2610 2919/3305/2611
f 2886/3272/2578 2885/3273/2577 2917/3307/2609 2918/3306/2610
f 2885/3273/2577 2884/3274/2576 2916/3308/2608 2917/3307/2609
f 2884/3274/2576 2883/3275/2575 2915/3309/2607 2916/3308/2608
f 2883/3275/2575 2882/3276/2574 2914/3310/2606 2915/3309/2607
f 2882/3276/2574 2881/3277/2573 2913/3311/2605 2914/3310/2606
f 2881/3277/2573 2880/3278/2572 2912/3312/2604 2913/3311/2605
f 2880/3278/2572 2879/3279/2571 2911/3313/2603 2912/3312/2604
f 2879/3279/2571 2878/3280/2570 2910/3314/2602 2911/3313/2603
f 2878/3280/2570 2877/3281/2569 2909/3315/2601 2910/3314/2602
f 2877/3281/2569 2876/3282/2568 2908/3316/2600 2909/3315/2601
f 2876/3282/2568 2875/3283/2567 2907/3317/2599 2908/3316/2600
f 2875/3283/2567 2874/3284/2566 2906/3318/2598 2907/3317/2599
f 2874/3284/2566 2873/3285/2565 2905/3319/2597 2906/3318/2598
f 2873/3285/2565 2872/3286/2564 2904/3320/2596 2905/3319/2597
f 2872/3286/2564 2871/3287/2563 2903/3321/2595 2904/3320/2596
f 2871/3287/2563 2870/3288/2562 2902/3322/2594 2903/3321/2595
f 2870/3288/2562 2869/3289/2561 2901/3323/2593 2902/3322/2594
f 2869/3289/2561 2868/3290/2560 2900/3324/2592 2901/3323/2593
f 2868/3290/2560 2867/3291/2559 2899/3325/2591 2900/3324/2592
f 2867/3291/2559 2866/3292/2558 2898/3326/2590 2899/3325/2591
f 2866/3292/2558 2865/3293/2557 2897/3327/2589 2898/3326/2590
f 1941/3294/1691 1942/3328/1692 2897/3327/2589 2865/3293/2557
f 1965/3296/1715 2928/3295/2620 2161/2480/1861 1966/2479/1716
f 2928/3295/2620 2927/3297/2619 2162/2483/1862 2161/2480/1861
f 2927/3297/2619 2926/3298/2618 2163/2485/1863 2162/2483/1862
f 2926/3298/2618 2925/3299/2617 2164/2487/1864 2163/2485/1863
f 2925/3299/2617 2924/3300/2616 2165/2489/1865 2164/2487/1864
f 2924/3300/2616 2923/3301/2615 2166/2491/1866 2165/2489/1865
f 2923/3301/2615 2922/3302/2614 2167/2493/1867 2166/2491/1866
f 2922/3302/2614 2921/3303/2613 2168/2495/1868 2167/2493/1867
f 2921/3303/2613 2920/3304/2612 2169/2497/1869 2168/2495/1868
f 2920/3304/2612 2919/3305/2611 2170/2499/1870 2169/2497/1869
f 2919/3305/2611 2918/3306/2610 2171/2501/1871 2170/2499/1870
f 2918/3306/2610 2917/3307/2609 2172/2503/1872 2171/2501/1871
f 2917/3307/2609 2916/3308/2608 2173/2505/1873 2172/2503/1872
f 2916/3308/2608 2915/3309/2607 2174/2507/1874 2173/2505/1873
f 2915/3309/2607 2914/3310/2606 2175/2509/1875 2174/2507/1874
f 2914/3310/2606 2913/3311/2605 2176/2511/1876 2175/2509/1875
f 2913/3311/2605 2912/3312/2604 2177/2513/1877 2176/2511/1876
f 2912/3312/2604 2911/3313/2603 2178/2515/1021 2177/2513/1877
f 2911/3313/2603 2910/3314/2602 2179/2517/1878 2178/2515/1021
f 2910/3314/2602 2909/3315/2601 2180/2519/1879 2179/2517/1878
f 2909/3315/2601 2908/3316/2600 2181/2521/1880 2180/2519/1879
f 2908/3316/2600 2907/3317/2599 2182/2523/1881 2181/2521/1880
f 2907/3317/2599 2906/3318/2598 2183/2525/1882 2182/2523/1881
f 2906/3318/2598 2905/3319/2597 2184/2527/1883 2183/2525/1882
f 2905/3319/2597 2904/3320/2596 2185/2529/1884 2184/2527/1883
f 2904/3320/2596 2903/3321/2595 2186/2531/1885 2185/2529/1884
f 2903/3321/2595 2902/3322/2594 2187/2533/1886 2186/2531/1885
f 2902/3322/2594 2901/3323/2593 2188/2535/1887 2187/2533/1886
f 2901/3323/2593 2900/3324/2592 2189/2537/1888 2188/2535/1887
f 2900/3324/2592 2899/3325/2591 2190/2539/1889 2189/2537/1888
f 2899/3325/2591 2898/3326/2590 2191/2541/1890 2190/2539/1889
f 2898/3326/2590 2897/3327/2589 2192/2543/1891 2191/2541/1890
f 1942/3328/1692 1919/2545/1669 2192/2543/1891 2897/3327/2589
