# Blender 5.0.1
# www.blender.org
mtllib Frasco ddl.mtl
o Frasco
v 0.498312 -3.880148 -0.000000
v 2.008626 -3.915076 -0.000000
v 2.051222 -3.932548 -0.000000
v 2.077454 -3.953335 -0.000000
v 2.096296 -3.977500 -0.000000
v 2.471910 -3.976703 -0.000000
v 2.606405 -3.949223 -0.000000
v 2.716441 -3.913424 -0.000000
v 2.805223 -3.869703 -0.000000
v 2.875954 -3.818460 -0.000001
v 2.931839 -3.760092 -0.000001
v 2.976084 -3.694998 -0.000001
v 3.011893 -3.623577 -0.000001
v 3.042470 -3.546227 -0.000001
v 3.071019 -3.463347 -0.000001
v 3.082090 -3.375336 -0.000001
v 3.084697 3.107366 -0.000001
v 2.981619 3.277604 -0.000001
v 2.810098 3.383929 -0.000000
v 2.601565 3.459258 -0.000000
v 2.387456 3.536505 -0.000000
v 2.199204 3.648586 -0.000000
v 2.124598 3.727977 -0.000000
v 2.115960 3.754079 -0.000000
v 2.109610 3.782973 -0.000000
v 2.103507 4.090539 -0.000000
v -0.497983 -3.880148 -0.000000
v -3.081760 -3.375336 -0.000000
v -3.084368 3.107366 -0.000000
v -2.981290 3.277604 -0.000000
v -2.809769 3.383929 -0.000000
v -2.601236 3.459258 -0.000000
v -2.387127 3.536505 -0.000000
v -2.198875 3.648586 -0.000000
v -2.124269 3.727977 -0.000000
v -2.115630 3.754079 -0.000000
v -2.109281 3.782973 -0.000000
v -2.103178 4.090539 -0.000000
v 0.488740 -3.880148 -0.097184
v 1.970034 -3.915076 -0.391832
v 2.011811 -3.932548 -0.400142
v 2.037539 -3.953335 -0.405259
v 2.056020 -3.977500 -0.408935
v 2.076056 -4.005108 -0.412921
v 2.424417 -3.976703 -0.482214
v 2.556327 -3.949223 -0.508453
v 2.664248 -3.913424 -0.529920
v 2.751324 -3.869703 -0.547240
v 2.820696 -3.818460 -0.561039
v 2.875508 -3.760092 -0.571942
v 2.918903 -3.694998 -0.580573
v 2.954023 -3.623577 -0.587559
v 2.984013 -3.546227 -0.593525
v 3.012013 -3.463347 -0.599094
v 3.022871 -3.375336 -0.601254
v 3.025429 3.107366 -0.601762
v 2.924332 3.277604 -0.581652
v 2.756105 3.383929 -0.548190
v 2.551580 3.459258 -0.507507
v 2.341585 3.536505 -0.465737
v 2.156951 3.648586 -0.429011
v 2.083778 3.727977 -0.414456
v 2.075305 3.754079 -0.412771
v 2.069077 3.782973 -0.411532
v 2.063092 4.090539 -0.410341
v -0.488411 -3.880148 0.097183
v -1.969705 -3.915076 0.391831
v -2.011482 -3.932548 0.400141
v -2.037210 -3.953335 0.405259
v -2.055691 -3.977500 0.408935
v -2.075727 -4.005108 0.412920
v -2.424088 -3.976703 0.482213
v -2.555998 -3.949223 0.508452
v -2.663919 -3.913424 0.529919
v -2.750995 -3.869703 0.547239
v -2.820367 -3.818460 0.561038
v -2.875179 -3.760092 0.571941
v -2.918574 -3.694998 0.580573
v -2.953694 -3.623577 0.587559
v -2.983684 -3.546227 0.593524
v -3.011684 -3.463347 0.599094
v -3.022542 -3.375336 0.601254
v -3.025099 3.107366 0.601763
v -2.924003 3.277604 0.581654
v -2.755776 3.383929 0.548191
v -2.551250 3.459258 0.507509
v -2.341256 3.536505 0.465738
v -2.156621 3.648586 0.429012
v -2.083448 3.727977 0.414457
v -2.074976 3.754079 0.412772
v -2.068748 3.782973 0.411533
v -2.062762 4.090539 0.410342
v 0.460392 -3.880148 -0.190633
v 1.855741 -3.915076 -0.768605
v 1.895094 -3.932548 -0.784906
v 1.919329 -3.953335 -0.794945
v 1.936738 -3.977500 -0.802155
v 1.955612 -4.005108 -0.809973
v 2.283760 -3.976703 -0.945897
v 2.408017 -3.949223 -0.997366
v 2.509677 -3.913424 -1.039474
v 2.591700 -3.869703 -1.073450
v 2.657047 -3.818460 -1.100517
v 2.708679 -3.760092 -1.121904
v 2.749556 -3.694998 -1.138836
v 2.782639 -3.623577 -1.152539
v 2.810888 -3.546227 -1.164240
v 2.837264 -3.463347 -1.175166
v 2.847492 -3.375336 -1.179402
v 2.849901 3.107366 -1.180399
v 2.754670 3.277604 -1.140953
v 2.596205 3.383929 -1.075314
v 2.403545 3.459258 -0.995512
v 2.205735 3.536505 -0.913576
v 2.031813 3.648586 -0.841536
v 1.962885 3.727977 -0.812985
v 1.954905 3.754079 -0.809679
v 1.949038 3.782973 -0.807249
v 1.943400 4.090539 -0.804914
v -0.460063 -3.880148 0.190632
v -1.855412 -3.915076 0.768605
v -1.894766 -3.932548 0.784905
v -1.919001 -3.953335 0.794944
v -1.936409 -3.977500 0.802155
v -1.955283 -4.005108 0.809973
v -2.283431 -3.976703 0.945896
v -2.407688 -3.949223 0.997365
v -2.509348 -3.913424 1.039474
v -2.591371 -3.869703 1.073449
v -2.656718 -3.818460 1.100517
v -2.708350 -3.760092 1.121903
v -2.749227 -3.694998 1.138835
v -2.782310 -3.623577 1.152538
v -2.810559 -3.546227 1.164240
v -2.836935 -3.463347 1.175165
v -2.847163 -3.375336 1.179402
v -2.849571 3.107366 1.180400
v -2.754340 3.277604 1.140954
v -2.595875 3.383929 1.075315
v -2.403215 3.459258 0.995514
v -2.205405 3.536505 0.913578
v -2.031483 3.648586 0.841537
v -1.962556 3.727977 0.812986
v -1.954575 3.754079 0.809680
v -1.948709 3.782973 0.807250
v -1.943070 4.090539 0.804915
v 0.414359 -3.880148 -0.276756
v 1.670139 -3.915076 -1.115842
v 1.705556 -3.932548 -1.139507
v 1.727367 -3.953335 -1.154080
v 1.743034 -3.977500 -1.164549
v 1.760021 -4.005108 -1.175899
v 2.055346 -3.976703 -1.373229
v 2.167174 -3.949223 -1.447950
v 2.258666 -3.913424 -1.509083
v 2.332485 -3.869703 -1.558407
v 2.391295 -3.818460 -1.597703
v 2.437763 -3.760092 -1.628752
v 2.474551 -3.694998 -1.653333
v 2.504325 -3.623577 -1.673227
v 2.529749 -3.546227 -1.690215
v 2.553487 -3.463347 -1.706076
v 2.562692 -3.375336 -1.712226
v 2.564860 3.107366 -1.713674
v 2.479154 3.277604 -1.656407
v 2.336539 3.383929 -1.561115
v 2.163151 3.459258 -1.445260
v 1.985126 3.536505 -1.326308
v 1.828600 3.648586 -1.221721
v 1.766567 3.727977 -1.180272
v 1.759384 3.754079 -1.175472
v 1.754105 3.782973 -1.171945
v 1.749031 4.090539 -1.168554
v -0.414030 -3.880148 0.276755
v -1.669810 -3.915076 1.115841
v -1.705228 -3.932548 1.139506
v -1.727038 -3.953335 1.154080
v -1.742705 -3.977500 1.164548
v -1.759691 -4.005108 1.175898
v -2.055017 -3.976703 1.373228
v -2.166845 -3.949223 1.447949
v -2.258337 -3.913424 1.509082
v -2.332156 -3.869703 1.558406
v -2.390966 -3.818460 1.597703
v -2.437434 -3.760092 1.628751
v -2.474222 -3.694998 1.653332
v -2.503996 -3.623577 1.673226
v -2.529420 -3.546227 1.690214
v -2.553158 -3.463347 1.706075
v -2.562363 -3.375336 1.712226
v -2.564530 3.107366 1.713675
v -2.478824 3.277604 1.656408
v -2.336209 3.383929 1.561116
v -2.162821 3.459258 1.445261
v -1.984796 3.536505 1.326309
v -1.828270 3.648586 1.221722
v -1.766236 3.727977 1.180273
v -1.759054 3.754079 1.175473
v -1.753775 3.782973 1.171946
v -1.748700 4.090539 1.168555
v 0.352408 -3.880148 -0.352244
v 1.420362 -3.915076 -1.420197
v 1.450481 -3.932548 -1.450317
v 1.469029 -3.953335 -1.468866
v 1.482354 -3.977500 -1.482190
v 1.496799 -4.005108 -1.496635
v 1.747953 -3.976703 -1.747789
v 1.843055 -3.949223 -1.842891
v 1.920862 -3.913424 -1.920698
v 1.983640 -3.869703 -1.983476
v 2.033654 -3.818460 -2.033490
v 2.073172 -3.760092 -2.073008
v 2.104458 -3.694998 -2.104294
v 2.129778 -3.623577 -2.129614
v 2.151399 -3.546227 -2.151235
v 2.171587 -3.463347 -2.171422
v 2.179415 -3.375336 -2.179251
v 2.181259 3.107366 -2.181093
v 2.108372 3.277604 -2.108207
v 1.987088 3.383929 -1.986922
v 1.839633 3.459258 -1.839468
v 1.688235 3.536505 -1.688070
v 1.555121 3.648586 -1.554956
v 1.502367 3.727977 -1.502201
v 1.496258 3.754079 -1.496093
v 1.491768 3.782973 -1.491603
v 1.487453 4.090539 -1.487287
v -0.352078 -3.880148 0.352243
v -1.420033 -3.915076 1.420197
v -1.450152 -3.932548 1.450316
v -1.468700 -3.953335 1.468865
v -1.482024 -3.977500 1.482189
v -1.496470 -4.005108 1.496634
v -1.747623 -3.976703 1.747788
v -1.842726 -3.949223 1.842890
v -1.920533 -3.913424 1.920697
v -1.983311 -3.869703 1.983475
v -2.033325 -3.818460 2.033489
v -2.072843 -3.760092 2.073007
v -2.104129 -3.694998 2.104293
v -2.129449 -3.623577 2.129613
v -2.151071 -3.546227 2.151234
v -2.171258 -3.463347 2.171422
v -2.179086 -3.375336 2.179250
v -2.180928 3.107366 2.181094
v -2.108042 3.277604 2.108207
v -1.986757 3.383929 1.986923
v -1.839303 3.459258 1.839468
v -1.687905 3.536505 1.688070
v -1.554790 3.648586 1.554956
v -1.502036 3.727977 1.502202
v -1.495928 3.754079 1.496093
v -1.491438 3.782973 1.491603
v -1.487123 4.090539 1.487288
v 0.276920 -3.880148 -0.414195
v 1.116006 -3.915076 -1.669975
v 1.139671 -3.932548 -1.705392
v 1.154244 -3.953335 -1.727203
v 1.164713 -3.977500 -1.742871
v 1.176063 -4.005108 -1.759857
v 1.373393 -3.976703 -2.055182
v 1.448114 -3.949223 -2.167011
v 1.509247 -3.913424 -2.258502
v 1.558571 -3.869703 -2.332321
v 1.597867 -3.818460 -2.391132
v 1.628916 -3.760092 -2.437599
v 1.653497 -3.694998 -2.474388
v 1.673391 -3.623577 -2.504161
v 1.690379 -3.546227 -2.529585
v 1.706240 -3.463347 -2.553323
v 1.712390 -3.375336 -2.562528
v 1.713840 3.107366 -2.564695
v 1.656573 3.277604 -2.478989
v 1.561280 3.383929 -2.336374
v 1.445426 3.459258 -2.162986
v 1.326473 3.536505 -1.984960
v 1.221887 3.648586 -1.828435
v 1.180437 3.727977 -1.766402
v 1.175638 3.754079 -1.759219
v 1.172111 3.782973 -1.753940
v 1.168720 4.090539 -1.748865
v -0.276591 -3.880148 0.414194
v -1.115677 -3.915076 1.669975
v -1.139342 -3.932548 1.705392
v -1.153915 -3.953335 1.727203
v -1.164384 -3.977500 1.742870
v -1.175734 -4.005108 1.759856
v -1.373064 -3.976703 2.055181
v -1.447785 -3.949223 2.167010
v -1.508918 -3.913424 2.258501
v -1.558242 -3.869703 2.332320
v -1.597538 -3.818460 2.391131
v -1.628587 -3.760092 2.437598
v -1.653168 -3.694998 2.474387
v -1.673062 -3.623577 2.504160
v -1.690049 -3.546227 2.529584
v -1.705911 -3.463347 2.553322
v -1.712061 -3.375336 2.562527
v -1.713509 3.107366 2.564695
v -1.656242 3.277604 2.478989
v -1.560949 3.383929 2.336374
v -1.445095 3.459258 2.162986
v -1.326142 3.536505 1.984961
v -1.221556 3.648586 1.828435
v -1.180106 3.727977 1.766402
v -1.175307 3.754079 1.759220
v -1.171780 3.782973 1.753940
v -1.168389 4.090539 1.748866
v 0.190797 -3.880148 -0.460228
v 0.768769 -3.915076 -1.855577
v 0.785070 -3.932548 -1.894930
v 0.795109 -3.953335 -1.919165
v 0.802320 -3.977500 -1.936574
v 0.810137 -4.005108 -1.955448
v 0.946061 -3.976703 -2.283596
v 0.997530 -3.949223 -2.407853
v 1.039639 -3.913424 -2.509513
v 1.073614 -3.869703 -2.591536
v 1.100681 -3.818460 -2.656883
v 1.122068 -3.760092 -2.708515
v 1.139000 -3.694998 -2.749392
v 1.152703 -3.623577 -2.782475
v 1.164404 -3.546227 -2.810724
v 1.175330 -3.463347 -2.837100
v 1.179566 -3.375336 -2.847328
v 1.180565 3.107366 -2.849736
v 1.141119 3.277604 -2.754505
v 1.075480 3.383929 -2.596040
v 0.995678 3.459258 -2.403381
v 0.913743 3.536505 -2.205570
v 0.841702 3.648586 -2.031648
v 0.813151 3.727977 -1.962721
v 0.809845 3.754079 -1.954740
v 0.807415 3.782973 -1.948873
v 0.805080 4.090539 -1.943235
v -0.190468 -3.880148 0.460228
v -0.768440 -3.915076 1.855576
v -0.784741 -3.932548 1.894930
v -0.794780 -3.953335 1.919164
v -0.801991 -3.977500 1.936573
v -0.809808 -4.005108 1.955447
v -0.945732 -3.976703 2.283595
v -0.997200 -3.949223 2.407852
v -1.039310 -3.913424 2.509512
v -1.073285 -3.869703 2.591535
v -1.100352 -3.818460 2.656882
v -1.121739 -3.760092 2.708514
v -1.138671 -3.694998 2.749391
v -1.152374 -3.623577 2.782474
v -1.164075 -3.546227 2.810723
v -1.175000 -3.463347 2.837099
v -1.179237 -3.375336 2.847327
v -1.180234 3.107366 2.849736
v -1.140788 3.277604 2.754505
v -1.075150 3.383929 2.596040
v -0.995347 3.459258 2.403381
v -0.913412 3.536505 2.205570
v -0.841371 3.648586 2.031648
v -0.812820 3.727977 1.962721
v -0.809514 3.754079 1.954740
v -0.807084 3.782973 1.948873
v -0.804749 4.090539 1.943235
v 0.097348 -3.880148 -0.488576
v 0.391996 -3.915076 -1.969870
v 0.400306 -3.932548 -2.011648
v 0.405423 -3.953335 -2.037375
v 0.409100 -3.977500 -2.055856
v 0.413085 -4.005108 -2.075892
v 0.482378 -3.976703 -2.424253
v 0.508616 -3.949223 -2.556163
v 0.530084 -3.913424 -2.664085
v 0.547404 -3.869703 -2.751160
v 0.561203 -3.818460 -2.820532
v 0.572106 -3.760092 -2.875344
v 0.580738 -3.694998 -2.918739
v 0.587723 -3.623577 -2.953860
v 0.593688 -3.546227 -2.983849
v 0.599258 -3.463347 -3.011850
v 0.601418 -3.375336 -3.022707
v 0.601928 3.107366 -3.025264
v 0.581818 3.277604 -2.924167
v 0.548356 3.383929 -2.755941
v 0.507673 3.459258 -2.551416
v 0.465903 3.536505 -2.341421
v 0.429177 3.648586 -2.156786
v 0.414622 3.727977 -2.083613
v 0.412937 3.754079 -2.075141
v 0.411698 3.782973 -2.068913
v 0.410507 4.090539 -2.062928
v -0.097019 -3.880148 0.488575
v -0.391667 -3.915076 1.969869
v -0.399977 -3.932548 2.011647
v -0.405094 -3.953335 2.037374
v -0.408771 -3.977500 2.055855
v -0.412756 -4.005108 2.075891
v -0.482049 -3.976703 2.424252
v -0.508287 -3.949223 2.556162
v -0.529755 -3.913424 2.664084
v -0.547075 -3.869703 2.751159
v -0.560874 -3.818460 2.820531
v -0.571776 -3.760092 2.875343
v -0.580408 -3.694998 2.918738
v -0.587394 -3.623577 2.953859
v -0.593359 -3.546227 2.983848
v -0.598929 -3.463347 3.011849
v -0.601089 -3.375336 3.022707
v -0.601597 3.107366 3.025264
v -0.581487 3.277604 2.924167
v -0.548025 3.383929 2.755941
v -0.507342 3.459258 2.551415
v -0.465572 3.536505 2.341420
v -0.428846 3.648586 2.156786
v -0.414291 3.727977 2.083613
v -0.412605 3.754079 2.075140
v -0.411366 3.782973 2.068913
v -0.410176 4.090539 2.062927
v 0.000165 -3.880148 -0.498148
v 0.000165 -3.915076 -2.008462
v 0.000165 -3.932548 -2.051058
v 0.000165 -3.953335 -2.077290
v 0.000165 -3.977500 -2.096133
v 0.000165 -4.005108 -2.116561
v 0.000165 -3.976703 -2.471746
v 0.000165 -3.949223 -2.606241
v 0.000165 -3.913424 -2.716277
v 0.000165 -3.869703 -2.805058
v 0.000165 -3.818460 -2.875790
v 0.000165 -3.760092 -2.931675
v 0.000165 -3.694998 -2.975920
v 0.000165 -3.623577 -3.011729
v 0.000165 -3.546227 -3.042306
v 0.000165 -3.463347 -3.070855
v 0.000165 -3.375336 -3.081926
v 0.000165 3.107366 -3.084533
v 0.000165 3.277604 -2.981455
v 0.000165 3.383929 -2.809933
v 0.000165 3.459258 -2.601401
v 0.000165 3.536505 -2.387292
v 0.000165 3.648586 -2.199040
v 0.000165 3.727977 -2.124434
v 0.000165 3.754079 -2.115796
v 0.000165 3.782973 -2.109446
v 0.000165 4.090539 -2.103343
v 0.000165 -3.880148 0.498147
v 0.000165 -3.915076 2.008461
v 0.000165 -3.932548 2.051057
v 0.000165 -3.953335 2.077289
v 0.000165 -3.977500 2.096132
v 0.000165 -4.005108 2.116560
v 0.000165 -3.976703 2.471745
v 0.000165 -3.949223 2.606240
v 0.000165 -3.913424 2.716276
v 0.000165 -3.869703 2.805058
v 0.000165 -3.818460 2.875789
v 0.000165 -3.760092 2.931674
v 0.000165 -3.694998 2.975919
v 0.000165 -3.623577 3.011728
v 0.000165 -3.546227 3.042305
v 0.000165 -3.463347 3.070854
v 0.000165 -3.375336 3.081925
v 0.000165 3.107366 3.084532
v 0.000165 3.277604 2.981454
v 0.000165 3.383929 2.809932
v 0.000165 3.459258 2.601400
v 0.000165 3.536505 2.387291
v 0.000165 3.648586 2.199039
v 0.000165 3.727977 2.124433
v 0.000165 3.754079 2.115795
v 0.000165 3.782973 2.109445
v 0.000165 4.090539 2.103342
v -0.097019 -3.880148 -0.488576
v -0.391667 -3.915076 -1.969870
v -0.399977 -3.932548 -2.011647
v -0.405095 -3.953335 -2.037375
v -0.408771 -3.977500 -2.055856
v -0.412756 -4.005108 -2.075892
v -0.482049 -3.976703 -2.424253
v -0.508288 -3.949223 -2.556163
v -0.529755 -3.913424 -2.664084
v -0.547075 -3.869703 -2.751160
v -0.560874 -3.818460 -2.820532
v -0.571777 -3.760092 -2.875344
v -0.580409 -3.694998 -2.918739
v -0.587395 -3.623577 -2.953859
v -0.593360 -3.546227 -2.983849
v -0.598929 -3.463347 -3.011849
v -0.601089 -3.375336 -3.022707
v -0.601597 3.107366 -3.025265
v -0.581488 3.277604 -2.924168
v -0.548025 3.383929 -2.755941
v -0.507342 3.459258 -2.551416
v -0.465572 3.536505 -2.341421
v -0.428846 3.648586 -2.156787
v -0.414291 3.727977 -2.083614
v -0.412606 3.754079 -2.075141
v -0.411367 3.782973 -2.068914
v -0.410176 4.090539 -2.062928
v 0.097348 -3.880148 0.488575
v 0.391996 -3.915076 1.969869
v 0.400306 -3.932548 2.011647
v 0.405424 -3.953335 2.037374
v 0.409100 -3.977500 2.055855
v 0.413085 -4.005108 2.075891
v 0.482378 -3.976703 2.424252
v 0.508617 -3.949223 2.556162
v 0.530084 -3.913424 2.664083
v 0.547404 -3.869703 2.751159
v 0.561203 -3.818460 2.820531
v 0.572106 -3.760092 2.875343
v 0.580738 -3.694998 2.918738
v 0.587724 -3.623577 2.953858
v 0.593689 -3.546227 2.983848
v 0.599258 -3.463347 3.011848
v 0.601418 -3.375336 3.022706
v 0.601928 3.107366 3.025263
v 0.581819 3.277604 2.924166
v 0.548356 3.383929 2.755940
v 0.507674 3.459258 2.551415
v 0.465903 3.536505 2.341420
v 0.429177 3.648586 2.156785
v 0.414622 3.727977 2.083612
v 0.412937 3.754079 2.075140
v 0.411698 3.782973 2.068912
v 0.410507 4.090539 2.062927
v -0.190468 -3.880148 -0.460228
v -0.768441 -3.915076 -1.855577
v -0.784741 -3.932548 -1.894930
v -0.794780 -3.953335 -1.919165
v -0.801991 -3.977500 -1.936574
v -0.809809 -4.005108 -1.955448
v -0.945732 -3.976703 -2.283596
v -0.997201 -3.949223 -2.407853
v -1.039310 -3.913424 -2.509513
v -1.073285 -3.869703 -2.591536
v -1.100352 -3.818460 -2.656883
v -1.121739 -3.760092 -2.708515
v -1.138671 -3.694998 -2.749392
v -1.152374 -3.623577 -2.782475
v -1.164075 -3.546227 -2.810724
v -1.175001 -3.463347 -2.837100
v -1.179237 -3.375336 -2.847328
v -1.180234 3.107366 -2.849737
v -1.140788 3.277604 -2.754506
v -1.075150 3.383929 -2.596040
v -0.995347 3.459258 -2.403382
v -0.913412 3.536505 -2.205571
v -0.841371 3.648586 -2.031649
v -0.812820 3.727977 -1.962721
v -0.809515 3.754079 -1.954741
v -0.807085 3.782973 -1.948874
v -0.804749 4.090539 -1.943236
v 0.190797 -3.880148 0.460228
v 0.768770 -3.915076 1.855576
v 0.785070 -3.932548 1.894930
v 0.795109 -3.953335 1.919164
v 0.802320 -3.977500 1.936573
v 0.810138 -4.005108 1.955447
v 0.946061 -3.976703 2.283595
v 0.997530 -3.949223 2.407852
v 1.039639 -3.913424 2.509512
v 1.073614 -3.869703 2.591535
v 1.100682 -3.818460 2.656882
v 1.122068 -3.760092 2.708514
v 1.139000 -3.694998 2.749391
v 1.152703 -3.623577 2.782474
v 1.164405 -3.546227 2.810723
v 1.175330 -3.463347 2.837099
v 1.179566 -3.375336 2.847327
v 1.180565 3.107366 2.849735
v 1.141119 3.277604 2.754504
v 1.075480 3.383929 2.596039
v 0.995678 3.459258 2.403380
v 0.913743 3.536505 2.205569
v 0.841702 3.648586 2.031647
v 0.813151 3.727977 1.962720
v 0.809845 3.754079 1.954739
v 0.807415 3.782973 1.948873
v 0.805080 4.090539 1.943234
v -0.276591 -3.880148 -0.414195
v -1.115677 -3.915076 -1.669975
v -1.139342 -3.932548 -1.705392
v -1.153915 -3.953335 -1.727203
v -1.164384 -3.977500 -1.742870
v -1.175735 -4.005108 -1.759856
v -1.373064 -3.976703 -2.055182
v -1.447785 -3.949223 -2.167010
v -1.508918 -3.913424 -2.258502
v -1.558243 -3.869703 -2.332321
v -1.597539 -3.818460 -2.391132
v -1.628587 -3.760092 -2.437599
v -1.653169 -3.694998 -2.474387
v -1.673062 -3.623577 -2.504161
v -1.690050 -3.546227 -2.529585
v -1.705911 -3.463347 -2.553323
v -1.712062 -3.375336 -2.562527
v -1.713510 3.107366 -2.564696
v -1.656242 3.277604 -2.478990
v -1.560950 3.383929 -2.336375
v -1.445096 3.459258 -2.162986
v -1.326143 3.536505 -1.984961
v -1.221556 3.648586 -1.828436
v -1.180107 3.727977 -1.766403
v -1.175307 3.754079 -1.759220
v -1.171780 3.782973 -1.753940
v -1.168389 4.090539 -1.748866
v 0.276920 -3.880148 0.414194
v 1.116006 -3.915076 1.669974
v 1.139671 -3.932548 1.705392
v 1.154245 -3.953335 1.727202
v 1.164713 -3.977500 1.742870
v 1.176063 -4.005108 1.759856
v 1.373393 -3.976703 2.055181
v 1.448114 -3.949223 2.167009
v 1.509247 -3.913424 2.258501
v 1.558572 -3.869703 2.332320
v 1.597868 -3.818460 2.391131
v 1.628916 -3.760092 2.437598
v 1.653498 -3.694998 2.474386
v 1.673391 -3.623577 2.504160
v 1.690379 -3.546227 2.529584
v 1.706241 -3.463347 2.553322
v 1.712391 -3.375336 2.562526
v 1.713840 3.107366 2.564694
v 1.656573 3.277604 2.478988
v 1.561281 3.383929 2.336373
v 1.445426 3.459258 2.162984
v 1.326474 3.536505 1.984959
v 1.221887 3.648586 1.828434
v 1.180438 3.727977 1.766401
v 1.175638 3.754079 1.759218
v 1.172111 3.782973 1.753939
v 1.168720 4.090539 1.748864
v -0.352078 -3.880148 -0.352244
v -1.420033 -3.915076 -1.420197
v -1.450152 -3.932548 -1.450317
v -1.468700 -3.953335 -1.468866
v -1.482024 -3.977500 -1.482190
v -1.496470 -4.005108 -1.496635
v -1.747623 -3.976703 -1.747789
v -1.842726 -3.949223 -1.842891
v -1.920533 -3.913424 -1.920698
v -1.983311 -3.869703 -1.983476
v -2.033325 -3.818460 -2.033490
v -2.072843 -3.760092 -2.073008
v -2.104129 -3.694998 -2.104294
v -2.129449 -3.623577 -2.129614
v -2.151071 -3.546227 -2.151235
v -2.171258 -3.463347 -2.171422
v -2.179086 -3.375336 -2.179251
v -2.180928 3.107366 -2.181095
v -2.108042 3.277604 -2.108208
v -1.986757 3.383929 -1.986924
v -1.839303 3.459258 -1.839469
v -1.687905 3.536505 -1.688071
v -1.554790 3.648586 -1.554957
v -1.502036 3.727977 -1.502202
v -1.495928 3.754079 -1.496094
v -1.491438 3.782973 -1.491604
v -1.487123 4.090539 -1.487289
v 0.352408 -3.880148 0.352243
v 1.420362 -3.915076 1.420197
v 1.450481 -3.932548 1.450316
v 1.469029 -3.953335 1.468865
v 1.482354 -3.977500 1.482189
v 1.496799 -4.005108 1.496634
v 1.747953 -3.976703 1.747788
v 1.843055 -3.949223 1.842890
v 1.920862 -3.913424 1.920697
v 1.983640 -3.869703 1.983475
v 2.033654 -3.818460 2.033489
v 2.073172 -3.760092 2.073007
v 2.104458 -3.694998 2.104293
v 2.129778 -3.623577 2.129613
v 2.151399 -3.546227 2.151234
v 2.171587 -3.463347 2.171422
v 2.179415 -3.375336 2.179250
v 2.181259 3.107366 2.181093
v 2.108372 3.277604 2.108206
v 1.987088 3.383929 1.986922
v 1.839633 3.459258 1.839467
v 1.688235 3.536505 1.688069
v 1.555121 3.648586 1.554955
v 1.502367 3.727977 1.502200
v 1.496258 3.754079 1.496092
v 1.491768 3.782973 1.491602
v 1.487453 4.090539 1.487287
v -0.414030 -3.880148 -0.276756
v -1.669810 -3.915076 -1.115842
v -1.705228 -3.932548 -1.139507
v -1.727038 -3.953335 -1.154080
v -1.742705 -3.977500 -1.164549
v -1.759692 -4.005108 -1.175899
v -2.055017 -3.976703 -1.373229
v -2.166845 -3.949223 -1.447950
v -2.258337 -3.913424 -1.509083
v -2.332156 -3.869703 -1.558407
v -2.390967 -3.818460 -1.597703
v -2.437434 -3.760092 -1.628752
v -2.474223 -3.694998 -1.653333
v -2.503997 -3.623577 -1.673227
v -2.529420 -3.546227 -1.690214
v -2.553158 -3.463347 -1.706076
v -2.562363 -3.375336 -1.712226
v -2.564530 3.107366 -1.713675
v -2.478824 3.277604 -1.656409
v -2.336209 3.383929 -1.561116
v -2.162821 3.459258 -1.445262
v -1.984796 3.536505 -1.326309
v -1.828270 3.648586 -1.221722
v -1.766237 3.727977 -1.180273
v -1.759054 3.754079 -1.175474
v -1.753775 3.782973 -1.171946
v -1.748700 4.090539 -1.168556
v 0.414359 -3.880148 0.276755
v 1.670139 -3.915076 1.115841
v 1.705557 -3.932548 1.139506
v 1.727367 -3.953335 1.154080
v 1.743035 -3.977500 1.164548
v 1.760021 -4.005108 1.175898
v 2.055346 -3.976703 1.373228
v 2.167174 -3.949223 1.447949
v 2.258666 -3.913424 1.509082
v 2.332485 -3.869703 1.558406
v 2.391296 -3.818460 1.597702
v 2.437763 -3.760092 1.628751
v 2.474552 -3.694998 1.653332
v 2.504325 -3.623577 1.673226
v 2.529749 -3.546227 1.690214
v 2.553487 -3.463347 1.706075
v 2.562692 -3.375336 1.712225
v 2.564860 3.107366 1.713673
v 2.479154 3.277604 1.656406
v 2.336539 3.383929 1.561114
v 2.163151 3.459258 1.445259
v 1.985126 3.536505 1.326307
v 1.828600 3.648586 1.221720
v 1.766567 3.727977 1.180271
v 1.759385 3.754079 1.175472
v 1.754105 3.782973 1.171944
v 1.749031 4.090539 1.168553
v -0.460063 -3.880148 -0.190633
v -1.855412 -3.915076 -0.768605
v -1.894766 -3.932548 -0.784906
v -1.919001 -3.953335 -0.794944
v -1.936409 -3.977500 -0.802155
v -1.955283 -4.005108 -0.809973
v -2.283431 -3.976703 -0.945896
v -2.407688 -3.949223 -0.997365
v -2.509348 -3.913424 -1.039474
v -2.591372 -3.869703 -1.073449
v -2.656718 -3.818460 -1.100517
v -2.708350 -3.760092 -1.121903
v -2.749228 -3.694998 -1.138835
v -2.782310 -3.623577 -1.152539
v -2.810559 -3.546227 -1.164240
v -2.836936 -3.463347 -1.175165
v -2.847163 -3.375336 -1.179402
v -2.849571 3.107366 -1.180400
v -2.754340 3.277604 -1.140954
v -2.595875 3.383929 -1.075316
v -2.403216 3.459258 -0.995514
v -2.205405 3.536505 -0.913578
v -2.031484 3.648586 -0.841537
v -1.962556 3.727977 -0.812986
v -1.954576 3.754079 -0.809681
v -1.948709 3.782973 -0.807251
v -1.943070 4.090539 -0.804915
v 0.460392 -3.880148 0.190632
v 1.855742 -3.915076 0.768604
v 1.895095 -3.932548 0.784905
v 1.919330 -3.953335 0.794943
v 1.936738 -3.977500 0.802154
v 1.955612 -4.005108 0.809972
v 2.283760 -3.976703 0.945895
v 2.408017 -3.949223 0.997364
v 2.509677 -3.913424 1.039473
v 2.591701 -3.869703 1.073448
v 2.657047 -3.818460 1.100516
v 2.708679 -3.760092 1.121903
v 2.749557 -3.694998 1.138834
v 2.782639 -3.623577 1.152538
v 2.810888 -3.546227 1.164239
v 2.837265 -3.463347 1.175164
v 2.847492 -3.375336 1.179401
v 2.849901 3.107366 1.180398
v 2.754670 3.277604 1.140952
v 2.596205 3.383929 1.075313
v 2.403546 3.459258 0.995511
v 2.205735 3.536505 0.913575
v 2.031813 3.648586 0.841534
v 1.962886 3.727977 0.812984
v 1.954905 3.754079 0.809678
v 1.949039 3.782973 0.807248
v 1.943400 4.090539 0.804913
v -0.488411 -3.880148 -0.097184
v -1.969706 -3.915076 -0.391832
v -2.011483 -3.932548 -0.400142
v -2.037210 -3.953335 -0.405259
v -2.055691 -3.977500 -0.408935
v -2.075727 -4.005108 -0.412921
v -2.424088 -3.976703 -0.482214
v -2.555998 -3.949223 -0.508453
v -2.663919 -3.913424 -0.529920
v -2.750995 -3.869703 -0.547240
v -2.820367 -3.818460 -0.561039
v -2.875179 -3.760092 -0.571942
v -2.918574 -3.694998 -0.580574
v -2.953694 -3.623577 -0.587559
v -2.983684 -3.546227 -0.593525
v -3.011684 -3.463347 -0.599094
v -3.022542 -3.375336 -0.601254
v -3.025100 3.107366 -0.601764
v -2.924003 3.277604 -0.581654
v -2.755776 3.383929 -0.548192
v -2.551250 3.459258 -0.507509
v -2.341256 3.536505 -0.465739
v -2.156621 3.648586 -0.429013
v -2.083448 3.727977 -0.414458
v -2.074976 3.754079 -0.412773
v -2.068748 3.782973 -0.411534
v -2.062762 4.090539 -0.410343
v 0.488740 -3.880148 0.097183
v 1.970034 -3.915076 0.391831
v 2.011812 -3.932548 0.400141
v 2.037539 -3.953335 0.405259
v 2.056020 -3.977500 0.408935
v 2.076056 -4.005108 0.412920
v 2.424417 -3.976703 0.482213
v 2.556327 -3.949223 0.508452
v 2.664248 -3.913424 0.529919
v 2.751324 -3.869703 0.547239
v 2.820696 -3.818460 0.561038
v 2.875508 -3.760092 0.571941
v 2.918903 -3.694998 0.580573
v 2.954024 -3.623577 0.587559
v 2.984013 -3.546227 0.593524
v 3.012014 -3.463347 0.599094
v 3.022871 -3.375336 0.601253
v 3.025429 3.107366 0.601761
v 2.924332 3.277604 0.581652
v 2.756105 3.383929 0.548189
v 2.551580 3.459258 0.507507
v 2.341585 3.536505 0.465736
v 2.156951 3.648586 0.429010
v 2.083778 3.727977 0.414455
v 2.075305 3.754079 0.412770
v 2.069077 3.782973 0.411531
v 2.063092 4.090539 0.410340
v -2.008297 -3.915076 -0.000000
v -2.050893 -3.932548 -0.000000
v -2.077125 -3.953335 -0.000000
v -2.095967 -3.977500 -0.000000
v -2.116397 -4.005108 -0.000000
v -2.471581 -3.976703 -0.000000
v -2.606076 -3.949223 -0.000000
v -2.716112 -3.913424 -0.000000
v -2.804893 -3.869703 -0.000000
v -2.875625 -3.818460 -0.000000
v -2.931510 -3.760092 -0.000000
v -2.975756 -3.694998 -0.000000
v -3.011564 -3.623577 -0.000000
v -3.042141 -3.546227 -0.000000
v -3.070690 -3.463347 -0.000000
v 2.116725 -4.005108 -0.000000
v 0.331970 -3.880148 0.331805
v 0.298782 -3.880148 0.298617
v 0.254118 -3.880148 0.253953
v 0.199694 -3.880148 0.199529
v 0.137603 -3.880148 0.137438
v 0.070230 -3.880148 0.070065
v 0.000165 -3.880148 -0.000000
v -0.069901 -3.880148 -0.070066
v -0.137274 -3.880148 -0.137439
v -0.199365 -3.880148 -0.199530
v -0.253788 -3.880148 -0.253954
v -0.298453 -3.880148 -0.298618
v -0.331641 -3.880148 -0.331806
v 0.499294 -3.800154 -0.000000
v 2.025872 -3.836957 -0.000000
v 2.092158 -3.863815 -0.000000
v 2.134535 -3.897283 -0.000000
v 2.160023 -3.929137 -0.000000
v 2.460396 -3.897536 -0.000000
v 2.585727 -3.871942 -0.000000
v 2.686012 -3.839437 -0.000000
v 2.763627 -3.801367 -0.000000
v 2.823128 -3.758381 -0.000000
v 2.869487 -3.709970 -0.000000
v 2.907011 -3.654639 -0.000001
v 2.938829 -3.590994 -0.000001
v 2.967420 -3.518524 -0.000000
v 2.993071 -3.445344 -0.000000
v 3.002246 -3.370337 -0.000000
v 3.007545 3.086211 -0.000001
v 2.924190 3.221910 -0.000001
v 2.774826 3.312125 -0.000000
v 2.574400 3.384011 -0.000000
v 2.353653 3.463997 -0.000000
v 2.149532 3.585876 -0.000000
v 2.056145 3.686574 -0.000000
v 2.038833 3.732831 -0.000000
v 2.030174 3.773490 -0.000000
v 2.023523 4.088953 -0.000000
v -0.498965 -3.800154 -0.000000
v -3.001917 -3.370337 -0.000000
v -3.007215 3.086211 -0.000000
v -2.923861 3.221910 -0.000000
v -2.774497 3.312125 -0.000000
v -2.574071 3.384011 -0.000000
v -2.353324 3.463997 -0.000000
v -2.149203 3.585876 -0.000000
v -2.055816 3.686574 -0.000000
v -2.038503 3.732832 -0.000000
v -2.029845 3.773491 -0.000000
v -2.023194 4.088953 -0.000000
v 0.489704 -3.800154 -0.097376
v 1.986949 -3.836957 -0.395196
v 2.051961 -3.863815 -0.408128
v 2.093523 -3.897283 -0.416395
v 2.118521 -3.929137 -0.421368
v 2.106530 -3.931389 -0.418983
v 2.413123 -3.897536 -0.479968
v 2.536046 -3.871942 -0.504419
v 2.634404 -3.839437 -0.523983
v 2.710527 -3.801367 -0.539125
v 2.768885 -3.758381 -0.550733
v 2.814354 -3.709970 -0.559777
v 2.851156 -3.654639 -0.567098
v 2.882363 -3.590994 -0.573305
v 2.910404 -3.518524 -0.578883
v 2.935563 -3.445344 -0.583887
v 2.944562 -3.370337 -0.585677
v 2.949759 3.086211 -0.586710
v 2.868006 3.221910 -0.570449
v 2.721511 3.312125 -0.541309
v 2.524937 3.384011 -0.502208
v 2.308432 3.463997 -0.459142
v 2.108233 3.585876 -0.419320
v 2.016640 3.686574 -0.401101
v 1.999661 3.732831 -0.397724
v 1.991168 3.773490 -0.396035
v 1.984645 4.088953 -0.394737
v -0.489375 -3.800154 0.097375
v -1.986619 -3.836957 0.395196
v -2.051632 -3.863815 0.408127
v -2.093194 -3.897283 0.416395
v -2.118192 -3.929137 0.421367
v -2.106201 -3.931389 0.418982
v -2.412794 -3.897536 0.479967
v -2.535717 -3.871942 0.504418
v -2.634075 -3.839437 0.523982
v -2.710198 -3.801367 0.539124
v -2.768556 -3.758381 0.550732
v -2.814025 -3.709970 0.559777
v -2.850828 -3.654639 0.567097
v -2.882034 -3.590994 0.573305
v -2.910075 -3.518524 0.578882
v -2.935234 -3.445344 0.583887
v -2.944232 -3.370337 0.585677
v -2.949429 3.086211 0.586711
v -2.867677 3.221910 0.570450
v -2.721182 3.312125 0.541310
v -2.524607 3.384011 0.502209
v -2.308103 3.463997 0.459144
v -2.107903 3.585876 0.419321
v -2.016311 3.686574 0.401103
v -1.999331 3.732832 0.397725
v -1.990839 3.773491 0.396036
v -1.984315 4.088953 0.394738
v 0.461300 -3.800154 -0.191009
v 1.871675 -3.836957 -0.775205
v 1.932915 -3.863816 -0.800572
v 1.972065 -3.897283 -0.816789
v 1.995614 -3.929137 -0.826542
v 1.984318 -3.931389 -0.821864
v 2.273122 -3.897536 -0.941490
v 2.388913 -3.871942 -0.989452
v 2.481564 -3.839437 -1.027830
v 2.553271 -3.801367 -1.057532
v 2.608242 -3.758381 -1.080302
v 2.651073 -3.709970 -1.098043
v 2.685740 -3.654639 -1.112402
v 2.715136 -3.590994 -1.124579
v 2.741551 -3.518524 -1.135520
v 2.765250 -3.445344 -1.145336
v 2.773726 -3.370337 -1.148847
v 2.778622 3.086211 -1.150874
v 2.701612 3.221910 -1.118976
v 2.563618 3.312125 -1.061816
v 2.378448 3.384011 -0.985117
v 2.174505 3.463997 -0.900641
v 1.985921 3.585876 -0.822527
v 1.899643 3.686574 -0.786789
v 1.883649 3.732831 -0.780164
v 1.875649 3.773490 -0.776850
v 1.869504 4.088953 -0.774305
v -0.460971 -3.800154 0.191008
v -1.871346 -3.836957 0.775204
v -1.932587 -3.863816 0.800571
v -1.971737 -3.897284 0.816788
v -1.995284 -3.929137 0.826542
v -1.983989 -3.931389 0.821863
v -2.272793 -3.897536 0.941489
v -2.388584 -3.871942 0.989452
v -2.481235 -3.839437 1.027829
v -2.552941 -3.801367 1.057531
v -2.607913 -3.758381 1.080301
v -2.650744 -3.709970 1.098042
v -2.685411 -3.654639 1.112402
v -2.714807 -3.590994 1.124578
v -2.741222 -3.518524 1.135519
v -2.764921 -3.445344 1.145336
v -2.773397 -3.370337 1.148847
v -2.778292 3.086211 1.150875
v -2.701283 3.221910 1.118977
v -2.563288 3.312125 1.061818
v -2.378118 3.384011 0.985118
v -2.174176 3.463997 0.900642
v -1.985591 3.585876 0.822528
v -1.899314 3.686574 0.786790
v -1.883319 3.732832 0.780165
v -1.875319 3.773491 0.776851
v -1.869175 4.088953 0.774306
v 0.415176 -3.800154 -0.277302
v 1.684479 -3.836957 -1.125423
v 1.739594 -3.863816 -1.162250
v 1.774829 -3.897283 -1.185793
v 1.796021 -3.929137 -1.199953
v 1.785856 -3.931389 -1.193161
v 2.045772 -3.897536 -1.366832
v 2.149981 -3.871942 -1.436462
v 2.233365 -3.839437 -1.492177
v 2.297900 -3.801367 -1.535298
v 2.347372 -3.758381 -1.568355
v 2.385919 -3.709970 -1.594111
v 2.417119 -3.654639 -1.614958
v 2.443574 -3.590994 -1.632635
v 2.467347 -3.518524 -1.648519
v 2.488676 -3.445344 -1.662770
v 2.496304 -3.370337 -1.667868
v 2.500710 3.086211 -1.670810
v 2.431403 3.221910 -1.624501
v 2.307211 3.312125 -1.541519
v 2.140563 3.384011 -1.430168
v 1.957020 3.463997 -1.307528
v 1.787298 3.585876 -1.194124
v 1.709651 3.686573 -1.142241
v 1.695256 3.732831 -1.132623
v 1.688056 3.773491 -1.127812
v 1.682526 4.088953 -1.124117
v -0.414847 -3.800154 0.277301
v -1.684150 -3.836957 1.125422
v -1.739266 -3.863816 1.162250
v -1.774500 -3.897284 1.185793
v -1.795692 -3.929137 1.199953
v -1.785526 -3.931389 1.193160
v -2.045443 -3.897536 1.366831
v -2.149652 -3.871942 1.436461
v -2.233036 -3.839437 1.492176
v -2.297571 -3.801367 1.535297
v -2.347043 -3.758381 1.568354
v -2.385590 -3.709970 1.594110
v -2.416790 -3.654639 1.614957
v -2.443245 -3.590994 1.632634
v -2.467018 -3.518524 1.648518
v -2.488347 -3.445344 1.662770
v -2.495975 -3.370337 1.667867
v -2.500381 3.086211 1.670811
v -2.431073 3.221910 1.624502
v -2.306882 3.312125 1.541520
v -2.140234 3.384011 1.430169
v -1.956690 3.463997 1.307529
v -1.786969 3.585876 1.194125
v -1.709320 3.686574 1.142242
v -1.694926 3.732832 1.132624
v -1.687726 3.773491 1.127813
v -1.682196 4.088953 1.124118
v 0.353103 -3.800154 -0.352938
v 1.432556 -3.836957 -1.432392
v 1.479428 -3.863816 -1.479264
v 1.509392 -3.897284 -1.509228
v 1.527415 -3.929137 -1.527251
v 1.518770 -3.931389 -1.518606
v 1.739811 -3.897536 -1.739647
v 1.828433 -3.871942 -1.828269
v 1.899345 -3.839437 -1.899181
v 1.954227 -3.801367 -1.954063
v 1.996301 -3.758381 -1.996137
v 2.029082 -3.709970 -2.028918
v 2.055615 -3.654639 -2.055451
v 2.078114 -3.590994 -2.077950
v 2.098330 -3.518524 -2.098166
v 2.116469 -3.445344 -2.116305
v 2.122957 -3.370337 -2.122793
v 2.126704 3.086211 -2.126539
v 2.067764 3.221910 -2.067598
v 1.962147 3.312125 -1.961981
v 1.820424 3.384011 -1.820259
v 1.664333 3.463997 -1.664168
v 1.519997 3.585876 -1.519832
v 1.453963 3.686574 -1.453798
v 1.441721 3.732831 -1.441556
v 1.435599 3.773491 -1.435433
v 1.430896 4.088953 -1.430730
v -0.352773 -3.800154 0.352938
v -1.432227 -3.836957 1.432391
v -1.479099 -3.863816 1.479263
v -1.509063 -3.897284 1.509228
v -1.527085 -3.929137 1.527250
v -1.518441 -3.931389 1.518605
v -1.739481 -3.897536 1.739646
v -1.828104 -3.871942 1.828268
v -1.899016 -3.839437 1.899180
v -1.953898 -3.801367 1.954063
v -1.995971 -3.758381 1.996136
v -2.028753 -3.709970 2.028917
v -2.055286 -3.654639 2.055450
v -2.077785 -3.590994 2.077949
v -2.098002 -3.518524 2.098166
v -2.116141 -3.445344 2.116304
v -2.122628 -3.370337 2.122792
v -2.126373 3.086211 2.126539
v -2.067433 3.221910 2.067599
v -1.961816 3.312125 1.961982
v -1.820094 3.384011 1.820259
v -1.664003 3.463997 1.664168
v -1.519667 3.585876 1.519832
v -1.453633 3.686574 1.453798
v -1.441391 3.732832 1.441556
v -1.435268 3.773491 1.435434
v -1.430565 4.088953 1.430731
v 0.277466 -3.800154 -0.415012
v 1.125587 -3.836957 -1.684315
v 1.162414 -3.863816 -1.739430
v 1.185957 -3.897284 -1.774665
v 1.200117 -3.929137 -1.795857
v 1.193325 -3.931389 -1.785691
v 1.366996 -3.897536 -2.045608
v 1.436626 -3.871942 -2.149817
v 1.492341 -3.839437 -2.233201
v 1.535462 -3.801367 -2.297736
v 1.568518 -3.758381 -2.347209
v 1.594275 -3.709970 -2.385755
v 1.615122 -3.654639 -2.416955
v 1.632799 -3.590994 -2.443411
v 1.648683 -3.518524 -2.467183
v 1.662934 -3.445344 -2.488512
v 1.668032 -3.370337 -2.496140
v 1.670976 3.086211 -2.500545
v 1.624667 3.221910 -2.431238
v 1.541684 3.312125 -2.307046
v 1.430334 3.384011 -2.140398
v 1.307694 3.463997 -1.956855
v 1.194290 3.585876 -1.787133
v 1.142407 3.686574 -1.709485
v 1.132789 3.732831 -1.695091
v 1.127978 3.773490 -1.687891
v 1.124283 4.088953 -1.682361
v -0.277137 -3.800154 0.415011
v -1.125258 -3.836957 1.684314
v -1.162086 -3.863816 1.739429
v -1.185628 -3.897284 1.774664
v -1.199788 -3.929137 1.795856
v -1.192996 -3.931389 1.785691
v -1.366667 -3.897536 2.045607
v -1.436297 -3.871942 2.149816
v -1.492012 -3.839437 2.233200
v -1.535133 -3.801367 2.297735
v -1.568189 -3.758381 2.347208
v -1.593946 -3.709970 2.385754
v -1.614793 -3.654639 2.416954
v -1.632470 -3.590994 2.443410
v -1.648354 -3.518524 2.467182
v -1.662605 -3.445344 2.488511
v -1.667702 -3.370337 2.496139
v -1.670645 3.086211 2.500545
v -1.624336 3.221910 2.431238
v -1.541353 3.312125 2.307046
v -1.430003 3.384011 2.140398
v -1.307363 3.463997 1.956855
v -1.193959 3.585876 1.787134
v -1.142076 3.686574 1.709486
v -1.132458 3.732832 1.695091
v -1.127647 3.773491 1.687891
v -1.123953 4.088953 1.682361
v 0.191173 -3.800154 -0.461136
v 0.775369 -3.836957 -1.871510
v 0.800736 -3.863815 -1.932751
v 0.816953 -3.897284 -1.971901
v 0.826707 -3.929137 -1.995449
v 0.822028 -3.931389 -1.984154
v 0.941654 -3.897536 -2.272958
v 0.989616 -3.871942 -2.388748
v 1.027994 -3.839437 -2.481400
v 1.057696 -3.801367 -2.553107
v 1.080466 -3.758381 -2.608078
v 1.098207 -3.709970 -2.650909
v 1.112567 -3.654639 -2.685576
v 1.124743 -3.590994 -2.714972
v 1.135684 -3.518524 -2.741387
v 1.145500 -3.445344 -2.765086
v 1.149011 -3.370337 -2.773562
v 1.151040 3.086211 -2.778457
v 1.119142 3.221910 -2.701447
v 1.061983 3.312125 -2.563452
v 0.985283 3.384011 -2.378283
v 0.900807 3.463997 -2.174340
v 0.822693 3.585876 -1.985756
v 0.786955 3.686574 -1.899479
v 0.780330 3.732831 -1.883484
v 0.777016 3.773491 -1.875484
v 0.774471 4.088953 -1.869339
v -0.190844 -3.800154 0.461135
v -0.775040 -3.836957 1.871510
v -0.800407 -3.863816 1.932750
v -0.816624 -3.897284 1.971901
v -0.826377 -3.929137 1.995448
v -0.821699 -3.931389 1.984153
v -0.941325 -3.897536 2.272957
v -0.989287 -3.871942 2.388747
v -1.027665 -3.839437 2.481399
v -1.057367 -3.801367 2.553106
v -1.080137 -3.758381 2.608077
v -1.097878 -3.709970 2.650908
v -1.112238 -3.654639 2.685575
v -1.124414 -3.590994 2.714971
v -1.135354 -3.518524 2.741386
v -1.145171 -3.445344 2.765085
v -1.148682 -3.370337 2.773561
v -1.150709 3.086211 2.778457
v -1.118811 3.221910 2.701447
v -1.061652 3.312125 2.563452
v -0.984952 3.384011 2.378283
v -0.900476 3.463997 2.174340
v -0.822362 3.585876 1.985756
v -0.786624 3.686574 1.899478
v -0.779999 3.732831 1.883484
v -0.776685 3.773490 1.875484
v -0.774140 4.088953 1.869339
v 0.097540 -3.800154 -0.489540
v 0.395360 -3.836957 -1.986785
v 0.408292 -3.863815 -2.051798
v 0.416559 -3.897284 -2.093360
v 0.421532 -3.929137 -2.118358
v 0.419147 -3.931389 -2.106367
v 0.480132 -3.897536 -2.412959
v 0.504582 -3.871942 -2.535882
v 0.524147 -3.839437 -2.634240
v 0.539289 -3.801367 -2.710364
v 0.550897 -3.758381 -2.768721
v 0.559942 -3.709970 -2.814190
v 0.567262 -3.654639 -2.850993
v 0.573469 -3.590994 -2.882199
v 0.579047 -3.518524 -2.910241
v 0.584052 -3.445344 -2.935400
v 0.585841 -3.370337 -2.944398
v 0.586876 3.086211 -2.949594
v 0.570614 3.221910 -2.867842
v 0.541475 3.312125 -2.721347
v 0.502374 3.384011 -2.524772
v 0.459308 3.463997 -2.308268
v 0.419486 3.585876 -2.108068
v 0.401267 3.686574 -2.016476
v 0.397890 3.732831 -1.999496
v 0.396201 3.773491 -1.991004
v 0.394903 4.088953 -1.984480
v -0.097211 -3.800154 0.489539
v -0.395031 -3.836957 1.986784
v -0.407963 -3.863815 2.051797
v -0.416230 -3.897284 2.093359
v -0.421203 -3.929137 2.118357
v -0.418818 -3.931389 2.106366
v -0.479803 -3.897536 2.412958
v -0.504253 -3.871942 2.535881
v -0.523818 -3.839437 2.634239
v -0.538960 -3.801367 2.710363
v -0.550568 -3.758381 2.768720
v -0.559612 -3.709970 2.814189
v -0.566933 -3.654639 2.850992
v -0.573140 -3.590994 2.882198
v -0.578718 -3.518524 2.910240
v -0.583723 -3.445344 2.935399
v -0.585512 -3.370337 2.944397
v -0.586545 3.086211 2.949594
v -0.570283 3.221910 2.867841
v -0.541144 3.312125 2.721346
v -0.502043 3.384011 2.524772
v -0.458977 3.463997 2.308267
v -0.419155 3.585876 2.108067
v -0.400936 3.686574 2.016475
v -0.397559 3.732831 1.999496
v -0.395869 3.773490 1.991003
v -0.394572 4.088953 1.984480
v 0.000165 -3.800154 -0.499130
v 0.000164 -3.836957 -2.025708
v 0.000164 -3.863815 -2.091995
v 0.000164 -3.897284 -2.134371
v 0.000164 -3.929137 -2.159859
v 0.000164 -3.931389 -2.147633
v 0.000164 -3.897536 -2.460232
v 0.000164 -3.871942 -2.585563
v 0.000165 -3.839437 -2.685848
v 0.000165 -3.801367 -2.763463
v 0.000165 -3.758381 -2.822964
v 0.000165 -3.709970 -2.869323
v 0.000165 -3.654639 -2.906847
v 0.000165 -3.590994 -2.938665
v 0.000165 -3.518524 -2.967255
v 0.000165 -3.445344 -2.992907
v 0.000165 -3.370337 -3.002082
v 0.000165 3.086211 -3.007380
v 0.000165 3.221910 -2.924026
v 0.000165 3.312125 -2.774662
v 0.000165 3.384011 -2.574236
v 0.000165 3.463997 -2.353490
v 0.000165 3.585876 -2.149368
v 0.000165 3.686574 -2.055981
v 0.000165 3.732831 -2.038669
v 0.000165 3.773491 -2.030010
v 0.000165 4.088953 -2.023359
v 0.000165 -3.800154 0.499129
v 0.000164 -3.836957 2.025707
v 0.000165 -3.863815 2.091994
v 0.000165 -3.897284 2.134370
v 0.000165 -3.929137 2.159858
v 0.000165 -3.931389 2.147632
v 0.000165 -3.897536 2.460231
v 0.000165 -3.871942 2.585562
v 0.000165 -3.839437 2.685847
v 0.000164 -3.801367 2.763462
v 0.000164 -3.758381 2.822963
v 0.000164 -3.709970 2.869322
v 0.000164 -3.654639 2.906846
v 0.000165 -3.590994 2.938664
v 0.000165 -3.518524 2.967255
v 0.000164 -3.445344 2.992906
v 0.000164 -3.370337 3.002081
v 0.000165 3.086211 3.007380
v 0.000165 3.221910 2.924025
v 0.000165 3.312125 2.774661
v 0.000165 3.384011 2.574234
v 0.000165 3.463997 2.353489
v 0.000165 3.585876 2.149367
v 0.000165 3.686574 2.055980
v 0.000165 3.732831 2.038668
v 0.000165 3.773490 2.030009
v 0.000165 4.088953 2.023358
v -0.097211 -3.800154 -0.489540
v -0.395031 -3.836957 -1.986785
v -0.407963 -3.863815 -2.051798
v -0.416231 -3.897284 -2.093359
v -0.421203 -3.929137 -2.118358
v -0.418818 -3.931389 -2.106366
v -0.479803 -3.897536 -2.412959
v -0.504254 -3.871942 -2.535882
v -0.523818 -3.839437 -2.634240
v -0.538960 -3.801367 -2.710363
v -0.550568 -3.758381 -2.768721
v -0.559613 -3.709970 -2.814190
v -0.566933 -3.654639 -2.850992
v -0.573141 -3.590994 -2.882199
v -0.578718 -3.518524 -2.910240
v -0.583723 -3.445344 -2.935399
v -0.585512 -3.370337 -2.944398
v -0.586545 3.086211 -2.949595
v -0.570284 3.221910 -2.867842
v -0.541144 3.312125 -2.721347
v -0.502043 3.384011 -2.524773
v -0.458977 3.463997 -2.308268
v -0.419155 3.585876 -2.108068
v -0.400936 3.686574 -2.016476
v -0.397559 3.732831 -1.999497
v -0.395870 3.773490 -1.991004
v -0.394572 4.088953 -1.984481
v 0.097540 -3.800154 0.489539
v 0.395360 -3.836957 1.986784
v 0.408293 -3.863815 2.051797
v 0.416560 -3.897284 2.093359
v 0.421532 -3.929137 2.118357
v 0.419147 -3.931389 2.106365
v 0.480132 -3.897536 2.412958
v 0.504583 -3.871942 2.535881
v 0.524147 -3.839437 2.634239
v 0.539289 -3.801367 2.710363
v 0.550897 -3.758381 2.768720
v 0.559942 -3.709970 2.814189
v 0.567262 -3.654639 2.850991
v 0.573470 -3.590994 2.882198
v 0.579047 -3.518524 2.910239
v 0.584052 -3.445344 2.935398
v 0.585842 -3.370337 2.944397
v 0.586876 3.086211 2.949593
v 0.570615 3.221910 2.867841
v 0.541475 3.312125 2.721346
v 0.502374 3.384011 2.524771
v 0.459308 3.463997 2.308267
v 0.419486 3.585876 2.108067
v 0.401267 3.686574 2.016475
v 0.397890 3.732832 1.999495
v 0.396201 3.773490 1.991003
v 0.394903 4.088953 1.984479
v -0.190844 -3.800154 -0.461136
v -0.775040 -3.836957 -1.871510
v -0.800407 -3.863816 -1.932751
v -0.816624 -3.897284 -1.971901
v -0.826377 -3.929137 -1.995449
v -0.821699 -3.931389 -1.984154
v -0.941326 -3.897536 -2.272958
v -0.989288 -3.871942 -2.388748
v -1.027665 -3.839437 -2.481400
v -1.057367 -3.801367 -2.553107
v -1.080137 -3.758381 -2.608078
v -1.097878 -3.709970 -2.650909
v -1.112238 -3.654639 -2.685576
v -1.124414 -3.590994 -2.714972
v -1.135355 -3.518524 -2.741387
v -1.145172 -3.445344 -2.765086
v -1.148682 -3.370337 -2.773562
v -1.150709 3.086211 -2.778458
v -1.118811 3.221910 -2.701448
v -1.061652 3.312125 -2.563453
v -0.984952 3.384011 -2.378284
v -0.900476 3.463997 -2.174341
v -0.822362 3.585876 -1.985757
v -0.786625 3.686574 -1.899479
v -0.779999 3.732831 -1.883485
v -0.776686 3.773490 -1.875485
v -0.774140 4.088953 -1.869340
v 0.191174 -3.800154 0.461135
v 0.775369 -3.836957 1.871510
v 0.800736 -3.863815 1.932750
v 0.816953 -3.897284 1.971901
v 0.826706 -3.929137 1.995449
v 0.822028 -3.931389 1.984153
v 0.941655 -3.897536 2.272957
v 0.989617 -3.871942 2.388747
v 1.027994 -3.839437 2.481399
v 1.057696 -3.801367 2.553106
v 1.080466 -3.758381 2.608077
v 1.098207 -3.709970 2.650908
v 1.112567 -3.654639 2.685575
v 1.124743 -3.590994 2.714971
v 1.135684 -3.518524 2.741386
v 1.145501 -3.445344 2.765085
v 1.149011 -3.370337 2.773561
v 1.151040 3.086211 2.778456
v 1.119142 3.221910 2.701446
v 1.061983 3.312125 2.563452
v 0.985283 3.384011 2.378282
v 0.900807 3.463997 2.174339
v 0.822693 3.585876 1.985755
v 0.786956 3.686574 1.899478
v 0.780330 3.732831 1.883483
v 0.777017 3.773490 1.875483
v 0.774471 4.088953 1.869338
v -0.277137 -3.800154 -0.415012
v -1.125258 -3.836957 -1.684315
v -1.162086 -3.863816 -1.739430
v -1.185628 -3.897284 -1.774664
v -1.199788 -3.929137 -1.795857
v -1.192997 -3.931389 -1.785691
v -1.366667 -3.897536 -2.045608
v -1.436297 -3.871942 -2.149817
v -1.492012 -3.839437 -2.233201
v -1.535133 -3.801367 -2.297735
v -1.568190 -3.758381 -2.347208
v -1.593946 -3.709970 -2.385755
v -1.614793 -3.654639 -2.416955
v -1.632470 -3.590994 -2.443410
v -1.648354 -3.518524 -2.467183
v -1.662605 -3.445344 -2.488511
v -1.667703 -3.370337 -2.496140
v -1.670646 3.086211 -2.500546
v -1.624336 3.221910 -2.431239
v -1.541354 3.312125 -2.307047
v -1.430004 3.384011 -2.140399
v -1.307364 3.463997 -1.956856
v -1.193959 3.585876 -1.787134
v -1.142077 3.686574 -1.709486
v -1.132458 3.732831 -1.695091
v -1.127647 3.773490 -1.687892
v -1.123953 4.088953 -1.682362
v 0.277466 -3.800154 0.415011
v 1.125588 -3.836957 1.684314
v 1.162415 -3.863816 1.739429
v 1.185958 -3.897284 1.774664
v 1.200118 -3.929137 1.795856
v 1.193325 -3.931389 1.785690
v 1.366996 -3.897536 2.045607
v 1.436626 -3.871942 2.149816
v 1.492342 -3.839437 2.233200
v 1.535462 -3.801367 2.297734
v 1.568519 -3.758381 2.347208
v 1.594275 -3.709970 2.385754
v 1.615122 -3.654639 2.416954
v 1.632799 -3.590994 2.443409
v 1.648684 -3.518524 2.467182
v 1.662935 -3.445344 2.488510
v 1.668032 -3.370337 2.496139
v 1.670977 3.086211 2.500544
v 1.624667 3.221910 2.431237
v 1.541685 3.312125 2.307045
v 1.430334 3.384011 2.140397
v 1.307694 3.463997 1.956854
v 1.194290 3.585876 1.787132
v 1.142407 3.686574 1.709485
v 1.132789 3.732831 1.695090
v 1.127978 3.773491 1.687890
v 1.124283 4.088953 1.682360
v -0.352773 -3.800154 -0.352938
v -1.432227 -3.836957 -1.432392
v -1.479099 -3.863816 -1.479264
v -1.509063 -3.897284 -1.509228
v -1.527085 -3.929137 -1.527251
v -1.518441 -3.931389 -1.518605
v -1.739481 -3.897536 -1.739647
v -1.828104 -3.871942 -1.828269
v -1.899016 -3.839437 -1.899181
v -1.953898 -3.801367 -1.954063
v -1.995972 -3.758381 -1.996137
v -2.028753 -3.709970 -2.028918
v -2.055286 -3.654639 -2.055451
v -2.077785 -3.590994 -2.077950
v -2.098002 -3.518524 -2.098166
v -2.116141 -3.445344 -2.116305
v -2.122628 -3.370337 -2.122793
v -2.126373 3.086211 -2.126540
v -2.067433 3.221910 -2.067600
v -1.961816 3.312125 -1.961983
v -1.820094 3.384011 -1.820260
v -1.664003 3.463997 -1.664169
v -1.519667 3.585876 -1.519833
v -1.453633 3.686574 -1.453799
v -1.441391 3.732831 -1.441557
v -1.435268 3.773491 -1.435434
v -1.430565 4.088953 -1.430731
v 0.353103 -3.800154 0.352938
v 1.432556 -3.836957 1.432391
v 1.479428 -3.863816 1.479263
v 1.509392 -3.897283 1.509227
v 1.527415 -3.929137 1.527250
v 1.518770 -3.931389 1.518605
v 1.739811 -3.897536 1.739646
v 1.828433 -3.871942 1.828268
v 1.899345 -3.839437 1.899180
v 1.954227 -3.801367 1.954063
v 1.996301 -3.758381 1.996136
v 2.029082 -3.709970 2.028917
v 2.055615 -3.654639 2.055450
v 2.078114 -3.590994 2.077949
v 2.098330 -3.518524 2.098166
v 2.116469 -3.445344 2.116304
v 2.122957 -3.370337 2.122792
v 2.126704 3.086211 2.126538
v 2.067764 3.221910 2.067597
v 1.962147 3.312125 1.961981
v 1.820424 3.384011 1.820258
v 1.664333 3.463997 1.664167
v 1.519997 3.585876 1.519831
v 1.453963 3.686574 1.453797
v 1.441721 3.732831 1.441555
v 1.435599 3.773490 1.435432
v 1.430896 4.088953 1.430729
v -0.414847 -3.800154 -0.277302
v -1.684150 -3.836957 -1.125423
v -1.739266 -3.863815 -1.162250
v -1.774500 -3.897284 -1.185793
v -1.795692 -3.929137 -1.199953
v -1.785527 -3.931389 -1.193160
v -2.045444 -3.897536 -1.366832
v -2.149652 -3.871942 -1.436462
v -2.233036 -3.839437 -1.492177
v -2.297571 -3.801367 -1.535298
v -2.347044 -3.758381 -1.568354
v -2.385590 -3.709970 -1.594110
v -2.416791 -3.654639 -1.614957
v -2.443246 -3.590994 -1.632635
v -2.467018 -3.518524 -1.648519
v -2.488347 -3.445344 -1.662770
v -2.495975 -3.370337 -1.667868
v -2.500381 3.086211 -1.670812
v -2.431073 3.221910 -1.624503
v -2.306882 3.312125 -1.541520
v -2.140234 3.384011 -1.430169
v -1.956690 3.463997 -1.307530
v -1.786969 3.585876 -1.194126
v -1.709321 3.686574 -1.142243
v -1.694926 3.732831 -1.132625
v -1.687726 3.773490 -1.127814
v -1.682196 4.088953 -1.124119
v 0.415176 -3.800154 0.277301
v 1.684479 -3.836957 1.125422
v 1.739595 -3.863815 1.162249
v 1.774829 -3.897283 1.185792
v 1.796021 -3.929137 1.199953
v 1.785856 -3.931389 1.193160
v 2.045773 -3.897536 1.366831
v 2.149981 -3.871942 1.436461
v 2.233365 -3.839437 1.492176
v 2.297900 -3.801367 1.535297
v 2.347373 -3.758381 1.568354
v 2.385919 -3.709970 1.594110
v 2.417119 -3.654639 1.614957
v 2.443575 -3.590994 1.632634
v 2.467347 -3.518524 1.648518
v 2.488676 -3.445344 1.662769
v 2.496304 -3.370337 1.667867
v 2.500710 3.086211 1.670810
v 2.431403 3.221910 1.624500
v 2.307212 3.312125 1.541518
v 2.140563 3.384011 1.430167
v 1.957020 3.463997 1.307527
v 1.787298 3.585876 1.194123
v 1.709651 3.686574 1.142240
v 1.695256 3.732831 1.132622
v 1.688056 3.773490 1.127811
v 1.682526 4.088953 1.124116
v -0.460972 -3.800154 -0.191009
v -1.871346 -3.836957 -0.775205
v -1.932587 -3.863816 -0.800572
v -1.971737 -3.897284 -0.816788
v -1.995285 -3.929137 -0.826542
v -1.983989 -3.931389 -0.821863
v -2.272793 -3.897536 -0.941490
v -2.388584 -3.871942 -0.989452
v -2.481235 -3.839437 -1.027829
v -2.552942 -3.801367 -1.057531
v -2.607913 -3.758381 -1.080301
v -2.650744 -3.709970 -1.098042
v -2.685412 -3.654639 -1.112402
v -2.714807 -3.590994 -1.124578
v -2.741222 -3.518524 -1.135519
v -2.764922 -3.445344 -1.145336
v -2.773397 -3.370337 -1.148847
v -2.778292 3.086211 -1.150875
v -2.701283 3.221910 -1.118977
v -2.563288 3.312125 -1.061818
v -2.378119 3.384011 -0.985118
v -2.174176 3.463997 -0.900642
v -1.985592 3.585876 -0.822528
v -1.899314 3.686574 -0.786791
v -1.883320 3.732831 -0.780166
v -1.875319 3.773490 -0.776852
v -1.869175 4.088953 -0.774307
v 0.461300 -3.800154 0.191008
v 1.871675 -3.836957 0.775204
v 1.932916 -3.863815 0.800571
v 1.972066 -3.897284 0.816788
v 1.995614 -3.929137 0.826541
v 1.984318 -3.931389 0.821862
v 2.273122 -3.897536 0.941489
v 2.388913 -3.871942 0.989451
v 2.481564 -3.839437 1.027829
v 2.553271 -3.801367 1.057531
v 2.608242 -3.758381 1.080300
v 2.651073 -3.709970 1.098041
v 2.685741 -3.654639 1.112401
v 2.715137 -3.590994 1.124577
v 2.741551 -3.518524 1.135518
v 2.765250 -3.445344 1.145335
v 2.773726 -3.370337 1.148846
v 2.778622 3.086211 1.150873
v 2.701612 3.221910 1.118974
v 2.563618 3.312125 1.061815
v 2.378449 3.384011 0.985115
v 2.174506 3.463997 0.900640
v 1.985921 3.585876 0.822526
v 1.899644 3.686574 0.786788
v 1.883649 3.732831 0.780163
v 1.875649 3.773490 0.776849
v 1.869505 4.088953 0.774304
v -0.489375 -3.800154 -0.097376
v -1.986620 -3.836957 -0.395196
v -2.051633 -3.863815 -0.408128
v -2.093195 -3.897284 -0.416395
v -2.118193 -3.929137 -0.421368
v -2.106201 -3.931389 -0.418983
v -2.412794 -3.897536 -0.479968
v -2.535717 -3.871942 -0.504418
v -2.634075 -3.839437 -0.523983
v -2.710198 -3.801367 -0.539125
v -2.768556 -3.758381 -0.550733
v -2.814025 -3.709970 -0.559777
v -2.850828 -3.654639 -0.567098
v -2.882034 -3.590994 -0.573305
v -2.910075 -3.518524 -0.578883
v -2.935234 -3.445344 -0.583888
v -2.944232 -3.370337 -0.585678
v -2.949430 3.086211 -0.586712
v -2.867677 3.221910 -0.570450
v -2.721182 3.312125 -0.541311
v -2.524607 3.384011 -0.502210
v -2.308103 3.463997 -0.459144
v -2.107903 3.585876 -0.419322
v -2.016311 3.686574 -0.401103
v -1.999331 3.732832 -0.397726
v -1.990839 3.773491 -0.396037
v -1.984315 4.088953 -0.394739
v 0.489704 -3.800154 0.097375
v 1.986949 -3.836957 0.395196
v 2.051962 -3.863815 0.408127
v 2.093524 -3.897284 0.416395
v 2.118522 -3.929137 0.421367
v 2.106530 -3.931389 0.418982
v 2.413123 -3.897536 0.479967
v 2.536046 -3.871942 0.504418
v 2.634404 -3.839437 0.523982
v 2.710528 -3.801367 0.539124
v 2.768885 -3.758381 0.550732
v 2.814354 -3.709970 0.559777
v 2.851157 -3.654639 0.567097
v 2.882363 -3.590994 0.573305
v 2.910405 -3.518524 0.578882
v 2.935564 -3.445344 0.583887
v 2.944562 -3.370337 0.585677
v 2.949759 3.086211 0.586709
v 2.868006 3.221910 0.570448
v 2.721511 3.312125 0.541308
v 2.524937 3.384011 0.502207
v 2.308432 3.463997 0.459142
v 2.108232 3.585876 0.419319
v 2.016640 3.686574 0.401100
v 1.999661 3.732831 0.397723
v 1.991168 3.773490 0.396034
v 1.984645 4.088953 0.394736
v -2.025543 -3.836957 -0.000000
v -2.091829 -3.863815 -0.000000
v -2.134206 -3.897283 -0.000000
v -2.159693 -3.929137 -0.000000
v -2.147468 -3.931389 -0.000000
v -2.460067 -3.897536 -0.000000
v -2.585398 -3.871942 -0.000000
v -2.685683 -3.839437 -0.000000
v -2.763298 -3.801367 -0.000000
v -2.822798 -3.758381 -0.000000
v -2.869158 -3.709970 -0.000000
v -2.906682 -3.654639 -0.000000
v -2.938500 -3.590994 -0.000000
v -2.967091 -3.518524 -0.000000
v -2.992742 -3.445344 -0.000000
v 2.147796 -3.931389 -0.000000
v 0.331970 -3.800148 0.331805
v 0.298782 -3.800148 0.298617
v 0.254118 -3.800148 0.253953
v 0.199694 -3.800148 0.199529
v 0.137603 -3.800148 0.137438
v 0.070230 -3.800148 0.070065
v 0.000165 -3.800148 -0.000000
v -0.069901 -3.800148 -0.070066
v -0.137274 -3.800148 -0.137439
v -0.199365 -3.800148 -0.199530
v -0.253788 -3.800148 -0.253954
v -0.298453 -3.800148 -0.298618
v -0.331641 -3.800148 -0.331806
v 2.109144 4.416350 0.000001
v 2.121366 4.412722 0.000001
v 2.130648 4.407902 0.000001
v 2.137386 4.402130 0.000001
v 2.141979 4.395641 0.000001
v 2.144824 4.388676 0.000001
v 2.146318 4.381472 0.000001
v 2.153584 3.986195 0.000001
v 2.165483 3.975869 0.000001
v 2.188815 3.969455 0.000001
v 2.211994 3.943726 0.000001
v 2.210326 3.900381 0.000001
v 2.154122 3.901402 0.000001
v -2.131864 4.407902 0.000001
v 1.948549 4.416350 -0.807366
v 1.959840 4.412722 -0.812043
v 1.978885 4.395641 -0.819931
v 2.039658 3.958366 -0.845104
v 2.042029 3.900381 -0.846087
v 1.990103 3.901402 -0.824578
v -1.949765 4.416350 0.807369
v -1.961057 4.412722 0.812046
v -1.980101 4.395641 0.819934
v -2.001815 3.975869 0.828928
v -2.023371 3.969455 0.837857
v -2.044785 3.943726 0.846727
v -1.991319 3.901402 0.824581
v 1.491212 4.416350 -1.491819
v 1.499854 4.412722 -1.500461
v 1.511182 4.402130 -1.511789
v 1.516441 4.388676 -1.517048
v 1.522635 3.986195 -1.523242
v 1.563938 3.943726 -1.564544
v -1.501070 4.412722 1.500464
v -1.507633 4.407902 1.507027
v -1.512398 4.402130 1.511791
v -1.517657 4.388676 1.517051
v -1.518714 4.381472 1.518108
v -1.523851 3.986195 1.523245
v -1.548763 3.969455 1.548157
v -1.562160 3.958366 1.561553
v -1.565153 3.943726 1.564547
v -1.563974 3.900381 1.563368
v 0.806759 4.416350 -1.949156
v 0.814988 4.407902 -1.969022
v 0.817567 4.402130 -1.975248
v 0.819324 4.395641 -1.979491
v 0.820985 4.381472 -1.983500
v 0.823765 3.986195 -1.990212
v 0.823971 3.901402 -1.990710
v -0.812652 4.412722 1.960450
v -0.816204 4.407902 1.969025
v -0.818783 4.402130 1.975250
v -0.824981 3.986195 1.990215
v -0.847334 3.943726 2.044179
v -0.846695 3.900381 2.042638
v -0.825187 3.901402 1.990713
v -0.000608 4.416350 -2.109751
v -0.000608 4.412722 -2.121973
v -0.000608 4.407902 -2.131254
v -0.000608 4.402130 -2.137993
v -0.000608 4.395641 -2.142586
v -0.000608 4.388676 -2.145431
v -0.000608 4.381472 -2.146925
v -0.000608 3.986195 -2.154190
v -0.000608 3.975869 -2.166090
v -0.000608 3.969455 -2.189422
v -0.000608 3.958366 -2.208366
v -0.000608 3.943726 -2.212600
v -0.000608 3.900381 -2.210933
v -0.000608 3.901402 -2.154729
v -0.000608 3.969455 2.189424
v -0.000608 3.958366 2.208369
v -0.000608 3.900381 2.210935
v -0.000608 3.901402 2.154731
v -0.812653 4.412722 -1.960447
v -0.816205 4.407902 -1.969022
v -0.820541 4.395641 -1.979491
v -0.821630 4.388676 -1.982119
v -0.824982 3.986195 -1.990212
v -0.838464 3.969455 -2.022762
v -0.847334 3.943726 -2.044176
v -0.846696 3.900381 -2.042636
v 0.806760 4.416350 1.949158
v 0.814989 4.407902 1.969024
v 0.819325 4.395641 1.979494
v 0.820414 4.388676 1.982122
v 0.823766 3.986195 1.990215
v 0.828320 3.975869 2.001208
v 0.837248 3.969455 2.022764
v 0.845480 3.900381 2.042638
v 0.823972 3.901402 1.990712
v -1.507633 4.407902 -1.507024
v -1.548764 3.969455 -1.548154
v 1.491212 4.416350 1.491821
v 1.499855 4.412722 1.500463
v 1.511182 4.402130 1.511791
v 1.514430 4.395641 1.515039
v 1.516442 4.388676 1.517051
v 1.517498 4.381472 1.518107
v 1.522635 3.986195 1.523245
v 1.531050 3.975869 1.531659
v 1.547548 3.969455 1.548157
v 1.560944 3.958366 1.561553
v 1.562759 3.900381 1.563367
v 1.523016 3.901402 1.523625
v -1.949765 4.416350 -0.807366
v -1.969631 4.407902 -0.815595
v -1.980101 4.395641 -0.819931
v -1.982729 4.388676 -0.821020
v -2.001815 3.975869 -0.828926
v -2.044785 3.943726 -0.846725
v -2.043244 3.900381 -0.846086
v -1.991319 3.901402 -0.824578
v 1.989606 3.986195 0.824375
v 2.000599 3.975869 0.828928
v 2.022155 3.969455 0.837857
v 2.039658 3.958366 0.845107
v 2.043570 3.943726 0.846727
v -2.110360 4.416350 0.000001
v -2.122582 4.412722 0.000001
v -2.138602 4.402130 0.000001
v -2.143195 4.395641 0.000001
v -2.146040 4.388676 0.000001
v -2.147534 4.381472 0.000001
v -2.154799 3.986195 0.000001
v -2.166698 3.975869 0.000001
v -2.190031 3.969455 0.000001
v -2.208976 3.958366 0.000001
v -2.213210 3.943726 0.000001
v -2.211542 3.900381 0.000001
v -2.155338 3.901402 0.000001
v 2.207759 3.958366 0.000001
v -1.969631 4.407902 0.815597
v -1.975857 4.402130 0.818176
v -1.982729 4.388676 0.821023
v -1.984109 4.381472 0.821594
v -1.990821 3.986195 0.824375
v -2.040874 3.958366 0.845107
v -2.043244 3.900381 0.846089
v 1.968415 4.407902 -0.815595
v 1.974641 4.402130 -0.818174
v 1.981513 4.388676 -0.821020
v 1.982893 4.381472 -0.821592
v 1.989605 3.986195 -0.824372
v 2.000599 3.975869 -0.828926
v 2.022155 3.969455 -0.837855
v 2.043570 3.943726 -0.846725
v -1.492428 4.416350 1.491822
v -1.515646 4.395641 1.515039
v -1.532266 3.975869 1.531659
v -1.524232 3.901402 1.523626
v 1.506417 4.407902 -1.507024
v 1.514430 4.395641 -1.515037
v 1.517498 4.381472 -1.518105
v 1.531049 3.975869 -1.531656
v 1.547547 3.969455 -1.548154
v 1.560944 3.958366 -1.561550
v 1.562758 3.900381 -1.563365
v 1.523016 3.901402 -1.523623
v -0.807975 4.416350 1.949159
v -0.820540 4.395641 1.979494
v -0.821629 4.388676 1.982122
v -0.822201 4.381472 1.983503
v -0.829535 3.975869 2.001208
v -0.838463 3.969455 2.022764
v -0.845713 3.958366 2.040267
v 0.811436 4.412722 -1.960447
v 0.820413 4.388676 -1.982120
v 0.828319 3.975869 -2.001206
v 0.837247 3.969455 -2.022762
v 0.844497 3.958366 -2.040264
v 0.846118 3.943726 -2.044176
v 0.845479 3.900381 -2.042636
v -0.000608 4.416350 2.109754
v -0.000608 4.412722 2.121975
v -0.000608 4.407902 2.131257
v -0.000608 4.402130 2.137995
v -0.000608 4.395641 2.142588
v -0.000608 4.388676 2.145433
v -0.000608 4.381472 2.146928
v -0.000608 3.986195 2.154193
v -0.000608 3.975869 2.166092
v -0.000608 3.943726 2.212603
v 0.811437 4.412722 1.960450
v 0.817567 4.402130 1.975250
v 0.820985 4.381472 1.983503
v 0.844498 3.958366 2.040266
v 0.846118 3.943726 2.044178
v -0.807976 4.416350 -1.949156
v -0.818783 4.402130 -1.975248
v -0.822201 4.381472 -1.983500
v -0.829535 3.975869 -2.001206
v -0.845714 3.958366 -2.040264
v -0.825188 3.901402 -1.990710
v 1.506417 4.407902 1.507026
v 1.563938 3.943726 1.564547
v -1.492429 4.416350 -1.491819
v -1.501070 4.412722 -1.500461
v -1.512399 4.402130 -1.511788
v -1.515646 4.395641 -1.515036
v -1.517658 4.388676 -1.517048
v -1.518714 4.381472 -1.518105
v -1.523851 3.986195 -1.523242
v -1.532266 3.975869 -1.531656
v -1.562160 3.958366 -1.561550
v -1.565154 3.943726 -1.564544
v -1.563974 3.900381 -1.563365
v -1.524232 3.901402 -1.523623
v 1.948549 4.416350 0.807368
v 1.959841 4.412722 0.812045
v 1.968415 4.407902 0.815597
v 1.974641 4.402130 0.818176
v 1.978885 4.395641 0.819934
v 1.981513 4.388676 0.821023
v 1.982893 4.381472 0.821594
v 2.042029 3.900381 0.846089
v 1.990103 3.901402 0.824581
v -1.961057 4.412722 -0.812043
v -1.975857 4.402130 -0.818173
v -1.984109 4.381472 -0.821592
v -1.990822 3.986195 -0.824372
v -2.023372 3.969455 -0.837854
v -2.040874 3.958366 -0.845104
v 1.054268 4.416350 -1.106136
v -1.055484 4.416350 1.106138
v -0.000608 4.416350 1.211052
v 1.054268 4.416350 1.106138
v -1.142398 4.416350 0.000001
v -0.000608 4.416350 0.000001
v 1.141182 4.416350 0.000001
v -1.055484 4.416350 -1.106135
v -0.000608 4.416350 -1.211050
vn -0.0123 -0.9999 -0.0000
vn -0.2156 -0.9765 -0.0000
vn -0.5117 -0.8592 -0.0000
vn -0.7135 -0.7006 -0.0000
vn -0.7966 -0.6045 -0.0000
vn 0.1439 -0.9896 -0.0000
vn 0.2585 -0.9660 -0.0000
vn 0.3804 -0.9248 -0.0000
vn 0.5199 -0.8542 -0.0000
vn 0.6603 -0.7510 -0.0000
vn 0.7794 -0.6265 -0.0000
vn 0.8634 -0.5045 -0.0000
vn 0.9133 -0.4073 -0.0000
vn 0.9381 -0.3463 -0.0000
vn 0.9743 -0.2250 -0.0000
vn 0.9980 -0.0625 -0.0000
vn 0.9644 0.2644 -0.0000
vn 0.7179 0.6962 -0.0000
vn 0.4409 0.8976 -0.0000
vn 0.3396 0.9406 -0.0000
vn 0.4225 0.9063 -0.0000
vn 0.6209 0.7839 -0.0000
vn 0.8557 0.5175 -0.0000
vn 0.9641 0.2656 -0.0000
vn 0.9930 0.1185 -0.0000
vn 0.7146 0.6996 -0.0000
vn 0.0123 -0.9999 -0.0000
vn -0.9980 -0.0625 -0.0000
vn -0.9644 0.2644 -0.0000
vn -0.7179 0.6962 -0.0000
vn -0.4409 0.8976 -0.0000
vn -0.3396 0.9406 -0.0000
vn -0.4225 0.9063 -0.0000
vn -0.6209 0.7839 -0.0000
vn -0.8557 0.5175 -0.0000
vn -0.9641 0.2656 -0.0000
vn -0.9930 0.1185 -0.0000
vn -0.7146 0.6996 -0.0000
vn -0.0120 -0.9999 0.0024
vn -0.2114 -0.9765 0.0421
vn -0.5019 -0.8592 0.0998
vn -0.6998 -0.7006 0.1392
vn -0.7813 -0.6045 0.1554
vn -0.3809 -0.9215 0.0758
vn 0.1412 -0.9896 -0.0281
vn 0.2535 -0.9660 -0.0504
vn 0.3731 -0.9248 -0.0742
vn 0.5100 -0.8542 -0.1014
vn 0.6476 -0.7510 -0.1288
vn 0.7644 -0.6265 -0.1521
vn 0.8468 -0.5045 -0.1684
vn 0.8958 -0.4073 -0.1782
vn 0.9201 -0.3463 -0.1830
vn 0.9556 -0.2250 -0.1901
vn 0.9789 -0.0625 -0.1947
vn 0.9459 0.2644 -0.1881
vn 0.7041 0.6962 -0.1400
vn 0.4324 0.8976 -0.0860
vn 0.3330 0.9406 -0.0662
vn 0.4144 0.9063 -0.0824
vn 0.6090 0.7839 -0.1211
vn 0.8392 0.5175 -0.1669
vn 0.9456 0.2656 -0.1881
vn 0.9739 0.1185 -0.1937
vn 0.7008 0.6996 -0.1394
vn 0.0120 -0.9999 -0.0024
vn 0.2114 -0.9765 -0.0421
vn 0.5019 -0.8592 -0.0998
vn 0.6998 -0.7006 -0.1392
vn 0.7813 -0.6045 -0.1554
vn 0.3809 -0.9215 -0.0758
vn -0.1412 -0.9896 0.0281
vn -0.2535 -0.9660 0.0504
vn -0.3731 -0.9248 0.0742
vn -0.5100 -0.8542 0.1014
vn -0.6476 -0.7510 0.1288
vn -0.7644 -0.6265 0.1521
vn -0.8468 -0.5045 0.1684
vn -0.8958 -0.4073 0.1782
vn -0.9201 -0.3463 0.1830
vn -0.9556 -0.2250 0.1901
vn -0.9789 -0.0625 0.1947
vn -0.9459 0.2644 0.1881
vn -0.7041 0.6962 0.1400
vn -0.4324 0.8976 0.0860
vn -0.3330 0.9406 0.0662
vn -0.4144 0.9063 0.0824
vn -0.6090 0.7839 0.1211
vn -0.8392 0.5175 0.1669
vn -0.9456 0.2656 0.1881
vn -0.9739 0.1185 0.1937
vn -0.7008 0.6996 0.1394
vn -0.0113 -0.9999 0.0047
vn -0.1992 -0.9765 0.0825
vn -0.4728 -0.8592 0.1958
vn -0.6592 -0.7006 0.2731
vn -0.7359 -0.6045 0.3048
vn -0.3588 -0.9215 0.1486
vn 0.1330 -0.9896 -0.0551
vn 0.2388 -0.9660 -0.0989
vn 0.3514 -0.9248 -0.1456
vn 0.4804 -0.8542 -0.1990
vn 0.6101 -0.7510 -0.2527
vn 0.7201 -0.6265 -0.2983
vn 0.7977 -0.5045 -0.3304
vn 0.8438 -0.4073 -0.3495
vn 0.8667 -0.3463 -0.3590
vn 0.9002 -0.2250 -0.3729
vn 0.9221 -0.0625 -0.3819
vn 0.8910 0.2644 -0.3691
vn 0.6632 0.6962 -0.2747
vn 0.4073 0.8976 -0.1687
vn 0.3137 0.9406 -0.1299
vn 0.3904 0.9063 -0.1617
vn 0.5736 0.7839 -0.2376
vn 0.7905 0.5175 -0.3274
vn 0.8907 0.2656 -0.3689
vn 0.9174 0.1185 -0.3800
vn 0.6602 0.6996 -0.2734
vn 0.0113 -0.9999 -0.0047
vn 0.1992 -0.9765 -0.0825
vn 0.4728 -0.8592 -0.1958
vn 0.6592 -0.7006 -0.2731
vn 0.7359 -0.6045 -0.3048
vn 0.3588 -0.9215 -0.1486
vn -0.1330 -0.9896 0.0551
vn -0.2388 -0.9660 0.0989
vn -0.3514 -0.9248 0.1456
vn -0.4804 -0.8542 0.1990
vn -0.6101 -0.7510 0.2527
vn -0.7201 -0.6265 0.2983
vn -0.7977 -0.5045 0.3304
vn -0.8438 -0.4073 0.3495
vn -0.8667 -0.3463 0.3590
vn -0.9002 -0.2250 0.3729
vn -0.9221 -0.0625 0.3819
vn -0.8910 0.2644 0.3691
vn -0.6632 0.6962 0.2747
vn -0.4073 0.8976 0.1687
vn -0.3137 0.9406 0.1299
vn -0.3904 0.9063 0.1617
vn -0.5736 0.7839 0.2376
vn -0.7905 0.5175 0.3274
vn -0.8907 0.2656 0.3689
vn -0.9174 0.1185 0.3800
vn -0.6602 0.6996 0.2735
vn -0.0102 -0.9999 0.0068
vn -0.1792 -0.9765 0.1198
vn -0.4255 -0.8592 0.2843
vn -0.5933 -0.7006 0.3964
vn -0.6623 -0.6045 0.4426
vn -0.3229 -0.9215 0.2158
vn 0.1197 -0.9896 -0.0800
vn 0.2149 -0.9660 -0.1436
vn 0.3163 -0.9248 -0.2113
vn 0.4323 -0.8542 -0.2889
vn 0.5490 -0.7510 -0.3669
vn 0.6481 -0.6265 -0.4330
vn 0.7179 -0.5045 -0.4797
vn 0.7594 -0.4073 -0.5074
vn 0.7800 -0.3463 -0.5212
vn 0.8101 -0.2250 -0.5413
vn 0.8298 -0.0625 -0.5545
vn 0.8019 0.2644 -0.5358
vn 0.5969 0.6962 -0.3988
vn 0.3666 0.8976 -0.2450
vn 0.2823 0.9406 -0.1887
vn 0.3513 0.9063 -0.2347
vn 0.5163 0.7839 -0.3450
vn 0.7115 0.5175 -0.4754
vn 0.8016 0.2656 -0.5356
vn 0.8256 0.1185 -0.5517
vn 0.5941 0.6996 -0.3970
vn 0.0102 -0.9999 -0.0068
vn 0.1792 -0.9765 -0.1198
vn 0.4255 -0.8592 -0.2843
vn 0.5933 -0.7006 -0.3964
vn 0.6623 -0.6045 -0.4426
vn 0.3229 -0.9215 -0.2158
vn -0.1197 -0.9896 0.0800
vn -0.2149 -0.9660 0.1436
vn -0.3163 -0.9248 0.2113
vn -0.4323 -0.8542 0.2889
vn -0.5490 -0.7510 0.3669
vn -0.6481 -0.6265 0.4330
vn -0.7179 -0.5045 0.4797
vn -0.7594 -0.4073 0.5074
vn -0.7800 -0.3463 0.5212
vn -0.8101 -0.2250 0.5413
vn -0.8298 -0.0625 0.5545
vn -0.8019 0.2644 0.5358
vn -0.5969 0.6962 0.3988
vn -0.3666 0.8976 0.2450
vn -0.2823 0.9406 0.1887
vn -0.3513 0.9063 0.2347
vn -0.5163 0.7839 0.3450
vn -0.7115 0.5175 0.4754
vn -0.8016 0.2656 0.5356
vn -0.8256 0.1185 0.5517
vn -0.5941 0.6996 0.3970
vn -0.0087 -0.9999 0.0087
vn -0.1524 -0.9765 0.1524
vn -0.3618 -0.8592 0.3618
vn -0.5045 -0.7006 0.5045
vn -0.5633 -0.6045 0.5633
vn -0.2746 -0.9215 0.2746
vn 0.1018 -0.9896 -0.1018
vn 0.1828 -0.9660 -0.1828
vn 0.2690 -0.9248 -0.2690
vn 0.3677 -0.8542 -0.3677
vn 0.4669 -0.7510 -0.4669
vn 0.5511 -0.6265 -0.5511
vn 0.6105 -0.5045 -0.6105
vn 0.6458 -0.4073 -0.6458
vn 0.6634 -0.3463 -0.6634
vn 0.6890 -0.2250 -0.6890
vn 0.7057 -0.0625 -0.7057
vn 0.6819 0.2644 -0.6819
vn 0.5076 0.6962 -0.5076
vn 0.3118 0.8976 -0.3118
vn 0.2401 0.9406 -0.2401
vn 0.2988 0.9063 -0.2988
vn 0.4390 0.7839 -0.4391
vn 0.6050 0.5175 -0.6050
vn 0.6817 0.2656 -0.6817
vn 0.7021 0.1185 -0.7021
vn 0.5053 0.6996 -0.5053
vn 0.0087 -0.9999 -0.0087
vn 0.1524 -0.9765 -0.1524
vn 0.3618 -0.8592 -0.3618
vn 0.5045 -0.7006 -0.5045
vn 0.5633 -0.6045 -0.5633
vn 0.2746 -0.9215 -0.2746
vn -0.1018 -0.9896 0.1018
vn -0.1828 -0.9660 0.1828
vn -0.2690 -0.9248 0.2690
vn -0.3677 -0.8542 0.3677
vn -0.4669 -0.7510 0.4669
vn -0.5511 -0.6265 0.5511
vn -0.6105 -0.5045 0.6105
vn -0.6458 -0.4073 0.6458
vn -0.6634 -0.3463 0.6634
vn -0.6890 -0.2250 0.6890
vn -0.7057 -0.0625 0.7057
vn -0.6819 0.2644 0.6819
vn -0.5076 0.6962 0.5076
vn -0.3118 0.8976 0.3118
vn -0.2401 0.9406 0.2401
vn -0.2988 0.9063 0.2988
vn -0.4390 0.7839 0.4390
vn -0.6050 0.5175 0.6050
vn -0.6817 0.2656 0.6817
vn -0.7021 0.1185 0.7021
vn -0.5053 0.6996 0.5053
vn -0.0068 -0.9999 0.0102
vn -0.1198 -0.9765 0.1792
vn -0.2843 -0.8592 0.4255
vn -0.3964 -0.7006 0.5933
vn -0.4426 -0.6045 0.6623
vn -0.2158 -0.9215 0.3229
vn 0.0800 -0.9896 -0.1197
vn 0.1436 -0.9660 -0.2149
vn 0.2113 -0.9248 -0.3163
vn 0.2889 -0.8542 -0.4323
vn 0.3669 -0.7510 -0.5490
vn 0.4330 -0.6265 -0.6481
vn 0.4797 -0.5045 -0.7179
vn 0.5074 -0.4073 -0.7594
vn 0.5212 -0.3463 -0.7800
vn 0.5413 -0.2250 -0.8101
vn 0.5545 -0.0625 -0.8298
vn 0.5358 0.2644 -0.8019
vn 0.3988 0.6962 -0.5969
vn 0.2450 0.8976 -0.3666
vn 0.1887 0.9406 -0.2823
vn 0.2347 0.9063 -0.3513
vn 0.3450 0.7839 -0.5163
vn 0.4754 0.5175 -0.7115
vn 0.5356 0.2656 -0.8016
vn 0.5517 0.1185 -0.8256
vn 0.3970 0.6996 -0.5941
vn 0.0068 -0.9999 -0.0102
vn 0.1198 -0.9765 -0.1792
vn 0.2843 -0.8592 -0.4255
vn 0.3964 -0.7006 -0.5933
vn 0.4426 -0.6045 -0.6623
vn 0.2158 -0.9215 -0.3229
vn -0.0800 -0.9896 0.1197
vn -0.1436 -0.9660 0.2149
vn -0.2113 -0.9248 0.3163
vn -0.2889 -0.8542 0.4323
vn -0.3669 -0.7510 0.5490
vn -0.4330 -0.6265 0.6481
vn -0.4797 -0.5045 0.7179
vn -0.5074 -0.4073 0.7594
vn -0.5212 -0.3463 0.7800
vn -0.5413 -0.2250 0.8101
vn -0.5545 -0.0625 0.8298
vn -0.5358 0.2644 0.8019
vn -0.3988 0.6962 0.5969
vn -0.2449 0.8976 0.3666
vn -0.1887 0.9406 0.2823
vn -0.2347 0.9063 0.3513
vn -0.3450 0.7839 0.5163
vn -0.4754 0.5175 0.7115
vn -0.5356 0.2656 0.8016
vn -0.5517 0.1185 0.8256
vn -0.3970 0.6996 0.5941
vn -0.0047 -0.9999 0.0113
vn -0.0825 -0.9765 0.1992
vn -0.1958 -0.8592 0.4728
vn -0.2731 -0.7006 0.6592
vn -0.3048 -0.6045 0.7359
vn -0.1486 -0.9215 0.3588
vn 0.0551 -0.9896 -0.1330
vn 0.0989 -0.9660 -0.2388
vn 0.1456 -0.9248 -0.3514
vn 0.1990 -0.8542 -0.4804
vn 0.2527 -0.7510 -0.6101
vn 0.2983 -0.6265 -0.7201
vn 0.3304 -0.5045 -0.7977
vn 0.3495 -0.4073 -0.8438
vn 0.3590 -0.3463 -0.8667
vn 0.3729 -0.2250 -0.9002
vn 0.3819 -0.0625 -0.9221
vn 0.3691 0.2644 -0.8910
vn 0.2747 0.6962 -0.6632
vn 0.1687 0.8976 -0.4073
vn 0.1299 0.9406 -0.3137
vn 0.1617 0.9063 -0.3904
vn 0.2376 0.7839 -0.5736
vn 0.3274 0.5175 -0.7905
vn 0.3689 0.2656 -0.8907
vn 0.3800 0.1185 -0.9174
vn 0.2734 0.6996 -0.6602
vn 0.0047 -0.9999 -0.0113
vn 0.0825 -0.9765 -0.1992
vn 0.1958 -0.8592 -0.4728
vn 0.2731 -0.7006 -0.6592
vn 0.3048 -0.6045 -0.7359
vn 0.1486 -0.9215 -0.3588
vn -0.0551 -0.9896 0.1330
vn -0.0989 -0.9660 0.2388
vn -0.1456 -0.9248 0.3514
vn -0.1990 -0.8542 0.4804
vn -0.2527 -0.7510 0.6101
vn -0.2983 -0.6265 0.7201
vn -0.3304 -0.5045 0.7977
vn -0.3495 -0.4073 0.8438
vn -0.3590 -0.3463 0.8667
vn -0.3729 -0.2250 0.9002
vn -0.3819 -0.0625 0.9221
vn -0.3691 0.2644 0.8910
vn -0.2747 0.6962 0.6632
vn -0.1687 0.8976 0.4073
vn -0.1299 0.9406 0.3137
vn -0.1617 0.9063 0.3904
vn -0.2376 0.7839 0.5736
vn -0.3274 0.5175 0.7905
vn -0.3689 0.2656 0.8907
vn -0.3800 0.1185 0.9174
vn -0.2735 0.6996 0.6602
vn -0.0024 -0.9999 0.0120
vn -0.0421 -0.9765 0.2114
vn -0.0998 -0.8592 0.5019
vn -0.1392 -0.7006 0.6998
vn -0.1554 -0.6045 0.7813
vn -0.0758 -0.9215 0.3809
vn 0.0281 -0.9896 -0.1412
vn 0.0504 -0.9660 -0.2535
vn 0.0742 -0.9248 -0.3731
vn 0.1014 -0.8542 -0.5100
vn 0.1288 -0.7510 -0.6476
vn 0.1521 -0.6265 -0.7644
vn 0.1684 -0.5045 -0.8468
vn 0.1782 -0.4073 -0.8958
vn 0.1830 -0.3463 -0.9201
vn 0.1901 -0.2250 -0.9556
vn 0.1947 -0.0625 -0.9789
vn 0.1881 0.2644 -0.9459
vn 0.1400 0.6962 -0.7041
vn 0.0860 0.8976 -0.4324
vn 0.0662 0.9406 -0.3330
vn 0.0824 0.9063 -0.4144
vn 0.1211 0.7839 -0.6090
vn 0.1669 0.5175 -0.8392
vn 0.1881 0.2656 -0.9456
vn 0.1937 0.1185 -0.9739
vn 0.1394 0.6996 -0.7008
vn 0.0024 -0.9999 -0.0120
vn 0.0421 -0.9765 -0.2114
vn 0.0998 -0.8592 -0.5019
vn 0.1392 -0.7006 -0.6998
vn 0.1554 -0.6045 -0.7813
vn 0.0758 -0.9215 -0.3809
vn -0.0281 -0.9896 0.1412
vn -0.0504 -0.9660 0.2535
vn -0.0742 -0.9248 0.3731
vn -0.1014 -0.8542 0.5100
vn -0.1288 -0.7510 0.6476
vn -0.1521 -0.6265 0.7644
vn -0.1684 -0.5045 0.8468
vn -0.1782 -0.4073 0.8958
vn -0.1830 -0.3463 0.9201
vn -0.1901 -0.2250 0.9556
vn -0.1947 -0.0625 0.9789
vn -0.1881 0.2644 0.9459
vn -0.1400 0.6962 0.7041
vn -0.0860 0.8976 0.4324
vn -0.0662 0.9406 0.3330
vn -0.0824 0.9063 0.4144
vn -0.1211 0.7839 0.6090
vn -0.1669 0.5175 0.8392
vn -0.1881 0.2656 0.9456
vn -0.1937 0.1185 0.9739
vn -0.1394 0.6996 0.7008
vn -0.0000 -0.9999 0.0123
vn -0.0000 -0.9765 0.2156
vn -0.0000 -0.8592 0.5117
vn -0.0000 -0.7006 0.7135
vn -0.0000 -0.6045 0.7966
vn -0.0000 -0.9215 0.3884
vn -0.0000 -0.9896 -0.1439
vn -0.0000 -0.9660 -0.2585
vn -0.0000 -0.9248 -0.3804
vn -0.0000 -0.8542 -0.5199
vn -0.0000 -0.7510 -0.6603
vn -0.0000 -0.6265 -0.7794
vn -0.0000 -0.5045 -0.8634
vn -0.0000 -0.4073 -0.9133
vn -0.0000 -0.3463 -0.9381
vn -0.0000 -0.2250 -0.9743
vn -0.0000 -0.0625 -0.9980
vn -0.0000 0.2644 -0.9644
vn -0.0000 0.6962 -0.7179
vn -0.0000 0.8976 -0.4409
vn -0.0000 0.9406 -0.3396
vn -0.0000 0.9063 -0.4225
vn -0.0000 0.7839 -0.6209
vn -0.0000 0.5175 -0.8557
vn -0.0000 0.2656 -0.9641
vn -0.0000 0.1185 -0.9930
vn -0.0000 0.6996 -0.7146
vn -0.0000 -0.9999 -0.0123
vn -0.0000 -0.9765 -0.2156
vn -0.0000 -0.8592 -0.5117
vn -0.0000 -0.7006 -0.7135
vn -0.0000 -0.6045 -0.7966
vn -0.0000 -0.9215 -0.3884
vn -0.0000 -0.9896 0.1439
vn -0.0000 -0.9660 0.2585
vn -0.0000 -0.9248 0.3804
vn -0.0000 -0.8542 0.5199
vn -0.0000 -0.7510 0.6603
vn -0.0000 -0.6265 0.7794
vn -0.0000 -0.5045 0.8634
vn -0.0000 -0.4073 0.9133
vn -0.0000 -0.3463 0.9381
vn -0.0000 -0.2250 0.9743
vn -0.0000 -0.0625 0.9980
vn -0.0000 0.2644 0.9644
vn -0.0000 0.6962 0.7179
vn -0.0000 0.8976 0.4409
vn -0.0000 0.9406 0.3396
vn -0.0000 0.9063 0.4225
vn -0.0000 0.7839 0.6209
vn -0.0000 0.5175 0.8557
vn -0.0000 0.2656 0.9641
vn -0.0000 0.1185 0.9930
vn -0.0000 0.6996 0.7146
vn 0.0024 -0.9999 0.0120
vn 0.0421 -0.9765 0.2114
vn 0.0998 -0.8592 0.5019
vn 0.1392 -0.7006 0.6998
vn 0.1554 -0.6045 0.7813
vn 0.0758 -0.9215 0.3809
vn -0.0281 -0.9896 -0.1412
vn -0.0504 -0.9660 -0.2535
vn -0.0742 -0.9248 -0.3731
vn -0.1014 -0.8542 -0.5100
vn -0.1288 -0.7510 -0.6476
vn -0.1521 -0.6265 -0.7644
vn -0.1684 -0.5045 -0.8468
vn -0.1782 -0.4073 -0.8958
vn -0.1830 -0.3463 -0.9201
vn -0.1901 -0.2250 -0.9556
vn -0.1947 -0.0625 -0.9789
vn -0.1881 0.2644 -0.9459
vn -0.1400 0.6962 -0.7041
vn -0.0860 0.8976 -0.4324
vn -0.0662 0.9406 -0.3330
vn -0.0824 0.9063 -0.4144
vn -0.1211 0.7839 -0.6090
vn -0.1669 0.5175 -0.8392
vn -0.1881 0.2656 -0.9456
vn -0.1937 0.1185 -0.9739
vn -0.1394 0.6996 -0.7008
vn -0.0024 -0.9999 -0.0120
vn -0.0421 -0.9765 -0.2114
vn -0.0998 -0.8592 -0.5019
vn -0.1392 -0.7006 -0.6998
vn -0.1554 -0.6045 -0.7813
vn -0.0758 -0.9215 -0.3809
vn 0.0281 -0.9896 0.1412
vn 0.0504 -0.9660 0.2535
vn 0.0742 -0.9248 0.3731
vn 0.1014 -0.8542 0.5100
vn 0.1288 -0.7510 0.6476
vn 0.1521 -0.6265 0.7644
vn 0.1684 -0.5045 0.8468
vn 0.1782 -0.4073 0.8958
vn 0.1830 -0.3463 0.9201
vn 0.1901 -0.2250 0.9556
vn 0.1947 -0.0625 0.9789
vn 0.1881 0.2644 0.9459
vn 0.1400 0.6962 0.7041
vn 0.0860 0.8976 0.4324
vn 0.0662 0.9406 0.3330
vn 0.0824 0.9063 0.4144
vn 0.1211 0.7839 0.6090
vn 0.1669 0.5175 0.8392
vn 0.1881 0.2656 0.9456
vn 0.1937 0.1185 0.9739
vn 0.1394 0.6996 0.7008
vn 0.0047 -0.9999 0.0113
vn 0.0825 -0.9765 0.1992
vn 0.1958 -0.8592 0.4728
vn 0.2731 -0.7006 0.6592
vn 0.3048 -0.6045 0.7359
vn 0.1486 -0.9215 0.3588
vn -0.0551 -0.9896 -0.1330
vn -0.0989 -0.9660 -0.2388
vn -0.1456 -0.9248 -0.3514
vn -0.1990 -0.8542 -0.4804
vn -0.2527 -0.7510 -0.6101
vn -0.2983 -0.6265 -0.7201
vn -0.3304 -0.5045 -0.7977
vn -0.3495 -0.4073 -0.8438
vn -0.3590 -0.3463 -0.8667
vn -0.3729 -0.2250 -0.9002
vn -0.3819 -0.0625 -0.9221
vn -0.3691 0.2644 -0.8910
vn -0.2747 0.6962 -0.6632
vn -0.1687 0.8976 -0.4073
vn -0.1299 0.9406 -0.3137
vn -0.1617 0.9063 -0.3904
vn -0.2376 0.7839 -0.5736
vn -0.3274 0.5175 -0.7905
vn -0.3689 0.2656 -0.8907
vn -0.3800 0.1185 -0.9174
vn -0.2734 0.6996 -0.6602
vn -0.0047 -0.9999 -0.0113
vn -0.0825 -0.9765 -0.1992
vn -0.1958 -0.8592 -0.4728
vn -0.2731 -0.7006 -0.6592
vn -0.3048 -0.6045 -0.7359
vn -0.1486 -0.9215 -0.3588
vn 0.0551 -0.9896 0.1330
vn 0.0989 -0.9660 0.2388
vn 0.1456 -0.9248 0.3514
vn 0.1990 -0.8542 0.4804
vn 0.2527 -0.7510 0.6101
vn 0.2983 -0.6265 0.7201
vn 0.3304 -0.5045 0.7977
vn 0.3495 -0.4073 0.8438
vn 0.3590 -0.3463 0.8667
vn 0.3729 -0.2250 0.9002
vn 0.3819 -0.0625 0.9221
vn 0.3691 0.2644 0.8910
vn 0.2747 0.6962 0.6632
vn 0.1687 0.8976 0.4073
vn 0.1299 0.9406 0.3137
vn 0.1617 0.9063 0.3904
vn 0.2376 0.7839 0.5736
vn 0.3274 0.5175 0.7905
vn 0.3689 0.2656 0.8907
vn 0.3800 0.1185 0.9174
vn 0.2735 0.6996 0.6602
vn 0.0068 -0.9999 0.0102
vn 0.1198 -0.9765 0.1792
vn 0.2843 -0.8592 0.4255
vn 0.3964 -0.7006 0.5933
vn 0.4426 -0.6045 0.6623
vn 0.2158 -0.9215 0.3229
vn -0.0800 -0.9896 -0.1197
vn -0.1436 -0.9660 -0.2149
vn -0.2113 -0.9248 -0.3163
vn -0.2889 -0.8542 -0.4323
vn -0.3669 -0.7510 -0.5490
vn -0.4330 -0.6265 -0.6481
vn -0.4797 -0.5045 -0.7179
vn -0.5074 -0.4073 -0.7594
vn -0.5212 -0.3463 -0.7800
vn -0.5413 -0.2250 -0.8101
vn -0.5545 -0.0625 -0.8298
vn -0.5358 0.2644 -0.8019
vn -0.3988 0.6962 -0.5969
vn -0.2450 0.8976 -0.3666
vn -0.1887 0.9406 -0.2823
vn -0.2347 0.9063 -0.3513
vn -0.3450 0.7839 -0.5163
vn -0.4754 0.5175 -0.7115
vn -0.5356 0.2656 -0.8016
vn -0.5517 0.1185 -0.8256
vn -0.3970 0.6996 -0.5941
vn -0.0068 -0.9999 -0.0102
vn -0.1198 -0.9765 -0.1792
vn -0.2843 -0.8592 -0.4255
vn -0.3964 -0.7006 -0.5933
vn -0.4426 -0.6045 -0.6623
vn -0.2158 -0.9215 -0.3229
vn 0.0800 -0.9896 0.1197
vn 0.1436 -0.9660 0.2149
vn 0.2113 -0.9248 0.3163
vn 0.2889 -0.8542 0.4323
vn 0.3669 -0.7510 0.5490
vn 0.4330 -0.6265 0.6481
vn 0.4797 -0.5045 0.7179
vn 0.5074 -0.4073 0.7594
vn 0.5212 -0.3463 0.7800
vn 0.5413 -0.2250 0.8101
vn 0.5545 -0.0625 0.8298
vn 0.5358 0.2644 0.8019
vn 0.3988 0.6962 0.5969
vn 0.2450 0.8976 0.3666
vn 0.1887 0.9406 0.2823
vn 0.2347 0.9063 0.3513
vn 0.3450 0.7839 0.5163
vn 0.4754 0.5175 0.7115
vn 0.5356 0.2656 0.8016
vn 0.5517 0.1185 0.8256
vn 0.3970 0.6996 0.5941
vn 0.0087 -0.9999 0.0087
vn 0.1524 -0.9765 0.1524
vn 0.3618 -0.8592 0.3618
vn 0.5045 -0.7006 0.5045
vn 0.5633 -0.6045 0.5633
vn 0.2746 -0.9215 0.2746
vn -0.1018 -0.9896 -0.1018
vn -0.1828 -0.9660 -0.1828
vn -0.2690 -0.9248 -0.2690
vn -0.3677 -0.8542 -0.3677
vn -0.4669 -0.7510 -0.4669
vn -0.5511 -0.6265 -0.5511
vn -0.6105 -0.5045 -0.6105
vn -0.6458 -0.4073 -0.6458
vn -0.6634 -0.3463 -0.6634
vn -0.6890 -0.2250 -0.6890
vn -0.7057 -0.0625 -0.7057
vn -0.6819 0.2644 -0.6819
vn -0.5076 0.6962 -0.5076
vn -0.3118 0.8976 -0.3118
vn -0.2401 0.9406 -0.2401
vn -0.2988 0.9063 -0.2988
vn -0.4390 0.7839 -0.4391
vn -0.6050 0.5175 -0.6050
vn -0.6817 0.2656 -0.6817
vn -0.7021 0.1185 -0.7021
vn -0.5053 0.6996 -0.5053
vn -0.0087 -0.9999 -0.0087
vn -0.1524 -0.9765 -0.1524
vn -0.3618 -0.8592 -0.3618
vn -0.5045 -0.7006 -0.5045
vn -0.5633 -0.6045 -0.5633
vn -0.2746 -0.9215 -0.2746
vn 0.1018 -0.9896 0.1018
vn 0.1828 -0.9660 0.1828
vn 0.2690 -0.9248 0.2690
vn 0.3677 -0.8542 0.3677
vn 0.4669 -0.7510 0.4669
vn 0.5511 -0.6265 0.5511
vn 0.6105 -0.5045 0.6105
vn 0.6458 -0.4073 0.6458
vn 0.6634 -0.3463 0.6634
vn 0.6890 -0.2250 0.6890
vn 0.7057 -0.0625 0.7057
vn 0.6819 0.2644 0.6819
vn 0.5076 0.6962 0.5076
vn 0.3118 0.8976 0.3118
vn 0.2401 0.9406 0.2401
vn 0.2988 0.9063 0.2988
vn 0.4391 0.7839 0.4390
vn 0.6050 0.5175 0.6050
vn 0.6817 0.2656 0.6817
vn 0.7021 0.1185 0.7021
vn 0.5053 0.6996 0.5053
vn 0.0102 -0.9999 0.0068
vn 0.1792 -0.9765 0.1198
vn 0.4255 -0.8592 0.2843
vn 0.5933 -0.7006 0.3964
vn 0.6623 -0.6045 0.4426
vn 0.3229 -0.9215 0.2158
vn -0.1197 -0.9896 -0.0800
vn -0.2149 -0.9660 -0.1436
vn -0.3163 -0.9248 -0.2113
vn -0.4323 -0.8542 -0.2889
vn -0.5490 -0.7510 -0.3669
vn -0.6481 -0.6265 -0.4330
vn -0.7179 -0.5045 -0.4797
vn -0.7594 -0.4073 -0.5074
vn -0.7800 -0.3463 -0.5212
vn -0.8101 -0.2250 -0.5413
vn -0.8298 -0.0625 -0.5545
vn -0.8019 0.2644 -0.5358
vn -0.5969 0.6962 -0.3988
vn -0.3666 0.8976 -0.2450
vn -0.2823 0.9406 -0.1887
vn -0.3513 0.9063 -0.2347
vn -0.5163 0.7839 -0.3450
vn -0.7115 0.5175 -0.4754
vn -0.8016 0.2656 -0.5356
vn -0.8256 0.1185 -0.5517
vn -0.5941 0.6996 -0.3970
vn -0.0102 -0.9999 -0.0068
vn -0.1792 -0.9765 -0.1198
vn -0.4255 -0.8592 -0.2843
vn -0.5933 -0.7006 -0.3964
vn -0.6623 -0.6045 -0.4426
vn -0.3229 -0.9215 -0.2158
vn 0.1197 -0.9896 0.0800
vn 0.2149 -0.9660 0.1436
vn 0.3163 -0.9248 0.2113
vn 0.4323 -0.8542 0.2889
vn 0.5490 -0.7510 0.3669
vn 0.6481 -0.6265 0.4330
vn 0.7179 -0.5045 0.4797
vn 0.7594 -0.4073 0.5074
vn 0.7800 -0.3463 0.5212
vn 0.8101 -0.2250 0.5413
vn 0.8298 -0.0625 0.5545
vn 0.8019 0.2644 0.5358
vn 0.5969 0.6962 0.3988
vn 0.3666 0.8976 0.2450
vn 0.2823 0.9406 0.1887
vn 0.3513 0.9063 0.2347
vn 0.5163 0.7839 0.3450
vn 0.7115 0.5175 0.4754
vn 0.8016 0.2656 0.5356
vn 0.8256 0.1185 0.5517
vn 0.5941 0.6996 0.3970
vn 0.0114 -0.9999 0.0047
vn 0.1992 -0.9765 0.0825
vn 0.4728 -0.8592 0.1958
vn 0.6592 -0.7006 0.2731
vn 0.7359 -0.6045 0.3048
vn 0.3588 -0.9215 0.1486
vn -0.1330 -0.9896 -0.0551
vn -0.2388 -0.9660 -0.0989
vn -0.3514 -0.9248 -0.1456
vn -0.4804 -0.8542 -0.1990
vn -0.6101 -0.7510 -0.2527
vn -0.7201 -0.6265 -0.2983
vn -0.7977 -0.5045 -0.3304
vn -0.8438 -0.4073 -0.3495
vn -0.8667 -0.3463 -0.3590
vn -0.9002 -0.2250 -0.3729
vn -0.9221 -0.0625 -0.3819
vn -0.8910 0.2644 -0.3691
vn -0.6632 0.6962 -0.2747
vn -0.4073 0.8976 -0.1687
vn -0.3137 0.9406 -0.1299
vn -0.3904 0.9063 -0.1617
vn -0.5736 0.7839 -0.2376
vn -0.7905 0.5175 -0.3274
vn -0.8907 0.2656 -0.3689
vn -0.9174 0.1185 -0.3800
vn -0.6602 0.6996 -0.2735
vn -0.0113 -0.9999 -0.0047
vn -0.1992 -0.9765 -0.0825
vn -0.4728 -0.8592 -0.1958
vn -0.6592 -0.7006 -0.2731
vn -0.7359 -0.6045 -0.3048
vn -0.3588 -0.9215 -0.1486
vn 0.1330 -0.9896 0.0551
vn 0.2388 -0.9660 0.0989
vn 0.3514 -0.9248 0.1456
vn 0.4804 -0.8542 0.1990
vn 0.6101 -0.7510 0.2527
vn 0.7201 -0.6265 0.2983
vn 0.7977 -0.5045 0.3304
vn 0.8438 -0.4073 0.3495
vn 0.8667 -0.3463 0.3590
vn 0.9002 -0.2250 0.3729
vn 0.9221 -0.0625 0.3819
vn 0.8910 0.2644 0.3691
vn 0.6632 0.6962 0.2747
vn 0.4073 0.8976 0.1687
vn 0.3137 0.9406 0.1299
vn 0.3904 0.9063 0.1617
vn 0.5736 0.7839 0.2376
vn 0.7905 0.5175 0.3274
vn 0.8907 0.2656 0.3689
vn 0.9174 0.1185 0.3800
vn 0.6602 0.6996 0.2734
vn 0.0120 -0.9999 0.0024
vn 0.2114 -0.9765 0.0421
vn 0.5019 -0.8592 0.0998
vn 0.6998 -0.7006 0.1392
vn 0.7813 -0.6045 0.1554
vn 0.3809 -0.9215 0.0758
vn -0.1412 -0.9896 -0.0281
vn -0.2535 -0.9660 -0.0504
vn -0.3731 -0.9248 -0.0742
vn -0.5100 -0.8542 -0.1014
vn -0.6476 -0.7510 -0.1288
vn -0.7644 -0.6265 -0.1521
vn -0.8468 -0.5045 -0.1684
vn -0.8958 -0.4073 -0.1782
vn -0.9201 -0.3463 -0.1830
vn -0.9556 -0.2250 -0.1901
vn -0.9789 -0.0625 -0.1947
vn -0.9459 0.2644 -0.1881
vn -0.7041 0.6962 -0.1400
vn -0.4324 0.8976 -0.0860
vn -0.3330 0.9406 -0.0662
vn -0.4144 0.9063 -0.0824
vn -0.6090 0.7839 -0.1211
vn -0.8392 0.5175 -0.1669
vn -0.9456 0.2656 -0.1881
vn -0.9739 0.1185 -0.1937
vn -0.7008 0.6996 -0.1394
vn -0.0120 -0.9999 -0.0024
vn -0.2114 -0.9765 -0.0421
vn -0.5019 -0.8592 -0.0998
vn -0.6998 -0.7006 -0.1392
vn -0.7813 -0.6045 -0.1554
vn -0.3809 -0.9215 -0.0758
vn 0.1412 -0.9896 0.0281
vn 0.2535 -0.9660 0.0504
vn 0.3731 -0.9248 0.0742
vn 0.5100 -0.8542 0.1014
vn 0.6476 -0.7510 0.1288
vn 0.7644 -0.6265 0.1521
vn 0.8468 -0.5045 0.1684
vn 0.8958 -0.4073 0.1782
vn 0.9201 -0.3463 0.1830
vn 0.9556 -0.2250 0.1901
vn 0.9789 -0.0625 0.1947
vn 0.9459 0.2644 0.1881
vn 0.7041 0.6962 0.1400
vn 0.4324 0.8976 0.0860
vn 0.3330 0.9406 0.0662
vn 0.4144 0.9063 0.0824
vn 0.6090 0.7839 0.1211
vn 0.8392 0.5175 0.1669
vn 0.9456 0.2656 0.1881
vn 0.9739 0.1185 0.1937
vn 0.7008 0.6996 0.1394
vn 0.2156 -0.9765 -0.0000
vn 0.5117 -0.8592 -0.0000
vn 0.7135 -0.7006 -0.0000
vn 0.7966 -0.6045 -0.0000
vn 0.3884 -0.9215 -0.0000
vn -0.1439 -0.9896 -0.0000
vn -0.2585 -0.9660 -0.0000
vn -0.3804 -0.9248 -0.0000
vn -0.5199 -0.8542 -0.0000
vn -0.6603 -0.7510 -0.0000
vn -0.7794 -0.6265 -0.0000
vn -0.8634 -0.5045 -0.0000
vn -0.9133 -0.4073 -0.0000
vn -0.9381 -0.3463 -0.0000
vn -0.9743 -0.2250 -0.0000
vn -0.3884 -0.9215 -0.0000
vn -0.0000 -1.0000 -0.0000
vn 0.0128 0.9999 -0.0000
vn 0.2138 0.9769 -0.0000
vn 0.5092 0.8606 -0.0000
vn 0.7084 0.7058 -0.0000
vn 0.9429 -0.3330 -0.0000
vn -0.1569 0.9876 -0.0000
vn -0.2579 0.9662 -0.0000
vn -0.3791 0.9253 -0.0000
vn -0.5187 0.8550 -0.0000
vn -0.6598 0.7514 -0.0000
vn -0.7797 0.6261 -0.0000
vn -0.8640 0.5035 -0.0000
vn -0.9137 0.4065 -0.0000
vn -0.9373 0.3486 -0.0000
vn -0.9741 0.2260 -0.0000
vn -0.9981 0.0610 -0.0000
vn -0.9636 -0.2672 -0.0000
vn -0.7117 -0.7025 -0.0000
vn -0.4345 -0.9007 -0.0000
vn -0.3391 -0.9408 -0.0000
vn -0.4237 -0.9058 -0.0000
vn -0.6239 -0.7815 -0.0000
vn -0.8476 -0.5307 -0.0000
vn -0.9596 -0.2814 -0.0000
vn -0.9933 -0.1159 -0.0000
vn -0.6989 0.7153 -0.0000
vn -0.0128 0.9999 -0.0000
vn 0.9981 0.0610 -0.0000
vn 0.9636 -0.2672 -0.0000
vn 0.7117 -0.7025 -0.0000
vn 0.4345 -0.9007 -0.0000
vn 0.3390 -0.9408 -0.0000
vn 0.4237 -0.9058 -0.0000
vn 0.6239 -0.7815 -0.0000
vn 0.8476 -0.5307 -0.0000
vn 0.9596 -0.2814 -0.0000
vn 0.9933 -0.1159 -0.0000
vn 0.6989 0.7153 -0.0000
vn 0.0126 0.9999 -0.0025
vn 0.2097 0.9769 -0.0417
vn 0.4995 0.8606 -0.0993
vn 0.6948 0.7058 -0.1382
vn 0.9248 -0.3330 -0.1840
vn 0.9690 0.1543 -0.1927
vn -0.1539 0.9876 0.0306
vn -0.2529 0.9662 0.0503
vn -0.3718 0.9253 0.0740
vn -0.5087 0.8550 0.1012
vn -0.6471 0.7514 0.1287
vn -0.7647 0.6261 0.1521
vn -0.8474 0.5035 0.1686
vn -0.8961 0.4065 0.1782
vn -0.9193 0.3486 0.1829
vn -0.9554 0.2260 0.1900
vn -0.9790 0.0610 0.1947
vn -0.9451 -0.2672 0.1880
vn -0.6980 -0.7025 0.1389
vn -0.4261 -0.9007 0.0848
vn -0.3325 -0.9408 0.0661
vn -0.4156 -0.9058 0.0827
vn -0.6119 -0.7815 0.1217
vn -0.8313 -0.5307 0.1654
vn -0.9411 -0.2814 0.1872
vn -0.9742 -0.1159 0.1938
vn -0.6854 0.7153 0.1363
vn -0.0126 0.9999 0.0025
vn -0.2097 0.9769 0.0417
vn -0.4995 0.8606 0.0993
vn -0.6948 0.7058 0.1382
vn -0.9248 -0.3330 0.1840
vn -0.9690 0.1543 0.1928
vn 0.1539 0.9876 -0.0306
vn 0.2529 0.9662 -0.0503
vn 0.3718 0.9253 -0.0740
vn 0.5087 0.8550 -0.1012
vn 0.6471 0.7514 -0.1287
vn 0.7647 0.6261 -0.1521
vn 0.8474 0.5035 -0.1686
vn 0.8961 0.4065 -0.1782
vn 0.9193 0.3486 -0.1829
vn 0.9554 0.2259 -0.1900
vn 0.9790 0.0610 -0.1947
vn 0.9451 -0.2672 -0.1880
vn 0.6981 -0.7025 -0.1389
vn 0.4261 -0.9007 -0.0848
vn 0.3325 -0.9408 -0.0661
vn 0.4156 -0.9058 -0.0827
vn 0.6119 -0.7815 -0.1217
vn 0.8313 -0.5307 -0.1654
vn 0.9411 -0.2814 -0.1872
vn 0.9742 -0.1159 -0.1938
vn 0.6854 0.7153 -0.1363
vn 0.0118 0.9999 -0.0049
vn 0.1975 0.9769 -0.0818
vn 0.4705 0.8606 -0.1949
vn 0.6545 0.7058 -0.2711
vn 0.8711 -0.3330 -0.3608
vn 0.9128 0.1543 -0.3781
vn -0.1449 0.9876 0.0600
vn -0.2382 0.9662 0.0987
vn -0.3503 0.9253 0.1451
vn -0.4792 0.8550 0.1985
vn -0.6096 0.7514 0.2525
vn -0.7204 0.6261 0.2984
vn -0.7982 0.5035 0.3306
vn -0.8441 0.4065 0.3496
vn -0.8659 0.3486 0.3587
vn -0.9000 0.2260 0.3728
vn -0.9222 0.0610 0.3820
vn -0.8903 -0.2672 0.3688
vn -0.6575 -0.7025 0.2724
vn -0.4014 -0.9007 0.1663
vn -0.3132 -0.9408 0.1297
vn -0.3915 -0.9058 0.1622
vn -0.5764 -0.7815 0.2388
vn -0.7831 -0.5307 0.3244
vn -0.8865 -0.2814 0.3672
vn -0.9177 -0.1159 0.3801
vn -0.6457 0.7153 0.2674
vn -0.0118 0.9999 0.0049
vn -0.1975 0.9769 0.0818
vn -0.4705 0.8606 0.1949
vn -0.6545 0.7058 0.2711
vn -0.8711 -0.3330 0.3608
vn -0.9128 0.1543 0.3780
vn 0.1449 0.9876 -0.0600
vn 0.2382 0.9662 -0.0987
vn 0.3503 0.9253 -0.1451
vn 0.4792 0.8550 -0.1985
vn 0.6096 0.7514 -0.2525
vn 0.7204 0.6261 -0.2984
vn 0.7982 0.5035 -0.3306
vn 0.8441 0.4065 -0.3496
vn 0.8659 0.3486 -0.3587
vn 0.9000 0.2260 -0.3728
vn 0.9222 0.0610 -0.3820
vn 0.8903 -0.2672 -0.3688
vn 0.6575 -0.7025 -0.2724
vn 0.4014 -0.9007 -0.1663
vn 0.3132 -0.9408 -0.1297
vn 0.3915 -0.9058 -0.1622
vn 0.5764 -0.7815 -0.2388
vn 0.7831 -0.5307 -0.3244
vn 0.8865 -0.2814 -0.3672
vn 0.9177 -0.1159 -0.3801
vn 0.6457 0.7153 -0.2674
vn 0.0107 0.9999 -0.0071
vn 0.1778 0.9769 -0.1188
vn 0.4234 0.8606 -0.2829
vn 0.5890 0.7058 -0.3936
vn 0.7840 -0.3330 -0.5239
vn 0.8215 0.1543 -0.5489
vn -0.1305 0.9876 0.0872
vn -0.2144 0.9662 0.1433
vn -0.3152 0.9253 0.2106
vn -0.4313 0.8550 0.2882
vn -0.5486 0.7514 0.3666
vn -0.6483 0.6261 0.4332
vn -0.7184 0.5035 0.4800
vn -0.7597 0.4065 0.5076
vn -0.7793 0.3486 0.5207
vn -0.8100 0.2260 0.5412
vn -0.8299 0.0610 0.5545
vn -0.8012 -0.2672 0.5354
vn -0.5918 -0.7025 0.3954
vn -0.3612 -0.9007 0.2414
vn -0.2819 -0.9408 0.1884
vn -0.3523 -0.9058 0.2354
vn -0.5188 -0.7815 0.3466
vn -0.7047 -0.5307 0.4709
vn -0.7979 -0.2814 0.5331
vn -0.8259 -0.1159 0.5518
vn -0.5811 0.7153 0.3883
vn -0.0107 0.9999 0.0071
vn -0.1778 0.9769 0.1188
vn -0.4234 0.8606 0.2829
vn -0.5890 0.7058 0.3936
vn -0.7840 -0.3330 0.5238
vn -0.8216 0.1543 0.5487
vn 0.1305 0.9876 -0.0872
vn 0.2144 0.9662 -0.1433
vn 0.3152 0.9253 -0.2106
vn 0.4313 0.8550 -0.2882
vn 0.5486 0.7514 -0.3666
vn 0.6483 0.6261 -0.4332
vn 0.7184 0.5035 -0.4800
vn 0.7597 0.4065 -0.5076
vn 0.7793 0.3486 -0.5207
vn 0.8100 0.2260 -0.5412
vn 0.8299 0.0610 -0.5545
vn 0.8012 -0.2672 -0.5354
vn 0.5918 -0.7025 -0.3954
vn 0.3612 -0.9007 -0.2414
vn 0.2819 -0.9408 -0.1884
vn 0.3523 -0.9058 -0.2354
vn 0.5188 -0.7815 -0.3466
vn 0.7047 -0.5307 -0.4709
vn 0.7979 -0.2814 -0.5331
vn 0.8259 -0.1159 -0.5518
vn 0.5811 0.7153 -0.3883
vn 0.0091 0.9999 -0.0091
vn 0.1512 0.9769 -0.1512
vn 0.3601 0.8606 -0.3601
vn 0.5009 0.7058 -0.5009
vn 0.6667 -0.3330 -0.6667
vn 0.6986 0.1543 -0.6986
vn -0.1109 0.9876 0.1109
vn -0.1823 0.9662 0.1823
vn -0.2681 0.9253 0.2681
vn -0.3668 0.8550 0.3668
vn -0.4666 0.7514 0.4666
vn -0.5513 0.6261 0.5513
vn -0.6109 0.5035 0.6109
vn -0.6461 0.4065 0.6461
vn -0.6628 0.3486 0.6628
vn -0.6888 0.2260 0.6888
vn -0.7058 0.0610 0.7058
vn -0.6814 -0.2672 0.6814
vn -0.5033 -0.7025 0.5033
vn -0.3072 -0.9007 0.3072
vn -0.2397 -0.9408 0.2397
vn -0.2996 -0.9058 0.2996
vn -0.4412 -0.7815 0.4412
vn -0.5993 -0.5307 0.5993
vn -0.6785 -0.2814 0.6785
vn -0.7023 -0.1159 0.7023
vn -0.4942 0.7153 0.4942
vn -0.0091 0.9999 0.0091
vn -0.1512 0.9769 0.1512
vn -0.3601 0.8606 0.3601
vn -0.5009 0.7058 0.5009
vn -0.6668 -0.3330 0.6667
vn -0.6988 0.1543 0.6985
vn 0.1109 0.9876 -0.1109
vn 0.1823 0.9662 -0.1823
vn 0.2681 0.9253 -0.2681
vn 0.3668 0.8550 -0.3668
vn 0.4666 0.7514 -0.4666
vn 0.5513 0.6261 -0.5513
vn 0.6109 0.5035 -0.6109
vn 0.6461 0.4065 -0.6461
vn 0.6628 0.3486 -0.6628
vn 0.6888 0.2260 -0.6888
vn 0.7058 0.0610 -0.7058
vn 0.6814 -0.2672 -0.6814
vn 0.5033 -0.7025 -0.5033
vn 0.3072 -0.9007 -0.3072
vn 0.2397 -0.9408 -0.2397
vn 0.2996 -0.9058 -0.2996
vn 0.4412 -0.7815 -0.4412
vn 0.5993 -0.5307 -0.5993
vn 0.6785 -0.2814 -0.6785
vn 0.7023 -0.1159 -0.7023
vn 0.4942 0.7153 -0.4942
vn 0.0071 0.9999 -0.0107
vn 0.1188 0.9769 -0.1778
vn 0.2829 0.8606 -0.4234
vn 0.3936 0.7058 -0.5890
vn 0.5239 -0.3330 -0.7840
vn 0.5488 0.1543 -0.8216
vn -0.0872 0.9876 0.1305
vn -0.1433 0.9662 0.2144
vn -0.2106 0.9253 0.3152
vn -0.2882 0.8550 0.4313
vn -0.3666 0.7514 0.5486
vn -0.4332 0.6261 0.6483
vn -0.4800 0.5035 0.7184
vn -0.5076 0.4065 0.7597
vn -0.5207 0.3486 0.7793
vn -0.5412 0.2260 0.8100
vn -0.5545 0.0610 0.8299
vn -0.5354 -0.2672 0.8012
vn -0.3954 -0.7025 0.5918
vn -0.2414 -0.9007 0.3612
vn -0.1884 -0.9408 0.2819
vn -0.2354 -0.9058 0.3523
vn -0.3466 -0.7815 0.5188
vn -0.4709 -0.5307 0.7047
vn -0.5331 -0.2814 0.7979
vn -0.5518 -0.1159 0.8259
vn -0.3883 0.7153 0.5811
vn -0.0071 0.9999 0.0107
vn -0.1188 0.9769 0.1778
vn -0.2829 0.8606 0.4234
vn -0.3936 0.7058 0.5890
vn -0.5239 -0.3330 0.7840
vn -0.5489 0.1543 0.8215
vn 0.0872 0.9876 -0.1305
vn 0.1433 0.9662 -0.2144
vn 0.2106 0.9253 -0.3152
vn 0.2882 0.8550 -0.4313
vn 0.3666 0.7514 -0.5486
vn 0.4332 0.6261 -0.6483
vn 0.4800 0.5035 -0.7184
vn 0.5076 0.4065 -0.7597
vn 0.5207 0.3486 -0.7793
vn 0.5412 0.2260 -0.8100
vn 0.5545 0.0610 -0.8299
vn 0.5354 -0.2672 -0.8012
vn 0.3954 -0.7025 -0.5918
vn 0.2414 -0.9007 -0.3612
vn 0.1884 -0.9408 -0.2819
vn 0.2354 -0.9058 -0.3523
vn 0.3466 -0.7815 -0.5188
vn 0.4709 -0.5307 -0.7047
vn 0.5331 -0.2814 -0.7979
vn 0.5518 -0.1159 -0.8259
vn 0.3883 0.7153 -0.5811
vn 0.0049 0.9999 -0.0118
vn 0.0818 0.9769 -0.1975
vn 0.1949 0.8606 -0.4705
vn 0.2711 0.7058 -0.6545
vn 0.3608 -0.3330 -0.8711
vn 0.3781 0.1543 -0.9128
vn -0.0600 0.9876 0.1449
vn -0.0987 0.9662 0.2382
vn -0.1451 0.9253 0.3503
vn -0.1985 0.8550 0.4792
vn -0.2525 0.7514 0.6096
vn -0.2984 0.6261 0.7204
vn -0.3306 0.5035 0.7982
vn -0.3496 0.4065 0.8441
vn -0.3587 0.3486 0.8659
vn -0.3728 0.2260 0.9000
vn -0.3820 0.0610 0.9222
vn -0.3688 -0.2672 0.8903
vn -0.2724 -0.7025 0.6575
vn -0.1663 -0.9007 0.4014
vn -0.1297 -0.9408 0.3132
vn -0.1622 -0.9058 0.3915
vn -0.2388 -0.7815 0.5764
vn -0.3244 -0.5307 0.7831
vn -0.3672 -0.2814 0.8865
vn -0.3801 -0.1159 0.9177
vn -0.2674 0.7153 0.6457
vn -0.0049 0.9999 0.0118
vn -0.0818 0.9769 0.1975
vn -0.1949 0.8606 0.4705
vn -0.2711 0.7058 0.6545
vn -0.3608 -0.3330 0.8711
vn -0.3781 0.1543 0.9128
vn 0.0600 0.9876 -0.1449
vn 0.0987 0.9662 -0.2382
vn 0.1451 0.9253 -0.3503
vn 0.1985 0.8550 -0.4792
vn 0.2525 0.7514 -0.6096
vn 0.2984 0.6261 -0.7204
vn 0.3306 0.5035 -0.7982
vn 0.3496 0.4065 -0.8441
vn 0.3587 0.3486 -0.8659
vn 0.3728 0.2260 -0.9000
vn 0.3820 0.0610 -0.9222
vn 0.3688 -0.2672 -0.8903
vn 0.2724 -0.7025 -0.6575
vn 0.1663 -0.9007 -0.4014
vn 0.1297 -0.9408 -0.3132
vn 0.1622 -0.9058 -0.3915
vn 0.2388 -0.7815 -0.5764
vn 0.3244 -0.5307 -0.7831
vn 0.3672 -0.2814 -0.8865
vn 0.3801 -0.1159 -0.9177
vn 0.2674 0.7153 -0.6457
vn 0.0025 0.9999 -0.0126
vn 0.0417 0.9769 -0.2097
vn 0.0993 0.8606 -0.4995
vn 0.1382 0.7058 -0.6948
vn 0.1840 -0.3330 -0.9248
vn 0.1928 0.1543 -0.9690
vn -0.0306 0.9876 0.1539
vn -0.0503 0.9662 0.2529
vn -0.0740 0.9253 0.3718
vn -0.1012 0.8550 0.5087
vn -0.1287 0.7514 0.6471
vn -0.1521 0.6261 0.7647
vn -0.1686 0.5035 0.8474
vn -0.1782 0.4065 0.8961
vn -0.1829 0.3486 0.9193
vn -0.1900 0.2260 0.9554
vn -0.1947 0.0610 0.9790
vn -0.1880 -0.2672 0.9451
vn -0.1389 -0.7025 0.6980
vn -0.0848 -0.9007 0.4261
vn -0.0661 -0.9408 0.3325
vn -0.0827 -0.9058 0.4156
vn -0.1217 -0.7815 0.6119
vn -0.1654 -0.5307 0.8313
vn -0.1872 -0.2814 0.9411
vn -0.1938 -0.1159 0.9742
vn -0.1363 0.7153 0.6854
vn -0.0025 0.9999 0.0126
vn -0.0417 0.9769 0.2097
vn -0.0993 0.8606 0.4995
vn -0.1382 0.7058 0.6948
vn -0.1840 -0.3330 0.9248
vn -0.1928 0.1543 0.9690
vn 0.0306 0.9876 -0.1539
vn 0.0503 0.9662 -0.2529
vn 0.0740 0.9253 -0.3718
vn 0.1012 0.8550 -0.5087
vn 0.1287 0.7514 -0.6471
vn 0.1521 0.6261 -0.7647
vn 0.1686 0.5035 -0.8474
vn 0.1782 0.4065 -0.8961
vn 0.1829 0.3486 -0.9193
vn 0.1900 0.2260 -0.9554
vn 0.1947 0.0610 -0.9790
vn 0.1880 -0.2672 -0.9451
vn 0.1389 -0.7025 -0.6980
vn 0.0848 -0.9007 -0.4261
vn 0.0661 -0.9408 -0.3325
vn 0.0827 -0.9058 -0.4156
vn 0.1217 -0.7815 -0.6119
vn 0.1654 -0.5307 -0.8313
vn 0.1872 -0.2814 -0.9411
vn 0.1938 -0.1159 -0.9742
vn 0.1363 0.7153 -0.6854
vn -0.0000 0.9999 -0.0128
vn -0.0000 0.9769 -0.2138
vn -0.0000 0.8606 -0.5092
vn -0.0000 0.7058 -0.7084
vn -0.0000 -0.3330 -0.9429
vn -0.0000 0.1543 -0.9880
vn -0.0000 0.9876 0.1569
vn -0.0000 0.9662 0.2579
vn -0.0000 0.9253 0.3791
vn -0.0000 0.8550 0.5187
vn -0.0000 0.7514 0.6598
vn -0.0000 0.6261 0.7797
vn -0.0000 0.5035 0.8640
vn -0.0000 0.4065 0.9137
vn -0.0000 0.3486 0.9373
vn -0.0000 0.2260 0.9741
vn -0.0000 0.0610 0.9981
vn -0.0000 -0.2672 0.9636
vn -0.0000 -0.7025 0.7117
vn -0.0000 -0.9007 0.4345
vn -0.0000 -0.9408 0.3390
vn -0.0000 -0.9058 0.4237
vn -0.0000 -0.7815 0.6239
vn -0.0000 -0.5307 0.8476
vn -0.0000 -0.2814 0.9596
vn -0.0000 -0.1159 0.9933
vn -0.0000 0.7153 0.6989
vn -0.0000 0.9999 0.0128
vn -0.0000 0.9769 0.2138
vn -0.0000 0.8606 0.5092
vn -0.0000 0.7058 0.7084
vn -0.0000 -0.3330 0.9429
vn -0.0000 0.1543 0.9880
vn -0.0000 0.9876 -0.1569
vn -0.0000 0.9662 -0.2579
vn -0.0000 0.9253 -0.3791
vn -0.0000 0.8550 -0.5187
vn -0.0000 0.7514 -0.6598
vn -0.0000 0.6261 -0.7797
vn -0.0000 0.5035 -0.8640
vn -0.0000 0.4065 -0.9137
vn -0.0000 0.3486 -0.9373
vn -0.0000 0.2260 -0.9741
vn -0.0000 0.0610 -0.9981
vn -0.0000 -0.2672 -0.9636
vn -0.0000 -0.7025 -0.7117
vn -0.0000 -0.9007 -0.4345
vn -0.0000 -0.9408 -0.3390
vn -0.0000 -0.9058 -0.4237
vn -0.0000 -0.7815 -0.6239
vn -0.0000 -0.5307 -0.8476
vn -0.0000 -0.2814 -0.9596
vn -0.0000 -0.1159 -0.9933
vn -0.0000 0.7153 -0.6989
vn -0.0025 0.9999 -0.0126
vn -0.0417 0.9769 -0.2097
vn -0.0993 0.8606 -0.4995
vn -0.1382 0.7058 -0.6948
vn -0.1840 -0.3330 -0.9248
vn -0.1928 0.1543 -0.9690
vn 0.0306 0.9876 0.1539
vn 0.0503 0.9662 0.2529
vn 0.0740 0.9253 0.3718
vn 0.1012 0.8550 0.5087
vn 0.1287 0.7514 0.6471
vn 0.1521 0.6261 0.7647
vn 0.1686 0.5035 0.8474
vn 0.1782 0.4065 0.8961
vn 0.1829 0.3486 0.9193
vn 0.1900 0.2260 0.9554
vn 0.1947 0.0610 0.9790
vn 0.1880 -0.2672 0.9451
vn 0.1389 -0.7025 0.6980
vn 0.0848 -0.9007 0.4261
vn 0.0661 -0.9408 0.3325
vn 0.0827 -0.9058 0.4156
vn 0.1217 -0.7815 0.6119
vn 0.1654 -0.5307 0.8313
vn 0.1872 -0.2814 0.9411
vn 0.1938 -0.1159 0.9742
vn 0.1363 0.7153 0.6854
vn 0.0025 0.9999 0.0126
vn 0.0417 0.9769 0.2097
vn 0.0993 0.8606 0.4995
vn 0.1382 0.7058 0.6948
vn 0.1840 -0.3330 0.9248
vn 0.1928 0.1543 0.9690
vn -0.0306 0.9876 -0.1539
vn -0.0503 0.9662 -0.2529
vn -0.0740 0.9253 -0.3718
vn -0.1012 0.8550 -0.5087
vn -0.1287 0.7514 -0.6471
vn -0.1521 0.6261 -0.7647
vn -0.1686 0.5035 -0.8474
vn -0.1782 0.4065 -0.8961
vn -0.1829 0.3486 -0.9193
vn -0.1900 0.2260 -0.9554
vn -0.1947 0.0610 -0.9790
vn -0.1880 -0.2672 -0.9451
vn -0.1389 -0.7025 -0.6980
vn -0.0848 -0.9007 -0.4261
vn -0.0661 -0.9408 -0.3325
vn -0.0827 -0.9058 -0.4156
vn -0.1217 -0.7815 -0.6119
vn -0.1654 -0.5307 -0.8313
vn -0.1872 -0.2814 -0.9411
vn -0.1938 -0.1159 -0.9742
vn -0.1363 0.7153 -0.6854
vn -0.0049 0.9999 -0.0119
vn -0.0818 0.9769 -0.1975
vn -0.1949 0.8606 -0.4705
vn -0.2711 0.7058 -0.6545
vn -0.3608 -0.3330 -0.8711
vn -0.3781 0.1543 -0.9128
vn 0.0600 0.9876 0.1449
vn 0.0987 0.9662 0.2382
vn 0.1451 0.9253 0.3503
vn 0.1985 0.8550 0.4792
vn 0.2525 0.7514 0.6096
vn 0.2984 0.6261 0.7204
vn 0.3306 0.5035 0.7982
vn 0.3496 0.4065 0.8441
vn 0.3587 0.3486 0.8659
vn 0.3728 0.2260 0.9000
vn 0.3820 0.0610 0.9222
vn 0.3688 -0.2672 0.8903
vn 0.2724 -0.7025 0.6575
vn 0.1663 -0.9007 0.4014
vn 0.1297 -0.9408 0.3132
vn 0.1622 -0.9058 0.3915
vn 0.2388 -0.7815 0.5764
vn 0.3244 -0.5307 0.7831
vn 0.3672 -0.2814 0.8865
vn 0.3801 -0.1159 0.9177
vn 0.2674 0.7153 0.6457
vn 0.0049 0.9999 0.0119
vn 0.0818 0.9769 0.1975
vn 0.1949 0.8606 0.4705
vn 0.2711 0.7058 0.6545
vn 0.3608 -0.3330 0.8711
vn 0.3781 0.1543 0.9128
vn -0.0600 0.9876 -0.1449
vn -0.0987 0.9662 -0.2382
vn -0.1451 0.9253 -0.3503
vn -0.1985 0.8550 -0.4792
vn -0.2525 0.7514 -0.6096
vn -0.2984 0.6261 -0.7204
vn -0.3306 0.5035 -0.7982
vn -0.3496 0.4065 -0.8441
vn -0.3587 0.3486 -0.8659
vn -0.3728 0.2260 -0.9000
vn -0.3820 0.0610 -0.9222
vn -0.3688 -0.2672 -0.8903
vn -0.2724 -0.7025 -0.6575
vn -0.1663 -0.9007 -0.4014
vn -0.1297 -0.9408 -0.3132
vn -0.1622 -0.9058 -0.3915
vn -0.2388 -0.7815 -0.5764
vn -0.3244 -0.5307 -0.7831
vn -0.3672 -0.2814 -0.8865
vn -0.3801 -0.1159 -0.9177
vn -0.2674 0.7153 -0.6457
vn -0.0072 0.9999 -0.0107
vn -0.1188 0.9769 -0.1778
vn -0.2829 0.8606 -0.4234
vn -0.3936 0.7058 -0.5890
vn -0.5239 -0.3330 -0.7840
vn -0.5489 0.1543 -0.8215
vn 0.0872 0.9876 0.1305
vn 0.1433 0.9662 0.2144
vn 0.2106 0.9253 0.3152
vn 0.2882 0.8550 0.4313
vn 0.3666 0.7514 0.5486
vn 0.4332 0.6261 0.6483
vn 0.4800 0.5035 0.7184
vn 0.5076 0.4065 0.7597
vn 0.5207 0.3486 0.7793
vn 0.5412 0.2260 0.8100
vn 0.5545 0.0610 0.8299
vn 0.5354 -0.2672 0.8012
vn 0.3954 -0.7025 0.5918
vn 0.2414 -0.9007 0.3612
vn 0.1884 -0.9408 0.2819
vn 0.2354 -0.9058 0.3523
vn 0.3466 -0.7815 0.5188
vn 0.4709 -0.5307 0.7047
vn 0.5331 -0.2814 0.7979
vn 0.5518 -0.1159 0.8259
vn 0.3883 0.7153 0.5811
vn 0.0072 0.9999 0.0107
vn 0.1188 0.9769 0.1778
vn 0.2829 0.8606 0.4234
vn 0.3936 0.7058 0.5890
vn 0.5239 -0.3330 0.7840
vn 0.5488 0.1543 0.8216
vn -0.0872 0.9876 -0.1305
vn -0.1433 0.9662 -0.2144
vn -0.2106 0.9253 -0.3152
vn -0.2882 0.8550 -0.4313
vn -0.3666 0.7514 -0.5486
vn -0.4332 0.6261 -0.6483
vn -0.4800 0.5035 -0.7184
vn -0.5076 0.4065 -0.7597
vn -0.5207 0.3486 -0.7793
vn -0.5412 0.2260 -0.8100
vn -0.5545 0.0610 -0.8299
vn -0.5354 -0.2672 -0.8012
vn -0.3954 -0.7025 -0.5918
vn -0.2414 -0.9007 -0.3612
vn -0.1884 -0.9408 -0.2819
vn -0.2354 -0.9058 -0.3523
vn -0.3466 -0.7815 -0.5188
vn -0.4709 -0.5307 -0.7047
vn -0.5331 -0.2814 -0.7979
vn -0.5518 -0.1159 -0.8259
vn -0.3883 0.7153 -0.5811
vn -0.0091 0.9999 -0.0091
vn -0.1512 0.9769 -0.1512
vn -0.3601 0.8606 -0.3601
vn -0.5009 0.7058 -0.5009
vn -0.6667 -0.3330 -0.6668
vn -0.6986 0.1543 -0.6986
vn 0.1109 0.9876 0.1109
vn 0.1823 0.9662 0.1823
vn 0.2681 0.9253 0.2681
vn 0.3668 0.8550 0.3668
vn 0.4666 0.7514 0.4666
vn 0.5513 0.6261 0.5513
vn 0.6109 0.5035 0.6109
vn 0.6461 0.4065 0.6461
vn 0.6628 0.3486 0.6628
vn 0.6888 0.2260 0.6888
vn 0.7058 0.0610 0.7058
vn 0.6814 -0.2672 0.6814
vn 0.5033 -0.7025 0.5033
vn 0.3072 -0.9007 0.3072
vn 0.2397 -0.9408 0.2397
vn 0.2996 -0.9058 0.2996
vn 0.4412 -0.7815 0.4412
vn 0.5993 -0.5307 0.5993
vn 0.6785 -0.2814 0.6785
vn 0.7023 -0.1159 0.7023
vn 0.4942 0.7153 0.4942
vn 0.0091 0.9999 0.0091
vn 0.1512 0.9769 0.1512
vn 0.3601 0.8606 0.3601
vn 0.5009 0.7058 0.5009
vn 0.6668 -0.3330 0.6667
vn 0.6987 0.1543 0.6986
vn -0.1109 0.9876 -0.1109
vn -0.1823 0.9662 -0.1823
vn -0.2681 0.9253 -0.2681
vn -0.3668 0.8550 -0.3668
vn -0.4666 0.7514 -0.4666
vn -0.5513 0.6261 -0.5513
vn -0.6109 0.5035 -0.6109
vn -0.6461 0.4065 -0.6461
vn -0.6628 0.3486 -0.6628
vn -0.6888 0.2260 -0.6888
vn -0.7058 0.0610 -0.7058
vn -0.6814 -0.2672 -0.6814
vn -0.5033 -0.7025 -0.5033
vn -0.3072 -0.9007 -0.3072
vn -0.2397 -0.9408 -0.2397
vn -0.2996 -0.9058 -0.2996
vn -0.4412 -0.7815 -0.4412
vn -0.5993 -0.5307 -0.5993
vn -0.6785 -0.2814 -0.6785
vn -0.7023 -0.1159 -0.7023
vn -0.4942 0.7153 -0.4942
vn -0.0107 0.9999 -0.0072
vn -0.1778 0.9769 -0.1188
vn -0.4234 0.8606 -0.2829
vn -0.5890 0.7058 -0.3936
vn -0.7840 -0.3330 -0.5239
vn -0.8215 0.1543 -0.5490
vn 0.1305 0.9876 0.0872
vn 0.2144 0.9662 0.1433
vn 0.3152 0.9253 0.2106
vn 0.4313 0.8550 0.2882
vn 0.5486 0.7514 0.3666
vn 0.6483 0.6261 0.4332
vn 0.7184 0.5035 0.4800
vn 0.7597 0.4065 0.5076
vn 0.7793 0.3486 0.5207
vn 0.8100 0.2260 0.5412
vn 0.8299 0.0610 0.5545
vn 0.8012 -0.2672 0.5354
vn 0.5918 -0.7025 0.3954
vn 0.3612 -0.9007 0.2414
vn 0.2819 -0.9408 0.1884
vn 0.3523 -0.9058 0.2354
vn 0.5188 -0.7815 0.3466
vn 0.7047 -0.5307 0.4709
vn 0.7979 -0.2814 0.5331
vn 0.8259 -0.1159 0.5518
vn 0.5811 0.7153 0.3883
vn 0.0107 0.9999 0.0072
vn 0.1778 0.9769 0.1188
vn 0.4234 0.8606 0.2829
vn 0.5890 0.7058 0.3936
vn 0.7840 -0.3330 0.5239
vn 0.8216 0.1543 0.5488
vn -0.1305 0.9876 -0.0872
vn -0.2144 0.9662 -0.1433
vn -0.3152 0.9253 -0.2106
vn -0.4313 0.8550 -0.2882
vn -0.5486 0.7514 -0.3666
vn -0.6483 0.6261 -0.4332
vn -0.7184 0.5035 -0.4800
vn -0.7597 0.4065 -0.5076
vn -0.7793 0.3486 -0.5207
vn -0.8100 0.2260 -0.5412
vn -0.8299 0.0610 -0.5545
vn -0.8012 -0.2672 -0.5354
vn -0.5918 -0.7025 -0.3954
vn -0.3612 -0.9007 -0.2414
vn -0.2819 -0.9408 -0.1884
vn -0.3523 -0.9058 -0.2354
vn -0.5188 -0.7815 -0.3466
vn -0.7047 -0.5307 -0.4709
vn -0.7979 -0.2814 -0.5331
vn -0.8259 -0.1159 -0.5518
vn -0.5811 0.7153 -0.3883
vn -0.0118 0.9999 -0.0049
vn -0.1975 0.9769 -0.0818
vn -0.4705 0.8606 -0.1949
vn -0.6545 0.7058 -0.2711
vn -0.8711 -0.3330 -0.3608
vn -0.9128 0.1543 -0.3781
vn 0.1449 0.9876 0.0600
vn 0.2382 0.9662 0.0987
vn 0.3503 0.9253 0.1451
vn 0.4792 0.8550 0.1985
vn 0.6096 0.7514 0.2525
vn 0.7204 0.6261 0.2984
vn 0.7982 0.5035 0.3306
vn 0.8441 0.4065 0.3496
vn 0.8659 0.3486 0.3587
vn 0.9000 0.2260 0.3728
vn 0.9222 0.0610 0.3820
vn 0.8903 -0.2672 0.3688
vn 0.6575 -0.7025 0.2724
vn 0.4014 -0.9007 0.1663
vn 0.3132 -0.9408 0.1297
vn 0.3915 -0.9058 0.1622
vn 0.5764 -0.7815 0.2388
vn 0.7831 -0.5307 0.3244
vn 0.8865 -0.2814 0.3672
vn 0.9177 -0.1159 0.3801
vn 0.6457 0.7153 0.2674
vn 0.0118 0.9999 0.0049
vn 0.1975 0.9769 0.0818
vn 0.4705 0.8606 0.1949
vn 0.6545 0.7058 0.2711
vn 0.8711 -0.3330 0.3608
vn 0.9128 0.1543 0.3780
vn -0.1449 0.9876 -0.0600
vn -0.2382 0.9662 -0.0987
vn -0.3503 0.9253 -0.1451
vn -0.4792 0.8550 -0.1985
vn -0.6096 0.7514 -0.2525
vn -0.7204 0.6261 -0.2984
vn -0.7982 0.5035 -0.3306
vn -0.8441 0.4065 -0.3496
vn -0.8659 0.3486 -0.3587
vn -0.9000 0.2260 -0.3728
vn -0.9222 0.0610 -0.3820
vn -0.8903 -0.2672 -0.3688
vn -0.6575 -0.7025 -0.2724
vn -0.4014 -0.9007 -0.1663
vn -0.3132 -0.9408 -0.1297
vn -0.3915 -0.9058 -0.1622
vn -0.5764 -0.7815 -0.2388
vn -0.7831 -0.5307 -0.3244
vn -0.8865 -0.2814 -0.3672
vn -0.9177 -0.1159 -0.3801
vn -0.6457 0.7153 -0.2674
vn -0.0126 0.9999 -0.0025
vn -0.2097 0.9769 -0.0417
vn -0.4995 0.8606 -0.0993
vn -0.6948 0.7058 -0.1382
vn -0.9248 -0.3330 -0.1840
vn -0.9690 0.1543 -0.1927
vn 0.1539 0.9876 0.0306
vn 0.2529 0.9662 0.0503
vn 0.3718 0.9253 0.0740
vn 0.5087 0.8550 0.1012
vn 0.6471 0.7514 0.1287
vn 0.7647 0.6261 0.1521
vn 0.8474 0.5035 0.1686
vn 0.8961 0.4065 0.1782
vn 0.9193 0.3486 0.1829
vn 0.9554 0.2259 0.1900
vn 0.9790 0.0610 0.1947
vn 0.9451 -0.2672 0.1880
vn 0.6980 -0.7025 0.1389
vn 0.4261 -0.9007 0.0848
vn 0.3325 -0.9408 0.0661
vn 0.4156 -0.9058 0.0827
vn 0.6119 -0.7815 0.1217
vn 0.8313 -0.5307 0.1654
vn 0.9411 -0.2814 0.1872
vn 0.9742 -0.1159 0.1938
vn 0.6854 0.7153 0.1363
vn 0.0126 0.9999 0.0025
vn 0.2097 0.9769 0.0417
vn 0.4995 0.8606 0.0993
vn 0.6948 0.7058 0.1382
vn 0.9248 -0.3330 0.1840
vn 0.9690 0.1543 0.1927
vn -0.1539 0.9876 -0.0306
vn -0.2529 0.9662 -0.0503
vn -0.3718 0.9253 -0.0740
vn -0.5087 0.8550 -0.1012
vn -0.6471 0.7514 -0.1287
vn -0.7647 0.6261 -0.1521
vn -0.8474 0.5035 -0.1686
vn -0.8961 0.4065 -0.1782
vn -0.9193 0.3486 -0.1829
vn -0.9554 0.2260 -0.1900
vn -0.9790 0.0610 -0.1947
vn -0.9451 -0.2672 -0.1880
vn -0.6980 -0.7025 -0.1389
vn -0.4261 -0.9007 -0.0848
vn -0.3325 -0.9408 -0.0661
vn -0.4156 -0.9058 -0.0827
vn -0.6119 -0.7815 -0.1217
vn -0.8313 -0.5307 -0.1654
vn -0.9411 -0.2814 -0.1872
vn -0.9742 -0.1159 -0.1938
vn -0.6854 0.7153 -0.1363
vn -0.2138 0.9769 -0.0000
vn -0.5092 0.8606 -0.0000
vn -0.7084 0.7058 -0.0000
vn -0.9429 -0.3330 -0.0000
vn -0.9880 0.1543 -0.0000
vn 0.1569 0.9876 -0.0000
vn 0.2579 0.9662 -0.0000
vn 0.3791 0.9253 -0.0000
vn 0.5187 0.8550 -0.0000
vn 0.6598 0.7514 -0.0000
vn 0.7797 0.6261 -0.0000
vn 0.8640 0.5035 -0.0000
vn 0.9137 0.4065 -0.0000
vn 0.9373 0.3486 -0.0000
vn 0.9741 0.2259 -0.0000
vn 0.9880 0.1543 -0.0000
vn 0.0001 1.0000 0.0001
vn -0.0000 1.0000 -0.0000
vn -0.0001 1.0000 -0.0001
vn 0.1613 0.9869 -0.0000
vn 0.3845 0.9231 -0.0000
vn 0.5690 0.8223 -0.0000
vn 0.7458 0.6662 -0.0000
vn 0.8799 0.4752 -0.0000
vn 0.9574 0.2887 -0.0000
vn 0.9939 0.1100 -0.0000
vn 0.8960 0.4441 -0.0000
vn 0.4499 0.8931 -0.0000
vn 0.4021 0.9156 -0.0000
vn 0.9929 0.1189 -0.0000
vn 0.7279 -0.6857 -0.0000
vn -0.0182 -0.9998 -0.0000
vn -0.5691 0.8223 -0.0000
vn 0.1490 0.9869 -0.0617
vn 0.3553 0.9231 -0.1472
vn 0.8129 0.4752 -0.3367
vn 0.7441 0.5928 -0.3082
vn 0.6725 -0.6857 -0.2785
vn -0.0168 -0.9998 0.0070
vn -0.1490 0.9869 0.0617
vn -0.3552 0.9231 0.1472
vn -0.8129 0.4752 0.3367
vn -0.4157 0.8931 0.1722
vn -0.3715 0.9156 0.1539
vn -0.9173 0.1189 0.3800
vn 0.0168 -0.9998 -0.0070
vn 0.1140 0.9869 -0.1140
vn 0.2719 0.9231 -0.2719
vn 0.5273 0.6662 -0.5274
vn 0.6770 0.2887 -0.6770
vn 0.6336 0.4441 -0.6336
vn 0.7021 0.1189 -0.7021
vn -0.2719 0.9231 0.2719
vn -0.4024 0.8223 0.4024
vn -0.5273 0.6662 0.5274
vn -0.6770 0.2887 0.6770
vn -0.7028 0.1100 0.7028
vn -0.6336 0.4441 0.6336
vn -0.2843 0.9156 0.2843
vn -0.5695 0.5928 0.5695
vn -0.7021 0.1189 0.7021
vn -0.5147 -0.6857 0.5147
vn 0.0617 0.9869 -0.1490
vn 0.2178 0.8223 -0.5257
vn 0.2854 0.6662 -0.6890
vn 0.3367 0.4752 -0.8129
vn 0.3804 0.1100 -0.9183
vn 0.3429 0.4441 -0.8278
vn -0.0070 -0.9998 0.0168
vn -0.1472 0.9231 0.3553
vn -0.2178 0.8223 0.5257
vn -0.2854 0.6662 0.6890
vn -0.3429 0.4441 0.8278
vn -0.3800 0.1189 0.9173
vn -0.2785 -0.6857 0.6725
vn 0.0070 -0.9998 -0.0168
vn -0.0000 0.9869 -0.1613
vn -0.0000 0.9231 -0.3845
vn -0.0000 0.8223 -0.5690
vn -0.0000 0.6662 -0.7458
vn -0.0000 0.4752 -0.8799
vn -0.0000 0.2887 -0.9574
vn -0.0000 0.1100 -0.9939
vn -0.0000 0.4441 -0.8960
vn -0.0000 0.8931 -0.4499
vn -0.0000 0.9156 -0.4021
vn -0.0000 0.5928 -0.8054
vn -0.0000 0.1189 -0.9929
vn -0.0000 -0.6857 -0.7279
vn -0.0000 -0.9998 0.0182
vn -0.0000 0.9156 0.4021
vn -0.0000 0.5928 0.8054
vn -0.0000 -0.6857 0.7279
vn -0.0000 -0.9998 -0.0182
vn -0.1472 0.9231 -0.3553
vn -0.2178 0.8223 -0.5257
vn -0.3367 0.4752 -0.8129
vn -0.3664 0.2887 -0.8845
vn -0.3429 0.4441 -0.8278
vn -0.1539 0.9156 -0.3715
vn -0.3800 0.1189 -0.9173
vn -0.2785 -0.6857 -0.6725
vn 0.0617 0.9869 0.1490
vn 0.2178 0.8223 0.5257
vn 0.3367 0.4752 0.8129
vn 0.3664 0.2887 0.8845
vn 0.3429 0.4441 0.8278
vn 0.1722 0.8931 0.4157
vn 0.1539 0.9156 0.3715
vn 0.2785 -0.6857 0.6725
vn -0.0070 -0.9998 -0.0168
vn -0.4024 0.8223 -0.4024
vn -0.2843 0.9156 -0.2843
vn 0.1140 0.9869 0.1140
vn 0.2719 0.9231 0.2719
vn 0.5274 0.6662 0.5274
vn 0.6222 0.4752 0.6222
vn 0.6770 0.2887 0.6770
vn 0.7028 0.1100 0.7028
vn 0.6336 0.4441 0.6336
vn 0.3181 0.8931 0.3181
vn 0.2843 0.9156 0.2843
vn 0.5695 0.5928 0.5695
vn 0.5147 -0.6857 0.5147
vn -0.0129 -0.9998 -0.0129
vn -0.1490 0.9869 -0.0617
vn -0.5257 0.8223 -0.2178
vn -0.8129 0.4752 -0.3367
vn -0.8845 0.2887 -0.3664
vn -0.4157 0.8931 -0.1722
vn -0.9173 0.1189 -0.3800
vn -0.6725 -0.6857 -0.2785
vn 0.0168 -0.9998 0.0070
vn 0.8278 0.4441 0.3429
vn 0.4157 0.8931 0.1722
vn 0.3715 0.9156 0.1539
vn 0.7441 0.5928 0.3082
vn 0.9173 0.1189 0.3800
vn -0.1613 0.9869 -0.0000
vn -0.3845 0.9231 -0.0000
vn -0.7458 0.6662 -0.0000
vn -0.8799 0.4752 -0.0000
vn -0.9574 0.2887 -0.0000
vn -0.9939 0.1100 -0.0000
vn -0.8960 0.4441 -0.0000
vn -0.4499 0.8931 -0.0000
vn -0.4021 0.9156 -0.0000
vn -0.8054 0.5928 -0.0000
vn -0.9929 0.1189 -0.0000
vn -0.7279 -0.6857 -0.0000
vn 0.0182 -0.9998 -0.0000
vn 0.8054 0.5928 -0.0000
vn -0.5257 0.8223 0.2178
vn -0.6890 0.6662 0.2854
vn -0.8845 0.2887 0.3664
vn -0.9183 0.1100 0.3804
vn -0.8278 0.4441 0.3429
vn -0.7441 0.5928 0.3082
vn -0.6725 -0.6857 0.2785
vn 0.5257 0.8223 -0.2178
vn 0.6890 0.6662 -0.2854
vn 0.8845 0.2887 -0.3664
vn 0.9183 0.1100 -0.3804
vn 0.8278 0.4441 -0.3429
vn 0.4157 0.8931 -0.1722
vn 0.3715 0.9156 -0.1539
vn 0.9173 0.1189 -0.3800
vn -0.1140 0.9869 0.1140
vn -0.6222 0.4752 0.6222
vn -0.3181 0.8931 0.3181
vn 0.0129 -0.9998 -0.0129
vn 0.4024 0.8223 -0.4024
vn 0.6222 0.4752 -0.6222
vn 0.7028 0.1100 -0.7028
vn 0.3181 0.8931 -0.3181
vn 0.2843 0.9156 -0.2843
vn 0.5695 0.5928 -0.5695
vn 0.5147 -0.6857 -0.5147
vn -0.0129 -0.9998 0.0129
vn -0.0617 0.9869 0.1490
vn -0.3367 0.4752 0.8129
vn -0.3664 0.2887 0.8845
vn -0.3804 0.1099 0.9183
vn -0.1722 0.8931 0.4157
vn -0.1539 0.9156 0.3715
vn -0.3082 0.5928 0.7441
vn 0.1472 0.9231 -0.3553
vn 0.3664 0.2887 -0.8845
vn 0.1722 0.8931 -0.4157
vn 0.1539 0.9156 -0.3715
vn 0.3082 0.5928 -0.7441
vn 0.3800 0.1189 -0.9173
vn 0.2785 -0.6857 -0.6725
vn -0.0000 0.9869 0.1613
vn -0.0000 0.9231 0.3845
vn -0.0000 0.8223 0.5690
vn -0.0000 0.6662 0.7458
vn -0.0000 0.4752 0.8799
vn -0.0000 0.2887 0.9574
vn -0.0000 0.1100 0.9939
vn -0.0000 0.4441 0.8960
vn -0.0000 0.8931 0.4499
vn -0.0000 0.1189 0.9929
vn 0.1472 0.9231 0.3553
vn 0.2854 0.6662 0.6890
vn 0.3804 0.1100 0.9183
vn 0.3082 0.5928 0.7441
vn 0.3800 0.1189 0.9173
vn -0.0617 0.9869 -0.1490
vn -0.2854 0.6662 -0.6890
vn -0.3804 0.1100 -0.9183
vn -0.1722 0.8931 -0.4157
vn -0.3082 0.5928 -0.7441
vn 0.0070 -0.9998 0.0168
vn 0.4024 0.8223 0.4024
vn 0.7021 0.1189 0.7021
vn -0.1140 0.9869 -0.1140
vn -0.2719 0.9231 -0.2719
vn -0.5274 0.6662 -0.5273
vn -0.6222 0.4752 -0.6222
vn -0.6770 0.2887 -0.6770
vn -0.7028 0.1099 -0.7028
vn -0.6336 0.4441 -0.6336
vn -0.3181 0.8931 -0.3181
vn -0.5695 0.5928 -0.5695
vn -0.7021 0.1189 -0.7021
vn -0.5147 -0.6857 -0.5147
vn 0.0129 -0.9998 0.0129
vn 0.1490 0.9869 0.0617
vn 0.3553 0.9231 0.1472
vn 0.5257 0.8223 0.2178
vn 0.6890 0.6662 0.2854
vn 0.8129 0.4752 0.3367
vn 0.8845 0.2887 0.3664
vn 0.9183 0.1100 0.3804
vn 0.6725 -0.6857 0.2785
vn -0.0168 -0.9998 -0.0070
vn -0.3553 0.9231 -0.1472
vn -0.6890 0.6662 -0.2854
vn -0.9183 0.1099 -0.3804
vn -0.8278 0.4441 -0.3429
vn -0.3715 0.9156 -0.1539
vn -0.7441 0.5928 -0.3082
vt 0.509092 0.650058
vt 0.509092 0.634044
vt 0.579300 0.634044
vt 0.579300 0.650058
vt 0.509092 0.393920
vt 0.509092 0.377905
vt 0.579300 0.377905
vt 0.579300 0.393920
vt 0.509092 0.361891
vt 0.579300 0.361891
vt 0.509092 0.345876
vt 0.579300 0.345876
vt 0.509092 0.329861
vt 0.579300 0.329861
vt 0.509092 0.313847
vt 0.579300 0.313847
vt 0.509092 0.297832
vt 0.579300 0.297832
vt 0.509092 0.281818
vt 0.579300 0.281818
vt 0.509092 0.265803
vt 0.579300 0.265803
vt 0.509092 0.249789
vt 0.579300 0.249789
vt 0.509092 0.233774
vt 0.579300 0.233774
vt 0.509092 0.746145
vt 0.509092 0.730131
vt 0.579300 0.730131
vt 0.579300 0.746145
vt 0.509092 0.714116
vt 0.579300 0.714116
vt 0.509092 0.698101
vt 0.579300 0.698101
vt 0.509092 0.682087
vt 0.579300 0.682087
vt 0.579300 0.409840
vt 0.509092 0.409840
vt 0.579300 0.666073
vt 0.581440 0.650058
vt 0.581440 0.666073
vt 0.581440 0.634044
vt 0.579300 0.618029
vt 0.581440 0.618029
vt 0.579300 0.602015
vt 0.581440 0.602015
vt 0.579300 0.586000
vt 0.581440 0.586000
vt 0.579300 0.569986
vt 0.581440 0.569986
vt 0.579300 0.553971
vt 0.581440 0.553971
vt 0.579300 0.537957
vt 0.581440 0.537957
vt 0.579300 0.521942
vt 0.581440 0.521942
vt 0.579300 0.505928
vt 0.581440 0.505928
vt 0.579300 0.489913
vt 0.581440 0.489913
vt 0.579300 0.473899
vt 0.581440 0.473899
vt 0.579300 0.457884
vt 0.581440 0.457884
vt 0.579300 0.441869
vt 0.581440 0.441869
vt 0.579300 0.425855
vt 0.581440 0.425855
vt 0.581440 0.409840
vt 0.582995 0.650058
vt 0.582995 0.666073
vt 0.582995 0.634044
vt 0.582995 0.618029
vt 0.582995 0.602015
vt 0.582995 0.586000
vt 0.582995 0.569986
vt 0.582995 0.553971
vt 0.582995 0.537957
vt 0.582995 0.521942
vt 0.582995 0.505928
vt 0.582995 0.489913
vt 0.582995 0.473899
vt 0.582995 0.457884
vt 0.582995 0.441869
vt 0.582995 0.425855
vt 0.582995 0.409840
vt 0.584419 0.650058
vt 0.584419 0.666073
vt 0.584419 0.634044
vt 0.584419 0.618029
vt 0.584419 0.602015
vt 0.584419 0.586000
vt 0.584419 0.569986
vt 0.584419 0.553971
vt 0.584419 0.537957
vt 0.584419 0.521942
vt 0.584419 0.505928
vt 0.584419 0.489913
vt 0.584419 0.473899
vt 0.584419 0.457884
vt 0.584419 0.441869
vt 0.584419 0.425855
vt 0.584419 0.409840
vt 0.586016 0.650058
vt 0.586016 0.666073
vt 0.586016 0.634044
vt 0.586016 0.618029
vt 0.586016 0.602015
vt 0.586016 0.586000
vt 0.586016 0.569986
vt 0.586016 0.553971
vt 0.586016 0.537957
vt 0.586016 0.521942
vt 0.586016 0.505928
vt 0.586016 0.489913
vt 0.586016 0.473899
vt 0.586016 0.457884
vt 0.586016 0.441869
vt 0.586016 0.425855
vt 0.586016 0.409840
vt 0.501279 0.189941
vt 0.501279 0.220947
vt 0.482264 0.220947
vt 0.482264 0.189941
vt 0.501279 0.686035
vt 0.501279 0.717041
vt 0.482264 0.717041
vt 0.482264 0.686035
vt 0.501279 0.748047
vt 0.482264 0.748047
vt 0.501279 0.779053
vt 0.482264 0.779053
vt 0.501279 0.810059
vt 0.482264 0.810059
vt 0.501279 0.841065
vt 0.482264 0.841065
vt 0.501279 0.872070
vt 0.482264 0.872070
vt 0.501279 0.903076
vt 0.482264 0.903076
vt 0.501279 0.934082
vt 0.482264 0.934082
vt 0.501279 0.965088
vt 0.482264 0.965088
vt 0.501279 0.996094
vt 0.482264 0.996094
vt 0.501279 0.003906
vt 0.501279 0.034912
vt 0.482264 0.034912
vt 0.482264 0.003906
vt 0.501279 0.065918
vt 0.482264 0.065918
vt 0.501279 0.096924
vt 0.482264 0.096924
vt 0.501279 0.127930
vt 0.482264 0.127930
vt 0.501279 0.655029
vt 0.482264 0.655029
vt 0.482264 0.158936
vt 0.474939 0.189941
vt 0.474939 0.158936
vt 0.474939 0.220947
vt 0.482264 0.251953
vt 0.474939 0.251953
vt 0.482264 0.282959
vt 0.474939 0.282959
vt 0.482264 0.313965
vt 0.474939 0.313965
vt 0.482264 0.344971
vt 0.474939 0.344971
vt 0.482264 0.375977
vt 0.474939 0.375977
vt 0.482264 0.406983
vt 0.474939 0.406983
vt 0.482264 0.437988
vt 0.474939 0.437988
vt 0.482264 0.468994
vt 0.474939 0.468994
vt 0.482264 0.500000
vt 0.474939 0.500000
vt 0.482264 0.531006
vt 0.474939 0.531006
vt 0.482264 0.562012
vt 0.474939 0.562012
vt 0.482264 0.593018
vt 0.474939 0.593018
vt 0.482264 0.624024
vt 0.474939 0.624024
vt 0.474939 0.655029
vt 0.468764 0.189941
vt 0.468764 0.158936
vt 0.468764 0.220947
vt 0.468764 0.251953
vt 0.468764 0.282959
vt 0.468764 0.313965
vt 0.468764 0.344971
vt 0.468764 0.375977
vt 0.468764 0.406983
vt 0.468764 0.437988
vt 0.468764 0.468994
vt 0.468764 0.500000
vt 0.468764 0.531006
vt 0.468764 0.562012
vt 0.468764 0.593018
vt 0.468764 0.624024
vt 0.468764 0.655029
vt 0.463483 0.189941
vt 0.463483 0.158936
vt 0.463483 0.220947
vt 0.463483 0.251953
vt 0.463483 0.282959
vt 0.463483 0.313965
vt 0.463483 0.344971
vt 0.463483 0.375977
vt 0.463483 0.406983
vt 0.463483 0.437988
vt 0.463483 0.468994
vt 0.463483 0.500000
vt 0.463483 0.531006
vt 0.463483 0.562012
vt 0.463483 0.593018
vt 0.463483 0.624024
vt 0.463483 0.655029
vt 0.458822 0.189941
vt 0.458822 0.158936
vt 0.458822 0.220947
vt 0.458822 0.251953
vt 0.458822 0.282959
vt 0.458822 0.313965
vt 0.458822 0.344971
vt 0.458822 0.375977
vt 0.458822 0.406983
vt 0.458822 0.437988
vt 0.458822 0.468994
vt 0.458822 0.500000
vt 0.458822 0.531006
vt 0.458822 0.562012
vt 0.458822 0.593018
vt 0.458822 0.624024
vt 0.458822 0.655029
vt 0.454509 0.189941
vt 0.454509 0.158936
vt 0.454509 0.220947
vt 0.454509 0.251953
vt 0.454509 0.282959
vt 0.454509 0.313965
vt 0.454509 0.344971
vt 0.454509 0.375977
vt 0.454509 0.406983
vt 0.454509 0.437988
vt 0.454509 0.468994
vt 0.454509 0.500000
vt 0.454509 0.531006
vt 0.454509 0.562012
vt 0.454509 0.593018
vt 0.454509 0.624024
vt 0.454509 0.655029
vt 0.450309 0.189941
vt 0.450309 0.158936
vt 0.450309 0.220947
vt 0.450309 0.251953
vt 0.450309 0.282959
vt 0.450309 0.313965
vt 0.450309 0.344971
vt 0.450309 0.375977
vt 0.450309 0.406983
vt 0.450309 0.437988
vt 0.450309 0.468994
vt 0.450309 0.500000
vt 0.450309 0.531006
vt 0.450309 0.562012
vt 0.450309 0.593018
vt 0.450309 0.624024
vt 0.450309 0.655029
vt 0.446045 0.189941
vt 0.446045 0.158936
vt 0.446045 0.220947
vt 0.446045 0.251953
vt 0.446045 0.282959
vt 0.446045 0.313965
vt 0.446045 0.344971
vt 0.446045 0.375977
vt 0.446045 0.406983
vt 0.446045 0.437988
vt 0.446045 0.468994
vt 0.446045 0.500000
vt 0.446045 0.531006
vt 0.446045 0.562012
vt 0.446045 0.593018
vt 0.446045 0.624024
vt 0.446045 0.655029
vt 0.441607 0.189941
vt 0.441607 0.158936
vt 0.441607 0.220947
vt 0.441607 0.251953
vt 0.441607 0.282959
vt 0.441607 0.313965
vt 0.441607 0.344971
vt 0.441607 0.375977
vt 0.441607 0.406983
vt 0.441607 0.437988
vt 0.441607 0.468994
vt 0.441607 0.500000
vt 0.441607 0.531006
vt 0.441607 0.562012
vt 0.441607 0.593018
vt 0.441607 0.624024
vt 0.441607 0.655029
vt 0.436929 0.189941
vt 0.436929 0.158936
vt 0.436929 0.220947
vt 0.436929 0.251953
vt 0.436929 0.282959
vt 0.436929 0.313965
vt 0.436929 0.344971
vt 0.436929 0.375977
vt 0.436929 0.406983
vt 0.436929 0.437988
vt 0.436929 0.468994
vt 0.436929 0.500000
vt 0.436929 0.531006
vt 0.436929 0.562012
vt 0.436929 0.593018
vt 0.436929 0.624024
vt 0.436929 0.655029
vt 0.432195 0.189941
vt 0.432195 0.158936
vt 0.432195 0.220947
vt 0.432195 0.251953
vt 0.432195 0.282959
vt 0.432195 0.313965
vt 0.432195 0.344971
vt 0.432195 0.375977
vt 0.432195 0.406983
vt 0.432195 0.437988
vt 0.432195 0.468994
vt 0.432195 0.500000
vt 0.432195 0.531006
vt 0.432195 0.562012
vt 0.432195 0.593018
vt 0.432195 0.624024
vt 0.432195 0.655029
vt 0.086243 0.655029
vt 0.432195 0.686035
vt 0.086243 0.686035
vt 0.086243 0.189941
vt 0.086243 0.158936
vt 0.086243 0.220947
vt 0.086243 0.251953
vt 0.086243 0.282959
vt 0.086243 0.313965
vt 0.086243 0.344971
vt 0.086243 0.375977
vt 0.086243 0.406983
vt 0.086243 0.437988
vt 0.086243 0.468994
vt 0.086243 0.500000
vt 0.086243 0.531006
vt 0.086243 0.562012
vt 0.086243 0.593018
vt 0.086243 0.624024
vt 0.075623 0.158936
vt 0.075623 0.189941
vt 0.064854 0.189941
vt 0.064854 0.158936
vt 0.075623 0.220947
vt 0.064854 0.220947
vt 0.075623 0.251953
vt 0.064854 0.251953
vt 0.075623 0.282959
vt 0.064854 0.282959
vt 0.075623 0.313965
vt 0.064854 0.313965
vt 0.075623 0.344971
vt 0.064854 0.344971
vt 0.075623 0.375977
vt 0.064854 0.375977
vt 0.075623 0.406983
vt 0.064854 0.406983
vt 0.075623 0.437988
vt 0.064854 0.437988
vt 0.075623 0.468994
vt 0.064854 0.468994
vt 0.075623 0.500000
vt 0.064854 0.500000
vt 0.075623 0.531006
vt 0.064854 0.531006
vt 0.075623 0.562012
vt 0.064854 0.562012
vt 0.075623 0.593018
vt 0.064854 0.593018
vt 0.075623 0.624024
vt 0.064854 0.624024
vt 0.075623 0.655029
vt 0.064854 0.655029
vt 0.053022 0.189941
vt 0.053022 0.158936
vt 0.053022 0.220947
vt 0.053022 0.251953
vt 0.053022 0.282959
vt 0.053022 0.313965
vt 0.053022 0.344971
vt 0.053022 0.375977
vt 0.053022 0.406983
vt 0.053022 0.437988
vt 0.053022 0.468994
vt 0.053022 0.500000
vt 0.053022 0.531006
vt 0.053022 0.562012
vt 0.053022 0.593018
vt 0.053022 0.624024
vt 0.053022 0.655029
vt 0.040875 0.189941
vt 0.040875 0.158936
vt 0.040875 0.220947
vt 0.040875 0.251953
vt 0.040875 0.282959
vt 0.040875 0.313965
vt 0.040875 0.344971
vt 0.040875 0.375977
vt 0.040875 0.406983
vt 0.040875 0.437988
vt 0.040875 0.468994
vt 0.040875 0.500000
vt 0.040875 0.531006
vt 0.040875 0.562012
vt 0.040875 0.593018
vt 0.040875 0.624024
vt 0.040875 0.655029
vt 0.029183 0.189941
vt 0.029183 0.158936
vt 0.029183 0.220947
vt 0.029183 0.251953
vt 0.029183 0.282959
vt 0.029183 0.313965
vt 0.029183 0.344971
vt 0.029183 0.375977
vt 0.029183 0.406983
vt 0.029183 0.437988
vt 0.029183 0.468994
vt 0.029183 0.500000
vt 0.029183 0.531006
vt 0.029183 0.562012
vt 0.029183 0.593018
vt 0.029183 0.624024
vt 0.029183 0.655029
vt 0.075623 0.686035
vt 0.086243 0.717041
vt 0.075623 0.717041
vt 0.086243 0.748047
vt 0.075623 0.748047
vt 0.086243 0.779053
vt 0.075623 0.779053
vt 0.086243 0.810059
vt 0.075623 0.810059
vt 0.086243 0.841065
vt 0.075623 0.841065
vt 0.086243 0.872070
vt 0.075623 0.872070
vt 0.086243 0.903076
vt 0.075623 0.903076
vt 0.086243 0.934082
vt 0.075623 0.934082
vt 0.086243 0.965088
vt 0.075623 0.965088
vt 0.086243 0.996094
vt 0.075623 0.996094
vt 0.086243 0.003906
vt 0.086243 0.034912
vt 0.075623 0.034912
vt 0.075623 0.003906
vt 0.086243 0.065918
vt 0.075623 0.065918
vt 0.086243 0.096924
vt 0.075623 0.096924
vt 0.086243 0.127930
vt 0.075623 0.127930
vt 0.023369 0.189941
vt 0.023369 0.158936
vt 0.023369 0.220947
vt 0.023369 0.251953
vt 0.023369 0.282959
vt 0.023369 0.313965
vt 0.023369 0.344971
vt 0.023369 0.375977
vt 0.023369 0.406983
vt 0.023369 0.437988
vt 0.023369 0.468994
vt 0.023369 0.500000
vt 0.023369 0.531006
vt 0.023369 0.562012
vt 0.023369 0.593018
vt 0.023369 0.624024
vt 0.023369 0.655029
vt 0.021902 0.189941
vt 0.021902 0.158936
vt 0.021902 0.220947
vt 0.021902 0.251953
vt 0.021902 0.282959
vt 0.021902 0.313965
vt 0.021902 0.344971
vt 0.021902 0.375977
vt 0.021902 0.406983
vt 0.021902 0.437988
vt 0.021902 0.468994
vt 0.021902 0.500000
vt 0.021902 0.531006
vt 0.021902 0.562012
vt 0.021902 0.593018
vt 0.021902 0.624024
vt 0.021902 0.655029
vt 0.020323 0.189941
vt 0.020323 0.158936
vt 0.020323 0.220947
vt 0.020323 0.251953
vt 0.020323 0.282959
vt 0.020323 0.313965
vt 0.020323 0.344971
vt 0.020323 0.375977
vt 0.020323 0.406983
vt 0.020323 0.437988
vt 0.020323 0.468994
vt 0.020323 0.500000
vt 0.020323 0.531006
vt 0.020323 0.562012
vt 0.020323 0.593018
vt 0.020323 0.624024
vt 0.020323 0.655029
vt 0.003906 0.189941
vt 0.003906 0.158936
vt 0.003906 0.220947
vt 0.003906 0.251953
vt 0.003906 0.282959
vt 0.003906 0.313965
vt 0.003906 0.344971
vt 0.003906 0.375977
vt 0.003906 0.406983
vt 0.003906 0.437988
vt 0.003906 0.468994
vt 0.003906 0.500000
vt 0.003906 0.531006
vt 0.003906 0.562012
vt 0.003906 0.593018
vt 0.003906 0.624024
vt 0.003906 0.655029
vt 0.509092 0.666073
vt 0.509092 0.618029
vt 0.509092 0.602015
vt 0.509092 0.586000
vt 0.509092 0.569986
vt 0.509092 0.553971
vt 0.509092 0.537957
vt 0.509092 0.521942
vt 0.509092 0.505928
vt 0.509092 0.489913
vt 0.509092 0.473899
vt 0.509092 0.457884
vt 0.509092 0.441869
vt 0.509092 0.425855
vt 0.501279 0.158936
vt 0.581440 0.393920
vt 0.581440 0.377905
vt 0.581440 0.361891
vt 0.581440 0.345876
vt 0.581440 0.329861
vt 0.581440 0.313847
vt 0.581440 0.297832
vt 0.581440 0.281818
vt 0.581440 0.265803
vt 0.581440 0.249789
vt 0.581440 0.233774
vt 0.581440 0.730131
vt 0.581440 0.746145
vt 0.581440 0.714116
vt 0.581440 0.698101
vt 0.581440 0.682087
vt 0.582995 0.393920
vt 0.582995 0.377905
vt 0.582995 0.361891
vt 0.582995 0.345876
vt 0.582995 0.329861
vt 0.582995 0.313847
vt 0.582995 0.297832
vt 0.582995 0.281818
vt 0.582995 0.265803
vt 0.582995 0.249789
vt 0.582995 0.233774
vt 0.582995 0.730131
vt 0.582995 0.746145
vt 0.582995 0.714116
vt 0.582995 0.698101
vt 0.582995 0.682087
vt 0.584419 0.393920
vt 0.584419 0.377905
vt 0.584419 0.361891
vt 0.584419 0.345876
vt 0.584419 0.329861
vt 0.584419 0.313847
vt 0.584419 0.297832
vt 0.584419 0.281818
vt 0.584419 0.265803
vt 0.584419 0.249789
vt 0.584419 0.233774
vt 0.584419 0.730131
vt 0.584419 0.746145
vt 0.584419 0.714116
vt 0.584419 0.698101
vt 0.584419 0.682087
vt 0.586016 0.393920
vt 0.586016 0.377905
vt 0.586016 0.361891
vt 0.586016 0.345876
vt 0.586016 0.329861
vt 0.586016 0.313847
vt 0.586016 0.297832
vt 0.586016 0.281818
vt 0.586016 0.265803
vt 0.586016 0.249789
vt 0.586016 0.233774
vt 0.586016 0.730131
vt 0.586016 0.746145
vt 0.586016 0.714116
vt 0.586016 0.698101
vt 0.586016 0.682087
vt 0.501279 0.251953
vt 0.501279 0.282959
vt 0.501279 0.313965
vt 0.501279 0.344971
vt 0.501279 0.375977
vt 0.501279 0.406983
vt 0.501279 0.437988
vt 0.501279 0.468994
vt 0.501279 0.500000
vt 0.501279 0.531006
vt 0.501279 0.562012
vt 0.501279 0.593018
vt 0.501279 0.624024
vt 0.474939 0.686035
vt 0.474939 0.717041
vt 0.474939 0.748047
vt 0.474939 0.779053
vt 0.474939 0.810059
vt 0.474939 0.841065
vt 0.474939 0.872070
vt 0.474939 0.903076
vt 0.474939 0.934082
vt 0.474939 0.965088
vt 0.474939 0.996094
vt 0.474939 0.034912
vt 0.474939 0.003906
vt 0.474939 0.065918
vt 0.474939 0.096924
vt 0.474939 0.127930
vt 0.468764 0.686035
vt 0.468764 0.717041
vt 0.468764 0.748047
vt 0.468764 0.779053
vt 0.468764 0.810059
vt 0.468764 0.841065
vt 0.468764 0.872070
vt 0.468764 0.903076
vt 0.468764 0.934082
vt 0.468764 0.965088
vt 0.468764 0.996094
vt 0.468764 0.034912
vt 0.468764 0.003906
vt 0.468764 0.065918
vt 0.468764 0.096924
vt 0.468764 0.127930
vt 0.463483 0.686035
vt 0.463483 0.717041
vt 0.463483 0.748047
vt 0.463483 0.779053
vt 0.463483 0.810059
vt 0.463483 0.841065
vt 0.463483 0.872070
vt 0.463483 0.903076
vt 0.463483 0.934082
vt 0.463483 0.965088
vt 0.463483 0.996094
vt 0.463483 0.034912
vt 0.463483 0.003906
vt 0.463483 0.065918
vt 0.463483 0.096924
vt 0.463483 0.127930
vt 0.458822 0.686035
vt 0.458822 0.717041
vt 0.458822 0.748047
vt 0.458822 0.779053
vt 0.458822 0.810059
vt 0.458822 0.841065
vt 0.458822 0.872070
vt 0.458822 0.903076
vt 0.458822 0.934082
vt 0.458822 0.965088
vt 0.458822 0.996094
vt 0.458822 0.034912
vt 0.458822 0.003906
vt 0.458822 0.065918
vt 0.458822 0.096924
vt 0.458822 0.127930
vt 0.454509 0.686035
vt 0.454509 0.717041
vt 0.454509 0.748047
vt 0.454509 0.779053
vt 0.454509 0.810059
vt 0.454509 0.841065
vt 0.454509 0.872070
vt 0.454509 0.903076
vt 0.454509 0.934082
vt 0.454509 0.965088
vt 0.454509 0.996094
vt 0.454509 0.034912
vt 0.454509 0.003906
vt 0.454509 0.065918
vt 0.454509 0.096924
vt 0.454509 0.127930
vt 0.450309 0.686035
vt 0.450309 0.717041
vt 0.450309 0.748047
vt 0.450309 0.779053
vt 0.450309 0.810059
vt 0.450309 0.841065
vt 0.450309 0.872070
vt 0.450309 0.903076
vt 0.450309 0.934082
vt 0.450309 0.965088
vt 0.450309 0.996094
vt 0.450309 0.034912
vt 0.450309 0.003906
vt 0.450309 0.065918
vt 0.450309 0.096924
vt 0.450309 0.127930
vt 0.446045 0.686035
vt 0.446045 0.717041
vt 0.446045 0.748047
vt 0.446045 0.779053
vt 0.446045 0.810059
vt 0.446045 0.841065
vt 0.446045 0.872070
vt 0.446045 0.903076
vt 0.446045 0.934082
vt 0.446045 0.965088
vt 0.446045 0.996094
vt 0.446045 0.034912
vt 0.446045 0.003906
vt 0.446045 0.065918
vt 0.446045 0.096924
vt 0.446045 0.127930
vt 0.441607 0.686035
vt 0.441607 0.717041
vt 0.441607 0.748047
vt 0.441607 0.779053
vt 0.441607 0.810059
vt 0.441607 0.841065
vt 0.441607 0.872070
vt 0.441607 0.903076
vt 0.441607 0.934082
vt 0.441607 0.965088
vt 0.441607 0.996094
vt 0.441607 0.034912
vt 0.441607 0.003906
vt 0.441607 0.065918
vt 0.441607 0.096924
vt 0.441607 0.127930
vt 0.436929 0.686035
vt 0.436929 0.717041
vt 0.436929 0.748047
vt 0.436929 0.779053
vt 0.436929 0.810059
vt 0.436929 0.841065
vt 0.436929 0.872070
vt 0.436929 0.903076
vt 0.436929 0.934082
vt 0.436929 0.965088
vt 0.436929 0.996094
vt 0.436929 0.034912
vt 0.436929 0.003906
vt 0.436929 0.065918
vt 0.436929 0.096924
vt 0.436929 0.127930
vt 0.432195 0.717041
vt 0.432195 0.748047
vt 0.432195 0.779053
vt 0.432195 0.810059
vt 0.432195 0.841065
vt 0.432195 0.872070
vt 0.432195 0.903076
vt 0.432195 0.934082
vt 0.432195 0.965088
vt 0.432195 0.996094
vt 0.432195 0.034912
vt 0.432195 0.003906
vt 0.432195 0.065918
vt 0.432195 0.096924
vt 0.432195 0.127930
vt 0.064854 0.686035
vt 0.064854 0.717041
vt 0.064854 0.748047
vt 0.064854 0.779053
vt 0.064854 0.810059
vt 0.064854 0.841065
vt 0.064854 0.872070
vt 0.064854 0.903076
vt 0.064854 0.934082
vt 0.064854 0.965088
vt 0.064854 0.996094
vt 0.064854 0.034912
vt 0.064854 0.003906
vt 0.064854 0.065918
vt 0.064854 0.096924
vt 0.064854 0.127930
vt 0.053022 0.686035
vt 0.053022 0.717041
vt 0.053022 0.748047
vt 0.053022 0.779053
vt 0.053022 0.810059
vt 0.053022 0.841065
vt 0.053022 0.872070
vt 0.053022 0.903076
vt 0.053022 0.934082
vt 0.053022 0.965088
vt 0.053022 0.996094
vt 0.053022 0.034912
vt 0.053022 0.003906
vt 0.053022 0.065918
vt 0.053022 0.096924
vt 0.053022 0.127930
vt 0.040875 0.686035
vt 0.040875 0.717041
vt 0.040875 0.748047
vt 0.040875 0.779053
vt 0.040875 0.810059
vt 0.040875 0.841065
vt 0.040875 0.872070
vt 0.040875 0.903076
vt 0.040875 0.934082
vt 0.040875 0.965088
vt 0.040875 0.996094
vt 0.040875 0.034912
vt 0.040875 0.003906
vt 0.040875 0.065918
vt 0.040875 0.096924
vt 0.040875 0.127930
vt 0.029183 0.686035
vt 0.029183 0.717041
vt 0.029183 0.748047
vt 0.029183 0.779053
vt 0.029183 0.810059
vt 0.029183 0.841065
vt 0.029183 0.872070
vt 0.029183 0.903076
vt 0.029183 0.934082
vt 0.029183 0.965088
vt 0.029183 0.996094
vt 0.029183 0.034912
vt 0.029183 0.003906
vt 0.029183 0.065918
vt 0.029183 0.096924
vt 0.029183 0.127930
vt 0.023369 0.686035
vt 0.023369 0.717041
vt 0.023369 0.748047
vt 0.023369 0.779053
vt 0.023369 0.810059
vt 0.023369 0.841065
vt 0.023369 0.872070
vt 0.023369 0.903076
vt 0.023369 0.934082
vt 0.023369 0.965088
vt 0.023369 0.996094
vt 0.023369 0.034912
vt 0.023369 0.003906
vt 0.023369 0.065918
vt 0.023369 0.096924
vt 0.023369 0.127930
vt 0.021902 0.686035
vt 0.021902 0.717041
vt 0.021902 0.748047
vt 0.021902 0.779053
vt 0.021902 0.810059
vt 0.021902 0.841065
vt 0.021902 0.872070
vt 0.021902 0.903076
vt 0.021902 0.934082
vt 0.021902 0.965088
vt 0.021902 0.996094
vt 0.021902 0.034912
vt 0.021902 0.003906
vt 0.021902 0.065918
vt 0.021902 0.096924
vt 0.021902 0.127930
vt 0.020323 0.686035
vt 0.020323 0.717041
vt 0.020323 0.748047
vt 0.020323 0.779053
vt 0.020323 0.810059
vt 0.020323 0.841065
vt 0.020323 0.872070
vt 0.020323 0.903076
vt 0.020323 0.934082
vt 0.020323 0.965088
vt 0.020323 0.996094
vt 0.020323 0.034912
vt 0.020323 0.003906
vt 0.020323 0.065918
vt 0.020323 0.096924
vt 0.020323 0.127930
vt 0.003906 0.686035
vt 0.003906 0.717041
vt 0.003906 0.748047
vt 0.003906 0.779053
vt 0.003906 0.810059
vt 0.003906 0.841065
vt 0.003906 0.872070
vt 0.003906 0.903076
vt 0.003906 0.934082
vt 0.003906 0.965088
vt 0.003906 0.996094
vt 0.003906 0.034912
vt 0.003906 0.003906
vt 0.003906 0.065918
vt 0.003906 0.096924
vt 0.003906 0.127930
vt 0.647029 0.257755
vt 0.647029 0.262995
vt 0.646006 0.268134
vt 0.644522 0.267684
vt 0.644001 0.272975
vt 0.641090 0.277331
vt 0.646006 0.252616
vt 0.642112 0.266953
vt 0.637385 0.281037
vt 0.644001 0.247775
vt 0.638869 0.265969
vt 0.633028 0.283948
vt 0.641090 0.243418
vt 0.634917 0.264770
vt 0.628187 0.285953
vt 0.637385 0.239713
vt 0.630408 0.263402
vt 0.623048 0.286975
vt 0.633028 0.236802
vt 0.625516 0.261918
vt 0.617808 0.286975
vt 0.628187 0.234797
vt 0.620428 0.260375
vt 0.612669 0.285953
vt 0.623048 0.233774
vt 0.615341 0.258831
vt 0.607828 0.283948
vt 0.617808 0.233774
vt 0.610448 0.257347
vt 0.603472 0.281037
vt 0.612669 0.234797
vt 0.605940 0.255980
vt 0.599767 0.277331
vt 0.607828 0.236802
vt 0.601988 0.254781
vt 0.596855 0.272975
vt 0.603472 0.239713
vt 0.598744 0.253797
vt 0.594850 0.268134
vt 0.599766 0.243418
vt 0.596334 0.253066
vt 0.593828 0.262995
vt 0.596855 0.247775
vt 0.594850 0.252616
vt 0.593828 0.257755
vt 0.790711 0.092743
vt 0.791392 0.092743
vt 0.791392 0.137161
vt 0.790711 0.137161
vt 0.791392 0.181580
vt 0.790711 0.181580
vt 0.791392 0.225998
vt 0.790711 0.225998
vt 0.791392 0.270417
vt 0.790711 0.270417
vt 0.791392 0.314835
vt 0.790711 0.314835
vt 0.791392 0.359253
vt 0.790711 0.359253
vt 0.791392 0.403672
vt 0.790711 0.403672
vt 0.791392 0.448090
vt 0.790711 0.448090
vt 0.791392 0.492508
vt 0.790711 0.492508
vt 0.791392 0.536927
vt 0.790711 0.536927
vt 0.791392 0.581345
vt 0.790711 0.581345
vt 0.791392 0.625764
vt 0.790711 0.625764
vt 0.791392 0.670182
vt 0.790711 0.670182
vt 0.791392 0.714601
vt 0.790711 0.714601
vt 0.790711 0.003906
vt 0.791392 0.003906
vt 0.791392 0.048325
vt 0.790711 0.048325
vt 0.791950 0.092743
vt 0.791950 0.137161
vt 0.791950 0.181580
vt 0.791950 0.225998
vt 0.791950 0.270417
vt 0.791950 0.314835
vt 0.791950 0.359253
vt 0.791950 0.403672
vt 0.791950 0.448090
vt 0.791950 0.492508
vt 0.791950 0.536927
vt 0.791950 0.581345
vt 0.791950 0.625764
vt 0.791950 0.670182
vt 0.791950 0.714601
vt 0.791950 0.003906
vt 0.791950 0.048325
vt 0.792424 0.092743
vt 0.792424 0.137161
vt 0.792424 0.181580
vt 0.792424 0.225998
vt 0.792424 0.270417
vt 0.792424 0.314835
vt 0.792424 0.359253
vt 0.792424 0.403672
vt 0.792424 0.448090
vt 0.792424 0.492508
vt 0.792424 0.536927
vt 0.792424 0.581345
vt 0.792424 0.625764
vt 0.792424 0.670182
vt 0.792424 0.714601
vt 0.792424 0.003906
vt 0.792424 0.048325
vt 0.792848 0.092743
vt 0.792848 0.137161
vt 0.792848 0.181580
vt 0.792848 0.225998
vt 0.792848 0.270417
vt 0.792848 0.314835
vt 0.792848 0.359253
vt 0.792848 0.403672
vt 0.792848 0.448090
vt 0.792848 0.492508
vt 0.792848 0.536927
vt 0.792848 0.581345
vt 0.792848 0.625764
vt 0.792848 0.670182
vt 0.792848 0.714601
vt 0.792848 0.003906
vt 0.792848 0.048325
vt 0.793250 0.092743
vt 0.793250 0.137161
vt 0.793250 0.181580
vt 0.793250 0.225998
vt 0.793250 0.270417
vt 0.793250 0.314835
vt 0.793250 0.359253
vt 0.793250 0.403672
vt 0.793250 0.448090
vt 0.793250 0.492508
vt 0.793250 0.536927
vt 0.793250 0.581345
vt 0.793250 0.625764
vt 0.793250 0.670182
vt 0.793250 0.003906
vt 0.793250 0.048325
vt 0.793643 0.092743
vt 0.793643 0.137161
vt 0.793643 0.181580
vt 0.793643 0.225998
vt 0.793643 0.270417
vt 0.793643 0.314835
vt 0.793643 0.359253
vt 0.793643 0.403672
vt 0.793643 0.448090
vt 0.793643 0.492508
vt 0.793643 0.536927
vt 0.793643 0.581345
vt 0.793643 0.625764
vt 0.793643 0.670182
vt 0.793643 0.714601
vt 0.793250 0.714601
vt 0.793643 0.003906
vt 0.793643 0.048325
vt 0.738960 0.093954
vt 0.760173 0.093954
vt 0.760173 0.138978
vt 0.738960 0.138978
vt 0.760173 0.048930
vt 0.738960 0.048930
vt 0.738960 0.589216
vt 0.760173 0.589216
vt 0.760173 0.634240
vt 0.738960 0.634240
vt 0.760173 0.679264
vt 0.738960 0.679264
vt 0.738960 0.454145
vt 0.760173 0.454145
vt 0.760173 0.499169
vt 0.738960 0.499169
vt 0.760173 0.319073
vt 0.760173 0.364097
vt 0.738960 0.364097
vt 0.738960 0.319073
vt 0.760173 0.544193
vt 0.738960 0.544193
vt 0.738960 0.229026
vt 0.760173 0.229026
vt 0.760173 0.274049
vt 0.738960 0.274049
vt 0.760173 0.724288
vt 0.738960 0.724288
vt 0.760173 0.184002
vt 0.738960 0.184002
vt 0.760173 0.409121
vt 0.738960 0.409121
vt 0.738960 0.003906
vt 0.760173 0.003906
vt 0.771259 0.640949
vt 0.769969 0.640949
vt 0.769969 0.595451
vt 0.771259 0.595451
vt 0.769969 0.549953
vt 0.771259 0.549953
vt 0.772099 0.049404
vt 0.771259 0.049404
vt 0.771259 0.003906
vt 0.772099 0.003906
vt 0.772099 0.094972
vt 0.771259 0.094972
vt 0.771259 0.458957
vt 0.769969 0.458957
vt 0.769969 0.413459
vt 0.771259 0.413459
vt 0.769969 0.049404
vt 0.769969 0.003906
vt 0.771259 0.731945
vt 0.769969 0.731945
vt 0.769969 0.686447
vt 0.771259 0.686447
vt 0.771259 0.322462
vt 0.769969 0.322462
vt 0.769969 0.276964
vt 0.771259 0.276964
vt 0.769969 0.504455
vt 0.771259 0.504455
vt 0.772099 0.185968
vt 0.771259 0.185968
vt 0.771259 0.140470
vt 0.772099 0.140470
vt 0.769969 0.140470
vt 0.769969 0.094972
vt 0.769969 0.367961
vt 0.771259 0.367961
vt 0.772099 0.731945
vt 0.772099 0.686447
vt 0.772099 0.640949
vt 0.772099 0.595451
vt 0.772099 0.504455
vt 0.772099 0.549953
vt 0.769969 0.231466
vt 0.769969 0.185968
vt 0.771259 0.231466
vt 0.772099 0.458957
vt 0.772099 0.413459
vt 0.772099 0.367961
vt 0.772099 0.322462
vt 0.772099 0.276964
vt 0.768798 0.549953
vt 0.768798 0.504455
vt 0.768798 0.322462
vt 0.768798 0.276964
vt 0.768798 0.413459
vt 0.768798 0.367961
vt 0.768798 0.049404
vt 0.768798 0.003906
vt 0.768798 0.185968
vt 0.768798 0.140470
vt 0.768798 0.458957
vt 0.768798 0.595451
vt 0.768798 0.231466
vt 0.768798 0.686447
vt 0.768798 0.640949
vt 0.768798 0.731945
vt 0.768798 0.094972
vt 0.772099 0.231466
vt 0.803783 0.652172
vt 0.801455 0.652172
vt 0.801455 0.605867
vt 0.803783 0.605867
vt 0.803783 0.559562
vt 0.801455 0.559562
vt 0.801455 0.513258
vt 0.803783 0.513258
vt 0.767985 0.549953
vt 0.767985 0.504455
vt 0.767985 0.458957
vt 0.767985 0.367961
vt 0.767985 0.322462
vt 0.767985 0.276964
vt 0.803783 0.235430
vt 0.801455 0.235430
vt 0.801455 0.189125
vt 0.803783 0.189125
vt 0.767985 0.185968
vt 0.767985 0.140470
vt 0.767985 0.094972
vt 0.767985 0.049404
vt 0.767985 0.003906
vt 0.767985 0.731945
vt 0.767985 0.686447
vt 0.767985 0.640949
vt 0.801455 0.096516
vt 0.801455 0.050211
vt 0.803783 0.050211
vt 0.803783 0.096516
vt 0.803783 0.003906
vt 0.801455 0.003906
vt 0.803783 0.328039
vt 0.801455 0.328039
vt 0.801455 0.281734
vt 0.803783 0.281734
vt 0.801455 0.466953
vt 0.803783 0.466953
vt 0.801455 0.374344
vt 0.803783 0.374344
vt 0.803783 0.420648
vt 0.801455 0.420648
vt 0.803783 0.142820
vt 0.801455 0.142820
vt 0.801455 0.698476
vt 0.803783 0.698476
vt 0.767985 0.413459
vt 0.767985 0.231466
vt 0.767985 0.595451
vt 0.801455 0.744781
vt 0.803783 0.744781
vt 0.782899 0.637582
vt 0.779912 0.637582
vt 0.779912 0.592319
vt 0.782899 0.592319
vt 0.779912 0.547057
vt 0.782899 0.547057
vt 0.779912 0.501794
vt 0.782899 0.501794
vt 0.779912 0.456532
vt 0.782899 0.456532
vt 0.779912 0.411269
vt 0.782899 0.411269
vt 0.779912 0.366007
vt 0.782899 0.366007
vt 0.779912 0.320744
vt 0.782899 0.320744
vt 0.779912 0.275481
vt 0.782899 0.275481
vt 0.779912 0.230219
vt 0.782899 0.230219
vt 0.779912 0.184956
vt 0.782899 0.184956
vt 0.779912 0.139694
vt 0.782899 0.139694
vt 0.782899 0.728107
vt 0.779912 0.728107
vt 0.779912 0.682844
vt 0.782899 0.682844
vt 0.779912 0.094431
vt 0.782899 0.094431
vt 0.779912 0.049169
vt 0.782899 0.049169
vt 0.779912 0.003906
vt 0.782899 0.003906
vt 0.557228 0.209059
vt 0.525995 0.177826
vt 0.576185 0.184188
vt 0.598035 0.225962
vt 0.553027 0.067765
vt 0.557228 0.020809
vt 0.598035 0.003906
vt 0.607443 0.051201
vt 0.680208 0.102982
vt 0.664055 0.045680
vt 0.714245 0.052042
vt 0.731148 0.092849
vt 0.642205 0.225962
vt 0.632797 0.178667
vt 0.687213 0.162103
vt 0.683012 0.209059
vt 0.509092 0.137019
vt 0.509092 0.092849
vt 0.560032 0.126886
vt 0.642205 0.003906
vt 0.620120 0.114934
vt 0.731148 0.137019
vt 0.714245 0.177826
vt 0.683012 0.020809
vt 0.525995 0.052042
s 1
usemtl Frasco
f 39/1/39 93/2/93 94/3/94 40/4/40
f 66/5/66 120/6/120 121/7/121 67/8/67
f 120/6/120 174/9/174 175/10/175 121/7/121
f 174/9/174 228/11/228 229/12/229 175/10/175
f 228/11/228 282/13/282 283/14/283 229/12/229
f 282/13/282 336/15/336 337/16/337 283/14/283
f 336/15/336 390/17/390 391/18/391 337/16/337
f 390/17/390 444/19/444 445/20/445 391/18/391
f 444/19/444 498/21/498 499/22/499 445/20/445
f 498/21/498 552/23/552 553/24/553 499/22/499
f 552/23/552 606/25/606 607/26/607 553/24/553
f 606/27/606 660/28/660 661/29/661 607/30/607
f 660/28/660 714/31/714 715/32/715 661/29/661
f 714/31/714 768/33/768 769/34/769 715/32/715
f 768/33/768 822/35/822 823/36/823 769/34/769
f 66/5/66 67/8/67 849/37/849 27/38/27
f 2/39/2 40/4/40 41/40/41 3/41/3
f 40/4/40 94/3/94 95/42/95 41/40/41
f 94/3/94 148/43/148 149/44/149 95/42/95
f 148/43/148 202/45/202 203/46/203 149/44/149
f 202/45/202 256/47/256 257/48/257 203/46/203
f 256/47/256 310/49/310 311/50/311 257/48/257
f 310/49/310 364/51/364 365/52/365 311/50/311
f 364/51/364 418/53/418 419/54/419 365/52/365
f 418/53/418 472/55/472 473/56/473 419/54/419
f 472/55/472 526/57/526 527/58/527 473/56/473
f 526/57/526 580/59/580 581/60/581 527/58/527
f 580/59/580 634/61/634 635/62/635 581/60/581
f 634/61/634 688/63/688 689/64/689 635/62/635
f 688/63/688 742/65/742 743/66/743 689/64/689
f 742/65/742 796/67/796 797/68/797 743/66/743
f 796/67/796 849/37/849 850/69/850 797/68/797
f 3/41/3 41/40/41 42/70/42 4/71/4
f 41/40/41 95/42/95 96/72/96 42/70/42
f 95/42/95 149/44/149 150/73/150 96/72/96
f 149/44/149 203/46/203 204/74/204 150/73/150
f 203/46/203 257/48/257 258/75/258 204/74/204
f 257/48/257 311/50/311 312/76/312 258/75/258
f 311/50/311 365/52/365 366/77/366 312/76/312
f 365/52/365 419/54/419 420/78/420 366/77/366
f 419/54/419 473/56/473 474/79/474 420/78/420
f 473/56/473 527/58/527 528/80/528 474/79/474
f 527/58/527 581/60/581 582/81/582 528/80/528
f 581/60/581 635/62/635 636/82/636 582/81/582
f 635/62/635 689/64/689 690/83/690 636/82/636
f 689/64/689 743/66/743 744/84/744 690/83/690
f 743/66/743 797/68/797 798/85/798 744/84/744
f 797/68/797 850/69/850 851/86/851 798/85/798
f 4/71/4 42/70/42 43/87/43 5/88/5
f 42/70/42 96/72/96 97/89/97 43/87/43
f 96/72/96 150/73/150 151/90/151 97/89/97
f 150/73/150 204/74/204 205/91/205 151/90/151
f 204/74/204 258/75/258 259/92/259 205/91/205
f 258/75/258 312/76/312 313/93/313 259/92/259
f 312/76/312 366/77/366 367/94/367 313/93/313
f 366/77/366 420/78/420 421/95/421 367/94/367
f 420/78/420 474/79/474 475/96/475 421/95/421
f 474/79/474 528/80/528 529/97/529 475/96/475
f 528/80/528 582/81/582 583/98/583 529/97/529
f 582/81/582 636/82/636 637/99/637 583/98/583
f 636/82/636 690/83/690 691/100/691 637/99/637
f 690/83/690 744/84/744 745/101/745 691/100/691
f 744/84/744 798/85/798 799/102/799 745/101/745
f 798/85/798 851/86/851 852/103/852 799/102/799
f 5/88/5 43/87/43 44/104/44 864/105/864
f 43/87/43 97/89/97 98/106/98 44/104/44
f 97/89/97 151/90/151 152/107/152 98/106/98
f 151/90/151 205/91/205 206/108/206 152/107/152
f 205/91/205 259/92/259 260/109/260 206/108/206
f 259/92/259 313/93/313 314/110/314 260/109/260
f 313/93/313 367/94/367 368/111/368 314/110/314
f 367/94/367 421/95/421 422/112/422 368/111/368
f 421/95/421 475/96/475 476/113/476 422/112/422
f 475/96/475 529/97/529 530/114/530 476/113/476
f 529/97/529 583/98/583 584/115/584 530/114/530
f 583/98/583 637/99/637 638/116/638 584/115/584
f 637/99/637 691/100/691 692/117/692 638/116/638
f 691/100/691 745/101/745 746/118/746 692/117/692
f 745/101/745 799/102/799 800/119/800 746/118/746
f 799/102/799 852/103/852 853/120/853 800/119/800
f 44/121/44 98/122/98 99/123/99 45/124/45
f 71/125/71 125/126/125 126/127/126 72/128/72
f 125/126/125 179/129/179 180/130/180 126/127/126
f 179/129/179 233/131/233 234/132/234 180/130/180
f 233/131/233 287/133/287 288/134/288 234/132/234
f 287/133/287 341/135/341 342/136/342 288/134/288
f 341/135/341 395/137/395 396/138/396 342/136/342
f 395/137/395 449/139/449 450/140/450 396/138/396
f 449/139/449 503/141/503 504/142/504 450/140/450
f 503/141/503 557/143/557 558/144/558 504/142/504
f 557/143/557 611/145/611 612/146/612 558/144/558
f 611/147/611 665/148/665 666/149/666 612/150/612
f 665/148/665 719/151/719 720/152/720 666/149/666
f 719/151/719 773/153/773 774/154/774 720/152/720
f 773/153/773 827/155/827 828/156/828 774/154/774
f 853/157/853 71/125/71 72/128/72 854/158/854
f 6/159/6 45/124/45 46/160/46 7/161/7
f 45/124/45 99/123/99 100/162/100 46/160/46
f 99/123/99 153/163/153 154/164/154 100/162/100
f 153/163/153 207/165/207 208/166/208 154/164/154
f 207/165/207 261/167/261 262/168/262 208/166/208
f 261/167/261 315/169/315 316/170/316 262/168/262
f 315/169/315 369/171/369 370/172/370 316/170/316
f 369/171/369 423/173/423 424/174/424 370/172/370
f 423/173/423 477/175/477 478/176/478 424/174/424
f 477/175/477 531/177/531 532/178/532 478/176/478
f 531/177/531 585/179/585 586/180/586 532/178/532
f 585/179/585 639/181/639 640/182/640 586/180/586
f 639/181/639 693/183/693 694/184/694 640/182/640
f 693/183/693 747/185/747 748/186/748 694/184/694
f 747/185/747 801/187/801 802/188/802 748/186/748
f 801/187/801 854/158/854 855/189/855 802/188/802
f 7/161/7 46/160/46 47/190/47 8/191/8
f 46/160/46 100/162/100 101/192/101 47/190/47
f 100/162/100 154/164/154 155/193/155 101/192/101
f 154/164/154 208/166/208 209/194/209 155/193/155
f 208/166/208 262/168/262 263/195/263 209/194/209
f 262/168/262 316/170/316 317/196/317 263/195/263
f 316/170/316 370/172/370 371/197/371 317/196/317
f 370/172/370 424/174/424 425/198/425 371/197/371
f 424/174/424 478/176/478 479/199/479 425/198/425
f 478/176/478 532/178/532 533/200/533 479/199/479
f 532/178/532 586/180/586 587/201/587 533/200/533
f 586/180/586 640/182/640 641/202/641 587/201/587
f 640/182/640 694/184/694 695/203/695 641/202/641
f 694/184/694 748/186/748 749/204/749 695/203/695
f 748/186/748 802/188/802 803/205/803 749/204/749
f 802/188/802 855/189/855 856/206/856 803/205/803
f 8/191/8 47/190/47 48/207/48 9/208/9
f 47/190/47 101/192/101 102/209/102 48/207/48
f 101/192/101 155/193/155 156/210/156 102/209/102
f 155/193/155 209/194/209 210/211/210 156/210/156
f 209/194/209 263/195/263 264/212/264 210/211/210
f 263/195/263 317/196/317 318/213/318 264/212/264
f 317/196/317 371/197/371 372/214/372 318/213/318
f 371/197/371 425/198/425 426/215/426 372/214/372
f 425/198/425 479/199/479 480/216/480 426/215/426
f 479/199/479 533/200/533 534/217/534 480/216/480
f 533/200/533 587/201/587 588/218/588 534/217/534
f 587/201/587 641/202/641 642/219/642 588/218/588
f 641/202/641 695/203/695 696/220/696 642/219/642
f 695/203/695 749/204/749 750/221/750 696/220/696
f 749/204/749 803/205/803 804/222/804 750/221/750
f 803/205/803 856/206/856 857/223/857 804/222/804
f 9/208/9 48/207/48 49/224/49 10/225/10
f 48/207/48 102/209/102 103/226/103 49/224/49
f 102/209/102 156/210/156 157/227/157 103/226/103
f 156/210/156 210/211/210 211/228/211 157/227/157
f 210/211/210 264/212/264 265/229/265 211/228/211
f 264/212/264 318/213/318 319/230/319 265/229/265
f 318/213/318 372/214/372 373/231/373 319/230/319
f 372/214/372 426/215/426 427/232/427 373/231/373
f 426/215/426 480/216/480 481/233/481 427/232/427
f 480/216/480 534/217/534 535/234/535 481/233/481
f 534/217/534 588/218/588 589/235/589 535/234/535
f 588/218/588 642/219/642 643/236/643 589/235/589
f 642/219/642 696/220/696 697/237/697 643/236/643
f 696/220/696 750/221/750 751/238/751 697/237/697
f 750/221/750 804/222/804 805/239/805 751/238/751
f 804/222/804 857/223/857 858/240/858 805/239/805
f 10/225/10 49/224/49 50/241/50 11/242/11
f 49/224/49 103/226/103 104/243/104 50/241/50
f 103/226/103 157/227/157 158/244/158 104/243/104
f 157/227/157 211/228/211 212/245/212 158/244/158
f 211/228/211 265/229/265 266/246/266 212/245/212
f 265/229/265 319/230/319 320/247/320 266/246/266
f 319/230/319 373/231/373 374/248/374 320/247/320
f 373/231/373 427/232/427 428/249/428 374/248/374
f 427/232/427 481/233/481 482/250/482 428/249/428
f 481/233/481 535/234/535 536/251/536 482/250/482
f 535/234/535 589/235/589 590/252/590 536/251/536
f 589/235/589 643/236/643 644/253/644 590/252/590
f 643/236/643 697/237/697 698/254/698 644/253/644
f 697/237/697 751/238/751 752/255/752 698/254/698
f 751/238/751 805/239/805 806/256/806 752/255/752
f 805/239/805 858/240/858 859/257/859 806/256/806
f 11/242/11 50/241/50 51/258/51 12/259/12
f 50/241/50 104/243/104 105/260/105 51/258/51
f 104/243/104 158/244/158 159/261/159 105/260/105
f 158/244/158 212/245/212 213/262/213 159/261/159
f 212/245/212 266/246/266 267/263/267 213/262/213
f 266/246/266 320/247/320 321/264/321 267/263/267
f 320/247/320 374/248/374 375/265/375 321/264/321
f 374/248/374 428/249/428 429/266/429 375/265/375
f 428/249/428 482/250/482 483/267/483 429/266/429
f 482/250/482 536/251/536 537/268/537 483/267/483
f 536/251/536 590/252/590 591/269/591 537/268/537
f 590/252/590 644/253/644 645/270/645 591/269/591
f 644/253/644 698/254/698 699/271/699 645/270/645
f 698/254/698 752/255/752 753/272/753 699/271/699
f 752/255/752 806/256/806 807/273/807 753/272/753
f 806/256/806 859/257/859 860/274/860 807/273/807
f 12/259/12 51/258/51 52/275/52 13/276/13
f 51/258/51 105/260/105 106/277/106 52/275/52
f 105/260/105 159/261/159 160/278/160 106/277/106
f 159/261/159 213/262/213 214/279/214 160/278/160
f 213/262/213 267/263/267 268/280/268 214/279/214
f 267/263/267 321/264/321 322/281/322 268/280/268
f 321/264/321 375/265/375 376/282/376 322/281/322
f 375/265/375 429/266/429 430/283/430 376/282/376
f 429/266/429 483/267/483 484/284/484 430/283/430
f 483/267/483 537/268/537 538/285/538 484/284/484
f 537/268/537 591/269/591 592/286/592 538/285/538
f 591/269/591 645/270/645 646/287/646 592/286/592
f 645/270/645 699/271/699 700/288/700 646/287/646
f 699/271/699 753/272/753 754/289/754 700/288/700
f 753/272/753 807/273/807 808/290/808 754/289/754
f 807/273/807 860/274/860 861/291/861 808/290/808
f 13/276/13 52/275/52 53/292/53 14/293/14
f 52/275/52 106/277/106 107/294/107 53/292/53
f 106/277/106 160/278/160 161/295/161 107/294/107
f 160/278/160 214/279/214 215/296/215 161/295/161
f 214/279/214 268/280/268 269/297/269 215/296/215
f 268/280/268 322/281/322 323/298/323 269/297/269
f 322/281/322 376/282/376 377/299/377 323/298/323
f 376/282/376 430/283/430 431/300/431 377/299/377
f 430/283/430 484/284/484 485/301/485 431/300/431
f 484/284/484 538/285/538 539/302/539 485/301/485
f 538/285/538 592/286/592 593/303/593 539/302/539
f 592/286/592 646/287/646 647/304/647 593/303/593
f 646/287/646 700/288/700 701/305/701 647/304/647
f 700/288/700 754/289/754 755/306/755 701/305/701
f 754/289/754 808/290/808 809/307/809 755/306/755
f 808/290/808 861/291/861 862/308/862 809/307/809
f 14/293/14 53/292/53 54/309/54 15/310/15
f 53/292/53 107/294/107 108/311/108 54/309/54
f 107/294/107 161/295/161 162/312/162 108/311/108
f 161/295/161 215/296/215 216/313/216 162/312/162
f 215/296/215 269/297/269 270/314/270 216/313/216
f 269/297/269 323/298/323 324/315/324 270/314/270
f 323/298/323 377/299/377 378/316/378 324/315/324
f 377/299/377 431/300/431 432/317/432 378/316/378
f 431/300/431 485/301/485 486/318/486 432/317/432
f 485/301/485 539/302/539 540/319/540 486/318/486
f 539/302/539 593/303/593 594/320/594 540/319/540
f 593/303/593 647/304/647 648/321/648 594/320/594
f 647/304/647 701/305/701 702/322/702 648/321/648
f 701/305/701 755/306/755 756/323/756 702/322/702
f 755/306/755 809/307/809 810/324/810 756/323/756
f 809/307/809 862/308/862 863/325/863 810/324/810
f 15/310/15 54/309/54 55/326/55 16/327/16
f 54/309/54 108/311/108 109/328/109 55/326/55
f 108/311/108 162/312/162 163/329/163 109/328/109
f 162/312/162 216/313/216 217/330/217 163/329/163
f 216/313/216 270/314/270 271/331/271 217/330/217
f 270/314/270 324/315/324 325/332/325 271/331/271
f 324/315/324 378/316/378 379/333/379 325/332/325
f 378/316/378 432/317/432 433/334/433 379/333/379
f 432/317/432 486/318/486 487/335/487 433/334/433
f 486/318/486 540/319/540 541/336/541 487/335/487
f 540/319/540 594/320/594 595/337/595 541/336/541
f 594/320/594 648/321/648 649/338/649 595/337/595
f 648/321/648 702/322/702 703/339/703 649/338/649
f 702/322/702 756/323/756 757/340/757 703/339/703
f 756/323/756 810/324/810 811/341/811 757/340/757
f 810/324/810 863/325/863 28/342/28 811/341/811
f 29/343/29 28/342/28 82/344/82 83/345/83
f 16/327/16 55/326/55 56/346/56 17/347/17
f 55/326/55 109/328/109 110/348/110 56/346/56
f 109/328/109 163/329/163 164/349/164 110/348/110
f 163/329/163 217/330/217 218/350/218 164/349/164
f 217/330/217 271/331/271 272/351/272 218/350/218
f 271/331/271 325/332/325 326/352/326 272/351/272
f 325/332/325 379/333/379 380/353/380 326/352/326
f 379/333/379 433/334/433 434/354/434 380/353/380
f 433/334/433 487/335/487 488/355/488 434/354/434
f 487/335/487 541/336/541 542/356/542 488/355/488
f 541/336/541 595/337/595 596/357/596 542/356/542
f 595/337/595 649/338/649 650/358/650 596/357/596
f 649/338/649 703/339/703 704/359/704 650/358/650
f 703/339/703 757/340/757 758/360/758 704/359/704
f 757/340/757 811/341/811 812/361/812 758/360/758
f 811/341/811 28/342/28 29/343/29 812/361/812
f 18/362/18 57/363/57 58/364/58 19/365/19
f 57/363/57 111/366/111 112/367/112 58/364/58
f 111/366/111 165/368/165 166/369/166 112/367/112
f 165/368/165 219/370/219 220/371/220 166/369/166
f 219/370/219 273/372/273 274/373/274 220/371/220
f 273/372/273 327/374/327 328/375/328 274/373/274
f 327/374/327 381/376/381 382/377/382 328/375/328
f 381/376/381 435/378/435 436/379/436 382/377/382
f 435/378/435 489/380/489 490/381/490 436/379/436
f 489/380/489 543/382/543 544/383/544 490/381/490
f 543/382/543 597/384/597 598/385/598 544/383/544
f 597/384/597 651/386/651 652/387/652 598/385/598
f 651/386/651 705/388/705 706/389/706 652/387/652
f 705/388/705 759/390/759 760/391/760 706/389/706
f 759/390/759 813/392/813 814/393/814 760/391/760
f 813/392/813 30/394/30 31/395/31 814/393/814
f 19/365/19 58/364/58 59/396/59 20/397/20
f 58/364/58 112/367/112 113/398/113 59/396/59
f 112/367/112 166/369/166 167/399/167 113/398/113
f 166/369/166 220/371/220 221/400/221 167/399/167
f 220/371/220 274/373/274 275/401/275 221/400/221
f 274/373/274 328/375/328 329/402/329 275/401/275
f 328/375/328 382/377/382 383/403/383 329/402/329
f 382/377/382 436/379/436 437/404/437 383/403/383
f 436/379/436 490/381/490 491/405/491 437/404/437
f 490/381/490 544/383/544 545/406/545 491/405/491
f 544/383/544 598/385/598 599/407/599 545/406/545
f 598/385/598 652/387/652 653/408/653 599/407/599
f 652/387/652 706/389/706 707/409/707 653/408/653
f 706/389/706 760/391/760 761/410/761 707/409/707
f 760/391/760 814/393/814 815/411/815 761/410/761
f 814/393/814 31/395/31 32/412/32 815/411/815
f 20/397/20 59/396/59 60/413/60 21/414/21
f 59/396/59 113/398/113 114/415/114 60/413/60
f 113/398/113 167/399/167 168/416/168 114/415/114
f 167/399/167 221/400/221 222/417/222 168/416/168
f 221/400/221 275/401/275 276/418/276 222/417/222
f 275/401/275 329/402/329 330/419/330 276/418/276
f 329/402/329 383/403/383 384/420/384 330/419/330
f 383/403/383 437/404/437 438/421/438 384/420/384
f 437/404/437 491/405/491 492/422/492 438/421/438
f 491/405/491 545/406/545 546/423/546 492/422/492
f 545/406/545 599/407/599 600/424/600 546/423/546
f 599/407/599 653/408/653 654/425/654 600/424/600
f 653/408/653 707/409/707 708/426/708 654/425/654
f 707/409/707 761/410/761 762/427/762 708/426/708
f 761/410/761 815/411/815 816/428/816 762/427/762
f 815/411/815 32/412/32 33/429/33 816/428/816
f 21/414/21 60/413/60 61/430/61 22/431/22
f 60/413/60 114/415/114 115/432/115 61/430/61
f 114/415/114 168/416/168 169/433/169 115/432/115
f 168/416/168 222/417/222 223/434/223 169/433/169
f 222/417/222 276/418/276 277/435/277 223/434/223
f 276/418/276 330/419/330 331/436/331 277/435/277
f 330/419/330 384/420/384 385/437/385 331/436/331
f 384/420/384 438/421/438 439/438/439 385/437/385
f 438/421/438 492/422/492 493/439/493 439/438/439
f 492/422/492 546/423/546 547/440/547 493/439/493
f 546/423/546 600/424/600 601/441/601 547/440/547
f 600/424/600 654/425/654 655/442/655 601/441/601
f 654/425/654 708/426/708 709/443/709 655/442/655
f 708/426/708 762/427/762 763/444/763 709/443/709
f 762/427/762 816/428/816 817/445/817 763/444/763
f 816/428/816 33/429/33 34/446/34 817/445/817
f 29/343/29 83/345/83 84/447/84 30/394/30
f 83/345/83 137/448/137 138/449/138 84/447/84
f 137/448/137 191/450/191 192/451/192 138/449/138
f 191/450/191 245/452/245 246/453/246 192/451/192
f 245/452/245 299/454/299 300/455/300 246/453/246
f 299/454/299 353/456/353 354/457/354 300/455/300
f 353/456/353 407/458/407 408/459/408 354/457/354
f 407/458/407 461/460/461 462/461/462 408/459/408
f 461/460/461 515/462/515 516/463/516 462/461/462
f 515/462/515 569/464/569 570/465/570 516/463/516
f 569/464/569 623/466/623 624/467/624 570/465/570
f 623/468/623 677/469/677 678/470/678 624/471/624
f 677/469/677 731/472/731 732/473/732 678/470/678
f 731/472/731 785/474/785 786/475/786 732/473/732
f 785/474/785 839/476/839 840/477/840 786/475/786
f 839/476/839 17/347/17 18/362/18 840/477/840
f 22/431/22 61/430/61 62/478/62 23/479/23
f 61/430/61 115/432/115 116/480/116 62/478/62
f 115/432/115 169/433/169 170/481/170 116/480/116
f 169/433/169 223/434/223 224/482/224 170/481/170
f 223/434/223 277/435/277 278/483/278 224/482/224
f 277/435/277 331/436/331 332/484/332 278/483/278
f 331/436/331 385/437/385 386/485/386 332/484/332
f 385/437/385 439/438/439 440/486/440 386/485/386
f 439/438/439 493/439/493 494/487/494 440/486/440
f 493/439/493 547/440/547 548/488/548 494/487/494
f 547/440/547 601/441/601 602/489/602 548/488/548
f 601/441/601 655/442/655 656/490/656 602/489/602
f 655/442/655 709/443/709 710/491/710 656/490/656
f 709/443/709 763/444/763 764/492/764 710/491/710
f 763/444/763 817/445/817 818/493/818 764/492/764
f 817/445/817 34/446/34 35/494/35 818/493/818
f 23/479/23 62/478/62 63/495/63 24/496/24
f 62/478/62 116/480/116 117/497/117 63/495/63
f 116/480/116 170/481/170 171/498/171 117/497/117
f 170/481/170 224/482/224 225/499/225 171/498/171
f 224/482/224 278/483/278 279/500/279 225/499/225
f 278/483/278 332/484/332 333/501/333 279/500/279
f 332/484/332 386/485/386 387/502/387 333/501/333
f 386/485/386 440/486/440 441/503/441 387/502/387
f 440/486/440 494/487/494 495/504/495 441/503/441
f 494/487/494 548/488/548 549/505/549 495/504/495
f 548/488/548 602/489/602 603/506/603 549/505/549
f 602/489/602 656/490/656 657/507/657 603/506/603
f 656/490/656 710/491/710 711/508/711 657/507/657
f 710/491/710 764/492/764 765/509/765 711/508/711
f 764/492/764 818/493/818 819/510/819 765/509/765
f 818/493/818 35/494/35 36/511/36 819/510/819
f 24/496/24 63/495/63 64/512/64 25/513/25
f 63/495/63 117/497/117 118/514/118 64/512/64
f 117/497/117 171/498/171 172/515/172 118/514/118
f 171/498/171 225/499/225 226/516/226 172/515/172
f 225/499/225 279/500/279 280/517/280 226/516/226
f 279/500/279 333/501/333 334/518/334 280/517/280
f 333/501/333 387/502/387 388/519/388 334/518/334
f 387/502/387 441/503/441 442/520/442 388/519/388
f 441/503/441 495/504/495 496/521/496 442/520/442
f 495/504/495 549/505/549 550/522/550 496/521/496
f 549/505/549 603/506/603 604/523/604 550/522/550
f 603/506/603 657/507/657 658/524/658 604/523/604
f 657/507/657 711/508/711 712/525/712 658/524/658
f 711/508/711 765/509/765 766/526/766 712/525/712
f 765/509/765 819/510/819 820/527/820 766/526/766
f 819/510/819 36/511/36 37/528/37 820/527/820
f 25/513/25 64/512/64 65/529/65 26/530/26
f 64/512/64 118/514/118 119/531/119 65/529/65
f 118/514/118 172/515/172 173/532/173 119/531/119
f 172/515/172 226/516/226 227/533/227 173/532/173
f 226/516/226 280/517/280 281/534/281 227/533/227
f 280/517/280 334/518/334 335/535/335 281/534/281
f 334/518/334 388/519/388 389/536/389 335/535/335
f 388/519/388 442/520/442 443/537/443 389/536/389
f 442/520/442 496/521/496 497/538/497 443/537/443
f 496/521/496 550/522/550 551/539/551 497/538/497
f 550/522/550 604/523/604 605/540/605 551/539/551
f 604/523/604 658/524/658 659/541/659 605/540/605
f 658/524/658 712/525/712 713/542/713 659/541/659
f 712/525/712 766/526/766 767/543/767 713/542/713
f 766/526/766 820/527/820 821/544/821 767/543/767
f 820/527/820 37/528/37 38/545/38 821/544/821
f 1/546/1 39/1/39 40/4/40 2/39/2
f 822/35/822 1/546/1 2/39/2 823/36/823
f 93/2/93 147/547/147 148/43/148 94/3/94
f 147/547/147 201/548/201 202/45/202 148/43/148
f 201/548/201 255/549/255 256/47/256 202/45/202
f 255/549/255 309/550/309 310/49/310 256/47/256
f 309/550/309 363/551/363 364/51/364 310/49/310
f 363/551/363 417/552/417 418/53/418 364/51/364
f 417/552/417 471/553/471 472/55/472 418/53/418
f 471/553/471 525/554/525 526/57/526 472/55/472
f 525/554/525 579/555/579 580/59/580 526/57/526
f 579/555/579 633/556/633 634/61/634 580/59/580
f 633/556/633 687/557/687 688/63/688 634/61/634
f 687/557/687 741/558/741 742/65/742 688/63/688
f 741/558/741 795/559/795 796/67/796 742/65/742
f 795/559/795 27/38/27 849/37/849 796/67/796
f 6/159/6 864/560/864 44/121/44 45/124/45
f 849/37/849 67/8/67 68/561/68 850/69/850
f 67/8/67 121/7/121 122/562/122 68/561/68
f 121/7/121 175/10/175 176/563/176 122/562/122
f 175/10/175 229/12/229 230/564/230 176/563/176
f 229/12/229 283/14/283 284/565/284 230/564/230
f 283/14/283 337/16/337 338/566/338 284/565/284
f 337/16/337 391/18/391 392/567/392 338/566/338
f 391/18/391 445/20/445 446/568/446 392/567/392
f 445/20/445 499/22/499 500/569/500 446/568/446
f 499/22/499 553/24/553 554/570/554 500/569/500
f 553/24/553 607/26/607 608/571/608 554/570/554
f 607/30/607 661/29/661 662/572/662 608/573/608
f 661/29/661 715/32/715 716/574/716 662/572/662
f 715/32/715 769/34/769 770/575/770 716/574/716
f 769/34/769 823/36/823 824/576/824 770/575/770
f 823/36/823 2/39/2 3/41/3 824/576/824
f 850/69/850 68/561/68 69/577/69 851/86/851
f 68/561/68 122/562/122 123/578/123 69/577/69
f 122/562/122 176/563/176 177/579/177 123/578/123
f 176/563/176 230/564/230 231/580/231 177/579/177
f 230/564/230 284/565/284 285/581/285 231/580/231
f 284/565/284 338/566/338 339/582/339 285/581/285
f 338/566/338 392/567/392 393/583/393 339/582/339
f 392/567/392 446/568/446 447/584/447 393/583/393
f 446/568/446 500/569/500 501/585/501 447/584/447
f 500/569/500 554/570/554 555/586/555 501/585/501
f 554/570/554 608/571/608 609/587/609 555/586/555
f 608/573/608 662/572/662 663/588/663 609/589/609
f 662/572/662 716/574/716 717/590/717 663/588/663
f 716/574/716 770/575/770 771/591/771 717/590/717
f 770/575/770 824/576/824 825/592/825 771/591/771
f 824/576/824 3/41/3 4/71/4 825/592/825
f 851/86/851 69/577/69 70/593/70 852/103/852
f 69/577/69 123/578/123 124/594/124 70/593/70
f 123/578/123 177/579/177 178/595/178 124/594/124
f 177/579/177 231/580/231 232/596/232 178/595/178
f 231/580/231 285/581/285 286/597/286 232/596/232
f 285/581/285 339/582/339 340/598/340 286/597/286
f 339/582/339 393/583/393 394/599/394 340/598/340
f 393/583/393 447/584/447 448/600/448 394/599/394
f 447/584/447 501/585/501 502/601/502 448/600/448
f 501/585/501 555/586/555 556/602/556 502/601/502
f 555/586/555 609/587/609 610/603/610 556/602/556
f 609/589/609 663/588/663 664/604/664 610/605/610
f 663/588/663 717/590/717 718/606/718 664/604/664
f 717/590/717 771/591/771 772/607/772 718/606/718
f 771/591/771 825/592/825 826/608/826 772/607/772
f 825/592/825 4/71/4 5/88/5 826/608/826
f 852/103/852 70/593/70 71/609/71 853/120/853
f 70/593/70 124/594/124 125/610/125 71/609/71
f 124/594/124 178/595/178 179/611/179 125/610/125
f 178/595/178 232/596/232 233/612/233 179/611/179
f 232/596/232 286/597/286 287/613/287 233/612/233
f 286/597/286 340/598/340 341/614/341 287/613/287
f 340/598/340 394/599/394 395/615/395 341/614/341
f 394/599/394 448/600/448 449/616/449 395/615/395
f 448/600/448 502/601/502 503/617/503 449/616/449
f 502/601/502 556/602/556 557/618/557 503/617/503
f 556/602/556 610/603/610 611/619/611 557/618/557
f 610/605/610 664/604/664 665/620/665 611/621/611
f 664/604/664 718/606/718 719/622/719 665/620/665
f 718/606/718 772/607/772 773/623/773 719/622/719
f 772/607/772 826/608/826 827/624/827 773/623/773
f 826/608/826 5/88/5 864/105/864 827/624/827
f 827/155/827 864/560/864 6/159/6 828/156/828
f 98/122/98 152/625/152 153/163/153 99/123/99
f 152/625/152 206/626/206 207/165/207 153/163/153
f 206/626/206 260/627/260 261/167/261 207/165/207
f 260/627/260 314/628/314 315/169/315 261/167/261
f 314/628/314 368/629/368 369/171/369 315/169/315
f 368/629/368 422/630/422 423/173/423 369/171/369
f 422/630/422 476/631/476 477/175/477 423/173/423
f 476/631/476 530/632/530 531/177/531 477/175/477
f 530/632/530 584/633/584 585/179/585 531/177/531
f 584/633/584 638/634/638 639/181/639 585/179/585
f 638/634/638 692/635/692 693/183/693 639/181/639
f 692/635/692 746/636/746 747/185/747 693/183/693
f 746/636/746 800/637/800 801/187/801 747/185/747
f 800/637/800 853/157/853 854/158/854 801/187/801
f 854/158/854 72/128/72 73/638/73 855/189/855
f 72/128/72 126/127/126 127/639/127 73/638/73
f 126/127/126 180/130/180 181/640/181 127/639/127
f 180/130/180 234/132/234 235/641/235 181/640/181
f 234/132/234 288/134/288 289/642/289 235/641/235
f 288/134/288 342/136/342 343/643/343 289/642/289
f 342/136/342 396/138/396 397/644/397 343/643/343
f 396/138/396 450/140/450 451/645/451 397/644/397
f 450/140/450 504/142/504 505/646/505 451/645/451
f 504/142/504 558/144/558 559/647/559 505/646/505
f 558/144/558 612/146/612 613/648/613 559/647/559
f 612/150/612 666/149/666 667/649/667 613/650/613
f 666/149/666 720/152/720 721/651/721 667/649/667
f 720/152/720 774/154/774 775/652/775 721/651/721
f 774/154/774 828/156/828 829/653/829 775/652/775
f 828/156/828 6/159/6 7/161/7 829/653/829
f 855/189/855 73/638/73 74/654/74 856/206/856
f 73/638/73 127/639/127 128/655/128 74/654/74
f 127/639/127 181/640/181 182/656/182 128/655/128
f 181/640/181 235/641/235 236/657/236 182/656/182
f 235/641/235 289/642/289 290/658/290 236/657/236
f 289/642/289 343/643/343 344/659/344 290/658/290
f 343/643/343 397/644/397 398/660/398 344/659/344
f 397/644/397 451/645/451 452/661/452 398/660/398
f 451/645/451 505/646/505 506/662/506 452/661/452
f 505/646/505 559/647/559 560/663/560 506/662/506
f 559/647/559 613/648/613 614/664/614 560/663/560
f 613/650/613 667/649/667 668/665/668 614/666/614
f 667/649/667 721/651/721 722/667/722 668/665/668
f 721/651/721 775/652/775 776/668/776 722/667/722
f 775/652/775 829/653/829 830/669/830 776/668/776
f 829/653/829 7/161/7 8/191/8 830/669/830
f 856/206/856 74/654/74 75/670/75 857/223/857
f 74/654/74 128/655/128 129/671/129 75/670/75
f 128/655/128 182/656/182 183/672/183 129/671/129
f 182/656/182 236/657/236 237/673/237 183/672/183
f 236/657/236 290/658/290 291/674/291 237/673/237
f 290/658/290 344/659/344 345/675/345 291/674/291
f 344/659/344 398/660/398 399/676/399 345/675/345
f 398/660/398 452/661/452 453/677/453 399/676/399
f 452/661/452 506/662/506 507/678/507 453/677/453
f 506/662/506 560/663/560 561/679/561 507/678/507
f 560/663/560 614/664/614 615/680/615 561/679/561
f 614/666/614 668/665/668 669/681/669 615/682/615
f 668/665/668 722/667/722 723/683/723 669/681/669
f 722/667/722 776/668/776 777/684/777 723/683/723
f 776/668/776 830/669/830 831/685/831 777/684/777
f 830/669/830 8/191/8 9/208/9 831/685/831
f 857/223/857 75/670/75 76/686/76 858/240/858
f 75/670/75 129/671/129 130/687/130 76/686/76
f 129/671/129 183/672/183 184/688/184 130/687/130
f 183/672/183 237/673/237 238/689/238 184/688/184
f 237/673/237 291/674/291 292/690/292 238/689/238
f 291/674/291 345/675/345 346/691/346 292/690/292
f 345/675/345 399/676/399 400/692/400 346/691/346
f 399/676/399 453/677/453 454/693/454 400/692/400
f 453/677/453 507/678/507 508/694/508 454/693/454
f 507/678/507 561/679/561 562/695/562 508/694/508
f 561/679/561 615/680/615 616/696/616 562/695/562
f 615/682/615 669/681/669 670/697/670 616/698/616
f 669/681/669 723/683/723 724/699/724 670/697/670
f 723/683/723 777/684/777 778/700/778 724/699/724
f 777/684/777 831/685/831 832/701/832 778/700/778
f 831/685/831 9/208/9 10/225/10 832/701/832
f 858/240/858 76/686/76 77/702/77 859/257/859
f 76/686/76 130/687/130 131/703/131 77/702/77
f 130/687/130 184/688/184 185/704/185 131/703/131
f 184/688/184 238/689/238 239/705/239 185/704/185
f 238/689/238 292/690/292 293/706/293 239/705/239
f 292/690/292 346/691/346 347/707/347 293/706/293
f 346/691/346 400/692/400 401/708/401 347/707/347
f 400/692/400 454/693/454 455/709/455 401/708/401
f 454/693/454 508/694/508 509/710/509 455/709/455
f 508/694/508 562/695/562 563/711/563 509/710/509
f 562/695/562 616/696/616 617/712/617 563/711/563
f 616/698/616 670/697/670 671/713/671 617/714/617
f 670/697/670 724/699/724 725/715/725 671/713/671
f 724/699/724 778/700/778 779/716/779 725/715/725
f 778/700/778 832/701/832 833/717/833 779/716/779
f 832/701/832 10/225/10 11/242/11 833/717/833
f 859/257/859 77/702/77 78/718/78 860/274/860
f 77/702/77 131/703/131 132/719/132 78/718/78
f 131/703/131 185/704/185 186/720/186 132/719/132
f 185/704/185 239/705/239 240/721/240 186/720/186
f 239/705/239 293/706/293 294/722/294 240/721/240
f 293/706/293 347/707/347 348/723/348 294/722/294
f 347/707/347 401/708/401 402/724/402 348/723/348
f 401/708/401 455/709/455 456/725/456 402/724/402
f 455/709/455 509/710/509 510/726/510 456/725/456
f 509/710/509 563/711/563 564/727/564 510/726/510
f 563/711/563 617/712/617 618/728/618 564/727/564
f 617/714/617 671/713/671 672/729/672 618/730/618
f 671/713/671 725/715/725 726/731/726 672/729/672
f 725/715/725 779/716/779 780/732/780 726/731/726
f 779/716/779 833/717/833 834/733/834 780/732/780
f 833/717/833 11/242/11 12/259/12 834/733/834
f 860/274/860 78/718/78 79/734/79 861/291/861
f 78/718/78 132/719/132 133/735/133 79/734/79
f 132/719/132 186/720/186 187/736/187 133/735/133
f 186/720/186 240/721/240 241/737/241 187/736/187
f 240/721/240 294/722/294 295/738/295 241/737/241
f 294/722/294 348/723/348 349/739/349 295/738/295
f 348/723/348 402/724/402 403/740/403 349/739/349
f 402/724/402 456/725/456 457/741/457 403/740/403
f 456/725/456 510/726/510 511/742/511 457/741/457
f 510/726/510 564/727/564 565/743/565 511/742/511
f 564/727/564 618/728/618 619/744/619 565/743/565
f 618/730/618 672/729/672 673/745/673 619/746/619
f 672/729/672 726/731/726 727/747/727 673/745/673
f 726/731/726 780/732/780 781/748/781 727/747/727
f 780/732/780 834/733/834 835/749/835 781/748/781
f 834/733/834 12/259/12 13/276/13 835/749/835
f 861/291/861 79/734/79 80/750/80 862/308/862
f 79/734/79 133/735/133 134/751/134 80/750/80
f 133/735/133 187/736/187 188/752/188 134/751/134
f 187/736/187 241/737/241 242/753/242 188/752/188
f 241/737/241 295/738/295 296/754/296 242/753/242
f 295/738/295 349/739/349 350/755/350 296/754/296
f 349/739/349 403/740/403 404/756/404 350/755/350
f 403/740/403 457/741/457 458/757/458 404/756/404
f 457/741/457 511/742/511 512/758/512 458/757/458
f 511/742/511 565/743/565 566/759/566 512/758/512
f 565/743/565 619/744/619 620/760/620 566/759/566
f 619/746/619 673/745/673 674/761/674 620/762/620
f 673/745/673 727/747/727 728/763/728 674/761/674
f 727/747/727 781/748/781 782/764/782 728/763/728
f 781/748/781 835/749/835 836/765/836 782/764/782
f 835/749/835 13/276/13 14/293/14 836/765/836
f 862/308/862 80/750/80 81/766/81 863/325/863
f 80/750/80 134/751/134 135/767/135 81/766/81
f 134/751/134 188/752/188 189/768/189 135/767/135
f 188/752/188 242/753/242 243/769/243 189/768/189
f 242/753/242 296/754/296 297/770/297 243/769/243
f 296/754/296 350/755/350 351/771/351 297/770/297
f 350/755/350 404/756/404 405/772/405 351/771/351
f 404/756/404 458/757/458 459/773/459 405/772/405
f 458/757/458 512/758/512 513/774/513 459/773/459
f 512/758/512 566/759/566 567/775/567 513/774/513
f 566/759/566 620/760/620 621/776/621 567/775/567
f 620/762/620 674/761/674 675/777/675 621/778/621
f 674/761/674 728/763/728 729/779/729 675/777/675
f 728/763/728 782/764/782 783/780/783 729/779/729
f 782/764/782 836/765/836 837/781/837 783/780/783
f 836/765/836 14/293/14 15/310/15 837/781/837
f 863/325/863 81/766/81 82/344/82 28/342/28
f 81/766/81 135/767/135 136/782/136 82/344/82
f 135/767/135 189/768/189 190/783/190 136/782/136
f 189/768/189 243/769/243 244/784/244 190/783/190
f 243/769/243 297/770/297 298/785/298 244/784/244
f 297/770/297 351/771/351 352/786/352 298/785/298
f 351/771/351 405/772/405 406/787/406 352/786/352
f 405/772/405 459/773/459 460/788/460 406/787/406
f 459/773/459 513/774/513 514/789/514 460/788/460
f 513/774/513 567/775/567 568/790/568 514/789/514
f 567/775/567 621/776/621 622/791/622 568/790/568
f 621/778/621 675/777/675 676/792/676 622/793/622
f 675/777/675 729/779/729 730/794/730 676/792/676
f 729/779/729 783/780/783 784/795/784 730/794/730
f 783/780/783 837/781/837 838/796/838 784/795/784
f 837/781/837 15/310/15 16/327/16 838/796/838
f 82/344/82 136/782/136 137/448/137 83/345/83
f 136/782/136 190/783/190 191/450/191 137/448/137
f 190/783/190 244/784/244 245/452/245 191/450/191
f 244/784/244 298/785/298 299/454/299 245/452/245
f 298/785/298 352/786/352 353/456/353 299/454/299
f 352/786/352 406/787/406 407/458/407 353/456/353
f 406/787/406 460/788/460 461/460/461 407/458/407
f 460/788/460 514/789/514 515/462/515 461/460/461
f 514/789/514 568/790/568 569/464/569 515/462/515
f 568/790/568 622/791/622 623/466/623 569/464/569
f 622/793/622 676/792/676 677/469/677 623/468/623
f 676/792/676 730/794/730 731/472/731 677/469/677
f 730/794/730 784/795/784 785/474/785 731/472/731
f 784/795/784 838/796/838 839/476/839 785/474/785
f 838/796/838 16/327/16 17/347/17 839/476/839
f 30/394/30 84/447/84 85/797/85 31/395/31
f 84/447/84 138/449/138 139/798/139 85/797/85
f 138/449/138 192/451/192 193/799/193 139/798/139
f 192/451/192 246/453/246 247/800/247 193/799/193
f 246/453/246 300/455/300 301/801/301 247/800/247
f 300/455/300 354/457/354 355/802/355 301/801/301
f 354/457/354 408/459/408 409/803/409 355/802/355
f 408/459/408 462/461/462 463/804/463 409/803/409
f 462/461/462 516/463/516 517/805/517 463/804/463
f 516/463/516 570/465/570 571/806/571 517/805/517
f 570/465/570 624/467/624 625/807/625 571/806/571
f 624/471/624 678/470/678 679/808/679 625/809/625
f 678/470/678 732/473/732 733/810/733 679/808/679
f 732/473/732 786/475/786 787/811/787 733/810/733
f 786/475/786 840/477/840 841/812/841 787/811/787
f 840/477/840 18/362/18 19/365/19 841/812/841
f 31/395/31 85/797/85 86/813/86 32/412/32
f 85/797/85 139/798/139 140/814/140 86/813/86
f 139/798/139 193/799/193 194/815/194 140/814/140
f 193/799/193 247/800/247 248/816/248 194/815/194
f 247/800/247 301/801/301 302/817/302 248/816/248
f 301/801/301 355/802/355 356/818/356 302/817/302
f 355/802/355 409/803/409 410/819/410 356/818/356
f 409/803/409 463/804/463 464/820/464 410/819/410
f 463/804/463 517/805/517 518/821/518 464/820/464
f 517/805/517 571/806/571 572/822/572 518/821/518
f 571/806/571 625/807/625 626/823/626 572/822/572
f 625/809/625 679/808/679 680/824/680 626/825/626
f 679/808/679 733/810/733 734/826/734 680/824/680
f 733/810/733 787/811/787 788/827/788 734/826/734
f 787/811/787 841/812/841 842/828/842 788/827/788
f 841/812/841 19/365/19 20/397/20 842/828/842
f 32/412/32 86/813/86 87/829/87 33/429/33
f 86/813/86 140/814/140 141/830/141 87/829/87
f 140/814/140 194/815/194 195/831/195 141/830/141
f 194/815/194 248/816/248 249/832/249 195/831/195
f 248/816/248 302/817/302 303/833/303 249/832/249
f 302/817/302 356/818/356 357/834/357 303/833/303
f 356/818/356 410/819/410 411/835/411 357/834/357
f 410/819/410 464/820/464 465/836/465 411/835/411
f 464/820/464 518/821/518 519/837/519 465/836/465
f 518/821/518 572/822/572 573/838/573 519/837/519
f 572/822/572 626/823/626 627/839/627 573/838/573
f 626/825/626 680/824/680 681/840/681 627/841/627
f 680/824/680 734/826/734 735/842/735 681/840/681
f 734/826/734 788/827/788 789/843/789 735/842/735
f 788/827/788 842/828/842 843/844/843 789/843/789
f 842/828/842 20/397/20 21/414/21 843/844/843
f 33/429/33 87/829/87 88/845/88 34/446/34
f 87/829/87 141/830/141 142/846/142 88/845/88
f 141/830/141 195/831/195 196/847/196 142/846/142
f 195/831/195 249/832/249 250/848/250 196/847/196
f 249/832/249 303/833/303 304/849/304 250/848/250
f 303/833/303 357/834/357 358/850/358 304/849/304
f 357/834/357 411/835/411 412/851/412 358/850/358
f 411/835/411 465/836/465 466/852/466 412/851/412
f 465/836/465 519/837/519 520/853/520 466/852/466
f 519/837/519 573/838/573 574/854/574 520/853/520
f 573/838/573 627/839/627 628/855/628 574/854/574
f 627/841/627 681/840/681 682/856/682 628/857/628
f 681/840/681 735/842/735 736/858/736 682/856/682
f 735/842/735 789/843/789 790/859/790 736/858/736
f 789/843/789 843/844/843 844/860/844 790/859/790
f 843/844/843 21/414/21 22/431/22 844/860/844
f 56/346/56 110/348/110 111/366/111 57/363/57
f 110/348/110 164/349/164 165/368/165 111/366/111
f 164/349/164 218/350/218 219/370/219 165/368/165
f 218/350/218 272/351/272 273/372/273 219/370/219
f 272/351/272 326/352/326 327/374/327 273/372/273
f 326/352/326 380/353/380 381/376/381 327/374/327
f 380/353/380 434/354/434 435/378/435 381/376/381
f 434/354/434 488/355/488 489/380/489 435/378/435
f 488/355/488 542/356/542 543/382/543 489/380/489
f 542/356/542 596/357/596 597/384/597 543/382/543
f 596/357/596 650/358/650 651/386/651 597/384/597
f 650/358/650 704/359/704 705/388/705 651/386/651
f 704/359/704 758/360/758 759/390/759 705/388/705
f 758/360/758 812/361/812 813/392/813 759/390/759
f 812/361/812 29/343/29 30/394/30 813/392/813
f 34/446/34 88/845/88 89/861/89 35/494/35
f 88/845/88 142/846/142 143/862/143 89/861/89
f 142/846/142 196/847/196 197/863/197 143/862/143
f 196/847/196 250/848/250 251/864/251 197/863/197
f 250/848/250 304/849/304 305/865/305 251/864/251
f 304/849/304 358/850/358 359/866/359 305/865/305
f 358/850/358 412/851/412 413/867/413 359/866/359
f 412/851/412 466/852/466 467/868/467 413/867/413
f 466/852/466 520/853/520 521/869/521 467/868/467
f 520/853/520 574/854/574 575/870/575 521/869/521
f 574/854/574 628/855/628 629/871/629 575/870/575
f 628/857/628 682/856/682 683/872/683 629/873/629
f 682/856/682 736/858/736 737/874/737 683/872/683
f 736/858/736 790/859/790 791/875/791 737/874/737
f 790/859/790 844/860/844 845/876/845 791/875/791
f 844/860/844 22/431/22 23/479/23 845/876/845
f 35/494/35 89/861/89 90/877/90 36/511/36
f 89/861/89 143/862/143 144/878/144 90/877/90
f 143/862/143 197/863/197 198/879/198 144/878/144
f 197/863/197 251/864/251 252/880/252 198/879/198
f 251/864/251 305/865/305 306/881/306 252/880/252
f 305/865/305 359/866/359 360/882/360 306/881/306
f 359/866/359 413/867/413 414/883/414 360/882/360
f 413/867/413 467/868/467 468/884/468 414/883/414
f 467/868/467 521/869/521 522/885/522 468/884/468
f 521/869/521 575/870/575 576/886/576 522/885/522
f 575/870/575 629/871/629 630/887/630 576/886/576
f 629/873/629 683/872/683 684/888/684 630/889/630
f 683/872/683 737/874/737 738/890/738 684/888/684
f 737/874/737 791/875/791 792/891/792 738/890/738
f 791/875/791 845/876/845 846/892/846 792/891/792
f 845/876/845 23/479/23 24/496/24 846/892/846
f 36/511/36 90/877/90 91/893/91 37/528/37
f 90/877/90 144/878/144 145/894/145 91/893/91
f 144/878/144 198/879/198 199/895/199 145/894/145
f 198/879/198 252/880/252 253/896/253 199/895/199
f 252/880/252 306/881/306 307/897/307 253/896/253
f 306/881/306 360/882/360 361/898/361 307/897/307
f 360/882/360 414/883/414 415/899/415 361/898/361
f 414/883/414 468/884/468 469/900/469 415/899/415
f 468/884/468 522/885/522 523/901/523 469/900/469
f 522/885/522 576/886/576 577/902/577 523/901/523
f 576/886/576 630/887/630 631/903/631 577/902/577
f 630/889/630 684/888/684 685/904/685 631/905/631
f 684/888/684 738/890/738 739/906/739 685/904/685
f 738/890/738 792/891/792 793/907/793 739/906/739
f 792/891/792 846/892/846 847/908/847 793/907/793
f 846/892/846 24/496/24 25/513/25 847/908/847
f 37/528/37 91/893/91 92/909/92 38/545/38
f 91/893/91 145/894/145 146/910/146 92/909/92
f 145/894/145 199/895/199 200/911/200 146/910/146
f 199/895/199 253/896/253 254/912/254 200/911/200
f 253/896/253 307/897/307 308/913/308 254/912/254
f 307/897/307 361/898/361 362/914/362 308/913/308
f 361/898/361 415/899/415 416/915/416 362/914/362
f 415/899/415 469/900/469 470/916/470 416/915/416
f 469/900/469 523/901/523 524/917/524 470/916/470
f 523/901/523 577/902/577 578/918/578 524/917/524
f 577/902/577 631/903/631 632/919/632 578/918/578
f 631/905/631 685/904/685 686/920/686 632/921/632
f 685/904/685 739/906/739 740/922/740 686/920/686
f 739/906/739 793/907/793 794/923/794 740/922/740
f 793/907/793 847/908/847 848/924/848 794/923/794
f 847/908/847 25/513/25 26/530/26 848/924/848
f 17/347/17 56/346/56 57/363/57 18/362/18
f 768/925/768 714/926/714 660/927/660 865/928/865
f 865/928/865 660/927/660 606/929/606 552/930/552
f 822/931/822 768/925/768 865/928/865 866/932/865
f 866/932/865 865/928/865 552/930/552 498/933/498
f 1/934/1 822/931/822 866/932/865 867/935/865
f 867/935/865 866/932/865 498/933/498 444/936/444
f 39/937/39 1/934/1 867/935/865 868/938/865
f 868/938/865 867/935/865 444/936/444 390/939/390
f 93/940/93 39/937/39 868/938/865 869/941/865
f 869/941/865 868/938/865 390/939/390 336/942/336
f 147/943/147 93/940/93 869/941/865 870/944/865
f 870/944/865 869/941/865 336/942/336 282/945/282
f 201/946/201 147/943/147 870/944/865 871/947/865
f 871/947/865 870/944/865 282/945/282 228/948/228
f 255/949/255 201/946/201 871/947/865 872/950/865
f 872/950/865 871/947/865 228/948/228 174/951/174
f 309/952/309 255/949/255 872/950/865 873/953/865
f 873/953/865 872/950/865 174/951/174 120/954/120
f 363/955/363 309/952/309 873/953/865 874/956/865
f 874/956/865 873/953/865 120/954/120 66/957/66
f 417/958/417 363/955/363 874/956/865 875/959/865
f 875/959/865 874/956/865 66/957/66 27/960/27
f 471/961/471 417/958/417 875/959/865 876/962/865
f 876/962/865 875/959/865 27/960/27 795/963/795
f 525/964/525 471/961/471 876/962/865 877/965/865
f 877/965/865 876/962/865 795/963/795 741/966/741
f 579/967/579 525/964/525 877/965/865 633/968/633
f 633/968/633 877/965/865 741/966/741 687/969/687
f 916/1/904 917/4/905 971/3/959 970/2/958
f 943/5/931 944/8/932 998/7/986 997/6/985
f 997/6/985 998/7/986 1052/10/1040 1051/9/1039
f 1051/9/1039 1052/10/1040 1106/12/1094 1105/11/1093
f 1105/11/1093 1106/12/1094 1160/14/1148 1159/13/1147
f 1159/13/1147 1160/14/1148 1214/16/1202 1213/15/1201
f 1213/15/1201 1214/16/1202 1268/18/1256 1267/17/1255
f 1267/17/1255 1268/18/1256 1322/20/1310 1321/19/1309
f 1321/19/1309 1322/20/1310 1376/22/1364 1375/21/1363
f 1375/21/1363 1376/22/1364 1430/24/1418 1429/23/1417
f 1429/23/1417 1430/24/1418 1484/26/1472 1483/25/1471
f 1483/27/1471 1484/30/1472 1538/29/1526 1537/28/1525
f 1537/28/1525 1538/29/1526 1592/32/1580 1591/31/1579
f 1591/31/1579 1592/32/1580 1646/34/1634 1645/33/1633
f 1645/33/1633 1646/34/1634 1700/36/1688 1699/35/1687
f 943/5/931 904/38/892 1726/37/1714 944/8/932
f 879/39/867 880/41/868 918/40/906 917/4/905
f 917/4/905 918/40/906 972/42/960 971/3/959
f 971/3/959 972/42/960 1026/44/1014 1025/43/1013
f 1025/43/1013 1026/44/1014 1080/46/1068 1079/45/1067
f 1079/45/1067 1080/46/1068 1134/48/1122 1133/47/1121
f 1133/47/1121 1134/48/1122 1188/50/1176 1187/49/1175
f 1187/49/1175 1188/50/1176 1242/52/1230 1241/51/1229
f 1241/51/1229 1242/52/1230 1296/54/1284 1295/53/1283
f 1295/53/1283 1296/54/1284 1350/56/1338 1349/55/1337
f 1349/55/1337 1350/56/1338 1404/58/1392 1403/57/1391
f 1403/57/1391 1404/58/1392 1458/60/1446 1457/59/1445
f 1457/59/1445 1458/60/1446 1512/62/1500 1511/61/1499
f 1511/61/1499 1512/62/1500 1566/64/1554 1565/63/1553
f 1565/63/1553 1566/64/1554 1620/66/1608 1619/65/1607
f 1619/65/1607 1620/66/1608 1674/68/1662 1673/67/1661
f 1673/67/1661 1674/68/1662 1727/69/1715 1726/37/1714
f 880/41/868 881/71/869 919/70/907 918/40/906
f 918/40/906 919/70/907 973/72/961 972/42/960
f 972/42/960 973/72/961 1027/73/1015 1026/44/1014
f 1026/44/1014 1027/73/1015 1081/74/1069 1080/46/1068
f 1080/46/1068 1081/74/1069 1135/75/1123 1134/48/1122
f 1134/48/1122 1135/75/1123 1189/76/1177 1188/50/1176
f 1188/50/1176 1189/76/1177 1243/77/1231 1242/52/1230
f 1242/52/1230 1243/77/1231 1297/78/1285 1296/54/1284
f 1296/54/1284 1297/78/1285 1351/79/1339 1350/56/1338
f 1350/56/1338 1351/79/1339 1405/80/1393 1404/58/1392
f 1404/58/1392 1405/80/1393 1459/81/1447 1458/60/1446
f 1458/60/1446 1459/81/1447 1513/82/1501 1512/62/1500
f 1512/62/1500 1513/82/1501 1567/83/1555 1566/64/1554
f 1566/64/1554 1567/83/1555 1621/84/1609 1620/66/1608
f 1620/66/1608 1621/84/1609 1675/85/1663 1674/68/1662
f 1674/68/1662 1675/85/1663 1728/86/1716 1727/69/1715
f 881/71/869 882/88/870 920/87/908 919/70/907
f 919/70/907 920/87/908 974/89/962 973/72/961
f 973/72/961 974/89/962 1028/90/1016 1027/73/1015
f 1027/73/1015 1028/90/1016 1082/91/1070 1081/74/1069
f 1081/74/1069 1082/91/1070 1136/92/1124 1135/75/1123
f 1135/75/1123 1136/92/1124 1190/93/1178 1189/76/1177
f 1189/76/1177 1190/93/1178 1244/94/1232 1243/77/1231
f 1243/77/1231 1244/94/1232 1298/95/1286 1297/78/1285
f 1297/78/1285 1298/95/1286 1352/96/1340 1351/79/1339
f 1351/79/1339 1352/96/1340 1406/97/1394 1405/80/1393
f 1405/80/1393 1406/97/1394 1460/98/1448 1459/81/1447
f 1459/81/1447 1460/98/1448 1514/99/1502 1513/82/1501
f 1513/82/1501 1514/99/1502 1568/100/1556 1567/83/1555
f 1567/83/1555 1568/100/1556 1622/101/1610 1621/84/1609
f 1621/84/1609 1622/101/1610 1676/102/1664 1675/85/1663
f 1675/85/1663 1676/102/1664 1729/103/1717 1728/86/1716
f 882/88/870 1741/105/1729 921/104/909 920/87/908
f 920/87/908 921/104/909 975/106/963 974/89/962
f 974/89/962 975/106/963 1029/107/1017 1028/90/1016
f 1028/90/1016 1029/107/1017 1083/108/1071 1082/91/1070
f 1082/91/1070 1083/108/1071 1137/109/1125 1136/92/1124
f 1136/92/1124 1137/109/1125 1191/110/1179 1190/93/1178
f 1190/93/1178 1191/110/1179 1245/111/1233 1244/94/1232
f 1244/94/1232 1245/111/1233 1299/112/1287 1298/95/1286
f 1298/95/1286 1299/112/1287 1353/113/1341 1352/96/1340
f 1352/96/1340 1353/113/1341 1407/114/1395 1406/97/1394
f 1406/97/1394 1407/114/1395 1461/115/1449 1460/98/1448
f 1460/98/1448 1461/115/1449 1515/116/1503 1514/99/1502
f 1514/99/1502 1515/116/1503 1569/117/1557 1568/100/1556
f 1568/100/1556 1569/117/1557 1623/118/1611 1622/101/1610
f 1622/101/1610 1623/118/1611 1677/119/1665 1676/102/1664
f 1676/102/1664 1677/119/1665 1730/120/1718 1729/103/1717
f 921/121/909 922/124/910 976/123/964 975/122/963
f 948/125/936 949/128/937 1003/127/991 1002/126/990
f 1002/126/990 1003/127/991 1057/130/1045 1056/129/1044
f 1056/129/1044 1057/130/1045 1111/132/1099 1110/131/1098
f 1110/131/1098 1111/132/1099 1165/134/1153 1164/133/1152
f 1164/133/1152 1165/134/1153 1219/136/1207 1218/135/1206
f 1218/135/1206 1219/136/1207 1273/138/1261 1272/137/1260
f 1272/137/1260 1273/138/1261 1327/140/1315 1326/139/1314
f 1326/139/1314 1327/140/1315 1381/142/1369 1380/141/1368
f 1380/141/1368 1381/142/1369 1435/144/1423 1434/143/1422
f 1434/143/1422 1435/144/1423 1489/146/1477 1488/145/1476
f 1488/147/1476 1489/150/1477 1543/149/1531 1542/148/1530
f 1542/148/1530 1543/149/1531 1597/152/1585 1596/151/1584
f 1596/151/1584 1597/152/1585 1651/154/1639 1650/153/1638
f 1650/153/1638 1651/154/1639 1705/156/1693 1704/155/1692
f 1730/157/1718 1731/158/1719 949/128/937 948/125/936
f 883/159/871 884/161/872 923/160/911 922/124/910
f 922/124/910 923/160/911 977/162/965 976/123/964
f 976/123/964 977/162/965 1031/164/1019 1030/163/1018
f 1030/163/1018 1031/164/1019 1085/166/1073 1084/165/1072
f 1084/165/1072 1085/166/1073 1139/168/1127 1138/167/1126
f 1138/167/1126 1139/168/1127 1193/170/1181 1192/169/1180
f 1192/169/1180 1193/170/1181 1247/172/1235 1246/171/1234
f 1246/171/1234 1247/172/1235 1301/174/1289 1300/173/1288
f 1300/173/1288 1301/174/1289 1355/176/1343 1354/175/1342
f 1354/175/1342 1355/176/1343 1409/178/1397 1408/177/1396
f 1408/177/1396 1409/178/1397 1463/180/1451 1462/179/1450
f 1462/179/1450 1463/180/1451 1517/182/1505 1516/181/1504
f 1516/181/1504 1517/182/1505 1571/184/1559 1570/183/1558
f 1570/183/1558 1571/184/1559 1625/186/1613 1624/185/1612
f 1624/185/1612 1625/186/1613 1679/188/1667 1678/187/1666
f 1678/187/1666 1679/188/1667 1732/189/1720 1731/158/1719
f 884/161/872 885/191/873 924/190/912 923/160/911
f 923/160/911 924/190/912 978/192/966 977/162/965
f 977/162/965 978/192/966 1032/193/1020 1031/164/1019
f 1031/164/1019 1032/193/1020 1086/194/1074 1085/166/1073
f 1085/166/1073 1086/194/1074 1140/195/1128 1139/168/1127
f 1139/168/1127 1140/195/1128 1194/196/1182 1193/170/1181
f 1193/170/1181 1194/196/1182 1248/197/1236 1247/172/1235
f 1247/172/1235 1248/197/1236 1302/198/1290 1301/174/1289
f 1301/174/1289 1302/198/1290 1356/199/1344 1355/176/1343
f 1355/176/1343 1356/199/1344 1410/200/1398 1409/178/1397
f 1409/178/1397 1410/200/1398 1464/201/1452 1463/180/1451
f 1463/180/1451 1464/201/1452 1518/202/1506 1517/182/1505
f 1517/182/1505 1518/202/1506 1572/203/1560 1571/184/1559
f 1571/184/1559 1572/203/1560 1626/204/1614 1625/186/1613
f 1625/186/1613 1626/204/1614 1680/205/1668 1679/188/1667
f 1679/188/1667 1680/205/1668 1733/206/1721 1732/189/1720
f 885/191/873 886/208/874 925/207/913 924/190/912
f 924/190/912 925/207/913 979/209/967 978/192/966
f 978/192/966 979/209/967 1033/210/1021 1032/193/1020
f 1032/193/1020 1033/210/1021 1087/211/1075 1086/194/1074
f 1086/194/1074 1087/211/1075 1141/212/1129 1140/195/1128
f 1140/195/1128 1141/212/1129 1195/213/1183 1194/196/1182
f 1194/196/1182 1195/213/1183 1249/214/1237 1248/197/1236
f 1248/197/1236 1249/214/1237 1303/215/1291 1302/198/1290
f 1302/198/1290 1303/215/1291 1357/216/1345 1356/199/1344
f 1356/199/1344 1357/216/1345 1411/217/1399 1410/200/1398
f 1410/200/1398 1411/217/1399 1465/218/1453 1464/201/1452
f 1464/201/1452 1465/218/1453 1519/219/1507 1518/202/1506
f 1518/202/1506 1519/219/1507 1573/220/1561 1572/203/1560
f 1572/203/1560 1573/220/1561 1627/221/1615 1626/204/1614
f 1626/204/1614 1627/221/1615 1681/222/1669 1680/205/1668
f 1680/205/1668 1681/222/1669 1734/223/1722 1733/206/1721
f 886/208/874 887/225/875 926/224/914 925/207/913
f 925/207/913 926/224/914 980/226/968 979/209/967
f 979/209/967 980/226/968 1034/227/1022 1033/210/1021
f 1033/210/1021 1034/227/1022 1088/228/1076 1087/211/1075
f 1087/211/1075 1088/228/1076 1142/229/1130 1141/212/1129
f 1141/212/1129 1142/229/1130 1196/230/1184 1195/213/1183
f 1195/213/1183 1196/230/1184 1250/231/1238 1249/214/1237
f 1249/214/1237 1250/231/1238 1304/232/1292 1303/215/1291
f 1303/215/1291 1304/232/1292 1358/233/1346 1357/216/1345
f 1357/216/1345 1358/233/1346 1412/234/1400 1411/217/1399
f 1411/217/1399 1412/234/1400 1466/235/1454 1465/218/1453
f 1465/218/1453 1466/235/1454 1520/236/1508 1519/219/1507
f 1519/219/1507 1520/236/1508 1574/237/1562 1573/220/1561
f 1573/220/1561 1574/237/1562 1628/238/1616 1627/221/1615
f 1627/221/1615 1628/238/1616 1682/239/1670 1681/222/1669
f 1681/222/1669 1682/239/1670 1735/240/1723 1734/223/1722
f 887/225/875 888/242/876 927/241/915 926/224/914
f 926/224/914 927/241/915 981/243/969 980/226/968
f 980/226/968 981/243/969 1035/244/1023 1034/227/1022
f 1034/227/1022 1035/244/1023 1089/245/1077 1088/228/1076
f 1088/228/1076 1089/245/1077 1143/246/1131 1142/229/1130
f 1142/229/1130 1143/246/1131 1197/247/1185 1196/230/1184
f 1196/230/1184 1197/247/1185 1251/248/1239 1250/231/1238
f 1250/231/1238 1251/248/1239 1305/249/1293 1304/232/1292
f 1304/232/1292 1305/249/1293 1359/250/1347 1358/233/1346
f 1358/233/1346 1359/250/1347 1413/251/1401 1412/234/1400
f 1412/234/1400 1413/251/1401 1467/252/1455 1466/235/1454
f 1466/235/1454 1467/252/1455 1521/253/1509 1520/236/1508
f 1520/236/1508 1521/253/1509 1575/254/1563 1574/237/1562
f 1574/237/1562 1575/254/1563 1629/255/1617 1628/238/1616
f 1628/238/1616 1629/255/1617 1683/256/1671 1682/239/1670
f 1682/239/1670 1683/256/1671 1736/257/1724 1735/240/1723
f 888/242/876 889/259/877 928/258/916 927/241/915
f 927/241/915 928/258/916 982/260/970 981/243/969
f 981/243/969 982/260/970 1036/261/1024 1035/244/1023
f 1035/244/1023 1036/261/1024 1090/262/1078 1089/245/1077
f 1089/245/1077 1090/262/1078 1144/263/1132 1143/246/1131
f 1143/246/1131 1144/263/1132 1198/264/1186 1197/247/1185
f 1197/247/1185 1198/264/1186 1252/265/1240 1251/248/1239
f 1251/248/1239 1252/265/1240 1306/266/1294 1305/249/1293
f 1305/249/1293 1306/266/1294 1360/267/1348 1359/250/1347
f 1359/250/1347 1360/267/1348 1414/268/1402 1413/251/1401
f 1413/251/1401 1414/268/1402 1468/269/1456 1467/252/1455
f 1467/252/1455 1468/269/1456 1522/270/1510 1521/253/1509
f 1521/253/1509 1522/270/1510 1576/271/1564 1575/254/1563
f 1575/254/1563 1576/271/1564 1630/272/1618 1629/255/1617
f 1629/255/1617 1630/272/1618 1684/273/1672 1683/256/1671
f 1683/256/1671 1684/273/1672 1737/274/1725 1736/257/1724
f 889/259/877 890/276/878 929/275/917 928/258/916
f 928/258/916 929/275/917 983/277/971 982/260/970
f 982/260/970 983/277/971 1037/278/1025 1036/261/1024
f 1036/261/1024 1037/278/1025 1091/279/1079 1090/262/1078
f 1090/262/1078 1091/279/1079 1145/280/1133 1144/263/1132
f 1144/263/1132 1145/280/1133 1199/281/1187 1198/264/1186
f 1198/264/1186 1199/281/1187 1253/282/1241 1252/265/1240
f 1252/265/1240 1253/282/1241 1307/283/1295 1306/266/1294
f 1306/266/1294 1307/283/1295 1361/284/1349 1360/267/1348
f 1360/267/1348 1361/284/1349 1415/285/1403 1414/268/1402
f 1414/268/1402 1415/285/1403 1469/286/1457 1468/269/1456
f 1468/269/1456 1469/286/1457 1523/287/1511 1522/270/1510
f 1522/270/1510 1523/287/1511 1577/288/1565 1576/271/1564
f 1576/271/1564 1577/288/1565 1631/289/1619 1630/272/1618
f 1630/272/1618 1631/289/1619 1685/290/1673 1684/273/1672
f 1684/273/1672 1685/290/1673 1738/291/1726 1737/274/1725
f 890/276/878 891/293/879 930/292/918 929/275/917
f 929/275/917 930/292/918 984/294/972 983/277/971
f 983/277/971 984/294/972 1038/295/1026 1037/278/1025
f 1037/278/1025 1038/295/1026 1092/296/1080 1091/279/1079
f 1091/279/1079 1092/296/1080 1146/297/1134 1145/280/1133
f 1145/280/1133 1146/297/1134 1200/298/1188 1199/281/1187
f 1199/281/1187 1200/298/1188 1254/299/1242 1253/282/1241
f 1253/282/1241 1254/299/1242 1308/300/1296 1307/283/1295
f 1307/283/1295 1308/300/1296 1362/301/1350 1361/284/1349
f 1361/284/1349 1362/301/1350 1416/302/1404 1415/285/1403
f 1415/285/1403 1416/302/1404 1470/303/1458 1469/286/1457
f 1469/286/1457 1470/303/1458 1524/304/1512 1523/287/1511
f 1523/287/1511 1524/304/1512 1578/305/1566 1577/288/1565
f 1577/288/1565 1578/305/1566 1632/306/1620 1631/289/1619
f 1631/289/1619 1632/306/1620 1686/307/1674 1685/290/1673
f 1685/290/1673 1686/307/1674 1739/308/1727 1738/291/1726
f 891/293/879 892/310/880 931/309/919 930/292/918
f 930/292/918 931/309/919 985/311/973 984/294/972
f 984/294/972 985/311/973 1039/312/1027 1038/295/1026
f 1038/295/1026 1039/312/1027 1093/313/1081 1092/296/1080
f 1092/296/1080 1093/313/1081 1147/314/1135 1146/297/1134
f 1146/297/1134 1147/314/1135 1201/315/1189 1200/298/1188
f 1200/298/1188 1201/315/1189 1255/316/1243 1254/299/1242
f 1254/299/1242 1255/316/1243 1309/317/1297 1308/300/1296
f 1308/300/1296 1309/317/1297 1363/318/1351 1362/301/1350
f 1362/301/1350 1363/318/1351 1417/319/1405 1416/302/1404
f 1416/302/1404 1417/319/1405 1471/320/1459 1470/303/1458
f 1470/303/1458 1471/320/1459 1525/321/1513 1524/304/1512
f 1524/304/1512 1525/321/1513 1579/322/1567 1578/305/1566
f 1578/305/1566 1579/322/1567 1633/323/1621 1632/306/1620
f 1632/306/1620 1633/323/1621 1687/324/1675 1686/307/1674
f 1686/307/1674 1687/324/1675 1740/325/1728 1739/308/1727
f 892/310/880 893/327/881 932/326/920 931/309/919
f 931/309/919 932/326/920 986/328/974 985/311/973
f 985/311/973 986/328/974 1040/329/1028 1039/312/1027
f 1039/312/1027 1040/329/1028 1094/330/1082 1093/313/1081
f 1093/313/1081 1094/330/1082 1148/331/1136 1147/314/1135
f 1147/314/1135 1148/331/1136 1202/332/1190 1201/315/1189
f 1201/315/1189 1202/332/1190 1256/333/1244 1255/316/1243
f 1255/316/1243 1256/333/1244 1310/334/1298 1309/317/1297
f 1309/317/1297 1310/334/1298 1364/335/1352 1363/318/1351
f 1363/318/1351 1364/335/1352 1418/336/1406 1417/319/1405
f 1417/319/1405 1418/336/1406 1472/337/1460 1471/320/1459
f 1471/320/1459 1472/337/1460 1526/338/1514 1525/321/1513
f 1525/321/1513 1526/338/1514 1580/339/1568 1579/322/1567
f 1579/322/1567 1580/339/1568 1634/340/1622 1633/323/1621
f 1633/323/1621 1634/340/1622 1688/341/1676 1687/324/1675
f 1687/324/1675 1688/341/1676 905/342/893 1740/325/1728
f 906/343/894 960/345/948 959/344/947 905/342/893
f 893/327/881 894/347/882 933/346/921 932/326/920
f 932/326/920 933/346/921 987/348/975 986/328/974
f 986/328/974 987/348/975 1041/349/1029 1040/329/1028
f 1040/329/1028 1041/349/1029 1095/350/1083 1094/330/1082
f 1094/330/1082 1095/350/1083 1149/351/1137 1148/331/1136
f 1148/331/1136 1149/351/1137 1203/352/1191 1202/332/1190
f 1202/332/1190 1203/352/1191 1257/353/1245 1256/333/1244
f 1256/333/1244 1257/353/1245 1311/354/1299 1310/334/1298
f 1310/334/1298 1311/354/1299 1365/355/1353 1364/335/1352
f 1364/335/1352 1365/355/1353 1419/356/1407 1418/336/1406
f 1418/336/1406 1419/356/1407 1473/357/1461 1472/337/1460
f 1472/337/1460 1473/357/1461 1527/358/1515 1526/338/1514
f 1526/338/1514 1527/358/1515 1581/359/1569 1580/339/1568
f 1580/339/1568 1581/359/1569 1635/360/1623 1634/340/1622
f 1634/340/1622 1635/360/1623 1689/361/1677 1688/341/1676
f 1688/341/1676 1689/361/1677 906/343/894 905/342/893
f 895/362/883 896/365/884 935/364/923 934/363/922
f 934/363/922 935/364/923 989/367/977 988/366/976
f 988/366/976 989/367/977 1043/369/1031 1042/368/1030
f 1042/368/1030 1043/369/1031 1097/371/1085 1096/370/1084
f 1096/370/1084 1097/371/1085 1151/373/1139 1150/372/1138
f 1150/372/1138 1151/373/1139 1205/375/1193 1204/374/1192
f 1204/374/1192 1205/375/1193 1259/377/1247 1258/376/1246
f 1258/376/1246 1259/377/1247 1313/379/1301 1312/378/1300
f 1312/378/1300 1313/379/1301 1367/381/1355 1366/380/1354
f 1366/380/1354 1367/381/1355 1421/383/1409 1420/382/1408
f 1420/382/1408 1421/383/1409 1475/385/1463 1474/384/1462
f 1474/384/1462 1475/385/1463 1529/387/1517 1528/386/1516
f 1528/386/1516 1529/387/1517 1583/389/1571 1582/388/1570
f 1582/388/1570 1583/389/1571 1637/391/1625 1636/390/1624
f 1636/390/1624 1637/391/1625 1691/393/1679 1690/392/1678
f 1690/392/1678 1691/393/1679 908/395/896 907/394/895
f 896/365/884 897/397/885 936/396/924 935/364/923
f 935/364/923 936/396/924 990/398/978 989/367/977
f 989/367/977 990/398/978 1044/399/1032 1043/369/1031
f 1043/369/1031 1044/399/1032 1098/400/1086 1097/371/1085
f 1097/371/1085 1098/400/1086 1152/401/1140 1151/373/1139
f 1151/373/1139 1152/401/1140 1206/402/1194 1205/375/1193
f 1205/375/1193 1206/402/1194 1260/403/1248 1259/377/1247
f 1259/377/1247 1260/403/1248 1314/404/1302 1313/379/1301
f 1313/379/1301 1314/404/1302 1368/405/1356 1367/381/1355
f 1367/381/1355 1368/405/1356 1422/406/1410 1421/383/1409
f 1421/383/1409 1422/406/1410 1476/407/1464 1475/385/1463
f 1475/385/1463 1476/407/1464 1530/408/1518 1529/387/1517
f 1529/387/1517 1530/408/1518 1584/409/1572 1583/389/1571
f 1583/389/1571 1584/409/1572 1638/410/1626 1637/391/1625
f 1637/391/1625 1638/410/1626 1692/411/1680 1691/393/1679
f 1691/393/1679 1692/411/1680 909/412/897 908/395/896
f 897/397/885 898/414/886 937/413/925 936/396/924
f 936/396/924 937/413/925 991/415/979 990/398/978
f 990/398/978 991/415/979 1045/416/1033 1044/399/1032
f 1044/399/1032 1045/416/1033 1099/417/1087 1098/400/1086
f 1098/400/1086 1099/417/1087 1153/418/1141 1152/401/1140
f 1152/401/1140 1153/418/1141 1207/419/1195 1206/402/1194
f 1206/402/1194 1207/419/1195 1261/420/1249 1260/403/1248
f 1260/403/1248 1261/420/1249 1315/421/1303 1314/404/1302
f 1314/404/1302 1315/421/1303 1369/422/1357 1368/405/1356
f 1368/405/1356 1369/422/1357 1423/423/1411 1422/406/1410
f 1422/406/1410 1423/423/1411 1477/424/1465 1476/407/1464
f 1476/407/1464 1477/424/1465 1531/425/1519 1530/408/1518
f 1530/408/1518 1531/425/1519 1585/426/1573 1584/409/1572
f 1584/409/1572 1585/426/1573 1639/427/1627 1638/410/1626
f 1638/410/1626 1639/427/1627 1693/428/1681 1692/411/1680
f 1692/411/1680 1693/428/1681 910/429/898 909/412/897
f 898/414/886 899/431/887 938/430/926 937/413/925
f 937/413/925 938/430/926 992/432/980 991/415/979
f 991/415/979 992/432/980 1046/433/1034 1045/416/1033
f 1045/416/1033 1046/433/1034 1100/434/1088 1099/417/1087
f 1099/417/1087 1100/434/1088 1154/435/1142 1153/418/1141
f 1153/418/1141 1154/435/1142 1208/436/1196 1207/419/1195
f 1207/419/1195 1208/436/1196 1262/437/1250 1261/420/1249
f 1261/420/1249 1262/437/1250 1316/438/1304 1315/421/1303
f 1315/421/1303 1316/438/1304 1370/439/1358 1369/422/1357
f 1369/422/1357 1370/439/1358 1424/440/1412 1423/423/1411
f 1423/423/1411 1424/440/1412 1478/441/1466 1477/424/1465
f 1477/424/1465 1478/441/1466 1532/442/1520 1531/425/1519
f 1531/425/1519 1532/442/1520 1586/443/1574 1585/426/1573
f 1585/426/1573 1586/443/1574 1640/444/1628 1639/427/1627
f 1639/427/1627 1640/444/1628 1694/445/1682 1693/428/1681
f 1693/428/1681 1694/445/1682 911/446/899 910/429/898
f 906/343/894 907/394/895 961/447/949 960/345/948
f 960/345/948 961/447/949 1015/449/1003 1014/448/1002
f 1014/448/1002 1015/449/1003 1069/451/1057 1068/450/1056
f 1068/450/1056 1069/451/1057 1123/453/1111 1122/452/1110
f 1122/452/1110 1123/453/1111 1177/455/1165 1176/454/1164
f 1176/454/1164 1177/455/1165 1231/457/1219 1230/456/1218
f 1230/456/1218 1231/457/1219 1285/459/1273 1284/458/1272
f 1284/458/1272 1285/459/1273 1339/461/1327 1338/460/1326
f 1338/460/1326 1339/461/1327 1393/463/1381 1392/462/1380
f 1392/462/1380 1393/463/1381 1447/465/1435 1446/464/1434
f 1446/464/1434 1447/465/1435 1501/467/1489 1500/466/1488
f 1500/468/1488 1501/471/1489 1555/470/1543 1554/469/1542
f 1554/469/1542 1555/470/1543 1609/473/1597 1608/472/1596
f 1608/472/1596 1609/473/1597 1663/475/1651 1662/474/1650
f 1662/474/1650 1663/475/1651 1717/477/1705 1716/476/1704
f 1716/476/1704 1717/477/1705 895/362/883 894/347/882
f 899/431/887 900/479/888 939/478/927 938/430/926
f 938/430/926 939/478/927 993/480/981 992/432/980
f 992/432/980 993/480/981 1047/481/1035 1046/433/1034
f 1046/433/1034 1047/481/1035 1101/482/1089 1100/434/1088
f 1100/434/1088 1101/482/1089 1155/483/1143 1154/435/1142
f 1154/435/1142 1155/483/1143 1209/484/1197 1208/436/1196
f 1208/436/1196 1209/484/1197 1263/485/1251 1262/437/1250
f 1262/437/1250 1263/485/1251 1317/486/1305 1316/438/1304
f 1316/438/1304 1317/486/1305 1371/487/1359 1370/439/1358
f 1370/439/1358 1371/487/1359 1425/488/1413 1424/440/1412
f 1424/440/1412 1425/488/1413 1479/489/1467 1478/441/1466
f 1478/441/1466 1479/489/1467 1533/490/1521 1532/442/1520
f 1532/442/1520 1533/490/1521 1587/491/1575 1586/443/1574
f 1586/443/1574 1587/491/1575 1641/492/1629 1640/444/1628
f 1640/444/1628 1641/492/1629 1695/493/1683 1694/445/1682
f 1694/445/1682 1695/493/1683 912/494/900 911/446/899
f 900/479/888 901/496/889 940/495/928 939/478/927
f 939/478/927 940/495/928 994/497/982 993/480/981
f 993/480/981 994/497/982 1048/498/1036 1047/481/1035
f 1047/481/1035 1048/498/1036 1102/499/1090 1101/482/1089
f 1101/482/1089 1102/499/1090 1156/500/1144 1155/483/1143
f 1155/483/1143 1156/500/1144 1210/501/1198 1209/484/1197
f 1209/484/1197 1210/501/1198 1264/502/1252 1263/485/1251
f 1263/485/1251 1264/502/1252 1318/503/1306 1317/486/1305
f 1317/486/1305 1318/503/1306 1372/504/1360 1371/487/1359
f 1371/487/1359 1372/504/1360 1426/505/1414 1425/488/1413
f 1425/488/1413 1426/505/1414 1480/506/1468 1479/489/1467
f 1479/489/1467 1480/506/1468 1534/507/1522 1533/490/1521
f 1533/490/1521 1534/507/1522 1588/508/1576 1587/491/1575
f 1587/491/1575 1588/508/1576 1642/509/1630 1641/492/1629
f 1641/492/1629 1642/509/1630 1696/510/1684 1695/493/1683
f 1695/493/1683 1696/510/1684 913/511/901 912/494/900
f 901/496/889 902/513/890 941/512/929 940/495/928
f 940/495/928 941/512/929 995/514/983 994/497/982
f 994/497/982 995/514/983 1049/515/1037 1048/498/1036
f 1048/498/1036 1049/515/1037 1103/516/1091 1102/499/1090
f 1102/499/1090 1103/516/1091 1157/517/1145 1156/500/1144
f 1156/500/1144 1157/517/1145 1211/518/1199 1210/501/1198
f 1210/501/1198 1211/518/1199 1265/519/1253 1264/502/1252
f 1264/502/1252 1265/519/1253 1319/520/1307 1318/503/1306
f 1318/503/1306 1319/520/1307 1373/521/1361 1372/504/1360
f 1372/504/1360 1373/521/1361 1427/522/1415 1426/505/1414
f 1426/505/1414 1427/522/1415 1481/523/1469 1480/506/1468
f 1480/506/1468 1481/523/1469 1535/524/1523 1534/507/1522
f 1534/507/1522 1535/524/1523 1589/525/1577 1588/508/1576
f 1588/508/1576 1589/525/1577 1643/526/1631 1642/509/1630
f 1642/509/1630 1643/526/1631 1697/527/1685 1696/510/1684
f 1696/510/1684 1697/527/1685 914/528/902 913/511/901
f 902/513/890 903/530/891 942/529/930 941/512/929
f 941/512/929 942/529/930 996/531/984 995/514/983
f 995/514/983 996/531/984 1050/532/1038 1049/515/1037
f 1049/515/1037 1050/532/1038 1104/533/1092 1103/516/1091
f 1103/516/1091 1104/533/1092 1158/534/1146 1157/517/1145
f 1157/517/1145 1158/534/1146 1212/535/1200 1211/518/1199
f 1211/518/1199 1212/535/1200 1266/536/1254 1265/519/1253
f 1265/519/1253 1266/536/1254 1320/537/1308 1319/520/1307
f 1319/520/1307 1320/537/1308 1374/538/1362 1373/521/1361
f 1373/521/1361 1374/538/1362 1428/539/1416 1427/522/1415
f 1427/522/1415 1428/539/1416 1482/540/1470 1481/523/1469
f 1481/523/1469 1482/540/1470 1536/541/1524 1535/524/1523
f 1535/524/1523 1536/541/1524 1590/542/1578 1589/525/1577
f 1589/525/1577 1590/542/1578 1644/543/1632 1643/526/1631
f 1643/526/1631 1644/543/1632 1698/544/1686 1697/527/1685
f 1697/527/1685 1698/544/1686 915/545/903 914/528/902
f 878/546/866 879/39/867 917/4/905 916/1/904
f 1699/35/1687 1700/36/1688 879/39/867 878/546/866
f 970/2/958 971/3/959 1025/43/1013 1024/547/1012
f 1024/547/1012 1025/43/1013 1079/45/1067 1078/548/1066
f 1078/548/1066 1079/45/1067 1133/47/1121 1132/549/1120
f 1132/549/1120 1133/47/1121 1187/49/1175 1186/550/1174
f 1186/550/1174 1187/49/1175 1241/51/1229 1240/551/1228
f 1240/551/1228 1241/51/1229 1295/53/1283 1294/552/1282
f 1294/552/1282 1295/53/1283 1349/55/1337 1348/553/1336
f 1348/553/1336 1349/55/1337 1403/57/1391 1402/554/1390
f 1402/554/1390 1403/57/1391 1457/59/1445 1456/555/1444
f 1456/555/1444 1457/59/1445 1511/61/1499 1510/556/1498
f 1510/556/1498 1511/61/1499 1565/63/1553 1564/557/1552
f 1564/557/1552 1565/63/1553 1619/65/1607 1618/558/1606
f 1618/558/1606 1619/65/1607 1673/67/1661 1672/559/1660
f 1672/559/1660 1673/67/1661 1726/37/1714 904/38/892
f 883/159/871 922/124/910 921/121/909 1741/560/1729
f 1726/37/1714 1727/69/1715 945/561/933 944/8/932
f 944/8/932 945/561/933 999/562/987 998/7/986
f 998/7/986 999/562/987 1053/563/1041 1052/10/1040
f 1052/10/1040 1053/563/1041 1107/564/1095 1106/12/1094
f 1106/12/1094 1107/564/1095 1161/565/1149 1160/14/1148
f 1160/14/1148 1161/565/1149 1215/566/1203 1214/16/1202
f 1214/16/1202 1215/566/1203 1269/567/1257 1268/18/1256
f 1268/18/1256 1269/567/1257 1323/568/1311 1322/20/1310
f 1322/20/1310 1323/568/1311 1377/569/1365 1376/22/1364
f 1376/22/1364 1377/569/1365 1431/570/1419 1430/24/1418
f 1430/24/1418 1431/570/1419 1485/571/1473 1484/26/1472
f 1484/30/1472 1485/573/1473 1539/572/1527 1538/29/1526
f 1538/29/1526 1539/572/1527 1593/574/1581 1592/32/1580
f 1592/32/1580 1593/574/1581 1647/575/1635 1646/34/1634
f 1646/34/1634 1647/575/1635 1701/576/1689 1700/36/1688
f 1700/36/1688 1701/576/1689 880/41/868 879/39/867
f 1727/69/1715 1728/86/1716 946/577/934 945/561/933
f 945/561/933 946/577/934 1000/578/988 999/562/987
f 999/562/987 1000/578/988 1054/579/1042 1053/563/1041
f 1053/563/1041 1054/579/1042 1108/580/1096 1107/564/1095
f 1107/564/1095 1108/580/1096 1162/581/1150 1161/565/1149
f 1161/565/1149 1162/581/1150 1216/582/1204 1215/566/1203
f 1215/566/1203 1216/582/1204 1270/583/1258 1269/567/1257
f 1269/567/1257 1270/583/1258 1324/584/1312 1323/568/1311
f 1323/568/1311 1324/584/1312 1378/585/1366 1377/569/1365
f 1377/569/1365 1378/585/1366 1432/586/1420 1431/570/1419
f 1431/570/1419 1432/586/1420 1486/587/1474 1485/571/1473
f 1485/573/1473 1486/589/1474 1540/588/1528 1539/572/1527
f 1539/572/1527 1540/588/1528 1594/590/1582 1593/574/1581
f 1593/574/1581 1594/590/1582 1648/591/1636 1647/575/1635
f 1647/575/1635 1648/591/1636 1702/592/1690 1701/576/1689
f 1701/576/1689 1702/592/1690 881/71/869 880/41/868
f 1728/86/1716 1729/103/1717 947/593/935 946/577/934
f 946/577/934 947/593/935 1001/594/989 1000/578/988
f 1000/578/988 1001/594/989 1055/595/1043 1054/579/1042
f 1054/579/1042 1055/595/1043 1109/596/1097 1108/580/1096
f 1108/580/1096 1109/596/1097 1163/597/1151 1162/581/1150
f 1162/581/1150 1163/597/1151 1217/598/1205 1216/582/1204
f 1216/582/1204 1217/598/1205 1271/599/1259 1270/583/1258
f 1270/583/1258 1271/599/1259 1325/600/1313 1324/584/1312
f 1324/584/1312 1325/600/1313 1379/601/1367 1378/585/1366
f 1378/585/1366 1379/601/1367 1433/602/1421 1432/586/1420
f 1432/586/1420 1433/602/1421 1487/603/1475 1486/587/1474
f 1486/589/1474 1487/605/1475 1541/604/1529 1540/588/1528
f 1540/588/1528 1541/604/1529 1595/606/1583 1594/590/1582
f 1594/590/1582 1595/606/1583 1649/607/1637 1648/591/1636
f 1648/591/1636 1649/607/1637 1703/608/1691 1702/592/1690
f 1702/592/1690 1703/608/1691 882/88/870 881/71/869
f 1729/103/1717 1730/120/1718 948/609/936 947/593/935
f 947/593/935 948/609/936 1002/610/990 1001/594/989
f 1001/594/989 1002/610/990 1056/611/1044 1055/595/1043
f 1055/595/1043 1056/611/1044 1110/612/1098 1109/596/1097
f 1109/596/1097 1110/612/1098 1164/613/1152 1163/597/1151
f 1163/597/1151 1164/613/1152 1218/614/1206 1217/598/1205
f 1217/598/1205 1218/614/1206 1272/615/1260 1271/599/1259
f 1271/599/1259 1272/615/1260 1326/616/1314 1325/600/1313
f 1325/600/1313 1326/616/1314 1380/617/1368 1379/601/1367
f 1379/601/1367 1380/617/1368 1434/618/1422 1433/602/1421
f 1433/602/1421 1434/618/1422 1488/619/1476 1487/603/1475
f 1487/605/1475 1488/621/1476 1542/620/1530 1541/604/1529
f 1541/604/1529 1542/620/1530 1596/622/1584 1595/606/1583
f 1595/606/1583 1596/622/1584 1650/623/1638 1649/607/1637
f 1649/607/1637 1650/623/1638 1704/624/1692 1703/608/1691
f 1703/608/1691 1704/624/1692 1741/105/1729 882/88/870
f 1704/155/1692 1705/156/1693 883/159/871 1741/560/1729
f 975/122/963 976/123/964 1030/163/1018 1029/625/1017
f 1029/625/1017 1030/163/1018 1084/165/1072 1083/626/1071
f 1083/626/1071 1084/165/1072 1138/167/1126 1137/627/1125
f 1137/627/1125 1138/167/1126 1192/169/1180 1191/628/1179
f 1191/628/1179 1192/169/1180 1246/171/1234 1245/629/1233
f 1245/629/1233 1246/171/1234 1300/173/1288 1299/630/1287
f 1299/630/1287 1300/173/1288 1354/175/1342 1353/631/1341
f 1353/631/1341 1354/175/1342 1408/177/1396 1407/632/1395
f 1407/632/1395 1408/177/1396 1462/179/1450 1461/633/1449
f 1461/633/1449 1462/179/1450 1516/181/1504 1515/634/1503
f 1515/634/1503 1516/181/1504 1570/183/1558 1569/635/1557
f 1569/635/1557 1570/183/1558 1624/185/1612 1623/636/1611
f 1623/636/1611 1624/185/1612 1678/187/1666 1677/637/1665
f 1677/637/1665 1678/187/1666 1731/158/1719 1730/157/1718
f 1731/158/1719 1732/189/1720 950/638/938 949/128/937
f 949/128/937 950/638/938 1004/639/992 1003/127/991
f 1003/127/991 1004/639/992 1058/640/1046 1057/130/1045
f 1057/130/1045 1058/640/1046 1112/641/1100 1111/132/1099
f 1111/132/1099 1112/641/1100 1166/642/1154 1165/134/1153
f 1165/134/1153 1166/642/1154 1220/643/1208 1219/136/1207
f 1219/136/1207 1220/643/1208 1274/644/1262 1273/138/1261
f 1273/138/1261 1274/644/1262 1328/645/1316 1327/140/1315
f 1327/140/1315 1328/645/1316 1382/646/1370 1381/142/1369
f 1381/142/1369 1382/646/1370 1436/647/1424 1435/144/1423
f 1435/144/1423 1436/647/1424 1490/648/1478 1489/146/1477
f 1489/150/1477 1490/650/1478 1544/649/1532 1543/149/1531
f 1543/149/1531 1544/649/1532 1598/651/1586 1597/152/1585
f 1597/152/1585 1598/651/1586 1652/652/1640 1651/154/1639
f 1651/154/1639 1652/652/1640 1706/653/1694 1705/156/1693
f 1705/156/1693 1706/653/1694 884/161/872 883/159/871
f 1732/189/1720 1733/206/1721 951/654/939 950/638/938
f 950/638/938 951/654/939 1005/655/993 1004/639/992
f 1004/639/992 1005/655/993 1059/656/1047 1058/640/1046
f 1058/640/1046 1059/656/1047 1113/657/1101 1112/641/1100
f 1112/641/1100 1113/657/1101 1167/658/1155 1166/642/1154
f 1166/642/1154 1167/658/1155 1221/659/1209 1220/643/1208
f 1220/643/1208 1221/659/1209 1275/660/1263 1274/644/1262
f 1274/644/1262 1275/660/1263 1329/661/1317 1328/645/1316
f 1328/645/1316 1329/661/1317 1383/662/1371 1382/646/1370
f 1382/646/1370 1383/662/1371 1437/663/1425 1436/647/1424
f 1436/647/1424 1437/663/1425 1491/664/1479 1490/648/1478
f 1490/650/1478 1491/666/1479 1545/665/1533 1544/649/1532
f 1544/649/1532 1545/665/1533 1599/667/1587 1598/651/1586
f 1598/651/1586 1599/667/1587 1653/668/1641 1652/652/1640
f 1652/652/1640 1653/668/1641 1707/669/1695 1706/653/1694
f 1706/653/1694 1707/669/1695 885/191/873 884/161/872
f 1733/206/1721 1734/223/1722 952/670/940 951/654/939
f 951/654/939 952/670/940 1006/671/994 1005/655/993
f 1005/655/993 1006/671/994 1060/672/1048 1059/656/1047
f 1059/656/1047 1060/672/1048 1114/673/1102 1113/657/1101
f 1113/657/1101 1114/673/1102 1168/674/1156 1167/658/1155
f 1167/658/1155 1168/674/1156 1222/675/1210 1221/659/1209
f 1221/659/1209 1222/675/1210 1276/676/1264 1275/660/1263
f 1275/660/1263 1276/676/1264 1330/677/1318 1329/661/1317
f 1329/661/1317 1330/677/1318 1384/678/1372 1383/662/1371
f 1383/662/1371 1384/678/1372 1438/679/1426 1437/663/1425
f 1437/663/1425 1438/679/1426 1492/680/1480 1491/664/1479
f 1491/666/1479 1492/682/1480 1546/681/1534 1545/665/1533
f 1545/665/1533 1546/681/1534 1600/683/1588 1599/667/1587
f 1599/667/1587 1600/683/1588 1654/684/1642 1653/668/1641
f 1653/668/1641 1654/684/1642 1708/685/1696 1707/669/1695
f 1707/669/1695 1708/685/1696 886/208/874 885/191/873
f 1734/223/1722 1735/240/1723 953/686/941 952/670/940
f 952/670/940 953/686/941 1007/687/995 1006/671/994
f 1006/671/994 1007/687/995 1061/688/1049 1060/672/1048
f 1060/672/1048 1061/688/1049 1115/689/1103 1114/673/1102
f 1114/673/1102 1115/689/1103 1169/690/1157 1168/674/1156
f 1168/674/1156 1169/690/1157 1223/691/1211 1222/675/1210
f 1222/675/1210 1223/691/1211 1277/692/1265 1276/676/1264
f 1276/676/1264 1277/692/1265 1331/693/1319 1330/677/1318
f 1330/677/1318 1331/693/1319 1385/694/1373 1384/678/1372
f 1384/678/1372 1385/694/1373 1439/695/1427 1438/679/1426
f 1438/679/1426 1439/695/1427 1493/696/1481 1492/680/1480
f 1492/682/1480 1493/698/1481 1547/697/1535 1546/681/1534
f 1546/681/1534 1547/697/1535 1601/699/1589 1600/683/1588
f 1600/683/1588 1601/699/1589 1655/700/1643 1654/684/1642
f 1654/684/1642 1655/700/1643 1709/701/1697 1708/685/1696
f 1708/685/1696 1709/701/1697 887/225/875 886/208/874
f 1735/240/1723 1736/257/1724 954/702/942 953/686/941
f 953/686/941 954/702/942 1008/703/996 1007/687/995
f 1007/687/995 1008/703/996 1062/704/1050 1061/688/1049
f 1061/688/1049 1062/704/1050 1116/705/1104 1115/689/1103
f 1115/689/1103 1116/705/1104 1170/706/1158 1169/690/1157
f 1169/690/1157 1170/706/1158 1224/707/1212 1223/691/1211
f 1223/691/1211 1224/707/1212 1278/708/1266 1277/692/1265
f 1277/692/1265 1278/708/1266 1332/709/1320 1331/693/1319
f 1331/693/1319 1332/709/1320 1386/710/1374 1385/694/1373
f 1385/694/1373 1386/710/1374 1440/711/1428 1439/695/1427
f 1439/695/1427 1440/711/1428 1494/712/1482 1493/696/1481
f 1493/698/1481 1494/714/1482 1548/713/1536 1547/697/1535
f 1547/697/1535 1548/713/1536 1602/715/1590 1601/699/1589
f 1601/699/1589 1602/715/1590 1656/716/1644 1655/700/1643
f 1655/700/1643 1656/716/1644 1710/717/1698 1709/701/1697
f 1709/701/1697 1710/717/1698 888/242/876 887/225/875
f 1736/257/1724 1737/274/1725 955/718/943 954/702/942
f 954/702/942 955/718/943 1009/719/997 1008/703/996
f 1008/703/996 1009/719/997 1063/720/1051 1062/704/1050
f 1062/704/1050 1063/720/1051 1117/721/1105 1116/705/1104
f 1116/705/1104 1117/721/1105 1171/722/1159 1170/706/1158
f 1170/706/1158 1171/722/1159 1225/723/1213 1224/707/1212
f 1224/707/1212 1225/723/1213 1279/724/1267 1278/708/1266
f 1278/708/1266 1279/724/1267 1333/725/1321 1332/709/1320
f 1332/709/1320 1333/725/1321 1387/726/1375 1386/710/1374
f 1386/710/1374 1387/726/1375 1441/727/1429 1440/711/1428
f 1440/711/1428 1441/727/1429 1495/728/1483 1494/712/1482
f 1494/714/1482 1495/730/1483 1549/729/1537 1548/713/1536
f 1548/713/1536 1549/729/1537 1603/731/1591 1602/715/1590
f 1602/715/1590 1603/731/1591 1657/732/1645 1656/716/1644
f 1656/716/1644 1657/732/1645 1711/733/1699 1710/717/1698
f 1710/717/1698 1711/733/1699 889/259/877 888/242/876
f 1737/274/1725 1738/291/1726 956/734/944 955/718/943
f 955/718/943 956/734/944 1010/735/998 1009/719/997
f 1009/719/997 1010/735/998 1064/736/1052 1063/720/1051
f 1063/720/1051 1064/736/1052 1118/737/1106 1117/721/1105
f 1117/721/1105 1118/737/1106 1172/738/1160 1171/722/1159
f 1171/722/1159 1172/738/1160 1226/739/1214 1225/723/1213
f 1225/723/1213 1226/739/1214 1280/740/1268 1279/724/1267
f 1279/724/1267 1280/740/1268 1334/741/1322 1333/725/1321
f 1333/725/1321 1334/741/1322 1388/742/1376 1387/726/1375
f 1387/726/1375 1388/742/1376 1442/743/1430 1441/727/1429
f 1441/727/1429 1442/743/1430 1496/744/1484 1495/728/1483
f 1495/730/1483 1496/746/1484 1550/745/1538 1549/729/1537
f 1549/729/1537 1550/745/1538 1604/747/1592 1603/731/1591
f 1603/731/1591 1604/747/1592 1658/748/1646 1657/732/1645
f 1657/732/1645 1658/748/1646 1712/749/1700 1711/733/1699
f 1711/733/1699 1712/749/1700 890/276/878 889/259/877
f 1738/291/1726 1739/308/1727 957/750/945 956/734/944
f 956/734/944 957/750/945 1011/751/999 1010/735/998
f 1010/735/998 1011/751/999 1065/752/1053 1064/736/1052
f 1064/736/1052 1065/752/1053 1119/753/1107 1118/737/1106
f 1118/737/1106 1119/753/1107 1173/754/1161 1172/738/1160
f 1172/738/1160 1173/754/1161 1227/755/1215 1226/739/1214
f 1226/739/1214 1227/755/1215 1281/756/1269 1280/740/1268
f 1280/740/1268 1281/756/1269 1335/757/1323 1334/741/1322
f 1334/741/1322 1335/757/1323 1389/758/1377 1388/742/1376
f 1388/742/1376 1389/758/1377 1443/759/1431 1442/743/1430
f 1442/743/1430 1443/759/1431 1497/760/1485 1496/744/1484
f 1496/746/1484 1497/762/1485 1551/761/1539 1550/745/1538
f 1550/745/1538 1551/761/1539 1605/763/1593 1604/747/1592
f 1604/747/1592 1605/763/1593 1659/764/1647 1658/748/1646
f 1658/748/1646 1659/764/1647 1713/765/1701 1712/749/1700
f 1712/749/1700 1713/765/1701 891/293/879 890/276/878
f 1739/308/1727 1740/325/1728 958/766/946 957/750/945
f 957/750/945 958/766/946 1012/767/1000 1011/751/999
f 1011/751/999 1012/767/1000 1066/768/1054 1065/752/1053
f 1065/752/1053 1066/768/1054 1120/769/1108 1119/753/1107
f 1119/753/1107 1120/769/1108 1174/770/1162 1173/754/1161
f 1173/754/1161 1174/770/1162 1228/771/1216 1227/755/1215
f 1227/755/1215 1228/771/1216 1282/772/1270 1281/756/1269
f 1281/756/1269 1282/772/1270 1336/773/1324 1335/757/1323
f 1335/757/1323 1336/773/1324 1390/774/1378 1389/758/1377
f 1389/758/1377 1390/774/1378 1444/775/1432 1443/759/1431
f 1443/759/1431 1444/775/1432 1498/776/1486 1497/760/1485
f 1497/762/1485 1498/778/1486 1552/777/1540 1551/761/1539
f 1551/761/1539 1552/777/1540 1606/779/1594 1605/763/1593
f 1605/763/1593 1606/779/1594 1660/780/1648 1659/764/1647
f 1659/764/1647 1660/780/1648 1714/781/1702 1713/765/1701
f 1713/765/1701 1714/781/1702 892/310/880 891/293/879
f 1740/325/1728 905/342/893 959/344/947 958/766/946
f 958/766/946 959/344/947 1013/782/1001 1012/767/1000
f 1012/767/1000 1013/782/1001 1067/783/1055 1066/768/1054
f 1066/768/1054 1067/783/1055 1121/784/1109 1120/769/1108
f 1120/769/1108 1121/784/1109 1175/785/1163 1174/770/1162
f 1174/770/1162 1175/785/1163 1229/786/1217 1228/771/1216
f 1228/771/1216 1229/786/1217 1283/787/1271 1282/772/1270
f 1282/772/1270 1283/787/1271 1337/788/1325 1336/773/1324
f 1336/773/1324 1337/788/1325 1391/789/1379 1390/774/1378
f 1390/774/1378 1391/789/1379 1445/790/1433 1444/775/1432
f 1444/775/1432 1445/790/1433 1499/791/1487 1498/776/1486
f 1498/778/1486 1499/793/1487 1553/792/1541 1552/777/1540
f 1552/777/1540 1553/792/1541 1607/794/1595 1606/779/1594
f 1606/779/1594 1607/794/1595 1661/795/1649 1660/780/1648
f 1660/780/1648 1661/795/1649 1715/796/1703 1714/781/1702
f 1714/781/1702 1715/796/1703 893/327/881 892/310/880
f 959/344/947 960/345/948 1014/448/1002 1013/782/1001
f 1013/782/1001 1014/448/1002 1068/450/1056 1067/783/1055
f 1067/783/1055 1068/450/1056 1122/452/1110 1121/784/1109
f 1121/784/1109 1122/452/1110 1176/454/1164 1175/785/1163
f 1175/785/1163 1176/454/1164 1230/456/1218 1229/786/1217
f 1229/786/1217 1230/456/1218 1284/458/1272 1283/787/1271
f 1283/787/1271 1284/458/1272 1338/460/1326 1337/788/1325
f 1337/788/1325 1338/460/1326 1392/462/1380 1391/789/1379
f 1391/789/1379 1392/462/1380 1446/464/1434 1445/790/1433
f 1445/790/1433 1446/464/1434 1500/466/1488 1499/791/1487
f 1499/793/1487 1500/468/1488 1554/469/1542 1553/792/1541
f 1553/792/1541 1554/469/1542 1608/472/1596 1607/794/1595
f 1607/794/1595 1608/472/1596 1662/474/1650 1661/795/1649
f 1661/795/1649 1662/474/1650 1716/476/1704 1715/796/1703
f 1715/796/1703 1716/476/1704 894/347/882 893/327/881
f 907/394/895 908/395/896 962/797/950 961/447/949
f 961/447/949 962/797/950 1016/798/1004 1015/449/1003
f 1015/449/1003 1016/798/1004 1070/799/1058 1069/451/1057
f 1069/451/1057 1070/799/1058 1124/800/1112 1123/453/1111
f 1123/453/1111 1124/800/1112 1178/801/1166 1177/455/1165
f 1177/455/1165 1178/801/1166 1232/802/1220 1231/457/1219
f 1231/457/1219 1232/802/1220 1286/803/1274 1285/459/1273
f 1285/459/1273 1286/803/1274 1340/804/1328 1339/461/1327
f 1339/461/1327 1340/804/1328 1394/805/1382 1393/463/1381
f 1393/463/1381 1394/805/1382 1448/806/1436 1447/465/1435
f 1447/465/1435 1448/806/1436 1502/807/1490 1501/467/1489
f 1501/471/1489 1502/809/1490 1556/808/1544 1555/470/1543
f 1555/470/1543 1556/808/1544 1610/810/1598 1609/473/1597
f 1609/473/1597 1610/810/1598 1664/811/1652 1663/475/1651
f 1663/475/1651 1664/811/1652 1718/812/1706 1717/477/1705
f 1717/477/1705 1718/812/1706 896/365/884 895/362/883
f 908/395/896 909/412/897 963/813/951 962/797/950
f 962/797/950 963/813/951 1017/814/1005 1016/798/1004
f 1016/798/1004 1017/814/1005 1071/815/1059 1070/799/1058
f 1070/799/1058 1071/815/1059 1125/816/1113 1124/800/1112
f 1124/800/1112 1125/816/1113 1179/817/1167 1178/801/1166
f 1178/801/1166 1179/817/1167 1233/818/1221 1232/802/1220
f 1232/802/1220 1233/818/1221 1287/819/1275 1286/803/1274
f 1286/803/1274 1287/819/1275 1341/820/1329 1340/804/1328
f 1340/804/1328 1341/820/1329 1395/821/1383 1394/805/1382
f 1394/805/1382 1395/821/1383 1449/822/1437 1448/806/1436
f 1448/806/1436 1449/822/1437 1503/823/1491 1502/807/1490
f 1502/809/1490 1503/825/1491 1557/824/1545 1556/808/1544
f 1556/808/1544 1557/824/1545 1611/826/1599 1610/810/1598
f 1610/810/1598 1611/826/1599 1665/827/1653 1664/811/1652
f 1664/811/1652 1665/827/1653 1719/828/1707 1718/812/1706
f 1718/812/1706 1719/828/1707 897/397/885 896/365/884
f 909/412/897 910/429/898 964/829/952 963/813/951
f 963/813/951 964/829/952 1018/830/1006 1017/814/1005
f 1017/814/1005 1018/830/1006 1072/831/1060 1071/815/1059
f 1071/815/1059 1072/831/1060 1126/832/1114 1125/816/1113
f 1125/816/1113 1126/832/1114 1180/833/1168 1179/817/1167
f 1179/817/1167 1180/833/1168 1234/834/1222 1233/818/1221
f 1233/818/1221 1234/834/1222 1288/835/1276 1287/819/1275
f 1287/819/1275 1288/835/1276 1342/836/1330 1341/820/1329
f 1341/820/1329 1342/836/1330 1396/837/1384 1395/821/1383
f 1395/821/1383 1396/837/1384 1450/838/1438 1449/822/1437
f 1449/822/1437 1450/838/1438 1504/839/1492 1503/823/1491
f 1503/825/1491 1504/841/1492 1558/840/1546 1557/824/1545
f 1557/824/1545 1558/840/1546 1612/842/1600 1611/826/1599
f 1611/826/1599 1612/842/1600 1666/843/1654 1665/827/1653
f 1665/827/1653 1666/843/1654 1720/844/1708 1719/828/1707
f 1719/828/1707 1720/844/1708 898/414/886 897/397/885
f 910/429/898 911/446/899 965/845/953 964/829/952
f 964/829/952 965/845/953 1019/846/1007 1018/830/1006
f 1018/830/1006 1019/846/1007 1073/847/1061 1072/831/1060
f 1072/831/1060 1073/847/1061 1127/848/1115 1126/832/1114
f 1126/832/1114 1127/848/1115 1181/849/1169 1180/833/1168
f 1180/833/1168 1181/849/1169 1235/850/1223 1234/834/1222
f 1234/834/1222 1235/850/1223 1289/851/1277 1288/835/1276
f 1288/835/1276 1289/851/1277 1343/852/1331 1342/836/1330
f 1342/836/1330 1343/852/1331 1397/853/1385 1396/837/1384
f 1396/837/1384 1397/853/1385 1451/854/1439 1450/838/1438
f 1450/838/1438 1451/854/1439 1505/855/1493 1504/839/1492
f 1504/841/1492 1505/857/1493 1559/856/1547 1558/840/1546
f 1558/840/1546 1559/856/1547 1613/858/1601 1612/842/1600
f 1612/842/1600 1613/858/1601 1667/859/1655 1666/843/1654
f 1666/843/1654 1667/859/1655 1721/860/1709 1720/844/1708
f 1720/844/1708 1721/860/1709 899/431/887 898/414/886
f 933/346/921 934/363/922 988/366/976 987/348/975
f 987/348/975 988/366/976 1042/368/1030 1041/349/1029
f 1041/349/1029 1042/368/1030 1096/370/1084 1095/350/1083
f 1095/350/1083 1096/370/1084 1150/372/1138 1149/351/1137
f 1149/351/1137 1150/372/1138 1204/374/1192 1203/352/1191
f 1203/352/1191 1204/374/1192 1258/376/1246 1257/353/1245
f 1257/353/1245 1258/376/1246 1312/378/1300 1311/354/1299
f 1311/354/1299 1312/378/1300 1366/380/1354 1365/355/1353
f 1365/355/1353 1366/380/1354 1420/382/1408 1419/356/1407
f 1419/356/1407 1420/382/1408 1474/384/1462 1473/357/1461
f 1473/357/1461 1474/384/1462 1528/386/1516 1527/358/1515
f 1527/358/1515 1528/386/1516 1582/388/1570 1581/359/1569
f 1581/359/1569 1582/388/1570 1636/390/1624 1635/360/1623
f 1635/360/1623 1636/390/1624 1690/392/1678 1689/361/1677
f 1689/361/1677 1690/392/1678 907/394/895 906/343/894
f 911/446/899 912/494/900 966/861/954 965/845/953
f 965/845/953 966/861/954 1020/862/1008 1019/846/1007
f 1019/846/1007 1020/862/1008 1074/863/1062 1073/847/1061
f 1073/847/1061 1074/863/1062 1128/864/1116 1127/848/1115
f 1127/848/1115 1128/864/1116 1182/865/1170 1181/849/1169
f 1181/849/1169 1182/865/1170 1236/866/1224 1235/850/1223
f 1235/850/1223 1236/866/1224 1290/867/1278 1289/851/1277
f 1289/851/1277 1290/867/1278 1344/868/1332 1343/852/1331
f 1343/852/1331 1344/868/1332 1398/869/1386 1397/853/1385
f 1397/853/1385 1398/869/1386 1452/870/1440 1451/854/1439
f 1451/854/1439 1452/870/1440 1506/871/1494 1505/855/1493
f 1505/857/1493 1506/873/1494 1560/872/1548 1559/856/1547
f 1559/856/1547 1560/872/1548 1614/874/1602 1613/858/1601
f 1613/858/1601 1614/874/1602 1668/875/1656 1667/859/1655
f 1667/859/1655 1668/875/1656 1722/876/1710 1721/860/1709
f 1721/860/1709 1722/876/1710 900/479/888 899/431/887
f 912/494/900 913/511/901 967/877/955 966/861/954
f 966/861/954 967/877/955 1021/878/1009 1020/862/1008
f 1020/862/1008 1021/878/1009 1075/879/1063 1074/863/1062
f 1074/863/1062 1075/879/1063 1129/880/1117 1128/864/1116
f 1128/864/1116 1129/880/1117 1183/881/1171 1182/865/1170
f 1182/865/1170 1183/881/1171 1237/882/1225 1236/866/1224
f 1236/866/1224 1237/882/1225 1291/883/1279 1290/867/1278
f 1290/867/1278 1291/883/1279 1345/884/1333 1344/868/1332
f 1344/868/1332 1345/884/1333 1399/885/1387 1398/869/1386
f 1398/869/1386 1399/885/1387 1453/886/1441 1452/870/1440
f 1452/870/1440 1453/886/1441 1507/887/1495 1506/871/1494
f 1506/873/1494 1507/889/1495 1561/888/1549 1560/872/1548
f 1560/872/1548 1561/888/1549 1615/890/1603 1614/874/1602
f 1614/874/1602 1615/890/1603 1669/891/1657 1668/875/1656
f 1668/875/1656 1669/891/1657 1723/892/1711 1722/876/1710
f 1722/876/1710 1723/892/1711 901/496/889 900/479/888
f 913/511/901 914/528/902 968/893/956 967/877/955
f 967/877/955 968/893/956 1022/894/1010 1021/878/1009
f 1021/878/1009 1022/894/1010 1076/895/1064 1075/879/1063
f 1075/879/1063 1076/895/1064 1130/896/1118 1129/880/1117
f 1129/880/1117 1130/896/1118 1184/897/1172 1183/881/1171
f 1183/881/1171 1184/897/1172 1238/898/1226 1237/882/1225
f 1237/882/1225 1238/898/1226 1292/899/1280 1291/883/1279
f 1291/883/1279 1292/899/1280 1346/900/1334 1345/884/1333
f 1345/884/1333 1346/900/1334 1400/901/1388 1399/885/1387
f 1399/885/1387 1400/901/1388 1454/902/1442 1453/886/1441
f 1453/886/1441 1454/902/1442 1508/903/1496 1507/887/1495
f 1507/889/1495 1508/905/1496 1562/904/1550 1561/888/1549
f 1561/888/1549 1562/904/1550 1616/906/1604 1615/890/1603
f 1615/890/1603 1616/906/1604 1670/907/1658 1669/891/1657
f 1669/891/1657 1670/907/1658 1724/908/1712 1723/892/1711
f 1723/892/1711 1724/908/1712 902/513/890 901/496/889
f 914/528/902 915/545/903 969/909/957 968/893/956
f 968/893/956 969/909/957 1023/910/1011 1022/894/1010
f 1022/894/1010 1023/910/1011 1077/911/1065 1076/895/1064
f 1076/895/1064 1077/911/1065 1131/912/1119 1130/896/1118
f 1130/896/1118 1131/912/1119 1185/913/1173 1184/897/1172
f 1184/897/1172 1185/913/1173 1239/914/1227 1238/898/1226
f 1238/898/1226 1239/914/1227 1293/915/1281 1292/899/1280
f 1292/899/1280 1293/915/1281 1347/916/1335 1346/900/1334
f 1346/900/1334 1347/916/1335 1401/917/1389 1400/901/1388
f 1400/901/1388 1401/917/1389 1455/918/1443 1454/902/1442
f 1454/902/1442 1455/918/1443 1509/919/1497 1508/903/1496
f 1508/905/1496 1509/921/1497 1563/920/1551 1562/904/1550
f 1562/904/1550 1563/920/1551 1617/922/1605 1616/906/1604
f 1616/906/1604 1617/922/1605 1671/923/1659 1670/907/1658
f 1670/907/1658 1671/923/1659 1725/924/1713 1724/908/1712
f 1724/908/1712 1725/924/1713 903/530/891 902/513/890
f 894/347/882 895/362/883 934/363/922 933/346/921
f 1645/925/1633 1742/928/1730 1537/927/1525 1591/926/1579
f 1742/928/1730 1429/930/1417 1483/929/1471 1537/927/1525
f 1699/931/1687 1743/932/1731 1742/928/1730 1645/925/1633
f 1743/932/1731 1375/933/1363 1429/930/1417 1742/928/1730
f 878/934/866 1744/935/1731 1743/932/1731 1699/931/1687
f 1744/935/1731 1321/936/1309 1375/933/1363 1743/932/1731
f 916/937/904 1745/938/1731 1744/935/1731 878/934/866
f 1745/938/1731 1267/939/1255 1321/936/1309 1744/935/1731
f 970/940/958 1746/941/1731 1745/938/1731 916/937/904
f 1746/941/1731 1213/942/1201 1267/939/1255 1745/938/1731
f 1024/943/1012 1747/944/1731 1746/941/1731 970/940/958
f 1747/944/1731 1159/945/1147 1213/942/1201 1746/941/1731
f 1078/946/1066 1748/947/1731 1747/944/1731 1024/943/1012
f 1748/947/1731 1105/948/1093 1159/945/1147 1747/944/1731
f 1132/949/1120 1749/950/1731 1748/947/1731 1078/946/1066
f 1749/950/1731 1051/951/1039 1105/948/1093 1748/947/1731
f 1186/952/1174 1750/953/1731 1749/950/1731 1132/949/1120
f 1750/953/1731 997/954/985 1051/951/1039 1749/950/1731
f 1240/955/1228 1751/956/1731 1750/953/1731 1186/952/1174
f 1751/956/1731 943/957/931 997/954/985 1750/953/1731
f 1294/958/1282 1752/959/1731 1751/956/1731 1240/955/1228
f 1752/959/1731 904/960/892 943/957/931 1751/956/1731
f 1348/961/1336 1753/962/1731 1752/959/1731 1294/958/1282
f 1753/962/1731 1672/963/1660 904/960/892 1752/959/1731
f 1402/964/1390 1754/965/1732 1753/962/1731 1348/961/1336
f 1754/965/1732 1618/966/1606 1672/963/1660 1753/962/1731
f 1456/967/1444 1510/968/1498 1754/965/1732 1402/964/1390
f 1510/968/1498 1564/969/1552 1618/966/1606 1754/965/1732
f 26/530/26 65/529/65 942/529/930 903/530/891
f 38/545/38 92/909/92 969/909/957 915/545/903
f 65/529/65 119/531/119 996/531/984 942/529/930
f 92/909/92 146/910/146 1023/910/1011 969/909/957
f 119/531/119 173/532/173 1050/532/1038 996/531/984
f 146/910/146 200/911/200 1077/911/1065 1023/910/1011
f 173/532/173 227/533/227 1104/533/1092 1050/532/1038
f 200/911/200 254/912/254 1131/912/1119 1077/911/1065
f 227/533/227 281/534/281 1158/534/1146 1104/533/1092
f 254/912/254 308/913/308 1185/913/1173 1131/912/1119
f 281/534/281 335/535/335 1212/535/1200 1158/534/1146
f 308/913/308 362/914/362 1239/914/1227 1185/913/1173
f 335/535/335 389/536/389 1266/536/1254 1212/535/1200
f 362/914/362 416/915/416 1293/915/1281 1239/914/1227
f 389/536/389 443/537/443 1320/537/1308 1266/536/1254
f 416/915/416 470/916/470 1347/916/1335 1293/915/1281
f 443/537/443 497/538/497 1374/538/1362 1320/537/1308
f 470/916/470 524/917/524 1401/917/1389 1347/916/1335
f 497/538/497 551/539/551 1428/539/1416 1374/538/1362
f 524/917/524 578/918/578 1455/918/1443 1401/917/1389
f 551/539/551 605/540/605 1482/540/1470 1428/539/1416
f 578/918/578 632/919/632 1509/919/1497 1455/918/1443
f 605/540/605 659/541/659 1536/541/1524 1482/540/1470
f 632/921/632 686/920/686 1563/920/1551 1509/921/1497
f 659/541/659 713/542/713 1590/542/1578 1536/541/1524
f 686/920/686 740/922/740 1617/922/1605 1563/920/1551
f 713/542/713 767/543/767 1644/543/1632 1590/542/1578
f 740/922/740 794/923/794 1671/923/1659 1617/922/1605
f 767/543/767 821/544/821 1698/544/1686 1644/543/1632
f 794/923/794 848/924/848 1725/924/1713 1671/923/1659
f 821/544/821 38/545/38 915/545/903 1698/544/1686
f 848/924/848 26/530/26 903/530/891 1725/924/1713
f 1755/970/1733 1756/971/1734 1770/972/1748 1769/973/1747
f 1769/973/1747 1770/972/1748 1783/974/1761 1782/975/1760
f 1782/975/1760 1783/974/1761 1922/976/1900 1798/977/1776
f 1798/977/1776 1922/976/1900 1813/978/1791 1812/979/1790
f 1812/979/1790 1813/978/1791 1830/980/1808 1944/981/1922
f 1944/981/1922 1830/980/1808 1953/982/1931 1952/983/1930
f 1952/983/1930 1953/982/1931 1973/984/1951 1861/985/1839
f 1861/985/1839 1973/984/1951 1875/986/1853 1874/987/1852
f 1874/987/1852 1875/986/1853 1776/988/1754 1775/989/1753
f 1775/989/1753 1776/988/1754 1788/990/1766 1903/991/1881
f 1903/991/1881 1788/990/1766 1805/992/1783 1915/993/1893
f 1915/993/1893 1805/992/1783 1930/994/1908 1929/995/1907
f 1929/995/1907 1930/994/1908 1939/996/1917 1838/997/1816
f 1838/997/1816 1939/996/1917 1850/998/1828 1849/999/1827
f 1849/1000/1827 1850/1001/1828 1965/1002/1943 1964/1003/1942
f 1964/1003/1942 1965/1002/1943 1756/971/1734 1755/970/1733
f 1756/971/1734 1757/1004/1735 1895/1005/1873 1770/972/1748
f 1770/972/1748 1895/1005/1873 1907/1006/1885 1783/974/1761
f 1783/974/1761 1907/1006/1885 1799/1007/1777 1922/976/1900
f 1922/976/1900 1799/1007/1777 1814/1008/1792 1813/978/1791
f 1813/978/1791 1814/1008/1792 1831/1009/1809 1830/980/1808
f 1830/980/1808 1831/1009/1809 1847/1010/1825 1953/982/1931
f 1953/982/1931 1847/1010/1825 1862/1011/1840 1973/984/1951
f 1973/984/1951 1862/1011/1840 1768/1012/1746 1875/986/1853
f 1875/986/1853 1768/1012/1746 1888/1013/1866 1776/988/1754
f 1776/988/1754 1888/1013/1866 1789/1014/1767 1788/990/1766
f 1805/992/1783 1806/1015/1784 1931/1016/1909 1930/994/1908
f 1930/994/1908 1931/1016/1909 1839/1017/1817 1939/996/1917
f 1939/996/1917 1839/1017/1817 1950/1018/1928 1850/998/1828
f 1850/1001/1828 1950/1019/1928 1966/1020/1944 1965/1002/1943
f 1965/1002/1943 1966/1020/1944 1757/1004/1735 1756/971/1734
f 1757/1004/1735 1758/1021/1736 1896/1022/1874 1895/1005/1873
f 1895/1005/1873 1896/1022/1874 1784/1023/1762 1907/1006/1885
f 1907/1006/1885 1784/1023/1762 1800/1024/1778 1799/1007/1777
f 1799/1007/1777 1800/1024/1778 1815/1025/1793 1814/1008/1792
f 1814/1008/1792 1815/1025/1793 1945/1026/1923 1831/1009/1809
f 1831/1009/1809 1945/1026/1923 1954/1027/1932 1847/1010/1825
f 1847/1010/1825 1954/1027/1932 1974/1028/1952 1862/1011/1840
f 1862/1011/1840 1974/1028/1952 1876/1029/1854 1768/1012/1746
f 1768/1012/1746 1876/1029/1854 1889/1030/1867 1888/1013/1866
f 1888/1013/1866 1889/1030/1867 1790/1031/1768 1789/1014/1767
f 1806/1015/1784 1807/1032/1785 1932/1033/1910 1931/1016/1909
f 1931/1016/1909 1932/1033/1910 1940/1034/1918 1839/1017/1817
f 1839/1017/1817 1940/1034/1918 1851/1035/1829 1950/1018/1928
f 1950/1019/1928 1851/1036/1829 1967/1037/1945 1966/1020/1944
f 1966/1020/1944 1967/1037/1945 1758/1021/1736 1757/1004/1735
f 1758/1021/1736 1759/1038/1737 1771/1039/1749 1896/1022/1874
f 1896/1022/1874 1771/1039/1749 1908/1040/1886 1784/1023/1762
f 1784/1023/1762 1908/1040/1886 1801/1041/1779 1800/1024/1778
f 1800/1024/1778 1801/1041/1779 1816/1042/1794 1815/1025/1793
f 1815/1025/1793 1816/1042/1794 1832/1043/1810 1945/1026/1923
f 1945/1026/1923 1832/1043/1810 1955/1044/1933 1954/1027/1932
f 1954/1027/1932 1955/1044/1933 1863/1045/1841 1974/1028/1952
f 1974/1028/1952 1863/1045/1841 1877/1046/1855 1876/1029/1854
f 1876/1029/1854 1877/1046/1855 1777/1047/1755 1889/1030/1867
f 1889/1030/1867 1777/1047/1755 1904/1048/1882 1790/1031/1768
f 1790/1031/1768 1904/1048/1882 1916/1049/1894 1807/1032/1785
f 1807/1032/1785 1916/1049/1894 1933/1050/1911 1932/1033/1910
f 1932/1033/1910 1933/1050/1911 1840/1051/1818 1940/1034/1918
f 1940/1034/1918 1840/1051/1818 1852/1052/1830 1851/1035/1829
f 1851/1036/1829 1852/1053/1830 1968/1054/1946 1967/1037/1945
f 1967/1037/1945 1968/1054/1946 1759/1038/1737 1758/1021/1736
f 1759/1038/1737 1760/1055/1738 1897/1056/1875 1771/1039/1749
f 1771/1039/1749 1897/1056/1875 1785/1057/1763 1908/1040/1886
f 1908/1040/1886 1785/1057/1763 1923/1058/1901 1801/1041/1779
f 1801/1041/1779 1923/1058/1901 1817/1059/1795 1816/1042/1794
f 1816/1042/1794 1817/1059/1795 1833/1060/1811 1832/1043/1810
f 1832/1043/1810 1833/1060/1811 1956/1061/1934 1955/1044/1933
f 1955/1044/1933 1956/1061/1934 1864/1062/1842 1863/1045/1841
f 1863/1045/1841 1864/1062/1842 1878/1063/1856 1877/1046/1855
f 1877/1046/1855 1878/1063/1856 1890/1064/1868 1777/1047/1755
f 1777/1047/1755 1890/1064/1868 1791/1065/1769 1904/1048/1882
f 1904/1048/1882 1791/1065/1769 1917/1066/1895 1916/1049/1894
f 1916/1049/1894 1917/1066/1895 1934/1067/1912 1933/1050/1911
f 1933/1050/1911 1934/1067/1912 1841/1068/1819 1840/1051/1818
f 1852/1053/1830 1853/1069/1831 1969/1070/1947 1968/1054/1946
f 1968/1054/1946 1969/1070/1947 1760/1055/1738 1759/1038/1737
f 1760/1055/1738 1761/1071/1739 1898/1072/1876 1897/1056/1875
f 1897/1056/1875 1898/1072/1876 1909/1073/1887 1785/1057/1763
f 1785/1057/1763 1909/1073/1887 1802/1074/1780 1923/1058/1901
f 1923/1058/1901 1802/1074/1780 1818/1075/1796 1817/1059/1795
f 1817/1059/1795 1818/1075/1796 1946/1076/1924 1833/1060/1811
f 1833/1060/1811 1946/1076/1924 1957/1077/1935 1956/1061/1934
f 1956/1061/1934 1957/1077/1935 1975/1078/1953 1864/1062/1842
f 1864/1062/1842 1975/1078/1953 1879/1079/1857 1878/1063/1856
f 1878/1063/1856 1879/1079/1857 1891/1080/1869 1890/1064/1868
f 1890/1064/1868 1891/1080/1869 1792/1081/1770 1791/1065/1769
f 1791/1065/1769 1792/1081/1770 1918/1082/1896 1917/1066/1895
f 1917/1066/1895 1918/1082/1896 1935/1083/1913 1934/1067/1912
f 1934/1067/1912 1935/1083/1913 1941/1084/1919 1841/1068/1819
f 1841/1068/1819 1941/1084/1919 1854/1085/1832 1853/1086/1831
f 1853/1069/1831 1854/1087/1832 1970/1088/1948 1969/1070/1947
f 1969/1070/1947 1970/1088/1948 1761/1071/1739 1760/1055/1738
f 1761/1089/1739 1762/1090/1740 1899/1091/1877 1898/1092/1876
f 1869/1093/1847 1762/1090/1740 1761/1089/1739 1970/1094/1948
f 1918/1095/1896 1808/1096/1786 1936/1097/1914 1935/1098/1913
f 1935/1098/1913 1936/1097/1914 1842/1099/1820 1941/1100/1919
f 1879/1101/1857 1880/1102/1858 1892/1103/1870 1891/1104/1869
f 1834/1105/1812 1958/1106/1936 1957/1107/1935 1946/1108/1924
f 1891/1104/1869 1892/1103/1870 1793/1109/1771 1792/1110/1770
f 1802/1111/1780 1803/1112/1781 1819/1113/1797 1818/1114/1796
f 1842/1099/1820 1855/1115/1833 1854/1116/1832 1941/1100/1919
f 1792/1110/1770 1793/1109/1771 1808/1096/1786 1918/1095/1896
f 1898/1092/1876 1899/1091/1877 1786/1117/1764 1909/1118/1887
f 1819/1113/1797 1834/1105/1812 1946/1108/1924 1818/1114/1796
f 1957/1107/1935 1958/1106/1936 1976/1119/1954 1975/1120/1953
f 1854/1121/1832 1855/1122/1833 1869/1093/1847 1970/1094/1948
f 1909/1118/1887 1786/1117/1764 1803/1112/1781 1802/1111/1780
f 1975/1120/1953 1976/1119/1954 1880/1102/1858 1879/1101/1857
f 1763/1123/1741 1764/1124/1742 1901/1125/1879 1900/1126/1878
f 1901/1125/1879 1911/1127/1889 1910/1128/1888 1900/1126/1878
f 1842/1129/1820 1843/1130/1821 1856/1131/1834 1855/1132/1833
f 1936/1133/1914 1937/1134/1915 1843/1130/1821 1842/1129/1820
f 1820/1135/1798 1821/1136/1799 1835/1137/1813 1947/1138/1925
f 1844/1139/1822 1857/1140/1835 1856/1131/1834 1843/1130/1821
f 1856/1141/1834 1857/1142/1835 1871/1143/1849 1870/1144/1848
f 1865/1145/1843 1977/1146/1955 1882/1147/1860 1881/1148/1859
f 1911/1127/1889 1925/1149/1903 1924/1150/1902 1910/1128/1888
f 1793/1151/1771 1905/1152/1883 1919/1153/1897 1808/1154/1786
f 1919/1153/1897 1920/1155/1898 1826/1156/1804 1937/1134/1915
f 1947/1138/1925 1835/1137/1813 1848/1157/1826 1959/1158/1937
f 1855/1159/1833 1856/1141/1834 1870/1144/1848 1869/1160/1847
f 1869/1160/1847 1870/1144/1848 1763/1123/1741 1762/1161/1740
f 1762/1161/1740 1763/1123/1741 1900/1126/1878 1899/1162/1877
f 1924/1150/1902 1925/1149/1903 1821/1136/1799 1820/1135/1798
f 1910/1128/1888 1924/1150/1902 1803/1163/1781 1786/1164/1764
f 1779/1165/1757 1794/1166/1772 1905/1152/1883 1778/1167/1756
f 1924/1150/1902 1820/1135/1798 1819/1168/1797 1803/1163/1781
f 1819/1168/1797 1820/1135/1798 1947/1138/1925 1834/1169/1812
f 1958/1170/1936 1959/1158/1937 1865/1145/1843 1976/1171/1954
f 1865/1145/1843 1881/1148/1859 1880/1172/1858 1976/1171/1954
f 1912/1173/1890 1926/1174/1904 1925/1149/1903 1911/1127/1889
f 1905/1152/1883 1794/1166/1772 1920/1155/1898 1919/1153/1897
f 1808/1154/1786 1919/1153/1897 1937/1134/1915 1936/1133/1914
f 1843/1130/1821 1937/1134/1915 1826/1156/1804 1844/1139/1822
f 1959/1158/1937 1848/1157/1826 1977/1146/1955 1865/1145/1843
f 1870/1144/1848 1871/1143/1849 1764/1124/1742 1763/1123/1741
f 1881/1148/1859 1882/1147/1860 1779/1165/1757 1778/1167/1756
f 1899/1162/1877 1900/1126/1878 1910/1128/1888 1786/1164/1764
f 1977/1146/1955 1978/1175/1956 1883/1176/1861 1882/1147/1860
f 1948/1177/1926 1960/1178/1938 1848/1157/1826 1835/1137/1813
f 1844/1139/1822 1942/1179/1920 1858/1180/1836 1857/1140/1835
f 1795/1181/1773 1921/1182/1899 1920/1155/1898 1794/1166/1772
f 1926/1174/1904 1822/1183/1800 1821/1136/1799 1925/1149/1903
f 1821/1136/1799 1822/1183/1800 1948/1177/1926 1835/1137/1813
f 1848/1157/1826 1960/1178/1938 1978/1175/1956 1977/1146/1955
f 1901/1125/1879 1772/1184/1750 1912/1173/1890 1911/1127/1889
f 1882/1147/1860 1883/1176/1861 1893/1185/1871 1779/1165/1757
f 1871/1143/1849 1872/1186/1850 1887/1187/1865 1764/1124/1742
f 1779/1165/1757 1893/1185/1871 1795/1181/1773 1794/1166/1772
f 1858/1188/1836 1872/1186/1850 1871/1143/1849 1857/1142/1835
f 1887/1187/1865 1772/1184/1750 1901/1125/1879 1764/1124/1742
f 1921/1182/1899 1827/1189/1805 1826/1156/1804 1920/1155/1898
f 1826/1156/1804 1827/1189/1805 1942/1179/1920 1844/1139/1822
f 1778/1167/1756 1905/1152/1883 1793/1151/1771 1892/1190/1870
f 1880/1172/1858 1881/1148/1859 1778/1167/1756 1892/1190/1870
f 1765/1191/1743 1766/1192/1744 1773/1193/1751 1902/1194/1880
f 1787/1195/1765 1913/1196/1891 1928/1197/1906 1927/1198/1905
f 1787/1199/1765 1927/1200/1905 1926/1174/1904 1912/1173/1890
f 1927/1200/1905 1823/1201/1801 1822/1183/1800 1926/1174/1904
f 1961/1202/1939 1866/1203/1844 1978/1175/1956 1960/1178/1938
f 1978/1175/1956 1866/1203/1844 1884/1204/1862 1883/1176/1861
f 1780/1205/1758 1894/1206/1872 1797/1207/1775 1796/1208/1774
f 1795/1181/1773 1796/1209/1774 1809/1210/1787 1921/1182/1899
f 1809/1210/1787 1938/1211/1916 1827/1189/1805 1921/1182/1899
f 1827/1189/1805 1938/1211/1916 1943/1212/1921 1942/1179/1920
f 1942/1179/1920 1943/1212/1921 1951/1213/1929 1858/1180/1836
f 1858/1188/1836 1951/1214/1929 1873/1215/1851 1872/1186/1850
f 1873/1215/1851 1765/1216/1743 1887/1187/1865 1872/1186/1850
f 1828/1217/1806 1845/1218/1823 1943/1219/1921 1938/1220/1916
f 1951/1221/1929 1943/1219/1921 1845/1218/1823 1859/1222/1837
f 1866/1223/1844 1867/1224/1845 1885/1225/1863 1884/1226/1862
f 1927/1198/1905 1928/1197/1906 1824/1227/1802 1823/1228/1801
f 1962/1229/1940 1961/1230/1939 1836/1231/1814 1837/1232/1815
f 1884/1226/1862 1885/1225/1863 1894/1206/1872 1780/1205/1758
f 1809/1233/1787 1810/1234/1788 1828/1217/1806 1938/1220/1916
f 1971/1235/1949 1766/1192/1744 1765/1191/1743 1873/1236/1851
f 1796/1208/1774 1797/1207/1775 1810/1234/1788 1809/1233/1787
f 1823/1228/1801 1824/1227/1802 1837/1232/1815 1836/1231/1814
f 1948/1177/1926 1836/1237/1814 1961/1202/1939 1960/1178/1938
f 1961/1230/1939 1962/1229/1940 1867/1224/1845 1866/1223/1844
f 1883/1176/1861 1884/1204/1862 1780/1238/1758 1893/1185/1871
f 1902/1194/1880 1773/1193/1751 1913/1196/1891 1787/1195/1765
f 1772/1184/1750 1902/1239/1880 1787/1199/1765 1912/1173/1890
f 1859/1240/1837 1971/1235/1949 1873/1236/1851 1951/1241/1929
f 1780/1238/1758 1796/1209/1774 1795/1181/1773 1893/1185/1871
f 1822/1183/1800 1823/1201/1801 1836/1237/1814 1948/1177/1926
f 1765/1216/1743 1902/1239/1880 1772/1184/1750 1887/1187/1865
f 1766/1242/1744 1767/1243/1745 1774/1244/1752 1773/1245/1751
f 1773/1245/1751 1774/1244/1752 1914/1246/1892 1913/1247/1891
f 1913/1247/1891 1914/1246/1892 1804/1248/1782 1928/1249/1906
f 1928/1249/1906 1804/1248/1782 1825/1250/1803 1824/1251/1802
f 1824/1251/1802 1825/1250/1803 1949/1252/1927 1837/1253/1815
f 1837/1253/1815 1949/1252/1927 1963/1254/1941 1962/1255/1940
f 1962/1255/1940 1963/1254/1941 1868/1256/1846 1867/1257/1845
f 1867/1257/1845 1868/1256/1846 1886/1258/1864 1885/1259/1863
f 1885/1259/1863 1886/1258/1864 1781/1260/1759 1894/1261/1872
f 1894/1261/1872 1781/1260/1759 1906/1262/1884 1797/1263/1775
f 1797/1263/1775 1906/1262/1884 1811/1264/1789 1810/1265/1788
f 1859/1266/1837 1860/1267/1838 1972/1268/1950 1971/1269/1949
f 1971/1269/1949 1972/1268/1950 1767/1243/1745 1766/1242/1744
f 1788/990/1766 1789/1014/1767 1806/1015/1784 1805/992/1783
f 1789/1014/1767 1790/1031/1768 1807/1032/1785 1806/1015/1784
f 1840/1051/1818 1841/1068/1819 1853/1086/1831 1852/1052/1830
f 1834/1169/1812 1947/1138/1925 1959/1158/1937 1958/1170/1936
f 1810/1265/1788 1811/1264/1789 1829/1270/1807 1828/1271/1806
f 1828/1271/1806 1829/1270/1807 1846/1272/1824 1845/1273/1823
f 1845/1273/1823 1846/1272/1824 1860/1274/1838 1859/1275/1837
f 1952/1276/1930 1861/1277/1839 1986/1278/1731 1944/1279/1922
f 1980/1280/1731 1915/1281/1893 1929/1282/1907 1981/1283/1731
f 1985/1284/1731 1982/1285/1731 1964/1286/1942 1755/1287/1733
f 1812/1288/1790 1987/1289/1731 1979/1290/1731 1798/1291/1776
f 1874/1292/1852 1775/1293/1753 1980/1280/1731 1983/1294/1731
f 1944/1279/1922 1986/1278/1731 1987/1289/1731 1812/1288/1790
f 1981/1283/1731 1929/1282/1907 1838/1295/1816 1982/1285/1731
f 1984/1296/1731 1981/1283/1731 1982/1285/1731 1985/1284/1731
f 1798/1291/1776 1979/1290/1731 1769/1297/1747 1782/1298/1760
f 1982/1285/1731 1838/1295/1816 1849/1299/1827 1964/1286/1942
f 1979/1290/1731 1985/1284/1731 1755/1287/1733 1769/1297/1747
f 1987/1289/1731 1984/1296/1731 1985/1284/1731 1979/1290/1731
f 1861/1277/1839 1874/1292/1852 1983/1294/1731 1986/1278/1731
f 1983/1294/1731 1980/1280/1731 1981/1283/1731 1984/1296/1731
f 1986/1278/1731 1983/1294/1731 1984/1296/1731 1987/1289/1731
f 1775/1293/1753 1903/1300/1881 1915/1281/1893 1980/1280/1731
