# Blender 5.0.1
# www.blender.org
mtllib Gaseosa grande.mtl
o Gaseosa_Grande
v -0.000055 -0.619778 0.825843
v 0.000000 0.684654 0.830659
v -0.213836 -0.619754 0.797746
v -0.214990 0.684654 0.802355
v -0.413073 -0.619731 0.715271
v -0.415329 0.684654 0.719372
v -0.493531 -0.616837 0.485209
v -0.587364 0.684654 0.587365
v -0.715381 -0.619754 0.412898
v -0.719371 0.684654 0.415330
v -0.797851 -0.619778 0.213673
v -0.802355 0.684654 0.214991
v -0.825949 -0.619799 -0.000095
v -0.830659 0.684654 0.000000
v -0.797772 -0.619817 -0.213843
v -0.802355 0.684654 -0.214990
v -0.603079 -0.617293 -0.351697
v -0.719372 0.684654 -0.415329
v -0.584002 -0.619832 -0.584042
v -0.587365 0.684654 -0.587364
v -0.412972 -0.619828 -0.715288
v -0.415330 0.684654 -0.719371
v -0.213803 -0.619817 -0.797813
v -0.214991 0.684654 -0.802355
v -0.003040 -0.617275 -0.698162
v -0.000000 0.684654 -0.830659
v 0.213713 -0.619778 -0.797891
v 0.214990 0.684654 -0.802355
v 0.412938 -0.619754 -0.715422
v 0.415329 0.684654 -0.719372
v 0.584005 -0.619754 -0.584157
v 0.587364 0.684654 -0.587365
v 0.715228 -0.619778 -0.413065
v 0.719371 0.684654 -0.415330
v 0.666922 -0.616866 -0.184793
v 0.802355 0.684654 -0.214991
v 0.825803 -0.619817 -0.000095
v 0.830659 0.684654 -0.000000
v 0.797640 -0.619828 0.213646
v 0.802355 0.684654 0.214990
v 0.715132 -0.619832 0.412818
v 0.719372 0.684654 0.415329
v 0.583898 -0.619828 0.583858
v 0.587365 0.684654 0.587364
v 0.343650 -0.616991 0.595218
v 0.415330 0.684654 0.719371
v 0.213702 -0.619799 0.797657
v 0.214991 0.684654 0.802355
v -0.221476 1.012748 0.826562
v 0.000000 1.012748 0.855720
v -0.427860 1.012748 0.741075
v -0.605085 1.012748 0.605085
v -0.741075 1.012748 0.427860
v -0.826562 1.012748 0.221477
v -0.855720 1.012748 0.000000
v -0.826562 1.012748 -0.221476
v -0.741075 1.012748 -0.427860
v -0.605085 1.012748 -0.605085
v -0.427860 1.012748 -0.741075
v -0.221477 1.012748 -0.826562
v -0.000000 1.012748 -0.855720
v 0.221476 1.012748 -0.826562
v 0.427860 1.012748 -0.741075
v 0.605085 1.012748 -0.605085
v 0.741075 1.012748 -0.427860
v 0.826562 1.012748 -0.221477
v 0.855720 1.012748 -0.000000
v 0.826562 1.012748 0.221476
v 0.741075 1.012748 0.427860
v 0.605085 1.012748 0.605085
v 0.427860 1.012748 0.741075
v 0.221477 1.012748 0.826562
v -0.230083 1.272048 0.858682
v 0.000000 1.272048 0.888973
v -0.444486 1.272048 0.769874
v -0.628599 1.272048 0.628599
v -0.769873 1.272048 0.444487
v -0.858682 1.272048 0.230084
v -0.888973 1.272048 0.000000
v -0.858682 1.272048 -0.230083
v -0.769874 1.272048 -0.444486
v -0.628599 1.272048 -0.628599
v -0.444487 1.272048 -0.769873
v -0.230084 1.272048 -0.858682
v -0.000000 1.272048 -0.888973
v 0.230083 1.272048 -0.858682
v 0.444486 1.272048 -0.769874
v 0.628599 1.272048 -0.628599
v 0.769873 1.272048 -0.444487
v 0.858682 1.272048 -0.230084
v 0.888973 1.272048 -0.000000
v 0.858682 1.272048 0.230083
v 0.769874 1.272048 0.444486
v 0.628599 1.272048 0.628599
v 0.444487 1.272048 0.769873
v 0.230084 1.272048 0.858682
v -0.232650 1.489454 0.868262
v 0.000000 1.489454 0.898891
v -0.449445 1.489454 0.778463
v -0.635612 1.489454 0.635612
v -0.778463 1.489454 0.449446
v -0.868262 1.489454 0.232650
v -0.898891 1.489454 0.000000
v -0.868262 1.489454 -0.232650
v -0.778463 1.489454 -0.449445
v -0.635612 1.489454 -0.635612
v -0.449446 1.489454 -0.778463
v -0.232650 1.489454 -0.868262
v -0.000000 1.489454 -0.898891
v 0.232650 1.489454 -0.868262
v 0.449445 1.489454 -0.778463
v 0.635612 1.489454 -0.635612
v 0.778463 1.489454 -0.449446
v 0.868262 1.489454 -0.232650
v 0.898891 1.489454 -0.000000
v 0.868262 1.489454 0.232650
v 0.778463 1.489454 0.449445
v 0.635612 1.489454 0.635612
v 0.449446 1.489454 0.778463
v 0.232650 1.489454 0.868262
v -0.232650 1.565489 0.868262
v 0.000000 1.565489 0.898891
v -0.449445 1.565489 0.778463
v -0.635612 1.565489 0.635612
v -0.778463 1.565489 0.449446
v -0.868262 1.565489 0.232650
v -0.898891 1.565489 0.000000
v -0.868262 1.565489 -0.232650
v -0.778463 1.565489 -0.449445
v -0.635612 1.565489 -0.635612
v -0.449446 1.565489 -0.778463
v -0.232650 1.565489 -0.868262
v -0.000000 1.565489 -0.898891
v 0.232650 1.565489 -0.868262
v 0.449445 1.565489 -0.778463
v 0.635612 1.565489 -0.635612
v 0.778463 1.565489 -0.449446
v 0.868262 1.565489 -0.232650
v 0.898891 1.565489 -0.000000
v 0.868262 1.565489 0.232650
v 0.778463 1.565489 0.449445
v 0.635612 1.565489 0.635612
v 0.449446 1.565489 0.778463
v 0.232650 1.565489 0.868262
v -0.227080 1.580112 0.847475
v 0.000000 1.580112 0.877370
v -0.438685 1.580112 0.759825
v -0.620394 1.580112 0.620395
v -0.759825 1.580112 0.438685
v -0.847475 1.580112 0.227080
v -0.877370 1.580112 0.000000
v -0.847475 1.580112 -0.227080
v -0.759825 1.580112 -0.438685
v -0.620395 1.580112 -0.620394
v -0.438685 1.580112 -0.759825
v -0.227080 1.580112 -0.847475
v -0.000000 1.580112 -0.877370
v 0.227080 1.580112 -0.847475
v 0.438685 1.580112 -0.759825
v 0.620394 1.580112 -0.620395
v 0.759825 1.580112 -0.438685
v 0.847475 1.580112 -0.227080
v 0.877370 1.580112 -0.000000
v 0.847475 1.580112 0.227080
v 0.759825 1.580112 0.438685
v 0.620395 1.580112 0.620394
v 0.438685 1.580112 0.759825
v 0.227080 1.580112 0.847475
v -0.232685 2.914751 0.868394
v 0.000000 2.914751 0.899028
v -0.449514 2.914751 0.778581
v -0.635709 2.914751 0.635709
v -0.778581 2.914751 0.449514
v -0.868394 2.914751 0.232686
v -0.899028 2.914751 0.000000
v -0.868394 2.914751 -0.232685
v -0.778581 2.914751 -0.449514
v -0.635709 2.914751 -0.635709
v -0.449514 2.914751 -0.778581
v -0.232686 2.914751 -0.868394
v -0.000000 2.914751 -0.899028
v 0.232685 2.914751 -0.868394
v 0.449514 2.914751 -0.778581
v 0.635709 2.914751 -0.635709
v 0.778581 2.914751 -0.449514
v 0.868394 2.914751 -0.232686
v 0.899028 2.914751 -0.000000
v 0.868394 2.914751 0.232685
v 0.778581 2.914751 0.449514
v 0.635709 2.914751 0.635709
v 0.449514 2.914751 0.778581
v 0.232686 2.914751 0.868394
v -0.235451 2.935561 0.878714
v 0.000000 2.935561 0.909712
v -0.454856 2.935561 0.787834
v -0.643263 2.935561 0.643264
v -0.787834 2.935561 0.454856
v -0.878714 2.935561 0.235451
v -0.909712 2.935561 0.000000
v -0.878714 2.935561 -0.235451
v -0.787834 2.935561 -0.454856
v -0.643264 2.935561 -0.643263
v -0.454856 2.935561 -0.787834
v -0.235451 2.935561 -0.878714
v -0.000000 2.935561 -0.909712
v 0.235451 2.935561 -0.878714
v 0.454856 2.935561 -0.787834
v 0.643263 2.935561 -0.643264
v 0.787834 2.935561 -0.454856
v 0.878714 2.935561 -0.235451
v 0.909712 2.935561 -0.000000
v 0.878714 2.935561 0.235451
v 0.787834 2.935561 0.454856
v 0.643264 2.935561 0.643263
v 0.454856 2.935561 0.787834
v 0.235451 2.935561 0.878714
v -0.242184 3.063887 0.903845
v 0.000000 3.063887 0.935730
v -0.467864 3.063887 0.810366
v -0.661660 3.063887 0.661661
v -0.810365 3.063887 0.467865
v -0.903845 3.063887 0.242185
v -0.935730 3.063887 0.000000
v -0.903845 3.063887 -0.242184
v -0.810366 3.063887 -0.467864
v -0.661661 3.063887 -0.661660
v -0.467865 3.063887 -0.810365
v -0.242185 3.063887 -0.903845
v -0.000000 3.063887 -0.935730
v 0.242184 3.063887 -0.903845
v 0.467864 3.063887 -0.810366
v 0.661660 3.063887 -0.661661
v 0.810365 3.063887 -0.467865
v 0.903845 3.063887 -0.242185
v 0.935730 3.063887 -0.000000
v 0.903845 3.063887 0.242184
v 0.810366 3.063887 0.467864
v 0.661661 3.063887 0.661660
v 0.467865 3.063887 0.810365
v 0.242185 3.063887 0.903845
v -0.226408 3.369683 0.844967
v 0.000000 3.369683 0.874774
v -0.437387 3.369683 0.757577
v -0.618559 3.369683 0.618559
v -0.757577 3.369683 0.437387
v -0.844967 3.369683 0.226408
v -0.874774 3.369683 0.000000
v -0.844967 3.369683 -0.226408
v -0.757577 3.369683 -0.437387
v -0.618559 3.369683 -0.618559
v -0.437387 3.369683 -0.757577
v -0.226408 3.369683 -0.844967
v -0.000000 3.369683 -0.874774
v 0.226408 3.369683 -0.844967
v 0.437387 3.369683 -0.757577
v 0.618559 3.369683 -0.618559
v 0.757577 3.369683 -0.437387
v 0.844967 3.369683 -0.226408
v 0.874774 3.369683 -0.000000
v 0.844967 3.369683 0.226408
v 0.757577 3.369683 0.437387
v 0.618559 3.369683 0.618559
v 0.437387 3.369683 0.757577
v 0.226409 3.369683 0.844967
v -0.212346 3.566187 0.792486
v 0.000000 3.566187 0.820442
v -0.410221 3.566187 0.710524
v -0.580140 3.566187 0.580140
v -0.710524 3.566187 0.410221
v -0.792486 3.566187 0.212346
v -0.820442 3.566187 0.000000
v -0.792486 3.566187 -0.212346
v -0.710524 3.566187 -0.410221
v -0.580140 3.566187 -0.580140
v -0.410221 3.566187 -0.710524
v -0.212346 3.566187 -0.792486
v -0.000000 3.566187 -0.820442
v 0.212346 3.566187 -0.792486
v 0.410221 3.566187 -0.710524
v 0.580140 3.566187 -0.580140
v 0.710524 3.566187 -0.410221
v 0.792486 3.566187 -0.212346
v 0.820442 3.566187 -0.000000
v 0.792486 3.566187 0.212346
v 0.710524 3.566187 0.410221
v 0.580140 3.566187 0.580140
v 0.410221 3.566187 0.710524
v 0.212346 3.566187 0.792486
v -0.169544 3.956644 0.632747
v 0.000000 3.956644 0.655068
v -0.327534 3.956644 0.567306
v -0.463203 3.956644 0.463203
v -0.567306 3.956644 0.327534
v -0.632747 3.956644 0.169544
v -0.655068 3.956644 0.000000
v -0.632747 3.956644 -0.169544
v -0.567306 3.956644 -0.327534
v -0.463203 3.956644 -0.463203
v -0.327534 3.956644 -0.567306
v -0.169544 3.956644 -0.632747
v -0.000000 3.956644 -0.655068
v 0.169544 3.956644 -0.632747
v 0.327534 3.956644 -0.567306
v 0.463203 3.956644 -0.463203
v 0.567305 3.956644 -0.327534
v 0.632747 3.956644 -0.169544
v 0.655068 3.956644 -0.000000
v 0.632747 3.956644 0.169544
v 0.567306 3.956644 0.327534
v 0.463203 3.956644 0.463203
v 0.327534 3.956644 0.567306
v 0.169544 3.956644 0.632747
v -0.069099 4.759117 0.257880
v 0.000000 4.759117 0.266977
v -0.133488 4.759117 0.231209
v -0.188781 4.759117 0.188781
v -0.231209 4.759117 0.133489
v -0.257880 4.759117 0.069099
v -0.266977 4.759117 0.000000
v -0.257880 4.759117 -0.069099
v -0.231209 4.759117 -0.133488
v -0.188781 4.759117 -0.188781
v -0.133489 4.759117 -0.231209
v -0.069099 4.759117 -0.257880
v -0.000000 4.759117 -0.266977
v 0.069099 4.759117 -0.257880
v 0.133488 4.759117 -0.231209
v 0.188781 4.759117 -0.188781
v 0.231209 4.759117 -0.133489
v 0.257880 4.759117 -0.069099
v 0.266977 4.759117 -0.000000
v 0.257880 4.759117 0.069099
v 0.231209 4.759117 0.133488
v 0.188781 4.759117 0.188781
v 0.133489 4.759117 0.231209
v 0.069099 4.759117 0.257880
v -0.083759 4.757255 0.312595
v 0.000000 4.757255 0.323622
v -0.161811 4.757255 0.280265
v -0.228835 4.757255 0.228836
v -0.280265 4.757255 0.161811
v -0.312595 4.757255 0.083760
v -0.323622 4.757255 0.000000
v -0.312595 4.757255 -0.083759
v -0.280265 4.757255 -0.161811
v -0.228836 4.757255 -0.228835
v -0.161811 4.757255 -0.280265
v -0.083760 4.757255 -0.312595
v -0.000000 4.757255 -0.323622
v 0.083759 4.757255 -0.312595
v 0.161811 4.757255 -0.280265
v 0.228835 4.757255 -0.228836
v 0.280265 4.757255 -0.161811
v 0.312595 4.757255 -0.083760
v 0.323622 4.757255 -0.000000
v 0.312595 4.757255 0.083759
v 0.280265 4.757255 0.161811
v 0.228835 4.757255 0.228835
v 0.161811 4.757255 0.280265
v 0.083760 4.757255 0.312595
v -0.083759 4.805840 0.312595
v 0.000000 4.805840 0.323622
v -0.161811 4.805840 0.280265
v -0.228835 4.805840 0.228835
v -0.280265 4.805840 0.161811
v -0.312595 4.805840 0.083760
v -0.323622 4.805840 0.000000
v -0.312595 4.805840 -0.083759
v -0.280265 4.805840 -0.161811
v -0.228836 4.805840 -0.228835
v -0.161811 4.805840 -0.280265
v -0.083760 4.805840 -0.312595
v -0.000000 4.805840 -0.323622
v 0.083759 4.805840 -0.312595
v 0.161811 4.805840 -0.280265
v 0.228835 4.805840 -0.228836
v 0.280265 4.805840 -0.161811
v 0.312595 4.805840 -0.083760
v 0.323622 4.805840 -0.000000
v 0.312595 4.805840 0.083759
v 0.280265 4.805840 0.161811
v 0.228835 4.805840 0.228835
v 0.161811 4.805840 0.280265
v 0.083760 4.805840 0.312595
v -0.069992 4.808371 0.261214
v 0.000000 4.808371 0.270429
v -0.135214 4.808371 0.234198
v -0.191222 4.808371 0.191222
v -0.234198 4.808371 0.135214
v -0.261214 4.808371 0.069992
v -0.270429 4.808371 0.000000
v -0.261214 4.808371 -0.069992
v -0.234198 4.808371 -0.135214
v -0.191222 4.808371 -0.191222
v -0.135214 4.808371 -0.234198
v -0.069992 4.808371 -0.261214
v -0.000000 4.808371 -0.270429
v 0.069992 4.808371 -0.261214
v 0.135214 4.808371 -0.234198
v 0.191222 4.808371 -0.191222
v 0.234198 4.808371 -0.135214
v 0.261214 4.808371 -0.069992
v 0.270429 4.808371 -0.000000
v 0.261214 4.808371 0.069992
v 0.234198 4.808371 0.135214
v 0.191222 4.808371 0.191222
v 0.135214 4.808371 0.234198
v 0.069992 4.808371 0.261214
v -0.069992 5.028968 0.261214
v 0.000000 5.028968 0.270429
v -0.135214 5.028968 0.234198
v -0.191222 5.028968 0.191222
v -0.234198 5.028968 0.135214
v -0.261214 5.028968 0.069992
v -0.270429 5.028968 0.000000
v -0.261214 5.028968 -0.069992
v -0.234198 5.028968 -0.135214
v -0.191222 5.028968 -0.191222
v -0.135214 5.028968 -0.234198
v -0.069992 5.028968 -0.261214
v -0.000000 5.028968 -0.270429
v 0.069992 5.028968 -0.261214
v 0.135214 5.028968 -0.234198
v 0.191222 5.028968 -0.191222
v 0.234198 5.028968 -0.135214
v 0.261214 5.028968 -0.069992
v 0.270429 5.028968 -0.000000
v 0.261214 5.028968 0.069992
v 0.234198 5.028968 0.135214
v 0.191222 5.028968 0.191222
v 0.135214 5.028968 0.234198
v 0.069992 5.028968 0.261214
v 0.000000 0.029105 0.907809
v -0.234958 0.029105 0.876877
v -0.453904 0.029105 0.786186
v -0.641918 0.029105 0.641918
v -0.786186 0.029105 0.453905
v -0.876877 0.029105 0.234959
v -0.907809 0.029105 0.000000
v -0.876877 0.029105 -0.234958
v -0.786186 0.029105 -0.453904
v -0.641918 0.029105 -0.641918
v -0.453905 0.029105 -0.786186
v -0.234959 0.029105 -0.876877
v -0.000000 0.029105 -0.907809
v 0.234958 0.029105 -0.876877
v 0.453904 0.029105 -0.786186
v 0.641918 0.029105 -0.641918
v 0.786186 0.029105 -0.453905
v 0.876877 0.029105 -0.234959
v 0.907809 0.029105 -0.000000
v 0.876877 0.029105 0.234958
v 0.786186 0.029105 0.453904
v 0.641918 0.029105 0.641918
v 0.453905 0.029105 0.786186
v 0.234959 0.029105 0.876877
v -0.229947 -0.298670 0.858174
v -0.444223 -0.298670 0.769418
v -0.585796 -0.298670 0.582171
v -0.769418 -0.298670 0.444224
v -0.858174 -0.298670 0.229947
v -0.888447 -0.298670 0.000000
v -0.858174 -0.298670 -0.229947
v -0.717152 -0.298670 -0.415580
v -0.628227 -0.298670 -0.628227
v -0.444224 -0.298670 -0.769418
v -0.229947 -0.298670 -0.858174
v -0.001327 -0.298670 -0.828862
v 0.229947 -0.298670 -0.858174
v 0.444223 -0.298670 -0.769418
v 0.628227 -0.298670 -0.628227
v 0.769418 -0.298670 -0.444224
v 0.797072 -0.298670 -0.216229
v 0.888447 -0.298670 -0.000000
v 0.858174 -0.298670 0.229947
v 0.769418 -0.298670 0.444223
v 0.628227 -0.298670 0.628227
v 0.411955 -0.298670 0.713527
v 0.229947 -0.298670 0.858174
v 0.000000 -0.298670 0.888447
v -0.000343 -0.791926 0.798087
v -0.207067 -0.791812 0.770911
v -0.399727 -0.791723 0.691157
v -0.443534 -0.791629 0.432165
v -0.692056 -0.791812 0.398766
v -0.771810 -0.791926 0.206120
v -0.798992 -0.792047 -0.000594
v -0.771756 -0.792155 -0.207293
v -0.541711 -0.792227 -0.317553
v -0.565043 -0.792256 -0.565293
v -0.399648 -0.792230 -0.692211
v -0.207042 -0.792155 -0.772007
v -0.004154 -0.792090 -0.627920
v 0.206371 -0.791926 -0.772061
v 0.399017 -0.791812 -0.692307
v 0.564438 -0.791812 -0.565376
v 0.691335 -0.791926 -0.399935
v 0.596027 -0.791858 -0.168028
v 0.798282 -0.792155 -0.000594
v 0.771056 -0.792230 0.206102
v 0.691270 -0.792256 0.398709
v 0.564360 -0.792230 0.564109
v 0.305999 -0.792327 0.530005
v 0.206363 -0.792047 0.770842
v -0.000592 -1.019358 0.680681
v -0.177030 -1.019081 0.657452
v -0.341445 -1.018809 0.589350
v -0.322317 -0.988832 0.312272
v -0.590966 -1.019081 0.339828
v -0.659069 -1.019358 0.175414
v -0.682298 -1.019614 -0.001025
v -0.659069 -1.019822 -0.177463
v -0.394392 -0.989557 -0.231957
v -0.482631 -1.020005 -0.483064
v -0.341445 -1.019958 -0.591399
v -0.177030 -1.019822 -0.659502
v -0.003685 -0.989329 -0.457531
v 0.175847 -1.019358 -0.659502
v 0.340261 -1.019081 -0.591400
v 0.481447 -1.019081 -0.483064
v 0.589783 -1.019358 -0.341878
v 0.431599 -0.989364 -0.123000
v 0.681114 -1.019822 -0.001025
v 0.657886 -1.019958 0.175413
v 0.589783 -1.020005 0.339828
v 0.481447 -1.019958 0.481014
v 0.221019 -0.989586 0.382815
v 0.175847 -1.019614 0.657452
v -0.000498 -0.952103 0.514367
v -0.133842 -0.951413 0.496787
v -0.258087 -0.950729 0.445297
v -0.241985 -0.945275 0.232579
v -0.446678 -0.951413 0.256741
v -0.498171 -0.952103 0.132489
v -0.515749 -0.952736 -0.000862
v -0.498210 -0.953247 -0.134224
v -0.296176 -0.947010 -0.174988
v -0.364860 -0.953696 -0.365224
v -0.258139 -0.953580 -0.447109
v -0.133860 -0.953247 -0.498574
v -0.003456 -0.946456 -0.343977
v 0.132853 -0.952103 -0.498535
v 0.257104 -0.951413 -0.447042
v 0.363807 -0.951413 -0.365166
v 0.445703 -0.952103 -0.258477
v 0.322444 -0.946588 -0.093286
v 0.514771 -0.953247 -0.000863
v 0.497225 -0.953580 0.132501
v 0.445751 -0.953696 0.256779
v 0.363860 -0.953580 0.363496
v 0.164788 -0.947130 0.285422
v 0.132859 -0.952736 0.496832
v -0.000245 -0.843593 0.330856
v -0.085968 -0.842393 0.319502
v -0.165812 -0.841143 0.286350
v -0.160469 -0.874739 0.151856
v -0.287081 -0.842393 0.165182
v -0.320238 -0.843593 0.085317
v -0.331587 -0.844651 -0.000426
v -0.320343 -0.845480 -0.086196
v -0.196176 -0.874855 -0.116916
v -0.234602 -0.846191 -0.234783
v -0.165956 -0.846009 -0.287444
v -0.086016 -0.845480 -0.320524
v -0.003164 -0.874791 -0.228354
v 0.085496 -0.843593 -0.320418
v 0.165361 -0.842393 -0.287261
v 0.233957 -0.842393 -0.234625
v 0.286652 -0.843593 -0.166065
v 0.211735 -0.874595 -0.063039
v 0.331142 -0.845480 -0.000427
v 0.319879 -0.846009 0.085350
v 0.286779 -0.846191 0.165287
v 0.234101 -0.846009 0.233921
v 0.107848 -0.875073 0.186798
v 0.085512 -0.844651 0.319625
v -0.000065 -0.779677 0.199183
v -0.051655 -0.780362 0.192420
v -0.099728 -0.780091 0.172507
v -0.100177 -0.842634 0.092017
v -0.172687 -0.780351 0.099549
v -0.192587 -0.780213 0.051473
v -0.199349 -0.779546 -0.000112
v -0.192538 -0.779104 -0.051685
v -0.122158 -0.841768 -0.073985
v -0.140957 -0.778923 -0.141004
v -0.099703 -0.779637 -0.172691
v -0.051655 -0.781003 -0.192648
v -0.002994 -0.841592 -0.142784
v 0.051534 -0.781837 -0.192689
v 0.099599 -0.780455 -0.172738
v 0.140863 -0.779639 -0.141041
v 0.172530 -0.779670 -0.099761
v 0.129763 -0.841579 -0.040742
v 0.199173 -0.778304 -0.000111
v 0.192372 -0.778037 0.051452
v 0.172471 -0.778151 0.099502
v 0.140802 -0.777722 0.140755
v 0.065657 -0.843684 0.113721
v 0.051506 -0.778636 0.192353
v -0.000003 -0.789780 0.087349
v -0.022611 -0.788370 0.084370
v -0.043675 -0.785996 0.075638
v -0.061751 -0.786035 0.061746
v -0.075652 -0.788743 0.043671
v -0.084385 -0.790909 0.022604
v -0.087368 -0.793280 -0.000006
v -0.084395 -0.794779 -0.022619
v -0.075649 -0.795430 -0.043679
v -0.061783 -0.795032 -0.061785
v -0.043686 -0.793756 -0.075666
v -0.022613 -0.791607 -0.084388
v -0.000002 -0.790197 -0.087339
v 0.022605 -0.787868 -0.084378
v 0.043668 -0.784478 -0.075643
v 0.061755 -0.783639 -0.061762
v 0.075639 -0.785644 -0.043676
v 0.084350 -0.787106 -0.022606
v 0.087350 -0.789441 -0.000005
v 0.084377 -0.791143 0.022604
v 0.075653 -0.792088 0.043674
v 0.061770 -0.792261 0.061767
v 0.043667 -0.791767 0.075633
v 0.022606 -0.790530 0.084374
v 0.000000 -0.802517 0.036965
v -0.009567 -0.801151 0.035705
v -0.018482 -0.799545 0.032012
v -0.026138 -0.799662 0.026138
v -0.032012 -0.801664 0.018482
v -0.035705 -0.803461 0.009567
v -0.036965 -0.804880 0.000000
v -0.035705 -0.805845 -0.009567
v -0.032012 -0.806298 -0.018482
v -0.026138 -0.806190 -0.026138
v -0.018482 -0.805502 -0.032012
v -0.009567 -0.804299 -0.035705
v -0.000000 -0.802672 -0.036965
v 0.009567 -0.800724 -0.035705
v 0.018482 -0.798564 -0.032012
v 0.026138 -0.798295 -0.026138
v 0.032012 -0.799977 -0.018482
v 0.035705 -0.801592 -0.009567
v 0.036965 -0.802950 -0.000000
v 0.035705 -0.803962 0.009567
v 0.032012 -0.804549 0.018482
v 0.026138 -0.804659 0.026138
v 0.018482 -0.804323 0.032012
v 0.009567 -0.803591 0.035705
v 0.194540 -0.949496 -0.729046
v -0.003739 -0.941956 -0.514597
v -0.754321 -0.949689 -0.000954
v -0.728642 -0.949496 0.194137
v 0.532440 -0.949958 0.532036
v 0.652226 -0.949996 0.375926
v 0.376340 -0.949296 -0.653749
v -0.728632 -0.949850 -0.196043
v 0.249542 -0.942309 0.432218
v 0.532453 -0.949296 -0.533960
v -0.443785 -0.942137 -0.260537
v 0.194539 -0.949689 0.727131
v -0.195644 -0.949296 0.727143
v -0.000551 -0.949496 0.752821
v 0.652237 -0.949496 -0.377842
v -0.533541 -0.949996 -0.533944
v -0.377446 -0.949112 0.651847
v 0.486798 -0.941999 -0.137907
v -0.377433 -0.949958 -0.653732
v -0.362825 -0.941613 0.352621
v 0.753214 -0.949850 -0.000955
v -0.195640 -0.949850 -0.729036
v -0.653346 -0.949296 0.375937
v 0.727528 -0.949958 0.194133
v 0.155107 -1.013961 0.580007
v -0.000570 -1.013607 0.600502
v -0.156246 -1.013212 0.580006
v -0.301313 -1.012811 0.519916
v 0.520334 -1.013607 -0.301732
v 0.376981 -0.986106 -0.108161
v -0.425888 -1.014488 -0.426305
v -0.301315 -1.014425 -0.521893
v -0.282154 -0.985354 0.272389
v 0.600920 -1.014243 -0.000987
v -0.156247 -1.014243 -0.581982
v -0.521474 -1.013212 0.299757
v 0.580425 -1.014425 0.154690
v -0.003585 -0.986054 -0.400806
v -0.581563 -1.013607 0.154690
v 0.520336 -1.014488 0.299758
v 0.155107 -1.013607 -0.581981
v -0.602059 -1.013961 -0.000987
v 0.424748 -1.014425 0.424330
v 0.300174 -1.013212 -0.521891
v -0.581565 -1.014243 -0.156664
v 0.192860 -0.986388 0.334044
v 0.424746 -1.013212 -0.426304
v -0.345317 -0.986358 -0.203509
v 0.165653 -1.030445 0.619394
v -0.166824 -1.029803 0.619396
v 0.555658 -1.030139 -0.322162
v -0.454756 -1.030904 -0.455184
v -0.000585 -1.030139 0.641281
v -0.321734 -1.029466 0.555231
v 0.404406 -1.000619 -0.115622
v -0.321733 -1.030849 -0.557257
v -0.302331 -0.999976 0.292412
v 0.641708 -1.030690 -0.001015
v -0.166824 -1.030690 -0.621423
v -0.556830 -1.029803 0.320134
v 0.619823 -1.030849 0.165223
v -0.003640 -1.000593 -0.429320
v -0.620995 -1.030139 0.165224
v 0.555657 -1.030904 0.320132
v 0.165652 -1.030139 -0.621424
v -0.642880 -1.030445 -0.001014
v 0.453585 -1.030849 0.453156
v 0.320562 -1.029803 -0.557259
v -0.620994 -1.030690 -0.167252
v 0.206993 -1.000835 0.358521
v 0.453586 -1.029803 -0.455186
v -0.369983 -1.000859 -0.217813
v -0.237522 5.031905 -0.003324
v -0.196636 5.034329 -0.075406
v -0.141341 5.035281 -0.141341
v -0.075406 5.034329 -0.196636
v -0.003324 5.031905 -0.237522
v -0.193936 5.034804 0.067278
v -0.139635 5.040277 -0.004420
v -0.074994 5.042627 -0.074994
v -0.004420 5.040277 -0.139635
v 0.067278 5.034803 -0.193936
v -0.135214 5.036043 0.135214
v -0.069992 5.043065 0.069992
v 0.000000 5.046316 -0.000000
v 0.069992 5.043065 -0.069992
v 0.135214 5.036043 -0.135214
v -0.067278 5.034804 0.193936
v 0.004421 5.040277 0.139635
v 0.074995 5.042627 0.074994
v 0.139635 5.040277 0.004420
v 0.193936 5.034804 -0.067278
v 0.003324 5.031905 0.237522
v 0.075406 5.034329 0.196636
v 0.141341 5.035281 0.141341
v 0.196636 5.034329 0.075406
v 0.237522 5.031905 0.003324
v -0.000058 -0.616312 0.806404
v 0.000000 0.684247 0.810917
v -0.208809 -0.616294 0.778967
v -0.209881 0.684247 0.783286
v -0.399421 -0.615188 0.701747
v -0.405458 0.684247 0.702275
v -0.480222 -0.611437 0.471659
v -0.573405 0.684247 0.573405
v -0.701996 -0.615176 0.399122
v -0.702275 0.684247 0.405459
v -0.779067 -0.616351 0.208640
v -0.783286 0.684247 0.209881
v -0.806501 -0.616381 -0.000095
v -0.810917 0.684247 0.000000
v -0.781086 -0.615340 -0.204282
v -0.783286 0.684247 -0.209881
v -0.586558 -0.612016 -0.342256
v -0.702275 0.684247 -0.405458
v -0.567336 -0.615339 -0.574453
v -0.573405 0.684247 -0.573405
v -0.403246 -0.616428 -0.698444
v -0.405459 0.684247 -0.702275
v -0.213831 -0.615323 -0.778585
v -0.209881 0.684247 -0.783286
v -0.003124 -0.611996 -0.679135
v -0.000000 0.684247 -0.810917
v 0.213651 -0.615300 -0.778660
v 0.209881 0.684247 -0.783286
v 0.403213 -0.616336 -0.698580
v 0.405458 0.684247 -0.702275
v 0.570252 -0.616327 -0.570409
v 0.573405 0.684247 -0.573405
v 0.696605 -0.615201 -0.408364
v 0.702275 0.684247 -0.405459
v 0.648532 -0.611468 -0.180043
v 0.783286 0.684247 -0.209881
v 0.807265 -0.615275 0.004966
v 0.810917 0.684247 -0.000000
v 0.778862 -0.616369 0.208613
v 0.783286 0.684247 0.209881
v 0.698297 -0.616368 0.403097
v 0.702275 0.684247 0.405458
v 0.574586 -0.615211 0.567069
v 0.573405 0.684247 0.573405
v 0.334167 -0.611492 0.578795
v 0.405459 0.684247 0.702275
v 0.203818 -0.615181 0.781199
v 0.209881 0.684247 0.783286
v -0.216392 1.014761 0.807588
v 0.000000 1.014761 0.836077
v -0.418038 1.014761 0.724064
v -0.591195 1.014761 0.591196
v -0.724064 1.014761 0.418039
v -0.807588 1.014761 0.216393
v -0.836077 1.014761 0.000000
v -0.807588 1.014761 -0.216392
v -0.724064 1.014761 -0.418038
v -0.591196 1.014761 -0.591195
v -0.418039 1.014761 -0.724064
v -0.216393 1.014761 -0.807588
v -0.000000 1.014761 -0.836077
v 0.216392 1.014761 -0.807588
v 0.418038 1.014761 -0.724064
v 0.591195 1.014761 -0.591196
v 0.724064 1.014761 -0.418039
v 0.807588 1.014761 -0.216393
v 0.836077 1.014761 -0.000000
v 0.807588 1.014761 0.216392
v 0.724064 1.014761 0.418038
v 0.591196 1.014761 0.591195
v 0.418039 1.014761 0.724064
v 0.216393 1.014761 0.807588
v -0.224991 1.273750 0.839680
v 0.000000 1.273750 0.869301
v -0.434650 1.273750 0.752837
v -0.614688 1.273750 0.614689
v -0.752837 1.273750 0.434651
v -0.839680 1.273750 0.224992
v -0.869301 1.273750 0.000000
v -0.839680 1.273750 -0.224991
v -0.752837 1.273750 -0.434650
v -0.614689 1.273750 -0.614688
v -0.434651 1.273750 -0.752837
v -0.224992 1.273750 -0.839680
v -0.000000 1.273750 -0.869301
v 0.224991 1.273750 -0.839680
v 0.434650 1.273750 -0.752837
v 0.614688 1.273750 -0.614689
v 0.752837 1.273750 -0.434651
v 0.839680 1.273750 -0.224992
v 0.869301 1.273750 -0.000000
v 0.839680 1.273750 0.224991
v 0.752837 1.273750 0.434650
v 0.614689 1.273750 0.614688
v 0.434651 1.273750 0.752837
v 0.224992 1.273750 0.839680
v -0.227541 1.489904 0.849194
v 0.000000 1.489904 0.879151
v -0.439575 1.489904 0.761367
v -0.621653 1.489904 0.621653
v -0.761367 1.489904 0.439576
v -0.849194 1.489904 0.227541
v -0.879151 1.489904 0.000000
v -0.849194 1.489904 -0.227541
v -0.761367 1.489904 -0.439575
v -0.621653 1.489904 -0.621653
v -0.439576 1.489904 -0.761367
v -0.227541 1.489904 -0.849194
v -0.000000 1.489904 -0.879151
v 0.227541 1.489904 -0.849194
v 0.439575 1.489904 -0.761367
v 0.621653 1.489904 -0.621653
v 0.761367 1.489904 -0.439576
v 0.849194 1.489904 -0.227541
v 0.879151 1.489904 -0.000000
v 0.849194 1.489904 0.227541
v 0.761367 1.489904 0.439575
v 0.621653 1.489904 0.621653
v 0.439576 1.489904 0.761367
v 0.227541 1.489904 0.849194
v -0.228093 1.556552 0.851255
v 0.000000 1.556552 0.881284
v -0.440642 1.556552 0.763214
v -0.623161 1.556552 0.623162
v -0.763214 1.556552 0.440642
v -0.851254 1.556552 0.228093
v -0.881284 1.556552 0.000000
v -0.851255 1.556552 -0.228093
v -0.763214 1.556552 -0.440642
v -0.623162 1.556552 -0.623161
v -0.440642 1.556552 -0.763214
v -0.228093 1.556552 -0.851254
v -0.000000 1.556552 -0.881284
v 0.228093 1.556552 -0.851255
v 0.440642 1.556552 -0.763214
v 0.623161 1.556552 -0.623162
v 0.763214 1.556552 -0.440642
v 0.851254 1.556552 -0.228093
v 0.881284 1.556552 -0.000000
v 0.851255 1.556552 0.228093
v 0.763214 1.556552 0.440642
v 0.623162 1.556552 0.623161
v 0.440642 1.556552 0.763214
v 0.228093 1.556552 0.851254
v -0.222590 1.570678 0.830719
v 0.000000 1.570678 0.860024
v -0.430012 1.570678 0.744802
v -0.608128 1.570678 0.608129
v -0.744802 1.570678 0.430012
v -0.830719 1.570678 0.222591
v -0.860024 1.570678 0.000000
v -0.830719 1.570678 -0.222590
v -0.744802 1.570678 -0.430012
v -0.608129 1.570678 -0.608128
v -0.430012 1.570678 -0.744802
v -0.222591 1.570678 -0.830719
v -0.000000 1.570678 -0.860024
v 0.222590 1.570678 -0.830719
v 0.430012 1.570678 -0.744802
v 0.608128 1.570678 -0.608129
v 0.744802 1.570678 -0.430012
v 0.830719 1.570678 -0.222591
v 0.860024 1.570678 -0.000000
v 0.830719 1.570678 0.222590
v 0.744802 1.570678 0.430012
v 0.608129 1.570678 0.608128
v 0.430012 1.570678 0.744802
v 0.222591 1.570678 0.830719
v -0.227733 2.919636 0.849914
v 0.000000 2.919636 0.879896
v -0.439948 2.919636 0.762012
v -0.622180 2.919636 0.622180
v -0.762012 2.919636 0.439948
v -0.849914 2.919636 0.227734
v -0.879896 2.919636 0.000000
v -0.849914 2.919636 -0.227733
v -0.762012 2.919636 -0.439948
v -0.622180 2.919636 -0.622180
v -0.439948 2.919636 -0.762012
v -0.227734 2.919636 -0.849914
v -0.000000 2.919636 -0.879896
v 0.227734 2.919636 -0.849914
v 0.439948 2.919636 -0.762012
v 0.622180 2.919636 -0.622180
v 0.762012 2.919636 -0.439948
v 0.849914 2.919636 -0.227734
v 0.879896 2.919636 -0.000000
v 0.849914 2.919636 0.227733
v 0.762012 2.919636 0.439948
v 0.622180 2.919636 0.622180
v 0.439948 2.919636 0.762012
v 0.227734 2.919636 0.849914
v -0.230621 2.942024 0.860692
v 0.000000 2.942024 0.891054
v -0.445527 2.942024 0.771676
v -0.630070 2.942024 0.630071
v -0.771675 2.942024 0.445527
v -0.860692 2.942024 0.230622
v -0.891054 2.942024 0.000000
v -0.860692 2.942024 -0.230621
v -0.771676 2.942024 -0.445527
v -0.630071 2.942024 -0.630070
v -0.445527 2.942024 -0.771675
v -0.230622 2.942024 -0.860692
v -0.000000 2.942024 -0.891054
v 0.230622 2.942024 -0.860692
v 0.445527 2.942024 -0.771676
v 0.630070 2.942024 -0.630071
v 0.771675 2.942024 -0.445527
v 0.860692 2.942024 -0.230622
v 0.891054 2.942024 -0.000000
v 0.860692 2.942024 0.230621
v 0.771676 2.942024 0.445527
v 0.630071 2.942024 0.630070
v 0.445527 2.942024 0.771675
v 0.230622 2.942024 0.860692
v -0.237074 3.063919 0.884772
v 0.000000 3.063919 0.915984
v -0.457992 3.063919 0.793265
v -0.647698 3.063919 0.647698
v -0.793265 3.063919 0.457992
v -0.884772 3.063919 0.237074
v -0.915984 3.063919 0.000000
v -0.884772 3.063919 -0.237074
v -0.793265 3.063919 -0.457992
v -0.647698 3.063919 -0.647698
v -0.457992 3.063919 -0.793265
v -0.237074 3.063919 -0.884772
v -0.000000 3.063919 -0.915984
v 0.237074 3.063919 -0.884772
v 0.457991 3.063919 -0.793265
v 0.647698 3.063919 -0.647698
v 0.793265 3.063919 -0.457992
v 0.884772 3.063919 -0.237074
v 0.915984 3.063919 -0.000000
v 0.884772 3.063919 0.237074
v 0.793265 3.063919 0.457992
v 0.647698 3.063919 0.647698
v 0.457992 3.063919 0.793265
v 0.237074 3.063919 0.884772
v -0.221435 3.365132 0.826407
v 0.000000 3.365132 0.855560
v -0.427780 3.365132 0.740937
v -0.604972 3.365132 0.604972
v -0.740937 3.365132 0.427780
v -0.826407 3.365132 0.221435
v -0.855560 3.365132 0.000000
v -0.826407 3.365132 -0.221435
v -0.740937 3.365132 -0.427780
v -0.604972 3.365132 -0.604972
v -0.427780 3.365132 -0.740937
v -0.221435 3.365132 -0.826407
v -0.000000 3.365132 -0.855560
v 0.221435 3.365132 -0.826407
v 0.427780 3.365132 -0.740937
v 0.604972 3.365132 -0.604972
v 0.740937 3.365132 -0.427780
v 0.826407 3.365132 -0.221435
v 0.855560 3.365132 -0.000000
v 0.826407 3.365132 0.221435
v 0.740937 3.365132 0.427780
v 0.604972 3.365132 0.604972
v 0.427780 3.365132 0.740937
v 0.221435 3.365132 0.826407
v -0.207517 3.559725 0.774464
v 0.000000 3.559725 0.801784
v -0.400892 3.559725 0.694365
v -0.566947 3.559725 0.566947
v -0.694365 3.559725 0.400892
v -0.774463 3.559725 0.207517
v -0.801784 3.559725 0.000000
v -0.774464 3.559725 -0.207517
v -0.694365 3.559725 -0.400892
v -0.566947 3.559725 -0.566947
v -0.400892 3.559725 -0.694365
v -0.207517 3.559725 -0.774463
v -0.000000 3.559725 -0.801784
v 0.207517 3.559725 -0.774464
v 0.400892 3.559725 -0.694365
v 0.566947 3.559725 -0.566947
v 0.694365 3.559725 -0.400892
v 0.774463 3.559725 -0.207517
v 0.801784 3.559725 -0.000000
v 0.774464 3.559725 0.207517
v 0.694365 3.559725 0.400892
v 0.566947 3.559725 0.566947
v 0.400892 3.559725 0.694365
v 0.207517 3.559725 0.774463
v -0.164887 3.948509 0.615369
v 0.000000 3.948509 0.637077
v -0.318538 3.948509 0.551725
v -0.450481 3.948509 0.450481
v -0.551724 3.948509 0.318538
v -0.615369 3.948509 0.164888
v -0.637077 3.948509 0.000000
v -0.615369 3.948509 -0.164887
v -0.551725 3.948509 -0.318538
v -0.450481 3.948509 -0.450481
v -0.318539 3.948509 -0.551724
v -0.164888 3.948509 -0.615368
v -0.000000 3.948509 -0.637077
v 0.164887 3.948509 -0.615369
v 0.318538 3.948509 -0.551725
v 0.450481 3.948509 -0.450481
v 0.551724 3.948509 -0.318538
v 0.615368 3.948509 -0.164888
v 0.637076 3.948509 -0.000000
v 0.615368 3.948509 0.164887
v 0.551724 3.948509 0.318538
v 0.450481 3.948509 0.450481
v 0.318538 3.948509 0.551724
v 0.164888 3.948509 0.615368
v -0.064937 4.770575 0.242347
v 0.000000 4.770575 0.250896
v -0.125448 4.770575 0.217282
v -0.177410 4.770575 0.177410
v -0.217282 4.770575 0.125448
v -0.242347 4.770575 0.064937
v -0.250896 4.770575 0.000000
v -0.242347 4.770575 -0.064937
v -0.217282 4.770575 -0.125448
v -0.177410 4.770575 -0.177410
v -0.125448 4.770575 -0.217282
v -0.064937 4.770575 -0.242347
v -0.000000 4.770575 -0.250896
v 0.064937 4.770575 -0.242347
v 0.125448 4.770575 -0.217282
v 0.177410 4.770575 -0.177410
v 0.217282 4.770575 -0.125448
v 0.242347 4.770575 -0.064937
v 0.250896 4.770575 -0.000000
v 0.242347 4.770575 0.064936
v 0.217282 4.770575 0.125448
v 0.177410 4.770575 0.177410
v 0.125448 4.770575 0.217282
v 0.064937 4.770575 0.242347
v -0.080060 4.770878 0.298788
v 0.000000 4.770878 0.309329
v -0.154664 4.770878 0.267886
v -0.218728 4.770878 0.218728
v -0.267886 4.770878 0.154664
v -0.298788 4.770878 0.080060
v -0.309329 4.770878 0.000000
v -0.298788 4.770878 -0.080060
v -0.267886 4.770878 -0.154664
v -0.218728 4.770878 -0.218728
v -0.154664 4.770878 -0.267886
v -0.080060 4.770878 -0.298788
v -0.000000 4.770878 -0.309329
v 0.080060 4.770878 -0.298788
v 0.154664 4.770878 -0.267886
v 0.218728 4.770878 -0.218728
v 0.267886 4.770878 -0.154664
v 0.298788 4.770878 -0.080060
v 0.309329 4.770878 -0.000000
v 0.298788 4.770878 0.080060
v 0.267886 4.770878 0.154664
v 0.218728 4.770878 0.218728
v 0.154664 4.770878 0.267886
v 0.080060 4.770878 0.298788
v -0.079932 4.792756 0.298310
v 0.000000 4.792756 0.308834
v -0.154417 4.792756 0.267458
v -0.218378 4.792756 0.218378
v -0.267458 4.792756 0.154417
v -0.298310 4.792756 0.079932
v -0.308834 4.792756 0.000000
v -0.298310 4.792756 -0.079932
v -0.267458 4.792756 -0.154417
v -0.218378 4.792756 -0.218378
v -0.154417 4.792756 -0.267458
v -0.079932 4.792756 -0.298310
v -0.000000 4.792756 -0.308834
v 0.079932 4.792756 -0.298310
v 0.154417 4.792756 -0.267458
v 0.218378 4.792756 -0.218378
v 0.267458 4.792756 -0.154417
v 0.298310 4.792756 -0.079932
v 0.308834 4.792756 -0.000000
v 0.298310 4.792756 0.079932
v 0.267458 4.792756 0.154417
v 0.218378 4.792756 0.218378
v 0.154417 4.792756 0.267458
v 0.079932 4.792756 0.298310
v -0.066445 4.794155 0.247977
v 0.000000 4.794155 0.256725
v -0.128363 4.794155 0.222330
v -0.181532 4.794155 0.181532
v -0.222330 4.794155 0.128363
v -0.247977 4.794155 0.066445
v -0.256725 4.794155 0.000000
v -0.247977 4.794155 -0.066445
v -0.222331 4.794155 -0.128363
v -0.181532 4.794155 -0.181532
v -0.128363 4.794155 -0.222330
v -0.066445 4.794155 -0.247977
v -0.000000 4.794155 -0.256725
v 0.066445 4.794155 -0.247977
v 0.128363 4.794155 -0.222331
v 0.181532 4.794155 -0.181532
v 0.222330 4.794155 -0.128363
v 0.247977 4.794155 -0.066445
v 0.256725 4.794155 -0.000000
v 0.247977 4.794155 0.066445
v 0.222330 4.794155 0.128363
v 0.181532 4.794155 0.181532
v 0.128363 4.794155 0.222330
v 0.066445 4.794155 0.247977
v -0.066143 5.016164 0.246683
v 0.000000 5.016171 0.255391
v -0.127739 5.016148 0.221173
v -0.180607 5.016140 0.180608
v -0.221173 5.016148 0.127739
v -0.246683 5.016164 0.066143
v -0.255391 5.016171 0.000000
v -0.246688 5.016161 -0.066133
v -0.221177 5.016149 -0.127729
v -0.180605 5.016143 -0.180605
v -0.127729 5.016149 -0.221177
v -0.066133 5.016161 -0.246688
v -0.000000 5.016171 -0.255391
v 0.066143 5.016164 -0.246683
v 0.127739 5.016148 -0.221173
v 0.180608 5.016140 -0.180608
v 0.221173 5.016148 -0.127739
v 0.246683 5.016164 -0.066143
v 0.255391 5.016171 -0.000000
v 0.246688 5.016162 0.066133
v 0.221177 5.016149 0.127729
v 0.180606 5.016143 0.180605
v 0.127729 5.016149 0.221177
v 0.066133 5.016161 0.246688
v 0.000000 0.028535 0.888072
v -0.229850 0.028535 0.857812
v -0.443475 0.029001 0.769420
v -0.627958 0.029449 0.627958
v -0.769419 0.029001 0.443476
v -0.857811 0.028535 0.229850
v -0.888072 0.028535 0.000000
v -0.857973 0.028979 -0.229253
v -0.769088 0.029407 -0.444033
v -0.627526 0.028979 -0.628400
v -0.444036 0.028535 -0.769093
v -0.230448 0.028979 -0.857653
v -0.000000 0.029407 -0.888066
v 0.230447 0.028979 -0.857653
v 0.444036 0.028535 -0.769093
v 0.627961 0.028535 -0.627962
v 0.768771 0.029001 -0.444599
v 0.857806 0.029449 -0.229849
v 0.888075 0.029001 0.000648
v 0.857812 0.028535 0.229850
v 0.769093 0.028535 0.444036
v 0.628437 0.029016 0.627491
v 0.444034 0.029477 0.769089
v 0.229205 0.029016 0.857988
v -0.224877 -0.296208 0.839250
v -0.432363 -0.295244 0.754007
v -0.572195 -0.294353 0.568522
v -0.754037 -0.295232 0.432328
v -0.839249 -0.296210 0.224877
v -0.868855 -0.296209 0.000001
v -0.840175 -0.295282 -0.222568
v -0.700441 -0.294436 -0.405950
v -0.612825 -0.295276 -0.616346
v -0.434427 -0.296209 -0.752451
v -0.227359 -0.295276 -0.838895
v -0.001343 -0.294437 -0.809575
v 0.227337 -0.295284 -0.838896
v 0.434427 -0.296211 -0.752450
v 0.614372 -0.296211 -0.614374
v 0.751425 -0.295231 -0.436852
v 0.778452 -0.294352 -0.211276
v 0.869171 -0.295241 0.002565
v 0.839250 -0.296204 0.224876
v 0.752451 -0.296203 0.434428
v 0.616494 -0.295202 0.612728
v 0.402328 -0.294288 0.696853
v 0.222390 -0.295204 0.840264
v -0.000001 -0.296206 0.868855
v -0.000343 -0.787641 0.778812
v -0.202078 -0.787532 0.752291
v -0.384995 -0.786243 0.679206
v -0.430770 -0.784563 0.418860
v -0.680317 -0.786358 0.383855
v -0.753178 -0.787703 0.201129
v -0.779699 -0.787842 -0.000593
v -0.756295 -0.786747 -0.196265
v -0.525619 -0.785246 -0.308487
v -0.547700 -0.786863 -0.557545
v -0.389998 -0.788057 -0.675496
v -0.209004 -0.786759 -0.753114
v -0.004349 -0.785105 -0.609452
v 0.208191 -0.786511 -0.753160
v 0.389372 -0.787600 -0.675600
v 0.550799 -0.787586 -0.551737
v 0.672551 -0.786474 -0.397224
v 0.578118 -0.784802 -0.163623
v 0.780563 -0.786689 0.006191
v 0.752433 -0.787963 0.201113
v 0.674575 -0.787982 0.389071
v 0.556907 -0.786738 0.546669
v 0.296790 -0.785214 0.514052
v 0.194988 -0.786549 0.755667
v -0.000568 -1.002380 0.670599
v -0.174401 -1.002094 0.647735
v -0.330548 -1.002968 0.584852
v -0.315525 -0.971818 0.304904
v -0.586690 -1.003338 0.328703
v -0.649332 -1.002383 0.172781
v -0.672196 -1.002647 -0.001045
v -0.651826 -1.003983 -0.168158
v -0.385553 -0.972582 -0.227096
v -0.470860 -1.004220 -0.481587
v -0.336392 -1.003002 -0.582632
v -0.181644 -1.004037 -0.648573
v -0.003911 -0.972340 -0.447470
v 0.180277 -1.003504 -0.648597
v 0.335211 -1.002101 -0.582677
v 0.474330 -1.002101 -0.475929
v 0.578014 -1.003609 -0.343717
v 0.421775 -0.972385 -0.120743
v 0.671735 -1.004008 0.006176
v 0.648116 -1.002997 0.172804
v 0.581025 -1.003045 0.334772
v 0.480141 -1.004220 0.469159
v 0.215983 -0.972622 0.374054
v 0.166256 -1.003860 0.650402
v -0.000409 -0.935587 0.525190
v -0.136560 -0.934917 0.507295
v -0.268749 -0.934960 0.450546
v -0.250426 -0.929971 0.241767
v -0.451614 -0.935746 0.267698
v -0.508630 -0.935575 0.135199
v -0.526521 -0.936187 -0.000938
v -0.506029 -0.937379 -0.142997
v -0.306930 -0.931539 -0.180896
v -0.376446 -0.937861 -0.367436
v -0.263527 -0.937002 -0.456383
v -0.130002 -0.937414 -0.509725
v -0.003241 -0.931003 -0.356268
v 0.129119 -0.936282 -0.509745
v 0.262474 -0.934895 -0.456436
v 0.371493 -0.934898 -0.372787
v 0.457683 -0.936458 -0.257195
v 0.334612 -0.931255 -0.095881
v 0.524571 -0.937400 -0.007401
v 0.507604 -0.937019 0.135313
v 0.455062 -0.937134 0.262155
v 0.365808 -0.937848 0.375268
v 0.171088 -0.931853 0.296231
v 0.142170 -0.937058 0.504411
v -0.000154 -0.826229 0.340258
v -0.088251 -0.824994 0.328554
v -0.176255 -0.824724 0.289702
v -0.168034 -0.858702 0.160544
v -0.290053 -0.826198 0.176081
v -0.329305 -0.826205 0.087627
v -0.340995 -0.827290 -0.000511
v -0.326438 -0.829109 -0.095403
v -0.206353 -0.858819 -0.122317
v -0.245773 -0.829916 -0.235255
v -0.170661 -0.828662 -0.295619
v -0.080841 -0.829174 -0.330385
v -0.002771 -0.858649 -0.239720
v 0.080476 -0.827193 -0.330202
v 0.169887 -0.824966 -0.295367
v 0.240587 -0.824988 -0.241182
v 0.297680 -0.827487 -0.163086
v 0.223211 -0.858676 -0.065232
v 0.339458 -0.829152 -0.007785
v 0.329089 -0.828725 0.087859
v 0.295065 -0.828916 0.170061
v 0.234368 -0.829870 0.245293
v 0.113758 -0.859236 0.197004
v 0.095280 -0.828504 0.325436
v -0.000020 -0.760340 0.203180
v -0.052440 -0.761041 0.196415
v -0.108504 -0.762410 0.171998
v -0.106685 -0.825734 0.099887
v -0.171679 -0.762982 0.108887
v -0.196410 -0.760855 0.052213
v -0.203117 -0.760164 -0.000304
v -0.194012 -0.761395 -0.060295
v -0.130195 -0.824175 -0.077960
v -0.149367 -0.761358 -0.137743
v -0.101630 -0.760261 -0.175969
v -0.044735 -0.763446 -0.198460
v -0.002553 -0.824281 -0.152272
v 0.044618 -0.764370 -0.198771
v 0.101289 -0.761179 -0.176673
v 0.143928 -0.760367 -0.144052
v 0.180539 -0.762542 -0.094070
v 0.139846 -0.824665 -0.042211
v 0.203165 -0.760632 -0.007962
v 0.196189 -0.758701 0.052652
v 0.175875 -0.758805 0.101511
v 0.137484 -0.760288 0.149411
v 0.070703 -0.826674 0.122387
v 0.060724 -0.761235 0.193813
v 0.000636 -0.770302 0.084176
v -0.020734 -0.768885 0.081779
v -0.045792 -0.766757 0.071730
v -0.063508 -0.766368 0.061686
v -0.071941 -0.769443 0.045571
v -0.081639 -0.771466 0.020525
v -0.084071 -0.773839 -0.001040
v -0.080690 -0.775820 -0.026709
v -0.076355 -0.775705 -0.044246
v -0.063533 -0.776093 -0.056479
v -0.042710 -0.774313 -0.072363
v -0.018493 -0.772349 -0.082962
v -0.001674 -0.770557 -0.088512
v 0.016184 -0.769199 -0.084006
v 0.041034 -0.764999 -0.073766
v 0.059858 -0.764132 -0.059356
v 0.076765 -0.766992 -0.037296
v 0.085739 -0.767451 -0.021328
v 0.084693 -0.770164 -0.003362
v 0.080853 -0.771715 0.022433
v 0.072489 -0.772653 0.042195
v 0.056602 -0.773260 0.063231
v 0.044867 -0.772069 0.076282
v 0.027133 -0.771686 0.080591
v 0.001699 -0.783299 0.032763
v -0.006103 -0.782323 0.030864
v -0.013357 -0.781609 0.025535
v -0.021513 -0.781748 0.019240
v -0.028640 -0.782879 0.013417
v -0.032591 -0.784266 0.006141
v -0.034058 -0.785451 -0.002000
v -0.033157 -0.786272 -0.010109
v -0.030101 -0.786662 -0.017655
v -0.025158 -0.786576 -0.024083
v -0.018678 -0.785995 -0.028961
v -0.010901 -0.784951 -0.031990
v -0.002627 -0.783547 -0.032810
v 0.005153 -0.782072 -0.030961
v 0.012521 -0.780833 -0.025691
v 0.020715 -0.780553 -0.019376
v 0.027744 -0.781347 -0.013522
v 0.031692 -0.782554 -0.006199
v 0.033195 -0.783671 0.001996
v 0.032323 -0.784515 0.010072
v 0.029280 -0.785013 0.017596
v 0.024307 -0.785109 0.024053
v 0.017768 -0.784826 0.028968
v 0.009981 -0.784203 0.031990
v 0.197478 -0.939295 -0.712396
v -0.003930 -0.930396 -0.498590
v -0.737258 -0.939750 -0.000961
v -0.712170 -0.939545 0.189716
v 0.527009 -0.939816 0.515988
v 0.637463 -0.940030 0.367404
v 0.367809 -0.939348 -0.638979
v -0.715678 -0.939660 -0.185169
v 0.241528 -0.930789 0.418327
v 0.520400 -0.939341 -0.521897
v -0.429824 -0.930585 -0.252691
v 0.183366 -0.939536 0.714404
v -0.191225 -0.939313 0.710690
v -0.000541 -0.939516 0.735783
v 0.635324 -0.939364 -0.376750
v -0.517571 -0.939852 -0.528292
v -0.363538 -0.938896 0.642250
v 0.471237 -0.930456 -0.134097
v -0.368899 -0.940040 -0.638944
v -0.351764 -0.930050 0.341051
v 0.737938 -0.939655 0.006298
v -0.198733 -0.939705 -0.712380
v -0.643950 -0.939167 0.361829
v 0.711059 -0.939995 0.189726
v 0.162165 -0.996771 0.586685
v -0.000524 -0.996222 0.609865
v -0.158631 -0.995842 0.589088
v -0.309641 -0.995587 0.524803
v 0.530067 -0.996428 -0.301458
v 0.388727 -0.970456 -0.110806
v -0.435084 -0.997201 -0.428852
v -0.305973 -0.997000 -0.529930
v -0.290429 -0.969765 0.281245
v 0.609244 -0.996963 -0.005677
v -0.153863 -0.996960 -0.591230
v -0.526137 -0.996032 0.308300
v 0.589408 -0.997008 0.157112
v -0.003414 -0.970319 -0.412733
v -0.590610 -0.996217 0.157066
v 0.528391 -0.997069 0.304408
v 0.152813 -0.996338 -0.591277
v -0.611386 -0.996557 -0.001026
v 0.427029 -0.997204 0.433719
v 0.304838 -0.995831 -0.530018
v -0.588448 -0.996945 -0.163244
v 0.198936 -0.970778 0.344498
v 0.431390 -0.995833 -0.432914
v -0.355713 -0.970593 -0.209279
v 0.160724 -1.011330 0.619863
v -0.166960 -1.010068 0.620048
v 0.552493 -1.011041 -0.326053
v -0.450792 -1.011761 -0.457962
v -0.000550 -1.010404 0.641921
v -0.317380 -1.010274 0.556844
v 0.409760 -0.981646 -0.116730
v -0.322038 -1.011112 -0.557762
v -0.306064 -0.981019 0.296488
v 0.640866 -1.011514 0.003617
v -0.171218 -1.011548 -0.619385
v -0.558641 -1.010711 0.315431
v 0.620392 -1.011112 0.165388
v -0.003557 -0.981579 -0.434644
v -0.621621 -1.010404 0.165354
v 0.556167 -1.011167 0.320427
v 0.169811 -1.010934 -0.619479
v -0.643497 -1.010709 -0.001045
v 0.456469 -1.011746 0.449075
v 0.320873 -1.010068 -0.557835
v -0.621368 -1.011494 -0.162640
v 0.209793 -0.981883 0.363306
v 0.454061 -1.010068 -0.455636
v -0.374628 -0.981838 -0.220366
v -0.235811 5.012234 -0.003311
v -0.195108 5.014650 -0.074849
v -0.140231 5.015598 -0.140231
v -0.074849 5.014650 -0.195108
v -0.003311 5.012233 -0.235811
v -0.192407 5.015124 0.066764
v -0.138326 5.020575 -0.004387
v -0.074255 5.022909 -0.074255
v -0.004387 5.020575 -0.138326
v 0.066764 5.015124 -0.192407
v -0.134127 5.016356 0.134127
v -0.069289 5.023344 0.069289
v 0.000000 5.026570 -0.000000
v 0.069289 5.023344 -0.069289
v 0.134127 5.016357 -0.134127
v -0.066764 5.015124 0.192407
v 0.004387 5.020575 0.138326
v 0.074255 5.022909 0.074255
v 0.138326 5.020575 0.004387
v 0.192407 5.015124 -0.066764
v 0.003311 5.012233 0.235811
v 0.074849 5.014650 0.195108
v 0.140231 5.015598 0.140231
v 0.195108 5.014650 0.074849
v 0.235811 5.012234 0.003311
vn -0.0000 0.0289 0.9996
vn -0.0000 0.0206 0.9998
vn -0.2588 0.0206 0.9657
vn -0.2587 0.0289 0.9655
vn -0.4999 0.0206 0.8658
vn -0.5282 0.0052 0.8491
vn -0.7070 0.0206 0.7070
vn -0.7070 -0.0174 0.7070
vn -0.8658 0.0206 0.4999
vn -0.8491 0.0052 0.5282
vn -0.9657 0.0206 0.2588
vn -0.9655 0.0289 0.2587
vn -0.9998 0.0206 -0.0000
vn -0.9996 0.0289 -0.0000
vn -0.9657 0.0206 -0.2588
vn -0.9573 0.0064 -0.2889
vn -0.8658 0.0206 -0.4999
vn -0.8659 -0.0153 -0.4999
vn -0.7070 0.0206 -0.7070
vn -0.7289 0.0064 -0.6846
vn -0.4999 0.0206 -0.8658
vn -0.4998 0.0289 -0.8657
vn -0.2588 0.0206 -0.9657
vn -0.2284 0.0064 -0.9735
vn -0.0000 0.0206 -0.9998
vn -0.0000 -0.0153 -0.9999
vn 0.2588 0.0206 -0.9657
vn 0.2284 0.0064 -0.9735
vn 0.4999 0.0206 -0.8658
vn 0.4998 0.0289 -0.8657
vn 0.7070 0.0206 -0.7070
vn 0.7068 0.0289 -0.7068
vn 0.8658 0.0206 -0.4999
vn 0.8820 0.0052 -0.4713
vn 0.9657 0.0206 -0.2588
vn 0.9658 -0.0174 -0.2588
vn 0.9998 0.0206 -0.0000
vn 0.9994 0.0052 -0.0328
vn 0.9657 0.0206 0.2588
vn 0.9655 0.0289 0.2587
vn 0.8658 0.0206 0.4999
vn 0.8657 0.0289 0.4998
vn 0.7070 0.0206 0.7070
vn 0.6827 0.0045 0.7306
vn 0.4999 0.0206 0.8658
vn 0.4999 -0.0188 0.8659
vn -0.4974 -0.1019 0.8615
vn -0.7034 -0.1019 0.7034
vn 0.2588 0.0206 0.9657
vn 0.2914 0.0045 0.9566
vn -0.9513 -0.1736 0.2549
vn -0.9849 -0.1731 -0.0000
vn -0.9771 -0.2130 -0.0000
vn -0.9436 -0.2139 0.2528
vn -0.2575 -0.1019 -0.9609
vn -0.4974 -0.1019 -0.8615
vn -0.4981 -0.0862 -0.8628
vn -0.2579 -0.0862 -0.9623
vn -0.9609 -0.1019 -0.2575
vn -0.8615 -0.1019 -0.4974
vn -0.0000 -0.1019 0.9948
vn -0.2575 -0.1019 0.9609
vn -0.0000 -0.1019 -0.9948
vn 0.2575 -0.1019 -0.9609
vn 0.9609 -0.1019 -0.2575
vn 0.9948 -0.1019 -0.0000
vn 0.4974 -0.1019 0.8615
vn 0.2575 -0.1019 0.9609
vn -0.9609 -0.1019 0.2575
vn -0.9948 -0.1019 -0.0000
vn 0.7034 -0.1019 -0.7034
vn 0.8615 -0.1019 -0.4974
vn 0.8615 -0.1019 0.4974
vn 0.7034 -0.1019 0.7034
vn -0.8615 -0.1019 0.4974
vn -0.7034 -0.1019 -0.7034
vn 0.4974 -0.1019 -0.8615
vn 0.9609 -0.1019 0.2575
vn 0.7045 -0.0862 -0.7045
vn 0.4981 -0.0862 -0.8628
vn 0.4999 -0.0227 -0.8658
vn 0.7069 -0.0227 -0.7069
vn -0.7045 -0.0862 0.7045
vn -0.8628 -0.0862 0.4981
vn 0.9963 -0.0862 -0.0000
vn 0.9623 -0.0862 0.2579
vn -0.0000 -0.0862 -0.9963
vn -0.9623 -0.0862 0.2579
vn 0.8628 -0.0862 0.4981
vn 0.2579 -0.0862 -0.9623
vn -0.9963 -0.0862 -0.0000
vn 0.7045 -0.0862 0.7045
vn -0.9623 -0.0862 -0.2579
vn 0.4981 -0.0862 0.8628
vn -0.8628 -0.0862 -0.4981
vn 0.2579 -0.0862 0.9623
vn -0.0000 -0.0862 0.9963
vn -0.2579 -0.0862 0.9623
vn 0.8628 -0.0862 -0.4981
vn -0.7045 -0.0862 -0.7045
vn -0.4981 -0.0862 0.8628
vn 0.9623 -0.0862 -0.2579
vn -0.8658 -0.0227 0.4999
vn -0.7069 -0.0227 0.7069
vn -0.6305 0.4526 0.6305
vn -0.7722 0.4526 0.4459
vn -0.9657 -0.0227 -0.2588
vn -0.8658 -0.0227 -0.4999
vn 0.4999 -0.0227 0.8658
vn 0.2588 -0.0227 0.9657
vn -0.0000 -0.0227 0.9997
vn -0.2588 -0.0227 0.9657
vn 0.8658 -0.0227 -0.4999
vn -0.7069 -0.0227 -0.7069
vn -0.4999 -0.0227 0.8658
vn 0.9657 -0.0227 -0.2588
vn -0.4999 -0.0227 -0.8658
vn 0.9997 -0.0227 -0.0000
vn -0.2588 -0.0227 -0.9657
vn 0.9657 -0.0227 0.2588
vn -0.0000 -0.0227 -0.9997
vn -0.9657 -0.0227 0.2588
vn 0.8658 -0.0227 0.4999
vn 0.2588 -0.0227 -0.9657
vn -0.9997 -0.0227 -0.0000
vn 0.7069 -0.0227 0.7069
vn -0.7722 0.4526 -0.4459
vn -0.8613 0.4526 -0.2308
vn -0.8486 0.4777 -0.2274
vn -0.7608 0.4777 -0.4393
vn 0.8917 0.4526 -0.0000
vn 0.8613 0.4526 0.2308
vn -0.2308 0.4526 -0.8613
vn -0.0000 0.4526 -0.8917
vn -0.8613 0.4526 0.2308
vn 0.7722 0.4526 0.4459
vn 0.2308 0.4526 -0.8613
vn -0.8917 0.4526 -0.0000
vn 0.6305 0.4526 0.6305
vn 0.4459 0.4526 -0.7722
vn 0.4459 0.4526 0.7722
vn 0.6305 0.4526 -0.6305
vn 0.2308 0.4526 0.8613
vn -0.0000 0.4526 0.8917
vn -0.2308 0.4526 0.8613
vn 0.7722 0.4526 -0.4459
vn -0.6305 0.4526 -0.6305
vn -0.4459 0.4526 0.7722
vn 0.8613 0.4526 -0.2308
vn -0.4459 0.4526 -0.7722
vn 0.4393 0.4777 0.7608
vn 0.2274 0.4777 0.8486
vn -0.0000 0.4777 0.8785
vn -0.2274 0.4777 0.8486
vn 0.6212 0.4777 -0.6212
vn 0.7608 0.4777 -0.4393
vn -0.6212 0.4777 -0.6212
vn -0.4393 0.4777 0.7608
vn 0.8486 0.4777 -0.2274
vn -0.4393 0.4777 -0.7608
vn -0.6212 0.4777 0.6212
vn 0.8785 0.4777 -0.0000
vn -0.2274 0.4777 -0.8486
vn -0.7608 0.4777 0.4393
vn 0.8486 0.4777 0.2274
vn -0.0000 0.4777 -0.8785
vn -0.8486 0.4777 0.2274
vn 0.7608 0.4777 0.4393
vn 0.2274 0.4777 -0.8486
vn -0.8785 0.4777 -0.0000
vn 0.6212 0.4777 0.6212
vn 0.4393 0.4777 -0.7608
vn -0.4845 -0.2474 0.8391
vn -0.2508 -0.2474 0.9359
vn -0.2446 -0.3273 0.9127
vn -0.4725 -0.3273 0.8183
vn -0.9449 -0.3273 -0.0000
vn -0.9127 -0.3273 0.2446
vn -0.9659 -0.0016 0.2588
vn -1.0000 -0.0016 -0.0000
vn 0.9359 -0.2474 -0.2508
vn 0.8391 -0.2474 -0.4845
vn 0.8183 -0.3273 -0.4725
vn 0.9127 -0.3273 -0.2446
vn -0.4845 -0.2474 -0.8391
vn -0.6851 -0.2474 -0.6851
vn -0.6682 -0.3273 -0.6681
vn -0.4725 -0.3273 -0.8183
vn -0.6851 -0.2474 0.6851
vn -0.6682 -0.3273 0.6682
vn 0.9689 -0.2474 -0.0000
vn 0.9449 -0.3273 -0.0000
vn -0.2508 -0.2474 -0.9359
vn -0.2446 -0.3273 -0.9127
vn -0.8391 -0.2474 0.4845
vn -0.8183 -0.3273 0.4725
vn 0.9359 -0.2474 0.2508
vn 0.9127 -0.3273 0.2446
vn -0.0000 -0.2474 -0.9689
vn -0.0000 -0.3273 -0.9449
vn -0.9359 -0.2474 0.2508
vn 0.8391 -0.2474 0.4845
vn 0.8183 -0.3273 0.4725
vn 0.2508 -0.2474 -0.9359
vn 0.2446 -0.3273 -0.9127
vn -0.9689 -0.2474 -0.0000
vn 0.6851 -0.2474 0.6851
vn 0.6682 -0.3273 0.6681
vn 0.4845 -0.2474 -0.8391
vn 0.4725 -0.3273 -0.8183
vn -0.9359 -0.2474 -0.2508
vn -0.9127 -0.3273 -0.2446
vn 0.4845 -0.2474 0.8391
vn 0.4725 -0.3273 0.8183
vn 0.6851 -0.2474 -0.6851
vn 0.6682 -0.3273 -0.6682
vn -0.8391 -0.2474 -0.4845
vn -0.8183 -0.3273 -0.4725
vn 0.2508 -0.2474 0.9359
vn 0.2446 -0.3273 0.9127
vn -0.0000 -0.2474 0.9689
vn -0.0000 -0.3273 0.9449
vn 0.9659 -0.0016 -0.2588
vn 0.8660 -0.0016 -0.5000
vn 0.8427 0.2305 -0.4865
vn 0.9399 0.2305 -0.2519
vn 0.8660 -0.0016 0.5000
vn 0.7071 -0.0016 0.7071
vn 0.2588 -0.0016 -0.9659
vn 0.5000 -0.0016 -0.8660
vn -0.9659 -0.0016 -0.2588
vn 0.5000 -0.0016 0.8660
vn 0.7071 -0.0016 -0.7071
vn -0.8660 -0.0016 -0.5000
vn 0.2588 -0.0016 0.9659
vn -0.0000 -0.0016 1.0000
vn -0.2588 -0.0016 0.9659
vn -0.7071 -0.0016 -0.7071
vn -0.5000 -0.0016 0.8660
vn -0.5000 -0.0016 -0.8660
vn -0.7071 -0.0016 0.7071
vn 1.0000 -0.0016 -0.0000
vn -0.2588 -0.0016 -0.9659
vn -0.8660 -0.0016 0.5000
vn 0.9659 -0.0016 0.2588
vn -0.0000 -0.0016 -1.0000
vn -0.9731 0.2305 -0.0000
vn -0.9399 0.2305 0.2519
vn -0.9127 0.3273 0.2446
vn -0.9449 0.3273 -0.0000
vn -0.6881 0.2305 -0.6881
vn -0.4865 0.2305 -0.8427
vn -0.4865 0.2305 0.8427
vn -0.6881 0.2305 0.6881
vn 0.9731 0.2305 -0.0000
vn -0.2519 0.2305 -0.9399
vn -0.8427 0.2305 0.4865
vn 0.9399 0.2305 0.2519
vn -0.0000 0.2305 -0.9731
vn 0.8427 0.2305 0.4865
vn 0.2519 0.2305 -0.9399
vn 0.6881 0.2305 0.6881
vn 0.4865 0.2305 -0.8427
vn -0.9399 0.2305 -0.2519
vn 0.4865 0.2305 0.8427
vn 0.6881 0.2305 -0.6881
vn -0.8427 0.2305 -0.4865
vn 0.2519 0.2305 0.9399
vn -0.0000 0.2305 0.9731
vn -0.2519 0.2305 0.9399
vn -0.4725 0.3273 -0.8183
vn -0.6682 0.3273 -0.6682
vn -0.6443 0.4120 -0.6443
vn -0.4556 0.4120 -0.7891
vn 0.8183 0.3273 0.4725
vn 0.6682 0.3273 0.6682
vn 0.2446 0.3273 -0.9127
vn 0.4725 0.3273 -0.8183
vn -0.9127 0.3273 -0.2446
vn 0.4725 0.3273 0.8183
vn 0.6682 0.3273 -0.6682
vn -0.8183 0.3273 -0.4725
vn 0.2446 0.3273 0.9127
vn -0.0000 0.3273 0.9449
vn -0.2446 0.3273 0.9127
vn 0.8183 0.3273 -0.4725
vn -0.4725 0.3273 0.8183
vn 0.9127 0.3273 -0.2446
vn -0.6682 0.3273 0.6682
vn 0.9449 0.3273 -0.0000
vn -0.2446 0.3273 -0.9127
vn -0.8183 0.3273 0.4725
vn 0.9127 0.3273 0.2446
vn -0.0000 0.3273 -0.9449
vn 0.6443 0.4120 0.6443
vn 0.7891 0.4120 0.4556
vn 0.7053 -0.5803 0.4072
vn 0.5759 -0.5803 0.5759
vn -0.4556 0.4120 0.7891
vn -0.6443 0.4120 0.6443
vn 0.8801 0.4120 -0.2358
vn 0.9112 0.4120 -0.0000
vn -0.2358 0.4120 -0.8801
vn -0.7891 0.4120 0.4556
vn 0.8801 0.4120 0.2358
vn -0.0000 0.4120 -0.9112
vn -0.8801 0.4120 0.2358
vn 0.2358 0.4120 -0.8801
vn -0.9112 0.4120 -0.0000
vn 0.4556 0.4120 -0.7891
vn -0.8801 0.4120 -0.2358
vn 0.4556 0.4120 0.7891
vn 0.6443 0.4120 -0.6443
vn -0.7891 0.4120 -0.4556
vn 0.2358 0.4120 0.8801
vn -0.0000 0.4120 0.9112
vn -0.2358 0.4120 0.8801
vn 0.7891 0.4120 -0.4556
vn -0.4072 -0.5803 -0.7053
vn -0.5759 -0.5803 -0.5759
vn 0.0232 -0.9995 0.0232
vn 0.0164 -0.9995 0.0285
vn 0.2108 -0.5803 -0.7867
vn 0.4072 -0.5803 -0.7053
vn -0.8144 -0.5803 -0.0000
vn -0.7867 -0.5803 -0.2108
vn 0.4072 -0.5803 0.7053
vn 0.5759 -0.5803 -0.5759
vn -0.7053 -0.5803 -0.4072
vn 0.2108 -0.5803 0.7867
vn -0.0000 -0.5803 0.8144
vn -0.2108 -0.5803 0.7867
vn 0.7053 -0.5803 -0.4072
vn -0.4072 -0.5803 0.7053
vn 0.7867 -0.5803 -0.2108
vn -0.5759 -0.5803 0.5759
vn 0.8144 -0.5803 -0.0000
vn -0.2108 -0.5803 -0.7867
vn -0.7053 -0.5803 0.4072
vn 0.7867 -0.5803 0.2108
vn -0.0000 -0.5803 -0.8144
vn -0.7867 -0.5803 0.2108
vn 0.5000 -0.0000 -0.8660
vn 0.2588 -0.0000 -0.9659
vn 0.0164 -0.9995 -0.0285
vn 0.0232 -0.9995 -0.0232
vn -0.0317 -0.9995 0.0085
vn -0.0329 -0.9995 -0.0000
vn 0.0085 -0.9995 0.0317
vn 0.0285 -0.9995 -0.0164
vn -0.0317 -0.9995 -0.0085
vn -0.0000 -0.9995 0.0329
vn 0.0317 -0.9995 -0.0085
vn -0.0285 -0.9995 -0.0164
vn -0.0085 -0.9995 0.0317
vn 0.0329 -0.9995 -0.0000
vn -0.0232 -0.9995 -0.0232
vn -0.0164 -0.9995 0.0285
vn 0.0317 -0.9995 0.0085
vn -0.0164 -0.9995 -0.0285
vn -0.0232 -0.9995 0.0232
vn 0.0285 -0.9995 0.0164
vn -0.0085 -0.9995 -0.0317
vn -0.0000 -0.9995 -0.0329
vn 0.0085 -0.9995 -0.0317
vn -0.0285 -0.9995 0.0164
vn -0.0336 0.9989 0.0336
vn -0.0238 0.9989 0.0412
vn -0.3470 0.7200 0.6010
vn -0.4907 0.7200 0.4907
vn -0.9659 -0.0000 -0.2588
vn -1.0000 -0.0000 -0.0000
vn 0.5000 -0.0000 0.8660
vn 0.7071 -0.0000 0.7071
vn 0.7071 -0.0000 -0.7071
vn -0.8660 -0.0000 -0.5000
vn 0.2588 -0.0000 0.9659
vn -0.2588 -0.0000 0.9659
vn -0.0000 -0.0000 1.0000
vn 0.8660 -0.0000 -0.5000
vn -0.7071 -0.0000 -0.7071
vn -0.5000 -0.0000 0.8660
vn 0.9659 -0.0000 -0.2588
vn -0.5000 -0.0000 -0.8660
vn -0.7071 -0.0000 0.7071
vn 1.0000 -0.0000 -0.0000
vn -0.2588 -0.0000 -0.9659
vn -0.8660 -0.0000 0.5000
vn 0.9659 -0.0000 0.2588
vn -0.0000 -0.0000 -1.0000
vn -0.9659 -0.0000 0.2588
vn 0.8660 -0.0000 0.5000
vn 0.3470 0.7200 -0.6010
vn 0.1796 0.7200 -0.6703
vn 0.0475 0.9989 -0.0000
vn 0.0459 0.9989 -0.0123
vn 0.6703 0.7200 -0.1796
vn 0.6940 0.7200 -0.0000
vn -0.0123 0.9989 -0.0459
vn -0.0238 0.9989 -0.0412
vn -0.3470 0.7200 -0.6010
vn -0.1796 0.7200 -0.6703
vn -0.0412 0.9989 0.0238
vn -0.6010 0.7200 0.3470
vn 0.0459 0.9989 0.0123
vn 0.6703 0.7200 0.1796
vn -0.0000 0.9989 -0.0475
vn -0.0000 0.7200 -0.6940
vn -0.0459 0.9989 0.0123
vn -0.6703 0.7200 0.1796
vn 0.0412 0.9989 0.0238
vn 0.6010 0.7200 0.3470
vn 0.0123 0.9989 -0.0459
vn -0.0475 0.9989 -0.0000
vn -0.6940 0.7200 -0.0000
vn 0.0336 0.9989 0.0336
vn 0.4907 0.7200 0.4907
vn 0.0238 0.9989 -0.0412
vn -0.0459 0.9989 -0.0123
vn -0.6703 0.7200 -0.1796
vn 0.0238 0.9989 0.0412
vn 0.3470 0.7200 0.6010
vn 0.0336 0.9989 -0.0336
vn 0.4907 0.7200 -0.4907
vn -0.0412 0.9989 -0.0238
vn -0.6010 0.7200 -0.3470
vn 0.0123 0.9989 0.0459
vn 0.1796 0.7200 0.6703
vn -0.0123 0.9989 0.0459
vn -0.0000 0.9989 0.0475
vn -0.0000 0.7200 0.6940
vn -0.1796 0.7200 0.6703
vn 0.0412 0.9989 -0.0238
vn 0.6010 0.7200 -0.3470
vn -0.0336 0.9989 -0.0336
vn -0.4907 0.7200 -0.4907
vn -0.0889 0.9960 -0.0000
vn -0.0860 0.9961 0.0196
vn -0.0867 0.9962 -0.0007
vn -0.0854 0.9961 -0.0203
vn 0.3827 -0.1755 0.9070
vn 0.0001 -0.1248 0.9922
vn 0.4876 -0.2219 0.8444
vn 0.5942 -0.1756 0.7849
vn 0.8592 -0.1249 0.4961
vn 0.9584 -0.1249 0.2568
vn 0.9762 -0.1737 -0.1299
vn 0.9430 -0.2187 -0.2508
vn 0.9112 -0.1741 -0.3733
vn 0.7016 -0.1245 -0.7016
vn 0.4961 -0.1245 -0.8593
vn 0.1321 -0.1715 -0.9763
vn 0.0008 -0.2143 -0.9768
vn -0.1311 -0.1718 -0.9764
vn -0.4961 -0.1246 -0.8593
vn -0.7800 -0.1719 -0.6017
vn -0.8463 -0.2144 -0.4877
vn -0.9116 -0.1716 -0.3737
vn -0.9922 -0.1246 -0.0000
vn -0.9584 -0.1246 0.2568
vn -0.7789 -0.1741 0.6024
vn -0.6888 -0.2186 0.6912
vn -0.6007 -0.1735 0.7805
vn -0.2567 -0.1247 0.9584
vn 0.0002 -0.1755 0.9845
vn -0.2546 -0.1752 0.9510
vn -0.6914 -0.2301 0.6849
vn -0.6740 -0.2735 0.6862
vn -0.6779 -0.2318 0.6977
vn -0.8451 -0.2267 -0.4842
vn -0.8367 -0.2673 -0.4781
vn -0.8440 -0.2276 -0.4856
vn -0.4926 -0.1722 -0.8531
vn 0.0014 -0.2276 -0.9738
vn 0.0043 -0.2673 -0.9636
vn 0.0032 -0.2268 -0.9739
vn 0.4925 -0.1731 -0.8529
vn 0.6965 -0.1736 -0.6963
vn 0.9432 -0.2318 -0.2381
vn 0.9314 -0.2734 -0.2405
vn 0.9388 -0.2300 -0.2563
vn 0.9510 -0.1752 0.2549
vn 0.8526 -0.1755 0.4923
vn 0.4716 -0.2338 0.8502
vn 0.4802 -0.2785 0.8318
vn 0.5006 -0.2339 0.8335
vn 0.0097 -0.5854 -0.8107
vn -0.1488 -0.5166 -0.8432
vn -0.2244 -0.8029 -0.5523
vn 0.0115 -0.8604 -0.5095
vn 0.0994 -0.2733 -0.9568
vn -0.4887 -0.2113 -0.8465
vn 0.9513 -0.2761 -0.1373
vn 0.6907 -0.2140 -0.6907
vn 0.3775 -0.2781 0.8833
vn 0.8455 -0.2165 0.4881
vn -0.5945 -0.2762 0.7551
vn -0.6464 -0.3579 0.6738
vn -0.8783 -0.2731 -0.3924
vn -0.8150 -0.3535 -0.4592
vn 0.4884 -0.2133 -0.8461
vn -0.0922 -0.2742 -0.9572
vn 0.9431 -0.2161 0.2527
vn 0.8974 -0.2768 -0.3436
vn -0.0000 -0.2170 0.9762
vn 0.5761 -0.2785 0.7685
vn -0.7461 -0.2775 0.6053
vn -0.2527 -0.2168 0.9430
vn -0.7830 -0.2739 -0.5585
vn 0.0099 -0.3538 -0.9353
vn 0.9070 -0.3573 -0.2231
vn 0.4664 -0.3602 0.8079
vn -0.3574 -0.8706 -0.3382
vn -0.0023 -0.8804 -0.4742
vn -0.0045 -0.8364 -0.5481
vn -0.4715 -0.7939 -0.3838
vn -0.8342 -0.5040 0.2239
vn -0.8641 -0.5033 0.0003
vn -0.5116 -0.8592 0.0010
vn -0.4931 -0.8597 0.1333
vn 0.7477 -0.5047 0.4316
vn 0.2751 -0.5136 0.8127
vn 0.0662 -0.7970 0.6004
vn 0.4436 -0.8589 0.2561
vn 0.4320 -0.5038 -0.7480
vn 0.2557 -0.8599 -0.4418
vn -0.6560 -0.5161 -0.5507
vn -0.3668 -0.8021 -0.4712
vn 0.4058 -0.5834 0.7035
vn 0.2550 -0.8591 0.4437
vn 0.6104 -0.5042 -0.6109
vn 0.3604 -0.8599 -0.3614
vn -0.7070 -0.5850 -0.3973
vn -0.4476 -0.8596 -0.2462
vn 0.5659 -0.5142 0.6445
vn 0.4857 -0.7979 0.3571
vn -0.0005 -0.5054 0.8629
vn -0.2238 -0.5056 0.8332
vn -0.1331 -0.8603 0.4921
vn -0.0012 -0.8598 0.5106
vn 0.8565 -0.5131 -0.0553
vn 0.5960 -0.7976 0.0931
vn -0.8088 -0.5137 -0.2863
vn -0.5961 -0.7994 -0.0748
vn -0.7044 -0.5174 0.4860
vn -0.5519 -0.8022 0.2278
vn 0.7880 -0.5846 -0.1930
vn 0.4976 -0.8599 -0.1143
vn -0.4322 -0.5023 -0.7489
vn -0.2559 -0.8587 -0.4440
vn -0.5602 -0.5856 0.5859
vn -0.3440 -0.8616 0.3732
vn 0.7736 -0.5163 -0.3673
vn 0.4750 -0.8008 -0.3647
vn 0.1566 -0.5138 -0.8435
vn 0.2336 -0.7994 -0.5535
vn -0.4758 -0.5130 0.7145
vn -0.2166 -0.7973 0.5634
vn 0.8340 -0.5045 0.2232
vn 0.4948 -0.8589 0.1321
vn 0.1207 -0.8797 -0.4600
vn 0.4218 -0.8723 -0.2475
vn 0.5400 -0.7986 -0.2658
vn 0.1376 -0.8354 -0.5322
vn -0.4929 -0.8700 -0.0139
vn -0.5949 -0.7926 0.1339
vn -0.6162 -0.7765 0.1314
vn -0.6067 -0.7923 -0.0649
vn 0.4657 -0.8755 0.1290
vn 0.2359 -0.8824 0.4070
vn 0.2729 -0.8396 0.4697
vn 0.5868 -0.8020 0.1120
vn 0.4191 -0.7894 -0.4485
vn 0.4275 -0.7751 -0.4653
vn -0.4216 -0.8751 0.2375
vn -0.4963 -0.8025 0.3311
vn -0.1207 -0.8753 0.4684
vn -0.1954 -0.8018 0.5647
vn 0.2362 -0.8701 -0.4326
vn 0.2500 -0.7934 -0.5549
vn -0.4549 -0.8820 -0.1227
vn -0.5256 -0.8387 -0.1424
vn -0.0087 -0.7969 0.6041
vn -0.0109 -0.7826 0.6224
vn 0.4582 -0.8807 -0.1204
vn 0.5297 -0.8370 -0.1373
vn -0.4079 -0.8821 -0.2355
vn -0.4715 -0.8388 -0.2722
vn 0.1162 -0.8746 0.4708
vn 0.1891 -0.8012 0.5677
vn 0.4723 -0.8814 0.0020
vn 0.5455 -0.8381 0.0038
vn -0.1155 -0.8721 -0.4755
vn -0.0987 -0.7968 -0.5962
vn -0.2362 -0.8802 0.4116
vn -0.2719 -0.8365 0.4757
vn 0.3486 -0.8760 0.3332
vn 0.3960 -0.8036 0.4443
vn -0.3077 -0.7906 -0.5295
vn -0.3190 -0.7737 -0.5474
vn -0.3365 -0.8802 0.3348
vn -0.3893 -0.8364 0.3859
vn 0.5265 -0.7984 0.2922
vn 0.5446 -0.7835 0.2992
vn 0.2543 -0.8305 0.4955
vn -0.0199 -0.8175 0.5756
vn 0.4764 -0.8792 0.0043
vn 0.4592 -0.8806 -0.1170
vn -0.0135 -0.8174 -0.5759
vn -0.4197 -0.8749 -0.2418
vn -0.2292 -0.8826 0.4105
vn 0.3087 -0.8291 0.4662
vn -0.2993 -0.8020 -0.5169
vn -0.3358 -0.8815 0.3321
vn 0.5154 -0.8121 0.2736
vn -0.4947 -0.8177 -0.2943
vn 0.1156 -0.8812 -0.4585
vn -0.0046 -0.8794 -0.4762
vn -0.5585 -0.8157 -0.1509
vn 0.5657 -0.8242 0.0239
vn 0.5289 -0.8315 -0.1697
vn -0.5812 -0.8062 0.1110
vn 0.2383 -0.8785 0.4140
vn 0.3831 -0.8122 -0.4400
vn -0.4212 -0.8269 0.3727
vn -0.2621 -0.8258 0.4994
vn 0.1505 -0.8202 -0.5520
vn -0.4665 -0.8754 -0.1271
vn 0.4444 -0.8954 0.0258
vn 0.0398 -0.9785 -0.2023
vn -0.5106 -0.8566 0.0744
vn -0.4056 -0.8674 -0.2882
vn 0.0976 -0.9813 0.1660
vn 0.4259 -0.8896 -0.1652
vn 0.3296 -0.8559 -0.3986
vn -0.2022 -0.8950 0.3976
vn -0.3505 -0.8891 0.2943
vn -0.0510 -0.8796 -0.4729
vn -0.1933 -0.9792 -0.0607
vn -0.0223 -0.8767 0.4805
vn 0.1936 -0.9804 -0.0375
vn -0.1724 -0.9798 -0.1017
vn 0.3502 -0.8846 0.3080
vn 0.1908 -0.9816 0.0097
vn 0.1680 -0.8829 -0.4384
vn -0.0856 -0.9762 0.1993
vn 0.0747 -0.8968 0.4360
vn -0.2555 -0.8614 -0.4389
vn -0.1552 -0.9760 0.1525
vn 0.4070 -0.8910 0.2013
vn -0.4668 -0.8813 -0.0739
vn -0.0023 -0.9793 -0.2024
vn -0.1670 -0.9846 0.0524
vn -0.1391 -0.9847 0.1053
vn 0.2617 -0.9623 -0.0741
vn 0.1602 -0.9842 0.0749
vn 0.1334 -0.9865 -0.0951
vn 0.3252 -0.9455 -0.0188
vn -0.1876 -0.9601 0.2072
vn -0.0608 -0.9976 -0.0328
vn 0.0961 -0.9879 -0.1219
vn 0.0358 -0.9989 0.0287
vn -0.2293 -0.9543 0.1916
vn -0.0951 -0.9868 0.1312
vn -0.0323 -0.9865 0.1607
vn -0.0571 -0.9446 -0.3231
vn 0.0886 -0.9591 -0.2687
vn 0.1072 -0.9743 0.1979
vn -0.0703 -0.9954 -0.0647
vn -0.0494 -0.9847 -0.1673
vn 0.0890 -0.9960 0.0030
vn 0.1346 -0.9762 0.1700
vn -0.2087 -0.9753 -0.0722
vn -0.1879 -0.9775 -0.0962
vn 0.1785 -0.9839 0.0087
vn 0.0846 -0.9946 0.0594
vn 0.2032 -0.9642 -0.1706
vn 0.2162 -0.9435 -0.2512
vn 0.0099 -0.9879 -0.1545
vn -0.0496 -0.9933 -0.1041
vn -0.2342 -0.9072 0.3493
vn -0.2595 -0.9083 0.3280
vn 0.1909 -0.9764 -0.1011
vn 0.0676 -0.9798 -0.1882
vn -0.1708 -0.9513 0.2565
vn 0.1713 -0.9849 -0.0256
vn 0.1330 -0.9685 -0.2104
vn -0.1577 -0.9721 0.1735
vn 0.1384 -0.9894 0.0449
vn 0.2236 -0.9446 -0.2402
vn -0.1472 -0.9839 0.1013
vn 0.0927 -0.9901 0.1056
vn 0.3019 -0.8980 -0.3201
vn -0.1290 -0.9913 0.0275
vn 0.0362 -0.9874 0.1542
vn 0.2746 -0.8985 -0.3424
vn -0.0968 -0.9944 -0.0419
vn -0.0210 -0.9819 0.1882
vn -0.1755 -0.9535 0.2451
vn -0.0860 -0.9733 0.2128
vn 0.2352 -0.9633 0.1293
vn -0.2008 -0.9695 0.1407
vn -0.0241 -0.9995 0.0228
vn 0.1603 -0.9672 0.1970
vn -0.0018 -0.9995 -0.0324
vn 0.0069 -0.9994 -0.0330
vn -0.1418 -0.9598 -0.2423
vn 0.2496 -0.9681 -0.0237
vn 0.0189 -0.9721 -0.2336
vn -0.0157 -0.9995 0.0291
vn -0.1461 -0.9675 0.2066
vn 0.0312 -0.9995 0.0016
vn -0.2106 -0.9726 -0.0985
vn -0.0259 -0.9996 -0.0149
vn 0.0317 -0.9995 -0.0066
vn -0.0042 -0.9630 0.2696
vn -0.0288 -0.9995 -0.0083
vn 0.0917 -0.9669 0.2381
vn 0.2226 -0.9694 -0.1032
vn 0.0427 -0.9712 -0.2346
vn 0.1890 -0.9600 -0.2064
vn 0.0155 -0.9996 0.0256
vn -0.2711 -0.9609 0.0561
vn -0.2205 -0.9720 -0.0817
vn -0.0758 0.9963 0.0403
vn -0.0774 0.9967 0.0260
vn -0.0598 0.9964 0.0598
vn -0.0550 0.9970 0.0550
vn -0.0403 0.9963 0.0758
vn -0.0260 0.9967 0.0774
vn -0.0196 0.9961 0.0860
vn 0.0007 0.9962 0.0867
vn -0.0000 0.9960 0.0889
vn 0.0203 0.9961 0.0854
vn -0.0774 0.9966 -0.0282
vn -0.0756 0.9963 -0.0411
vn -0.0663 0.9978 -0.0017
vn -0.0356 0.9987 0.0356
vn 0.0017 0.9978 0.0663
vn 0.0282 0.9966 0.0774
vn 0.0411 0.9963 0.0756
vn -0.0562 0.9968 -0.0562
vn -0.0602 0.9964 -0.0602
vn -0.0374 0.9986 -0.0374
vn -0.0000 1.0000 -0.0000
vn 0.0374 0.9986 0.0374
vn 0.0562 0.9968 0.0562
vn 0.0602 0.9964 0.0602
vn -0.0282 0.9966 -0.0774
vn -0.0411 0.9963 -0.0756
vn -0.0017 0.9978 -0.0663
vn 0.0356 0.9987 -0.0356
vn 0.0663 0.9978 0.0017
vn 0.0774 0.9966 0.0282
vn 0.0756 0.9963 0.0411
vn -0.0007 0.9962 -0.0867
vn -0.0203 0.9961 -0.0854
vn 0.0260 0.9967 -0.0774
vn 0.0550 0.9970 -0.0550
vn 0.0774 0.9967 -0.0260
vn 0.0867 0.9962 0.0007
vn 0.0854 0.9961 0.0203
vn 0.0196 0.9961 -0.0860
vn -0.0000 0.9960 -0.0889
vn 0.0403 0.9963 -0.0758
vn 0.0598 0.9964 -0.0599
vn 0.0758 0.9963 -0.0403
vn 0.0860 0.9961 -0.0196
vn 0.0889 0.9960 -0.0000
vn 0.0005 -0.0290 -0.9996
vn 0.2583 -0.0290 -0.9656
vn 0.2587 -0.0208 -0.9657
vn 0.0001 -0.0208 -0.9998
vn 0.5284 -0.0051 -0.8490
vn 0.4998 -0.0208 -0.8659
vn 0.7070 0.0178 -0.7070
vn 0.7070 -0.0208 -0.7070
vn 0.8490 -0.0051 -0.5284
vn 0.8659 -0.0208 -0.4998
vn 0.9656 -0.0290 -0.2583
vn 0.9657 -0.0208 -0.2587
vn 0.9996 -0.0290 -0.0004
vn 0.9998 -0.0208 -0.0001
vn 0.9573 -0.0062 0.2892
vn 0.9657 -0.0208 0.2587
vn 0.8659 0.0156 0.4999
vn 0.8658 -0.0208 0.4999
vn 0.7290 -0.0062 0.6844
vn 0.7069 -0.0208 0.7070
vn 0.4998 -0.0291 0.8657
vn 0.4999 -0.0208 0.8658
vn 0.2282 -0.0062 0.9736
vn 0.2589 -0.0208 0.9657
vn -0.0000 0.0156 0.9999
vn -0.0000 -0.0208 0.9998
vn -0.2282 -0.0062 0.9736
vn -0.2589 -0.0208 0.9657
vn -0.5001 -0.0290 0.8655
vn -0.5000 -0.0208 0.8658
vn -0.7065 -0.0290 0.7071
vn -0.7069 -0.0208 0.7070
vn -0.8821 -0.0051 0.4711
vn -0.8658 -0.0208 0.5000
vn -0.9658 0.0178 0.2588
vn -0.9657 -0.0208 0.2588
vn -0.9994 -0.0051 0.0331
vn -0.9998 -0.0208 -0.0001
vn -0.9654 -0.0290 -0.2591
vn -0.9657 -0.0208 -0.2588
vn -0.8659 -0.0290 -0.4994
vn -0.8659 -0.0208 -0.4998
vn -0.6826 -0.0043 -0.7308
vn -0.7070 -0.0208 -0.7069
vn -0.4999 0.0192 -0.8659
vn -0.4999 -0.0208 -0.8658
vn 0.7034 0.1018 -0.7034
vn 0.4974 0.1018 -0.8615
vn -0.2916 -0.0043 -0.9565
vn -0.2587 -0.0208 -0.9657
vn 0.9523 0.1724 -0.2516
vn 0.9456 0.2109 -0.2476
vn 0.9777 0.2101 -0.0050
vn 0.9851 0.1721 -0.0031
vn 0.2575 0.1018 0.9609
vn 0.2579 0.0862 0.9623
vn 0.4981 0.0862 0.8628
vn 0.4974 0.1018 0.8615
vn 0.8615 0.1018 0.4974
vn 0.9609 0.1018 0.2575
vn 0.2575 0.1018 -0.9609
vn -0.0000 0.1018 -0.9948
vn -0.2575 0.1018 0.9609
vn -0.0000 0.1018 0.9948
vn -0.9948 0.1018 -0.0000
vn -0.9609 0.1018 0.2575
vn -0.2575 0.1018 -0.9609
vn -0.4974 0.1018 -0.8615
vn 0.9948 0.1018 -0.0000
vn 0.9609 0.1018 -0.2575
vn -0.8615 0.1018 0.4974
vn -0.7034 0.1018 0.7034
vn -0.7034 0.1018 -0.7034
vn -0.8615 0.1018 -0.4974
vn 0.8615 0.1018 -0.4974
vn 0.7034 0.1018 0.7034
vn -0.4974 0.1018 0.8615
vn -0.9609 0.1018 -0.2575
vn -0.7045 0.0862 0.7045
vn -0.7066 0.0387 0.7066
vn -0.4996 0.0387 0.8654
vn -0.4981 0.0862 0.8628
vn 0.8628 0.0862 -0.4981
vn 0.7045 0.0862 -0.7045
vn -0.9623 0.0862 -0.2579
vn -0.9963 0.0862 -0.0000
vn -0.0000 0.0862 0.9963
vn 0.9623 0.0862 -0.2579
vn -0.8628 0.0862 -0.4981
vn -0.2579 0.0862 0.9623
vn 0.9963 0.0862 -0.0000
vn -0.7045 0.0862 -0.7045
vn 0.9623 0.0862 0.2579
vn -0.4981 0.0862 -0.8628
vn 0.8628 0.0862 0.4981
vn -0.2579 0.0862 -0.9623
vn 0.2579 0.0862 -0.9623
vn -0.0000 0.0862 -0.9963
vn -0.8628 0.0862 0.4981
vn 0.7045 0.0862 0.7045
vn 0.4981 0.0862 -0.8628
vn -0.9623 0.0862 0.2579
vn 0.8654 0.0387 -0.4996
vn 0.7766 -0.4427 -0.4483
vn 0.6341 -0.4427 -0.6341
vn 0.7066 0.0387 -0.7066
vn 0.8654 0.0387 0.4996
vn 0.9652 0.0387 0.2586
vn -0.2586 0.0387 -0.9652
vn -0.4996 0.0387 -0.8654
vn 0.2586 0.0387 -0.9652
vn -0.0000 0.0387 -0.9992
vn -0.8654 0.0387 0.4996
vn 0.7066 0.0387 0.7066
vn 0.4996 0.0387 -0.8654
vn -0.9652 0.0387 0.2586
vn 0.4996 0.0387 0.8654
vn -0.9992 0.0387 -0.0000
vn 0.2586 0.0387 0.9652
vn -0.9652 0.0387 -0.2586
vn -0.0000 0.0387 0.9992
vn 0.9652 0.0387 -0.2586
vn -0.8654 0.0387 -0.4996
vn -0.2586 0.0387 0.9652
vn 0.9992 0.0387 -0.0000
vn -0.7066 0.0387 -0.7066
vn 0.7766 -0.4427 0.4483
vn 0.7582 -0.4833 0.4377
vn 0.8456 -0.4833 0.2266
vn 0.8661 -0.4427 0.2321
vn -0.8661 -0.4427 -0.2321
vn -0.8967 -0.4427 -0.0000
vn -0.0000 -0.4427 0.8967
vn 0.2321 -0.4427 0.8661
vn 0.8661 -0.4427 -0.2321
vn -0.7766 -0.4427 -0.4483
vn -0.2321 -0.4427 0.8661
vn 0.8967 -0.4427 -0.0000
vn -0.6341 -0.4427 -0.6341
vn -0.4483 -0.4427 0.7766
vn -0.4483 -0.4427 -0.7766
vn -0.6341 -0.4427 0.6341
vn -0.2321 -0.4427 -0.8661
vn 0.2321 -0.4427 -0.8661
vn -0.0000 -0.4427 -0.8967
vn -0.7766 -0.4427 0.4483
vn 0.6341 -0.4427 0.6341
vn 0.4483 -0.4427 -0.7766
vn -0.8661 -0.4427 0.2321
vn 0.4483 -0.4427 0.7766
vn -0.2266 -0.4833 -0.8456
vn -0.4377 -0.4833 -0.7582
vn 0.2266 -0.4833 -0.8456
vn -0.0000 -0.4833 -0.8755
vn -0.7582 -0.4833 0.4377
vn -0.6191 -0.4833 0.6191
vn 0.6191 -0.4833 0.6191
vn 0.4377 -0.4833 -0.7582
vn -0.8456 -0.4833 0.2266
vn 0.4377 -0.4833 0.7582
vn 0.6191 -0.4833 -0.6191
vn -0.8755 -0.4833 -0.0000
vn 0.2266 -0.4833 0.8456
vn 0.7582 -0.4833 -0.4377
vn -0.8456 -0.4833 -0.2266
vn -0.0000 -0.4833 0.8755
vn 0.8456 -0.4833 -0.2266
vn -0.7582 -0.4833 -0.4377
vn -0.2266 -0.4833 0.8456
vn 0.8755 -0.4833 -0.0000
vn -0.6191 -0.4833 -0.6191
vn -0.4377 -0.4833 0.7582
vn 0.4853 0.2406 -0.8406
vn 0.4732 0.3227 -0.8197
vn 0.2450 0.3227 -0.9142
vn 0.2512 0.2406 -0.9375
vn 0.9465 0.3227 -0.0000
vn 1.0000 0.0018 -0.0000
vn 0.9659 0.0018 -0.2588
vn 0.9142 0.3227 -0.2450
vn -0.9375 0.2406 0.2512
vn -0.9142 0.3227 0.2450
vn -0.8197 0.3227 0.4733
vn -0.8406 0.2406 0.4853
vn 0.4853 0.2406 0.8406
vn 0.4733 0.3227 0.8197
vn 0.6693 0.3227 0.6693
vn 0.6863 0.2406 0.6863
vn 0.6863 0.2406 -0.6863
vn 0.6693 0.3227 -0.6693
vn -0.9706 0.2406 -0.0000
vn -0.9465 0.3227 -0.0000
vn 0.2512 0.2406 0.9375
vn 0.2450 0.3227 0.9142
vn 0.8406 0.2406 -0.4853
vn 0.8197 0.3227 -0.4733
vn -0.9375 0.2406 -0.2512
vn -0.9142 0.3227 -0.2450
vn -0.0000 0.2406 0.9706
vn -0.0000 0.3227 0.9465
vn 0.9375 0.2406 -0.2512
vn -0.8406 0.2406 -0.4853
vn -0.8197 0.3227 -0.4732
vn -0.2512 0.2406 0.9375
vn -0.2450 0.3227 0.9142
vn 0.9706 0.2406 -0.0000
vn -0.6863 0.2406 -0.6863
vn -0.6693 0.3227 -0.6693
vn -0.4853 0.2406 0.8406
vn -0.4732 0.3227 0.8197
vn 0.9375 0.2406 0.2512
vn 0.9142 0.3227 0.2450
vn -0.4853 0.2406 -0.8406
vn -0.4733 0.3227 -0.8197
vn -0.6863 0.2406 0.6863
vn -0.6693 0.3227 0.6693
vn 0.8406 0.2406 0.4853
vn 0.8197 0.3227 0.4732
vn -0.2512 0.2406 -0.9375
vn -0.2450 0.3227 -0.9142
vn -0.0000 0.3227 -0.9465
vn -0.0000 0.2406 -0.9706
vn -0.9659 0.0018 0.2588
vn -0.9398 -0.2310 0.2518
vn -0.8426 -0.2310 0.4865
vn -0.8660 0.0018 0.5000
vn -0.7071 0.0018 -0.7071
vn -0.8660 0.0018 -0.5000
vn -0.5000 0.0018 0.8660
vn -0.2588 0.0018 0.9659
vn 0.9659 0.0018 0.2588
vn -0.5000 0.0018 -0.8660
vn -0.7071 0.0018 0.7071
vn 0.8660 0.0018 0.5000
vn -0.2588 0.0018 -0.9659
vn 0.2588 0.0018 -0.9659
vn -0.0000 0.0018 -1.0000
vn 0.7071 0.0018 0.7071
vn 0.5000 0.0018 -0.8660
vn 0.5000 0.0018 0.8660
vn 0.7071 0.0018 -0.7071
vn -1.0000 0.0018 -0.0000
vn 0.2588 0.0018 0.9659
vn 0.8660 0.0018 -0.5000
vn -0.9659 0.0018 -0.2588
vn -0.0000 0.0018 1.0000
vn 0.9730 -0.2310 -0.0000
vn 0.9398 -0.2310 -0.2518
vn 0.4865 -0.2310 0.8426
vn 0.6880 -0.2310 0.6880
vn 0.6880 -0.2310 -0.6880
vn 0.4865 -0.2310 -0.8426
vn -0.9730 -0.2310 -0.0000
vn 0.2518 -0.2310 0.9398
vn 0.8426 -0.2310 -0.4865
vn -0.9398 -0.2310 -0.2518
vn -0.0000 -0.2310 0.9730
vn -0.8426 -0.2310 -0.4865
vn -0.2518 -0.2310 0.9398
vn -0.6880 -0.2310 -0.6880
vn -0.4865 -0.2310 0.8426
vn 0.9398 -0.2310 0.2518
vn -0.4865 -0.2310 -0.8426
vn -0.6880 -0.2310 0.6880
vn 0.8426 -0.2310 0.4865
vn -0.2518 -0.2310 -0.9398
vn 0.2518 -0.2310 -0.9398
vn -0.0000 -0.2310 -0.9730
vn 0.4567 -0.4071 0.7910
vn 0.6459 -0.4071 0.6459
vn 0.6682 -0.3273 0.6682
vn -0.6682 -0.3273 -0.6682
vn -0.6459 -0.4071 -0.6459
vn -0.5819 0.5681 -0.5819
vn -0.7127 0.5681 -0.4115
vn -0.7910 -0.4071 -0.4567
vn 0.6459 -0.4071 -0.6459
vn 0.4567 -0.4071 -0.7910
vn -0.9134 -0.4071 -0.0000
vn -0.8823 -0.4071 0.2364
vn 0.2364 -0.4071 0.8823
vn 0.7910 -0.4071 -0.4567
vn -0.8823 -0.4071 -0.2364
vn -0.0000 -0.4071 0.9134
vn 0.8823 -0.4071 -0.2364
vn -0.2364 -0.4071 0.8823
vn 0.9134 -0.4071 -0.0000
vn -0.4567 -0.4071 0.7910
vn 0.8823 -0.4071 0.2364
vn -0.4567 -0.4071 -0.7910
vn -0.6459 -0.4071 0.6459
vn 0.7910 -0.4071 0.4567
vn -0.2364 -0.4071 -0.8823
vn 0.2364 -0.4071 -0.8823
vn -0.0000 -0.4071 -0.9134
vn -0.7910 -0.4071 0.4567
vn 0.4115 0.5681 0.7127
vn 0.0026 1.0000 0.0045
vn 0.0037 1.0000 0.0037
vn 0.5819 0.5681 0.5819
vn -0.4115 0.5681 0.7127
vn -0.2130 0.5681 0.7949
vn 0.7949 0.5681 0.2130
vn 0.8230 0.5681 -0.0000
vn -0.4115 0.5681 -0.7127
vn -0.5819 0.5681 0.5819
vn 0.7127 0.5681 0.4115
vn -0.2130 0.5681 -0.7949
vn 0.2130 0.5681 -0.7949
vn -0.0000 0.5681 -0.8230
vn -0.7127 0.5681 0.4115
vn 0.4115 0.5681 -0.7127
vn -0.7949 0.5681 0.2130
vn 0.5819 0.5681 -0.5819
vn -0.8230 0.5681 -0.0000
vn 0.2130 0.5681 0.7949
vn 0.7127 0.5681 -0.4115
vn -0.7949 0.5681 -0.2130
vn -0.0000 0.5681 0.8230
vn 0.7949 0.5681 -0.2130
vn -0.4999 -0.0226 0.8658
vn -0.2588 -0.0226 0.9657
vn 0.0037 1.0000 -0.0037
vn 0.0026 1.0000 -0.0045
vn -0.0052 1.0000 -0.0000
vn -0.0050 1.0000 0.0013
vn 0.0013 1.0000 0.0050
vn 0.0045 1.0000 -0.0026
vn -0.0050 1.0000 -0.0013
vn -0.0000 1.0000 0.0052
vn 0.0050 1.0000 -0.0013
vn -0.0045 1.0000 -0.0026
vn -0.0013 1.0000 0.0050
vn 0.0052 1.0000 -0.0000
vn -0.0037 1.0000 -0.0037
vn -0.0026 1.0000 0.0045
vn 0.0050 1.0000 0.0013
vn -0.0026 1.0000 -0.0045
vn -0.0037 1.0000 0.0037
vn 0.0045 1.0000 0.0026
vn -0.0013 1.0000 -0.0050
vn 0.0013 1.0000 -0.0050
vn -0.0000 1.0000 -0.0052
vn -0.0045 1.0000 0.0026
vn 0.0190 -0.9996 -0.0190
vn 0.4834 -0.7298 -0.4834
vn 0.3418 -0.7298 -0.5921
vn 0.0134 -0.9996 -0.0232
vn 0.9657 -0.0226 0.2587
vn 0.9657 -0.0226 0.2588
vn 0.9997 -0.0226 -0.0000
vn -0.4999 -0.0226 -0.8658
vn -0.7069 -0.0226 -0.7069
vn -0.7069 -0.0226 0.7069
vn 0.8658 -0.0226 0.4999
vn -0.2588 -0.0226 -0.9657
vn 0.2588 -0.0226 -0.9657
vn -0.0000 -0.0226 -0.9997
vn -0.8658 -0.0226 0.4999
vn 0.7069 -0.0226 0.7069
vn 0.4999 -0.0226 -0.8658
vn -0.9657 -0.0226 0.2588
vn 0.4999 -0.0226 0.8658
vn 0.7069 -0.0226 -0.7069
vn -0.9997 -0.0226 -0.0000
vn 0.2588 -0.0226 0.9657
vn 0.8658 -0.0226 -0.4999
vn -0.9657 -0.0226 -0.2588
vn -0.0000 -0.0226 0.9997
vn 0.9657 -0.0226 -0.2588
vn -0.8658 -0.0226 -0.4999
vn -0.3418 -0.7298 0.5921
vn -0.5000 -0.0059 0.8660
vn -0.2588 -0.0060 0.9659
vn -0.1769 -0.7298 0.6604
vn -0.0268 -0.9996 -0.0000
vn -0.6837 -0.7298 -0.0000
vn -0.6604 -0.7298 0.1769
vn -0.0259 -0.9996 0.0069
vn 0.0069 -0.9996 0.0259
vn 0.1769 -0.7298 0.6604
vn 0.3418 -0.7298 0.5921
vn 0.0134 -0.9996 0.0232
vn 0.0232 -0.9996 -0.0134
vn 0.5921 -0.7298 -0.3418
vn -0.0259 -0.9996 -0.0069
vn -0.6604 -0.7298 -0.1769
vn -0.0000 -0.9996 0.0268
vn -0.0000 -0.7298 0.6837
vn 0.0259 -0.9996 -0.0069
vn 0.6604 -0.7298 -0.1769
vn -0.0232 -0.9996 -0.0134
vn -0.5921 -0.7298 -0.3418
vn -0.0069 -0.9996 0.0259
vn 0.0268 -0.9996 -0.0000
vn 0.6837 -0.7298 -0.0000
vn -0.0190 -0.9996 -0.0190
vn -0.4834 -0.7298 -0.4834
vn -0.0134 -0.9996 0.0232
vn 0.0259 -0.9996 0.0069
vn 0.6604 -0.7298 0.1769
vn -0.0134 -0.9996 -0.0232
vn -0.3418 -0.7298 -0.5921
vn -0.0190 -0.9996 0.0190
vn -0.4835 -0.7298 0.4834
vn 0.0232 -0.9996 0.0134
vn 0.5921 -0.7298 0.3418
vn -0.0069 -0.9996 -0.0259
vn -0.1769 -0.7298 -0.6604
vn 0.0069 -0.9996 -0.0259
vn 0.1769 -0.7298 -0.6604
vn -0.0000 -0.7298 -0.6837
vn -0.0000 -0.9996 -0.0268
vn -0.0232 -0.9996 0.0134
vn -0.5921 -0.7298 0.3418
vn 0.0190 -0.9996 0.0190
vn 0.4834 -0.7298 0.4834
vn -0.1971 -0.9804 -0.0000
vn -0.0527 -0.9981 -0.0318
vn -0.0664 -0.9978 0.0003
vn -0.0375 -0.9989 0.0288
vn 0.9659 -0.0060 0.2588
vn 1.0000 -0.0060 -0.0000
vn -0.5000 -0.0059 -0.8660
vn -0.7071 -0.0059 -0.7071
vn -0.7071 -0.0059 0.7071
vn 0.8660 -0.0059 0.5000
vn -0.2588 -0.0060 -0.9659
vn 0.2588 -0.0060 -0.9659
vn -0.0000 -0.0060 -1.0000
vn -0.8660 -0.0059 0.5000
vn 0.7071 -0.0059 0.7071
vn 0.5000 -0.0059 -0.8660
vn -0.9659 -0.0060 0.2588
vn 0.5000 -0.0059 0.8660
vn 0.7071 -0.0059 -0.7071
vn -1.0000 -0.0060 -0.0000
vn 0.2588 -0.0060 0.9659
vn 0.8660 -0.0059 -0.5000
vn -0.9659 -0.0060 -0.2588
vn -0.0000 -0.0060 1.0000
vn 0.9659 -0.0060 -0.2588
vn -0.8660 -0.0059 -0.5000
vn -0.3827 0.1758 -0.9070
vn 0.0014 0.1244 -0.9922
vn -0.4874 0.2231 -0.8442
vn -0.5942 0.1759 -0.7849
vn -0.8600 0.1245 -0.4948
vn -0.9580 0.1245 -0.2582
vn -0.9762 0.1739 0.1299
vn -0.9427 0.2199 0.2508
vn -0.9112 0.1744 0.3733
vn -0.7006 0.1241 0.7026
vn -0.4973 0.1242 0.8587
vn -0.1321 0.1717 0.9763
vn -0.0008 0.2154 0.9765
vn 0.1310 0.1721 0.9763
vn 0.4962 0.1238 0.8594
vn 0.7801 0.1721 0.6016
vn 0.8461 0.2155 0.4875
vn 0.9115 0.1718 0.3737
vn 0.9922 0.1243 -0.0013
vn 0.9588 0.1242 -0.2554
vn 0.7789 0.1744 -0.6024
vn 0.6886 0.2198 -0.6910
vn 0.6006 0.1737 -0.7804
vn 0.2554 0.1243 -0.9588
vn 0.0033 0.1744 -0.9847
vn 0.2515 0.1742 -0.9520
vn 0.6895 0.2303 -0.6867
vn 0.6736 0.2756 -0.6858
vn 0.6797 0.2323 -0.6958
vn 0.8462 0.2270 0.4821
vn 0.8362 0.2692 0.4778
vn 0.8428 0.2279 0.4876
vn 0.4928 0.1700 0.8534
vn 0.0009 0.2280 0.9737
vn -0.0043 0.2693 0.9630
vn -0.0055 0.2270 0.9739
vn -0.4953 0.1721 0.8515
vn -0.6942 0.1724 0.6988
vn -0.9424 0.2323 0.2406
vn -0.9308 0.2754 0.2404
vn -0.9395 0.2303 0.2537
vn -0.9503 0.1741 -0.2581
vn -0.8545 0.1743 -0.4894
vn -0.4741 0.2342 -0.8488
vn -0.4799 0.2807 -0.8312
vn -0.4981 0.2343 -0.8349
vn -0.0097 0.5869 0.8096
vn -0.0177 0.8029 0.5959
vn 0.2148 0.8031 0.5558
vn 0.1392 0.5176 0.8442
vn 0.4891 0.2074 0.8472
vn -0.0918 0.2731 0.9576
vn -0.6873 0.2111 0.6950
vn -0.9501 0.2761 0.1453
vn -0.8488 0.2136 -0.4837
vn -0.3852 0.2781 -0.8799
vn 0.6455 0.3600 -0.6736
vn 0.6009 0.2762 -0.7501
vn 0.8145 0.3555 0.4585
vn 0.8752 0.2730 0.3993
vn 0.0847 0.2740 0.9580
vn -0.4931 0.2105 0.8441
vn -0.9003 0.2767 0.3361
vn -0.9424 0.2132 -0.2578
vn -0.5693 0.2784 -0.7735
vn 0.0055 0.2141 -0.9768
vn 0.2478 0.2139 -0.9449
vn 0.7410 0.2774 -0.6115
vn 0.7874 0.2737 0.5524
vn -0.0102 0.3558 0.9345
vn -0.9063 0.3594 0.2223
vn -0.4660 0.3623 -0.8072
vn 0.4680 0.8092 0.3553
vn 0.4868 0.7877 0.3777
vn 0.0107 0.8368 0.5473
vn 0.0059 0.8725 0.4886
vn 0.8364 0.5028 -0.2182
vn 0.4921 0.8611 -0.1277
vn 0.5092 0.8606 -0.0057
vn 0.8647 0.5022 -0.0059
vn -0.7513 0.5035 -0.4267
vn -0.4441 0.8603 -0.2504
vn -0.0768 0.7971 -0.5989
vn -0.2846 0.5149 -0.8086
vn -0.2585 0.8614 0.4372
vn -0.4372 0.5027 0.7458
vn 0.3748 0.8023 0.4647
vn 0.6617 0.5171 0.5429
vn -0.3024 0.7956 -0.5249
vn -0.4053 0.5849 -0.7025
vn -0.3550 0.8614 0.3632
vn -0.6066 0.5030 0.6157
vn 0.5256 0.8021 0.2836
vn 0.7061 0.5865 0.3968
vn -0.4792 0.7980 -0.3655
vn -0.5575 0.5154 -0.6508
vn 0.0066 0.5043 -0.8635
vn 0.0063 0.8613 -0.5081
vn 0.1279 0.8617 -0.4910
vn 0.2185 0.5045 -0.8353
vn -0.5981 0.7971 -0.0830
vn -0.8551 0.5143 0.0653
vn 0.5952 0.7990 0.0850
vn 0.8049 0.5148 0.2952
vn 0.5469 0.8029 -0.2371
vn 0.6981 0.5185 -0.4939
vn -0.5893 0.7985 0.1234
vn -0.7871 0.5861 0.1925
vn 0.2529 0.8622 0.4388
vn 0.4326 0.5007 0.7497
vn 0.3984 0.8006 -0.4476
vn 0.5594 0.5870 -0.5852
vn -0.4808 0.8014 0.3557
vn -0.7773 0.5175 0.3579
vn -0.2244 0.7991 0.5578
vn -0.1470 0.5148 0.8446
vn 0.2264 0.7969 -0.5601
vn 0.4838 0.5142 -0.7082
vn -0.4913 0.8603 -0.1361
vn -0.8332 0.5034 -0.2289
vn -0.1277 0.8717 0.4731
vn -0.1431 0.8358 0.5300
vn -0.5523 0.7932 0.2565
vn -0.5183 0.8210 0.2395
vn 0.5854 0.8067 0.0815
vn 0.6133 0.7858 0.0797
vn 0.6221 0.7715 -0.1334
vn 0.6358 0.7585 -0.1428
vn -0.5614 0.8221 -0.0950
vn -0.5962 0.7965 -0.1007
vn -0.2718 0.8409 -0.4680
vn -0.2429 0.8748 -0.4191
vn -0.4319 0.7700 0.4696
vn -0.4474 0.7549 0.4795
vn 0.4944 0.7973 -0.3462
vn 0.4631 0.8245 -0.3250
vn 0.2100 0.7964 -0.5672
vn 0.1981 0.8218 -0.5342
vn -0.2405 0.7870 0.5681
vn -0.2237 0.8068 0.5468
vn 0.5265 0.8391 0.1368
vn 0.4700 0.8740 0.1233
vn 0.0109 0.7781 -0.6281
vn 0.0095 0.7659 -0.6429
vn -0.5273 0.8375 0.1432
vn -0.4710 0.8729 0.1276
vn 0.4677 0.8393 0.2772
vn 0.4187 0.8742 0.2459
vn -0.2033 0.7961 -0.5699
vn -0.1860 0.8261 -0.5320
vn -0.5449 0.8385 -0.0092
vn -0.4871 0.8733 -0.0052
vn 0.0857 0.7906 0.6063
vn 0.0750 0.8111 0.5800
vn 0.2670 0.8369 -0.4779
vn 0.2408 0.8721 -0.4259
vn -0.3908 0.7986 -0.4576
vn -0.3668 0.8279 -0.4244
vn 0.3222 0.7682 0.5532
vn 0.3299 0.7542 0.5678
vn 0.3931 0.8369 -0.3809
vn 0.3492 0.8723 -0.3423
vn -0.5494 0.7791 -0.3021
vn -0.5605 0.7676 -0.3108
vn 0.0186 0.8093 -0.5870
vn -0.2748 0.8233 -0.4966
vn -0.4535 0.8822 0.1268
vn -0.4735 0.8807 -0.0136
vn 0.4115 0.8766 0.2495
vn -0.0060 0.8087 0.5882
vn 0.2201 0.8838 -0.4130
vn -0.2989 0.8221 -0.4845
vn 0.3061 0.7920 0.5282
vn 0.3415 0.8828 -0.3225
vn -0.5243 0.8044 -0.2794
vn 0.5149 0.8090 0.2836
vn 0.0153 0.8808 0.4733
vn -0.1244 0.8825 0.4535
vn 0.5655 0.8067 0.1718
vn -0.5771 0.8167 -0.0064
vn -0.5452 0.8239 0.1549
vn 0.5931 0.7969 -0.1147
vn -0.2364 0.8808 -0.4101
vn -0.3928 0.8030 0.4482
vn 0.4161 0.8195 -0.3941
vn 0.2828 0.8182 -0.5005
vn -0.1357 0.8113 0.5687
vn 0.4660 0.8770 0.1172
vn -0.0530 0.9783 0.2001
vn -0.4713 0.8807 -0.0482
vn 0.4170 0.8499 0.3223
vn 0.5154 0.8533 -0.0787
vn -0.4453 0.8741 0.1942
vn -0.0992 0.9808 -0.1679
vn -0.3319 0.8564 0.3956
vn 0.1939 0.8803 -0.4331
vn 0.3863 0.8737 -0.2955
vn 0.0764 0.8625 0.5002
vn 0.1984 0.9789 0.0492
vn 0.0175 0.8726 -0.4881
vn -0.1916 0.9801 0.0523
vn 0.1668 0.9793 0.1148
vn -0.3840 0.8696 -0.3103
vn -0.1922 0.9811 -0.0216
vn -0.1994 0.8661 0.4585
vn 0.0762 0.9757 -0.2053
vn -0.0596 0.8823 -0.4669
vn 0.2602 0.8561 0.4464
vn 0.1660 0.9758 -0.1425
vn -0.4158 0.8850 -0.2097
vn 0.4998 0.8642 0.0577
vn 0.0169 0.9789 0.2035
vn 0.1370 0.9863 -0.0918
vn 0.1626 0.9848 -0.0606
vn -0.1612 0.9849 -0.0638
vn -0.2592 0.9642 0.0555
vn -0.3290 0.9440 0.0258
vn -0.1361 0.9865 0.0907
vn 0.1936 0.9600 -0.2021
vn 0.0697 0.9960 0.0556
vn -0.0879 0.9882 0.1257
vn -0.0555 0.9977 -0.0377
vn 0.2225 0.9542 -0.2001
vn 0.0428 0.9868 -0.1562
vn 0.0803 0.9882 -0.1303
vn 0.0460 0.9445 0.3251
vn -0.0771 0.9599 0.2694
vn -0.1039 0.9731 -0.2057
vn 0.0904 0.9946 0.0503
vn 0.0482 0.9857 0.1616
vn -0.0961 0.9952 0.0196
vn -0.1451 0.9775 -0.1533
vn 0.1960 0.9767 0.0873
vn 0.1888 0.9793 0.0736
vn -0.1711 0.9851 -0.0166
vn -0.0697 0.9941 -0.0834
vn -0.2148 0.9415 0.2598
vn -0.1953 0.9657 0.1709
vn 0.0449 0.9936 0.1038
vn -0.0080 0.9882 0.1531
vn 0.4285 0.7122 -0.5560
vn 0.4055 0.7130 -0.5720
vn -0.1853 0.9779 0.0967
vn -0.0641 0.9813 0.1814
vn 0.1717 0.9515 -0.2552
vn -0.1706 0.9851 0.0218
vn -0.1365 0.9694 0.2042
vn 0.1591 0.9727 -0.1688
vn -0.1407 0.9892 -0.0420
vn -0.2325 0.9419 0.2424
vn 0.1476 0.9836 -0.1040
vn -0.0925 0.9908 -0.0991
vn -0.4489 0.7272 0.5193
vn 0.1271 0.9914 -0.0317
vn -0.0303 0.9883 -0.1492
vn -0.4221 0.7279 0.5403
vn 0.0928 0.9950 0.0382
vn 0.0276 0.9823 -0.1854
vn 0.0898 0.9729 -0.2131
vn 0.1744 0.9521 -0.2512
vn -0.2850 0.9470 -0.1481
vn 0.2425 0.9537 -0.1777
vn 0.0385 0.9988 -0.0317
vn -0.1943 0.9489 -0.2485
vn 0.0056 0.9988 0.0488
vn -0.0145 0.9987 0.0479
vn 0.1754 0.9376 0.3002
vn -0.3060 0.9513 0.0371
vn -0.0305 0.9586 0.2831
vn 0.0210 0.9988 -0.0453
vn 0.1854 0.9507 -0.2485
vn -0.0477 0.9988 -0.0050
vn 0.2597 0.9590 0.1133
vn 0.0381 0.9989 0.0264
vn -0.0465 0.9988 0.0145
vn 0.0127 0.9466 -0.3222
vn 0.0456 0.9989 0.0092
vn -0.1191 0.9486 -0.2933
vn -0.2755 0.9537 0.1208
vn -0.0430 0.9576 0.2850
vn -0.2191 0.9397 0.2624
vn -0.0262 0.9987 -0.0442
vn 0.3345 0.9408 -0.0538
vn 0.2650 0.9583 0.1070
vn 0.0291 -0.9996 0.0037
vn -0.0044 -0.9999 0.0155
vn 0.0220 -0.9995 -0.0220
vn -0.0035 -1.0000 0.0035
vn -0.0037 -0.9996 -0.0291
vn -0.0155 -0.9999 0.0044
vn -0.0003 -0.9978 0.0665
vn -0.0288 -0.9989 0.0375
vn 0.0318 -0.9981 0.0527
vn -0.0000 -0.9804 0.1972
vn -0.0169 -0.9996 -0.0213
vn 0.0215 -0.9998 -0.0048
vn 0.0663 -0.9978 0.0017
vn 0.0356 -0.9987 -0.0357
vn -0.0017 -0.9978 -0.0663
vn 0.0048 -0.9998 -0.0215
vn 0.0213 -0.9996 0.0169
vn -0.0123 -0.9998 -0.0123
vn 0.0180 -0.9997 0.0180
vn 0.0375 -0.9986 0.0375
vn -0.0000 -1.0000 -0.0000
vn -0.0375 -0.9986 -0.0375
vn -0.0180 -0.9997 -0.0180
vn 0.0123 -0.9998 0.0123
vn -0.0213 -0.9996 -0.0169
vn -0.0048 -0.9998 0.0215
vn 0.0017 -0.9978 0.0663
vn -0.0356 -0.9987 0.0357
vn -0.0663 -0.9978 -0.0017
vn -0.0215 -0.9998 0.0048
vn 0.0169 -0.9996 0.0213
vn -0.0318 -0.9981 -0.0527
vn 0.0003 -0.9978 -0.0665
vn 0.0037 -0.9996 0.0291
vn -0.0220 -0.9995 0.0220
vn -0.0291 -0.9996 -0.0037
vn 0.0664 -0.9978 -0.0003
vn 0.0527 -0.9981 0.0318
vn -0.0000 -0.9804 -0.1971
vn 0.0288 -0.9989 -0.0375
vn 0.0155 -0.9999 -0.0044
vn 0.0035 -1.0000 -0.0035
vn 0.0044 -0.9999 -0.0155
vn 0.0375 -0.9989 -0.0288
vn 0.1971 -0.9804 -0.0000
vt 0.526894 0.389658
vt 0.433531 0.389658
vt 0.433531 0.357512
vt 0.526894 0.357512
vt 0.433531 0.325366
vt 0.526894 0.325366
vt 0.433531 0.293220
vt 0.526894 0.293220
vt 0.433531 0.261074
vt 0.526894 0.261074
vt 0.433531 0.228928
vt 0.526894 0.228928
vt 0.433531 0.196782
vt 0.526894 0.196782
vt 0.433531 0.164636
vt 0.526894 0.164636
vt 0.433531 0.132490
vt 0.526894 0.132490
vt 0.433531 0.100344
vt 0.526894 0.100344
vt 0.433531 0.068198
vt 0.526894 0.068198
vt 0.433531 0.036052
vt 0.526894 0.036052
vt 0.433531 0.003906
vt 0.526894 0.003906
vt 0.526894 0.775410
vt 0.433531 0.775410
vt 0.433531 0.743264
vt 0.526894 0.743264
vt 0.433531 0.711118
vt 0.526894 0.711118
vt 0.433531 0.678972
vt 0.526894 0.678972
vt 0.433531 0.646826
vt 0.526894 0.646826
vt 0.433531 0.614680
vt 0.526894 0.614680
vt 0.433531 0.582534
vt 0.526894 0.582534
vt 0.433531 0.550388
vt 0.526894 0.550388
vt 0.433531 0.518242
vt 0.526894 0.518242
vt 0.433531 0.486096
vt 0.526894 0.486096
vt 0.433531 0.453950
vt 0.526894 0.453950
vt 0.386989 0.325366
vt 0.386989 0.293220
vt 0.433531 0.421804
vt 0.526894 0.421804
vt 0.119901 0.234810
vt 0.131291 0.209279
vt 0.151947 0.220182
vt 0.141674 0.243097
vt 0.386989 0.036052
vt 0.386989 0.068198
vt 0.350013 0.068198
vt 0.350013 0.036052
vt 0.386989 0.164636
vt 0.386989 0.132490
vt 0.386989 0.389658
vt 0.386989 0.357512
vt 0.386989 0.775410
vt 0.386989 0.743264
vt 0.386989 0.614680
vt 0.386989 0.582534
vt 0.386989 0.453950
vt 0.386989 0.421804
vt 0.386989 0.228928
vt 0.386989 0.196782
vt 0.386989 0.678972
vt 0.386989 0.646826
vt 0.386989 0.518242
vt 0.386989 0.486096
vt 0.386989 0.261074
vt 0.386989 0.100344
vt 0.386989 0.711118
vt 0.386989 0.550388
vt 0.386989 0.003906
vt 0.350013 0.678972
vt 0.350013 0.711118
vt 0.319230 0.711118
vt 0.319230 0.678972
vt 0.350013 0.293220
vt 0.350013 0.261074
vt 0.350013 0.582534
vt 0.350013 0.550388
vt 0.350013 0.003906
vt 0.350013 0.228928
vt 0.350013 0.518242
vt 0.350013 0.775410
vt 0.350013 0.743264
vt 0.350013 0.196782
vt 0.350013 0.486096
vt 0.350013 0.164636
vt 0.350013 0.453950
vt 0.350013 0.132490
vt 0.350013 0.421804
vt 0.350013 0.389658
vt 0.350013 0.357512
vt 0.350013 0.646826
vt 0.350013 0.100344
vt 0.350013 0.325366
vt 0.350013 0.614680
vt 0.319230 0.261074
vt 0.319230 0.293220
vt 0.308476 0.293220
vt 0.308476 0.261074
vt 0.319230 0.164636
vt 0.319230 0.132490
vt 0.319230 0.453950
vt 0.319230 0.421804
vt 0.319230 0.389658
vt 0.319230 0.357512
vt 0.319230 0.646826
vt 0.319230 0.100344
vt 0.319230 0.325366
vt 0.319230 0.614680
vt 0.319230 0.068198
vt 0.319230 0.582534
vt 0.319230 0.036052
vt 0.319230 0.550388
vt 0.319230 0.003906
vt 0.319230 0.228928
vt 0.319230 0.518242
vt 0.319230 0.775410
vt 0.319230 0.743264
vt 0.319230 0.196782
vt 0.319230 0.486096
vt 0.308476 0.132490
vt 0.308476 0.164636
vt 0.304796 0.164636
vt 0.304796 0.132490
vt 0.308476 0.582534
vt 0.308476 0.550388
vt 0.308476 0.036052
vt 0.308476 0.003906
vt 0.308476 0.228928
vt 0.308476 0.518242
vt 0.308476 0.775410
vt 0.308476 0.743264
vt 0.308476 0.196782
vt 0.308476 0.486096
vt 0.308476 0.711118
vt 0.308476 0.453950
vt 0.308476 0.678972
vt 0.308476 0.421804
vt 0.308476 0.389658
vt 0.308476 0.357512
vt 0.308476 0.646826
vt 0.308476 0.100344
vt 0.308476 0.325366
vt 0.308476 0.614680
vt 0.308476 0.068198
vt 0.304796 0.453950
vt 0.304796 0.421804
vt 0.304796 0.389658
vt 0.304796 0.357512
vt 0.304796 0.678972
vt 0.304796 0.646826
vt 0.304796 0.100344
vt 0.304796 0.325366
vt 0.304796 0.614680
vt 0.304796 0.068198
vt 0.304796 0.293220
vt 0.304796 0.582534
vt 0.304796 0.036052
vt 0.304796 0.261074
vt 0.304796 0.550388
vt 0.304796 0.003906
vt 0.304796 0.228928
vt 0.304796 0.518242
vt 0.304796 0.775410
vt 0.304796 0.743264
vt 0.304796 0.196782
vt 0.304796 0.486096
vt 0.304796 0.711118
vt 0.799352 0.264687
vt 0.799352 0.290765
vt 0.796234 0.290765
vt 0.796234 0.264687
vt 0.796234 0.160374
vt 0.796234 0.186452
vt 0.778781 0.186452
vt 0.778781 0.160374
vt 0.799352 0.499389
vt 0.799352 0.525467
vt 0.796234 0.525467
vt 0.796234 0.499389
vt 0.799352 0.056062
vt 0.799352 0.082140
vt 0.796234 0.082140
vt 0.796234 0.056062
vt 0.799352 0.238609
vt 0.796234 0.238609
vt 0.799352 0.473311
vt 0.796234 0.473311
vt 0.799352 0.029984
vt 0.796234 0.029984
vt 0.799352 0.212531
vt 0.796234 0.212531
vt 0.799352 0.447233
vt 0.796234 0.447233
vt 0.799352 0.003906
vt 0.796234 0.003906
vt 0.799352 0.186452
vt 0.799352 0.421155
vt 0.796234 0.421155
vt 0.799352 0.603701
vt 0.799352 0.629779
vt 0.796234 0.629779
vt 0.796234 0.603701
vt 0.799352 0.160374
vt 0.799352 0.395077
vt 0.796234 0.395077
vt 0.799352 0.577623
vt 0.796234 0.577623
vt 0.799352 0.134296
vt 0.796234 0.134296
vt 0.799352 0.368999
vt 0.796234 0.368999
vt 0.799352 0.551545
vt 0.796234 0.551545
vt 0.799352 0.108218
vt 0.796234 0.108218
vt 0.799352 0.342921
vt 0.796234 0.342921
vt 0.799352 0.316843
vt 0.796234 0.316843
vt 0.778781 0.499389
vt 0.778781 0.525467
vt 0.737219 0.525467
vt 0.737219 0.499389
vt 0.778781 0.421155
vt 0.778781 0.395077
vt 0.778781 0.603701
vt 0.778781 0.577623
vt 0.778781 0.134296
vt 0.778781 0.368999
vt 0.778781 0.551545
vt 0.778781 0.108218
vt 0.778781 0.342921
vt 0.778781 0.316843
vt 0.778781 0.290765
vt 0.778781 0.082140
vt 0.778781 0.264687
vt 0.778781 0.056062
vt 0.778781 0.238609
vt 0.778781 0.473311
vt 0.778781 0.029984
vt 0.778781 0.212531
vt 0.778781 0.447233
vt 0.778781 0.003906
vt 0.778781 0.629779
vt 0.737219 0.160374
vt 0.737219 0.186452
vt 0.710043 0.186452
vt 0.710043 0.160374
vt 0.737219 0.082140
vt 0.737219 0.056062
vt 0.737219 0.264687
vt 0.737219 0.238609
vt 0.737219 0.473311
vt 0.737219 0.029984
vt 0.737219 0.212531
vt 0.737219 0.447233
vt 0.737219 0.003906
vt 0.737219 0.421155
vt 0.737219 0.629779
vt 0.737219 0.603701
vt 0.737219 0.395077
vt 0.737219 0.577623
vt 0.737219 0.134296
vt 0.737219 0.368999
vt 0.737219 0.551545
vt 0.737219 0.108218
vt 0.737219 0.342921
vt 0.737219 0.316843
vt 0.737219 0.290765
vt 0.710043 0.056062
vt 0.710043 0.082140
vt 0.653522 0.082140
vt 0.653522 0.056062
vt 0.710043 0.421155
vt 0.710043 0.395077
vt 0.710043 0.603701
vt 0.710043 0.577623
vt 0.710043 0.134296
vt 0.710043 0.368999
vt 0.710043 0.551545
vt 0.710043 0.108218
vt 0.710043 0.342921
vt 0.710043 0.316843
vt 0.710043 0.290765
vt 0.710043 0.525467
vt 0.710043 0.264687
vt 0.710043 0.499389
vt 0.710043 0.238609
vt 0.710043 0.473311
vt 0.710043 0.029984
vt 0.710043 0.212531
vt 0.710043 0.447233
vt 0.710043 0.003906
vt 0.710043 0.629779
vt 0.653522 0.395077
vt 0.653522 0.421155
vt 0.534706 0.421155
vt 0.534706 0.395077
vt 0.653522 0.264687
vt 0.653522 0.238609
vt 0.653522 0.499389
vt 0.653522 0.473311
vt 0.653522 0.029984
vt 0.653522 0.212531
vt 0.653522 0.447233
vt 0.653522 0.003906
vt 0.653522 0.186452
vt 0.653522 0.629779
vt 0.653522 0.603701
vt 0.653522 0.160374
vt 0.653522 0.577623
vt 0.653522 0.134296
vt 0.653522 0.368999
vt 0.653522 0.551545
vt 0.653522 0.108218
vt 0.653522 0.342921
vt 0.653522 0.316843
vt 0.653522 0.290765
vt 0.653522 0.525467
vt 0.680216 0.659421
vt 0.680216 0.670336
vt 0.672264 0.670336
vt 0.672264 0.659421
vt 0.534706 0.603701
vt 0.534706 0.577623
vt 0.534706 0.160374
vt 0.534706 0.134296
vt 0.534706 0.368999
vt 0.534706 0.551545
vt 0.534706 0.108218
vt 0.534706 0.342921
vt 0.534706 0.316843
vt 0.534706 0.290765
vt 0.534706 0.525467
vt 0.534706 0.082140
vt 0.534706 0.264687
vt 0.534706 0.499389
vt 0.534706 0.056062
vt 0.534706 0.238608
vt 0.534706 0.473311
vt 0.534706 0.029984
vt 0.534706 0.212531
vt 0.534706 0.447233
vt 0.534706 0.003906
vt 0.534706 0.186452
vt 0.534706 0.629779
vt 0.664452 0.900674
vt 0.664452 0.912632
vt 0.657574 0.912632
vt 0.657574 0.900674
vt 0.680216 0.735825
vt 0.680216 0.746740
vt 0.672264 0.746740
vt 0.672264 0.735825
vt 0.680216 0.834059
vt 0.680216 0.844974
vt 0.672264 0.844974
vt 0.672264 0.834059
vt 0.680216 0.648506
vt 0.672264 0.648506
vt 0.680216 0.724910
vt 0.672264 0.724910
vt 0.680216 0.823144
vt 0.672264 0.823144
vt 0.680216 0.637591
vt 0.672264 0.637591
vt 0.680216 0.713996
vt 0.672264 0.713996
vt 0.680216 0.812229
vt 0.672264 0.812229
vt 0.680216 0.888633
vt 0.680216 0.899548
vt 0.672264 0.899548
vt 0.672264 0.888633
vt 0.680216 0.703081
vt 0.672264 0.703081
vt 0.680216 0.801314
vt 0.672264 0.801314
vt 0.680216 0.877718
vt 0.672264 0.877718
vt 0.680216 0.692166
vt 0.672264 0.692166
vt 0.680216 0.790400
vt 0.672264 0.790400
vt 0.680216 0.866804
vt 0.672264 0.866804
vt 0.680216 0.681251
vt 0.672264 0.681251
vt 0.680216 0.779485
vt 0.672264 0.779485
vt 0.680216 0.757655
vt 0.680216 0.768570
vt 0.672264 0.768570
vt 0.672264 0.757655
vt 0.680216 0.855889
vt 0.672264 0.855889
vt 0.695504 0.736342
vt 0.695504 0.747314
vt 0.688028 0.747314
vt 0.688028 0.736342
vt 0.664452 0.697383
vt 0.664452 0.709341
vt 0.657574 0.709341
vt 0.657574 0.697383
vt 0.664452 0.805007
vt 0.664452 0.816966
vt 0.657574 0.816966
vt 0.657574 0.805007
vt 0.664452 0.888715
vt 0.657574 0.888715
vt 0.664452 0.685425
vt 0.657574 0.685425
vt 0.664452 0.793049
vt 0.657574 0.793049
vt 0.664452 0.769133
vt 0.664452 0.781091
vt 0.657574 0.781091
vt 0.657574 0.769133
vt 0.664452 0.876757
vt 0.657574 0.876757
vt 0.664452 0.673466
vt 0.657574 0.673466
vt 0.664452 0.757174
vt 0.657574 0.757174
vt 0.664452 0.864799
vt 0.657574 0.864799
vt 0.664452 0.661508
vt 0.657574 0.661508
vt 0.664452 0.745216
vt 0.657574 0.745216
vt 0.664452 0.852841
vt 0.657574 0.852841
vt 0.664452 0.649550
vt 0.657574 0.649550
vt 0.664452 0.733258
vt 0.657574 0.733258
vt 0.664452 0.840882
vt 0.657574 0.840882
vt 0.664452 0.637591
vt 0.657574 0.637591
vt 0.664452 0.721299
vt 0.657574 0.721299
vt 0.664452 0.828924
vt 0.657574 0.828924
vt 0.664452 0.924590
vt 0.657574 0.924590
vt 0.565931 0.857432
vt 0.565931 0.867424
vt 0.534706 0.867424
vt 0.534706 0.857432
vt 0.695504 0.835092
vt 0.695504 0.846064
vt 0.688028 0.846064
vt 0.688028 0.835092
vt 0.695504 0.648564
vt 0.695504 0.659536
vt 0.688028 0.659536
vt 0.688028 0.648564
vt 0.695504 0.725370
vt 0.688028 0.725370
vt 0.695504 0.824120
vt 0.688028 0.824120
vt 0.695504 0.637591
vt 0.688028 0.637591
vt 0.695504 0.714397
vt 0.688028 0.714397
vt 0.695504 0.813148
vt 0.688028 0.813148
vt 0.695504 0.889953
vt 0.695504 0.900926
vt 0.688028 0.900926
vt 0.688028 0.889953
vt 0.695504 0.703425
vt 0.688028 0.703425
vt 0.695504 0.802175
vt 0.688028 0.802175
vt 0.695504 0.878981
vt 0.688028 0.878981
vt 0.695504 0.692453
vt 0.688028 0.692453
vt 0.695504 0.791203
vt 0.688028 0.791203
vt 0.695504 0.868009
vt 0.688028 0.868009
vt 0.695504 0.681481
vt 0.688028 0.681481
vt 0.695504 0.780231
vt 0.688028 0.780231
vt 0.695504 0.758286
vt 0.695504 0.769259
vt 0.688028 0.769259
vt 0.688028 0.758286
vt 0.695504 0.857037
vt 0.688028 0.857037
vt 0.695504 0.670508
vt 0.688028 0.670508
vt 0.581339 0.698943
vt 0.576335 0.690276
vt 0.585335 0.696470
vt 0.588417 0.706020
vt 0.565931 0.687555
vt 0.565931 0.697548
vt 0.534706 0.697548
vt 0.534706 0.687555
vt 0.565931 0.777490
vt 0.565931 0.787482
vt 0.534706 0.787482
vt 0.534706 0.777490
vt 0.565931 0.847439
vt 0.534706 0.847439
vt 0.565931 0.677562
vt 0.534706 0.677562
vt 0.565931 0.767497
vt 0.534706 0.767497
vt 0.565931 0.747512
vt 0.565931 0.757504
vt 0.534706 0.757504
vt 0.534706 0.747512
vt 0.565931 0.837446
vt 0.534706 0.837446
vt 0.565931 0.667570
vt 0.534706 0.667570
vt 0.565931 0.737519
vt 0.534706 0.737519
vt 0.565931 0.827453
vt 0.534706 0.827453
vt 0.565931 0.657577
vt 0.534706 0.657577
vt 0.565931 0.727526
vt 0.534706 0.727526
vt 0.565931 0.817461
vt 0.534706 0.817461
vt 0.565931 0.647584
vt 0.534706 0.647584
vt 0.565931 0.717533
vt 0.534706 0.717533
vt 0.565931 0.807468
vt 0.534706 0.807468
vt 0.565931 0.637591
vt 0.534706 0.637591
vt 0.565931 0.707541
vt 0.534706 0.707541
vt 0.565931 0.797475
vt 0.534706 0.797475
vt 0.565931 0.877417
vt 0.534706 0.877417
vt 0.051149 0.405754
vt 0.005673 0.409485
vt 0.003906 0.374517
vt 0.048783 0.374279
vt 0.057309 0.436943
vt 0.009977 0.443872
vt 0.060434 0.468647
vt 0.016234 0.478078
vt 0.067757 0.499578
vt 0.024333 0.512242
vt 0.078342 0.529714
vt 0.035961 0.545908
vt 0.092224 0.558652
vt 0.050923 0.578234
vt 0.110393 0.585869
vt 0.068273 0.608801
vt 0.125658 0.613910
vt 0.086886 0.638028
vt 0.144280 0.640340
vt 0.106560 0.666363
vt 0.164813 0.665563
vt 0.127795 0.693285
vt 0.186537 0.690002
vt 0.149557 0.719119
vt 0.209341 0.713892
vt 0.170485 0.745446
vt 0.187690 0.059368
vt 0.150719 0.030301
vt 0.171427 0.003906
vt 0.209973 0.035454
vt 0.166298 0.083735
vt 0.129358 0.056175
vt 0.145892 0.109207
vt 0.108312 0.082685
vt 0.128101 0.136069
vt 0.087911 0.110206
vt 0.107764 0.161706
vt 0.068443 0.139334
vt 0.091534 0.189693
vt 0.050657 0.170038
vt 0.078604 0.219014
vt 0.035784 0.202621
vt 0.068580 0.249228
vt 0.025122 0.236381
vt 0.062824 0.280280
vt 0.016164 0.270165
vt 0.054117 0.311248
vt 0.009469 0.304440
vt 0.050101 0.342706
vt 0.004554 0.339241
vt 0.093386 0.373683
vt 0.094403 0.346285
vt 0.098704 0.319236
vt 0.111465 0.291216
vt 0.111863 0.261498
vt 0.146112 0.185283
vt 0.169210 0.163759
vt 0.182909 0.135865
vt 0.201956 0.113054
vt 0.223837 0.091975
vt 0.251776 0.074035
vt 0.251250 0.674658
vt 0.222403 0.656806
vt 0.200473 0.636202
vt 0.180926 0.614041
vt 0.164200 0.590190
vt 0.153667 0.561453
vt 0.132162 0.538068
vt 0.119493 0.513163
vt 0.110278 0.486979
vt 0.104513 0.459873
vt 0.106719 0.429428
vt 0.095816 0.401057
vt 0.290297 0.605637
vt 0.252073 0.616139
vt 0.259290 0.602906
vt 0.293014 0.588009
vt 0.240665 0.111847
vt 0.219541 0.129992
vt 0.184147 0.577703
vt 0.199527 0.599368
vt 0.127862 0.455843
vt 0.132758 0.480423
vt 0.134724 0.267336
vt 0.140466 0.297939
vt 0.201757 0.150380
vt 0.192496 0.181404
vt 0.217930 0.618947
vt 0.239139 0.636528
vt 0.141033 0.503953
vt 0.152586 0.526236
vt 0.116961 0.373080
vt 0.119346 0.397815
vt 0.122115 0.324158
vt 0.117946 0.348464
vt 0.165444 0.198759
vt 0.274826 0.103698
vt 0.178674 0.545989
vt 0.136418 0.424801
vt 0.274133 0.644696
vt 0.165192 0.394322
vt 0.165315 0.373089
vt 0.179975 0.373440
vt 0.179910 0.393637
vt 0.162295 0.251152
vt 0.171319 0.230886
vt 0.183414 0.237557
vt 0.175056 0.256677
vt 0.154080 0.474081
vt 0.149272 0.452712
vt 0.162295 0.449972
vt 0.167319 0.469647
vt 0.233076 0.601186
vt 0.241901 0.589456
vt 0.182711 0.211778
vt 0.193353 0.219350
vt 0.168817 0.419685
vt 0.181935 0.417458
vt 0.216365 0.584372
vt 0.226302 0.574150
vt 0.216971 0.202361
vt 0.226387 0.211627
vt 0.140791 0.394268
vt 0.153964 0.392974
vt 0.139447 0.372605
vt 0.140313 0.350755
vt 0.154369 0.351834
vt 0.153494 0.372559
vt 0.202167 0.566252
vt 0.212323 0.558051
vt 0.218594 0.163930
vt 0.227910 0.173349
vt 0.143510 0.329097
vt 0.156573 0.331527
vt 0.205150 0.527678
vt 0.215503 0.519601
vt 0.234934 0.147332
vt 0.243642 0.158797
vt 0.172312 0.305643
vt 0.185134 0.308898
vt 0.170993 0.514782
vt 0.182324 0.508288
vt 0.253509 0.131936
vt 0.260876 0.145279
vt 0.155657 0.272149
vt 0.168318 0.275915
vt 0.161311 0.494926
vt 0.173973 0.489364
vt 0.291150 0.142849
vt 0.293591 0.160696
vt 0.166167 0.352438
vt 0.167839 0.331203
vt 0.182284 0.333190
vt 0.180700 0.353414
vt 0.219008 0.548659
vt 0.223378 0.512880
vt 0.232126 0.504834
vt 0.228941 0.537726
vt 0.233660 0.183513
vt 0.250182 0.169313
vt 0.257495 0.183130
vt 0.242304 0.195756
vt 0.195120 0.311626
vt 0.206545 0.314823
vt 0.192761 0.504555
vt 0.205196 0.497495
vt 0.267572 0.156345
vt 0.273862 0.172220
vt 0.178166 0.281724
vt 0.191676 0.287209
vt 0.184643 0.484992
vt 0.197853 0.478943
vt 0.296158 0.174193
vt 0.296983 0.190203
vt 0.185571 0.261881
vt 0.198474 0.268464
vt 0.178333 0.465442
vt 0.191780 0.460156
vt 0.295894 0.574525
vt 0.266088 0.591940
vt 0.272880 0.576001
vt 0.296983 0.558334
vt 0.193697 0.243003
vt 0.206168 0.250359
vt 0.172516 0.445015
vt 0.186414 0.440784
vt 0.249096 0.579009
vt 0.256922 0.565001
vt 0.203212 0.224126
vt 0.214940 0.232591
vt 0.192198 0.415644
vt 0.203878 0.413516
vt 0.233725 0.564562
vt 0.242334 0.552092
vt 0.233508 0.219363
vt 0.241195 0.228690
vt 0.281084 0.539772
vt 0.296222 0.527626
vt 0.231039 0.267862
vt 0.225251 0.282279
vt 0.216028 0.433776
vt 0.219863 0.449410
vt 0.269469 0.533261
vt 0.237804 0.254158
vt 0.226047 0.409319
vt 0.258811 0.524505
vt 0.255427 0.247560
vt 0.210895 0.389442
vt 0.210691 0.356393
vt 0.210338 0.372858
vt 0.249485 0.513836
vt 0.259468 0.223313
vt 0.212159 0.340157
vt 0.248621 0.488637
vt 0.270071 0.214455
vt 0.227969 0.321106
vt 0.229986 0.479220
vt 0.281629 0.208066
vt 0.220394 0.297225
vt 0.224700 0.464570
vt 0.296327 0.220337
vt 0.232761 0.346387
vt 0.232260 0.358980
vt 0.259753 0.477799
vt 0.263706 0.496809
vt 0.277028 0.237818
vt 0.270823 0.243233
vt 0.242296 0.325061
vt 0.247014 0.464057
vt 0.283803 0.234108
vt 0.240471 0.303312
vt 0.243523 0.453318
vt 0.294674 0.239727
vt 0.244282 0.292346
vt 0.240206 0.441914
vt 0.282846 0.513576
vt 0.294460 0.508532
vt 0.248480 0.281617
vt 0.237446 0.430440
vt 0.275882 0.509667
vt 0.252987 0.271752
vt 0.240522 0.406616
vt 0.269459 0.503884
vt 0.265290 0.260293
vt 0.232062 0.384488
vt 0.231863 0.371931
vt 0.262676 0.290770
vt 0.258802 0.301976
vt 0.251836 0.421089
vt 0.255131 0.433778
vt 0.281317 0.491199
vt 0.285264 0.494556
vt 0.266563 0.280287
vt 0.249737 0.404321
vt 0.277020 0.486394
vt 0.271706 0.270053
vt 0.248134 0.387532
vt 0.248884 0.359783
vt 0.248363 0.373586
vt 0.272303 0.480027
vt 0.277120 0.261184
vt 0.249793 0.345862
vt 0.267227 0.469327
vt 0.281721 0.256513
vt 0.252194 0.330294
vt 0.262177 0.457487
vt 0.285808 0.253291
vt 0.255104 0.314068
vt 0.258545 0.445841
vt 0.289166 0.253741
vt 0.288840 0.494791
vt 0.705615 0.657664
vt 0.704063 0.654786
vt 0.710913 0.652024
vt 0.711542 0.653251
vt 0.725522 0.657816
vt 0.723171 0.660113
vt 0.718879 0.654236
vt 0.719850 0.653285
vt 0.720791 0.638397
vt 0.723603 0.640057
vt 0.719079 0.645845
vt 0.717908 0.645152
vt 0.703316 0.651587
vt 0.710605 0.650687
vt 0.720311 0.661741
vt 0.717691 0.654914
vt 0.725844 0.642467
vt 0.719992 0.646892
vt 0.703398 0.648306
vt 0.710641 0.649322
vt 0.717134 0.662545
vt 0.716362 0.655273
vt 0.727407 0.645352
vt 0.720633 0.648117
vt 0.704303 0.645153
vt 0.711020 0.648016
vt 0.713852 0.662545
vt 0.714975 0.655295
vt 0.728173 0.648552
vt 0.720951 0.649452
vt 0.705978 0.642332
vt 0.711718 0.646852
vt 0.710649 0.661738
vt 0.713613 0.654994
vt 0.728107 0.651837
vt 0.720921 0.650815
vt 0.708323 0.640041
vt 0.712686 0.645899
vt 0.707837 0.660073
vt 0.712442 0.654299
vt 0.727204 0.654994
vt 0.720544 0.652119
vt 0.711169 0.638412
vt 0.713868 0.645224
vt 0.714336 0.637593
vt 0.717607 0.637591
vt 0.716562 0.644848
vt 0.715188 0.644867
vt 0.229966 0.215408
vt 0.230741 0.178075
vt 0.230057 0.569602
vt 0.215575 0.553693
vt 0.159243 0.372770
vt 0.160064 0.352133
vt 0.187029 0.416565
vt 0.159288 0.393555
vt 0.198028 0.221644
vt 0.245475 0.584475
vt 0.167216 0.447705
vt 0.188409 0.240199
vt 0.262507 0.597716
vt 0.172680 0.467671
vt 0.180146 0.259144
vt 0.294342 0.581308
vt 0.179158 0.487256
vt 0.173112 0.278578
vt 0.264112 0.150578
vt 0.294758 0.167429
vt 0.187302 0.506457
vt 0.190081 0.310224
vt 0.246935 0.163798
vt 0.219445 0.516316
vt 0.161997 0.331458
vt 0.996091 0.758826
vt 0.996091 0.791649
vt 0.807165 0.791649
vt 0.807165 0.758826
vt 0.996091 0.200842
vt 0.996091 0.233665
vt 0.807165 0.233665
vt 0.807165 0.200842
vt 0.996091 0.496245
vt 0.996091 0.529068
vt 0.807165 0.529068
vt 0.807165 0.496245
vt 0.996091 0.726004
vt 0.807165 0.726004
vt 0.996091 0.168019
vt 0.807165 0.168019
vt 0.996091 0.463423
vt 0.807165 0.463423
vt 0.996091 0.693181
vt 0.807165 0.693181
vt 0.996091 0.135197
vt 0.807165 0.135197
vt 0.996091 0.430600
vt 0.807165 0.430600
vt 0.996091 0.364955
vt 0.996091 0.397778
vt 0.807165 0.397778
vt 0.807165 0.364955
vt 0.996091 0.660358
vt 0.807165 0.660358
vt 0.996091 0.102374
vt 0.807165 0.102374
vt 0.996091 0.332132
vt 0.807165 0.332132
vt 0.996091 0.627536
vt 0.807165 0.627536
vt 0.996091 0.069551
vt 0.807165 0.069551
vt 0.996091 0.299310
vt 0.807165 0.299310
vt 0.996091 0.594713
vt 0.807165 0.594713
vt 0.996091 0.036729
vt 0.807165 0.036729
vt 0.996091 0.266487
vt 0.807165 0.266487
vt 0.996091 0.561891
vt 0.807165 0.561891
vt 0.996091 0.003906
vt 0.807165 0.003906
vt 0.573744 0.680608
vt 0.584154 0.684767
vt 0.573744 0.670601
vt 0.584900 0.672069
vt 0.576332 0.660934
vt 0.587465 0.659609
vt 0.581336 0.652265
vt 0.591632 0.648610
vt 0.588412 0.645188
vt 0.597079 0.640183
vt 0.596157 0.701039
vt 0.597085 0.711023
vt 0.596455 0.688131
vt 0.597871 0.673775
vt 0.600217 0.659542
vt 0.603267 0.646996
vt 0.606747 0.637591
vt 0.608059 0.703675
vt 0.606752 0.713612
vt 0.609795 0.690478
vt 0.611753 0.675602
vt 0.613710 0.660726
vt 0.615446 0.647528
vt 0.616754 0.637591
vt 0.620238 0.704207
vt 0.616759 0.713612
vt 0.623289 0.691661
vt 0.625635 0.677428
vt 0.627050 0.663073
vt 0.627349 0.650165
vt 0.626420 0.640180
vt 0.631873 0.702593
vt 0.626427 0.711021
vt 0.636041 0.691595
vt 0.638606 0.679135
vt 0.639351 0.666436
vt 0.638170 0.654733
vt 0.635089 0.645184
vt 0.642170 0.698938
vt 0.635094 0.706016
vt 0.647173 0.690270
vt 0.649762 0.680603
vt 0.649762 0.670595
vt 0.647171 0.660928
vt 0.642166 0.652260
s 1
usemtl Gaseosa_Grande
f 433/1/1 2/2/2 4/3/3 434/4/4
f 434/4/4 4/3/3 6/5/5 435/6/6
f 435/6/6 6/5/5 8/7/7 436/8/8
f 436/8/8 8/7/7 10/9/9 437/10/10
f 437/10/10 10/9/9 12/11/11 438/12/12
f 438/12/12 12/11/11 14/13/13 439/14/14
f 439/14/14 14/13/13 16/15/15 440/16/16
f 440/16/16 16/15/15 18/17/17 441/18/18
f 441/18/18 18/17/17 20/19/19 442/20/20
f 442/20/20 20/19/19 22/21/21 443/22/22
f 443/22/22 22/21/21 24/23/23 444/24/24
f 444/24/24 24/23/23 26/25/25 445/26/26
f 445/27/26 26/28/25 28/29/27 446/30/28
f 446/30/28 28/29/27 30/31/29 447/32/30
f 447/32/30 30/31/29 32/33/31 448/34/32
f 448/34/32 32/33/31 34/35/33 449/36/34
f 449/36/34 34/35/33 36/37/35 450/38/36
f 450/38/36 36/37/35 38/39/37 451/40/38
f 451/40/38 38/39/37 40/41/39 452/42/40
f 452/42/40 40/41/39 42/43/41 453/44/42
f 453/44/42 42/43/41 44/45/43 454/46/44
f 454/46/44 44/45/43 46/47/45 455/48/46
f 8/7/7 6/5/5 51/49/47 52/50/48
f 455/48/46 46/47/45 48/51/49 456/52/50
f 456/52/50 48/51/49 2/2/2 433/1/1
f 11/53/51 13/54/52 487/55/53 486/56/54
f 60/57/55 59/58/56 83/59/57 84/60/58
f 18/17/17 16/15/15 56/61/59 57/62/60
f 4/3/3 2/2/2 50/63/61 49/64/62
f 28/29/27 26/28/25 61/65/63 62/66/64
f 38/39/37 36/37/35 66/67/65 67/68/66
f 48/51/49 46/47/45 71/69/67 72/70/68
f 14/13/13 12/11/11 54/71/69 55/72/70
f 24/23/23 22/21/21 59/58/56 60/57/55
f 34/35/33 32/33/31 64/73/71 65/74/72
f 44/45/43 42/43/41 69/75/73 70/76/74
f 10/9/9 8/7/7 52/50/48 53/77/75
f 20/19/19 18/17/17 57/62/60 58/78/76
f 30/31/29 28/29/27 62/66/64 63/79/77
f 40/41/39 38/39/37 67/68/66 68/80/78
f 2/2/2 48/51/49 72/70/68 50/63/61
f 6/5/5 4/3/3 49/64/62 51/49/47
f 16/15/15 14/13/13 55/72/70 56/61/59
f 26/25/25 24/23/23 60/57/55 61/81/63
f 36/37/35 34/35/33 65/74/72 66/67/65
f 46/47/45 44/45/43 70/76/74 71/69/67
f 12/11/11 10/9/9 53/77/75 54/71/69
f 22/21/21 20/19/19 58/78/76 59/58/56
f 32/33/31 30/31/29 63/79/77 64/73/71
f 42/43/41 40/41/39 68/80/78 69/75/73
f 88/82/79 87/83/80 111/84/81 112/85/82
f 53/77/75 52/50/48 76/86/83 77/87/84
f 68/80/78 67/68/66 91/88/85 92/89/86
f 61/81/63 60/57/55 84/60/58 85/90/87
f 54/71/69 53/77/75 77/87/84 78/91/88
f 69/75/73 68/80/78 92/89/86 93/92/89
f 62/66/64 61/65/63 85/93/87 86/94/90
f 55/72/70 54/71/69 78/91/88 79/95/91
f 70/76/74 69/75/73 93/92/89 94/96/92
f 63/79/77 62/66/64 86/94/90 87/83/80
f 56/61/59 55/72/70 79/95/91 80/97/93
f 71/69/67 70/76/74 94/96/92 95/98/94
f 64/73/71 63/79/77 87/83/80 88/82/79
f 57/62/60 56/61/59 80/97/93 81/99/95
f 72/70/68 71/69/67 95/98/94 96/100/96
f 49/64/62 50/63/61 74/101/97 73/102/98
f 65/74/72 64/73/71 88/82/79 89/103/99
f 58/78/76 57/62/60 81/99/95 82/104/100
f 50/63/61 72/70/68 96/100/96 74/101/97
f 51/49/47 49/64/62 73/102/98 75/105/101
f 66/67/65 65/74/72 89/103/99 90/106/102
f 59/58/56 58/78/76 82/104/100 83/59/57
f 52/50/48 51/49/47 75/105/101 76/86/83
f 67/68/66 66/67/65 90/106/102 91/88/85
f 101/107/103 100/108/104 124/109/105 125/110/106
f 81/99/95 80/97/93 104/111/107 105/112/108
f 96/100/96 95/98/94 119/113/109 120/114/110
f 73/102/98 74/101/97 98/115/111 97/116/112
f 89/103/99 88/82/79 112/85/82 113/117/113
f 82/104/100 81/99/95 105/112/108 106/118/114
f 74/101/97 96/100/96 120/114/110 98/115/111
f 75/105/101 73/102/98 97/116/112 99/119/115
f 90/106/102 89/103/99 113/117/113 114/120/116
f 83/59/57 82/104/100 106/118/114 107/121/117
f 76/86/83 75/105/101 99/119/115 100/108/104
f 91/88/85 90/106/102 114/120/116 115/122/118
f 84/60/58 83/59/57 107/121/117 108/123/119
f 77/87/84 76/86/83 100/108/104 101/107/103
f 92/89/86 91/88/85 115/122/118 116/124/120
f 85/90/87 84/60/58 108/123/119 109/125/121
f 78/91/88 77/87/84 101/107/103 102/126/122
f 93/92/89 92/89/86 116/124/120 117/127/123
f 86/94/90 85/93/87 109/128/121 110/129/124
f 79/95/91 78/91/88 102/126/122 103/130/125
f 94/96/92 93/92/89 117/127/123 118/131/126
f 87/83/80 86/94/90 110/129/124 111/84/81
f 80/97/93 79/95/91 103/130/125 104/111/107
f 95/98/94 94/96/92 118/131/126 119/113/109
f 129/132/127 128/133/128 152/134/129 153/135/130
f 116/124/120 115/122/118 139/136/131 140/137/132
f 109/125/121 108/123/119 132/138/133 133/139/134
f 102/126/122 101/107/103 125/110/106 126/140/135
f 117/127/123 116/124/120 140/137/132 141/141/136
f 110/129/124 109/128/121 133/142/134 134/143/137
f 103/130/125 102/126/122 126/140/135 127/144/138
f 118/131/126 117/127/123 141/141/136 142/145/139
f 111/84/81 110/129/124 134/143/137 135/146/140
f 104/111/107 103/130/125 127/144/138 128/133/128
f 119/113/109 118/131/126 142/145/139 143/147/141
f 112/85/82 111/84/81 135/146/140 136/148/142
f 105/112/108 104/111/107 128/133/128 129/132/127
f 120/114/110 119/113/109 143/147/141 144/149/143
f 97/116/112 98/115/111 122/150/144 121/151/145
f 113/117/113 112/85/82 136/148/142 137/152/146
f 106/118/114 105/112/108 129/132/127 130/153/147
f 98/115/111 120/114/110 144/149/143 122/150/144
f 99/119/115 97/116/112 121/151/145 123/154/148
f 114/120/116 113/117/113 137/152/146 138/155/149
f 107/121/117 106/118/114 130/153/147 131/156/150
f 100/108/104 99/119/115 123/154/148 124/109/105
f 115/122/118 114/120/116 138/155/149 139/136/131
f 108/123/119 107/121/117 131/156/150 132/138/133
f 144/149/143 143/147/141 167/157/151 168/158/152
f 121/151/145 122/150/144 146/159/153 145/160/154
f 137/152/146 136/148/142 160/161/155 161/162/156
f 130/153/147 129/132/127 153/135/130 154/163/157
f 122/150/144 144/149/143 168/158/152 146/159/153
f 123/154/148 121/151/145 145/160/154 147/164/158
f 138/155/149 137/152/146 161/162/156 162/165/159
f 131/156/150 130/153/147 154/163/157 155/166/160
f 124/109/105 123/154/148 147/164/158 148/167/161
f 139/136/131 138/155/149 162/165/159 163/168/162
f 132/138/133 131/156/150 155/166/160 156/169/163
f 125/110/106 124/109/105 148/167/161 149/170/164
f 140/137/132 139/136/131 163/168/162 164/171/165
f 133/139/134 132/138/133 156/169/163 157/172/166
f 126/140/135 125/110/106 149/170/164 150/173/167
f 141/141/136 140/137/132 164/171/165 165/174/168
f 134/143/137 133/142/134 157/175/166 158/176/169
f 127/144/138 126/140/135 150/173/167 151/177/170
f 142/145/139 141/141/136 165/174/168 166/178/171
f 135/146/140 134/143/137 158/176/169 159/179/172
f 128/133/128 127/144/138 151/177/170 152/134/129
f 143/147/141 142/145/139 166/178/171 167/157/151
f 136/148/142 135/146/140 159/179/172 160/161/155
f 171/180/173 169/181/174 193/182/175 195/183/176
f 199/184/177 198/185/178 222/186/179 223/187/180
f 186/188/181 185/189/182 209/190/183 210/191/184
f 179/192/185 178/193/186 202/194/187 203/195/188
f 172/196/189 171/180/173 195/183/176 196/197/190
f 187/198/191 186/188/181 210/191/184 211/199/192
f 180/200/193 179/192/185 203/195/188 204/201/194
f 173/202/195 172/196/189 196/197/190 197/203/196
f 188/204/197 187/198/191 211/199/192 212/205/198
f 181/206/199 180/200/193 204/201/194 205/207/200
f 174/208/201 173/202/195 197/203/196 198/185/178
f 189/209/202 188/204/197 212/205/198 213/210/203
f 182/211/204 181/212/199 205/213/200 206/214/205
f 175/215/206 174/208/201 198/185/178 199/184/177
f 190/216/207 189/209/202 213/210/203 214/217/208
f 183/218/209 182/211/204 206/214/205 207/219/210
f 176/220/211 175/215/206 199/184/177 200/221/212
f 191/222/213 190/216/207 214/217/208 215/223/214
f 184/224/215 183/218/209 207/219/210 208/225/216
f 177/226/217 176/220/211 200/221/212 201/227/218
f 192/228/219 191/222/213 215/223/214 216/229/220
f 169/181/174 170/230/221 194/231/222 193/182/175
f 185/189/182 184/224/215 208/225/216 209/190/183
f 178/193/186 177/226/217 201/227/218 202/194/187
f 170/230/221 192/228/219 216/229/220 194/231/222
f 234/232/223 233/233/224 257/234/225 258/235/226
f 214/217/208 213/210/203 237/236/227 238/237/228
f 207/219/210 206/214/205 230/238/229 231/239/230
f 200/221/212 199/184/177 223/187/180 224/240/231
f 215/223/214 214/217/208 238/237/228 239/241/232
f 208/225/216 207/219/210 231/239/230 232/242/233
f 201/227/218 200/221/212 224/240/231 225/243/234
f 216/229/220 215/223/214 239/241/232 240/244/235
f 193/182/175 194/231/222 218/245/236 217/246/237
f 209/190/183 208/225/216 232/242/233 233/233/224
f 202/194/187 201/227/218 225/243/234 226/247/238
f 194/231/222 216/229/220 240/244/235 218/245/236
f 195/183/176 193/182/175 217/246/237 219/248/239
f 210/191/184 209/190/183 233/233/224 234/232/223
f 203/195/188 202/194/187 226/247/238 227/249/240
f 196/197/190 195/183/176 219/248/239 220/250/241
f 211/199/192 210/191/184 234/232/223 235/251/242
f 204/201/194 203/195/188 227/249/240 228/252/243
f 197/203/196 196/197/190 220/250/241 221/253/244
f 212/205/198 211/199/192 235/251/242 236/254/245
f 205/207/200 204/201/194 228/252/243 229/255/246
f 198/185/178 197/203/196 221/253/244 222/186/179
f 213/210/203 212/205/198 236/254/245 237/236/227
f 206/214/205 205/213/200 229/256/246 230/238/229
f 247/257/247 246/258/248 270/259/249 271/260/250
f 227/249/240 226/247/238 250/261/251 251/262/252
f 220/250/241 219/248/239 243/263/253 244/264/254
f 235/251/242 234/232/223 258/235/226 259/265/255
f 228/252/243 227/249/240 251/262/252 252/266/256
f 221/253/244 220/250/241 244/264/254 245/267/257
f 236/254/245 235/251/242 259/265/255 260/268/258
f 229/255/246 228/252/243 252/266/256 253/269/259
f 222/186/179 221/253/244 245/267/257 246/258/248
f 237/236/227 236/254/245 260/268/258 261/270/260
f 230/238/229 229/256/246 253/271/259 254/272/261
f 223/187/180 222/186/179 246/258/248 247/257/247
f 238/237/228 237/236/227 261/270/260 262/273/262
f 231/239/230 230/238/229 254/272/261 255/274/263
f 224/240/231 223/187/180 247/257/247 248/275/264
f 239/241/232 238/237/228 262/273/262 263/276/265
f 232/242/233 231/239/230 255/274/263 256/277/266
f 225/243/234 224/240/231 248/275/264 249/278/267
f 240/244/235 239/241/232 263/276/265 264/279/268
f 217/246/237 218/245/236 242/280/269 241/281/270
f 233/233/224 232/242/233 256/277/266 257/234/225
f 226/247/238 225/243/234 249/278/267 250/261/251
f 218/245/236 240/244/235 264/279/268 242/280/269
f 219/248/239 217/246/237 241/281/270 243/263/253
f 275/282/271 274/283/272 298/284/273 299/285/274
f 262/273/262 261/270/260 285/286/275 286/287/276
f 255/274/263 254/272/261 278/288/277 279/289/278
f 248/275/264 247/257/247 271/260/250 272/290/279
f 263/276/265 262/273/262 286/287/276 287/291/280
f 256/277/266 255/274/263 279/289/278 280/292/281
f 249/278/267 248/275/264 272/290/279 273/293/282
f 264/279/268 263/276/265 287/291/280 288/294/283
f 241/281/270 242/280/269 266/295/284 265/296/285
f 257/234/225 256/277/266 280/292/281 281/297/286
f 250/261/251 249/278/267 273/293/282 274/283/272
f 242/280/269 264/279/268 288/294/283 266/295/284
f 243/263/253 241/281/270 265/296/285 267/298/287
f 258/235/226 257/234/225 281/297/286 282/299/288
f 251/262/252 250/261/251 274/283/272 275/282/271
f 244/264/254 243/263/253 267/298/287 268/300/289
f 259/265/255 258/235/226 282/299/288 283/301/290
f 252/266/256 251/262/252 275/282/271 276/302/291
f 245/267/257 244/264/254 268/300/289 269/303/292
f 260/268/258 259/265/255 283/301/290 284/304/293
f 253/269/259 252/266/256 276/302/291 277/305/294
f 246/258/248 245/267/257 269/303/292 270/259/249
f 261/270/260 260/268/258 284/304/293 285/286/275
f 254/272/261 253/271/259 277/306/294 278/288/277
f 310/307/295 309/308/296 333/309/297 334/310/298
f 268/300/289 267/298/287 291/311/299 292/312/300
f 283/301/290 282/299/288 306/313/301 307/314/302
f 276/302/291 275/282/271 299/285/274 300/315/303
f 269/303/292 268/300/289 292/312/300 293/316/304
f 284/304/293 283/301/290 307/314/302 308/317/305
f 277/305/294 276/302/291 300/315/303 301/318/306
f 270/259/249 269/303/292 293/316/304 294/319/307
f 285/286/275 284/304/293 308/317/305 309/308/296
f 278/288/277 277/306/294 301/320/306 302/321/308
f 271/260/250 270/259/249 294/319/307 295/322/309
f 286/287/276 285/286/275 309/308/296 310/307/295
f 279/289/278 278/288/277 302/321/308 303/323/310
f 272/290/279 271/260/250 295/322/309 296/324/311
f 287/291/280 286/287/276 310/307/295 311/325/312
f 280/292/281 279/289/278 303/323/310 304/326/313
f 273/293/282 272/290/279 296/324/311 297/327/314
f 288/294/283 287/291/280 311/325/312 312/328/315
f 265/296/285 266/295/284 290/329/316 289/330/317
f 281/297/286 280/292/281 304/326/313 305/331/318
f 274/283/272 273/293/282 297/327/314 298/284/273
f 266/295/284 288/294/283 312/328/315 290/329/316
f 267/298/287 265/296/285 289/330/317 291/311/299
f 282/299/288 281/297/286 305/331/318 306/313/301
f 323/332/319 322/333/320 346/334/321 347/335/322
f 303/323/310 302/321/308 326/336/323 327/337/324
f 296/324/311 295/322/309 319/338/325 320/339/326
f 311/325/312 310/307/295 334/310/298 335/340/327
f 304/326/313 303/323/310 327/337/324 328/341/328
f 297/327/314 296/324/311 320/339/326 321/342/329
f 312/328/315 311/325/312 335/340/327 336/343/330
f 289/330/317 290/329/316 314/344/331 313/345/332
f 305/331/318 304/326/313 328/341/328 329/346/333
f 298/284/273 297/327/314 321/342/329 322/347/320
f 290/329/316 312/328/315 336/343/330 314/344/331
f 291/311/299 289/330/317 313/345/332 315/348/334
f 306/313/301 305/331/318 329/346/333 330/349/335
f 299/285/274 298/284/273 322/347/320 323/350/319
f 292/312/300 291/311/299 315/348/334 316/351/336
f 307/314/302 306/313/301 330/349/335 331/352/337
f 300/315/303 299/285/274 323/350/319 324/353/338
f 293/316/304 292/312/300 316/351/336 317/354/339
f 308/317/305 307/314/302 331/352/337 332/355/340
f 301/318/306 300/315/303 324/353/338 325/356/341
f 294/319/307 293/316/304 317/354/339 318/357/342
f 309/308/296 308/317/305 332/355/340 333/309/297
f 302/321/308 301/320/306 325/358/341 326/336/323
f 295/322/309 294/319/307 318/357/342 319/338/325
f 351/359/343 350/360/344 374/361/344 375/362/343
f 316/363/336 315/364/334 339/365/345 340/366/346
f 331/367/337 330/368/335 354/369/347 355/370/348
f 324/371/338 323/332/319 347/335/322 348/372/349
f 317/373/339 316/363/336 340/366/346 341/374/350
f 332/375/340 331/367/337 355/370/348 356/376/351
f 325/377/341 324/371/338 348/372/349 349/378/352
f 318/379/342 317/373/339 341/374/350 342/380/353
f 333/381/297 332/375/340 356/376/351 357/382/354
f 326/383/323 325/384/341 349/385/352 350/386/355
f 319/387/325 318/379/342 342/380/353 343/388/356
f 334/389/298 333/381/297 357/382/354 358/390/357
f 327/391/324 326/383/323 350/386/355 351/392/358
f 320/393/326 319/387/325 343/388/356 344/394/359
f 335/395/327 334/389/298 358/390/357 359/396/360
f 328/397/328 327/391/324 351/392/358 352/398/361
f 321/399/329 320/393/326 344/394/359 345/400/362
f 336/401/330 335/395/327 359/396/360 360/402/363
f 313/403/332 314/404/331 338/405/364 337/406/365
f 329/407/333 328/397/328 352/398/361 353/408/366
f 322/333/320 321/399/329 345/400/362 346/334/321
f 314/404/331 336/401/330 360/402/363 338/405/364
f 315/364/334 313/403/332 337/406/365 339/365/345
f 330/368/335 329/407/333 353/408/366 354/369/347
f 364/409/367 363/410/368 387/411/369 388/412/370
f 344/413/371 343/414/372 367/415/372 368/416/371
f 359/417/373 358/418/374 382/419/374 383/420/373
f 352/421/375 351/359/343 375/362/343 376/422/375
f 345/423/376 344/413/371 368/416/371 369/424/376
f 360/425/377 359/417/373 383/420/373 384/426/377
f 337/427/378 338/428/379 362/429/379 361/430/378
f 353/431/380 352/421/375 376/422/375 377/432/380
f 346/433/381 345/423/376 369/424/376 370/434/381
f 338/428/379 360/425/377 384/426/377 362/429/379
f 339/435/382 337/427/378 361/430/378 363/436/382
f 354/437/383 353/431/380 377/432/380 378/438/383
f 347/439/384 346/433/381 370/434/381 371/440/384
f 340/441/385 339/435/382 363/436/382 364/442/385
f 355/443/386 354/437/383 378/438/383 379/444/386
f 348/445/387 347/439/384 371/440/384 372/446/387
f 341/447/388 340/441/385 364/442/385 365/448/388
f 356/449/389 355/443/386 379/444/386 380/450/389
f 349/451/390 348/445/387 372/446/387 373/452/390
f 342/453/391 341/447/388 365/448/388 366/454/391
f 357/455/392 356/449/389 380/450/389 381/456/392
f 350/360/344 349/457/390 373/458/390 374/361/344
f 343/414/372 342/453/391 366/454/391 367/415/372
f 358/418/374 357/455/392 381/456/392 382/419/374
f 399/459/393 398/460/394 422/461/344 423/462/343
f 379/463/395 378/464/396 402/465/397 403/466/398
f 372/467/399 371/468/400 395/469/401 396/470/402
f 365/471/403 364/409/367 388/412/370 389/472/404
f 380/473/405 379/463/395 403/466/398 404/474/406
f 373/475/407 372/467/399 396/470/402 397/476/408
f 366/477/409 365/471/403 389/472/404 390/478/410
f 381/479/411 380/473/405 404/474/406 405/480/412
f 374/481/413 373/482/407 397/483/408 398/484/394
f 367/485/414 366/477/409 390/478/410 391/486/415
f 382/487/416 381/479/411 405/480/412 406/488/417
f 375/489/418 374/481/413 398/484/394 399/490/393
f 368/491/419 367/485/414 391/486/415 392/492/420
f 383/493/421 382/487/416 406/488/417 407/494/422
f 376/495/423 375/489/418 399/490/393 400/496/424
f 369/497/425 368/491/419 392/492/420 393/498/426
f 384/499/427 383/493/421 407/494/422 408/500/428
f 361/501/429 362/502/430 386/503/431 385/504/432
f 377/505/433 376/495/423 400/496/424 401/506/434
f 370/507/435 369/497/425 393/498/426 394/508/436
f 362/502/430 384/499/427 408/500/428 386/503/431
f 363/410/368 361/501/429 385/504/432 387/411/369
f 378/464/396 377/505/433 401/506/434 402/465/397
f 371/468/400 370/507/435 394/508/436 395/469/401
f 415/509/437 414/510/438 721/511/439 416/512/440
f 392/513/420 391/514/415 415/515/372 416/516/371
f 407/517/422 406/518/417 430/519/374 431/520/373
f 400/521/424 399/459/393 423/462/343 424/522/375
f 393/523/426 392/513/420 416/516/371 417/524/376
f 408/525/428 407/517/422 431/520/373 432/526/377
f 385/527/432 386/528/431 410/529/379 409/530/378
f 401/531/434 400/521/424 424/522/375 425/532/380
f 394/533/436 393/523/426 417/524/376 418/534/381
f 386/528/431 408/525/428 432/526/377 410/529/379
f 387/535/369 385/527/432 409/530/378 411/536/382
f 402/537/397 401/531/434 425/532/380 426/538/383
f 395/539/401 394/533/436 418/534/381 419/540/384
f 388/541/370 387/535/369 411/536/382 412/542/385
f 403/543/398 402/537/397 426/538/383 427/544/386
f 396/545/402 395/539/401 419/540/384 420/546/387
f 389/547/404 388/541/370 412/542/385 413/548/388
f 404/549/406 403/543/398 427/544/386 428/550/389
f 397/551/408 396/545/402 420/546/387 421/552/390
f 390/553/410 389/547/404 413/548/388 414/554/391
f 405/555/412 404/549/406 428/550/389 429/556/392
f 398/460/394 397/557/408 421/558/390 422/461/344
f 391/514/415 390/553/410 414/554/391 415/515/372
f 406/518/417 405/555/412 429/556/392 430/519/374
f 479/559/441 456/560/50 433/561/1 480/562/442
f 478/563/443 455/564/46 456/560/50 479/559/441
f 477/565/444 454/566/44 455/564/46 478/563/443
f 476/567/445 453/568/42 454/566/44 477/565/444
f 475/569/446 452/570/40 453/568/42 476/567/445
f 474/571/447 451/572/38 452/570/40 475/569/446
f 473/573/448 450/574/36 451/572/38 474/571/447
f 472/575/449 449/576/34 450/574/36 473/573/448
f 471/577/450 448/578/32 449/576/34 472/575/449
f 470/579/451 447/580/30 448/578/32 471/577/450
f 469/581/452 446/582/28 447/580/30 470/579/451
f 468/583/453 445/584/26 446/582/28 469/581/452
f 467/585/454 444/586/24 445/587/26 468/588/453
f 466/589/455 443/590/22 444/586/24 467/585/454
f 465/591/456 442/592/20 443/590/22 466/589/455
f 464/593/457 441/594/18 442/592/20 465/591/456
f 463/595/458 440/596/16 441/594/18 464/593/457
f 462/597/459 439/598/14 440/596/16 463/595/458
f 461/599/460 438/600/12 439/598/14 462/597/459
f 460/601/461 437/602/10 438/600/12 461/599/460
f 459/603/462 436/604/8 437/602/10 460/601/461
f 458/605/463 435/606/6 436/604/8 459/603/462
f 457/607/464 434/608/4 435/606/6 458/605/463
f 480/562/442 433/561/1 434/608/4 457/607/464
f 1/609/465 480/562/442 457/607/464 3/610/466
f 3/610/466 457/607/464 458/605/463 5/611/467
f 5/611/467 458/605/463 459/603/462 7/612/468
f 7/612/468 459/603/462 460/601/461 9/613/469
f 9/613/469 460/601/461 461/599/460 11/53/51
f 11/53/51 461/599/460 462/597/459 13/54/52
f 13/54/52 462/597/459 463/595/458 15/614/470
f 15/614/470 463/595/458 464/593/457 17/615/471
f 17/615/471 464/593/457 465/591/456 19/616/472
f 19/616/472 465/591/456 466/589/455 21/617/473
f 21/617/473 466/589/455 467/585/454 23/618/474
f 23/618/474 467/585/454 468/588/453 25/619/475
f 25/620/475 468/583/453 469/581/452 27/621/476
f 27/621/476 469/581/452 470/579/451 29/622/477
f 29/622/477 470/579/451 471/577/450 31/623/478
f 31/623/478 471/577/450 472/575/449 33/624/479
f 33/624/479 472/575/449 473/573/448 35/625/480
f 35/625/480 473/573/448 474/571/447 37/626/481
f 37/626/481 474/571/447 475/569/446 39/627/482
f 39/627/482 475/569/446 476/567/445 41/628/483
f 41/628/483 476/567/445 477/565/444 43/629/484
f 43/629/484 477/565/444 478/563/443 45/630/485
f 45/630/485 478/563/443 479/559/441 47/631/486
f 47/631/486 479/559/441 480/562/442 1/609/465
f 650/632/487 649/633/488 518/634/489 517/635/490
f 21/617/473 23/618/474 492/636/491 491/637/492
f 31/623/478 33/624/479 497/638/493 496/639/494
f 41/628/483 43/629/484 502/640/495 501/641/496
f 7/612/468 9/613/469 485/642/497 484/643/498
f 17/615/471 19/616/472 490/644/499 489/645/500
f 27/621/476 29/622/477 495/646/501 494/647/502
f 37/626/481 39/627/482 500/648/503 499/649/504
f 47/631/486 1/609/465 481/650/505 504/651/506
f 3/610/466 5/611/467 483/652/507 482/653/508
f 13/54/52 15/614/470 488/654/509 487/55/53
f 23/618/474 25/619/475 493/655/510 492/636/491
f 33/624/479 35/625/480 498/656/511 497/638/493
f 43/629/484 45/630/485 503/657/512 502/640/495
f 9/613/469 11/53/51 486/56/54 485/642/497
f 19/616/472 21/617/473 491/637/492 490/644/499
f 29/622/477 31/623/478 496/639/494 495/646/501
f 39/627/482 41/628/483 501/641/496 500/648/503
f 5/611/467 7/612/468 484/643/498 483/652/507
f 15/614/470 17/615/471 489/645/500 488/654/509
f 1/609/465 3/610/466 482/653/508 481/650/505
f 25/620/475 27/621/476 494/647/502 493/658/510
f 35/625/480 37/626/481 499/649/504 498/656/511
f 45/630/485 47/631/486 504/651/506 503/657/512
f 673/659/513 674/660/514 529/661/515 552/662/516
f 652/663/517 651/664/518 511/665/519 510/666/520
f 654/667/521 653/668/522 526/669/523 525/670/524
f 649/633/488 655/671/525 519/672/526 518/634/489
f 651/664/518 656/673/527 512/674/528 511/665/519
f 653/668/522 657/675/529 527/676/530 526/669/523
f 655/671/525 658/677/531 520/678/532 519/672/526
f 656/673/527 659/679/533 513/680/534 512/674/528
f 657/675/529 660/681/535 528/682/536 527/676/530
f 662/683/537 661/684/538 506/685/539 505/686/540
f 658/677/531 663/687/541 521/688/542 520/678/532
f 659/679/533 664/689/543 514/690/544 513/680/534
f 660/681/535 662/683/537 505/686/540 528/682/536
f 661/684/538 665/691/545 507/692/546 506/685/539
f 663/687/541 666/693/547 522/694/548 521/688/542
f 664/689/543 667/695/549 515/696/550 514/690/544
f 665/691/545 668/697/551 508/698/552 507/692/546
f 666/693/547 669/699/553 523/700/554 522/694/548
f 667/695/549 670/701/555 516/702/556 515/696/550
f 668/697/551 671/703/557 509/704/558 508/698/552
f 669/699/553 672/705/559 524/706/560 523/700/554
f 670/701/555 650/707/487 517/708/490 516/702/556
f 671/703/557 652/663/517 510/666/520 509/704/558
f 672/705/559 654/667/521 525/670/524 524/706/560
f 675/709/561 676/710/562 531/711/563 530/712/564
f 677/713/565 678/714/566 546/715/567 545/716/568
f 679/717/569 680/718/570 539/719/571 538/720/572
f 676/710/562 681/721/573 532/722/574 531/711/563
f 678/714/566 682/723/575 547/724/576 546/715/567
f 680/718/570 683/725/577 540/726/578 539/719/571
f 681/721/573 684/727/579 533/728/580 532/722/574
f 682/723/575 685/729/581 548/730/582 547/724/576
f 683/725/577 686/731/583 541/732/584 540/726/578
f 684/727/579 687/733/585 534/734/586 533/728/580
f 685/729/581 688/735/587 549/736/588 548/730/582
f 686/737/583 689/738/589 542/739/590 541/740/584
f 687/733/585 690/741/591 535/742/592 534/734/586
f 688/735/587 691/743/593 550/744/594 549/736/588
f 689/738/589 692/745/595 543/746/596 542/739/590
f 690/741/591 693/747/597 536/748/598 535/742/592
f 691/743/593 694/749/599 551/750/600 550/744/594
f 692/745/595 695/751/601 544/752/602 543/746/596
f 693/747/597 696/753/603 537/754/604 536/748/598
f 694/749/599 673/659/513 552/662/516 551/750/600
f 674/660/514 675/709/561 530/712/564 529/661/515
f 695/751/601 677/713/565 545/716/568 544/752/602
f 696/753/603 679/717/569 538/720/572 537/754/604
f 541/740/584 542/739/590 566/755/605 565/756/606
f 534/734/586 535/742/592 559/757/607 558/758/608
f 549/736/588 550/744/594 574/759/609 573/760/610
f 542/739/590 543/746/596 567/761/611 566/755/605
f 535/742/592 536/748/598 560/762/612 559/757/607
f 550/744/594 551/750/600 575/763/613 574/759/609
f 543/746/596 544/752/602 568/764/614 567/761/611
f 536/748/598 537/754/604 561/765/615 560/762/612
f 551/750/600 552/662/516 576/766/616 575/763/613
f 529/661/515 530/712/564 554/767/617 553/768/618
f 544/752/602 545/716/568 569/769/619 568/764/614
f 537/754/604 538/720/572 562/770/620 561/765/615
f 552/662/516 529/661/515 553/768/618 576/766/616
f 530/712/564 531/711/563 555/771/621 554/767/617
f 545/716/568 546/715/567 570/772/622 569/769/619
f 538/720/572 539/719/571 563/773/623 562/770/620
f 531/711/563 532/722/574 556/774/624 555/771/621
f 546/715/567 547/724/576 571/775/625 570/772/622
f 539/719/571 540/726/578 564/776/626 563/773/623
f 532/722/574 533/728/580 557/777/627 556/774/624
f 547/724/576 548/730/582 572/778/628 571/775/625
f 540/726/578 541/732/584 565/779/606 564/776/626
f 533/728/580 534/734/586 558/758/608 557/777/627
f 548/730/582 549/736/588 573/760/610 572/778/628
f 554/767/617 555/771/621 579/780/629 578/781/630
f 569/769/619 570/772/622 594/782/631 593/783/632
f 562/770/620 563/773/623 587/784/633 586/785/634
f 555/771/621 556/774/624 580/786/635 579/780/629
f 570/772/622 571/775/625 595/787/636 594/782/631
f 563/773/623 564/776/626 588/788/637 587/784/633
f 556/774/624 557/777/627 581/789/638 580/786/635
f 571/775/625 572/778/628 596/790/639 595/787/636
f 564/776/626 565/779/606 589/791/640 588/788/637
f 557/777/627 558/758/608 582/792/641 581/789/638
f 572/778/628 573/760/610 597/793/642 596/790/639
f 565/756/606 566/755/605 590/794/643 589/795/640
f 558/758/608 559/757/607 583/796/644 582/792/641
f 573/760/610 574/759/609 598/797/645 597/793/642
f 566/755/605 567/761/611 591/798/646 590/794/643
f 559/757/607 560/762/612 584/799/647 583/796/644
f 574/759/609 575/763/613 599/800/648 598/797/645
f 567/761/611 568/764/614 592/801/649 591/798/646
f 560/762/612 561/765/615 585/802/650 584/799/647
f 575/763/613 576/766/616 600/803/651 599/800/648
f 553/768/618 554/767/617 578/781/630 577/804/652
f 568/764/614 569/769/619 593/783/632 592/801/649
f 561/765/615 562/770/620 586/785/634 585/802/650
f 576/766/616 553/768/618 577/804/652 600/803/651
f 582/792/641 583/796/644 607/805/653 606/806/654
f 597/793/642 598/797/645 622/807/655 621/808/656
f 590/794/643 591/798/646 615/809/657 614/810/658
f 583/796/644 584/799/647 608/811/659 607/805/653
f 598/797/645 599/800/648 623/812/660 622/807/655
f 591/798/646 592/801/649 616/813/661 615/809/657
f 584/799/647 585/802/650 609/814/662 608/811/659
f 599/800/648 600/803/651 624/815/663 623/812/660
f 577/804/652 578/781/630 602/816/664 601/817/665
f 592/801/649 593/783/632 617/818/666 616/813/661
f 585/802/650 586/785/634 610/819/667 609/814/662
f 600/803/651 577/804/652 601/817/665 624/815/663
f 578/781/630 579/780/629 603/820/668 602/816/664
f 593/783/632 594/782/631 618/821/669 617/818/666
f 586/785/634 587/784/633 611/822/670 610/819/667
f 579/780/629 580/786/635 604/823/671 603/820/668
f 594/782/631 595/787/636 619/824/672 618/821/669
f 587/784/633 588/788/637 612/825/673 611/822/670
f 580/786/635 581/789/638 605/826/674 604/823/671
f 595/787/636 596/790/639 620/827/675 619/824/672
f 588/788/637 589/791/640 613/828/676 612/825/673
f 581/789/638 582/792/641 606/806/654 605/826/674
f 596/790/639 597/793/642 621/808/656 620/827/675
f 589/795/640 590/794/643 614/810/658 613/829/676
f 617/830/666 618/831/669 642/832/677 641/833/678
f 610/834/667 611/835/670 635/836/679 634/837/680
f 603/838/668 604/839/671 628/840/681 627/841/682
f 618/831/669 619/842/672 643/843/683 642/832/677
f 611/835/670 612/844/673 636/845/684 635/836/679
f 604/839/671 605/846/674 629/847/685 628/840/681
f 619/842/672 620/848/675 644/849/686 643/843/683
f 612/844/673 613/850/676 637/851/687 636/845/684
f 605/846/674 606/852/654 630/853/688 629/847/685
f 620/848/675 621/854/656 645/855/689 644/849/686
f 613/850/676 614/856/658 638/857/690 637/851/687
f 606/852/654 607/858/653 631/859/691 630/853/688
f 621/854/656 622/860/655 646/861/692 645/855/689
f 614/856/658 615/862/657 639/863/693 638/857/690
f 607/858/653 608/864/659 632/865/694 631/859/691
f 622/860/655 623/866/660 647/867/695 646/861/692
f 615/862/657 616/868/661 640/869/696 639/863/693
f 608/864/659 609/870/662 633/871/697 632/865/694
f 623/866/660 624/872/663 648/873/698 647/867/695
f 601/874/665 602/875/664 626/876/699 625/877/700
f 616/868/661 617/830/666 641/833/678 640/869/696
f 609/870/662 610/834/667 634/837/680 633/871/697
f 624/872/663 601/874/665 625/877/700 648/873/698
f 602/875/664 603/838/668 627/841/682 626/876/699
f 627/841/682 628/840/681 629/847/685 626/876/699
f 626/876/699 629/847/685 630/853/688 625/877/700
f 625/877/700 630/853/688 631/859/691 648/873/698
f 648/873/698 631/859/691 632/865/694 647/867/695
f 647/867/695 632/865/694 633/871/697 646/861/692
f 646/861/692 633/871/697 634/837/680 645/855/689
f 645/855/689 634/837/680 635/836/679 644/849/686
f 644/849/686 635/836/679 636/845/684 643/843/683
f 643/843/683 636/845/684 637/851/687 642/832/677
f 642/832/677 637/851/687 638/857/690 641/833/678
f 641/833/678 638/857/690 639/863/693 640/869/696
f 500/648/503 501/641/496 654/667/521 672/705/559
f 485/642/497 486/56/54 652/663/517 671/703/557
f 492/636/491 493/655/510 650/707/487 670/701/555
f 499/649/504 500/648/503 672/705/559 669/699/553
f 484/643/498 485/642/497 671/703/557 668/697/551
f 491/637/492 492/636/491 670/701/555 667/695/549
f 498/656/511 499/649/504 669/699/553 666/693/547
f 483/652/507 484/643/498 668/697/551 665/691/545
f 490/644/499 491/637/492 667/695/549 664/689/543
f 497/638/493 498/656/511 666/693/547 663/687/541
f 482/653/508 483/652/507 665/691/545 661/684/538
f 504/651/506 481/650/505 662/683/537 660/681/535
f 489/645/500 490/644/499 664/689/543 659/679/533
f 496/639/494 497/638/493 663/687/541 658/677/531
f 481/650/505 482/653/508 661/684/538 662/683/537
f 503/657/512 504/651/506 660/681/535 657/675/529
f 488/654/509 489/645/500 659/679/533 656/673/527
f 495/646/501 496/639/494 658/677/531 655/671/525
f 502/640/495 503/657/512 657/675/529 653/668/522
f 487/55/53 488/654/509 656/673/527 651/664/518
f 494/647/502 495/646/501 655/671/525 649/633/488
f 501/641/496 502/640/495 653/668/522 654/667/521
f 486/56/54 487/55/53 651/664/518 652/663/517
f 493/658/510 494/647/502 649/633/488 650/632/487
f 720/878/701 700/879/702 679/717/569 696/753/603
f 719/880/703 699/881/704 677/713/565 695/751/601
f 701/882/705 698/883/706 675/709/561 674/660/514
f 718/884/707 697/885/708 673/659/513 694/749/599
f 717/886/709 720/878/701 696/753/603 693/747/597
f 716/887/710 719/880/703 695/751/601 692/745/595
f 715/888/711 718/884/707 694/749/599 691/743/593
f 714/889/712 717/886/709 693/747/597 690/741/591
f 713/890/713 716/887/710 692/745/595 689/738/589
f 712/891/714 715/888/711 691/743/593 688/735/587
f 711/892/715 714/889/712 690/741/591 687/733/585
f 710/893/716 713/890/713 689/738/589 686/737/583
f 709/894/717 712/891/714 688/735/587 685/729/581
f 708/895/718 711/892/715 687/733/585 684/727/579
f 707/896/719 710/897/716 686/731/583 683/725/577
f 706/898/720 709/894/717 685/729/581 682/723/575
f 705/899/721 708/895/718 684/727/579 681/721/573
f 704/900/722 707/896/719 683/725/577 680/718/570
f 703/901/723 706/898/720 682/723/575 678/714/566
f 702/902/724 705/899/721 681/721/573 676/710/562
f 700/879/702 704/900/722 680/718/570 679/717/569
f 699/881/704 703/901/723 678/714/566 677/713/565
f 698/883/706 702/902/724 676/710/562 675/709/561
f 697/885/708 701/882/705 674/660/514 673/659/513
f 528/682/536 505/686/540 701/882/705 697/885/708
f 506/685/539 507/692/546 702/902/724 698/883/706
f 521/688/542 522/694/548 703/901/723 699/881/704
f 514/690/544 515/696/550 704/900/722 700/879/702
f 507/692/546 508/698/552 705/899/721 702/902/724
f 522/694/548 523/700/554 706/898/720 703/901/723
f 515/696/550 516/702/556 707/896/719 704/900/722
f 508/698/552 509/704/558 708/895/718 705/899/721
f 523/700/554 524/706/560 709/894/717 706/898/720
f 516/702/556 517/708/490 710/897/716 707/896/719
f 509/704/558 510/666/520 711/892/715 708/895/718
f 524/706/560 525/670/524 712/891/714 709/894/717
f 517/635/490 518/634/489 713/890/713 710/893/716
f 510/666/520 511/665/519 714/889/712 711/892/715
f 525/670/524 526/669/523 715/888/711 712/891/714
f 518/634/489 519/672/526 716/887/710 713/890/713
f 511/665/519 512/674/528 717/886/709 714/889/712
f 526/669/523 527/676/530 718/884/707 715/888/711
f 519/672/526 520/678/532 719/880/703 716/887/710
f 512/674/528 513/680/534 720/878/701 717/886/709
f 527/676/530 528/682/536 697/885/708 718/884/707
f 505/686/540 506/685/539 698/883/706 701/882/705
f 520/678/532 521/688/542 699/881/704 719/880/703
f 513/680/534 514/690/544 700/879/702 720/878/701
f 158/903/169 157/904/166 181/905/199 182/906/204
f 151/907/170 150/908/167 174/909/201 175/910/206
f 166/911/171 165/912/168 189/913/202 190/914/207
f 159/915/172 158/903/169 182/906/204 183/916/209
f 152/917/129 151/907/170 175/910/206 176/918/211
f 167/919/151 166/911/171 190/914/207 191/920/213
f 160/921/155 159/915/172 183/916/209 184/922/215
f 153/923/130 152/917/129 176/918/211 177/924/217
f 168/925/152 167/919/151 191/920/213 192/926/219
f 145/927/154 146/928/153 170/929/221 169/930/174
f 161/931/156 160/921/155 184/922/215 185/932/182
f 154/933/157 153/923/130 177/924/217 178/934/186
f 146/928/153 168/925/152 192/926/219 170/929/221
f 147/935/158 145/927/154 169/930/174 171/936/173
f 162/937/159 161/931/156 185/932/182 186/938/181
f 155/939/160 154/933/157 178/934/186 179/940/185
f 148/941/161 147/935/158 171/936/173 172/942/189
f 163/943/162 162/937/159 186/938/181 187/944/191
f 156/945/163 155/939/160 179/940/185 180/946/193
f 149/947/164 148/941/161 172/942/189 173/948/195
f 164/949/165 163/943/162 187/944/191 188/950/197
f 157/951/166 156/945/163 180/946/193 181/952/199
f 150/908/167 149/947/164 173/948/195 174/909/201
f 165/912/168 164/949/165 188/950/197 189/913/202
f 414/510/438 413/953/725 726/954/726 721/511/439
f 413/953/725 412/955/727 731/956/728 726/954/726
f 412/955/727 411/957/729 736/958/730 731/956/728
f 411/957/729 409/959/731 741/960/732 736/958/730
f 409/959/731 410/961/733 432/962/734 741/960/732
f 416/512/440 721/511/439 722/963/735 417/964/736
f 721/511/439 726/954/726 727/965/737 722/963/735
f 726/954/726 731/956/728 732/966/738 727/965/737
f 731/956/728 736/958/730 737/967/739 732/966/738
f 736/958/730 741/960/732 742/968/740 737/967/739
f 741/960/732 432/962/734 431/969/741 742/968/740
f 417/964/736 722/963/735 723/970/742 418/971/743
f 722/963/735 727/965/737 728/972/744 723/970/742
f 727/965/737 732/966/738 733/973/745 728/972/744
f 732/966/738 737/967/739 738/974/746 733/973/745
f 737/967/739 742/968/740 743/975/747 738/974/746
f 742/968/740 431/969/741 430/976/748 743/975/747
f 418/971/743 723/970/742 724/977/749 419/978/750
f 723/970/742 728/972/744 729/979/751 724/977/749
f 728/972/744 733/973/745 734/980/752 729/979/751
f 733/973/745 738/974/746 739/981/753 734/980/752
f 738/974/746 743/975/747 744/982/754 739/981/753
f 743/975/747 430/976/748 429/983/755 744/982/754
f 419/978/750 724/977/749 725/984/756 420/985/757
f 724/977/749 729/979/751 730/986/758 725/984/756
f 729/979/751 734/980/752 735/987/759 730/986/758
f 734/980/752 739/981/753 740/988/760 735/987/759
f 739/981/753 744/982/754 745/989/761 740/988/760
f 744/982/754 429/983/755 428/990/762 745/989/761
f 420/985/757 725/984/756 422/991/763 421/992/764
f 725/984/756 730/986/758 423/993/765 422/991/763
f 730/986/758 735/987/759 424/994/766 423/993/765
f 735/987/759 740/988/760 425/995/767 424/994/766
f 740/988/760 745/989/761 426/996/768 425/995/767
f 745/989/761 428/990/762 427/997/769 426/996/768
f 1178/1/770 1179/4/771 749/3/772 747/2/773
f 1179/4/771 1180/6/774 751/5/775 749/3/772
f 1180/6/774 1181/8/776 753/7/777 751/5/775
f 1181/8/776 1182/10/778 755/9/779 753/7/777
f 1182/10/778 1183/12/780 757/11/781 755/9/779
f 1183/12/780 1184/14/782 759/13/783 757/11/781
f 1184/14/782 1185/16/784 761/15/785 759/13/783
f 1185/16/784 1186/18/786 763/17/787 761/15/785
f 1186/18/786 1187/20/788 765/19/789 763/17/787
f 1187/20/788 1188/22/790 767/21/791 765/19/789
f 1188/22/790 1189/24/792 769/23/793 767/21/791
f 1189/24/792 1190/26/794 771/25/795 769/23/793
f 1190/27/794 1191/30/796 773/29/797 771/28/795
f 1191/30/796 1192/32/798 775/31/799 773/29/797
f 1192/32/798 1193/34/800 777/33/801 775/31/799
f 1193/34/800 1194/36/802 779/35/803 777/33/801
f 1194/36/802 1195/38/804 781/37/805 779/35/803
f 1195/38/804 1196/40/806 783/39/807 781/37/805
f 1196/40/806 1197/42/808 785/41/809 783/39/807
f 1197/42/808 1198/44/810 787/43/811 785/41/809
f 1198/44/810 1199/46/812 789/45/813 787/43/811
f 1199/46/812 1200/48/814 791/47/815 789/45/813
f 753/7/777 797/50/816 796/49/817 751/5/775
f 1200/48/814 1201/52/818 793/51/819 791/47/815
f 1201/52/818 1178/1/770 747/2/773 793/51/819
f 756/53/820 1231/56/821 1232/55/822 758/54/823
f 805/57/824 829/60/825 828/59/826 804/58/827
f 763/17/787 802/62/828 801/61/829 761/15/785
f 749/3/772 794/64/830 795/63/831 747/2/773
f 773/29/797 807/66/832 806/65/833 771/28/795
f 783/39/807 812/68/834 811/67/835 781/37/805
f 793/51/819 817/70/836 816/69/837 791/47/815
f 759/13/783 800/72/838 799/71/839 757/11/781
f 769/23/793 805/57/824 804/58/827 767/21/791
f 779/35/803 810/74/840 809/73/841 777/33/801
f 789/45/813 815/76/842 814/75/843 787/43/811
f 755/9/779 798/77/844 797/50/816 753/7/777
f 765/19/789 803/78/845 802/62/828 763/17/787
f 775/31/799 808/79/846 807/66/832 773/29/797
f 785/41/809 813/80/847 812/68/834 783/39/807
f 747/2/773 795/63/831 817/70/836 793/51/819
f 751/5/775 796/49/817 794/64/830 749/3/772
f 761/15/785 801/61/829 800/72/838 759/13/783
f 771/25/795 806/81/833 805/57/824 769/23/793
f 781/37/805 811/67/835 810/74/840 779/35/803
f 791/47/815 816/69/837 815/76/842 789/45/813
f 757/11/781 799/71/839 798/77/844 755/9/779
f 767/21/791 804/58/827 803/78/845 765/19/789
f 777/33/801 809/73/841 808/79/846 775/31/799
f 787/43/811 814/75/843 813/80/847 785/41/809
f 833/82/848 857/85/849 856/84/850 832/83/851
f 798/77/844 822/87/852 821/86/853 797/50/816
f 813/80/847 837/89/854 836/88/855 812/68/834
f 806/81/833 830/90/856 829/60/825 805/57/824
f 799/71/839 823/91/857 822/87/852 798/77/844
f 814/75/843 838/92/858 837/89/854 813/80/847
f 807/66/832 831/94/859 830/93/856 806/65/833
f 800/72/838 824/95/860 823/91/857 799/71/839
f 815/76/842 839/96/861 838/92/858 814/75/843
f 808/79/846 832/83/851 831/94/859 807/66/832
f 801/61/829 825/97/862 824/95/860 800/72/838
f 816/69/837 840/98/863 839/96/861 815/76/842
f 809/73/841 833/82/848 832/83/851 808/79/846
f 802/62/828 826/99/864 825/97/862 801/61/829
f 817/70/836 841/100/865 840/98/863 816/69/837
f 794/64/830 818/102/866 819/101/867 795/63/831
f 810/74/840 834/103/868 833/82/848 809/73/841
f 803/78/845 827/104/869 826/99/864 802/62/828
f 795/63/831 819/101/867 841/100/865 817/70/836
f 796/49/817 820/105/870 818/102/866 794/64/830
f 811/67/835 835/106/871 834/103/868 810/74/840
f 804/58/827 828/59/826 827/104/869 803/78/845
f 797/50/816 821/86/853 820/105/870 796/49/817
f 812/68/834 836/88/855 835/106/871 811/67/835
f 846/107/872 870/110/873 869/109/874 845/108/875
f 826/99/864 850/112/876 849/111/877 825/97/862
f 841/100/865 865/114/878 864/113/879 840/98/863
f 818/102/866 842/116/880 843/115/881 819/101/867
f 834/103/868 858/117/882 857/85/849 833/82/848
f 827/104/869 851/118/883 850/112/876 826/99/864
f 819/101/867 843/115/881 865/114/878 841/100/865
f 820/105/870 844/119/884 842/116/880 818/102/866
f 835/106/871 859/120/885 858/117/882 834/103/868
f 828/59/826 852/121/886 851/118/883 827/104/869
f 821/86/853 845/108/875 844/119/884 820/105/870
f 836/88/855 860/122/887 859/120/885 835/106/871
f 829/60/825 853/123/888 852/121/886 828/59/826
f 822/87/852 846/107/872 845/108/875 821/86/853
f 837/89/854 861/124/889 860/122/887 836/88/855
f 830/90/856 854/125/890 853/123/888 829/60/825
f 823/91/857 847/126/891 846/107/872 822/87/852
f 838/92/858 862/127/892 861/124/889 837/89/854
f 831/94/859 855/129/893 854/128/890 830/93/856
f 824/95/860 848/130/894 847/126/891 823/91/857
f 839/96/861 863/131/895 862/127/892 838/92/858
f 832/83/851 856/84/850 855/129/893 831/94/859
f 825/97/862 849/111/877 848/130/894 824/95/860
f 840/98/863 864/113/879 863/131/895 839/96/861
f 874/132/896 898/135/897 897/134/898 873/133/899
f 861/124/889 885/137/900 884/136/901 860/122/887
f 854/125/890 878/139/902 877/138/903 853/123/888
f 847/126/891 871/140/904 870/110/873 846/107/872
f 862/127/892 886/141/905 885/137/900 861/124/889
f 855/129/893 879/143/906 878/142/902 854/128/890
f 848/130/894 872/144/907 871/140/904 847/126/891
f 863/131/895 887/145/908 886/141/905 862/127/892
f 856/84/850 880/146/909 879/143/906 855/129/893
f 849/111/877 873/133/899 872/144/907 848/130/894
f 864/113/879 888/147/910 887/145/908 863/131/895
f 857/85/849 881/148/911 880/146/909 856/84/850
f 850/112/876 874/132/896 873/133/899 849/111/877
f 865/114/878 889/149/912 888/147/910 864/113/879
f 842/116/880 866/151/913 867/150/914 843/115/881
f 858/117/882 882/152/915 881/148/911 857/85/849
f 851/118/883 875/153/916 874/132/896 850/112/876
f 843/115/881 867/150/914 889/149/912 865/114/878
f 844/119/884 868/154/917 866/151/913 842/116/880
f 859/120/885 883/155/918 882/152/915 858/117/882
f 852/121/886 876/156/919 875/153/916 851/118/883
f 845/108/875 869/109/874 868/154/917 844/119/884
f 860/122/887 884/136/901 883/155/918 859/120/885
f 853/123/888 877/138/903 876/156/919 852/121/886
f 889/149/912 913/158/920 912/157/921 888/147/910
f 866/151/913 890/160/922 891/159/923 867/150/914
f 882/152/915 906/162/924 905/161/925 881/148/911
f 875/153/916 899/163/926 898/135/897 874/132/896
f 867/150/914 891/159/923 913/158/920 889/149/912
f 868/154/917 892/164/927 890/160/922 866/151/913
f 883/155/918 907/165/928 906/162/924 882/152/915
f 876/156/919 900/166/929 899/163/926 875/153/916
f 869/109/874 893/167/930 892/164/927 868/154/917
f 884/136/901 908/168/931 907/165/928 883/155/918
f 877/138/903 901/169/932 900/166/929 876/156/919
f 870/110/873 894/170/933 893/167/930 869/109/874
f 885/137/900 909/171/934 908/168/931 884/136/901
f 878/139/902 902/172/935 901/169/932 877/138/903
f 871/140/904 895/173/936 894/170/933 870/110/873
f 886/141/905 910/174/937 909/171/934 885/137/900
f 879/143/906 903/176/938 902/175/935 878/142/902
f 872/144/907 896/177/939 895/173/936 871/140/904
f 887/145/908 911/178/940 910/174/937 886/141/905
f 880/146/909 904/179/941 903/176/938 879/143/906
f 873/133/899 897/134/898 896/177/939 872/144/907
f 888/147/910 912/157/921 911/178/940 887/145/908
f 881/148/911 905/161/925 904/179/941 880/146/909
f 916/180/942 940/183/943 938/182/944 914/181/945
f 944/184/946 968/187/947 967/186/948 943/185/949
f 931/188/950 955/191/951 954/190/952 930/189/953
f 924/192/954 948/195/955 947/194/956 923/193/957
f 917/196/958 941/197/959 940/183/943 916/180/942
f 932/198/960 956/199/961 955/191/951 931/188/950
f 925/200/962 949/201/963 948/195/955 924/192/954
f 918/202/964 942/203/965 941/197/959 917/196/958
f 933/204/966 957/205/967 956/199/961 932/198/960
f 926/206/968 950/207/969 949/201/963 925/200/962
f 919/208/970 943/185/949 942/203/965 918/202/964
f 934/209/971 958/210/972 957/205/967 933/204/966
f 927/211/973 951/214/974 950/213/969 926/212/968
f 920/215/975 944/184/946 943/185/949 919/208/970
f 935/216/976 959/217/977 958/210/972 934/209/971
f 928/218/978 952/219/979 951/214/974 927/211/973
f 921/220/980 945/221/981 944/184/946 920/215/975
f 936/222/982 960/223/983 959/217/977 935/216/976
f 929/224/984 953/225/985 952/219/979 928/218/978
f 922/226/986 946/227/987 945/221/981 921/220/980
f 937/228/988 961/229/989 960/223/983 936/222/982
f 914/181/945 938/182/944 939/231/990 915/230/991
f 930/189/953 954/190/952 953/225/985 929/224/984
f 923/193/957 947/194/956 946/227/987 922/226/986
f 915/230/991 939/231/990 961/229/989 937/228/988
f 979/232/992 1003/235/993 1002/234/994 978/233/995
f 959/217/977 983/237/996 982/236/997 958/210/972
f 952/219/979 976/239/998 975/238/999 951/214/974
f 945/221/981 969/240/1000 968/187/947 944/184/946
f 960/223/983 984/241/1001 983/237/996 959/217/977
f 953/225/985 977/242/1002 976/239/998 952/219/979
f 946/227/987 970/243/1003 969/240/1000 945/221/981
f 961/229/989 985/244/1004 984/241/1001 960/223/983
f 938/182/944 962/246/1005 963/245/1006 939/231/990
f 954/190/952 978/233/995 977/242/1002 953/225/985
f 947/194/956 971/247/1007 970/243/1003 946/227/987
f 939/231/990 963/245/1006 985/244/1004 961/229/989
f 940/183/943 964/248/1008 962/246/1005 938/182/944
f 955/191/951 979/232/992 978/233/995 954/190/952
f 948/195/955 972/249/1009 971/247/1007 947/194/956
f 941/197/959 965/250/1010 964/248/1008 940/183/943
f 956/199/961 980/251/1011 979/232/992 955/191/951
f 949/201/963 973/252/1012 972/249/1009 948/195/955
f 942/203/965 966/253/1013 965/250/1010 941/197/959
f 957/205/967 981/254/1014 980/251/1011 956/199/961
f 950/207/969 974/255/1015 973/252/1012 949/201/963
f 943/185/949 967/186/948 966/253/1013 942/203/965
f 958/210/972 982/236/997 981/254/1014 957/205/967
f 951/214/974 975/238/999 974/256/1015 950/213/969
f 992/257/1016 1016/260/192 1015/259/184 991/258/1017
f 972/249/1009 996/262/1018 995/261/1019 971/247/1007
f 965/250/1010 989/264/1020 988/263/1021 964/248/1008
f 980/251/1011 1004/265/1022 1003/235/993 979/232/992
f 973/252/1012 997/266/1023 996/262/1018 972/249/1009
f 966/253/1013 990/267/1024 989/264/1020 965/250/1010
f 981/254/1014 1005/268/1025 1004/265/1022 980/251/1011
f 974/255/1015 998/269/1026 997/266/1023 973/252/1012
f 967/186/948 991/258/1017 990/267/1024 966/253/1013
f 982/236/997 1006/270/1027 1005/268/1025 981/254/1014
f 975/238/999 999/272/1028 998/271/1026 974/256/1015
f 968/187/947 992/257/1016 991/258/1017 967/186/948
f 983/237/996 1007/273/1029 1006/270/1027 982/236/997
f 976/239/998 1000/274/1030 999/272/1028 975/238/999
f 969/240/1000 993/275/1031 992/257/1016 968/187/947
f 984/241/1001 1008/276/1032 1007/273/1029 983/237/996
f 977/242/1002 1001/277/1033 1000/274/1030 976/239/998
f 970/243/1003 994/278/1034 993/275/1031 969/240/1000
f 985/244/1004 1009/279/1035 1008/276/1032 984/241/1001
f 962/246/1005 986/281/1036 987/280/1037 963/245/1006
f 978/233/995 1002/234/994 1001/277/1033 977/242/1002
f 971/247/1007 995/261/1019 994/278/1034 970/243/1003
f 963/245/1006 987/280/1037 1009/279/1035 985/244/1004
f 964/248/1008 988/263/1021 986/281/1036 962/246/1005
f 1020/282/214 1044/285/1038 1043/284/1039 1019/283/1040
f 1007/273/1029 1031/287/1041 1030/286/218 1006/270/1027
f 1000/274/1030 1024/289/176 1023/288/175 999/272/1028
f 993/275/1031 1017/290/198 1016/260/192 992/257/1016
f 1008/276/1032 1032/291/188 1031/287/1041 1007/273/1029
f 1001/277/1033 1025/292/190 1024/289/176 1000/274/1030
f 994/278/1034 1018/293/203 1017/290/198 993/275/1031
f 1009/279/1035 1033/294/194 1032/291/188 1008/276/1032
f 986/281/1036 1010/296/205 1011/295/200 987/280/1037
f 1002/234/994 1026/297/196 1025/292/190 1001/277/1033
f 995/261/1019 1019/283/1040 1018/293/203 994/278/1034
f 987/280/1037 1011/295/200 1033/294/194 1009/279/1035
f 988/263/1021 1012/298/210 1010/296/205 986/281/1036
f 1003/235/993 1027/299/178 1026/297/196 1002/234/994
f 996/262/1018 1020/282/214 1019/283/1040 995/261/1019
f 989/264/1020 1013/300/216 1012/298/210 988/263/1021
f 1004/265/1022 1028/301/177 1027/299/178 1003/235/993
f 997/266/1023 1021/302/220 1020/282/214 996/262/1018
f 990/267/1024 1014/303/183 1013/300/216 989/264/1020
f 1005/268/1025 1029/304/212 1028/301/177 1004/265/1022
f 998/269/1026 1022/305/222 1021/302/220 997/266/1023
f 991/258/1017 1015/259/184 1014/303/183 990/267/1024
f 1006/270/1027 1030/286/218 1029/304/212 1005/268/1025
f 999/272/1028 1023/288/175 1022/306/222 998/271/1026
f 1055/307/1042 1079/310/1043 1078/309/1044 1054/308/1045
f 1013/300/216 1037/312/1046 1036/311/1047 1012/298/210
f 1028/301/177 1052/314/1048 1051/313/1049 1027/299/178
f 1021/302/220 1045/315/1050 1044/285/1038 1020/282/214
f 1014/303/183 1038/316/1051 1037/312/1046 1013/300/216
f 1029/304/212 1053/317/1052 1052/314/1048 1028/301/177
f 1022/305/222 1046/318/1053 1045/315/1050 1021/302/220
f 1015/259/184 1039/319/1054 1038/316/1051 1014/303/183
f 1030/286/218 1054/308/1045 1053/317/1052 1029/304/212
f 1023/288/175 1047/321/1055 1046/320/1053 1022/306/222
f 1016/260/192 1040/322/1056 1039/319/1054 1015/259/184
f 1031/287/1041 1055/307/1042 1054/308/1045 1030/286/218
f 1024/289/176 1048/323/1057 1047/321/1055 1023/288/175
f 1017/290/198 1041/324/1058 1040/322/1056 1016/260/192
f 1032/291/188 1056/325/1059 1055/307/1042 1031/287/1041
f 1025/292/190 1049/326/1060 1048/323/1057 1024/289/176
f 1018/293/203 1042/327/1061 1041/324/1058 1017/290/198
f 1033/294/194 1057/328/1062 1056/325/1059 1032/291/188
f 1010/296/205 1034/330/1063 1035/329/1064 1011/295/200
f 1026/297/196 1050/331/1065 1049/326/1060 1025/292/190
f 1019/283/1040 1043/284/1039 1042/327/1061 1018/293/203
f 1011/295/200 1035/329/1064 1057/328/1062 1033/294/194
f 1012/298/210 1036/311/1047 1034/330/1063 1010/296/205
f 1027/299/178 1051/313/1049 1050/331/1065 1026/297/196
f 1068/332/1066 1092/335/1067 1091/334/1068 1067/333/1069
f 1048/323/1057 1072/337/1070 1071/336/1071 1047/321/1055
f 1041/324/1058 1065/339/1072 1064/338/1073 1040/322/1056
f 1056/325/1059 1080/340/1074 1079/310/1043 1055/307/1042
f 1049/326/1060 1073/341/1075 1072/337/1070 1048/323/1057
f 1042/327/1061 1066/342/1076 1065/339/1072 1041/324/1058
f 1057/328/1062 1081/343/1077 1080/340/1074 1056/325/1059
f 1034/330/1063 1058/345/1078 1059/344/1079 1035/329/1064
f 1050/331/1065 1074/346/1080 1073/341/1075 1049/326/1060
f 1043/284/1039 1067/347/1069 1066/342/1076 1042/327/1061
f 1035/329/1064 1059/344/1079 1081/343/1077 1057/328/1062
f 1036/311/1047 1060/348/1081 1058/345/1078 1034/330/1063
f 1051/313/1049 1075/349/1082 1074/346/1080 1050/331/1065
f 1044/285/1038 1068/350/1066 1067/347/1069 1043/284/1039
f 1037/312/1046 1061/351/1083 1060/348/1081 1036/311/1047
f 1052/314/1048 1076/352/1084 1075/349/1082 1051/313/1049
f 1045/315/1050 1069/353/1085 1068/350/1066 1044/285/1038
f 1038/316/1051 1062/354/1086 1061/351/1083 1037/312/1046
f 1053/317/1052 1077/355/1087 1076/352/1084 1052/314/1048
f 1046/318/1053 1070/356/1088 1069/353/1085 1045/315/1050
f 1039/319/1054 1063/357/1089 1062/354/1086 1038/316/1051
f 1054/308/1045 1078/309/1044 1077/355/1087 1053/317/1052
f 1047/321/1055 1071/336/1071 1070/358/1088 1046/320/1053
f 1040/322/1056 1064/338/1073 1063/357/1089 1039/319/1054
f 1096/359/1090 1120/362/1090 1119/361/1091 1095/360/1091
f 1061/363/1083 1085/366/1092 1084/365/1093 1060/364/1081
f 1076/367/1084 1100/370/1094 1099/369/1095 1075/368/1082
f 1069/371/1085 1093/372/1096 1092/335/1067 1068/332/1066
f 1062/373/1086 1086/374/1097 1085/366/1092 1061/363/1083
f 1077/375/1087 1101/376/1098 1100/370/1094 1076/367/1084
f 1070/377/1088 1094/378/1099 1093/372/1096 1069/371/1085
f 1063/379/1089 1087/380/1100 1086/374/1097 1062/373/1086
f 1078/381/1044 1102/382/1101 1101/376/1098 1077/375/1087
f 1071/383/1071 1095/386/1102 1094/385/1099 1070/384/1088
f 1064/387/1073 1088/388/1103 1087/380/1100 1063/379/1089
f 1079/389/1043 1103/390/1104 1102/382/1101 1078/381/1044
f 1072/391/1070 1096/392/1105 1095/386/1102 1071/383/1071
f 1065/393/1072 1089/394/1106 1088/388/1103 1064/387/1073
f 1080/395/1074 1104/396/1107 1103/390/1104 1079/389/1043
f 1073/397/1075 1097/398/1108 1096/392/1105 1072/391/1070
f 1066/399/1076 1090/400/1109 1089/394/1106 1065/393/1072
f 1081/401/1077 1105/402/1110 1104/396/1107 1080/395/1074
f 1058/403/1078 1082/406/1111 1083/405/1112 1059/404/1079
f 1074/407/1080 1098/408/1113 1097/398/1108 1073/397/1075
f 1067/333/1069 1091/334/1068 1090/400/1109 1066/399/1076
f 1059/404/1079 1083/405/1112 1105/402/1110 1081/401/1077
f 1060/364/1081 1084/365/1093 1082/406/1111 1058/403/1078
f 1075/368/1082 1099/369/1095 1098/408/1113 1074/407/1080
f 1109/409/1114 1133/412/1115 1132/411/1116 1108/410/1117
f 1089/413/1118 1113/416/1119 1112/415/1120 1088/414/1120
f 1104/417/1121 1128/420/1121 1127/419/1122 1103/418/1122
f 1097/421/1123 1121/422/1123 1120/362/1090 1096/359/1090
f 1090/423/1124 1114/424/1124 1113/416/1119 1089/413/1118
f 1105/425/1125 1129/426/1125 1128/420/1121 1104/417/1121
f 1082/427/1126 1106/430/1126 1107/429/1127 1083/428/1127
f 1098/431/1128 1122/432/1128 1121/422/1123 1097/421/1123
f 1091/433/1129 1115/434/1129 1114/424/1124 1090/423/1124
f 1083/428/1127 1107/429/1127 1129/426/1125 1105/425/1125
f 1084/435/1130 1108/436/1130 1106/430/1126 1082/427/1126
f 1099/437/1131 1123/438/1131 1122/432/1128 1098/431/1128
f 1092/439/1132 1116/440/1132 1115/434/1129 1091/433/1129
f 1085/441/1133 1109/442/1133 1108/436/1130 1084/435/1130
f 1100/443/1134 1124/444/1134 1123/438/1131 1099/437/1131
f 1093/445/1135 1117/446/1135 1116/440/1132 1092/439/1132
f 1086/447/1136 1110/448/1136 1109/442/1133 1085/441/1133
f 1101/449/1137 1125/450/1137 1124/444/1134 1100/443/1134
f 1094/451/1138 1118/452/1138 1117/446/1135 1093/445/1135
f 1087/453/1139 1111/454/1139 1110/448/1136 1086/447/1136
f 1102/455/1140 1126/456/1140 1125/450/1137 1101/449/1137
f 1095/360/1091 1119/361/1091 1118/458/1138 1094/457/1138
f 1088/414/1120 1112/415/1120 1111/454/1139 1087/453/1139
f 1103/418/1122 1127/419/1122 1126/456/1140 1102/455/1140
f 1144/459/1141 1168/462/1142 1167/461/1143 1143/460/1144
f 1124/463/1145 1148/466/1146 1147/465/1147 1123/464/1148
f 1117/467/1149 1141/470/1150 1140/469/1151 1116/468/1152
f 1110/471/1153 1134/472/1154 1133/412/1115 1109/409/1114
f 1125/473/1155 1149/474/1156 1148/466/1146 1124/463/1145
f 1118/475/1157 1142/476/1158 1141/470/1150 1117/467/1149
f 1111/477/1159 1135/478/1160 1134/472/1154 1110/471/1153
f 1126/479/1161 1150/480/1162 1149/474/1156 1125/473/1155
f 1119/481/1163 1143/484/1144 1142/483/1158 1118/482/1157
f 1112/485/1164 1136/486/1165 1135/478/1160 1111/477/1159
f 1127/487/1166 1151/488/1167 1150/480/1162 1126/479/1161
f 1120/489/1168 1144/490/1141 1143/484/1144 1119/481/1163
f 1113/491/1169 1137/492/1170 1136/486/1165 1112/485/1164
f 1128/493/1171 1152/494/1172 1151/488/1167 1127/487/1166
f 1121/495/1173 1145/496/1174 1144/490/1141 1120/489/1168
f 1114/497/1175 1138/498/1176 1137/492/1170 1113/491/1169
f 1129/499/1177 1153/500/1178 1152/494/1172 1128/493/1171
f 1106/501/1179 1130/504/1180 1131/503/1181 1107/502/1182
f 1122/505/1183 1146/506/1184 1145/496/1174 1121/495/1173
f 1115/507/1185 1139/508/1186 1138/498/1176 1114/497/1175
f 1107/502/1182 1131/503/1181 1153/500/1178 1129/499/1177
f 1108/410/1117 1132/411/1116 1130/504/1180 1106/501/1179
f 1123/464/1148 1147/465/1147 1146/506/1184 1122/505/1183
f 1116/468/1152 1140/469/1151 1139/508/1186 1115/507/1185
f 1160/509/1187 1161/512/1188 1466/511/1189 1159/510/1190
f 1137/513/1170 1161/516/1191 1160/515/1192 1136/514/1165
f 1152/517/1172 1176/520/1193 1175/519/1194 1151/518/1167
f 1145/521/1174 1169/522/1195 1168/462/1142 1144/459/1141
f 1138/523/1176 1162/524/1196 1161/516/1191 1137/513/1170
f 1153/525/1178 1177/526/1197 1176/520/1193 1152/517/1172
f 1130/527/1180 1154/530/1198 1155/529/1199 1131/528/1181
f 1146/531/1184 1170/532/1200 1169/522/1195 1145/521/1174
f 1139/533/1186 1163/534/1201 1162/524/1196 1138/523/1176
f 1131/528/1181 1155/529/1199 1177/526/1197 1153/525/1178
f 1132/535/1116 1156/536/1202 1154/530/1198 1130/527/1180
f 1147/537/1147 1171/538/1203 1170/532/1200 1146/531/1184
f 1140/539/1151 1164/540/1204 1163/534/1201 1139/533/1186
f 1133/541/1115 1157/542/1205 1156/536/1202 1132/535/1116
f 1148/543/1146 1172/544/1206 1171/538/1203 1147/537/1147
f 1141/545/1150 1165/546/1207 1164/540/1204 1140/539/1151
f 1134/547/1154 1158/548/1208 1157/542/1205 1133/541/1115
f 1149/549/1156 1173/550/1209 1172/544/1206 1148/543/1146
f 1142/551/1158 1166/552/1210 1165/546/1207 1141/545/1150
f 1135/553/1160 1159/554/1211 1158/548/1208 1134/547/1154
f 1150/555/1162 1174/556/1212 1173/550/1209 1149/549/1156
f 1143/460/1144 1167/461/1143 1166/558/1210 1142/557/1158
f 1136/514/1165 1160/515/1192 1159/554/1211 1135/553/1160
f 1151/518/1167 1175/519/1194 1174/556/1212 1150/555/1162
f 1224/559/1213 1225/562/1214 1178/561/770 1201/560/818
f 1223/563/1215 1224/559/1213 1201/560/818 1200/564/814
f 1222/565/1216 1223/563/1215 1200/564/814 1199/566/812
f 1221/567/1217 1222/565/1216 1199/566/812 1198/568/810
f 1220/569/1218 1221/567/1217 1198/568/810 1197/570/808
f 1219/571/1219 1220/569/1218 1197/570/808 1196/572/806
f 1218/573/1220 1219/571/1219 1196/572/806 1195/574/804
f 1217/575/1221 1218/573/1220 1195/574/804 1194/576/802
f 1216/577/1222 1217/575/1221 1194/576/802 1193/578/800
f 1215/579/1223 1216/577/1222 1193/578/800 1192/580/798
f 1214/581/1224 1215/579/1223 1192/580/798 1191/582/796
f 1213/583/1225 1214/581/1224 1191/582/796 1190/584/794
f 1212/585/1226 1213/588/1225 1190/587/794 1189/586/792
f 1211/589/1227 1212/585/1226 1189/586/792 1188/590/790
f 1210/591/1228 1211/589/1227 1188/590/790 1187/592/788
f 1209/593/1229 1210/591/1228 1187/592/788 1186/594/786
f 1208/595/1230 1209/593/1229 1186/594/786 1185/596/784
f 1207/597/1231 1208/595/1230 1185/596/784 1184/598/782
f 1206/599/1232 1207/597/1231 1184/598/782 1183/600/780
f 1205/601/1233 1206/599/1232 1183/600/780 1182/602/778
f 1204/603/1234 1205/601/1233 1182/602/778 1181/604/776
f 1203/605/1235 1204/603/1234 1181/604/776 1180/606/774
f 1202/607/1236 1203/605/1235 1180/606/774 1179/608/771
f 1225/562/1214 1202/607/1236 1179/608/771 1178/561/770
f 746/609/1237 748/610/1238 1202/607/1236 1225/562/1214
f 748/610/1238 750/611/1239 1203/605/1235 1202/607/1236
f 750/611/1239 752/612/1240 1204/603/1234 1203/605/1235
f 752/612/1240 754/613/1241 1205/601/1233 1204/603/1234
f 754/613/1241 756/53/820 1206/599/1232 1205/601/1233
f 756/53/820 758/54/823 1207/597/1231 1206/599/1232
f 758/54/823 760/614/1242 1208/595/1230 1207/597/1231
f 760/614/1242 762/615/1243 1209/593/1229 1208/595/1230
f 762/615/1243 764/616/1244 1210/591/1228 1209/593/1229
f 764/616/1244 766/617/1245 1211/589/1227 1210/591/1228
f 766/617/1245 768/618/1246 1212/585/1226 1211/589/1227
f 768/618/1246 770/619/1247 1213/588/1225 1212/585/1226
f 770/620/1247 772/621/1248 1214/581/1224 1213/583/1225
f 772/621/1248 774/622/1249 1215/579/1223 1214/581/1224
f 774/622/1249 776/623/1250 1216/577/1222 1215/579/1223
f 776/623/1250 778/624/1251 1217/575/1221 1216/577/1222
f 778/624/1251 780/625/1252 1218/573/1220 1217/575/1221
f 780/625/1252 782/626/1253 1219/571/1219 1218/573/1220
f 782/626/1253 784/627/1254 1220/569/1218 1219/571/1219
f 784/627/1254 786/628/1255 1221/567/1217 1220/569/1218
f 786/628/1255 788/629/1256 1222/565/1216 1221/567/1217
f 788/629/1256 790/630/1257 1223/563/1215 1222/565/1216
f 790/630/1257 792/631/1258 1224/559/1213 1223/563/1215
f 792/631/1258 746/609/1237 1225/562/1214 1224/559/1213
f 1395/632/1259 1262/635/1260 1263/634/1261 1394/633/1262
f 766/617/1245 1236/637/1263 1237/636/1264 768/618/1246
f 776/623/1250 1241/639/1265 1242/638/1266 778/624/1251
f 786/628/1255 1246/641/1267 1247/640/1268 788/629/1256
f 752/612/1240 1229/643/1269 1230/642/1270 754/613/1241
f 762/615/1243 1234/645/1271 1235/644/1272 764/616/1244
f 772/621/1248 1239/647/1273 1240/646/1274 774/622/1249
f 782/626/1253 1244/649/1275 1245/648/1276 784/627/1254
f 792/631/1258 1249/651/1277 1226/650/1278 746/609/1237
f 748/610/1238 1227/653/1279 1228/652/1280 750/611/1239
f 758/54/823 1232/55/822 1233/654/1281 760/614/1242
f 768/618/1246 1237/636/1264 1238/655/1282 770/619/1247
f 778/624/1251 1242/638/1266 1243/656/1283 780/625/1252
f 788/629/1256 1247/640/1268 1248/657/1284 790/630/1257
f 754/613/1241 1230/642/1270 1231/56/821 756/53/820
f 764/616/1244 1235/644/1272 1236/637/1263 766/617/1245
f 774/622/1249 1240/646/1274 1241/639/1265 776/623/1250
f 784/627/1254 1245/648/1276 1246/641/1267 786/628/1255
f 750/611/1239 1228/652/1280 1229/643/1269 752/612/1240
f 760/614/1242 1233/654/1281 1234/645/1271 762/615/1243
f 746/609/1237 1226/650/1278 1227/653/1279 748/610/1238
f 770/620/1247 1238/658/1282 1239/647/1273 772/621/1248
f 780/625/1252 1243/656/1283 1244/649/1275 782/626/1253
f 790/630/1257 1248/657/1284 1249/651/1277 792/631/1258
f 1418/659/1285 1297/662/1286 1274/661/1287 1419/660/1288
f 1397/663/1289 1255/666/1290 1256/665/1291 1396/664/1292
f 1399/667/1293 1270/670/1294 1271/669/1295 1398/668/1296
f 1394/633/1262 1263/634/1261 1264/672/1297 1400/671/1298
f 1396/664/1292 1256/665/1291 1257/674/1299 1401/673/1300
f 1398/668/1296 1271/669/1295 1272/676/1301 1402/675/1302
f 1400/671/1298 1264/672/1297 1265/678/1303 1403/677/1304
f 1401/673/1300 1257/674/1299 1258/680/1305 1404/679/1306
f 1402/675/1302 1272/676/1301 1273/682/1307 1405/681/1308
f 1407/683/1309 1250/686/1310 1251/685/1311 1406/684/1312
f 1403/677/1304 1265/678/1303 1266/688/1313 1408/687/1314
f 1404/679/1306 1258/680/1305 1259/690/1315 1409/689/1316
f 1405/681/1308 1273/682/1307 1250/686/1310 1407/683/1309
f 1406/684/1312 1251/685/1311 1252/692/1317 1410/691/1318
f 1408/687/1314 1266/688/1313 1267/694/1319 1411/693/1320
f 1409/689/1316 1259/690/1315 1260/696/1321 1412/695/1322
f 1410/691/1318 1252/692/1317 1253/698/1323 1413/697/1324
f 1411/693/1320 1267/694/1319 1268/700/1325 1414/699/1326
f 1412/695/1322 1260/696/1321 1261/702/1327 1415/701/1328
f 1413/697/1324 1253/698/1323 1254/704/1329 1416/703/1330
f 1414/699/1326 1268/700/1325 1269/706/1331 1417/705/1332
f 1415/701/1328 1261/702/1327 1262/708/1260 1395/707/1259
f 1416/703/1330 1254/704/1329 1255/666/1290 1397/663/1289
f 1417/705/1332 1269/706/1331 1270/670/1294 1399/667/1293
f 1420/709/1333 1275/712/1334 1276/711/1335 1421/710/1336
f 1422/713/1337 1290/716/1338 1291/715/1339 1423/714/1340
f 1424/717/1341 1283/720/1342 1284/719/1343 1425/718/1344
f 1421/710/1336 1276/711/1335 1277/722/1345 1426/721/1346
f 1423/714/1340 1291/715/1339 1292/724/1347 1427/723/1348
f 1425/718/1344 1284/719/1343 1285/726/1349 1428/725/1350
f 1426/721/1346 1277/722/1345 1278/728/1351 1429/727/1352
f 1427/723/1348 1292/724/1347 1293/730/1353 1430/729/1354
f 1428/725/1350 1285/726/1349 1286/732/1355 1431/731/1356
f 1429/727/1352 1278/728/1351 1279/734/1357 1432/733/1358
f 1430/729/1354 1293/730/1353 1294/736/1359 1433/735/1360
f 1431/737/1356 1286/740/1355 1287/739/1361 1434/738/1362
f 1432/733/1358 1279/734/1357 1280/742/1363 1435/741/1364
f 1433/735/1360 1294/736/1359 1295/744/1365 1436/743/1366
f 1434/738/1362 1287/739/1361 1288/746/1367 1437/745/1368
f 1435/741/1364 1280/742/1363 1281/748/1369 1438/747/1370
f 1436/743/1366 1295/744/1365 1296/750/1371 1439/749/1372
f 1437/745/1368 1288/746/1367 1289/752/1373 1440/751/1374
f 1438/747/1370 1281/748/1369 1282/754/1375 1441/753/1376
f 1439/749/1372 1296/750/1371 1297/662/1286 1418/659/1285
f 1419/660/1288 1274/661/1287 1275/712/1334 1420/709/1333
f 1440/751/1374 1289/752/1373 1290/716/1338 1422/713/1337
f 1441/753/1376 1282/754/1375 1283/720/1342 1424/717/1341
f 1286/740/1355 1310/756/1377 1311/755/1378 1287/739/1361
f 1279/734/1357 1303/758/1379 1304/757/1380 1280/742/1363
f 1294/736/1359 1318/760/1381 1319/759/1382 1295/744/1365
f 1287/739/1361 1311/755/1378 1312/761/1383 1288/746/1367
f 1280/742/1363 1304/757/1380 1305/762/1384 1281/748/1369
f 1295/744/1365 1319/759/1382 1320/763/1385 1296/750/1371
f 1288/746/1367 1312/761/1383 1313/764/1386 1289/752/1373
f 1281/748/1369 1305/762/1384 1306/765/1387 1282/754/1375
f 1296/750/1371 1320/763/1385 1321/766/1388 1297/662/1286
f 1274/661/1287 1298/768/1389 1299/767/1390 1275/712/1334
f 1289/752/1373 1313/764/1386 1314/769/1391 1290/716/1338
f 1282/754/1375 1306/765/1387 1307/770/1392 1283/720/1342
f 1297/662/1286 1321/766/1388 1298/768/1389 1274/661/1287
f 1275/712/1334 1299/767/1390 1300/771/1393 1276/711/1335
f 1290/716/1338 1314/769/1391 1315/772/1394 1291/715/1339
f 1283/720/1342 1307/770/1392 1308/773/1395 1284/719/1343
f 1276/711/1335 1300/771/1393 1301/774/1396 1277/722/1345
f 1291/715/1339 1315/772/1394 1316/775/1397 1292/724/1347
f 1284/719/1343 1308/773/1395 1309/776/1398 1285/726/1349
f 1277/722/1345 1301/774/1396 1302/777/1399 1278/728/1351
f 1292/724/1347 1316/775/1397 1317/778/1400 1293/730/1353
f 1285/726/1349 1309/776/1398 1310/779/1377 1286/732/1355
f 1278/728/1351 1302/777/1399 1303/758/1379 1279/734/1357
f 1293/730/1353 1317/778/1400 1318/760/1381 1294/736/1359
f 1299/767/1390 1323/781/1401 1324/780/1402 1300/771/1393
f 1314/769/1391 1338/783/1403 1339/782/1404 1315/772/1394
f 1307/770/1392 1331/785/1405 1332/784/1406 1308/773/1395
f 1300/771/1393 1324/780/1402 1325/786/1407 1301/774/1396
f 1315/772/1394 1339/782/1404 1340/787/1408 1316/775/1397
f 1308/773/1395 1332/784/1406 1333/788/1409 1309/776/1398
f 1301/774/1396 1325/786/1407 1326/789/1410 1302/777/1399
f 1316/775/1397 1340/787/1408 1341/790/1411 1317/778/1400
f 1309/776/1398 1333/788/1409 1334/791/1412 1310/779/1377
f 1302/777/1399 1326/789/1410 1327/792/1413 1303/758/1379
f 1317/778/1400 1341/790/1411 1342/793/1414 1318/760/1381
f 1310/756/1377 1334/795/1412 1335/794/1415 1311/755/1378
f 1303/758/1379 1327/792/1413 1328/796/1416 1304/757/1380
f 1318/760/1381 1342/793/1414 1343/797/1417 1319/759/1382
f 1311/755/1378 1335/794/1415 1336/798/1418 1312/761/1383
f 1304/757/1380 1328/796/1416 1329/799/1419 1305/762/1384
f 1319/759/1382 1343/797/1417 1344/800/1420 1320/763/1385
f 1312/761/1383 1336/798/1418 1337/801/1421 1313/764/1386
f 1305/762/1384 1329/799/1419 1330/802/1422 1306/765/1387
f 1320/763/1385 1344/800/1420 1345/803/1423 1321/766/1388
f 1298/768/1389 1322/804/1424 1323/781/1401 1299/767/1390
f 1313/764/1386 1337/801/1421 1338/783/1403 1314/769/1391
f 1306/765/1387 1330/802/1422 1331/785/1405 1307/770/1392
f 1321/766/1388 1345/803/1423 1322/804/1424 1298/768/1389
f 1327/792/1413 1351/806/1425 1352/805/1426 1328/796/1416
f 1342/793/1414 1366/808/1427 1367/807/1428 1343/797/1417
f 1335/794/1415 1359/810/1429 1360/809/1430 1336/798/1418
f 1328/796/1416 1352/805/1426 1353/811/1431 1329/799/1419
f 1343/797/1417 1367/807/1428 1368/812/1432 1344/800/1420
f 1336/798/1418 1360/809/1430 1361/813/1433 1337/801/1421
f 1329/799/1419 1353/811/1431 1354/814/1434 1330/802/1422
f 1344/800/1420 1368/812/1432 1369/815/1435 1345/803/1423
f 1322/804/1424 1346/817/1436 1347/816/1437 1323/781/1401
f 1337/801/1421 1361/813/1433 1362/818/1438 1338/783/1403
f 1330/802/1422 1354/814/1434 1355/819/1439 1331/785/1405
f 1345/803/1423 1369/815/1435 1346/817/1436 1322/804/1424
f 1323/781/1401 1347/816/1437 1348/820/1440 1324/780/1402
f 1338/783/1403 1362/818/1438 1363/821/1441 1339/782/1404
f 1331/785/1405 1355/819/1439 1356/822/1442 1332/784/1406
f 1324/780/1402 1348/820/1440 1349/823/1443 1325/786/1407
f 1339/782/1404 1363/821/1441 1364/824/1444 1340/787/1408
f 1332/784/1406 1356/822/1442 1357/825/1445 1333/788/1409
f 1325/786/1407 1349/823/1443 1350/826/1446 1326/789/1410
f 1340/787/1408 1364/824/1444 1365/827/1447 1341/790/1411
f 1333/788/1409 1357/825/1445 1358/828/1448 1334/791/1412
f 1326/789/1410 1350/826/1446 1351/806/1425 1327/792/1413
f 1341/790/1411 1365/827/1447 1366/808/1427 1342/793/1414
f 1334/795/1412 1358/829/1448 1359/810/1429 1335/794/1415
f 1362/830/1438 1386/833/1449 1387/832/1450 1363/831/1441
f 1355/834/1439 1379/837/1451 1380/836/1452 1356/835/1442
f 1348/838/1440 1372/841/1453 1373/840/1454 1349/839/1443
f 1363/831/1441 1387/832/1450 1388/843/1455 1364/842/1444
f 1356/835/1442 1380/836/1452 1381/845/1456 1357/844/1445
f 1349/839/1443 1373/840/1454 1374/847/1457 1350/846/1446
f 1364/842/1444 1388/843/1455 1389/849/1458 1365/848/1447
f 1357/844/1445 1381/845/1456 1382/851/1459 1358/850/1448
f 1350/846/1446 1374/847/1457 1375/853/1460 1351/852/1425
f 1365/848/1447 1389/849/1458 1390/855/1461 1366/854/1427
f 1358/850/1448 1382/851/1459 1383/857/1462 1359/856/1429
f 1351/852/1425 1375/853/1460 1376/859/1463 1352/858/1426
f 1366/854/1427 1390/855/1461 1391/861/1464 1367/860/1428
f 1359/856/1429 1383/857/1462 1384/863/1465 1360/862/1430
f 1352/858/1426 1376/859/1463 1377/865/1466 1353/864/1431
f 1367/860/1428 1391/861/1464 1392/867/1467 1368/866/1432
f 1360/862/1430 1384/863/1465 1385/869/1468 1361/868/1433
f 1353/864/1431 1377/865/1466 1378/871/1469 1354/870/1434
f 1368/866/1432 1392/867/1467 1393/873/1470 1369/872/1435
f 1346/874/1436 1370/877/1471 1371/876/1472 1347/875/1437
f 1361/868/1433 1385/869/1468 1386/833/1449 1362/830/1438
f 1354/870/1434 1378/871/1469 1379/837/1451 1355/834/1439
f 1369/872/1435 1393/873/1470 1370/877/1471 1346/874/1436
f 1347/875/1437 1371/876/1472 1372/841/1453 1348/838/1440
f 1372/841/1453 1371/876/1472 1374/847/1457 1373/840/1454
f 1371/876/1472 1370/877/1471 1375/853/1460 1374/847/1457
f 1370/877/1471 1393/873/1470 1376/859/1463 1375/853/1460
f 1393/873/1470 1392/867/1467 1377/865/1466 1376/859/1463
f 1392/867/1467 1391/861/1464 1378/871/1469 1377/865/1466
f 1391/861/1464 1390/855/1461 1379/837/1451 1378/871/1469
f 1390/855/1461 1389/849/1458 1380/836/1452 1379/837/1451
f 1389/849/1458 1388/843/1455 1381/845/1456 1380/836/1452
f 1388/843/1455 1387/832/1450 1382/851/1459 1381/845/1456
f 1387/832/1450 1386/833/1449 1383/857/1462 1382/851/1459
f 1386/833/1449 1385/869/1468 1384/863/1465 1383/857/1462
f 1245/648/1276 1417/705/1332 1399/667/1293 1246/641/1267
f 1230/642/1270 1416/703/1330 1397/663/1289 1231/56/821
f 1237/636/1264 1415/701/1328 1395/707/1259 1238/655/1282
f 1244/649/1275 1414/699/1326 1417/705/1332 1245/648/1276
f 1229/643/1269 1413/697/1324 1416/703/1330 1230/642/1270
f 1236/637/1263 1412/695/1322 1415/701/1328 1237/636/1264
f 1243/656/1283 1411/693/1320 1414/699/1326 1244/649/1275
f 1228/652/1280 1410/691/1318 1413/697/1324 1229/643/1269
f 1235/644/1272 1409/689/1316 1412/695/1322 1236/637/1263
f 1242/638/1266 1408/687/1314 1411/693/1320 1243/656/1283
f 1227/653/1279 1406/684/1312 1410/691/1318 1228/652/1280
f 1249/651/1277 1405/681/1308 1407/683/1309 1226/650/1278
f 1234/645/1271 1404/679/1306 1409/689/1316 1235/644/1272
f 1241/639/1265 1403/677/1304 1408/687/1314 1242/638/1266
f 1226/650/1278 1407/683/1309 1406/684/1312 1227/653/1279
f 1248/657/1284 1402/675/1302 1405/681/1308 1249/651/1277
f 1233/654/1281 1401/673/1300 1404/679/1306 1234/645/1271
f 1240/646/1274 1400/671/1298 1403/677/1304 1241/639/1265
f 1247/640/1268 1398/668/1296 1402/675/1302 1248/657/1284
f 1232/55/822 1396/664/1292 1401/673/1300 1233/654/1281
f 1239/647/1273 1394/633/1262 1400/671/1298 1240/646/1274
f 1246/641/1267 1399/667/1293 1398/668/1296 1247/640/1268
f 1231/56/821 1397/663/1289 1396/664/1292 1232/55/822
f 1238/658/1282 1395/632/1259 1394/633/1262 1239/647/1273
f 1465/878/1473 1441/753/1376 1424/717/1341 1445/879/1474
f 1464/880/1475 1440/751/1374 1422/713/1337 1444/881/1476
f 1446/882/1477 1419/660/1288 1420/709/1333 1443/883/1478
f 1463/884/1479 1439/749/1372 1418/659/1285 1442/885/1480
f 1462/886/1481 1438/747/1370 1441/753/1376 1465/878/1473
f 1461/887/1482 1437/745/1368 1440/751/1374 1464/880/1475
f 1460/888/1483 1436/743/1366 1439/749/1372 1463/884/1479
f 1459/889/1484 1435/741/1364 1438/747/1370 1462/886/1481
f 1458/890/1485 1434/738/1362 1437/745/1368 1461/887/1482
f 1457/891/1486 1433/735/1360 1436/743/1366 1460/888/1483
f 1456/892/1487 1432/733/1358 1435/741/1364 1459/889/1484
f 1455/893/1488 1431/737/1356 1434/738/1362 1458/890/1485
f 1454/894/1489 1430/729/1354 1433/735/1360 1457/891/1486
f 1453/895/1490 1429/727/1352 1432/733/1358 1456/892/1487
f 1452/896/1491 1428/725/1350 1431/731/1356 1455/897/1488
f 1451/898/1492 1427/723/1348 1430/729/1354 1454/894/1489
f 1450/899/1493 1426/721/1346 1429/727/1352 1453/895/1490
f 1449/900/1494 1425/718/1344 1428/725/1350 1452/896/1491
f 1448/901/1495 1423/714/1340 1427/723/1348 1451/898/1492
f 1447/902/1496 1421/710/1336 1426/721/1346 1450/899/1493
f 1445/879/1474 1424/717/1341 1425/718/1344 1449/900/1494
f 1444/881/1476 1422/713/1337 1423/714/1340 1448/901/1495
f 1443/883/1478 1420/709/1333 1421/710/1336 1447/902/1496
f 1442/885/1480 1418/659/1285 1419/660/1288 1446/882/1477
f 1273/682/1307 1442/885/1480 1446/882/1477 1250/686/1310
f 1251/685/1311 1443/883/1478 1447/902/1496 1252/692/1317
f 1266/688/1313 1444/881/1476 1448/901/1495 1267/694/1319
f 1259/690/1315 1445/879/1474 1449/900/1494 1260/696/1321
f 1252/692/1317 1447/902/1496 1450/899/1493 1253/698/1323
f 1267/694/1319 1448/901/1495 1451/898/1492 1268/700/1325
f 1260/696/1321 1449/900/1494 1452/896/1491 1261/702/1327
f 1253/698/1323 1450/899/1493 1453/895/1490 1254/704/1329
f 1268/700/1325 1451/898/1492 1454/894/1489 1269/706/1331
f 1261/702/1327 1452/896/1491 1455/897/1488 1262/708/1260
f 1254/704/1329 1453/895/1490 1456/892/1487 1255/666/1290
f 1269/706/1331 1454/894/1489 1457/891/1486 1270/670/1294
f 1262/635/1260 1455/893/1488 1458/890/1485 1263/634/1261
f 1255/666/1290 1456/892/1487 1459/889/1484 1256/665/1291
f 1270/670/1294 1457/891/1486 1460/888/1483 1271/669/1295
f 1263/634/1261 1458/890/1485 1461/887/1482 1264/672/1297
f 1256/665/1291 1459/889/1484 1462/886/1481 1257/674/1299
f 1271/669/1295 1460/888/1483 1463/884/1479 1272/676/1301
f 1264/672/1297 1461/887/1482 1464/880/1475 1265/678/1303
f 1257/674/1299 1462/886/1481 1465/878/1473 1258/680/1305
f 1272/676/1301 1463/884/1479 1442/885/1480 1273/682/1307
f 1250/686/1310 1446/882/1477 1443/883/1478 1251/685/1311
f 1265/678/1303 1464/880/1475 1444/881/1476 1266/688/1313
f 1258/680/1305 1465/878/1473 1445/879/1474 1259/690/1315
f 903/903/938 927/906/973 926/905/968 902/904/935
f 896/907/939 920/910/975 919/909/970 895/908/936
f 911/911/940 935/914/976 934/913/971 910/912/937
f 904/915/941 928/916/978 927/906/973 903/903/938
f 897/917/898 921/918/980 920/910/975 896/907/939
f 912/919/921 936/920/982 935/914/976 911/911/940
f 905/921/925 929/922/984 928/916/978 904/915/941
f 898/923/897 922/924/986 921/918/980 897/917/898
f 913/925/920 937/926/988 936/920/982 912/919/921
f 890/927/922 914/930/945 915/929/991 891/928/923
f 906/931/924 930/932/953 929/922/984 905/921/925
f 899/933/926 923/934/957 922/924/986 898/923/897
f 891/928/923 915/929/991 937/926/988 913/925/920
f 892/935/927 916/936/942 914/930/945 890/927/922
f 907/937/928 931/938/950 930/932/953 906/931/924
f 900/939/929 924/940/954 923/934/957 899/933/926
f 893/941/930 917/942/958 916/936/942 892/935/927
f 908/943/931 932/944/960 931/938/950 907/937/928
f 901/945/932 925/946/962 924/940/954 900/939/929
f 894/947/933 918/948/964 917/942/958 893/941/930
f 909/949/934 933/950/966 932/944/960 908/943/931
f 902/951/935 926/952/968 925/946/962 901/945/932
f 895/908/936 919/909/970 918/948/964 894/947/933
f 910/912/937 934/913/971 933/950/966 909/949/934
f 1159/510/1190 1466/511/1189 1471/954/1497 1158/953/1498
f 1158/953/1498 1471/954/1497 1476/956/1499 1157/955/1500
f 1157/955/1500 1476/956/1499 1481/958/1501 1156/957/1502
f 1156/957/1502 1481/958/1501 1486/960/1503 1154/959/1504
f 1154/959/1504 1486/960/1503 1177/962/1505 1155/961/1506
f 1161/512/1188 1162/964/1507 1467/963/1508 1466/511/1189
f 1466/511/1189 1467/963/1508 1472/965/1509 1471/954/1497
f 1471/954/1497 1472/965/1509 1477/966/1510 1476/956/1499
f 1476/956/1499 1477/966/1510 1482/967/1511 1481/958/1501
f 1481/958/1501 1482/967/1511 1487/968/1512 1486/960/1503
f 1486/960/1503 1487/968/1512 1176/969/1513 1177/962/1505
f 1162/964/1507 1163/971/1514 1468/970/1515 1467/963/1508
f 1467/963/1508 1468/970/1515 1473/972/1516 1472/965/1509
f 1472/965/1509 1473/972/1516 1478/973/1517 1477/966/1510
f 1477/966/1510 1478/973/1517 1483/974/1518 1482/967/1511
f 1482/967/1511 1483/974/1518 1488/975/1519 1487/968/1512
f 1487/968/1512 1488/975/1519 1175/976/1520 1176/969/1513
f 1163/971/1514 1164/978/1521 1469/977/1522 1468/970/1515
f 1468/970/1515 1469/977/1522 1474/979/1523 1473/972/1516
f 1473/972/1516 1474/979/1523 1479/980/1524 1478/973/1517
f 1478/973/1517 1479/980/1524 1484/981/1525 1483/974/1518
f 1483/974/1518 1484/981/1525 1489/982/1526 1488/975/1519
f 1488/975/1519 1489/982/1526 1174/983/1527 1175/976/1520
f 1164/978/1521 1165/985/1528 1470/984/1529 1469/977/1522
f 1469/977/1522 1470/984/1529 1475/986/1530 1474/979/1523
f 1474/979/1523 1475/986/1530 1480/987/1531 1479/980/1524
f 1479/980/1524 1480/987/1531 1485/988/1532 1484/981/1525
f 1484/981/1525 1485/988/1532 1490/989/1533 1489/982/1526
f 1489/982/1526 1490/989/1533 1173/990/1534 1174/983/1527
f 1165/985/1528 1166/992/1535 1167/991/1536 1470/984/1529
f 1470/984/1529 1167/991/1536 1168/993/1537 1475/986/1530
f 1475/986/1530 1168/993/1537 1169/994/1538 1480/987/1531
f 1480/987/1531 1169/994/1538 1170/995/1539 1485/988/1532
f 1485/988/1532 1170/995/1539 1171/996/1540 1490/989/1533
f 1490/989/1533 1171/996/1540 1172/997/1541 1173/990/1534
