# Blender 5.0.1
# www.blender.org
mtllib Heladera.mtl
o Heladera
v -1.440644 1.825870 1.511654
v 1.440644 1.825870 1.511654
v 1.440644 8.822248 1.511654
v -1.440644 8.822248 1.511654
v -1.632252 10.687984 1.612362
v -1.601947 10.687984 1.612362
v -1.601947 10.687984 1.401695
v -1.632252 10.687984 1.401695
v 1.632361 9.685107 1.842929
v 1.632361 9.926094 1.860693
v 1.598226 9.926094 1.860693
v 1.598226 9.685107 1.842929
v -1.632252 9.685107 1.842929
v -1.632252 9.926094 1.860693
v -1.632252 9.926094 1.401695
v -1.632252 9.685107 1.401700
v 1.632361 10.167088 1.842929
v 1.632361 9.926094 1.401700
v 1.632361 10.167088 1.401695
v 1.632361 10.401612 1.756885
v 1.598226 10.401612 1.756885
v 1.598226 10.167088 1.842929
v -1.632252 9.442740 1.753413
v -1.601947 9.442740 1.753413
v -1.601947 9.685107 1.842929
v -1.632252 10.167088 1.842929
v -1.632252 10.401763 1.756818
v -1.632252 10.401763 1.401695
v -1.632252 10.167088 1.401695
v -1.632252 9.442740 1.401700
v 1.632361 9.450706 1.756937
v 1.632361 9.450706 1.401700
v 1.632361 9.685107 1.401700
v 1.632361 10.401612 1.401695
v -1.578736 10.687984 1.612362
v -1.578736 10.687984 1.401695
v -1.601947 10.167088 1.842929
v -1.601947 9.926094 1.860693
v -1.632252 10.681424 1.615264
v -1.601947 10.681424 1.615264
v -1.601947 9.164208 1.612362
v -1.585069 9.164208 1.612362
v -1.585069 9.181989 1.620234
v -1.601947 9.181989 1.620234
v 1.632361 10.659312 1.625053
v 1.632361 10.666043 1.622073
v 1.598226 10.666043 1.622073
v 1.598226 10.659312 1.625053
v -1.632252 10.659312 1.625053
v -1.632252 10.666043 1.622073
v -1.632252 10.666043 1.401695
v -1.632252 10.659312 1.401695
v 1.632361 10.659312 1.401695
v 1.632361 10.666043 1.401695
v -1.632252 10.636438 1.635179
v -1.601947 10.636438 1.635179
v -1.601947 10.659312 1.625053
v -1.632252 9.181989 1.620234
v -1.632252 9.164208 1.612362
v -1.632252 9.181989 1.401700
v -1.632252 9.164208 1.401700
v 1.632361 9.181989 1.620234
v 1.632361 9.164208 1.612362
v 1.632361 9.164208 1.401700
v 1.632361 9.181989 1.401700
v 1.632361 9.216305 1.635422
v 1.598226 9.216305 1.635422
v 1.598226 9.181989 1.620234
v 1.598226 10.687984 1.612362
v 1.632361 10.687984 1.612362
v 1.632361 10.687984 1.401695
v 1.598226 10.687984 1.401695
v 1.598226 9.164208 1.612362
v 1.573316 10.687984 1.612362
v 1.573316 10.681424 1.615264
v 1.598226 10.681424 1.615264
v -1.601947 9.926094 1.842032
v -1.601947 10.167088 1.824273
v -1.601947 10.636438 1.616523
v -1.601947 10.659312 1.606398
v -1.601947 9.442740 1.734753
v -1.601947 9.685107 1.824273
v -1.585069 9.181989 1.601578
v -1.601947 9.181989 1.601578
v 1.573316 10.659312 1.625053
v 1.573316 10.659312 1.606398
v 1.598226 10.659312 1.606398
v 1.598226 9.926094 1.842032
v 1.598226 9.685107 1.824273
v 1.598226 10.401612 1.738225
v 1.598226 10.167088 1.824273
v 1.598226 9.216305 1.616767
v 1.598226 9.181989 1.601578
v 1.573316 10.687984 1.401695
v -1.578736 10.681424 1.615264
v -1.578736 10.659312 1.625053
v -1.578736 10.659312 1.606398
v 1.632361 10.636133 1.635314
v 1.598226 10.636133 1.635314
v 1.632361 10.636133 1.401695
v 1.598226 10.636133 1.616658
v -1.632252 10.636438 1.401695
v -1.601947 10.401763 1.756818
v -1.601947 10.401763 1.738157
v -1.632252 9.200375 1.628370
v -1.601947 9.200375 1.628370
v -1.632252 9.200375 1.401700
v -1.601947 9.200375 1.609714
v 1.574244 9.164208 1.612362
v 1.574244 9.181989 1.620234
v 1.574244 9.181989 1.601578
v 1.632361 9.216305 1.401700
v 1.598226 9.450706 1.756937
v 1.598226 9.450706 1.738282
v -1.601947 9.685107 1.623934
v -1.601947 9.926094 1.623934
v -1.601947 10.636438 1.416184
v -1.601947 10.659312 1.406063
v -1.601947 9.200375 1.409375
v -1.601947 9.442740 1.516654
v -1.585069 9.181989 1.401239
v -1.601947 9.181989 1.401239
v 1.573316 10.659312 1.406063
v 1.598226 10.659312 1.406063
v 1.598226 10.167088 1.623934
v 1.598226 9.926094 1.623934
v 1.598226 10.636133 1.416319
v 1.598226 10.401612 1.520126
v 1.598226 9.216305 1.416428
v 1.598226 9.181989 1.401239
v -1.578736 10.659312 1.406063
v -1.601947 10.167088 1.623934
v -1.601947 10.401763 1.520059
v 1.574244 9.181989 1.401239
v 1.598226 9.685107 1.623934
v 1.598226 9.450706 1.520183
v -1.601947 10.666043 1.622073
v 1.632361 10.681424 1.615264
v -1.632252 10.681424 1.401695
v 1.632361 10.681424 1.401695
v 1.573316 10.666043 1.622073
v -1.578736 10.666043 1.622073
v -1.564641 1.290079 1.455620
v -1.564641 1.311295 1.470472
v 1.624339 1.311295 1.470472
v 1.624339 1.290079 1.455620
v -1.564641 1.185494 1.616146
v -1.564641 1.178141 1.614130
v 1.624339 1.178141 1.614130
v 1.624339 1.185494 1.616146
v -1.564641 1.192034 1.611187
v 1.624339 1.192034 1.611187
v -1.564641 1.189319 1.542990
v 1.624339 1.189319 1.542990
v -1.564641 1.154868 1.558350
v 1.624339 1.154868 1.558350
v -1.564641 1.152220 1.595977
v 1.624339 1.152220 1.595977
v -1.564641 1.115490 1.455620
v -1.564641 1.136700 1.470472
v 1.624339 1.136700 1.470472
v 1.624339 1.115490 1.455620
v -1.564641 1.010900 1.616146
v -1.564641 1.003552 1.614130
v 1.624339 1.003552 1.614130
v 1.624339 1.010900 1.616146
v -1.564641 1.017439 1.611187
v 1.624339 1.017439 1.611187
v -1.564641 1.014729 1.542990
v 1.624339 1.014729 1.542990
v -1.564641 0.980274 1.558350
v 1.624339 0.980274 1.558350
v -1.564641 0.977626 1.595977
v 1.624339 0.977626 1.595977
v -1.564641 0.935594 1.455620
v -1.564641 0.956804 1.470472
v 1.624339 0.956804 1.470472
v 1.624339 0.935594 1.455620
v -1.564641 0.831004 1.616146
v -1.564641 0.823650 1.614130
v 1.624339 0.823650 1.614130
v 1.624339 0.831004 1.616146
v -1.564641 0.837544 1.611187
v 1.624339 0.837544 1.611187
v -1.564641 0.834828 1.542990
v 1.624339 0.834828 1.542990
v -1.564641 0.800378 1.558350
v 1.624339 0.800378 1.558350
v -1.564641 0.797730 1.595977
v 1.624339 0.797730 1.595977
v -1.564641 0.755693 1.455621
v -1.564641 0.776908 1.470472
v 1.624339 0.776908 1.470472
v 1.624339 0.755693 1.455621
v -1.564641 0.651108 1.616146
v -1.564641 0.643754 1.614130
v 1.624339 0.643754 1.614130
v 1.624339 0.651108 1.616146
v -1.564641 0.657642 1.611187
v 1.624339 0.657642 1.611187
v -1.564641 0.654932 1.542990
v 1.624339 0.654932 1.542990
v -1.564641 0.620482 1.558350
v 1.624339 0.620482 1.558350
v -1.564641 0.617834 1.595977
v 1.624339 0.617834 1.595977
v -1.564641 0.575797 1.455621
v -1.564641 0.597007 1.470472
v 1.624339 0.597007 1.470472
v 1.624339 0.575797 1.455621
v -1.564641 0.471207 1.616146
v -1.564641 0.463859 1.614130
v 1.624339 0.463859 1.614130
v 1.624339 0.471207 1.616146
v -1.564641 0.477747 1.611187
v 1.624339 0.477747 1.611187
v -1.564641 0.475036 1.542990
v 1.624339 0.475036 1.542990
v -1.564641 0.440581 1.558350
v 1.624339 0.440581 1.558350
v -1.564641 0.437933 1.595977
v 1.624339 0.437933 1.595977
v 1.684176 1.612384 1.639341
v 1.671071 1.623873 1.639341
v 1.595127 1.623873 1.639341
v 1.607637 1.612384 1.639341
v 1.440644 1.825870 1.568507
v 1.451247 1.816573 1.574679
v 1.451247 1.898113 1.574679
v 1.440644 1.907192 1.568507
v 1.684176 1.612384 1.473514
v 1.684176 1.698676 1.473514
v 1.684176 1.698676 1.499507
v 1.684176 1.612384 1.499507
v 1.684176 9.035729 1.473513
v 1.617617 9.035729 1.473513
v 1.617617 9.035729 1.499507
v 1.684176 9.035729 1.499507
v 1.440644 1.825870 1.473514
v 1.375174 1.825870 1.473514
v 1.375174 1.825870 1.553189
v 1.440644 1.825870 1.553189
v 1.440644 8.822248 1.473513
v 1.440644 8.736502 1.473513
v 1.440644 8.736502 1.553188
v 1.440644 8.822248 1.553188
v 1.562408 1.719124 1.639341
v 1.555578 1.725115 1.635366
v 1.484884 1.725115 1.635366
v 1.491403 1.719124 1.639341
v 1.572647 1.710149 1.639341
v 1.572647 1.794166 1.639341
v 1.562408 1.802934 1.639341
v 1.383714 8.822248 1.473513
v 1.402613 8.839500 1.473513
v 1.460326 8.839500 1.473513
v 1.440644 1.907192 1.473514
v 1.460326 1.890345 1.473514
v 1.460326 1.808614 1.473514
v 1.500663 8.928989 1.639340
v 1.510499 8.937964 1.639340
v -1.510499 8.937964 1.639340
v -1.500663 8.928989 1.639340
v 1.383714 8.822248 1.553188
v -1.383714 8.822248 1.553188
v -1.383714 8.822248 1.473513
v 1.383714 8.822248 1.568506
v 1.393897 8.831541 1.574678
v -1.393897 8.831541 1.574678
v -1.383714 8.822248 1.568506
v 1.393959 1.808614 1.473514
v -1.393959 1.808614 1.473514
v -1.375174 1.825870 1.473514
v 1.562408 8.928989 1.639340
v 1.572647 8.937964 1.639340
v 1.440644 8.822248 1.568506
v 1.451247 8.831546 1.574678
v 1.562408 8.840630 1.639340
v 1.555578 8.922998 1.635365
v 1.555578 8.834785 1.635365
v 1.684176 8.944754 1.473513
v 1.684176 8.944754 1.499507
v 1.440644 1.907192 1.553189
v 1.684176 8.944754 1.639340
v 1.684176 9.035729 1.639340
v 1.671071 9.024246 1.639340
v 1.671071 8.933550 1.639340
v 1.460326 8.753333 1.473513
v -1.375174 1.825870 1.553189
v 1.375174 1.825870 1.568507
v -1.375174 1.825870 1.568507
v -1.385295 1.816573 1.574679
v 1.385295 1.816573 1.574679
v 1.607637 1.612384 1.473514
v 1.607637 1.612384 1.499507
v 1.555578 1.808785 1.635366
v 1.684176 1.698676 1.639341
v 1.671071 1.709895 1.639341
v 1.548743 1.731105 1.631391
v 1.548743 1.814635 1.631391
v 1.461849 1.807277 1.580845
v 1.395415 1.807277 1.580845
v 1.478359 1.731105 1.631391
v 1.487537 8.917008 1.631391
v 1.494103 8.922998 1.635365
v -1.494103 8.922998 1.635365
v -1.487537 8.917008 1.631391
v 1.548743 8.917008 1.631391
v 1.461849 8.840837 1.580845
v 1.461849 8.754638 1.580845
v 1.548743 8.828944 1.631391
v 1.461849 1.889040 1.580845
v 1.582887 1.701174 1.639341
v 1.501176 1.710149 1.639341
v 1.510950 1.701174 1.639341
v 1.582887 1.785403 1.639341
v 1.582887 8.946940 1.639340
v 1.605035 9.024246 1.639340
v 1.520334 8.946940 1.639340
v 1.572647 8.849387 1.639340
v 1.582887 8.858140 1.639340
v 1.617617 9.035729 1.639340
v -1.595127 1.623873 1.639341
v -1.607637 1.612384 1.639341
v 1.684176 1.698676 1.624556
v 1.684176 1.612384 1.624556
v 1.617617 9.035729 1.624556
v 1.684176 9.035729 1.624556
v 1.684176 8.944754 1.624556
v 1.607637 1.612384 1.624556
v 1.404080 8.840837 1.580845
v -1.404080 8.840837 1.580845
v 1.451247 8.745569 1.574678
v 1.375174 1.825870 1.560848
v 1.440644 1.825870 1.560848
v 1.440644 8.736502 1.560847
v 1.440644 8.822248 1.560847
v 1.383714 8.822248 1.560847
v -1.383714 8.822248 1.560847
v 1.440644 1.907192 1.560848
v -1.375174 1.825870 1.560848
v 1.588665 9.009306 1.473513
v 1.654032 9.009306 1.473513
v 1.654032 1.724483 1.473514
v 1.654032 1.638807 1.473514
v 1.578861 1.638807 1.473514
v -1.607637 1.612384 1.473514
v -1.578861 1.638807 1.473514
v 1.654032 8.918977 1.473513
v -1.484884 1.725115 1.635366
v -1.491403 1.719124 1.639341
v -1.501176 1.710149 1.639341
v -1.510950 1.701174 1.639341
v 1.440644 8.736502 1.568506
v -1.684176 1.612384 1.639341
v -1.671071 1.623873 1.639341
v -1.440644 1.825870 1.568507
v -1.440644 1.907192 1.568507
v -1.451247 1.898113 1.574679
v -1.451247 1.816573 1.574679
v -1.684176 1.612384 1.473514
v -1.684176 1.612384 1.499507
v -1.684176 1.698676 1.499507
v -1.684176 1.698676 1.473514
v -1.684176 9.035729 1.473513
v -1.684176 9.035729 1.499507
v -1.617617 9.035729 1.499507
v -1.617617 9.035729 1.473513
v -1.440644 1.825870 1.473514
v -1.440644 1.825870 1.553189
v -1.440644 8.822248 1.473513
v -1.440644 8.822248 1.553188
v -1.440644 8.736502 1.553188
v -1.440644 8.736502 1.473513
v -1.562408 1.719124 1.639341
v -1.555578 1.725115 1.635366
v -1.562408 1.802934 1.639341
v -1.572647 1.794166 1.639341
v -1.572647 1.710149 1.639341
v -1.460326 8.839500 1.473513
v -1.402613 8.839500 1.473513
v -1.460326 1.808614 1.473514
v -1.460326 1.890345 1.473514
v -1.440644 1.907192 1.473514
v -1.607637 1.612384 1.499507
v -1.572647 8.937964 1.639340
v -1.562408 8.928989 1.639340
v -1.451247 8.831546 1.574678
v -1.440644 8.822248 1.568506
v -1.562408 8.840630 1.639340
v -1.555578 8.834785 1.635365
v -1.555578 8.922998 1.635365
v -1.684176 8.944754 1.473513
v -1.684176 8.944754 1.499507
v -1.440644 1.907192 1.553189
v -1.684176 8.944754 1.639340
v -1.671071 8.933550 1.639340
v -1.671071 9.024246 1.639340
v -1.684176 9.035729 1.639340
v -1.460326 8.753333 1.473513
v -1.555578 1.808785 1.635366
v -1.684176 1.698676 1.639341
v -1.671071 1.709895 1.639341
v -1.548743 1.731105 1.631391
v -1.548743 1.814635 1.631391
v -1.478359 1.731105 1.631391
v -1.395415 1.807277 1.580845
v -1.461849 1.807277 1.580845
v -1.548743 8.917008 1.631391
v -1.548743 8.828944 1.631391
v -1.461849 8.754638 1.580845
v -1.461849 8.840837 1.580845
v -1.461849 1.889040 1.580845
v -1.582887 1.701174 1.639341
v -1.582887 1.785403 1.639341
v -1.520334 8.946940 1.639340
v -1.605035 9.024246 1.639340
v -1.582887 8.946940 1.639340
v -1.582887 8.858140 1.639340
v -1.572647 8.849387 1.639340
v -1.617617 9.035729 1.639340
v -1.684176 1.698676 1.624556
v -1.684176 1.612384 1.624556
v -1.617617 9.035729 1.624556
v -1.684176 9.035729 1.624556
v -1.607637 1.612384 1.624556
v -1.684176 8.944754 1.624556
v -1.451247 8.745569 1.574678
v -1.440644 1.825870 1.560848
v -1.440644 8.822248 1.560847
v -1.440644 8.736502 1.560847
v -1.440644 1.907192 1.560848
v -1.588665 9.009306 1.473513
v -1.654032 9.009306 1.473513
v -1.654032 1.724483 1.473514
v -1.654032 1.638807 1.473514
v -1.654032 8.918977 1.473513
v -1.440644 8.736502 1.568506
v 0.300545 8.766863 0.237054
v 0.335146 8.692770 0.197328
v 0.344831 8.691613 0.204977
v 0.309235 8.767842 0.245848
v 0.354517 8.697346 0.199779
v 0.317926 8.775708 0.241795
v 0.347220 8.613358 0.154747
v 0.357253 8.609913 0.161167
v 0.367285 8.613358 0.154747
v 0.335146 8.533943 0.112165
v 0.344831 8.528213 0.117358
v 0.354517 8.529373 0.109709
v 0.300545 8.459850 0.072434
v 0.309235 8.451989 0.076487
v 0.317926 8.451010 0.067693
v 0.245040 8.396396 0.038409
v 0.252129 8.386705 0.041482
v 0.259218 8.383903 0.031709
v 0.173040 8.347477 0.012177
v 0.178056 8.336376 0.014499
v 0.183073 8.332159 0.003969
v 0.088966 8.316986 -0.004172
v 0.091562 8.305005 -0.002322
v 0.094153 8.299911 -0.013324
v -0.001145 8.306347 -0.009872
v -0.001145 8.294061 -0.008193
v -0.001145 8.288660 -0.019356
v -0.091251 8.316986 -0.004172
v -0.093847 8.305005 -0.002322
v -0.096444 8.299911 -0.013324
v -0.175325 8.347477 0.012182
v -0.180342 8.336376 0.014499
v -0.185358 8.332159 0.003969
v -0.247325 8.396396 0.038409
v -0.254414 8.386705 0.041482
v -0.261509 8.383903 0.031709
v -0.302836 8.459850 0.072434
v -0.311526 8.451989 0.076487
v -0.320211 8.451010 0.067693
v -0.337436 8.533943 0.112165
v -0.347122 8.528213 0.117358
v -0.356807 8.529373 0.109709
v -0.349505 8.613358 0.154747
v -0.359538 8.609913 0.161167
v -0.369576 8.613358 0.154747
v -0.337436 8.692770 0.197328
v -0.347122 8.691613 0.204977
v -0.356807 8.697346 0.199779
v -0.302836 8.766863 0.237054
v -0.311526 8.767842 0.245848
v -0.320211 8.775708 0.241795
v -0.247325 8.830317 0.271079
v -0.254414 8.833126 0.280853
v -0.261509 8.842816 0.277780
v -0.175325 8.879241 0.297311
v -0.180342 8.883454 0.307836
v -0.185358 8.894554 0.305519
v -0.091251 8.909733 0.313660
v -0.093847 8.914826 0.324657
v -0.096444 8.926803 0.322812
v -0.001145 8.920371 0.319366
v -0.001145 8.925771 0.330528
v -0.001145 8.938058 0.328844
v 0.088966 8.909733 0.313660
v 0.091562 8.914826 0.324657
v 0.094153 8.926803 0.322812
v 0.173040 8.879241 0.297311
v 0.178056 8.883454 0.307836
v 0.183073 8.894554 0.305519
v 0.245040 8.830317 0.271079
v 0.252129 8.833126 0.280853
v 0.259218 8.842816 0.277780
v 0.330420 8.613358 0.154747
v 0.318926 8.688940 0.195271
v 0.309241 8.683208 0.200468
v 0.320382 8.609913 0.161167
v 0.299555 8.684364 0.192819
v 0.310350 8.613358 0.154747
v 0.285999 8.759463 0.233084
v 0.277309 8.751596 0.237137
v 0.268618 8.750617 0.228343
v 0.233163 8.819855 0.265467
v 0.226073 8.810164 0.268540
v 0.218984 8.807356 0.258767
v 0.164635 8.866415 0.290434
v 0.159618 8.855316 0.292751
v 0.154602 8.851102 0.282221
v 0.084618 8.895440 0.305996
v 0.082022 8.883459 0.307841
v 0.079431 8.878366 0.296839
v -0.001145 8.905566 0.311422
v -0.001145 8.893279 0.313106
v -0.001145 8.887879 0.301944
v -0.086909 8.895440 0.305996
v -0.084312 8.883459 0.307841
v -0.081716 8.878366 0.296839
v -0.166925 8.866415 0.290434
v -0.161909 8.855316 0.292751
v -0.156893 8.851102 0.282221
v -0.235453 8.819855 0.265467
v -0.228364 8.810164 0.268540
v -0.221270 8.807356 0.258767
v -0.288284 8.759463 0.233084
v -0.279594 8.751596 0.237137
v -0.270904 8.750617 0.228343
v -0.321216 8.688940 0.195271
v -0.311531 8.683208 0.200468
v -0.301846 8.684364 0.192819
v -0.332705 8.613358 0.154747
v -0.322673 8.609913 0.161167
v -0.312640 8.613358 0.154747
v -0.321216 8.537774 0.114218
v -0.311531 8.536617 0.121866
v -0.301846 8.542349 0.116669
v -0.288284 8.467256 0.076404
v -0.279594 8.468235 0.085198
v -0.270904 8.476096 0.081146
v -0.235453 8.406864 0.044021
v -0.228364 8.409667 0.053795
v -0.221270 8.419357 0.050722
v -0.166925 8.360302 0.019054
v -0.161909 8.364515 0.029584
v -0.156893 8.375615 0.027267
v -0.086909 8.331278 0.003492
v -0.084312 8.336371 0.014494
v -0.081716 8.348352 0.012649
v -0.001145 8.321152 -0.001934
v -0.001145 8.326551 0.009229
v -0.001145 8.338839 0.007550
v 0.084618 8.331278 0.003492
v 0.082022 8.336371 0.014494
v 0.079431 8.348352 0.012649
v 0.164635 8.360302 0.019054
v 0.159618 8.364515 0.029584
v 0.154602 8.375615 0.027267
v 0.233163 8.406864 0.044021
v 0.226073 8.409667 0.053795
v 0.218984 8.419357 0.050722
v 0.285999 8.467256 0.076404
v 0.277309 8.468235 0.085198
v 0.268618 8.476096 0.081146
v 0.318926 8.537774 0.114218
v 0.309241 8.536617 0.121866
v 0.299555 8.542349 0.116669
v 0.284968 8.613358 0.154747
v 0.275054 8.678581 0.189715
v 0.265369 8.672850 0.194913
v 0.274935 8.609913 0.161167
v 0.255679 8.674005 0.187264
v 0.264903 8.613358 0.154747
v 0.246636 8.739434 0.222347
v 0.237946 8.731568 0.226399
v 0.229255 8.730593 0.217605
v 0.201044 8.791550 0.250289
v 0.193955 8.781855 0.253362
v 0.186866 8.779051 0.243588
v 0.141911 8.831727 0.271831
v 0.136895 8.820627 0.274147
v 0.131879 8.816414 0.263622
v 0.072865 8.856771 0.285263
v 0.070269 8.844790 0.287107
v 0.067673 8.839697 0.276106
v -0.001145 8.865508 0.289947
v -0.001145 8.853222 0.291626
v -0.001145 8.847822 0.280464
v -0.075151 8.856771 0.285263
v -0.072554 8.844790 0.287107
v -0.069958 8.839697 0.276106
v -0.144197 8.831727 0.271831
v -0.139180 8.820627 0.274147
v -0.134164 8.816414 0.263622
v -0.203334 8.791550 0.250289
v -0.196245 8.781855 0.253362
v -0.189151 8.779051 0.243588
v -0.248921 8.739434 0.222347
v -0.240236 8.731568 0.226399
v -0.231546 8.730593 0.217605
v -0.277340 8.678581 0.189715
v -0.267654 8.672850 0.194913
v -0.257969 8.674005 0.187264
v -0.287253 8.613358 0.154747
v -0.277221 8.609913 0.161167
v -0.267188 8.613358 0.154747
v -0.277340 8.548138 0.119773
v -0.267654 8.546977 0.127422
v -0.257969 8.552708 0.122224
v -0.248921 8.487285 0.087141
v -0.240236 8.488258 0.095935
v -0.231546 8.496125 0.091883
v -0.203334 8.435168 0.059199
v -0.196245 8.437972 0.068973
v -0.189151 8.447668 0.065900
v -0.144202 8.394991 0.037658
v -0.139180 8.399204 0.048182
v -0.134164 8.410304 0.045866
v -0.075151 8.369946 0.024226
v -0.072554 8.375041 0.035227
v -0.069958 8.387016 0.033382
v -0.001145 8.361209 0.019541
v -0.001145 8.366605 0.030708
v -0.001145 8.378891 0.029024
v 0.072865 8.369946 0.024226
v 0.070269 8.375041 0.035227
v 0.067673 8.387016 0.033382
v 0.141911 8.394991 0.037658
v 0.136895 8.399204 0.048182
v 0.131879 8.410304 0.045866
v 0.201044 8.435168 0.059199
v 0.193955 8.437972 0.068973
v 0.186866 8.447668 0.065900
v 0.246636 8.487285 0.087141
v 0.237946 8.488258 0.095935
v 0.229255 8.496125 0.091883
v 0.275054 8.548138 0.119773
v 0.265369 8.546977 0.127422
v 0.255679 8.552708 0.122224
v 0.242723 8.613358 0.154747
v 0.234272 8.668952 0.184554
v 0.224586 8.663221 0.189746
v 0.232691 8.609913 0.161167
v 0.214901 8.664377 0.182098
v 0.222658 8.613358 0.154747
v 0.210050 8.720819 0.212366
v 0.201360 8.712954 0.216419
v 0.192675 8.711974 0.207625
v 0.171195 8.765241 0.236183
v 0.164101 8.755545 0.239256
v 0.157012 8.752742 0.229483
v 0.120789 8.799484 0.254543
v 0.115773 8.788383 0.256860
v 0.110757 8.784171 0.246335
v 0.061936 8.820828 0.265990
v 0.059340 8.808853 0.267835
v 0.056744 8.803760 0.256834
v -0.001145 8.828280 0.269986
v -0.001145 8.815994 0.271665
v -0.001145 8.810595 0.260503
v -0.064222 8.820828 0.265990
v -0.061625 8.808853 0.267835
v -0.059034 8.803760 0.256839
v -0.123074 8.799484 0.254543
v -0.118058 8.788383 0.256860
v -0.113042 8.784171 0.246335
v -0.173481 8.765241 0.236183
v -0.166391 8.755545 0.239256
v -0.159297 8.752742 0.229483
v -0.212341 8.720819 0.212366
v -0.203651 8.712954 0.216419
v -0.194960 8.711974 0.207625
v -0.236562 8.668952 0.184554
v -0.226871 8.663221 0.189746
v -0.217186 8.664377 0.182098
v -0.245009 8.613358 0.154747
v -0.234976 8.609913 0.161167
v -0.224944 8.613358 0.154747
v -0.236562 8.557766 0.124934
v -0.226871 8.556610 0.132583
v -0.217186 8.562342 0.127390
v -0.212341 8.505898 0.097127
v -0.203651 8.506878 0.105916
v -0.194960 8.514739 0.101864
v -0.173481 8.461477 0.073305
v -0.166391 8.464281 0.083078
v -0.159297 8.473977 0.080006
v -0.123080 8.427229 0.054945
v -0.118058 8.431448 0.065475
v -0.113042 8.442548 0.063159
v -0.064222 8.405885 0.043498
v -0.061630 8.410978 0.054499
v -0.059034 8.422959 0.052654
v -0.001145 8.398438 0.039502
v -0.001145 8.403837 0.050670
v -0.001145 8.416124 0.048986
v 0.061936 8.405885 0.043498
v 0.059340 8.410978 0.054499
v 0.056744 8.422959 0.052654
v 0.120789 8.427229 0.054945
v 0.115773 8.431448 0.065475
v 0.110757 8.442548 0.063159
v 0.171190 8.461477 0.073305
v 0.164101 8.464281 0.083078
v 0.157012 8.473977 0.080006
v 0.210050 8.505898 0.097122
v 0.201360 8.506878 0.105916
v 0.192675 8.514739 0.101864
v 0.234272 8.557766 0.124934
v 0.224586 8.556610 0.132583
v 0.214901 8.562342 0.127390
v 0.205630 8.613358 0.154747
v 0.198463 8.660496 0.180020
v 0.188778 8.654764 0.185217
v 0.195598 8.609913 0.161167
v 0.179093 8.655919 0.177563
v 0.185565 8.613358 0.154747
v 0.177927 8.704471 0.203598
v 0.169236 8.696609 0.207651
v 0.160551 8.695630 0.198857
v 0.144979 8.742139 0.223793
v 0.137890 8.732443 0.226866
v 0.130801 8.729640 0.217092
v 0.102242 8.771174 0.239365
v 0.097226 8.760075 0.241681
v 0.092210 8.755856 0.231151
v 0.052339 8.789275 0.249071
v 0.049748 8.777295 0.250916
v 0.047152 8.772200 0.239914
v -0.001145 8.795588 0.252455
v -0.001145 8.783300 0.254139
v -0.001145 8.777905 0.242972
v -0.054629 8.789275 0.249071
v -0.052033 8.777295 0.250916
v -0.049437 8.772200 0.239914
v -0.104528 8.771174 0.239365
v -0.099511 8.760075 0.241681
v -0.094495 8.755856 0.231151
v -0.147264 8.742139 0.223793
v -0.140175 8.732443 0.226866
v -0.133086 8.729640 0.217092
v -0.180212 8.704471 0.203598
v -0.171527 8.696609 0.207651
v -0.162837 8.695630 0.198857
v -0.200754 8.660496 0.180020
v -0.191063 8.654764 0.185217
v -0.181378 8.655919 0.177563
v -0.207915 8.613358 0.154747
v -0.197883 8.609913 0.161167
v -0.187850 8.613358 0.154747
v -0.200754 8.566223 0.129468
v -0.191063 8.565067 0.137117
v -0.181378 8.570799 0.131925
v -0.180212 8.522243 0.105890
v -0.171527 8.523222 0.114684
v -0.162837 8.531083 0.110632
v -0.147264 8.484579 0.085695
v -0.140175 8.487383 0.095469
v -0.133086 8.497078 0.092396
v -0.104528 8.455544 0.070123
v -0.099511 8.459757 0.080653
v -0.094495 8.470858 0.078337
v -0.054629 8.437443 0.060417
v -0.052033 8.442536 0.071419
v -0.049437 8.454513 0.069574
v -0.001145 8.431126 0.057033
v -0.001145 8.436525 0.068196
v -0.001145 8.448812 0.066517
v 0.052339 8.437443 0.060417
v 0.049748 8.442536 0.071419
v 0.047152 8.454513 0.069574
v 0.102242 8.455544 0.070123
v 0.097226 8.459757 0.080653
v 0.092210 8.470858 0.078337
v 0.144979 8.484579 0.085695
v 0.137890 8.487383 0.095469
v 0.130801 8.497078 0.092396
v 0.177927 8.522243 0.105890
v 0.169236 8.523222 0.114684
v 0.160551 8.531083 0.110632
v 0.198463 8.566223 0.129468
v 0.188778 8.565067 0.137117
v 0.179093 8.570799 0.131925
v 0.171957 8.613358 0.154747
v 0.165961 8.652821 0.175905
v 0.156276 8.647090 0.181098
v 0.161924 8.609913 0.161167
v 0.146591 8.648245 0.173449
v 0.151892 8.613358 0.154747
v 0.148767 8.689634 0.195644
v 0.140077 8.681773 0.199696
v 0.131386 8.680794 0.190902
v 0.121183 8.721167 0.212553
v 0.114094 8.711476 0.215621
v 0.107005 8.708668 0.205847
v 0.085406 8.745476 0.225586
v 0.080390 8.734371 0.227902
v 0.075373 8.730158 0.217372
v 0.043633 8.760629 0.233711
v 0.041037 8.748648 0.235556
v 0.038441 8.743554 0.224554
v -0.001145 8.765915 0.236546
v -0.001145 8.753628 0.238225
v -0.001145 8.748228 0.227063
v -0.045918 8.760629 0.233711
v -0.043322 8.748648 0.235556
v -0.040726 8.743554 0.224554
v -0.087696 8.745476 0.225586
v -0.082680 8.734371 0.227902
v -0.077664 8.730158 0.217372
v -0.123473 8.721167 0.212553
v -0.116379 8.711476 0.215621
v -0.109290 8.708668 0.205847
v -0.151052 8.689634 0.195644
v -0.142367 8.681773 0.199696
v -0.133677 8.680794 0.190902
v -0.168247 8.652821 0.175905
v -0.158561 8.647090 0.181098
v -0.148876 8.648245 0.173449
v -0.174247 8.613358 0.154747
v -0.164215 8.609913 0.161167
v -0.154177 8.613358 0.154747
v -0.168247 8.573898 0.133588
v -0.158561 8.572742 0.141237
v -0.148876 8.578474 0.136039
v -0.151052 8.537079 0.113844
v -0.142367 8.538058 0.122638
v -0.133677 8.545924 0.118586
v -0.123473 8.505551 0.096941
v -0.116379 8.508355 0.106709
v -0.109290 8.518045 0.103641
v -0.087696 8.481242 0.083902
v -0.082680 8.485455 0.094432
v -0.077664 8.496555 0.092116
v -0.045918 8.466090 0.075777
v -0.043322 8.471184 0.086778
v -0.040726 8.483159 0.084934
v -0.001145 8.460804 0.072942
v -0.001145 8.466204 0.084110
v -0.001145 8.478485 0.082426
v 0.043633 8.466090 0.075777
v 0.041037 8.471184 0.086778
v 0.038441 8.483159 0.084934
v 0.085406 8.481242 0.083902
v 0.080390 8.485455 0.094432
v 0.075373 8.496555 0.092116
v 0.121183 8.505551 0.096935
v 0.114094 8.508355 0.106709
v 0.107005 8.518045 0.103641
v 0.148767 8.537079 0.113844
v 0.140077 8.538058 0.122638
v 0.131386 8.545924 0.118586
v 0.165961 8.573898 0.133588
v 0.156276 8.572742 0.141237
v 0.146591 8.578474 0.136039
v 0.136361 8.613358 0.154747
v 0.131599 8.644706 0.171552
v 0.121914 8.638974 0.176750
v 0.126329 8.609913 0.161167
v 0.112223 8.640130 0.169101
v 0.116296 8.613358 0.154747
v 0.117939 8.673948 0.187233
v 0.109249 8.666086 0.191285
v 0.100563 8.665108 0.182491
v 0.096029 8.698998 0.200665
v 0.088940 8.689302 0.203738
v 0.081846 8.686500 0.193965
v 0.067611 8.718307 0.211019
v 0.062594 8.707207 0.213335
v 0.057578 8.702993 0.202805
v 0.034425 8.730345 0.217471
v 0.031828 8.718364 0.219315
v 0.029232 8.713270 0.208319
v -0.001145 8.734542 0.219725
v -0.001145 8.722256 0.221404
v -0.001145 8.716856 0.210242
v -0.036710 8.730345 0.217471
v -0.034114 8.718364 0.219315
v -0.031523 8.713270 0.208319
v -0.069896 8.718307 0.211019
v -0.064880 8.707207 0.213335
v -0.059863 8.702993 0.202805
v -0.098314 8.698998 0.200665
v -0.091225 8.689302 0.203738
v -0.084136 8.686500 0.193965
v -0.120229 8.673948 0.187233
v -0.111539 8.666086 0.191285
v -0.102849 8.665108 0.182491
v -0.133884 8.644706 0.171552
v -0.124199 8.638974 0.176750
v -0.114514 8.640130 0.169101
v -0.138652 8.613358 0.154747
v -0.128614 8.609913 0.161167
v -0.118582 8.613358 0.154747
v -0.133884 8.582013 0.137936
v -0.124199 8.580857 0.145585
v -0.114514 8.586588 0.140387
v -0.120229 8.552765 0.122255
v -0.111539 8.553744 0.131049
v -0.102849 8.561611 0.126997
v -0.098314 8.527720 0.108823
v -0.091225 8.530523 0.118596
v -0.084136 8.540219 0.115529
v -0.069896 8.508411 0.098469
v -0.064880 8.512625 0.108999
v -0.059863 8.523725 0.106683
v -0.036710 8.496374 0.092018
v -0.034114 8.501468 0.103019
v -0.031523 8.513443 0.101169
v -0.001145 8.492176 0.089763
v -0.001145 8.497571 0.100931
v -0.001145 8.509857 0.099247
v 0.034425 8.496374 0.092018
v 0.031828 8.501468 0.103019
v 0.029232 8.513443 0.101169
v 0.067611 8.508411 0.098469
v 0.062594 8.512625 0.108999
v 0.057578 8.523725 0.106683
v 0.096029 8.527720 0.108823
v 0.088940 8.530523 0.118596
v 0.081846 8.540219 0.115529
v 0.117939 8.552765 0.122255
v 0.109249 8.553744 0.131049
v 0.100563 8.561611 0.126997
v 0.131599 8.582013 0.137936
v 0.121914 8.580857 0.145585
v 0.112223 8.586588 0.140387
v 0.097516 8.613358 0.154747
v 0.094096 8.635849 0.166805
v 0.084411 8.630118 0.171998
v 0.087484 8.609913 0.161167
v 0.074726 8.631273 0.164349
v 0.077451 8.613358 0.154747
v 0.084297 8.656832 0.178056
v 0.075612 8.648971 0.182108
v 0.066921 8.647991 0.173314
v 0.068580 8.674803 0.187689
v 0.061485 8.665112 0.190762
v 0.054396 8.662304 0.180989
v 0.048188 8.688661 0.195120
v 0.043172 8.677560 0.197437
v 0.038156 8.673342 0.186907
v 0.024377 8.697293 0.199753
v 0.021780 8.685312 0.201598
v 0.019184 8.680223 0.190596
v -0.001145 8.700309 0.201365
v -0.001145 8.688023 0.203049
v -0.001145 8.682623 0.191881
v -0.026662 8.697293 0.199753
v -0.024071 8.685312 0.201598
v -0.021475 8.680223 0.190596
v -0.050473 8.688661 0.195120
v -0.045457 8.677560 0.197437
v -0.040441 8.673342 0.186907
v -0.070865 8.674803 0.187689
v -0.063776 8.665112 0.190762
v -0.056687 8.662304 0.180989
v -0.086587 8.656832 0.178056
v -0.077897 8.648971 0.182108
v -0.069207 8.647991 0.173314
v -0.096387 8.635849 0.166805
v -0.086701 8.630118 0.171998
v -0.077016 8.631273 0.164349
v -0.099802 8.613358 0.154747
v -0.089769 8.609913 0.161167
v -0.079737 8.613358 0.154747
v -0.096387 8.590869 0.142683
v -0.086701 8.589708 0.150332
v -0.077016 8.595440 0.145139
v -0.086587 8.569881 0.131432
v -0.077897 8.570861 0.140226
v -0.069207 8.578728 0.136174
v -0.070865 8.551910 0.121799
v -0.063776 8.554719 0.131572
v -0.056687 8.564409 0.128499
v -0.050473 8.538058 0.114368
v -0.045457 8.542272 0.124898
v -0.040441 8.553371 0.122581
v -0.026662 8.529420 0.109740
v -0.024071 8.534513 0.120737
v -0.021475 8.546494 0.118892
v -0.001145 8.526409 0.108123
v -0.001145 8.531809 0.119286
v -0.001145 8.544096 0.117607
v 0.024377 8.529420 0.109740
v 0.021780 8.534513 0.120737
v 0.019184 8.546494 0.118892
v 0.048188 8.538058 0.114368
v 0.043172 8.542272 0.124898
v 0.038156 8.553371 0.122581
v 0.068580 8.551910 0.121799
v 0.061485 8.554719 0.131572
v 0.054396 8.564409 0.128499
v 0.084297 8.569881 0.131432
v 0.075612 8.570861 0.140226
v 0.066921 8.578728 0.136174
v 0.094096 8.590869 0.142683
v 0.084411 8.589708 0.150332
v 0.074726 8.595440 0.145139
v 1.581846 10.167088 1.785599
v -1.585509 10.167088 1.785599
v -1.585509 9.926094 1.805509
v 1.581846 9.926094 1.805509
v 1.581846 10.659312 1.567724
v -1.585509 10.659312 1.567724
v -1.585509 10.413199 1.696571
v 1.581846 10.413199 1.696571
v 1.581846 9.685107 1.785599
v -1.585509 9.685107 1.785599
v -1.585509 9.433548 1.694161
v 1.581846 9.433548 1.694161
v -1.585509 9.181989 1.562904
v 1.581846 9.181989 1.562904
v 1.116459 1.405873 1.649109
v 1.112619 1.427648 1.649109
v 1.112619 1.427648 1.671874
v 1.116459 1.405873 1.671874
v 1.101565 1.446801 1.649109
v 1.101565 1.446801 1.671874
v 1.084625 1.461010 1.649109
v 1.084625 1.461010 1.671874
v 1.063850 1.468576 1.649109
v 1.063850 1.468576 1.671874
v 1.041738 1.468576 1.649109
v 1.041738 1.468576 1.671874
v 1.020963 1.461010 1.649109
v 1.020963 1.461010 1.671874
v 1.004023 1.446801 1.649109
v 1.004023 1.446801 1.671874
v 0.992970 1.427648 1.649109
v 0.992970 1.427648 1.671874
v 0.989130 1.405873 1.649109
v 0.989130 1.405873 1.671874
v 0.992970 1.384098 1.649109
v 0.992970 1.384098 1.671874
v 1.004023 1.364950 1.649109
v 1.004023 1.364950 1.671874
v 1.020963 1.350741 1.649109
v 1.020963 1.350741 1.671874
v 1.041738 1.343175 1.649109
v 1.041738 1.343175 1.671874
v 1.063850 1.343175 1.649109
v 1.063850 1.343175 1.671874
v 1.084625 1.350741 1.649109
v 1.084625 1.350741 1.671874
v 1.101565 1.364950 1.649109
v 1.101565 1.364950 1.671874
v 1.112619 1.384098 1.649109
v 1.112619 1.384098 1.671874
v 1.116459 1.405873 1.673998
v 1.112619 1.427648 1.673998
v 1.111821 1.427358 1.674802
v 1.115609 1.405873 1.674802
v 1.101565 1.446801 1.673998
v 1.100912 1.446252 1.674802
v 1.084625 1.461010 1.673998
v 1.084200 1.460274 1.674802
v 1.063850 1.468576 1.673998
v 1.063700 1.467736 1.674802
v 1.041738 1.468576 1.673998
v 1.041888 1.467736 1.674802
v 1.020963 1.461010 1.673998
v 1.021388 1.460274 1.674802
v 1.004023 1.446801 1.673998
v 1.004676 1.446252 1.674802
v 0.992970 1.427648 1.673998
v 0.993768 1.427358 1.674802
v 0.989130 1.405873 1.673998
v 0.989980 1.405873 1.674802
v 0.992970 1.384098 1.673998
v 0.993768 1.384393 1.674802
v 1.004023 1.364950 1.673998
v 1.004676 1.365499 1.674802
v 1.020963 1.350741 1.673998
v 1.021388 1.351476 1.674802
v 1.041738 1.343175 1.673998
v 1.041888 1.344014 1.674802
v 1.063850 1.343175 1.673998
v 1.063700 1.344014 1.674802
v 1.084625 1.350741 1.673998
v 1.084200 1.351471 1.674802
v 1.101565 1.364950 1.673998
v 1.100912 1.365499 1.674802
v 1.112619 1.384098 1.673998
v 1.111821 1.384393 1.674802
v 1.111525 1.405873 1.678662
v 1.107981 1.425964 1.678662
v 1.105758 1.425155 1.678662
v 1.109157 1.405873 1.678662
v 1.097782 1.443624 1.678662
v 1.095974 1.442106 1.678662
v 1.082158 1.456735 1.678662
v 1.080977 1.454688 1.678662
v 1.062990 1.463710 1.678662
v 1.062580 1.461383 1.678662
v 1.042598 1.463710 1.678662
v 1.043008 1.461383 1.678662
v 1.023430 1.456735 1.678662
v 1.024611 1.454688 1.678662
v 1.007806 1.443624 1.678662
v 1.009614 1.442106 1.678662
v 0.997608 1.425964 1.678662
v 0.999831 1.425155 1.678662
v 0.994063 1.405873 1.678662
v 0.996431 1.405873 1.678662
v 0.997608 1.385787 1.678662
v 0.999831 1.386595 1.678662
v 1.007806 1.368126 1.678662
v 1.009614 1.369645 1.678662
v 1.023430 1.355016 1.678662
v 1.024611 1.357063 1.678662
v 1.042598 1.348041 1.678662
v 1.043008 1.350367 1.678662
v 1.062990 1.348041 1.678662
v 1.062580 1.350367 1.678662
v 1.082158 1.355016 1.678662
v 1.080977 1.357063 1.678662
v 1.097782 1.368126 1.678662
v 1.095974 1.369645 1.678662
v 1.107981 1.385787 1.678662
v 1.105758 1.386595 1.678662
v 1.096093 1.405873 1.678662
v 1.093481 1.420683 1.678662
v 1.092227 1.420227 1.678061
v 1.094756 1.405873 1.678061
v 1.085962 1.433706 1.678662
v 1.084936 1.432845 1.678061
v 1.074442 1.443370 1.678662
v 1.073774 1.442215 1.678061
v 1.060311 1.448516 1.678662
v 1.060083 1.447200 1.678061
v 1.045277 1.448516 1.678662
v 1.045506 1.447200 1.678061
v 1.031146 1.443370 1.678662
v 1.031814 1.442215 1.678061
v 1.019626 1.433706 1.678662
v 1.020652 1.432845 1.678061
v 1.012107 1.420683 1.678662
v 1.013361 1.420227 1.678061
v 1.009495 1.405873 1.678662
v 1.010832 1.405873 1.678061
v 1.012107 1.391068 1.678662
v 1.013361 1.391523 1.678061
v 1.019626 1.378045 1.678662
v 1.020652 1.378905 1.678061
v 1.031146 1.368380 1.678662
v 1.031814 1.369536 1.678061
v 1.045277 1.363235 1.678662
v 1.045506 1.364551 1.678061
v 1.060311 1.363235 1.678662
v 1.060083 1.364551 1.678061
v 1.074442 1.368380 1.678662
v 1.073774 1.369536 1.678061
v 1.085962 1.378045 1.678662
v 1.084936 1.378905 1.678061
v 1.093481 1.391068 1.678662
v 1.092227 1.391523 1.678061
v 1.073193 1.405873 1.668340
v 1.071965 1.412853 1.668340
v 1.052791 1.405873 1.668340
v 1.068421 1.418989 1.668340
v 1.062995 1.423544 1.668340
v 1.056336 1.425964 1.668340
v 1.049252 1.425964 1.668340
v 1.042593 1.423544 1.668340
v 1.037168 1.418989 1.668340
v 1.033623 1.412853 1.668340
v 1.032395 1.405873 1.668340
v 1.033623 1.398898 1.668340
v 1.037168 1.392762 1.668340
v 1.042593 1.388207 1.668340
v 1.049252 1.385782 1.668340
v 1.056336 1.385782 1.668340
v 1.062995 1.388207 1.668340
v 1.068421 1.392762 1.668340
v 1.071965 1.398898 1.668340
v 1.094523 1.421061 1.678662
v 1.097202 1.405873 1.678662
v 1.086812 1.434421 1.678662
v 1.074997 1.444334 1.678662
v 1.060508 1.449609 1.678662
v 1.045081 1.449609 1.678662
v 1.030591 1.444334 1.678662
v 1.018776 1.434421 1.678662
v 1.011065 1.421061 1.678662
v 1.008386 1.405873 1.678662
v 1.011065 1.390684 1.678662
v 1.018776 1.377330 1.678662
v 1.030591 1.367417 1.678662
v 1.045081 1.362141 1.678662
v 1.060508 1.362141 1.678662
v 1.074997 1.367417 1.678662
v 1.086812 1.377330 1.678662
v 1.094523 1.390684 1.678662
v 1.108696 1.426223 1.677942
v 1.112282 1.405873 1.677942
v 1.098368 1.444116 1.677942
v 1.082537 1.457393 1.677942
v 1.063125 1.464461 1.677942
v 1.042464 1.464461 1.677942
v 1.023052 1.457393 1.677942
v 1.007220 1.444116 1.677942
v 0.996892 1.426223 1.677942
v 0.993306 1.405873 1.677942
v 0.996892 1.385528 1.677942
v 1.007220 1.367634 1.677942
v 1.023052 1.354352 1.677942
v 1.042464 1.347289 1.677942
v 1.063125 1.347289 1.677942
v 1.082537 1.354352 1.677942
v 1.098368 1.367634 1.677942
v 1.108696 1.385528 1.677942
v 1.074043 1.413610 1.669340
v 1.075411 1.405873 1.669340
v 1.070120 1.420414 1.669340
v 1.064104 1.425461 1.669340
v 1.056720 1.428145 1.669340
v 1.048869 1.428145 1.669340
v 1.041484 1.425461 1.669340
v 1.035468 1.420414 1.669340
v 1.031545 1.413610 1.669340
v 1.030177 1.405873 1.669340
v 1.031545 1.398141 1.669340
v 1.035468 1.391337 1.669340
v 1.041484 1.386290 1.669340
v 1.048869 1.383605 1.669340
v 1.056720 1.383605 1.669340
v 1.064104 1.386290 1.669340
v 1.070120 1.391337 1.669340
v 1.074043 1.398141 1.669340
v 1.355902 1.410889 1.649296
v 1.353720 1.423274 1.649296
v 1.353720 1.423274 1.662676
v 1.355902 1.410889 1.662676
v 1.347429 1.434167 1.649296
v 1.347429 1.434167 1.662676
v 1.337796 1.442251 1.649296
v 1.337796 1.442251 1.662676
v 1.325980 1.446552 1.649296
v 1.325980 1.446552 1.662676
v 1.313404 1.446552 1.649296
v 1.313404 1.446552 1.662676
v 1.301588 1.442251 1.649296
v 1.301588 1.442251 1.662676
v 1.291955 1.434167 1.649296
v 1.291955 1.434167 1.662676
v 1.285664 1.423274 1.649296
v 1.285664 1.423274 1.662676
v 1.283482 1.410889 1.649296
v 1.283482 1.410889 1.662676
v 1.285664 1.398504 1.649296
v 1.285664 1.398504 1.662676
v 1.291955 1.387616 1.649296
v 1.291955 1.387616 1.662676
v 1.301588 1.379532 1.649296
v 1.301588 1.379532 1.662676
v 1.313404 1.375231 1.649296
v 1.313404 1.375231 1.662676
v 1.325980 1.375231 1.649296
v 1.325980 1.375231 1.662676
v 1.337796 1.379532 1.649296
v 1.337796 1.379532 1.662676
v 1.347429 1.387616 1.649296
v 1.347429 1.387616 1.662676
v 1.353720 1.398504 1.649296
v 1.353720 1.398504 1.662676
v 1.351388 1.422429 1.664199
v 1.353425 1.410889 1.664199
v 1.345532 1.432571 1.664199
v 1.336557 1.440106 1.664199
v 1.325550 1.444111 1.664199
v 1.313834 1.444111 1.664199
v 1.302827 1.440106 1.664199
v 1.293852 1.432571 1.664199
v 1.287996 1.422429 1.664199
v 1.285959 1.410889 1.664199
v 1.287996 1.399354 1.664199
v 1.293852 1.389207 1.664199
v 1.302827 1.381678 1.664199
v 1.313834 1.377672 1.664199
v 1.325550 1.377672 1.664199
v 1.336557 1.381678 1.664199
v 1.345532 1.389207 1.664199
v 1.351388 1.399354 1.664199
v 1.349160 1.421616 1.664199
v 1.351051 1.410889 1.664199
v 1.343714 1.431047 1.664199
v 1.335370 1.438048 1.664199
v 1.325136 1.441774 1.664199
v 1.314248 1.441774 1.664199
v 1.304014 1.438048 1.664199
v 1.295670 1.431047 1.664199
v 1.290224 1.421616 1.664199
v 1.288333 1.410889 1.664199
v 1.290224 1.400162 1.664199
v 1.295670 1.390731 1.664199
v 1.304014 1.383730 1.664199
v 1.314248 1.380009 1.664199
v 1.325136 1.380009 1.664199
v 1.335370 1.383730 1.664199
v 1.343714 1.390731 1.664199
v 1.349160 1.400162 1.664199
v 1.319689 1.410889 1.664199
v -1.652006 5.954952 1.798477
v -1.611954 5.954952 1.867849
v -1.607352 5.954952 1.861346
v -1.643647 5.954952 1.798477
v -1.607430 5.954952 1.875685
v -1.597687 5.954952 1.875685
v -1.594423 5.954952 1.868445
v -1.603253 5.954952 1.868445
v -1.518277 5.954952 1.875685
v -1.513401 5.954952 1.867238
v -1.518039 5.954952 1.860791
v -1.522459 5.954952 1.868445
v -1.611954 5.938312 1.867849
v -1.607430 5.938312 1.875685
v -1.527071 5.954952 1.875685
v -1.527071 5.938312 1.875685
v -1.518277 5.938312 1.875685
v -1.473701 5.954952 1.798477
v -1.478759 5.954952 1.807235
v -1.478759 5.938312 1.807235
v -1.473701 5.938312 1.798477
v -1.518277 5.954952 1.798477
v -1.512318 5.954952 1.798477
v -1.512318 5.938312 1.798477
v -1.518277 5.938312 1.798477
v -1.652006 5.954952 1.633034
v -1.643647 5.954952 1.633034
v -1.643647 5.938312 1.633034
v -1.652006 5.938312 1.633034
v -1.607430 5.954952 1.798477
v -1.587406 5.954952 1.833161
v -1.587406 5.938312 1.833161
v -1.607430 5.938312 1.798477
v -1.585141 5.954952 1.837078
v -1.580270 5.954952 1.837078
v -1.580270 5.938312 1.837078
v -1.585141 5.938312 1.837078
v -1.540565 5.954952 1.837078
v -1.538130 5.954952 1.832855
v -1.538130 5.938312 1.832855
v -1.540565 5.938312 1.837078
v -1.643647 5.954952 1.795124
v -1.652006 5.954952 1.795124
v -1.607430 5.938312 1.795124
v -1.607430 5.954952 1.795124
v -1.607430 4.726079 1.798477
v -1.613389 4.726079 1.798477
v -1.613389 4.726079 1.795124
v -1.607430 4.726079 1.795124
v -1.652006 4.726079 1.798477
v -1.652006 4.735121 1.798477
v -1.652006 4.735121 1.795124
v -1.652006 4.726079 1.795124
v -1.587406 4.726079 1.833161
v -1.590686 4.726079 1.837799
v -1.585141 4.726079 1.837078
v -1.580270 4.726079 1.837078
v -1.582597 4.726079 1.842240
v -1.588121 4.726079 1.842240
v -1.540565 4.726079 1.837078
v -1.538130 4.726079 1.832855
v -1.534824 4.726079 1.837452
v -1.537585 4.726079 1.842240
v -1.588121 5.954952 1.842240
v -1.590686 5.954952 1.837799
v -1.537585 5.954952 1.842240
v -1.542571 5.954952 1.842240
v -1.530424 5.954952 1.868445
v -1.482060 5.954952 1.798477
v -1.515189 5.954952 1.803441
v -1.486641 5.954952 1.806416
v -1.482060 5.938312 1.798477
v -1.613389 5.954952 1.633034
v -1.613389 5.938312 1.633034
v -1.613389 5.954952 1.798477
v -1.613389 5.954952 1.795124
v -1.643647 4.726079 1.798477
v -1.643647 4.726079 1.795124
v -1.603253 4.726079 1.868446
v -1.607430 4.726079 1.875685
v -1.611954 4.726079 1.867849
v -1.607352 4.726079 1.861346
v -1.522459 4.726079 1.868446
v -1.518277 4.726079 1.875685
v -1.527071 4.726079 1.875685
v -1.530424 4.726079 1.868446
v -1.482060 4.726079 1.798477
v -1.473701 4.726079 1.798477
v -1.478759 4.726079 1.807235
v -1.486641 4.726079 1.806416
v -1.542571 4.726079 1.842240
v -1.512318 4.726079 1.798477
v -1.515189 4.726079 1.803441
v -1.544965 5.954952 1.837078
v -1.520806 5.954952 1.802856
v -1.607430 5.954952 1.633034
v -1.607430 5.938312 1.633034
v -1.611954 4.735121 1.867849
v -1.607430 4.735121 1.875685
v -1.597687 4.726079 1.875685
v -1.597687 4.735121 1.875685
v -1.518277 4.735121 1.875685
v -1.513401 4.726079 1.867238
v -1.513401 4.735121 1.867238
v -1.512318 4.735121 1.798477
v -1.518277 4.726079 1.798477
v -1.518277 4.735121 1.798477
v -1.643647 4.735121 1.633034
v -1.643647 4.726079 1.633034
v -1.652006 4.726079 1.633034
v -1.652006 4.735121 1.633034
v -1.585141 4.735121 1.837078
v -1.587406 4.735121 1.833161
v -1.540565 4.735121 1.837078
v -1.544965 4.726079 1.837078
v -1.544965 4.735121 1.837078
v -1.520806 4.726079 1.802856
v -1.520806 4.735121 1.802856
v -1.607430 4.735121 1.798477
v -1.607430 4.735121 1.795124
v -1.652006 5.938312 1.798477
v -1.652006 5.938312 1.795124
v -1.473701 4.735121 1.798477
v -1.482060 4.735121 1.798477
v -1.613389 4.735121 1.633034
v -1.613389 4.726079 1.633034
v -1.607430 4.735121 1.633034
v -1.607430 4.726079 1.633034
v -1.643647 5.954952 1.791647
v -1.652006 5.954952 1.791647
v -1.607430 4.735121 1.791647
v -1.607430 5.938312 1.791647
v -1.613389 4.726079 1.791647
v -1.607430 4.726079 1.791647
v -1.652006 4.735121 1.791647
v -1.652006 4.726079 1.791647
v -1.613389 5.954952 1.791647
v -1.643647 4.726079 1.791647
v -1.607430 5.954952 1.791647
v -1.652006 5.938312 1.791647
v -1.643647 5.954952 1.638366
v -1.652006 5.954952 1.638366
v -1.607430 4.735121 1.638366
v -1.607430 5.938312 1.638366
v -1.613389 4.726079 1.638366
v -1.607430 4.726079 1.638366
v -1.652006 4.735121 1.638366
v -1.652006 4.726079 1.638366
v -1.613389 5.954952 1.638366
v -1.643647 4.726079 1.638366
v -1.607430 5.954952 1.638366
v -1.652006 5.938312 1.638366
v -1.597687 5.938312 1.875685
v -1.513401 5.938312 1.867238
v -1.544965 5.938312 1.837078
v -1.520806 5.938312 1.802856
v -1.534824 5.954952 1.837451
v -1.518039 4.726079 1.860792
v -1.478759 4.735121 1.807235
v -1.538130 4.735121 1.832855
v -1.582597 5.954952 1.842240
v -1.594423 4.726079 1.868446
v -1.527071 4.735121 1.875685
v -1.580270 4.735121 1.837078
v 1.413402 7.322176 1.199770
v 1.413402 7.322176 -1.208762
v 1.400447 7.335132 -1.208762
v 1.400447 7.335132 1.199770
v 1.387492 7.322176 -1.208762
v 1.387492 7.322176 1.199770
v 1.400447 7.309221 -1.208762
v 1.400447 7.309221 1.199770
v 1.322830 7.322176 1.199770
v 1.322830 7.322176 -1.208762
v 1.309875 7.335132 -1.208762
v 1.309875 7.335132 1.199770
v 1.296919 7.322176 -1.208762
v 1.296919 7.322176 1.199770
v 1.309875 7.309221 -1.208762
v 1.309875 7.309221 1.199770
v 1.232257 7.322176 1.199770
v 1.232257 7.322176 -1.208762
v 1.219302 7.335132 -1.208762
v 1.219302 7.335132 1.199770
v 1.206347 7.322176 -1.208762
v 1.206347 7.322176 1.199770
v 1.219302 7.309221 -1.208762
v 1.219302 7.309221 1.199770
v 1.141680 7.322176 1.199770
v 1.141680 7.322176 -1.208762
v 1.128725 7.335132 -1.208762
v 1.128725 7.335132 1.199770
v 1.115769 7.322176 -1.208762
v 1.115769 7.322176 1.199770
v 1.128725 7.309221 -1.208762
v 1.128725 7.309221 1.199770
v 1.051107 7.322176 1.199770
v 1.051107 7.322176 -1.208762
v 1.038152 7.335132 -1.208762
v 1.038152 7.335132 1.199770
v 1.025197 7.322176 -1.208762
v 1.025197 7.322176 1.199770
v 1.038152 7.309221 -1.208762
v 1.038152 7.309221 1.199770
v 0.960535 7.322176 1.199770
v 0.960535 7.322176 -1.208762
v 0.947580 7.335132 -1.208762
v 0.947580 7.335132 1.199770
v 0.934625 7.322176 -1.208762
v 0.934625 7.322176 1.199770
v 0.947580 7.309221 -1.208762
v 0.947580 7.309221 1.199770
v 0.869957 7.322176 1.199770
v 0.869957 7.322176 -1.208762
v 0.857002 7.335132 -1.208762
v 0.857002 7.335132 1.199770
v 0.844047 7.322176 -1.208762
v 0.844047 7.322176 1.199770
v 0.857002 7.309221 -1.208762
v 0.857002 7.309221 1.199770
v 0.779385 7.322176 1.199770
v 0.779385 7.322176 -1.208762
v 0.766430 7.335132 -1.208762
v 0.766430 7.335132 1.199770
v 0.753475 7.322176 -1.208762
v 0.753475 7.322176 1.199770
v 0.766430 7.309221 -1.208762
v 0.766430 7.309221 1.199770
v 0.688813 7.322176 1.199770
v 0.688813 7.322176 -1.208762
v 0.675857 7.335132 -1.208762
v 0.675857 7.335132 1.199770
v 0.662902 7.322176 -1.208762
v 0.662902 7.322176 1.199770
v 0.675857 7.309221 -1.208762
v 0.675857 7.309221 1.199770
v 0.598235 7.322176 1.199770
v 0.598235 7.322176 -1.208762
v 0.585280 7.335132 -1.208762
v 0.585280 7.335132 1.199770
v 0.572325 7.322176 -1.208762
v 0.572325 7.322176 1.199770
v 0.585280 7.309221 -1.208762
v 0.585280 7.309221 1.199770
v 0.507663 7.322176 1.199770
v 0.507663 7.322176 -1.208762
v 0.494707 7.335132 -1.208762
v 0.494707 7.335132 1.199770
v 0.481752 7.322176 -1.208762
v 0.481752 7.322176 1.199770
v 0.494707 7.309221 -1.208762
v 0.494707 7.309221 1.199770
v 0.417090 7.322176 1.199770
v 0.417090 7.322176 -1.208762
v 0.404135 7.335132 -1.208762
v 0.404135 7.335132 1.199770
v 0.391180 7.322176 -1.208762
v 0.391180 7.322176 1.199770
v 0.404135 7.309221 -1.208762
v 0.404135 7.309221 1.199770
v 0.326518 7.322176 1.199770
v 0.326518 7.322176 -1.208762
v 0.313563 7.335132 -1.208762
v 0.313563 7.335132 1.199770
v 0.300607 7.322176 -1.208762
v 0.300607 7.322176 1.199770
v 0.313563 7.309221 -1.208762
v 0.313563 7.309221 1.199770
v 0.235940 7.322176 1.199770
v 0.235940 7.322176 -1.208762
v 0.222985 7.335132 -1.208762
v 0.222985 7.335132 1.199770
v 0.210030 7.322176 -1.208762
v 0.210030 7.322176 1.199770
v 0.222985 7.309221 -1.208762
v 0.222985 7.309221 1.199770
v 0.145368 7.322176 1.199770
v 0.145368 7.322176 -1.208762
v 0.132413 7.335132 -1.208762
v 0.132413 7.335132 1.199770
v 0.119457 7.322176 -1.208762
v 0.119457 7.322176 1.199770
v 0.132413 7.309221 -1.208762
v 0.132413 7.309221 1.199770
v 0.054795 7.322176 1.199770
v 0.054795 7.322176 -1.208762
v 0.041840 7.335132 -1.208762
v 0.041840 7.335132 1.199770
v 0.028885 7.322176 -1.208762
v 0.028885 7.322176 1.199770
v 0.041840 7.309221 -1.208762
v 0.041840 7.309221 1.199770
v -1.420300 7.322176 -1.208762
v -1.420300 7.322176 1.199770
v -1.407344 7.335132 1.199770
v -1.407344 7.335132 -1.208762
v -1.394389 7.322176 1.199770
v -1.394389 7.322176 -1.208762
v -1.407344 7.309221 1.199770
v -1.407344 7.309221 -1.208762
v -1.329727 7.322176 -1.208762
v -1.329727 7.322176 1.199770
v -1.316772 7.335132 1.199770
v -1.316772 7.335132 -1.208762
v -1.303817 7.322176 1.199770
v -1.303817 7.322176 -1.208762
v -1.316772 7.309221 1.199770
v -1.316772 7.309221 -1.208762
v -1.239155 7.322176 -1.208762
v -1.239155 7.322176 1.199770
v -1.226200 7.335132 1.199770
v -1.226200 7.335132 -1.208762
v -1.213244 7.322176 1.199770
v -1.213244 7.322176 -1.208762
v -1.226200 7.309221 1.199770
v -1.226200 7.309221 -1.208762
v -1.148577 7.322176 -1.208762
v -1.148577 7.322176 1.199770
v -1.135622 7.335132 1.199770
v -1.135622 7.335132 -1.208762
v -1.122667 7.322176 1.199770
v -1.122667 7.322176 -1.208762
v -1.135622 7.309221 1.199770
v -1.135622 7.309221 -1.208762
v -1.058005 7.322176 -1.208762
v -1.058005 7.322176 1.199770
v -1.045049 7.335132 1.199770
v -1.045049 7.335132 -1.208762
v -1.032094 7.322176 1.199770
v -1.032094 7.322176 -1.208762
v -1.045049 7.309221 1.199770
v -1.045049 7.309221 -1.208762
v -0.967432 7.322176 -1.208762
v -0.967432 7.322176 1.199770
v -0.954477 7.335132 1.199770
v -0.954477 7.335132 -1.208762
v -0.941522 7.322176 1.199770
v -0.941522 7.322176 -1.208762
v -0.954477 7.309221 1.199770
v -0.954477 7.309221 -1.208762
v -0.876855 7.322176 -1.208762
v -0.876855 7.322176 1.199770
v -0.863900 7.335132 1.199770
v -0.863900 7.335132 -1.208762
v -0.850944 7.322176 1.199770
v -0.850944 7.322176 -1.208762
v -0.863900 7.309221 1.199770
v -0.863900 7.309221 -1.208762
v -0.786282 7.322176 -1.208762
v -0.786282 7.322176 1.199770
v -0.773327 7.335132 1.199770
v -0.773327 7.335132 -1.208762
v -0.760372 7.322176 1.199770
v -0.760372 7.322176 -1.208762
v -0.773327 7.309221 1.199770
v -0.773327 7.309221 -1.208762
v -0.695710 7.322176 -1.208762
v -0.695710 7.322176 1.199770
v -0.682755 7.335132 1.199770
v -0.682755 7.335132 -1.208762
v -0.669799 7.322176 1.199770
v -0.669799 7.322176 -1.208762
v -0.682755 7.309221 1.199770
v -0.682755 7.309221 -1.208762
v -0.605137 7.322176 -1.208762
v -0.605137 7.322176 1.199770
v -0.592182 7.335132 1.199770
v -0.592182 7.335132 -1.208762
v -0.579227 7.322176 1.199770
v -0.579227 7.322176 -1.208762
v -0.592182 7.309221 1.199770
v -0.592182 7.309221 -1.208762
v -0.514560 7.322176 -1.208762
v -0.514560 7.322176 1.199770
v -0.501605 7.335132 1.199770
v -0.501605 7.335132 -1.208762
v -0.488649 7.322176 1.199770
v -0.488649 7.322176 -1.208762
v -0.501605 7.309221 1.199770
v -0.501605 7.309221 -1.208762
v -0.423987 7.322176 -1.208762
v -0.423987 7.322176 1.199770
v -0.411032 7.335132 1.199770
v -0.411032 7.335132 -1.208762
v -0.398077 7.322176 1.199770
v -0.398077 7.322176 -1.208762
v -0.411032 7.309221 1.199770
v -0.411032 7.309221 -1.208762
v -0.333415 7.322176 -1.208762
v -0.333415 7.322176 1.199770
v -0.320460 7.335132 1.199770
v -0.320460 7.335132 -1.208762
v -0.307505 7.322176 1.199770
v -0.307505 7.322176 -1.208762
v -0.320460 7.309221 1.199770
v -0.320460 7.309221 -1.208762
v -0.242837 7.322176 -1.208762
v -0.242837 7.322176 1.199770
v -0.229882 7.335132 1.199770
v -0.229882 7.335132 -1.208762
v -0.216927 7.322176 1.199770
v -0.216927 7.322176 -1.208762
v -0.229882 7.309221 1.199770
v -0.229882 7.309221 -1.208762
v -0.152265 7.322176 -1.208762
v -0.152265 7.322176 1.199770
v -0.139310 7.335132 1.199770
v -0.139310 7.335132 -1.208762
v -0.126355 7.322176 1.199770
v -0.126355 7.322176 -1.208762
v -0.139310 7.309221 1.199770
v -0.139310 7.309221 -1.208762
v -0.061693 7.322176 -1.208762
v -0.061693 7.322176 1.199770
v -0.048737 7.335132 1.199770
v -0.048737 7.335132 -1.208762
v -0.035782 7.322176 1.199770
v -0.035782 7.322176 -1.208762
v -0.048737 7.309221 1.199770
v -0.048737 7.309221 -1.208762
v 1.545763 7.283010 0.663036
v 1.545763 7.308921 0.637126
v -1.628262 7.308921 0.637126
v -1.628262 7.283010 0.663036
v 1.545763 7.283010 0.611216
v -1.628262 7.283010 0.611216
v 1.545763 7.257100 0.637126
v -1.628262 7.257100 0.637126
v 1.545763 7.283010 -0.191173
v 1.545763 7.308921 -0.217083
v -1.628262 7.308921 -0.217083
v -1.628262 7.283010 -0.191173
v 1.545763 7.283010 -0.242993
v -1.628262 7.283010 -0.242993
v 1.545763 7.257100 -0.217083
v -1.628262 7.257100 -0.217083
v -1.570170 7.316046 1.251923
v -1.570170 7.307781 1.251923
v 1.584960 7.307781 1.251923
v 1.584960 7.316046 1.251923
v -1.570170 7.297437 1.193142
v 1.584960 7.297437 1.193142
v -1.570170 7.382320 1.234267
v -1.570170 7.352543 1.234267
v 1.584960 7.352543 1.234267
v 1.584960 7.382320 1.234267
v -1.570170 7.437426 1.193142
v -1.570170 7.429425 1.251923
v 1.584960 7.429425 1.251923
v 1.584960 7.437426 1.193142
v -1.570170 7.421159 1.251923
v -1.570170 7.407406 1.240818
v 1.584960 7.407406 1.240818
v 1.584960 7.421159 1.251923
v -1.570170 7.322772 1.240818
v 1.584960 7.322772 1.240818
v 1.413402 5.720442 1.199770
v 1.413402 5.720442 -1.208762
v 1.400447 5.733397 -1.208762
v 1.400447 5.733397 1.199770
v 1.387492 5.720442 -1.208762
v 1.387492 5.720442 1.199770
v 1.400447 5.707487 -1.208762
v 1.400447 5.707487 1.199770
v 1.322830 5.720442 1.199770
v 1.322830 5.720442 -1.208762
v 1.309875 5.733397 -1.208762
v 1.309875 5.733397 1.199770
v 1.296919 5.720442 -1.208762
v 1.296919 5.720442 1.199770
v 1.309875 5.707487 -1.208762
v 1.309875 5.707487 1.199770
v 1.232257 5.720442 1.199770
v 1.232257 5.720442 -1.208762
v 1.219302 5.733397 -1.208762
v 1.219302 5.733397 1.199770
v 1.206347 5.720442 -1.208762
v 1.206347 5.720442 1.199770
v 1.219302 5.707487 -1.208762
v 1.219302 5.707487 1.199770
v 1.141680 5.720442 1.199770
v 1.141680 5.720442 -1.208762
v 1.128725 5.733397 -1.208762
v 1.128725 5.733397 1.199770
v 1.115769 5.720442 -1.208762
v 1.115769 5.720442 1.199770
v 1.128725 5.707487 -1.208762
v 1.128725 5.707487 1.199770
v 1.051107 5.720442 1.199770
v 1.051107 5.720442 -1.208762
v 1.038152 5.733397 -1.208762
v 1.038152 5.733397 1.199770
v 1.025197 5.720442 -1.208762
v 1.025197 5.720442 1.199770
v 1.038152 5.707487 -1.208762
v 1.038152 5.707487 1.199770
v 0.960535 5.720442 1.199770
v 0.960535 5.720442 -1.208762
v 0.947580 5.733397 -1.208762
v 0.947580 5.733397 1.199770
v 0.934625 5.720442 -1.208762
v 0.934625 5.720442 1.199770
v 0.947580 5.707487 -1.208762
v 0.947580 5.707487 1.199770
v 0.869957 5.720442 1.199770
v 0.869957 5.720442 -1.208762
v 0.857002 5.733397 -1.208762
v 0.857002 5.733397 1.199770
v 0.844047 5.720442 -1.208762
v 0.844047 5.720442 1.199770
v 0.857002 5.707487 -1.208762
v 0.857002 5.707487 1.199770
v 0.779385 5.720442 1.199770
v 0.779385 5.720442 -1.208762
v 0.766430 5.733397 -1.208762
v 0.766430 5.733397 1.199770
v 0.753475 5.720442 -1.208762
v 0.753475 5.720442 1.199770
v 0.766430 5.707487 -1.208762
v 0.766430 5.707487 1.199770
v 0.688813 5.720442 1.199770
v 0.688813 5.720442 -1.208762
v 0.675857 5.733397 -1.208762
v 0.675857 5.733397 1.199770
v 0.662902 5.720442 -1.208762
v 0.662902 5.720442 1.199770
v 0.675857 5.707487 -1.208762
v 0.675857 5.707487 1.199770
v 0.598235 5.720442 1.199770
v 0.598235 5.720442 -1.208762
v 0.585280 5.733397 -1.208762
v 0.585280 5.733397 1.199770
v 0.572325 5.720442 -1.208762
v 0.572325 5.720442 1.199770
v 0.585280 5.707487 -1.208762
v 0.585280 5.707487 1.199770
v 0.507663 5.720442 1.199770
v 0.507663 5.720442 -1.208762
v 0.494707 5.733397 -1.208762
v 0.494707 5.733397 1.199770
v 0.481752 5.720442 -1.208762
v 0.481752 5.720442 1.199770
v 0.494707 5.707487 -1.208762
v 0.494707 5.707487 1.199770
v 0.417090 5.720442 1.199770
v 0.417090 5.720442 -1.208762
v 0.404135 5.733397 -1.208762
v 0.404135 5.733397 1.199770
v 0.391180 5.720442 -1.208762
v 0.391180 5.720442 1.199770
v 0.404135 5.707487 -1.208762
v 0.404135 5.707487 1.199770
v 0.326518 5.720442 1.199770
v 0.326518 5.720442 -1.208762
v 0.313563 5.733397 -1.208762
v 0.313563 5.733397 1.199770
v 0.300607 5.720442 -1.208762
v 0.300607 5.720442 1.199770
v 0.313563 5.707487 -1.208762
v 0.313563 5.707487 1.199770
v 0.235940 5.720442 1.199770
v 0.235940 5.720442 -1.208762
v 0.222985 5.733397 -1.208762
v 0.222985 5.733397 1.199770
v 0.210030 5.720442 -1.208762
v 0.210030 5.720442 1.199770
v 0.222985 5.707487 -1.208762
v 0.222985 5.707487 1.199770
v 0.145368 5.720442 1.199770
v 0.145368 5.720442 -1.208762
v 0.132413 5.733397 -1.208762
v 0.132413 5.733397 1.199770
v 0.119457 5.720442 -1.208762
v 0.119457 5.720442 1.199770
v 0.132413 5.707487 -1.208762
v 0.132413 5.707487 1.199770
v 0.054795 5.720442 1.199770
v 0.054795 5.720442 -1.208762
v 0.041840 5.733397 -1.208762
v 0.041840 5.733397 1.199770
v 0.028885 5.720442 -1.208762
v 0.028885 5.720442 1.199770
v 0.041840 5.707487 -1.208762
v 0.041840 5.707487 1.199770
v -1.420300 5.720442 -1.208762
v -1.420300 5.720442 1.199770
v -1.407344 5.733397 1.199770
v -1.407344 5.733397 -1.208762
v -1.394389 5.720442 1.199770
v -1.394389 5.720442 -1.208762
v -1.407344 5.707487 1.199770
v -1.407344 5.707487 -1.208762
v -1.329727 5.720442 -1.208762
v -1.329727 5.720442 1.199770
v -1.316772 5.733397 1.199770
v -1.316772 5.733397 -1.208762
v -1.303817 5.720442 1.199770
v -1.303817 5.720442 -1.208762
v -1.316772 5.707487 1.199770
v -1.316772 5.707487 -1.208762
v -1.239155 5.720442 -1.208762
v -1.239155 5.720442 1.199770
v -1.226200 5.733397 1.199770
v -1.226200 5.733397 -1.208762
v -1.213244 5.720442 1.199770
v -1.213244 5.720442 -1.208762
v -1.226200 5.707487 1.199770
v -1.226200 5.707487 -1.208762
v -1.148577 5.720442 -1.208762
v -1.148577 5.720442 1.199770
v -1.135622 5.733397 1.199770
v -1.135622 5.733397 -1.208762
v -1.122667 5.720442 1.199770
v -1.122667 5.720442 -1.208762
v -1.135622 5.707487 1.199770
v -1.135622 5.707487 -1.208762
v -1.058005 5.720442 -1.208762
v -1.058005 5.720442 1.199770
v -1.045049 5.733397 1.199770
v -1.045049 5.733397 -1.208762
v -1.032094 5.720442 1.199770
v -1.032094 5.720442 -1.208762
v -1.045049 5.707487 1.199770
v -1.045049 5.707487 -1.208762
v -0.967432 5.720442 -1.208762
v -0.967432 5.720442 1.199770
v -0.954477 5.733397 1.199770
v -0.954477 5.733397 -1.208762
v -0.941522 5.720442 1.199770
v -0.941522 5.720442 -1.208762
v -0.954477 5.707487 1.199770
v -0.954477 5.707487 -1.208762
v -0.876855 5.720442 -1.208762
v -0.876855 5.720442 1.199770
v -0.863900 5.733397 1.199770
v -0.863900 5.733397 -1.208762
v -0.850944 5.720442 1.199770
v -0.850944 5.720442 -1.208762
v -0.863900 5.707487 1.199770
v -0.863900 5.707487 -1.208762
v -0.786282 5.720442 -1.208762
v -0.786282 5.720442 1.199770
v -0.773327 5.733397 1.199770
v -0.773327 5.733397 -1.208762
v -0.760372 5.720442 1.199770
v -0.760372 5.720442 -1.208762
v -0.773327 5.707487 1.199770
v -0.773327 5.707487 -1.208762
v -0.695710 5.720442 -1.208762
v -0.695710 5.720442 1.199770
v -0.682755 5.733397 1.199770
v -0.682755 5.733397 -1.208762
v -0.669799 5.720442 1.199770
v -0.669799 5.720442 -1.208762
v -0.682755 5.707487 1.199770
v -0.682755 5.707487 -1.208762
v -0.605137 5.720442 -1.208762
v -0.605137 5.720442 1.199770
v -0.592182 5.733397 1.199770
v -0.592182 5.733397 -1.208762
v -0.579227 5.720442 1.199770
v -0.579227 5.720442 -1.208762
v -0.592182 5.707487 1.199770
v -0.592182 5.707487 -1.208762
v -0.514560 5.720442 -1.208762
v -0.514560 5.720442 1.199770
v -0.501605 5.733397 1.199770
v -0.501605 5.733397 -1.208762
v -0.488649 5.720442 1.199770
v -0.488649 5.720442 -1.208762
v -0.501605 5.707487 1.199770
v -0.501605 5.707487 -1.208762
v -0.423987 5.720442 -1.208762
v -0.423987 5.720442 1.199770
v -0.411032 5.733397 1.199770
v -0.411032 5.733397 -1.208762
v -0.398077 5.720442 1.199770
v -0.398077 5.720442 -1.208762
v -0.411032 5.707487 1.199770
v -0.411032 5.707487 -1.208762
v -0.333415 5.720442 -1.208762
v -0.333415 5.720442 1.199770
v -0.320460 5.733397 1.199770
v -0.320460 5.733397 -1.208762
v -0.307505 5.720442 1.199770
v -0.307505 5.720442 -1.208762
v -0.320460 5.707487 1.199770
v -0.320460 5.707487 -1.208762
v -0.242837 5.720442 -1.208762
v -0.242837 5.720442 1.199770
v -0.229882 5.733397 1.199770
v -0.229882 5.733397 -1.208762
v -0.216927 5.720442 1.199770
v -0.216927 5.720442 -1.208762
v -0.229882 5.707487 1.199770
v -0.229882 5.707487 -1.208762
v -0.152265 5.720442 -1.208762
v -0.152265 5.720442 1.199770
v -0.139310 5.733397 1.199770
v -0.139310 5.733397 -1.208762
v -0.126355 5.720442 1.199770
v -0.126355 5.720442 -1.208762
v -0.139310 5.707487 1.199770
v -0.139310 5.707487 -1.208762
v -0.061693 5.720442 -1.208762
v -0.061693 5.720442 1.199770
v -0.048737 5.733397 1.199770
v -0.048737 5.733397 -1.208762
v -0.035782 5.720442 1.199770
v -0.035782 5.720442 -1.208762
v -0.048737 5.707487 1.199770
v -0.048737 5.707487 -1.208762
v 1.545763 5.681271 0.663036
v 1.545763 5.707181 0.637126
v -1.628262 5.707181 0.637126
v -1.628262 5.681271 0.663036
v 1.545763 5.681271 0.611216
v -1.628262 5.681271 0.611216
v 1.545763 5.655360 0.637126
v -1.628262 5.655360 0.637126
v 1.545763 5.681271 -0.191173
v 1.545763 5.707181 -0.217083
v -1.628262 5.707181 -0.217083
v -1.628262 5.681271 -0.191173
v 1.545763 5.681271 -0.242993
v -1.628262 5.681271 -0.242993
v 1.545763 5.655360 -0.217083
v -1.628262 5.655360 -0.217083
v -1.570170 5.714306 1.251923
v -1.570170 5.706041 1.251923
v 1.584960 5.706041 1.251923
v 1.584960 5.714306 1.251923
v -1.570170 5.695697 1.193143
v 1.584960 5.695697 1.193143
v -1.570170 5.780580 1.234268
v -1.570170 5.750809 1.234268
v 1.584960 5.750809 1.234268
v 1.584960 5.780580 1.234268
v -1.570170 5.835691 1.193143
v -1.570170 5.827685 1.251923
v 1.584960 5.827685 1.251923
v 1.584960 5.835691 1.193143
v -1.570170 5.819425 1.251923
v -1.570170 5.805672 1.240818
v 1.584960 5.805672 1.240818
v 1.584960 5.819425 1.251923
v -1.570170 5.721033 1.240818
v 1.584960 5.721033 1.240818
v 1.413402 4.118702 1.199770
v 1.413402 4.118702 -1.208762
v 1.400447 4.131657 -1.208762
v 1.400447 4.131657 1.199770
v 1.387492 4.118702 -1.208762
v 1.387492 4.118702 1.199770
v 1.400447 4.105747 -1.208762
v 1.400447 4.105747 1.199770
v 1.322830 4.118702 1.199770
v 1.322830 4.118702 -1.208762
v 1.309875 4.131657 -1.208762
v 1.309875 4.131657 1.199770
v 1.296919 4.118702 -1.208762
v 1.296919 4.118702 1.199770
v 1.309875 4.105747 -1.208762
v 1.309875 4.105747 1.199770
v 1.232257 4.118702 1.199770
v 1.232257 4.118702 -1.208762
v 1.219302 4.131657 -1.208762
v 1.219302 4.131657 1.199770
v 1.206347 4.118702 -1.208762
v 1.206347 4.118702 1.199770
v 1.219302 4.105747 -1.208762
v 1.219302 4.105747 1.199770
v 1.141680 4.118702 1.199770
v 1.141680 4.118702 -1.208762
v 1.128725 4.131657 -1.208762
v 1.128725 4.131657 1.199770
v 1.115769 4.118702 -1.208762
v 1.115769 4.118702 1.199770
v 1.128725 4.105747 -1.208762
v 1.128725 4.105747 1.199770
v 1.051107 4.118702 1.199770
v 1.051107 4.118702 -1.208762
v 1.038152 4.131657 -1.208762
v 1.038152 4.131657 1.199770
v 1.025197 4.118702 -1.208762
v 1.025197 4.118702 1.199770
v 1.038152 4.105747 -1.208762
v 1.038152 4.105747 1.199770
v 0.960535 4.118702 1.199770
v 0.960535 4.118702 -1.208762
v 0.947580 4.131657 -1.208762
v 0.947580 4.131657 1.199770
v 0.934625 4.118702 -1.208762
v 0.934625 4.118702 1.199770
v 0.947580 4.105747 -1.208762
v 0.947580 4.105747 1.199770
v 0.869957 4.118702 1.199770
v 0.869957 4.118702 -1.208762
v 0.857002 4.131657 -1.208762
v 0.857002 4.131657 1.199770
v 0.844047 4.118702 -1.208762
v 0.844047 4.118702 1.199770
v 0.857002 4.105747 -1.208762
v 0.857002 4.105747 1.199770
v 0.779385 4.118702 1.199770
v 0.779385 4.118702 -1.208762
v 0.766430 4.131657 -1.208762
v 0.766430 4.131657 1.199770
v 0.753475 4.118702 -1.208762
v 0.753475 4.118702 1.199770
v 0.766430 4.105747 -1.208762
v 0.766430 4.105747 1.199770
v 0.688813 4.118702 1.199770
v 0.688813 4.118702 -1.208762
v 0.675857 4.131657 -1.208762
v 0.675857 4.131657 1.199770
v 0.662902 4.118702 -1.208762
v 0.662902 4.118702 1.199770
v 0.675857 4.105747 -1.208762
v 0.675857 4.105747 1.199770
v 0.598235 4.118702 1.199770
v 0.598235 4.118702 -1.208762
v 0.585280 4.131657 -1.208762
v 0.585280 4.131657 1.199770
v 0.572325 4.118702 -1.208762
v 0.572325 4.118702 1.199770
v 0.585280 4.105747 -1.208762
v 0.585280 4.105747 1.199770
v 0.507663 4.118702 1.199770
v 0.507663 4.118702 -1.208762
v 0.494707 4.131657 -1.208762
v 0.494707 4.131657 1.199770
v 0.481752 4.118702 -1.208762
v 0.481752 4.118702 1.199770
v 0.494707 4.105747 -1.208762
v 0.494707 4.105747 1.199770
v 0.417090 4.118702 1.199770
v 0.417090 4.118702 -1.208762
v 0.404135 4.131657 -1.208762
v 0.404135 4.131657 1.199770
v 0.391180 4.118702 -1.208762
v 0.391180 4.118702 1.199770
v 0.404135 4.105747 -1.208762
v 0.404135 4.105747 1.199770
v 0.326518 4.118702 1.199770
v 0.326518 4.118702 -1.208762
v 0.313563 4.131657 -1.208762
v 0.313563 4.131657 1.199770
v 0.300607 4.118702 -1.208762
v 0.300607 4.118702 1.199770
v 0.313563 4.105747 -1.208762
v 0.313563 4.105747 1.199770
v 0.235940 4.118702 1.199770
v 0.235940 4.118702 -1.208762
v 0.222985 4.131657 -1.208762
v 0.222985 4.131657 1.199770
v 0.210030 4.118702 -1.208762
v 0.210030 4.118702 1.199770
v 0.222985 4.105747 -1.208762
v 0.222985 4.105747 1.199770
v 0.145368 4.118702 1.199770
v 0.145368 4.118702 -1.208762
v 0.132413 4.131657 -1.208762
v 0.132413 4.131657 1.199770
v 0.119457 4.118702 -1.208762
v 0.119457 4.118702 1.199770
v 0.132413 4.105747 -1.208762
v 0.132413 4.105747 1.199770
v 0.054795 4.118702 1.199770
v 0.054795 4.118702 -1.208762
v 0.041840 4.131657 -1.208762
v 0.041840 4.131657 1.199770
v 0.028885 4.118702 -1.208762
v 0.028885 4.118702 1.199770
v 0.041840 4.105747 -1.208762
v 0.041840 4.105747 1.199770
v -1.420300 4.118702 -1.208762
v -1.420300 4.118702 1.199770
v -1.407344 4.131657 1.199770
v -1.407344 4.131657 -1.208762
v -1.394389 4.118702 1.199770
v -1.394389 4.118702 -1.208762
v -1.407344 4.105747 1.199770
v -1.407344 4.105747 -1.208762
v -1.329727 4.118702 -1.208762
v -1.329727 4.118702 1.199770
v -1.316772 4.131657 1.199770
v -1.316772 4.131657 -1.208762
v -1.303817 4.118702 1.199770
v -1.303817 4.118702 -1.208762
v -1.316772 4.105747 1.199770
v -1.316772 4.105747 -1.208762
v -1.239155 4.118702 -1.208762
v -1.239155 4.118702 1.199770
v -1.226200 4.131657 1.199770
v -1.226200 4.131657 -1.208762
v -1.213244 4.118702 1.199770
v -1.213244 4.118702 -1.208762
v -1.226200 4.105747 1.199770
v -1.226200 4.105747 -1.208762
v -1.148577 4.118702 -1.208762
v -1.148577 4.118702 1.199770
v -1.135622 4.131657 1.199770
v -1.135622 4.131657 -1.208762
v -1.122667 4.118702 1.199770
v -1.122667 4.118702 -1.208762
v -1.135622 4.105747 1.199770
v -1.135622 4.105747 -1.208762
v -1.058005 4.118702 -1.208762
v -1.058005 4.118702 1.199770
v -1.045049 4.131657 1.199770
v -1.045049 4.131657 -1.208762
v -1.032094 4.118702 1.199770
v -1.032094 4.118702 -1.208762
v -1.045049 4.105747 1.199770
v -1.045049 4.105747 -1.208762
v -0.967432 4.118702 -1.208762
v -0.967432 4.118702 1.199770
v -0.954477 4.131657 1.199770
v -0.954477 4.131657 -1.208762
v -0.941522 4.118702 1.199770
v -0.941522 4.118702 -1.208762
v -0.954477 4.105747 1.199770
v -0.954477 4.105747 -1.208762
v -0.876855 4.118702 -1.208762
v -0.876855 4.118702 1.199770
v -0.863900 4.131657 1.199770
v -0.863900 4.131657 -1.208762
v -0.850944 4.118702 1.199770
v -0.850944 4.118702 -1.208762
v -0.863900 4.105747 1.199770
v -0.863900 4.105747 -1.208762
v -0.786282 4.118702 -1.208762
v -0.786282 4.118702 1.199770
v -0.773327 4.131657 1.199770
v -0.773327 4.131657 -1.208762
v -0.760372 4.118702 1.199770
v -0.760372 4.118702 -1.208762
v -0.773327 4.105747 1.199770
v -0.773327 4.105747 -1.208762
v -0.695710 4.118702 -1.208762
v -0.695710 4.118702 1.199770
v -0.682755 4.131657 1.199770
v -0.682755 4.131657 -1.208762
v -0.669799 4.118702 1.199770
v -0.669799 4.118702 -1.208762
v -0.682755 4.105747 1.199770
v -0.682755 4.105747 -1.208762
v -0.605137 4.118702 -1.208762
v -0.605137 4.118702 1.199770
v -0.592182 4.131657 1.199770
v -0.592182 4.131657 -1.208762
v -0.579227 4.118702 1.199770
v -0.579227 4.118702 -1.208762
v -0.592182 4.105747 1.199770
v -0.592182 4.105747 -1.208762
v -0.514560 4.118702 -1.208762
v -0.514560 4.118702 1.199770
v -0.501605 4.131657 1.199770
v -0.501605 4.131657 -1.208762
v -0.488649 4.118702 1.199770
v -0.488649 4.118702 -1.208762
v -0.501605 4.105747 1.199770
v -0.501605 4.105747 -1.208762
v -0.423987 4.118702 -1.208762
v -0.423987 4.118702 1.199770
v -0.411032 4.131657 1.199770
v -0.411032 4.131657 -1.208762
v -0.398077 4.118702 1.199770
v -0.398077 4.118702 -1.208762
v -0.411032 4.105747 1.199770
v -0.411032 4.105747 -1.208762
v -0.333415 4.118702 -1.208762
v -0.333415 4.118702 1.199770
v -0.320460 4.131657 1.199770
v -0.320460 4.131657 -1.208762
v -0.307505 4.118702 1.199770
v -0.307505 4.118702 -1.208762
v -0.320460 4.105747 1.199770
v -0.320460 4.105747 -1.208762
v -0.242837 4.118702 -1.208762
v -0.242837 4.118702 1.199770
v -0.229882 4.131657 1.199770
v -0.229882 4.131657 -1.208762
v -0.216927 4.118702 1.199770
v -0.216927 4.118702 -1.208762
v -0.229882 4.105747 1.199770
v -0.229882 4.105747 -1.208762
v -0.152265 4.118702 -1.208762
v -0.152265 4.118702 1.199770
v -0.139310 4.131657 1.199770
v -0.139310 4.131657 -1.208762
v -0.126355 4.118702 1.199770
v -0.126355 4.118702 -1.208762
v -0.139310 4.105747 1.199770
v -0.139310 4.105747 -1.208762
v -0.061693 4.118702 -1.208762
v -0.061693 4.118702 1.199770
v -0.048737 4.131657 1.199770
v -0.048737 4.131657 -1.208762
v -0.035782 4.118702 1.199770
v -0.035782 4.118702 -1.208762
v -0.048737 4.105747 1.199770
v -0.048737 4.105747 -1.208762
v 1.545763 4.079536 0.663037
v 1.545763 4.105446 0.637126
v -1.628262 4.105446 0.637126
v -1.628262 4.079536 0.663037
v 1.545763 4.079536 0.611216
v -1.628262 4.079536 0.611216
v 1.545763 4.053626 0.637126
v -1.628262 4.053626 0.637126
v 1.545763 4.079536 -0.191172
v 1.545763 4.105446 -0.217083
v -1.628262 4.105446 -0.217083
v -1.628262 4.079536 -0.191172
v 1.545763 4.079536 -0.242993
v -1.628262 4.079536 -0.242993
v 1.545763 4.053626 -0.217083
v -1.628262 4.053626 -0.217083
v -1.570170 4.112566 1.251923
v -1.570170 4.104306 1.251923
v 1.584960 4.104306 1.251923
v 1.584960 4.112566 1.251923
v -1.570170 4.093957 1.193143
v 1.584960 4.093957 1.193143
v -1.570170 4.178840 1.234268
v -1.570170 4.149069 1.234268
v 1.584960 4.149069 1.234268
v 1.584960 4.178840 1.234268
v -1.570170 4.233952 1.193143
v -1.570170 4.225951 1.251923
v 1.584960 4.225951 1.251923
v 1.584960 4.233952 1.193143
v -1.570170 4.217685 1.251923
v -1.570170 4.203932 1.240818
v 1.584960 4.203932 1.240818
v 1.584960 4.217685 1.251923
v -1.570170 4.119298 1.240818
v 1.584960 4.119298 1.240818
v 1.413402 2.516968 1.199771
v 1.413402 2.516968 -1.208762
v 1.400447 2.529923 -1.208762
v 1.400447 2.529923 1.199771
v 1.387492 2.516968 -1.208762
v 1.387492 2.516968 1.199771
v 1.400447 2.504012 -1.208762
v 1.400447 2.504012 1.199771
v 1.322830 2.516968 1.199771
v 1.322830 2.516968 -1.208762
v 1.309875 2.529923 -1.208762
v 1.309875 2.529923 1.199771
v 1.296919 2.516968 -1.208762
v 1.296919 2.516968 1.199771
v 1.309875 2.504012 -1.208762
v 1.309875 2.504012 1.199771
v 1.232257 2.516968 1.199771
v 1.232257 2.516968 -1.208762
v 1.219302 2.529923 -1.208762
v 1.219302 2.529923 1.199771
v 1.206347 2.516968 -1.208762
v 1.206347 2.516968 1.199771
v 1.219302 2.504012 -1.208762
v 1.219302 2.504012 1.199771
v 1.141680 2.516968 1.199771
v 1.141680 2.516968 -1.208762
v 1.128725 2.529923 -1.208762
v 1.128725 2.529923 1.199771
v 1.115769 2.516968 -1.208762
v 1.115769 2.516968 1.199771
v 1.128725 2.504012 -1.208762
v 1.128725 2.504012 1.199771
v 1.051107 2.516968 1.199771
v 1.051107 2.516968 -1.208762
v 1.038152 2.529923 -1.208762
v 1.038152 2.529923 1.199771
v 1.025197 2.516968 -1.208762
v 1.025197 2.516968 1.199771
v 1.038152 2.504012 -1.208762
v 1.038152 2.504012 1.199771
v 0.960535 2.516968 1.199771
v 0.960535 2.516968 -1.208762
v 0.947580 2.529923 -1.208762
v 0.947580 2.529923 1.199771
v 0.934625 2.516968 -1.208762
v 0.934625 2.516968 1.199771
v 0.947580 2.504012 -1.208762
v 0.947580 2.504012 1.199771
v 0.869957 2.516968 1.199771
v 0.869957 2.516968 -1.208762
v 0.857002 2.529923 -1.208762
v 0.857002 2.529923 1.199771
v 0.844047 2.516968 -1.208762
v 0.844047 2.516968 1.199771
v 0.857002 2.504012 -1.208762
v 0.857002 2.504012 1.199771
v 0.779385 2.516968 1.199771
v 0.779385 2.516968 -1.208762
v 0.766430 2.529923 -1.208762
v 0.766430 2.529923 1.199771
v 0.753475 2.516968 -1.208762
v 0.753475 2.516968 1.199771
v 0.766430 2.504012 -1.208762
v 0.766430 2.504012 1.199771
v 0.688813 2.516968 1.199771
v 0.688813 2.516968 -1.208762
v 0.675857 2.529923 -1.208762
v 0.675857 2.529923 1.199771
v 0.662902 2.516968 -1.208762
v 0.662902 2.516968 1.199771
v 0.675857 2.504012 -1.208762
v 0.675857 2.504012 1.199771
v 0.598235 2.516968 1.199771
v 0.598235 2.516968 -1.208762
v 0.585280 2.529923 -1.208762
v 0.585280 2.529923 1.199771
v 0.572325 2.516968 -1.208762
v 0.572325 2.516968 1.199771
v 0.585280 2.504012 -1.208762
v 0.585280 2.504012 1.199771
v 0.507663 2.516968 1.199771
v 0.507663 2.516968 -1.208762
v 0.494707 2.529923 -1.208762
v 0.494707 2.529923 1.199771
v 0.481752 2.516968 -1.208762
v 0.481752 2.516968 1.199771
v 0.494707 2.504012 -1.208762
v 0.494707 2.504012 1.199771
v 0.417090 2.516968 1.199771
v 0.417090 2.516968 -1.208762
v 0.404135 2.529923 -1.208762
v 0.404135 2.529923 1.199771
v 0.391180 2.516968 -1.208762
v 0.391180 2.516968 1.199771
v 0.404135 2.504012 -1.208762
v 0.404135 2.504012 1.199771
v 0.326518 2.516968 1.199771
v 0.326518 2.516968 -1.208762
v 0.313563 2.529923 -1.208762
v 0.313563 2.529923 1.199771
v 0.300607 2.516968 -1.208762
v 0.300607 2.516968 1.199771
v 0.313563 2.504012 -1.208762
v 0.313563 2.504012 1.199771
v 0.235940 2.516968 1.199771
v 0.235940 2.516968 -1.208762
v 0.222985 2.529923 -1.208762
v 0.222985 2.529923 1.199771
v 0.210030 2.516968 -1.208762
v 0.210030 2.516968 1.199771
v 0.222985 2.504012 -1.208762
v 0.222985 2.504012 1.199771
v 0.145368 2.516968 1.199771
v 0.145368 2.516968 -1.208762
v 0.132413 2.529923 -1.208762
v 0.132413 2.529923 1.199771
v 0.119457 2.516968 -1.208762
v 0.119457 2.516968 1.199771
v 0.132413 2.504012 -1.208762
v 0.132413 2.504012 1.199771
v 0.054795 2.516968 1.199771
v 0.054795 2.516968 -1.208762
v 0.041840 2.529923 -1.208762
v 0.041840 2.529923 1.199771
v 0.028885 2.516968 -1.208762
v 0.028885 2.516968 1.199771
v 0.041840 2.504012 -1.208762
v 0.041840 2.504012 1.199771
v -1.420300 2.516968 -1.208762
v -1.420300 2.516968 1.199771
v -1.407344 2.529923 1.199771
v -1.407344 2.529923 -1.208762
v -1.394389 2.516968 1.199771
v -1.394389 2.516968 -1.208762
v -1.407344 2.504012 1.199771
v -1.407344 2.504012 -1.208762
v -1.329727 2.516968 -1.208762
v -1.329727 2.516968 1.199771
v -1.316772 2.529923 1.199771
v -1.316772 2.529923 -1.208762
v -1.303817 2.516968 1.199771
v -1.303817 2.516968 -1.208762
v -1.316772 2.504012 1.199771
v -1.316772 2.504012 -1.208762
v -1.239155 2.516968 -1.208762
v -1.239155 2.516968 1.199771
v -1.226200 2.529923 1.199771
v -1.226200 2.529923 -1.208762
v -1.213244 2.516968 1.199771
v -1.213244 2.516968 -1.208762
v -1.226200 2.504012 1.199771
v -1.226200 2.504012 -1.208762
v -1.148577 2.516968 -1.208762
v -1.148577 2.516968 1.199771
v -1.135622 2.529923 1.199771
v -1.135622 2.529923 -1.208762
v -1.122667 2.516968 1.199771
v -1.122667 2.516968 -1.208762
v -1.135622 2.504012 1.199771
v -1.135622 2.504012 -1.208762
v -1.058005 2.516968 -1.208762
v -1.058005 2.516968 1.199771
v -1.045049 2.529923 1.199771
v -1.045049 2.529923 -1.208762
v -1.032094 2.516968 1.199771
v -1.032094 2.516968 -1.208762
v -1.045049 2.504012 1.199771
v -1.045049 2.504012 -1.208762
v -0.967432 2.516968 -1.208762
v -0.967432 2.516968 1.199771
v -0.954477 2.529923 1.199771
v -0.954477 2.529923 -1.208762
v -0.941522 2.516968 1.199771
v -0.941522 2.516968 -1.208762
v -0.954477 2.504012 1.199771
v -0.954477 2.504012 -1.208762
v -0.876855 2.516968 -1.208762
v -0.876855 2.516968 1.199771
v -0.863900 2.529923 1.199771
v -0.863900 2.529923 -1.208762
v -0.850944 2.516968 1.199771
v -0.850944 2.516968 -1.208762
v -0.863900 2.504012 1.199771
v -0.863900 2.504012 -1.208762
v -0.786282 2.516968 -1.208762
v -0.786282 2.516968 1.199771
v -0.773327 2.529923 1.199771
v -0.773327 2.529923 -1.208762
v -0.760372 2.516968 1.199771
v -0.760372 2.516968 -1.208762
v -0.773327 2.504012 1.199771
v -0.773327 2.504012 -1.208762
v -0.695710 2.516968 -1.208762
v -0.695710 2.516968 1.199771
v -0.682755 2.529923 1.199771
v -0.682755 2.529923 -1.208762
v -0.669799 2.516968 1.199771
v -0.669799 2.516968 -1.208762
v -0.682755 2.504012 1.199771
v -0.682755 2.504012 -1.208762
v -0.605137 2.516968 -1.208762
v -0.605137 2.516968 1.199771
v -0.592182 2.529923 1.199771
v -0.592182 2.529923 -1.208762
v -0.579227 2.516968 1.199771
v -0.579227 2.516968 -1.208762
v -0.592182 2.504012 1.199771
v -0.592182 2.504012 -1.208762
v -0.514560 2.516968 -1.208762
v -0.514560 2.516968 1.199771
v -0.501605 2.529923 1.199771
v -0.501605 2.529923 -1.208762
v -0.488649 2.516968 1.199771
v -0.488649 2.516968 -1.208762
v -0.501605 2.504012 1.199771
v -0.501605 2.504012 -1.208762
v -0.423987 2.516968 -1.208762
v -0.423987 2.516968 1.199771
v -0.411032 2.529923 1.199771
v -0.411032 2.529923 -1.208762
v -0.398077 2.516968 1.199771
v -0.398077 2.516968 -1.208762
v -0.411032 2.504012 1.199771
v -0.411032 2.504012 -1.208762
v -0.333415 2.516968 -1.208762
v -0.333415 2.516968 1.199771
v -0.320460 2.529923 1.199771
v -0.320460 2.529923 -1.208762
v -0.307505 2.516968 1.199771
v -0.307505 2.516968 -1.208762
v -0.320460 2.504012 1.199771
v -0.320460 2.504012 -1.208762
v -0.242837 2.516968 -1.208762
v -0.242837 2.516968 1.199771
v -0.229882 2.529923 1.199771
v -0.229882 2.529923 -1.208762
v -0.216927 2.516968 1.199771
v -0.216927 2.516968 -1.208762
v -0.229882 2.504012 1.199771
v -0.229882 2.504012 -1.208762
v -0.152265 2.516968 -1.208762
v -0.152265 2.516968 1.199771
v -0.139310 2.529923 1.199771
v -0.139310 2.529923 -1.208762
v -0.126355 2.516968 1.199771
v -0.126355 2.516968 -1.208762
v -0.139310 2.504012 1.199771
v -0.139310 2.504012 -1.208762
v -0.061693 2.516968 -1.208762
v -0.061693 2.516968 1.199771
v -0.048737 2.529923 1.199771
v -0.048737 2.529923 -1.208762
v -0.035782 2.516968 1.199771
v -0.035782 2.516968 -1.208762
v -0.048737 2.504012 1.199771
v -0.048737 2.504012 -1.208762
v 1.545763 2.477796 0.663037
v 1.545763 2.503707 0.637126
v -1.628262 2.503707 0.637126
v -1.628262 2.477796 0.663037
v 1.545763 2.477796 0.611216
v -1.628262 2.477796 0.611216
v 1.545763 2.451886 0.637126
v -1.628262 2.451886 0.637126
v 1.545763 2.477796 -0.191172
v 1.545763 2.503707 -0.217083
v -1.628262 2.503707 -0.217083
v -1.628262 2.477796 -0.191172
v 1.545763 2.477796 -0.242993
v -1.628262 2.477796 -0.242993
v 1.545763 2.451886 -0.217083
v -1.628262 2.451886 -0.217083
v -1.570170 2.510832 1.251923
v -1.570170 2.502567 1.251923
v 1.584960 2.502567 1.251923
v 1.584960 2.510832 1.251923
v -1.570170 2.492223 1.193143
v 1.584960 2.492223 1.193143
v -1.570170 2.577106 1.234268
v -1.570170 2.547330 1.234268
v 1.584960 2.547330 1.234268
v 1.584960 2.577106 1.234268
v -1.570170 2.632212 1.193143
v -1.570170 2.624211 1.251923
v 1.584960 2.624211 1.251923
v 1.584960 2.632212 1.193143
v -1.570170 2.615945 1.251923
v -1.570170 2.602192 1.240818
v 1.584960 2.602192 1.240818
v 1.584960 2.615945 1.251923
v -1.570170 2.517559 1.240818
v 1.584960 2.517559 1.240818
v 1.545763 7.283010 -1.165259
v 1.545763 7.308921 -1.191169
v -1.628262 7.308921 -1.191174
v -1.628262 7.283010 -1.165264
v 1.545763 7.283010 -1.217080
v -1.628262 7.283010 -1.217085
v 1.545763 7.257100 -1.191169
v -1.628262 7.257100 -1.191174
v 1.545763 5.681271 -1.165259
v 1.545763 5.707181 -1.191169
v -1.628262 5.707181 -1.191174
v -1.628262 5.681271 -1.165264
v 1.545763 5.681271 -1.217080
v -1.628262 5.681271 -1.217085
v 1.545763 5.655360 -1.191169
v -1.628262 5.655360 -1.191174
v 1.545763 4.079536 -1.165259
v 1.545763 4.105446 -1.191169
v -1.628262 4.105446 -1.191174
v -1.628262 4.079536 -1.165264
v 1.545763 4.079536 -1.217079
v -1.628262 4.079536 -1.217085
v 1.545763 4.053626 -1.191169
v -1.628262 4.053626 -1.191174
v 1.545763 2.477796 -1.165258
v 1.545763 2.503707 -1.191169
v -1.628262 2.503707 -1.191174
v -1.628262 2.477796 -1.165264
v 1.545763 2.477796 -1.217079
v -1.628262 2.477796 -1.217085
v 1.545763 2.451886 -1.191169
v -1.628262 2.451886 -1.191174
v -1.602797 8.129746 -0.107964
v -1.602797 8.130747 -0.059335
v -1.602797 8.095410 -0.059335
v -1.602797 8.094477 -0.107964
v -1.602797 8.093218 -1.255463
v -1.602797 8.106308 -1.246773
v -1.602797 8.072547 -1.235445
v -1.602797 8.060297 -1.244140
v -1.602797 7.966402 -1.301009
v -1.602797 7.969164 -1.284379
v -1.602797 7.944238 -1.273051
v -1.602797 7.941653 -1.289681
v -1.602797 8.106785 -1.229662
v -1.602797 8.072998 -1.218334
v -1.602797 7.981627 -1.276549
v -1.602797 7.955893 -1.265221
v -1.602797 7.956209 -1.352798
v -1.602797 7.932118 -1.382512
v -1.602797 8.152916 -0.047505
v -1.602797 8.242146 0.000113
v -1.602797 8.242146 0.096029
v -1.602797 8.152916 0.051608
v -1.602797 8.130747 0.040570
v -1.602797 1.662593 -0.059335
v -1.602797 1.718212 -0.059335
v -1.602797 1.718212 0.040570
v -1.602797 1.662593 0.040570
v -1.602797 9.337535 0.641360
v -1.602797 9.337535 1.016325
v -1.602797 9.246957 1.016325
v -1.602797 9.246957 0.596270
v -1.602797 8.152916 1.016325
v -1.602797 8.130747 1.016325
v -1.602797 8.095410 1.016325
v -1.602797 8.095410 0.040570
v -1.602797 7.948006 -0.059335
v -1.602797 7.947099 -0.107964
v -1.602797 7.925671 -1.235445
v -1.602797 7.913701 -1.244140
v -1.602797 7.800296 -1.273051
v -1.602797 7.797772 -1.289681
v -1.602797 7.926106 -1.218334
v -1.602797 7.811686 -1.265221
v -1.602797 7.788455 -1.381834
v -1.602797 8.095410 1.430357
v -1.602797 7.948006 1.430357
v -1.602797 7.948006 1.016325
v -1.602797 9.337535 1.430357
v -1.602797 9.246957 1.430357
v -1.602797 8.152916 1.430357
v -1.602797 8.130747 1.430357
v -1.602797 1.662593 1.016325
v -1.602797 1.718212 1.016325
v -1.602797 7.948006 0.040570
v -1.602797 2.912614 -0.059335
v -1.602797 2.912391 -0.107964
v -1.602797 2.907127 -1.235445
v -1.602797 2.904188 -1.244140
v -1.602797 2.876329 -1.273051
v -1.602797 2.875708 -1.289680
v -1.602797 2.907235 -1.218333
v -1.602797 2.879128 -1.265221
v -1.602797 2.873422 -1.359928
v -1.602797 2.912614 1.430358
v -1.602797 2.912614 1.016325
v -1.559900 8.129746 -0.107964
v -1.559900 8.130747 -0.059335
v -1.559900 8.093218 -1.255463
v -1.559900 8.106308 -1.246773
v -1.559900 7.966402 -1.301009
v -1.559900 7.969164 -1.284379
v -1.602797 9.337535 0.584647
v -1.602797 9.246957 0.536314
v -1.559900 9.246957 0.536314
v -1.559900 9.337535 0.584647
v -1.559900 8.152916 -0.047505
v -1.559900 8.106785 -1.229662
v -1.559900 7.981627 -1.276549
v -1.559900 7.956209 -1.352798
v -1.559900 2.873422 -1.359928
v -1.559900 7.788455 -1.381834
v -1.559900 7.932118 -1.382512
v 1.602797 8.129746 -0.107964
v 1.602797 8.094477 -0.107964
v 1.602797 8.095410 -0.059335
v 1.602797 8.130747 -0.059335
v 1.602797 8.093218 -1.255463
v 1.602797 8.060297 -1.244140
v 1.602797 8.072547 -1.235445
v 1.602797 8.106308 -1.246773
v 1.602797 7.966402 -1.301009
v 1.602797 7.941653 -1.289681
v 1.602797 7.944238 -1.273051
v 1.602797 7.969164 -1.284379
v 1.602797 8.106785 -1.229662
v 1.602797 8.072998 -1.218334
v 1.602797 7.981627 -1.276549
v 1.602797 7.955893 -1.265221
v 1.602797 7.956209 -1.352798
v 1.602797 7.932118 -1.382512
v 1.602797 8.152916 -0.047505
v 1.602797 8.152916 0.051608
v 1.602797 8.242146 0.096029
v 1.602797 8.242146 0.000113
v 1.602797 8.130747 0.040570
v 1.602797 1.662593 -0.059335
v 1.602797 1.662593 0.040570
v 1.602797 1.718212 0.040570
v 1.602797 1.718212 -0.059335
v 1.602797 9.337535 0.641360
v 1.602797 9.246957 0.596270
v 1.602797 9.246957 1.016325
v 1.602797 9.337535 1.016325
v 1.602797 8.130747 1.016325
v 1.602797 8.152916 1.016325
v 1.602797 8.095410 0.040570
v 1.602797 8.095410 1.016325
v 1.602797 7.947099 -0.107964
v 1.602797 7.948006 -0.059335
v 1.602797 7.913701 -1.244140
v 1.602797 7.925671 -1.235445
v 1.602797 7.797772 -1.289681
v 1.602797 7.800296 -1.273051
v 1.602797 7.926106 -1.218334
v 1.602797 7.811686 -1.265221
v 1.602797 7.788455 -1.381834
v 1.602797 8.095410 1.430357
v 1.602797 7.948006 1.016325
v 1.602797 7.948006 1.430357
v 1.602797 9.246957 1.430357
v 1.602797 9.337535 1.430357
v 1.602797 8.130747 1.430357
v 1.602797 8.152916 1.430357
v 1.602797 1.662593 1.016325
v 1.602797 1.718212 1.016325
v 1.602797 7.948006 0.040570
v 1.602797 2.912391 -0.107964
v 1.602797 2.912614 -0.059335
v 1.602797 2.904188 -1.244140
v 1.602797 2.907127 -1.235445
v 1.602797 2.875708 -1.289680
v 1.602797 2.876329 -1.273051
v 1.602797 2.907235 -1.218333
v 1.602797 2.879128 -1.265221
v 1.602797 2.873422 -1.359928
v 1.602797 2.912614 1.016325
v 1.602797 2.912614 1.430358
v 1.559900 8.130747 -0.059335
v 1.559900 8.129746 -0.107964
v 1.559900 8.106308 -1.246773
v 1.559900 8.093218 -1.255463
v 1.559900 7.969164 -1.284379
v 1.559900 7.966402 -1.301009
v 1.602797 9.337535 0.584647
v 1.559900 9.337535 0.584647
v 1.559900 9.246957 0.536314
v 1.602797 9.246957 0.536314
v 1.559900 8.152916 -0.047505
v 1.559900 8.106785 -1.229662
v 1.559900 7.981627 -1.276549
v 1.559900 7.956209 -1.352798
v 1.559900 7.788455 -1.381834
v 1.559900 2.873422 -1.359928
v 1.559900 7.932118 -1.382512
v 1.358182 8.130747 -0.059335
v 1.358182 8.129746 -0.107964
v 1.358182 8.106308 -1.246773
v 1.358182 8.093218 -1.255463
v 1.358182 7.969164 -1.284379
v 1.358182 7.966402 -1.301009
v 0.433564 8.967788 0.270063
v 0.377494 8.967788 0.270063
v 0.377494 8.917802 0.243391
v 0.433564 8.917802 0.243391
v 1.358182 8.152916 -0.047505
v 1.358182 8.106785 -1.229662
v 1.358182 7.981627 -1.276549
v 1.358182 7.956209 -1.352798
v 1.358182 7.788455 -1.381834
v 1.358182 2.873422 -1.359928
v 1.358182 7.932118 -1.382512
v -1.602797 1.662593 -0.107964
v -1.559900 1.662593 -0.059335
v -1.559900 1.662593 -0.107964
v -1.602797 1.662593 -1.244140
v -1.602797 1.662593 -1.235444
v -1.559900 1.662593 -1.235444
v -1.559900 1.662593 -1.244140
v -1.602797 1.662593 -1.289680
v -1.602797 1.662593 -1.273051
v -1.559900 1.662593 -1.273051
v -1.559900 1.662593 -1.289680
v -1.602797 1.662593 -1.218333
v -1.559900 1.662593 -1.218333
v -1.602797 1.662593 -1.265221
v -1.559900 1.662593 -1.265221
v -1.602797 1.662593 -1.352798
v -1.559900 1.662593 -1.352798
v -1.602797 1.662593 1.430358
v -1.559900 1.662593 1.430358
v -1.559900 1.662593 1.016325
v -1.559900 1.662593 0.040570
v -1.366411 1.662593 -0.059335
v -1.366411 1.662593 -0.107964
v -1.366411 1.662593 -1.235444
v -1.366411 1.662593 -1.244140
v -1.366411 1.662593 -1.273051
v -1.366411 1.662593 -1.289680
v -1.366411 1.662593 -1.218333
v -1.366411 1.662593 -1.265221
v -1.366411 1.662593 -1.352798
v -1.366411 1.662593 1.430358
v -1.366411 1.662593 1.016325
v -1.366411 1.662593 0.040570
v 1.559900 1.662593 -0.107964
v 1.559900 1.662593 -0.059335
v 1.602797 1.662593 -0.107964
v 1.559900 1.662593 -1.244140
v 1.559900 1.662593 -1.235444
v 1.602797 1.662593 -1.235444
v 1.602797 1.662593 -1.244140
v 1.559900 1.662593 -1.289680
v 1.559900 1.662593 -1.273051
v 1.602797 1.662593 -1.273051
v 1.602797 1.662593 -1.289680
v 1.559900 1.662593 -1.218333
v 1.602797 1.662593 -1.218333
v 1.559900 1.662593 -1.265221
v 1.602797 1.662593 -1.265221
v 1.559900 1.662593 -1.352798
v 1.602797 1.662593 -1.352798
v 1.559900 1.662593 1.016325
v 1.559900 1.662593 1.430358
v 1.602797 1.662593 1.430358
v 1.559900 1.662593 0.040570
v -1.602797 2.912614 0.040570
v -1.602797 1.718150 -0.107964
v -1.602797 1.716720 -1.235444
v -1.602797 1.715921 -1.244140
v -1.602797 1.708356 -1.273051
v -1.602797 1.708185 -1.289680
v -1.602797 1.716751 -1.218333
v -1.602797 1.709118 -1.265221
v -1.602797 1.707568 -1.354736
v -1.602797 1.718212 1.430358
v -1.559900 1.707568 -1.354736
v 1.602797 2.912614 0.040570
v 1.602797 1.718150 -0.107964
v 1.602797 1.715921 -1.244140
v 1.602797 1.716720 -1.235444
v 1.602797 1.708185 -1.289680
v 1.602797 1.708356 -1.273051
v 1.602797 1.716751 -1.218333
v 1.602797 1.709118 -1.265221
v 1.602797 1.707568 -1.354736
v 1.602797 1.718212 1.430358
v 1.559900 1.707568 -1.354736
v -1.366411 1.707568 -1.354736
v -1.366411 2.873422 -1.359928
v -1.602797 1.642196 1.430358
v -1.559900 1.642196 1.430358
v 1.358182 1.662593 1.430358
v 1.358182 1.642196 1.430358
v 1.559900 1.642196 1.430358
v 1.602797 1.642196 1.430358
v -1.602797 1.458834 1.430358
v -1.559900 1.458834 1.430358
v 1.358182 1.458834 1.430358
v 1.559900 1.458834 1.430358
v 1.602797 1.458834 1.430358
v -0.487147 8.879707 0.340540
v -0.487147 8.931622 0.368243
v -1.366411 8.152916 -0.047505
v -0.426724 8.252661 0.005922
v -0.487147 8.252661 0.005922
v 1.559900 8.242146 0.000113
v 0.487147 8.303802 0.033217
v 0.487147 8.252661 0.005922
v 1.358182 9.337535 0.584647
v 0.424153 8.931622 0.368243
v 0.487147 8.931622 0.368243
v -0.433564 8.878480 0.317080
v -0.433564 8.908329 0.261145
v -0.433564 8.958315 0.287817
v -0.433564 8.928466 0.343753
v -0.379784 8.274762 -0.005089
v -0.379784 8.304611 -0.061025
v -0.433564 8.304611 -0.061025
v -0.433564 8.274762 -0.005089
v 0.433564 8.324002 0.021189
v 0.433564 8.353850 -0.034746
v 0.433564 8.304611 -0.061025
v 0.433564 8.274762 -0.005089
v 0.377494 8.928466 0.343753
v 0.377494 8.958315 0.287817
v 0.433564 8.958315 0.287817
v 0.433564 8.928466 0.343753
v -1.602797 8.242146 1.016325
v -1.602797 8.242146 1.430357
v -1.559900 8.242146 0.000113
v 1.602797 8.242146 1.016325
v 1.602797 8.242146 1.430357
v -0.433564 8.917802 0.243391
v -0.433564 8.363323 -0.052495
v -0.379784 8.363323 -0.052495
v -0.379784 8.917802 0.243391
v -0.487147 8.303802 0.033217
v 0.487147 8.879707 0.340540
v -0.433564 8.324002 0.021189
v -0.433564 8.353850 -0.034746
v 0.433564 8.908329 0.261145
v 0.433564 8.878480 0.317080
v -0.433564 8.314084 -0.078773
v -0.379784 8.314084 -0.078773
v -1.366411 8.130747 -0.059335
v -1.366411 8.129746 -0.107964
v -1.366411 8.106308 -1.246773
v -1.366411 8.093218 -1.255463
v -1.366411 7.969164 -1.284379
v -1.366411 7.966402 -1.301009
v -0.379784 8.967788 0.270063
v -0.433564 8.967788 0.270063
v -1.366411 8.106785 -1.229662
v -1.366411 7.981627 -1.276549
v -1.366411 7.956209 -1.352798
v -1.366411 7.788455 -1.381834
v -1.366411 7.932118 -1.382512
v 1.358182 1.662593 -0.059335
v 1.358182 1.662593 -0.107964
v 1.358182 1.662593 -1.235444
v 1.358182 1.662593 -1.244140
v 1.358182 1.662593 -1.273051
v 1.358182 1.662593 -1.289680
v 1.358182 1.662593 -1.218333
v 1.358182 1.662593 -1.265221
v 1.358182 1.662593 -1.352798
v 1.358182 1.662593 1.016325
v 1.358182 1.662593 0.040570
v 1.358182 1.707568 -1.354736
v -1.366411 1.642196 1.430358
v -1.366411 1.458834 1.430358
v 0.424153 8.252661 0.005922
v -1.366411 9.337535 0.584647
v -0.426724 8.931622 0.368243
v 0.377494 8.274762 -0.005089
v 0.377494 8.304611 -0.061025
v -0.379784 8.958315 0.287817
v -0.379784 8.928466 0.343753
v 0.377494 8.363323 -0.052495
v 0.377494 8.314084 -0.078773
v 0.433564 8.363323 -0.052495
v 0.433564 8.314084 -0.078773
v -0.433564 8.869012 0.334829
v -0.433564 8.918993 0.361501
v -0.379784 8.265289 0.012664
v -0.433564 8.265289 0.012664
v 0.433564 8.314529 0.038938
v 0.433564 8.265289 0.012664
v 0.377494 8.918993 0.361501
v 0.433564 8.918993 0.361501
v -0.433564 8.314529 0.038938
v 0.433564 8.869012 0.334829
v 0.377494 8.265289 0.012664
v -0.379784 8.918993 0.361501
v -1.684176 10.722124 -1.684177
v -1.641134 10.722124 -1.684177
v -1.641134 10.666422 -1.684177
v -1.684176 10.666422 -1.684177
v -1.684176 0.259104 1.452838
v -1.663629 0.259104 1.452838
v -1.663629 10.633630 1.452837
v -1.684176 10.633630 1.452837
v -1.684176 10.722124 1.452837
v -1.684176 10.722124 1.434135
v -1.684176 10.666422 1.434135
v -1.684176 10.666422 1.452837
v -1.684176 10.722124 -1.652245
v -1.684176 10.666422 -1.652245
v -1.560884 10.722118 1.452837
v -1.560884 10.666422 1.452837
v -1.560884 10.666422 1.435280
v -1.560884 10.722118 1.435280
v -1.684176 10.722124 1.389486
v -1.684176 10.666422 1.389486
v -1.574130 0.259104 1.452838
v -1.574130 10.633630 1.452837
v -1.560884 0.259104 1.452838
v -1.560884 10.633630 1.452837
v -1.560884 0.259104 1.435281
v -1.560884 0.259104 1.383802
v -1.560884 10.633630 1.383801
v -1.560884 10.633630 1.435280
v -1.641134 10.654420 -1.684177
v -1.641134 10.633630 -1.684177
v -1.684176 10.633630 -1.684177
v -1.684176 10.654420 -1.684177
v -1.663629 10.654420 1.452837
v -1.663629 10.666422 1.452837
v -1.684176 10.654420 1.452837
v -1.684176 10.654420 1.434135
v -1.684176 10.633630 1.434135
v -1.684176 10.633630 -1.652245
v -1.684176 10.654420 -1.652245
v -1.560884 10.654420 1.452837
v -1.560884 10.654420 1.435280
v -1.684176 10.633630 1.371629
v -1.684176 10.654420 1.371629
v -1.574130 10.654420 1.452837
v -1.574130 10.666422 1.452837
v -1.560884 10.654420 1.383801
v -1.560884 10.666422 1.383801
v -1.560884 10.722118 1.383801
v -1.560884 10.666422 1.366664
v -1.560884 10.722118 1.366664
v -1.560884 10.722118 -1.562269
v -1.560884 10.666422 -1.562269
v -1.535539 10.666422 -1.562269
v -1.535539 10.722118 -1.562269
v -1.560884 10.654420 -1.535830
v -1.560884 10.654420 -1.562269
v -1.560884 10.666422 -1.535830
v -1.609990 10.722124 -1.648224
v -1.647684 10.722124 -1.648094
v -1.588448 10.722124 -1.589521
v -1.647839 10.722124 -1.617935
v -1.588396 10.722124 -1.561807
v 1.609990 10.722124 -1.648224
v 1.641134 10.722124 -1.684177
v -1.684176 10.722124 1.371629
v -1.684176 10.666422 1.371629
v -1.684176 0.259104 1.389487
v -1.684176 0.259104 1.434136
v -1.684176 10.633630 1.389486
v -1.583032 10.722118 1.435073
v -1.574130 10.722124 1.452837
v -1.663536 10.722124 1.434327
v -1.583095 10.722118 1.384827
v -1.663386 10.722124 1.388527
v -1.583126 10.722118 1.367530
v -1.663292 10.722124 1.370877
v -1.663629 10.722124 1.452837
v -1.560884 10.722118 -1.535830
v -1.559045 10.722118 -1.589412
v 1.535539 10.722118 -1.562269
v 1.559045 10.722118 -1.589412
v -1.684176 10.654420 1.389486
v 1.641134 10.666422 -1.684177
v -1.560884 10.654420 1.366664
v -1.535539 10.654420 -1.562269
v 1.535539 10.666422 -1.562269
v -1.684176 0.259104 1.371629
v -1.641134 0.259104 -1.684176
v -1.684176 0.259104 -1.684176
v -1.684176 0.259104 -1.652244
v 1.641134 10.654420 -1.684177
v 1.641134 10.633630 -1.684177
v -1.535539 10.654420 1.383801
v -1.535539 10.654420 1.366664
v -1.535539 10.654420 -1.535830
v 1.684176 10.722124 -1.684177
v 1.684176 10.666422 -1.684177
v 1.684176 0.259104 1.452838
v 1.684176 10.633630 1.452837
v 1.663629 10.633630 1.452837
v 1.663629 0.259104 1.452838
v 1.684176 10.722124 1.452837
v 1.684176 10.666422 1.452837
v 1.684176 10.666422 1.434135
v 1.684176 10.722124 1.434135
v 1.684176 10.722124 -1.652245
v 1.684176 10.666422 -1.652245
v 1.560884 10.722118 1.452837
v 1.560884 10.722118 1.435280
v 1.560884 10.666422 1.435280
v 1.560884 10.666422 1.452837
v 1.684176 10.666422 1.389486
v 1.684176 10.722124 1.389486
v 1.574130 10.633630 1.452837
v 1.574130 0.259104 1.452838
v 1.560884 10.633630 1.452837
v 1.560884 0.259104 1.452838
v 1.560884 0.259104 1.435281
v 1.560884 10.633630 1.435280
v 1.560884 10.633630 1.383801
v 1.560884 0.259104 1.383802
v 1.684176 10.654420 -1.684177
v 1.684176 10.633630 -1.684177
v 1.663629 10.654420 1.452837
v 1.684176 10.654420 1.452837
v 1.663629 10.666422 1.452837
v 1.684176 10.654420 1.434135
v 1.684176 10.633630 1.434135
v 1.684176 10.654420 -1.652245
v 1.684176 10.633630 -1.652245
v 1.560884 10.654420 1.452837
v 1.560884 10.654420 1.435280
v 1.684176 10.654420 1.371629
v 1.684176 10.633630 1.371629
v 1.574130 10.654420 1.452837
v 1.574130 10.666422 1.452837
v 1.560884 10.654420 1.383801
v 1.560884 10.666422 1.383801
v 1.641134 0.259104 -1.684176
v 1.560884 10.722118 1.383801
v 1.560884 10.722118 1.366664
v 1.560884 10.666422 1.366664
v 1.560884 10.722118 -1.562269
v 1.560884 10.666422 -1.562269
v 1.535539 10.654420 -1.562269
v 1.560884 10.654420 -1.535830
v 1.560884 10.666422 -1.535830
v 1.560884 10.654420 -1.562269
v 1.647684 10.722124 -1.648094
v 1.588448 10.722124 -1.589521
v 1.588396 10.722124 -1.561807
v 1.647839 10.722124 -1.617935
v 1.684176 10.666422 1.371629
v 1.684176 10.722124 1.371629
v 1.684176 0.259104 1.389487
v 1.684176 10.633630 1.389486
v 1.684176 0.259104 1.434136
v 1.574130 10.722124 1.452837
v 1.583032 10.722118 1.435073
v 1.663536 10.722124 1.434327
v 1.663386 10.722124 1.388527
v 1.583095 10.722118 1.384827
v 1.663292 10.722124 1.370877
v 1.583126 10.722118 1.367530
v 1.663629 10.722124 1.452837
v 1.560884 10.722118 -1.535830
v 1.684176 10.654420 1.389486
v 1.560884 10.654420 1.366664
v 1.684176 0.259104 1.371629
v 1.684176 0.259104 -1.684176
v 1.684176 0.259104 -1.652244
v 1.535539 10.654420 1.366664
v 1.535539 10.654420 1.383801
v 1.535539 10.654420 -1.535830
v 1.573694 1.305646 1.433814
v -1.573694 1.305646 1.433814
v -1.573694 0.363720 1.433814
v 1.573694 0.363720 1.433814
v 1.584504 1.868835 1.265158
v 1.611135 1.868835 1.265158
v 1.611135 8.960097 1.265158
v 1.584504 8.960097 1.265158
v 1.611135 1.868835 1.185629
v 1.584504 1.868835 1.185629
v 1.584504 8.960097 1.185628
v 1.611135 8.960097 1.185628
v 1.584504 1.868835 1.195065
v 1.584504 8.960097 1.195065
v 1.584504 1.868835 1.256105
v 1.584504 8.960097 1.256105
v 1.601735 1.868835 1.202533
v 1.601735 1.868835 1.206233
v 1.601735 8.960097 1.206232
v 1.601735 8.960097 1.202532
v 1.598838 1.868835 1.201274
v 1.598838 8.960097 1.201273
v 1.597967 8.960097 1.250270
v 1.597967 1.868835 1.250270
v 1.601735 1.868835 1.246301
v 1.601735 8.960097 1.246300
v 1.601735 1.868835 1.248638
v 1.601735 8.960097 1.248637
v -1.584504 1.868835 1.265158
v -1.584504 8.960097 1.265158
v -1.611135 8.960097 1.265158
v -1.611135 1.868835 1.265158
v -1.611135 1.868835 1.185629
v -1.611135 8.960097 1.185628
v -1.584504 8.960097 1.185628
v -1.584504 1.868835 1.185629
v -1.584504 8.960097 1.195065
v -1.584504 1.868835 1.195065
v -1.584504 1.868835 1.256105
v -1.584504 8.960097 1.256105
v -1.601735 1.868835 1.202533
v -1.601735 8.960097 1.202532
v -1.601735 8.960097 1.206232
v -1.601735 1.868835 1.206233
v -1.598838 8.960097 1.201273
v -1.598838 1.868835 1.201274
v -1.597967 1.868835 1.250270
v -1.597967 8.960097 1.250270
v -1.601735 8.960097 1.246300
v -1.601735 1.868835 1.246301
v -1.601735 8.960097 1.248637
v -1.601735 1.868835 1.248638
v 1.584504 1.868834 -1.163072
v 1.611135 1.868834 -1.163072
v 1.611135 8.960097 -1.163072
v 1.584504 8.960097 -1.163072
v 1.611135 1.868834 -1.242596
v 1.584504 1.868834 -1.242596
v 1.584504 8.960097 -1.242596
v 1.611135 8.960097 -1.242596
v 1.584504 1.868834 -1.233164
v 1.584504 8.960097 -1.233165
v 1.584504 1.868834 -1.172119
v 1.584504 8.960097 -1.172120
v 1.601735 1.868834 -1.225697
v 1.601735 1.868834 -1.221992
v 1.601735 8.960097 -1.221992
v 1.601735 8.960097 -1.225698
v 1.598838 1.868834 -1.226951
v 1.598838 8.960097 -1.226952
v 1.597967 8.960097 -1.177960
v 1.597967 1.868834 -1.177960
v 1.601735 1.868834 -1.181924
v 1.601735 8.960097 -1.181924
v 1.601735 1.868834 -1.179592
v 1.601735 8.960097 -1.179592
v -1.584504 1.868834 -1.163072
v -1.584504 8.960097 -1.163072
v -1.611135 8.960097 -1.163072
v -1.611135 1.868834 -1.163072
v -1.611135 1.868834 -1.242596
v -1.611135 8.960097 -1.242596
v -1.584504 8.960097 -1.242596
v -1.584504 1.868834 -1.242596
v -1.584504 8.960097 -1.233165
v -1.584504 1.868834 -1.233164
v -1.584504 1.868834 -1.172119
v -1.584504 8.960097 -1.172120
v -1.601735 1.868834 -1.225697
v -1.601735 8.960097 -1.225698
v -1.601735 8.960097 -1.221992
v -1.601735 1.868834 -1.221992
v -1.598838 8.960097 -1.226952
v -1.598838 1.868834 -1.226951
v -1.597967 1.868834 -1.177960
v -1.597967 8.960097 -1.177960
v -1.601735 8.960097 -1.181924
v -1.601735 1.868834 -1.181924
v -1.601735 8.960097 -1.179592
v -1.601735 1.868834 -1.179592
v 1.584473 8.955926 1.060279
v 1.584473 8.955926 1.030057
v 1.584452 8.932388 1.030057
v 1.584452 8.932388 1.060279
v -1.576886 1.872379 1.060279
v -1.576886 1.872379 1.030058
v -1.580680 8.921008 1.030057
v -1.580680 8.921008 1.060279
v 1.545789 8.955926 1.060279
v 1.545789 8.955926 1.030057
v 1.576886 1.872379 1.030058
v 1.602797 8.950650 1.016325
v 1.602797 1.872379 1.016325
v 1.602797 8.950650 1.074011
v 1.602797 8.974245 1.074011
v -1.580711 8.955926 1.030057
v -1.602797 8.930171 1.016325
v -1.602797 8.974245 1.016325
v -1.602797 8.930171 1.074011
v -1.602797 1.872379 1.074012
v -1.580711 8.955926 1.060279
v -1.554251 8.955926 1.060279
v -1.563408 8.974245 1.074011
v -1.602797 8.974245 1.074011
v 1.545789 8.974245 1.016325
v 1.602797 8.974245 1.016325
v 1.576886 1.872379 1.060279
v 1.602797 1.872379 1.074012
v -1.554251 8.955926 1.030057
v 1.545789 8.974245 1.074011
v -1.563408 8.974245 1.016325
v -1.602797 1.872379 1.016325
v -1.425979 0.000000 1.332738
v -1.457636 0.000000 1.256302
v -1.457636 0.267857 1.256302
v -1.425979 0.267857 1.332738
v -1.534072 0.000000 1.224640
v -1.534072 0.267857 1.224640
v -1.610503 0.000000 1.256302
v -1.610503 0.267857 1.256302
v -1.642165 0.000000 1.332738
v -1.642165 0.267857 1.332738
v -1.610503 0.000000 1.409168
v -1.610503 0.267857 1.409168
v -1.534072 0.000000 1.440831
v -1.534072 0.267857 1.440831
v -1.457636 0.000000 1.409168
v -1.457636 0.267857 1.409168
v 1.425974 0.000000 1.332738
v 1.425974 0.267857 1.332738
v 1.457636 0.267857 1.256302
v 1.457636 0.000000 1.256302
v 1.534072 0.267857 1.224640
v 1.534072 0.000000 1.224640
v 1.610503 0.267857 1.256302
v 1.610503 0.000000 1.256302
v 1.642165 0.267857 1.332738
v 1.642165 0.000000 1.332738
v 1.610503 0.267857 1.409168
v 1.610503 0.000000 1.409168
v 1.534072 0.267857 1.440831
v 1.534072 0.000000 1.440831
v 1.457636 0.267857 1.409168
v 1.457636 0.000000 1.409168
v -1.425979 -0.000000 -1.332738
v -1.425979 0.267856 -1.332738
v -1.457636 0.267856 -1.256302
v -1.457636 -0.000000 -1.256302
v -1.534072 0.267856 -1.224640
v -1.534072 -0.000000 -1.224640
v -1.610503 0.267856 -1.256302
v -1.610503 -0.000000 -1.256302
v -1.642165 0.267856 -1.332738
v -1.642165 -0.000000 -1.332738
v -1.610503 0.267856 -1.409168
v -1.610503 -0.000000 -1.409168
v -1.534072 0.267856 -1.440831
v -1.534072 -0.000000 -1.440831
v -1.457636 0.267856 -1.409168
v -1.457636 -0.000000 -1.409168
v 1.425974 -0.000000 -1.332738
v 1.457636 -0.000000 -1.256302
v 1.457636 0.267856 -1.256302
v 1.425974 0.267856 -1.332738
v 1.534072 -0.000000 -1.224640
v 1.534072 0.267856 -1.224640
v 1.610503 -0.000000 -1.256302
v 1.610503 0.267856 -1.256302
v 1.642165 -0.000000 -1.332738
v 1.642165 0.267856 -1.332738
v 1.610503 -0.000000 -1.409168
v 1.610503 0.267856 -1.409168
v 1.534072 -0.000000 -1.440831
v 1.534072 0.267856 -1.440831
v 1.457636 -0.000000 -1.409168
v 1.457636 0.267856 -1.409168
v 1.640429 1.305646 1.635402
v 1.640429 1.287851 1.635402
v 1.640429 1.287851 1.619561
v 1.640429 1.305646 1.619561
v -1.640429 0.259892 1.635402
v -1.640429 1.222370 1.635402
v -1.640429 1.222370 1.619561
v -1.640429 0.259892 1.619561
v -1.573694 1.507125 1.635402
v -1.549126 1.507125 1.635402
v -1.549126 1.507125 1.619561
v -1.573694 1.507125 1.619561
v 1.573694 1.507125 1.635402
v 1.550385 1.507125 1.635402
v 1.550385 1.473950 1.635402
v 1.573694 1.473950 1.635402
v 1.640429 1.305646 1.424735
v 1.640429 1.316948 1.424735
v 1.640429 1.316948 1.619561
v -1.640429 1.305646 1.635402
v -1.640429 1.316948 1.635402
v -1.640429 1.316948 1.619561
v -1.640429 1.305646 1.619561
v 1.573694 0.259892 1.635402
v 1.592909 0.259892 1.635402
v 1.592909 1.287851 1.635402
v 1.573694 1.287851 1.635402
v -1.573694 1.305646 1.635402
v -1.598418 1.305646 1.635402
v -1.598418 1.222370 1.635402
v -1.573694 1.222370 1.635402
v 1.592909 1.507125 1.635402
v 1.592909 1.507125 1.619561
v 1.573694 1.507125 1.619561
v -1.573694 1.507125 1.424735
v -1.598418 1.507125 1.424735
v -1.598418 1.507125 1.619561
v -1.598418 1.507125 1.635402
v -1.598418 1.473950 1.635402
v -1.573694 1.473950 1.635402
v 1.573694 1.305646 1.635402
v 1.592909 1.305646 1.635402
v 1.592909 1.316948 1.635402
v 1.573694 1.316948 1.635402
v 1.550385 1.305646 1.635402
v 1.550385 1.305646 1.614819
v 1.573694 1.305646 1.614819
v 1.573694 1.287851 1.614819
v 1.573694 0.259892 1.614819
v -1.573694 1.222370 1.614819
v -1.573694 1.305646 1.614819
v 1.640429 0.259892 1.619561
v 1.640429 0.259892 1.424735
v 1.640429 1.287851 1.424735
v -1.640429 1.305646 1.424735
v -1.640429 1.222370 1.424735
v 1.573694 1.507125 1.424735
v 1.550385 1.507125 1.424735
v 1.550385 1.507125 1.619561
v 1.640429 1.507125 1.619561
v 1.640429 1.507125 1.635402
v 1.640429 1.473950 1.635402
v 1.640429 1.473950 1.619561
v -1.640429 1.507125 1.619561
v -1.640429 1.507125 1.424735
v -1.640429 1.473950 1.424735
v -1.640429 1.473950 1.619561
v 1.640429 1.507125 1.424735
v 1.592909 1.507125 1.424735
v -1.640429 1.507125 1.635402
v -1.573694 1.316948 1.635402
v -1.549126 1.316948 1.635402
v -1.549126 1.473950 1.635402
v 1.640429 1.473950 1.424735
v -1.640429 1.473950 1.635402
v -1.598418 1.316948 1.635402
v 1.592909 1.473950 1.635402
v 1.640429 1.316948 1.635402
v -1.640429 1.316948 1.424735
v -1.549126 1.305646 1.635402
v -1.598418 0.259892 1.635402
v -1.573694 0.259892 1.635402
v -1.573694 0.259892 1.614819
v -1.640429 0.259892 1.424735
v -1.549126 1.305646 1.614819
v -1.549126 1.507125 1.424735
v 1.550385 1.316948 1.635402
v 1.640429 0.259892 1.635402
v 1.550385 1.305646 1.385041
v 1.573694 1.305646 1.385041
v 1.573694 1.287851 1.385041
v 1.573694 0.259892 1.385041
v -1.573694 1.222370 1.385041
v -1.573694 1.305646 1.385041
v -1.573694 0.259892 1.385041
v -1.549126 1.305646 1.385041
v -1.573694 0.259104 1.628407
v 1.573694 0.259104 1.628407
v 1.573694 0.353739 1.622841
v -1.573694 0.353739 1.622841
v -1.573694 0.358154 1.618421
v 1.573694 0.358154 1.618421
v -1.596796 9.331477 1.396264
v -1.596796 8.985256 1.396264
v 1.596796 8.985256 1.396264
v 1.596796 9.331477 1.396264
v 1.596796 8.969710 1.380718
v -1.596796 8.969710 1.380718
v -1.596796 8.969710 0.302068
v 1.596796 8.969710 0.302068
v 0.938734 1.479484 1.649881
v 0.938734 1.472053 1.649881
v 0.946103 1.472053 1.649881
v 0.946103 1.479484 1.649881
v 0.938734 1.330598 1.649881
v 0.938734 1.338542 1.649881
v 0.938734 1.338542 1.643517
v 0.938734 1.330598 1.643517
v 0.946103 1.479484 1.643517
v 0.938734 1.479484 1.643517
v 1.453403 1.479484 1.649881
v 1.453403 1.472053 1.649881
v 1.453403 1.472053 1.643517
v 1.453403 1.479484 1.643517
v 1.453403 1.330598 1.649881
v 1.447034 1.330598 1.649881
v 1.447034 1.330598 1.643517
v 1.453403 1.330598 1.643517
v 0.946103 1.338542 1.649881
v 0.938734 1.472053 1.643517
v 1.453403 1.338542 1.649881
v 1.453403 1.338542 1.643517
v 1.447034 1.472053 1.649881
v 1.447034 1.479484 1.649881
v 1.447034 1.479484 1.643517
v 0.946103 1.330598 1.649881
v 0.946103 1.330598 1.643517
v 1.447034 1.338542 1.649881
v 0.938734 1.338542 1.630987
v 0.938734 1.330598 1.630987
v 0.946103 1.479484 1.630987
v 0.938734 1.479484 1.630987
v 1.453403 1.472053 1.630987
v 1.453403 1.479484 1.630987
v 0.946103 1.330598 1.630987
v 1.447034 1.330598 1.630987
v 0.938734 1.472053 1.630987
v 1.453403 1.338542 1.630987
v 1.447034 1.479484 1.630987
v 1.453403 1.330598 1.630987
v 1.440644 1.825870 1.471110
v -1.440644 1.825870 1.471110
v -1.440644 8.822248 1.471109
v 1.440644 8.822248 1.471109
vn -0.0000 -0.0000 1.0000
vn -0.6025 0.6688 0.4355
vn -0.0000 0.8380 0.5457
vn -0.0000 1.0000 -0.0000
vn -0.7071 0.7071 -0.0000
vn 0.6772 -0.1553 0.7192
vn 0.6909 -0.0000 0.7229
vn -0.6909 -0.0000 0.7229
vn -0.6772 -0.1553 0.7192
vn -0.6770 -0.1561 0.7193
vn -1.0000 -0.0000 -0.0000
vn 0.6772 0.1553 0.7192
vn 1.0000 -0.0000 -0.0000
vn 0.6931 0.2906 0.6596
vn -0.6931 0.2906 0.6596
vn -0.6772 0.1553 0.7192
vn -0.6936 -0.2905 0.6592
vn 0.6936 -0.2905 0.6592
vn 0.6770 -0.1561 0.7193
vn -0.6932 0.2906 0.6596
vn 0.6931 -0.2906 0.6596
vn -0.0000 0.8383 0.5452
vn -0.7071 0.2861 0.6466
vn -0.0000 0.4047 0.9145
vn -0.0000 -0.4048 0.9144
vn -0.0000 0.5455 0.8381
vn 0.4178 -0.0708 0.9058
vn 0.7071 0.2862 0.6466
vn -0.0000 0.4048 0.9144
vn -0.4178 0.0708 0.9058
vn -0.7071 0.2862 0.6466
vn -0.7141 0.3029 0.6311
vn 0.7141 0.3029 0.6311
vn 0.4178 0.0708 0.9058
vn -0.7071 -0.2862 0.6466
vn -0.7846 -0.2510 0.5670
vn 0.7071 -0.2862 0.6466
vn 0.7846 -0.2510 0.5670
vn 0.7141 -0.3029 0.6311
vn -0.7141 -0.3029 0.6311
vn -0.4178 -0.0708 0.9058
vn 0.6025 0.6688 0.4355
vn 0.7071 0.7071 -0.0000
vn 0.7071 -0.7071 -0.0000
vn -0.0000 -0.5455 0.8381
vn -0.0000 -1.0000 -0.0000
vn -0.7071 -0.7071 -0.0000
vn 0.6932 0.2906 0.6596
vn -0.7139 -0.3024 0.6316
vn 0.7139 -0.3024 0.6316
vn -0.6931 -0.2906 0.6596
vn 0.5921 -0.8058 -0.0000
vn 0.5921 0.8059 -0.0000
vn -0.5921 -0.8058 -0.0000
vn -0.5921 0.8059 -0.0000
vn 0.7071 0.2861 0.6466
vn -0.0000 -0.0518 -0.9987
vn -0.0000 0.9918 -0.1281
vn -0.0000 0.1895 0.9819
vn -0.0000 -0.4253 0.9051
vn -0.0000 0.6877 0.7260
vn -0.0000 -0.5370 -0.8436
vn -0.0000 -0.8192 -0.5735
vn -0.0000 -0.9027 0.4303
vn -0.0000 -0.0517 -0.9987
vn -0.0000 0.1894 0.9819
vn -0.0000 -0.8192 -0.5736
vn -0.0000 0.1897 0.9819
vn -0.0000 0.6878 0.7259
vn 0.5773 -0.5773 0.5774
vn -0.0000 -0.7071 0.7071
vn -0.4882 0.5196 0.7012
vn -0.2711 0.2981 0.9152
vn -0.5026 -0.0000 0.8645
vn -0.8669 -0.0000 0.4985
vn 0.5773 -0.5773 -0.5774
vn 0.7071 -0.0000 -0.7071
vn 0.5773 0.5773 -0.5774
vn -0.0000 0.7071 -0.7071
vn -0.3015 0.3015 -0.9045
vn -0.3015 -0.3015 -0.9045
vn -0.7071 -0.0000 -0.7071
vn -0.0746 0.0721 0.9946
vn -0.2712 0.2980 0.9152
vn -0.0000 0.5529 0.8333
vn -0.0000 0.2887 0.9574
vn -0.2605 -0.0000 0.9655
vn -0.0000 -0.7071 -0.7071
vn -0.0000 -0.0000 -1.0000
vn -0.0000 -0.2887 0.9574
vn -0.0000 -0.8813 0.4726
vn -0.0000 -0.5530 0.8332
vn -0.0746 -0.0721 0.9946
vn -0.4882 -0.5196 0.7012
vn -0.2711 -0.2982 0.9152
vn -0.2711 -0.2980 0.9152
vn -0.5028 -0.0000 0.8644
vn 0.7071 -0.0000 0.7071
vn 0.5773 0.5773 0.5774
vn -0.0000 0.8812 0.4727
vn -0.0000 0.5529 0.8332
vn -0.2710 0.2981 0.9153
vn -0.0000 0.5528 0.8333
vn -0.0000 -0.5529 0.8333
vn -0.2710 -0.2981 0.9153
vn -0.2711 -0.2981 0.9152
vn -0.0000 0.7071 0.7071
vn -0.5029 -0.0000 0.8643
vn -0.5773 -0.5773 0.5774
vn 0.4882 0.5196 0.7012
vn 0.8669 -0.0000 0.4985
vn 0.5029 -0.0000 0.8643
vn 0.2711 0.2981 0.9152
vn -0.5773 -0.5773 -0.5774
vn -0.5773 0.5773 -0.5774
vn 0.3015 0.3015 -0.9045
vn 0.3015 -0.3015 -0.9045
vn 0.0746 0.0721 0.9946
vn 0.2712 0.2980 0.9152
vn 0.2605 -0.0000 0.9655
vn 0.0746 -0.0721 0.9946
vn 0.2711 -0.2982 0.9152
vn 0.4882 -0.5196 0.7012
vn 0.5028 -0.0000 0.8644
vn 0.2711 -0.2980 0.9152
vn -0.7071 -0.0000 0.7071
vn -0.5773 0.5773 0.5774
vn 0.2710 0.2981 0.9153
vn 0.2710 -0.2981 0.9153
vn 0.2711 -0.2981 0.9152
vn 0.8667 -0.0000 0.4987
vn -0.5089 -0.6413 0.5743
vn -0.5678 -0.5164 0.6410
vn 0.0464 -0.4610 0.8862
vn 0.0431 -0.4500 0.8920
vn 0.5679 -0.2481 0.7848
vn 0.5090 -0.1233 0.8519
vn -0.5876 -0.3824 0.7131
vn 0.0498 -0.4720 0.8802
vn 0.5877 -0.3823 0.7130
vn -0.5678 -0.2482 0.7849
vn 0.0465 -0.4830 0.8744
vn 0.5679 -0.5163 0.6410
vn -0.5089 -0.1234 0.8519
vn 0.0431 -0.4939 0.8685
vn 0.5090 -0.6413 0.5742
vn -0.4158 -0.0158 0.9093
vn 0.0339 -0.5019 0.8643
vn 0.4157 -0.7486 0.5165
vn -0.2939 0.0665 0.9535
vn 0.0248 -0.5098 0.8600
vn 0.2938 -0.8309 0.4726
vn -0.1522 0.1181 0.9813
vn 0.0124 -0.5128 0.8584
vn 0.1521 -0.8827 0.4446
vn -0.0000 0.1356 0.9908
vn -0.0000 -0.5157 0.8568
vn -0.0000 -0.9002 0.4354
vn 0.1522 0.1180 0.9813
vn -0.0124 -0.5128 0.8584
vn -0.1521 -0.8827 0.4447
vn 0.2939 0.0663 0.9535
vn -0.0248 -0.5098 0.8599
vn -0.2938 -0.8308 0.4726
vn 0.4157 -0.0158 0.9094
vn -0.0339 -0.5019 0.8643
vn -0.4157 -0.7486 0.5165
vn 0.5089 -0.1234 0.8519
vn -0.0431 -0.4939 0.8685
vn -0.5090 -0.6413 0.5741
vn 0.5678 -0.2482 0.7849
vn -0.0465 -0.4830 0.8744
vn -0.5679 -0.5164 0.6410
vn 0.5876 -0.3824 0.7131
vn -0.0497 -0.4720 0.8802
vn 0.5679 -0.5164 0.6410
vn -0.0464 -0.4610 0.8862
vn -0.5679 -0.2481 0.7848
vn 0.5089 -0.6413 0.5743
vn -0.0431 -0.4500 0.8920
vn -0.5090 -0.1233 0.8519
vn 0.4156 -0.7486 0.5166
vn -0.0340 -0.4420 0.8964
vn -0.4157 -0.0159 0.9094
vn 0.2938 -0.8308 0.4727
vn -0.0249 -0.4340 0.9006
vn -0.2938 0.0662 0.9536
vn 0.1523 -0.8828 0.4444
vn -0.0125 -0.4310 0.9022
vn -0.1522 0.1182 0.9813
vn -0.0000 -0.9002 0.4355
vn -0.0000 -0.4281 0.9037
vn -0.0000 0.1357 0.9908
vn 0.0125 -0.4310 0.9022
vn 0.1522 0.1183 0.9813
vn -0.2938 -0.8310 0.4724
vn 0.0249 -0.4340 0.9006
vn 0.2938 0.0662 0.9536
vn -0.4157 -0.7486 0.5166
vn 0.0340 -0.4420 0.8964
vn 0.4157 -0.0158 0.9093
vn 0.5679 -0.2482 0.7848
vn 0.0496 -0.4720 0.8802
vn -0.5679 -0.5163 0.6410
vn -0.5877 -0.3823 0.7130
vn 0.4158 -0.0158 0.9093
vn 0.0340 -0.4420 0.8963
vn 0.2939 0.0662 0.9536
vn 0.0249 -0.4340 0.9005
vn -0.2938 -0.8309 0.4725
vn 0.1521 0.1182 0.9813
vn 0.0124 -0.4311 0.9022
vn -0.1522 -0.8827 0.4445
vn -0.0000 -0.9004 0.4351
vn -0.1521 0.1182 0.9813
vn -0.0124 -0.4311 0.9022
vn 0.1522 -0.8827 0.4446
vn -0.2939 0.0662 0.9536
vn -0.4158 -0.0159 0.9093
vn 0.5678 -0.5164 0.6410
vn -0.5877 -0.3823 0.7131
vn -0.0463 -0.4830 0.8744
vn -0.5089 -0.6413 0.5742
vn -0.0430 -0.4939 0.8685
vn -0.4158 -0.7486 0.5164
vn -0.0340 -0.5020 0.8642
vn 0.4157 -0.0159 0.9094
vn -0.2939 -0.8309 0.4725
vn -0.0249 -0.5099 0.8599
vn -0.1522 -0.8827 0.4446
vn -0.0124 -0.5129 0.8584
vn 0.1521 0.1181 0.9813
vn -0.0000 -0.5158 0.8567
vn -0.0000 0.1355 0.9908
vn 0.0125 -0.5129 0.8584
vn 0.2939 -0.8309 0.4725
vn 0.0249 -0.5099 0.8599
vn 0.4157 -0.7487 0.5164
vn 0.0340 -0.5019 0.8642
vn -0.4157 -0.0158 0.9094
vn 0.5089 -0.6413 0.5742
vn 0.0430 -0.4939 0.8685
vn -0.5090 -0.1234 0.8519
vn 0.5678 -0.5164 0.6411
vn 0.0463 -0.4830 0.8744
vn -0.5679 -0.2482 0.7848
vn 0.0465 -0.4610 0.8862
vn -0.5678 -0.5164 0.6411
vn 0.0430 -0.4501 0.8920
vn 0.0339 -0.4421 0.8963
vn 0.0248 -0.4340 0.9006
vn 0.1522 0.1181 0.9813
vn 0.0124 -0.4312 0.9022
vn -0.1521 -0.8827 0.4446
vn -0.0000 -0.4282 0.9037
vn -0.4157 -0.0158 0.9093
vn -0.5091 -0.1233 0.8519
vn -0.5680 -0.2481 0.7848
vn -0.5680 -0.5163 0.6409
vn -0.0464 -0.4830 0.8744
vn -0.5091 -0.6413 0.5740
vn -0.0432 -0.4939 0.8684
vn 0.5090 -0.1234 0.8519
vn -0.2938 -0.8309 0.4726
vn -0.0248 -0.5099 0.8599
vn -0.1522 -0.8828 0.4445
vn 0.1521 0.1183 0.9813
vn -0.0000 -0.9003 0.4352
vn 0.1522 -0.8828 0.4445
vn 0.0124 -0.5129 0.8584
vn -0.1521 0.1183 0.9813
vn 0.2938 -0.8309 0.4725
vn 0.0248 -0.5099 0.8599
vn 0.4158 -0.7487 0.5164
vn 0.5091 -0.6413 0.5741
vn 0.0431 -0.4939 0.8684
vn 0.5680 -0.5164 0.6409
vn -0.5678 -0.2482 0.7848
vn 0.0463 -0.4611 0.8861
vn 0.0497 -0.4720 0.8802
vn 0.0430 -0.4501 0.8919
vn -0.2939 -0.8308 0.4726
vn -0.0125 -0.4311 0.9022
vn 0.1522 -0.8827 0.4447
vn -0.0248 -0.4340 0.9006
vn 0.2938 -0.8308 0.4726
vn -0.0431 -0.4501 0.8919
vn -0.5677 -0.2483 0.7849
vn -0.0463 -0.4611 0.8861
vn -0.5875 -0.3824 0.7132
vn -0.0496 -0.4720 0.8802
vn -0.5680 -0.5164 0.6409
vn -0.5088 -0.6413 0.5743
vn 0.5089 -0.1234 0.8520
vn -0.0340 -0.5019 0.8643
vn -0.2938 -0.8308 0.4727
vn 0.1522 0.1182 0.9813
vn -0.0000 -0.9003 0.4354
vn -0.0000 -0.5157 0.8567
vn 0.0248 -0.5098 0.8599
vn 0.0340 -0.5019 0.8643
vn 0.0430 -0.4938 0.8685
vn 0.0464 -0.4830 0.8744
vn 0.0463 -0.4611 0.8862
vn -0.5877 -0.3824 0.7130
vn -0.5091 -0.6413 0.5741
vn 0.4157 -0.0159 0.9093
vn 0.0340 -0.4421 0.8963
vn -0.4157 -0.7486 0.5164
vn 0.0125 -0.4311 0.9022
vn -0.0340 -0.4421 0.8963
vn -0.0463 -0.4610 0.8862
vn 0.5877 -0.3824 0.7130
vn -0.5090 -0.6413 0.5742
vn -0.4156 -0.7485 0.5167
vn 0.0340 -0.5020 0.8642
vn 0.5876 -0.3823 0.7131
vn -0.5678 -0.5163 0.6411
vn 0.5088 -0.1235 0.8520
vn 0.4156 -0.0160 0.9094
vn -0.4156 -0.7486 0.5166
vn 0.2938 0.0661 0.9536
vn 0.0248 -0.4341 0.9005
vn -0.0000 0.1354 0.9908
vn -0.1521 0.1181 0.9813
vn 0.1523 -0.8828 0.4443
vn -0.2938 0.0661 0.9536
vn -0.0248 -0.4341 0.9005
vn -0.4156 -0.0161 0.9094
vn -0.0339 -0.4422 0.8963
vn 0.4156 -0.7486 0.5165
vn -0.0431 -0.4501 0.8920
vn 0.5678 -0.5163 0.6411
vn -0.5876 -0.3823 0.7131
vn -0.0497 -0.4719 0.8802
vn -0.0339 -0.5019 0.8642
vn -0.0249 -0.5099 0.8598
vn -0.1521 -0.8828 0.4445
vn -0.0000 -0.9003 0.4353
vn -0.0000 0.1357 0.9907
vn 0.1522 -0.8827 0.4445
vn -0.1522 0.1183 0.9813
vn 0.0249 -0.5100 0.8598
vn -0.4157 -0.0160 0.9094
vn 0.4158 -0.0159 0.9093
vn -0.4158 -0.7487 0.5164
vn -0.2939 -0.8309 0.4726
vn -0.1523 -0.8828 0.4444
vn -0.0124 -0.4312 0.9022
vn -0.0339 -0.4421 0.8963
vn 0.5679 -0.5163 0.6411
vn -0.4157 -0.7487 0.5164
vn -0.0340 -0.5017 0.8644
vn 0.1522 0.1185 0.9812
vn -0.0000 0.1359 0.9907
vn -0.1522 0.1185 0.9812
vn 0.0341 -0.5020 0.8642
vn -0.4156 -0.0160 0.9094
vn 0.5877 -0.3824 0.7131
vn 0.0463 -0.4610 0.8862
vn 0.2939 0.0661 0.9535
vn 0.0250 -0.4340 0.9006
vn 0.1522 -0.8828 0.4444
vn -0.2939 0.0662 0.9535
vn -0.0250 -0.4340 0.9006
vn 0.2939 -0.8310 0.4723
vn -0.0430 -0.4501 0.8920
vn -0.5877 -0.3824 0.7131
vn 0.5678 -0.2483 0.7848
vn -0.0430 -0.4938 0.8685
vn -0.4156 -0.7486 0.5165
vn -0.0124 -0.5129 0.8583
vn 0.0124 -0.5129 0.8583
vn 0.0338 -0.5018 0.8643
vn 0.5090 -0.6412 0.5742
vn 0.0431 -0.4938 0.8685
vn -0.0000 0.2131 0.9770
vn -0.0000 0.4638 0.8859
vn -0.0000 0.4029 0.9152
vn -0.0000 -0.2139 0.9769
vn -0.0000 -0.4030 0.9152
vn -0.0000 -0.4626 0.8866
vn 0.9397 0.3419 -0.0000
vn 0.7660 0.6428 -0.0000
vn 0.5000 0.8660 -0.0000
vn 0.1737 0.9848 -0.0000
vn -0.1737 0.9848 -0.0000
vn -0.5000 0.8660 -0.0000
vn -0.7660 0.6428 -0.0000
vn -0.9397 0.3419 -0.0000
vn -0.9397 -0.3420 -0.0000
vn -0.7660 -0.6428 -0.0000
vn -0.5000 -0.8660 -0.0000
vn -0.1737 -0.9848 -0.0000
vn 0.1737 -0.9848 -0.0000
vn 0.5000 -0.8660 -0.0000
vn 0.7660 -0.6428 -0.0000
vn 0.9397 -0.3420 -0.0000
vn 0.9247 -0.0000 0.3806
vn 0.8689 0.3162 0.3808
vn 0.6453 0.2348 0.7270
vn 0.6867 -0.0000 0.7269
vn 0.7083 0.5943 0.3810
vn 0.5259 0.4412 0.7271
vn 0.4623 0.8007 0.3810
vn 0.3433 0.5948 0.7269
vn 0.1606 0.9106 0.3808
vn 0.1192 0.6762 0.7270
vn -0.1607 0.9104 0.3811
vn -0.1192 0.6762 0.7271
vn -0.4623 0.8007 0.3811
vn -0.3433 0.5947 0.7270
vn -0.7083 0.5943 0.3810
vn -0.5259 0.4412 0.7272
vn -0.8689 0.3162 0.3808
vn -0.6450 0.2348 0.7272
vn -0.9247 -0.0000 0.3806
vn -0.6867 -0.0000 0.7269
vn -0.8688 -0.3163 0.3810
vn -0.6452 -0.2346 0.7271
vn -0.7084 -0.5944 0.3807
vn -0.5258 -0.4412 0.7272
vn -0.4623 -0.8007 0.3811
vn -0.3432 -0.5945 0.7272
vn -0.1607 -0.9104 0.3811
vn -0.1191 -0.6759 0.7273
vn 0.1608 -0.9106 0.3808
vn 0.1192 -0.6761 0.7271
vn 0.4625 -0.8008 0.3805
vn 0.3433 -0.5949 0.7268
vn 0.7082 -0.5944 0.3809
vn 0.5260 -0.4413 0.7271
vn 0.8688 -0.3163 0.3810
vn 0.6452 -0.2346 0.7271
vn 0.4037 -0.0000 0.9149
vn 0.3794 0.1381 0.9148
vn 0.3092 0.2595 0.9149
vn 0.2019 0.3496 0.9149
vn 0.0701 0.3978 0.9148
vn -0.0701 0.3978 0.9148
vn -0.2019 0.3497 0.9148
vn -0.3094 0.2597 0.9148
vn -0.3794 0.1381 0.9149
vn -0.4037 -0.0000 0.9149
vn -0.3795 -0.1381 0.9148
vn -0.3094 -0.2596 0.9148
vn -0.2018 -0.3497 0.9149
vn -0.0699 -0.3974 0.9150
vn 0.0700 -0.3974 0.9150
vn 0.2018 -0.3493 0.9150
vn 0.3092 -0.2594 0.9149
vn 0.3795 -0.1381 0.9148
vn -0.1873 -0.0000 0.9823
vn -0.1760 -0.0641 0.9823
vn -0.3861 -0.1405 0.9117
vn -0.4106 -0.0000 0.9118
vn -0.1434 -0.1204 0.9823
vn -0.3147 -0.2640 0.9117
vn -0.0938 -0.1626 0.9822
vn -0.2053 -0.3556 0.9118
vn -0.0325 -0.1845 0.9823
vn -0.0714 -0.4044 0.9118
vn 0.0327 -0.1848 0.9822
vn 0.0714 -0.4044 0.9118
vn 0.0937 -0.1622 0.9823
vn 0.2053 -0.3556 0.9118
vn 0.1434 -0.1204 0.9823
vn 0.3144 -0.2639 0.9119
vn 0.1763 -0.0642 0.9822
vn 0.3861 -0.1405 0.9117
vn 0.1873 -0.0000 0.9823
vn 0.4106 -0.0000 0.9118
vn 0.1760 0.0641 0.9823
vn 0.3861 0.1405 0.9117
vn 0.1434 0.1204 0.9823
vn 0.3145 0.2639 0.9118
vn 0.0938 0.1626 0.9822
vn 0.2055 0.3559 0.9117
vn 0.0325 0.1845 0.9823
vn 0.0714 0.4044 0.9118
vn -0.0325 0.1845 0.9823
vn -0.0714 0.4044 0.9118
vn -0.0938 0.1626 0.9822
vn -0.2053 0.3556 0.9118
vn -0.1434 0.1204 0.9823
vn -0.3144 0.2639 0.9119
vn -0.1760 0.0641 0.9823
vn -0.3862 0.1405 0.9116
vn -0.2326 -0.0000 0.9726
vn -0.2183 -0.0794 0.9726
vn -0.1781 -0.1494 0.9726
vn -0.1162 -0.2014 0.9726
vn -0.0403 -0.2290 0.9726
vn 0.0403 -0.2290 0.9726
vn 0.1161 -0.2011 0.9727
vn 0.1778 -0.1492 0.9727
vn 0.2183 -0.0794 0.9726
vn 0.2326 -0.0000 0.9726
vn 0.2186 0.0796 0.9726
vn 0.1781 0.1494 0.9726
vn 0.1163 0.2015 0.9726
vn 0.0403 0.2288 0.9726
vn -0.0403 0.2288 0.9726
vn -0.1161 0.2012 0.9726
vn -0.1781 0.1494 0.9726
vn -0.2182 0.0794 0.9727
vn 0.6452 0.2348 0.7271
vn 0.6866 -0.0000 0.7270
vn 0.5259 0.4413 0.7271
vn 0.3433 0.5949 0.7268
vn 0.1194 0.6762 0.7270
vn -0.1194 0.6762 0.7270
vn -0.3433 0.5949 0.7268
vn -0.5258 0.4412 0.7272
vn -0.6451 0.2348 0.7271
vn -0.6866 -0.0000 0.7270
vn -0.6451 -0.2348 0.7271
vn -0.5260 -0.4414 0.7270
vn -0.3431 -0.5946 0.7272
vn -0.1193 -0.6760 0.7271
vn 0.1192 -0.6760 0.7272
vn 0.3434 -0.5946 0.7270
vn 0.5260 -0.4413 0.7270
vn 0.6452 -0.2348 0.7270
vn -0.3860 -0.1405 0.9117
vn -0.4112 -0.0000 0.9115
vn -0.3150 -0.2643 0.9116
vn -0.2056 -0.3561 0.9116
vn -0.0714 -0.4050 0.9115
vn 0.0713 -0.4047 0.9117
vn 0.2056 -0.3561 0.9116
vn 0.3150 -0.2643 0.9116
vn 0.3860 -0.1405 0.9117
vn 0.4109 -0.0000 0.9117
vn 0.3860 0.1405 0.9117
vn 0.3150 0.2643 0.9116
vn 0.0714 0.4048 0.9116
vn -0.0714 0.4046 0.9117
vn -0.2056 0.3562 0.9115
vn -0.3150 0.2643 0.9116
vn -0.3860 0.1405 0.9117
vn 0.9397 0.3420 -0.0000
vn 0.8314 0.3026 0.4661
vn 0.8846 -0.0000 0.4664
vn 0.6779 0.5687 0.4659
vn 0.4423 0.7661 0.4663
vn 0.1536 0.8712 0.4663
vn -0.1536 0.8712 0.4663
vn -0.4423 0.7661 0.4663
vn -0.6778 0.5687 0.4660
vn -0.9397 0.3420 -0.0000
vn -0.8313 0.3025 0.4664
vn -0.8846 -0.0000 0.4664
vn -0.9397 -0.3421 -0.0000
vn -0.8314 -0.3026 0.4661
vn -0.7662 -0.6426 -0.0000
vn -0.6779 -0.5687 0.4659
vn -0.4424 -0.7661 0.4663
vn -0.1536 -0.8712 0.4663
vn 0.1536 -0.8712 0.4663
vn 0.4424 -0.7661 0.4663
vn 0.7662 -0.6426 -0.0000
vn 0.6779 -0.5687 0.4659
vn 0.9397 -0.3421 -0.0000
vn 0.8312 -0.3026 0.4664
vn 0.2819 0.1026 0.9539
vn 0.3000 -0.0000 0.9539
vn 0.2299 0.1929 0.9539
vn 0.1500 0.2598 0.9539
vn 0.0520 0.2951 0.9540
vn -0.0521 0.2954 0.9539
vn -0.1499 0.2595 0.9540
vn -0.2299 0.1929 0.9539
vn -0.2819 0.1026 0.9539
vn -0.3001 -0.0000 0.9539
vn -0.2821 -0.1026 0.9539
vn -0.2296 -0.1927 0.9540
vn -0.1499 -0.2596 0.9540
vn -0.0521 -0.2954 0.9539
vn 0.0521 -0.2955 0.9539
vn 0.1499 -0.2596 0.9540
vn 0.2296 -0.1927 0.9540
vn 0.2820 -0.1026 0.9539
vn -0.7314 0.6532 0.1960
vn -0.6124 0.7071 0.3536
vn -0.3962 0.6100 0.6863
vn 0.3962 0.6100 0.6862
vn 0.6124 0.7071 0.3535
vn -0.8660 -0.0000 0.5000
vn -0.5000 -0.0000 0.8660
vn 0.5000 -0.0000 0.8660
vn 0.7206 0.5547 -0.4160
vn 0.8660 -0.0000 0.5000
vn 0.8661 -0.0000 -0.4999
vn -0.3962 0.6100 -0.6863
vn -0.4999 -0.0000 -0.8661
vn -0.5774 0.5774 -0.5774
vn 0.6160 0.7703 -0.1651
vn 0.6122 0.7072 -0.3537
vn 0.8659 -0.0000 -0.5002
vn 0.9659 -0.0000 -0.2588
vn 0.2723 0.8386 -0.4719
vn 0.4998 -0.0000 -0.8662
vn -0.2724 0.8387 -0.4715
vn -0.6125 0.7070 -0.3534
vn -0.8661 -0.0000 -0.4998
vn -0.5002 -0.0000 -0.8659
vn 0.6160 -0.7703 -0.1650
vn -0.7314 -0.6532 0.1960
vn -0.9659 -0.0000 0.2588
vn 0.6122 -0.7072 -0.3537
vn 0.2723 -0.8386 -0.4719
vn -0.2724 -0.8387 -0.4716
vn -0.6123 -0.7071 -0.3537
vn -0.3962 -0.6100 0.6863
vn -0.6124 -0.7071 0.3536
vn 0.3962 -0.6100 0.6862
vn 0.7206 -0.5547 -0.4160
vn 0.6123 -0.7071 0.3536
vn -0.6123 0.7071 -0.3536
vn 0.5774 0.5774 -0.5774
vn 0.6124 -0.7071 0.3535
vn -0.3961 -0.6100 -0.6863
vn -0.5774 -0.5774 -0.5774
vn -0.6123 -0.7071 -0.3536
vn -0.8660 -0.0000 -0.5001
vn 0.5774 -0.5774 -0.5774
vn -0.0000 0.4909 0.8712
vn -0.0000 -0.6429 0.7659
vn -0.0000 -0.9849 0.1733
vn -0.0000 -0.1274 0.9919
vn -0.0000 0.1081 0.9941
vn -0.0000 0.9909 0.1349
vn -0.0000 0.6577 0.7533
vn -0.0000 -0.3331 0.9429
vn -0.0000 -0.4505 0.8928
vn -0.0000 0.5822 0.8131
vn -0.0000 -0.1273 0.9919
vn -0.0000 0.9908 0.1350
vn -0.0000 0.5821 0.8131
vn -0.0000 0.4907 0.8713
vn -0.0000 -0.6429 0.7660
vn -0.0000 -0.9849 0.1734
vn -0.0000 0.5820 0.8132
vn 0.7071 -0.7069 0.0145
vn 0.8403 -0.4620 0.2836
vn 0.6651 -0.2815 0.6917
vn 0.6167 -0.6885 0.3818
vn 0.7038 -0.6990 0.1268
vn 0.8121 -0.4858 0.3233
vn 0.7063 -0.7077 0.0171
vn 0.7515 -0.2409 0.6142
vn 0.6567 -0.6831 0.3197
vn 0.6215 -0.3354 0.7080
vn 0.7071 -0.3329 0.6238
vn 0.7071 0.0032 0.7071
vn -0.0000 -0.9998 0.0205
vn -0.0000 -0.8522 0.5232
vn -0.0000 -0.3769 0.9263
vn -0.0000 -0.8746 0.4849
vn -0.0000 -0.9839 0.1785
vn -0.0000 -0.8325 0.5540
vn 0.7953 -0.2854 0.5348
vn -0.0001 -0.4708 0.8822
vn -0.0001 -0.4707 0.8823
vn -0.0000 -0.4708 0.8822
vn -0.0000 -0.9997 0.0242
vn -0.0000 -0.3652 0.9309
vn -0.0000 -0.9057 0.4240
vn -0.0000 0.0045 1.0000
vn -0.0000 0.0046 1.0000
vn -0.7071 -0.7069 0.0145
vn -0.8403 -0.4620 0.2836
vn -0.6651 -0.2815 0.6917
vn -0.6167 -0.6885 0.3818
vn -0.7038 -0.6990 0.1268
vn -0.8121 -0.4858 0.3233
vn -0.7063 -0.7077 0.0171
vn -0.7515 -0.2409 0.6142
vn -0.6567 -0.6831 0.3197
vn -0.6215 -0.3354 0.7080
vn -0.7071 -0.3329 0.6238
vn -0.7071 0.0032 0.7071
vn -0.0000 -0.8325 0.5541
vn -0.7953 -0.2854 0.5348
vn 0.0001 -0.4707 0.8823
vn 0.0001 -0.4708 0.8822
vn -0.0000 -0.9057 0.4239
vn -0.5774 -0.7812 0.2376
vn -0.0000 -0.9567 0.2910
vn -0.0000 -0.4708 0.8823
vn -0.0000 -0.4715 0.8819
vn -0.0000 -0.9997 0.0241
vn 0.5796 0.5885 0.5637
vn -0.0000 0.7222 0.6917
vn 0.5774 0.5774 0.5774
vn -0.5796 0.5885 0.5637
vn -0.5774 0.5774 0.5774
vn 0.7028 0.0169 0.7112
vn -0.0000 0.0238 0.9997
vn -0.7028 0.0169 0.7112
vn -0.0000 -0.4706 0.8823
vn -0.0000 -0.4716 0.8818
vn -0.0000 -0.4704 0.8824
vn -0.0000 -0.4707 0.8823
vn 0.7071 -0.6239 -0.3329
vn 0.7071 -0.6238 -0.3329
vn -0.0000 0.8823 0.4708
vn -0.0000 0.8822 0.4708
vn 0.7071 0.6238 0.3329
vn 0.7071 0.6239 0.3329
vn -0.7071 0.6238 0.3329
vn -0.7071 0.6239 0.3329
vn -0.0000 -0.8822 -0.4708
vn -0.0000 -0.8823 -0.4708
vn -0.7071 -0.6239 -0.3329
vn -0.7071 -0.6238 -0.3329
vn 0.5774 0.2375 0.7812
vn -0.0000 0.2909 0.9568
vn 0.5774 -0.7812 0.2376
vn -0.5773 0.2375 0.7812
vn 0.3015 -0.6919 0.6560
vn 0.3015 -0.1599 0.9399
vn -0.3015 -0.1599 0.9400
vn -0.0000 -0.9568 0.2908
vn -0.3015 -0.6919 0.6560
vn -0.5773 0.5774 -0.5773
vn 0.5774 0.5773 0.5773
vn 0.7071 0.7071 -0.0001
vn 0.9487 0.3162 -0.0000
vn 0.3016 0.9045 0.3015
vn 0.0001 1.0000 -0.0000
vn 0.0001 1.0000 -0.0001
vn 0.0001 0.7072 0.7070
vn 0.7072 0.7071 -0.0000
vn 0.5773 0.5774 -0.5773
vn -0.5774 0.5773 0.5773
vn -0.7071 0.7071 -0.0001
vn -0.9487 0.3162 -0.0000
vn -0.3016 0.9045 0.3015
vn -0.0001 1.0000 -0.0000
vn -0.0001 0.7072 0.7070
vn -0.0001 1.0000 -0.0001
vn -0.7072 0.7071 -0.0000
vn -0.8361 -0.0000 0.5486
vn -0.8360 -0.0000 -0.5488
vn -0.8360 -0.0000 0.5487
vn -0.3981 -0.0000 0.9174
vn -0.3976 -0.0000 -0.9176
vn -0.8359 -0.0000 -0.5488
vn 0.8361 -0.0000 0.5486
vn 0.8360 -0.0000 -0.5488
vn 0.8360 -0.0000 0.5487
vn 0.3981 -0.0000 0.9174
vn 0.3976 -0.0000 -0.9176
vn 0.8359 -0.0000 -0.5488
vn -0.8360 -0.0000 0.5488
vn -0.8359 -0.0000 -0.5490
vn -0.8358 -0.0000 0.5490
vn -0.3978 -0.0000 0.9175
vn -0.3978 -0.0000 -0.9175
vn 0.8360 -0.0000 0.5488
vn 0.8359 -0.0000 -0.5490
vn 0.8358 -0.0000 0.5490
vn 0.3978 -0.0000 0.9175
vn 0.3978 -0.0000 -0.9175
vn -0.5333 -0.5329 0.6570
vn -0.5333 -0.5329 -0.6570
vn -0.8943 0.0007 -0.4474
vn -0.8943 0.0010 0.4474
vn 0.8569 0.0005 0.5155
vn 0.8569 0.0004 -0.5155
vn 0.8740 0.0005 -0.4860
vn 0.8740 0.0006 0.4860
vn -0.0000 -0.8944 0.4473
vn -0.0000 -0.8944 -0.4473
vn -0.8569 0.0009 -0.5155
vn -0.5992 -0.0000 -0.8006
vn -0.4683 -0.0000 -0.8836
vn -0.5992 -0.0000 0.8006
vn -0.3311 -0.3310 0.8836
vn 0.4962 -0.5412 -0.6788
vn 0.5275 -0.0000 -0.8496
vn 0.3129 -0.2984 -0.9017
vn 0.5275 -0.0000 0.8496
vn 0.4683 -0.0000 0.8836
vn 0.4962 -0.5412 0.6788
vn -0.0000 -0.5998 0.8001
vn 0.3129 -0.2984 0.9017
vn -0.0000 -0.5998 -0.8001
vn -0.3311 -0.3310 -0.8836
vn -0.8569 0.0008 0.5155
vn -0.4683 -0.0000 0.8836
vn 0.4683 -0.0000 -0.8836
vn 0.3015 -0.3015 0.9045
vn -0.3015 -0.3015 0.9045
vn -0.0000 0.0587 0.9983
vn -0.0000 0.4099 0.9121
vn -0.0000 0.9181 0.3963
vn -0.0000 0.9995 0.0301
vn -0.0000 -0.3827 0.9239
vn -0.0000 -0.9239 0.3827
vn -0.5774 -0.5774 0.5774
vn 0.5774 -0.5774 0.5774
vt 0.839700 0.587100
vt 0.998400 0.587100
vt 0.998400 0.972400
vt 0.839700 0.972400
vt 0.655100 0.796000
vt 0.655100 0.797700
vt 0.642800 0.797700
vt 0.642800 0.796000
vt 0.351800 0.906800
vt 0.378800 0.906800
vt 0.378800 0.910600
vt 0.351800 0.910600
vt 0.969900 0.999500
vt 0.956500 0.999500
vt 0.956500 0.974900
vt 0.969900 0.974900
vt 0.551100 0.953100
vt 0.564500 0.953100
vt 0.564500 0.977600
vt 0.551100 0.977600
vt 0.405800 0.906800
vt 0.432000 0.906800
vt 0.432000 0.910600
vt 0.405800 0.910600
vt 0.351900 0.917300
vt 0.324700 0.917300
vt 0.324700 0.913900
vt 0.351900 0.913900
vt 0.943100 0.999500
vt 0.930000 0.993700
vt 0.930000 0.974900
vt 0.943100 0.974900
vt 0.983400 0.974900
vt 0.983400 0.993500
vt 0.577900 0.953100
vt 0.591000 0.958900
vt 0.591000 0.977600
vt 0.577900 0.977600
vt 0.538000 0.977600
vt 0.538000 0.958900
vt 0.655100 0.798900
vt 0.642800 0.798900
vt 0.405900 0.913900
vt 0.405900 0.917300
vt 0.378900 0.917300
vt 0.378900 0.913900
vt 0.464300 0.913900
vt 0.464300 0.917300
vt 0.463600 0.917300
vt 0.463600 0.913900
vt 0.838400 0.585200
vt 0.837400 0.585200
vt 0.837400 0.583400
vt 0.838400 0.583400
vt 0.460900 0.906800
vt 0.461700 0.906800
vt 0.461700 0.910600
vt 0.460900 0.910600
vt 0.915700 0.987400
vt 0.915300 0.987200
vt 0.915300 0.974900
vt 0.915700 0.974900
vt 0.523700 0.977600
vt 0.523300 0.977600
vt 0.523300 0.965400
vt 0.523700 0.965200
vt 0.461100 0.917300
vt 0.458500 0.917300
vt 0.458500 0.913900
vt 0.461100 0.913900
vt 0.295400 0.917300
vt 0.293500 0.917300
vt 0.293500 0.913900
vt 0.295400 0.913900
vt 0.997900 0.974900
vt 0.998900 0.974900
vt 0.998900 0.986700
vt 0.997900 0.987100
vt 0.605900 0.965500
vt 0.606900 0.965900
vt 0.606900 0.977600
vt 0.605900 0.977600
vt 0.295400 0.906800
vt 0.299300 0.906800
vt 0.299300 0.910600
vt 0.295400 0.910600
vt 0.655100 0.970600
vt 0.655100 0.972400
vt 0.642800 0.972400
vt 0.642800 0.970600
vt 0.293500 0.910600
vt 0.293500 0.906800
vt 0.644300 0.592000
vt 0.645800 0.592000
vt 0.645800 0.592700
vt 0.644300 0.592700
vt 0.550100 0.924500
vt 0.563500 0.924500
vt 0.563500 0.925500
vt 0.550100 0.925500
vt 0.522700 0.936600
vt 0.523900 0.936100
vt 0.523900 0.937100
vt 0.522700 0.937700
vt 0.577000 0.924500
vt 0.590500 0.930500
vt 0.590500 0.931500
vt 0.577000 0.925500
vt 0.466200 0.801500
vt 0.467200 0.801500
vt 0.467200 0.802600
vt 0.466200 0.802600
vt 0.641200 0.799900
vt 0.639800 0.799900
vt 0.639800 0.798800
vt 0.641200 0.798800
vt 0.550900 0.938400
vt 0.564400 0.938400
vt 0.564400 0.939500
vt 0.550900 0.939500
vt 0.577800 0.938400
vt 0.590900 0.944200
vt 0.590900 0.945300
vt 0.577800 0.939500
vt 0.522900 0.950900
vt 0.524800 0.950000
vt 0.524800 0.951000
vt 0.522900 0.951900
vt 0.655100 0.969200
vt 0.642800 0.969200
vt 0.837000 0.592000
vt 0.837000 0.592700
vt 0.467500 0.799900
vt 0.467500 0.798800
vt 0.458300 0.906800
vt 0.458300 0.910600
vt 0.525000 0.977600
vt 0.525000 0.964600
vt 0.603900 0.950000
vt 0.605200 0.950600
vt 0.605200 0.951600
vt 0.603900 0.951100
vt 0.838400 0.592000
vt 0.838400 0.592700
vt 0.466200 0.799900
vt 0.466200 0.798800
vt 0.917000 0.987900
vt 0.917000 0.974900
vt 0.432200 0.917300
vt 0.432200 0.913900
vt 0.537000 0.930300
vt 0.537000 0.931300
vt 0.297500 0.917300
vt 0.297500 0.913900
vt 0.996900 0.974900
vt 0.996900 0.987600
vt 0.604000 0.936400
vt 0.605000 0.936900
vt 0.605000 0.937900
vt 0.604000 0.937500
vt 0.645600 0.585200
vt 0.645600 0.583400
vt 0.639900 0.801500
vt 0.639900 0.802600
vt 0.644200 0.585200
vt 0.644200 0.583400
vt 0.641200 0.801500
vt 0.641200 0.802600
vt 0.604000 0.964600
vt 0.604000 0.977600
vt 0.325500 0.906800
vt 0.325500 0.910600
vt 0.537900 0.944200
vt 0.537900 0.945300
vt 0.577000 0.936700
vt 0.563500 0.936700
vt 0.523900 0.948300
vt 0.522700 0.948800
vt 0.604000 0.948600
vt 0.590500 0.942700
vt 0.467200 0.814400
vt 0.466200 0.814400
vt 0.639800 0.787000
vt 0.641200 0.787000
vt 0.577800 0.950600
vt 0.564400 0.950600
vt 0.603900 0.962200
vt 0.590900 0.956400
vt 0.524800 0.962200
vt 0.522900 0.963100
vt 0.467500 0.787000
vt 0.605200 0.962800
vt 0.466200 0.787000
vt 0.550100 0.936700
vt 0.537000 0.942500
vt 0.605000 0.949100
vt 0.639900 0.814400
vt 0.641200 0.814400
vt 0.550900 0.950600
vt 0.537900 0.956400
vt 0.461900 0.917300
vt 0.461900 0.913900
vt 0.463400 0.906800
vt 0.464100 0.906800
vt 0.464100 0.910600
vt 0.463400 0.910600
vt 0.914400 0.986800
vt 0.914100 0.986700
vt 0.914100 0.974900
vt 0.914400 0.974900
vt 0.522500 0.977600
vt 0.522100 0.977600
vt 0.522100 0.965900
vt 0.522500 0.965700
vt 0.645800 0.594200
vt 0.644300 0.594200
vt 0.837000 0.594200
vt 0.838400 0.594200
vt 0.645800 0.594800
vt 0.644300 0.594800
vt 0.837000 0.594800
vt 0.838400 0.594800
vt 0.479000 0.125600
vt 0.478000 0.125600
vt 0.478000 0.001100
vt 0.479000 0.001100
vt 0.470600 0.125600
vt 0.470300 0.125600
vt 0.470300 0.001100
vt 0.470600 0.001100
vt 0.470900 0.125600
vt 0.470900 0.001100
vt 0.484200 0.125600
vt 0.484200 0.001100
vt 0.485700 0.125600
vt 0.485700 0.001100
vt 0.469100 0.125600
vt 0.467600 0.125600
vt 0.467600 0.001100
vt 0.469100 0.001100
vt 0.460000 0.125600
vt 0.459000 0.125600
vt 0.459000 0.001100
vt 0.460000 0.001100
vt 0.451600 0.125600
vt 0.451300 0.125600
vt 0.451300 0.001100
vt 0.451600 0.001100
vt 0.451900 0.125600
vt 0.451900 0.001100
vt 0.465200 0.125600
vt 0.465200 0.001100
vt 0.466600 0.125600
vt 0.466600 0.001100
vt 0.450000 0.125600
vt 0.448600 0.125600
vt 0.448600 0.001100
vt 0.450000 0.001100
vt 0.478900 0.251000
vt 0.477900 0.251000
vt 0.477900 0.126500
vt 0.478900 0.126500
vt 0.470400 0.251000
vt 0.470100 0.251000
vt 0.470100 0.126500
vt 0.470400 0.126500
vt 0.470700 0.251000
vt 0.470700 0.126500
vt 0.484000 0.251000
vt 0.484000 0.126500
vt 0.485500 0.251000
vt 0.485500 0.126500
vt 0.468900 0.251000
vt 0.467400 0.251000
vt 0.467400 0.126500
vt 0.468900 0.126500
vt 0.460000 0.250600
vt 0.459000 0.250600
vt 0.459000 0.126100
vt 0.460000 0.126100
vt 0.451600 0.250600
vt 0.451300 0.250600
vt 0.451300 0.126100
vt 0.451600 0.126100
vt 0.451900 0.250600
vt 0.451900 0.126100
vt 0.465200 0.250600
vt 0.465200 0.126100
vt 0.466700 0.250600
vt 0.466700 0.126100
vt 0.450100 0.250600
vt 0.448600 0.250600
vt 0.448600 0.126100
vt 0.450100 0.126100
vt 0.478700 0.376600
vt 0.477700 0.376600
vt 0.477700 0.252000
vt 0.478700 0.252000
vt 0.470300 0.376600
vt 0.470000 0.376600
vt 0.470000 0.252000
vt 0.470300 0.252000
vt 0.470600 0.376600
vt 0.470600 0.252000
vt 0.483900 0.376600
vt 0.483900 0.252000
vt 0.485300 0.376600
vt 0.485300 0.252000
vt 0.468800 0.376600
vt 0.467300 0.376600
vt 0.467300 0.252000
vt 0.468800 0.252000
vt 0.438800 0.592700
vt 0.439400 0.593400
vt 0.439400 0.597600
vt 0.438800 0.596900
vt 0.386100 0.399100
vt 0.385800 0.399600
vt 0.385800 0.395100
vt 0.386100 0.394600
vt 0.366300 0.410900
vt 0.366300 0.406100
vt 0.367800 0.406100
vt 0.367800 0.410900
vt 0.485100 0.561600
vt 0.485100 0.565300
vt 0.483600 0.565300
vt 0.483600 0.561600
vt 0.455800 0.606100
vt 0.455800 0.609700
vt 0.451400 0.609700
vt 0.451400 0.606100
vt 0.391300 0.013300
vt 0.391300 0.018100
vt 0.386900 0.018100
vt 0.386900 0.013300
vt 0.444600 0.599400
vt 0.445000 0.599800
vt 0.445000 0.603700
vt 0.444600 0.603300
vt 0.382200 0.405000
vt 0.381600 0.405500
vt 0.381600 0.400900
vt 0.382200 0.400400
vt 0.432100 0.416900
vt 0.432100 0.420200
vt 0.431200 0.419100
vt 0.431200 0.415700
vt 0.445900 0.013300
vt 0.445900 0.017800
vt 0.444800 0.016900
vt 0.444800 0.012400
vt 0.470000 0.571700
vt 0.470500 0.571200
vt 0.470500 0.737700
vt 0.470000 0.737100
vt 0.458900 0.578100
vt 0.463300 0.578100
vt 0.463300 0.730700
vt 0.458900 0.730700
vt 0.464200 0.578100
vt 0.464700 0.577600
vt 0.464700 0.731200
vt 0.464200 0.730700
vt 0.434300 0.418200
vt 0.435300 0.417100
vt 0.435300 0.580000
vt 0.434300 0.578900
vt 0.470000 0.568300
vt 0.470500 0.567700
vt 0.458900 0.575000
vt 0.463300 0.575000
vt 0.464200 0.575000
vt 0.464700 0.574400
vt 0.382200 0.012300
vt 0.382200 0.007500
vt 0.382400 0.007800
vt 0.382400 0.012700
vt 0.366300 0.006600
vt 0.366300 0.001600
vt 0.367800 0.001600
vt 0.367800 0.006600
vt 0.391300 0.394600
vt 0.386900 0.394600
vt 0.375500 0.006600
vt 0.375500 0.001600
vt 0.376200 0.002200
vt 0.376200 0.007200
vt 0.445900 0.393900
vt 0.445900 0.398600
vt 0.444800 0.399600
vt 0.444800 0.394800
vt 0.455800 0.761300
vt 0.451400 0.761300
vt 0.450500 0.609700
vt 0.450500 0.761300
vt 0.450000 0.761900
vt 0.450000 0.609200
vt 0.429600 0.596900
vt 0.429600 0.592700
vt 0.431100 0.592700
vt 0.431100 0.596900
vt 0.434300 0.414400
vt 0.435300 0.413300
vt 0.382400 0.400100
vt 0.375500 0.406100
vt 0.376200 0.405500
vt 0.391300 0.399100
vt 0.386900 0.399100
vt 0.382600 0.404400
vt 0.382400 0.404700
vt 0.382600 0.399800
vt 0.445300 0.600200
vt 0.449500 0.604900
vt 0.449500 0.608600
vt 0.445300 0.604000
vt 0.469400 0.572400
vt 0.469700 0.572100
vt 0.469700 0.736800
vt 0.469400 0.736400
vt 0.469400 0.569000
vt 0.469700 0.568700
vt 0.382600 0.008100
vt 0.385400 0.012300
vt 0.385400 0.017100
vt 0.382600 0.013000
vt 0.385400 0.395600
vt 0.443700 0.598300
vt 0.444200 0.598800
vt 0.444200 0.602800
vt 0.443700 0.602200
vt 0.381100 0.406000
vt 0.376200 0.410300
vt 0.381100 0.401400
vt 0.471000 0.567200
vt 0.475300 0.562300
vt 0.475300 0.565900
vt 0.471000 0.570600
vt 0.381100 0.006500
vt 0.381600 0.007000
vt 0.381600 0.011800
vt 0.381100 0.011400
vt 0.375500 0.410900
vt 0.475900 0.561600
vt 0.475900 0.565300
vt 0.439400 0.773400
vt 0.438800 0.774100
vt 0.374700 0.406100
vt 0.374700 0.410900
vt 0.476700 0.565300
vt 0.476700 0.561600
vt 0.374700 0.001600
vt 0.374700 0.006600
vt 0.438000 0.592700
vt 0.438000 0.596900
vt 0.385400 0.400200
vt 0.465200 0.577000
vt 0.465200 0.731800
vt 0.465200 0.573800
vt 0.450000 0.605500
vt 0.385800 0.012800
vt 0.385800 0.017600
vt 0.451000 0.609700
vt 0.451000 0.606100
vt 0.386500 0.018100
vt 0.386500 0.013300
vt 0.463700 0.578100
vt 0.463700 0.730700
vt 0.463700 0.575000
vt 0.386500 0.394600
vt 0.451000 0.761300
vt 0.386500 0.399100
vt 0.421800 0.408200
vt 0.420400 0.406600
vt 0.420400 0.402700
vt 0.421800 0.404400
vt 0.434200 0.007700
vt 0.432500 0.006300
vt 0.432500 0.001600
vt 0.434200 0.003000
vt 0.444600 0.406300
vt 0.446100 0.404600
vt 0.446100 0.592500
vt 0.444600 0.590800
vt 0.434200 0.408900
vt 0.432500 0.410400
vt 0.432500 0.405300
vt 0.434200 0.403900
vt 0.444600 0.401900
vt 0.446100 0.400200
vt 0.445000 0.767400
vt 0.444600 0.767700
vt 0.444200 0.768300
vt 0.443700 0.768800
vt 0.450500 0.606100
vt 0.386100 0.013300
vt 0.386100 0.018100
vt 0.438800 0.778400
vt 0.439400 0.777600
vt 0.411900 0.013300
vt 0.411900 0.017800
vt 0.411600 0.017300
vt 0.411600 0.012800
vt 0.392100 0.001600
vt 0.393600 0.001600
vt 0.393600 0.006300
vt 0.392100 0.006300
vt 0.485100 0.747200
vt 0.483600 0.747200
vt 0.483600 0.743600
vt 0.485100 0.743600
vt 0.455800 0.764900
vt 0.451400 0.764900
vt 0.417100 0.399100
vt 0.412700 0.399100
vt 0.412700 0.394400
vt 0.417100 0.394400
vt 0.444600 0.771600
vt 0.445000 0.771300
vt 0.408000 0.007500
vt 0.408000 0.012100
vt 0.407400 0.011600
vt 0.407400 0.007000
vt 0.432100 0.585300
vt 0.431200 0.586400
vt 0.431200 0.583000
vt 0.432100 0.581900
vt 0.418000 0.013300
vt 0.419000 0.012400
vt 0.419000 0.016900
vt 0.418000 0.017800
vt 0.431100 0.774100
vt 0.429600 0.774100
vt 0.470500 0.741100
vt 0.470000 0.740500
vt 0.463300 0.733800
vt 0.458900 0.733800
vt 0.464700 0.734400
vt 0.464200 0.733800
vt 0.408000 0.400100
vt 0.408200 0.399800
vt 0.408200 0.404700
vt 0.408000 0.405000
vt 0.392100 0.405900
vt 0.393600 0.405900
vt 0.393600 0.410900
vt 0.392100 0.410900
vt 0.412700 0.017800
vt 0.417100 0.017800
vt 0.401300 0.405900
vt 0.402000 0.405300
vt 0.402000 0.410300
vt 0.401300 0.410900
vt 0.418000 0.393900
vt 0.419000 0.394800
vt 0.419000 0.399600
vt 0.418000 0.398600
vt 0.431100 0.778400
vt 0.429600 0.778400
vt 0.435300 0.583900
vt 0.434300 0.582800
vt 0.408200 0.012400
vt 0.401300 0.006300
vt 0.402000 0.007000
vt 0.412700 0.013300
vt 0.417100 0.013300
vt 0.408400 0.008100
vt 0.408400 0.012700
vt 0.408200 0.007800
vt 0.445300 0.770900
vt 0.445300 0.767000
vt 0.449500 0.762400
vt 0.449500 0.766100
vt 0.469400 0.739800
vt 0.469700 0.740200
vt 0.408400 0.404300
vt 0.408400 0.399500
vt 0.411200 0.395400
vt 0.411200 0.400100
vt 0.411200 0.016800
vt 0.443700 0.772800
vt 0.444200 0.772200
vt 0.406900 0.006500
vt 0.406900 0.011100
vt 0.402000 0.002200
vt 0.471000 0.738200
vt 0.475300 0.742900
vt 0.471000 0.741700
vt 0.475300 0.746500
vt 0.406900 0.406000
vt 0.406900 0.401100
vt 0.407400 0.400600
vt 0.407400 0.405500
vt 0.401300 0.001600
vt 0.475900 0.743600
vt 0.475900 0.747200
vt 0.400500 0.006300
vt 0.400500 0.001600
vt 0.476700 0.743600
vt 0.476700 0.747200
vt 0.438000 0.774100
vt 0.400500 0.410900
vt 0.400500 0.405900
vt 0.438000 0.778400
vt 0.411200 0.012300
vt 0.465200 0.735000
vt 0.450000 0.765500
vt 0.411600 0.394900
vt 0.411600 0.399600
vt 0.451000 0.764900
vt 0.412300 0.399100
vt 0.412300 0.394400
vt 0.463700 0.733800
vt 0.412300 0.017800
vt 0.412300 0.013300
vt 0.421800 0.593900
vt 0.421800 0.597700
vt 0.420400 0.599500
vt 0.420400 0.595600
vt 0.429700 0.007700
vt 0.429700 0.003000
vt 0.431400 0.001600
vt 0.431400 0.006300
vt 0.429700 0.408900
vt 0.429700 0.403900
vt 0.431400 0.405300
vt 0.431400 0.410400
vt 0.444600 0.595200
vt 0.446100 0.597000
vt 0.450500 0.764900
vt 0.411900 0.394400
vt 0.411900 0.399100
vt 0.766100 0.959900
vt 0.768000 0.955400
vt 0.768700 0.955600
vt 0.766800 0.960300
vt 0.769400 0.955800
vt 0.767400 0.960700
vt 0.768600 0.950600
vt 0.769400 0.950600
vt 0.770100 0.950600
vt 0.768000 0.945800
vt 0.768700 0.945600
vt 0.769400 0.945400
vt 0.766100 0.941300
vt 0.766800 0.940900
vt 0.767400 0.940500
vt 0.763100 0.937400
vt 0.763700 0.936900
vt 0.764200 0.936300
vt 0.759300 0.934400
vt 0.759600 0.933800
vt 0.760000 0.933100
vt 0.754800 0.932600
vt 0.755000 0.931800
vt 0.755200 0.931100
vt 0.749900 0.931900
vt 0.749900 0.931200
vt 0.749900 0.930400
vt 0.745100 0.932600
vt 0.744900 0.931800
vt 0.744700 0.931100
vt 0.740600 0.934400
vt 0.740200 0.933800
vt 0.739800 0.933100
vt 0.736700 0.937400
vt 0.736200 0.936900
vt 0.735700 0.936300
vt 0.733800 0.941300
vt 0.733100 0.940900
vt 0.732400 0.940500
vt 0.731900 0.945800
vt 0.731200 0.945600
vt 0.730400 0.945400
vt 0.731300 0.950600
vt 0.730500 0.950600
vt 0.729700 0.950600
vt 0.731900 0.955400
vt 0.731200 0.955600
vt 0.730400 0.955800
vt 0.733800 0.959900
vt 0.733100 0.960300
vt 0.732400 0.960700
vt 0.736700 0.963800
vt 0.736200 0.964300
vt 0.735700 0.964900
vt 0.740600 0.966800
vt 0.740200 0.967400
vt 0.739800 0.968100
vt 0.745100 0.968600
vt 0.744900 0.969400
vt 0.744700 0.970100
vt 0.749900 0.969300
vt 0.749900 0.970000
vt 0.749900 0.970800
vt 0.754800 0.968600
vt 0.755000 0.969400
vt 0.755200 0.970100
vt 0.759300 0.966800
vt 0.759600 0.967400
vt 0.760000 0.968100
vt 0.763100 0.963800
vt 0.763700 0.964300
vt 0.764200 0.964900
vt 0.768200 0.950700
vt 0.767600 0.955400
vt 0.766800 0.955200
vt 0.767400 0.950700
vt 0.766100 0.955000
vt 0.766700 0.950700
vt 0.765800 0.959800
vt 0.765100 0.959400
vt 0.764500 0.959000
vt 0.762900 0.963500
vt 0.762300 0.963000
vt 0.761800 0.962400
vt 0.759100 0.966400
vt 0.758700 0.965700
vt 0.758400 0.965100
vt 0.754700 0.968200
vt 0.754500 0.967500
vt 0.754300 0.966700
vt 0.750000 0.968800
vt 0.750000 0.968100
vt 0.750000 0.967300
vt 0.745300 0.968200
vt 0.745500 0.967500
vt 0.745700 0.966700
vt 0.741000 0.966400
vt 0.741300 0.965700
vt 0.741700 0.965100
vt 0.737200 0.963500
vt 0.737700 0.963000
vt 0.738300 0.962400
vt 0.734300 0.959800
vt 0.735000 0.959400
vt 0.735600 0.959000
vt 0.732500 0.955400
vt 0.733200 0.955200
vt 0.734000 0.955000
vt 0.731900 0.950700
vt 0.732600 0.950700
vt 0.733400 0.950700
vt 0.732500 0.946000
vt 0.733200 0.946200
vt 0.734000 0.946400
vt 0.734300 0.941600
vt 0.735000 0.942000
vt 0.735600 0.942300
vt 0.737200 0.937800
vt 0.737700 0.938400
vt 0.738300 0.938900
vt 0.741000 0.934900
vt 0.741300 0.935600
vt 0.741700 0.936300
vt 0.745300 0.933100
vt 0.745500 0.933900
vt 0.745700 0.934600
vt 0.750000 0.932500
vt 0.750000 0.933300
vt 0.750000 0.934000
vt 0.754700 0.933100
vt 0.754500 0.933900
vt 0.754300 0.934600
vt 0.759100 0.934900
vt 0.758700 0.935600
vt 0.758400 0.936300
vt 0.762900 0.937800
vt 0.762300 0.938400
vt 0.761800 0.938900
vt 0.765800 0.941600
vt 0.765100 0.942000
vt 0.764500 0.942300
vt 0.767600 0.946000
vt 0.766800 0.946200
vt 0.766100 0.946400
vt 0.765800 0.951000
vt 0.765300 0.955000
vt 0.764500 0.954800
vt 0.765000 0.951000
vt 0.763800 0.954600
vt 0.764300 0.951000
vt 0.763700 0.958800
vt 0.763000 0.958400
vt 0.762400 0.958000
vt 0.761200 0.962000
vt 0.760700 0.961500
vt 0.760100 0.961000
vt 0.758000 0.964500
vt 0.757600 0.963900
vt 0.757200 0.963200
vt 0.754200 0.966100
vt 0.754000 0.965400
vt 0.753800 0.964600
vt 0.750100 0.966600
vt 0.750100 0.965900
vt 0.750100 0.965100
vt 0.746100 0.966100
vt 0.746300 0.965400
vt 0.746500 0.964600
vt 0.742300 0.964500
vt 0.742700 0.963900
vt 0.743000 0.963200
vt 0.739000 0.962000
vt 0.739600 0.961500
vt 0.740100 0.961000
vt 0.736600 0.958800
vt 0.737200 0.958400
vt 0.737900 0.958000
vt 0.735000 0.955000
vt 0.735700 0.954800
vt 0.736500 0.954600
vt 0.734500 0.951000
vt 0.735200 0.951000
vt 0.736000 0.951000
vt 0.735000 0.946900
vt 0.735700 0.947100
vt 0.736500 0.947300
vt 0.736600 0.943100
vt 0.737200 0.943500
vt 0.737900 0.943900
vt 0.739000 0.939900
vt 0.739600 0.940400
vt 0.740100 0.941000
vt 0.742300 0.937400
vt 0.742700 0.938100
vt 0.743000 0.938700
vt 0.746100 0.935800
vt 0.746300 0.936600
vt 0.746500 0.937300
vt 0.750100 0.935300
vt 0.750100 0.936100
vt 0.750100 0.936800
vt 0.754200 0.935800
vt 0.754000 0.936600
vt 0.753800 0.937300
vt 0.758000 0.937400
vt 0.757600 0.938100
vt 0.757200 0.938700
vt 0.761200 0.939900
vt 0.760700 0.940400
vt 0.760100 0.941000
vt 0.763700 0.943100
vt 0.763000 0.943500
vt 0.762400 0.943900
vt 0.765300 0.946900
vt 0.764500 0.947100
vt 0.763800 0.947300
vt 0.763300 0.951100
vt 0.762900 0.954500
vt 0.762100 0.954400
vt 0.762600 0.951100
vt 0.761400 0.954200
vt 0.761800 0.951100
vt 0.761500 0.957800
vt 0.760900 0.957400
vt 0.760200 0.957000
vt 0.759400 0.960500
vt 0.758900 0.960000
vt 0.758300 0.959500
vt 0.756700 0.962700
vt 0.756300 0.962000
vt 0.755900 0.961300
vt 0.753400 0.964000
vt 0.753200 0.963300
vt 0.753000 0.962500
vt 0.750000 0.964400
vt 0.750000 0.963700
vt 0.750000 0.962900
vt 0.746500 0.964000
vt 0.746700 0.963300
vt 0.746900 0.962500
vt 0.743300 0.962700
vt 0.743700 0.962000
vt 0.744100 0.961300
vt 0.740500 0.960500
vt 0.741100 0.960000
vt 0.741600 0.959500
vt 0.738400 0.957800
vt 0.739100 0.957400
vt 0.739700 0.957000
vt 0.737100 0.954500
vt 0.737800 0.954400
vt 0.738600 0.954200
vt 0.736600 0.951100
vt 0.737400 0.951100
vt 0.738100 0.951100
vt 0.737100 0.947600
vt 0.737800 0.947800
vt 0.738600 0.948000
vt 0.738400 0.944400
vt 0.739100 0.944800
vt 0.739700 0.945200
vt 0.740500 0.941700
vt 0.741100 0.942200
vt 0.741600 0.942700
vt 0.743300 0.939500
vt 0.743700 0.940200
vt 0.744100 0.940800
vt 0.746500 0.938200
vt 0.746700 0.938900
vt 0.746900 0.939700
vt 0.750000 0.937700
vt 0.750000 0.938500
vt 0.750000 0.939300
vt 0.753400 0.938200
vt 0.753200 0.938900
vt 0.753000 0.939700
vt 0.756700 0.939500
vt 0.756300 0.940200
vt 0.755900 0.940800
vt 0.759400 0.941700
vt 0.758900 0.942200
vt 0.758300 0.942700
vt 0.761500 0.944400
vt 0.760900 0.944800
vt 0.760200 0.945200
vt 0.762900 0.947600
vt 0.762100 0.947800
vt 0.761400 0.948000
vt 0.761400 0.951100
vt 0.761100 0.954000
vt 0.760400 0.953900
vt 0.760600 0.951100
vt 0.759600 0.953700
vt 0.759900 0.951100
vt 0.760000 0.956800
vt 0.759400 0.956400
vt 0.758700 0.956100
vt 0.758200 0.959100
vt 0.757700 0.958600
vt 0.757100 0.958100
vt 0.755900 0.960900
vt 0.755500 0.960300
vt 0.755100 0.959600
vt 0.753100 0.962100
vt 0.752900 0.961300
vt 0.752700 0.960600
vt 0.750200 0.962400
vt 0.750200 0.961700
vt 0.750200 0.960900
vt 0.747300 0.962100
vt 0.747500 0.961300
vt 0.747700 0.960600
vt 0.744500 0.960900
vt 0.744900 0.960300
vt 0.745300 0.959600
vt 0.742200 0.959100
vt 0.742700 0.958600
vt 0.743300 0.958100
vt 0.740400 0.956800
vt 0.741000 0.956400
vt 0.741700 0.956100
vt 0.739300 0.954000
vt 0.740000 0.953900
vt 0.740800 0.953700
vt 0.739000 0.951100
vt 0.739800 0.951100
vt 0.740500 0.951100
vt 0.739300 0.948200
vt 0.740000 0.948400
vt 0.740800 0.948600
vt 0.740400 0.945400
vt 0.741000 0.945800
vt 0.741700 0.946200
vt 0.742200 0.943100
vt 0.742700 0.943600
vt 0.743300 0.944200
vt 0.744500 0.941300
vt 0.744900 0.942000
vt 0.745300 0.942600
vt 0.747300 0.940200
vt 0.747500 0.940900
vt 0.747700 0.941700
vt 0.750200 0.939800
vt 0.750200 0.940600
vt 0.750200 0.941300
vt 0.753100 0.940200
vt 0.752900 0.940900
vt 0.752700 0.941700
vt 0.755900 0.941300
vt 0.755500 0.942000
vt 0.755100 0.942600
vt 0.758200 0.943100
vt 0.757700 0.943600
vt 0.757100 0.944200
vt 0.760000 0.945400
vt 0.759400 0.945800
vt 0.758700 0.946200
vt 0.761100 0.948200
vt 0.760400 0.948400
vt 0.759600 0.948600
vt 0.759600 0.951200
vt 0.759400 0.953600
vt 0.758700 0.953400
vt 0.758900 0.951200
vt 0.757900 0.953300
vt 0.758100 0.951200
vt 0.758500 0.955900
vt 0.757800 0.955500
vt 0.757200 0.955200
vt 0.757000 0.957900
vt 0.756400 0.957400
vt 0.755900 0.956800
vt 0.755000 0.959400
vt 0.754600 0.958700
vt 0.754300 0.958100
vt 0.752700 0.960300
vt 0.752500 0.959600
vt 0.752300 0.958900
vt 0.750300 0.960600
vt 0.750300 0.959900
vt 0.750300 0.959100
vt 0.747800 0.960300
vt 0.748000 0.959600
vt 0.748200 0.958900
vt 0.745500 0.959400
vt 0.745900 0.958700
vt 0.746300 0.958100
vt 0.743600 0.957900
vt 0.744100 0.957400
vt 0.744600 0.956800
vt 0.742100 0.955900
vt 0.742700 0.955500
vt 0.743400 0.955200
vt 0.741100 0.953600
vt 0.741900 0.953400
vt 0.742600 0.953300
vt 0.740900 0.951200
vt 0.741700 0.951200
vt 0.742400 0.951200
vt 0.741100 0.948700
vt 0.741900 0.948900
vt 0.742600 0.949100
vt 0.742100 0.946400
vt 0.742700 0.946800
vt 0.743400 0.947200
vt 0.743600 0.944500
vt 0.744100 0.945000
vt 0.744600 0.945500
vt 0.745500 0.943000
vt 0.745900 0.943600
vt 0.746300 0.944300
vt 0.747800 0.942000
vt 0.748000 0.942700
vt 0.748200 0.943500
vt 0.750300 0.941700
vt 0.750300 0.942400
vt 0.750300 0.943200
vt 0.752700 0.942000
vt 0.752500 0.942700
vt 0.752300 0.943500
vt 0.755000 0.943000
vt 0.754600 0.943600
vt 0.754300 0.944300
vt 0.757000 0.944500
vt 0.756400 0.945000
vt 0.755900 0.945500
vt 0.758500 0.946400
vt 0.757800 0.946800
vt 0.757200 0.947200
vt 0.759400 0.948700
vt 0.758700 0.948900
vt 0.757900 0.949100
vt 0.757800 0.951200
vt 0.757600 0.953100
vt 0.756900 0.953000
vt 0.757100 0.951200
vt 0.756200 0.952800
vt 0.756300 0.951200
vt 0.756900 0.955000
vt 0.756300 0.954600
vt 0.755600 0.954200
vt 0.755700 0.956500
vt 0.755200 0.956000
vt 0.754700 0.955500
vt 0.754200 0.957700
vt 0.753800 0.957100
vt 0.753400 0.956400
vt 0.752300 0.958500
vt 0.752100 0.957800
vt 0.752000 0.957000
vt 0.750400 0.958700
vt 0.750400 0.958000
vt 0.750400 0.957200
vt 0.748500 0.958500
vt 0.748600 0.957800
vt 0.748800 0.957000
vt 0.746600 0.957700
vt 0.747000 0.957100
vt 0.747400 0.956400
vt 0.745100 0.956500
vt 0.745600 0.956000
vt 0.746100 0.955500
vt 0.743900 0.955000
vt 0.744500 0.954600
vt 0.745200 0.954200
vt 0.743200 0.953100
vt 0.743900 0.953000
vt 0.744600 0.952800
vt 0.743000 0.951200
vt 0.743700 0.951200
vt 0.744500 0.951200
vt 0.743200 0.949300
vt 0.743900 0.949400
vt 0.744600 0.949600
vt 0.743900 0.947400
vt 0.744500 0.947800
vt 0.745200 0.948200
vt 0.745100 0.945900
vt 0.745600 0.946400
vt 0.746100 0.946900
vt 0.746600 0.944700
vt 0.747000 0.945300
vt 0.747400 0.946000
vt 0.748500 0.943900
vt 0.748600 0.944600
vt 0.748800 0.945400
vt 0.750400 0.943700
vt 0.750400 0.944400
vt 0.750400 0.945200
vt 0.752300 0.943900
vt 0.752100 0.944600
vt 0.752000 0.945400
vt 0.754200 0.944700
vt 0.753800 0.945300
vt 0.753400 0.946000
vt 0.755700 0.945900
vt 0.755200 0.946400
vt 0.754700 0.946900
vt 0.756900 0.947400
vt 0.756300 0.947800
vt 0.755600 0.948200
vt 0.757600 0.949300
vt 0.756900 0.949400
vt 0.756200 0.949600
vt 0.755700 0.951200
vt 0.755500 0.952600
vt 0.754800 0.952400
vt 0.755000 0.951200
vt 0.754100 0.952200
vt 0.754200 0.951200
vt 0.755000 0.953900
vt 0.754300 0.953500
vt 0.753700 0.953100
vt 0.754100 0.955000
vt 0.753600 0.954500
vt 0.753100 0.954000
vt 0.753000 0.955900
vt 0.752600 0.955200
vt 0.752300 0.954600
vt 0.751700 0.956400
vt 0.751500 0.955700
vt 0.751300 0.955000
vt 0.750300 0.956600
vt 0.750300 0.955800
vt 0.750300 0.955100
vt 0.748900 0.956400
vt 0.749100 0.955700
vt 0.749300 0.955000
vt 0.747600 0.955900
vt 0.748000 0.955200
vt 0.748300 0.954600
vt 0.746500 0.955000
vt 0.747000 0.954500
vt 0.747500 0.954000
vt 0.745600 0.953900
vt 0.746300 0.953500
vt 0.746900 0.953100
vt 0.745100 0.952600
vt 0.745800 0.952400
vt 0.746500 0.952200
vt 0.744900 0.951200
vt 0.745700 0.951200
vt 0.746400 0.951200
vt 0.745100 0.949800
vt 0.745800 0.950000
vt 0.746500 0.950200
vt 0.745600 0.948500
vt 0.746300 0.948800
vt 0.746900 0.949200
vt 0.746500 0.947400
vt 0.747000 0.947900
vt 0.747500 0.948400
vt 0.747600 0.946500
vt 0.748000 0.947100
vt 0.748300 0.947800
vt 0.748900 0.946000
vt 0.749100 0.946700
vt 0.749300 0.947400
vt 0.750300 0.945800
vt 0.750300 0.946500
vt 0.750300 0.947300
vt 0.751700 0.946000
vt 0.751500 0.946700
vt 0.751300 0.947400
vt 0.753000 0.946500
vt 0.752600 0.947100
vt 0.752300 0.947800
vt 0.754100 0.947400
vt 0.753600 0.947900
vt 0.753100 0.948400
vt 0.755000 0.948500
vt 0.754300 0.948800
vt 0.753700 0.949200
vt 0.755500 0.949800
vt 0.754800 0.950000
vt 0.754100 0.950200
vt 0.070600 0.988500
vt 0.070600 0.490700
vt 0.107000 0.490700
vt 0.107000 0.988500
vt 0.001800 0.988500
vt 0.001800 0.490700
vt 0.036200 0.490700
vt 0.036200 0.988500
vt 0.143400 0.988500
vt 0.143400 0.490700
vt 0.178600 0.490700
vt 0.178600 0.988500
vt 0.213700 0.490700
vt 0.213700 0.988500
vt 0.340800 0.919500
vt 0.350200 0.919500
vt 0.350200 0.928900
vt 0.340800 0.928900
vt 0.359700 0.919500
vt 0.359700 0.928900
vt 0.369100 0.919500
vt 0.369100 0.928900
vt 0.378600 0.919500
vt 0.378600 0.928900
vt 0.388100 0.919500
vt 0.388100 0.928900
vt 0.397500 0.919500
vt 0.397500 0.928900
vt 0.407000 0.919500
vt 0.407000 0.928900
vt 0.416400 0.919500
vt 0.416400 0.928900
vt 0.425900 0.919500
vt 0.425900 0.928900
vt 0.435300 0.919500
vt 0.435300 0.928900
vt 0.444800 0.919500
vt 0.444800 0.928900
vt 0.454200 0.919500
vt 0.454200 0.928900
vt 0.463700 0.919500
vt 0.463700 0.928900
vt 0.293500 0.919500
vt 0.303000 0.919500
vt 0.303000 0.928900
vt 0.293500 0.928900
vt 0.312400 0.919500
vt 0.312400 0.928900
vt 0.321900 0.919500
vt 0.321900 0.928900
vt 0.331300 0.919500
vt 0.331300 0.928900
vt 0.215100 0.965000
vt 0.216500 0.956800
vt 0.216900 0.956900
vt 0.215500 0.965000
vt 0.220700 0.949500
vt 0.221100 0.949800
vt 0.227100 0.944100
vt 0.227400 0.944500
vt 0.235000 0.941300
vt 0.235100 0.941700
vt 0.243400 0.941300
vt 0.243300 0.941700
vt 0.251300 0.944100
vt 0.251000 0.944500
vt 0.257700 0.949500
vt 0.257300 0.949800
vt 0.261900 0.956800
vt 0.261500 0.956900
vt 0.263300 0.965000
vt 0.262900 0.965000
vt 0.261900 0.973300
vt 0.261500 0.973200
vt 0.257700 0.980600
vt 0.257400 0.980300
vt 0.251300 0.986000
vt 0.251000 0.985600
vt 0.243400 0.988800
vt 0.243300 0.988400
vt 0.235000 0.988800
vt 0.235100 0.988400
vt 0.227100 0.986000
vt 0.227400 0.985600
vt 0.220700 0.980600
vt 0.221000 0.980300
vt 0.216500 0.973300
vt 0.216900 0.973200
vt 0.217600 0.965100
vt 0.218900 0.957700
vt 0.219700 0.958000
vt 0.218500 0.965100
vt 0.222700 0.951200
vt 0.223300 0.951700
vt 0.228400 0.946400
vt 0.228800 0.947100
vt 0.235400 0.943800
vt 0.235600 0.944700
vt 0.242900 0.943800
vt 0.242800 0.944700
vt 0.250000 0.946400
vt 0.249500 0.947100
vt 0.255700 0.951200
vt 0.255100 0.951700
vt 0.259500 0.957700
vt 0.258700 0.958000
vt 0.260800 0.965000
vt 0.259900 0.965000
vt 0.259500 0.972400
vt 0.258700 0.972100
vt 0.255700 0.978900
vt 0.255100 0.978400
vt 0.250000 0.983700
vt 0.249600 0.983000
vt 0.243000 0.986300
vt 0.242800 0.985400
vt 0.235500 0.986300
vt 0.235600 0.985400
vt 0.228400 0.983700
vt 0.228800 0.983000
vt 0.222700 0.978900
vt 0.223300 0.978400
vt 0.218900 0.972400
vt 0.219700 0.972100
vt 0.223300 0.965100
vt 0.224300 0.959600
vt 0.224800 0.959800
vt 0.223800 0.965100
vt 0.227000 0.954800
vt 0.227400 0.955200
vt 0.231200 0.951300
vt 0.231500 0.951700
vt 0.236400 0.949400
vt 0.236500 0.949900
vt 0.242000 0.949400
vt 0.241900 0.949900
vt 0.247200 0.951300
vt 0.246900 0.951700
vt 0.251400 0.954800
vt 0.251000 0.955200
vt 0.254100 0.959600
vt 0.253600 0.959800
vt 0.255100 0.965000
vt 0.254600 0.965000
vt 0.254200 0.970500
vt 0.253600 0.970300
vt 0.251400 0.975300
vt 0.251000 0.974900
vt 0.247200 0.978800
vt 0.246900 0.978400
vt 0.242000 0.980700
vt 0.241900 0.980200
vt 0.236400 0.980700
vt 0.236500 0.980200
vt 0.231200 0.978800
vt 0.231500 0.978400
vt 0.227000 0.975300
vt 0.227400 0.974900
vt 0.224300 0.970500
vt 0.224800 0.970300
vt 0.232200 0.965100
vt 0.232600 0.962700
vt 0.239200 0.965000
vt 0.233800 0.960600
vt 0.235700 0.959000
vt 0.238000 0.958100
vt 0.240400 0.958100
vt 0.242700 0.959000
vt 0.244600 0.960500
vt 0.245800 0.962600
vt 0.246200 0.965000
vt 0.245800 0.967400
vt 0.244600 0.969500
vt 0.242700 0.971100
vt 0.240400 0.971900
vt 0.238000 0.972000
vt 0.235700 0.971100
vt 0.233800 0.969600
vt 0.232600 0.967500
vt 0.350200 0.929700
vt 0.340800 0.929700
vt 0.359700 0.929700
vt 0.369100 0.929700
vt 0.378600 0.929700
vt 0.388100 0.929700
vt 0.397500 0.929700
vt 0.407000 0.929700
vt 0.416400 0.929700
vt 0.425900 0.929700
vt 0.435300 0.929700
vt 0.444800 0.929700
vt 0.454200 0.929700
vt 0.463700 0.929700
vt 0.303000 0.929700
vt 0.293500 0.929700
vt 0.312400 0.929700
vt 0.321900 0.929700
vt 0.331300 0.929700
vt 0.223900 0.959500
vt 0.222900 0.965100
vt 0.226700 0.954600
vt 0.231000 0.950900
vt 0.236400 0.949000
vt 0.242000 0.949000
vt 0.247400 0.950900
vt 0.251700 0.954600
vt 0.254500 0.959500
vt 0.255500 0.965000
vt 0.254500 0.970600
vt 0.251700 0.975500
vt 0.247400 0.979200
vt 0.242000 0.981100
vt 0.236400 0.981100
vt 0.231000 0.979200
vt 0.226700 0.975500
vt 0.223900 0.970600
vt 0.218500 0.957500
vt 0.217200 0.965000
vt 0.222400 0.950900
vt 0.228200 0.946000
vt 0.235400 0.943400
vt 0.243000 0.943400
vt 0.250200 0.946000
vt 0.256000 0.950900
vt 0.259800 0.957500
vt 0.261200 0.965000
vt 0.259900 0.972600
vt 0.256000 0.979200
vt 0.250200 0.984100
vt 0.243000 0.986700
vt 0.235400 0.986700
vt 0.228200 0.984100
vt 0.222400 0.979200
vt 0.218500 0.972600
vt 0.231800 0.962400
vt 0.231300 0.965100
vt 0.233200 0.960000
vt 0.235200 0.958300
vt 0.237800 0.957300
vt 0.240500 0.957300
vt 0.243100 0.958200
vt 0.245200 0.960000
vt 0.246600 0.962300
vt 0.247100 0.965000
vt 0.246600 0.967700
vt 0.245200 0.970100
vt 0.243200 0.971800
vt 0.240600 0.972800
vt 0.237900 0.972800
vt 0.235300 0.971900
vt 0.233200 0.970100
vt 0.231800 0.967800
vt 0.412300 0.790100
vt 0.412300 0.786300
vt 0.416400 0.786300
vt 0.416400 0.790100
vt 0.412300 0.782500
vt 0.416400 0.782500
vt 0.412300 0.778600
vt 0.416400 0.778600
vt 0.412300 0.774800
vt 0.416400 0.774800
vt 0.412300 0.771000
vt 0.416400 0.771000
vt 0.412300 0.767100
vt 0.416400 0.767100
vt 0.412300 0.763300
vt 0.416400 0.763300
vt 0.412300 0.759500
vt 0.416400 0.759500
vt 0.412300 0.755600
vt 0.416400 0.755600
vt 0.412300 0.751800
vt 0.416400 0.751800
vt 0.412300 0.748000
vt 0.416400 0.748000
vt 0.412300 0.744200
vt 0.416400 0.744200
vt 0.412300 0.740300
vt 0.416400 0.740300
vt 0.412300 0.809300
vt 0.412300 0.805500
vt 0.416400 0.805500
vt 0.416400 0.809300
vt 0.412300 0.801600
vt 0.416400 0.801600
vt 0.412300 0.797800
vt 0.416400 0.797800
vt 0.412300 0.794000
vt 0.416400 0.794000
vt 0.427800 0.880500
vt 0.428500 0.876700
vt 0.429300 0.877000
vt 0.428700 0.880500
vt 0.430400 0.873300
vt 0.431100 0.873900
vt 0.433400 0.870800
vt 0.433800 0.871600
vt 0.437000 0.869500
vt 0.437200 0.870400
vt 0.440900 0.869500
vt 0.440700 0.870400
vt 0.444500 0.870800
vt 0.444100 0.871600
vt 0.447500 0.873300
vt 0.446800 0.873900
vt 0.449400 0.876700
vt 0.448600 0.877000
vt 0.450100 0.880500
vt 0.449200 0.880500
vt 0.449500 0.884300
vt 0.448600 0.884000
vt 0.447500 0.887700
vt 0.446800 0.887100
vt 0.444500 0.890200
vt 0.444100 0.889400
vt 0.440900 0.891500
vt 0.440700 0.890600
vt 0.437000 0.891500
vt 0.437200 0.890600
vt 0.433400 0.890100
vt 0.433800 0.889400
vt 0.430400 0.887600
vt 0.431100 0.887100
vt 0.428500 0.884300
vt 0.429300 0.884000
vt 0.430000 0.877200
vt 0.429400 0.880500
vt 0.431700 0.874300
vt 0.434200 0.872200
vt 0.437300 0.871100
vt 0.440600 0.871100
vt 0.443700 0.872200
vt 0.446300 0.874300
vt 0.447900 0.877200
vt 0.448500 0.880500
vt 0.447900 0.883700
vt 0.446300 0.886600
vt 0.443700 0.888800
vt 0.440600 0.889900
vt 0.437300 0.889900
vt 0.434200 0.888700
vt 0.431600 0.886600
vt 0.430000 0.883700
vt 0.439000 0.880500
vt 0.631000 0.967900
vt 0.625800 0.976900
vt 0.625200 0.976100
vt 0.629900 0.967900
vt 0.625200 0.978000
vt 0.623900 0.978000
vt 0.623500 0.977000
vt 0.624600 0.977000
vt 0.613600 0.978000
vt 0.612900 0.976900
vt 0.613500 0.976000
vt 0.614100 0.977000
vt 0.514900 0.866900
vt 0.514900 0.865900
vt 0.516600 0.865900
vt 0.516600 0.866900
vt 0.514900 0.876100
vt 0.514900 0.875200
vt 0.516600 0.875200
vt 0.516600 0.876100
vt 0.514900 0.885400
vt 0.514900 0.884300
vt 0.516600 0.884300
vt 0.516600 0.885400
vt 0.514900 0.890000
vt 0.514900 0.889400
vt 0.516600 0.889400
vt 0.516600 0.890000
vt 0.514900 0.840500
vt 0.514900 0.839700
vt 0.516600 0.839700
vt 0.516600 0.840500
vt 0.514900 0.903800
vt 0.514900 0.899700
vt 0.516600 0.899700
vt 0.516600 0.903800
vt 0.514900 0.899200
vt 0.514900 0.898700
vt 0.516600 0.898700
vt 0.516600 0.899200
vt 0.514900 0.894600
vt 0.514900 0.894100
vt 0.516600 0.894100
vt 0.516600 0.894600
vt 0.629900 0.967500
vt 0.631000 0.967500
vt 0.516600 0.904200
vt 0.514900 0.904200
vt 0.635700 0.946800
vt 0.636500 0.946800
vt 0.636500 0.947200
vt 0.635700 0.947200
vt 0.642200 0.857700
vt 0.641200 0.857700
vt 0.641200 0.857300
vt 0.642200 0.857300
vt 0.633100 0.942300
vt 0.633500 0.941700
vt 0.632800 0.941800
vt 0.632100 0.941800
vt 0.632500 0.941100
vt 0.633200 0.941100
vt 0.627000 0.941800
vt 0.626700 0.942300
vt 0.626200 0.941700
vt 0.626600 0.941100
vt 0.622700 0.973600
vt 0.623000 0.973000
vt 0.616100 0.973600
vt 0.616700 0.973600
vt 0.615100 0.977000
vt 0.608900 0.967900
vt 0.612800 0.967900
vt 0.613200 0.968500
vt 0.609500 0.968900
vt 0.514900 0.886200
vt 0.516600 0.886200
vt 0.514900 0.836500
vt 0.516600 0.836500
vt 0.626000 0.967900
vt 0.626000 0.967500
vt 0.640400 0.946800
vt 0.641500 0.946800
vt 0.641500 0.947200
vt 0.640400 0.947200
vt 0.635100 0.937700
vt 0.635700 0.936700
vt 0.636300 0.937700
vt 0.635700 0.938600
vt 0.624600 0.937700
vt 0.624100 0.936700
vt 0.625200 0.936700
vt 0.625700 0.937700
vt 0.619400 0.946800
vt 0.618300 0.946800
vt 0.618900 0.945600
vt 0.620000 0.945700
vt 0.627200 0.941100
vt 0.623300 0.946800
vt 0.623700 0.946100
vt 0.622300 0.972900
vt 0.622600 0.972400
vt 0.616500 0.972900
vt 0.617000 0.972900
vt 0.613600 0.967900
vt 0.613900 0.968500
vt 0.514900 0.835900
vt 0.516600 0.835900
vt 0.625200 0.967900
vt 0.625200 0.967500
vt 0.642200 0.865900
vt 0.641200 0.865900
vt 0.641200 0.866900
vt 0.642200 0.866900
vt 0.642200 0.867900
vt 0.641200 0.867900
vt 0.641200 0.876100
vt 0.642200 0.876100
vt 0.642200 0.877100
vt 0.641200 0.877100
vt 0.641200 0.889400
vt 0.642200 0.889400
vt 0.642200 0.890000
vt 0.641200 0.890000
vt 0.641200 0.839700
vt 0.642200 0.839700
vt 0.642200 0.840500
vt 0.641200 0.840500
vt 0.641200 0.899200
vt 0.642200 0.899200
vt 0.642200 0.899700
vt 0.641200 0.899700
vt 0.641200 0.894600
vt 0.642200 0.894600
vt 0.642200 0.895000
vt 0.641200 0.895000
vt 0.642200 0.890500
vt 0.641200 0.890500
vt 0.641200 0.903800
vt 0.642200 0.903800
vt 0.642200 0.904200
vt 0.641200 0.904200
vt 0.516600 0.857700
vt 0.516600 0.857300
vt 0.641200 0.885400
vt 0.642200 0.885400
vt 0.642200 0.886200
vt 0.641200 0.886200
vt 0.641200 0.836500
vt 0.642200 0.836500
vt 0.641200 0.835900
vt 0.642200 0.835900
vt 0.629900 0.967000
vt 0.631000 0.967000
vt 0.641200 0.904500
vt 0.516600 0.904500
vt 0.636500 0.947700
vt 0.635700 0.947700
vt 0.641200 0.856900
vt 0.642200 0.856900
vt 0.626000 0.967000
vt 0.641500 0.947700
vt 0.640400 0.947700
vt 0.625200 0.967000
vt 0.642200 0.904500
vt 0.514900 0.857300
vt 0.514900 0.856900
vt 0.516600 0.856900
vt 0.629900 0.947100
vt 0.631000 0.947100
vt 0.641200 0.920400
vt 0.516600 0.920400
vt 0.636500 0.967600
vt 0.635700 0.967600
vt 0.641200 0.841100
vt 0.642200 0.841100
vt 0.626000 0.947100
vt 0.641500 0.967600
vt 0.640400 0.967600
vt 0.625200 0.947100
vt 0.642200 0.920400
vt 0.514900 0.841100
vt 0.516600 0.841100
vt 0.516600 0.867900
vt 0.516600 0.877100
vt 0.516600 0.895000
vt 0.516600 0.890500
vt 0.514900 0.857700
vt 0.514900 0.904500
vt 0.516600 0.921000
vt 0.514900 0.921000
vt 0.514900 0.920400
vt 0.629900 0.946400
vt 0.631000 0.946400
vt 0.641200 0.921000
vt 0.636500 0.968300
vt 0.635700 0.968300
vt 0.626000 0.946400
vt 0.641500 0.968300
vt 0.640400 0.968300
vt 0.625200 0.946400
vt 0.642200 0.921000
vt 0.608400 0.969000
vt 0.607800 0.967900
vt 0.514900 0.877100
vt 0.514900 0.890500
vt 0.624400 0.946200
vt 0.624100 0.946800
vt 0.615700 0.973000
vt 0.623400 0.937800
vt 0.624000 0.938700
vt 0.616200 0.972400
vt 0.642200 0.884300
vt 0.641200 0.884300
vt 0.642200 0.894100
vt 0.641200 0.894100
vt 0.614700 0.978000
vt 0.514900 0.867900
vt 0.514900 0.895000
vt 0.627600 0.941800
vt 0.621900 0.973600
vt 0.634400 0.936700
vt 0.634000 0.937700
vt 0.621600 0.972900
vt 0.642200 0.875200
vt 0.641200 0.875200
vt 0.642200 0.898700
vt 0.641200 0.898700
vt 0.329100 0.225000
vt 0.039000 0.225000
vt 0.039000 0.222700
vt 0.329100 0.222700
vt 0.039000 0.220300
vt 0.329100 0.220300
vt 0.039000 0.218000
vt 0.329100 0.218000
vt 0.329100 0.227300
vt 0.039000 0.227300
vt 0.329100 0.200900
vt 0.039000 0.200900
vt 0.039000 0.198600
vt 0.329100 0.198600
vt 0.039000 0.196300
vt 0.329100 0.196300
vt 0.039000 0.194000
vt 0.329100 0.194000
vt 0.329100 0.203300
vt 0.039000 0.203300
vt 0.329100 0.129900
vt 0.039000 0.129900
vt 0.039000 0.127500
vt 0.329100 0.127500
vt 0.039000 0.125200
vt 0.329100 0.125200
vt 0.039000 0.122900
vt 0.329100 0.122900
vt 0.329100 0.132200
vt 0.039000 0.132200
vt 0.328800 0.070500
vt 0.038600 0.070500
vt 0.038600 0.068100
vt 0.328800 0.068100
vt 0.038600 0.065800
vt 0.328800 0.065800
vt 0.038600 0.063500
vt 0.328800 0.063500
vt 0.328800 0.072800
vt 0.038600 0.072800
vt 0.329100 0.082500
vt 0.039000 0.082500
vt 0.039000 0.080100
vt 0.329100 0.080100
vt 0.039000 0.077800
vt 0.329100 0.077800
vt 0.039000 0.075500
vt 0.329100 0.075500
vt 0.329100 0.084800
vt 0.039000 0.084800
vt 0.328800 0.094400
vt 0.038600 0.094400
vt 0.038600 0.092000
vt 0.328800 0.092000
vt 0.038600 0.089700
vt 0.328800 0.089700
vt 0.038600 0.087400
vt 0.328800 0.087400
vt 0.328800 0.096700
vt 0.038600 0.096700
vt 0.329100 0.106400
vt 0.039000 0.106400
vt 0.039000 0.104000
vt 0.329100 0.104000
vt 0.039000 0.101700
vt 0.329100 0.101700
vt 0.039000 0.099400
vt 0.329100 0.099400
vt 0.329100 0.108700
vt 0.039000 0.108700
vt 0.328800 0.117900
vt 0.038600 0.117900
vt 0.038600 0.115500
vt 0.328800 0.115500
vt 0.038600 0.113200
vt 0.328800 0.113200
vt 0.038600 0.110900
vt 0.328800 0.110900
vt 0.328800 0.120200
vt 0.038600 0.120200
vt 0.328800 0.213000
vt 0.038600 0.213000
vt 0.038600 0.210700
vt 0.328800 0.210700
vt 0.038600 0.208300
vt 0.328800 0.208300
vt 0.038600 0.206000
vt 0.328800 0.206000
vt 0.328800 0.215300
vt 0.038600 0.215300
vt 0.328800 0.141600
vt 0.038600 0.141600
vt 0.038600 0.139300
vt 0.328800 0.139300
vt 0.038600 0.137000
vt 0.328800 0.137000
vt 0.038600 0.134600
vt 0.328800 0.134600
vt 0.328800 0.143900
vt 0.038600 0.143900
vt 0.329100 0.153600
vt 0.039000 0.153600
vt 0.039000 0.151300
vt 0.329100 0.151300
vt 0.039000 0.149000
vt 0.329100 0.149000
vt 0.039000 0.146600
vt 0.329100 0.146600
vt 0.329100 0.155900
vt 0.039000 0.155900
vt 0.328800 0.165700
vt 0.038600 0.165700
vt 0.038600 0.163400
vt 0.328800 0.163400
vt 0.038600 0.161000
vt 0.328800 0.161000
vt 0.038600 0.158700
vt 0.328800 0.158700
vt 0.328800 0.168000
vt 0.038600 0.168000
vt 0.329100 0.177700
vt 0.039000 0.177700
vt 0.039000 0.175400
vt 0.329100 0.175400
vt 0.039000 0.173000
vt 0.329100 0.173000
vt 0.039000 0.170700
vt 0.329100 0.170700
vt 0.329100 0.180000
vt 0.039000 0.180000
vt 0.328800 0.189000
vt 0.038600 0.189000
vt 0.038600 0.186600
vt 0.328800 0.186600
vt 0.038600 0.184300
vt 0.328800 0.184300
vt 0.038600 0.191500
vt 0.328800 0.191500
vt 0.328800 0.191300
vt 0.038600 0.191300
vt 0.329100 0.249400
vt 0.039000 0.249400
vt 0.039000 0.247100
vt 0.329100 0.247100
vt 0.039000 0.244800
vt 0.329100 0.244800
vt 0.039000 0.242500
vt 0.329100 0.242500
vt 0.329100 0.251800
vt 0.039000 0.251800
vt 0.328800 0.237500
vt 0.038600 0.237500
vt 0.038600 0.235100
vt 0.328800 0.235100
vt 0.038600 0.232800
vt 0.328800 0.232800
vt 0.038600 0.230500
vt 0.328800 0.230500
vt 0.328800 0.239800
vt 0.038600 0.239800
vt 0.038600 0.417700
vt 0.328800 0.417700
vt 0.328800 0.420100
vt 0.038600 0.420100
vt 0.328800 0.422400
vt 0.038600 0.422400
vt 0.328800 0.424700
vt 0.038600 0.424700
vt 0.038600 0.415400
vt 0.328800 0.415400
vt 0.039000 0.429700
vt 0.329100 0.429700
vt 0.329100 0.432100
vt 0.039000 0.432100
vt 0.329100 0.434400
vt 0.039000 0.434400
vt 0.329100 0.436700
vt 0.039000 0.436700
vt 0.039000 0.427400
vt 0.329100 0.427400
vt 0.038600 0.394500
vt 0.328800 0.394500
vt 0.328800 0.396900
vt 0.038600 0.396900
vt 0.328800 0.399200
vt 0.038600 0.399200
vt 0.328800 0.401500
vt 0.038600 0.401500
vt 0.038600 0.392200
vt 0.328800 0.392200
vt 0.039000 0.383400
vt 0.329100 0.383400
vt 0.329100 0.385700
vt 0.039000 0.385700
vt 0.329100 0.388100
vt 0.039000 0.388100
vt 0.329100 0.390400
vt 0.039000 0.390400
vt 0.039000 0.381100
vt 0.329100 0.381100
vt 0.038600 0.371400
vt 0.328800 0.371400
vt 0.328800 0.373700
vt 0.038600 0.373700
vt 0.328800 0.376100
vt 0.038600 0.376100
vt 0.328800 0.378400
vt 0.038600 0.378400
vt 0.038600 0.380100
vt 0.328800 0.380100
vt 0.039000 0.406500
vt 0.329100 0.406500
vt 0.329100 0.408900
vt 0.039000 0.408900
vt 0.329100 0.411200
vt 0.039000 0.411200
vt 0.329100 0.413500
vt 0.039000 0.413500
vt 0.039000 0.404200
vt 0.329100 0.404200
vt 0.038600 0.349700
vt 0.328800 0.349700
vt 0.328800 0.352000
vt 0.038600 0.352000
vt 0.328800 0.354300
vt 0.038600 0.354300
vt 0.328800 0.356700
vt 0.038600 0.356700
vt 0.038600 0.347300
vt 0.328800 0.347300
vt 0.039000 0.361700
vt 0.329100 0.361700
vt 0.329100 0.364000
vt 0.039000 0.364000
vt 0.329100 0.366300
vt 0.039000 0.366300
vt 0.329100 0.368700
vt 0.039000 0.368700
vt 0.039000 0.359300
vt 0.329100 0.359300
vt 0.039000 0.314500
vt 0.329100 0.314500
vt 0.329100 0.316800
vt 0.039000 0.316800
vt 0.329100 0.319200
vt 0.039000 0.319200
vt 0.329100 0.321500
vt 0.039000 0.321500
vt 0.039000 0.312200
vt 0.329100 0.312200
vt 0.038600 0.326200
vt 0.328800 0.326200
vt 0.328800 0.328500
vt 0.038600 0.328500
vt 0.328800 0.330800
vt 0.038600 0.330800
vt 0.328800 0.333200
vt 0.038600 0.333200
vt 0.038600 0.323800
vt 0.328800 0.323800
vt 0.039000 0.338200
vt 0.329100 0.338200
vt 0.329100 0.340500
vt 0.039000 0.340500
vt 0.329100 0.342800
vt 0.039000 0.342800
vt 0.329100 0.345200
vt 0.039000 0.345200
vt 0.039000 0.335800
vt 0.329100 0.335800
vt 0.038600 0.302500
vt 0.328800 0.302500
vt 0.328800 0.304800
vt 0.038600 0.304800
vt 0.328800 0.307200
vt 0.038600 0.307200
vt 0.328800 0.309500
vt 0.038600 0.309500
vt 0.038600 0.300200
vt 0.328800 0.300200
vt 0.039000 0.290800
vt 0.329100 0.290800
vt 0.329100 0.293200
vt 0.039000 0.293200
vt 0.329100 0.295500
vt 0.039000 0.295500
vt 0.329100 0.297800
vt 0.039000 0.297800
vt 0.039000 0.288500
vt 0.329100 0.288500
vt 0.038600 0.278800
vt 0.328800 0.278800
vt 0.328800 0.281200
vt 0.038600 0.281200
vt 0.328800 0.283500
vt 0.038600 0.283500
vt 0.328800 0.285800
vt 0.038600 0.285800
vt 0.038600 0.276500
vt 0.328800 0.276500
vt 0.039000 0.267100
vt 0.329100 0.267100
vt 0.329100 0.269500
vt 0.039000 0.269500
vt 0.329100 0.271800
vt 0.039000 0.271800
vt 0.329100 0.274100
vt 0.039000 0.274100
vt 0.039000 0.264800
vt 0.329100 0.264800
vt 0.038600 0.255100
vt 0.328800 0.255100
vt 0.328800 0.257500
vt 0.038600 0.257500
vt 0.328800 0.259800
vt 0.038600 0.259800
vt 0.328800 0.262100
vt 0.038600 0.262100
vt 0.038600 0.263300
vt 0.328800 0.263300
vt 0.038300 0.057100
vt 0.038300 0.052500
vt 0.329000 0.052500
vt 0.329000 0.057100
vt 0.038300 0.047800
vt 0.329000 0.047800
vt 0.038300 0.043100
vt 0.329000 0.043100
vt 0.038300 0.061800
vt 0.329000 0.061800
vt 0.038300 0.036800
vt 0.038300 0.032200
vt 0.329000 0.032200
vt 0.329000 0.036800
vt 0.038300 0.027500
vt 0.329000 0.027500
vt 0.038300 0.022900
vt 0.329000 0.022900
vt 0.038300 0.041500
vt 0.329000 0.041500
vt 0.038800 0.445800
vt 0.038800 0.444800
vt 0.329200 0.444800
vt 0.329200 0.445800
vt 0.038800 0.437800
vt 0.329200 0.437800
vt 0.038800 0.454500
vt 0.038800 0.451000
vt 0.329200 0.451000
vt 0.329200 0.454500
vt 0.038800 0.467600
vt 0.038800 0.460600
vt 0.329200 0.460600
vt 0.329200 0.467600
vt 0.038800 0.459600
vt 0.038800 0.457500
vt 0.329200 0.457500
vt 0.329200 0.459600
vt 0.038800 0.447400
vt 0.329200 0.447400
vt 0.038300 0.014800
vt 0.038300 0.010200
vt 0.329000 0.010200
vt 0.329000 0.014800
vt 0.038300 0.005500
vt 0.329000 0.005500
vt 0.038300 0.000900
vt 0.329000 0.000900
vt 0.038300 0.019500
vt 0.329000 0.019500
vt 0.572100 0.428300
vt 0.569500 0.428300
vt 0.569500 0.430200
vt 0.572100 0.430300
vt 0.635300 0.430300
vt 0.634800 0.429600
vt 0.634200 0.431500
vt 0.634700 0.432100
vt 0.637800 0.437300
vt 0.636900 0.437200
vt 0.636300 0.438500
vt 0.637200 0.438700
vt 0.633900 0.429600
vt 0.633300 0.431400
vt 0.636500 0.436500
vt 0.635900 0.437900
vt 0.640700 0.437900
vt 0.642300 0.439200
vt 0.568800 0.427000
vt 0.566200 0.422100
vt 0.560900 0.422100
vt 0.563300 0.427000
vt 0.564000 0.428300
vt 0.569500 0.784400
vt 0.569500 0.781400
vt 0.564000 0.781400
vt 0.564000 0.784400
vt 0.530900 0.361800
vt 0.510200 0.361800
vt 0.510200 0.366800
vt 0.533400 0.366800
vt 0.510200 0.427000
vt 0.510200 0.428300
vt 0.510200 0.430200
vt 0.564000 0.430200
vt 0.569500 0.438300
vt 0.572100 0.438400
vt 0.634200 0.439600
vt 0.634700 0.440200
vt 0.636300 0.446500
vt 0.637200 0.446600
vt 0.633300 0.439500
vt 0.635900 0.445800
vt 0.642300 0.447100
vt 0.487400 0.430200
vt 0.487400 0.438300
vt 0.510200 0.438300
vt 0.487400 0.361800
vt 0.487400 0.366800
vt 0.487400 0.427000
vt 0.487400 0.428300
vt 0.510200 0.784500
vt 0.510200 0.781400
vt 0.564000 0.438300
vt 0.569500 0.715600
vt 0.572100 0.715600
vt 0.634200 0.715900
vt 0.634700 0.716100
vt 0.636300 0.717600
vt 0.637200 0.717600
vt 0.633300 0.715900
vt 0.635900 0.717500
vt 0.641100 0.717800
vt 0.487400 0.715600
vt 0.510200 0.715600
vt 0.661500 0.920900
vt 0.661500 0.918200
vt 0.663800 0.918200
vt 0.663800 0.920900
vt 0.401100 0.491400
vt 0.401100 0.492300
vt 0.398700 0.492300
vt 0.398700 0.491400
vt 0.401100 0.499700
vt 0.401100 0.500700
vt 0.398700 0.500700
vt 0.398700 0.499700
vt 0.661500 0.998300
vt 0.661500 0.992500
vt 0.663800 0.992500
vt 0.663800 0.998300
vt 0.661500 0.922300
vt 0.663800 0.922300
vt 0.661500 0.854700
vt 0.663800 0.854700
vt 0.401100 0.490400
vt 0.398700 0.490400
vt 0.401100 0.498800
vt 0.398700 0.498800
vt 0.401100 0.503700
vt 0.398700 0.503700
vt 0.401100 0.514200
vt 0.401100 0.798200
vt 0.398600 0.798200
vt 0.398700 0.514200
vt 0.401100 0.505900
vt 0.398700 0.505900
vt 0.557500 0.359700
vt 0.557500 0.357700
vt 0.560200 0.357800
vt 0.560200 0.359700
vt 0.494300 0.357600
vt 0.495000 0.355800
vt 0.495400 0.356500
vt 0.494800 0.358400
vt 0.491800 0.350700
vt 0.492400 0.349300
vt 0.493400 0.349400
vt 0.492700 0.350800
vt 0.495800 0.358400
vt 0.496400 0.356500
vt 0.493200 0.351500
vt 0.493800 0.350100
vt 0.489000 0.350100
vt 0.487300 0.348800
vt 0.560800 0.360900
vt 0.566300 0.360900
vt 0.568800 0.365800
vt 0.563500 0.365800
vt 0.565700 0.359700
vt 0.560200 0.003500
vt 0.565700 0.003500
vt 0.565700 0.006600
vt 0.560200 0.006600
vt 0.598800 0.426200
vt 0.596300 0.421200
vt 0.619400 0.421200
vt 0.619400 0.426200
vt 0.619400 0.359700
vt 0.619400 0.360900
vt 0.565700 0.357800
vt 0.619400 0.357800
vt 0.557500 0.349600
vt 0.560200 0.349600
vt 0.495000 0.347800
vt 0.495400 0.348400
vt 0.492400 0.341400
vt 0.493400 0.341500
vt 0.496400 0.348400
vt 0.493800 0.342100
vt 0.487400 0.340900
vt 0.642200 0.357800
vt 0.619400 0.349700
vt 0.642200 0.349700
vt 0.642200 0.421200
vt 0.642200 0.426200
vt 0.642200 0.359700
vt 0.642200 0.360900
vt 0.619400 0.003500
vt 0.619400 0.006600
vt 0.565700 0.349700
vt 0.557500 0.072400
vt 0.560200 0.072400
vt 0.495000 0.071900
vt 0.495400 0.072100
vt 0.492400 0.070300
vt 0.493400 0.070400
vt 0.496400 0.072100
vt 0.493800 0.070500
vt 0.488600 0.070200
vt 0.619400 0.072400
vt 0.642200 0.072400
vt 0.838000 0.920900
vt 0.835600 0.920900
vt 0.835600 0.918200
vt 0.838000 0.918200
vt 0.215900 0.491400
vt 0.218400 0.491400
vt 0.218400 0.492300
vt 0.215900 0.492300
vt 0.215900 0.499700
vt 0.218400 0.499700
vt 0.218400 0.500700
vt 0.215900 0.500700
vt 0.838000 0.998300
vt 0.835600 0.998300
vt 0.835600 0.992500
vt 0.838000 0.992500
vt 0.838000 0.922300
vt 0.835600 0.922300
vt 0.835600 0.854700
vt 0.838000 0.854700
vt 0.215900 0.490400
vt 0.218400 0.490400
vt 0.218400 0.498800
vt 0.215900 0.498800
vt 0.218400 0.503700
vt 0.215900 0.503700
vt 0.215900 0.514200
vt 0.218400 0.514200
vt 0.218400 0.798200
vt 0.215900 0.798200
vt 0.218400 0.505900
vt 0.215900 0.505900
vt 0.824500 0.920900
vt 0.824500 0.918200
vt 0.230000 0.491400
vt 0.230000 0.492300
vt 0.230000 0.499700
vt 0.230000 0.500700
vt 0.480700 0.973500
vt 0.480700 0.970700
vt 0.483500 0.970700
vt 0.483500 0.973500
vt 0.824500 0.922300
vt 0.824500 0.854700
vt 0.230000 0.490400
vt 0.230000 0.498800
vt 0.230000 0.503700
vt 0.230000 0.514200
vt 0.230000 0.798200
vt 0.230000 0.505900
vt 0.661500 0.784800
vt 0.661500 0.782100
vt 0.663800 0.782100
vt 0.663800 0.784800
vt 0.661500 0.847400
vt 0.661500 0.846900
vt 0.663800 0.846900
vt 0.663800 0.847400
vt 0.661500 0.849900
vt 0.661500 0.849000
vt 0.663800 0.849000
vt 0.663800 0.849900
vt 0.661500 0.846000
vt 0.663800 0.846000
vt 0.661500 0.848500
vt 0.663800 0.848500
vt 0.661500 0.853400
vt 0.663800 0.853400
vt 0.661500 0.722900
vt 0.661500 0.700100
vt 0.663800 0.700100
vt 0.663800 0.722900
vt 0.661500 0.776600
vt 0.663800 0.776600
vt 0.674500 0.782100
vt 0.674500 0.784800
vt 0.674500 0.846900
vt 0.674500 0.847400
vt 0.674500 0.849000
vt 0.674500 0.849900
vt 0.674500 0.846000
vt 0.674500 0.848500
vt 0.674500 0.853400
vt 0.674500 0.700100
vt 0.674500 0.722900
vt 0.674500 0.776600
vt 0.835600 0.784800
vt 0.835600 0.782100
vt 0.838000 0.782100
vt 0.838000 0.784800
vt 0.835600 0.847400
vt 0.835600 0.846900
vt 0.838000 0.846900
vt 0.838000 0.847400
vt 0.835600 0.849900
vt 0.835600 0.849000
vt 0.838000 0.849000
vt 0.838000 0.849900
vt 0.835600 0.846000
vt 0.838000 0.846000
vt 0.835600 0.848500
vt 0.838000 0.848500
vt 0.835600 0.853400
vt 0.838000 0.853400
vt 0.835600 0.722900
vt 0.835600 0.700100
vt 0.838000 0.700100
vt 0.838000 0.722900
vt 0.835600 0.776600
vt 0.838000 0.776600
vt 0.564000 0.715600
vt 0.572100 0.784400
vt 0.572100 0.781400
vt 0.634200 0.781500
vt 0.634200 0.784400
vt 0.634700 0.784400
vt 0.634700 0.781500
vt 0.636300 0.781900
vt 0.636300 0.784400
vt 0.637200 0.784400
vt 0.637200 0.781900
vt 0.633300 0.784400
vt 0.633300 0.781500
vt 0.635900 0.784400
vt 0.635900 0.781900
vt 0.640700 0.784400
vt 0.640800 0.782000
vt 0.487400 0.781400
vt 0.487400 0.784500
vt 0.401100 0.865600
vt 0.401100 0.868200
vt 0.398600 0.868200
vt 0.398600 0.865600
vt 0.565700 0.072400
vt 0.557500 0.006600
vt 0.557500 0.003500
vt 0.495000 0.006500
vt 0.495000 0.003500
vt 0.495400 0.003500
vt 0.495400 0.006500
vt 0.492400 0.006000
vt 0.492400 0.003500
vt 0.493400 0.003500
vt 0.493400 0.006000
vt 0.496400 0.006500
vt 0.496400 0.003500
vt 0.493800 0.006100
vt 0.493800 0.003500
vt 0.488900 0.006000
vt 0.489000 0.003500
vt 0.642200 0.003500
vt 0.642200 0.006600
vt 0.218400 0.865600
vt 0.218400 0.868200
vt 0.215900 0.868200
vt 0.215900 0.865600
vt 0.387500 0.868200
vt 0.387500 0.865600
vt 0.387500 0.798200
vt 0.661500 0.699000
vt 0.663800 0.699000
vt 0.824500 0.700100
vt 0.824500 0.699000
vt 0.835600 0.699000
vt 0.838000 0.699000
vt 0.661500 0.688900
vt 0.663800 0.688900
vt 0.824500 0.688900
vt 0.835600 0.688900
vt 0.838000 0.688900
vt 0.722900 0.969000
vt 0.722900 0.972300
vt 0.674500 0.922300
vt 0.726200 0.928800
vt 0.722900 0.928800
vt 0.835600 0.928100
vt 0.776600 0.932000
vt 0.776600 0.928800
vt 0.824500 0.998300
vt 0.773100 0.972300
vt 0.776600 0.972300
vt 0.483500 0.927400
vt 0.483500 0.930400
vt 0.480700 0.930400
vt 0.480700 0.927400
vt 0.520700 0.934000
vt 0.517600 0.934000
vt 0.517600 0.931400
vt 0.520700 0.931400
vt 0.514000 0.977500
vt 0.514000 0.974400
vt 0.516700 0.974400
vt 0.516700 0.977500
vt 0.476700 0.970700
vt 0.479800 0.970700
vt 0.479800 0.973400
vt 0.476700 0.973400
vt 0.536700 0.366800
vt 0.534000 0.361800
vt 0.510200 0.422100
vt 0.487400 0.422100
vt 0.661500 0.928100
vt 0.663800 0.928100
vt 0.595700 0.426200
vt 0.593000 0.421200
vt 0.619400 0.365800
vt 0.642200 0.365800
vt 0.838000 0.928100
vt 0.483500 0.931400
vt 0.514000 0.931400
vt 0.514000 0.934000
vt 0.483500 0.934000
vt 0.722900 0.932000
vt 0.776600 0.969000
vt 0.514000 0.927400
vt 0.514000 0.930400
vt 0.480700 0.977500
vt 0.480700 0.974400
vt 0.483500 0.974400
vt 0.483500 0.977500
vt 0.516700 0.931400
vt 0.516700 0.934000
vt 0.516700 0.927400
vt 0.516700 0.930400
vt 0.674500 0.920900
vt 0.674500 0.918200
vt 0.387500 0.491400
vt 0.387500 0.492300
vt 0.387500 0.499700
vt 0.387500 0.500700
vt 0.480700 0.934000
vt 0.480700 0.931400
vt 0.674500 0.854700
vt 0.387500 0.490400
vt 0.387500 0.498800
vt 0.387500 0.503700
vt 0.387500 0.514200
vt 0.387500 0.505900
vt 0.824500 0.782100
vt 0.824500 0.784800
vt 0.824500 0.846900
vt 0.824500 0.847400
vt 0.824500 0.849000
vt 0.824500 0.849900
vt 0.824500 0.846000
vt 0.824500 0.848500
vt 0.824500 0.853400
vt 0.824500 0.722900
vt 0.824500 0.776600
vt 0.230000 0.868200
vt 0.230000 0.865600
vt 0.674500 0.699000
vt 0.674500 0.688900
vt 0.773100 0.928800
vt 0.674500 0.998300
vt 0.726200 0.972300
vt 0.520700 0.970700
vt 0.517600 0.970700
vt 0.476700 0.931400
vt 0.479800 0.931400
vt 0.479800 0.934000
vt 0.476700 0.934000
vt 0.514000 0.970700
vt 0.516700 0.970700
vt 0.520700 0.973500
vt 0.517600 0.973500
vt 0.514000 0.973500
vt 0.516700 0.973500
vt 0.725900 0.968300
vt 0.725900 0.971500
vt 0.728800 0.929600
vt 0.725900 0.929600
vt 0.773600 0.932700
vt 0.773600 0.929600
vt 0.770500 0.971500
vt 0.773600 0.971500
vt 0.725900 0.932700
vt 0.773600 0.968300
vt 0.770500 0.929600
vt 0.728800 0.971500
vt 0.480700 0.926400
vt 0.483500 0.926400
vt 0.521700 0.931400
vt 0.521700 0.934000
vt 0.516700 0.978500
vt 0.514000 0.978500
vt 0.475700 0.973400
vt 0.475700 0.970700
vt 0.514000 0.926400
vt 0.483500 0.978500
vt 0.480700 0.978500
vt 0.516700 0.926400
vt 0.521700 0.970700
vt 0.475700 0.934000
vt 0.475700 0.931400
vt 0.521700 0.973500
vt 0.216500 0.892400
vt 0.216500 0.892100
vt 0.217500 0.892100
vt 0.217600 0.892400
vt 0.650900 0.581600
vt 0.649800 0.581600
vt 0.649800 0.010200
vt 0.650900 0.010200
vt 0.998300 0.581500
vt 0.997300 0.581500
vt 0.997300 0.578400
vt 0.998300 0.578400
vt 0.827300 0.581500
vt 0.825600 0.581500
vt 0.825600 0.578400
vt 0.827300 0.578400
vt 0.354400 0.166300
vt 0.351400 0.166500
vt 0.351300 0.165500
vt 0.354400 0.165300
vt 0.994800 0.581500
vt 0.994800 0.578400
vt 0.644900 0.581600
vt 0.644900 0.010200
vt 0.644100 0.581600
vt 0.644100 0.010200
vt 0.357400 0.488900
vt 0.355000 0.488900
vt 0.355000 0.001900
vt 0.357400 0.001800
vt 0.217800 0.892100
vt 0.218200 0.892100
vt 0.218200 0.892400
vt 0.217800 0.892400
vt 0.649800 0.009100
vt 0.649800 0.008400
vt 0.650900 0.008400
vt 0.650900 0.009100
vt 0.997300 0.577800
vt 0.997300 0.576600
vt 0.998300 0.576600
vt 0.998300 0.577800
vt 0.825600 0.577800
vt 0.825600 0.576600
vt 0.827300 0.576600
vt 0.827300 0.577800
vt 0.358200 0.000800
vt 0.358300 0.001800
vt 0.357400 0.000900
vt 0.993900 0.576600
vt 0.993900 0.577800
vt 0.644900 0.009100
vt 0.644900 0.008400
vt 0.644100 0.009100
vt 0.644100 0.008400
vt 0.350500 0.162700
vt 0.351200 0.162700
vt 0.350600 0.165500
vt 0.354200 0.162400
vt 0.351100 0.161700
vt 0.354100 0.161400
vt 0.660800 0.965900
vt 0.656900 0.966500
vt 0.656900 0.964400
vt 0.660500 0.964200
vt 0.349900 0.002800
vt 0.349700 0.001400
vt 0.350400 0.001300
vt 0.350600 0.002800
vt 0.347000 0.224600
vt 0.344200 0.222300
vt 0.344300 0.219100
vt 0.346900 0.221900
vt 0.464400 0.366800
vt 0.461600 0.369400
vt 0.461700 0.368000
vt 0.464300 0.365400
vt 0.346100 0.398500
vt 0.343300 0.400600
vt 0.993900 0.581500
vt 0.993900 0.578400
vt 0.994800 0.005300
vt 0.997300 0.005300
vt 0.994800 0.576600
vt 0.466700 0.251300
vt 0.466700 0.252200
vt 0.465500 0.252200
vt 0.466000 0.251200
vt 0.461200 0.252000
vt 0.465200 0.254900
vt 0.461200 0.254500
vt 0.465100 0.255900
vt 0.461200 0.255500
vt 0.459700 0.371200
vt 0.459800 0.369600
vt 0.459800 0.255500
vt 0.459900 0.254400
vt 0.460100 0.251900
vt 0.460200 0.250900
vt 0.461300 0.251000
vt 0.466500 0.255000
vt 0.466500 0.256000
vt 0.466000 0.364000
vt 0.465800 0.365400
vt 0.350900 0.226100
vt 0.353000 0.228300
vt 0.353100 0.230400
vt 0.350700 0.228300
vt 0.352200 0.392800
vt 0.349900 0.394800
vt 0.350700 0.166500
vt 0.994800 0.577800
vt 0.649800 0.005400
vt 0.650900 0.005400
vt 0.644900 0.005400
vt 0.644100 0.005400
vt 0.216500 0.870400
vt 0.217600 0.870400
vt 0.350400 0.161800
vt 0.655800 0.966600
vt 0.655600 0.964300
vt 0.656900 0.798300
vt 0.660600 0.798500
vt 0.353500 0.001000
vt 0.353600 0.002400
vt 0.993900 0.005300
vt 0.355000 0.000900
vt 0.425200 0.891700
vt 0.425200 0.891900
vt 0.998300 0.005300
vt 0.825600 0.005300
vt 0.827300 0.005300
vt 0.358300 0.488900
vt 0.217800 0.870400
vt 0.218200 0.870400
vt 0.419800 0.814800
vt 0.419800 0.814600
vt 0.420100 0.814600
vt 0.420100 0.814800
vt 0.419800 0.863900
vt 0.419800 0.863500
vt 0.420100 0.863500
vt 0.420100 0.863900
vt 0.216500 0.870100
vt 0.217600 0.870100
vt 0.001900 0.991200
vt 0.652900 0.991200
vt 0.652900 0.992400
vt 0.001900 0.992400
vt 0.651700 0.581600
vt 0.651700 0.578600
vt 0.652700 0.578600
vt 0.652700 0.581600
vt 0.822700 0.581600
vt 0.822700 0.578600
vt 0.824400 0.578600
vt 0.824400 0.581600
vt 0.359300 0.000900
vt 0.360200 0.000900
vt 0.360100 0.003500
vt 0.359300 0.003500
vt 0.655200 0.578600
vt 0.655200 0.581600
vt 0.652900 0.997600
vt 0.001900 0.997600
vt 0.652900 0.998400
vt 0.001900 0.998400
vt 0.360100 0.488900
vt 0.360100 0.005000
vt 0.362500 0.005000
vt 0.362500 0.488900
vt 0.217800 0.870100
vt 0.218200 0.870100
vt 0.654200 0.992400
vt 0.654200 0.991200
vt 0.655000 0.991200
vt 0.655000 0.992400
vt 0.652700 0.577900
vt 0.651700 0.577900
vt 0.651700 0.576700
vt 0.652700 0.576700
vt 0.824400 0.577900
vt 0.822700 0.577900
vt 0.822700 0.576700
vt 0.824400 0.576700
vt 0.359300 0.004100
vt 0.360100 0.004100
vt 0.359300 0.005000
vt 0.656200 0.577900
vt 0.656200 0.576700
vt 0.654200 0.997600
vt 0.655000 0.997600
vt 0.654200 0.998400
vt 0.655000 0.998400
vt 0.362500 0.004100
vt 0.362500 0.003500
vt 0.424800 0.870300
vt 0.629100 0.835000
vt 0.628100 0.835000
vt 0.628300 0.831900
vt 0.629200 0.832000
vt 0.660800 0.796700
vt 0.657000 0.796200
vt 0.655700 0.798300
vt 0.468500 0.832200
vt 0.468500 0.832900
vt 0.467000 0.832800
vt 0.467100 0.832100
vt 0.346000 0.401100
vt 0.343300 0.403900
vt 0.647300 0.789100
vt 0.647400 0.787200
vt 0.651100 0.790900
vt 0.651200 0.792900
vt 0.656200 0.578600
vt 0.656200 0.581600
vt 0.655200 0.005400
vt 0.655200 0.576700
vt 0.652700 0.005400
vt 0.644500 0.626200
vt 0.645500 0.626200
vt 0.646200 0.627500
vt 0.644500 0.627600
vt 0.652100 0.627400
vt 0.652200 0.630900
vt 0.646500 0.631400
vt 0.652100 0.632300
vt 0.646600 0.632700
vt 0.653800 0.793200
vt 0.653800 0.795400
vt 0.654100 0.632300
vt 0.653700 0.627300
vt 0.653900 0.630800
vt 0.652100 0.626000
vt 0.653600 0.625900
vt 0.644600 0.631500
vt 0.644600 0.632900
vt 0.645300 0.787200
vt 0.645200 0.785100
vt 0.350000 0.397000
vt 0.352100 0.394900
vt 0.655200 0.577900
vt 0.658500 0.991200
vt 0.658500 0.992400
vt 0.658500 0.997600
vt 0.658500 0.998400
vt 0.362600 0.000900
vt 0.628300 0.831300
vt 0.629200 0.831300
vt 0.655900 0.796100
vt 0.468300 0.836000
vt 0.466800 0.835900
vt 0.656200 0.005400
vt 0.424800 0.870000
vt 0.651700 0.005400
vt 0.822700 0.005400
vt 0.824400 0.005400
vt 0.359300 0.488900
vt 0.456700 0.814800
vt 0.456400 0.814800
vt 0.456400 0.814600
vt 0.456700 0.814600
vt 0.456700 0.863900
vt 0.456400 0.863900
vt 0.456400 0.863500
vt 0.456700 0.863500
vt 0.461300 0.864000
vt 0.461300 0.814500
vt 0.463900 0.814500
vt 0.463900 0.864000
vt 0.026700 0.002000
vt 0.028200 0.002000
vt 0.028200 0.467300
vt 0.026700 0.467300
vt 0.019600 0.002000
vt 0.021100 0.002000
vt 0.021100 0.467300
vt 0.019600 0.467300
vt 0.021600 0.002000
vt 0.021600 0.467300
vt 0.026200 0.002000
vt 0.026200 0.467300
vt 0.022700 0.002000
vt 0.022900 0.002000
vt 0.022900 0.467300
vt 0.022700 0.467300
vt 0.022500 0.002000
vt 0.022500 0.467300
vt 0.025400 0.467300
vt 0.025400 0.002000
vt 0.025100 0.002000
vt 0.025100 0.467300
vt 0.025200 0.002000
vt 0.025200 0.467300
vt 0.009000 0.002000
vt 0.009000 0.467300
vt 0.010500 0.467300
vt 0.010500 0.002000
vt 0.001900 0.002000
vt 0.001900 0.467300
vt 0.003400 0.467300
vt 0.003400 0.002000
vt 0.003900 0.467300
vt 0.003900 0.002000
vt 0.008500 0.002000
vt 0.008500 0.467300
vt 0.004900 0.002000
vt 0.004900 0.467300
vt 0.005100 0.467300
vt 0.005100 0.002000
vt 0.004700 0.467300
vt 0.004700 0.002000
vt 0.007700 0.002000
vt 0.007700 0.467300
vt 0.007300 0.467300
vt 0.007300 0.002000
vt 0.007500 0.467300
vt 0.007500 0.002000
vt 0.035600 0.002000
vt 0.037100 0.002000
vt 0.037100 0.467300
vt 0.035600 0.467300
vt 0.028500 0.002000
vt 0.030000 0.002000
vt 0.030000 0.467300
vt 0.028500 0.467300
vt 0.030500 0.002000
vt 0.030500 0.467300
vt 0.035200 0.002000
vt 0.035200 0.467300
vt 0.031600 0.002000
vt 0.031800 0.002000
vt 0.031800 0.467300
vt 0.031600 0.467300
vt 0.031400 0.002000
vt 0.031400 0.467300
vt 0.034300 0.467300
vt 0.034300 0.002000
vt 0.034000 0.002000
vt 0.034000 0.467300
vt 0.034100 0.002000
vt 0.034100 0.467300
vt 0.017900 0.002000
vt 0.017900 0.467300
vt 0.019400 0.467300
vt 0.019400 0.002000
vt 0.010800 0.002000
vt 0.010800 0.467300
vt 0.012300 0.467300
vt 0.012300 0.002000
vt 0.012800 0.467300
vt 0.012800 0.002000
vt 0.017400 0.002000
vt 0.017400 0.467300
vt 0.013800 0.002000
vt 0.013800 0.467300
vt 0.014000 0.467300
vt 0.014000 0.002000
vt 0.013600 0.467300
vt 0.013600 0.002000
vt 0.016600 0.002000
vt 0.016600 0.467300
vt 0.016200 0.467300
vt 0.016200 0.002000
vt 0.016400 0.467300
vt 0.016400 0.002000
vt 0.333600 0.464800
vt 0.331600 0.464800
vt 0.331600 0.463300
vt 0.333600 0.463300
vt 0.339900 0.466000
vt 0.338000 0.466000
vt 0.338000 0.004200
vt 0.339900 0.004200
vt 0.344000 0.001800
vt 0.345900 0.001800
vt 0.345900 0.004300
vt 0.344000 0.004300
vt 0.331600 0.000700
vt 0.330100 0.464500
vt 0.329700 0.000700
vt 0.335100 0.464500
vt 0.335100 0.466000
vt 0.338000 0.001900
vt 0.336300 0.003600
vt 0.336300 0.000700
vt 0.341700 0.003600
vt 0.341900 0.466000
vt 0.345900 0.209200
vt 0.345900 0.207500
vt 0.347400 0.208100
vt 0.347400 0.210700
vt 0.342500 0.004300
vt 0.342500 0.000600
vt 0.333600 0.000700
vt 0.330100 0.466000
vt 0.335500 0.000700
vt 0.344000 0.207500
vt 0.347400 0.000600
vt 0.347400 0.004300
vt 0.342500 0.208100
vt 0.344000 0.209200
vt 0.342500 0.210700
vt 0.339900 0.001900
vt 0.336000 0.466000
vt 0.341600 0.000700
vt 0.502900 0.858300
vt 0.508300 0.858300
vt 0.508300 0.878500
vt 0.502900 0.878500
vt 0.513800 0.858300
vt 0.513800 0.878500
vt 0.470200 0.858300
vt 0.475600 0.858300
vt 0.475600 0.878500
vt 0.470200 0.878500
vt 0.481100 0.858300
vt 0.481100 0.878500
vt 0.486500 0.858300
vt 0.486500 0.878500
vt 0.492000 0.858300
vt 0.492000 0.878500
vt 0.497400 0.858300
vt 0.497400 0.878500
vt 0.502900 0.879800
vt 0.502900 0.900000
vt 0.508400 0.900000
vt 0.508400 0.879800
vt 0.513800 0.900000
vt 0.513800 0.879800
vt 0.470200 0.879800
vt 0.470200 0.900000
vt 0.475700 0.900000
vt 0.475700 0.879800
vt 0.481100 0.900000
vt 0.481100 0.879800
vt 0.486600 0.900000
vt 0.486600 0.879800
vt 0.492000 0.900000
vt 0.492000 0.879800
vt 0.497500 0.900000
vt 0.497500 0.879800
vt 0.502900 0.900700
vt 0.502900 0.920900
vt 0.508400 0.920900
vt 0.508400 0.900700
vt 0.513800 0.920900
vt 0.513800 0.900700
vt 0.470200 0.900700
vt 0.470200 0.920900
vt 0.475700 0.920900
vt 0.475700 0.900700
vt 0.481100 0.920900
vt 0.481100 0.900700
vt 0.486600 0.920900
vt 0.486600 0.900700
vt 0.492000 0.920900
vt 0.492000 0.900700
vt 0.497500 0.920900
vt 0.497500 0.900700
vt 0.502900 0.836900
vt 0.508300 0.836900
vt 0.508300 0.857100
vt 0.502900 0.857100
vt 0.513800 0.836900
vt 0.513800 0.857100
vt 0.470200 0.836900
vt 0.475600 0.836900
vt 0.475600 0.857100
vt 0.470200 0.857100
vt 0.481100 0.836900
vt 0.481100 0.857100
vt 0.486500 0.836900
vt 0.486500 0.857100
vt 0.492000 0.836900
vt 0.492000 0.857100
vt 0.497400 0.836900
vt 0.497400 0.857100
vt 0.464100 0.392200
vt 0.464100 0.393500
vt 0.462900 0.393500
vt 0.462900 0.392200
vt 0.463800 0.469800
vt 0.463800 0.538900
vt 0.462600 0.538900
vt 0.462600 0.469800
vt 0.478200 0.380600
vt 0.478200 0.381900
vt 0.477400 0.381900
vt 0.477400 0.380600
vt 0.291800 0.893800
vt 0.293100 0.893800
vt 0.293100 0.895600
vt 0.291800 0.895600
vt 0.448900 0.392200
vt 0.448900 0.391400
vt 0.462900 0.391400
vt 0.463800 0.544900
vt 0.463800 0.545700
vt 0.462600 0.545700
vt 0.462600 0.544900
vt 0.291800 0.962500
vt 0.290700 0.962500
vt 0.290700 0.905900
vt 0.291800 0.905900
vt 0.465100 0.904900
vt 0.466500 0.904900
vt 0.466500 0.909500
vt 0.465100 0.909500
vt 0.478200 0.552900
vt 0.478200 0.553900
vt 0.477400 0.553900
vt 0.477400 0.552900
vt 0.466300 0.380600
vt 0.466300 0.379200
vt 0.477400 0.379200
vt 0.465100 0.893800
vt 0.466500 0.893800
vt 0.466500 0.895600
vt 0.465100 0.895600
vt 0.291800 0.904900
vt 0.290700 0.904900
vt 0.290700 0.904300
vt 0.291800 0.904300
vt 0.466200 0.816100
vt 0.467500 0.816100
vt 0.467500 0.817200
vt 0.466200 0.817200
vt 0.911200 0.988700
vt 0.854600 0.988700
vt 0.854600 0.987600
vt 0.911200 0.987600
vt 0.287100 0.893700
vt 0.287100 0.901400
vt 0.285200 0.901400
vt 0.285200 0.893700
vt 0.462800 0.467300
vt 0.448800 0.467300
vt 0.448900 0.393500
vt 0.448600 0.544900
vt 0.448600 0.538900
vt 0.466300 0.552900
vt 0.466300 0.551600
vt 0.477400 0.551600
vt 0.462900 0.377700
vt 0.464100 0.377700
vt 0.464100 0.380100
vt 0.462900 0.380100
vt 0.462600 0.559400
vt 0.448600 0.559400
vt 0.448600 0.557000
vt 0.462600 0.557000
vt 0.477400 0.556500
vt 0.466300 0.556500
vt 0.466300 0.553900
vt 0.477400 0.376900
vt 0.478200 0.376900
vt 0.478200 0.379200
vt 0.465100 0.904300
vt 0.463800 0.904300
vt 0.463800 0.895600
vt 0.448900 0.380100
vt 0.448900 0.377700
vt 0.463800 0.557000
vt 0.463800 0.559400
vt 0.468800 0.895600
vt 0.468800 0.904300
vt 0.466500 0.904300
vt 0.288100 0.895600
vt 0.288100 0.893800
vt 0.290700 0.893800
vt 0.290700 0.895600
vt 0.464100 0.391400
vt 0.448600 0.545700
vt 0.288100 0.904300
vt 0.463800 0.904900
vt 0.468800 0.904900
vt 0.468800 0.909500
vt 0.466300 0.376900
vt 0.468800 0.893800
vt 0.466500 0.962500
vt 0.465100 0.962500
vt 0.287100 0.989400
vt 0.285200 0.989400
vt 0.448600 0.469800
vt 0.468800 0.962500
vt 0.478200 0.551600
vt 0.463800 0.893800
vt 0.638000 0.816100
vt 0.639400 0.816100
vt 0.639400 0.817200
vt 0.638000 0.817200
vt 0.466300 0.381900
vt 0.293100 0.904300
vt 0.293100 0.904900
vt 0.463900 0.467300
vt 0.288100 0.905900
vt 0.288100 0.904900
vt 0.853600 0.988700
vt 0.853600 0.987600
vt 0.288100 0.962500
vt 0.478200 0.556500
vt 0.467500 0.830000
vt 0.466200 0.830000
vt 0.854600 0.974900
vt 0.911200 0.974900
vt 0.264200 0.901400
vt 0.264200 0.893700
vt 0.264200 0.989400
vt 0.639400 0.830000
vt 0.638000 0.830000
vt 0.853600 0.974900
vt 0.001700 0.468000
vt 0.268200 0.468000
vt 0.268200 0.475000
vt 0.001700 0.475000
vt 0.001700 0.475300
vt 0.268200 0.475300
vt 0.268200 0.488800
vt 0.001700 0.488800
vt 0.656500 0.686600
vt 0.656500 0.664900
vt 0.837700 0.664900
vt 0.837700 0.686600
vt 0.837700 0.663900
vt 0.656500 0.663900
vt 0.656500 0.596500
vt 0.837700 0.596500
vt 0.458000 0.936800
vt 0.458000 0.939100
vt 0.455800 0.939100
vt 0.455800 0.936800
vt 0.458000 0.982200
vt 0.458000 0.979800
vt 0.459900 0.979800
vt 0.459900 0.982200
vt 0.455800 0.934900
vt 0.458000 0.934900
vt 0.301200 0.936800
vt 0.301200 0.939100
vt 0.299200 0.939100
vt 0.299200 0.936800
vt 0.301200 0.982200
vt 0.303100 0.982200
vt 0.303100 0.984200
vt 0.301200 0.984200
vt 0.455800 0.979800
vt 0.459900 0.936800
vt 0.459900 0.939100
vt 0.301200 0.979800
vt 0.299200 0.979800
vt 0.303100 0.939100
vt 0.303100 0.936800
vt 0.303100 0.934900
vt 0.455800 0.982200
vt 0.458000 0.984200
vt 0.455800 0.984200
vt 0.303100 0.979800
vt 0.299200 0.982200
vt 0.463800 0.979800
vt 0.463800 0.982200
vt 0.455800 0.931100
vt 0.458000 0.931100
vt 0.295400 0.939100
vt 0.295400 0.936800
vt 0.455800 0.988000
vt 0.303100 0.988000
vt 0.463800 0.936800
vt 0.463800 0.939100
vt 0.295400 0.979800
vt 0.301200 0.934900
vt 0.301200 0.931100
vt 0.303100 0.931100
vt 0.458000 0.988000
vt 0.295400 0.982200
vt 0.301200 0.988000
s 1
usemtl Heladera
f 1/1/1 2/2/1 3/3/1 4/4/1
f 5/5/2 6/6/3 7/7/4 8/8/5
f 9/9/6 10/10/7 11/11/8 12/12/9
f 13/13/10 14/14/8 15/15/11 16/16/11
f 17/17/12 10/18/7 18/19/13 19/20/13
f 17/21/12 20/22/14 21/23/15 22/24/16
f 13/25/10 23/26/17 24/27/18 25/28/19
f 26/29/16 27/30/20 28/31/11 29/32/11
f 16/16/11 30/33/11 23/34/17 13/13/10
f 9/35/6 31/36/21 32/37/13 33/38/13
f 19/20/13 34/39/13 20/40/14 17/17/12
f 6/6/3 35/41/22 36/42/4 7/7/4
f 37/43/12 26/44/16 14/45/8 38/46/7
f 6/47/3 5/48/2 39/49/23 40/50/24
f 41/51/25 42/52/25 43/53/26 44/54/27
f 45/55/28 46/56/28 47/57/29 48/58/30
f 49/59/31 50/60/31 51/61/11 52/62/11
f 53/63/13 54/64/13 46/65/28 45/66/28
f 49/67/31 55/68/32 56/69/33 57/70/34
f 58/71/35 59/72/36 41/73/25 44/74/27
f 60/75/11 61/76/11 59/77/36 58/78/35
f 62/79/37 63/80/38 64/81/13 65/82/13
f 62/83/37 66/84/39 67/85/40 68/86/41
f 69/87/3 70/88/42 71/89/43 72/90/4
f 73/91/25 63/92/38 62/83/37 68/86/41
f 69/93/3 74/94/3 75/95/24 76/96/24
f 37/97/12 38/98/7 77/99/13 78/100/13
f 57/101/34 56/102/33 79/103/13 80/104/44
f 25/105/19 24/106/18 81/107/13 82/108/13
f 44/109/27 43/110/26 83/111/4 84/112/43
f 48/113/30 85/114/45 86/115/46 87/116/47
f 12/117/9 11/118/8 88/119/11 89/120/11
f 22/121/16 21/122/15 90/123/11 91/124/11
f 68/125/41 67/126/40 92/127/11 93/128/5
f 74/129/3 69/87/3 72/90/4 94/130/4
f 74/94/3 35/131/22 95/132/24 75/95/24
f 85/114/45 96/133/45 97/134/46 86/115/46
f 98/135/33 45/55/28 48/58/30 99/136/32
f 100/137/13 53/63/13 45/66/28 98/138/33
f 99/139/32 48/140/30 87/141/47 101/142/11
f 35/41/22 74/129/3 94/130/4 36/42/4
f 35/131/22 6/143/3 40/144/24 95/132/24
f 96/133/45 57/145/34 80/146/44 97/134/46
f 55/147/32 49/59/31 52/62/11 102/148/11
f 55/68/32 27/149/20 103/150/48 56/69/33
f 56/102/33 103/151/48 104/152/13 79/103/13
f 105/153/49 58/71/35 44/74/27 106/154/50
f 107/155/11 60/75/11 58/78/35 105/156/49
f 106/157/50 44/158/27 84/159/43 108/160/13
f 42/52/25 109/161/25 110/162/26 43/53/26
f 43/110/26 110/163/26 111/164/4 83/111/4
f 109/161/25 73/165/25 68/166/41 110/162/26
f 110/163/26 68/167/41 93/168/5 111/164/4
f 66/169/39 62/79/37 65/82/13 112/170/13
f 66/84/39 31/171/21 113/172/51 67/85/40
f 67/126/40 113/173/51 114/174/11 92/127/11
f 82/108/13 115/175/13 116/176/13 77/99/13
f 79/103/13 117/177/13 118/178/52 80/104/44
f 108/160/13 119/179/13 120/180/13 81/107/13
f 83/111/4 121/181/4 122/182/53 84/112/43
f 86/115/46 123/183/46 124/184/54 87/116/47
f 91/124/11 125/185/11 126/186/11 88/119/11
f 101/142/11 127/187/11 128/188/11 90/123/11
f 92/127/11 129/189/11 130/190/55 93/128/5
f 97/134/46 131/191/46 123/183/46 86/115/46
f 87/141/47 124/192/54 127/187/11 101/142/11
f 80/146/44 118/193/52 131/191/46 97/134/46
f 78/100/13 132/194/13 133/195/13 104/152/13
f 84/159/43 122/196/53 119/179/13 108/160/13
f 111/164/4 134/197/4 121/181/4 83/111/4
f 93/168/5 130/198/55 134/197/4 111/164/4
f 89/120/11 135/199/11 136/200/11 114/174/11
f 39/49/23 50/201/31 137/202/29 40/50/24
f 138/203/56 70/204/42 69/205/3 76/206/24
f 39/207/23 5/208/2 8/209/5 139/210/11
f 140/211/13 71/212/43 70/213/42 138/214/56
f 75/95/24 141/215/29 47/216/29 76/96/24
f 95/132/24 142/217/29 141/215/29 75/95/24
f 40/144/24 137/218/29 142/217/29 95/132/24
f 46/56/28 138/203/56 76/206/24 47/57/29
f 50/60/31 39/207/23 139/210/11 51/61/11
f 54/64/13 140/211/13 138/214/56 46/65/28
f 50/201/31 49/67/31 57/70/34 137/202/29
f 141/215/29 85/219/45 48/220/30 47/216/29
f 142/217/29 96/221/45 85/219/45 141/215/29
f 137/218/29 57/222/34 96/221/45 142/217/29
f 10/10/7 17/21/12 22/24/16 11/11/8
f 14/14/8 26/29/16 29/32/11 15/15/11
f 10/18/7 9/35/6 33/38/13 18/19/13
f 20/22/14 98/135/33 99/136/32 21/23/15
f 23/26/17 105/153/49 106/154/50 24/27/18
f 27/30/20 55/147/32 102/148/11 28/31/11
f 30/33/11 107/155/11 105/156/49 23/34/17
f 31/36/21 66/169/39 112/170/13 32/37/13
f 34/39/13 100/137/13 98/138/33 20/40/14
f 14/45/8 13/25/10 25/28/19 38/46/7
f 38/98/7 25/105/19 82/108/13 77/99/13
f 24/106/18 106/157/50 108/160/13 81/107/13
f 11/118/8 22/121/16 91/124/11 88/119/11
f 21/122/15 99/139/32 101/142/11 90/123/11
f 27/149/20 26/44/16 37/43/12 103/150/48
f 103/151/48 37/97/12 78/100/13 104/152/13
f 31/171/21 9/9/6 12/12/9 113/172/51
f 113/173/51 12/117/9 89/120/11 114/174/11
f 116/176/13 132/194/13 78/100/13 77/99/13
f 120/180/13 115/175/13 82/108/13 81/107/13
f 126/186/11 135/199/11 89/120/11 88/119/11
f 128/188/11 125/185/11 91/124/11 90/123/11
f 133/195/13 117/177/13 79/103/13 104/152/13
f 136/200/11 129/189/11 92/127/11 114/174/11
f 143/223/57 144/224/58 145/225/58 146/226/57
f 147/227/59 148/228/60 149/229/60 150/230/59
f 144/224/58 151/231/61 152/232/61 145/225/58
f 153/233/62 143/223/57 146/226/57 154/234/62
f 155/235/63 153/233/62 154/234/62 156/236/63
f 157/237/64 155/238/63 156/239/63 158/240/64
f 151/231/61 147/227/59 150/230/59 152/232/61
f 148/228/60 157/237/64 158/240/64 149/229/60
f 159/241/65 160/242/58 161/243/58 162/244/65
f 163/245/66 164/246/60 165/247/60 166/248/66
f 160/242/58 167/249/61 168/250/61 161/243/58
f 169/251/62 159/241/65 162/244/65 170/252/62
f 171/253/67 169/251/62 170/252/62 172/254/67
f 173/255/64 171/256/67 172/257/67 174/258/64
f 167/249/61 163/245/66 166/248/66 168/250/61
f 164/246/60 173/255/64 174/258/64 165/247/60
f 175/259/65 176/260/58 177/261/58 178/262/65
f 179/263/59 180/264/60 181/265/60 182/266/59
f 176/260/58 183/267/61 184/268/61 177/261/58
f 185/269/62 175/259/65 178/262/65 186/270/62
f 187/271/63 185/269/62 186/270/62 188/272/63
f 189/273/64 187/274/63 188/275/63 190/276/64
f 183/267/61 179/263/59 182/266/59 184/268/61
f 180/264/60 189/273/64 190/276/64 181/265/60
f 191/277/57 192/278/58 193/279/58 194/280/57
f 195/281/68 196/282/60 197/283/60 198/284/68
f 192/278/58 199/285/69 200/286/69 193/279/58
f 201/287/62 191/277/57 194/280/57 202/288/62
f 203/289/63 201/287/62 202/288/62 204/290/63
f 205/291/64 203/292/63 204/293/63 206/294/64
f 199/285/69 195/281/68 198/284/68 200/286/69
f 196/282/60 205/291/64 206/294/64 197/283/60
f 207/295/65 208/296/58 209/297/58 210/298/65
f 211/299/66 212/300/60 213/301/60 214/302/66
f 208/296/58 215/303/61 216/304/61 209/297/58
f 217/305/62 207/295/65 210/298/65 218/306/62
f 219/307/67 217/305/62 218/306/62 220/308/67
f 221/309/64 219/310/67 220/311/67 222/312/64
f 215/303/61 211/299/66 214/302/66 216/304/61
f 212/300/60 221/309/64 222/312/64 213/301/60
f 223/313/70 224/314/1 225/315/1 226/316/71
f 227/317/72 228/318/73 229/319/74 230/320/75
f 231/321/76 232/322/77 233/323/13 234/324/44
f 235/325/78 236/326/79 237/327/4 238/328/43
f 239/329/80 240/330/79 241/331/4 242/332/5
f 243/333/81 244/334/82 245/335/11 246/336/47
f 247/337/83 248/338/84 249/339/85 250/340/86
f 247/341/83 251/342/1 252/343/1 253/344/87
f 243/345/81 254/346/88 255/347/89 256/348/89
f 239/349/80 257/350/82 258/351/89 259/352/89
f 260/353/90 261/354/1 262/355/1 263/356/90
f 254/357/88 264/358/46 265/359/46 266/360/88
f 267/361/91 268/362/92 269/363/92 270/364/91
f 240/365/79 271/366/89 272/367/89 273/368/79
f 260/353/90 274/369/93 275/370/1 261/354/1
f 254/357/88 243/371/81 246/372/47 264/358/46
f 267/361/91 276/373/94 277/374/95 268/362/92
f 278/375/87 274/376/93 279/377/96 280/378/97
f 281/379/77 235/380/78 238/381/43 282/382/13
f 244/334/82 257/383/82 283/384/11 245/335/11
f 284/385/98 285/386/99 286/387/1 287/388/1
f 244/389/82 243/390/81 256/391/89 288/392/89
f 240/330/79 273/393/79 289/394/4 241/331/4
f 290/395/100 291/396/100 292/397/101 293/398/101
f 294/399/88 231/400/76 234/401/44 295/402/46
f 240/365/79 239/403/80 259/404/89 271/366/89
f 253/344/87 278/375/87 280/378/97 296/405/97
f 232/322/77 281/379/77 282/382/13 233/323/13
f 297/406/98 284/385/98 287/388/1 298/407/1
f 257/350/82 244/389/82 288/392/89 258/351/89
f 257/383/82 239/408/80 242/409/5 283/384/11
f 299/410/102 248/411/84 296/405/97 300/412/97
f 299/413/102 301/414/73 302/415/103 303/416/85
f 304/417/104 305/418/104 306/419/104 307/420/104
f 308/421/105 279/422/96 305/418/104 304/417/104
f 308/423/105 309/424/106 310/425/97 311/426/97
f 311/426/97 310/425/97 312/427/97 300/412/97
f 313/428/1 251/429/1 314/430/1 315/431/1
f 313/432/1 224/433/1 298/407/1 316/434/1
f 317/435/1 286/436/1 318/437/1 319/438/1
f 317/439/1 275/440/1 320/441/1 321/442/1
f 321/442/1 320/441/1 252/343/1 316/434/1
f 224/314/1 313/428/1 315/431/1 225/315/1
f 286/387/1 317/439/1 321/442/1 287/388/1
f 287/388/1 321/442/1 316/434/1 298/407/1
f 224/433/1 223/443/70 297/406/98 298/407/1
f 286/436/1 285/444/99 322/445/107 318/437/1
f 323/446/1 324/447/71 226/316/71 225/315/1
f 325/448/13 297/406/98 223/443/70 326/449/44
f 327/450/4 322/445/107 285/444/99 328/451/43
f 328/452/43 285/386/99 284/385/98 329/453/13
f 326/454/44 223/313/70 226/316/71 330/455/46
f 329/453/13 284/385/98 297/406/98 325/448/13
f 301/456/73 299/410/102 300/412/97 312/427/97
f 331/457/104 304/417/104 307/420/104 332/458/104
f 309/459/106 308/421/105 304/417/104 331/457/104
f 301/414/73 228/460/73 293/398/101 302/415/103
f 309/424/106 277/461/95 333/462/108 310/425/97
f 310/425/97 333/462/108 229/319/74 312/427/97
f 241/331/4 334/463/4 335/464/5 242/332/5
f 245/335/11 336/465/11 337/466/47 246/336/47
f 264/358/46 338/467/46 339/468/46 265/359/46
f 246/372/47 337/469/47 338/467/46 264/358/46
f 283/384/11 340/470/11 336/465/11 245/335/11
f 289/394/4 341/471/4 334/463/4 241/331/4
f 242/409/5 335/472/5 340/470/11 283/384/11
f 342/473/89 236/474/79 235/475/78 343/476/89
f 344/477/89 232/478/77 231/479/76 345/480/89
f 346/481/89 294/482/88 347/483/88 348/484/89
f 343/485/89 235/486/78 281/487/77 349/488/89
f 345/489/89 231/490/76 294/482/88 346/481/89
f 349/488/89 281/487/77 232/478/77 344/477/89
f 255/347/89 342/473/89 343/476/89 256/348/89
f 258/351/89 344/477/89 345/480/89 259/352/89
f 256/391/89 343/485/89 349/488/89 288/392/89
f 259/404/89 345/489/89 346/481/89 271/366/89
f 288/392/89 349/488/89 344/477/89 258/351/89
f 233/323/13 325/448/13 326/449/44 234/324/44
f 237/327/4 327/450/4 328/451/43 238/328/43
f 238/381/43 328/452/43 329/453/13 282/382/13
f 234/401/44 326/454/44 330/455/46 295/402/46
f 282/382/13 329/453/13 325/448/13 233/323/13
f 248/338/84 299/413/102 303/416/85 249/339/85
f 279/377/96 308/423/105 311/426/97 280/378/97
f 280/378/97 311/426/97 300/412/97 296/405/97
f 248/411/84 247/341/83 253/344/87 296/405/97
f 279/422/96 274/369/93 260/353/90 305/418/104
f 350/491/85 351/492/86 250/340/86 249/339/85
f 251/342/1 313/432/1 316/434/1 252/343/1
f 275/370/1 317/435/1 319/438/1 261/354/1
f 352/493/1 353/494/1 315/431/1 314/430/1
f 251/429/1 247/337/83 250/340/86 314/430/1
f 275/440/1 274/376/93 278/375/87 320/441/1
f 320/441/1 278/375/87 253/344/87 252/343/1
f 228/318/73 301/456/73 312/427/97 229/319/74
f 277/374/95 309/459/106 331/457/104 268/362/92
f 228/460/73 227/495/72 290/395/100 293/398/101
f 277/461/95 276/496/94 354/497/75 333/462/108
f 333/462/108 354/497/75 230/320/75 229/319/74
f 334/463/4 290/395/100 227/495/72 335/464/5
f 336/465/11 354/497/75 276/496/94 337/466/47
f 338/467/46 267/361/91 270/364/91 339/468/46
f 337/469/47 276/373/94 267/361/91 338/467/46
f 340/470/11 230/320/75 354/497/75 336/465/11
f 335/472/5 227/317/72 230/320/75 340/470/11
f 355/498/109 324/447/71 323/446/1 356/499/1
f 357/500/110 358/501/111 359/502/112 360/503/113
f 361/504/114 362/505/47 363/506/11 364/507/82
f 365/508/115 366/509/5 367/510/4 368/511/79
f 369/512/116 370/513/43 289/394/4 273/393/79
f 371/514/117 372/515/44 373/516/13 374/517/77
f 375/518/118 351/492/86 350/491/85 376/519/119
f 375/520/118 377/521/120 378/522/1 379/523/1
f 371/524/117 380/525/89 381/526/89 266/527/88
f 369/528/116 382/529/89 383/530/89 384/531/77
f 294/399/88 295/402/46 385/532/46 347/533/88
f 368/511/79 367/510/4 237/327/4 236/326/79
f 266/527/88 381/526/89 255/347/89 254/346/88
f 263/356/90 262/355/1 386/534/1 387/535/121
f 266/360/88 265/359/46 372/536/44 371/537/117
f 270/364/91 269/363/92 388/538/122 389/539/123
f 390/540/120 391/541/124 392/542/125 387/543/121
f 393/544/82 394/545/11 366/546/5 365/547/115
f 374/517/77 373/516/13 395/548/13 384/549/77
f 396/550/126 397/551/1 398/552/1 399/553/127
f 374/554/77 400/555/89 380/556/89 371/557/117
f 351/492/86 352/493/1 314/430/1 250/340/86
f 347/533/88 385/532/46 362/558/47 361/559/114
f 273/368/79 272/367/89 382/560/89 369/561/116
f 377/521/120 401/562/124 391/541/124 390/540/120
f 364/507/82 363/506/11 394/545/11 393/544/82
f 402/563/126 403/564/1 397/551/1 396/550/126
f 384/531/77 383/530/89 400/555/89 374/554/77
f 384/549/77 395/548/13 370/565/43 369/566/116
f 404/567/128 405/568/124 401/562/124 376/569/119
f 404/570/128 406/571/85 407/572/103 408/573/113
f 409/574/129 307/420/104 306/419/104 392/575/125
f 409/576/129 410/577/124 411/578/124 412/579/130
f 406/571/85 350/491/85 249/339/85 303/416/85
f 410/577/124 405/568/124 413/580/124 411/578/124
f 414/581/1 353/494/1 352/493/1 379/582/1
f 414/583/1 415/584/1 403/564/1 356/585/1
f 416/586/1 319/438/1 318/437/1 417/587/1
f 418/588/1 416/586/1 417/587/1 398/589/1
f 418/590/1 419/591/1 420/592/1 386/593/1
f 353/494/1 323/446/1 225/315/1 315/431/1
f 419/591/1 415/584/1 378/522/1 420/592/1
f 356/499/1 323/446/1 353/494/1 414/581/1
f 398/552/1 397/551/1 419/591/1 418/590/1
f 397/551/1 403/564/1 415/584/1 419/591/1
f 356/585/1 403/564/1 402/563/126 355/594/109
f 417/587/1 318/437/1 322/445/107 421/595/107
f 398/589/1 417/587/1 421/595/107 399/596/127
f 422/597/11 423/598/47 355/594/109 402/563/126
f 424/599/4 425/600/5 399/596/127 421/595/107
f 426/601/46 330/455/46 226/316/71 324/447/71
f 424/599/4 421/595/107 322/445/107 327/450/4
f 425/602/5 427/603/11 396/550/126 399/553/127
f 423/604/47 426/601/46 324/447/71 355/498/109
f 427/603/11 422/597/11 402/563/126 396/550/126
f 408/605/113 413/580/124 405/568/124 404/567/128
f 412/606/130 332/458/104 307/420/104 409/574/129
f 407/572/103 406/571/85 303/416/85 302/415/103
f 408/573/113 407/572/103 292/397/101 360/607/113
f 412/579/130 411/578/124 428/608/112 388/609/122
f 411/578/124 413/580/124 359/502/112 428/608/112
f 289/394/4 370/513/43 429/610/43 341/471/4
f 373/516/13 372/515/44 430/611/44 431/612/13
f 372/536/44 265/359/46 339/468/46 430/613/44
f 395/548/13 373/516/13 431/612/13 432/614/13
f 370/565/43 395/548/13 432/614/13 429/615/43
f 433/616/89 434/617/89 365/618/115 368/619/79
f 435/620/89 436/621/89 361/622/114 364/623/82
f 433/616/89 368/619/79 236/474/79 342/473/89
f 434/624/89 437/625/89 393/626/82 365/627/115
f 436/628/89 348/484/89 347/483/88 361/629/114
f 437/625/89 435/620/89 364/623/82 393/626/82
f 381/526/89 380/525/89 434/617/89 433/616/89
f 383/530/89 382/529/89 436/621/89 435/620/89
f 272/367/89 271/366/89 346/481/89 348/484/89
f 381/526/89 433/616/89 342/473/89 255/347/89
f 380/556/89 400/555/89 437/625/89 434/624/89
f 382/560/89 272/367/89 348/484/89 436/628/89
f 400/555/89 383/530/89 435/620/89 437/625/89
f 363/506/11 362/505/47 423/598/47 422/597/11
f 367/510/4 366/509/5 425/600/5 424/599/4
f 385/532/46 295/402/46 330/455/46 426/601/46
f 367/510/4 424/599/4 327/450/4 237/327/4
f 366/546/5 394/545/11 427/603/11 425/602/5
f 362/558/47 385/532/46 426/601/46 423/604/47
f 394/545/11 363/506/11 422/597/11 427/603/11
f 376/519/119 350/491/85 406/571/85 404/570/128
f 392/542/125 391/541/124 410/577/124 409/576/129
f 391/541/124 401/562/124 405/568/124 410/577/124
f 376/569/119 401/562/124 377/521/120 375/520/118
f 306/419/104 305/418/104 260/353/90 263/356/90
f 392/575/125 306/419/104 263/356/90 387/535/121
f 379/523/1 378/522/1 415/584/1 414/583/1
f 262/355/1 261/354/1 319/438/1 416/586/1
f 386/534/1 262/355/1 416/586/1 418/588/1
f 379/582/1 352/493/1 351/492/86 375/518/118
f 386/593/1 420/592/1 390/540/120 387/543/121
f 420/592/1 378/522/1 377/521/120 390/540/120
f 360/503/113 359/502/112 413/580/124 408/605/113
f 269/363/92 268/362/92 331/457/104 332/458/104
f 388/538/122 269/363/92 332/458/104 412/606/130
f 292/397/101 407/572/103 302/415/103 293/398/101
f 360/607/113 292/397/101 291/396/100 357/630/110
f 388/609/122 428/608/112 438/631/131 389/632/123
f 428/608/112 359/502/112 358/501/111 438/631/131
f 341/471/4 429/610/43 357/630/110 291/396/100
f 431/612/13 430/611/44 389/632/123 438/631/131
f 430/613/44 339/468/46 270/364/91 389/539/123
f 432/614/13 431/612/13 438/631/131 358/501/111
f 341/471/4 291/396/100 290/395/100 334/463/4
f 429/615/43 432/614/13 358/501/111 357/500/110
f 439/633/132 440/634/133 441/635/134 442/636/135
f 442/636/135 441/635/134 443/637/136 444/638/137
f 440/634/133 445/639/138 446/640/139 441/635/134
f 441/635/134 446/640/139 447/641/140 443/637/136
f 445/639/138 448/642/141 449/643/142 446/640/139
f 446/640/139 449/643/142 450/644/143 447/641/140
f 448/642/141 451/645/144 452/646/145 449/643/142
f 449/643/142 452/646/145 453/647/146 450/644/143
f 451/645/144 454/648/147 455/649/148 452/646/145
f 452/646/145 455/649/148 456/650/149 453/647/146
f 454/648/147 457/651/150 458/652/151 455/649/148
f 455/649/148 458/652/151 459/653/152 456/650/149
f 457/651/150 460/654/153 461/655/154 458/652/151
f 458/652/151 461/655/154 462/656/155 459/653/152
f 460/654/153 463/657/156 464/658/157 461/655/154
f 461/655/154 464/658/157 465/659/158 462/656/155
f 463/657/156 466/660/159 467/661/160 464/658/157
f 464/658/157 467/661/160 468/662/161 465/659/158
f 466/660/159 469/663/162 470/664/163 467/661/160
f 467/661/160 470/664/163 471/665/164 468/662/161
f 469/663/162 472/666/165 473/667/166 470/664/163
f 470/664/163 473/667/166 474/668/167 471/665/164
f 472/666/165 475/669/168 476/670/169 473/667/166
f 473/667/166 476/670/169 477/671/170 474/668/167
f 475/669/168 478/672/171 479/673/172 476/670/169
f 476/670/169 479/673/172 480/674/173 477/671/170
f 478/672/171 481/675/174 482/676/175 479/673/172
f 479/673/172 482/676/175 483/677/138 480/674/173
f 481/675/174 484/678/176 485/679/177 482/676/175
f 482/676/175 485/679/177 486/680/178 483/677/138
f 484/678/176 487/681/179 488/682/180 485/679/177
f 485/679/177 488/682/180 489/683/181 486/680/178
f 487/681/179 490/684/182 491/685/183 488/682/180
f 488/682/180 491/685/183 492/686/184 489/683/181
f 490/684/182 493/687/185 494/688/186 491/685/183
f 491/685/183 494/688/186 495/689/187 492/686/184
f 493/687/185 496/690/188 497/691/189 494/688/186
f 494/688/186 497/691/189 498/692/190 495/689/187
f 496/690/188 499/693/191 500/694/192 497/691/189
f 497/691/189 500/694/192 501/695/193 498/692/190
f 499/693/191 502/696/161 503/697/194 500/694/192
f 500/694/192 503/697/194 504/698/195 501/695/193
f 502/696/161 505/699/196 506/700/197 503/697/194
f 503/697/194 506/700/197 507/701/198 504/698/195
f 505/699/196 508/702/199 509/703/200 506/700/197
f 506/700/197 509/703/200 510/704/201 507/701/198
f 508/702/199 439/633/132 442/636/135 509/703/200
f 509/703/200 442/636/135 444/638/137 510/704/201
f 511/705/174 512/706/202 513/707/134 514/708/203
f 514/708/203 513/707/134 515/709/204 516/710/205
f 512/706/202 517/711/137 518/712/135 513/707/134
f 513/707/134 518/712/135 519/713/132 515/709/204
f 517/711/137 520/714/206 521/715/207 518/712/135
f 518/712/135 521/715/207 522/716/167 519/713/132
f 520/714/206 523/717/208 524/718/209 521/715/207
f 521/715/207 524/718/209 525/719/210 522/716/167
f 523/717/208 526/720/211 527/721/212 524/718/209
f 524/718/209 527/721/212 528/722/213 525/719/210
f 526/720/211 529/723/156 530/724/192 527/721/212
f 527/721/212 530/724/192 531/725/214 528/722/213
f 529/723/156 532/726/215 533/727/216 530/724/192
f 530/724/192 533/727/216 534/728/217 531/725/214
f 532/726/215 535/729/218 536/730/186 533/727/216
f 533/727/216 536/730/186 537/731/152 534/728/217
f 535/729/218 538/732/219 539/733/183 536/730/186
f 536/730/186 539/733/183 540/734/182 537/731/152
f 538/732/219 541/735/181 542/736/180 539/733/183
f 539/733/183 542/736/180 543/737/179 540/734/182
f 541/735/181 544/738/178 545/739/177 542/736/180
f 542/736/180 545/739/177 546/740/220 543/737/179
f 544/738/178 547/741/221 548/742/175 545/739/177
f 545/739/177 548/742/175 549/743/140 546/740/220
f 547/741/221 550/744/133 551/745/222 548/742/175
f 548/742/175 551/745/222 552/746/136 549/743/140
f 550/744/133 553/747/223 554/748/224 551/745/222
f 551/745/222 554/748/224 555/749/168 552/746/136
f 553/747/223 556/750/225 557/751/226 554/748/224
f 554/748/224 557/751/226 558/752/227 555/749/168
f 556/750/225 559/753/228 560/754/229 557/751/226
f 557/751/226 560/754/229 561/755/198 558/752/227
f 559/753/228 562/756/230 563/757/231 560/754/229
f 560/754/229 563/757/231 564/758/232 561/755/198
f 562/756/230 565/759/158 566/760/233 563/757/231
f 563/757/231 566/760/233 567/761/234 564/758/232
f 565/759/158 568/762/217 569/763/235 566/760/233
f 566/760/233 569/763/235 570/764/190 567/761/234
f 568/762/217 571/765/236 572/766/237 569/763/235
f 569/763/235 572/766/237 573/767/187 570/764/190
f 571/765/236 574/768/238 575/769/239 572/766/237
f 572/766/237 575/769/239 576/770/240 573/767/187
f 574/768/238 577/771/241 578/772/242 575/769/239
f 575/769/239 578/772/242 579/773/243 576/770/240
f 577/771/241 580/774/244 581/775/245 578/772/242
f 578/772/242 581/775/245 582/776/246 579/773/243
f 580/774/244 511/705/174 514/708/203 581/775/245
f 581/775/245 514/708/203 516/710/205 582/776/246
f 583/777/140 584/778/136 585/779/247 586/780/139
f 586/780/139 585/779/247 587/781/248 588/782/138
f 584/778/136 589/783/137 590/784/249 585/779/247
f 585/779/247 590/784/249 591/785/223 587/781/248
f 589/783/137 592/786/165 593/787/250 590/784/249
f 590/784/249 593/787/250 594/788/225 591/785/223
f 592/786/165 595/789/198 596/790/251 593/787/250
f 593/787/250 596/790/251 597/791/210 594/788/225
f 595/789/198 598/792/252 599/793/253 596/790/251
f 596/790/251 599/793/253 600/794/254 597/791/210
f 598/792/252 601/795/234 602/796/255 599/793/253
f 599/793/253 602/796/255 603/797/191 600/794/254
f 601/795/234 604/798/153 605/799/216 602/796/255
f 602/796/255 605/799/216 606/800/155 603/797/191
f 604/798/153 607/801/187 608/802/186 605/799/216
f 605/799/216 608/802/186 609/803/152 606/800/155
f 607/801/187 610/804/256 611/805/183 608/802/186
f 608/802/186 611/805/183 612/806/149 609/803/152
f 610/804/256 613/807/257 614/808/180 611/805/183
f 611/805/183 614/808/180 615/809/146 612/806/149
f 613/807/257 616/810/258 617/811/177 614/808/180
f 614/808/180 617/811/177 618/812/143 615/809/146
f 616/810/258 619/813/205 620/814/175 617/811/177
f 617/811/177 620/814/175 621/815/140 618/812/143
f 619/813/205 622/816/259 623/817/260 620/814/175
f 620/814/175 623/817/260 624/818/202 621/815/140
f 622/816/259 625/819/261 626/820/262 623/817/260
f 623/817/260 626/820/262 627/821/263 624/818/202
f 625/819/261 628/822/225 629/823/226 626/820/262
f 626/820/262 629/823/226 630/824/227 627/821/263
f 628/822/225 631/825/264 632/826/265 629/823/226
f 629/823/226 632/826/265 633/827/198 630/824/227
f 631/825/264 634/828/266 635/829/231 632/826/265
f 632/826/265 635/829/231 636/830/267 633/827/198
f 634/828/266 637/831/268 638/832/233 635/829/231
f 635/829/231 638/832/233 639/833/193 636/830/267
f 637/831/268 640/834/269 641/835/270 638/832/233
f 638/832/233 641/835/270 642/836/271 639/833/193
f 640/834/269 643/837/272 644/838/273 641/835/270
f 641/835/270 644/838/273 645/839/187 642/836/271
f 643/837/272 646/840/274 647/841/239 644/838/273
f 644/838/273 647/841/239 648/842/219 645/839/187
f 646/840/274 649/843/275 650/844/276 647/841/239
f 647/841/239 650/844/276 651/845/144 648/842/219
f 649/843/275 652/846/277 653/847/142 650/844/276
f 650/844/276 653/847/142 654/848/278 651/845/144
f 652/846/277 583/777/140 586/780/139 653/847/142
f 653/847/142 586/780/139 588/782/138 654/848/278
f 655/849/174 656/850/171 657/851/279 658/852/280
f 658/852/280 657/851/279 659/853/173 660/854/138
f 656/850/171 661/855/168 662/856/281 657/851/279
f 657/851/279 662/856/281 663/857/170 659/853/173
f 661/855/168 664/858/227 665/859/250 662/856/281
f 662/856/281 665/859/250 666/860/225 663/857/170
f 664/858/227 667/861/198 668/862/251 665/859/250
f 665/859/250 668/862/251 669/863/282 666/860/225
f 667/861/198 670/864/252 671/865/212 668/862/251
f 668/862/251 671/865/212 672/866/254 669/863/282
f 670/864/252 673/867/234 674/868/255 671/865/212
f 671/865/212 674/868/255 675/869/158 672/866/254
f 673/867/234 676/870/153 677/871/283 674/868/255
f 674/868/255 677/871/283 678/872/284 675/869/158
f 676/870/153 679/873/187 680/874/285 677/871/283
f 677/871/283 680/874/285 681/875/286 678/872/284
f 679/873/187 682/876/240 683/877/183 680/874/285
f 680/874/285 683/877/183 684/878/149 681/875/286
f 682/876/240 685/879/144 686/880/287 683/877/183
f 683/877/183 686/880/287 687/881/179 684/878/149
f 685/879/144 688/882/288 689/883/289 686/880/287
f 686/880/287 689/883/289 690/884/220 687/881/179
f 688/882/288 691/885/290 692/886/291 689/883/289
f 689/883/289 692/886/291 693/887/174 690/884/220
f 691/885/290 694/888/292 695/889/222 692/886/291
f 692/886/291 695/889/222 696/890/171 693/887/174
f 694/888/292 697/891/293 698/892/224 695/889/222
f 695/889/222 698/892/224 699/893/294 696/890/171
f 697/891/293 700/894/167 701/895/295 698/892/224
f 698/892/224 701/895/295 702/896/227 699/893/294
f 700/894/167 703/897/296 704/898/163 701/895/295
f 701/895/295 704/898/163 705/899/198 702/896/227
f 703/897/296 706/900/254 707/901/231 704/898/163
f 704/898/163 707/901/231 708/902/297 705/899/198
f 706/900/254 709/903/298 710/904/299 707/901/231
f 707/901/231 710/904/299 711/905/156 708/902/297
f 709/903/298 712/906/155 713/907/154 710/904/299
f 710/904/299 713/907/154 714/908/190 711/905/156
f 712/906/155 715/909/185 716/910/300 713/907/154
f 713/907/154 716/910/300 717/911/187 714/908/190
f 715/909/185 718/912/149 719/913/301 716/910/300
f 716/910/300 719/913/301 720/914/147 717/911/187
f 718/912/149 721/915/241 722/916/302 719/913/301
f 719/913/301 722/916/302 723/917/181 720/914/147
f 721/915/241 724/918/220 725/919/303 722/916/302
f 722/916/302 725/919/303 726/920/278 723/917/181
f 724/918/220 655/849/174 658/852/280 725/919/303
f 725/919/303 658/852/280 660/854/138 726/920/278
f 727/921/140 728/922/136 729/923/304 730/924/280
f 730/924/280 729/923/304 731/925/259 732/926/305
f 728/922/136 733/927/137 734/928/249 729/923/304
f 729/923/304 734/928/249 735/929/306 731/925/259
f 733/927/137 736/930/307 737/931/308 734/928/249
f 734/928/249 737/931/308 738/932/309 735/929/306
f 736/930/307 739/933/208 740/934/197 737/931/308
f 737/931/308 740/934/197 741/935/164 738/932/309
f 739/933/208 742/936/195 743/937/310 740/934/197
f 740/934/197 743/937/310 744/938/254 741/935/164
f 742/936/195 745/939/193 746/940/255 743/937/310
f 743/937/310 746/940/255 747/941/268 744/938/254
f 745/939/193 748/942/190 749/943/216 746/940/255
f 746/940/255 749/943/216 750/944/217 747/941/268
f 748/942/190 751/945/218 752/946/186 749/943/216
f 749/943/216 752/946/186 753/947/286 750/944/217
f 751/945/218 754/948/147 755/949/311 752/946/186
f 752/946/186 755/949/311 756/950/149 753/947/286
f 754/948/147 757/951/181 758/952/180 755/949/311
f 755/949/311 758/952/180 759/953/146 756/950/149
f 757/951/181 760/954/246 761/955/312 758/952/180
f 758/952/180 761/955/312 762/956/143 759/953/146
f 760/954/246 763/957/138 764/958/291 761/955/312
f 761/955/312 764/958/291 765/959/313 762/956/143
f 763/957/138 766/960/248 767/961/260 764/958/291
f 764/958/291 767/961/260 768/962/171 765/959/313
f 766/960/248 769/963/314 770/964/169 767/961/260
f 767/961/260 770/964/169 771/965/168 768/962/171
f 769/963/314 772/966/315 773/967/226 770/964/169
f 770/964/169 773/967/226 774/968/307 771/965/168
f 772/966/315 775/969/228 776/970/229 773/967/226
f 773/967/226 776/970/229 777/971/208 774/968/307
f 775/969/228 778/972/230 779/973/231 776/970/229
f 776/970/229 779/973/231 780/974/252 777/971/208
f 778/972/230 781/975/191 782/976/233 779/973/231
f 779/973/231 782/976/233 783/977/234 780/974/252
f 781/975/191 784/978/217 785/979/235 782/976/233
f 782/976/233 785/979/235 786/980/153 783/977/234
f 784/978/217 787/981/236 788/982/237 785/979/235
f 785/979/235 788/982/237 789/983/187 786/980/153
f 787/981/236 790/984/238 791/985/316 788/982/237
f 788/982/237 791/985/316 792/986/147 789/983/187
f 790/984/238 793/987/179 794/988/302 791/985/316
f 791/985/316 794/988/302 795/989/181 792/986/147
f 793/987/179 796/990/220 797/991/303 794/988/302
f 794/988/302 797/991/303 798/992/278 795/989/181
f 796/990/220 727/921/140 730/924/280 797/991/303
f 797/991/303 730/924/280 732/926/305 798/992/278
f 799/993/317 800/994/171 801/995/134 802/996/203
f 802/996/203 801/995/134 803/997/318 804/998/205
f 800/994/171 805/999/319 806/1000/249 801/995/134
f 801/995/134 806/1000/249 807/1001/132 803/997/318
f 805/999/319 808/1002/320 809/1003/308 806/1000/249
f 806/1000/249 809/1003/308 810/1004/321 807/1001/132
f 808/1002/320 811/1005/322 812/1006/323 809/1003/308
f 809/1003/308 812/1006/323 813/1007/264 810/1004/321
f 811/1005/322 814/1008/252 815/1009/212 812/1006/323
f 812/1006/323 815/1009/212 816/1010/230 813/1007/264
f 814/1008/252 817/1011/324 818/1012/255 815/1009/212
f 815/1009/212 818/1012/255 819/1013/268 816/1010/230
f 817/1011/324 820/1014/325 821/1015/216 818/1012/255
f 818/1012/255 821/1015/216 822/1016/326 819/1013/268
f 820/1014/325 823/1017/327 824/1018/328 821/1015/216
f 821/1015/216 824/1018/328 825/1019/272 822/1016/326
f 823/1017/327 826/1020/329 827/1021/330 824/1018/328
f 824/1018/328 827/1021/330 828/1022/331 825/1019/272
f 826/1020/329 829/1023/144 830/1024/332 827/1021/330
f 827/1021/330 830/1024/332 831/1025/179 828/1022/331
f 829/1023/144 832/1026/141 833/1027/177 830/1024/332
f 830/1024/332 833/1027/177 834/1028/333 831/1025/179
f 832/1026/141 835/1029/334 836/1030/335 833/1027/177
f 833/1027/177 836/1030/335 837/1031/174 834/1028/333
f 835/1029/334 838/1032/173 839/1033/260 836/1030/335
f 836/1030/335 839/1033/260 840/1034/202 837/1031/174
f 838/1032/173 841/1035/223 842/1036/224 839/1033/260
f 839/1033/260 842/1036/224 843/1037/168 840/1034/202
f 841/1035/223 844/1038/167 845/1039/336 842/1036/224
f 842/1036/224 845/1039/336 846/1040/320 843/1037/168
f 844/1038/167 847/1041/210 848/1042/337 845/1039/336
f 845/1039/336 848/1042/337 849/1043/322 846/1040/320
f 847/1041/210 850/1044/338 851/1045/231 848/1042/337
f 848/1042/337 851/1045/231 852/1046/195 849/1043/322
f 850/1044/338 853/1047/339 854/1048/157 851/1045/231
f 851/1045/231 854/1048/157 855/1049/340 852/1046/195
f 853/1047/339 856/1050/341 857/1051/270 854/1048/157
f 854/1048/157 857/1051/270 858/1052/342 855/1049/340
f 856/1050/341 859/1053/236 860/1054/343 857/1051/270
f 857/1051/270 860/1054/343 861/1055/327 858/1052/342
f 859/1053/236 862/1056/238 863/1057/316 860/1054/343
f 860/1054/343 863/1057/316 864/1058/344 861/1055/327
f 862/1056/238 865/1059/241 866/1060/242 863/1057/316
f 863/1057/316 866/1060/242 867/1061/144 864/1058/344
f 865/1059/241 868/1062/220 869/1063/303 866/1060/242
f 866/1060/242 869/1063/303 870/1064/178 867/1061/144
f 868/1062/220 799/993/317 802/996/203 869/1063/303
f 869/1063/303 802/996/203 804/998/205 870/1064/178
f 871/1065/140 872/1066/136 873/1067/247 874/1068/280
f 874/1068/280 873/1067/247 875/1069/248 876/1070/138
f 872/1066/136 877/1071/263 878/1072/281 873/1067/247
f 873/1067/247 878/1072/281 879/1073/223 875/1069/248
f 877/1071/263 880/1074/345 881/1075/308 878/1072/281
f 878/1072/281 881/1075/308 882/1076/346 879/1073/223
f 880/1074/345 883/1077/198 884/1078/251 881/1075/308
f 881/1075/308 884/1078/251 885/1079/347 882/1076/346
f 883/1077/198 886/1080/232 887/1081/212 884/1078/251
f 884/1078/251 887/1081/212 888/1082/348 885/1079/347
f 886/1080/232 889/1083/324 890/1084/255 887/1081/212
f 887/1081/212 890/1084/255 891/1085/268 888/1082/348
f 889/1083/324 892/1086/325 893/1087/349 890/1084/255
f 890/1084/255 893/1087/349 894/1088/155 891/1085/268
f 892/1086/325 895/1089/187 896/1090/285 893/1087/349
f 893/1087/349 896/1090/285 897/1091/236 894/1088/155
f 895/1089/187 898/1092/256 899/1093/350 896/1090/285
f 896/1090/285 899/1093/350 900/1094/274 897/1091/236
f 898/1092/256 901/1095/243 902/1096/332 899/1093/350
f 899/1093/350 902/1096/332 903/1097/241 900/1094/274
f 901/1095/243 904/1098/246 905/1099/177 902/1096/332
f 902/1096/332 905/1099/177 906/1100/351 903/1097/241
f 904/1098/246 907/1101/138 908/1102/291 905/1099/177
f 905/1099/177 908/1102/291 909/1103/313 906/1100/351
f 907/1101/138 910/1104/248 911/1105/222 908/1102/291
f 908/1102/291 911/1105/222 912/1106/202 909/1103/313
f 910/1104/248 913/1107/223 914/1108/224 911/1105/222
f 911/1105/222 914/1108/224 915/1109/168 912/1106/202
f 913/1107/223 916/1110/352 917/1111/353 914/1108/224
f 914/1108/224 917/1111/353 918/1112/320 915/1109/168
f 916/1110/352 919/1113/228 920/1114/229 917/1111/353
f 917/1111/353 920/1114/229 921/1115/198 918/1112/320
f 919/1113/228 922/1116/266 923/1117/160 920/1114/229
f 920/1114/229 923/1117/160 924/1118/354 921/1115/198
f 922/1116/266 925/1119/339 926/1120/157 923/1117/160
f 923/1117/160 926/1120/157 927/1121/355 924/1118/354
f 925/1119/339 928/1122/269 929/1123/154 926/1120/157
f 926/1120/157 929/1123/154 930/1124/356 927/1121/355
f 928/1122/269 931/1125/236 932/1126/237 929/1123/154
f 929/1123/154 932/1126/237 933/1127/187 930/1124/356
f 931/1125/236 934/1128/274 935/1129/357 932/1126/237
f 932/1126/237 935/1129/357 936/1130/358 933/1127/187
f 934/1128/274 937/1131/241 938/1132/242 935/1129/357
f 935/1129/357 938/1132/242 939/1133/144 936/1130/358
f 937/1131/241 940/1134/220 941/1135/303 938/1132/242
f 938/1132/242 941/1135/303 942/1136/246 939/1133/144
f 940/1134/220 871/1065/140 874/1068/280 941/1135/303
f 941/1135/303 874/1068/280 876/1070/138 942/1136/246
f 943/1137/359 944/1138/171 945/1139/360 946/1140/280
f 946/1140/280 945/1139/360 947/1141/318 948/1142/334
f 944/1138/171 949/1143/168 950/1144/135 945/1139/360
f 945/1139/360 950/1144/135 951/1145/293 947/1141/318
f 949/1143/168 952/1146/307 953/1147/308 950/1144/135
f 950/1144/135 953/1147/308 954/1148/321 951/1145/293
f 952/1146/307 955/1149/361 956/1150/362 953/1147/308
f 953/1147/308 956/1150/362 957/1151/296 954/1148/321
f 955/1149/361 958/1152/211 959/1153/253 956/1150/362
f 956/1150/362 959/1153/253 960/1154/266 957/1151/296
f 958/1152/211 961/1155/193 962/1156/192 959/1153/253
f 959/1153/253 962/1156/192 963/1157/268 960/1154/266
f 961/1155/193 964/1158/271 965/1159/349 962/1156/192
f 962/1156/192 965/1159/349 966/1160/363 963/1157/268
f 964/1158/271 967/1161/364 968/1162/365 965/1159/349
f 965/1159/349 968/1162/365 969/1163/366 966/1160/363
f 967/1161/364 970/1164/256 971/1165/183 968/1162/365
f 968/1162/365 971/1165/183 972/1166/182 969/1163/366
f 970/1164/256 973/1167/144 974/1168/367 971/1165/183
f 971/1165/183 974/1168/367 975/1169/179 972/1166/182
f 973/1167/144 976/1170/141 977/1171/177 974/1168/367
f 974/1168/367 977/1171/177 978/1172/333 975/1169/179
f 976/1170/141 979/1173/368 980/1174/291 977/1171/177
f 977/1171/177 980/1174/291 981/1175/317 978/1172/333
f 979/1173/368 982/1176/204 983/1177/172 980/1174/291
f 980/1174/291 983/1177/172 984/1178/369 981/1175/317
f 982/1176/204 985/1179/223 986/1180/370 983/1177/172
f 983/1177/172 986/1180/370 987/1181/168 984/1178/369
f 985/1179/223 988/1182/371 989/1183/166 986/1180/370
f 986/1180/370 989/1183/166 990/1184/201 987/1181/168
f 988/1182/371 991/1185/264 992/1186/265 989/1183/166
f 989/1183/166 992/1186/265 993/1187/208 990/1184/201
f 991/1185/264 994/1188/254 995/1189/372 992/1186/265
f 992/1186/265 995/1189/372 996/1190/232 993/1187/208
f 994/1188/254 997/1191/214 998/1192/233 995/1189/372
f 995/1189/372 998/1192/233 999/1193/324 996/1190/232
f 997/1191/214 1000/1194/155 1001/1195/373 998/1192/233
f 998/1192/233 1001/1195/373 1002/1196/325 999/1193/324
f 1000/1194/155 1003/1197/152 1004/1198/273 1001/1195/373
f 1001/1195/373 1004/1198/273 1005/1199/364 1002/1196/325
f 1003/1197/152 1006/1200/182 1007/1201/374 1004/1198/273
f 1004/1198/273 1007/1201/374 1008/1202/256 1005/1199/364
f 1006/1200/182 1009/1203/375 1010/1204/376 1007/1201/374
f 1007/1201/374 1010/1204/376 1011/1205/144 1008/1202/256
f 1009/1203/375 1012/1206/277 1013/1207/142 1010/1204/376
f 1010/1204/376 1013/1207/142 1014/1208/278 1011/1205/144
f 1012/1206/277 943/1137/359 946/1140/280 1013/1207/142
f 1013/1207/142 946/1140/280 948/1142/334 1014/1208/278
f 1015/1209/377 1016/1210/377 1017/1211/1 1018/1212/1
f 1019/1213/378 1020/1214/378 1021/1215/379 1022/1216/379
f 1023/1217/380 1024/1218/380 1025/1219/381 1026/1220/381
f 1017/1211/1 1024/1218/380 1023/1217/380 1018/1212/1
f 1021/1215/379 1016/1210/377 1015/1209/377 1022/1216/379
f 1025/1219/381 1027/1221/382 1028/1222/382 1026/1220/381
f 1029/1223/13 1030/1224/383 1031/1225/383 1032/1226/13
f 1030/1224/383 1033/1227/384 1034/1228/384 1031/1225/383
f 1033/1227/384 1035/1229/385 1036/1230/385 1034/1228/384
f 1035/1229/385 1037/1231/386 1038/1232/386 1036/1230/385
f 1037/1231/386 1039/1233/387 1040/1234/387 1038/1232/386
f 1039/1233/387 1041/1235/388 1042/1236/388 1040/1234/387
f 1041/1235/388 1043/1237/389 1044/1238/389 1042/1236/388
f 1043/1237/389 1045/1239/390 1046/1240/390 1044/1238/389
f 1045/1239/390 1047/1241/11 1048/1242/11 1046/1240/390
f 1047/1241/11 1049/1243/391 1050/1244/391 1048/1242/11
f 1049/1243/391 1051/1245/392 1052/1246/392 1050/1244/391
f 1051/1245/392 1053/1247/393 1054/1248/393 1052/1246/392
f 1053/1247/393 1055/1249/394 1056/1250/394 1054/1248/393
f 1055/1251/394 1057/1252/395 1058/1253/395 1056/1254/394
f 1057/1252/395 1059/1255/396 1060/1256/396 1058/1253/395
f 1059/1255/396 1061/1257/397 1062/1258/397 1060/1256/396
f 1061/1257/397 1063/1259/398 1064/1260/398 1062/1258/397
f 1063/1259/398 1029/1223/13 1032/1226/13 1064/1260/398
f 1065/1261/399 1066/1262/400 1067/1263/401 1068/1264/402
f 1066/1262/400 1069/1265/403 1070/1266/404 1067/1263/401
f 1069/1265/403 1071/1267/405 1072/1268/406 1070/1266/404
f 1071/1267/405 1073/1269/407 1074/1270/408 1072/1268/406
f 1073/1269/407 1075/1271/409 1076/1272/410 1074/1270/408
f 1075/1271/409 1077/1273/411 1078/1274/412 1076/1272/410
f 1077/1273/411 1079/1275/413 1080/1276/414 1078/1274/412
f 1079/1275/413 1081/1277/415 1082/1278/416 1080/1276/414
f 1081/1277/415 1083/1279/417 1084/1280/418 1082/1278/416
f 1083/1279/417 1085/1281/419 1086/1282/420 1084/1280/418
f 1085/1281/419 1087/1283/421 1088/1284/422 1086/1282/420
f 1087/1283/421 1089/1285/423 1090/1286/424 1088/1284/422
f 1089/1285/423 1091/1287/425 1092/1288/426 1090/1286/424
f 1091/1287/425 1093/1289/427 1094/1290/428 1092/1288/426
f 1093/1289/427 1095/1291/429 1096/1292/430 1094/1290/428
f 1095/1291/429 1097/1293/431 1098/1294/432 1096/1292/430
f 1097/1293/431 1099/1295/433 1100/1296/434 1098/1294/432
f 1099/1295/433 1065/1261/399 1068/1264/402 1100/1296/434
f 1101/1297/435 1102/1298/436 1103/1299/1 1104/1300/1
f 1102/1298/436 1105/1301/437 1106/1302/1 1103/1299/1
f 1105/1301/437 1107/1303/438 1108/1304/1 1106/1302/1
f 1107/1303/438 1109/1305/439 1110/1306/1 1108/1304/1
f 1109/1305/439 1111/1307/440 1112/1308/1 1110/1306/1
f 1111/1307/440 1113/1309/441 1114/1310/1 1112/1308/1
f 1113/1309/441 1115/1311/442 1116/1312/1 1114/1310/1
f 1115/1311/442 1117/1313/443 1118/1314/1 1116/1312/1
f 1117/1313/443 1119/1315/444 1120/1316/1 1118/1314/1
f 1119/1315/444 1121/1317/445 1122/1318/1 1120/1316/1
f 1121/1317/445 1123/1319/446 1124/1320/1 1122/1318/1
f 1123/1319/446 1125/1321/447 1126/1322/1 1124/1320/1
f 1125/1321/447 1127/1323/448 1128/1324/1 1126/1322/1
f 1127/1323/448 1129/1325/449 1130/1326/1 1128/1324/1
f 1129/1325/449 1131/1327/450 1132/1328/1 1130/1326/1
f 1131/1327/450 1133/1329/451 1134/1330/1 1132/1328/1
f 1133/1329/451 1135/1331/452 1136/1332/1 1134/1330/1
f 1135/1331/452 1101/1297/435 1104/1300/1 1136/1332/1
f 1137/1333/453 1138/1334/454 1139/1335/455 1140/1336/456
f 1138/1334/454 1141/1337/457 1142/1338/458 1139/1335/455
f 1141/1337/457 1143/1339/459 1144/1340/460 1142/1338/458
f 1143/1339/459 1145/1341/461 1146/1342/462 1144/1340/460
f 1145/1341/461 1147/1343/463 1148/1344/464 1146/1342/462
f 1147/1343/463 1149/1345/465 1150/1346/466 1148/1344/464
f 1149/1345/465 1151/1347/467 1152/1348/468 1150/1346/466
f 1151/1347/467 1153/1349/469 1154/1350/470 1152/1348/468
f 1153/1349/469 1155/1351/471 1156/1352/472 1154/1350/470
f 1155/1351/471 1157/1353/473 1158/1354/474 1156/1352/472
f 1157/1353/473 1159/1355/475 1160/1356/476 1158/1354/474
f 1159/1355/475 1161/1357/477 1162/1358/478 1160/1356/476
f 1161/1357/477 1163/1359/479 1164/1360/480 1162/1358/478
f 1163/1359/479 1165/1361/481 1166/1362/482 1164/1360/480
f 1165/1361/481 1167/1363/483 1168/1364/484 1166/1362/482
f 1167/1363/483 1169/1365/485 1170/1366/486 1168/1364/484
f 1169/1365/485 1171/1367/487 1172/1368/488 1170/1366/486
f 1171/1367/487 1137/1333/453 1140/1336/456 1172/1368/488
f 1173/1369/489 1174/1370/490 1175/1371/1
f 1174/1370/490 1176/1372/491 1175/1371/1
f 1176/1372/491 1177/1373/492 1175/1371/1
f 1177/1373/492 1178/1374/493 1175/1371/1
f 1178/1374/493 1179/1375/494 1175/1371/1
f 1179/1375/494 1180/1376/495 1175/1371/1
f 1180/1376/495 1181/1377/496 1175/1371/1
f 1181/1377/496 1182/1378/497 1175/1371/1
f 1182/1378/497 1183/1379/498 1175/1371/1
f 1183/1379/498 1184/1380/499 1175/1371/1
f 1184/1380/499 1185/1381/500 1175/1371/1
f 1185/1381/500 1186/1382/501 1175/1371/1
f 1186/1382/501 1187/1383/502 1175/1371/1
f 1187/1383/502 1188/1384/503 1175/1371/1
f 1188/1384/503 1189/1385/504 1175/1371/1
f 1189/1385/504 1190/1386/505 1175/1371/1
f 1190/1386/505 1191/1387/506 1175/1371/1
f 1191/1387/506 1173/1369/489 1175/1371/1
f 1031/1225/383 1066/1388/400 1065/1389/399 1032/1226/13
f 1034/1228/384 1069/1390/403 1066/1388/400 1031/1225/383
f 1036/1230/385 1071/1391/405 1069/1390/403 1034/1228/384
f 1038/1232/386 1073/1392/407 1071/1391/405 1036/1230/385
f 1040/1234/387 1075/1393/409 1073/1392/407 1038/1232/386
f 1042/1236/388 1077/1394/411 1075/1393/409 1040/1234/387
f 1044/1238/389 1079/1395/413 1077/1394/411 1042/1236/388
f 1046/1240/390 1081/1396/415 1079/1395/413 1044/1238/389
f 1048/1242/11 1083/1397/417 1081/1396/415 1046/1240/390
f 1050/1244/391 1085/1398/419 1083/1397/417 1048/1242/11
f 1052/1246/392 1087/1399/421 1085/1398/419 1050/1244/391
f 1054/1248/393 1089/1400/423 1087/1399/421 1052/1246/392
f 1056/1250/394 1091/1401/425 1089/1400/423 1054/1248/393
f 1058/1253/395 1093/1402/427 1091/1403/425 1056/1254/394
f 1060/1256/396 1095/1404/429 1093/1402/427 1058/1253/395
f 1062/1258/397 1097/1405/431 1095/1404/429 1060/1256/396
f 1064/1260/398 1099/1406/433 1097/1405/431 1062/1258/397
f 1032/1226/13 1065/1389/399 1099/1406/433 1064/1260/398
f 1103/1299/1 1192/1407/1 1193/1408/1 1104/1300/1
f 1106/1302/1 1194/1409/1 1192/1407/1 1103/1299/1
f 1108/1304/1 1195/1410/1 1194/1409/1 1106/1302/1
f 1110/1306/1 1196/1411/1 1195/1410/1 1108/1304/1
f 1112/1308/1 1197/1412/1 1196/1411/1 1110/1306/1
f 1114/1310/1 1198/1413/1 1197/1412/1 1112/1308/1
f 1116/1312/1 1199/1414/1 1198/1413/1 1114/1310/1
f 1118/1314/1 1200/1415/1 1199/1414/1 1116/1312/1
f 1120/1316/1 1201/1416/1 1200/1415/1 1118/1314/1
f 1122/1318/1 1202/1417/1 1201/1416/1 1120/1316/1
f 1124/1320/1 1203/1418/1 1202/1417/1 1122/1318/1
f 1126/1322/1 1204/1419/1 1203/1418/1 1124/1320/1
f 1128/1324/1 1205/1420/1 1204/1419/1 1126/1322/1
f 1130/1326/1 1206/1421/1 1205/1420/1 1128/1324/1
f 1132/1328/1 1207/1422/1 1206/1421/1 1130/1326/1
f 1134/1330/1 1208/1423/1 1207/1422/1 1132/1328/1
f 1136/1332/1 1209/1424/1 1208/1423/1 1134/1330/1
f 1104/1300/1 1193/1408/1 1209/1424/1 1136/1332/1
f 1210/1425/507 1102/1298/436 1101/1297/435 1211/1426/508
f 1212/1427/509 1105/1301/437 1102/1298/436 1210/1425/507
f 1213/1428/510 1107/1303/438 1105/1301/437 1212/1427/509
f 1214/1429/511 1109/1305/439 1107/1303/438 1213/1428/510
f 1215/1430/512 1111/1307/440 1109/1305/439 1214/1429/511
f 1216/1431/513 1113/1309/441 1111/1307/440 1215/1430/512
f 1217/1432/514 1115/1311/442 1113/1309/441 1216/1431/513
f 1218/1433/515 1117/1313/443 1115/1311/442 1217/1432/514
f 1219/1434/516 1119/1315/444 1117/1313/443 1218/1433/515
f 1220/1435/517 1121/1317/445 1119/1315/444 1219/1434/516
f 1221/1436/518 1123/1319/446 1121/1317/445 1220/1435/517
f 1222/1437/519 1125/1321/447 1123/1319/446 1221/1436/518
f 1223/1438/520 1127/1323/448 1125/1321/447 1222/1437/519
f 1224/1439/521 1129/1325/449 1127/1323/448 1223/1438/520
f 1225/1440/522 1131/1327/450 1129/1325/449 1224/1439/521
f 1226/1441/523 1133/1329/451 1131/1327/450 1225/1440/522
f 1227/1442/524 1135/1331/452 1133/1329/451 1226/1441/523
f 1211/1426/508 1101/1297/435 1135/1331/452 1227/1442/524
f 1067/1263/401 1210/1425/507 1211/1426/508 1068/1264/402
f 1070/1266/404 1212/1427/509 1210/1425/507 1067/1263/401
f 1072/1268/406 1213/1428/510 1212/1427/509 1070/1266/404
f 1074/1270/408 1214/1429/511 1213/1428/510 1072/1268/406
f 1076/1272/410 1215/1430/512 1214/1429/511 1074/1270/408
f 1078/1274/412 1216/1431/513 1215/1430/512 1076/1272/410
f 1080/1276/414 1217/1432/514 1216/1431/513 1078/1274/412
f 1082/1278/416 1218/1433/515 1217/1432/514 1080/1276/414
f 1084/1280/418 1219/1434/516 1218/1433/515 1082/1278/416
f 1086/1282/420 1220/1435/517 1219/1434/516 1084/1280/418
f 1088/1284/422 1221/1436/518 1220/1435/517 1086/1282/420
f 1090/1286/424 1222/1437/519 1221/1436/518 1088/1284/422
f 1092/1288/426 1223/1438/520 1222/1437/519 1090/1286/424
f 1094/1290/428 1224/1439/521 1223/1438/520 1092/1288/426
f 1096/1292/430 1225/1440/522 1224/1439/521 1094/1290/428
f 1098/1294/432 1226/1441/523 1225/1440/522 1096/1292/430
f 1100/1296/434 1227/1442/524 1226/1441/523 1098/1294/432
f 1068/1264/402 1211/1426/508 1227/1442/524 1100/1296/434
f 1192/1407/1 1138/1334/454 1137/1333/453 1193/1408/1
f 1194/1409/1 1141/1337/457 1138/1334/454 1192/1407/1
f 1195/1410/1 1143/1339/459 1141/1337/457 1194/1409/1
f 1196/1411/1 1145/1341/461 1143/1339/459 1195/1410/1
f 1197/1412/1 1147/1343/463 1145/1341/461 1196/1411/1
f 1198/1413/1 1149/1345/465 1147/1343/463 1197/1412/1
f 1199/1414/1 1151/1347/467 1149/1345/465 1198/1413/1
f 1200/1415/1 1153/1349/469 1151/1347/467 1199/1414/1
f 1201/1416/1 1155/1351/471 1153/1349/469 1200/1415/1
f 1202/1417/1 1157/1353/473 1155/1351/471 1201/1416/1
f 1203/1418/1 1159/1355/475 1157/1353/473 1202/1417/1
f 1204/1419/1 1161/1357/477 1159/1355/475 1203/1418/1
f 1205/1420/1 1163/1359/479 1161/1357/477 1204/1419/1
f 1206/1421/1 1165/1361/481 1163/1359/479 1205/1420/1
f 1207/1422/1 1167/1363/483 1165/1361/481 1206/1421/1
f 1208/1423/1 1169/1365/485 1167/1363/483 1207/1422/1
f 1209/1424/1 1171/1367/487 1169/1365/485 1208/1423/1
f 1193/1408/1 1137/1333/453 1171/1367/487 1209/1424/1
f 1139/1335/455 1228/1443/525 1229/1444/526 1140/1336/456
f 1142/1338/458 1230/1445/527 1228/1443/525 1139/1335/455
f 1144/1340/460 1231/1446/528 1230/1445/527 1142/1338/458
f 1146/1342/462 1232/1447/529 1231/1446/528 1144/1340/460
f 1148/1344/464 1233/1448/530 1232/1447/529 1146/1342/462
f 1150/1346/466 1234/1449/531 1233/1448/530 1148/1344/464
f 1152/1348/468 1235/1450/532 1234/1449/531 1150/1346/466
f 1154/1350/470 1236/1451/533 1235/1450/532 1152/1348/468
f 1156/1352/472 1237/1452/534 1236/1451/533 1154/1350/470
f 1158/1354/474 1238/1453/535 1237/1452/534 1156/1352/472
f 1160/1356/476 1239/1454/536 1238/1453/535 1158/1354/474
f 1162/1358/478 1240/1455/478 1239/1454/536 1160/1356/476
f 1164/1360/480 1241/1456/537 1240/1455/478 1162/1358/478
f 1166/1362/482 1242/1457/538 1241/1456/537 1164/1360/480
f 1168/1364/484 1243/1458/539 1242/1457/538 1166/1362/482
f 1170/1366/486 1244/1459/540 1243/1458/539 1168/1364/484
f 1172/1368/488 1245/1460/541 1244/1459/540 1170/1366/486
f 1140/1336/456 1229/1444/526 1245/1460/541 1172/1368/488
f 1228/1443/525 1174/1370/490 1173/1369/489 1229/1444/526
f 1230/1445/527 1176/1372/491 1174/1370/490 1228/1443/525
f 1231/1446/528 1177/1373/492 1176/1372/491 1230/1445/527
f 1232/1447/529 1178/1374/493 1177/1373/492 1231/1446/528
f 1233/1448/530 1179/1375/494 1178/1374/493 1232/1447/529
f 1234/1449/531 1180/1376/495 1179/1375/494 1233/1448/530
f 1235/1450/532 1181/1377/496 1180/1376/495 1234/1449/531
f 1236/1451/533 1182/1378/497 1181/1377/496 1235/1450/532
f 1237/1452/534 1183/1379/498 1182/1378/497 1236/1451/533
f 1238/1453/535 1184/1380/499 1183/1379/498 1237/1452/534
f 1239/1454/536 1185/1381/500 1184/1380/499 1238/1453/535
f 1240/1455/478 1186/1382/501 1185/1381/500 1239/1454/536
f 1241/1456/537 1187/1383/502 1186/1382/501 1240/1455/478
f 1242/1457/538 1188/1384/503 1187/1383/502 1241/1456/537
f 1243/1458/539 1189/1385/504 1188/1384/503 1242/1457/538
f 1244/1459/540 1190/1386/505 1189/1385/504 1243/1458/539
f 1245/1460/541 1191/1387/506 1190/1386/505 1244/1459/540
f 1229/1444/526 1173/1369/489 1191/1387/506 1245/1460/541
f 1246/1461/13 1247/1462/542 1248/1463/543 1249/1464/544
f 1247/1462/542 1250/1465/384 1251/1466/545 1248/1463/543
f 1250/1465/384 1252/1467/385 1253/1468/546 1251/1466/545
f 1252/1467/385 1254/1469/386 1255/1470/547 1253/1468/546
f 1254/1469/386 1256/1471/387 1257/1472/548 1255/1470/547
f 1256/1471/387 1258/1473/388 1259/1474/549 1257/1472/548
f 1258/1473/388 1260/1475/389 1261/1476/550 1259/1474/549
f 1260/1475/389 1262/1477/551 1263/1478/552 1261/1476/550
f 1262/1477/551 1264/1479/11 1265/1480/553 1263/1478/552
f 1264/1479/11 1266/1481/554 1267/1482/555 1265/1480/553
f 1266/1481/554 1268/1483/556 1269/1484/557 1267/1482/555
f 1268/1483/556 1270/1485/393 1271/1486/558 1269/1484/557
f 1270/1485/393 1272/1487/394 1273/1488/559 1271/1486/558
f 1272/1489/394 1274/1490/395 1275/1491/560 1273/1492/559
f 1274/1490/395 1276/1493/396 1277/1494/561 1275/1491/560
f 1276/1493/396 1278/1495/562 1279/1496/563 1277/1494/561
f 1278/1495/562 1280/1497/564 1281/1498/565 1279/1496/563
f 1280/1497/564 1246/1461/13 1249/1464/544 1281/1498/565
f 1249/1499/544 1248/1500/543 1282/1501/566 1283/1502/567
f 1248/1500/543 1251/1503/545 1284/1504/568 1282/1501/566
f 1251/1503/545 1253/1505/546 1285/1506/569 1284/1504/568
f 1253/1505/546 1255/1507/547 1286/1508/570 1285/1506/569
f 1255/1507/547 1257/1509/548 1287/1510/571 1286/1508/570
f 1257/1509/548 1259/1511/549 1288/1512/572 1287/1510/571
f 1259/1511/549 1261/1513/550 1289/1514/573 1288/1512/572
f 1261/1513/550 1263/1515/552 1290/1516/574 1289/1514/573
f 1263/1515/552 1265/1517/553 1291/1518/575 1290/1516/574
f 1265/1517/553 1267/1519/555 1292/1520/576 1291/1518/575
f 1267/1519/555 1269/1521/557 1293/1522/577 1292/1520/576
f 1269/1521/557 1271/1523/558 1294/1524/578 1293/1522/577
f 1271/1523/558 1273/1525/559 1295/1526/579 1294/1524/578
f 1273/1525/559 1275/1527/560 1296/1528/580 1295/1526/579
f 1275/1527/560 1277/1529/561 1297/1530/581 1296/1528/580
f 1277/1529/561 1279/1531/563 1298/1532/582 1297/1530/581
f 1279/1531/563 1281/1533/565 1299/1534/583 1298/1532/582
f 1281/1533/565 1249/1499/544 1283/1502/567 1299/1534/583
f 1283/1502/567 1282/1501/566 1300/1535/1 1301/1536/1
f 1282/1501/566 1284/1504/568 1302/1537/1 1300/1535/1
f 1284/1504/568 1285/1506/569 1303/1538/1 1302/1537/1
f 1285/1506/569 1286/1508/570 1304/1539/1 1303/1538/1
f 1286/1508/570 1287/1510/571 1305/1540/1 1304/1539/1
f 1287/1510/571 1288/1512/572 1306/1541/1 1305/1540/1
f 1288/1512/572 1289/1514/573 1307/1542/1 1306/1541/1
f 1289/1514/573 1290/1516/574 1308/1543/1 1307/1542/1
f 1290/1516/574 1291/1518/575 1309/1544/1 1308/1543/1
f 1291/1518/575 1292/1520/576 1310/1545/1 1309/1544/1
f 1292/1520/576 1293/1522/577 1311/1546/1 1310/1545/1
f 1293/1522/577 1294/1524/578 1312/1547/1 1311/1546/1
f 1294/1524/578 1295/1526/579 1313/1548/1 1312/1547/1
f 1295/1526/579 1296/1528/580 1314/1549/1 1313/1548/1
f 1296/1528/580 1297/1530/581 1315/1550/1 1314/1549/1
f 1297/1530/581 1298/1532/582 1316/1551/1 1315/1550/1
f 1298/1532/582 1299/1534/583 1317/1552/1 1316/1551/1
f 1299/1534/583 1283/1502/567 1301/1536/1 1317/1552/1
f 1301/1536/1 1300/1535/1 1318/1553/1
f 1300/1535/1 1302/1537/1 1318/1553/1
f 1302/1537/1 1303/1538/1 1318/1553/1
f 1303/1538/1 1304/1539/1 1318/1553/1
f 1304/1539/1 1305/1540/1 1318/1553/1
f 1305/1540/1 1306/1541/1 1318/1553/1
f 1306/1541/1 1307/1542/1 1318/1553/1
f 1307/1542/1 1308/1543/1 1318/1553/1
f 1308/1543/1 1309/1544/1 1318/1553/1
f 1309/1544/1 1310/1545/1 1318/1553/1
f 1310/1545/1 1311/1546/1 1318/1553/1
f 1311/1546/1 1312/1547/1 1318/1553/1
f 1312/1547/1 1313/1548/1 1318/1553/1
f 1313/1548/1 1314/1549/1 1318/1553/1
f 1314/1549/1 1315/1550/1 1318/1553/1
f 1315/1550/1 1316/1551/1 1318/1553/1
f 1316/1551/1 1317/1552/1 1318/1553/1
f 1317/1552/1 1301/1536/1 1318/1553/1
f 1319/1554/584 1320/1555/585 1321/1556/4 1322/1557/4
f 1323/1558/586 1324/1559/107 1325/1560/4 1326/1561/4
f 1327/1562/587 1328/1563/588 1329/1564/4 1330/1565/4
f 1323/1566/586 1320/1567/585 1331/1568/589 1332/1569/590
f 1327/1570/587 1333/1571/107 1334/1572/1 1335/1573/591
f 1336/1574/592 1337/1575/588 1338/1576/593 1339/1577/594
f 1340/1578/595 1341/1579/79 1342/1580/89 1343/1581/596
f 1344/1582/597 1345/1583/79 1346/1584/89 1347/1585/82
f 1348/1586/598 1349/1587/599 1350/1588/600 1351/1589/601
f 1352/1590/602 1353/1591/79 1354/1592/89 1355/1593/603
f 1356/1594/604 1357/1595/605 1358/1596/606 1359/1597/607
f 1319/1554/584 1322/1557/4 1360/1598/4 1361/1599/5
f 1348/1586/598 1351/1589/601 1362/1600/13 1363/1601/43
f 1364/1602/608 1365/1603/46 1366/1604/46 1367/1605/44
f 1368/1606/609 1369/1607/610 1370/1608/11 1371/1609/47
f 1364/1602/608 1372/1610/611 1373/1611/46 1365/1603/46
f 1374/1612/612 1375/1613/88 1376/1614/46 1377/1615/46
f 1378/1616/613 1379/1617/614 1380/1618/46 1381/1619/46
f 1326/1561/4 1382/1620/4 1383/1621/4 1321/1556/4
f 1330/1565/4 1384/1622/4 1385/1623/4 1386/1624/4
f 1387/1625/79 1341/1626/79 1388/1627/4 1389/1628/4
f 1387/1629/79 1336/1574/592 1339/1577/594 1390/1630/89
f 1345/1583/79 1391/1631/79 1392/1632/89 1346/1584/89
f 1322/1557/4 1393/1633/4 1394/1634/4 1360/1598/4
f 1395/1635/46 1368/1636/609 1371/1637/47 1396/1638/46
f 1397/1639/46 1398/1640/615 1399/1641/616 1400/1642/46
f 1401/1643/46 1402/1644/617 1403/1645/71 1404/1646/46
f 1405/1647/88 1406/1648/618 1407/1649/619 1408/1650/46
f 1341/1579/79 1387/1629/79 1390/1630/89 1342/1580/89
f 1365/1603/46 1395/1635/46 1396/1638/46 1366/1604/46
f 1377/1615/46 1397/1639/46 1400/1642/46 1373/1611/46
f 1381/1619/46 1401/1643/46 1404/1646/46 1409/1651/46
f 1410/1652/88 1405/1647/88 1408/1650/46 1411/1653/46
f 1382/1620/4 1352/1654/602 1349/1655/599 1383/1621/4
f 1384/1622/4 1356/1656/604 1412/1657/79 1385/1623/4
f 1341/1626/79 1340/1658/595 1413/1659/620 1388/1627/4
f 1391/1631/79 1414/1660/621 1415/1661/77 1392/1632/89
f 1393/1633/4 1348/1662/598 1363/1663/43 1394/1634/4
f 1369/1607/610 1368/1606/609 1399/1664/616 1416/1665/589
f 1417/1666/590 1398/1667/615 1418/1668/71 1419/1669/1
f 1420/1670/591 1402/1671/617 1421/1672/622 1422/1673/593
f 1423/1674/89 1410/1675/88 1424/1676/623 1425/1677/596
f 1426/1678/89 1427/1679/88 1428/1680/624 1429/1681/82
f 1430/1682/603 1374/1683/612 1372/1684/611 1431/1685/600
f 1432/1686/607 1378/1687/613 1433/1688/88 1434/1689/89
f 1425/1677/596 1424/1676/623 1435/1690/625 1436/1691/626
f 1437/1692/601 1364/1693/608 1367/1694/44 1438/1695/13
f 1369/1607/610 1439/1696/610 1440/1697/11 1370/1608/11
f 1441/1698/594 1406/1699/618 1405/1700/88 1442/1701/89
f 1443/1702/89 1444/1703/88 1427/1679/88 1426/1678/89
f 1442/1701/89 1405/1700/88 1410/1675/88 1423/1674/89
f 1445/1704/77 1446/1705/627 1444/1703/88 1443/1702/89
f 1360/1598/4 1447/1706/4 1448/1707/5 1361/1599/5
f 1438/1695/13 1449/1708/13 1450/1709/13 1362/1600/13
f 1366/1604/46 1451/1710/46 1452/1711/44 1367/1605/44
f 1370/1608/11 1453/1712/11 1454/1713/47 1371/1609/47
f 1394/1634/4 1455/1714/4 1447/1706/4 1360/1598/4
f 1371/1637/47 1454/1715/47 1456/1716/46 1396/1638/46
f 1396/1638/46 1456/1716/46 1451/1710/46 1366/1604/46
f 1363/1663/43 1457/1717/43 1455/1714/4 1394/1634/4
f 1367/1694/44 1452/1718/44 1449/1708/13 1438/1695/13
f 1361/1719/5 1448/1720/5 1458/1721/11 1440/1697/11
f 1447/1706/4 1459/1722/4 1460/1723/5 1448/1707/5
f 1449/1708/13 1461/1724/13 1462/1725/13 1450/1709/13
f 1451/1710/46 1463/1726/46 1464/1727/44 1452/1711/44
f 1453/1712/11 1465/1728/11 1466/1729/47 1454/1713/47
f 1455/1714/4 1467/1730/4 1459/1722/4 1447/1706/4
f 1454/1715/47 1466/1731/47 1468/1732/46 1456/1716/46
f 1456/1716/46 1468/1732/46 1463/1726/46 1451/1710/46
f 1457/1717/43 1469/1733/43 1467/1730/4 1455/1714/4
f 1452/1718/44 1464/1734/44 1461/1724/13 1449/1708/13
f 1448/1720/5 1460/1735/5 1470/1736/11 1458/1721/11
f 1439/1696/610 1369/1607/610 1416/1665/589 1331/1568/589
f 1332/1569/590 1417/1666/590 1419/1669/1 1471/1737/1
f 1335/1573/591 1420/1670/591 1422/1673/593 1472/1738/593
f 1342/1580/89 1423/1674/89 1425/1677/596 1343/1581/596
f 1346/1584/89 1426/1678/89 1429/1681/82 1347/1585/82
f 1355/1593/603 1430/1682/603 1431/1685/600 1350/1588/600
f 1359/1597/607 1432/1686/607 1434/1689/89 1473/1739/89
f 1343/1581/596 1425/1677/596 1436/1691/626 1474/1740/626
f 1351/1589/601 1437/1692/601 1438/1695/13 1362/1600/13
f 1339/1577/594 1441/1698/594 1442/1701/89 1390/1630/89
f 1392/1632/89 1443/1702/89 1426/1678/89 1346/1584/89
f 1390/1630/89 1442/1701/89 1423/1674/89 1342/1580/89
f 1415/1661/77 1445/1704/77 1443/1702/89 1392/1632/89
f 1439/1696/610 1319/1741/584 1361/1719/5 1440/1697/11
f 1450/1709/13 1457/1742/43 1363/1601/43 1362/1600/13
f 1458/1721/11 1453/1712/11 1370/1608/11 1440/1697/11
f 1415/1743/77 1414/1744/621 1469/1745/43 1462/1725/13
f 1347/1585/82 1429/1681/82 1465/1728/11 1470/1736/11
f 1459/1722/4 1345/1746/79 1344/1747/597 1460/1723/5
f 1461/1724/13 1445/1748/77 1415/1743/77 1462/1725/13
f 1463/1726/46 1444/1749/88 1446/1750/627 1464/1727/44
f 1465/1728/11 1429/1681/82 1428/1680/624 1466/1729/47
f 1467/1730/4 1391/1751/79 1345/1746/79 1459/1722/4
f 1466/1731/47 1428/1752/624 1427/1753/88 1468/1732/46
f 1468/1732/46 1427/1753/88 1444/1749/88 1463/1726/46
f 1469/1733/43 1414/1754/621 1391/1751/79 1467/1730/4
f 1464/1734/44 1446/1755/627 1445/1748/77 1461/1724/13
f 1460/1735/5 1344/1582/597 1347/1585/82 1470/1736/11
f 1469/1745/43 1457/1742/43 1450/1709/13 1462/1725/13
f 1465/1728/11 1453/1712/11 1458/1721/11 1470/1736/11
f 1337/1756/588 1336/1757/592 1387/1625/79 1389/1628/4
f 1337/1575/588 1328/1758/588 1472/1738/593 1338/1576/593
f 1413/1759/620 1340/1578/595 1343/1581/596 1474/1740/626
f 1435/1760/625 1424/1761/623 1410/1652/88 1411/1653/46
f 1388/1627/4 1475/1762/4 1329/1564/4 1389/1628/4
f 1407/1649/619 1421/1763/622 1476/1764/46 1408/1650/46
f 1408/1650/46 1476/1764/46 1380/1618/46 1411/1653/46
f 1413/1659/620 1357/1765/605 1475/1762/4 1388/1627/4
f 1407/1766/619 1406/1699/618 1441/1698/594 1477/1767/593
f 1435/1690/625 1379/1768/614 1478/1769/606 1436/1691/626
f 1477/1767/593 1441/1698/594 1339/1577/594 1338/1576/593
f 1436/1691/626 1478/1769/606 1358/1596/606 1474/1740/626
f 1328/1563/588 1337/1756/588 1389/1628/4 1329/1564/4
f 1357/1595/605 1413/1759/620 1474/1740/626 1358/1596/606
f 1379/1617/614 1435/1760/625 1411/1653/46 1380/1618/46
f 1421/1672/622 1407/1766/619 1477/1767/593 1422/1673/593
f 1422/1673/593 1477/1767/593 1338/1576/593 1472/1738/593
f 1328/1758/588 1327/1570/587 1335/1573/591 1472/1738/593
f 1475/1762/4 1384/1622/4 1330/1565/4 1329/1564/4
f 1421/1763/622 1402/1644/617 1401/1643/46 1476/1764/46
f 1476/1764/46 1401/1643/46 1381/1619/46 1380/1618/46
f 1357/1765/605 1356/1656/604 1384/1622/4 1475/1762/4
f 1379/1768/614 1378/1687/613 1432/1686/607 1478/1769/606
f 1478/1769/606 1432/1686/607 1359/1597/607 1358/1596/606
f 1333/1770/107 1327/1562/587 1330/1565/4 1386/1624/4
f 1333/1571/107 1324/1771/107 1471/1737/1 1334/1572/1
f 1412/1772/79 1356/1594/604 1359/1597/607 1473/1739/89
f 1433/1773/88 1378/1616/613 1381/1619/46 1409/1651/46
f 1385/1623/4 1479/1774/4 1325/1560/4 1386/1624/4
f 1403/1645/71 1418/1775/71 1480/1776/46 1404/1646/46
f 1404/1646/46 1480/1776/46 1376/1614/46 1409/1651/46
f 1412/1657/79 1353/1777/79 1479/1774/4 1385/1623/4
f 1403/1778/71 1402/1671/617 1420/1670/591 1481/1779/1
f 1433/1688/88 1375/1780/88 1482/1781/89 1434/1689/89
f 1481/1779/1 1420/1670/591 1335/1573/591 1334/1572/1
f 1434/1689/89 1482/1781/89 1354/1592/89 1473/1739/89
f 1324/1559/107 1333/1770/107 1386/1624/4 1325/1560/4
f 1353/1591/79 1412/1772/79 1473/1739/89 1354/1592/89
f 1375/1613/88 1433/1773/88 1409/1651/46 1376/1614/46
f 1418/1668/71 1403/1778/71 1481/1779/1 1419/1669/1
f 1419/1669/1 1481/1779/1 1334/1572/1 1471/1737/1
f 1324/1771/107 1323/1566/586 1332/1569/590 1471/1737/1
f 1479/1774/4 1382/1620/4 1326/1561/4 1325/1560/4
f 1418/1775/71 1398/1640/615 1397/1639/46 1480/1776/46
f 1480/1776/46 1397/1639/46 1377/1615/46 1376/1614/46
f 1353/1777/79 1352/1654/602 1382/1620/4 1479/1774/4
f 1375/1780/88 1374/1683/612 1430/1682/603 1482/1781/89
f 1482/1781/89 1430/1682/603 1355/1593/603 1354/1592/89
f 1320/1555/585 1323/1558/586 1326/1561/4 1321/1556/4
f 1320/1567/585 1319/1741/584 1439/1696/610 1331/1568/589
f 1349/1587/599 1352/1590/602 1355/1593/603 1350/1588/600
f 1372/1610/611 1374/1612/612 1377/1615/46 1373/1611/46
f 1383/1621/4 1393/1633/4 1322/1557/4 1321/1556/4
f 1399/1641/616 1368/1636/609 1395/1635/46 1400/1642/46
f 1400/1642/46 1395/1635/46 1365/1603/46 1373/1611/46
f 1349/1655/599 1348/1662/598 1393/1633/4 1383/1621/4
f 1399/1664/616 1398/1667/615 1417/1666/590 1416/1665/589
f 1372/1684/611 1364/1693/608 1437/1692/601 1431/1685/600
f 1416/1665/589 1417/1666/590 1332/1569/590 1331/1568/589
f 1431/1685/600 1437/1692/601 1351/1589/601 1350/1588/600
f 1483/1782/13 1484/1783/13 1485/1784/4 1486/1785/4
f 1486/1785/4 1485/1784/4 1487/1786/11 1488/1787/11
f 1488/1787/11 1487/1786/11 1489/1788/46 1490/1789/46
f 1490/1790/46 1489/1791/46 1484/1783/13 1483/1782/13
f 1491/1792/13 1492/1793/13 1493/1794/4 1494/1795/4
f 1494/1795/4 1493/1794/4 1495/1796/11 1496/1797/11
f 1496/1797/11 1495/1796/11 1497/1798/46 1498/1799/46
f 1498/1800/46 1497/1801/46 1492/1793/13 1491/1792/13
f 1499/1802/13 1500/1803/13 1501/1804/4 1502/1805/4
f 1502/1805/4 1501/1804/4 1503/1806/11 1504/1807/11
f 1504/1807/11 1503/1806/11 1505/1808/46 1506/1809/46
f 1506/1810/46 1505/1811/46 1500/1803/13 1499/1802/13
f 1507/1812/13 1508/1813/13 1509/1814/4 1510/1815/4
f 1510/1815/4 1509/1814/4 1511/1816/11 1512/1817/11
f 1512/1817/11 1511/1816/11 1513/1818/46 1514/1819/46
f 1514/1820/46 1513/1821/46 1508/1813/13 1507/1812/13
f 1515/1822/13 1516/1823/13 1517/1824/4 1518/1825/4
f 1518/1825/4 1517/1824/4 1519/1826/11 1520/1827/11
f 1520/1827/11 1519/1826/11 1521/1828/46 1522/1829/46
f 1522/1830/46 1521/1831/46 1516/1823/13 1515/1822/13
f 1523/1832/13 1524/1833/13 1525/1834/4 1526/1835/4
f 1526/1835/4 1525/1834/4 1527/1836/11 1528/1837/11
f 1528/1837/11 1527/1836/11 1529/1838/46 1530/1839/46
f 1530/1840/46 1529/1841/46 1524/1833/13 1523/1832/13
f 1531/1842/13 1532/1843/13 1533/1844/4 1534/1845/4
f 1534/1845/4 1533/1844/4 1535/1846/11 1536/1847/11
f 1536/1847/11 1535/1846/11 1537/1848/46 1538/1849/46
f 1538/1850/46 1537/1851/46 1532/1843/13 1531/1842/13
f 1539/1852/13 1540/1853/13 1541/1854/4 1542/1855/4
f 1542/1855/4 1541/1854/4 1543/1856/11 1544/1857/11
f 1544/1857/11 1543/1856/11 1545/1858/46 1546/1859/46
f 1546/1860/46 1545/1861/46 1540/1853/13 1539/1852/13
f 1547/1862/13 1548/1863/13 1549/1864/4 1550/1865/4
f 1550/1865/4 1549/1864/4 1551/1866/11 1552/1867/11
f 1552/1867/11 1551/1866/11 1553/1868/46 1554/1869/46
f 1554/1870/46 1553/1871/46 1548/1863/13 1547/1862/13
f 1555/1872/13 1556/1873/13 1557/1874/4 1558/1875/4
f 1558/1875/4 1557/1874/4 1559/1876/11 1560/1877/11
f 1560/1877/11 1559/1876/11 1561/1878/46 1562/1879/46
f 1562/1880/46 1561/1881/46 1556/1873/13 1555/1872/13
f 1563/1882/13 1564/1883/13 1565/1884/4 1566/1885/4
f 1566/1885/4 1565/1884/4 1567/1886/11 1568/1887/11
f 1568/1887/11 1567/1886/11 1569/1888/46 1570/1889/46
f 1570/1890/46 1569/1891/46 1564/1883/13 1563/1882/13
f 1571/1892/13 1572/1893/13 1573/1894/4 1574/1895/4
f 1574/1895/4 1573/1894/4 1575/1896/11 1576/1897/11
f 1576/1897/11 1575/1896/11 1577/1898/46 1578/1899/46
f 1578/1900/46 1577/1901/46 1572/1893/13 1571/1892/13
f 1579/1902/13 1580/1903/13 1581/1904/4 1582/1905/4
f 1582/1905/4 1581/1904/4 1583/1906/11 1584/1907/11
f 1584/1907/11 1583/1906/11 1585/1908/46 1586/1909/46
f 1586/1910/46 1585/1911/46 1580/1903/13 1579/1902/13
f 1587/1912/13 1588/1913/13 1589/1914/4 1590/1915/4
f 1590/1915/4 1589/1914/4 1591/1916/11 1592/1917/11
f 1592/1917/11 1591/1916/11 1593/1918/46 1594/1919/46
f 1594/1920/46 1593/1921/46 1588/1913/13 1587/1912/13
f 1595/1922/13 1596/1923/13 1597/1924/4 1598/1925/4
f 1598/1925/4 1597/1924/4 1599/1926/11 1600/1927/11
f 1600/1927/11 1599/1926/11 1601/1928/46 1602/1929/46
f 1602/1930/46 1601/1931/46 1596/1923/13 1595/1922/13
f 1603/1932/13 1604/1933/13 1605/1934/4 1606/1935/4
f 1606/1935/4 1605/1934/4 1607/1936/11 1608/1937/11
f 1608/1937/11 1607/1936/11 1609/1938/46 1610/1939/46
f 1610/1940/46 1609/1941/46 1604/1933/13 1603/1932/13
f 1611/1942/11 1612/1943/11 1613/1944/4 1614/1945/4
f 1614/1945/4 1613/1944/4 1615/1946/13 1616/1947/13
f 1616/1947/13 1615/1946/13 1617/1948/46 1618/1949/46
f 1618/1950/46 1617/1951/46 1612/1943/11 1611/1942/11
f 1619/1952/11 1620/1953/11 1621/1954/4 1622/1955/4
f 1622/1955/4 1621/1954/4 1623/1956/13 1624/1957/13
f 1624/1957/13 1623/1956/13 1625/1958/46 1626/1959/46
f 1626/1960/46 1625/1961/46 1620/1953/11 1619/1952/11
f 1627/1962/11 1628/1963/11 1629/1964/4 1630/1965/4
f 1630/1965/4 1629/1964/4 1631/1966/13 1632/1967/13
f 1632/1967/13 1631/1966/13 1633/1968/46 1634/1969/46
f 1634/1970/46 1633/1971/46 1628/1963/11 1627/1962/11
f 1635/1972/11 1636/1973/11 1637/1974/4 1638/1975/4
f 1638/1975/4 1637/1974/4 1639/1976/13 1640/1977/13
f 1640/1977/13 1639/1976/13 1641/1978/46 1642/1979/46
f 1642/1980/46 1641/1981/46 1636/1973/11 1635/1972/11
f 1643/1982/11 1644/1983/11 1645/1984/4 1646/1985/4
f 1646/1985/4 1645/1984/4 1647/1986/13 1648/1987/13
f 1648/1987/13 1647/1986/13 1649/1988/46 1650/1989/46
f 1650/1990/46 1649/1991/46 1644/1983/11 1643/1982/11
f 1651/1992/11 1652/1993/11 1653/1994/4 1654/1995/4
f 1654/1995/4 1653/1994/4 1655/1996/13 1656/1997/13
f 1656/1997/13 1655/1996/13 1657/1998/46 1658/1999/46
f 1658/2000/46 1657/2001/46 1652/1993/11 1651/1992/11
f 1659/2002/11 1660/2003/11 1661/2004/4 1662/2005/4
f 1662/2005/4 1661/2004/4 1663/2006/13 1664/2007/13
f 1664/2007/13 1663/2006/13 1665/2008/46 1666/2009/46
f 1666/2010/46 1665/2011/46 1660/2003/11 1659/2002/11
f 1667/2012/11 1668/2013/11 1669/2014/4 1670/2015/4
f 1670/2015/4 1669/2014/4 1671/2016/13 1672/2017/13
f 1672/2017/13 1671/2016/13 1673/2018/46 1674/2019/46
f 1674/2020/46 1673/2021/46 1668/2013/11 1667/2012/11
f 1675/2022/11 1676/2023/11 1677/2024/4 1678/2025/4
f 1678/2025/4 1677/2024/4 1679/2026/13 1680/2027/13
f 1680/2027/13 1679/2026/13 1681/2028/46 1682/2029/46
f 1682/2030/46 1681/2031/46 1676/2023/11 1675/2022/11
f 1683/2032/11 1684/2033/11 1685/2034/4 1686/2035/4
f 1686/2035/4 1685/2034/4 1687/2036/13 1688/2037/13
f 1688/2037/13 1687/2036/13 1689/2038/46 1690/2039/46
f 1690/2040/46 1689/2041/46 1684/2033/11 1683/2032/11
f 1691/2042/11 1692/2043/11 1693/2044/4 1694/2045/4
f 1694/2045/4 1693/2044/4 1695/2046/13 1696/2047/13
f 1696/2047/13 1695/2046/13 1697/2048/46 1698/2049/46
f 1698/2050/46 1697/2051/46 1692/2043/11 1691/2042/11
f 1699/2052/11 1700/2053/11 1701/2054/4 1702/2055/4
f 1702/2055/4 1701/2054/4 1703/2056/13 1704/2057/13
f 1704/2057/13 1703/2056/13 1705/2058/46 1706/2059/46
f 1706/2060/46 1705/2061/46 1700/2053/11 1699/2052/11
f 1707/2062/11 1708/2063/11 1709/2064/4 1710/2065/4
f 1710/2065/4 1709/2064/4 1711/2066/13 1712/2067/13
f 1712/2067/13 1711/2066/13 1713/2068/46 1714/2069/46
f 1714/2070/46 1713/2071/46 1708/2063/11 1707/2062/11
f 1715/2072/11 1716/2073/11 1717/2074/4 1718/2075/4
f 1718/2075/4 1717/2074/4 1719/2076/13 1720/2077/13
f 1720/2077/13 1719/2076/13 1721/2078/46 1722/2079/46
f 1722/2080/46 1721/2081/46 1716/2073/11 1715/2072/11
f 1723/2082/11 1724/2083/11 1725/2084/4 1726/2085/4
f 1726/2085/4 1725/2084/4 1727/2086/13 1728/2087/13
f 1728/2087/13 1727/2086/13 1729/2088/46 1730/2089/46
f 1730/2090/46 1729/2091/46 1724/2083/11 1723/2082/11
f 1731/2092/11 1732/2093/11 1733/2094/4 1734/2095/4
f 1734/2095/4 1733/2094/4 1735/2096/13 1736/2097/13
f 1736/2097/13 1735/2096/13 1737/2098/46 1738/2099/46
f 1738/2100/46 1737/2101/46 1732/2093/11 1731/2092/11
f 1739/2102/1 1740/2103/4 1741/2104/4 1742/2105/1
f 1740/2103/4 1743/2106/89 1744/2107/89 1741/2104/4
f 1743/2106/89 1745/2108/46 1746/2109/46 1744/2107/89
f 1745/2110/46 1739/2102/1 1742/2105/1 1746/2111/46
f 1747/2112/1 1748/2113/4 1749/2114/4 1750/2115/1
f 1748/2113/4 1751/2116/89 1752/2117/89 1749/2114/4
f 1751/2116/89 1753/2118/46 1754/2119/46 1752/2117/89
f 1753/2120/46 1747/2112/1 1750/2115/1 1754/2121/46
f 1755/2122/628 1756/2123/629 1757/2124/629 1758/2125/628
f 1756/2123/629 1759/2126/630 1760/2127/630 1757/2124/629
f 1761/2128/631 1762/2129/632 1763/2130/632 1764/2131/631
f 1765/2132/633 1766/2133/634 1767/2134/634 1768/2135/633
f 1769/2136/635 1770/2137/636 1771/2138/636 1772/2139/635
f 1773/2140/637 1755/2122/628 1758/2125/628 1774/2141/637
f 1766/2133/634 1769/2136/635 1772/2139/635 1767/2134/634
f 1762/2129/632 1773/2140/637 1774/2141/637 1763/2130/632
f 1764/2131/631 1771/2138/636 1770/2137/636 1761/2128/631
f 1775/1782/13 1776/1783/13 1777/1784/4 1778/1785/4
f 1778/1785/4 1777/1784/4 1779/1786/11 1780/1787/11
f 1780/1787/11 1779/1786/11 1781/1788/46 1782/1789/46
f 1782/1790/46 1781/1791/46 1776/1783/13 1775/1782/13
f 1783/1792/13 1784/1793/13 1785/1794/4 1786/1795/4
f 1786/1795/4 1785/1794/4 1787/1796/11 1788/1797/11
f 1788/1797/11 1787/1796/11 1789/1798/46 1790/1799/46
f 1790/1800/46 1789/1801/46 1784/1793/13 1783/1792/13
f 1791/1802/13 1792/1803/13 1793/1804/4 1794/1805/4
f 1794/1805/4 1793/1804/4 1795/1806/11 1796/1807/11
f 1796/1807/11 1795/1806/11 1797/1808/46 1798/1809/46
f 1798/1810/46 1797/1811/46 1792/1803/13 1791/1802/13
f 1799/1812/13 1800/1813/13 1801/1814/4 1802/1815/4
f 1802/1815/4 1801/1814/4 1803/1816/11 1804/1817/11
f 1804/1817/11 1803/1816/11 1805/1818/46 1806/1819/46
f 1806/1820/46 1805/1821/46 1800/1813/13 1799/1812/13
f 1807/1822/13 1808/1823/13 1809/1824/4 1810/1825/4
f 1810/1825/4 1809/1824/4 1811/1826/11 1812/1827/11
f 1812/1827/11 1811/1826/11 1813/1828/46 1814/1829/46
f 1814/1830/46 1813/1831/46 1808/1823/13 1807/1822/13
f 1815/1832/13 1816/1833/13 1817/1834/4 1818/1835/4
f 1818/1835/4 1817/1834/4 1819/1836/11 1820/1837/11
f 1820/1837/11 1819/1836/11 1821/1838/46 1822/1839/46
f 1822/1840/46 1821/1841/46 1816/1833/13 1815/1832/13
f 1823/1842/13 1824/1843/13 1825/1844/4 1826/1845/4
f 1826/1845/4 1825/1844/4 1827/1846/11 1828/1847/11
f 1828/1847/11 1827/1846/11 1829/1848/46 1830/1849/46
f 1830/1850/46 1829/1851/46 1824/1843/13 1823/1842/13
f 1831/1852/13 1832/1853/13 1833/1854/4 1834/1855/4
f 1834/1855/4 1833/1854/4 1835/1856/11 1836/1857/11
f 1836/1857/11 1835/1856/11 1837/1858/46 1838/1859/46
f 1838/1860/46 1837/1861/46 1832/1853/13 1831/1852/13
f 1839/1862/13 1840/1863/13 1841/1864/4 1842/1865/4
f 1842/1865/4 1841/1864/4 1843/1866/11 1844/1867/11
f 1844/1867/11 1843/1866/11 1845/1868/46 1846/1869/46
f 1846/1870/46 1845/1871/46 1840/1863/13 1839/1862/13
f 1847/1872/13 1848/1873/13 1849/1874/4 1850/1875/4
f 1850/1875/4 1849/1874/4 1851/1876/11 1852/1877/11
f 1852/1877/11 1851/1876/11 1853/1878/46 1854/1879/46
f 1854/1880/46 1853/1881/46 1848/1873/13 1847/1872/13
f 1855/1882/13 1856/1883/13 1857/1884/4 1858/1885/4
f 1858/1885/4 1857/1884/4 1859/1886/11 1860/1887/11
f 1860/1887/11 1859/1886/11 1861/1888/46 1862/1889/46
f 1862/1890/46 1861/1891/46 1856/1883/13 1855/1882/13
f 1863/1892/13 1864/1893/13 1865/1894/4 1866/1895/4
f 1866/1895/4 1865/1894/4 1867/1896/11 1868/1897/11
f 1868/1897/11 1867/1896/11 1869/1898/46 1870/1899/46
f 1870/1900/46 1869/1901/46 1864/1893/13 1863/1892/13
f 1871/1902/13 1872/1903/13 1873/1904/4 1874/1905/4
f 1874/1905/4 1873/1904/4 1875/1906/11 1876/1907/11
f 1876/1907/11 1875/1906/11 1877/1908/46 1878/1909/46
f 1878/1910/46 1877/1911/46 1872/1903/13 1871/1902/13
f 1879/1912/13 1880/1913/13 1881/1914/4 1882/1915/4
f 1882/1915/4 1881/1914/4 1883/1916/11 1884/1917/11
f 1884/1917/11 1883/1916/11 1885/1918/46 1886/1919/46
f 1886/1920/46 1885/1921/46 1880/1913/13 1879/1912/13
f 1887/1922/13 1888/1923/13 1889/1924/4 1890/1925/4
f 1890/1925/4 1889/1924/4 1891/1926/11 1892/1927/11
f 1892/1927/11 1891/1926/11 1893/1928/46 1894/1929/46
f 1894/1930/46 1893/1931/46 1888/1923/13 1887/1922/13
f 1895/1932/13 1896/1933/13 1897/1934/4 1898/1935/4
f 1898/1935/4 1897/1934/4 1899/1936/11 1900/1937/11
f 1900/1937/11 1899/1936/11 1901/1938/46 1902/1939/46
f 1902/1940/46 1901/1941/46 1896/1933/13 1895/1932/13
f 1903/1942/11 1904/1943/11 1905/1944/4 1906/1945/4
f 1906/1945/4 1905/1944/4 1907/1946/13 1908/1947/13
f 1908/1947/13 1907/1946/13 1909/1948/46 1910/1949/46
f 1910/1950/46 1909/1951/46 1904/1943/11 1903/1942/11
f 1911/1952/11 1912/1953/11 1913/1954/4 1914/1955/4
f 1914/1955/4 1913/1954/4 1915/1956/13 1916/1957/13
f 1916/1957/13 1915/1956/13 1917/1958/46 1918/1959/46
f 1918/1960/46 1917/1961/46 1912/1953/11 1911/1952/11
f 1919/1962/11 1920/1963/11 1921/1964/4 1922/1965/4
f 1922/1965/4 1921/1964/4 1923/1966/13 1924/1967/13
f 1924/1967/13 1923/1966/13 1925/1968/46 1926/1969/46
f 1926/1970/46 1925/1971/46 1920/1963/11 1919/1962/11
f 1927/1972/11 1928/1973/11 1929/1974/4 1930/1975/4
f 1930/1975/4 1929/1974/4 1931/1976/13 1932/1977/13
f 1932/1977/13 1931/1976/13 1933/1978/46 1934/1979/46
f 1934/1980/46 1933/1981/46 1928/1973/11 1927/1972/11
f 1935/1982/11 1936/1983/11 1937/1984/4 1938/1985/4
f 1938/1985/4 1937/1984/4 1939/1986/13 1940/1987/13
f 1940/1987/13 1939/1986/13 1941/1988/46 1942/1989/46
f 1942/1990/46 1941/1991/46 1936/1983/11 1935/1982/11
f 1943/1992/11 1944/1993/11 1945/1994/4 1946/1995/4
f 1946/1995/4 1945/1994/4 1947/1996/13 1948/1997/13
f 1948/1997/13 1947/1996/13 1949/1998/46 1950/1999/46
f 1950/2000/46 1949/2001/46 1944/1993/11 1943/1992/11
f 1951/2002/11 1952/2003/11 1953/2004/4 1954/2005/4
f 1954/2005/4 1953/2004/4 1955/2006/13 1956/2007/13
f 1956/2007/13 1955/2006/13 1957/2008/46 1958/2009/46
f 1958/2010/46 1957/2011/46 1952/2003/11 1951/2002/11
f 1959/2012/11 1960/2013/11 1961/2014/4 1962/2015/4
f 1962/2015/4 1961/2014/4 1963/2016/13 1964/2017/13
f 1964/2017/13 1963/2016/13 1965/2018/46 1966/2019/46
f 1966/2020/46 1965/2021/46 1960/2013/11 1959/2012/11
f 1967/2022/11 1968/2023/11 1969/2024/4 1970/2025/4
f 1970/2025/4 1969/2024/4 1971/2026/13 1972/2027/13
f 1972/2027/13 1971/2026/13 1973/2028/46 1974/2029/46
f 1974/2030/46 1973/2031/46 1968/2023/11 1967/2022/11
f 1975/2032/11 1976/2033/11 1977/2034/4 1978/2035/4
f 1978/2035/4 1977/2034/4 1979/2036/13 1980/2037/13
f 1980/2037/13 1979/2036/13 1981/2038/46 1982/2039/46
f 1982/2040/46 1981/2041/46 1976/2033/11 1975/2032/11
f 1983/2042/11 1984/2043/11 1985/2044/4 1986/2045/4
f 1986/2045/4 1985/2044/4 1987/2046/13 1988/2047/13
f 1988/2047/13 1987/2046/13 1989/2048/46 1990/2049/46
f 1990/2050/46 1989/2051/46 1984/2043/11 1983/2042/11
f 1991/2052/11 1992/2053/11 1993/2054/4 1994/2055/4
f 1994/2055/4 1993/2054/4 1995/2056/13 1996/2057/13
f 1996/2057/13 1995/2056/13 1997/2058/46 1998/2059/46
f 1998/2060/46 1997/2061/46 1992/2053/11 1991/2052/11
f 1999/2062/11 2000/2063/11 2001/2064/4 2002/2065/4
f 2002/2065/4 2001/2064/4 2003/2066/13 2004/2067/13
f 2004/2067/13 2003/2066/13 2005/2068/46 2006/2069/46
f 2006/2070/46 2005/2071/46 2000/2063/11 1999/2062/11
f 2007/2072/11 2008/2073/11 2009/2074/4 2010/2075/4
f 2010/2075/4 2009/2074/4 2011/2076/13 2012/2077/13
f 2012/2077/13 2011/2076/13 2013/2078/46 2014/2079/46
f 2014/2080/46 2013/2081/46 2008/2073/11 2007/2072/11
f 2015/2082/11 2016/2083/11 2017/2084/4 2018/2085/4
f 2018/2085/4 2017/2084/4 2019/2086/13 2020/2087/13
f 2020/2087/13 2019/2086/13 2021/2088/46 2022/2089/46
f 2022/2090/46 2021/2091/46 2016/2083/11 2015/2082/11
f 2023/2092/11 2024/2093/11 2025/2094/4 2026/2095/4
f 2026/2095/4 2025/2094/4 2027/2096/13 2028/2097/13
f 2028/2097/13 2027/2096/13 2029/2098/46 2030/2099/46
f 2030/2100/46 2029/2101/46 2024/2093/11 2023/2092/11
f 2031/2102/1 2032/2103/4 2033/2104/4 2034/2105/1
f 2032/2103/4 2035/2106/89 2036/2107/89 2033/2104/4
f 2035/2106/89 2037/2108/46 2038/2109/46 2036/2107/89
f 2037/2110/46 2031/2102/1 2034/2105/1 2038/2111/46
f 2039/2112/1 2040/2113/4 2041/2114/4 2042/2115/1
f 2040/2113/4 2043/2116/89 2044/2117/89 2041/2114/4
f 2043/2116/89 2045/2118/46 2046/2119/46 2044/2117/89
f 2045/2120/46 2039/2112/1 2042/2115/1 2046/2121/46
f 2047/2122/628 2048/2123/629 2049/2124/629 2050/2125/628
f 2048/2123/629 2051/2126/630 2052/2127/630 2049/2124/629
f 2053/2128/638 2054/2129/632 2055/2130/632 2056/2131/638
f 2057/2132/639 2058/2133/634 2059/2134/634 2060/2135/639
f 2061/2136/635 2062/2137/636 2063/2138/636 2064/2139/635
f 2065/2140/640 2047/2122/628 2050/2125/628 2066/2141/640
f 2058/2133/634 2061/2136/635 2064/2139/635 2059/2134/634
f 2054/2129/632 2065/2140/640 2066/2141/640 2055/2130/632
f 2056/2131/638 2063/2138/636 2062/2137/636 2053/2128/638
f 2067/1782/13 2068/1783/13 2069/1784/4 2070/1785/4
f 2070/1785/4 2069/1784/4 2071/1786/11 2072/1787/11
f 2072/1787/11 2071/1786/11 2073/1788/46 2074/1789/46
f 2074/1790/46 2073/1791/46 2068/1783/13 2067/1782/13
f 2075/1792/13 2076/1793/13 2077/1794/4 2078/1795/4
f 2078/1795/4 2077/1794/4 2079/1796/11 2080/1797/11
f 2080/1797/11 2079/1796/11 2081/1798/46 2082/1799/46
f 2082/1800/46 2081/1801/46 2076/1793/13 2075/1792/13
f 2083/1802/13 2084/1803/13 2085/1804/4 2086/1805/4
f 2086/1805/4 2085/1804/4 2087/1806/11 2088/1807/11
f 2088/1807/11 2087/1806/11 2089/1808/46 2090/1809/46
f 2090/1810/46 2089/1811/46 2084/1803/13 2083/1802/13
f 2091/1812/13 2092/1813/13 2093/1814/4 2094/1815/4
f 2094/1815/4 2093/1814/4 2095/1816/11 2096/1817/11
f 2096/1817/11 2095/1816/11 2097/1818/46 2098/1819/46
f 2098/1820/46 2097/1821/46 2092/1813/13 2091/1812/13
f 2099/1822/13 2100/1823/13 2101/1824/4 2102/1825/4
f 2102/1825/4 2101/1824/4 2103/1826/11 2104/1827/11
f 2104/1827/11 2103/1826/11 2105/1828/46 2106/1829/46
f 2106/1830/46 2105/1831/46 2100/1823/13 2099/1822/13
f 2107/1832/13 2108/1833/13 2109/1834/4 2110/1835/4
f 2110/1835/4 2109/1834/4 2111/1836/11 2112/1837/11
f 2112/1837/11 2111/1836/11 2113/1838/46 2114/1839/46
f 2114/1840/46 2113/1841/46 2108/1833/13 2107/1832/13
f 2115/1842/13 2116/1843/13 2117/1844/4 2118/1845/4
f 2118/1845/4 2117/1844/4 2119/1846/11 2120/1847/11
f 2120/1847/11 2119/1846/11 2121/1848/46 2122/1849/46
f 2122/1850/46 2121/1851/46 2116/1843/13 2115/1842/13
f 2123/1852/13 2124/1853/13 2125/1854/4 2126/1855/4
f 2126/1855/4 2125/1854/4 2127/1856/11 2128/1857/11
f 2128/1857/11 2127/1856/11 2129/1858/46 2130/1859/46
f 2130/1860/46 2129/1861/46 2124/1853/13 2123/1852/13
f 2131/1862/13 2132/1863/13 2133/1864/4 2134/1865/4
f 2134/1865/4 2133/1864/4 2135/1866/11 2136/1867/11
f 2136/1867/11 2135/1866/11 2137/1868/46 2138/1869/46
f 2138/1870/46 2137/1871/46 2132/1863/13 2131/1862/13
f 2139/1872/13 2140/1873/13 2141/1874/4 2142/1875/4
f 2142/1875/4 2141/1874/4 2143/1876/11 2144/1877/11
f 2144/1877/11 2143/1876/11 2145/1878/46 2146/1879/46
f 2146/1880/46 2145/1881/46 2140/1873/13 2139/1872/13
f 2147/1882/13 2148/1883/13 2149/1884/4 2150/1885/4
f 2150/1885/4 2149/1884/4 2151/1886/11 2152/1887/11
f 2152/1887/11 2151/1886/11 2153/1888/46 2154/1889/46
f 2154/1890/46 2153/1891/46 2148/1883/13 2147/1882/13
f 2155/1892/13 2156/1893/13 2157/1894/4 2158/1895/4
f 2158/1895/4 2157/1894/4 2159/1896/11 2160/1897/11
f 2160/1897/11 2159/1896/11 2161/1898/46 2162/1899/46
f 2162/1900/46 2161/1901/46 2156/1893/13 2155/1892/13
f 2163/1902/13 2164/1903/13 2165/1904/4 2166/1905/4
f 2166/1905/4 2165/1904/4 2167/1906/11 2168/1907/11
f 2168/1907/11 2167/1906/11 2169/1908/46 2170/1909/46
f 2170/1910/46 2169/1911/46 2164/1903/13 2163/1902/13
f 2171/1912/13 2172/1913/13 2173/1914/4 2174/1915/4
f 2174/1915/4 2173/1914/4 2175/1916/11 2176/1917/11
f 2176/1917/11 2175/1916/11 2177/1918/46 2178/1919/46
f 2178/1920/46 2177/1921/46 2172/1913/13 2171/1912/13
f 2179/1922/13 2180/1923/13 2181/1924/4 2182/1925/4
f 2182/1925/4 2181/1924/4 2183/1926/11 2184/1927/11
f 2184/1927/11 2183/1926/11 2185/1928/46 2186/1929/46
f 2186/1930/46 2185/1931/46 2180/1923/13 2179/1922/13
f 2187/1932/13 2188/1933/13 2189/1934/4 2190/1935/4
f 2190/1935/4 2189/1934/4 2191/1936/11 2192/1937/11
f 2192/1937/11 2191/1936/11 2193/1938/46 2194/1939/46
f 2194/1940/46 2193/1941/46 2188/1933/13 2187/1932/13
f 2195/1942/11 2196/1943/11 2197/1944/4 2198/1945/4
f 2198/1945/4 2197/1944/4 2199/1946/13 2200/1947/13
f 2200/1947/13 2199/1946/13 2201/1948/46 2202/1949/46
f 2202/1950/46 2201/1951/46 2196/1943/11 2195/1942/11
f 2203/1952/11 2204/1953/11 2205/1954/4 2206/1955/4
f 2206/1955/4 2205/1954/4 2207/1956/13 2208/1957/13
f 2208/1957/13 2207/1956/13 2209/1958/46 2210/1959/46
f 2210/1960/46 2209/1961/46 2204/1953/11 2203/1952/11
f 2211/1962/11 2212/1963/11 2213/1964/4 2214/1965/4
f 2214/1965/4 2213/1964/4 2215/1966/13 2216/1967/13
f 2216/1967/13 2215/1966/13 2217/1968/46 2218/1969/46
f 2218/1970/46 2217/1971/46 2212/1963/11 2211/1962/11
f 2219/1972/11 2220/1973/11 2221/1974/4 2222/1975/4
f 2222/1975/4 2221/1974/4 2223/1976/13 2224/1977/13
f 2224/1977/13 2223/1976/13 2225/1978/46 2226/1979/46
f 2226/1980/46 2225/1981/46 2220/1973/11 2219/1972/11
f 2227/1982/11 2228/1983/11 2229/1984/4 2230/1985/4
f 2230/1985/4 2229/1984/4 2231/1986/13 2232/1987/13
f 2232/1987/13 2231/1986/13 2233/1988/46 2234/1989/46
f 2234/1990/46 2233/1991/46 2228/1983/11 2227/1982/11
f 2235/1992/11 2236/1993/11 2237/1994/4 2238/1995/4
f 2238/1995/4 2237/1994/4 2239/1996/13 2240/1997/13
f 2240/1997/13 2239/1996/13 2241/1998/46 2242/1999/46
f 2242/2000/46 2241/2001/46 2236/1993/11 2235/1992/11
f 2243/2002/11 2244/2003/11 2245/2004/4 2246/2005/4
f 2246/2005/4 2245/2004/4 2247/2006/13 2248/2007/13
f 2248/2007/13 2247/2006/13 2249/2008/46 2250/2009/46
f 2250/2010/46 2249/2011/46 2244/2003/11 2243/2002/11
f 2251/2012/11 2252/2013/11 2253/2014/4 2254/2015/4
f 2254/2015/4 2253/2014/4 2255/2016/13 2256/2017/13
f 2256/2017/13 2255/2016/13 2257/2018/46 2258/2019/46
f 2258/2020/46 2257/2021/46 2252/2013/11 2251/2012/11
f 2259/2022/11 2260/2023/11 2261/2024/4 2262/2025/4
f 2262/2025/4 2261/2024/4 2263/2026/13 2264/2027/13
f 2264/2027/13 2263/2026/13 2265/2028/46 2266/2029/46
f 2266/2030/46 2265/2031/46 2260/2023/11 2259/2022/11
f 2267/2032/11 2268/2033/11 2269/2034/4 2270/2035/4
f 2270/2035/4 2269/2034/4 2271/2036/13 2272/2037/13
f 2272/2037/13 2271/2036/13 2273/2038/46 2274/2039/46
f 2274/2040/46 2273/2041/46 2268/2033/11 2267/2032/11
f 2275/2042/11 2276/2043/11 2277/2044/4 2278/2045/4
f 2278/2045/4 2277/2044/4 2279/2046/13 2280/2047/13
f 2280/2047/13 2279/2046/13 2281/2048/46 2282/2049/46
f 2282/2050/46 2281/2051/46 2276/2043/11 2275/2042/11
f 2283/2052/11 2284/2053/11 2285/2054/4 2286/2055/4
f 2286/2055/4 2285/2054/4 2287/2056/13 2288/2057/13
f 2288/2057/13 2287/2056/13 2289/2058/46 2290/2059/46
f 2290/2060/46 2289/2061/46 2284/2053/11 2283/2052/11
f 2291/2062/11 2292/2063/11 2293/2064/4 2294/2065/4
f 2294/2065/4 2293/2064/4 2295/2066/13 2296/2067/13
f 2296/2067/13 2295/2066/13 2297/2068/46 2298/2069/46
f 2298/2070/46 2297/2071/46 2292/2063/11 2291/2062/11
f 2299/2072/11 2300/2073/11 2301/2074/4 2302/2075/4
f 2302/2075/4 2301/2074/4 2303/2076/13 2304/2077/13
f 2304/2077/13 2303/2076/13 2305/2078/46 2306/2079/46
f 2306/2080/46 2305/2081/46 2300/2073/11 2299/2072/11
f 2307/2082/11 2308/2083/11 2309/2084/4 2310/2085/4
f 2310/2085/4 2309/2084/4 2311/2086/13 2312/2087/13
f 2312/2087/13 2311/2086/13 2313/2088/46 2314/2089/46
f 2314/2090/46 2313/2091/46 2308/2083/11 2307/2082/11
f 2315/2092/11 2316/2093/11 2317/2094/4 2318/2095/4
f 2318/2095/4 2317/2094/4 2319/2096/13 2320/2097/13
f 2320/2097/13 2319/2096/13 2321/2098/46 2322/2099/46
f 2322/2100/46 2321/2101/46 2316/2093/11 2315/2092/11
f 2323/2102/1 2324/2103/4 2325/2104/4 2326/2105/1
f 2324/2103/4 2327/2106/89 2328/2107/89 2325/2104/4
f 2327/2106/89 2329/2108/46 2330/2109/46 2328/2107/89
f 2329/2110/46 2323/2102/1 2326/2105/1 2330/2111/46
f 2331/2112/1 2332/2113/4 2333/2114/4 2334/2115/1
f 2332/2113/4 2335/2116/89 2336/2117/89 2333/2114/4
f 2335/2116/89 2337/2118/46 2338/2119/46 2336/2117/89
f 2337/2120/46 2331/2112/1 2334/2115/1 2338/2121/46
f 2339/2122/641 2340/2123/642 2341/2124/642 2342/2125/641
f 2340/2123/642 2343/2126/643 2344/2127/643 2341/2124/642
f 2345/2128/638 2346/2129/632 2347/2130/632 2348/2131/638
f 2349/2132/633 2350/2133/634 2351/2134/634 2352/2135/633
f 2353/2136/635 2354/2137/636 2355/2138/636 2356/2139/635
f 2357/2140/644 2339/2122/641 2342/2125/641 2358/2141/644
f 2350/2133/634 2353/2136/635 2356/2139/635 2351/2134/634
f 2346/2129/632 2357/2140/644 2358/2141/644 2347/2130/632
f 2348/2131/638 2355/2138/636 2354/2137/636 2345/2128/638
f 2359/1782/13 2360/1783/13 2361/1784/4 2362/1785/4
f 2362/1785/4 2361/1784/4 2363/1786/11 2364/1787/11
f 2364/1787/11 2363/1786/11 2365/1788/46 2366/1789/46
f 2366/1790/46 2365/1791/46 2360/1783/13 2359/1782/13
f 2367/1792/13 2368/1793/13 2369/1794/4 2370/1795/4
f 2370/1795/4 2369/1794/4 2371/1796/11 2372/1797/11
f 2372/1797/11 2371/1796/11 2373/1798/46 2374/1799/46
f 2374/1800/46 2373/1801/46 2368/1793/13 2367/1792/13
f 2375/1802/13 2376/1803/13 2377/1804/4 2378/1805/4
f 2378/1805/4 2377/1804/4 2379/1806/11 2380/1807/11
f 2380/1807/11 2379/1806/11 2381/1808/46 2382/1809/46
f 2382/1810/46 2381/1811/46 2376/1803/13 2375/1802/13
f 2383/1812/13 2384/1813/13 2385/1814/4 2386/1815/4
f 2386/1815/4 2385/1814/4 2387/1816/11 2388/1817/11
f 2388/1817/11 2387/1816/11 2389/1818/46 2390/1819/46
f 2390/1820/46 2389/1821/46 2384/1813/13 2383/1812/13
f 2391/1822/13 2392/1823/13 2393/1824/4 2394/1825/4
f 2394/1825/4 2393/1824/4 2395/1826/11 2396/1827/11
f 2396/1827/11 2395/1826/11 2397/1828/46 2398/1829/46
f 2398/1830/46 2397/1831/46 2392/1823/13 2391/1822/13
f 2399/1832/13 2400/1833/13 2401/1834/4 2402/1835/4
f 2402/1835/4 2401/1834/4 2403/1836/11 2404/1837/11
f 2404/1837/11 2403/1836/11 2405/1838/46 2406/1839/46
f 2406/1840/46 2405/1841/46 2400/1833/13 2399/1832/13
f 2407/1842/13 2408/1843/13 2409/1844/4 2410/1845/4
f 2410/1845/4 2409/1844/4 2411/1846/11 2412/1847/11
f 2412/1847/11 2411/1846/11 2413/1848/46 2414/1849/46
f 2414/1850/46 2413/1851/46 2408/1843/13 2407/1842/13
f 2415/1852/13 2416/1853/13 2417/1854/4 2418/1855/4
f 2418/1855/4 2417/1854/4 2419/1856/11 2420/1857/11
f 2420/1857/11 2419/1856/11 2421/1858/46 2422/1859/46
f 2422/1860/46 2421/1861/46 2416/1853/13 2415/1852/13
f 2423/1862/13 2424/1863/13 2425/1864/4 2426/1865/4
f 2426/1865/4 2425/1864/4 2427/1866/11 2428/1867/11
f 2428/1867/11 2427/1866/11 2429/1868/46 2430/1869/46
f 2430/1870/46 2429/1871/46 2424/1863/13 2423/1862/13
f 2431/1872/13 2432/1873/13 2433/1874/4 2434/1875/4
f 2434/1875/4 2433/1874/4 2435/1876/11 2436/1877/11
f 2436/1877/11 2435/1876/11 2437/1878/46 2438/1879/46
f 2438/1880/46 2437/1881/46 2432/1873/13 2431/1872/13
f 2439/1882/13 2440/1883/13 2441/1884/4 2442/1885/4
f 2442/1885/4 2441/1884/4 2443/1886/11 2444/1887/11
f 2444/1887/11 2443/1886/11 2445/1888/46 2446/1889/46
f 2446/1890/46 2445/1891/46 2440/1883/13 2439/1882/13
f 2447/1892/13 2448/1893/13 2449/1894/4 2450/1895/4
f 2450/1895/4 2449/1894/4 2451/1896/11 2452/1897/11
f 2452/1897/11 2451/1896/11 2453/1898/46 2454/1899/46
f 2454/1900/46 2453/1901/46 2448/1893/13 2447/1892/13
f 2455/1902/13 2456/1903/13 2457/1904/4 2458/1905/4
f 2458/1905/4 2457/1904/4 2459/1906/11 2460/1907/11
f 2460/1907/11 2459/1906/11 2461/1908/46 2462/1909/46
f 2462/1910/46 2461/1911/46 2456/1903/13 2455/1902/13
f 2463/1912/13 2464/1913/13 2465/1914/4 2466/1915/4
f 2466/1915/4 2465/1914/4 2467/1916/11 2468/1917/11
f 2468/1917/11 2467/1916/11 2469/1918/46 2470/1919/46
f 2470/1920/46 2469/1921/46 2464/1913/13 2463/1912/13
f 2471/1922/13 2472/1923/13 2473/1924/4 2474/1925/4
f 2474/1925/4 2473/1924/4 2475/1926/11 2476/1927/11
f 2476/1927/11 2475/1926/11 2477/1928/46 2478/1929/46
f 2478/1930/46 2477/1931/46 2472/1923/13 2471/1922/13
f 2479/1932/13 2480/1933/13 2481/1934/4 2482/1935/4
f 2482/1935/4 2481/1934/4 2483/1936/11 2484/1937/11
f 2484/1937/11 2483/1936/11 2485/1938/46 2486/1939/46
f 2486/1940/46 2485/1941/46 2480/1933/13 2479/1932/13
f 2487/1942/11 2488/1943/11 2489/1944/4 2490/1945/4
f 2490/1945/4 2489/1944/4 2491/1946/13 2492/1947/13
f 2492/1947/13 2491/1946/13 2493/1948/46 2494/1949/46
f 2494/1950/46 2493/1951/46 2488/1943/11 2487/1942/11
f 2495/1952/11 2496/1953/11 2497/1954/4 2498/1955/4
f 2498/1955/4 2497/1954/4 2499/1956/13 2500/1957/13
f 2500/1957/13 2499/1956/13 2501/1958/46 2502/1959/46
f 2502/1960/46 2501/1961/46 2496/1953/11 2495/1952/11
f 2503/1962/11 2504/1963/11 2505/1964/4 2506/1965/4
f 2506/1965/4 2505/1964/4 2507/1966/13 2508/1967/13
f 2508/1967/13 2507/1966/13 2509/1968/46 2510/1969/46
f 2510/1970/46 2509/1971/46 2504/1963/11 2503/1962/11
f 2511/1972/11 2512/1973/11 2513/1974/4 2514/1975/4
f 2514/1975/4 2513/1974/4 2515/1976/13 2516/1977/13
f 2516/1977/13 2515/1976/13 2517/1978/46 2518/1979/46
f 2518/1980/46 2517/1981/46 2512/1973/11 2511/1972/11
f 2519/1982/11 2520/1983/11 2521/1984/4 2522/1985/4
f 2522/1985/4 2521/1984/4 2523/1986/13 2524/1987/13
f 2524/1987/13 2523/1986/13 2525/1988/46 2526/1989/46
f 2526/1990/46 2525/1991/46 2520/1983/11 2519/1982/11
f 2527/1992/11 2528/1993/11 2529/1994/4 2530/1995/4
f 2530/1995/4 2529/1994/4 2531/1996/13 2532/1997/13
f 2532/1997/13 2531/1996/13 2533/1998/46 2534/1999/46
f 2534/2000/46 2533/2001/46 2528/1993/11 2527/1992/11
f 2535/2002/11 2536/2003/11 2537/2004/4 2538/2005/4
f 2538/2005/4 2537/2004/4 2539/2006/13 2540/2007/13
f 2540/2007/13 2539/2006/13 2541/2008/46 2542/2009/46
f 2542/2010/46 2541/2011/46 2536/2003/11 2535/2002/11
f 2543/2012/11 2544/2013/11 2545/2014/4 2546/2015/4
f 2546/2015/4 2545/2014/4 2547/2016/13 2548/2017/13
f 2548/2017/13 2547/2016/13 2549/2018/46 2550/2019/46
f 2550/2020/46 2549/2021/46 2544/2013/11 2543/2012/11
f 2551/2022/11 2552/2023/11 2553/2024/4 2554/2025/4
f 2554/2025/4 2553/2024/4 2555/2026/13 2556/2027/13
f 2556/2027/13 2555/2026/13 2557/2028/46 2558/2029/46
f 2558/2030/46 2557/2031/46 2552/2023/11 2551/2022/11
f 2559/2032/11 2560/2033/11 2561/2034/4 2562/2035/4
f 2562/2035/4 2561/2034/4 2563/2036/13 2564/2037/13
f 2564/2037/13 2563/2036/13 2565/2038/46 2566/2039/46
f 2566/2040/46 2565/2041/46 2560/2033/11 2559/2032/11
f 2567/2042/11 2568/2043/11 2569/2044/4 2570/2045/4
f 2570/2045/4 2569/2044/4 2571/2046/13 2572/2047/13
f 2572/2047/13 2571/2046/13 2573/2048/46 2574/2049/46
f 2574/2050/46 2573/2051/46 2568/2043/11 2567/2042/11
f 2575/2052/11 2576/2053/11 2577/2054/4 2578/2055/4
f 2578/2055/4 2577/2054/4 2579/2056/13 2580/2057/13
f 2580/2057/13 2579/2056/13 2581/2058/46 2582/2059/46
f 2582/2060/46 2581/2061/46 2576/2053/11 2575/2052/11
f 2583/2062/11 2584/2063/11 2585/2064/4 2586/2065/4
f 2586/2065/4 2585/2064/4 2587/2066/13 2588/2067/13
f 2588/2067/13 2587/2066/13 2589/2068/46 2590/2069/46
f 2590/2070/46 2589/2071/46 2584/2063/11 2583/2062/11
f 2591/2072/11 2592/2073/11 2593/2074/4 2594/2075/4
f 2594/2075/4 2593/2074/4 2595/2076/13 2596/2077/13
f 2596/2077/13 2595/2076/13 2597/2078/46 2598/2079/46
f 2598/2080/46 2597/2081/46 2592/2073/11 2591/2072/11
f 2599/2082/11 2600/2083/11 2601/2084/4 2602/2085/4
f 2602/2085/4 2601/2084/4 2603/2086/13 2604/2087/13
f 2604/2087/13 2603/2086/13 2605/2088/46 2606/2089/46
f 2606/2090/46 2605/2091/46 2600/2083/11 2599/2082/11
f 2607/2092/11 2608/2093/11 2609/2094/4 2610/2095/4
f 2610/2095/4 2609/2094/4 2611/2096/13 2612/2097/13
f 2612/2097/13 2611/2096/13 2613/2098/46 2614/2099/46
f 2614/2100/46 2613/2101/46 2608/2093/11 2607/2092/11
f 2615/2102/1 2616/2103/4 2617/2104/4 2618/2105/1
f 2616/2103/4 2619/2106/89 2620/2107/89 2617/2104/4
f 2619/2106/89 2621/2108/46 2622/2109/46 2620/2107/89
f 2621/2110/46 2615/2102/1 2618/2105/1 2622/2111/46
f 2623/2112/1 2624/2113/4 2625/2114/4 2626/2115/1
f 2624/2113/4 2627/2116/89 2628/2117/89 2625/2114/4
f 2627/2116/89 2629/2118/46 2630/2119/46 2628/2117/89
f 2629/2120/46 2623/2112/1 2626/2115/1 2630/2121/46
f 2631/2122/628 2632/2123/629 2633/2124/629 2634/2125/628
f 2632/2123/629 2635/2126/630 2636/2127/630 2633/2124/629
f 2637/2128/631 2638/2129/632 2639/2130/632 2640/2131/631
f 2641/2132/633 2642/2133/634 2643/2134/634 2644/2135/633
f 2645/2136/635 2646/2137/636 2647/2138/636 2648/2139/635
f 2649/2140/637 2631/2122/628 2634/2125/628 2650/2141/637
f 2642/2133/634 2645/2136/635 2648/2139/635 2643/2134/634
f 2638/2129/632 2649/2140/637 2650/2141/637 2639/2130/632
f 2640/2131/631 2647/2138/636 2646/2137/636 2637/2128/631
f 2651/2142/1 2652/2143/4 2653/2144/4 2654/2145/1
f 2652/2143/4 2655/2146/89 2656/2147/89 2653/2144/4
f 2655/2146/89 2657/2148/46 2658/2149/46 2656/2147/89
f 2657/2150/46 2651/2142/1 2654/2145/1 2658/2151/46
f 2659/2142/1 2660/2143/4 2661/2144/4 2662/2145/1
f 2660/2143/4 2663/2146/89 2664/2147/89 2661/2144/4
f 2663/2146/89 2665/2148/46 2666/2149/46 2664/2147/89
f 2665/2150/46 2659/2142/1 2662/2145/1 2666/2151/46
f 2667/2142/1 2668/2143/4 2669/2144/4 2670/2145/1
f 2668/2143/4 2671/2146/89 2672/2147/89 2669/2144/4
f 2671/2146/89 2673/2148/46 2674/2149/46 2672/2147/89
f 2673/2150/46 2667/2142/1 2670/2145/1 2674/2151/46
f 2675/2142/1 2676/2143/4 2677/2144/4 2678/2145/1
f 2676/2143/4 2679/2146/89 2680/2147/89 2677/2144/4
f 2679/2146/89 2681/2148/46 2682/2149/46 2680/2147/89
f 2681/2150/46 2675/2142/1 2678/2145/1 2682/2151/46
f 2683/2152/645 2684/2153/646 2685/2154/13 2686/2155/13
f 2687/2156/647 2688/2157/648 2689/2158/13 2690/2159/13
f 2691/2160/649 2692/2161/650 2693/2162/13 2694/2163/13
f 2695/2164/651 2683/2152/645 2686/2155/13 2696/2165/13
f 2688/2157/648 2695/2164/651 2696/2165/13 2689/2158/13
f 2697/2166/652 2687/2156/647 2690/2159/13 2698/2167/13
f 2692/2161/650 2697/2166/652 2698/2167/13 2693/2162/13
f 2699/2168/653 2691/2160/649 2694/2163/13 2700/2169/654
f 2701/2170/655 2702/2171/655 2703/2172/13 2704/2173/13
f 2684/2153/646 2701/2170/655 2704/2173/13 2705/2174/13
f 2706/2175/43 2707/2176/13 2708/2177/13 2709/2178/43
f 2710/2179/13 2711/2180/13 2712/2181/13 2713/2182/13
f 2704/2173/13 2714/2183/13 2715/2184/13 2705/2174/13
f 2705/2174/13 2715/2184/13 2716/2185/13 2717/2186/13
f 2685/2154/13 2718/2187/13 2719/2188/13 2686/2155/13
f 2689/2158/13 2720/2189/13 2721/2190/13 2690/2159/13
f 2693/2162/13 2722/2191/13 2723/2192/13 2694/2163/13
f 2686/2155/13 2719/2188/13 2724/2193/13 2696/2165/13
f 2696/2165/13 2724/2193/13 2720/2189/13 2689/2158/13
f 2690/2159/13 2721/2190/13 2725/2194/13 2698/2167/13
f 2698/2167/13 2725/2194/13 2722/2191/13 2693/2162/13
f 2694/2163/13 2723/2192/13 2726/2195/656 2700/2169/654
f 2685/2154/13 2684/2153/646 2705/2174/13 2717/2186/13
f 2727/2196/13 2728/2197/13 2729/2198/13 2716/2185/13
f 2711/2180/13 2730/2199/13 2731/2200/13 2712/2181/13
f 2714/2183/13 2732/2201/13 2733/2202/13 2715/2184/13
f 2715/2184/13 2733/2202/13 2727/2196/13 2716/2185/13
f 2734/2203/43 2709/2178/43 2708/2177/13 2735/2204/13
f 2718/2187/13 2685/2154/13 2717/2186/13 2736/2205/13
f 2718/2187/13 2737/2206/13 2738/2207/13 2719/2188/13
f 2720/2189/13 2739/2208/13 2740/2209/13 2721/2190/13
f 2722/2191/13 2741/2210/13 2742/2211/13 2723/2192/13
f 2719/2188/13 2738/2207/13 2743/2212/13 2724/2193/13
f 2724/2193/13 2743/2212/13 2739/2208/13 2720/2189/13
f 2721/2190/13 2740/2209/13 2744/2213/13 2725/2194/13
f 2725/2194/13 2744/2213/13 2741/2210/13 2722/2191/13
f 2723/2192/13 2742/2211/13 2745/2214/656 2726/2195/656
f 2728/2197/13 2746/2215/13 2747/2216/13 2729/2198/13
f 2736/2205/13 2717/2186/13 2716/2185/13 2729/2198/13
f 2684/2217/646 2683/2218/645 2748/2219/657 2749/2220/658
f 2688/2221/648 2687/2222/647 2750/2223/659 2751/2224/660
f 2692/2225/650 2691/2226/649 2752/2227/661 2753/2228/662
f 2754/2229/663 2755/2230/655 2756/2231/664 2757/2232/665
f 2701/2233/655 2684/2217/646 2749/2220/658 2758/2234/666
f 2683/2218/645 2695/2235/651 2759/2236/667 2748/2219/657
f 2695/2237/651 2688/2221/648 2751/2224/660 2759/2238/667
f 2687/2222/647 2697/2239/652 2760/2240/668 2750/2223/659
f 2697/2239/652 2692/2225/650 2753/2228/662 2760/2240/668
f 2691/2226/649 2699/2241/653 2761/2242/669 2752/2227/661
f 2726/2243/656 2745/2244/656 2762/2245/670 2763/2246/671
f 2699/2241/653 2700/2247/654 2764/2248/192 2761/2242/669
f 2700/2247/654 2726/2243/656 2763/2246/671 2764/2248/192
f 2765/2249/672 2766/2250/11 2767/2251/11 2768/2252/673
f 2769/2253/674 2770/2254/11 2771/2255/11 2772/2256/675
f 2773/2257/676 2774/2258/11 2775/2259/11 2776/2260/677
f 2777/2261/678 2778/2262/11 2766/2250/11 2765/2249/672
f 2772/2256/675 2771/2255/11 2778/2262/11 2777/2261/678
f 2779/2263/679 2780/2264/11 2770/2254/11 2769/2253/674
f 2776/2260/677 2775/2259/11 2780/2264/11 2779/2263/679
f 2781/2265/680 2782/2266/681 2774/2258/11 2773/2257/676
f 2783/2267/682 2784/2268/11 2785/2269/11 2786/2270/682
f 2768/2252/673 2787/2271/11 2784/2268/11 2783/2267/682
f 2788/2272/5 2789/2273/5 2790/2274/11 2791/2275/11
f 2792/2276/11 2793/2277/11 2794/2278/11 2795/2279/11
f 2784/2268/11 2787/2271/11 2796/2280/11 2797/2281/11
f 2787/2271/11 2798/2282/11 2799/2283/11 2796/2280/11
f 2767/2251/11 2766/2250/11 2800/2284/11 2801/2285/11
f 2771/2255/11 2770/2254/11 2802/2286/11 2803/2287/11
f 2775/2259/11 2774/2258/11 2804/2288/11 2805/2289/11
f 2766/2250/11 2778/2262/11 2806/2290/11 2800/2284/11
f 2778/2262/11 2771/2255/11 2803/2287/11 2806/2290/11
f 2770/2254/11 2780/2264/11 2807/2291/11 2802/2286/11
f 2780/2264/11 2775/2259/11 2805/2289/11 2807/2291/11
f 2774/2258/11 2782/2266/681 2808/2292/683 2804/2288/11
f 2767/2251/11 2798/2282/11 2787/2271/11 2768/2252/673
f 2809/2293/11 2799/2283/11 2810/2294/11 2811/2295/11
f 2795/2279/11 2794/2278/11 2812/2296/11 2813/2297/11
f 2797/2281/11 2796/2280/11 2814/2298/11 2815/2299/11
f 2796/2280/11 2799/2283/11 2809/2293/11 2814/2298/11
f 2816/2300/5 2817/2301/11 2790/2274/11 2789/2273/5
f 2801/2285/11 2818/2302/11 2798/2282/11 2767/2251/11
f 2801/2285/11 2800/2284/11 2819/2303/11 2820/2304/11
f 2803/2287/11 2802/2286/11 2821/2305/11 2822/2306/11
f 2805/2289/11 2804/2288/11 2823/2307/11 2824/2308/11
f 2800/2284/11 2806/2290/11 2825/2309/11 2819/2303/11
f 2806/2290/11 2803/2287/11 2822/2306/11 2825/2309/11
f 2802/2286/11 2807/2291/11 2826/2310/11 2821/2305/11
f 2807/2291/11 2805/2289/11 2824/2308/11 2826/2310/11
f 2804/2288/11 2808/2292/683 2827/2311/683 2823/2307/11
f 2811/2295/11 2810/2294/11 2828/2312/11 2829/2313/11
f 2818/2302/11 2810/2294/11 2799/2283/11 2798/2282/11
f 2768/2314/673 2830/2315/658 2831/2316/657 2765/2317/672
f 2772/2318/675 2832/2319/660 2833/2320/659 2769/2321/674
f 2776/2322/677 2834/2323/684 2835/2324/661 2773/2325/676
f 2836/2326/685 2837/2327/686 2838/2328/687 2839/2329/682
f 2783/2330/682 2840/2331/666 2830/2315/658 2768/2314/673
f 2765/2317/672 2831/2316/657 2841/2332/667 2777/2333/678
f 2777/2334/678 2841/2335/667 2832/2319/660 2772/2318/675
f 2769/2321/674 2833/2320/659 2842/2336/668 2779/2337/679
f 2779/2337/679 2842/2336/668 2834/2323/684 2776/2322/677
f 2773/2325/676 2835/2324/661 2843/2338/688 2781/2339/680
f 2808/2340/683 2844/2341/671 2845/2342/670 2827/2343/683
f 2781/2339/680 2843/2338/688 2846/2344/192 2782/2345/681
f 2782/2345/681 2846/2344/192 2844/2341/671 2808/2340/683
f 2830/2315/658 2847/2346/658 2848/2347/657 2831/2316/657
f 2832/2319/660 2849/2348/660 2850/2349/659 2833/2320/659
f 2834/2323/684 2851/2350/684 2852/2351/661 2835/2324/661
f 2853/2352/689 2854/2353/690 2855/2354/691 2856/2355/682
f 2840/2331/666 2857/2356/692 2847/2346/658 2830/2315/658
f 2831/2316/657 2848/2347/657 2858/2357/693 2841/2332/667
f 2841/2335/667 2858/2358/693 2849/2348/660 2832/2319/660
f 2833/2320/659 2850/2349/659 2859/2359/668 2842/2336/668
f 2842/2336/668 2859/2359/668 2851/2350/684 2834/2323/684
f 2835/2324/661 2852/2351/661 2860/2360/669 2843/2338/688
f 2844/2341/671 2861/2361/671 2862/2362/670 2845/2342/670
f 2843/2338/688 2860/2360/669 2863/2363/192 2846/2344/192
f 2846/2344/192 2863/2363/192 2861/2361/671 2844/2341/671
f 2864/2364/43 2706/2365/43 2865/2366/4 2866/2367/4
f 2867/2368/43 2868/2369/43 2869/2370/4 2870/2371/4
f 2871/2372/43 2872/2373/43 2873/2374/4 2874/2375/4
f 2875/2376/43 2864/2364/43 2866/2367/4 2876/2377/4
f 2868/2369/43 2875/2376/43 2876/2377/4 2869/2370/4
f 2877/2378/43 2867/2368/43 2870/2371/4 2878/2379/4
f 2872/2373/43 2877/2378/43 2878/2379/4 2873/2374/4
f 2879/2380/694 2871/2372/43 2874/2375/4 2880/2381/695
f 2734/2382/43 2881/2383/696 2882/2384/107 2883/2385/4
f 2706/2365/43 2709/2386/43 2884/2387/4 2865/2366/4
f 2709/2386/43 2734/2382/43 2883/2385/4 2884/2387/4
f 2866/2367/4 2865/2366/4 2885/2388/4 2886/2389/4
f 2870/2371/4 2869/2370/4 2887/2390/4 2888/2391/4
f 2874/2375/4 2873/2374/4 2889/2392/4 2890/2393/4
f 2876/2377/4 2866/2367/4 2886/2389/4 2891/2394/4
f 2869/2370/4 2876/2377/4 2891/2394/4 2887/2390/4
f 2878/2379/4 2870/2371/4 2888/2391/4 2892/2395/4
f 2873/2374/4 2878/2379/4 2892/2395/4 2889/2392/4
f 2880/2381/695 2874/2375/4 2890/2393/4 2893/2396/695
f 2883/2385/4 2882/2384/107 2894/2397/107 2895/2398/4
f 2865/2366/4 2884/2387/4 2896/2399/4 2885/2388/4
f 2884/2387/4 2883/2385/4 2895/2398/4 2896/2399/4
f 2897/2400/4 2898/2401/4 2788/2402/5 2899/2403/5
f 2900/2404/4 2901/2405/4 2902/2406/5 2903/2407/5
f 2904/2408/4 2905/2409/4 2906/2410/5 2907/2411/5
f 2908/2412/4 2897/2400/4 2899/2403/5 2909/2413/5
f 2901/2405/4 2908/2412/4 2909/2413/5 2902/2406/5
f 2910/2414/4 2900/2404/4 2903/2407/5 2911/2415/5
f 2905/2409/4 2910/2414/4 2911/2415/5 2906/2410/5
f 2912/2416/695 2904/2408/4 2907/2411/5 2913/2417/697
f 2914/2418/4 2915/2419/107 2916/2420/698 2816/2421/5
f 2898/2401/4 2917/2422/4 2789/2423/5 2788/2402/5
f 2917/2422/4 2914/2418/4 2816/2421/5 2789/2423/5
f 2707/2176/13 2737/2206/13 2918/2424/13 2708/2177/13
f 2708/2177/13 2918/2424/13 2747/2216/13 2735/2204/13
f 2707/2176/13 2706/2175/43 2864/2425/43 2919/2426/13
f 2920/2427/13 2868/2428/43 2867/2429/43 2921/2430/13
f 2922/2431/13 2872/2432/43 2871/2433/43 2923/2434/13
f 2919/2426/13 2864/2425/43 2875/2435/43 2924/2436/13
f 2924/2436/13 2875/2435/43 2868/2428/43 2920/2427/13
f 2921/2430/13 2867/2429/43 2877/2437/43 2925/2438/13
f 2925/2438/13 2877/2437/43 2872/2432/43 2922/2431/13
f 2923/2434/13 2871/2433/43 2879/2439/694 2926/2440/699
f 2927/2441/13 2881/2442/696 2734/2203/43 2735/2204/13
f 2926/2443/699 2879/2444/694 2880/2445/695 2928/2446/700
f 2790/2274/11 2929/2447/11 2820/2304/11 2791/2275/11
f 2817/2301/11 2828/2312/11 2929/2447/11 2790/2274/11
f 2930/2448/11 2899/2449/5 2788/2272/5 2791/2275/11
f 2931/2450/11 2903/2451/5 2902/2452/5 2932/2453/11
f 2933/2454/11 2907/2455/5 2906/2456/5 2934/2457/11
f 2935/2458/11 2909/2459/5 2899/2449/5 2930/2448/11
f 2932/2453/11 2902/2452/5 2909/2459/5 2935/2458/11
f 2936/2460/11 2911/2461/5 2903/2451/5 2931/2450/11
f 2934/2457/11 2906/2456/5 2911/2461/5 2936/2460/11
f 2937/2462/701 2913/2463/697 2907/2455/5 2933/2454/11
f 2817/2301/11 2816/2300/5 2916/2464/698 2938/2465/11
f 2939/2466/700 2912/2467/695 2913/2468/697 2937/2469/701
f 2928/2446/700 2880/2445/695 2893/2470/695 2940/2471/700
f 2737/2206/13 2707/2176/13 2919/2426/13 2738/2207/13
f 2739/2208/13 2920/2427/13 2921/2430/13 2740/2209/13
f 2741/2210/13 2922/2431/13 2923/2434/13 2742/2211/13
f 2738/2207/13 2919/2426/13 2924/2436/13 2743/2212/13
f 2743/2212/13 2924/2436/13 2920/2427/13 2739/2208/13
f 2740/2209/13 2921/2430/13 2925/2438/13 2744/2213/13
f 2744/2213/13 2925/2438/13 2922/2431/13 2741/2210/13
f 2742/2211/13 2923/2434/13 2926/2440/699 2745/2214/656
f 2746/2215/13 2927/2441/13 2735/2204/13 2747/2216/13
f 2745/2244/656 2926/2443/699 2928/2446/700 2762/2245/670
f 2819/2303/11 2930/2448/11 2791/2275/11 2820/2304/11
f 2821/2305/11 2931/2450/11 2932/2453/11 2822/2306/11
f 2823/2307/11 2933/2454/11 2934/2457/11 2824/2308/11
f 2825/2309/11 2935/2458/11 2930/2448/11 2819/2303/11
f 2822/2306/11 2932/2453/11 2935/2458/11 2825/2309/11
f 2826/2310/11 2936/2460/11 2931/2450/11 2821/2305/11
f 2824/2308/11 2934/2457/11 2936/2460/11 2826/2310/11
f 2827/2311/683 2937/2462/701 2933/2454/11 2823/2307/11
f 2828/2312/11 2817/2301/11 2938/2465/11 2829/2313/11
f 2845/2342/670 2939/2466/700 2937/2469/701 2827/2343/683
f 2762/2245/670 2928/2446/700 2940/2471/700 2941/2472/670
f 2737/2206/13 2718/2187/13 2736/2205/13 2918/2424/13
f 2918/2424/13 2736/2205/13 2729/2198/13 2747/2216/13
f 2929/2447/11 2818/2302/11 2801/2285/11 2820/2304/11
f 2828/2312/11 2810/2294/11 2818/2302/11 2929/2447/11
f 2882/2384/107 2881/2383/696 2942/2473/1 2943/2474/1
f 2915/2419/107 2944/2475/107 2945/2476/1 2946/2477/1
f 2916/2420/698 2915/2419/107 2946/2477/1 2947/2478/1
f 2943/2474/1 2942/2473/1 2948/2479/1 2949/2480/1
f 2946/2477/1 2945/2476/1 2950/2481/1 2951/2482/1
f 2947/2478/1 2946/2477/1 2951/2482/1 2952/2483/1
f 2757/2232/665 2756/2231/664 2953/2484/664 2954/2485/702
f 2758/2234/666 2955/2486/692 2956/2487/703 2957/2488/692
f 2840/2331/666 2958/2489/687 2959/2490/687 2960/2491/692
f 2837/2327/686 2961/2492/704 2962/2493/705 2963/2494/702
f 2964/2495/13 2965/2496/13 2966/2497/706 2967/2498/707
f 2968/2499/708 2969/2500/709 2970/2501/710 2971/2502/711
f 2972/2503/11 2973/2504/11 2974/2505/712 2975/2506/713
f 2976/2507/714 2977/2508/715 2978/2509/716 2979/2510/717
f 2755/2511/655 2754/2512/663 2710/2179/13 2713/2182/13
f 2712/2181/13 2980/2513/13 2703/2172/13 2713/2182/13
f 2731/2200/13 2981/2514/13 2980/2513/13 2712/2181/13
f 2755/2230/655 2702/2515/655 2982/2516/664 2756/2231/664
f 2793/2277/11 2792/2276/11 2836/2517/685 2839/2518/682
f 2793/2277/11 2785/2269/11 2983/2519/11 2794/2278/11
f 2794/2278/11 2983/2519/11 2984/2520/11 2812/2296/11
f 2838/2328/687 2958/2489/687 2786/2521/682 2839/2329/682
f 2985/2522/655 2986/2523/655 2987/2524/666 2988/2525/691
f 2756/2231/664 2982/2516/664 2989/2526/664 2953/2484/664
f 2838/2328/687 2837/2327/686 2963/2494/702 2990/2527/687
f 2991/2528/13 2992/2529/13 2965/2496/13 2964/2495/13
f 2979/2530/717 2978/2531/716 2993/2532/11 2994/2533/11
f 2702/2171/655 2755/2511/655 2713/2182/13 2703/2172/13
f 2785/2269/11 2793/2277/11 2839/2518/682 2786/2270/682
f 2958/2489/687 2838/2328/687 2990/2527/687 2959/2490/687
f 2994/2533/11 2993/2532/11 2973/2504/11 2972/2503/11
f 2980/2513/13 2714/2183/13 2704/2173/13 2703/2172/13
f 2981/2514/13 2732/2201/13 2714/2183/13 2980/2513/13
f 2702/2515/655 2701/2233/655 2758/2234/666 2982/2516/664
f 2785/2269/11 2784/2268/11 2797/2281/11 2983/2519/11
f 2983/2519/11 2797/2281/11 2815/2299/11 2984/2520/11
f 2958/2489/687 2840/2331/666 2783/2330/682 2786/2521/682
f 2986/2523/655 2995/2534/718 2996/2535/719 2987/2524/666
f 2982/2516/664 2758/2234/666 2957/2488/692 2989/2526/664
f 2971/2536/711 2970/2537/710 2992/2529/13 2991/2528/13
f 2997/2538/658 2749/2220/658 2748/2219/657 2998/2539/657
f 2999/2540/660 2751/2224/660 2750/2223/659 3000/2541/659
f 3001/2542/662 2753/2228/662 2752/2227/661 3002/2543/661
f 3003/2544/690 3004/2545/720 2985/2522/655 2988/2525/691
f 2955/2486/692 2758/2234/666 2749/2220/658 2997/2538/658
f 2998/2539/657 2748/2219/657 2759/2236/667 3005/2546/667
f 3005/2547/667 2759/2238/667 2751/2224/660 2999/2540/660
f 3000/2541/659 2750/2223/659 2760/2240/668 3006/2548/668
f 3006/2548/668 2760/2240/668 2753/2228/662 3001/2542/662
f 3002/2543/661 2752/2227/661 2761/2242/669 3007/2549/669
f 3008/2550/671 2763/2246/671 2762/2245/670 2941/2472/670
f 3007/2549/669 2761/2242/669 2764/2248/192 3009/2551/192
f 3009/2551/192 2764/2248/192 2763/2246/671 3008/2550/671
f 2885/2388/4 3010/2552/4 3011/2553/4 2886/2389/4
f 2887/2390/4 3012/2554/4 3013/2555/4 2888/2391/4
f 2889/2392/4 3014/2556/4 3015/2557/4 2890/2393/4
f 2886/2389/4 3011/2553/4 3016/2558/4 2891/2394/4
f 2891/2394/4 3016/2558/4 3012/2554/4 2887/2390/4
f 2888/2391/4 3013/2555/4 3017/2559/4 2892/2395/4
f 2892/2395/4 3017/2559/4 3014/2556/4 2889/2392/4
f 2890/2393/4 3015/2557/4 3018/2560/695 2893/2396/695
f 2894/2397/107 2944/2475/107 3019/2561/4 2895/2398/4
f 2896/2399/4 3020/2562/4 3010/2552/4 2885/2388/4
f 2895/2398/4 3019/2561/4 3020/2562/4 2896/2399/4
f 2893/2470/695 3018/2563/695 3021/2564/700 2940/2471/700
f 2940/2471/700 3021/2564/700 2862/2362/670 2941/2472/670
f 2894/2397/107 2882/2384/107 2943/2474/1 3022/2565/1
f 3022/2565/1 2943/2474/1 2949/2480/1 3023/2566/1
f 2955/2486/692 2857/2356/692 3024/2567/703 2956/2487/703
f 3025/2568/704 2757/2232/665 2954/2485/702 3026/2569/705
f 3027/2570/708 3028/2571/709 2969/2500/709 2968/2499/708
f 2967/2572/707 2966/2573/706 3029/2574/715 3030/2575/714
f 2987/2524/666 3031/2576/666 2855/2354/691 2988/2525/691
f 2996/2535/719 3032/2577/719 3031/2576/666 2987/2524/666
f 2847/2346/658 2997/2538/658 2998/2539/657 2848/2347/657
f 2849/2348/660 2999/2540/660 3000/2541/659 2850/2349/659
f 2851/2350/684 3001/2542/662 3002/2543/661 2852/2351/661
f 2854/2353/690 3003/2544/690 2988/2525/691 2855/2354/691
f 2857/2356/692 2955/2486/692 2997/2538/658 2847/2346/658
f 2848/2347/657 2998/2539/657 3005/2546/667 2858/2357/693
f 2858/2358/693 3005/2547/667 2999/2540/660 2849/2348/660
f 2850/2349/659 3000/2541/659 3006/2548/668 2859/2359/668
f 2859/2359/668 3006/2548/668 3001/2542/662 2851/2350/684
f 2852/2351/661 3002/2543/661 3007/2549/669 2860/2360/669
f 2861/2361/671 3008/2550/671 2941/2472/670 2862/2362/670
f 2860/2360/669 3007/2549/669 3009/2551/192 2863/2363/192
f 2863/2363/192 3009/2551/192 3008/2550/671 2861/2361/671
f 2944/2475/107 2894/2397/107 3022/2565/1 2945/2476/1
f 2945/2476/1 3022/2565/1 3023/2566/1 2950/2481/1
f 2961/2492/704 3025/2568/704 3026/2569/705 2962/2493/705
f 3030/2575/714 3029/2574/715 2977/2508/715 2976/2507/714
f 3010/2552/4 2898/2401/4 2897/2400/4 3011/2553/4
f 3012/2554/4 2901/2405/4 2900/2404/4 3013/2555/4
f 3014/2556/4 2905/2409/4 2904/2408/4 3015/2557/4
f 3011/2553/4 2897/2400/4 2908/2412/4 3016/2558/4
f 3016/2558/4 2908/2412/4 2901/2405/4 3012/2554/4
f 3013/2555/4 2900/2404/4 2910/2414/4 3017/2559/4
f 3017/2559/4 2910/2414/4 2905/2409/4 3014/2556/4
f 3015/2557/4 2904/2408/4 2912/2416/695 3018/2560/695
f 2944/2475/107 2915/2419/107 2914/2418/4 3019/2561/4
f 3020/2562/4 2917/2422/4 2898/2401/4 3010/2552/4
f 3019/2561/4 2914/2418/4 2917/2422/4 3020/2562/4
f 3018/2563/695 2912/2467/695 2939/2466/700 3021/2564/700
f 3021/2564/700 2939/2466/700 2845/2342/670 2862/2362/670
f 2857/2356/692 2840/2331/666 2960/2491/692 3024/2567/703
f 2975/2578/713 2974/2579/712 3028/2571/709 3027/2570/708
f 3031/2576/666 3033/2580/682 2856/2355/682 2855/2354/691
f 3032/2577/719 3034/2581/721 3033/2580/682 3031/2576/666
f 2953/2484/664 3035/2582/655 3036/2583/722 2954/2485/702
f 2956/2487/703 3037/2584/719 3038/2585/723 2957/2488/692
f 2959/2490/687 3039/2586/682 3040/2587/724 2960/2491/692
f 2962/2493/705 3041/2588/725 3042/2589/726 2963/2494/702
f 2989/2526/664 3043/2590/655 3035/2582/655 2953/2484/664
f 2963/2494/702 3042/2589/726 3044/2591/682 2990/2527/687
f 2990/2527/687 3044/2591/682 3039/2586/682 2959/2490/687
f 2957/2488/692 3038/2585/723 3043/2590/655 2989/2526/664
f 3024/2567/703 3045/2592/719 3037/2584/719 2956/2487/703
f 2954/2485/702 3036/2583/722 3046/2593/725 3026/2569/705
f 3026/2569/705 3046/2593/725 3041/2588/725 2962/2493/705
f 2960/2491/692 3040/2587/724 3045/2592/719 3024/2567/703
f 2965/2496/13 2985/2522/655 3004/2545/720 2966/2497/706
f 2967/2498/707 3036/2594/722 3035/2595/655 2964/2495/13
f 2969/2500/709 2996/2535/719 2995/2534/718 2970/2501/710
f 2971/2502/711 3038/2596/723 3037/2597/719 2968/2499/708
f 2973/2504/11 3033/2580/682 3034/2581/721 2974/2505/712
f 2975/2506/713 3040/2598/724 3039/2599/682 2972/2503/11
f 2977/2508/715 2854/2353/690 2853/2352/689 2978/2509/716
f 2979/2510/717 3042/2600/726 3041/2601/725 2976/2507/714
f 2992/2529/13 2986/2523/655 2985/2522/655 2965/2496/13
f 2964/2495/13 3035/2595/655 3043/2602/655 2991/2528/13
f 2978/2531/716 2853/2352/689 2856/2355/682 2993/2532/11
f 2994/2533/11 3044/2603/682 3042/2604/726 2979/2530/717
f 2993/2532/11 2856/2355/682 3033/2580/682 2973/2504/11
f 2972/2503/11 3039/2599/682 3044/2603/682 2994/2533/11
f 2970/2537/710 2995/2534/718 2986/2523/655 2992/2529/13
f 2991/2528/13 3043/2602/655 3038/2605/723 2971/2536/711
f 3028/2571/709 3032/2577/719 2996/2535/719 2969/2500/709
f 2968/2499/708 3037/2597/719 3045/2606/719 3027/2570/708
f 2966/2573/706 3004/2545/720 3003/2544/690 3029/2574/715
f 3030/2575/714 3046/2607/725 3036/2608/722 2967/2572/707
f 3029/2574/715 3003/2544/690 2854/2353/690 2977/2508/715
f 2976/2507/714 3041/2601/725 3046/2607/725 3030/2575/714
f 2974/2579/712 3034/2581/721 3032/2577/719 3028/2571/709
f 3027/2570/708 3045/2606/719 3040/2609/724 2975/2578/713
f 3047/2610/727 3048/2611/79 3049/2612/89 3050/2613/82
f 3051/2614/126 3052/2615/1 3053/2616/1 3054/2617/126
f 3055/2618/698 3056/2619/5 3057/2620/11 3058/2621/126
f 3059/2622/5 3047/2623/727 3050/2624/82 3060/2625/11
f 3061/2626/728 3062/2627/98 3063/2628/13 3064/2629/729
f 3056/2619/5 3065/2630/5 3066/2631/11 3057/2620/11
f 3052/2615/1 3067/2632/1 3068/2633/1 3053/2616/1
f 3067/2632/1 3069/2634/98 3070/2635/98 3068/2633/1
f 3071/2636/13 3072/2637/13 3073/2638/13 3074/2639/13
f 3075/2640/89 3076/2641/89 3077/2642/82 3078/2643/82
f 3079/2644/1 3080/2645/1 3058/2646/126 3081/2647/126
f 3082/2648/11 3083/2649/11 3054/2650/126 3081/2651/126
f 3078/2652/82 3077/2653/82 3084/2654/11 3085/2655/11
f 3086/2656/98 3070/2657/98 3074/2639/13 3087/2658/13
f 3085/2655/11 3084/2654/11 3088/2659/11 3089/2660/11
f 3090/2661/1 3091/2662/1 3080/2645/1 3079/2644/1
f 3086/2663/98 3062/2664/98 3091/2662/1 3090/2661/1
f 3092/2665/730 3093/2666/13 3063/2628/13 3087/2667/13
f 3094/2668/43 3093/2666/13 3095/2669/13 3096/2670/43
f 3097/2671/731 3098/2672/98 3099/2673/1 3100/2674/107
f 3101/2675/43 3102/2676/696 3098/2677/98 3103/2678/13
f 3104/2679/4 3048/2680/79 3047/2681/727 3105/2682/4
f 3106/2683/732 3105/2684/4 3107/2685/4 3108/2686/732
f 3109/2687/4 3110/2688/79 3048/2680/79 3104/2679/4
f 3065/2630/5 3111/2689/5 3112/2690/11 3066/2631/11
f 3113/2691/11 3114/2692/11 3083/2649/11 3115/2693/11
f 3061/2694/728 3064/2695/729 3116/2696/733 3117/2697/734
f 3118/2698/4 3116/2696/733 3119/2699/4 3120/2700/4
f 3120/2700/4 3119/2699/4 3121/2701/732 3122/2702/4
f 3105/2684/4 3047/2703/727 3059/2704/5 3107/2685/4
f 3107/2685/4 3059/2704/5 3111/2705/5 3122/2702/4
f 3120/2700/4 3065/2706/5 3056/2707/5 3118/2698/4
f 3118/2698/4 3056/2707/5 3055/2708/698 3123/2709/107
f 3116/2696/733 3064/2695/729 3094/2710/43 3119/2699/4
f 3119/2699/4 3094/2710/43 3096/2711/43 3121/2701/732
f 3108/2686/732 3124/2712/735 3097/2713/731 3106/2683/732
f 3116/2696/733 3118/2698/4 3123/2709/107 3117/2697/734
f 3106/2714/732 3097/2715/731 3100/2716/107 3125/2717/4
f 3125/2717/4 3100/2716/107 3126/2718/107 3127/2719/4
f 3105/2682/4 3106/2714/732 3125/2717/4 3104/2679/4
f 3049/2612/89 3075/2640/89 3078/2643/82 3050/2613/82
f 3057/2620/11 3082/2648/11 3081/2651/126 3058/2621/126
f 3050/2624/82 3078/2652/82 3085/2655/11 3060/2625/11
f 3062/2627/98 3086/2720/98 3087/2667/13 3063/2628/13
f 3066/2631/11 3128/2721/11 3082/2648/11 3057/2620/11
f 3080/2645/1 3123/2722/107 3055/2723/698 3058/2646/126
f 3091/2662/1 3117/2724/734 3123/2722/107 3080/2645/1
f 3062/2664/98 3061/2725/728 3117/2724/734 3091/2662/1
f 3093/2666/13 3094/2668/43 3064/2629/729 3063/2628/13
f 3049/2612/89 3048/2611/79 3110/2726/79 3129/2727/89
f 3093/2666/13 3092/2665/730 3130/2728/43 3095/2669/13
f 3098/2672/98 3102/2729/696 3131/2730/107 3099/2673/1
f 3132/2731/1 3126/2732/107 3100/2674/107 3099/2673/1
f 3098/2677/98 3097/2733/731 3124/2734/735 3103/2678/13
f 3060/2625/11 3085/2655/11 3089/2660/11 3112/2690/11
f 3133/2735/11 3113/2691/11 3115/2693/11 3088/2659/11
f 3095/2669/13 3103/2678/13 3124/2734/735 3096/2670/43
f 3111/2689/5 3059/2622/5 3060/2625/11 3112/2690/11
f 3121/2701/732 3108/2686/732 3107/2685/4 3122/2702/4
f 3111/2705/5 3065/2706/5 3120/2700/4 3122/2702/4
f 3096/2711/43 3124/2712/735 3108/2686/732 3121/2701/732
f 3130/2728/43 3101/2675/43 3103/2678/13 3095/2669/13
f 3089/2660/11 3128/2721/11 3066/2631/11 3112/2690/11
f 3053/2616/1 3079/2644/1 3081/2647/126 3054/2617/126
f 3068/2633/1 3090/2661/1 3079/2644/1 3053/2616/1
f 3070/2635/98 3086/2663/98 3090/2661/1 3068/2633/1
f 3073/2638/13 3092/2736/730 3087/2658/13 3074/2639/13
f 3076/2641/89 3134/2737/89 3135/2738/82 3077/2642/82
f 3083/2649/11 3114/2692/11 3051/2739/126 3054/2650/126
f 3077/2653/82 3135/2740/82 3136/2741/11 3084/2654/11
f 3070/2657/98 3069/2742/98 3071/2636/13 3074/2639/13
f 3084/2654/11 3136/2741/11 3133/2735/11 3088/2659/11
f 3076/2641/89 3075/2640/89 3137/2743/89 3138/2744/89
f 3083/2649/11 3082/2648/11 3128/2721/11 3115/2693/11
f 3115/2693/11 3128/2721/11 3089/2660/11 3088/2659/11
f 3130/2745/43 3092/2746/730 3139/2747/4 3140/2748/4
f 3102/2749/696 3101/2750/43 3141/2751/4 3131/2752/107
f 3101/2750/43 3130/2745/43 3140/2748/4 3141/2751/4
f 3142/2753/736 3143/2754/77 3129/2727/89 3110/2726/79
f 3144/2755/98 3145/2756/98 3146/2757/1 3147/2758/1
f 3148/2759/696 3149/2760/98 3150/2761/13 3151/2762/43
f 3152/2763/43 3153/2764/13 3143/2765/77 3142/2766/736
f 3154/2767/737 3155/2768/738 3156/2769/11 3157/2770/126
f 3151/2762/43 3150/2761/13 3158/2771/13 3159/2772/43
f 3147/2758/1 3146/2757/1 3160/2773/1 3161/2774/1
f 3161/2774/1 3160/2773/1 3162/2775/126 3163/2776/126
f 3164/2777/11 3165/2778/11 3166/2779/11 3167/2780/11
f 3137/2743/89 3168/2781/77 3169/2782/77 3138/2744/89
f 3170/2783/1 3171/2784/98 3149/2785/98 3172/2786/1
f 3173/2787/13 3171/2788/98 3145/2789/98 3174/2790/13
f 3168/2791/77 3175/2792/13 3176/2793/13 3169/2794/77
f 3177/2795/126 3178/2796/11 3165/2778/11 3162/2797/126
f 3175/2792/13 3179/2798/13 3180/2799/13 3176/2793/13
f 3181/2800/1 3170/2783/1 3172/2786/1 3182/2801/1
f 3177/2802/126 3181/2800/1 3182/2801/1 3157/2803/126
f 3183/2804/739 3178/2796/11 3156/2769/11 3184/2805/11
f 3075/2640/89 3049/2612/89 3129/2727/89 3137/2743/89
f 3134/2737/89 3076/2641/89 3138/2744/89 3185/2806/89
f 3186/2807/5 3187/2808/5 3188/2809/11 3184/2810/11
f 3189/2811/740 3126/2732/107 3132/2731/1 3190/2812/126
f 3191/2813/107 3132/2731/1 3099/2673/1 3131/2730/107
f 3192/2814/5 3193/2815/11 3190/2816/126 3194/2817/698
f 3109/2687/4 3195/2818/4 3142/2819/736 3110/2688/79
f 3196/2820/741 3197/2821/741 3198/2822/4 3195/2823/4
f 3159/2772/43 3158/2771/13 3199/2824/13 3200/2825/43
f 3201/2826/13 3202/2827/13 3174/2790/13 3203/2828/13
f 3154/2829/737 3204/2830/742 3205/2831/743 3155/2832/738
f 3206/2833/4 3207/2834/4 3208/2835/4 3205/2831/743
f 3207/2834/4 3209/2836/4 3210/2837/741 3208/2835/4
f 3195/2823/4 3198/2822/4 3152/2838/43 3142/2839/736
f 3198/2822/4 3209/2836/4 3200/2840/43 3152/2838/43
f 3207/2834/4 3206/2833/4 3151/2841/43 3159/2842/43
f 3206/2833/4 3211/2843/107 3148/2844/696 3151/2841/43
f 3205/2831/743 3208/2835/4 3186/2845/5 3155/2832/738
f 3208/2835/4 3210/2837/741 3187/2846/5 3186/2845/5
f 3197/2821/741 3196/2820/741 3189/2847/740 3212/2848/744
f 3205/2831/743 3204/2830/742 3211/2843/107 3206/2833/4
f 3196/2849/741 3127/2719/4 3126/2718/107 3189/2850/740
f 3195/2818/4 3109/2687/4 3127/2719/4 3196/2849/741
f 3109/2687/4 3104/2679/4 3125/2717/4 3127/2719/4
f 3129/2727/89 3143/2754/77 3168/2781/77 3137/2743/89
f 3150/2761/13 3149/2760/98 3171/2788/98 3173/2787/13
f 3143/2765/77 3153/2764/13 3175/2792/13 3168/2791/77
f 3157/2770/126 3156/2769/11 3178/2796/11 3177/2795/126
f 3158/2771/13 3150/2761/13 3173/2787/13 3213/2851/13
f 3172/2786/1 3149/2785/98 3148/2852/696 3211/2853/107
f 3182/2801/1 3172/2786/1 3211/2853/107 3204/2854/742
f 3157/2803/126 3182/2801/1 3204/2854/742 3154/2855/737
f 3184/2805/11 3156/2769/11 3155/2768/738 3186/2856/5
f 3184/2810/11 3188/2809/11 3214/2857/5 3183/2858/739
f 3190/2812/126 3132/2731/1 3191/2813/107 3194/2859/698
f 3190/2816/126 3193/2815/11 3212/2860/744 3189/2861/740
f 3153/2764/13 3199/2824/13 3179/2798/13 3175/2792/13
f 3215/2862/13 3180/2799/13 3202/2827/13 3201/2826/13
f 3188/2809/11 3187/2808/5 3212/2860/744 3193/2815/11
f 3200/2825/43 3199/2824/13 3153/2764/13 3152/2763/43
f 3210/2837/741 3209/2836/4 3198/2822/4 3197/2821/741
f 3200/2840/43 3209/2836/4 3207/2834/4 3159/2842/43
f 3187/2846/5 3210/2837/741 3197/2821/741 3212/2848/744
f 3214/2857/5 3188/2809/11 3193/2815/11 3192/2814/5
f 3179/2798/13 3199/2824/13 3158/2771/13 3213/2851/13
f 3146/2757/1 3145/2756/98 3171/2784/98 3170/2783/1
f 3160/2773/1 3146/2757/1 3170/2783/1 3181/2800/1
f 3162/2775/126 3160/2773/1 3181/2800/1 3177/2802/126
f 3166/2779/11 3165/2778/11 3178/2796/11 3183/2804/739
f 3138/2744/89 3169/2782/77 3216/2863/77 3185/2806/89
f 3174/2790/13 3145/2789/98 3144/2864/98 3203/2828/13
f 3169/2794/77 3176/2793/13 3217/2865/13 3216/2866/77
f 3162/2797/126 3165/2778/11 3164/2777/11 3163/2867/126
f 3176/2793/13 3180/2799/13 3215/2862/13 3217/2865/13
f 3174/2790/13 3202/2827/13 3213/2851/13 3173/2787/13
f 3202/2827/13 3180/2799/13 3179/2798/13 3213/2851/13
f 3214/2868/5 3218/2869/4 3219/2870/4 3183/2871/739
f 3194/2872/698 3191/2873/107 3220/2874/4 3192/2875/5
f 3192/2875/5 3220/2874/4 3218/2869/4 3214/2868/5
f 3218/2869/4 3140/2748/4 3139/2747/4 3219/2870/4
f 3191/2873/107 3131/2752/107 3141/2751/4 3220/2874/4
f 3220/2874/4 3141/2751/4 3140/2748/4 3218/2869/4
f 3221/2876/1 3222/2877/1 3223/2878/1 3224/2879/1
f 3225/2880/126 3226/2881/1 3227/2882/1 3228/2883/126
f 3229/2884/89 3230/2885/82 3231/2886/82 3232/2887/89
f 3230/2885/82 3233/2888/745 3234/2889/745 3231/2886/82
f 3235/2890/746 3225/2880/126 3228/2883/126 3236/2891/746
f 3237/2892/747 3238/2893/11 3239/2894/11 3240/2895/747
f 3234/2889/745 3233/2888/745 3241/2896/748 3242/2897/748
f 3235/2890/746 3236/2891/746 3243/2898/749 3244/2899/749
f 3241/2896/748 3237/2892/747 3240/2895/747 3242/2897/748
f 3238/2893/11 3245/2900/11 3246/2901/11 3239/2894/11
f 3245/2900/11 3247/2902/750 3248/2903/750 3246/2901/11
f 3243/2898/749 3248/2903/750 3247/2902/750 3244/2899/749
f 3249/2904/98 3250/2905/98 3251/2906/1 3252/2907/1
f 3253/2908/89 3254/2909/89 3255/2910/77 3256/2911/77
f 3256/2911/77 3255/2910/77 3257/2912/751 3258/2913/751
f 3259/2914/752 3260/2915/752 3250/2905/98 3249/2904/98
f 3261/2916/753 3262/2917/753 3263/2918/13 3264/2919/13
f 3257/2912/751 3265/2920/754 3266/2921/754 3258/2913/751
f 3259/2914/752 3267/2922/755 3268/2923/755 3260/2915/752
f 3266/2921/754 3265/2920/754 3262/2917/753 3261/2916/753
f 3264/2919/13 3263/2918/13 3269/2924/13 3270/2925/13
f 3270/2925/13 3269/2924/13 3271/2926/756 3272/2927/756
f 3268/2923/755 3267/2922/755 3272/2927/756 3271/2926/756
f 3273/2928/126 3274/2929/1 3275/2930/1 3276/2931/126
f 3277/2932/89 3278/2933/82 3279/2934/82 3280/2935/89
f 3278/2933/82 3281/2936/757 3282/2937/757 3279/2934/82
f 3283/2938/758 3273/2928/126 3276/2931/126 3284/2939/758
f 3285/2940/759 3286/2941/11 3287/2942/11 3288/2943/759
f 3282/2937/757 3281/2936/757 3289/2944/760 3290/2945/760
f 3283/2938/758 3284/2939/758 3291/2946/761 3292/2947/761
f 3289/2944/760 3285/2940/759 3288/2943/759 3290/2945/760
f 3286/2941/11 3293/2948/11 3294/2949/11 3287/2942/11
f 3293/2948/11 3295/2950/750 3296/2951/750 3294/2949/11
f 3291/2946/761 3296/2951/750 3295/2950/750 3292/2947/761
f 3297/2952/98 3298/2953/98 3299/2954/1 3300/2955/1
f 3301/2956/89 3302/2957/89 3303/2958/77 3304/2959/77
f 3304/2959/77 3303/2958/77 3305/2960/762 3306/2961/762
f 3307/2962/763 3308/2963/763 3298/2953/98 3297/2952/98
f 3309/2964/764 3310/2965/764 3311/2966/13 3312/2967/13
f 3305/2960/762 3313/2968/765 3314/2969/765 3306/2961/762
f 3307/2962/763 3315/2970/766 3316/2971/766 3308/2963/763
f 3314/2969/765 3313/2968/765 3310/2965/764 3309/2964/764
f 3312/2967/13 3311/2966/13 3317/2972/13 3318/2973/13
f 3318/2973/13 3317/2972/13 3319/2974/756 3320/2975/756
f 3316/2971/766 3315/2970/766 3320/2975/756 3319/2974/756
f 3321/2976/767 3322/2977/768 3323/2978/769 3324/2979/770
f 3325/2980/771 3326/2981/772 3327/2982/773 3328/2983/774
f 3322/2984/768 3321/2985/767 3329/2986/775 3330/2987/776
f 3331/2988/777 3323/2978/769 3332/2989/778 3333/2990/779
f 3321/2976/767 3324/2979/770 3334/2991/780 3335/2992/781
f 3336/2993/782 3327/2982/773 3337/2994/783 3338/2995/784
f 3325/2980/771 3328/2983/774 3339/2996/785 3340/2997/786
f 3341/2998/787 3342/2999/775 3343/3000/788 3344/3001/789
f 3322/2984/768 3330/2987/776 3345/3002/790 3346/3003/791
f 3323/2978/769 3331/2988/777 3347/3004/792 3324/2979/770
f 3323/2978/769 3322/2977/768 3346/3005/791 3332/2989/778
f 3324/2979/770 3347/3004/792 3348/3006/793 3334/2991/780
f 3329/2986/775 3342/2999/775 3349/3007/776 3330/2987/776
f 3329/2986/775 3321/2985/767 3335/3008/781 3350/3009/788
f 3330/2987/776 3349/3007/776 3351/3010/790 3345/3002/790
f 3342/2999/775 3329/2986/775 3350/3009/788 3343/3000/788
f 3342/2999/775 3341/2998/787 3336/3011/782 3349/3007/776
f 3349/3007/776 3336/3011/782 3338/3012/784 3351/3010/790
f 3327/2982/773 3336/2993/782 3341/3013/787 3328/2983/774
f 3327/2982/773 3326/2981/772 3352/3014/794 3337/2994/783
f 3328/2983/774 3341/3013/787 3344/3015/789 3339/2996/785
f 3353/3016/13 3354/3017/77 3355/3018/77 3356/3019/13
f 3354/3017/77 3357/3020/89 3358/3021/89 3355/3018/77
f 3357/3022/89 3359/3023/82 3360/3024/82 3358/3025/89
f 3359/3023/82 3361/3026/11 3362/3027/11 3360/3024/82
f 3361/3026/11 3363/3028/126 3364/3029/126 3362/3027/11
f 3363/3028/126 3365/3030/1 3366/3031/1 3364/3029/126
f 3365/3030/1 3367/3032/98 3368/3033/98 3366/3031/1
f 3367/3032/98 3353/3016/13 3356/3019/13 3368/3033/98
f 3369/3034/11 3370/3035/11 3371/3036/82 3372/3037/82
f 3372/3037/82 3371/3036/82 3373/3038/89 3374/3039/89
f 3374/3040/89 3373/3041/89 3375/3042/77 3376/3043/77
f 3376/3043/77 3375/3042/77 3377/3044/13 3378/3045/13
f 3378/3045/13 3377/3044/13 3379/3046/98 3380/3047/98
f 3380/3047/98 3379/3046/98 3381/3048/1 3382/3049/1
f 3382/3049/1 3381/3048/1 3383/3050/126 3384/3051/126
f 3384/3051/126 3383/3050/126 3370/3035/11 3369/3034/11
f 3385/3052/13 3386/3053/13 3387/3054/98 3388/3055/98
f 3388/3055/98 3387/3054/98 3389/3056/1 3390/3057/1
f 3390/3058/1 3389/3059/1 3391/3060/126 3392/3061/126
f 3392/3061/126 3391/3060/126 3393/3062/11 3394/3063/11
f 3394/3063/11 3393/3062/11 3395/3064/82 3396/3065/82
f 3396/3065/82 3395/3064/82 3397/3066/89 3398/3067/89
f 3398/3067/89 3397/3066/89 3399/3068/77 3400/3069/77
f 3400/3069/77 3399/3068/77 3386/3053/13 3385/3052/13
f 3401/3070/11 3402/3071/126 3403/3072/126 3404/3073/11
f 3402/3071/126 3405/3074/1 3406/3075/1 3403/3072/126
f 3405/3076/1 3407/3077/98 3408/3078/98 3406/3079/1
f 3407/3077/98 3409/3080/13 3410/3081/13 3408/3078/98
f 3409/3080/13 3411/3082/77 3412/3083/77 3410/3081/13
f 3411/3082/77 3413/3084/89 3414/3085/89 3412/3083/77
f 3413/3084/89 3415/3086/82 3416/3087/82 3414/3085/89
f 3415/3086/82 3401/3070/11 3404/3073/11 3416/3087/82
f 3417/3088/98 3418/3089/98 3419/3090/13 3420/3091/13
f 3421/3092/126 3422/3093/126 3423/3094/11 3424/3095/11
f 3425/3096/107 3426/3097/107 3427/3098/4 3428/3099/4
f 3429/3100/107 3430/3101/107 3431/3102/1 3432/3103/1
f 3433/3104/13 3434/3105/13 3435/3106/13 3420/3091/13
f 3436/3107/126 3437/3108/126 3438/3109/11 3439/3110/11
f 3440/3111/126 3441/3112/1 3442/3113/1 3443/3114/126
f 3444/3115/795 3445/3116/1 3446/3117/1 3447/3118/98
f 3429/3119/107 3448/3120/107 3449/3121/4 3450/3122/4
f 3451/3123/4 3452/3124/4 3453/3125/4 3428/3099/4
f 3425/3126/107 3454/3127/107 3455/3128/1 3456/3129/1
f 3457/3130/796 3458/3131/1 3459/3132/1 3460/3133/1
f 3457/3134/796 3461/3135/71 3462/3136/46 3463/3137/47
f 3440/3138/126 3443/3139/126 3464/3140/11 3465/3141/11
f 3444/3142/795 3447/3143/98 3466/3144/13 3467/3145/44
f 3468/3146/13 3469/3147/13 3470/3148/13 3419/3090/13
f 3439/3110/11 3471/3149/11 3472/3150/11 3423/3094/11
f 3450/3122/4 3473/3151/4 3474/3152/4 3475/3153/4
f 3476/3154/43 3477/3155/696 3478/3156/98 3479/3157/13
f 3480/3158/5 3481/3159/5 3482/3160/11 3483/3161/11
f 3476/3162/43 3484/3163/43 3485/3164/4 3449/3121/4
f 3480/3165/5 3486/3166/698 3454/3167/107 3453/3125/4
f 3456/3129/1 3487/3168/1 3488/3169/1 3489/3170/1
f 3490/3171/13 3484/3172/43 3476/3154/43 3479/3157/13
f 3491/3173/126 3486/3174/698 3480/3158/5 3483/3161/11
f 3491/3175/126 3437/3176/126 3492/3177/1 3455/3128/1
f 3478/3178/98 3477/3179/696 3448/3180/107 3493/3181/1
f 3478/3156/98 3494/3182/98 3435/3106/13 3479/3157/13
f 3482/3160/11 3495/3183/11 3438/3109/11 3483/3161/11
f 3434/3105/13 3490/3171/13 3479/3157/13 3435/3106/13
f 3437/3108/126 3491/3173/126 3483/3161/11 3438/3109/11
f 3494/3184/98 3478/3178/98 3493/3181/1 3459/3132/1
f 3487/3168/1 3444/3115/795 3496/3185/71 3488/3169/1
f 3437/3176/126 3436/3186/126 3445/3116/1 3492/3177/1
f 3494/3182/98 3417/3088/98 3420/3091/13 3435/3106/13
f 3495/3183/11 3471/3149/11 3439/3110/11 3438/3109/11
f 3445/3116/1 3436/3186/126 3422/3187/126 3446/3117/1
f 3452/3124/4 3481/3188/5 3480/3165/5 3453/3125/4
f 3454/3127/107 3486/3189/698 3491/3175/126 3455/3128/1
f 3454/3167/107 3425/3096/107 3428/3099/4 3453/3125/4
f 3492/3177/1 3487/3168/1 3456/3129/1 3455/3128/1
f 3445/3116/1 3444/3115/795 3487/3168/1 3492/3177/1
f 3422/3093/126 3436/3107/126 3439/3110/11 3423/3094/11
f 3446/3117/1 3497/3190/1 3498/3191/98 3447/3118/98
f 3447/3143/98 3498/3192/98 3499/3193/13 3466/3144/13
f 3472/3150/11 3500/3194/11 3424/3095/11 3423/3094/11
f 3422/3187/126 3421/3195/126 3497/3190/1 3446/3117/1
f 3426/3097/107 3430/3196/107 3475/3153/4 3427/3098/4
f 3426/3197/107 3425/3126/107 3456/3129/1 3489/3170/1
f 3496/3198/71 3444/3199/795 3467/3200/44 3501/3201/46
f 3502/3202/4 3451/3123/4 3428/3099/4 3427/3098/4
f 3488/3169/1 3503/3203/1 3431/3102/1 3489/3170/1
f 3496/3185/71 3461/3204/71 3503/3203/1 3488/3169/1
f 3430/3101/107 3426/3197/107 3489/3170/1 3431/3102/1
f 3461/3135/71 3496/3198/71 3501/3201/46 3462/3136/46
f 3474/3152/4 3502/3202/4 3427/3098/4 3475/3153/4
f 3430/3196/107 3429/3119/107 3450/3122/4 3475/3153/4
f 3503/3203/1 3460/3133/1 3432/3103/1 3431/3102/1
f 3461/3204/71 3457/3130/796 3460/3133/1 3503/3203/1
f 3418/3089/98 3504/3205/98 3468/3146/13 3419/3090/13
f 3418/3206/98 3417/3207/98 3458/3131/1 3442/3113/1
f 3443/3139/126 3457/3208/796 3463/3209/47 3464/3140/11
f 3470/3148/13 3433/3104/13 3420/3091/13 3419/3090/13
f 3441/3112/1 3504/3210/98 3418/3206/98 3442/3113/1
f 3448/3120/107 3477/3211/696 3476/3162/43 3449/3121/4
f 3458/3131/1 3417/3207/98 3494/3184/98 3459/3132/1
f 3485/3164/4 3473/3151/4 3450/3122/4 3449/3121/4
f 3448/3180/107 3429/3100/107 3432/3103/1 3493/3181/1
f 3493/3181/1 3432/3103/1 3460/3133/1 3459/3132/1
f 3458/3131/1 3457/3130/796 3443/3114/126 3442/3113/1
f 3462/3136/46 3505/3212/46 3506/3213/47 3463/3137/47
f 3464/3140/11 3507/3214/11 3508/3215/11 3465/3141/11
f 3466/3144/13 3509/3216/13 3510/3217/44 3467/3145/44
f 3499/3193/13 3511/3218/13 3509/3216/13 3466/3144/13
f 3467/3200/44 3510/3219/44 3512/3220/46 3501/3201/46
f 3501/3201/46 3512/3220/46 3505/3212/46 3462/3136/46
f 3463/3209/47 3506/3221/47 3507/3214/11 3464/3140/11
f 3513/3222/797 3514/3223/797 3515/3224/798 3516/3225/798
f 3517/3226/799 3518/3227/799 3224/3228/800 3223/3229/800
f 3515/3224/798 3518/3227/799 3517/3226/799 3516/3225/798
f 3519/3230/1 3520/3231/801 3521/3232/801 3522/3233/1
f 3523/3234/802 3524/3235/802 3525/3236/46 3526/3237/46
f 3520/3231/801 3524/3235/802 3523/3234/802 3521/3232/801
f 3527/3238/698 3528/3239/126 3529/3240/1 3530/3241/107
f 3531/3242/803 3532/3243/126 3533/3244/11 3534/3245/47
f 3527/3238/698 3530/3241/107 3535/3246/4 3536/3247/5
f 3537/3248/696 3538/3249/98 3539/3250/13 3540/3251/43
f 3541/3252/804 3542/3253/71 3543/3254/46 3544/3255/44
f 3528/3239/126 3532/3243/126 3545/3256/1 3529/3240/1
f 3528/3239/126 3527/3238/698 3536/3257/5 3546/3258/11
f 3538/3249/98 3547/3259/98 3548/3260/13 3539/3250/13
f 3529/3240/1 3549/3261/1 3550/3262/107 3530/3241/107
f 3530/3241/107 3550/3262/107 3551/3263/4 3535/3246/4
f 3552/3264/71 3531/3242/803 3534/3265/47 3553/3266/46
f 3552/3264/71 3542/3253/71 3554/3267/1 3545/3256/1
f 3532/3243/126 3528/3239/126 3546/3258/11 3533/3244/11
f 3532/3243/126 3531/3242/803 3552/3264/71 3545/3256/1
f 3547/3259/98 3541/3252/804 3544/3268/44 3548/3260/13
f 3547/3259/98 3538/3249/98 3549/3261/1 3554/3267/1
f 3533/3244/11 3555/3269/11 3556/3270/47 3534/3245/47
f 3535/3246/4 3557/3271/4 3558/3272/5 3536/3247/5
f 3539/3250/13 3559/3273/13 3560/3274/43 3540/3251/43
f 3553/3266/46 3561/3275/46 3562/3276/46 3543/3254/46
f 3536/3257/5 3558/3277/5 3563/3278/11 3546/3258/11
f 3548/3260/13 3564/3279/13 3559/3273/13 3539/3250/13
f 3540/3280/43 3560/3281/43 3565/3282/4 3551/3263/4
f 3534/3265/47 3556/3283/47 3561/3275/46 3553/3266/46
f 3546/3258/11 3563/3278/11 3555/3269/11 3533/3244/11
f 3544/3268/44 3566/3284/44 3564/3279/13 3548/3260/13
f 3542/3253/71 3552/3264/71 3553/3266/46 3543/3254/46
f 3549/3261/1 3538/3249/98 3537/3248/696 3550/3262/107
f 3550/3262/107 3537/3248/696 3540/3280/43 3551/3263/4
f 3542/3253/71 3541/3252/804 3547/3259/98 3554/3267/1
f 3549/3261/1 3529/3240/1 3545/3256/1 3554/3267/1
f 3562/3276/46 3566/3285/44 3544/3255/44 3543/3254/46
f 3565/3282/4 3557/3271/4 3535/3246/4 3551/3263/4
f 3567/1/89 3568/2/89 3569/3/89 3570/4/89
