# Blender 5.0.1
# www.blender.org
mtllib jugo.mtl
o Leche_Cajita
v 0.000000 1.946401 -0.292793
v 0.000000 1.946401 0.292793
v 0.549601 1.946401 0.292793
v 0.549601 1.946401 -0.292793
v 0.549601 0.003147 0.292793
v 0.549601 2.003005 0.292793
v 0.549601 0.003147 -0.292793
v 0.549601 2.003005 -0.292793
v 0.000000 0.003005 -0.292793
v 0.000000 2.003005 -0.292793
v 0.000000 0.003005 0.292793
v 0.000000 2.003005 0.292793
v 0.595287 1.946379 0.292793
v 0.595287 1.946379 -0.292793
v 0.551604 1.946379 -0.292793
v 0.551604 1.946379 0.292793
v 0.568958 1.446703 0.056664
v 0.561159 1.446703 -0.056664
v 0.525970 1.446703 -0.056664
v 0.533225 1.446703 0.056664
v 0.550096 1.947694 0.292793
v 0.550714 1.948100 0.292793
v 0.551223 1.947919 0.292793
v 0.551505 1.947554 0.292793
v 0.550096 1.947694 -0.292793
v 0.550714 1.948101 -0.292793
v 0.551223 1.947919 -0.292793
v 0.551505 1.947554 -0.292793
v 0.559899 1.999135 -0.292793
v 0.571500 1.992849 -0.292793
v 0.581213 1.985128 -0.292793
v 0.590455 1.972145 -0.292793
v 0.559899 1.999135 0.292793
v 0.571500 1.992849 0.292793
v 0.581213 1.985128 0.292793
v 0.590455 1.972145 0.292793
v 0.549601 0.003147 0.000000
v 0.549601 2.003005 0.000000
v 0.549601 1.946401 0.000000
v 0.000000 2.003005 0.000000
v 0.000000 0.003794 0.000000
v 0.595287 1.946379 0.000000
v 0.551604 1.946379 0.000000
v 0.561725 1.446735 0.000000
v 0.527005 1.446703 0.000000
v 0.550096 1.947694 0.000000
v 0.550714 1.948100 0.000000
v 0.551223 1.947919 -0.000000
v 0.551505 1.947554 -0.000000
v 0.559899 1.999135 0.000000
v 0.571500 1.992849 0.000000
v 0.581213 1.985128 0.000000
v 0.590455 1.972145 0.000000
v 0.549802 -0.003009 -0.046175
v 0.550096 1.947694 -0.035661
v 0.550714 1.948101 -0.035661
v 0.551223 1.947919 -0.035661
v 0.551505 1.947554 -0.035661
v 0.549601 2.005932 -0.241603
v 0.549802 1.978419 -0.046175
v 0.000000 2.005932 -0.241603
v 0.000000 0.003808 -0.035661
v 0.595287 1.949306 -0.241603
v 0.551604 1.946379 -0.035661
v 0.560210 1.445997 -0.043512
v 0.525616 1.446703 -0.035661
v 0.559899 2.002063 -0.241603
v 0.571500 1.995777 -0.241603
v 0.581213 1.988055 -0.241603
v 0.590455 1.975073 -0.241603
v 0.550734 2.018396 -0.035661
v 0.550734 2.018396 0.000000
v 0.000000 2.018501 -0.035661
v 0.000000 2.018501 0.000000
v 0.606295 1.944687 -0.035661
v 0.606295 1.944687 0.000000
v 0.572463 1.447942 -0.035661
v 0.574015 1.446539 0.000000
v 0.562618 2.014019 -0.035661
v 0.562618 2.014019 0.000000
v 0.575326 2.007113 -0.035661
v 0.575326 2.007113 0.000000
v 0.586889 1.997796 -0.035661
v 0.586889 1.997796 0.000000
v 0.599513 1.979168 -0.035661
v 0.599513 1.979168 0.000000
v 0.572456 2.000583 -0.182776
v 0.560579 2.007024 -0.182776
v 0.582632 1.988295 0.000000
v 0.592719 1.973901 0.000000
v 0.000000 2.011047 -0.182776
v 0.000000 2.006879 0.000000
v 0.582632 1.992463 -0.182776
v 0.572456 1.996415 0.000000
v 0.592719 1.978069 -0.182776
v 0.560579 2.002856 0.000000
v 0.598039 1.950124 -0.182776
v 0.563218 1.446188 -0.040605
v 0.549885 2.006853 0.000000
v 0.564768 1.446686 0.000000
v 0.549885 2.011020 -0.182776
v 0.598039 1.945956 0.000000
v 0.561598 2.010521 -0.106359
v 0.596116 1.976534 0.002859
v 0.000000 2.012690 0.002859
v 0.602167 1.947405 -0.106359
v 0.602167 1.945322 0.002859
v 0.573891 2.003848 -0.106359
v 0.584761 1.993045 0.002859
v 0.000000 2.014774 -0.106359
v 0.584761 1.995129 -0.106359
v 0.573891 2.001764 0.002859
v 0.596116 1.978618 -0.106359
v 0.561598 2.008437 0.002859
v 0.567063 1.447065 -0.037743
v 0.550309 2.012625 0.002859
v 0.568116 1.446613 0.002859
v 0.550309 2.014708 -0.106359
v 0.522461 1.946401 -0.292793
v 0.522461 1.946401 0.292793
v 0.522461 2.003005 -0.292793
v 0.522461 0.003147 0.292793
v 0.522461 0.003147 -0.292793
v 0.522461 2.003005 0.292793
v 0.522461 2.003005 0.000000
v 0.522461 0.003147 0.000000
v 0.522461 0.003147 -0.035661
v 0.522461 2.005932 -0.241603
v 0.523537 2.018402 0.000000
v 0.523537 2.018402 -0.035661
v 0.522730 2.011022 -0.182776
v 0.522730 2.006854 0.000000
v 0.523133 2.014711 -0.106359
v 0.523133 2.012628 0.002859
v 0.522461 0.001637 0.292793
v 0.522461 0.001637 -0.292793
v 0.522461 0.001637 0.000000
v 0.522461 0.001637 -0.035661
v 0.522461 -0.017411 0.292793
v 0.522461 -0.017411 -0.292793
v 0.522461 -0.017411 0.000000
v 0.522128 -0.023969 -0.046175
v 0.237270 0.015961 0.050743
v 0.237270 -0.002882 0.050743
v 0.237270 0.015961 -0.050743
v 0.237270 0.016711 -0.035661
v 0.237270 0.017500 0.000000
v 0.237270 -0.002882 -0.050743
v 0.237270 -0.002118 -0.035661
v 0.237270 -0.001305 0.000000
v 0.522571 0.002816 0.000000
v 0.522608 0.002392 0.000000
v 0.522571 0.001967 0.000000
v 0.522571 0.002816 -0.035661
v 0.522608 0.002392 -0.035661
v 0.522571 0.001967 -0.035661
v 0.522536 0.002752 -0.292793
v 0.522571 0.002325 -0.292793
v 0.522551 0.001931 -0.292793
v 0.545074 -0.005887 -0.292793
v 0.538633 -0.011866 -0.292793
v 0.530891 -0.015478 -0.292793
v 0.545186 -0.012220 -0.046175
v 0.538618 -0.018316 -0.046175
v 0.530724 -0.021999 -0.046175
v 0.545074 -0.005887 0.000000
v 0.538633 -0.011866 0.000000
v 0.530891 -0.015478 0.000000
v 0.545074 -0.005887 0.292793
v 0.538633 -0.011866 0.292793
v 0.530891 -0.015478 0.292793
v 0.522536 0.002752 0.292793
v 0.522571 0.002325 0.292793
v 0.522551 0.001931 0.292793
v 0.554862 1.946401 -0.035661
v 0.554862 1.946401 0.000000
v 0.554506 -0.000312 0.000000
v 0.554506 -0.000312 -0.035661
v 0.237272 -0.011745 -0.035661
v 0.237272 -0.010939 0.000000
v 0.522791 -0.026963 -0.035661
v 0.522791 -0.026963 0.000000
v 0.548264 -0.013497 -0.035661
v 0.540493 -0.020819 -0.035661
v 0.531875 -0.024880 -0.035661
v 0.548264 -0.013497 0.000000
v 0.540493 -0.020819 0.000000
v 0.531875 -0.024880 0.000000
v -0.549601 1.946401 0.292793
v -0.549601 1.946401 -0.292793
v -0.549601 0.003147 0.292793
v -0.549601 2.003005 0.292793
v -0.549601 0.003147 -0.292793
v -0.549601 2.003005 -0.292793
v -0.595287 1.946379 0.292793
v -0.595287 1.946379 -0.292793
v -0.551604 1.946379 -0.292793
v -0.551604 1.946379 0.292793
v -0.575918 1.446703 0.056664
v -0.571196 1.446703 -0.056664
v -0.535545 1.446703 -0.056664
v -0.539879 1.446703 0.056664
v -0.550096 1.947694 0.292793
v -0.550714 1.948100 0.292793
v -0.551223 1.947919 0.292793
v -0.551505 1.947554 0.292793
v -0.550096 1.947694 -0.292793
v -0.550714 1.948101 -0.292793
v -0.551223 1.947919 -0.292793
v -0.551505 1.947554 -0.292793
v -0.559899 1.999135 -0.292793
v -0.571500 1.992849 -0.292793
v -0.581213 1.985128 -0.292793
v -0.590455 1.972145 -0.292793
v -0.559899 1.999135 0.292793
v -0.571500 1.992849 0.292793
v -0.581213 1.985128 0.292793
v -0.590455 1.972145 0.292793
v -0.549601 0.003147 0.000000
v -0.549601 2.003005 0.000000
v -0.549601 1.946401 0.000000
v -0.595287 1.946379 0.000000
v -0.551604 1.946379 0.000000
v -0.571186 1.446735 0.000000
v -0.536051 1.446703 0.000000
v -0.550096 1.947694 0.000000
v -0.550714 1.948100 0.000000
v -0.551223 1.947919 -0.000000
v -0.551505 1.947554 -0.000000
v -0.559899 1.999135 0.000000
v -0.571500 1.992849 0.000000
v -0.581213 1.985128 0.000000
v -0.590455 1.972145 0.000000
v -0.549802 -0.003009 -0.046175
v -0.550096 1.947694 -0.035661
v -0.550714 1.948101 -0.035661
v -0.551223 1.947919 -0.035661
v -0.551505 1.947554 -0.035661
v -0.549601 2.005932 -0.241603
v -0.549802 1.978419 -0.046175
v -0.595287 1.949306 -0.241603
v -0.551604 1.946379 -0.035661
v -0.570347 1.445997 -0.043512
v -0.535268 1.446703 -0.035661
v -0.559899 2.002063 -0.241603
v -0.571500 1.995777 -0.241603
v -0.581213 1.988055 -0.241603
v -0.590455 1.975073 -0.241603
v -0.550734 2.018396 -0.035661
v -0.550734 2.018396 0.000000
v -0.606295 1.944687 -0.035661
v -0.606295 1.944687 0.000000
v -0.582495 1.447942 -0.035661
v -0.583396 1.446539 0.000000
v -0.562618 2.014019 -0.035661
v -0.562618 2.014019 0.000000
v -0.575326 2.007113 -0.035661
v -0.575326 2.007113 0.000000
v -0.586889 1.997796 -0.035661
v -0.586889 1.997796 0.000000
v -0.599513 1.979168 -0.035661
v -0.599513 1.979168 0.000000
v -0.572456 2.000583 -0.182776
v -0.560579 2.007024 -0.182776
v -0.582632 1.988295 0.000000
v -0.592719 1.973901 0.000000
v -0.582632 1.992463 -0.182776
v -0.572456 1.996415 0.000000
v -0.592719 1.978069 -0.182776
v -0.560579 2.002856 0.000000
v -0.598039 1.950124 -0.182776
v -0.573348 1.446188 -0.040605
v -0.549885 2.006853 0.000000
v -0.574220 1.446686 0.000000
v -0.549885 2.011020 -0.182776
v -0.598039 1.945956 0.000000
v -0.561598 2.010521 -0.106359
v -0.596116 1.976534 0.002859
v -0.602167 1.947405 -0.106359
v -0.602167 1.945322 0.002859
v -0.573891 2.003848 -0.106359
v -0.584761 1.993045 0.002859
v -0.584761 1.995129 -0.106359
v -0.573891 2.001764 0.002859
v -0.596116 1.978618 -0.106359
v -0.561598 2.008437 0.002859
v -0.577162 1.447065 -0.037743
v -0.550309 2.012625 0.002859
v -0.577460 1.446613 0.002859
v -0.550309 2.014708 -0.106359
v -0.522461 1.946401 -0.292793
v -0.522461 1.946401 0.292793
v -0.522461 2.003005 -0.292793
v -0.522461 0.003147 0.292793
v -0.522461 0.003147 -0.292793
v -0.522461 2.003005 0.292793
v -0.522461 2.003005 0.000000
v -0.522461 0.003147 0.000000
v -0.522461 0.003147 -0.035661
v -0.522461 2.005932 -0.241603
v -0.523537 2.018402 0.000000
v -0.523537 2.018402 -0.035661
v -0.522730 2.011022 -0.182776
v -0.522730 2.006854 0.000000
v -0.523133 2.014711 -0.106359
v -0.523133 2.012628 0.002859
v -0.522461 0.001637 0.292793
v -0.522461 0.001637 -0.292793
v -0.522461 0.001637 0.000000
v -0.522461 0.001637 -0.035661
v -0.522461 -0.017411 0.292793
v -0.522461 -0.017411 -0.292793
v -0.522461 -0.017411 0.000000
v -0.522128 -0.023969 -0.046175
v -0.237270 0.015794 0.050743
v -0.237270 -0.002842 0.050743
v -0.237270 0.020419 -0.050743
v -0.237270 0.020591 -0.035661
v -0.237270 0.019661 0.000000
v -0.237270 0.001933 -0.050743
v -0.237270 0.002116 -0.035661
v -0.237270 0.001137 0.000000
v -0.522571 0.002816 0.000000
v -0.522608 0.002392 0.000000
v -0.522571 0.001967 0.000000
v -0.522571 0.002816 -0.035661
v -0.522608 0.002392 -0.035661
v -0.522571 0.001967 -0.035661
v -0.522536 0.002752 -0.292793
v -0.522571 0.002325 -0.292793
v -0.522551 0.001931 -0.292793
v -0.545074 -0.005887 -0.292793
v -0.538633 -0.011866 -0.292793
v -0.530891 -0.015478 -0.292793
v -0.545186 -0.012220 -0.046175
v -0.538618 -0.018316 -0.046175
v -0.530724 -0.021999 -0.046175
v -0.545074 -0.005887 0.000000
v -0.538633 -0.011866 0.000000
v -0.530891 -0.015478 0.000000
v -0.545074 -0.005887 0.292793
v -0.538633 -0.011866 0.292793
v -0.530891 -0.015478 0.292793
v -0.522536 0.002752 0.292793
v -0.522571 0.002325 0.292793
v -0.522551 0.001931 0.292793
v -0.554862 1.946401 -0.035661
v -0.554862 1.946401 0.000000
v -0.554506 -0.000312 0.000000
v -0.554506 -0.000312 -0.035661
v -0.237272 -0.007378 -0.035661
v -0.237272 -0.008367 0.000000
v -0.522791 -0.026963 -0.035661
v -0.522791 -0.026963 0.000000
v -0.548264 -0.013497 -0.035661
v -0.540493 -0.020819 -0.035661
v -0.531875 -0.024880 -0.035661
v -0.548264 -0.013497 0.000000
v -0.540493 -0.020819 0.000000
v -0.531875 -0.024880 0.000000
v 0.549583 1.460587 -0.292793
v 0.549601 0.974774 -0.292793
v 0.549601 0.488960 -0.292793
v 0.549601 1.460587 0.292793
v 0.549601 0.974774 0.292793
v 0.549601 0.488960 0.292793
v 0.000000 1.460552 0.292793
v 0.000000 0.974703 0.292793
v 0.000000 0.488854 0.292793
v 0.000000 1.460552 -0.292793
v 0.000000 0.974703 -0.292793
v 0.000000 0.488854 -0.292793
v 0.525342 1.460587 0.000000
v 0.549601 0.974774 0.000000
v 0.549601 0.488960 0.000000
v 0.525300 1.483062 -0.046175
v 0.549802 0.987705 -0.046175
v 0.549802 0.492348 -0.046175
v 0.522461 1.460587 0.292793
v 0.522461 0.974774 0.292793
v 0.522461 0.488960 0.292793
v 0.522461 1.460587 -0.292793
v 0.522461 0.974774 -0.292793
v 0.522461 0.488960 -0.292793
v 0.530074 1.459723 0.000000
v 0.554684 0.973045 0.000000
v 0.554595 0.486366 0.000000
v 0.528678 1.459723 -0.035661
v 0.554684 0.973045 -0.035661
v 0.554595 0.486366 -0.035661
v -0.549601 1.460587 -0.292793
v -0.549601 0.974774 -0.292793
v -0.549601 0.488960 -0.292793
v -0.549601 1.460587 0.292793
v -0.549601 0.974774 0.292793
v -0.549601 0.488960 0.292793
v -0.534261 1.460587 0.000000
v -0.549601 0.974774 0.000000
v -0.549601 0.488960 0.000000
v -0.534398 1.483062 -0.046175
v -0.549802 0.987705 -0.046175
v -0.549802 0.492348 -0.046175
v -0.522461 1.460587 0.292793
v -0.522461 0.974774 0.292793
v -0.522461 0.488960 0.292793
v -0.522461 1.460587 -0.292793
v -0.522461 0.974774 -0.292793
v -0.522461 0.488960 -0.292793
v -0.539123 1.459723 0.000000
v -0.554684 0.973045 0.000000
v -0.554595 0.486366 0.000000
v -0.538335 1.459723 -0.035661
v -0.554684 0.973045 -0.035661
v -0.554595 0.486366 -0.035661
v 0.236951 1.946401 0.292793
v 0.236951 0.003069 -0.292793
v 0.236951 2.003005 0.292793
v 0.236951 0.019033 0.000000
v 0.236951 0.018248 -0.035661
v 0.237073 2.006868 0.000000
v 0.237256 2.012662 0.002859
v 0.236951 1.946401 -0.292793
v 0.236951 2.003005 -0.292793
v 0.236951 0.003069 0.292793
v 0.236951 2.003005 0.000000
v 0.236951 2.005932 -0.241603
v 0.237439 2.018456 0.000000
v 0.237439 2.018456 -0.035661
v 0.237073 2.011035 -0.182776
v 0.237256 2.014746 -0.106359
v 0.236951 0.488902 -0.292793
v 0.236951 0.974735 -0.292793
v 0.236951 1.460568 -0.292793
v 0.236951 0.488902 0.292793
v 0.236951 0.974735 0.292793
v 0.236951 1.460568 0.292793
v -0.243865 1.946401 0.292793
v -0.243865 0.003087 -0.292793
v -0.243865 2.003005 0.292793
v -0.243865 0.021141 0.000000
v -0.243865 0.022064 -0.035661
v -0.243990 2.006867 0.000000
v -0.244179 2.012661 0.002859
v -0.243865 1.946401 -0.292793
v -0.243865 2.003005 -0.292793
v -0.243865 0.003071 0.292793
v -0.243865 2.003005 0.000000
v -0.243865 2.005932 -0.241603
v -0.244367 2.018455 0.000000
v -0.244367 2.018455 -0.035661
v -0.243990 2.011035 -0.182776
v -0.244179 2.014745 -0.106359
v -0.243865 0.488903 -0.292793
v -0.243865 0.974736 -0.292793
v -0.243865 1.460568 -0.292793
v -0.243865 0.488903 0.292793
v -0.243865 0.974736 0.292793
v -0.243865 1.460568 0.292793
v 0.329676 2.006518 0.052037
v 0.347589 2.006518 0.053919
v 0.364719 2.006518 0.059485
v 0.380317 2.006518 0.068491
v 0.393703 2.006518 0.080543
v 0.404290 2.006518 0.095115
v 0.411616 2.006518 0.111570
v 0.415361 2.006518 0.129188
v 0.415361 2.006518 0.147199
v 0.411616 2.006518 0.164818
v 0.404290 2.006518 0.181272
v 0.393703 2.006518 0.195844
v 0.380317 2.006518 0.207896
v 0.364719 2.006518 0.216902
v 0.347589 2.006518 0.222468
v 0.329676 2.006518 0.224351
v 0.311763 2.006518 0.222468
v 0.294632 2.006518 0.216902
v 0.279034 2.006518 0.207896
v 0.265648 2.006518 0.195844
v 0.255061 2.006518 0.181272
v 0.247735 2.006518 0.164818
v 0.243991 2.006518 0.147199
v 0.243991 2.006518 0.129188
v 0.247735 2.006518 0.111570
v 0.255061 2.006518 0.095115
v 0.265648 2.006518 0.080543
v 0.279034 2.006518 0.068491
v 0.294632 2.006518 0.059485
v 0.311763 2.006518 0.053919
v 0.329676 2.006518 0.022134
v 0.353806 2.006518 0.024670
v 0.376881 2.006518 0.032168
v 0.397894 2.006518 0.044299
v 0.415925 2.006518 0.060534
v 0.430186 2.006518 0.080164
v 0.440055 2.006518 0.102329
v 0.445100 2.006518 0.126062
v 0.445100 2.006518 0.150325
v 0.440055 2.006518 0.174058
v 0.430186 2.006518 0.196224
v 0.415925 2.006518 0.215853
v 0.397894 2.006518 0.232088
v 0.376881 2.006518 0.244220
v 0.353806 2.006518 0.251717
v 0.329676 2.006518 0.254254
v 0.305545 2.006518 0.251717
v 0.282470 2.006518 0.244220
v 0.261457 2.006518 0.232088
v 0.243426 2.006518 0.215853
v 0.229165 2.006518 0.196224
v 0.219296 2.006518 0.174058
v 0.214251 2.006518 0.150325
v 0.214251 2.006518 0.126062
v 0.219296 2.006518 0.102329
v 0.229165 2.006518 0.080164
v 0.243426 2.006518 0.060534
v 0.261457 2.006518 0.044299
v 0.282470 2.006518 0.032168
v 0.305545 2.006518 0.024670
v 0.329676 2.015805 0.022134
v 0.353806 2.015805 0.024670
v 0.376881 2.015805 0.032168
v 0.397894 2.015805 0.044299
v 0.415925 2.015805 0.060534
v 0.430186 2.015805 0.080164
v 0.440055 2.015805 0.102329
v 0.445100 2.015805 0.126062
v 0.445100 2.015805 0.150325
v 0.440055 2.015805 0.174058
v 0.430186 2.015805 0.196224
v 0.415925 2.015805 0.215853
v 0.397894 2.015805 0.232088
v 0.376881 2.015805 0.244220
v 0.353806 2.015805 0.251717
v 0.329676 2.015805 0.254254
v 0.305545 2.015805 0.251717
v 0.282470 2.015805 0.244220
v 0.261457 2.015805 0.232088
v 0.243426 2.015805 0.215853
v 0.229165 2.015805 0.196224
v 0.219296 2.015805 0.174058
v 0.214251 2.015805 0.150325
v 0.214251 2.015805 0.126062
v 0.219296 2.015805 0.102329
v 0.229165 2.015805 0.080164
v 0.243426 2.015805 0.060534
v 0.261457 2.015805 0.044299
v 0.282470 2.015805 0.032168
v 0.305545 2.015805 0.024670
v 0.329676 2.015805 0.024577
v 0.353298 2.015805 0.027060
v 0.375888 2.015805 0.034399
v 0.396458 2.015805 0.046276
v 0.414109 2.015805 0.062169
v 0.428071 2.015805 0.081385
v 0.437732 2.015805 0.103084
v 0.442670 2.015805 0.126317
v 0.442670 2.015805 0.150070
v 0.437732 2.015805 0.173303
v 0.428071 2.015805 0.195002
v 0.414109 2.015805 0.214218
v 0.396458 2.015805 0.230112
v 0.375888 2.015805 0.241988
v 0.353298 2.015805 0.249328
v 0.329676 2.015805 0.251811
v 0.306053 2.015805 0.249328
v 0.283463 2.015805 0.241988
v 0.262893 2.015805 0.230112
v 0.245242 2.015805 0.214218
v 0.231280 2.015805 0.195002
v 0.221619 2.015805 0.173303
v 0.216681 2.015805 0.150070
v 0.216681 2.015805 0.126317
v 0.221619 2.015805 0.103084
v 0.231280 2.015805 0.081385
v 0.245242 2.015805 0.062169
v 0.262893 2.015805 0.046276
v 0.283463 2.015805 0.034399
v 0.306053 2.015805 0.027060
v 0.329676 2.076946 0.024577
v 0.353298 2.076946 0.027060
v 0.375888 2.076946 0.034399
v 0.396458 2.076946 0.046276
v 0.414109 2.076946 0.062169
v 0.428071 2.076946 0.081385
v 0.437732 2.076946 0.103084
v 0.442670 2.076946 0.126317
v 0.442670 2.076946 0.150070
v 0.437732 2.076946 0.173303
v 0.428071 2.076946 0.195002
v 0.414109 2.076946 0.214218
v 0.396458 2.076946 0.230112
v 0.375888 2.076946 0.241988
v 0.353298 2.076946 0.249328
v 0.329676 2.076946 0.251811
v 0.306053 2.076946 0.249328
v 0.283463 2.076946 0.241988
v 0.262893 2.076946 0.230112
v 0.245242 2.076946 0.214218
v 0.231280 2.076946 0.195002
v 0.221619 2.076946 0.173303
v 0.216681 2.076946 0.150070
v 0.216681 2.076946 0.126317
v 0.221619 2.076946 0.103084
v 0.231280 2.076946 0.081385
v 0.245242 2.076946 0.062169
v 0.262893 2.076946 0.046276
v 0.283463 2.076946 0.034399
v 0.306053 2.076946 0.027060
v 0.329676 2.145361 0.024577
v 0.353298 2.145361 0.027060
v 0.375888 2.145361 0.034399
v 0.396458 2.145361 0.046276
v 0.414109 2.145361 0.062169
v 0.428071 2.145361 0.081385
v 0.437732 2.145361 0.103084
v 0.442670 2.145361 0.126317
v 0.442670 2.145361 0.150070
v 0.437732 2.145361 0.173303
v 0.428071 2.145361 0.195002
v 0.414109 2.145361 0.214218
v 0.396458 2.145361 0.230112
v 0.375888 2.145361 0.241988
v 0.353298 2.145361 0.249328
v 0.329676 2.145361 0.251811
v 0.306053 2.145361 0.249328
v 0.283463 2.145361 0.241988
v 0.262893 2.145361 0.230112
v 0.245242 2.145361 0.214218
v 0.231280 2.145361 0.195002
v 0.221619 2.145361 0.173303
v 0.216681 2.145361 0.150070
v 0.216681 2.145361 0.126317
v 0.221619 2.145361 0.103084
v 0.231280 2.145361 0.081385
v 0.245242 2.145361 0.062169
v 0.262893 2.145361 0.046276
v 0.283463 2.145361 0.034399
v 0.306053 2.145361 0.027060
v 0.222911 2.081600 0.108063
v 0.219886 2.081600 0.122294
v 0.219886 2.140708 0.122294
v 0.222911 2.140708 0.108063
v 0.414955 2.081600 0.209144
v 0.423506 2.081600 0.197374
v 0.423506 2.140708 0.197374
v 0.414955 2.140708 0.209144
v 0.231508 2.081600 0.086524
v 0.225591 2.081600 0.099815
v 0.225591 2.140708 0.099815
v 0.231508 2.140708 0.086524
v 0.398340 2.081600 0.225324
v 0.409152 2.081600 0.215589
v 0.409152 2.140708 0.215589
v 0.398340 2.140708 0.225324
v 0.244396 2.081600 0.067243
v 0.235845 2.081600 0.079013
v 0.235845 2.140708 0.079013
v 0.244396 2.140708 0.067243
v 0.378724 2.081600 0.237697
v 0.391324 2.081600 0.230422
v 0.391324 2.140708 0.230422
v 0.378724 2.140708 0.237697
v 0.261011 2.081600 0.051063
v 0.250199 2.081600 0.060798
v 0.250199 2.140708 0.060798
v 0.261011 2.140708 0.051063
v 0.356964 2.081600 0.245720
v 0.370801 2.081600 0.241224
v 0.370801 2.140708 0.241224
v 0.356964 2.140708 0.245720
v 0.348481 2.081600 0.028864
v 0.334012 2.081600 0.027344
v 0.334012 2.140708 0.027344
v 0.348481 2.140708 0.028864
v 0.280627 2.081600 0.038691
v 0.268028 2.081600 0.045965
v 0.268028 2.140708 0.045965
v 0.280627 2.140708 0.038691
v 0.334012 2.081600 0.249044
v 0.348481 2.081600 0.247523
v 0.348481 2.140708 0.247523
v 0.334012 2.140708 0.249044
v 0.370801 2.081600 0.035163
v 0.356964 2.081600 0.030667
v 0.356964 2.140708 0.030667
v 0.370801 2.140708 0.035163
v 0.302387 2.081600 0.030667
v 0.288550 2.081600 0.035163
v 0.288550 2.140708 0.035163
v 0.302387 2.140708 0.030667
v 0.310870 2.081600 0.247523
v 0.325339 2.081600 0.249044
v 0.325339 2.140708 0.249044
v 0.310870 2.140708 0.247523
v 0.391324 2.081600 0.045965
v 0.378724 2.081600 0.038691
v 0.378724 2.140708 0.038691
v 0.391324 2.140708 0.045965
v 0.325339 2.081600 0.027344
v 0.310870 2.081600 0.028864
v 0.310870 2.140708 0.028864
v 0.325339 2.140708 0.027344
v 0.288550 2.081600 0.241224
v 0.302387 2.081600 0.245720
v 0.302387 2.140708 0.245720
v 0.288550 2.140708 0.241224
v 0.409152 2.081600 0.060798
v 0.398340 2.081600 0.051063
v 0.398340 2.140708 0.051063
v 0.409152 2.140708 0.060798
v 0.268028 2.081600 0.230422
v 0.280627 2.081600 0.237697
v 0.280627 2.140708 0.237697
v 0.268028 2.140708 0.230422
v 0.423506 2.081600 0.079013
v 0.414955 2.081600 0.067243
v 0.414955 2.140708 0.067243
v 0.423506 2.140708 0.079013
v 0.250199 2.081600 0.215589
v 0.261011 2.081600 0.225324
v 0.261011 2.140708 0.225324
v 0.250199 2.140708 0.215589
v 0.433760 2.081600 0.099815
v 0.427843 2.081600 0.086524
v 0.427843 2.140708 0.086524
v 0.433760 2.140708 0.099815
v 0.235845 2.081600 0.197374
v 0.244396 2.081600 0.209144
v 0.244396 2.140708 0.209144
v 0.235845 2.140708 0.197374
v 0.439465 2.081600 0.122294
v 0.436440 2.081600 0.108063
v 0.436440 2.140708 0.108063
v 0.439465 2.140708 0.122294
v 0.225591 2.081600 0.176572
v 0.231508 2.081600 0.189863
v 0.231508 2.140708 0.189863
v 0.225591 2.140708 0.176572
v 0.440372 2.081600 0.145468
v 0.440372 2.081600 0.130919
v 0.440372 2.140708 0.130919
v 0.440372 2.140708 0.145468
v 0.219886 2.081600 0.154093
v 0.222911 2.081600 0.168324
v 0.222911 2.140708 0.168324
v 0.219886 2.140708 0.154093
v 0.436440 2.081600 0.168324
v 0.439465 2.081600 0.154093
v 0.439465 2.140708 0.154093
v 0.436440 2.140708 0.168324
v 0.218980 2.081600 0.130919
v 0.218980 2.081600 0.145468
v 0.218980 2.140708 0.145468
v 0.218980 2.140708 0.130919
v 0.427843 2.081600 0.189863
v 0.433760 2.081600 0.176572
v 0.433760 2.140708 0.176572
v 0.427843 2.140708 0.189863
v 0.251851 2.145361 0.208232
v 0.275822 2.145361 0.218117
v 0.302147 2.145361 0.224227
v 0.329676 2.145361 0.226294
v 0.357204 2.145361 0.224227
v 0.383529 2.145362 0.218117
v 0.407501 2.145361 0.208232
v 0.244209 2.145361 0.182020
v 0.270535 2.145361 0.188534
v 0.299444 2.145361 0.192560
v 0.329676 2.145361 0.193922
v 0.359907 2.145361 0.192560
v 0.388817 2.145362 0.188534
v 0.415142 2.145362 0.182020
v 0.240303 2.145361 0.153108
v 0.267832 2.145361 0.155379
v 0.298063 2.145361 0.156782
v 0.329676 2.145361 0.157257
v 0.361288 2.145361 0.156782
v 0.391520 2.145361 0.155379
v 0.419048 2.145361 0.153108
v 0.240303 2.145361 0.123279
v 0.267832 2.145361 0.121008
v 0.298063 2.145361 0.119605
v 0.329676 2.145361 0.119131
v 0.361288 2.145361 0.119605
v 0.391520 2.145361 0.121008
v 0.419048 2.145362 0.123279
v 0.244209 2.145361 0.094367
v 0.270535 2.145361 0.087853
v 0.299444 2.145361 0.083827
v 0.329676 2.145361 0.082466
v 0.359907 2.145361 0.083827
v 0.388817 2.145361 0.087853
v 0.415142 2.145362 0.094367
v 0.251851 2.145361 0.068156
v 0.275822 2.145361 0.058270
v 0.302147 2.145361 0.052160
v 0.329676 2.145361 0.050094
v 0.357204 2.145361 0.052160
v 0.383529 2.145361 0.058270
v 0.407501 2.145362 0.068156
vn -0.0000 -0.0000 -1.0000
vn -0.0000 0.3852 -0.9228
vn 0.0750 0.4030 -0.9121
vn 0.0211 -0.0170 -0.9996
vn 0.5536 0.0350 0.8320
vn 0.6075 -0.1027 0.7877
vn 0.7512 -0.5039 0.4264
vn 0.4267 -0.7472 0.5096
vn 0.6284 0.0004 -0.7779
vn -0.2708 -0.3535 0.8954
vn -0.4673 0.0805 0.8804
vn -0.8965 -0.0000 0.4430
vn -0.8266 -0.3895 0.4061
vn 0.6479 -0.0000 0.7617
vn 0.7827 -0.0265 0.6218
vn 0.5129 -0.0955 0.8531
vn 0.6261 -0.0000 0.7798
vn -0.0000 0.3933 0.9194
vn -0.0000 -0.0000 1.0000
vn -0.8975 -0.4410 0.0066
vn -0.7850 -0.4445 -0.4314
vn 0.7424 -0.5111 -0.4332
vn 0.7593 -0.6489 -0.0491
vn -0.5258 -0.1743 -0.8326
vn 0.6077 -0.1034 -0.7874
vn -0.9999 -0.0163 0.0046
vn -0.5261 -0.1748 0.8323
vn -0.7716 -0.4626 0.4367
vn -0.7691 -0.6391 -0.0118
vn -0.3201 0.2448 -0.9152
vn -0.2067 -0.1703 -0.9635
vn 0.1380 -0.9904 -0.0000
vn 0.0461 -0.3306 -0.9427
vn -0.6161 -0.7877 -0.0000
vn -0.2432 -0.3110 -0.9188
vn -0.9472 -0.3207 -0.0000
vn -0.4326 -0.1465 -0.8896
vn 0.1734 0.3783 -0.9093
vn 0.2439 0.3661 -0.8980
vn 0.3637 0.3368 -0.8685
vn 0.5776 0.2254 -0.7846
vn 0.1689 0.3687 0.9141
vn 0.0685 0.3686 0.9271
vn 0.0764 0.4112 0.9083
vn 0.1767 0.3858 0.9055
vn 0.2330 0.3501 0.9073
vn 0.2483 0.3730 0.8940
vn 0.3268 0.3033 0.8951
vn 0.3689 0.3424 0.8641
vn 0.4479 0.1761 0.8765
vn 0.5814 0.2286 0.7808
vn 0.3424 -0.2452 0.9070
vn 0.0460 -0.3306 0.9427
vn -0.2432 -0.3110 0.9188
vn -0.4325 -0.1465 0.8897
vn 0.0026 0.0091 1.0000
vn 0.0062 0.0124 0.9999
vn 0.4422 0.6566 0.6110
vn 0.3216 0.7049 0.6322
vn 0.9304 0.3635 -0.0466
vn 0.7397 0.6714 -0.0453
vn 0.7433 0.6685 -0.0235
vn 0.9319 0.3620 -0.0241
vn 0.0207 0.0237 0.9995
vn 0.6162 0.5506 0.5631
vn 0.5557 0.8300 -0.0477
vn 0.5572 0.8300 -0.0248
vn 0.4144 0.9088 -0.0489
vn 0.4143 0.9098 -0.0254
vn -0.9998 -0.0194 0.0094
vn 0.1379 -0.9904 -0.0000
vn 0.3419 -0.9397 -0.0102
vn -0.8954 -0.4449 0.0190
vn 0.0684 0.0410 0.9968
vn 0.8125 0.3108 0.4932
vn 0.4779 -0.1018 0.8725
vn 0.3707 -0.2671 0.8895
vn 0.4508 -0.3135 0.8358
vn 0.6563 -0.1340 0.7425
vn 0.0542 0.9985 -0.0110
vn -1.0000 -0.0000 -0.0000
vn 0.9982 0.0559 -0.0207
vn -0.2707 -0.3505 -0.8966
vn 0.0712 -0.9378 -0.3398
vn -0.9360 -0.3050 -0.1755
vn -0.8251 -0.3858 -0.4128
vn 0.9802 -0.0115 -0.1975
vn -0.0000 0.9974 -0.0718
vn 0.1820 0.9807 -0.0710
vn 0.4152 0.9073 -0.0666
vn 0.5530 0.8308 -0.0622
vn 0.7325 0.6787 -0.0535
vn 0.9296 0.3666 -0.0382
vn 0.9970 0.0575 -0.0521
vn 0.8683 0.0525 0.4933
vn 0.1798 0.9834 -0.0262
vn 0.1379 0.7508 0.6459
vn 0.0002 0.9997 -0.0262
vn 0.0002 0.9997 -0.0263
vn 0.0001 0.7533 0.6577
vn 0.0001 0.7537 0.6573
vn 0.7760 -0.3926 0.4937
vn 0.9237 -0.3745 -0.0810
vn 0.8267 -0.5543 -0.0968
vn 0.9954 0.0507 -0.0819
vn 0.0022 0.0206 0.9998
vn 0.0001 0.7543 0.6565
vn -0.0620 -0.2978 0.9526
vn 0.0001 0.9987 -0.0504
vn 0.0001 0.9987 -0.0506
vn 0.0470 0.0156 0.9988
vn 0.1804 0.9823 -0.0505
vn -0.2079 -0.5008 0.8402
vn -0.3345 -0.0233 0.9421
vn 0.1812 0.9811 -0.0671
vn 0.4147 0.9077 -0.0641
vn -0.2890 -0.1211 0.9496
vn 0.0001 0.9977 -0.0676
vn 0.0001 0.9977 -0.0675
vn 0.8230 -0.5633 -0.0741
vn -0.0366 -0.2016 0.9788
vn -0.0000 -0.1920 0.9814
vn -0.0858 -0.1892 0.9782
vn 0.9295 0.3655 -0.0500
vn 0.9964 0.0445 -0.0714
vn -0.1844 -0.1713 0.9678
vn 0.5539 0.8303 -0.0612
vn 0.7353 0.6755 -0.0557
vn -0.1217 -0.1836 0.9754
vn -0.0000 -0.1917 0.9815
vn 0.0001 0.9977 -0.0673
vn 0.0001 0.9987 -0.0502
vn -0.0000 0.9974 -0.0717
vn 0.0002 0.9997 -0.0261
vn 0.0009 -0.3976 -0.9176
vn -0.2447 -0.2075 -0.9471
vn -0.7453 -0.6667 0.0092
vn 0.0032 -0.9998 0.0206
vn -0.7454 -0.6666 -0.0037
vn 0.0032 -1.0000 -0.0085
vn -0.2448 -0.2074 0.9471
vn 0.0009 -0.3972 0.9177
vn -0.4673 0.0805 -0.8804
vn -0.8971 -0.0000 -0.4419
vn 0.0332 -0.3761 0.9260
vn -0.9114 -0.1649 0.3772
vn 0.0503 0.9987 -0.0028
vn 0.0510 0.9987 0.0045
vn -0.6640 -0.6518 -0.3664
vn -0.5877 -0.3116 0.7467
vn -0.9836 -0.1804 0.0001
vn -0.9836 -0.1804 -0.0001
vn -1.0000 -0.0037 0.0001
vn -1.0000 -0.0038 -0.0001
vn -0.9818 0.1901 -0.0000
vn -0.9504 0.3110 -0.0000
vn -0.5691 -0.0946 -0.8168
vn -0.5822 -0.0043 -0.8130
vn -0.5349 0.0996 -0.8390
vn 0.6550 -0.1386 -0.7428
vn 0.4380 -0.3151 -0.8419
vn 0.2591 -0.3765 -0.8895
vn 0.1362 -0.3929 -0.9094
vn 0.9566 -0.2183 -0.1929
vn 0.7988 -0.5807 -0.1573
vn 0.5570 -0.8156 -0.1568
vn 0.3218 -0.9337 -0.1571
vn 0.3273 -0.9338 -0.1445
vn 0.0803 -0.9433 -0.3221
vn 0.1285 -0.3709 0.9197
vn 0.0354 -0.4079 0.9123
vn 0.1383 -0.3966 0.9075
vn 0.5680 -0.8101 -0.1452
vn 0.2330 -0.3387 0.9116
vn 0.2641 -0.3791 0.8869
vn 0.6562 -0.1398 0.7415
vn 0.4404 -0.3174 0.8398
vn 0.2611 -0.3796 0.8875
vn 0.1374 -0.3965 0.9077
vn -0.5691 -0.0946 0.8168
vn -0.5822 -0.0044 0.8130
vn -0.5348 0.0997 0.8391
vn 0.9827 0.0120 -0.1850
vn 0.9823 0.0839 -0.1673
vn 0.8062 0.1124 0.5808
vn 0.5968 -0.0001 0.8024
vn 0.9643 -0.1861 -0.1881
vn 0.8144 -0.5611 -0.1480
vn 0.6142 -0.0000 0.7892
vn 0.6142 -0.0001 0.7892
vn -0.0214 -0.0137 -0.9997
vn -0.0750 0.4030 -0.9121
vn -0.5567 0.0393 0.8298
vn -0.4292 -0.7355 0.5243
vn -0.7543 -0.4977 0.4281
vn -0.6051 -0.1012 0.7897
vn -0.6231 0.0002 -0.7821
vn 0.2711 -0.3537 0.8952
vn 0.8258 -0.3917 0.4057
vn 0.8978 -0.0000 0.4405
vn 0.4673 0.0805 0.8804
vn -0.6357 -0.0000 0.7719
vn -0.6218 -0.0000 0.7832
vn -0.5114 -0.0926 0.8543
vn -0.7855 -0.0226 0.6184
vn 0.8904 -0.4551 0.0029
vn -0.7708 -0.6350 -0.0506
vn -0.7512 -0.4991 -0.4320
vn 0.7776 -0.4564 -0.4324
vn 0.5278 -0.1760 -0.8309
vn -0.6049 -0.1016 -0.7898
vn 0.9997 -0.0257 0.0025
vn 0.7697 -0.4680 0.4342
vn 0.5280 -0.1763 0.8308
vn 0.7691 -0.6391 -0.0118
vn 0.2067 -0.1703 -0.9635
vn 0.3191 0.3381 -0.8854
vn -0.1380 -0.9904 -0.0000
vn -0.0461 -0.3306 -0.9427
vn 0.6161 -0.7877 -0.0000
vn 0.2432 -0.3110 -0.9188
vn 0.9472 -0.3207 -0.0000
vn 0.4326 -0.1465 -0.8896
vn -0.1734 0.3783 -0.9093
vn -0.2439 0.3661 -0.8980
vn -0.3637 0.3368 -0.8685
vn -0.5776 0.2254 -0.7846
vn -0.1689 0.3687 0.9141
vn -0.1767 0.3858 0.9055
vn -0.0764 0.4112 0.9083
vn -0.0685 0.3686 0.9271
vn -0.2330 0.3501 0.9073
vn -0.2483 0.3730 0.8940
vn -0.3268 0.3033 0.8951
vn -0.3689 0.3424 0.8641
vn -0.4479 0.1761 0.8765
vn -0.5814 0.2286 0.7808
vn -0.3424 -0.2452 0.9070
vn -0.0460 -0.3306 0.9427
vn 0.2432 -0.3110 0.9188
vn 0.4325 -0.1465 0.8897
vn -0.0026 0.0091 1.0000
vn -0.3216 0.7049 0.6322
vn -0.4422 0.6566 0.6110
vn -0.0062 0.0124 0.9999
vn -0.9304 0.3635 -0.0466
vn -0.9319 0.3620 -0.0241
vn -0.7433 0.6685 -0.0235
vn -0.7397 0.6714 -0.0453
vn -0.6162 0.5506 0.5631
vn -0.0207 0.0237 0.9995
vn -0.5572 0.8300 -0.0248
vn -0.5557 0.8300 -0.0477
vn -0.4143 0.9098 -0.0254
vn -0.4144 0.9088 -0.0489
vn 0.9996 -0.0275 0.0055
vn -0.1379 -0.9904 -0.0000
vn -0.3419 -0.9397 -0.0102
vn 0.8890 -0.4578 0.0120
vn -0.8125 0.3108 0.4932
vn -0.0684 0.0410 0.9968
vn -0.4779 -0.1018 0.8725
vn -0.6563 -0.1340 0.7425
vn -0.4508 -0.3135 0.8358
vn -0.3707 -0.2671 0.8895
vn -0.0647 0.9978 0.0130
vn -0.9976 0.0655 -0.0215
vn 0.2716 -0.3508 -0.8962
vn 0.8283 -0.3813 -0.4106
vn 0.9367 -0.3042 -0.1732
vn -0.0638 -0.9389 -0.3383
vn -0.9783 -0.0073 -0.2069
vn -0.4152 0.9073 -0.0666
vn -0.1820 0.9807 -0.0710
vn -0.5530 0.8308 -0.0622
vn -0.7325 0.6787 -0.0535
vn -0.9296 0.3666 -0.0382
vn -0.9965 0.0674 -0.0493
vn -0.8653 0.0605 0.4975
vn -0.1379 0.7508 0.6459
vn -0.1798 0.9834 -0.0262
vn -0.0002 0.9997 -0.0262
vn -0.0001 0.7537 0.6573
vn -0.0001 0.7533 0.6577
vn -0.0002 0.9997 -0.0263
vn -0.9302 -0.3590 -0.0759
vn -0.7795 -0.3834 0.4954
vn -0.8356 -0.5409 -0.0963
vn -0.9948 0.0607 -0.0814
vn -0.0022 0.0206 0.9998
vn -0.0001 0.7543 0.6565
vn 0.0551 -0.2973 0.9532
vn -0.0001 0.9987 -0.0504
vn -0.0001 0.9987 -0.0506
vn -0.0398 0.0156 0.9991
vn -0.1804 0.9823 -0.0505
vn 0.3331 -0.0263 0.9425
vn 0.2143 -0.5077 0.8345
vn -0.4147 0.9077 -0.0641
vn -0.1812 0.9811 -0.0671
vn 0.2890 -0.1211 0.9496
vn -0.0001 0.9977 -0.0675
vn -0.0001 0.9977 -0.0676
vn -0.8322 -0.5495 -0.0743
vn 0.0366 -0.2016 0.9788
vn 0.0858 -0.1892 0.9782
vn -0.9960 0.0543 -0.0714
vn -0.9295 0.3655 -0.0500
vn 0.1844 -0.1713 0.9678
vn -0.5539 0.8303 -0.0612
vn -0.7353 0.6755 -0.0557
vn 0.1217 -0.1836 0.9754
vn -0.0001 0.9987 -0.0502
vn -0.0001 0.9977 -0.0673
vn -0.0002 0.9997 -0.0261
vn -0.0007 -0.3986 -0.9171
vn -0.0026 -0.9999 0.0123
vn 0.7473 -0.6645 0.0055
vn 0.2460 -0.2076 -0.9468
vn -0.0026 -0.9997 -0.0223
vn 0.7471 -0.6647 -0.0099
vn -0.0007 -0.3977 0.9175
vn 0.2456 -0.2075 0.9469
vn 0.4676 0.0804 -0.8803
vn 0.8964 -0.0000 -0.4433
vn -0.0329 -0.3761 0.9260
vn 0.9128 -0.1643 0.3738
vn -0.0657 0.9978 -0.0006
vn 1.0000 -0.0000 -0.0000
vn -0.0516 0.9986 0.0112
vn 0.5875 -0.3137 0.7459
vn 0.6710 -0.6438 -0.3678
vn 0.9836 -0.1804 -0.0001
vn 0.9836 -0.1804 0.0001
vn 1.0000 -0.0038 -0.0001
vn 1.0000 -0.0037 0.0001
vn 0.9818 0.1901 -0.0000
vn 0.9504 0.3110 -0.0000
vn 0.5691 -0.0946 -0.8168
vn 0.5822 -0.0043 -0.8130
vn 0.5349 0.0996 -0.8390
vn -0.4380 -0.3151 -0.8419
vn -0.6550 -0.1386 -0.7428
vn -0.2591 -0.3765 -0.8895
vn -0.1362 -0.3929 -0.9094
vn -0.7988 -0.5807 -0.1573
vn -0.9566 -0.2183 -0.1929
vn -0.5570 -0.8156 -0.1568
vn -0.3218 -0.9337 -0.1571
vn -0.0741 -0.9426 -0.3255
vn -0.3273 -0.9338 -0.1445
vn -0.1285 -0.3709 0.9197
vn -0.1383 -0.3966 0.9075
vn -0.0331 -0.4104 0.9113
vn -0.5680 -0.8101 -0.1452
vn -0.2330 -0.3387 0.9116
vn -0.2641 -0.3791 0.8869
vn -0.4404 -0.3174 0.8398
vn -0.6562 -0.1398 0.7415
vn -0.2611 -0.3796 0.8875
vn -0.1374 -0.3965 0.9077
vn 0.5691 -0.0946 0.8168
vn 0.5822 -0.0044 0.8130
vn 0.5348 0.0997 0.8391
vn -0.9801 0.0073 -0.1984
vn -0.6029 -0.0001 0.7978
vn -0.7985 0.1195 0.5901
vn -0.9828 0.0958 -0.1578
vn -0.9643 -0.1861 -0.1881
vn -0.8144 -0.5611 -0.1480
vn -0.6142 -0.0000 0.7892
vn -0.6142 -0.0001 0.7892
vn -0.6227 0.0101 0.7824
vn -0.6110 0.0048 0.7916
vn -0.9765 -0.0001 -0.2157
vn -0.9763 -0.0000 -0.2166
vn -0.9786 0.0134 -0.2054
vn -0.9831 0.0144 -0.1824
vn -0.6180 0.0049 0.7862
vn -0.6139 -0.0000 -0.7893
vn -0.6182 0.0048 -0.7860
vn -0.0007 -0.3976 0.9176
vn 0.6090 0.0076 0.7931
vn 0.6276 0.0162 0.7784
vn 0.9763 -0.0000 -0.2166
vn 0.9765 -0.0001 -0.2157
vn 0.9869 0.0231 -0.1595
vn 0.9799 0.0213 -0.1981
vn 0.6201 0.0077 0.7845
vn 0.6139 -0.0000 -0.7893
vn 0.6207 0.0076 -0.7840
vn -0.0014 -0.3982 -0.9173
vn -0.0034 -0.9999 -0.0158
vn -0.0043 -0.9998 0.0168
vn -0.0000 -0.1915 0.9815
vn -0.0000 -1.0000 -0.0000
vn -0.8818 -0.4624 0.0931
vn -0.8818 -0.4624 -0.0931
vn 0.8463 -0.4556 0.2762
vn 0.7757 -0.4426 0.4500
vn -0.8463 -0.4556 -0.2762
vn 0.6712 -0.4248 0.6075
vn -0.7757 -0.4426 -0.4500
vn 0.5354 -0.4048 0.7413
vn -0.6712 -0.4248 -0.6075
vn 0.3732 -0.3859 0.8437
vn -0.5354 -0.4048 -0.7413
vn 0.1917 -0.3722 0.9081
vn -0.0000 -0.3672 -0.9302
vn 0.1917 -0.3722 -0.9081
vn -0.3732 -0.3859 -0.8437
vn -0.0000 -0.3672 0.9301
vn 0.3732 -0.3859 -0.8437
vn -0.1917 -0.3722 -0.9081
vn -0.1917 -0.3722 0.9081
vn 0.5354 -0.4048 -0.7413
vn -0.3732 -0.3859 0.8437
vn 0.6712 -0.4248 -0.6075
vn -0.5354 -0.4048 0.7413
vn 0.7757 -0.4426 -0.4500
vn -0.6712 -0.4248 0.6075
vn 0.8463 -0.4556 -0.2762
vn -0.7757 -0.4426 0.4500
vn 0.8818 -0.4624 -0.0931
vn -0.8463 -0.4556 0.2762
vn 0.8818 -0.4624 0.0931
vn 0.3732 0.3859 -0.8437
vn 0.5354 0.4048 -0.7413
vn -0.1917 0.3722 -0.9081
vn -0.0000 0.3672 -0.9302
vn -0.1917 0.3722 0.9081
vn -0.3732 0.3859 0.8437
vn 0.6712 0.4248 -0.6075
vn -0.5354 0.4048 0.7413
vn 0.7757 0.4426 -0.4500
vn -0.6712 0.4248 0.6075
vn 0.8463 0.4556 -0.2762
vn -0.7757 0.4426 0.4500
vn 0.8818 0.4624 -0.0931
vn -0.8463 0.4556 0.2762
vn 0.8818 0.4624 0.0931
vn -0.8818 0.4624 0.0931
vn 0.8463 0.4556 0.2762
vn -0.8818 0.4624 -0.0931
vn 0.7757 0.4426 0.4500
vn -0.8463 0.4556 -0.2762
vn 0.6712 0.4248 0.6075
vn -0.7757 0.4426 -0.4500
vn 0.5354 0.4048 0.7413
vn -0.6712 0.4248 -0.6075
vn 0.3732 0.3859 0.8437
vn -0.5354 0.4048 -0.7413
vn 0.1917 0.3722 0.9081
vn 0.1917 0.3722 -0.9081
vn -0.3732 0.3859 -0.8437
vn -0.0000 0.3672 0.9302
vn 0.8258 0.4954 0.2695
vn 0.7566 0.4846 0.4389
vn -0.8606 0.5010 -0.0909
vn -0.8258 0.4954 -0.2695
vn 0.6544 0.4700 0.5923
vn -0.7567 0.4846 -0.4389
vn 0.5218 0.4538 0.7224
vn -0.6544 0.4700 -0.5923
vn 0.3635 0.4388 0.8218
vn -0.5218 0.4538 -0.7224
vn 0.1867 0.4281 0.8842
vn -0.0000 0.4243 -0.9055
vn 0.1867 0.4281 -0.8842
vn -0.3635 0.4388 -0.8218
vn -0.0000 0.4243 0.9055
vn 0.3635 0.4388 -0.8218
vn -0.1867 0.4281 -0.8842
vn -0.1867 0.4281 0.8842
vn 0.5218 0.4538 -0.7224
vn -0.3635 0.4388 0.8218
vn 0.6544 0.4700 -0.5923
vn -0.5218 0.4538 0.7224
vn 0.7567 0.4846 -0.4389
vn -0.6544 0.4700 0.5923
vn 0.8258 0.4954 -0.2695
vn -0.7566 0.4846 0.4389
vn 0.8606 0.5010 -0.0909
vn -0.8258 0.4954 0.2695
vn 0.8606 0.5010 0.0909
vn -0.8606 0.5010 0.0909
vn -0.1991 0.0760 0.9770
vn -0.3917 0.0748 0.9170
vn 0.5707 0.0729 -0.8179
vn 0.7281 0.0705 -0.6818
vn -0.5707 0.0729 0.8179
vn 0.8556 0.0682 -0.5131
vn -0.7281 0.0705 0.6818
vn 0.9455 0.0664 -0.3188
vn -0.8556 0.0682 0.5131
vn 0.9920 0.0654 -0.1081
vn -0.9455 0.0664 0.3188
vn 0.9920 0.0654 0.1081
vn -0.9920 0.0654 0.1081
vn 0.9455 0.0664 0.3188
vn -0.9920 0.0654 -0.1081
vn 0.8556 0.0682 0.5131
vn -0.9455 0.0664 -0.3188
vn 0.7281 0.0705 0.6818
vn -0.8556 0.0682 -0.5131
vn 0.5707 0.0729 0.8179
vn -0.7281 0.0705 -0.6818
vn 0.3917 0.0748 0.9170
vn -0.5707 0.0729 -0.8179
vn 0.1991 0.0760 0.9770
vn -0.0000 0.0764 -0.9971
vn 0.1991 0.0760 -0.9770
vn -0.3917 0.0748 -0.9170
vn -0.0000 0.0764 0.9971
vn 0.3917 0.0748 -0.9170
vn -0.1991 0.0760 -0.9770
vn -0.9832 0.1773 -0.0445
vn -0.9137 0.1708 -0.3687
vn -0.9137 -0.1708 -0.3687
vn -0.9831 -0.1773 -0.0445
vn 0.8775 0.1777 0.4455
vn 0.6787 0.1607 0.7166
vn 0.6787 -0.1607 0.7166
vn 0.8775 -0.1777 0.4455
vn -0.9514 0.1784 -0.2512
vn -0.8148 0.1659 -0.5555
vn -0.8148 -0.1659 -0.5555
vn -0.9514 -0.1784 -0.2512
vn 0.7656 0.1753 0.6189
vn 0.5131 0.1562 0.8440
vn 0.5131 -0.1562 0.8440
vn 0.7656 -0.1753 0.6189
vn -0.8775 0.1777 -0.4455
vn -0.6787 0.1607 -0.7166
vn -0.6787 -0.1607 -0.7166
vn -0.8775 -0.1777 -0.4455
vn 0.6217 0.1712 0.7643
vn 0.3270 0.1534 0.9325
vn 0.3270 -0.1534 0.9325
vn 0.6217 -0.1712 0.7643
vn -0.7656 0.1753 -0.6189
vn -0.5131 0.1562 -0.8440
vn -0.5131 -0.1562 -0.8440
vn -0.7656 -0.1753 -0.6189
vn 0.4528 0.1660 0.8760
vn 0.1300 0.1532 0.9796
vn 0.1300 -0.1532 0.9796
vn 0.4528 -0.1660 0.8760
vn -0.0700 0.1557 -0.9853
vn 0.2665 0.1604 -0.9504
vn 0.2665 -0.1604 -0.9504
vn -0.0700 -0.1558 -0.9853
vn -0.6217 0.1712 -0.7643
vn -0.3270 0.1534 -0.9325
vn -0.3270 -0.1534 -0.9325
vn -0.6217 -0.1712 -0.7643
vn 0.2665 0.1604 0.9504
vn -0.0700 0.1557 0.9853
vn -0.0700 -0.1558 0.9853
vn 0.2665 -0.1604 0.9504
vn 0.1300 0.1532 -0.9796
vn 0.4528 0.1660 -0.8760
vn 0.4528 -0.1660 -0.8760
vn 0.1300 -0.1532 -0.9796
vn -0.4528 0.1660 -0.8760
vn -0.1300 0.1532 -0.9796
vn -0.1300 -0.1532 -0.9796
vn -0.4528 -0.1660 -0.8760
vn 0.0700 0.1557 0.9853
vn -0.2665 0.1604 0.9504
vn -0.2665 -0.1604 0.9504
vn 0.0700 -0.1558 0.9853
vn 0.3270 0.1534 -0.9325
vn 0.6217 0.1712 -0.7643
vn 0.6217 -0.1712 -0.7643
vn 0.3270 -0.1534 -0.9325
vn -0.2665 0.1604 -0.9504
vn 0.0700 0.1557 -0.9853
vn 0.0700 -0.1558 -0.9853
vn -0.2665 -0.1604 -0.9504
vn -0.1300 0.1532 0.9796
vn -0.4528 0.1660 0.8760
vn -0.4528 -0.1660 0.8760
vn -0.1300 -0.1532 0.9796
vn 0.5131 0.1562 -0.8440
vn 0.7656 0.1753 -0.6189
vn 0.7656 -0.1753 -0.6189
vn 0.5131 -0.1562 -0.8440
vn -0.3270 0.1534 0.9325
vn -0.6217 0.1712 0.7643
vn -0.6217 -0.1712 0.7643
vn -0.3270 -0.1534 0.9325
vn 0.6787 0.1607 -0.7166
vn 0.8775 0.1777 -0.4455
vn 0.8775 -0.1777 -0.4455
vn 0.6787 -0.1607 -0.7166
vn -0.5131 0.1562 0.8440
vn -0.7656 0.1753 0.6189
vn -0.7656 -0.1753 0.6189
vn -0.5131 -0.1562 0.8440
vn 0.8148 0.1659 -0.5555
vn 0.9513 0.1784 -0.2512
vn 0.9514 -0.1784 -0.2512
vn 0.8148 -0.1659 -0.5555
vn -0.6787 0.1607 0.7166
vn -0.8775 0.1777 0.4455
vn -0.8775 -0.1777 0.4455
vn -0.6787 -0.1607 0.7166
vn 0.9137 0.1708 -0.3687
vn 0.9832 0.1773 -0.0445
vn 0.9831 -0.1773 -0.0445
vn 0.9137 -0.1708 -0.3687
vn -0.8148 0.1659 0.5555
vn -0.9514 0.1784 0.2512
vn -0.9514 -0.1784 0.2512
vn -0.8148 -0.1659 0.5555
vn 0.9706 0.1747 -0.1654
vn 0.9706 0.1747 0.1654
vn 0.9706 -0.1747 0.1654
vn 0.9706 -0.1747 -0.1654
vn -0.9137 0.1708 0.3687
vn -0.9832 0.1773 0.0445
vn -0.9832 -0.1773 0.0445
vn -0.9137 -0.1708 0.3687
vn 0.9832 0.1773 0.0445
vn 0.9137 0.1708 0.3687
vn 0.9137 -0.1708 0.3687
vn 0.9832 -0.1773 0.0445
vn -0.9706 0.1747 0.1654
vn -0.9706 0.1747 -0.1654
vn -0.9706 -0.1747 -0.1654
vn -0.9706 -0.1747 0.1654
vn 0.9514 0.1784 0.2512
vn 0.8148 0.1659 0.5555
vn 0.8148 -0.1659 0.5555
vn 0.9514 -0.1784 0.2512
vn -0.9145 0.3912 -0.1031
vn -0.8724 0.3824 -0.3044
vn 0.7905 0.3658 0.4912
vn 0.6732 0.3444 0.6544
vn -0.7905 0.3658 -0.4912
vn 0.5275 0.3217 0.7863
vn -0.6732 0.3444 -0.6544
vn 0.3616 0.3019 0.8821
vn -0.5275 0.3217 -0.7863
vn 0.1835 0.2885 0.9397
vn -0.0000 0.2838 -0.9589
vn 0.1835 0.2885 -0.9397
vn -0.3616 0.3019 -0.8821
vn -0.0000 0.2838 0.9589
vn 0.3616 0.3019 -0.8821
vn -0.1835 0.2885 -0.9397
vn -0.1835 0.2885 0.9397
vn 0.5275 0.3217 -0.7863
vn -0.3616 0.3019 0.8821
vn 0.6732 0.3444 -0.6544
vn -0.5275 0.3217 0.7863
vn 0.7905 0.3658 -0.4912
vn -0.6732 0.3444 0.6544
vn 0.8724 0.3824 -0.3044
vn -0.7905 0.3658 0.4912
vn 0.9145 0.3912 -0.1031
vn -0.8724 0.3824 0.3044
vn 0.9145 0.3912 0.1031
vn -0.9145 0.3912 0.1031
vn 0.8724 0.3824 0.3044
vn -0.0000 1.0000 -0.0000
vt 0.325539 0.544885
vt 0.325521 0.560644
vt 0.317959 0.560606
vt 0.317982 0.544858
vt 0.448967 0.866104
vt 0.448967 0.946690
vt 0.318324 0.881701
vt 0.317959 0.866029
vt 0.325612 0.409661
vt 0.318061 0.409647
vt 0.088098 0.568701
vt 0.090266 0.570344
vt 0.008970 0.641244
vt 0.006575 0.639819
vt 0.883393 0.418252
vt 0.883081 0.552334
vt 0.802653 0.551630
vt 0.802777 0.418720
vt 0.574274 0.655805
vt 0.574404 0.721927
vt 0.492819 0.721917
vt 0.492763 0.656093
vt 0.223045 0.545055
vt 0.223058 0.560815
vt 0.157027 0.560888
vt 0.157026 0.545129
vt 0.222992 0.409779
vt 0.157018 0.409817
vt 0.973175 0.573950
vt 0.973175 0.566272
vt 0.983293 0.566272
vt 0.983293 0.573950
vt 0.973175 0.422812
vt 0.983293 0.422812
vt 0.893704 0.575907
vt 0.965015 0.570181
vt 0.899966 0.711574
vt 0.894089 0.711535
vt 0.983293 0.760595
vt 0.973175 0.760595
vt 0.973175 0.617303
vt 0.983293 0.617303
vt 0.894196 0.563475
vt 0.897477 0.555347
vt 0.964984 0.552544
vt 0.964991 0.555622
vt 0.894051 0.566795
vt 0.964981 0.561003
vt 0.893895 0.570087
vt 0.964981 0.564156
vt 0.893776 0.573124
vt 0.965005 0.567195
vt 0.973175 0.413806
vt 0.973175 0.411817
vt 0.983293 0.411817
vt 0.983293 0.413806
vt 0.973175 0.416037
vt 0.983293 0.416037
vt 0.973175 0.417981
vt 0.983293 0.417981
vt 0.973175 0.420082
vt 0.983293 0.420082
vt 0.472333 0.866104
vt 0.477313 0.866104
vt 0.477313 0.946690
vt 0.472333 0.946690
vt 0.466601 0.866104
vt 0.466601 0.946690
vt 0.461582 0.866104
vt 0.461582 0.946690
vt 0.456053 0.866104
vt 0.456053 0.946690
vt 0.983293 0.769600
vt 0.983293 0.771590
vt 0.973175 0.771590
vt 0.973175 0.769600
vt 0.983293 0.767370
vt 0.973175 0.767370
vt 0.983293 0.765426
vt 0.973175 0.765426
vt 0.983293 0.763324
vt 0.973175 0.763324
vt 0.104452 0.848123
vt 0.110455 0.848173
vt 0.110442 0.849253
vt 0.104407 0.849194
vt 0.122307 0.879541
vt 0.115631 0.879541
vt 0.115452 0.859459
vt 0.122818 0.859487
vt 0.116138 0.848196
vt 0.116150 0.849292
vt 0.110179 0.879563
vt 0.109698 0.859445
vt 0.104296 0.879603
vt 0.103638 0.859436
vt 0.802687 0.574266
vt 0.802678 0.570880
vt 0.883319 0.567624
vt 0.883442 0.573799
vt 0.802658 0.567093
vt 0.883248 0.564094
vt 0.802653 0.561274
vt 0.883187 0.560250
vt 0.802627 0.554996
vt 0.883117 0.556071
vt 0.884125 0.711257
vt 0.868391 0.710883
vt 0.973175 0.591740
vt 0.983293 0.591740
vt 0.123232 0.848225
vt 0.123383 0.849353
vt 0.883291 0.021669
vt 0.883262 0.018225
vt 0.884400 0.017101
vt 0.884362 0.021024
vt 0.090266 0.656228
vt 0.090200 0.666671
vt 0.008512 0.666491
vt 0.008494 0.656062
vt 0.740488 0.755929
vt 0.740560 0.785457
vt 0.739538 0.784680
vt 0.739635 0.775039
vt 0.126536 0.932061
vt 0.127544 0.917683
vt 0.260635 0.865728
vt 0.262111 0.869357
vt 0.711370 0.719372
vt 0.710389 0.790729
vt 0.632014 0.793084
vt 0.632075 0.788719
vt 0.965362 0.418849
vt 0.897343 0.423646
vt 0.089959 0.836564
vt 0.089959 0.901069
vt 0.075374 0.901069
vt 0.075374 0.836564
vt 0.104198 0.931763
vt 0.099389 0.931723
vt 0.100029 0.917443
vt 0.104851 0.917458
vt 0.109713 0.931809
vt 0.110410 0.917480
vt 0.114525 0.931856
vt 0.115285 0.917509
vt 0.119802 0.931927
vt 0.120659 0.917561
vt 0.131901 0.859548
vt 0.132199 0.849413
vt 0.098079 0.859436
vt 0.098875 0.849086
vt 0.016695 0.836564
vt 0.016695 0.901069
vt 0.006538 0.901069
vt 0.006538 0.836564
vt 0.256936 0.852158
vt 0.256520 0.861676
vt 0.258197 0.862779
vt 0.130666 0.879614
vt 0.099154 0.847998
vt 0.005458 0.758839
vt 0.005458 0.751450
vt 0.006538 0.751450
vt 0.006538 0.758839
vt 0.258587 0.850795
vt 0.036837 0.836564
vt 0.036837 0.901069
vt 0.132236 0.848182
vt 0.099017 0.879655
vt 0.132354 0.845735
vt 0.262111 0.847957
vt 0.261011 0.849251
vt 0.132302 0.846955
vt 0.099919 0.901095
vt 0.104927 0.901064
vt 0.122662 0.846595
vt 0.123019 0.847100
vt 0.058607 0.901069
vt 0.058607 0.836564
vt 0.259166 0.863889
vt 0.003906 0.758839
vt 0.003906 0.751450
vt 0.004379 0.751450
vt 0.004379 0.758839
vt 0.099560 0.846464
vt 0.104449 0.846584
vt 0.104480 0.847054
vt 0.099429 0.846927
vt 0.121609 0.901051
vt 0.129097 0.901141
vt 0.743724 0.719372
vt 0.743724 0.784690
vt 0.742223 0.784703
vt 0.742043 0.735272
vt 0.115885 0.846628
vt 0.116045 0.847111
vt 0.110612 0.901042
vt 0.115715 0.901035
vt 0.110323 0.846626
vt 0.110416 0.847099
vt 0.004379 0.836564
vt 0.005458 0.836564
vt 0.058607 0.751450
vt 0.058607 0.758839
vt 0.036837 0.758839
vt 0.036837 0.751450
vt 0.003906 0.836564
vt 0.075374 0.751450
vt 0.075374 0.758839
vt 0.016695 0.758839
vt 0.016695 0.751450
vt 0.089959 0.751450
vt 0.089959 0.758839
vt 0.480792 0.778188
vt 0.480792 0.856182
vt 0.410970 0.856182
vt 0.410970 0.778188
vt 0.401287 0.856182
vt 0.401287 0.778188
vt 0.310042 0.409638
vt 0.310125 0.544847
vt 0.302569 0.544876
vt 0.302486 0.409654
vt 0.310147 0.560599
vt 0.302588 0.560635
vt 0.573938 0.568678
vt 0.573972 0.576236
vt 0.492483 0.576679
vt 0.492449 0.569123
vt 0.321784 0.856182
vt 0.321784 0.778188
vt 0.405106 0.409769
vt 0.405062 0.545045
vt 0.405050 0.560805
vt 0.089822 0.741998
vt 0.087649 0.743638
vt 0.006409 0.672436
vt 0.008619 0.670876
vt 0.710582 0.805290
vt 0.711370 0.890005
vt 0.632328 0.820463
vt 0.632184 0.805781
vt 0.005440 0.666672
vt 0.005419 0.656027
vt 0.003927 0.666681
vt 0.003906 0.656046
vt 0.410970 0.856636
vt 0.401287 0.856636
vt 0.410970 0.857125
vt 0.401287 0.857125
vt 0.410970 0.857659
vt 0.401287 0.857659
vt 0.410970 0.858217
vt 0.401287 0.858217
vt 0.480792 0.856636
vt 0.480792 0.857125
vt 0.480792 0.857659
vt 0.480792 0.858217
vt 0.484616 0.856182
vt 0.484616 0.856636
vt 0.484616 0.857125
vt 0.484616 0.857659
vt 0.484616 0.858217
vt 0.965129 0.021772
vt 0.897218 0.020153
vt 0.897224 0.016723
vt 0.965133 0.018450
vt 0.897238 0.013044
vt 0.965143 0.014874
vt 0.897259 0.008991
vt 0.965159 0.010921
vt 0.897287 0.004698
vt 0.965178 0.006719
vt 0.894294 0.008397
vt 0.894299 0.003906
vt 0.883200 0.010539
vt 0.883167 0.006311
vt 0.884219 0.004962
vt 0.884324 0.009330
vt 0.894277 0.012658
vt 0.883232 0.014555
vt 0.884377 0.013346
vt 0.802655 0.022149
vt 0.802650 0.018827
vt 0.802643 0.015252
vt 0.802636 0.011300
vt 0.802627 0.007097
vt 0.317959 0.856182
vt 0.321784 0.856636
vt 0.317959 0.856636
vt 0.321784 0.857125
vt 0.317959 0.857125
vt 0.321784 0.857659
vt 0.317959 0.857659
vt 0.321784 0.858217
vt 0.317959 0.858217
vt 0.894318 0.417510
vt 0.894491 0.548118
vt 0.885404 0.548506
vt 0.884402 0.417934
vt 0.710612 0.793791
vt 0.710706 0.804110
vt 0.632218 0.804589
vt 0.632128 0.794271
vt 0.894160 0.021131
vt 0.894238 0.016752
vt 0.883332 0.153819
vt 0.884402 0.153114
vt 0.616621 0.544884
vt 0.624178 0.544857
vt 0.624201 0.560605
vt 0.616640 0.560643
vt 0.831007 0.877769
vt 0.961706 0.877737
vt 0.961536 0.893360
vt 0.831007 0.958328
vt 0.616548 0.409661
vt 0.624104 0.409647
vt 0.182122 0.743670
vt 0.100685 0.672498
vt 0.103050 0.671085
vt 0.184291 0.742028
vt 0.714046 0.418747
vt 0.794644 0.419607
vt 0.794585 0.552647
vt 0.713929 0.553046
vt 0.574260 0.789975
vt 0.492750 0.789664
vt 0.089081 0.545077
vt 0.089070 0.560838
vt 0.089120 0.409802
vt 0.973175 0.223737
vt 0.984484 0.223737
vt 0.984484 0.232283
vt 0.973175 0.232283
vt 0.973175 0.391763
vt 0.984484 0.391763
vt 0.703727 0.576544
vt 0.703486 0.711372
vt 0.697563 0.711559
vt 0.632605 0.569729
vt 0.984484 0.016147
vt 0.984484 0.175550
vt 0.973175 0.175550
vt 0.973175 0.016147
vt 0.703432 0.563149
vt 0.632717 0.554919
vt 0.632671 0.551419
vt 0.700446 0.555439
vt 0.703508 0.566201
vt 0.632688 0.558148
vt 0.703589 0.568871
vt 0.632647 0.561538
vt 0.703643 0.571634
vt 0.632619 0.566756
vt 0.973175 0.401789
vt 0.984484 0.401789
vt 0.984484 0.404004
vt 0.973175 0.404004
vt 0.973175 0.399306
vt 0.984484 0.399306
vt 0.973175 0.397142
vt 0.984484 0.397142
vt 0.973175 0.394802
vt 0.984484 0.394802
vt 0.807613 0.877769
vt 0.807613 0.958328
vt 0.802627 0.958328
vt 0.802627 0.877769
vt 0.813352 0.877769
vt 0.813352 0.958328
vt 0.818377 0.877769
vt 0.818377 0.958328
vt 0.823913 0.877769
vt 0.823913 0.958328
vt 0.984484 0.006121
vt 0.973175 0.006121
vt 0.973175 0.003906
vt 0.984484 0.003906
vt 0.984484 0.008604
vt 0.973175 0.008604
vt 0.984484 0.010768
vt 0.973175 0.010768
vt 0.984484 0.013108
vt 0.973175 0.013108
vt 0.255982 0.754753
vt 0.255992 0.755816
vt 0.249932 0.755831
vt 0.249956 0.754758
vt 0.237361 0.785836
vt 0.237230 0.765958
vt 0.244626 0.765958
vt 0.244055 0.785877
vt 0.244200 0.755825
vt 0.244242 0.754731
vt 0.250402 0.765971
vt 0.249522 0.785931
vt 0.256483 0.765993
vt 0.255422 0.786006
vt 0.794610 0.572822
vt 0.713730 0.572806
vt 0.713778 0.569249
vt 0.794592 0.569475
vt 0.713802 0.565373
vt 0.794582 0.565673
vt 0.713846 0.561179
vt 0.794573 0.561939
vt 0.713853 0.557420
vt 0.794616 0.556177
vt 0.729200 0.710137
vt 0.713511 0.710842
vt 0.984484 0.203937
vt 0.973175 0.203937
vt 0.236949 0.755838
vt 0.237121 0.754690
vt 0.714030 0.021698
vt 0.712956 0.021052
vt 0.712918 0.017120
vt 0.714058 0.018246
vt 0.184344 0.656133
vt 0.102583 0.656254
vt 0.102605 0.645818
vt 0.184290 0.645693
vt 0.231487 0.837922
vt 0.098079 0.774731
vt 0.099749 0.771088
vt 0.230959 0.823652
vt 0.192157 0.568701
vt 0.271503 0.638044
vt 0.271560 0.642407
vt 0.193111 0.640041
vt 0.632046 0.420053
vt 0.700069 0.424243
vt 0.802627 0.803129
vt 0.817302 0.803129
vt 0.817302 0.869925
vt 0.802627 0.869925
vt 0.253907 0.837796
vt 0.253731 0.823592
vt 0.258569 0.823613
vt 0.258734 0.837794
vt 0.248373 0.837800
vt 0.248153 0.823574
vt 0.243544 0.837810
vt 0.243262 0.823567
vt 0.238247 0.837841
vt 0.237870 0.823580
vt 0.228090 0.766000
vt 0.228126 0.755931
vt 0.261547 0.755747
vt 0.262062 0.766023
vt 0.876343 0.803129
vt 0.886563 0.803129
vt 0.886563 0.869925
vt 0.876343 0.869925
vt 0.103666 0.767006
vt 0.103214 0.757558
vt 0.102172 0.768206
vt 0.228980 0.785855
vt 0.261303 0.754667
vt 0.887649 0.726820
vt 0.886563 0.726820
vt 0.886563 0.719386
vt 0.887649 0.719386
vt 0.101579 0.756182
vt 0.856077 0.803129
vt 0.856077 0.869925
vt 0.228189 0.754710
vt 0.260717 0.786088
vt 0.228253 0.751483
vt 0.227736 0.752682
vt 0.099205 0.754613
vt 0.098079 0.753350
vt 0.254157 0.807316
vt 0.259180 0.807381
vt 0.237716 0.753043
vt 0.237254 0.753530
vt 0.834172 0.803129
vt 0.834172 0.869925
vt 0.101217 0.769304
vt 0.889210 0.726820
vt 0.888735 0.726820
vt 0.888735 0.719386
vt 0.889210 0.719386
vt 0.260950 0.753143
vt 0.261065 0.753603
vt 0.255993 0.753692
vt 0.256040 0.753226
vt 0.229898 0.807229
vt 0.237417 0.807190
vt 0.244566 0.753177
vt 0.244380 0.753654
vt 0.248452 0.807255
vt 0.243332 0.807214
vt 0.250145 0.753223
vt 0.250034 0.753692
vt 0.888735 0.803129
vt 0.887649 0.803129
vt 0.834172 0.719386
vt 0.856077 0.719386
vt 0.856077 0.726820
vt 0.834172 0.726820
vt 0.889210 0.803129
vt 0.817302 0.719386
vt 0.817302 0.726820
vt 0.876343 0.719386
vt 0.876343 0.726820
vt 0.802627 0.719386
vt 0.802627 0.726820
vt 0.480792 0.646825
vt 0.410970 0.646825
vt 0.410970 0.570713
vt 0.480792 0.570713
vt 0.401287 0.646825
vt 0.401287 0.570713
vt 0.003994 0.409695
vt 0.011551 0.409708
vt 0.011483 0.544929
vt 0.003926 0.544903
vt 0.011465 0.560689
vt 0.003906 0.560655
vt 0.573917 0.875175
vt 0.492428 0.874711
vt 0.492463 0.867155
vt 0.573952 0.867617
vt 0.321784 0.646825
vt 0.321784 0.570713
vt 0.538979 0.409768
vt 0.539024 0.545043
vt 0.539036 0.560803
vt 0.183988 0.570352
vt 0.102714 0.641434
vt 0.100557 0.639894
vt 0.181829 0.568701
vt 0.192923 0.654598
vt 0.271377 0.655068
vt 0.271225 0.669754
vt 0.192157 0.739292
vt 0.099569 0.645686
vt 0.099572 0.656334
vt 0.098079 0.656343
vt 0.098079 0.645705
vt 0.401287 0.570258
vt 0.410970 0.570258
vt 0.401287 0.569769
vt 0.410970 0.569769
vt 0.401287 0.569236
vt 0.410970 0.569236
vt 0.401287 0.568679
vt 0.410970 0.568679
vt 0.480792 0.570258
vt 0.480792 0.569769
vt 0.480792 0.569236
vt 0.480792 0.568679
vt 0.484467 0.570258
vt 0.484467 0.570713
vt 0.484467 0.569769
vt 0.484467 0.569236
vt 0.484467 0.568679
vt 0.632065 0.021918
vt 0.632061 0.018588
vt 0.700074 0.016756
vt 0.700080 0.020193
vt 0.632050 0.015004
vt 0.700059 0.013068
vt 0.632034 0.011043
vt 0.700037 0.009006
vt 0.632014 0.006831
vt 0.700008 0.004704
vt 0.703001 0.003906
vt 0.703007 0.008407
vt 0.714120 0.010543
vt 0.712994 0.009332
vt 0.713098 0.004954
vt 0.714152 0.006306
vt 0.703024 0.012678
vt 0.714088 0.014568
vt 0.712941 0.013357
vt 0.794793 0.018810
vt 0.794788 0.022139
vt 0.794799 0.015227
vt 0.794806 0.011265
vt 0.794815 0.007053
vt 0.318108 0.570713
vt 0.318108 0.570258
vt 0.321784 0.570258
vt 0.318108 0.569769
vt 0.321784 0.569769
vt 0.318108 0.569236
vt 0.321784 0.569236
vt 0.318108 0.568679
vt 0.321784 0.568679
vt 0.703105 0.418067
vt 0.713008 0.418450
vt 0.712868 0.551089
vt 0.703478 0.548372
vt 0.192884 0.643103
vt 0.271435 0.643577
vt 0.271336 0.653893
vt 0.192791 0.653418
vt 0.703143 0.021170
vt 0.703064 0.016781
vt 0.714006 0.154133
vt 0.712935 0.153428
vt 0.712928 0.285835
vt 0.714013 0.286379
vt 0.703094 0.153445
vt 0.700016 0.155074
vt 0.703086 0.285820
vt 0.700016 0.289868
vt 0.538950 0.003959
vt 0.616503 0.003915
vt 0.616529 0.139176
vt 0.538968 0.139219
vt 0.616532 0.274432
vt 0.538971 0.274489
vt 0.004012 0.003963
vt 0.011568 0.003968
vt 0.011554 0.139229
vt 0.003998 0.139226
vt 0.011560 0.274481
vt 0.004004 0.274479
vt 0.632047 0.154348
vt 0.632014 0.286981
vt 0.089123 0.003987
vt 0.156995 0.003969
vt 0.157003 0.139246
vt 0.089116 0.139252
vt 0.157011 0.274523
vt 0.089121 0.274522
vt 0.794732 0.154487
vt 0.794695 0.286946
vt 0.624060 0.003906
vt 0.624086 0.139171
vt 0.624089 0.274428
vt 0.883360 0.285818
vt 0.884440 0.285231
vt 0.897302 0.154740
vt 0.894228 0.153119
vt 0.897330 0.289265
vt 0.894270 0.285197
vt 0.405135 0.003955
vt 0.405117 0.139220
vt 0.325631 0.139176
vt 0.325657 0.003915
vt 0.405114 0.274490
vt 0.325628 0.274431
vt 0.309979 0.003906
vt 0.310008 0.139169
vt 0.302451 0.139174
vt 0.302423 0.003914
vt 0.310018 0.274422
vt 0.302461 0.274427
vt 0.965179 0.153878
vt 0.965254 0.286150
vt 0.222944 0.003962
vt 0.222966 0.139228
vt 0.222976 0.274498
vt 0.802725 0.154204
vt 0.802768 0.286352
vt 0.318074 0.139171
vt 0.318100 0.003906
vt 0.318071 0.274427
vt 0.471080 0.274503
vt 0.471080 0.409795
vt 0.471080 0.139228
vt 0.471080 0.003950
vt 0.471080 0.545105
vt 0.471080 0.560866
vt 0.401287 0.713454
vt 0.321784 0.713454
vt 0.410970 0.713454
vt 0.480792 0.713454
vt 0.005458 0.901069
vt 0.003906 0.901069
vt 0.004379 0.901069
vt 0.887649 0.869925
vt 0.889210 0.869925
vt 0.888735 0.869925
vt 0.719182 0.900577
vt 0.719182 0.891516
vt 0.731725 0.891516
vt 0.731725 0.900577
vt 0.719182 0.782793
vt 0.719182 0.773733
vt 0.731725 0.773733
vt 0.731725 0.782793
vt 0.719182 0.909637
vt 0.731725 0.909637
vt 0.719182 0.791854
vt 0.731725 0.791854
vt 0.719182 0.918697
vt 0.731725 0.918697
vt 0.719182 0.800914
vt 0.731725 0.800914
vt 0.719182 0.927757
vt 0.731725 0.927757
vt 0.719182 0.809974
vt 0.731725 0.809974
vt 0.719182 0.936817
vt 0.731725 0.936817
vt 0.719182 0.819034
vt 0.731725 0.819034
vt 0.719182 0.973058
vt 0.719182 0.963998
vt 0.731725 0.963998
vt 0.731725 0.973058
vt 0.719182 0.945878
vt 0.731725 0.945878
vt 0.719182 0.828095
vt 0.731725 0.828095
vt 0.719182 0.982119
vt 0.731725 0.982119
vt 0.719182 0.954938
vt 0.731725 0.954938
vt 0.719182 0.837155
vt 0.731725 0.837155
vt 0.719182 0.991179
vt 0.731725 0.991179
vt 0.719182 0.846215
vt 0.731725 0.846215
vt 0.719182 0.728432
vt 0.719182 0.719372
vt 0.731725 0.719372
vt 0.731725 0.728432
vt 0.719182 0.855275
vt 0.731725 0.855275
vt 0.719182 0.737492
vt 0.731725 0.737492
vt 0.719182 0.864336
vt 0.731725 0.864336
vt 0.719182 0.746552
vt 0.731725 0.746552
vt 0.719182 0.873396
vt 0.731725 0.873396
vt 0.719182 0.755613
vt 0.731725 0.755613
vt 0.719182 0.882456
vt 0.731725 0.882456
vt 0.719182 0.764673
vt 0.731725 0.764673
vt 0.991106 0.720267
vt 0.991106 0.709986
vt 0.995132 0.709986
vt 0.995132 0.720267
vt 0.991106 0.689422
vt 0.991106 0.679141
vt 0.995132 0.679141
vt 0.995132 0.689422
vt 0.991106 0.555761
vt 0.991106 0.545479
vt 0.995132 0.545479
vt 0.995132 0.555761
vt 0.991106 0.422099
vt 0.991106 0.411817
vt 0.995132 0.411817
vt 0.995132 0.422099
vt 0.991106 0.566042
vt 0.995132 0.566042
vt 0.991106 0.432380
vt 0.995132 0.432380
vt 0.991106 0.576324
vt 0.995132 0.576324
vt 0.991106 0.442662
vt 0.995132 0.442662
vt 0.991106 0.586605
vt 0.995132 0.586605
vt 0.991106 0.452944
vt 0.995132 0.452944
vt 0.991106 0.596887
vt 0.995132 0.596887
vt 0.991106 0.463225
vt 0.995132 0.463225
vt 0.991106 0.607169
vt 0.995132 0.607169
vt 0.991106 0.473507
vt 0.995132 0.473507
vt 0.991106 0.617451
vt 0.995132 0.617451
vt 0.991106 0.483789
vt 0.995132 0.483789
vt 0.991106 0.627732
vt 0.995132 0.627732
vt 0.991106 0.494070
vt 0.995132 0.494070
vt 0.991106 0.638014
vt 0.995132 0.638014
vt 0.991106 0.504352
vt 0.995132 0.504352
vt 0.991106 0.648296
vt 0.995132 0.648296
vt 0.991106 0.514634
vt 0.995132 0.514634
vt 0.991106 0.658577
vt 0.995132 0.658577
vt 0.991106 0.524915
vt 0.995132 0.524915
vt 0.991106 0.699704
vt 0.995132 0.699704
vt 0.991106 0.668859
vt 0.995132 0.668859
vt 0.991106 0.535197
vt 0.995132 0.535197
vt 0.996094 0.473507
vt 0.996094 0.483789
vt 0.996094 0.617451
vt 0.996094 0.627732
vt 0.996094 0.494070
vt 0.996094 0.638014
vt 0.996094 0.504352
vt 0.996094 0.648296
vt 0.996094 0.514634
vt 0.996094 0.658577
vt 0.996094 0.524915
vt 0.996094 0.689422
vt 0.996094 0.699704
vt 0.996094 0.668859
vt 0.996094 0.535197
vt 0.996094 0.709986
vt 0.996094 0.679141
vt 0.996094 0.545479
vt 0.996094 0.720267
vt 0.996094 0.555761
vt 0.996094 0.411817
vt 0.996094 0.422099
vt 0.996094 0.566042
vt 0.996094 0.432380
vt 0.996094 0.576324
vt 0.996094 0.442662
vt 0.996094 0.586605
vt 0.996094 0.452944
vt 0.996094 0.596887
vt 0.996094 0.463225
vt 0.996094 0.607169
vt 0.284151 0.710091
vt 0.284151 0.699991
vt 0.310147 0.699991
vt 0.310147 0.710091
vt 0.284151 0.578800
vt 0.284151 0.568701
vt 0.310147 0.568701
vt 0.310147 0.578800
vt 0.284151 0.720190
vt 0.310147 0.720190
vt 0.284151 0.588899
vt 0.310147 0.588899
vt 0.284151 0.730289
vt 0.310147 0.730289
vt 0.284151 0.598998
vt 0.310147 0.598998
vt 0.284151 0.740388
vt 0.310147 0.740388
vt 0.284151 0.609098
vt 0.310147 0.609098
vt 0.284151 0.750488
vt 0.310147 0.750488
vt 0.284151 0.619197
vt 0.310147 0.619197
vt 0.284151 0.760587
vt 0.310147 0.760587
vt 0.284151 0.629296
vt 0.310147 0.629296
vt 0.284151 0.770686
vt 0.310147 0.770686
vt 0.284151 0.639396
vt 0.310147 0.639396
vt 0.284151 0.780786
vt 0.310147 0.780786
vt 0.284151 0.649495
vt 0.310147 0.649495
vt 0.284151 0.790885
vt 0.310147 0.790885
vt 0.284151 0.659594
vt 0.310147 0.659594
vt 0.284151 0.800984
vt 0.310147 0.800984
vt 0.284151 0.669693
vt 0.310147 0.669693
vt 0.284151 0.811083
vt 0.310147 0.811083
vt 0.284151 0.679793
vt 0.310147 0.679793
vt 0.284151 0.851480
vt 0.284151 0.841381
vt 0.310147 0.841381
vt 0.310147 0.851480
vt 0.284151 0.821183
vt 0.310147 0.821183
vt 0.284151 0.689892
vt 0.310147 0.689892
vt 0.284151 0.861580
vt 0.310147 0.861580
vt 0.284151 0.831282
vt 0.310147 0.831282
vt 0.284151 0.871679
vt 0.310147 0.871679
vt 0.584590 0.787838
vt 0.584674 0.781627
vt 0.610007 0.781982
vt 0.609921 0.788159
vt 0.585970 0.651282
vt 0.585947 0.645126
vt 0.611277 0.644893
vt 0.611303 0.651126
vt 0.584490 0.798388
vt 0.584542 0.792173
vt 0.609886 0.792482
vt 0.609814 0.798655
vt 0.586006 0.661747
vt 0.585988 0.655586
vt 0.611329 0.655480
vt 0.611331 0.661709
vt 0.584393 0.808939
vt 0.584450 0.802724
vt 0.609776 0.802976
vt 0.609736 0.809150
vt 0.585978 0.672215
vt 0.586006 0.666052
vt 0.611340 0.666062
vt 0.611315 0.672288
vt 0.584339 0.819496
vt 0.584362 0.813278
vt 0.609696 0.813469
vt 0.609673 0.819640
vt 0.585927 0.682690
vt 0.585973 0.676523
vt 0.611296 0.676638
vt 0.611273 0.682861
vt 0.584309 0.861703
vt 0.584305 0.855493
vt 0.609633 0.855443
vt 0.609643 0.861621
vt 0.584289 0.830051
vt 0.584319 0.823834
vt 0.609644 0.823960
vt 0.609632 0.830132
vt 0.585845 0.693171
vt 0.585909 0.687000
vt 0.611229 0.687208
vt 0.611188 0.693425
vt 0.584368 0.872241
vt 0.584326 0.866036
vt 0.609661 0.865945
vt 0.609701 0.872129
vt 0.584274 0.840606
vt 0.584289 0.834389
vt 0.609613 0.834451
vt 0.609616 0.840624
vt 0.585734 0.703662
vt 0.585815 0.697485
vt 0.611145 0.697769
vt 0.611065 0.703980
vt 0.584412 0.882766
vt 0.584389 0.876569
vt 0.609711 0.876459
vt 0.609752 0.882650
vt 0.584285 0.851157
vt 0.584286 0.844943
vt 0.609606 0.844945
vt 0.609622 0.851120
vt 0.585616 0.714162
vt 0.585684 0.707978
vt 0.611025 0.708321
vt 0.610938 0.714526
vt 0.584545 0.578001
vt 0.584340 0.571815
vt 0.609655 0.570919
vt 0.609861 0.577114
vt 0.585462 0.724666
vt 0.585559 0.718480
vt 0.610892 0.718865
vt 0.610794 0.725065
vt 0.584859 0.588495
vt 0.584666 0.582318
vt 0.609993 0.581451
vt 0.610168 0.587656
vt 0.585324 0.735179
vt 0.585401 0.728988
vt 0.610732 0.729400
vt 0.610655 0.735597
vt 0.585140 0.598974
vt 0.584983 0.592806
vt 0.610292 0.591998
vt 0.610472 0.598214
vt 0.585168 0.745700
vt 0.585249 0.739503
vt 0.610592 0.739929
vt 0.610491 0.746120
vt 0.585410 0.609444
vt 0.585252 0.603282
vt 0.610571 0.602561
vt 0.610734 0.608783
vt 0.585005 0.756224
vt 0.585104 0.750026
vt 0.610428 0.750451
vt 0.610347 0.756640
vt 0.585612 0.619906
vt 0.585505 0.613748
vt 0.610827 0.613135
vt 0.610939 0.619364
vt 0.584869 0.766756
vt 0.584943 0.760553
vt 0.610274 0.760967
vt 0.610200 0.767152
vt 0.585780 0.630365
vt 0.585701 0.624209
vt 0.611025 0.623718
vt 0.611108 0.629950
vt 0.584717 0.777294
vt 0.584809 0.771087
vt 0.610142 0.771478
vt 0.610048 0.777658
vt 0.585910 0.640824
vt 0.585837 0.634667
vt 0.611174 0.634305
vt 0.611231 0.640537
vt 0.582508 0.789980
vt 0.582632 0.779431
vt 0.612089 0.779850
vt 0.611964 0.790347
vt 0.583924 0.653445
vt 0.583862 0.642995
vt 0.613320 0.642694
vt 0.613381 0.653293
vt 0.582401 0.800535
vt 0.611862 0.800837
vt 0.583939 0.663900
vt 0.613400 0.663885
vt 0.582320 0.811092
vt 0.611777 0.811326
vt 0.583915 0.674361
vt 0.613376 0.674471
vt 0.582260 0.821653
vt 0.611719 0.821811
vt 0.583857 0.684829
vt 0.613316 0.685050
vt 0.582260 0.863878
vt 0.582233 0.853329
vt 0.611682 0.853277
vt 0.611719 0.863775
vt 0.582226 0.832215
vt 0.611683 0.832297
vt 0.583769 0.695306
vt 0.613224 0.695620
vt 0.582310 0.874415
vt 0.611768 0.874284
vt 0.582217 0.842774
vt 0.611672 0.842785
vt 0.583654 0.705792
vt 0.613109 0.706178
vt 0.582367 0.884939
vt 0.611819 0.884806
vt 0.583520 0.716289
vt 0.612978 0.716726
vt 0.582545 0.580232
vt 0.582217 0.569729
vt 0.611654 0.568678
vt 0.611984 0.579210
vt 0.583375 0.726794
vt 0.612831 0.727267
vt 0.582855 0.590719
vt 0.612299 0.589758
vt 0.583225 0.737306
vt 0.612680 0.737798
vt 0.583142 0.601189
vt 0.612585 0.600326
vt 0.583068 0.747827
vt 0.612527 0.748321
vt 0.583392 0.611649
vt 0.612839 0.610906
vt 0.582917 0.758354
vt 0.612372 0.758838
vt 0.583597 0.622100
vt 0.613047 0.621498
vt 0.582771 0.768889
vt 0.612227 0.769347
vt 0.583754 0.632548
vt 0.613206 0.632095
vt 0.523520 0.965215
vt 0.532281 0.970857
vt 0.536961 0.980143
vt 0.529456 0.973386
vt 0.543025 0.975253
vt 0.545707 0.985193
vt 0.555077 0.978190
vt 0.555312 0.988314
vt 0.567691 0.979516
vt 0.565356 0.989370
vt 0.580090 0.979149
vt 0.575400 0.988314
vt 0.591514 0.977083
vt 0.585005 0.985193
vt 0.601257 0.973386
vt 0.593751 0.980143
vt 0.519412 0.955989
vt 0.529166 0.960281
vt 0.541441 0.963832
vt 0.555341 0.966448
vt 0.569875 0.967976
vt 0.584015 0.968307
vt 0.596759 0.967385
vt 0.607193 0.965215
vt 0.517312 0.946110
vt 0.527753 0.948878
vt 0.541023 0.951428
vt 0.556091 0.953602
vt 0.571812 0.955255
vt 0.587002 0.956261
vt 0.600513 0.956525
vt 0.611301 0.955989
vt 0.517312 0.936011
vt 0.528102 0.937145
vt 0.541791 0.938584
vt 0.557295 0.940213
vt 0.573417 0.941908
vt 0.588922 0.943537
vt 0.602610 0.944976
vt 0.613401 0.946110
vt 0.519412 0.926132
vt 0.530200 0.925596
vt 0.543711 0.925861
vt 0.558901 0.926867
vt 0.574622 0.928519
vt 0.589689 0.930693
vt 0.602960 0.933244
vt 0.613401 0.936011
vt 0.523520 0.916906
vt 0.533953 0.914736
vt 0.546698 0.913815
vt 0.560838 0.914145
vt 0.575372 0.915673
vt 0.589272 0.918290
vt 0.601546 0.921840
vt 0.611301 0.926132
vt 0.529456 0.908736
vt 0.539199 0.905039
vt 0.550622 0.902972
vt 0.563022 0.902606
vt 0.575635 0.903931
vt 0.587687 0.906868
vt 0.598432 0.911264
vt 0.607193 0.916906
vt 0.536961 0.901978
vt 0.545707 0.896928
vt 0.555312 0.893807
vt 0.565356 0.892752
vt 0.575400 0.893807
vt 0.585005 0.896928
vt 0.593752 0.901978
vt 0.601257 0.908736
s 1
usemtl Leche.001
f 119/1/1 121/2/2 8/3/3 4/4/4
f 42/5/5 13/6/6 17/7/7 44/8/8
f 382/9/1 119/1/1 4/4/4 361/10/9
f 139/11/10 135/12/11 143/13/12 144/14/13
f 373/15/14 39/16/15 3/17/16 364/18/17
f 425/19/18 40/20/18 12/21/18 417/22/18
f 415/23/19 417/24/18 12/25/18 2/26/19
f 436/27/19 415/23/19 2/26/19 367/28/19
f 66/29/20 19/30/21 18/31/22 65/32/23
f 15/33/24 14/34/25 18/31/22 19/30/21
f 64/35/26 15/36/24 19/37/21 66/38/20
f 13/39/6 16/40/27 20/41/28 17/42/7
f 55/43/29 60/44/30 4/45/4 25/46/31
f 56/47/32 55/43/29 25/46/31 26/48/33
f 57/49/34 56/47/32 26/48/33 27/50/35
f 58/51/36 57/49/34 27/50/35 28/52/37
f 64/35/26 58/51/36 28/52/37 15/36/24
f 25/53/31 4/54/4 8/55/3 29/56/38
f 26/57/33 25/53/31 29/56/38 30/58/39
f 27/59/35 26/57/33 30/58/39 31/60/40
f 28/61/37 27/59/35 31/60/40 32/62/41
f 15/33/24 28/61/37 32/62/41 14/34/25
f 50/63/42 38/64/43 6/65/44 33/66/45
f 51/67/46 50/63/42 33/66/45 34/68/47
f 52/69/48 51/67/46 34/68/47 35/70/49
f 53/71/50 52/69/48 35/70/49 36/72/51
f 42/5/5 53/71/50 36/72/51 13/6/6
f 33/73/45 6/74/44 3/75/16 21/76/52
f 34/77/47 33/73/45 21/76/52 22/78/53
f 35/79/49 34/77/47 22/78/53 23/80/54
f 36/81/51 35/79/49 23/80/54 24/82/55
f 13/39/6 36/81/51 24/82/55 16/40/27
f 114/83/56 112/84/57 82/85/58 80/86/59
f 113/87/60 111/88/61 83/89/62 85/90/63
f 112/84/57 109/91/64 84/92/65 82/85/58
f 111/88/61 108/93/66 81/94/67 83/89/62
f 108/93/66 103/95/68 79/96/69 81/94/67
f 16/97/27 24/98/55 49/99/36 43/100/70
f 24/98/55 23/101/54 48/102/34 49/99/36
f 23/101/54 22/103/53 47/104/71 48/102/34
f 22/103/53 21/105/52 46/106/72 47/104/71
f 21/105/52 3/17/16 39/16/15 46/106/72
f 16/97/27 43/100/70 45/107/73 20/108/28
f 20/41/28 45/109/73 44/110/8 17/42/7
f 109/91/64 104/111/74 86/112/75 84/92/65
f 37/113/76 166/114/77 186/115/78 177/116/79
s 0
f 137/117/80 138/118/80 146/119/80 147/120/80
s 1
f 110/121/81 105/122/81 74/123/81 73/124/81
f 14/125/25 63/126/82 65/127/23 18/128/22
f 140/129/83 142/130/84 149/131/85 148/132/86
f 361/133/9 4/45/4 60/44/30 376/134/87
f 423/135/2 10/136/2 61/137/88 426/138/88
f 29/139/38 8/140/3 59/141/89 67/142/90
f 30/143/39 29/139/38 67/142/90 68/144/91
f 31/145/40 30/143/39 68/144/91 69/146/92
f 32/147/41 31/145/40 69/146/92 70/148/93
f 14/125/25 32/147/41 70/148/93 63/126/82
f 43/100/70 49/99/36 58/51/36 64/35/26
f 49/99/36 48/102/34 57/49/34 58/51/36
f 48/102/34 47/104/71 56/47/32 57/49/34
f 47/104/71 46/106/72 55/43/29 56/47/32
f 46/106/72 39/16/15 60/44/30 55/43/29
f 43/100/70 64/35/26 66/38/20 45/107/73
f 45/109/73 66/29/20 65/32/23 44/110/8
f 75/149/94 85/90/63 86/112/75 76/150/95
f 85/90/63 83/89/62 84/92/65 86/112/75
f 83/89/62 81/94/67 82/85/58 84/92/65
f 81/94/67 79/96/69 80/86/59 82/85/58
f 79/96/69 71/151/96 72/152/97 80/86/59
f 428/153/98 73/154/99 74/155/100 427/156/101
f 75/149/94 76/150/95 78/157/102 77/158/103
f 115/159/104 106/160/105 75/149/94 77/158/103
f 106/160/105 113/87/60 85/90/63 75/149/94
f 116/161/106 114/83/56 80/86/59 72/152/97
f 134/162/19 116/163/106 72/164/97 129/165/107
f 117/166/108 115/159/104 77/158/103 78/157/102
f 430/167/109 110/168/110 73/154/99 428/153/98
f 104/111/74 107/169/111 76/150/95 86/112/75
f 103/95/68 118/170/112 71/151/96 79/96/69
f 107/169/111 117/166/108 78/157/102 76/150/95
f 42/171/5 44/172/8 100/173/113 102/174/114
f 67/142/90 59/141/89 101/175/115 88/176/116
f 53/177/50 42/171/5 102/174/114 90/178/117
f 426/138/88 61/137/88 91/179/118 429/180/119
f 44/172/8 65/127/23 98/181/120 100/173/113
f 125/182/18 38/183/43 99/184/121 132/185/122
f 38/186/43 50/187/42 96/188/123 99/189/121
f 63/126/82 70/148/93 95/190/124 97/191/125
f 65/127/23 63/126/82 97/191/125 98/181/120
f 61/192/81 40/193/81 92/194/81 91/195/81
f 52/196/48 53/177/50 90/178/117 89/197/126
f 68/144/91 67/142/90 88/176/116 87/198/127
f 69/146/92 68/144/91 87/198/127 93/199/128
f 51/200/46 52/196/48 89/197/126 94/201/129
f 70/148/93 69/146/92 93/199/128 95/190/124
f 50/187/42 51/200/46 94/201/129 96/188/123
f 102/174/114 100/173/113 117/166/108 107/169/111
f 88/176/116 101/175/115 118/170/112 103/95/68
f 90/178/117 102/174/114 107/169/111 104/111/74
f 429/180/119 91/179/118 110/168/110 430/167/109
f 100/173/113 98/181/120 115/159/104 117/166/108
f 132/185/122 99/184/121 116/163/106 134/162/19
f 99/189/121 96/188/123 114/83/56 116/161/106
f 97/191/125 95/190/124 113/87/60 106/160/105
f 98/181/120 97/191/125 106/160/105 115/159/104
f 91/195/81 92/194/81 105/122/81 110/121/81
f 89/197/126 90/178/117 104/111/74 109/91/64
f 87/198/127 88/176/116 103/95/68 108/93/66
f 93/199/128 87/198/127 108/93/66 111/88/61
f 94/201/129 89/197/126 109/91/64 112/84/57
f 95/190/124 93/199/128 111/88/61 113/87/60
f 96/188/123 94/201/129 112/84/57 114/83/56
f 420/202/130 132/185/122 134/162/19 421/203/19
f 101/204/115 131/205/131 133/206/132 118/207/112
f 425/208/18 125/182/18 132/185/122 420/202/130
f 59/209/89 128/210/133 131/205/131 101/204/115
f 118/207/112 133/206/132 130/211/134 71/212/96
f 421/203/19 134/162/19 129/165/107 427/156/101
f 71/212/96 130/211/134 129/165/107 72/164/97
f 8/213/3 121/214/2 128/210/133 59/209/89
f 416/215/135 123/216/136 127/217/137 419/218/138
f 419/218/138 127/217/137 126/219/139 418/220/140
f 364/221/17 3/222/16 120/223/19 379/224/19
f 3/222/16 6/225/44 124/226/18 120/223/19
f 38/227/43 125/228/18 124/229/18 6/230/44
f 418/220/140 126/219/139 122/231/141 424/232/142
f 433/233/1 422/234/1 119/1/1 382/9/1
f 422/234/1 423/235/2 121/2/2 119/1/1
f 136/236/143 140/237/83 148/238/86 145/239/144
f 141/240/145 139/241/10 144/242/13 150/243/146
s 0
f 138/118/147 136/236/147 145/239/147 146/119/147
s 1
f 146/119/81 145/239/144 148/238/86 149/244/85
f 143/13/12 147/120/81 150/245/146 144/14/13
f 147/120/81 146/119/81 149/244/85 150/245/146
s 0
f 135/12/148 137/117/148 147/120/148 143/13/148
s 1
f 150/245/146 149/244/85 179/246/149 180/247/150
f 126/219/139 127/217/137 154/248/151 151/249/152
f 151/249/152 154/248/151 155/250/153 152/251/154
f 152/251/154 155/250/153 156/252/155 153/253/155
f 153/253/155 156/252/155 138/254/156 137/255/156
f 127/217/137 123/216/136 157/256/157 154/248/151
f 154/248/151 157/256/157 158/257/158 155/250/153
f 155/250/153 158/257/158 159/258/159 156/252/155
f 156/252/155 159/258/159 136/259/143 138/254/156
f 123/216/136 7/260/160 160/261/161 157/256/157
f 157/256/157 160/261/161 161/262/162 158/257/158
f 158/257/158 161/262/162 162/263/163 159/258/159
f 159/258/159 162/263/163 140/264/83 136/259/143
f 7/265/160 54/266/164 163/267/165 160/268/161
f 160/268/161 163/267/165 164/269/166 161/270/162
f 161/270/162 164/269/166 165/271/167 162/272/163
f 162/272/163 165/271/167 142/273/84 140/274/83
f 142/273/84 165/271/167 185/275/168 181/276/169
f 168/277/170 141/278/145 182/279/171 188/280/172
f 165/271/167 164/269/166 184/281/173 185/275/168
f 167/282/174 168/277/170 188/280/172 187/283/175
f 37/113/76 5/284/176 169/285/177 166/114/77
f 166/114/77 169/285/177 170/286/178 167/282/174
f 167/282/174 170/286/178 171/287/179 168/277/170
f 168/277/170 171/287/179 139/288/10 141/278/145
f 5/289/176 122/231/141 172/290/180 169/291/177
f 169/291/177 172/290/180 173/292/181 170/293/178
f 170/293/178 173/292/181 174/294/182 171/295/179
f 171/295/179 174/294/182 135/296/11 139/297/10
f 122/231/141 126/219/139 151/249/152 172/290/180
f 172/290/180 151/249/152 152/251/154 173/292/181
f 173/292/181 152/251/154 153/253/155 174/294/182
f 174/294/182 153/253/155 137/255/156 135/296/11
f 388/298/183 175/299/184 176/300/185 385/301/186
f 181/302/169 182/303/171 180/304/150 179/305/149
f 178/306/187 177/116/79 186/115/78 183/307/188
f 183/307/188 186/115/78 187/283/175 184/281/173
f 184/281/173 187/283/175 188/280/172 185/275/168
f 185/275/168 188/280/172 182/279/171 181/276/169
f 163/267/165 54/266/164 178/306/187 183/307/188
f 149/131/85 142/130/84 181/302/169 179/305/149
f 376/134/87 60/44/30 175/299/184 388/298/183
f 166/114/77 167/282/174 187/283/175 186/115/78
f 375/308/189 37/113/76 177/116/79 387/309/190
f 141/240/145 150/243/146 180/304/150 182/303/171
f 164/269/166 163/267/165 183/307/188 184/281/173
f 60/44/30 39/16/15 176/300/185 175/299/184
f 291/310/1 190/311/191 194/312/192 293/313/2
f 222/314/193 224/315/194 199/316/195 195/317/196
f 406/318/1 391/319/197 190/311/191 291/310/1
f 311/320/198 316/321/199 315/322/200 307/323/201
f 397/324/202 394/325/203 189/326/204 221/327/205
f 447/328/18 439/329/18 12/21/18 40/20/18
f 437/330/19 2/26/19 12/25/18 439/331/18
f 458/332/19 367/28/19 2/26/19 437/330/19
f 244/333/206 243/334/207 200/335/208 201/336/209
f 197/337/210 201/336/209 200/335/208 196/338/211
f 242/339/212 244/340/206 201/341/209 197/342/210
f 195/343/196 199/344/195 202/345/213 198/346/214
f 235/347/215 207/348/216 190/349/191 240/350/217
f 236/351/218 208/352/219 207/348/216 235/347/215
f 237/353/220 209/354/221 208/352/219 236/351/218
f 238/355/222 210/356/223 209/354/221 237/353/220
f 242/339/212 197/342/210 210/356/223 238/355/222
f 207/357/216 211/358/224 194/359/192 190/360/191
f 208/361/219 212/362/225 211/358/224 207/357/216
f 209/363/221 213/364/226 212/362/225 208/361/219
f 210/365/223 214/366/227 213/364/226 209/363/221
f 197/337/210 196/338/211 214/366/227 210/365/223
f 230/367/228 215/368/229 192/369/230 220/370/231
f 231/371/232 216/372/233 215/368/229 230/367/228
f 232/373/234 217/374/235 216/372/233 231/371/232
f 233/375/236 218/376/237 217/374/235 232/373/234
f 222/314/193 195/317/196 218/376/237 233/375/236
f 215/377/229 203/378/238 189/379/204 192/380/230
f 216/381/233 204/382/239 203/378/238 215/377/229
f 217/383/235 205/384/240 204/382/239 216/381/233
f 218/385/237 206/386/241 205/384/240 217/383/235
f 195/343/196 198/346/214 206/386/241 218/385/237
f 286/387/242 256/388/243 258/389/244 284/390/245
f 285/391/246 261/392/247 259/393/248 283/394/249
f 284/390/245 258/389/244 260/395/250 282/396/251
f 283/394/249 259/393/248 257/397/252 281/398/253
f 281/398/253 257/397/252 255/399/254 277/400/255
f 198/401/214 223/402/256 229/403/222 206/404/241
f 206/404/241 229/403/222 228/405/220 205/406/240
f 205/406/240 228/405/220 227/407/257 204/408/239
f 204/408/239 227/407/257 226/409/258 203/410/238
f 203/410/238 226/409/258 221/327/205 189/326/204
f 198/401/214 202/411/213 225/412/259 223/402/256
f 202/345/213 199/344/195 224/413/194 225/414/259
f 282/396/251 260/395/250 262/415/260 278/416/261
f 219/417/262 349/418/263 358/419/264 338/420/265
s 0
f 309/421/266 319/422/266 318/423/266 310/424/266
s 1
f 196/425/211 200/426/208 243/427/207 241/428/267
f 312/429/268 320/430/269 321/431/270 314/432/271
f 391/433/197 400/434/272 240/350/217 190/349/191
f 445/435/2 448/436/88 61/437/88 10/438/2
f 211/439/224 245/440/273 239/441/274 194/442/192
f 212/443/225 246/444/275 245/440/273 211/439/224
f 213/445/226 247/446/276 246/444/275 212/443/225
f 214/447/227 248/448/277 247/446/276 213/445/226
f 196/425/211 241/428/267 248/448/277 214/447/227
f 223/402/256 242/339/212 238/355/222 229/403/222
f 229/403/222 238/355/222 237/353/220 228/405/220
f 228/405/220 237/353/220 236/351/218 227/407/257
f 227/407/257 236/351/218 235/347/215 226/409/258
f 226/409/258 235/347/215 240/350/217 221/327/205
f 223/402/256 225/412/259 244/340/206 242/339/212
f 225/414/259 224/413/194 243/334/207 244/333/206
f 251/449/278 252/450/279 262/415/260 261/392/247
f 261/392/247 262/415/260 260/395/250 259/393/248
f 259/393/248 260/395/250 258/389/244 257/397/252
f 257/397/252 258/389/244 256/388/243 255/399/254
f 255/399/254 256/388/243 250/451/280 249/452/281
f 450/453/282 449/454/283 74/455/284 73/456/285
f 251/449/278 253/457/286 254/458/287 252/450/279
f 287/459/288 253/457/286 251/449/278 279/460/289
f 279/460/289 251/449/278 261/392/247 285/391/246
f 288/461/290 250/451/280 256/388/243 286/387/242
f 306/462/19 301/463/291 250/464/280 288/465/290
f 289/466/292 254/458/287 253/457/286 287/459/288
f 452/467/293 450/453/282 73/456/285 110/468/294
f 278/416/261 262/415/260 252/450/279 280/469/295
f 277/400/255 255/399/254 249/452/281 290/470/296
f 280/469/295 252/450/279 254/458/287 289/466/292
f 222/471/193 276/472/297 274/473/298 224/474/194
f 245/440/273 264/475/299 275/476/300 239/441/274
f 233/477/236 266/478/301 276/472/297 222/471/193
f 448/436/88 451/479/302 91/480/303 61/437/88
f 224/474/194 274/473/298 272/481/304 243/427/207
f 297/482/18 304/483/122 273/484/305 220/485/231
f 220/486/231 273/487/305 270/488/306 230/489/228
f 241/428/267 271/490/307 269/491/308 248/448/277
f 243/427/207 272/481/304 271/490/307 241/428/267
f 232/492/234 265/493/309 266/478/301 233/477/236
f 246/444/275 263/494/310 264/475/299 245/440/273
f 247/446/276 267/495/311 263/494/310 246/444/275
f 231/496/232 268/497/312 265/493/309 232/492/234
f 248/448/277 269/491/308 267/495/311 247/446/276
f 230/489/228 270/488/306 268/497/312 231/496/232
f 276/472/297 280/469/295 289/466/292 274/473/298
f 264/475/299 277/400/255 290/470/296 275/476/300
f 266/478/301 278/416/261 280/469/295 276/472/297
f 451/479/302 452/467/293 110/468/294 91/480/303
f 274/473/298 289/466/292 287/459/288 272/481/304
f 304/483/122 306/462/19 288/465/290 273/484/305
f 273/487/305 288/461/290 286/387/242 270/488/306
f 271/490/307 279/460/289 285/391/246 269/491/308
f 272/481/304 287/459/288 279/460/289 271/490/307
f 265/493/309 282/396/251 278/416/261 266/478/301
f 263/494/310 281/398/253 277/400/255 264/475/299
f 267/495/311 283/394/249 281/398/253 263/494/310
f 268/497/312 284/390/245 282/396/251 265/493/309
f 269/491/308 285/391/246 283/394/249 267/495/311
f 270/488/306 286/387/242 284/390/245 268/497/312
f 442/498/130 443/499/19 306/462/19 304/483/122
f 275/500/300 290/501/296 305/502/313 303/503/314
f 447/504/18 442/498/130 304/483/122 297/482/18
f 239/505/274 275/500/300 303/503/314 300/506/133
f 290/501/296 249/507/281 302/508/315 305/502/313
f 443/499/19 449/454/283 301/463/291 306/462/19
f 249/507/281 250/464/280 301/463/291 302/508/315
f 194/509/192 239/505/274 300/506/133 293/510/2
f 438/511/316 441/512/317 299/513/318 295/514/319
f 441/512/317 440/515/320 298/516/321 299/513/318
f 394/517/203 403/518/19 292/519/19 189/520/204
f 189/520/204 292/519/19 296/521/18 192/522/230
f 220/523/231 192/524/230 296/525/18 297/526/18
f 440/515/320 446/527/322 294/528/323 298/516/321
f 455/529/1 406/318/1 291/310/1 444/530/1
f 444/530/1 291/310/1 293/313/2 445/531/2
f 308/532/324 317/533/325 320/534/269 312/535/268
f 313/536/326 322/537/327 316/538/199 311/539/198
s 0
f 310/424/328 318/423/328 317/533/328 308/532/328
s 1
f 318/423/329 321/540/270 320/534/269 317/533/325
f 315/322/200 316/321/199 322/541/327 319/422/329
f 319/422/329 322/541/327 321/540/270 318/423/329
s 0
f 307/323/330 315/322/330 319/422/330 309/421/330
s 1
f 322/541/327 352/542/331 351/543/332 321/540/270
f 298/516/321 323/544/333 326/545/334 299/513/318
f 323/544/333 324/546/335 327/547/336 326/545/334
f 324/546/335 325/548/337 328/549/337 327/547/336
f 325/548/337 309/550/338 310/551/338 328/549/337
f 299/513/318 326/545/334 329/552/339 295/514/319
f 326/545/334 327/547/336 330/553/340 329/552/339
f 327/547/336 328/549/337 331/554/341 330/553/340
f 328/549/337 310/551/338 308/555/324 331/554/341
f 295/514/319 329/552/339 332/556/342 193/557/343
f 329/552/339 330/553/340 333/558/344 332/556/342
f 330/553/340 331/554/341 334/559/345 333/558/344
f 331/554/341 308/555/324 312/560/268 334/559/345
f 193/561/343 332/562/342 335/563/346 234/564/347
f 332/562/342 333/565/344 336/566/348 335/563/346
f 333/565/344 334/567/345 337/568/349 336/566/348
f 334/567/345 312/569/268 314/570/271 337/568/349
f 314/570/271 353/571/350 357/572/351 337/568/349
f 340/573/352 360/574/353 354/575/354 313/576/326
f 337/568/349 357/572/351 356/577/355 336/566/348
f 339/578/356 359/579/357 360/574/353 340/573/352
f 219/417/262 338/420/265 341/580/358 191/581/359
f 338/420/265 339/578/356 342/582/360 341/580/358
f 339/578/356 340/573/352 343/583/361 342/582/360
f 340/573/352 313/576/326 311/584/198 343/583/361
f 191/585/359 341/586/358 344/587/362 294/528/323
f 341/586/358 342/588/360 345/589/363 344/587/362
f 342/588/360 343/590/361 346/591/364 345/589/363
f 343/590/361 311/592/198 307/593/201 346/591/364
f 294/528/323 344/587/362 323/544/333 298/516/321
f 344/587/362 345/589/363 324/546/335 323/544/333
f 345/589/363 346/591/364 325/548/337 324/546/335
f 346/591/364 307/593/201 309/550/338 325/548/337
f 412/594/365 409/595/366 348/596/367 347/597/368
f 353/598/350 351/599/332 352/600/331 354/601/354
f 350/602/369 355/603/370 358/419/264 349/418/263
f 355/603/370 356/577/355 359/579/357 358/419/264
f 356/577/355 357/572/351 360/574/353 359/579/357
f 357/572/351 353/571/350 354/575/354 360/574/353
f 335/563/346 355/603/370 350/602/369 234/564/347
f 321/431/270 351/599/332 353/598/350 314/432/271
f 400/434/272 412/594/365 347/597/368 240/350/217
f 338/420/265 358/419/264 359/579/357 339/578/356
f 399/604/371 411/605/372 349/418/263 219/417/262
f 313/536/326 354/601/354 352/600/331 322/537/327
f 336/566/348 356/577/355 355/603/370 335/563/346
f 240/350/217 347/597/368 348/596/367 221/327/205
f 221/327/205 348/596/367 409/595/366 397/324/202
f 397/324/202 409/595/366 410/606/373 398/607/374
f 398/607/374 410/606/373 411/605/372 399/604/371
f 234/564/347 350/602/369 414/608/375 402/609/376
f 402/609/376 414/608/375 413/610/377 401/611/378
f 401/611/378 413/610/377 412/594/365 400/434/272
f 350/602/369 349/418/263 411/605/372 414/608/375
f 414/608/375 411/605/372 410/606/373 413/610/377
f 413/610/377 410/606/373 409/595/366 412/594/365
f 438/612/316 295/613/319 408/614/1 453/615/1
f 453/615/1 408/614/1 407/616/1 454/617/1
f 454/617/1 407/616/1 406/318/1 455/529/1
f 191/618/359 294/619/323 405/620/19 396/621/371
f 396/621/371 405/620/19 404/622/19 395/623/379
f 395/623/379 404/622/19 403/518/19 394/517/203
f 193/561/343 234/564/347 402/609/376 393/624/380
f 393/624/380 402/609/376 401/611/378 392/625/381
f 392/625/381 401/611/378 400/434/272 391/433/197
f 446/626/322 11/627/382 369/628/19 456/629/19
f 456/629/19 369/628/19 368/630/19 457/631/19
f 457/631/19 368/630/19 367/28/19 458/332/19
f 219/417/262 191/581/359 396/632/371 399/604/371
f 399/604/371 396/632/371 395/633/379 398/607/374
f 398/607/374 395/633/379 394/325/203 397/324/202
f 295/613/319 193/634/343 393/635/380 408/614/1
f 408/614/1 393/635/380 392/636/381 407/616/1
f 407/616/1 392/636/381 391/319/197 406/318/1
f 39/16/15 373/15/14 385/301/186 176/300/185
f 373/15/14 374/637/383 386/638/384 385/301/186
f 374/637/383 375/308/189 387/309/190 386/638/384
f 54/266/164 378/639/385 390/640/386 178/306/187
f 378/639/385 377/641/387 389/642/388 390/640/386
f 377/641/387 376/134/87 388/298/183 389/642/388
f 178/306/187 390/640/386 387/309/190 177/116/79
f 390/640/386 389/642/388 386/638/384 387/309/190
f 389/642/388 388/298/183 385/301/186 386/638/384
f 416/643/135 431/644/1 384/645/1 123/646/136
f 431/644/1 432/647/1 383/648/1 384/645/1
f 432/647/1 433/233/1 382/9/1 383/648/1
f 5/649/176 366/650/189 381/651/19 122/652/141
f 366/650/189 365/653/389 380/654/19 381/651/19
f 365/653/389 364/221/17 379/224/19 380/654/19
f 7/265/160 363/655/390 378/639/385 54/266/164
f 363/655/390 362/656/391 377/641/387 378/639/385
f 362/656/391 361/133/9 376/134/87 377/641/387
f 424/657/142 434/658/19 369/628/19 11/627/382
f 434/658/19 435/659/19 368/630/19 369/628/19
f 435/659/19 436/27/19 367/28/19 368/630/19
f 37/113/76 375/308/189 366/660/189 5/284/176
f 375/308/189 374/637/383 365/661/389 366/660/189
f 374/637/383 373/15/14 364/18/17 365/661/389
f 123/646/136 384/645/1 363/662/390 7/663/160
f 384/645/1 383/648/1 362/664/391 363/662/390
f 383/648/1 382/9/1 361/10/9 362/664/391
f 380/654/19 379/224/19 436/27/19 435/659/19
f 381/651/19 380/654/19 435/659/19 434/658/19
f 122/652/141 381/651/19 434/658/19 424/657/142
f 371/665/1 370/666/1 433/233/1 432/647/1
f 372/667/1 371/665/1 432/647/1 431/644/1
f 9/668/392 372/667/1 431/644/1 416/643/135
f 1/669/1 10/670/2 423/235/2 422/234/1
f 370/666/1 1/669/1 422/234/1 433/233/1
f 41/671/393 418/220/140 424/232/142 11/672/382
f 62/673/394 419/218/138 418/220/140 41/671/393
f 9/674/392 416/215/135 419/218/138 62/673/394
f 105/675/19 421/203/19 427/156/101 74/155/100
f 40/676/18 425/208/18 420/202/130 92/677/395
f 92/677/395 420/202/130 421/203/19 105/675/19
f 131/205/131 429/180/119 430/167/109 133/206/132
f 128/210/133 426/138/88 429/180/119 131/205/131
f 133/206/132 430/167/109 428/153/98 130/211/134
f 130/211/134 428/153/98 427/156/101 129/165/107
f 121/214/2 423/135/2 426/138/88 128/210/133
f 379/224/19 120/223/19 415/23/19 436/27/19
f 120/223/19 124/226/18 417/24/18 415/23/19
f 125/228/18 425/19/18 417/22/18 124/229/18
f 404/622/19 457/631/19 458/332/19 403/518/19
f 405/620/19 456/629/19 457/631/19 404/622/19
f 294/619/323 446/626/322 456/629/19 405/620/19
f 371/665/1 454/617/1 455/529/1 370/666/1
f 372/667/1 453/615/1 454/617/1 371/665/1
f 9/668/392 438/612/316 453/615/1 372/667/1
f 1/669/1 444/530/1 445/531/2 10/670/2
f 370/666/1 455/529/1 444/530/1 1/669/1
f 41/671/393 11/672/382 446/527/322 440/515/320
f 62/673/394 41/671/393 440/515/320 441/512/317
f 9/674/392 62/673/394 441/512/317 438/511/316
f 105/678/19 74/455/284 449/454/283 443/499/19
f 40/679/18 92/680/395 442/498/130 447/504/18
f 92/680/395 105/678/19 443/499/19 442/498/130
f 303/503/314 305/502/313 452/467/293 451/479/302
f 300/506/133 303/503/314 451/479/302 448/436/88
f 305/502/313 302/508/315 450/453/282 452/467/293
f 302/508/315 301/463/291 449/454/283 450/453/282
f 293/510/2 300/506/133 448/436/88 445/435/2
f 403/518/19 458/332/19 437/330/19 292/519/19
f 292/519/19 437/330/19 439/331/18 296/521/18
f 297/526/18 296/525/18 439/329/18 447/328/18
f 482/681/396 481/682/396 511/683/397 512/684/398
f 469/685/396 468/686/396 498/687/399 499/688/400
f 483/689/396 482/681/396 512/684/398 513/690/401
f 470/691/396 469/685/396 499/688/400 500/692/402
f 484/693/396 483/689/396 513/690/401 514/694/403
f 471/695/396 470/691/396 500/692/402 501/696/404
f 485/697/396 484/693/396 514/694/403 515/698/405
f 472/699/396 471/695/396 501/696/404 502/700/406
f 486/701/396 485/697/396 515/698/405 516/702/407
f 473/703/396 472/699/396 502/700/406 503/704/408
f 460/705/396 459/706/396 489/707/409 490/708/410
f 487/709/396 486/701/396 516/702/407 517/710/411
f 474/711/396 473/703/396 503/704/408 504/712/412
f 461/713/396 460/705/396 490/708/410 491/714/413
f 488/715/396 487/709/396 517/710/411 518/716/414
f 475/717/396 474/711/396 504/712/412 505/718/415
f 462/719/396 461/713/396 491/714/413 492/720/416
f 459/706/396 488/715/396 518/716/414 489/707/409
f 476/721/396 475/717/396 505/718/415 506/722/417
f 463/723/396 462/724/396 492/725/416 493/726/418
f 477/727/396 476/721/396 506/722/417 507/728/419
f 464/729/396 463/723/396 493/726/418 494/730/420
f 478/731/396 477/727/396 507/728/419 508/732/421
f 465/733/396 464/729/396 494/730/420 495/734/422
f 479/735/396 478/731/396 508/732/421 509/736/423
f 466/737/396 465/733/396 495/734/422 496/738/424
f 480/739/396 479/735/396 509/736/423 510/740/425
f 467/741/396 466/737/396 496/738/424 497/742/426
f 481/682/396 480/739/396 510/740/425 511/683/397
f 468/686/396 467/741/396 497/742/426 498/687/399
f 492/743/416 491/744/413 521/745/427 522/746/428
f 489/747/409 518/748/414 548/749/429 519/750/430
f 506/751/417 505/752/415 535/753/431 536/754/432
f 493/755/418 492/756/416 522/757/428 523/758/433
f 507/759/419 506/751/417 536/754/432 537/760/434
f 494/761/420 493/755/418 523/758/433 524/762/435
f 508/763/421 507/759/419 537/760/434 538/764/436
f 495/765/422 494/761/420 524/762/435 525/766/437
f 509/767/423 508/763/421 538/764/436 539/768/438
f 496/769/424 495/765/422 525/766/437 526/770/439
f 510/771/425 509/767/423 539/768/438 540/772/440
f 497/773/426 496/769/424 526/770/439 527/774/441
f 511/775/397 510/771/425 540/772/440 541/776/442
f 498/777/399 497/773/426 527/774/441 528/778/443
f 512/779/398 511/775/397 541/776/442 542/780/444
f 499/781/400 498/777/399 528/778/443 529/782/445
f 513/783/401 512/779/398 542/780/444 543/784/446
f 500/785/402 499/781/400 529/782/445 530/786/447
f 514/787/403 513/783/401 543/784/446 544/788/448
f 501/789/404 500/785/402 530/786/447 531/790/449
f 515/791/405 514/787/403 544/788/448 545/792/450
f 502/793/406 501/789/404 531/790/449 532/794/451
f 516/795/407 515/791/405 545/792/450 546/796/452
f 503/797/408 502/793/406 532/794/451 533/798/453
f 490/799/410 489/747/409 519/750/430 520/800/454
f 517/801/411 516/795/407 546/796/452 547/802/455
f 504/803/412 503/797/408 533/798/453 534/804/456
f 491/744/413 490/799/410 520/800/454 521/745/427
f 518/748/414 517/801/411 547/802/455 548/749/429
f 505/752/415 504/803/412 534/804/456 535/753/431
f 529/782/445 528/778/443 558/805/457 559/806/458
f 543/784/446 542/780/444 572/807/459 573/808/460
f 530/786/447 529/782/445 559/806/458 560/809/461
f 544/788/448 543/784/446 573/808/460 574/810/462
f 531/790/449 530/786/447 560/809/461 561/811/463
f 545/792/450 544/788/448 574/810/462 575/812/464
f 532/794/451 531/790/449 561/811/463 562/813/465
f 546/796/452 545/792/450 575/812/464 576/814/466
f 533/798/453 532/794/451 562/813/465 563/815/467
f 520/800/454 519/750/430 549/816/468 550/817/469
f 547/802/455 546/796/452 576/814/466 577/818/470
f 534/804/456 533/798/453 563/815/467 564/819/471
f 521/745/427 520/800/454 550/817/469 551/820/472
f 548/749/429 547/802/455 577/818/470 578/821/473
f 535/753/431 534/804/456 564/819/471 565/822/474
f 522/746/428 521/745/427 551/820/472 552/823/475
f 519/750/430 548/749/429 578/821/473 549/816/468
f 536/754/432 535/753/431 565/822/474 566/824/476
f 523/758/433 522/757/428 552/825/475 553/826/477
f 537/760/434 536/754/432 566/824/476 567/827/478
f 524/762/435 523/758/433 553/826/477 554/828/479
f 538/764/436 537/760/434 567/827/478 568/829/480
f 525/766/437 524/762/435 554/828/479 555/830/481
f 539/768/438 538/764/436 568/829/480 569/831/482
f 526/770/439 525/766/437 555/830/481 556/832/483
f 540/772/440 539/768/438 569/831/482 570/833/484
f 527/774/441 526/770/439 556/832/483 557/834/485
f 541/776/442 540/772/440 570/833/484 571/835/486
f 528/778/443 527/774/441 557/834/485 558/805/457
f 542/780/444 541/776/442 571/835/486 572/807/459
f 566/836/476 565/837/474 595/838/487 596/839/488
f 553/840/477 552/841/475 582/842/489 583/843/490
f 567/844/478 566/836/476 596/839/488 597/845/491
f 554/846/479 553/840/477 583/843/490 584/847/492
f 568/848/480 567/844/478 597/845/491 598/849/493
f 555/850/481 554/846/479 584/847/492 585/851/494
f 569/852/482 568/848/480 598/849/493 599/853/495
f 556/854/483 555/850/481 585/851/494 586/855/496
f 570/856/484 569/852/482 599/853/495 600/857/497
f 557/858/485 556/854/483 586/855/496 587/859/498
f 571/860/486 570/856/484 600/857/497 601/861/499
f 558/862/457 557/858/485 587/859/498 588/863/500
f 572/864/459 571/860/486 601/861/499 602/865/501
f 559/866/458 558/862/457 588/863/500 589/867/502
f 573/868/460 572/864/459 602/865/501 603/869/503
f 560/870/461 559/866/458 589/867/502 590/871/504
f 574/872/462 573/868/460 603/869/503 604/873/505
f 561/874/463 560/870/461 590/871/504 591/875/506
f 575/876/464 574/872/462 604/873/505 605/877/507
f 562/878/465 561/874/463 591/875/506 592/879/508
f 576/880/466 575/876/464 605/877/507 606/881/509
f 563/882/467 562/878/465 592/879/508 593/883/510
f 550/884/469 549/885/468 579/886/511 580/887/512
f 577/888/470 576/880/466 606/881/509 607/889/513
f 564/890/471 563/882/467 593/883/510 594/891/514
f 551/892/472 550/884/469 580/887/512 581/893/515
f 578/894/473 577/888/470 607/889/513 608/895/516
f 565/837/474 564/890/471 594/891/514 595/838/487
f 552/896/475 551/892/472 581/893/515 582/897/489
f 549/885/468 578/894/473 608/895/516 579/886/511
f 639/898/517 640/899/518 641/900/519 642/901/520
f 643/902/521 644/903/522 645/904/523 646/905/524
f 647/906/525 648/907/526 649/908/527 650/909/528
f 651/910/529 652/911/530 653/912/531 654/913/532
f 655/914/533 656/915/534 657/916/535 658/917/536
f 659/918/537 660/919/538 661/920/539 662/921/540
f 663/922/541 664/923/542 665/924/543 666/925/544
f 667/926/545 668/927/546 669/928/547 670/929/548
f 671/930/549 672/931/550 673/932/551 674/933/552
f 675/934/553 676/935/554 677/936/555 678/937/556
f 679/938/557 680/939/558 681/940/559 682/941/560
f 683/942/561 684/943/562 685/944/563 686/945/564
f 687/946/565 688/947/566 689/948/567 690/949/568
f 691/950/569 692/951/570 693/952/571 694/953/572
f 695/954/573 696/955/574 697/956/575 698/957/576
f 699/958/577 700/959/578 701/960/579 702/961/580
f 703/962/581 704/963/582 705/964/583 706/965/584
f 707/966/585 708/967/586 709/968/587 710/969/588
f 711/970/589 712/971/590 713/972/591 714/973/592
f 715/974/593 716/975/594 717/976/595 718/977/596
f 719/978/597 720/979/598 721/980/599 722/981/600
f 723/982/601 724/983/602 725/984/603 726/985/604
f 727/986/605 728/987/606 729/988/607 730/989/608
f 731/990/609 732/991/610 733/992/611 734/993/612
f 735/994/613 736/995/614 737/996/615 738/997/616
f 739/998/617 740/999/618 741/1000/619 742/1001/620
f 743/1002/621 744/1003/622 745/1004/623 746/1005/624
f 747/1006/625 748/1007/626 749/1008/627 750/1009/628
f 751/1010/629 752/1011/630 753/1012/631 754/1013/632
f 755/1014/633 756/1015/634 757/1016/635 758/1017/636
f 603/1018/503 602/1019/501 640/899/518 639/898/517
f 602/1019/501 632/1020/637 641/900/519 640/899/518
f 632/1020/637 633/1021/638 642/901/520 641/900/519
f 633/1021/638 603/1018/503 639/898/517 642/901/520
f 590/1022/504 589/1023/502 644/903/522 643/902/521
f 589/1023/502 619/1024/639 645/904/523 644/903/522
f 619/1024/639 620/1025/640 646/905/524 645/904/523
f 620/1025/640 590/1022/504 643/902/521 646/905/524
f 604/1026/505 603/1018/503 648/907/526 647/906/525
f 603/1018/503 633/1021/638 649/908/527 648/907/526
f 633/1021/638 634/1027/641 650/909/528 649/908/527
f 634/1027/641 604/1026/505 647/906/525 650/909/528
f 591/1028/506 590/1022/504 652/911/530 651/910/529
f 590/1022/504 620/1025/640 653/912/531 652/911/530
f 620/1025/640 621/1029/642 654/913/532 653/912/531
f 621/1029/642 591/1028/506 651/910/529 654/913/532
f 605/1030/507 604/1026/505 656/915/534 655/914/533
f 604/1026/505 634/1027/641 657/916/535 656/915/534
f 634/1027/641 635/1031/643 658/917/536 657/916/535
f 635/1031/643 605/1030/507 655/914/533 658/917/536
f 592/1032/508 591/1028/506 660/919/538 659/918/537
f 591/1028/506 621/1029/642 661/920/539 660/919/538
f 621/1029/642 622/1033/644 662/921/540 661/920/539
f 622/1033/644 592/1032/508 659/918/537 662/921/540
f 606/1034/509 605/1030/507 664/923/542 663/922/541
f 605/1030/507 635/1031/643 665/924/543 664/923/542
f 635/1031/643 636/1035/645 666/925/544 665/924/543
f 636/1035/645 606/1034/509 663/922/541 666/925/544
f 593/1036/510 592/1032/508 668/927/546 667/926/545
f 592/1032/508 622/1033/644 669/928/547 668/927/546
f 622/1033/644 623/1037/646 670/929/548 669/928/547
f 623/1037/646 593/1036/510 667/926/545 670/929/548
f 580/1038/512 579/1039/511 672/931/550 671/930/549
f 579/1039/511 609/1040/647 673/932/551 672/931/550
f 609/1040/647 610/1041/648 674/933/552 673/932/551
f 610/1041/648 580/1038/512 671/930/549 674/933/552
f 607/1042/513 606/1034/509 676/935/554 675/934/553
f 606/1034/509 636/1035/645 677/936/555 676/935/554
f 636/1035/645 637/1043/649 678/937/556 677/936/555
f 637/1043/649 607/1042/513 675/934/553 678/937/556
f 594/1044/514 593/1036/510 680/939/558 679/938/557
f 593/1036/510 623/1037/646 681/940/559 680/939/558
f 623/1037/646 624/1045/650 682/941/560 681/940/559
f 624/1045/650 594/1044/514 679/938/557 682/941/560
f 581/1046/515 580/1038/512 684/943/562 683/942/561
f 580/1038/512 610/1041/648 685/944/563 684/943/562
f 610/1041/648 611/1047/651 686/945/564 685/944/563
f 611/1047/651 581/1046/515 683/942/561 686/945/564
f 608/1048/516 607/1042/513 688/947/566 687/946/565
f 607/1042/513 637/1043/649 689/948/567 688/947/566
f 637/1043/649 638/1049/652 690/949/568 689/948/567
f 638/1049/652 608/1048/516 687/946/565 690/949/568
f 595/1050/487 594/1044/514 692/951/570 691/950/569
f 594/1044/514 624/1045/650 693/952/571 692/951/570
f 624/1045/650 625/1051/653 694/953/572 693/952/571
f 625/1051/653 595/1050/487 691/950/569 694/953/572
f 582/1052/489 581/1046/515 696/955/574 695/954/573
f 581/1046/515 611/1047/651 697/956/575 696/955/574
f 611/1047/651 612/1053/654 698/957/576 697/956/575
f 612/1053/654 582/1052/489 695/954/573 698/957/576
f 579/1039/511 608/1048/516 700/959/578 699/958/577
f 608/1048/516 638/1049/652 701/960/579 700/959/578
f 638/1049/652 609/1040/647 702/961/580 701/960/579
f 609/1040/647 579/1039/511 699/958/577 702/961/580
f 596/1054/488 595/1050/487 704/963/582 703/962/581
f 595/1050/487 625/1051/653 705/964/583 704/963/582
f 625/1051/653 626/1055/655 706/965/584 705/964/583
f 626/1055/655 596/1054/488 703/962/581 706/965/584
f 583/1056/490 582/1057/489 708/967/586 707/966/585
f 582/1057/489 612/1058/654 709/968/587 708/967/586
f 612/1058/654 613/1059/656 710/969/588 709/968/587
f 613/1059/656 583/1056/490 707/966/585 710/969/588
f 597/1060/491 596/1054/488 712/971/590 711/970/589
f 596/1054/488 626/1055/655 713/972/591 712/971/590
f 626/1055/655 627/1061/657 714/973/592 713/972/591
f 627/1061/657 597/1060/491 711/970/589 714/973/592
f 584/1062/492 583/1056/490 716/975/594 715/974/593
f 583/1056/490 613/1059/656 717/976/595 716/975/594
f 613/1059/656 614/1063/658 718/977/596 717/976/595
f 614/1063/658 584/1062/492 715/974/593 718/977/596
f 598/1064/493 597/1060/491 720/979/598 719/978/597
f 597/1060/491 627/1061/657 721/980/599 720/979/598
f 627/1061/657 628/1065/659 722/981/600 721/980/599
f 628/1065/659 598/1064/493 719/978/597 722/981/600
f 585/1066/494 584/1062/492 724/983/602 723/982/601
f 584/1062/492 614/1063/658 725/984/603 724/983/602
f 614/1063/658 615/1067/660 726/985/604 725/984/603
f 615/1067/660 585/1066/494 723/982/601 726/985/604
f 599/1068/495 598/1064/493 728/987/606 727/986/605
f 598/1064/493 628/1065/659 729/988/607 728/987/606
f 628/1065/659 629/1069/661 730/989/608 729/988/607
f 629/1069/661 599/1068/495 727/986/605 730/989/608
f 586/1070/496 585/1066/494 732/991/610 731/990/609
f 585/1066/494 615/1067/660 733/992/611 732/991/610
f 615/1067/660 616/1071/662 734/993/612 733/992/611
f 616/1071/662 586/1070/496 731/990/609 734/993/612
f 600/1072/497 599/1068/495 736/995/614 735/994/613
f 599/1068/495 629/1069/661 737/996/615 736/995/614
f 629/1069/661 630/1073/663 738/997/616 737/996/615
f 630/1073/663 600/1072/497 735/994/613 738/997/616
f 587/1074/498 586/1070/496 740/999/618 739/998/617
f 586/1070/496 616/1071/662 741/1000/619 740/999/618
f 616/1071/662 617/1075/664 742/1001/620 741/1000/619
f 617/1075/664 587/1074/498 739/998/617 742/1001/620
f 601/1076/499 600/1072/497 744/1003/622 743/1002/621
f 600/1072/497 630/1073/663 745/1004/623 744/1003/622
f 630/1073/663 631/1077/665 746/1005/624 745/1004/623
f 631/1077/665 601/1076/499 743/1002/621 746/1005/624
f 588/1078/500 587/1074/498 748/1007/626 747/1006/625
f 587/1074/498 617/1075/664 749/1008/627 748/1007/626
f 617/1075/664 618/1079/666 750/1009/628 749/1008/627
f 618/1079/666 588/1078/500 747/1006/625 750/1009/628
f 602/1019/501 601/1076/499 752/1011/630 751/1010/629
f 601/1076/499 631/1077/665 753/1012/631 752/1011/630
f 631/1077/665 632/1020/637 754/1013/632 753/1012/631
f 632/1020/637 602/1019/501 751/1010/629 754/1013/632
f 589/1023/502 588/1078/500 756/1015/634 755/1014/633
f 588/1078/500 618/1079/666 757/1016/635 756/1015/634
f 618/1079/666 619/1024/639 758/1017/636 757/1016/635
f 619/1024/639 589/1023/502 755/1014/633 758/1017/636
f 627/1080/657 759/1081/667 629/1082/661 628/1083/659
f 759/1081/667 766/1084/667 630/1085/663 629/1082/661
f 766/1084/667 773/1086/667 631/1087/665 630/1085/663
f 773/1086/667 780/1088/667 632/1089/637 631/1087/665
f 780/1088/667 787/1090/667 633/1091/638 632/1089/637
f 787/1090/667 794/1092/667 634/1093/641 633/1091/638
f 794/1092/667 636/1094/645 635/1095/643 634/1093/641
f 626/1096/655 760/1097/667 759/1081/667 627/1080/657
f 760/1097/667 767/1098/667 766/1084/667 759/1081/667
f 767/1098/667 774/1099/667 773/1086/667 766/1084/667
f 774/1099/667 781/1100/667 780/1088/667 773/1086/667
f 781/1100/667 788/1101/667 787/1090/667 780/1088/667
f 788/1101/667 795/1102/667 794/1092/667 787/1090/667
f 795/1102/667 637/1103/649 636/1094/645 794/1092/667
f 625/1104/653 761/1105/667 760/1097/667 626/1096/655
f 761/1105/667 768/1106/667 767/1098/667 760/1097/667
f 768/1106/667 775/1107/667 774/1099/667 767/1098/667
f 775/1107/667 782/1108/667 781/1100/667 774/1099/667
f 782/1108/667 789/1109/667 788/1101/667 781/1100/667
f 789/1109/667 796/1110/667 795/1102/667 788/1101/667
f 796/1110/667 638/1111/652 637/1103/649 795/1102/667
f 624/1112/650 762/1113/667 761/1105/667 625/1104/653
f 762/1113/667 769/1114/667 768/1106/667 761/1105/667
f 769/1114/667 776/1115/667 775/1107/667 768/1106/667
f 776/1115/667 783/1116/667 782/1108/667 775/1107/667
f 783/1116/667 790/1117/667 789/1109/667 782/1108/667
f 790/1117/667 797/1118/667 796/1110/667 789/1109/667
f 797/1118/667 609/1119/647 638/1111/652 796/1110/667
f 623/1120/646 763/1121/667 762/1113/667 624/1112/650
f 763/1121/667 770/1122/667 769/1114/667 762/1113/667
f 770/1122/667 777/1123/667 776/1115/667 769/1114/667
f 777/1123/667 784/1124/667 783/1116/667 776/1115/667
f 784/1124/667 791/1125/667 790/1117/667 783/1116/667
f 791/1125/667 798/1126/667 797/1118/667 790/1117/667
f 798/1126/667 610/1127/648 609/1119/647 797/1118/667
f 622/1128/644 764/1129/667 763/1121/667 623/1120/646
f 764/1129/667 771/1130/667 770/1122/667 763/1121/667
f 771/1130/667 778/1131/667 777/1123/667 770/1122/667
f 778/1131/667 785/1132/667 784/1124/667 777/1123/667
f 785/1132/667 792/1133/667 791/1125/667 784/1124/667
f 792/1133/667 799/1134/667 798/1126/667 791/1125/667
f 799/1134/667 611/1135/651 610/1127/648 798/1126/667
f 621/1136/642 765/1137/667 764/1129/667 622/1128/644
f 765/1137/667 772/1138/667 771/1130/667 764/1129/667
f 772/1138/667 779/1139/667 778/1131/667 771/1130/667
f 779/1139/667 786/1140/667 785/1132/667 778/1131/667
f 786/1140/667 793/1141/667 792/1133/667 785/1132/667
f 793/1141/667 800/1142/667 799/1134/667 792/1133/667
f 800/1142/667 612/1143/654 611/1135/651 799/1134/667
f 620/1144/640 619/1145/639 765/1137/667 621/1136/642
f 619/1145/639 618/1146/666 772/1138/667 765/1137/667
f 618/1146/666 617/1147/664 779/1139/667 772/1138/667
f 617/1147/664 616/1148/662 786/1140/667 779/1139/667
f 616/1148/662 615/1149/660 793/1141/667 786/1140/667
f 615/1149/660 614/1150/658 800/1142/667 793/1141/667
f 614/1150/658 613/1151/656 612/1143/654 800/1142/667
