# Blender 5.0.1
# www.blender.org
mtllib Lata gaseosa.mtl
o Lata_Gaseosa
v 0.000000 0.215586 -0.743527
v 0.000000 2.944831 -0.743527
v 0.192439 0.215586 -0.718192
v 0.192439 2.944831 -0.718192
v 0.371764 0.215586 -0.643913
v 0.371764 2.944831 -0.643913
v 0.525753 0.215586 -0.525753
v 0.525753 2.944831 -0.525753
v 0.643913 0.215586 -0.371764
v 0.643913 2.944831 -0.371764
v 0.718192 0.215586 -0.192439
v 0.718192 2.944831 -0.192439
v 0.743527 0.215586 0.000000
v 0.743527 2.944831 0.000000
v 0.718192 0.215586 0.192439
v 0.718192 2.944831 0.192439
v 0.643913 0.215586 0.371764
v 0.643913 2.944831 0.371764
v 0.525753 0.215586 0.525753
v 0.525753 2.944831 0.525753
v 0.371764 0.215586 0.643913
v 0.371764 2.944831 0.643913
v 0.192439 0.215586 0.718192
v 0.192439 2.944831 0.718192
v 0.000000 0.215586 0.743527
v 0.000000 2.944831 0.743527
v -0.192439 0.215586 0.718192
v -0.192439 2.944831 0.718192
v -0.371764 0.215586 0.643913
v -0.371764 2.944831 0.643913
v -0.525753 0.215586 0.525753
v -0.525753 2.944831 0.525753
v -0.643913 0.215586 0.371764
v -0.643913 2.944831 0.371764
v -0.718192 0.215586 0.192439
v -0.718192 2.944831 0.192439
v -0.743527 0.215586 0.000000
v -0.743527 2.944831 0.000000
v -0.718192 0.215586 -0.192439
v -0.718192 2.944831 -0.192439
v -0.643913 0.215586 -0.371764
v -0.643913 2.944831 -0.371764
v -0.525753 0.215586 -0.525753
v -0.525753 2.944831 -0.525753
v -0.371764 0.215586 -0.643913
v -0.371764 2.944831 -0.643913
v -0.192439 0.215586 -0.718192
v -0.192439 2.944831 -0.718192
v 0.162207 3.159157 -0.605365
v 0.000000 3.159157 -0.626720
v 0.313360 3.159157 -0.542755
v 0.443158 3.159157 -0.443158
v 0.542755 3.159157 -0.313360
v 0.605365 3.159157 -0.162207
v 0.626720 3.159157 0.000000
v 0.605365 3.159157 0.162207
v 0.542755 3.159157 0.313360
v 0.443158 3.159157 0.443158
v 0.313360 3.159157 0.542755
v 0.162207 3.159157 0.605365
v 0.000000 3.159157 0.626720
v -0.162207 3.159157 0.605365
v -0.313360 3.159157 0.542755
v -0.443158 3.159157 0.443158
v -0.542755 3.159157 0.313360
v -0.605365 3.159157 0.162207
v -0.626720 3.159157 0.000000
v -0.605365 3.159157 -0.162207
v -0.542755 3.159157 -0.313360
v -0.443158 3.159157 -0.443158
v -0.313360 3.159157 -0.542755
v -0.162207 3.159157 -0.605365
v 0.148004 3.283913 -0.552357
v 0.000000 3.283913 -0.571842
v 0.285921 3.283913 -0.495230
v 0.404353 3.283913 -0.404353
v 0.495230 3.283913 -0.285921
v 0.552357 3.283913 -0.148004
v 0.571842 3.283913 0.000000
v 0.552357 3.283913 0.148004
v 0.495230 3.283913 0.285921
v 0.404353 3.283913 0.404353
v 0.285921 3.283913 0.495230
v 0.148004 3.283913 0.552357
v 0.000000 3.283913 0.571842
v -0.148004 3.283913 0.552357
v -0.285921 3.283913 0.495230
v -0.404353 3.283913 0.404353
v -0.495230 3.283913 0.285921
v -0.552357 3.283913 0.148004
v -0.571842 3.283913 0.000000
v -0.552357 3.283913 -0.148004
v -0.495230 3.283913 -0.285921
v -0.404353 3.283913 -0.404353
v -0.285921 3.283913 -0.495230
v -0.148004 3.283913 -0.552357
v 0.145991 3.325499 -0.544845
v 0.000000 3.325499 -0.564066
v 0.282033 3.325499 -0.488495
v 0.398855 3.325499 -0.398855
v 0.488495 3.325499 -0.282033
v 0.544845 3.325499 -0.145991
v 0.564066 3.325499 0.000000
v 0.544845 3.325499 0.145991
v 0.488495 3.325499 0.282033
v 0.398855 3.325499 0.398855
v 0.282033 3.325499 0.488495
v 0.145991 3.325499 0.544845
v 0.000000 3.325499 0.564066
v -0.145991 3.325499 0.544845
v -0.282033 3.325499 0.488495
v -0.398855 3.325499 0.398855
v -0.488495 3.325499 0.282033
v -0.544845 3.325499 0.145991
v -0.564066 3.325499 0.000000
v -0.544845 3.325499 -0.145991
v -0.488495 3.325499 -0.282033
v -0.398855 3.325499 -0.398855
v -0.282033 3.325499 -0.488495
v -0.145991 3.325499 -0.544845
v 0.151855 3.325499 -0.566731
v 0.000000 3.325499 -0.586723
v 0.293362 3.325499 -0.508117
v 0.414876 3.325499 -0.414876
v 0.508117 3.325499 -0.293362
v 0.566731 3.325499 -0.151855
v 0.586723 3.325499 0.000000
v 0.566731 3.325499 0.151855
v 0.508117 3.325499 0.293362
v 0.414876 3.325499 0.414876
v 0.293362 3.325499 0.508117
v 0.151855 3.325499 0.566731
v 0.000000 3.325499 0.586723
v -0.151855 3.325499 0.566731
v -0.293362 3.325499 0.508117
v -0.414876 3.325499 0.414876
v -0.508117 3.325499 0.293362
v -0.566731 3.325499 0.151855
v -0.586723 3.325499 0.000000
v -0.566731 3.325499 -0.151855
v -0.508117 3.325499 -0.293362
v -0.414876 3.325499 -0.414876
v -0.293362 3.325499 -0.508117
v -0.151855 3.325499 -0.566731
v 0.151855 3.367084 -0.566731
v 0.000000 3.367084 -0.586723
v 0.293362 3.367084 -0.508117
v 0.414876 3.367084 -0.414876
v 0.508117 3.367084 -0.293362
v 0.566731 3.367084 -0.151855
v 0.586723 3.367084 0.000000
v 0.566731 3.367084 0.151855
v 0.508117 3.367084 0.293362
v 0.414876 3.367084 0.414876
v 0.293362 3.367084 0.508117
v 0.151855 3.367084 0.566731
v 0.000000 3.367084 0.586723
v -0.151855 3.367084 0.566731
v -0.293362 3.367084 0.508117
v -0.414876 3.367084 0.414876
v -0.508117 3.367084 0.293362
v -0.566731 3.367084 0.151855
v -0.586723 3.367084 0.000000
v -0.566731 3.367084 -0.151855
v -0.508117 3.367084 -0.293362
v -0.414876 3.367084 -0.414876
v -0.293362 3.367084 -0.508117
v -0.151855 3.367084 -0.566731
v 0.145254 3.338294 -0.542095
v 0.000000 3.338294 -0.561218
v 0.280609 3.338294 -0.486029
v 0.396841 3.338294 -0.396841
v 0.486029 3.338294 -0.280609
v 0.542095 3.338294 -0.145254
v 0.561218 3.338294 0.000000
v 0.542095 3.338294 0.145254
v 0.486029 3.338294 0.280609
v 0.396841 3.338294 0.396841
v 0.280609 3.338294 0.486029
v 0.145254 3.338294 0.542095
v 0.000000 3.338294 0.561218
v -0.145254 3.338294 0.542095
v -0.280609 3.338294 0.486029
v -0.396841 3.338294 0.396841
v -0.486029 3.338294 0.280609
v -0.542095 3.338294 0.145254
v -0.561218 3.338294 0.000000
v -0.542095 3.338294 -0.145254
v -0.486029 3.338294 -0.280609
v -0.396841 3.338294 -0.396841
v -0.280609 3.338294 -0.486029
v -0.145254 3.338294 -0.542095
v -0.000000 0.119619 -0.653757
v 0.169205 0.119619 -0.631481
v 0.326879 0.119619 -0.566170
v 0.462276 0.119619 -0.462276
v 0.566170 0.119619 -0.326879
v 0.631481 0.119619 -0.169205
v 0.653757 0.119619 0.000000
v 0.631481 0.119619 0.169205
v 0.566170 0.119619 0.326879
v 0.462276 0.119619 0.462276
v 0.326879 0.119619 0.566170
v 0.169205 0.119619 0.631481
v -0.000000 0.119619 0.653757
v -0.169205 0.119619 0.631481
v -0.326879 0.119619 0.566170
v -0.462276 0.119619 0.462276
v -0.566170 0.119619 0.326879
v -0.631481 0.119619 0.169205
v -0.653757 0.119619 0.000000
v -0.631481 0.119619 -0.169205
v -0.566170 0.119619 -0.326879
v -0.462276 0.119619 -0.462276
v -0.326879 0.119619 -0.566170
v -0.169205 0.119619 -0.631481
v -0.000640 0.039008 -0.581994
v 0.149991 0.039008 -0.562163
v 0.290357 0.039008 -0.504021
v 0.410892 0.039008 -0.411532
v 0.503381 0.039008 -0.290997
v 0.561523 0.039008 -0.150631
v 0.581354 0.039008 0.000000
v 0.561523 0.039008 0.150631
v 0.503381 0.039008 0.290997
v 0.410892 0.039008 0.411532
v 0.290357 0.039008 0.504021
v 0.149991 0.039008 0.562163
v -0.000640 0.039008 0.581994
v -0.151271 0.039008 0.562163
v -0.291637 0.039008 0.504021
v -0.412171 0.039008 0.411532
v -0.504661 0.039008 0.290997
v -0.562802 0.039008 0.150631
v -0.582633 0.039008 0.000000
v -0.562802 0.039008 -0.150631
v -0.504661 0.039008 -0.290997
v -0.412171 0.039008 -0.411532
v -0.291637 0.039008 -0.504021
v -0.151271 0.039008 -0.562163
v -0.000640 0.039008 -0.530364
v 0.136629 0.039008 -0.512292
v 0.264542 0.039008 -0.459309
v 0.374384 0.039008 -0.375024
v 0.458669 0.039008 -0.265182
v 0.511653 0.039008 -0.137268
v 0.529724 0.039008 0.000000
v 0.511653 0.039008 0.137268
v 0.458669 0.039008 0.265182
v 0.374384 0.039008 0.375024
v 0.264542 0.039008 0.459309
v 0.136629 0.039008 0.512292
v -0.000640 0.039008 0.530364
v -0.137908 0.039008 0.512292
v -0.265822 0.039008 0.459309
v -0.375664 0.039008 0.375024
v -0.459949 0.039008 0.265182
v -0.512932 0.039008 0.137268
v -0.531004 0.039008 0.000000
v -0.512932 0.039008 -0.137268
v -0.459949 0.039008 -0.265182
v -0.375664 0.039008 -0.375024
v -0.265822 0.039008 -0.459309
v -0.137908 0.039008 -0.512292
v -0.000640 0.068056 -0.464445
v 0.119567 0.068056 -0.448619
v 0.231583 0.068056 -0.402221
v 0.327772 0.068056 -0.328412
v 0.401581 0.068056 -0.232222
v 0.447979 0.068056 -0.120207
v 0.463805 0.068056 0.000000
v 0.447979 0.068056 0.120207
v 0.401581 0.068056 0.232222
v 0.327772 0.068056 0.328412
v 0.231583 0.068056 0.402221
v 0.119567 0.068056 0.448619
v -0.000640 0.068056 0.464445
v -0.120847 0.068056 0.448619
v -0.232862 0.068056 0.402221
v -0.329052 0.068056 0.328412
v -0.402861 0.068056 0.232222
v -0.449259 0.068056 0.120207
v -0.465084 0.068056 0.000000
v -0.449259 0.068056 -0.120207
v -0.402861 0.068056 -0.232222
v -0.329052 0.068056 -0.328412
v -0.232862 0.068056 -0.402221
v -0.120847 0.068056 -0.448619
v -0.000640 0.109395 -0.345853
v 0.088873 0.109395 -0.334068
v 0.172287 0.109395 -0.299517
v 0.243915 0.109395 -0.244555
v 0.298878 0.109395 -0.172926
v 0.333428 0.109395 -0.089513
v 0.345213 0.109395 0.000000
v 0.333428 0.109395 0.089513
v 0.298878 0.109395 0.172926
v 0.243915 0.109395 0.244555
v 0.172287 0.109395 0.299517
v 0.088873 0.109395 0.334068
v -0.000640 0.109395 0.345853
v -0.090153 0.109395 0.334068
v -0.173566 0.109395 0.299517
v -0.245195 0.109395 0.244555
v -0.300157 0.109395 0.172926
v -0.334708 0.109395 0.089513
v -0.346492 0.109395 0.000000
v -0.334708 0.109395 -0.089513
v -0.300157 0.109395 -0.172926
v -0.245195 0.109395 -0.244555
v -0.173566 0.109395 -0.299517
v -0.090153 0.109395 -0.334068
v -0.000640 0.136067 -0.241936
v 0.061978 0.136067 -0.233692
v 0.120328 0.136067 -0.209523
v 0.170435 0.136067 -0.171075
v 0.208883 0.136067 -0.120968
v 0.233053 0.136067 -0.062618
v 0.241296 0.136067 0.000000
v 0.233053 0.136067 0.062618
v 0.208883 0.136067 0.120968
v 0.170435 0.136067 0.171075
v 0.120328 0.136067 0.209523
v 0.061978 0.136067 0.233692
v -0.000640 0.136067 0.241936
v -0.063257 0.136067 0.233692
v -0.121608 0.136067 0.209523
v -0.171714 0.136067 0.171075
v -0.210163 0.136067 0.120968
v -0.234332 0.136067 0.062618
v -0.242576 0.136067 0.000000
v -0.234332 0.136067 -0.062618
v -0.210163 0.136067 -0.120968
v -0.171714 0.136067 -0.171075
v -0.121608 0.136067 -0.209523
v -0.063257 0.136067 -0.233692
v -0.000640 0.160069 -0.138010
v 0.035080 0.160069 -0.133308
v 0.068365 0.160069 -0.119520
v 0.096948 0.160069 -0.097588
v 0.118881 0.160069 -0.069005
v 0.132668 0.160069 -0.035720
v 0.137371 0.160069 0.000000
v 0.132668 0.160069 0.035720
v 0.118881 0.160069 0.069005
v 0.096948 0.160069 0.097588
v 0.068365 0.160069 0.119520
v 0.035080 0.160069 0.133308
v -0.000640 0.160069 0.138010
v -0.036359 0.160069 0.133308
v -0.069645 0.160069 0.119520
v -0.098228 0.160069 0.097588
v -0.120160 0.160069 0.069005
v -0.133947 0.160069 0.035720
v -0.138650 0.160069 0.000000
v -0.133947 0.160069 -0.035720
v -0.120160 0.160069 -0.069005
v -0.098228 0.160069 -0.097588
v -0.069645 0.160069 -0.119520
v -0.036359 0.160069 -0.133308
v -0.474347 3.338294 -0.134243
v -0.353669 3.338294 -0.256775
v -0.207411 3.338294 -0.359247
v -0.045539 3.338294 -0.434674
v 0.120916 3.338294 -0.477917
v -0.424897 3.338294 0.030696
v -0.277534 3.338294 -0.083862
v -0.110051 3.338294 -0.190614
v 0.066140 3.338294 -0.282283
v 0.239032 3.338294 -0.352623
v -0.343675 3.338294 0.198421
v -0.177899 3.338294 0.102710
v 0.000000 3.338294 0.000000
v 0.177899 3.338294 -0.102710
v 0.343675 3.338294 -0.198421
v -0.239032 3.338294 0.352624
v -0.066140 3.338294 0.282283
v 0.110051 3.338294 0.190614
v 0.277534 3.338294 0.083862
v 0.424897 3.338294 -0.030696
v -0.120916 3.338294 0.477918
v 0.045539 3.338294 0.434674
v 0.207411 3.338294 0.359247
v 0.353669 3.338294 0.256775
v 0.474346 3.338294 0.134243
v 0.089463 3.338787 -0.186892
v 0.048236 3.334317 -0.181211
v 0.013576 3.334317 -0.170697
v -0.018366 3.334317 -0.153623
v -0.047905 3.334317 -0.130646
v -0.076180 3.334317 -0.102648
v -0.090795 3.334317 -0.070705
v -0.098129 3.334317 -0.036045
v -0.100605 3.334317 -0.000000
v -0.098129 3.334317 0.036045
v -0.090795 3.334317 0.070705
v -0.076180 3.334317 0.102648
v -0.047905 3.334317 0.130646
v -0.018366 3.334317 0.153623
v 0.013576 3.334317 0.170697
v 0.048236 3.334317 0.181211
v 0.089463 3.338787 0.186892
v 0.138831 3.340525 0.181211
v 0.173491 3.340525 0.170697
v 0.205434 3.340525 0.153623
v 0.233432 3.340525 0.130646
v 0.256409 3.340525 0.102648
v 0.273483 3.340525 0.070705
v 0.283997 3.340525 0.036045
v 0.287547 3.340525 -0.000000
v 0.283997 3.340525 -0.036045
v 0.273483 3.340525 -0.070705
v 0.256409 3.340525 -0.102648
v 0.233432 3.340525 -0.130646
v 0.205434 3.340525 -0.153623
v 0.173491 3.340525 -0.170697
v 0.138831 3.340525 -0.181211
v -0.278919 3.343629 -0.191449
v -0.314106 3.340525 -0.187468
v -0.349963 3.340525 -0.176591
v -0.383009 3.340525 -0.158928
v -0.411428 3.340525 -0.135157
v -0.432896 3.340525 -0.106192
v -0.449454 3.340525 -0.073147
v -0.459886 3.340525 -0.037290
v -0.463409 3.340525 -0.000000
v -0.459886 3.340525 0.037290
v -0.449454 3.340525 0.073147
v -0.432896 3.340525 0.106192
v -0.411428 3.340525 0.135157
v -0.383009 3.340525 0.158928
v -0.349963 3.340525 0.176591
v -0.314106 3.340525 0.187468
v -0.278919 3.343629 0.191449
v -0.223237 3.334317 0.187468
v -0.192203 3.340525 0.191757
v -0.386974 3.340525 -0.000000
v -0.384053 3.340525 0.037290
v -0.223237 3.334317 -0.187468
v -0.259094 3.334317 -0.176591
v -0.375401 3.340525 0.073147
v -0.292140 3.334317 -0.158928
v -0.341981 3.338787 0.106384
v -0.320464 3.334317 -0.135157
v -0.320464 3.334317 0.135157
v -0.341981 3.338787 -0.106384
v -0.292140 3.334317 0.158928
v -0.375401 3.340525 -0.073147
v -0.259094 3.334317 0.176591
v -0.384053 3.340525 -0.037290
v -0.192203 3.340525 -0.191757
v -0.028622 3.340525 0.191757
v -0.183202 3.340525 0.037290
v -0.095513 3.334317 -0.176591
v -0.188228 3.340525 0.073147
v -0.128559 3.334317 -0.158928
v -0.210265 3.338787 0.106384
v -0.163142 3.334317 -0.135157
v -0.163142 3.334317 0.135157
v -0.210265 3.338787 -0.106384
v -0.128559 3.334317 0.158928
v -0.188228 3.340525 -0.073147
v -0.095513 3.334317 0.176591
v -0.183202 3.340525 -0.037290
v -0.059657 3.334317 0.187468
v -0.181505 3.340525 -0.000000
v -0.059657 3.334317 -0.187468
v -0.028622 3.340525 -0.191757
v 0.102786 3.340525 -0.159240
v 0.071720 3.340525 -0.156180
v 0.041848 3.340525 -0.147119
v 0.014317 3.340525 -0.132403
v -0.009813 3.340525 -0.112600
v -0.029617 3.340525 -0.088469
v -0.044332 3.340525 -0.060938
v -0.053394 3.340525 -0.031066
v -0.056454 3.340525 -0.000000
v -0.053394 3.340525 0.031066
v -0.044332 3.340525 0.060938
v -0.029617 3.340525 0.088469
v -0.009813 3.340525 0.112600
v 0.014317 3.340525 0.132403
v 0.041848 3.340525 0.147119
v 0.071720 3.340525 0.156180
v 0.102786 3.340525 0.159240
v 0.133852 3.340525 0.156180
v 0.163725 3.340525 0.147119
v 0.187443 3.338787 0.126997
v 0.210391 3.334317 0.107604
v 0.229316 3.334317 0.084544
v 0.243378 3.334317 0.058235
v 0.252038 3.334317 0.029688
v 0.254962 3.334317 -0.000000
v 0.252038 3.334317 -0.029688
v 0.243378 3.334317 -0.058235
v 0.229316 3.334317 -0.084544
v 0.210391 3.334317 -0.107604
v 0.187443 3.338787 -0.126997
v 0.163725 3.340525 -0.147119
v 0.133852 3.340525 -0.156180
v 0.106877 3.334317 -0.065498
v 0.092424 3.334317 -0.063442
v 0.078369 3.334317 -0.058947
v 0.065253 3.334317 -0.052187
v 0.053579 3.334317 -0.043422
v 0.043796 3.334317 -0.032988
v 0.036280 3.334317 -0.021286
v 0.031320 3.334317 -0.008766
v 0.029106 3.334317 0.004091
v 0.026037 3.334317 0.015801
v 0.033963 3.334317 0.028507
v 0.037343 3.334317 0.043097
v 0.047794 3.334317 0.049207
v 0.058451 3.334317 0.056733
v 0.070811 3.334317 0.062078
v 0.084400 3.334317 0.065038
v 0.098695 3.334317 0.065498
v 0.113148 3.334317 0.063442
v 0.127203 3.334317 0.058947
v 0.140319 3.334317 0.052187
v 0.151993 3.334317 0.043422
v 0.161776 3.334317 0.032988
v 0.169292 3.334317 0.021286
v 0.174252 3.334317 0.008766
v 0.176466 3.334317 -0.004091
v 0.179535 3.334317 -0.015801
v 0.171609 3.334317 -0.028507
v 0.168229 3.334317 -0.043097
v 0.157778 3.334317 -0.049207
v 0.147122 3.334317 -0.056733
v 0.134761 3.334317 -0.062078
v 0.121172 3.334317 -0.065038
v 0.007248 3.340525 -0.039573
v 0.001364 3.340525 -0.020174
v 0.180903 3.334317 0.078117
v 0.194642 3.334317 0.061376
v -0.000623 3.340525 -0.000000
v 0.204850 3.334317 0.042276
v 0.001364 3.340525 0.020174
v 0.211137 3.334317 0.021552
v 0.007248 3.340525 0.039573
v 0.213260 3.334317 -0.000000
v 0.016804 3.340525 0.057451
v 0.211137 3.334317 -0.021552
v 0.029665 3.340525 0.073121
v 0.204850 3.334317 -0.042276
v 0.045335 3.340525 0.085982
v 0.194642 3.334317 -0.061376
v 0.063213 3.340525 0.095538
v 0.102786 3.340525 -0.103409
v 0.082612 3.340525 -0.101422
v 0.180903 3.334317 -0.078117
v 0.082612 3.340525 0.101422
v 0.063213 3.340525 -0.095538
v 0.164420 3.338787 -0.091942
v 0.102786 3.340525 0.103409
v 0.045335 3.340525 -0.085982
v 0.142359 3.340525 -0.095538
v 0.122960 3.340525 0.101422
v 0.029665 3.340525 -0.073121
v 0.122960 3.340525 -0.101422
v 0.142359 3.340525 0.095538
v 0.016804 3.340525 -0.057451
v 0.164420 3.338787 0.091942
v 0.161662 3.334317 -0.024387
v 0.155773 3.334317 -0.021948
v 0.147847 3.334317 -0.018665
v 0.138191 3.334317 -0.014665
v 0.127173 3.334317 -0.010101
v 0.115218 3.334317 -0.005150
v 0.102786 3.334317 0.000000
v 0.090354 3.334317 0.005150
v 0.078399 3.334317 0.010101
v 0.067382 3.334317 0.014665
v 0.057725 3.334317 0.018665
v 0.049800 3.334317 0.021948
v 0.043911 3.334317 0.024387
v 0.048236 3.371564 -0.181211
v 0.089463 3.367095 -0.186892
v 0.013576 3.371564 -0.170697
v -0.018366 3.371564 -0.153623
v -0.047905 3.371564 -0.130646
v -0.076180 3.371565 -0.102648
v -0.090795 3.371565 -0.070705
v -0.098129 3.371565 -0.036045
v -0.100605 3.371565 -0.000000
v -0.098129 3.371565 0.036045
v -0.090795 3.371565 0.070705
v -0.076180 3.371565 0.102648
v -0.047905 3.371565 0.130646
v -0.018366 3.371564 0.153623
v 0.013576 3.371564 0.170697
v 0.048236 3.371565 0.181211
v 0.089463 3.367095 0.186892
v 0.138831 3.365356 0.181211
v 0.173491 3.365356 0.170697
v 0.205434 3.365356 0.153623
v 0.233432 3.365356 0.130646
v 0.256409 3.365356 0.102648
v 0.273483 3.365356 0.070705
v 0.283997 3.365356 0.036045
v 0.287547 3.365356 -0.000000
v 0.283997 3.365356 -0.036045
v 0.273483 3.365356 -0.070705
v 0.256409 3.365356 -0.102648
v 0.233432 3.365356 -0.130646
v 0.205434 3.365356 -0.153623
v 0.173491 3.365356 -0.170697
v 0.138831 3.365356 -0.181211
v -0.314106 3.365357 -0.187468
v -0.278919 3.362252 -0.191449
v -0.349963 3.365357 -0.176591
v -0.383009 3.365357 -0.158928
v -0.411428 3.365357 -0.135157
v -0.432896 3.365357 -0.106192
v -0.449454 3.365357 -0.073147
v -0.459886 3.365357 -0.037290
v -0.463409 3.365357 -0.000000
v -0.459886 3.365357 0.037290
v -0.449454 3.365357 0.073147
v -0.432896 3.365357 0.106192
v -0.411428 3.365357 0.135157
v -0.383009 3.365357 0.158928
v -0.349963 3.365357 0.176591
v -0.314106 3.365357 0.187468
v -0.278919 3.362252 0.191449
v -0.223237 3.371565 0.187468
v -0.028622 3.365356 0.191757
v -0.386974 3.365356 -0.000000
v -0.183202 3.365357 0.037290
v -0.223237 3.371565 -0.187468
v -0.095513 3.371564 -0.176591
v -0.188228 3.365357 0.073147
v -0.128559 3.371564 -0.158928
v -0.210265 3.367095 0.106384
v -0.163142 3.371565 -0.135157
v -0.163142 3.371564 0.135157
v -0.210265 3.367095 -0.106384
v -0.128559 3.371564 0.158928
v -0.188228 3.365357 -0.073147
v -0.095513 3.371564 0.176591
v -0.183202 3.365357 -0.037290
v -0.192203 3.365357 -0.191757
v -0.059657 3.371564 0.187468
v -0.192203 3.365356 0.191757
v -0.384053 3.365356 0.037290
v -0.059657 3.371565 -0.187468
v -0.259094 3.371565 -0.176591
v -0.375401 3.365356 0.073147
v -0.292140 3.371565 -0.158928
v -0.341981 3.367095 0.106384
v -0.320464 3.371565 -0.135157
v -0.320464 3.371565 0.135157
v -0.341981 3.367095 -0.106384
v -0.292140 3.371565 0.158928
v -0.375401 3.365356 -0.073147
v -0.259094 3.371565 0.176591
v -0.384053 3.365356 -0.037290
v -0.028622 3.365357 -0.191757
v -0.181505 3.365357 -0.000000
v 0.071720 3.365357 -0.156180
v 0.102786 3.365357 -0.159240
v 0.041848 3.365357 -0.147119
v 0.014317 3.365357 -0.132403
v -0.009813 3.365357 -0.112600
v -0.029617 3.365357 -0.088469
v -0.044332 3.365357 -0.060938
v -0.053394 3.365357 -0.031066
v -0.056454 3.365357 -0.000000
v -0.053394 3.365357 0.031066
v -0.044332 3.365357 0.060938
v -0.029617 3.365357 0.088469
v -0.009813 3.365357 0.112600
v 0.014317 3.365357 0.132403
v 0.041848 3.365357 0.147119
v 0.071720 3.365357 0.156180
v 0.102786 3.365357 0.159240
v 0.133852 3.365357 0.156180
v 0.163725 3.365357 0.147119
v 0.187443 3.367095 0.126997
v 0.210827 3.369975 0.107806
v 0.235189 3.369357 0.088469
v 0.249905 3.369357 0.060938
v 0.258966 3.369357 0.031066
v 0.262026 3.369357 -0.000000
v 0.258966 3.369357 -0.031066
v 0.249905 3.369357 -0.060938
v 0.235189 3.369357 -0.088469
v 0.210827 3.369975 -0.107806
v 0.187443 3.367095 -0.126997
v 0.163725 3.365357 -0.147119
v 0.133852 3.365357 -0.156180
v 0.088125 3.378484 -0.073708
v 0.102786 3.378484 -0.075152
v 0.074027 3.378484 -0.069431
v 0.061034 3.378484 -0.062487
v 0.049646 3.378484 -0.053140
v 0.040300 3.378484 -0.041752
v 0.033355 3.378484 -0.028759
v 0.029078 3.378484 -0.014661
v 0.027634 3.378484 -0.000000
v 0.029078 3.378484 0.014661
v 0.033355 3.378484 0.028759
v 0.040300 3.378484 0.041752
v 0.049646 3.378484 0.053140
v 0.061034 3.378484 0.062487
v 0.074027 3.378484 0.069431
v 0.088125 3.378484 0.073708
v 0.102786 3.378484 0.075152
v 0.117448 3.378484 0.073708
v 0.131546 3.378484 0.069431
v 0.144538 3.378484 0.062487
v 0.155927 3.378484 0.053140
v 0.165273 3.378484 0.041752
v 0.172218 3.378484 0.028759
v 0.176494 3.378484 0.014661
v 0.177938 3.378484 -0.000000
v 0.176494 3.378484 -0.014661
v 0.172218 3.378484 -0.028759
v 0.165273 3.378484 -0.041752
v 0.155927 3.378484 -0.053140
v 0.144538 3.378484 -0.062487
v 0.131546 3.378484 -0.069431
v 0.117448 3.378484 -0.073708
v 0.001364 3.365356 -0.020174
v 0.180938 3.369975 0.078387
v 0.188768 3.369357 0.057451
v -0.000623 3.365356 -0.000000
v 0.198324 3.369357 0.039573
v 0.001364 3.365356 0.020174
v 0.204208 3.369357 0.020174
v 0.007248 3.365356 0.039573
v 0.206195 3.369357 -0.000000
v 0.016804 3.365356 0.057451
v 0.204208 3.369357 -0.020174
v 0.029665 3.365356 0.073121
v 0.198324 3.369357 -0.039573
v 0.045335 3.365356 0.085982
v 0.188768 3.369357 -0.057451
v 0.063213 3.365356 0.095538
v 0.082612 3.365356 -0.101422
v 0.180938 3.369975 -0.078387
v 0.082612 3.365356 0.101422
v 0.063213 3.365356 -0.095538
v 0.164420 3.367095 -0.091942
v 0.102786 3.365356 0.103409
v 0.045335 3.365356 -0.085982
v 0.142359 3.365356 -0.095538
v 0.122960 3.365356 0.101422
v 0.029665 3.365356 -0.073121
v 0.122960 3.365356 -0.101422
v 0.142359 3.365356 0.095538
v 0.016804 3.365356 -0.057451
v 0.164420 3.367095 0.091942
v 0.007248 3.365356 -0.039573
v 0.102786 3.365356 -0.103409
v 0.093802 3.415491 -0.056513
v 0.106877 3.415491 -0.058434
v 0.081073 3.415491 -0.052421
v 0.069178 3.415491 -0.046313
v 0.058574 3.415491 -0.038427
v 0.049670 3.415491 -0.029063
v 0.042807 3.415491 -0.018582
v 0.038249 3.415491 -0.007388
v 0.036171 3.415491 0.004091
v 0.036430 3.415250 0.013734
v 0.040490 3.415491 0.025804
v 0.046154 3.415250 0.037209
v 0.052789 3.415491 0.044212
v 0.062375 3.415491 0.050859
v 0.073514 3.415491 0.055551
v 0.085778 3.415491 0.058109
v 0.098695 3.415491 0.058434
v 0.111770 3.415491 0.056513
v 0.124499 3.415491 0.052421
v 0.136394 3.415491 0.046313
v 0.146998 3.415491 0.038427
v 0.155902 3.415491 0.029063
v 0.162765 3.415491 0.018582
v 0.167324 3.415491 0.007388
v 0.169402 3.415491 -0.004091
v 0.169142 3.415250 -0.013734
v 0.165083 3.415491 -0.025804
v 0.159418 3.415250 -0.037209
v 0.152783 3.415491 -0.044212
v 0.143197 3.415491 -0.050859
v 0.132058 3.415491 -0.055551
v 0.119794 3.415491 -0.058109
v 0.161662 3.415973 -0.024387
v 0.155773 3.415973 -0.021948
v 0.147847 3.415973 -0.018665
v 0.138191 3.415973 -0.014665
v 0.127173 3.415973 -0.010101
v 0.115219 3.415973 -0.005150
v 0.102786 3.415973 -0.000000
v 0.090354 3.415973 0.005150
v 0.078399 3.415973 0.010101
v 0.067382 3.415973 0.014665
v 0.057725 3.415973 0.018665
v 0.049800 3.415973 0.021948
v 0.043911 3.415973 0.024387
v 0.140614 3.406643 0.056613
v 0.046173 3.406643 -0.037827
v 0.128842 3.406643 0.062905
v 0.116069 3.406643 -0.066779
v 0.054641 3.406643 -0.048145
v 0.116069 3.406643 0.066779
v 0.128842 3.406643 -0.062905
v 0.064959 3.406643 -0.056613
v 0.102786 3.406643 0.068088
v 0.140614 3.406643 -0.056613
v 0.076730 3.406643 -0.062905
v 0.089503 3.406643 0.066779
v 0.150931 3.406643 -0.048145
v 0.102786 3.406643 -0.068088
v 0.089503 3.406643 -0.066779
v 0.076730 3.406643 0.062905
v 0.159399 3.406643 -0.037827
v 0.064959 3.406643 0.056613
v 0.165691 3.406643 -0.026056
v 0.054641 3.406643 0.048145
v 0.169565 3.406643 -0.013283
v 0.046173 3.406643 0.037827
v 0.170874 3.406643 -0.000000
v 0.039881 3.406643 0.026056
v 0.169565 3.406643 0.013283
v 0.036007 3.406643 0.013283
v 0.165691 3.406643 0.026056
v 0.034699 3.406643 -0.000000
v 0.150931 3.406643 0.048145
v 0.159399 3.406643 0.037827
v 0.039881 3.406643 -0.026056
v 0.036007 3.406643 -0.013283
v 0.224011 3.360526 0.081000
v 0.208592 3.361629 0.095685
v 0.237483 3.360526 0.055793
v 0.245780 3.360526 0.028443
v 0.248582 3.360526 -0.000000
v 0.245780 3.360526 -0.028443
v 0.237483 3.360526 -0.055793
v 0.224011 3.360526 -0.081000
v 0.208592 3.361629 -0.095685
v 0.192625 3.361629 0.081680
v 0.200515 3.360526 0.065301
v 0.211377 3.360526 0.044980
v 0.218066 3.360525 0.022931
v 0.220324 3.360526 -0.000000
v 0.218066 3.360526 -0.022931
v 0.211377 3.360525 -0.044980
v 0.200515 3.360526 -0.065301
v 0.192625 3.361629 -0.081680
v 0.066597 3.334777 -0.184112
v 0.030648 3.334317 -0.176805
v -0.002814 3.334317 -0.162944
v -0.033122 3.334317 -0.142822
v -0.063054 3.334317 -0.117211
v -0.085049 3.334317 -0.087095
v -0.095055 3.334317 -0.053633
v -0.099984 3.334317 -0.018110
v -0.099984 3.334317 0.018110
v -0.095055 3.334317 0.053633
v -0.085049 3.334317 0.087095
v -0.063054 3.334317 0.117211
v -0.033122 3.334317 0.142822
v -0.002814 3.334317 0.162944
v 0.030648 3.334317 0.176805
v 0.066597 3.334777 0.184112
v 0.119654 3.340338 0.184112
v 0.156419 3.340525 0.176805
v 0.189882 3.340525 0.162944
v 0.219997 3.340525 0.142822
v 0.245608 3.340525 0.117211
v 0.265730 3.340525 0.087095
v 0.279591 3.340525 0.053633
v 0.286657 3.340525 0.018110
v 0.286657 3.340525 -0.018110
v 0.279591 3.340525 -0.053633
v 0.265730 3.340525 -0.087095
v 0.245608 3.340525 -0.117211
v 0.219997 3.340525 -0.142822
v 0.189882 3.340525 -0.162944
v 0.156419 3.340525 -0.176805
v 0.119654 3.340338 -0.184112
v -0.295491 3.341057 -0.190257
v -0.332301 3.340525 -0.182910
v -0.366919 3.340525 -0.168571
v -0.398006 3.340525 -0.147754
v -0.422918 3.340525 -0.121258
v -0.441810 3.340525 -0.090103
v -0.455514 3.340525 -0.055485
v -0.462525 3.340525 -0.018735
v -0.462525 3.340525 0.018735
v -0.455514 3.340525 0.055485
v -0.441810 3.340525 0.090103
v -0.422918 3.340525 0.121258
v -0.398006 3.340525 0.147754
v -0.366919 3.340525 0.168571
v -0.332301 3.340525 0.182910
v -0.295492 3.341057 0.190257
v -0.280908 3.335093 0.187468
v 0.038158 3.340339 0.191257
v -0.425191 3.335869 -0.000000
v -0.143012 3.335093 0.037134
v -0.280908 3.335093 -0.187468
v -0.029648 3.334317 -0.175855
v -0.141722 3.335093 0.072841
v -0.062556 3.334317 -0.158265
v -0.134455 3.334777 0.105770
v -0.095762 3.334317 -0.134593
v -0.095762 3.334317 0.134593
v -0.134455 3.334777 -0.105770
v -0.062556 3.334317 0.158265
v -0.141722 3.335093 -0.072841
v -0.029648 3.334317 0.175855
v -0.143012 3.335093 -0.037134
v -0.249465 3.341057 -0.191705
v -0.142926 3.334317 0.187468
v -0.249465 3.341057 0.191705
v -0.421970 3.335869 0.037290
v -0.142926 3.334317 -0.187468
v -0.316764 3.335093 -0.176591
v -0.412428 3.335869 0.073147
v -0.349810 3.335093 -0.158928
v -0.395803 3.335553 0.106213
v -0.377400 3.335093 -0.135157
v -0.377400 3.335093 0.135157
v -0.395803 3.335553 -0.106213
v -0.349810 3.335093 0.158928
v -0.412428 3.335869 -0.073147
v -0.316764 3.335093 0.176591
v -0.421970 3.335869 -0.037290
v -0.111892 3.340525 -0.191757
v -0.205464 3.335093 -0.190297
v -0.386241 3.340525 -0.018735
v -0.241433 3.334317 0.182910
v -0.380427 3.340525 -0.055485
v -0.276051 3.334317 0.168571
v -0.367129 3.340338 -0.090022
v -0.307126 3.334317 0.147754
v -0.331736 3.334777 -0.121394
v -0.331736 3.334777 0.121394
v -0.307126 3.334317 -0.147754
v -0.367129 3.340338 0.090022
v -0.276051 3.334317 -0.168571
v -0.380427 3.340525 0.055485
v -0.241433 3.334317 -0.182910
v -0.386241 3.340525 0.018735
v -0.205464 3.335093 0.190297
v -0.111892 3.340525 0.191757
v -0.178783 3.334317 -0.176591
v -0.211829 3.334317 -0.158928
v -0.276851 3.340152 0.110622
v -0.243656 3.334317 -0.135157
v -0.243656 3.334317 0.135157
v -0.276851 3.340152 -0.110622
v -0.211829 3.334317 0.158928
v -0.178783 3.334317 0.176591
v 0.006059 3.334317 0.186686
v -0.143447 3.335093 -0.000000
v 0.006059 3.334317 -0.186686
v 0.038158 3.340339 -0.191257
v -0.041884 3.335093 0.190297
v -0.181930 3.340525 0.018735
v -0.077852 3.334317 -0.182910
v -0.185308 3.340525 0.055485
v -0.112470 3.334317 -0.168571
v -0.193335 3.340339 0.090022
v -0.144327 3.334317 -0.147754
v -0.187072 3.334777 0.121394
v -0.187072 3.334777 -0.121394
v -0.144327 3.334317 0.147754
v -0.193335 3.340338 -0.090022
v -0.112470 3.334317 0.168571
v -0.185308 3.340525 -0.055485
v -0.077852 3.334317 0.182910
v -0.181930 3.340525 -0.018735
v -0.041884 3.335093 -0.190297
v 0.087178 3.340525 -0.158473
v 0.056561 3.340525 -0.152383
v 0.027721 3.340525 -0.140437
v 0.001766 3.340525 -0.123094
v -0.020308 3.340525 -0.101020
v -0.037650 3.340525 -0.075065
v -0.049596 3.340525 -0.046225
v -0.055686 3.340525 -0.015608
v -0.055686 3.340525 0.015608
v -0.049596 3.340525 0.046225
v -0.037650 3.340525 0.075065
v -0.020308 3.340525 0.101020
v 0.001766 3.340525 0.123094
v 0.027721 3.340525 0.140437
v 0.056561 3.340525 0.152383
v 0.087178 3.340525 0.158473
v 0.118394 3.340525 0.158473
v 0.149011 3.340525 0.152383
v 0.177380 3.340338 0.139936
v 0.199424 3.334777 0.117636
v 0.220419 3.334317 0.096539
v 0.236993 3.334317 0.071735
v 0.248409 3.334317 0.044174
v 0.254228 3.334317 0.014916
v 0.254228 3.334317 -0.014916
v 0.248409 3.334317 -0.044174
v 0.236993 3.334317 -0.071735
v 0.220419 3.334317 -0.096539
v 0.199424 3.334777 -0.117636
v 0.177380 3.340339 -0.139936
v 0.149011 3.340525 -0.152383
v 0.118394 3.340525 -0.158473
v 0.270616 3.335093 -0.033383
v 0.260878 3.335093 -0.065484
v -0.021342 3.335093 0.121623
v 0.004915 3.335093 0.143013
v 0.245065 3.335093 -0.095068
v 0.034651 3.335093 0.158908
v 0.101414 3.335553 -0.172229
v 0.066917 3.335093 -0.168696
v 0.223784 3.335093 -0.120998
v 0.066917 3.335093 0.168696
v 0.034651 3.335093 -0.158908
v 0.197943 3.335553 -0.142455
v 0.101414 3.335553 0.172229
v 0.004915 3.335093 -0.143013
v 0.168608 3.335869 -0.158908
v 0.136342 3.335869 0.168696
v -0.021342 3.335093 -0.121623
v 0.136342 3.335869 -0.168696
v 0.168608 3.335869 0.158908
v -0.043395 3.335093 -0.095558
v 0.197943 3.335553 0.142455
v -0.058982 3.335093 -0.065822
v 0.223784 3.335093 0.120998
v -0.068372 3.335093 -0.033556
v 0.245065 3.335093 0.095068
v -0.071543 3.335093 -0.000000
v 0.260878 3.335093 0.065484
v -0.068372 3.335093 0.033556
v 0.270616 3.335093 0.033383
v -0.058982 3.335093 0.065822
v 0.273904 3.335093 -0.000000
v -0.043395 3.335093 0.095558
v 0.099635 3.334317 -0.064782
v 0.085313 3.334317 -0.061490
v 0.071661 3.334317 -0.055836
v 0.059206 3.334317 -0.048036
v 0.048426 3.334317 -0.038389
v 0.039735 3.334317 -0.027268
v 0.033467 3.334317 -0.015099
v 0.029862 3.334317 -0.002349
v 0.028454 3.334317 0.010453
v 0.030545 3.334317 0.020962
v 0.036881 3.334317 0.036260
v 0.042834 3.334317 0.045169
v 0.052882 3.334317 0.053226
v 0.064446 3.334317 0.059693
v 0.077484 3.334317 0.063865
v 0.091493 3.334317 0.065584
v 0.105937 3.334317 0.064782
v 0.120260 3.334317 0.061490
v 0.133911 3.334317 0.055836
v 0.146366 3.334317 0.048036
v 0.157146 3.334317 0.038389
v 0.165837 3.334317 0.027268
v 0.172106 3.334317 0.015099
v 0.175710 3.334317 0.002349
v 0.177118 3.334317 -0.010453
v 0.175028 3.334317 -0.020962
v 0.168691 3.334317 -0.036260
v 0.162738 3.334317 -0.045169
v 0.152690 3.334317 -0.053226
v 0.141126 3.334317 -0.059693
v 0.128089 3.334317 -0.063865
v 0.114079 3.334317 -0.065584
v 0.015501 3.335093 -0.016681
v 0.195828 3.334317 0.093042
v 0.177317 3.334317 0.048997
v 0.013690 3.335093 0.000511
v 0.185721 3.334317 0.033570
v 0.014841 3.335093 0.017578
v 0.190937 3.334317 0.016853
v 0.020378 3.335093 0.034135
v 0.192766 3.334317 -0.000511
v 0.028170 3.335093 0.049757
v 0.191598 3.334317 -0.017750
v 0.039424 3.335093 0.062639
v 0.186010 3.334317 -0.034473
v 0.052862 3.335093 0.073515
v 0.178136 3.334317 -0.050248
v 0.068218 3.335093 0.081565
v 0.085906 3.335093 -0.086282
v 0.166773 3.334317 -0.063264
v 0.084903 3.335093 0.086481
v 0.069163 3.335093 -0.081174
v 0.153152 3.334777 -0.074132
v 0.102275 3.335093 0.088074
v 0.053712 3.335093 -0.072947
v 0.137354 3.335093 -0.081565
v 0.119667 3.335093 0.086282
v 0.040147 3.335093 -0.061916
v 0.120670 3.335093 -0.086481
v 0.136410 3.335093 0.081174
v 0.028989 3.335093 -0.048506
v 0.152302 3.334777 0.073564
v 0.020667 3.335093 -0.033232
v 0.166050 3.334317 0.062540
v 0.212192 3.334317 0.073103
v 0.224351 3.334317 0.050354
v 0.231839 3.334317 0.025670
v 0.234367 3.334317 -0.000000
v 0.231839 3.334317 -0.025670
v 0.224351 3.334317 -0.050354
v 0.212192 3.334317 -0.073103
v 0.103297 3.335093 -0.088074
v 0.195828 3.334317 -0.093042
v 0.178958 3.340152 -0.107862
v 0.178958 3.340152 0.107862
v 0.172969 3.334777 0.085368
v 0.011588 3.340525 -0.048747
v 0.151904 3.340338 0.091873
v 0.112922 3.340525 -0.102911
v 0.022850 3.340525 -0.065602
v 0.132804 3.340525 0.098956
v 0.132804 3.340525 -0.098956
v 0.037184 3.340525 -0.079936
v 0.112922 3.340525 0.102911
v 0.151904 3.340338 -0.091873
v 0.054040 3.340525 -0.091198
v 0.092650 3.340525 0.102911
v 0.172969 3.334777 -0.085368
v 0.072768 3.340525 -0.098956
v 0.072768 3.340525 0.098956
v 0.188183 3.334317 -0.070083
v 0.092650 3.340525 -0.102911
v 0.054040 3.340525 0.091198
v 0.200215 3.334317 -0.052077
v 0.037184 3.340525 0.079936
v 0.208502 3.334317 -0.032069
v 0.022850 3.340525 0.065602
v 0.212727 3.334317 -0.010828
v 0.011588 3.340525 0.048747
v 0.212727 3.334317 0.010828
v 0.003830 3.340525 0.030018
v 0.208502 3.334317 0.032069
v -0.000125 3.340525 0.010136
v 0.200215 3.334317 0.052077
v -0.000125 3.340525 -0.010136
v 0.188183 3.334317 0.070083
v 0.003830 3.340525 -0.030018
v 0.157295 3.334317 -0.036458
v 0.164558 3.334317 -0.025587
v 0.167109 3.334317 -0.012764
v 0.149135 3.334317 -0.039348
v 0.158987 3.334317 -0.023279
v 0.163383 3.334317 -0.004950
v 0.139194 3.334317 -0.040727
v 0.152047 3.334317 -0.020405
v 0.157328 3.334317 0.003054
v 0.127853 3.334317 -0.040540
v 0.143213 3.334317 -0.016746
v 0.149177 3.334317 0.010941
v 0.115550 3.334317 -0.038795
v 0.132826 3.334317 -0.012443
v 0.139244 3.334317 0.018407
v 0.102756 3.334317 -0.035560
v 0.121285 3.334317 -0.007662
v 0.127909 3.334317 0.025166
v 0.089963 3.334317 -0.030958
v 0.109032 3.334317 -0.002587
v 0.115609 3.334317 0.030958
v 0.077663 3.334317 -0.025166
v 0.096540 3.334317 0.002587
v 0.102816 3.334317 0.035560
v 0.066328 3.334317 -0.018407
v 0.084287 3.334317 0.007662
v 0.090022 3.334317 0.038795
v 0.056395 3.334317 -0.010941
v 0.072746 3.334317 0.012443
v 0.077719 3.334317 0.040540
v 0.048244 3.334317 -0.003054
v 0.062359 3.334317 0.016746
v 0.066379 3.334317 0.040727
v 0.042189 3.334317 0.004950
v 0.053525 3.334317 0.020405
v 0.056438 3.334317 0.039348
v 0.038463 3.334317 0.012764
v 0.046585 3.334317 0.023279
v 0.048278 3.334317 0.036458
v 0.041014 3.334317 0.025587
v 0.066596 3.371104 -0.184112
v 0.030648 3.371564 -0.176805
v -0.002814 3.371564 -0.162944
v -0.033122 3.371564 -0.142822
v -0.063054 3.371565 -0.117211
v -0.085049 3.371565 -0.087095
v -0.095055 3.371565 -0.053633
v -0.099984 3.371565 -0.018110
v -0.099984 3.371565 0.018110
v -0.095055 3.371565 0.053633
v -0.085049 3.371565 0.087095
v -0.063054 3.371565 0.117211
v -0.033122 3.371564 0.142822
v -0.002814 3.371564 0.162944
v 0.030648 3.371564 0.176805
v 0.066596 3.371104 0.184112
v 0.119654 3.365543 0.184112
v 0.156419 3.365356 0.176805
v 0.189882 3.365356 0.162944
v 0.219997 3.365356 0.142822
v 0.245608 3.365356 0.117211
v 0.265730 3.365356 0.087095
v 0.279591 3.365356 0.053633
v 0.286657 3.365356 0.018110
v 0.286657 3.365356 -0.018110
v 0.279591 3.365356 -0.053633
v 0.265730 3.365356 -0.087095
v 0.245608 3.365356 -0.117211
v 0.219997 3.365356 -0.142822
v 0.189882 3.365356 -0.162944
v 0.156419 3.365356 -0.176805
v 0.119654 3.365543 -0.184112
v -0.295491 3.364825 -0.190257
v -0.332301 3.365357 -0.182910
v -0.366919 3.365357 -0.168571
v -0.398006 3.365357 -0.147754
v -0.422918 3.365357 -0.121258
v -0.441810 3.365357 -0.090103
v -0.455514 3.365357 -0.055485
v -0.462525 3.365357 -0.018735
v -0.462525 3.365357 0.018735
v -0.455514 3.365357 0.055485
v -0.441810 3.365357 0.090103
v -0.422918 3.365357 0.121258
v -0.398006 3.365357 0.147754
v -0.366919 3.365357 0.168571
v -0.332301 3.365357 0.182910
v -0.295491 3.364825 0.190257
v -0.280908 3.370789 0.187468
v 0.038158 3.365543 0.191257
v -0.425191 3.370012 -0.000000
v -0.143012 3.370789 0.037134
v -0.280908 3.370789 -0.187468
v -0.029648 3.371564 -0.175855
v -0.141722 3.370789 0.072841
v -0.062556 3.371564 -0.158265
v -0.134455 3.371104 0.105770
v -0.095762 3.371564 -0.134593
v -0.095762 3.371565 0.134593
v -0.134455 3.371104 -0.105770
v -0.062556 3.371564 0.158265
v -0.141722 3.370789 -0.072841
v -0.029648 3.371564 0.175855
v -0.143012 3.370789 -0.037134
v -0.249465 3.364825 -0.191705
v -0.142926 3.371564 0.187468
v -0.249465 3.364825 0.191705
v -0.421970 3.370013 0.037290
v -0.142926 3.371565 -0.187468
v -0.316764 3.370789 -0.176591
v -0.412428 3.370013 0.073147
v -0.349810 3.370789 -0.158928
v -0.395803 3.370328 0.106213
v -0.377400 3.370789 -0.135157
v -0.377400 3.370789 0.135157
v -0.395803 3.370328 -0.106213
v -0.349810 3.370789 0.158928
v -0.412428 3.370013 -0.073147
v -0.316764 3.370789 0.176591
v -0.421970 3.370013 -0.037290
v -0.111892 3.365356 -0.191757
v -0.205464 3.370788 -0.190297
v -0.386241 3.365356 -0.018735
v -0.241433 3.371565 0.182910
v -0.380427 3.365356 -0.055485
v -0.276051 3.371565 0.168571
v -0.367129 3.365543 -0.090022
v -0.307126 3.371565 0.147754
v -0.331736 3.371104 -0.121394
v -0.331736 3.371104 0.121394
v -0.307126 3.371565 -0.147754
v -0.367129 3.365543 0.090022
v -0.276051 3.371565 -0.168571
v -0.380427 3.365356 0.055485
v -0.241433 3.371565 -0.182910
v -0.386241 3.365356 0.018735
v -0.205464 3.370789 0.190297
v -0.111892 3.365356 0.191757
v -0.178783 3.371564 -0.176591
v -0.211829 3.371564 -0.158928
v -0.276851 3.365729 0.110622
v -0.243656 3.371565 -0.135157
v -0.243656 3.371564 0.135157
v -0.276851 3.365729 -0.110622
v -0.211829 3.371564 0.158928
v -0.178783 3.371564 0.176591
v 0.006059 3.371565 0.186686
v -0.143447 3.370789 -0.000000
v 0.006059 3.371564 -0.186686
v 0.038158 3.365543 -0.191257
v -0.041884 3.370789 0.190297
v -0.181930 3.365357 0.018735
v -0.077852 3.371564 -0.182910
v -0.185308 3.365357 0.055485
v -0.112470 3.371564 -0.168571
v -0.193335 3.365543 0.090022
v -0.144327 3.371564 -0.147754
v -0.187072 3.371104 0.121394
v -0.187072 3.371104 -0.121394
v -0.144327 3.371564 0.147754
v -0.193335 3.365543 -0.090022
v -0.112470 3.371564 0.168571
v -0.185308 3.365357 -0.055485
v -0.077852 3.371564 0.182910
v -0.181930 3.365357 -0.018735
v -0.041884 3.370788 -0.190297
v 0.087178 3.365357 -0.158473
v 0.056561 3.365357 -0.152383
v 0.027721 3.365357 -0.140437
v 0.001766 3.365357 -0.123094
v -0.020308 3.365357 -0.101020
v -0.037650 3.365357 -0.075065
v -0.049596 3.365357 -0.046225
v -0.055686 3.365357 -0.015608
v -0.055686 3.365357 0.015608
v -0.049596 3.365357 0.046225
v -0.037650 3.365357 0.075065
v -0.020308 3.365357 0.101020
v 0.001766 3.365357 0.123094
v 0.027721 3.365357 0.140437
v 0.056561 3.365357 0.152383
v 0.087178 3.365357 0.158473
v 0.118394 3.365357 0.158473
v 0.149011 3.365357 0.152383
v 0.177380 3.365543 0.139936
v 0.199408 3.370940 0.117734
v 0.225480 3.369423 0.100460
v 0.243223 3.369357 0.075065
v 0.255169 3.369357 0.046225
v 0.261259 3.369357 0.015608
v 0.261259 3.369357 -0.015608
v 0.255169 3.369357 -0.046225
v 0.243223 3.369357 -0.075065
v 0.225480 3.369423 -0.100460
v 0.199408 3.370940 -0.117734
v 0.177380 3.365543 -0.139936
v 0.149011 3.365357 -0.152383
v 0.118394 3.365357 -0.158473
v 0.271482 3.370513 -0.033556
v 0.261694 3.370513 -0.065822
v -0.021342 3.370789 0.121623
v 0.004915 3.370789 0.143013
v 0.245799 3.370513 -0.095558
v 0.034651 3.370789 0.158908
v 0.101414 3.370328 -0.172229
v 0.066917 3.370789 -0.168696
v 0.223940 3.370625 -0.121120
v 0.066917 3.370789 0.168696
v 0.034651 3.370789 -0.158908
v 0.197943 3.370328 -0.142455
v 0.101414 3.370328 0.172229
v 0.004915 3.370789 -0.143013
v 0.168608 3.370012 -0.158908
v 0.136342 3.370012 0.168696
v -0.021342 3.370789 -0.121623
v 0.136342 3.370012 -0.168696
v 0.168608 3.370012 0.158908
v -0.043395 3.370789 -0.095558
v 0.197943 3.370328 0.142455
v -0.058982 3.370789 -0.065822
v 0.223940 3.370625 0.121120
v -0.068372 3.370789 -0.033556
v 0.245799 3.370513 0.095558
v -0.071543 3.370789 -0.000000
v 0.261694 3.370513 0.065822
v -0.068372 3.370789 0.033556
v 0.271482 3.370513 0.033556
v -0.058982 3.370789 0.065822
v 0.274787 3.370513 -0.000000
v -0.043395 3.370789 0.095558
v 0.095420 3.378484 -0.074790
v 0.080971 3.378484 -0.071916
v 0.067360 3.378484 -0.066278
v 0.055110 3.378484 -0.058093
v 0.044693 3.378484 -0.047676
v 0.036508 3.378484 -0.035426
v 0.030871 3.378484 -0.021815
v 0.027996 3.378484 -0.007366
v 0.027996 3.378484 0.007366
v 0.030871 3.378484 0.021815
v 0.036508 3.378484 0.035426
v 0.044693 3.378484 0.047676
v 0.055110 3.378484 0.058093
v 0.067360 3.378484 0.066278
v 0.080971 3.378484 0.071916
v 0.095420 3.378484 0.074790
v 0.110152 3.378484 0.074790
v 0.124602 3.378484 0.071916
v 0.138212 3.378484 0.066278
v 0.150462 3.378484 0.058093
v 0.160879 3.378484 0.047676
v 0.169064 3.378484 0.035426
v 0.174702 3.378484 0.021815
v 0.177576 3.378484 0.007366
v 0.177576 3.378484 -0.007366
v 0.174702 3.378484 -0.021815
v 0.169064 3.378484 -0.035426
v 0.160879 3.378484 -0.047676
v 0.150462 3.378484 -0.058093
v 0.138212 3.378484 -0.066278
v 0.124602 3.378484 -0.071916
v 0.110152 3.378484 -0.074790
v 0.015221 3.371653 -0.017418
v 0.193715 3.369489 0.095751
v 0.177020 3.372153 0.049602
v 0.013506 3.371653 -0.000000
v 0.185271 3.372153 0.034166
v 0.015221 3.371653 0.017418
v 0.190351 3.372153 0.017418
v 0.020302 3.371653 0.034166
v 0.192067 3.372153 -0.000000
v 0.028552 3.371653 0.049602
v 0.190351 3.372153 -0.017418
v 0.039655 3.371653 0.063131
v 0.185271 3.372153 -0.034166
v 0.053184 3.371653 0.074234
v 0.177020 3.372153 -0.049602
v 0.068620 3.371653 0.082485
v 0.085368 3.371653 -0.087565
v 0.166437 3.372266 -0.063684
v 0.085368 3.371653 0.087565
v 0.068620 3.371653 -0.082485
v 0.152829 3.371969 -0.074852
v 0.102786 3.371653 0.089281
v 0.053184 3.371653 -0.074234
v 0.136952 3.371653 -0.082485
v 0.120204 3.371653 0.087565
v 0.039655 3.371653 -0.063131
v 0.120204 3.371653 -0.087565
v 0.136952 3.371653 0.082485
v 0.028552 3.371653 -0.049602
v 0.152829 3.371969 0.074852
v 0.020302 3.371653 -0.034166
v 0.166437 3.372266 0.063684
v 0.213260 3.364941 -0.000000
v 0.209669 3.365150 0.099965
v 0.229813 3.364941 0.084877
v 0.229813 3.364941 -0.084877
v 0.209669 3.365150 -0.099965
v 0.204850 3.364941 0.042276
v 0.194642 3.364941 0.061376
v 0.102786 3.371653 -0.089281
v 0.193715 3.369489 -0.095751
v 0.178958 3.365729 -0.107862
v 0.178958 3.365729 0.107862
v 0.172921 3.370940 0.085460
v 0.011588 3.365356 -0.048747
v 0.151904 3.365543 0.091873
v 0.112922 3.365356 -0.102911
v 0.022850 3.365356 -0.065602
v 0.132804 3.365356 0.098956
v 0.132804 3.365356 -0.098956
v 0.037184 3.365356 -0.079936
v 0.112922 3.365356 0.102911
v 0.151904 3.365543 -0.091873
v 0.054040 3.365356 -0.091198
v 0.092650 3.365356 0.102911
v 0.172921 3.370940 -0.085460
v 0.072768 3.365356 -0.098956
v 0.072768 3.365356 0.098956
v 0.183312 3.369423 -0.066098
v 0.092650 3.365356 -0.102911
v 0.054039 3.365356 0.091198
v 0.193985 3.369357 -0.048747
v 0.037184 3.365356 0.079936
v 0.201742 3.369357 -0.030018
v 0.022850 3.365356 0.065602
v 0.205697 3.369357 -0.010136
v 0.011588 3.365356 0.048747
v 0.205697 3.369357 0.010136
v 0.003830 3.365356 0.030018
v 0.201742 3.369357 0.030018
v -0.000125 3.365356 0.010136
v 0.193985 3.369357 0.048747
v -0.000125 3.365356 -0.010136
v 0.183312 3.369423 0.066098
v 0.003830 3.365356 -0.030018
v 0.140086 3.413662 0.055325
v 0.046610 3.413662 -0.036732
v 0.128299 3.413662 0.061594
v 0.116535 3.413662 -0.065696
v 0.055133 3.413662 -0.046930
v 0.115532 3.413662 0.065496
v 0.129244 3.413662 -0.061986
v 0.065486 3.413662 -0.055325
v 0.102275 3.413662 0.066881
v 0.140937 3.413662 -0.055893
v 0.077273 3.413662 -0.061594
v 0.089037 3.413662 0.065696
v 0.151163 3.413662 -0.047653
v 0.102786 3.392383 -0.068971
v 0.090040 3.413662 -0.065496
v 0.076328 3.413662 0.061986
v 0.159399 3.413631 -0.037728
v 0.064636 3.413662 0.055893
v 0.165615 3.413662 -0.026024
v 0.054409 3.413662 0.047653
v 0.169496 3.413631 -0.013354
v 0.046173 3.413631 0.037728
v 0.170690 3.413662 -0.000511
v 0.039957 3.413662 0.026024
v 0.169285 3.413662 0.012546
v 0.036076 3.413631 0.013354
v 0.165325 3.413662 0.025122
v 0.034883 3.413662 0.000511
v 0.151556 3.392383 0.048770
v 0.158962 3.413662 0.036732
v 0.039066 3.392383 -0.026394
v 0.036287 3.413662 -0.012546
v -0.205391 3.352941 -0.073147
v -0.235119 3.352941 -0.102387
v -0.445952 3.352941 0.106192
v -0.463339 3.352941 0.073147
v 0.061186 3.352941 -0.100433
v 0.081578 3.352941 -0.106619
v 0.139765 3.352941 0.185904
v 0.090317 3.352941 0.190756
v -0.372642 3.352941 -0.000000
v -0.369834 3.352941 0.037290
v -0.422757 3.352941 0.135157
v 0.081578 3.352941 0.106619
v 0.061186 3.352941 0.100433
v 0.175322 3.352941 0.175118
v -0.197980 3.352941 -0.037290
v -0.393929 3.352941 0.158928
v 0.208092 3.352941 0.157602
v -0.023931 3.352941 0.192219
v -0.187511 3.352941 0.192219
v -0.360883 3.352941 0.176591
v 0.102786 3.352941 -0.108708
v 0.236815 3.352941 0.134029
v -0.195477 3.352941 -0.000000
v -0.325026 3.352941 0.187468
v 0.042391 3.352941 0.090387
v 0.260388 3.352941 0.105306
v -0.281649 3.352941 0.191652
v 0.277904 3.352941 0.072536
v 0.102786 3.352941 -0.154455
v 0.072653 3.352941 -0.151487
v -0.329624 3.352941 0.102387
v -0.235119 3.352941 0.102387
v 0.025918 3.352941 0.076868
v 0.288690 3.352941 0.036979
v 0.043679 3.352941 -0.142698
v 0.292332 3.352941 -0.000000
v 0.016976 3.352941 -0.128424
v 0.012399 3.352941 0.060395
v 0.181422 3.352941 -0.124947
v 0.161893 3.352941 -0.142698
v 0.288690 3.352941 -0.036979
v -0.006430 3.352941 -0.109216
v -0.329624 3.352941 -0.102387
v 0.132919 3.352941 -0.151487
v 0.277904 3.352941 -0.072536
v -0.025638 3.352941 -0.085810
v 0.002353 3.352941 0.041601
v 0.260388 3.352941 -0.105306
v -0.039911 3.352941 -0.059107
v 0.236815 3.352941 -0.134029
v 0.165154 3.352941 -0.098355
v -0.048701 3.352941 -0.030133
v -0.187511 3.352941 -0.192219
v -0.023931 3.352941 -0.192219
v -0.003833 3.352941 0.021208
v 0.208092 3.352941 -0.157602
v 0.181422 3.352941 0.124947
v 0.165154 3.352941 0.098355
v -0.051669 3.352941 -0.000000
v 0.175322 3.352941 -0.175118
v -0.048701 3.352941 0.030133
v -0.369834 3.352941 -0.037290
v -0.005921 3.352941 -0.000000
v 0.139765 3.352941 -0.185904
v 0.002353 3.352941 -0.041601
v 0.012399 3.352941 -0.060395
v -0.039911 3.352941 0.059107
v 0.090317 3.352941 -0.190756
v 0.144387 3.352941 0.100433
v -0.025638 3.352941 0.085810
v -0.361516 3.352941 -0.073147
v -0.003833 3.352941 -0.021208
v -0.325026 3.352941 -0.187468
v -0.281649 3.352941 -0.191652
v 0.123994 3.352941 -0.106619
v -0.006430 3.352941 0.109216
v -0.197980 3.352941 0.037290
v -0.360883 3.352941 -0.176591
v 0.025918 3.352941 -0.076868
v 0.016976 3.352941 0.128424
v -0.393929 3.352941 -0.158928
v 0.123994 3.352941 0.106619
v 0.043679 3.352941 0.142698
v -0.205391 3.352941 0.073147
v -0.422757 3.352941 -0.135157
v 0.144387 3.352941 -0.100433
v 0.072653 3.352941 0.151487
v -0.445952 3.352941 -0.106192
v 0.042391 3.352941 -0.090387
v 0.102786 3.352941 0.154455
v -0.463339 3.352941 -0.073147
v 0.102786 3.352941 0.108708
v 0.132919 3.352941 0.151487
v -0.474105 3.352941 -0.037290
v 0.161893 3.352941 0.142698
v -0.361516 3.352941 0.073147
v -0.477740 3.352941 -0.000000
v -0.474105 3.352941 0.037290
v 0.100328 3.415491 -0.057751
v 0.087363 3.415491 -0.054730
v 0.074992 3.415491 -0.049606
v 0.063688 3.415491 -0.042575
v 0.053887 3.415491 -0.033908
v 0.045965 3.415491 -0.023938
v 0.040227 3.415491 -0.013048
v 0.036893 3.415491 -0.001657
v 0.036076 3.415450 0.009629
v 0.037901 3.415450 0.018808
v 0.043607 3.415450 0.032581
v 0.048806 3.415450 0.040363
v 0.057364 3.415491 0.047765
v 0.067776 3.415491 0.053462
v 0.079534 3.415491 0.057105
v 0.092186 3.415491 0.058553
v 0.105245 3.415491 0.057751
v 0.118209 3.415491 0.054730
v 0.130581 3.415491 0.049606
v 0.141884 3.415491 0.042575
v 0.151685 3.415491 0.033908
v 0.159607 3.415491 0.023938
v 0.165345 3.415491 0.013048
v 0.168680 3.415491 0.001657
v 0.169497 3.415450 -0.009629
v 0.167671 3.415450 -0.018808
v 0.161966 3.415450 -0.032581
v 0.156766 3.415450 -0.040363
v 0.148209 3.415491 -0.047765
v 0.137796 3.415491 -0.053462
v 0.126038 3.415491 -0.057105
v 0.113387 3.415492 -0.058553
v 0.156670 3.415913 -0.035833
v 0.163743 3.415913 -0.025249
v 0.166226 3.415913 -0.012764
v 0.148644 3.415913 -0.038614
v 0.158987 3.415973 -0.023279
v 0.162517 3.415913 -0.005122
v 0.138856 3.415913 -0.039911
v 0.152047 3.415973 -0.020405
v 0.156512 3.415913 0.002716
v 0.127681 3.415913 -0.039674
v 0.143213 3.415973 -0.016746
v 0.148443 3.415913 0.010450
v 0.115550 3.415913 -0.037912
v 0.132826 3.415973 -0.012443
v 0.138619 3.415913 0.017783
v 0.102928 3.415913 -0.034694
v 0.121285 3.415973 -0.007662
v 0.127419 3.415913 0.024432
v 0.090301 3.415913 -0.030142
v 0.109032 3.415973 -0.002587
v 0.115271 3.415913 0.030142
v 0.078154 3.415913 -0.024432
v 0.096540 3.415973 0.002587
v 0.102644 3.415913 0.034694
v 0.066953 3.415913 -0.017783
v 0.084287 3.415973 0.007662
v 0.090022 3.415913 0.037912
v 0.057129 3.415913 -0.010450
v 0.072746 3.415973 0.012443
v 0.077891 3.415913 0.039674
v 0.049060 3.415913 -0.002716
v 0.062359 3.415973 0.016746
v 0.066717 3.415913 0.039911
v 0.043055 3.415913 0.005122
v 0.053525 3.415973 0.020405
v 0.056928 3.415913 0.038614
v 0.039346 3.415913 0.012764
v 0.046585 3.415973 0.023279
v 0.048902 3.415913 0.035833
v 0.041830 3.415913 0.025249
v 0.141104 3.392383 0.057347
v 0.045439 3.392383 -0.038318
v 0.129180 3.392383 0.063721
v 0.116242 3.392383 -0.067645
v 0.054017 3.392383 -0.048770
v 0.116242 3.392383 0.067645
v 0.129180 3.392383 -0.063721
v 0.064468 3.392383 -0.057347
v 0.102786 3.392383 0.068971
v 0.141104 3.392383 -0.057347
v 0.076392 3.392383 -0.063721
v 0.089331 3.392383 0.067645
v 0.151556 3.392383 -0.048770
v 0.103298 3.413662 -0.066881
v 0.089331 3.392383 -0.067645
v 0.076392 3.392383 0.063721
v 0.160133 3.392383 -0.038318
v 0.064468 3.392383 0.057347
v 0.166507 3.392383 -0.026394
v 0.054017 3.392383 0.048770
v 0.170432 3.392383 -0.013455
v 0.045439 3.392383 0.038318
v 0.171757 3.392383 -0.000000
v 0.039066 3.392383 0.026394
v 0.170432 3.392383 0.013455
v 0.035141 3.392383 0.013455
v 0.166507 3.392383 0.026394
v 0.033816 3.392383 -0.000000
v 0.150440 3.413662 0.046930
v 0.160133 3.392383 0.038318
v 0.040247 3.413662 -0.025122
v 0.035141 3.392383 -0.013455
v 0.145980 3.406643 0.052632
v 0.042738 3.406643 -0.032096
v 0.134882 3.406643 0.060048
v 0.109460 3.406643 -0.067759
v 0.037631 3.406643 -0.019765
v 0.155418 3.406643 0.043194
v 0.035027 3.406643 -0.006674
v 0.162834 3.406643 0.032096
v 0.035027 3.406643 0.006674
v 0.167942 3.406643 0.019765
v 0.037631 3.406643 0.019765
v 0.170546 3.406643 0.006674
v 0.042738 3.406643 0.032096
v 0.170546 3.406643 -0.006674
v 0.050154 3.406643 0.043194
v 0.167942 3.406643 -0.019765
v 0.059592 3.406643 0.052632
v 0.162834 3.406643 -0.032096
v 0.070690 3.406643 0.060048
v 0.096112 3.406643 -0.067759
v 0.155418 3.406643 -0.043194
v 0.083021 3.406643 0.065155
v 0.083021 3.406643 -0.065155
v 0.145980 3.406643 -0.052632
v 0.096112 3.406643 0.067759
v 0.070690 3.406643 -0.060048
v 0.134882 3.406643 -0.060048
v 0.109460 3.406643 0.067759
v 0.059592 3.406643 -0.052632
v 0.122551 3.406643 -0.065155
v 0.122551 3.406643 0.065155
v 0.050154 3.406643 -0.043194
v 0.215719 3.360714 0.091437
v 0.231366 3.360526 0.068727
v 0.242303 3.360526 0.042322
v 0.247879 3.360526 0.014290
v 0.247879 3.360526 -0.014290
v 0.242303 3.360526 -0.042322
v 0.231366 3.360526 -0.068727
v 0.215719 3.360714 -0.091437
v 0.199706 3.360904 0.089782
v 0.212263 3.358870 0.073150
v 0.224430 3.358870 0.050387
v 0.231923 3.358870 0.025687
v 0.234453 3.358870 -0.000000
v 0.231923 3.358870 -0.025687
v 0.224430 3.358870 -0.050387
v 0.212263 3.358870 -0.073150
v 0.199706 3.360904 -0.089782
v 0.194604 3.360714 -0.074498
v 0.206445 3.360525 -0.055407
v 0.215263 3.360525 -0.034119
v 0.219758 3.360526 -0.011521
v 0.219758 3.360525 0.011521
v 0.215263 3.360525 0.034119
v 0.206445 3.360526 0.055407
v 0.194604 3.360714 0.074498
v 0.211137 3.364941 -0.021552
v 0.194642 3.364941 -0.061376
v 0.188574 3.365150 -0.080746
v 0.188574 3.365150 0.080746
v 0.243931 3.364941 0.058464
v 0.252625 3.364941 0.029805
v 0.211137 3.364941 0.021552
v 0.255560 3.364941 -0.000000
v 0.204850 3.364941 -0.042276
v 0.252625 3.364941 -0.029805
v 0.243931 3.364941 -0.058464
v -0.263000 3.335840 0.190287
v -0.424383 3.335869 0.018735
v -0.299103 3.335093 -0.182910
v -0.417971 3.335869 0.055485
v -0.333721 3.335093 -0.168571
v -0.405103 3.335822 0.090108
v -0.364704 3.335093 -0.147754
v -0.387219 3.335176 0.121263
v -0.387219 3.335176 -0.121263
v -0.364704 3.335093 0.147754
v -0.405103 3.335822 -0.090108
v -0.333721 3.335093 0.168571
v -0.417971 3.335869 -0.055485
v -0.299103 3.335093 0.182910
v -0.424383 3.335869 -0.018735
v -0.263000 3.335840 -0.190287
v -0.125153 3.335093 -0.190297
v -0.161122 3.334317 0.182910
v -0.195740 3.334317 0.168571
v -0.227252 3.334317 0.147754
v -0.261789 3.335000 -0.121730
v -0.261789 3.335000 0.121730
v -0.227252 3.334317 -0.147754
v -0.195740 3.334317 -0.168571
v -0.161122 3.334317 -0.182910
v -0.125153 3.335093 0.190297
v 0.024023 3.335046 0.189548
v -0.143338 3.335093 0.018657
v -0.012061 3.334317 -0.182147
v -0.142471 3.335093 0.055254
v -0.046534 3.334317 -0.167867
v -0.140355 3.335046 0.089732
v -0.078104 3.334317 -0.147137
v -0.116852 3.334400 0.120757
v -0.116852 3.334400 -0.120757
v -0.078104 3.334317 0.147137
v -0.140355 3.335046 -0.089732
v -0.046534 3.334317 0.167868
v -0.142471 3.335093 -0.055254
v -0.012061 3.334317 0.182147
v -0.143338 3.335093 -0.018657
v 0.024023 3.335046 -0.189548
v 0.266535 3.335093 -0.049673
v -0.008667 3.335093 0.132958
v 0.253698 3.335093 -0.080664
v 0.019393 3.335093 0.151690
v 0.083753 3.335176 -0.171229
v 0.235061 3.335093 -0.108555
v 0.050544 3.335093 0.164594
v 0.050544 3.335093 -0.164594
v 0.211346 3.335176 -0.132287
v 0.083753 3.335176 0.171229
v 0.019393 3.335093 -0.151690
v 0.183789 3.335822 -0.151579
v 0.119398 3.335822 0.171229
v -0.008667 3.335093 -0.132958
v 0.152715 3.335869 -0.164594
v 0.152715 3.335869 0.164594
v -0.033049 3.335093 -0.109116
v 0.119398 3.335822 -0.171229
v 0.183789 3.335822 0.151579
v -0.052016 3.335093 -0.081080
v 0.211346 3.335176 0.132287
v -0.064437 3.335093 -0.049929
v 0.235061 3.335093 0.108555
v -0.070748 3.335093 -0.016859
v 0.253698 3.335093 0.080664
v -0.070748 3.335093 0.016859
v 0.266535 3.335093 0.049673
v -0.064437 3.335093 0.049929
v 0.273079 3.335093 0.016772
v -0.052016 3.335093 0.081080
v 0.273079 3.335093 -0.016772
v -0.033049 3.335093 0.109116
v 0.017675 3.335093 -0.025077
v 0.172017 3.334317 0.056038
v 0.014169 3.335093 -0.008124
v 0.181900 3.334317 0.041483
v 0.013954 3.335093 0.009127
v 0.188743 3.334317 0.025333
v 0.017278 3.335093 0.025838
v 0.192282 3.334317 0.008210
v 0.024052 3.335093 0.042193
v 0.192497 3.334317 -0.009214
v 0.033518 3.335093 0.056360
v 0.189140 3.334317 -0.026094
v 0.045869 3.335093 0.068406
v 0.182299 3.334317 -0.042610
v 0.060335 3.335093 0.077915
v 0.094562 3.335093 -0.087599
v 0.172737 3.334317 -0.056920
v 0.076434 3.335093 0.084430
v 0.077412 3.335093 -0.084133
v 0.160269 3.334399 -0.069092
v 0.093544 3.335093 0.087700
v 0.061237 3.335093 -0.077433
v 0.145324 3.335046 -0.078041
v 0.111010 3.335093 0.087599
v 0.046659 3.335093 -0.067757
v 0.129139 3.335093 -0.084430
v 0.128160 3.335093 0.084133
v 0.034238 3.335093 -0.055478
v 0.112028 3.335093 -0.087700
v 0.144422 3.335046 0.077559
v 0.024451 3.335093 -0.041067
v 0.159478 3.334400 0.068443
v 0.186588 3.335000 0.101558
v 0.186588 3.335000 -0.101558
v 0.204499 3.334317 -0.083474
v 0.218830 3.334317 -0.062027
v 0.228701 3.334317 -0.038196
v 0.233733 3.334317 -0.012897
v 0.233733 3.334317 0.012897
v 0.228701 3.334317 0.038196
v 0.218830 3.334317 0.062027
v 0.204499 3.334317 0.083474
v 0.161276 3.334317 -0.034981
v 0.168880 3.334317 -0.016624
v 0.153458 3.334317 -0.038086
v 0.165548 3.334317 -0.008900
v 0.144364 3.334317 -0.040231
v 0.160634 3.334317 -0.000953
v 0.133672 3.334317 -0.040830
v 0.153497 3.334317 0.007031
v 0.121793 3.334317 -0.039859
v 0.144411 3.334317 0.014745
v 0.109184 3.334317 -0.037357
v 0.133725 3.334317 0.021892
v 0.096328 3.334317 -0.033419
v 0.121851 3.334317 0.028197
v 0.083721 3.334317 -0.028197
v 0.109244 3.334317 0.033419
v 0.071847 3.334317 -0.021892
v 0.096389 3.334317 0.037357
v 0.061161 3.334317 -0.014745
v 0.083779 3.334317 0.039859
v 0.052075 3.334317 -0.007031
v 0.071900 3.334317 0.040830
v 0.044938 3.334317 0.000953
v 0.061208 3.334317 0.040231
v 0.040024 3.334317 0.008900
v 0.052114 3.334317 0.038086
v 0.036692 3.334317 0.016624
v 0.044296 3.334317 0.034981
v -0.263000 3.370041 0.190287
v -0.424383 3.370013 0.018735
v -0.299103 3.370789 -0.182910
v -0.417971 3.370013 0.055485
v -0.333721 3.370789 -0.168571
v -0.405103 3.370059 0.090108
v -0.364704 3.370789 -0.147754
v -0.387219 3.370706 0.121263
v -0.387219 3.370706 -0.121263
v -0.364704 3.370789 0.147754
v -0.405103 3.370059 -0.090108
v -0.333721 3.370789 0.168571
v -0.417971 3.370013 -0.055485
v -0.299103 3.370789 0.182910
v -0.424383 3.370012 -0.018735
v -0.263000 3.370041 -0.190287
v -0.125153 3.370789 -0.190297
v -0.161122 3.371564 0.182910
v -0.195740 3.371564 0.168571
v -0.227252 3.371564 0.147754
v -0.261789 3.370882 -0.121730
v -0.261789 3.370881 0.121730
v -0.227252 3.371564 -0.147754
v -0.195740 3.371564 -0.168571
v -0.161122 3.371564 -0.182910
v -0.125153 3.370789 0.190297
v 0.024023 3.370835 0.189548
v -0.143338 3.370789 0.018657
v -0.012061 3.371564 -0.182147
v -0.142471 3.370789 0.055254
v -0.046534 3.371564 -0.167867
v -0.140355 3.370835 0.089732
v -0.078104 3.371564 -0.147137
v -0.116852 3.371481 0.120757
v -0.116852 3.371482 -0.120757
v -0.078104 3.371564 0.147137
v -0.140355 3.370835 -0.089732
v -0.046534 3.371564 0.167867
v -0.142471 3.370789 -0.055254
v -0.012061 3.371564 0.182147
v -0.143338 3.370789 -0.018657
v 0.024023 3.370835 -0.189548
v 0.267380 3.370513 -0.049929
v -0.008667 3.370789 0.132958
v 0.254476 3.370513 -0.081080
v 0.019393 3.370789 0.151690
v 0.083753 3.370706 -0.171229
v 0.235650 3.370529 -0.109018
v 0.050544 3.370789 0.164594
v 0.050544 3.370789 -0.164594
v 0.211357 3.370676 -0.132294
v 0.083753 3.370706 0.171229
v 0.019393 3.370789 -0.151690
v 0.183789 3.370059 -0.151579
v 0.119398 3.370059 0.171229
v -0.008667 3.370789 -0.132958
v 0.152715 3.370012 -0.164594
v 0.152715 3.370012 0.164594
v -0.033049 3.370789 -0.109116
v 0.119398 3.370059 -0.171229
v 0.183789 3.370059 0.151579
v -0.052016 3.370789 -0.081080
v 0.211357 3.370677 0.132294
v -0.064437 3.370789 -0.049929
v 0.235650 3.370529 0.109018
v -0.070748 3.370789 -0.016859
v 0.254476 3.370513 0.081080
v -0.070748 3.370789 0.016859
v 0.267380 3.370513 0.049929
v -0.064437 3.370789 0.049929
v 0.273958 3.370513 0.016859
v -0.052016 3.370789 0.081080
v 0.273958 3.370513 -0.016859
v -0.033049 3.370789 0.109116
v 0.017350 3.371653 -0.025917
v 0.171907 3.372170 0.056749
v 0.013936 3.371653 -0.008751
v 0.181524 3.372154 0.042086
v 0.013936 3.371653 0.008751
v 0.188222 3.372154 0.025917
v 0.017350 3.371653 0.025917
v 0.191636 3.372154 0.008751
v 0.024048 3.371653 0.042086
v 0.191637 3.372154 -0.008751
v 0.033772 3.371653 0.056639
v 0.188222 3.372154 -0.025917
v 0.046147 3.371653 0.069015
v 0.181524 3.372154 -0.042086
v 0.060700 3.371653 0.078738
v 0.094035 3.371653 -0.088850
v 0.171907 3.372170 -0.056749
v 0.076869 3.371653 0.085436
v 0.076869 3.371653 -0.085436
v 0.159992 3.372317 -0.069706
v 0.094035 3.371653 0.088850
v 0.060700 3.371653 -0.078738
v 0.144959 3.371700 -0.078864
v 0.111537 3.371653 0.088850
v 0.046147 3.371653 -0.069015
v 0.128703 3.371653 -0.085436
v 0.128703 3.371653 0.085436
v 0.033772 3.371653 -0.056639
v 0.111537 3.371653 -0.088850
v 0.144959 3.371700 0.078864
v 0.024048 3.371653 -0.042086
v 0.159992 3.372317 0.069706
v 0.186372 3.370639 0.101850
v 0.186372 3.370639 -0.101850
v 0.248981 3.364941 0.044348
v 0.237520 3.364941 0.072017
v 0.189124 3.364993 0.070404
v 0.189124 3.364993 -0.070404
v 0.212727 3.364941 -0.010828
v 0.220739 3.364993 0.095930
v 0.220739 3.364993 -0.095930
v 0.200215 3.364941 0.052077
v 0.050621 3.413662 -0.042033
v 0.122008 3.413662 0.063852
v 0.122987 3.413662 -0.064149
v 0.060104 3.413662 -0.051375
v 0.108933 3.413662 0.066508
v 0.135246 3.413662 -0.059224
v 0.071228 3.413662 -0.058742
v 0.095622 3.413662 0.066609
v 0.146259 3.413662 -0.052024
v 0.083564 3.413662 -0.063852
v 0.082586 3.413662 0.064149
v 0.155576 3.413654 -0.042852
v 0.096639 3.413662 -0.066508
v 0.070326 3.413662 0.059224
v 0.162734 3.413654 -0.032139
v 0.059313 3.413662 0.052024
v 0.167902 3.413654 -0.019664
v 0.049996 3.413654 0.042852
v 0.170415 3.413654 -0.007028
v 0.042838 3.413654 0.032139
v 0.170312 3.413662 0.006047
v 0.037671 3.413654 0.019664
v 0.167617 3.413662 0.018925
v 0.035157 3.413654 0.007028
v 0.162431 3.413662 0.031076
v 0.035260 3.413662 -0.006047
v 0.154952 3.413662 0.042033
v 0.037955 3.413662 -0.018925
v -0.212888 3.352941 -0.089708
v -0.455413 3.352941 0.090103
v 0.071230 3.352941 -0.104026
v 0.119851 3.352941 0.188798
v -0.371938 3.352941 0.018735
v -0.435077 3.352941 0.121258
v 0.071230 3.352941 0.104026
v 0.157808 3.352941 0.181384
v -0.201086 3.352941 -0.055485
v -0.408977 3.352941 0.147754
v 0.192137 3.352941 0.167164
v -0.107200 3.352941 0.192219
v -0.377839 3.352941 0.168571
v 0.092131 3.352941 -0.108184
v 0.223032 3.352941 0.146521
v -0.196105 3.352941 -0.018735
v -0.343221 3.352941 0.182910
v 0.051542 3.352941 0.095871
v 0.249307 3.352941 0.120246
v -0.305771 3.352941 0.190277
v 0.269950 3.352941 0.089351
v 0.087647 3.352941 -0.153710
v -0.282241 3.352941 0.106726
v 0.033823 3.352941 0.084032
v 0.284170 3.352941 0.055022
v 0.057950 3.352941 -0.147803
v 0.042689 3.352941 0.191990
v 0.291419 3.352941 0.018579
v 0.029977 3.352941 -0.136216
v 0.018754 3.352941 0.068963
v 0.174788 3.352941 -0.135767
v 0.291419 3.352941 -0.018579
v 0.004801 3.352941 -0.119395
v -0.282241 3.352941 -0.106726
v 0.147622 3.352941 -0.147803
v 0.284170 3.352941 -0.055022
v -0.016609 3.352941 -0.097985
v 0.006915 3.352941 0.051244
v 0.117925 3.352941 -0.153710
v 0.269950 3.352941 -0.089351
v -0.033430 3.352941 -0.072809
v 0.249307 3.352941 -0.120246
v 0.176294 3.352941 -0.110012
v -0.045017 3.352941 -0.044836
v -0.107200 3.352941 -0.192219
v -0.001240 3.352941 0.031556
v 0.223032 3.352941 -0.146521
v 0.176294 3.352941 0.110012
v -0.050924 3.352941 -0.015139
v 0.192137 3.352941 -0.167164
v -0.050924 3.352941 0.015139
v -0.371938 3.352941 -0.018735
v -0.005398 3.352941 0.010655
v 0.157808 3.352941 -0.181384
v 0.006915 3.352941 -0.051244
v -0.045017 3.352941 0.044836
v 0.042689 3.352941 -0.191990
v 0.119851 3.352941 -0.188798
v 0.154299 3.352941 0.096808
v -0.033430 3.352941 0.072809
v -0.366348 3.352941 -0.055485
v -0.005398 3.352941 -0.010655
v -0.305771 3.352941 -0.190277
v 0.113441 3.352941 -0.108184
v -0.016609 3.352941 0.097985
v -0.196105 3.352941 0.018735
v -0.343221 3.352941 -0.182910
v 0.018754 3.352941 -0.068963
v 0.004801 3.352941 0.119395
v -0.353178 3.352941 -0.089708
v -0.001240 3.352941 -0.031556
v -0.377839 3.352941 -0.168571
v 0.134342 3.352941 0.104026
v 0.029977 3.352941 0.136216
v -0.201086 3.352941 0.055485
v -0.408977 3.352941 -0.147754
v 0.134342 3.352941 -0.104026
v 0.057950 3.352941 0.147803
v -0.435077 3.352941 -0.121258
v 0.033823 3.352941 -0.084032
v 0.087647 3.352941 0.153710
v -0.212888 3.352941 0.089708
v -0.455413 3.352941 -0.090103
v 0.113441 3.352941 0.108184
v 0.117925 3.352941 0.153710
v -0.245434 3.352941 -0.192148
v -0.469593 3.352941 -0.055485
v 0.154299 3.352941 -0.096808
v 0.147622 3.352941 0.147803
v -0.353178 3.352941 0.089708
v -0.476828 3.352941 -0.018735
v 0.051542 3.352941 -0.095871
v 0.174788 3.352941 0.135767
v -0.245434 3.352941 0.192148
v -0.476828 3.352941 0.018735
v 0.092131 3.352941 0.108184
v -0.366348 3.352941 0.055485
v -0.469593 3.352941 0.055485
v 0.159842 3.415855 -0.034022
v 0.167188 3.415855 -0.016287
v 0.152898 3.415913 -0.037404
v 0.164669 3.415913 -0.008986
v 0.143948 3.415913 -0.039452
v 0.159789 3.415913 -0.001209
v 0.133416 3.415913 -0.039985
v 0.152718 3.415913 0.006615
v 0.121707 3.415913 -0.038981
v 0.143728 3.415913 0.014185
v 0.109270 3.415913 -0.036478
v 0.133165 3.415913 0.021209
v 0.096585 3.415913 -0.032574
v 0.121435 3.415913 0.027419
v 0.084138 3.415913 -0.027419
v 0.108988 3.415913 0.032574
v 0.072407 3.415913 -0.021209
v 0.096302 3.415913 0.036478
v 0.061844 3.415913 -0.014185
v 0.083866 3.415913 0.038981
v 0.052854 3.415913 -0.006615
v 0.072156 3.415913 0.039985
v 0.045783 3.415913 0.001209
v 0.061624 3.415913 0.039452
v 0.040903 3.415913 0.008986
v 0.052674 3.415913 0.037404
v 0.038384 3.415855 0.016287
v 0.045730 3.415855 0.034022
v 0.109951 3.413662 -0.066609
v 0.134345 3.413662 0.058742
v 0.043142 3.413662 -0.031076
v 0.145468 3.413662 0.051375
v 0.146540 3.392383 0.053315
v 0.041960 3.392383 -0.032512
v 0.135299 3.392383 0.060826
v 0.109546 3.392383 -0.068638
v 0.036786 3.392383 -0.020021
v 0.156101 3.392383 0.043754
v 0.034148 3.392383 -0.006760
v 0.163613 3.392383 0.032512
v 0.034148 3.392383 0.006760
v 0.168787 3.392383 0.020021
v 0.036786 3.392383 0.020021
v 0.171424 3.392383 0.006760
v 0.041960 3.392383 0.032512
v 0.171424 3.392383 -0.006760
v 0.049471 3.392383 0.043754
v 0.168787 3.392383 -0.020021
v 0.059032 3.392383 0.053315
v 0.163613 3.392383 -0.032512
v 0.070274 3.392383 0.060826
v 0.096026 3.392383 -0.068638
v 0.156101 3.392383 -0.043754
v 0.082765 3.392383 0.066000
v 0.082765 3.392383 -0.066000
v 0.146540 3.392383 -0.053315
v 0.096026 3.392383 0.068638
v 0.070274 3.392383 -0.060826
v 0.135299 3.392383 -0.060826
v 0.109546 3.392383 0.068638
v 0.059032 3.392383 -0.053315
v 0.122807 3.392383 -0.066000
v 0.122807 3.392383 0.066000
v 0.049471 3.392383 -0.043754
v 0.205073 3.359125 -0.083076
v 0.218905 3.358870 -0.062067
v 0.228783 3.358870 -0.038221
v 0.233818 3.358870 -0.012906
v 0.233818 3.358870 0.012906
v 0.228783 3.358870 0.038221
v 0.218905 3.358870 0.062067
v 0.205073 3.359125 0.083076
v 0.212727 3.364941 0.010828
v 0.254824 3.364941 0.014974
v 0.197077 3.365046 0.092824
v 0.200215 3.364941 -0.052077
v 0.254824 3.364941 -0.014974
v 0.208502 3.364941 0.032069
v 0.248981 3.364941 -0.044348
v 0.197077 3.365046 -0.092824
v 0.208502 3.364941 -0.032069
v 0.237520 3.364941 -0.072017
vn -0.0000 -0.3572 -0.9340
vn -0.0000 0.2421 -0.9702
vn 0.2417 -0.3572 -0.9022
vn 0.2511 0.2421 -0.9372
vn 0.4670 -0.3572 -0.8089
vn 0.4851 0.2421 -0.8403
vn 0.6605 -0.3572 -0.6605
vn 0.6861 0.2421 -0.6861
vn 0.8089 -0.3572 -0.4670
vn 0.8403 0.2421 -0.4851
vn 0.9022 -0.3572 -0.2417
vn 0.9372 0.2421 -0.2511
vn 0.9340 -0.3572 -0.0000
vn 0.9702 0.2421 -0.0000
vn 0.9022 -0.3572 0.2417
vn 0.9372 0.2421 0.2511
vn 0.8089 -0.3572 0.4670
vn 0.8403 0.2421 0.4851
vn 0.6605 -0.3572 0.6605
vn 0.6861 0.2421 0.6861
vn 0.4670 -0.3572 0.8089
vn 0.4851 0.2421 0.8403
vn 0.2417 -0.3572 0.9022
vn 0.2511 0.2421 0.9372
vn -0.0000 -0.3572 0.9340
vn -0.0000 0.2421 0.9702
vn -0.2417 -0.3572 0.9022
vn -0.2511 0.2421 0.9372
vn -0.4670 -0.3572 0.8089
vn -0.4851 0.2421 0.8403
vn -0.6605 -0.3572 0.6605
vn -0.6861 0.2421 0.6861
vn -0.8089 -0.3572 0.4670
vn -0.8403 0.2421 0.4851
vn -0.9022 -0.3572 0.2417
vn -0.9372 0.2421 0.2511
vn -0.9340 -0.3572 -0.0000
vn -0.9702 0.2421 -0.0000
vn -0.9022 -0.3572 -0.2417
vn -0.9372 0.2421 -0.2511
vn -0.8089 -0.3572 -0.4670
vn -0.8403 0.2421 -0.4851
vn -0.6605 -0.3572 -0.6605
vn -0.6861 0.2421 -0.6861
vn -0.4670 -0.3572 -0.8089
vn -0.4851 0.2421 -0.8403
vn -0.2417 -0.3572 -0.9022
vn -0.2511 0.2421 -0.9372
vn 0.2321 0.4424 -0.8663
vn -0.0000 0.4424 -0.8968
vn 0.4484 0.4424 -0.7767
vn 0.6342 0.4424 -0.6342
vn 0.7767 0.4424 -0.4484
vn 0.8663 0.4424 -0.2321
vn 0.8968 0.4424 -0.0000
vn 0.8663 0.4424 0.2321
vn 0.7767 0.4424 0.4484
vn 0.6342 0.4424 0.6342
vn 0.4484 0.4424 0.7767
vn 0.2321 0.4424 0.8663
vn -0.0000 0.4424 0.8968
vn -0.2321 0.4424 0.8663
vn -0.4484 0.4424 0.7767
vn -0.6342 0.4424 0.6342
vn -0.7767 0.4424 0.4484
vn -0.8663 0.4424 0.2321
vn -0.8968 0.4424 -0.0000
vn -0.8663 0.4424 -0.2321
vn -0.7767 0.4424 -0.4484
vn -0.6342 0.4424 -0.6342
vn -0.4484 0.4424 -0.7767
vn -0.2321 0.4424 -0.8663
vn 0.2471 0.2979 -0.9221
vn -0.0000 0.2979 -0.9546
vn 0.4773 0.2979 -0.8267
vn 0.6750 0.2979 -0.6750
vn 0.8267 0.2979 -0.4773
vn 0.9221 0.2979 -0.2471
vn 0.9546 0.2979 -0.0000
vn 0.9221 0.2979 0.2471
vn 0.8267 0.2979 0.4773
vn 0.6750 0.2979 0.6750
vn 0.4773 0.2979 0.8267
vn 0.2471 0.2979 0.9221
vn -0.0000 0.2979 0.9546
vn -0.2471 0.2979 0.9221
vn -0.4773 0.2979 0.8267
vn -0.6750 0.2979 0.6750
vn -0.8267 0.2979 0.4773
vn -0.9221 0.2979 0.2471
vn -0.9546 0.2979 -0.0000
vn -0.9221 0.2979 -0.2471
vn -0.8267 0.2979 -0.4773
vn -0.6750 0.2979 -0.6750
vn -0.4773 0.2979 -0.8267
vn -0.2471 0.2979 -0.9221
vn 0.1917 -0.6721 -0.7153
vn -0.0000 -0.6721 -0.7405
vn 0.3702 -0.6721 -0.6413
vn 0.5236 -0.6721 -0.5236
vn 0.6413 -0.6721 -0.3703
vn 0.7153 -0.6721 -0.1917
vn 0.7405 -0.6721 -0.0000
vn 0.7153 -0.6721 0.1917
vn 0.6413 -0.6721 0.3702
vn 0.5236 -0.6721 0.5236
vn 0.3702 -0.6721 0.6413
vn 0.1917 -0.6721 0.7153
vn -0.0000 -0.6721 0.7405
vn -0.1917 -0.6721 0.7153
vn -0.3702 -0.6721 0.6413
vn -0.5236 -0.6721 0.5236
vn -0.6413 -0.6721 0.3703
vn -0.7153 -0.6721 0.1917
vn -0.7405 -0.6721 -0.0000
vn -0.7153 -0.6721 -0.1917
vn -0.6413 -0.6721 -0.3703
vn -0.5236 -0.6721 -0.5236
vn -0.3702 -0.6721 -0.6413
vn -0.1917 -0.6721 -0.7153
vn 0.1900 -0.6789 -0.7092
vn -0.0000 -0.6789 -0.7342
vn 0.3671 -0.6789 -0.6359
vn 0.5192 -0.6789 -0.5192
vn 0.6359 -0.6789 -0.3671
vn 0.7092 -0.6789 -0.1900
vn 0.7342 -0.6789 -0.0000
vn 0.7092 -0.6789 0.1900
vn 0.6359 -0.6789 0.3671
vn 0.5192 -0.6789 0.5192
vn 0.3671 -0.6789 0.6359
vn 0.1900 -0.6789 0.7092
vn -0.0000 -0.6789 0.7342
vn -0.1900 -0.6789 0.7092
vn -0.3671 -0.6789 0.6359
vn -0.5192 -0.6789 0.5192
vn -0.6359 -0.6789 0.3671
vn -0.7092 -0.6789 0.1900
vn -0.7342 -0.6789 -0.0000
vn -0.7092 -0.6789 -0.1900
vn -0.6359 -0.6789 -0.3671
vn -0.5192 -0.6789 -0.5192
vn -0.3671 -0.6789 -0.6359
vn -0.1900 -0.6789 -0.7092
vn 0.1084 0.9081 -0.4046
vn -0.0000 0.9081 -0.4188
vn 0.2094 0.9081 -0.3627
vn 0.2962 0.9081 -0.2962
vn 0.3627 0.9081 -0.2094
vn 0.4046 0.9081 -0.1084
vn 0.4188 0.9081 -0.0000
vn 0.4046 0.9081 0.1084
vn 0.3627 0.9081 0.2094
vn 0.2962 0.9081 0.2962
vn 0.2094 0.9081 0.3627
vn 0.1084 0.9081 0.4046
vn -0.0000 0.9081 0.4188
vn -0.1084 0.9081 0.4046
vn -0.2094 0.9081 0.3627
vn -0.2962 0.9081 0.2962
vn -0.3627 0.9081 0.2094
vn -0.4046 0.9081 0.1084
vn -0.4188 0.9081 -0.0000
vn -0.4046 0.9081 -0.1084
vn -0.3627 0.9081 -0.2094
vn -0.2962 0.9081 -0.2962
vn -0.2094 0.9081 -0.3627
vn -0.1084 0.9081 -0.4046
vn -0.1134 0.8990 0.4231
vn -0.0000 0.8989 0.4381
vn -0.2190 0.8989 0.3794
vn -0.3097 0.8990 0.3097
vn -0.3794 0.8990 0.2190
vn -0.4231 0.8990 0.1134
vn -0.4381 0.8989 -0.0000
vn -0.4231 0.8989 -0.1134
vn -0.3794 0.8989 -0.2190
vn -0.3097 0.8990 -0.3097
vn -0.2190 0.8990 -0.3794
vn -0.1134 0.8990 -0.4231
vn -0.0000 0.8989 -0.4381
vn 0.1134 0.8990 -0.4231
vn 0.2190 0.8989 -0.3794
vn 0.3097 0.8990 -0.3097
vn 0.3794 0.8990 -0.2190
vn 0.4231 0.8990 -0.1134
vn 0.4381 0.8989 -0.0000
vn 0.4231 0.8990 0.1134
vn 0.3794 0.8989 0.2190
vn 0.3097 0.8990 0.3097
vn 0.2190 0.8990 0.3794
vn 0.1134 0.8990 0.4231
vn 0.0002 -0.6746 -0.7382
vn 0.1911 -0.6750 -0.7126
vn 0.3689 -0.6754 -0.6386
vn 0.5214 -0.6757 -0.5212
vn 0.6383 -0.6759 -0.3684
vn 0.7117 -0.6761 -0.1907
vn 0.7368 -0.6761 -0.0000
vn 0.7117 -0.6761 0.1907
vn 0.6383 -0.6759 0.3684
vn 0.5214 -0.6757 0.5212
vn 0.3689 -0.6754 0.6386
vn 0.1911 -0.6750 0.7126
vn 0.0002 -0.6746 0.7382
vn -0.1910 -0.6742 0.7134
vn -0.3693 -0.6738 0.6400
vn -0.5226 -0.6735 0.5228
vn -0.6403 -0.6733 0.3698
vn -0.7143 -0.6731 0.1915
vn -0.7396 -0.6730 -0.0000
vn -0.7143 -0.6731 -0.1915
vn -0.6403 -0.6733 -0.3698
vn -0.5226 -0.6735 -0.5228
vn -0.3693 -0.6738 -0.6400
vn -0.1910 -0.6742 -0.7134
vn -0.0002 -0.8995 -0.4369
vn 0.1127 -0.8998 -0.4215
vn 0.2178 -0.9000 -0.3776
vn 0.3078 -0.9002 -0.3080
vn 0.3767 -0.9004 -0.2176
vn 0.4200 -0.9005 -0.1126
vn 0.4348 -0.9005 -0.0000
vn 0.4201 -0.9005 0.1126
vn 0.3767 -0.9004 0.2176
vn 0.3078 -0.9002 0.3080
vn 0.2178 -0.9000 0.3776
vn 0.1127 -0.8998 0.4215
vn -0.0002 -0.8995 0.4369
vn -0.1134 -0.8992 0.4225
vn -0.2192 -0.8990 0.3792
vn -0.3101 -0.8988 0.3099
vn -0.3800 -0.8986 0.2193
vn -0.4240 -0.8985 0.1135
vn -0.4390 -0.8985 -0.0000
vn -0.4240 -0.8985 -0.1135
vn -0.3800 -0.8986 -0.2193
vn -0.3101 -0.8988 -0.3099
vn -0.2192 -0.8990 -0.3792
vn -0.1134 -0.8992 -0.4225
vn -0.0000 -0.9819 0.1895
vn -0.0490 -0.9819 0.1830
vn -0.0947 -0.9819 0.1641
vn -0.1340 -0.9819 0.1340
vn -0.1641 -0.9819 0.0947
vn -0.1830 -0.9819 0.0490
vn -0.1895 -0.9819 -0.0000
vn -0.1830 -0.9819 -0.0490
vn -0.1641 -0.9819 -0.0947
vn -0.1340 -0.9819 -0.1340
vn -0.0947 -0.9819 -0.1641
vn -0.0490 -0.9819 -0.1830
vn -0.0000 -0.9819 -0.1895
vn 0.0490 -0.9819 -0.1830
vn 0.0947 -0.9819 -0.1641
vn 0.1340 -0.9819 -0.1340
vn 0.1641 -0.9819 -0.0947
vn 0.1830 -0.9819 -0.0490
vn 0.1895 -0.9819 -0.0000
vn 0.1830 -0.9819 0.0490
vn 0.1641 -0.9819 0.0947
vn 0.1340 -0.9819 0.1340
vn 0.0947 -0.9819 0.1641
vn 0.0490 -0.9819 0.1830
vn -0.0000 -0.9293 0.3694
vn -0.0956 -0.9293 0.3568
vn -0.1847 -0.9293 0.3199
vn -0.2612 -0.9293 0.2612
vn -0.3199 -0.9293 0.1847
vn -0.3568 -0.9293 0.0956
vn -0.3694 -0.9293 -0.0000
vn -0.3568 -0.9293 -0.0956
vn -0.3199 -0.9293 -0.1847
vn -0.2612 -0.9293 -0.2612
vn -0.1847 -0.9293 -0.3199
vn -0.0956 -0.9293 -0.3568
vn -0.0000 -0.9293 -0.3694
vn 0.0956 -0.9293 -0.3568
vn 0.1847 -0.9293 -0.3199
vn 0.2612 -0.9293 -0.2612
vn 0.3199 -0.9293 -0.1847
vn 0.3568 -0.9293 -0.0956
vn 0.3694 -0.9293 -0.0000
vn 0.3568 -0.9293 0.0956
vn 0.3199 -0.9293 0.1847
vn 0.2612 -0.9293 0.2612
vn 0.1847 -0.9293 0.3199
vn 0.0956 -0.9293 0.3568
vn -0.0000 -0.9563 0.2923
vn -0.0757 -0.9563 0.2824
vn -0.1462 -0.9563 0.2532
vn -0.2067 -0.9563 0.2067
vn -0.2532 -0.9563 0.1462
vn -0.2824 -0.9563 0.0757
vn -0.2923 -0.9563 -0.0000
vn -0.2824 -0.9563 -0.0757
vn -0.2532 -0.9563 -0.1462
vn -0.2067 -0.9563 -0.2067
vn -0.1462 -0.9563 -0.2532
vn -0.0757 -0.9563 -0.2824
vn -0.0000 -0.9563 -0.2923
vn 0.0757 -0.9563 -0.2824
vn 0.1462 -0.9563 -0.2532
vn 0.2067 -0.9563 -0.2067
vn 0.2532 -0.9563 -0.1462
vn 0.2824 -0.9563 -0.0757
vn 0.2923 -0.9563 -0.0000
vn 0.2824 -0.9563 0.0757
vn 0.2532 -0.9563 0.1462
vn 0.2067 -0.9563 0.2067
vn 0.1462 -0.9563 0.2532
vn 0.0757 -0.9563 0.2824
vn -0.0000 -0.9713 0.2378
vn -0.0615 -0.9713 0.2297
vn -0.1189 -0.9713 0.2059
vn -0.1681 -0.9713 0.1681
vn -0.2059 -0.9713 0.1189
vn -0.2297 -0.9713 0.0615
vn -0.2378 -0.9713 -0.0000
vn -0.2297 -0.9713 -0.0615
vn -0.2059 -0.9713 -0.1189
vn -0.1681 -0.9713 -0.1681
vn -0.1189 -0.9713 -0.2059
vn -0.0615 -0.9713 -0.2297
vn -0.0000 -0.9713 -0.2378
vn 0.0615 -0.9713 -0.2297
vn 0.1189 -0.9713 -0.2059
vn 0.1681 -0.9713 -0.1681
vn 0.2059 -0.9713 -0.1189
vn 0.2297 -0.9713 -0.0615
vn 0.2378 -0.9713 -0.0000
vn 0.2297 -0.9713 0.0615
vn 0.2059 -0.9713 0.1189
vn 0.1681 -0.9713 0.1681
vn 0.1189 -0.9713 0.2059
vn 0.0615 -0.9713 0.2297
vn -0.0000 -0.9925 0.1225
vn -0.0317 -0.9925 0.1184
vn -0.0613 -0.9925 0.1061
vn -0.0866 -0.9925 0.0866
vn -0.1061 -0.9925 0.0613
vn -0.1184 -0.9925 0.0317
vn -0.1225 -0.9925 -0.0000
vn -0.1184 -0.9925 -0.0317
vn -0.1061 -0.9925 -0.0613
vn -0.0866 -0.9925 -0.0866
vn -0.0613 -0.9925 -0.1061
vn -0.0317 -0.9925 -0.1184
vn -0.0000 -0.9925 -0.1225
vn 0.0317 -0.9925 -0.1184
vn 0.0613 -0.9925 -0.1061
vn 0.0866 -0.9925 -0.0866
vn 0.1061 -0.9925 -0.0613
vn 0.1184 -0.9925 -0.0317
vn 0.1225 -0.9925 -0.0000
vn 0.1184 -0.9925 0.0317
vn 0.1061 -0.9925 0.0613
vn 0.0866 -0.9925 0.0866
vn 0.0613 -0.9925 0.1061
vn 0.0317 -0.9925 0.1184
vn -0.0000 1.0000 -0.0000
vn 0.0852 -0.6968 -0.7122
vn 0.0122 -0.9992 -0.0376
vn 0.0078 -0.9998 0.0179
vn 0.0097 -0.9999 0.0141
vn 0.0103 -0.9999 0.0114
vn 0.0060 -0.9999 0.0098
vn 0.0037 -1.0000 0.0029
vn 0.0038 -1.0000 0.0013
vn 0.0038 -1.0000 -0.0000
vn 0.0038 -1.0000 -0.0013
vn 0.0037 -1.0000 -0.0029
vn 0.0060 -0.9999 -0.0098
vn 0.0103 -0.9999 -0.0114
vn 0.0097 -0.9999 -0.0141
vn 0.0078 -0.9998 -0.0179
vn 0.0122 -0.9992 0.0376
vn 0.0852 -0.6968 0.7122
vn 0.1403 -0.7062 0.6939
vn 0.2706 -0.7070 0.6533
vn 0.3924 -0.7042 0.5918
vn 0.5064 -0.6974 0.5071
vn 0.5962 -0.6970 0.3984
vn 0.6625 -0.6970 0.2744
vn 0.7033 -0.6970 0.1399
vn 0.7171 -0.6970 -0.0000
vn 0.7033 -0.6970 -0.1399
vn 0.6625 -0.6970 -0.2744
vn 0.5962 -0.6970 -0.3984
vn 0.5064 -0.6974 -0.5071
vn 0.3924 -0.7042 -0.5918
vn 0.2706 -0.7070 -0.6533
vn 0.1403 -0.7062 -0.6939
vn -0.0319 -0.1167 -0.9927
vn -0.1650 -0.5216 -0.8370
vn -0.2778 -0.6766 -0.6819
vn -0.3584 -0.7582 -0.5446
vn -0.4126 -0.8195 -0.3977
vn -0.4137 -0.8731 -0.2578
vn -0.4113 -0.8961 -0.1670
vn -0.4129 -0.9072 -0.0807
vn -0.4131 -0.9107 -0.0000
vn -0.4129 -0.9072 0.0807
vn -0.4113 -0.8961 0.1670
vn -0.4137 -0.8731 0.2578
vn -0.4126 -0.8195 0.3977
vn -0.3584 -0.7582 0.5446
vn -0.2778 -0.6766 0.6819
vn -0.1650 -0.5216 0.8370
vn -0.0319 -0.1167 0.9927
vn -0.0065 -0.9856 0.1692
vn -0.0006 -0.1491 0.9888
vn 0.3997 -0.9166 -0.0000
vn 0.4003 -0.9143 -0.0623
vn -0.0065 -0.9856 -0.1692
vn -0.0069 -0.9998 -0.0187
vn 0.3903 -0.9087 -0.1483
vn -0.0069 -0.9999 -0.0111
vn 0.1753 -0.8359 -0.5201
vn -0.0060 -0.9999 0.0120
vn -0.0060 -0.9999 -0.0120
vn 0.1753 -0.8359 0.5201
vn -0.0069 -0.9999 0.0111
vn 0.3903 -0.9087 0.1483
vn -0.0069 -0.9998 0.0187
vn 0.4003 -0.9143 0.0623
vn -0.0006 -0.1491 -0.9888
vn 0.0048 -0.1711 0.9852
vn -0.3989 -0.9161 -0.0393
vn -0.0000 -1.0000 -0.0000
vn -0.3487 -0.9331 -0.0882
vn -0.1595 -0.8940 -0.4187
vn -0.0013 -1.0000 0.0095
vn -0.0013 -1.0000 -0.0095
vn -0.1595 -0.8940 0.4187
vn -0.3487 -0.9331 0.0882
vn -0.3989 -0.9161 0.0393
vn 0.0001 -0.9911 0.1333
vn -0.4151 -0.9098 -0.0000
vn 0.0001 -0.9911 -0.1333
vn 0.0048 -0.1711 -0.9852
vn 0.0046 -0.7137 0.7005
vn 0.1380 -0.7060 0.6946
vn 0.2688 -0.7094 0.6515
vn 0.3888 -0.7130 0.5835
vn 0.4914 -0.7173 0.4941
vn 0.5736 -0.7232 0.3848
vn 0.6377 -0.7239 0.2632
vn 0.6784 -0.7223 0.1343
vn 0.6923 -0.7216 -0.0000
vn 0.6784 -0.7223 -0.1343
vn 0.6377 -0.7239 -0.2632
vn 0.5736 -0.7232 -0.3848
vn 0.4914 -0.7173 -0.4941
vn 0.3888 -0.7130 -0.5835
vn 0.2688 -0.7094 -0.6515
vn 0.1380 -0.7060 -0.6946
vn 0.0046 -0.7137 -0.7005
vn -0.1351 -0.7197 -0.6810
vn -0.2788 -0.7245 -0.6303
vn -0.5292 -0.8476 -0.0391
vn 0.0015 -0.9998 0.0217
vn 0.0175 -0.9998 0.0117
vn 0.0195 -0.9998 0.0081
vn 0.0207 -0.9998 0.0041
vn 0.0211 -0.9998 -0.0000
vn 0.0207 -0.9998 -0.0041
vn 0.0195 -0.9998 -0.0081
vn 0.0175 -0.9998 -0.0117
vn 0.0015 -0.9998 -0.0217
vn -0.5292 -0.8476 0.0391
vn -0.2788 -0.7245 0.6303
vn -0.1351 -0.7197 0.6810
vn -0.0004 -0.9998 -0.0176
vn -0.0035 -0.9999 -0.0165
vn -0.0063 -0.9999 -0.0153
vn -0.0092 -0.9999 -0.0141
vn -0.0121 -0.9998 -0.0128
vn -0.0154 -0.9998 -0.0110
vn -0.0190 -0.9998 -0.0087
vn -0.0227 -0.9997 -0.0053
vn -0.0252 -0.9997 -0.0013
vn -0.0395 -0.9992 0.0074
vn -0.0243 -0.9997 0.0101
vn -0.0332 -0.9992 0.0227
vn -0.0169 -0.9997 0.0188
vn -0.0124 -0.9997 0.0198
vn -0.0073 -0.9998 0.0196
vn -0.0031 -0.9998 0.0187
vn 0.0004 -0.9998 0.0176
vn 0.0035 -0.9999 0.0165
vn 0.0055 -0.9999 0.0154
vn -0.0044 -0.9999 0.0129
vn -0.0007 -1.0000 0.0010
vn -0.0008 -1.0000 -0.0011
vn -0.0048 -0.9999 -0.0142
vn 0.0062 -0.9998 -0.0194
vn 0.0031 -0.9998 -0.0187
vn -0.6416 -0.7192 -0.2668
vn -0.6834 -0.7171 -0.1368
vn -0.0121 -0.9998 0.0156
vn -0.6991 -0.7151 -0.0012
vn -0.6886 -0.7121 0.1369
vn -0.6469 -0.7139 0.2680
vn -0.5837 -0.7121 0.3901
vn -0.4934 -0.7151 0.4952
vn -0.3865 -0.7171 0.5800
vn -0.2650 -0.7192 0.6423
vn -0.0006 -0.7228 -0.6911
vn -0.1349 -0.7238 -0.6767
vn -0.0121 -0.9998 -0.0157
vn -0.1343 -0.7212 0.6796
vn -0.2639 -0.7242 -0.6371
vn -0.2693 -0.7915 -0.5486
vn 0.0006 -0.7228 0.6911
vn -0.3831 -0.7238 -0.5739
vn 0.2353 -0.7248 -0.6475
vn 0.1349 -0.7238 0.6767
vn -0.4882 -0.7228 -0.4891
vn 0.1343 -0.7212 -0.6796
vn 0.2341 -0.7297 0.6425
vn -0.5756 -0.7212 -0.3856
vn -0.2698 -0.7925 0.5470
vn -0.0001 -1.0000 -0.0000
vn 0.0001 -1.0000 -0.0000
vn 0.0122 0.9992 -0.0376
vn 0.0852 0.6968 -0.7122
vn 0.0078 0.9998 0.0179
vn 0.0097 0.9999 0.0141
vn 0.0103 0.9999 0.0114
vn 0.0060 0.9999 0.0098
vn 0.0037 1.0000 0.0029
vn 0.0038 1.0000 0.0013
vn 0.0038 1.0000 -0.0000
vn 0.0038 1.0000 -0.0013
vn 0.0037 1.0000 -0.0029
vn 0.0060 0.9999 -0.0098
vn 0.0103 0.9999 -0.0114
vn 0.0097 0.9999 -0.0141
vn 0.0078 0.9998 -0.0179
vn 0.0122 0.9992 0.0376
vn 0.0852 0.6968 0.7122
vn 0.1403 0.7062 0.6939
vn 0.2706 0.7071 0.6533
vn 0.3924 0.7043 0.5916
vn 0.5055 0.6983 0.5068
vn 0.5973 0.6954 0.3994
vn 0.6641 0.6952 0.2751
vn 0.7050 0.6952 0.1402
vn 0.7188 0.6952 -0.0000
vn 0.7050 0.6952 -0.1402
vn 0.6641 0.6952 -0.2751
vn 0.5973 0.6954 -0.3994
vn 0.5055 0.6983 -0.5068
vn 0.3924 0.7043 -0.5916
vn 0.2706 0.7071 -0.6533
vn 0.1403 0.7062 -0.6939
vn -0.1650 0.5217 -0.8370
vn -0.0319 0.1167 -0.9927
vn -0.2778 0.6766 -0.6819
vn -0.3584 0.7582 -0.5446
vn -0.4126 0.8195 -0.3977
vn -0.4137 0.8731 -0.2578
vn -0.4113 0.8961 -0.1670
vn -0.4129 0.9072 -0.0807
vn -0.4131 0.9107 -0.0000
vn -0.4129 0.9072 0.0807
vn -0.4113 0.8961 0.1670
vn -0.4137 0.8731 0.2578
vn -0.4126 0.8195 0.3977
vn -0.3584 0.7582 0.5446
vn -0.2778 0.6766 0.6819
vn -0.1650 0.5217 0.8370
vn -0.0319 0.1167 0.9927
vn -0.0065 0.9856 0.1692
vn 0.0048 0.1711 0.9852
vn 0.3997 0.9166 -0.0000
vn -0.3989 0.9161 -0.0393
vn -0.0065 0.9856 -0.1692
vn -0.3487 0.9331 -0.0882
vn -0.1595 0.8940 -0.4187
vn -0.0013 1.0000 0.0095
vn -0.0013 1.0000 -0.0095
vn -0.1595 0.8940 0.4187
vn -0.3487 0.9331 0.0882
vn -0.3989 0.9161 0.0393
vn -0.0006 0.1491 -0.9888
vn 0.0001 0.9911 0.1333
vn -0.0006 0.1491 0.9888
vn 0.4003 0.9143 -0.0623
vn 0.0001 0.9911 -0.1333
vn -0.0069 0.9998 -0.0187
vn 0.3903 0.9087 -0.1483
vn -0.0069 0.9999 -0.0111
vn 0.1753 0.8359 -0.5201
vn -0.0060 0.9999 0.0120
vn -0.0060 0.9999 -0.0121
vn 0.1753 0.8359 0.5201
vn -0.0069 0.9999 0.0111
vn 0.3903 0.9087 0.1483
vn -0.0069 0.9998 0.0187
vn 0.4003 0.9143 0.0623
vn 0.0048 0.1711 -0.9852
vn -0.4151 0.9098 -0.0000
vn 0.1380 0.7060 0.6946
vn 0.0046 0.7137 0.7005
vn 0.2688 0.7094 0.6515
vn 0.3888 0.7130 0.5834
vn 0.4914 0.7173 0.4941
vn 0.5736 0.7232 0.3848
vn 0.6377 0.7239 0.2631
vn 0.6784 0.7223 0.1343
vn 0.6923 0.7216 -0.0000
vn 0.6784 0.7223 -0.1343
vn 0.6377 0.7239 -0.2631
vn 0.5736 0.7232 -0.3848
vn 0.4914 0.7173 -0.4941
vn 0.3888 0.7130 -0.5834
vn 0.2688 0.7094 -0.6515
vn 0.1380 0.7060 -0.6946
vn 0.0046 0.7137 -0.7005
vn -0.1351 0.7197 -0.6810
vn -0.2788 0.7246 -0.6303
vn -0.5270 0.8489 -0.0418
vn 0.0203 0.9726 -0.2315
vn -0.2668 0.9452 -0.1881
vn -0.3058 0.9436 -0.1267
vn -0.3246 0.9436 -0.0646
vn -0.3310 0.9436 -0.0000
vn -0.3246 0.9436 0.0646
vn -0.3058 0.9436 0.1267
vn -0.2668 0.9452 0.1881
vn 0.0203 0.9726 0.2315
vn -0.5270 0.8489 0.0418
vn -0.2788 0.7246 0.6303
vn -0.1351 0.7197 0.6810
vn -0.1391 0.7012 -0.6993
vn -0.0000 0.7012 -0.7130
vn -0.2729 0.7012 -0.6587
vn -0.3961 0.7012 -0.5928
vn -0.5042 0.7012 -0.5042
vn -0.5928 0.7012 -0.3961
vn -0.6587 0.7012 -0.2729
vn -0.6993 0.7012 -0.1391
vn -0.7130 0.7012 -0.0000
vn -0.6993 0.7012 0.1391
vn -0.6587 0.7012 0.2729
vn -0.5928 0.7012 0.3961
vn -0.5042 0.7012 0.5042
vn -0.3961 0.7012 0.5928
vn -0.2729 0.7012 0.6587
vn -0.1391 0.7012 0.6993
vn -0.0000 0.7012 0.7130
vn 0.1391 0.7012 0.6993
vn 0.2709 0.7017 0.6589
vn 0.3764 0.7141 0.5903
vn 0.4961 0.7197 0.4857
vn 0.5844 0.7122 0.3889
vn 0.6490 0.7117 0.2688
vn 0.6889 0.7117 0.1370
vn 0.7024 0.7117 -0.0000
vn 0.6889 0.7117 -0.1370
vn 0.6490 0.7117 -0.2688
vn 0.5844 0.7122 -0.3889
vn 0.4961 0.7197 -0.4857
vn 0.3764 0.7141 -0.5903
vn 0.2709 0.7017 -0.6589
vn 0.1391 0.7012 -0.6993
vn -0.7044 0.6958 -0.1401
vn 0.2942 0.9549 -0.0393
vn 0.3142 0.9300 0.1909
vn -0.7182 0.6958 -0.0000
vn 0.3446 0.9278 0.1428
vn -0.7044 0.6958 0.1401
vn 0.3658 0.9278 0.0728
vn -0.6636 0.6958 0.2749
vn 0.3730 0.9278 -0.0000
vn -0.5972 0.6958 0.3990
vn 0.3659 0.9278 -0.0728
vn -0.5079 0.6958 0.5079
vn 0.3446 0.9278 -0.1427
vn -0.3990 0.6958 0.5972
vn 0.3142 0.9300 -0.1909
vn -0.2749 0.6958 0.6636
vn -0.1401 0.6958 -0.7044
vn 0.2942 0.9549 0.0393
vn -0.1401 0.6958 0.7044
vn -0.2749 0.6958 -0.6636
vn -0.2553 0.7857 -0.5635
vn -0.0000 0.6958 0.7182
vn -0.3990 0.6958 -0.5972
vn 0.2449 0.7013 -0.6695
vn 0.1401 0.6958 0.7044
vn -0.5079 0.6958 -0.5079
vn 0.1401 0.6958 -0.7044
vn 0.2449 0.7013 0.6695
vn -0.5972 0.6958 -0.3990
vn -0.2553 0.7857 0.5635
vn -0.6636 0.6958 -0.2749
vn -0.0000 0.6958 -0.7182
vn -0.0225 0.9944 -0.1034
vn -0.0038 0.9930 -0.1184
vn -0.0390 0.9948 -0.0943
vn -0.0572 0.9944 -0.0890
vn -0.0810 0.9930 -0.0864
vn -0.1171 0.9895 -0.0853
vn -0.1794 0.9803 -0.0829
vn -0.2999 0.9515 -0.0694
vn -0.5220 0.8529 -0.0088
vn -0.7691 0.6195 0.1574
vn -0.6581 0.7019 0.2726
vn -0.6552 0.6194 0.4326
vn -0.3628 0.8529 0.3753
vn -0.1630 0.9515 0.2611
vn -0.0683 0.9803 0.1854
vn -0.0225 0.9895 0.1431
vn 0.0038 0.9930 0.1184
vn 0.0225 0.9944 0.1034
vn 0.0390 0.9948 0.0943
vn 0.0572 0.9944 0.0890
vn 0.0810 0.9930 0.0864
vn 0.1171 0.9895 0.0853
vn 0.1794 0.9803 0.0829
vn 0.2999 0.9514 0.0694
vn 0.5219 0.8529 0.0088
vn 0.7691 0.6194 -0.1574
vn 0.6581 0.7019 -0.2726
vn 0.6552 0.6194 -0.4325
vn 0.3628 0.8529 -0.3753
vn 0.1630 0.9514 -0.2611
vn 0.0683 0.9803 -0.1855
vn 0.0225 0.9895 -0.1431
vn 0.0151 0.9999 -0.0063
vn 0.0011 1.0000 -0.0005
vn 0.0006 1.0000 -0.0002
vn 0.0003 1.0000 -0.0001
vn 0.0002 1.0000 -0.0001
vn 0.0001 1.0000 -0.0000
vn -0.0001 1.0000 -0.0000
vn -0.0002 1.0000 0.0001
vn -0.0003 1.0000 0.0001
vn -0.0006 1.0000 0.0002
vn -0.0011 1.0000 0.0005
vn -0.0151 0.9999 0.0063
vn 0.5498 0.1261 0.8257
vn -0.8252 0.0998 -0.5560
vn 0.3794 0.1297 0.9161
vn 0.1903 0.0998 -0.9766
vn -0.7003 0.1157 -0.7044
vn 0.1951 0.1261 0.9726
vn 0.3775 0.0807 -0.9225
vn -0.5498 0.1261 -0.8257
vn 0.0029 0.1157 0.9933
vn 0.5513 0.0613 -0.8321
vn -0.3794 0.1297 -0.9161
vn -0.1903 0.0998 0.9766
vn 0.7043 0.0445 -0.7086
vn -0.0029 0.1157 -0.9933
vn -0.1951 0.1261 -0.9726
vn -0.3775 0.0807 0.9225
vn 0.8308 0.0354 -0.5555
vn -0.5513 0.0613 0.8321
vn 0.9233 0.0364 -0.3824
vn -0.7043 0.0445 0.7086
vn 0.9802 0.0354 -0.1947
vn -0.8308 0.0354 0.5555
vn 0.9990 0.0445 0.0030
vn -0.9233 0.0364 0.3824
vn 0.9782 0.0613 0.1986
vn -0.9802 0.0354 0.1947
vn 0.9192 0.0808 0.3853
vn -0.9990 0.0445 -0.0030
vn 0.7003 0.1157 0.7044
vn 0.8252 0.0998 0.5560
vn -0.9192 0.0808 -0.3853
vn -0.9782 0.0613 -0.1986
vn -0.2770 0.9398 -0.2001
vn 0.0833 0.8621 -0.4999
vn -0.3141 0.9404 -0.1301
vn -0.3335 0.9404 -0.0663
vn -0.3400 0.9404 -0.0000
vn -0.3335 0.9404 0.0663
vn -0.3141 0.9404 0.1301
vn -0.2770 0.9398 0.2001
vn 0.0833 0.8621 0.4999
vn 0.4969 0.8460 -0.1935
vn 0.2844 0.9440 0.1673
vn 0.3004 0.9457 0.1244
vn 0.3189 0.9457 0.0634
vn 0.3252 0.9457 -0.0000
vn 0.3189 0.9457 -0.0634
vn 0.3004 0.9457 -0.1244
vn 0.2844 0.9440 -0.1673
vn 0.4969 0.8460 0.1935
vn 0.0539 -0.9122 -0.4062
vn 0.0066 -0.9998 0.0201
vn 0.0089 -0.9998 0.0159
vn 0.0103 -0.9999 0.0127
vn 0.0089 -0.9999 0.0107
vn 0.0040 -1.0000 0.0057
vn 0.0037 -1.0000 0.0019
vn 0.0038 -1.0000 0.0007
vn 0.0038 -1.0000 -0.0007
vn 0.0037 -1.0000 -0.0019
vn 0.0040 -1.0000 -0.0057
vn 0.0089 -0.9999 -0.0107
vn 0.0103 -0.9999 -0.0127
vn 0.0089 -0.9998 -0.0159
vn 0.0066 -0.9998 -0.0201
vn 0.0539 -0.9122 0.4062
vn 0.0946 -0.7048 0.7031
vn 0.2053 -0.7070 0.6767
vn 0.3332 -0.7067 0.6242
vn 0.4510 -0.7000 0.5537
vn 0.5543 -0.6970 0.4549
vn 0.6324 -0.6970 0.3380
vn 0.6862 -0.6970 0.2082
vn 0.7136 -0.6970 0.0703
vn 0.7136 -0.6970 -0.0703
vn 0.6862 -0.6970 -0.2082
vn 0.6324 -0.6970 -0.3380
vn 0.5543 -0.6970 -0.4549
vn 0.4510 -0.7000 -0.5537
vn 0.3331 -0.7067 -0.6242
vn 0.2053 -0.7070 -0.6767
vn 0.0946 -0.7048 -0.7031
vn -0.0925 -0.3428 -0.9348
vn -0.2265 -0.6141 -0.7560
vn -0.3215 -0.7226 -0.6120
vn -0.3898 -0.7889 -0.4750
vn -0.4190 -0.8503 -0.3183
vn -0.4105 -0.8870 -0.2116
vn -0.4124 -0.9027 -0.1229
vn -0.4130 -0.9098 -0.0400
vn -0.4130 -0.9098 0.0400
vn -0.4124 -0.9027 0.1229
vn -0.4105 -0.8870 0.2116
vn -0.4190 -0.8503 0.3183
vn -0.3898 -0.7889 0.4750
vn -0.3215 -0.7226 0.6120
vn -0.2265 -0.6141 0.7560
vn -0.0925 -0.3428 0.9348
vn -0.0643 -0.8846 0.4618
vn 0.0439 -0.3611 0.9315
vn -0.0033 -1.0000 -0.0000
vn -0.0755 -0.9971 -0.0016
vn -0.0643 -0.8846 -0.4618
vn -0.0650 -0.9979 -0.0058
vn -0.0299 -0.9979 -0.0577
vn -0.0006 -1.0000 0.0021
vn -0.0006 -1.0000 -0.0021
vn -0.0299 -0.9979 0.0577
vn -0.0650 -0.9979 0.0058
vn -0.0755 -0.9971 0.0016
vn -0.0077 -0.1431 -0.9897
vn -0.0000 -0.9911 0.1335
vn -0.0077 -0.1431 0.9897
vn -0.0034 -1.0000 0.0022
vn -0.0000 -0.9911 -0.1335
vn -0.0845 -0.9709 -0.2242
vn -0.0052 -1.0000 0.0026
vn -0.0880 -0.9863 -0.1395
vn -0.0364 -0.9985 -0.0398
vn -0.0879 -0.9932 -0.0764
vn -0.0879 -0.9932 0.0765
vn -0.0364 -0.9985 0.0398
vn -0.0880 -0.9863 0.1395
vn -0.0052 -1.0000 -0.0026
vn -0.0845 -0.9709 0.2242
vn -0.0034 -1.0000 -0.0022
vn -0.0000 -0.1493 -0.9888
vn -0.0021 -0.7029 -0.7113
vn 0.3999 -0.9160 0.0308
vn -0.0069 -0.9996 0.0268
vn 0.4010 -0.9111 0.0951
vn -0.0069 -0.9999 0.0142
vn 0.3208 -0.9026 0.2871
vn -0.0070 -0.9999 0.0089
vn 0.0085 -0.9874 0.1577
vn 0.0085 -0.9874 -0.1577
vn -0.0070 -0.9999 -0.0089
vn 0.3208 -0.9026 -0.2871
vn -0.0069 -0.9999 -0.0142
vn 0.4010 -0.9111 -0.0951
vn -0.0069 -0.9996 -0.0268
vn 0.3999 -0.9160 -0.0308
vn -0.0021 -0.7028 0.7113
vn -0.0000 -0.1493 0.9888
vn -0.0022 -0.7109 -0.7033
vn -0.0004 -0.9998 0.0202
vn -0.0004 -0.9998 -0.0202
vn -0.0022 -0.7109 0.7033
vn 0.0018 -0.9927 0.1206
vn -0.0795 -0.9968 -0.0000
vn 0.0018 -0.9927 -0.1205
vn 0.0439 -0.3611 -0.9315
vn 0.0020 -0.7144 0.6997
vn -0.4110 -0.9114 -0.0200
vn -0.3803 -0.9231 -0.0572
vn -0.2730 -0.9438 -0.1865
vn -0.0153 -0.9959 -0.0887
vn -0.0153 -0.9959 0.0887
vn -0.2730 -0.9438 0.1865
vn -0.3803 -0.9231 0.0572
vn -0.4110 -0.9114 0.0200
vn 0.0020 -0.7144 -0.6997
vn 0.0727 -0.7081 0.7023
vn 0.2042 -0.7074 0.6766
vn 0.3305 -0.7113 0.6203
vn 0.4427 -0.7149 0.5413
vn 0.5347 -0.7204 0.4418
vn 0.6082 -0.7243 0.3248
vn 0.6613 -0.7230 0.1997
vn 0.6888 -0.7218 0.0675
vn 0.6888 -0.7218 -0.0675
vn 0.6613 -0.7230 -0.1997
vn 0.6082 -0.7243 -0.3248
vn 0.5347 -0.7204 -0.4418
vn 0.4427 -0.7148 -0.5413
vn 0.3305 -0.7113 -0.6203
vn 0.2042 -0.7074 -0.6766
vn 0.0727 -0.7081 -0.7023
vn -0.0662 -0.7181 -0.6928
vn -0.2015 -0.7199 -0.6641
vn -0.4281 -0.7656 -0.4801
vn -0.1251 -0.9904 0.0579
vn 0.0163 -0.9998 0.0134
vn 0.0186 -0.9998 0.0099
vn 0.0202 -0.9998 0.0061
vn 0.0210 -0.9998 0.0021
vn 0.0210 -0.9998 -0.0021
vn 0.0202 -0.9998 -0.0061
vn 0.0186 -0.9998 -0.0099
vn 0.0163 -0.9998 -0.0134
vn -0.1251 -0.9904 -0.0579
vn -0.4281 -0.7656 0.4801
vn -0.2015 -0.7199 0.6641
vn -0.0662 -0.7181 0.6928
vn 0.2093 -0.9770 -0.0416
vn 0.1972 -0.9770 -0.0817
vn 0.1324 -0.9821 -0.1343
vn 0.1092 -0.9806 -0.1629
vn 0.1774 -0.9770 -0.1186
vn 0.0782 -0.9791 -0.1879
vn 0.0424 -0.9983 0.0395
vn 0.0466 -0.9794 0.1966
vn 0.1453 -0.9777 -0.1518
vn 0.0466 -0.9794 -0.1966
vn 0.0782 -0.9791 0.1879
vn 0.0099 -0.9922 -0.1240
vn 0.0424 -0.9983 -0.0395
vn 0.1092 -0.9806 0.1629
vn 0.0022 -0.9999 -0.0148
vn 0.0039 -1.0000 0.0084
vn 0.1324 -0.9821 0.1343
vn 0.0039 -1.0000 -0.0084
vn 0.0022 -0.9999 0.0148
vn 0.1465 -0.9843 0.0985
vn 0.0099 -0.9922 0.1240
vn 0.1633 -0.9844 0.0654
vn 0.1453 -0.9777 0.1518
vn 0.1758 -0.9838 0.0337
vn 0.1774 -0.9770 0.1186
vn 0.1802 -0.9836 -0.0000
vn 0.1972 -0.9770 0.0817
vn 0.1758 -0.9838 -0.0337
vn 0.2093 -0.9770 0.0416
vn 0.1633 -0.9844 -0.0654
vn 0.2134 -0.9770 -0.0000
vn 0.1465 -0.9843 -0.0985
vn -0.0020 -0.9999 -0.0170
vn -0.0049 -0.9999 -0.0159
vn -0.0077 -0.9999 -0.0147
vn -0.0106 -0.9999 -0.0135
vn -0.0137 -0.9998 -0.0120
vn -0.0172 -0.9998 -0.0100
vn -0.0209 -0.9998 -0.0071
vn -0.0244 -0.9997 -0.0031
vn -0.0249 -0.9997 -0.0017
vn -0.0237 -0.9997 0.0109
vn -0.0244 -0.9997 0.0091
vn -0.0164 -0.9997 0.0188
vn -0.0151 -0.9997 0.0195
vn -0.0097 -0.9998 0.0198
vn -0.0051 -0.9998 0.0192
vn -0.0013 -0.9998 0.0182
vn 0.0020 -0.9999 0.0170
vn 0.0049 -0.9999 0.0159
vn 0.0018 -0.9999 0.0151
vn -0.0042 -1.0000 0.0063
vn -0.0043 -1.0000 -0.0065
vn 0.0021 -0.9998 -0.0184
vn 0.0051 -0.9998 -0.0192
vn 0.0013 -0.9998 -0.0182
vn -0.2002 -0.9789 -0.0412
vn -0.0168 -0.9997 0.0151
vn -0.2093 -0.9779 -0.0023
vn -0.2183 -0.9749 0.0429
vn -0.1959 -0.9773 0.0811
vn -0.1847 -0.9749 0.1240
vn -0.1464 -0.9779 0.1496
vn -0.1124 -0.9789 0.1707
vn -0.0749 -0.9800 0.1845
vn -0.0372 -0.9821 -0.1848
vn -0.0047 -1.0000 -0.0076
vn -0.0368 -0.9809 0.1909
vn -0.0718 -0.9822 -0.1734
vn -0.0424 -0.9881 -0.1476
vn 0.0008 -0.9816 0.1908
vn -0.1044 -0.9821 -0.1570
vn 0.0658 -0.9807 -0.1840
vn 0.0372 -0.9821 0.1848
vn -0.1343 -0.9816 -0.1355
vn 0.0368 -0.9809 -0.1909
vn 0.0632 -0.9828 0.1735
vn -0.1610 -0.9809 -0.1090
vn -0.0424 -0.9887 0.1436
vn -0.1834 -0.9800 -0.0775
vn -0.0046 -1.0000 0.0074
vn -0.0008 -0.9816 -0.1908
vn -0.0168 -0.9997 -0.0151
vn -0.6079 -0.6843 -0.4026
vn -0.6079 -0.6843 0.4026
vn -0.1152 -0.9829 0.1436
vn -0.6114 -0.7202 -0.3278
vn 0.0813 -0.7628 0.6415
vn 0.0671 -0.7220 -0.6886
vn -0.5343 -0.7220 -0.4395
vn 0.2004 -0.7241 0.6599
vn 0.2005 -0.7202 -0.6641
vn -0.4376 -0.7234 -0.5340
vn 0.0682 -0.7234 0.6871
vn 0.0832 -0.7589 -0.6459
vn -0.3250 -0.7241 -0.6083
vn -0.0671 -0.7220 0.6886
vn -0.1154 -0.9828 -0.1444
vn -0.2004 -0.7241 -0.6599
vn -0.2005 -0.7202 0.6641
vn -0.0682 -0.7234 -0.6871
vn -0.3272 -0.7181 0.6142
vn -0.4422 -0.7162 0.5400
vn -0.5401 -0.7132 0.4468
vn -0.6196 -0.7129 0.3284
vn -0.6704 -0.7129 0.2059
vn -0.6978 -0.7132 0.0660
vn -0.6945 -0.7162 -0.0692
vn -0.6657 -0.7181 -0.2029
vn 0.0539 0.9122 -0.4062
vn 0.0066 0.9998 0.0201
vn 0.0089 0.9998 0.0159
vn 0.0103 0.9999 0.0127
vn 0.0089 0.9999 0.0107
vn 0.0040 1.0000 0.0057
vn 0.0037 1.0000 0.0019
vn 0.0038 1.0000 0.0007
vn 0.0038 1.0000 -0.0007
vn 0.0037 1.0000 -0.0019
vn 0.0040 1.0000 -0.0057
vn 0.0089 0.9999 -0.0107
vn 0.0103 0.9999 -0.0127
vn 0.0089 0.9998 -0.0159
vn 0.0066 0.9998 -0.0201
vn 0.0539 0.9122 0.4062
vn 0.0946 0.7048 0.7031
vn 0.2053 0.7071 0.6767
vn 0.3331 0.7067 0.6242
vn 0.4510 0.7008 0.5527
vn 0.5539 0.6966 0.4560
vn 0.6339 0.6952 0.3388
vn 0.6878 0.6952 0.2087
vn 0.7153 0.6952 0.0705
vn 0.7153 0.6952 -0.0705
vn 0.6878 0.6952 -0.2087
vn 0.6339 0.6952 -0.3388
vn 0.5539 0.6966 -0.4560
vn 0.4510 0.7008 -0.5527
vn 0.3331 0.7067 -0.6242
vn 0.2053 0.7071 -0.6767
vn 0.0946 0.7048 -0.7031
vn -0.0925 0.3428 -0.9348
vn -0.2265 0.6141 -0.7560
vn -0.3215 0.7226 -0.6120
vn -0.3898 0.7889 -0.4750
vn -0.4190 0.8503 -0.3183
vn -0.4105 0.8870 -0.2115
vn -0.4124 0.9027 -0.1229
vn -0.4130 0.9098 -0.0400
vn -0.4130 0.9098 0.0400
vn -0.4124 0.9027 0.1229
vn -0.4105 0.8870 0.2115
vn -0.4190 0.8503 0.3183
vn -0.3898 0.7889 0.4750
vn -0.3215 0.7226 0.6120
vn -0.2265 0.6141 0.7560
vn -0.0925 0.3428 0.9348
vn -0.0643 0.8846 0.4618
vn 0.0439 0.3611 0.9315
vn -0.0033 1.0000 -0.0000
vn -0.0755 0.9971 -0.0016
vn -0.0643 0.8846 -0.4618
vn -0.0650 0.9979 -0.0058
vn -0.0299 0.9979 -0.0577
vn -0.0006 1.0000 0.0021
vn -0.0006 1.0000 -0.0021
vn -0.0299 0.9979 0.0577
vn -0.0650 0.9979 0.0058
vn -0.0755 0.9971 0.0016
vn -0.0077 0.1431 -0.9897
vn -0.0000 0.9911 0.1334
vn -0.0077 0.1431 0.9897
vn -0.0034 1.0000 0.0022
vn -0.0000 0.9910 -0.1335
vn -0.0845 0.9709 -0.2243
vn -0.0052 1.0000 0.0026
vn -0.0880 0.9863 -0.1395
vn -0.0364 0.9985 -0.0398
vn -0.0879 0.9932 -0.0765
vn -0.0879 0.9932 0.0764
vn -0.0364 0.9985 0.0398
vn -0.0880 0.9863 0.1395
vn -0.0052 1.0000 -0.0026
vn -0.0845 0.9709 0.2243
vn -0.0034 1.0000 -0.0022
vn -0.0000 0.1493 -0.9888
vn -0.0021 0.7028 -0.7114
vn 0.3999 0.9160 0.0308
vn -0.0069 0.9996 0.0268
vn 0.4010 0.9111 0.0951
vn -0.0069 0.9999 0.0141
vn 0.3208 0.9026 0.2871
vn -0.0070 0.9999 0.0088
vn 0.0085 0.9874 0.1577
vn 0.0085 0.9874 -0.1577
vn -0.0070 0.9999 -0.0089
vn 0.3208 0.9026 -0.2871
vn -0.0069 0.9999 -0.0141
vn 0.4010 0.9111 -0.0951
vn -0.0069 0.9996 -0.0268
vn 0.3999 0.9160 -0.0308
vn -0.0021 0.7029 0.7113
vn -0.0000 0.1493 0.9888
vn -0.0022 0.7109 -0.7033
vn -0.0004 0.9998 0.0202
vn -0.0004 0.9998 -0.0203
vn -0.0022 0.7109 0.7033
vn 0.0018 0.9927 0.1205
vn -0.0795 0.9968 -0.0000
vn 0.0018 0.9927 -0.1206
vn 0.0439 0.3611 -0.9315
vn 0.0020 0.7144 0.6997
vn -0.4110 0.9114 -0.0200
vn -0.3803 0.9231 -0.0572
vn -0.2730 0.9438 -0.1865
vn -0.0153 0.9959 -0.0887
vn -0.0153 0.9959 0.0887
vn -0.2730 0.9438 0.1865
vn -0.3803 0.9231 0.0572
vn -0.4110 0.9114 0.0200
vn 0.0020 0.7144 -0.6997
vn 0.0727 0.7081 0.7023
vn 0.2042 0.7074 0.6766
vn 0.3305 0.7113 0.6203
vn 0.4427 0.7149 0.5413
vn 0.5347 0.7204 0.4418
vn 0.6082 0.7243 0.3248
vn 0.6613 0.7230 0.1997
vn 0.6888 0.7218 0.0675
vn 0.6888 0.7218 -0.0675
vn 0.6613 0.7230 -0.1997
vn 0.6082 0.7243 -0.3248
vn 0.5347 0.7204 -0.4418
vn 0.4427 0.7149 -0.5413
vn 0.3305 0.7113 -0.6203
vn 0.2042 0.7074 -0.6766
vn 0.0727 0.7081 -0.7023
vn -0.0662 0.7181 -0.6928
vn -0.2015 0.7200 -0.6641
vn -0.4281 0.7656 -0.4801
vn -0.1003 0.9949 0.0134
vn -0.1739 0.9571 -0.2319
vn -0.2919 0.9436 -0.1560
vn -0.3167 0.9436 -0.0961
vn -0.3294 0.9436 -0.0324
vn -0.3294 0.9436 0.0324
vn -0.3167 0.9436 0.0961
vn -0.2919 0.9436 0.1560
vn -0.1739 0.9570 0.2320
vn -0.1003 0.9949 -0.0134
vn -0.4281 0.7656 0.4801
vn -0.2015 0.7200 0.6641
vn -0.0662 0.7181 0.6928
vn 0.1505 0.9882 -0.0299
vn 0.1418 0.9882 -0.0587
vn 0.1324 0.9821 -0.1343
vn 0.1092 0.9806 -0.1629
vn 0.1291 0.9880 -0.0852
vn 0.0782 0.9791 -0.1879
vn 0.0424 0.9983 0.0395
vn 0.0466 0.9794 0.1966
vn 0.1339 0.9844 -0.1139
vn 0.0466 0.9794 -0.1966
vn 0.0782 0.9791 0.1879
vn 0.0105 0.9925 -0.1221
vn 0.0424 0.9983 -0.0395
vn 0.1092 0.9806 0.1629
vn 0.0022 0.9999 -0.0148
vn 0.0039 1.0000 0.0085
vn 0.1324 0.9821 0.1343
vn 0.0039 1.0000 -0.0085
vn 0.0022 0.9999 0.0148
vn 0.1465 0.9843 0.0985
vn 0.0105 0.9925 0.1221
vn 0.1633 0.9844 0.0654
vn 0.1339 0.9844 0.1139
vn 0.1758 0.9838 0.0337
vn 0.1291 0.9880 0.0852
vn 0.1802 0.9836 -0.0000
vn 0.1418 0.9882 0.0587
vn 0.1758 0.9838 -0.0337
vn 0.1505 0.9882 0.0299
vn 0.1633 0.9844 -0.0654
vn 0.1535 0.9882 -0.0000
vn 0.1465 0.9843 -0.0985
vn -0.0699 0.7012 -0.7096
vn -0.2070 0.7012 -0.6823
vn -0.3361 0.7012 -0.6288
vn -0.4523 0.7012 -0.5512
vn -0.5512 0.7012 -0.4523
vn -0.6288 0.7012 -0.3361
vn -0.6823 0.7012 -0.2070
vn -0.7096 0.7012 -0.0699
vn -0.7096 0.7012 0.0699
vn -0.6823 0.7012 0.2070
vn -0.6288 0.7012 0.3361
vn -0.5512 0.7012 0.4523
vn -0.4523 0.7012 0.5512
vn -0.3361 0.7012 0.6288
vn -0.2070 0.7012 0.6823
vn -0.0699 0.7012 0.7096
vn 0.0699 0.7012 0.7096
vn 0.2070 0.7012 0.6823
vn 0.3248 0.7056 0.6297
vn 0.4361 0.7207 0.5389
vn 0.5450 0.7148 0.4382
vn 0.6195 0.7117 0.3311
vn 0.6722 0.7117 0.2039
vn 0.6991 0.7117 0.0689
vn 0.6991 0.7117 -0.0688
vn 0.6722 0.7117 -0.2039
vn 0.6195 0.7117 -0.3311
vn 0.5450 0.7148 -0.4382
vn 0.4361 0.7207 -0.5389
vn 0.3248 0.7056 -0.6297
vn 0.2070 0.7012 -0.6823
vn 0.0699 0.7012 -0.7096
vn -0.4127 0.9071 -0.0821
vn 0.2682 0.9240 -0.2724
vn 0.2512 0.9542 0.1622
vn -0.4208 0.9071 -0.0000
vn 0.2774 0.9539 0.1149
vn -0.4127 0.9071 0.0821
vn 0.2945 0.9539 0.0586
vn -0.3888 0.9071 0.1610
vn 0.3003 0.9539 -0.0000
vn -0.3499 0.9071 0.2338
vn 0.2945 0.9539 -0.0586
vn -0.2976 0.9071 0.2976
vn 0.2774 0.9539 -0.1149
vn -0.2338 0.9071 0.3499
vn 0.2512 0.9542 -0.1622
vn -0.1610 0.9071 0.3888
vn -0.0821 0.9071 -0.4127
vn 0.2059 0.9678 -0.1449
vn -0.0821 0.9071 0.4127
vn -0.1610 0.9071 -0.3888
vn 0.0723 0.9426 -0.3260
vn -0.0000 0.9071 0.4208
vn -0.2338 0.9071 -0.3499
vn 0.1510 0.9085 -0.3896
vn 0.0821 0.9071 0.4127
vn -0.2976 0.9071 -0.2976
vn 0.0821 0.9071 -0.4127
vn 0.1510 0.9085 0.3896
vn -0.3499 0.9071 -0.2338
vn 0.0723 0.9426 0.3260
vn -0.3888 0.9071 -0.1610
vn 0.2059 0.9678 0.1449
vn 0.5300 0.8480 -0.0000
vn 0.0714 0.8043 -0.5900
vn -0.4485 0.8356 -0.3173
vn -0.4485 0.8356 0.3173
vn 0.0714 0.8043 0.5900
vn 0.4897 0.8480 0.2028
vn 0.4538 0.8481 0.2734
vn -0.0000 0.9071 -0.4208
vn 0.2682 0.9240 0.2724
vn -0.6053 0.6878 -0.4008
vn -0.6053 0.6878 0.4008
vn -0.0430 0.9904 0.1311
vn -0.6334 0.6958 -0.3386
vn 0.0923 0.7362 0.6704
vn 0.0704 0.6958 -0.7148
vn -0.5552 0.6958 -0.4556
vn 0.2085 0.6958 0.6873
vn 0.2085 0.6958 -0.6873
vn -0.4556 0.6958 -0.5552
vn 0.0704 0.6958 0.7148
vn 0.0923 0.7362 -0.6704
vn -0.3386 0.6958 -0.6334
vn -0.0704 0.6958 0.7148
vn -0.0430 0.9904 -0.1311
vn -0.2085 0.6958 -0.6873
vn -0.2085 0.6958 0.6873
vn 0.3170 0.9414 -0.1153
vn -0.0704 0.6958 -0.7148
vn -0.3386 0.6958 0.6334
vn 0.3290 0.9278 -0.1758
vn -0.4556 0.6958 0.5552
vn 0.3569 0.9278 -0.1083
vn -0.5552 0.6958 0.4556
vn 0.3712 0.9278 -0.0366
vn -0.6334 0.6958 0.3386
vn 0.3712 0.9278 0.0366
vn -0.6873 0.6958 0.2085
vn 0.3569 0.9278 0.1083
vn -0.7148 0.6958 0.0704
vn 0.3290 0.9278 0.1758
vn -0.7148 0.6958 -0.0704
vn 0.3170 0.9414 0.1153
vn -0.6873 0.6958 -0.2085
vn 0.3944 0.6995 0.5959
vn -0.6208 0.6575 -0.4269
vn 0.2716 0.7044 0.6558
vn 0.1371 0.6575 -0.7409
vn -0.5109 0.6846 -0.5199
vn 0.1424 0.6995 0.7003
vn 0.2888 0.6125 -0.7358
vn -0.3944 0.6995 -0.5959
vn 0.0063 0.6846 0.7289
vn 0.4530 0.5318 -0.7155
vn -0.2716 0.7044 -0.6558
vn -0.1371 0.6575 0.7409
vn 0.6379 0.3684 -0.6763
vn -0.0000 0.2391 -0.9710
vn -0.1424 0.6995 -0.7003
vn -0.2888 0.6125 0.7358
vn 0.8218 0.1191 -0.5572
vn -0.4530 0.5318 0.7155
vn 0.9134 0.1499 -0.3784
vn -0.6379 0.3685 0.6763
vn 0.9751 0.1190 -0.1871
vn -0.8218 0.1191 0.5572
vn 0.9292 0.3685 0.0272
vn -0.9134 0.1499 0.3784
vn 0.8263 0.5318 0.1856
vn -0.9751 0.1190 0.1871
vn 0.7246 0.6125 0.3161
vn -0.9292 0.3685 -0.0272
vn 0.6866 0.2391 0.6866
vn 0.6208 0.6575 0.4269
vn -0.8971 0.2391 -0.3716
vn -0.8263 0.5318 -0.1856
vn -0.9563 -0.0000 0.2924
vn -0.1758 -0.0000 0.9844
vn -0.8517 -0.0000 0.5241
vn -0.9306 -0.0000 0.3660
vn -0.3827 -0.0000 -0.9239
vn -0.1951 -0.0000 -0.9808
vn 0.1959 -0.0000 0.9806
vn 0.0707 -0.0000 0.9975
vn 1.0000 -0.0000 -0.0000
vn 0.9877 -0.0000 -0.1564
vn -0.7325 -0.0000 0.6808
vn -0.1951 -0.0000 0.9808
vn -0.3827 -0.0000 0.9239
vn 0.3827 -0.0000 0.9239
vn -0.9934 -0.0000 0.1146
vn -0.5710 -0.0000 0.8209
vn 0.5556 -0.0000 0.8315
vn 0.0033 -0.0000 1.0000
vn -0.0005 -0.0000 1.0000
vn -0.4013 -0.0000 0.9159
vn -0.0000 -0.0000 -1.0000
vn 0.7071 -0.0000 0.7071
vn -1.0000 -0.0000 -0.0000
vn -0.2159 -0.0000 0.9764
vn -0.5556 -0.0000 0.8315
vn 0.8315 -0.0000 0.5556
vn -0.0406 -0.0000 0.9992
vn 0.9239 -0.0000 0.3827
vn -0.0000 -0.0000 1.0000
vn 0.1951 -0.0000 0.9808
vn 0.2093 -0.0000 -0.9778
vn -0.1758 -0.0000 -0.9844
vn -0.7071 -0.0000 0.7071
vn 0.9808 -0.0000 0.1951
vn -0.8315 -0.0000 0.5556
vn -0.9969 -0.0000 0.0791
vn -0.4056 -0.0000 0.9140
vn 0.9808 -0.0000 -0.1951
vn 0.2093 -0.0000 0.9778
vn 0.9239 -0.0000 -0.3827
vn -0.9239 -0.0000 0.3827
vn 0.8315 -0.0000 -0.5556
vn 0.7071 -0.0000 -0.7071
vn -0.4886 -0.0000 -0.8725
vn -0.0005 -0.0000 -1.0000
vn 0.0033 -0.0000 -1.0000
vn -0.9808 -0.0000 0.1951
vn 0.5556 -0.0000 -0.8315
vn -0.9969 -0.0000 -0.0791
vn -0.4886 -0.0000 0.8725
vn 0.3827 -0.0000 -0.9239
vn 0.9877 -0.0000 0.1564
vn 0.1959 -0.0000 -0.9806
vn -0.9239 -0.0000 -0.3827
vn -0.8315 -0.0000 -0.5556
vn 0.0707 -0.0000 -0.9975
vn 0.3421 -0.0000 0.9397
vn 0.9260 -0.0000 0.3775
vn -0.9808 -0.0000 -0.1951
vn -0.2159 -0.0000 -0.9764
vn -0.0406 -0.0000 -0.9992
vn 0.1951 -0.0000 -0.9808
vn -0.9934 -0.0000 -0.1146
vn -0.4013 -0.0000 -0.9159
vn -0.7071 -0.0000 -0.7071
vn -0.5710 -0.0000 -0.8209
vn -0.9563 -0.0000 -0.2924
vn -0.7325 -0.0000 -0.6808
vn 0.3421 -0.0000 -0.9397
vn -0.8517 -0.0000 -0.5241
vn -0.5556 -0.0000 -0.8315
vn -0.9306 -0.0000 -0.3660
vn -0.9825 -0.0000 -0.1862
vn -0.4056 -0.0000 -0.9140
vn 0.9260 -0.0000 -0.3775
vn -0.9825 -0.0000 0.1862
vn -0.0137 0.9938 -0.1100
vn -0.0308 0.9947 -0.0983
vn -0.0477 0.9947 -0.0912
vn -0.0681 0.9938 -0.0874
vn -0.0969 0.9916 -0.0858
vn -0.1436 0.9860 -0.0845
vn -0.2293 0.9702 -0.0788
vn -0.3979 0.9161 -0.0491
vn -0.6539 0.7541 0.0608
vn -0.7035 0.6771 0.2158
vn -0.6501 0.6771 0.3449
vn -0.5055 0.7541 0.4194
vn -0.2467 0.9161 0.3161
vn -0.1064 0.9702 0.2178
vn -0.0417 0.9860 0.1613
vn -0.0079 0.9916 0.1292
vn 0.0137 0.9938 0.1100
vn 0.0308 0.9947 0.0983
vn 0.0477 0.9947 0.0912
vn 0.0681 0.9938 0.0874
vn 0.0969 0.9916 0.0858
vn 0.1436 0.9860 0.0845
vn 0.2293 0.9702 0.0788
vn 0.3980 0.9161 0.0491
vn 0.6540 0.7541 -0.0608
vn 0.7036 0.6771 -0.2158
vn 0.6500 0.6771 -0.3449
vn 0.5054 0.7541 -0.4194
vn 0.2467 0.9161 -0.3161
vn 0.1064 0.9702 -0.2178
vn 0.0417 0.9860 -0.1613
vn 0.0079 0.9916 -0.1292
vn 0.0444 0.9977 -0.0509
vn 0.1500 0.9867 -0.0621
vn 0.0674 0.9977 0.0046
vn 0.0098 0.9997 -0.0245
vn 0.0017 1.0000 -0.0007
vn 0.0243 0.9997 0.0104
vn 0.0030 0.9999 -0.0167
vn 0.0008 1.0000 -0.0003
vn 0.0139 0.9999 0.0097
vn 0.0001 0.9999 -0.0130
vn 0.0004 1.0000 -0.0002
vn 0.0093 0.9999 0.0091
vn -0.0015 0.9999 -0.0109
vn 0.0067 0.9999 0.0088
vn -0.0027 0.9999 -0.0097
vn 0.0001 1.0000 -0.0001
vn 0.0050 0.9999 0.0088
vn -0.0038 1.0000 -0.0091
vn 0.0038 1.0000 0.0091
vn -0.0050 0.9999 -0.0088
vn 0.0027 0.9999 0.0097
vn -0.0066 0.9999 -0.0088
vn -0.0001 1.0000 0.0001
vn 0.0015 0.9999 0.0109
vn -0.0092 0.9999 -0.0091
vn -0.0001 0.9999 0.0130
vn -0.0139 0.9999 -0.0097
vn -0.0004 1.0000 0.0002
vn -0.0030 0.9999 0.0167
vn -0.0243 0.9997 -0.0104
vn -0.0008 1.0000 0.0003
vn -0.0098 0.9997 0.0245
vn -0.0674 0.9977 -0.0046
vn -0.0016 1.0000 0.0007
vn -0.0444 0.9977 0.0509
vn -0.1500 0.9867 0.0621
vn 0.5394 0.2391 0.8073
vn -0.8073 0.2391 -0.5395
vn 0.3716 0.2391 0.8971
vn 0.1894 0.2391 -0.9523
vn -0.6866 0.2391 -0.6866
vn 0.1894 0.2391 0.9523
vn 0.3716 0.2391 -0.8971
vn -0.5394 0.2391 -0.8073
vn -0.0000 0.2391 0.9710
vn 0.5394 0.2391 -0.8073
vn -0.3716 0.2391 -0.8971
vn -0.1894 0.2391 0.9523
vn 0.6866 0.2391 -0.6866
vn -0.0063 0.6846 -0.7289
vn -0.1894 0.2391 -0.9523
vn -0.3716 0.2391 0.8971
vn 0.8073 0.2391 -0.5395
vn -0.5394 0.2391 0.8073
vn 0.8971 0.2391 -0.3716
vn -0.6866 0.2391 0.6866
vn 0.9523 0.2391 -0.1894
vn -0.8073 0.2391 0.5394
vn 0.9710 0.2391 -0.0000
vn -0.8971 0.2391 0.3716
vn 0.9523 0.2391 0.1894
vn -0.9523 0.2391 0.1894
vn 0.8971 0.2391 0.3716
vn -0.9710 0.2391 -0.0000
vn 0.5109 0.6846 0.5199
vn 0.8073 0.2391 0.5395
vn -0.7246 0.6125 -0.3161
vn -0.9523 0.2391 -0.1894
vn 0.6279 0.1217 0.7687
vn -0.8764 0.0905 -0.4731
vn 0.4668 0.1288 0.8750
vn 0.0940 0.1083 -0.9897
vn -0.9533 0.0709 -0.2935
vn 0.7663 0.1083 0.6333
vn -0.9935 0.0524 -0.1014
vn 0.8764 0.0905 0.4731
vn -0.9947 0.0384 0.0959
vn 0.9533 0.0709 0.2935
vn -0.9561 0.0357 0.2907
vn 0.9935 0.0524 0.1014
vn -0.8817 0.0357 0.4705
vn 0.9947 0.0384 -0.0959
vn -0.7711 0.0384 0.6355
vn 0.9561 0.0357 -0.2907
vn -0.6308 0.0524 0.7742
vn 0.8817 0.0357 -0.4705
vn -0.4666 0.0709 0.8816
vn -0.0996 0.1217 -0.9876
vn 0.7711 0.0384 -0.6355
vn -0.2852 0.0905 0.9542
vn -0.2886 0.1288 -0.9487
vn 0.6308 0.0524 -0.7742
vn -0.0940 0.1083 0.9897
vn -0.4668 0.1288 -0.8749
vn 0.4666 0.0709 -0.8816
vn 0.0996 0.1217 0.9876
vn -0.6279 0.1217 -0.7687
vn 0.2852 0.0905 -0.9542
vn 0.2886 0.1288 0.9487
vn -0.7663 0.1083 -0.6333
vn -0.1894 0.9270 -0.3237
vn -0.2998 0.9404 -0.1603
vn -0.3254 0.9404 -0.0987
vn -0.3384 0.9404 -0.0333
vn -0.3384 0.9404 0.0333
vn -0.3254 0.9404 0.0987
vn -0.2999 0.9404 0.1603
vn -0.1894 0.9270 0.3237
vn 0.3305 0.8661 -0.3749
vn 0.0036 0.9999 -0.0103
vn -0.0034 1.0000 -0.0014
vn -0.0036 1.0000 -0.0007
vn -0.0036 1.0000 -0.0000
vn -0.0036 1.0000 0.0007
vn -0.0034 1.0000 0.0014
vn 0.0036 0.9999 0.0103
vn 0.3305 0.8661 0.3749
vn 0.3741 0.9239 -0.0807
vn 0.2868 0.9457 -0.1533
vn 0.3112 0.9457 -0.0944
vn 0.3236 0.9457 -0.0319
vn 0.3236 0.9457 0.0319
vn 0.3112 0.9457 0.0944
vn 0.2868 0.9457 0.1533
vn 0.3741 0.9239 0.0807
vn 0.5199 0.8480 -0.1034
vn 0.4539 0.8481 -0.2734
vn 0.6056 0.7703 0.1999
vn 0.6056 0.7703 -0.1999
vn -0.5079 0.8353 -0.2104
vn -0.5392 0.8353 -0.1073
vn 0.5199 0.8480 0.1034
vn -0.5498 0.8353 -0.0000
vn 0.4897 0.8480 -0.2028
vn -0.5392 0.8353 0.1073
vn -0.5079 0.8353 0.2104
vn -0.0263 -0.6583 0.7523
vn -0.0033 -1.0000 0.0011
vn -0.0799 -0.9504 -0.3006
vn -0.0035 -1.0000 0.0035
vn -0.0867 -0.9808 -0.1745
vn -0.0146 -0.9998 -0.0122
vn -0.0893 -0.9897 -0.1118
vn -0.0699 -0.9976 -0.0034
vn -0.0699 -0.9976 0.0034
vn -0.0893 -0.9897 0.1118
vn -0.0146 -0.9998 0.0122
vn -0.0867 -0.9808 0.1745
vn -0.0035 -1.0000 -0.0035
vn -0.0800 -0.9504 0.3006
vn -0.0033 -1.0000 -0.0011
vn -0.0263 -0.6583 -0.7523
vn -0.0000 -0.7053 -0.7089
vn -0.0051 -0.9837 0.1799
vn -0.0051 -0.9837 -0.1799
vn -0.0000 -0.7053 0.7089
vn 0.0169 -0.7743 0.6326
vn -0.0785 -0.9969 -0.0008
vn -0.0710 -0.9975 -0.0023
vn -0.0534 -0.9981 -0.0294
vn -0.0068 -0.9998 -0.0208
vn -0.0068 -0.9998 0.0208
vn -0.0534 -0.9981 0.0294
vn -0.0710 -0.9975 0.0023
vn -0.0785 -0.9969 0.0008
vn 0.0169 -0.7743 -0.6326
vn 0.2042 -0.9770 -0.0619
vn 0.1222 -0.9812 -0.1492
vn 0.1882 -0.9770 -0.1006
vn 0.0944 -0.9799 -0.1759
vn 0.0608 -0.9919 0.1119
vn 0.1650 -0.9770 -0.1354
vn 0.0606 -0.9781 -0.1990
vn 0.0607 -0.9781 0.1990
vn 0.0818 -0.9834 -0.1621
vn 0.0608 -0.9919 -0.1119
vn 0.0944 -0.9799 0.1759
vn -0.0037 -0.9986 -0.0537
vn 0.0160 -0.9998 -0.0072
vn 0.1221 -0.9812 0.1492
vn 0.0031 -0.9999 -0.0102
vn 0.0031 -0.9999 0.0102
vn 0.1397 -0.9832 0.1171
vn 0.0160 -0.9998 0.0072
vn -0.0037 -0.9986 0.0537
vn 0.1548 -0.9846 0.0811
vn 0.0818 -0.9834 0.1621
vn 0.1705 -0.9841 0.0499
vn 0.1650 -0.9770 0.1354
vn 0.1791 -0.9837 0.0170
vn 0.1882 -0.9770 0.1006
vn 0.1791 -0.9837 -0.0170
vn 0.2042 -0.9770 0.0619
vn 0.1705 -0.9841 -0.0499
vn 0.2124 -0.9770 0.0209
vn 0.1548 -0.9846 -0.0811
vn 0.2124 -0.9770 -0.0209
vn 0.1397 -0.9832 -0.1171
vn -0.1926 -0.9794 -0.0599
vn -0.2059 -0.9783 -0.0216
vn -0.2134 -0.9769 0.0139
vn -0.2041 -0.9765 0.0687
vn -0.1929 -0.9765 0.0958
vn -0.1608 -0.9769 0.1411
vn -0.1303 -0.9783 0.1609
vn -0.0938 -0.9794 0.1786
vn -0.0192 -0.9819 -0.1885
vn -0.0559 -0.9805 0.1886
vn -0.0547 -0.9822 -0.1797
vn -0.0391 -0.9970 -0.0674
vn -0.0179 -0.9813 0.1916
vn -0.0884 -0.9822 -0.1658
vn 0.0253 -0.9842 -0.1750
vn 0.0192 -0.9819 0.1885
vn -0.1197 -0.9819 -0.1468
vn 0.0559 -0.9805 -0.1886
vn 0.0547 -0.9822 0.1797
vn -0.1481 -0.9813 -0.1229
vn 0.0179 -0.9813 -0.1916
vn 0.0237 -0.9858 0.1664
vn -0.1728 -0.9805 -0.0938
vn -0.0387 -0.9970 0.0664
vn -0.1689 -0.9774 0.1275
vn -0.1689 -0.9774 -0.1275
vn -0.0263 0.6583 0.7523
vn -0.0033 1.0000 0.0011
vn -0.0799 0.9504 -0.3006
vn -0.0035 1.0000 0.0035
vn -0.0867 0.9808 -0.1745
vn -0.0146 0.9998 -0.0122
vn -0.0893 0.9897 -0.1118
vn -0.0699 0.9976 -0.0034
vn -0.0699 0.9976 0.0034
vn -0.0893 0.9897 0.1118
vn -0.0146 0.9998 0.0122
vn -0.0867 0.9808 0.1745
vn -0.0035 1.0000 -0.0035
vn -0.0799 0.9504 0.3006
vn -0.0033 1.0000 -0.0011
vn -0.0263 0.6583 -0.7523
vn -0.0000 0.7053 -0.7089
vn -0.0051 0.9837 0.1799
vn -0.0051 0.9837 -0.1799
vn -0.0000 0.7053 0.7089
vn 0.0169 0.7743 0.6326
vn -0.0785 0.9969 -0.0008
vn -0.0710 0.9975 -0.0023
vn -0.0534 0.9981 -0.0294
vn -0.0068 0.9998 -0.0208
vn -0.0068 0.9998 0.0208
vn -0.0534 0.9981 0.0294
vn -0.0710 0.9975 0.0023
vn -0.0785 0.9969 0.0008
vn 0.0169 0.7743 -0.6326
vn 0.1469 0.9882 -0.0445
vn 0.1222 0.9812 -0.1492
vn 0.1354 0.9882 -0.0723
vn 0.0944 0.9799 -0.1759
vn 0.0608 0.9919 0.1119
vn 0.1306 0.9866 -0.0978
vn 0.0606 0.9781 -0.1990
vn 0.0606 0.9781 0.1990
vn 0.0843 0.9861 -0.1434
vn 0.0608 0.9919 -0.1119
vn 0.0944 0.9799 0.1759
vn -0.0037 0.9986 -0.0537
vn 0.0160 0.9998 -0.0072
vn 0.1221 0.9812 0.1492
vn 0.0031 0.9999 -0.0102
vn 0.0031 0.9999 0.0102
vn 0.1397 0.9832 0.1171
vn 0.0160 0.9998 0.0072
vn -0.0037 0.9986 0.0537
vn 0.1548 0.9846 0.0811
vn 0.0843 0.9861 0.1434
vn 0.1705 0.9841 0.0499
vn 0.1306 0.9866 0.0978
vn 0.1791 0.9837 0.0170
vn 0.1353 0.9882 0.0723
vn 0.1791 0.9837 -0.0170
vn 0.1469 0.9882 0.0446
vn 0.1705 0.9841 -0.0499
vn 0.1527 0.9882 0.0150
vn 0.1548 0.9846 -0.0811
vn 0.1527 0.9882 -0.0150
vn 0.1397 0.9832 -0.1171
vn -0.4027 0.9071 -0.1221
vn 0.2399 0.9581 0.1563
vn -0.4188 0.9071 -0.0412
vn 0.2648 0.9539 0.1415
vn -0.4188 0.9071 0.0412
vn 0.2873 0.9539 0.0872
vn -0.4027 0.9071 0.1222
vn 0.2988 0.9539 0.0294
vn -0.3711 0.9071 0.1984
vn 0.2988 0.9539 -0.0294
vn -0.3253 0.9071 0.2670
vn 0.2873 0.9539 -0.0872
vn -0.2670 0.9071 0.3253
vn 0.2648 0.9539 -0.1415
vn -0.1984 0.9071 0.3711
vn -0.0413 0.9071 -0.4188
vn 0.2399 0.9581 -0.1563
vn -0.1222 0.9071 0.4027
vn -0.1222 0.9071 -0.4027
vn 0.1217 0.9677 -0.2208
vn -0.0412 0.9071 0.4188
vn -0.1984 0.9071 -0.3711
vn 0.1234 0.9194 -0.3735
vn 0.0412 0.9071 0.4188
vn -0.2670 0.9071 -0.3253
vn 0.1222 0.9071 -0.4027
vn 0.1222 0.9071 0.4027
vn -0.3253 0.9071 -0.2670
vn 0.0413 0.9071 -0.4188
vn 0.1234 0.9194 0.3735
vn -0.3711 0.9071 -0.1984
vn 0.1217 0.9677 0.2208
vn -0.1156 0.9902 0.0789
vn -0.1156 0.9902 -0.0789
vn -0.5261 0.8353 -0.1596
vn -0.4849 0.8353 -0.2592
vn 0.5185 0.8399 0.1604
vn 0.5185 0.8399 -0.1604
vn 0.5275 0.8480 -0.0520
vn -0.3206 0.8347 -0.4478
vn -0.3206 0.8347 0.4478
vn 0.4674 0.8480 0.2499
vn -0.5667 0.6728 -0.4756
vn 0.2079 0.7032 0.6799
vn 0.2118 0.6379 -0.7404
vn -0.4535 0.6934 -0.5599
vn 0.0753 0.6934 0.7166
vn 0.3689 0.5786 -0.7274
vn -0.3338 0.7032 -0.6278
vn -0.0644 0.6728 0.7370
vn 0.5427 0.4649 -0.6995
vn -0.2078 0.7032 -0.6799
vn -0.2118 0.6379 0.7404
vn 0.7335 0.2394 -0.6362
vn -0.0753 0.6934 -0.7166
vn -0.3689 0.5786 0.7274
vn 0.8789 0.1320 -0.4584
vn -0.5427 0.4649 0.6995
vn 0.9456 0.1320 -0.2973
vn -0.7335 0.2394 0.6362
vn 0.9685 0.2394 -0.0688
vn -0.8789 0.1320 0.4584
vn 0.8784 0.4649 0.1109
vn -0.9456 0.1320 0.2973
vn 0.7752 0.5786 0.2535
vn -0.9685 0.2394 0.0688
vn 0.6733 0.6379 0.3738
vn -0.8784 0.4649 -0.1109
vn 0.5667 0.6728 0.4756
vn -0.7752 0.5786 -0.2535
vn -0.7074 -0.0000 0.7068
vn -0.8937 -0.0000 0.4487
vn -0.2903 -0.0000 -0.9569
vn 0.1173 -0.0000 0.9931
vn 0.9969 -0.0000 -0.0781
vn -0.8003 -0.0000 0.5996
vn -0.2903 -0.0000 0.9569
vn 0.2903 -0.0000 0.9569
vn -0.9848 -0.0000 0.1735
vn -0.6527 -0.0000 0.7577
vn 0.4714 -0.0000 0.8819
vn -0.4881 -0.0000 0.8728
vn -0.0980 -0.0000 -0.9952
vn 0.6344 -0.0000 0.7730
vn -0.9984 -0.0000 0.0570
vn -0.3104 -0.0000 0.9506
vn -0.4714 -0.0000 0.8819
vn 0.7730 -0.0000 0.6344
vn -0.1213 -0.0000 0.9926
vn 0.8819 -0.0000 0.4714
vn 0.0980 -0.0000 0.9952
vn 0.0199 -0.0000 -0.9998
vn -0.6344 -0.0000 0.7730
vn 0.9569 -0.0000 0.2903
vn 0.0346 -0.0000 0.9994
vn 0.9952 -0.0000 0.0980
vn -0.7730 -0.0000 0.6344
vn -0.6782 -0.0000 0.7349
vn 0.9952 -0.0000 -0.0980
vn 0.0199 -0.0000 0.9998
vn 0.9569 -0.0000 -0.2903
vn -0.8819 -0.0000 0.4714
vn -0.0980 -0.0000 0.9952
vn 0.8819 -0.0000 -0.4714
vn 0.7730 -0.0000 -0.6344
vn -0.8467 -0.0000 -0.5320
vn -0.9569 -0.0000 0.2903
vn 0.6344 -0.0000 -0.7730
vn -0.8467 -0.0000 0.5320
vn 0.4714 -0.0000 -0.8819
vn 0.9969 -0.0000 0.0781
vn -0.9952 -0.0000 0.0980
vn 0.2903 -0.0000 -0.9569
vn -0.8819 -0.0000 -0.4714
vn 0.0346 -0.0000 -0.9994
vn 0.1173 -0.0000 -0.9931
vn 0.1099 -0.0000 0.9939
vn 0.9720 -0.0000 0.2349
vn -0.9952 -0.0000 -0.0980
vn -0.1213 -0.0000 -0.9926
vn 0.0980 -0.0000 -0.9952
vn -0.9984 -0.0000 -0.0570
vn -0.3104 -0.0000 -0.9506
vn -0.7730 -0.0000 -0.6344
vn 0.6452 -0.0000 0.7640
vn -0.9569 -0.0000 -0.2903
vn -0.4881 -0.0000 -0.8728
vn -0.9848 -0.0000 -0.1735
vn -0.6527 -0.0000 -0.7577
vn -0.8003 -0.0000 -0.5996
vn -0.6344 -0.0000 -0.7730
vn -0.7074 -0.0000 -0.7068
vn -0.8937 -0.0000 -0.4487
vn -0.0057 -0.0000 -1.0000
vn -0.9607 -0.0000 -0.2775
vn 0.1099 -0.0000 -0.9939
vn 0.6452 -0.0000 -0.7640
vn -0.9956 -0.0000 -0.0934
vn -0.4714 -0.0000 -0.8819
vn -0.6782 -0.0000 -0.7349
vn -0.0057 -0.0000 1.0000
vn -0.9956 -0.0000 0.0934
vn 0.9720 -0.0000 -0.2349
vn -0.9607 -0.0000 0.2775
vn 0.1800 0.9764 -0.1192
vn 0.2116 0.9764 -0.0429
vn 0.0176 0.9993 -0.0323
vn 0.0353 0.9993 0.0103
vn 0.0055 0.9998 -0.0198
vn 0.0179 0.9998 0.0101
vn 0.0013 0.9999 -0.0146
vn 0.0112 0.9999 0.0094
vn -0.0008 0.9999 -0.0118
vn 0.0078 0.9999 0.0089
vn -0.0021 0.9999 -0.0103
vn 0.0057 0.9999 0.0088
vn -0.0032 1.0000 -0.0093
vn 0.0043 1.0000 0.0089
vn -0.0043 1.0000 -0.0089
vn 0.0032 1.0000 0.0093
vn -0.0057 0.9999 -0.0088
vn 0.0021 0.9999 0.0103
vn -0.0078 0.9999 -0.0089
vn 0.0008 0.9999 0.0118
vn -0.0112 0.9999 -0.0094
vn -0.0013 0.9999 0.0146
vn -0.0179 0.9998 -0.0101
vn -0.0055 0.9998 0.0198
vn -0.0353 0.9993 -0.0104
vn -0.0176 0.9993 0.0323
vn -0.2115 0.9764 0.0430
vn -0.1800 0.9764 0.1192
vn 0.0644 0.6728 -0.7370
vn 0.3338 0.7032 0.6278
vn -0.6733 0.6379 -0.3738
vn 0.4535 0.6934 0.5599
vn 0.6160 0.2391 0.7506
vn -0.8563 0.2391 -0.4577
vn 0.4577 0.2391 0.8563
vn 0.0952 0.2391 -0.9663
vn -0.9292 0.2391 -0.2819
vn 0.7506 0.2391 0.6160
vn -0.9663 0.2391 -0.0952
vn 0.8563 0.2391 0.4577
vn -0.9663 0.2391 0.0952
vn 0.9292 0.2391 0.2819
vn -0.9292 0.2391 0.2819
vn 0.9663 0.2391 0.0952
vn -0.8563 0.2391 0.4577
vn 0.9663 0.2391 -0.0952
vn -0.7506 0.2391 0.6160
vn 0.9292 0.2391 -0.2819
vn -0.6160 0.2391 0.7506
vn 0.8563 0.2391 -0.4577
vn -0.4577 0.2391 0.8563
vn -0.0952 0.2391 -0.9663
vn 0.7506 0.2391 -0.6160
vn -0.2819 0.2391 0.9292
vn -0.2819 0.2391 -0.9292
vn 0.6160 0.2391 -0.7506
vn -0.0952 0.2391 0.9663
vn -0.4577 0.2391 -0.8563
vn 0.4577 0.2391 -0.8563
vn 0.0952 0.2391 0.9663
vn -0.6160 0.2391 -0.7506
vn 0.2819 0.2391 -0.9292
vn 0.2819 0.2391 0.9292
vn -0.7506 0.2391 -0.6160
vn 0.0648 0.9946 0.0812
vn -0.0032 1.0000 0.0017
vn -0.0035 1.0000 0.0011
vn -0.0036 1.0000 0.0004
vn -0.0036 1.0000 -0.0004
vn -0.0035 1.0000 -0.0011
vn -0.0032 1.0000 -0.0017
vn 0.0648 0.9946 -0.0812
vn 0.5275 0.8480 0.0520
vn -0.5471 0.8353 -0.0539
vn 0.4764 0.7093 -0.5195
vn 0.4675 0.8480 -0.2499
vn -0.5471 0.8353 0.0539
vn 0.5072 0.8480 0.1539
vn -0.5261 0.8353 0.1596
vn 0.4764 0.7093 0.5195
vn 0.5072 0.8480 -0.1539
vn -0.4849 0.8353 0.2592
vt 0.571775 0.530219
vt 0.004426 0.530219
vt 0.004426 0.489870
vt 0.571775 0.489870
vt 0.004426 0.449521
vt 0.571775 0.449521
vt 0.004426 0.409172
vt 0.571775 0.409172
vt 0.004426 0.368823
vt 0.571775 0.368823
vt 0.004426 0.328473
vt 0.571775 0.328473
vt 0.004426 0.288124
vt 0.571775 0.288124
vt 0.004426 0.247775
vt 0.571775 0.247775
vt 0.004426 0.207426
vt 0.571775 0.207426
vt 0.004426 0.167077
vt 0.571775 0.167077
vt 0.004426 0.126728
vt 0.571775 0.126728
vt 0.004426 0.086378
vt 0.571775 0.086378
vt 0.004426 0.046029
vt 0.571775 0.046029
vt 0.004426 0.005680
vt 0.571775 0.005680
vt 0.571775 0.974060
vt 0.004426 0.974060
vt 0.004426 0.933711
vt 0.571775 0.933711
vt 0.004426 0.893362
vt 0.571775 0.893362
vt 0.004426 0.853013
vt 0.571775 0.853013
vt 0.004426 0.812664
vt 0.571775 0.812664
vt 0.004426 0.772314
vt 0.571775 0.772314
vt 0.004426 0.731965
vt 0.571775 0.731965
vt 0.004426 0.691616
vt 0.571775 0.691616
vt 0.004426 0.651267
vt 0.571775 0.651267
vt 0.004426 0.610918
vt 0.571775 0.610918
vt 0.584500 0.814298
vt 0.584500 0.779102
vt 0.634934 0.779102
vt 0.634934 0.814298
vt 0.004426 0.570568
vt 0.571775 0.570568
vt 0.683289 0.565215
vt 0.683289 0.530190
vt 0.710395 0.530190
vt 0.710395 0.565215
vt 0.634934 0.427135
vt 0.634934 0.391938
vt 0.663095 0.391938
vt 0.663095 0.427135
vt 0.584500 0.145561
vt 0.584500 0.110365
vt 0.634934 0.110365
vt 0.634934 0.145561
vt 0.584500 0.321545
vt 0.584500 0.286348
vt 0.634934 0.286348
vt 0.634934 0.321545
vt 0.584500 0.567921
vt 0.584500 0.532725
vt 0.634934 0.532725
vt 0.634934 0.567921
vt 0.584500 0.743905
vt 0.584500 0.708708
vt 0.634934 0.708708
vt 0.634934 0.743905
vt 0.584500 0.075168
vt 0.584500 0.039971
vt 0.634934 0.039971
vt 0.634934 0.075168
vt 0.584500 0.251151
vt 0.584500 0.215955
vt 0.634934 0.215955
vt 0.634934 0.251151
vt 0.584500 0.497528
vt 0.584500 0.462331
vt 0.634934 0.462331
vt 0.634934 0.497528
vt 0.584500 0.673512
vt 0.584500 0.638315
vt 0.634934 0.638315
vt 0.634934 0.673512
vt 0.584500 0.427135
vt 0.584500 0.391938
vt 0.584500 0.849495
vt 0.634934 0.849495
vt 0.584500 0.180758
vt 0.634934 0.180758
vt 0.584500 0.356741
vt 0.634934 0.356741
vt 0.584500 0.603118
vt 0.634934 0.603118
vt 0.584500 0.004774
vt 0.634934 0.004774
vt 0.663095 0.567921
vt 0.663095 0.532725
vt 0.671836 0.532725
vt 0.671836 0.567921
vt 0.663095 0.075168
vt 0.663095 0.110365
vt 0.663095 0.673512
vt 0.663095 0.708708
vt 0.663095 0.356741
vt 0.663095 0.462331
vt 0.663095 0.145561
vt 0.663095 0.743905
vt 0.663095 0.497528
vt 0.663095 0.180758
vt 0.663095 0.779102
vt 0.663095 0.215955
vt 0.663095 0.814298
vt 0.663095 0.251151
vt 0.663095 0.849495
vt 0.663095 0.603118
vt 0.663095 0.286348
vt 0.663095 0.004774
vt 0.663095 0.039971
vt 0.663095 0.638315
vt 0.663095 0.321545
vt 0.967044 0.328957
vt 0.967044 0.297557
vt 0.971745 0.297557
vt 0.971745 0.328957
vt 0.671836 0.215955
vt 0.671836 0.251151
vt 0.671836 0.814298
vt 0.671836 0.849495
vt 0.671836 0.603118
vt 0.671836 0.286348
vt 0.671836 0.004774
vt 0.671836 0.039971
vt 0.671836 0.638315
vt 0.671836 0.321545
vt 0.671836 0.075168
vt 0.671836 0.673512
vt 0.671836 0.356741
vt 0.671836 0.391938
vt 0.671836 0.427135
vt 0.671836 0.110365
vt 0.671836 0.708708
vt 0.671836 0.462331
vt 0.671836 0.145561
vt 0.671836 0.743905
vt 0.671836 0.497528
vt 0.671836 0.180758
vt 0.671836 0.779102
vt 0.971745 0.737155
vt 0.971745 0.705756
vt 0.980374 0.705756
vt 0.980374 0.737155
vt 0.967044 0.862755
vt 0.967044 0.831355
vt 0.971745 0.831355
vt 0.971745 0.862755
vt 0.967044 0.580156
vt 0.967044 0.548756
vt 0.971745 0.548756
vt 0.971745 0.580156
vt 0.967044 0.642956
vt 0.967044 0.611556
vt 0.971745 0.611556
vt 0.971745 0.642956
vt 0.967044 0.360357
vt 0.971745 0.360357
vt 0.967044 0.894155
vt 0.971745 0.894155
vt 0.967044 0.674356
vt 0.971745 0.674356
vt 0.967044 0.391757
vt 0.971745 0.391757
vt 0.967044 0.925555
vt 0.971745 0.925555
vt 0.967044 0.705756
vt 0.967044 0.423157
vt 0.971745 0.423157
vt 0.967044 0.956955
vt 0.971745 0.956955
vt 0.967044 0.737155
vt 0.967044 0.454557
vt 0.971745 0.454557
vt 0.967044 0.988355
vt 0.971745 0.988355
vt 0.967044 0.768555
vt 0.971745 0.768555
vt 0.967044 0.485957
vt 0.971745 0.485957
vt 0.967044 0.266158
vt 0.967044 0.234758
vt 0.971745 0.234758
vt 0.971745 0.266158
vt 0.967044 0.799955
vt 0.971745 0.799955
vt 0.967044 0.517356
vt 0.971745 0.517356
vt 0.980374 0.831355
vt 0.980374 0.799955
vt 0.988355 0.799955
vt 0.988355 0.831355
vt 0.980374 0.423157
vt 0.980374 0.454557
vt 0.980374 0.956955
vt 0.980374 0.988355
vt 0.980374 0.768555
vt 0.980374 0.485957
vt 0.980374 0.234758
vt 0.980374 0.266158
vt 0.980374 0.517356
vt 0.980374 0.297557
vt 0.980374 0.548756
vt 0.980374 0.580156
vt 0.980374 0.611556
vt 0.980374 0.328957
vt 0.980374 0.862755
vt 0.980374 0.642956
vt 0.980374 0.360357
vt 0.980374 0.894155
vt 0.980374 0.674356
vt 0.980374 0.391757
vt 0.980374 0.925555
vt 0.961160 0.228990
vt 0.939625 0.250525
vt 0.950771 0.219210
vt 0.976388 0.202614
vt 0.988355 0.517356
vt 0.988355 0.548756
vt 0.988355 0.580156
vt 0.988355 0.611556
vt 0.988355 0.297557
vt 0.988355 0.328957
vt 0.988355 0.862755
vt 0.988355 0.642956
vt 0.988355 0.360357
vt 0.988355 0.894155
vt 0.988355 0.674356
vt 0.988355 0.391757
vt 0.988355 0.925555
vt 0.988355 0.705756
vt 0.988355 0.423157
vt 0.988355 0.956955
vt 0.988355 0.737155
vt 0.988355 0.454557
vt 0.988355 0.988355
vt 0.988355 0.768555
vt 0.988355 0.485957
vt 0.988355 0.234758
vt 0.988355 0.266158
vt 0.710395 0.460141
vt 0.710395 0.425117
vt 0.732658 0.425117
vt 0.732658 0.460141
vt 0.683289 0.320043
vt 0.683289 0.285019
vt 0.710395 0.285019
vt 0.710395 0.320043
vt 0.683289 0.144920
vt 0.683289 0.109896
vt 0.710395 0.109896
vt 0.710395 0.144920
vt 0.683289 0.810386
vt 0.683289 0.775362
vt 0.710395 0.775362
vt 0.710395 0.810386
vt 0.683289 0.635264
vt 0.683289 0.600239
vt 0.710395 0.600239
vt 0.710395 0.635264
vt 0.683289 0.390092
vt 0.683289 0.355068
vt 0.710395 0.355068
vt 0.710395 0.390092
vt 0.683289 0.214969
vt 0.683289 0.179945
vt 0.710395 0.179945
vt 0.710395 0.214969
vt 0.683289 0.460141
vt 0.683289 0.425117
vt 0.683289 0.039847
vt 0.683289 0.004822
vt 0.710395 0.004822
vt 0.710395 0.039847
vt 0.683289 0.705313
vt 0.683289 0.670288
vt 0.710395 0.670288
vt 0.710395 0.705313
vt 0.683289 0.495166
vt 0.710395 0.495166
vt 0.683289 0.249994
vt 0.710395 0.249994
vt 0.683289 0.074871
vt 0.710395 0.074871
vt 0.683289 0.740337
vt 0.710395 0.740337
vt 0.683289 0.845411
vt 0.710395 0.845411
vt 0.732658 0.285019
vt 0.732658 0.249994
vt 0.743308 0.249994
vt 0.743308 0.285019
vt 0.732658 0.740337
vt 0.732658 0.775362
vt 0.732658 0.144920
vt 0.732658 0.179945
vt 0.732658 0.495166
vt 0.732658 0.390092
vt 0.732658 0.705313
vt 0.732658 0.109896
vt 0.732658 0.355068
vt 0.732658 0.670288
vt 0.732658 0.074871
vt 0.732658 0.320043
vt 0.732658 0.635264
vt 0.732658 0.039847
vt 0.732658 0.600239
vt 0.732658 0.004822
vt 0.732658 0.565215
vt 0.732658 0.810386
vt 0.732658 0.845411
vt 0.732658 0.214969
vt 0.732658 0.530190
vt 0.743308 0.565215
vt 0.743308 0.600239
vt 0.743308 0.810386
vt 0.743308 0.845411
vt 0.743308 0.214969
vt 0.743308 0.530190
vt 0.743308 0.775362
vt 0.743308 0.179945
vt 0.743308 0.495166
vt 0.743308 0.425117
vt 0.743308 0.460141
vt 0.743308 0.740337
vt 0.743308 0.144920
vt 0.743308 0.390092
vt 0.743308 0.705313
vt 0.743308 0.109896
vt 0.743308 0.355068
vt 0.743308 0.670288
vt 0.743308 0.074871
vt 0.743308 0.320043
vt 0.743308 0.635264
vt 0.743308 0.039847
vt 0.743308 0.004822
vt 0.835201 0.491941
vt 0.835201 0.511277
vt 0.821166 0.511277
vt 0.821166 0.491941
vt 0.835201 0.317917
vt 0.835201 0.337253
vt 0.821166 0.337253
vt 0.821166 0.317917
vt 0.835201 0.646628
vt 0.835201 0.665964
vt 0.821166 0.665964
vt 0.821166 0.646628
vt 0.835201 0.472605
vt 0.821166 0.472605
vt 0.835201 0.530613
vt 0.821166 0.530613
vt 0.835201 0.356589
vt 0.821166 0.356589
vt 0.835201 0.685300
vt 0.821166 0.685300
vt 0.835201 0.549949
vt 0.821166 0.549949
vt 0.835201 0.375925
vt 0.821166 0.375925
vt 0.835201 0.704636
vt 0.821166 0.704636
vt 0.835201 0.569285
vt 0.821166 0.569285
vt 0.835201 0.395261
vt 0.821166 0.395261
vt 0.835201 0.723972
vt 0.821166 0.723972
vt 0.835201 0.588621
vt 0.821166 0.588621
vt 0.835201 0.414597
vt 0.821166 0.414597
vt 0.835201 0.743308
vt 0.821166 0.743308
vt 0.835201 0.607956
vt 0.821166 0.607956
vt 0.835201 0.433933
vt 0.821166 0.433933
vt 0.835201 0.279245
vt 0.835201 0.298581
vt 0.821166 0.298581
vt 0.821166 0.279245
vt 0.835201 0.627292
vt 0.821166 0.627292
vt 0.835201 0.453269
vt 0.821166 0.453269
vt 0.796696 0.588621
vt 0.796696 0.569285
vt 0.796696 0.414597
vt 0.796696 0.395261
vt 0.796696 0.743308
vt 0.796696 0.723972
vt 0.796696 0.607956
vt 0.796696 0.433933
vt 0.796696 0.298581
vt 0.796696 0.279245
vt 0.796696 0.627292
vt 0.796696 0.453269
vt 0.796696 0.317917
vt 0.796696 0.646628
vt 0.796696 0.472605
vt 0.796696 0.511277
vt 0.796696 0.491941
vt 0.796696 0.337253
vt 0.796696 0.665964
vt 0.796696 0.530613
vt 0.796696 0.356589
vt 0.796696 0.685300
vt 0.796696 0.549949
vt 0.796696 0.375925
vt 0.796696 0.704636
vt 0.775794 0.337253
vt 0.775794 0.317917
vt 0.775794 0.665964
vt 0.775794 0.646628
vt 0.775794 0.491941
vt 0.775794 0.472605
vt 0.775794 0.530613
vt 0.775794 0.511277
vt 0.775794 0.356589
vt 0.775794 0.685300
vt 0.775794 0.549949
vt 0.775794 0.375925
vt 0.775794 0.704636
vt 0.775794 0.569285
vt 0.775794 0.395261
vt 0.775794 0.723972
vt 0.775794 0.588621
vt 0.775794 0.414597
vt 0.775794 0.743308
vt 0.775794 0.607956
vt 0.775794 0.433933
vt 0.775794 0.298581
vt 0.775794 0.279245
vt 0.775794 0.627292
vt 0.775794 0.453269
vt 0.755012 0.588621
vt 0.755012 0.569285
vt 0.755012 0.414597
vt 0.755012 0.395261
vt 0.755012 0.743308
vt 0.755012 0.723972
vt 0.755012 0.607956
vt 0.755012 0.433933
vt 0.755012 0.298581
vt 0.755012 0.279245
vt 0.755012 0.627292
vt 0.755012 0.453269
vt 0.755012 0.317917
vt 0.755012 0.646628
vt 0.755012 0.472605
vt 0.755012 0.511277
vt 0.755012 0.491941
vt 0.755012 0.337253
vt 0.755012 0.665964
vt 0.755012 0.530613
vt 0.755012 0.356589
vt 0.755012 0.685300
vt 0.755012 0.549949
vt 0.755012 0.375925
vt 0.755012 0.704636
vt 0.776465 0.843369
vt 0.769231 0.841430
vt 0.762745 0.837686
vt 0.783955 0.843369
vt 0.757449 0.832390
vt 0.791189 0.841430
vt 0.753704 0.825904
vt 0.797675 0.837686
vt 0.751766 0.818670
vt 0.802971 0.832390
vt 0.751766 0.811180
vt 0.806715 0.825904
vt 0.753704 0.803946
vt 0.808654 0.818670
vt 0.757449 0.797460
vt 0.808654 0.811180
vt 0.762745 0.792164
vt 0.806715 0.803946
vt 0.769231 0.788419
vt 0.802971 0.797460
vt 0.776465 0.786481
vt 0.797675 0.792164
vt 0.783955 0.786481
vt 0.791189 0.788419
vt 0.913249 0.265753
vt 0.917311 0.231927
vt 0.883831 0.273635
vt 0.879371 0.239757
vt 0.853376 0.273635
vt 0.840698 0.242014
vt 0.823958 0.265753
vt 0.805087 0.238389
vt 0.797582 0.250525
vt 0.776047 0.228990
vt 0.955707 0.183801
vt 0.984271 0.173196
vt 0.917556 0.193127
vt 0.874177 0.200305
vt 0.830419 0.204599
vt 0.791154 0.205465
vt 0.760819 0.202614
vt 0.954099 0.146713
vt 0.984271 0.142740
vt 0.913967 0.151996
vt 0.868604 0.157968
vt 0.823241 0.163940
vt 0.783109 0.169224
vt 0.752937 0.173196
vt 0.946053 0.110471
vt 0.976388 0.113322
vt 0.906788 0.111338
vt 0.863030 0.115631
vt 0.819651 0.122810
vt 0.781500 0.132135
vt 0.752937 0.142740
vt 0.932121 0.077547
vt 0.961160 0.086947
vt 0.896510 0.073923
vt 0.857836 0.076179
vt 0.819896 0.084009
vt 0.786436 0.096727
vt 0.760819 0.113322
vt 0.913249 0.050184
vt 0.939625 0.065412
vt 0.883831 0.042301
vt 0.853376 0.042301
vt 0.823958 0.050184
vt 0.797582 0.065412
vt 0.776047 0.086947
vt 0.906875 0.852957
vt 0.906764 0.865036
vt 0.905564 0.867834
vt 0.905679 0.855721
vt 0.906895 0.871368
vt 0.905954 0.874785
vt 0.905090 0.878653
vt 0.904896 0.871580
vt 0.905037 0.859442
vt 0.872820 0.892822
vt 0.872796 0.900585
vt 0.868928 0.901065
vt 0.868959 0.893262
vt 0.872711 0.908385
vt 0.868866 0.908899
vt 0.864987 0.909051
vt 0.865030 0.901209
vt 0.865070 0.893389
vt 0.827710 0.866541
vt 0.827783 0.878652
vt 0.826458 0.874970
vt 0.826420 0.862853
vt 0.827739 0.885704
vt 0.826313 0.882027
vt 0.825245 0.878232
vt 0.825509 0.871170
vt 0.825485 0.859046
vt 0.880382 0.890999
vt 0.880301 0.898630
vt 0.876598 0.899771
vt 0.876631 0.892071
vt 0.880169 0.906298
vt 0.876490 0.907514
vt 0.831316 0.873423
vt 0.831530 0.885519
vt 0.829478 0.882180
vt 0.829347 0.870075
vt 0.831657 0.892537
vt 0.829525 0.889221
vt 0.888031 0.883963
vt 0.887299 0.895216
vt 0.883874 0.897119
vt 0.884084 0.889225
vt 0.887099 0.902958
vt 0.883717 0.904758
vt 0.836185 0.879299
vt 0.836631 0.891201
vt 0.833924 0.888596
vt 0.833602 0.876536
vt 0.836832 0.898324
vt 0.834108 0.895600
vt 0.894145 0.879618
vt 0.893560 0.891518
vt 0.890553 0.893488
vt 0.891283 0.881913
vt 0.893269 0.898637
vt 0.890285 0.900941
vt 0.842253 0.883692
vt 0.842835 0.894973
vt 0.839610 0.893203
vt 0.839024 0.881616
vt 0.842946 0.902717
vt 0.839786 0.900664
vt 0.899070 0.873780
vt 0.898728 0.885886
vt 0.896299 0.888941
vt 0.896755 0.876876
vt 0.898520 0.892908
vt 0.896029 0.895945
vt 0.849790 0.890839
vt 0.849789 0.898469
vt 0.846235 0.896917
vt 0.846114 0.889017
vt 0.849836 0.906135
vt 0.846306 0.904556
vt 0.902741 0.866924
vt 0.902548 0.879049
vt 0.900816 0.882564
vt 0.901071 0.870447
vt 0.902516 0.886109
vt 0.900691 0.889612
vt 0.857327 0.892745
vt 0.857271 0.900505
vt 0.853479 0.899650
vt 0.853525 0.891954
vt 0.857270 0.908303
vt 0.853501 0.907392
vt 0.903910 0.875376
vt 0.904066 0.863244
vt 0.903982 0.882442
vt 0.861133 0.901025
vt 0.861183 0.893223
vt 0.861110 0.908858
vt 0.824877 0.867422
vt 0.824878 0.855322
vt 0.824419 0.874360
vt 0.823512 0.870939
vt 0.823704 0.864616
vt 0.823708 0.852550
vt 0.825403 0.824759
vt 0.825500 0.842205
vt 0.824883 0.838485
vt 0.824743 0.821025
vt 0.823706 0.835711
vt 0.823539 0.818234
vt 0.905439 0.825129
vt 0.905180 0.842586
vt 0.904196 0.846383
vt 0.904410 0.828939
vt 0.902858 0.850059
vt 0.903020 0.832627
vt 0.901182 0.853577
vt 0.901284 0.836156
vt 0.899187 0.856905
vt 0.899217 0.839495
vt 0.896896 0.860088
vt 0.896840 0.842756
vt 0.894339 0.863474
vt 0.894177 0.846648
vt 0.842421 0.856215
vt 0.841188 0.870099
vt 0.838805 0.866956
vt 0.839285 0.851358
vt 0.836148 0.863180
vt 0.836459 0.846373
vt 0.891652 0.867231
vt 0.891301 0.851606
vt 0.889247 0.870361
vt 0.888114 0.856430
vt 0.833621 0.859772
vt 0.833835 0.842457
vt 0.831359 0.856569
vt 0.831489 0.839174
vt 0.829395 0.853225
vt 0.829455 0.835818
vt 0.827752 0.849694
vt 0.827751 0.832274
vt 0.826448 0.846009
vt 0.826397 0.828576
vt 0.907363 0.818618
vt 0.907034 0.836104
vt 0.905832 0.838869
vt 0.906133 0.821399
vt 0.906770 0.793280
vt 0.907590 0.804421
vt 0.906411 0.807452
vt 0.905788 0.798304
vt 0.905671 0.811259
vt 0.904965 0.802240
vt 0.873172 0.832840
vt 0.873286 0.841974
vt 0.869331 0.841985
vt 0.869295 0.833186
vt 0.873166 0.850199
vt 0.869255 0.849867
vt 0.865311 0.849757
vt 0.865341 0.841986
vt 0.865380 0.833289
vt 0.828522 0.809289
vt 0.827713 0.818443
vt 0.826327 0.814730
vt 0.827139 0.805648
vt 0.825298 0.810895
vt 0.826085 0.801887
vt 0.880650 0.831416
vt 0.880927 0.841896
vt 0.877164 0.841948
vt 0.876970 0.832251
vt 0.880800 0.851511
vt 0.877019 0.850745
vt 0.832268 0.816077
vt 0.831514 0.825367
vt 0.829446 0.822000
vt 0.830234 0.812776
vt 0.887525 0.828451
vt 0.887961 0.840569
vt 0.884535 0.841715
vt 0.884176 0.830266
vt 0.884469 0.852773
vt 0.837247 0.822322
vt 0.836588 0.832316
vt 0.833901 0.828626
vt 0.834611 0.819202
vt 0.893619 0.822580
vt 0.894185 0.832583
vt 0.891184 0.836948
vt 0.890684 0.825735
vt 0.843286 0.828249
vt 0.842736 0.840363
vt 0.839547 0.836709
vt 0.840153 0.825504
vt 0.898654 0.816380
vt 0.899323 0.825680
vt 0.896906 0.828918
vt 0.896283 0.819484
vt 0.850132 0.831281
vt 0.849756 0.841765
vt 0.846151 0.841545
vt 0.846618 0.830096
vt 0.849782 0.851391
vt 0.846100 0.852603
vt 0.902462 0.809623
vt 0.903188 0.818788
vt 0.901421 0.822331
vt 0.900718 0.813096
vt 0.857594 0.832774
vt 0.857396 0.841916
vt 0.853518 0.841855
vt 0.853803 0.832152
vt 0.857444 0.850154
vt 0.853576 0.850666
vt 0.904607 0.815086
vt 0.903877 0.805993
vt 0.861350 0.841957
vt 0.861467 0.833154
vt 0.861365 0.849849
vt 0.824593 0.807084
vt 0.825296 0.797946
vt 0.823441 0.804043
vt 0.824357 0.792915
vt 0.858168 0.751576
vt 0.858742 0.754528
vt 0.855327 0.755366
vt 0.854469 0.752484
vt 0.859487 0.758333
vt 0.856444 0.759076
vt 0.853484 0.760110
vt 0.852003 0.756522
vt 0.850868 0.753736
vt 0.891941 0.817012
vt 0.894441 0.814333
vt 0.890023 0.814458
vt 0.892352 0.812011
vt 0.894407 0.809330
vt 0.896668 0.811444
vt 0.848802 0.758001
vt 0.847403 0.755338
vt 0.850632 0.761423
vt 0.847912 0.763003
vt 0.845743 0.759773
vt 0.844091 0.757255
vt 0.898616 0.808361
vt 0.896229 0.806477
vt 0.897746 0.803447
vt 0.900263 0.805095
vt 0.827437 0.790309
vt 0.827719 0.794167
vt 0.830282 0.790023
vt 0.830513 0.793395
vt 0.831143 0.796726
vt 0.828430 0.797824
vt 0.842848 0.761830
vt 0.840964 0.759483
vt 0.845340 0.764829
vt 0.842939 0.766884
vt 0.840129 0.764150
vt 0.838025 0.761986
vt 0.901614 0.801687
vt 0.899013 0.800296
vt 0.899951 0.797033
vt 0.902655 0.798155
vt 0.829440 0.801364
vt 0.832054 0.799997
vt 0.833293 0.803158
vt 0.830761 0.804782
vt 0.837587 0.766718
vt 0.835292 0.764756
vt 0.840706 0.769131
vt 0.838420 0.771666
vt 0.835135 0.769475
vt 0.832737 0.767745
vt 0.903398 0.794502
vt 0.900610 0.793707
vt 0.900870 0.790336
vt 0.903712 0.790646
vt 0.832379 0.808062
vt 0.834783 0.806200
vt 0.836579 0.809068
vt 0.834299 0.811161
vt 0.832729 0.772400
vt 0.830366 0.770968
vt 0.835059 0.773867
vt 0.833104 0.776878
vt 0.830757 0.775645
vt 0.828325 0.774441
vt 0.903545 0.786697
vt 0.906333 0.786570
vt 0.900793 0.786959
vt 0.900286 0.783616
vt 0.902949 0.782982
vt 0.905620 0.782329
vt 0.836500 0.814070
vt 0.838610 0.811767
vt 0.840916 0.814235
vt 0.838975 0.816771
vt 0.829275 0.779091
vt 0.826731 0.778137
vt 0.831783 0.780049
vt 0.830922 0.783314
vt 0.828264 0.782657
vt 0.825600 0.781981
vt 0.901968 0.779405
vt 0.904521 0.778474
vt 0.899451 0.780339
vt 0.898160 0.777154
vt 0.900518 0.775945
vt 0.902960 0.774762
vt 0.841697 0.819265
vt 0.843427 0.816489
vt 0.846167 0.818462
vt 0.844643 0.821456
vt 0.827637 0.786364
vt 0.824850 0.786213
vt 0.830387 0.786648
vt 0.898573 0.772685
vt 0.900948 0.771272
vt 0.896234 0.774137
vt 0.892887 0.771904
vt 0.896191 0.769740
vt 0.898602 0.768029
vt 0.847780 0.823285
vt 0.849071 0.820185
vt 0.852150 0.821588
vt 0.851087 0.824752
vt 0.893761 0.766961
vt 0.896072 0.765018
vt 0.890622 0.769346
vt 0.888407 0.767079
vt 0.891240 0.764370
vt 0.893362 0.762224
vt 0.854537 0.825903
vt 0.855344 0.822716
vt 0.858651 0.823504
vt 0.858097 0.826725
vt 0.888540 0.762026
vt 0.890445 0.759695
vt 0.886023 0.765003
vt 0.883466 0.763155
vt 0.885663 0.759944
vt 0.887336 0.757439
vt 0.861733 0.827230
vt 0.862016 0.824009
vt 0.865423 0.824165
vt 0.865408 0.827401
vt 0.882619 0.758145
vt 0.884040 0.755495
vt 0.880760 0.761551
vt 0.877919 0.760214
vt 0.879430 0.756639
vt 0.880588 0.753863
vt 0.869084 0.827262
vt 0.868832 0.824039
vt 0.872202 0.823564
vt 0.872726 0.826788
vt 0.876116 0.755454
vt 0.876998 0.752580
vt 0.874968 0.759155
vt 0.871931 0.758386
vt 0.872708 0.754588
vt 0.873306 0.751640
vt 0.876294 0.825999
vt 0.875516 0.822806
vt 0.878721 0.821707
vt 0.879755 0.824880
vt 0.869235 0.754064
vt 0.869541 0.751074
vt 0.868836 0.757917
vt 0.865712 0.757750
vt 0.865728 0.753874
vt 0.865740 0.750866
vt 0.883076 0.823444
vt 0.881813 0.820333
vt 0.884733 0.818637
vt 0.886230 0.821645
vt 0.862220 0.754035
vt 0.861938 0.751042
vt 0.862586 0.757890
vt 0.889196 0.819481
vt 0.887492 0.816690
vt 0.857701 0.808115
vt 0.859022 0.805247
vt 0.860615 0.805826
vt 0.859587 0.808763
vt 0.861363 0.802104
vt 0.862571 0.802659
vt 0.863807 0.803085
vt 0.862251 0.806250
vt 0.861520 0.809264
vt 0.881924 0.773095
vt 0.878573 0.776099
vt 0.877267 0.774825
vt 0.880289 0.771556
vt 0.874521 0.778837
vt 0.873521 0.777757
vt 0.872432 0.776787
vt 0.875833 0.773697
vt 0.878498 0.770197
vt 0.863922 0.806510
vt 0.863497 0.809541
vt 0.865059 0.803378
vt 0.866315 0.803533
vt 0.865605 0.806611
vt 0.865492 0.809665
vt 0.874288 0.772726
vt 0.876566 0.769023
vt 0.871269 0.775938
vt 0.870043 0.775216
vt 0.872651 0.771916
vt 0.874525 0.768044
vt 0.867286 0.806564
vt 0.867487 0.809560
vt 0.867557 0.803672
vt 0.868600 0.804165
vt 0.868936 0.806407
vt 0.869468 0.809300
vt 0.870940 0.771275
vt 0.872391 0.767271
vt 0.868769 0.774628
vt 0.867460 0.774180
vt 0.869175 0.770808
vt 0.870191 0.766710
vt 0.870551 0.805943
vt 0.871404 0.808817
vt 0.869612 0.803278
vt 0.871088 0.802621
vt 0.872173 0.805357
vt 0.873298 0.808186
vt 0.867372 0.770519
vt 0.867945 0.766367
vt 0.866130 0.773875
vt 0.864794 0.773716
vt 0.865552 0.770410
vt 0.865676 0.766246
vt 0.873749 0.804660
vt 0.875103 0.807340
vt 0.872607 0.802071
vt 0.873944 0.802013
vt 0.875234 0.803882
vt 0.876836 0.806358
vt 0.863734 0.770460
vt 0.863406 0.766347
vt 0.863472 0.773582
vt 0.862360 0.773091
vt 0.861951 0.770643
vt 0.861158 0.766671
vt 0.876532 0.802857
vt 0.878444 0.805184
vt 0.874360 0.800930
vt 0.875160 0.799966
vt 0.877776 0.801729
vt 0.879952 0.803888
vt 0.860209 0.771149
vt 0.858952 0.767213
vt 0.861291 0.774011
vt 0.859730 0.774718
vt 0.858464 0.771798
vt 0.856812 0.767967
vt 0.878918 0.800493
vt 0.881302 0.802427
vt 0.875958 0.798978
vt 0.876660 0.797893
vt 0.879940 0.799151
vt 0.882533 0.800867
vt 0.856773 0.772573
vt 0.854762 0.768929
vt 0.858129 0.775330
vt 0.856714 0.775446
vt 0.855192 0.773447
vt 0.852821 0.770087
vt 0.880823 0.797712
vt 0.883577 0.799176
vt 0.877256 0.796720
vt 0.877744 0.795469
vt 0.881569 0.796190
vt 0.884486 0.797412
vt 0.844915 0.789557
vt 0.848148 0.789188
vt 0.848275 0.790908
vt 0.845071 0.791529
vt 0.852587 0.788153
vt 0.852759 0.789606
vt 0.853046 0.791043
vt 0.848560 0.792603
vt 0.845385 0.793479
vt 0.853825 0.774580
vt 0.851016 0.771431
vt 0.856310 0.776577
vt 0.855504 0.777612
vt 0.852541 0.775843
vt 0.849369 0.772955
vt 0.882161 0.794599
vt 0.885185 0.795557
vt 0.878117 0.794153
vt 0.878374 0.792780
vt 0.882603 0.792952
vt 0.885736 0.793656
vt 0.849004 0.794257
vt 0.845921 0.795387
vt 0.853448 0.792454
vt 0.853962 0.793827
vt 0.849601 0.795862
vt 0.846606 0.797247
vt 0.851385 0.777234
vt 0.847915 0.774634
vt 0.854711 0.778678
vt 0.854038 0.779845
vt 0.850418 0.778773
vt 0.846553 0.776565
vt 0.882883 0.791263
vt 0.886067 0.791707
vt 0.878512 0.791364
vt 0.878530 0.789916
vt 0.883007 0.789542
vt 0.886238 0.789737
vt 0.850352 0.797398
vt 0.847499 0.799018
vt 0.854583 0.795149
vt 0.855306 0.796410
vt 0.851241 0.798856
vt 0.848530 0.800717
vt 0.849752 0.780492
vt 0.846706 0.779429
vt 0.853492 0.781102
vt 0.853072 0.782434
vt 0.849163 0.782215
vt 0.846161 0.781587
vt 0.882968 0.787804
vt 0.886195 0.787757
vt 0.878430 0.788448
vt 0.878214 0.786971
vt 0.882777 0.786053
vt 0.885985 0.785773
vt 0.852267 0.800220
vt 0.849747 0.802287
vt 0.856125 0.797599
vt 0.857032 0.798704
vt 0.853413 0.801480
vt 0.851085 0.803760
vt 0.848695 0.783957
vt 0.845608 0.783606
vt 0.852774 0.783822
vt 0.852595 0.785248
vt 0.848365 0.785705
vt 0.845203 0.785596
vt 0.882438 0.784300
vt 0.885600 0.783779
vt 0.877885 0.785500
vt 0.877443 0.784049
vt 0.881962 0.782552
vt 0.885064 0.781757
vt 0.854677 0.802622
vt 0.852583 0.805068
vt 0.858019 0.799716
vt 0.859076 0.800625
vt 0.856039 0.803637
vt 0.854180 0.806257
vt 0.848181 0.787450
vt 0.844976 0.787579
vt 0.852533 0.786696
vt 0.881377 0.780803
vt 0.884533 0.779602
vt 0.876887 0.782640
vt 0.876213 0.781291
vt 0.880701 0.779073
vt 0.884707 0.776736
vt 0.857495 0.804513
vt 0.855903 0.807254
vt 0.860195 0.801423
vt 0.879731 0.777514
vt 0.883362 0.774789
vt 0.875422 0.780019
vt 0.888329 0.773470
vt 0.886914 0.771811
vt 0.885167 0.769979
vt 0.846151 0.769814
vt 0.844387 0.771632
vt 0.842956 0.773281
vt 0.850330 0.766492
vt 0.848153 0.768068
vt 0.855118 0.763993
vt 0.852661 0.765130
vt 0.860307 0.762455
vt 0.857675 0.763098
vt 0.865694 0.761950
vt 0.862988 0.762071
vt 0.871077 0.762501
vt 0.868399 0.762094
vt 0.876252 0.764084
vt 0.873703 0.763167
vt 0.881018 0.766623
vt 0.878699 0.765241
vt 0.883182 0.768217
vt 0.858419 0.776836
vt 0.858130 0.777652
vt 0.860348 0.776144
vt 0.860600 0.776730
vt 0.862195 0.775256
vt 0.862994 0.775613
vt 0.857812 0.778439
vt 0.857573 0.779324
vt 0.860834 0.777271
vt 0.861114 0.777921
vt 0.863793 0.775929
vt 0.864607 0.776369
vt 0.857416 0.780301
vt 0.857342 0.781358
vt 0.861437 0.778676
vt 0.861801 0.779527
vt 0.865430 0.776929
vt 0.866251 0.777603
vt 0.857350 0.782484
vt 0.857438 0.783670
vt 0.862200 0.780466
vt 0.862630 0.781484
vt 0.867063 0.778386
vt 0.867855 0.779270
vt 0.857602 0.784901
vt 0.857839 0.786165
vt 0.863087 0.782571
vt 0.863564 0.783718
vt 0.868621 0.780246
vt 0.869351 0.781307
vt 0.858147 0.787452
vt 0.858520 0.788747
vt 0.864057 0.784913
vt 0.864560 0.786144
vt 0.870038 0.782440
vt 0.870675 0.783636
vt 0.858957 0.790040
vt 0.859453 0.791319
vt 0.865069 0.787401
vt 0.865579 0.788669
vt 0.871257 0.784883
vt 0.871780 0.786167
vt 0.860003 0.792572
vt 0.860603 0.793787
vt 0.866085 0.789940
vt 0.866584 0.791199
vt 0.872241 0.787477
vt 0.872637 0.788796
vt 0.861247 0.794953
vt 0.861932 0.796060
vt 0.867071 0.792432
vt 0.867543 0.793629
vt 0.872967 0.790112
vt 0.873227 0.791409
vt 0.862649 0.797096
vt 0.863392 0.798053
vt 0.867995 0.794776
vt 0.868423 0.795864
vt 0.873416 0.792677
vt 0.873532 0.793903
vt 0.864156 0.798921
vt 0.864931 0.799692
vt 0.868824 0.796882
vt 0.869193 0.797820
vt 0.873573 0.795076
vt 0.873539 0.796185
vt 0.865713 0.800358
vt 0.866493 0.800914
vt 0.869528 0.798670
vt 0.869825 0.799423
vt 0.873430 0.797221
vt 0.873247 0.798172
vt 0.867263 0.801355
vt 0.868017 0.801675
vt 0.870082 0.800073
vt 0.870295 0.800613
vt 0.872991 0.799032
vt 0.872665 0.799792
vt 0.868770 0.802038
vt 0.870526 0.801198
vt 0.872369 0.800582
vt 0.846656 0.387775
vt 0.847787 0.390539
vt 0.847597 0.402528
vt 0.846473 0.399705
vt 0.848343 0.394240
vt 0.848155 0.406277
vt 0.847725 0.413322
vt 0.846994 0.409413
vt 0.846173 0.405967
vt 0.879657 0.428619
vt 0.883520 0.429149
vt 0.883383 0.437018
vt 0.879501 0.436439
vt 0.887417 0.429357
vt 0.887306 0.437246
vt 0.887192 0.445168
vt 0.883268 0.444924
vt 0.879387 0.444304
vt 0.925206 0.402810
vt 0.926531 0.399138
vt 0.926393 0.411217
vt 0.925049 0.414919
vt 0.927510 0.395360
vt 0.927365 0.407411
vt 0.927598 0.414475
vt 0.926512 0.418302
vt 0.925060 0.422018
vt 0.872121 0.426590
vt 0.875854 0.427769
vt 0.875696 0.435515
vt 0.872003 0.434257
vt 0.875589 0.443315
vt 0.871912 0.441969
vt 0.921548 0.409694
vt 0.923541 0.406340
vt 0.923330 0.418475
vt 0.921247 0.421841
vt 0.923236 0.425575
vt 0.921050 0.428923
vt 0.864668 0.419284
vt 0.868458 0.424699
vt 0.868451 0.432628
vt 0.865059 0.430611
vt 0.868390 0.440299
vt 0.865051 0.438380
vt 0.916629 0.415585
vt 0.919238 0.412816
vt 0.918811 0.424936
vt 0.916056 0.427543
vt 0.918531 0.432001
vt 0.915737 0.434711
vt 0.858662 0.414736
vt 0.861464 0.417129
vt 0.861840 0.428773
vt 0.858876 0.426699
vt 0.861910 0.436267
vt 0.858970 0.433873
vt 0.910493 0.419969
vt 0.913761 0.417903
vt 0.913025 0.429527
vt 0.909744 0.431262
vt 0.912721 0.437012
vt 0.909518 0.439027
vt 0.853909 0.408718
vt 0.856131 0.411899
vt 0.856203 0.424014
vt 0.853861 0.420854
vt 0.856264 0.431079
vt 0.853845 0.427931
vt 0.902795 0.427028
vt 0.906519 0.425250
vt 0.906290 0.433175
vt 0.902690 0.434698
vt 0.906124 0.440845
vt 0.902556 0.442410
vt 0.850441 0.401743
vt 0.852008 0.405314
vt 0.851876 0.417435
vt 0.850260 0.413836
vt 0.851762 0.424525
vt 0.850044 0.420923
vt 0.895197 0.428839
vt 0.899025 0.428098
vt 0.898961 0.435847
vt 0.895131 0.436661
vt 0.898842 0.443648
vt 0.895018 0.444527
vt 0.849218 0.398039
vt 0.849020 0.410103
vt 0.848701 0.417172
vt 0.891320 0.429259
vt 0.891234 0.437129
vt 0.891122 0.445036
vt 0.928168 0.391673
vt 0.928026 0.403676
vt 0.929374 0.388939
vt 0.929228 0.400882
vt 0.929354 0.407156
vt 0.928438 0.410583
vt 0.928344 0.361411
vt 0.929126 0.357737
vt 0.928481 0.375010
vt 0.927782 0.378678
vt 0.930419 0.355027
vt 0.929717 0.372296
vt 0.848441 0.360303
vt 0.849443 0.364078
vt 0.849447 0.381344
vt 0.848529 0.377570
vt 0.850794 0.367742
vt 0.850712 0.385013
vt 0.852483 0.371261
vt 0.852310 0.388544
vt 0.854495 0.374605
vt 0.854223 0.391906
vt 0.856808 0.377889
vt 0.856430 0.395141
vt 0.859388 0.381818
vt 0.858895 0.398596
vt 0.910694 0.392366
vt 0.913900 0.387556
vt 0.914158 0.403187
vt 0.911753 0.406327
vt 0.916804 0.382623
vt 0.916846 0.399422
vt 0.862153 0.386830
vt 0.861484 0.402428
vt 0.865219 0.391729
vt 0.863810 0.405626
vt 0.919493 0.378766
vt 0.919403 0.396035
vt 0.921898 0.375546
vt 0.921697 0.392860
vt 0.924001 0.372258
vt 0.923701 0.389550
vt 0.925787 0.368786
vt 0.925395 0.386062
vt 0.927238 0.365159
vt 0.926760 0.382427
vt 0.846542 0.353866
vt 0.847760 0.356609
vt 0.847931 0.373886
vt 0.846770 0.371140
vt 0.846708 0.328348
vt 0.847819 0.333435
vt 0.847391 0.342738
vt 0.846173 0.339754
vt 0.848727 0.337407
vt 0.848167 0.346518
vt 0.880500 0.368386
vt 0.884369 0.368802
vt 0.884185 0.377633
vt 0.880246 0.377553
vt 0.888280 0.368975
vt 0.888161 0.377702
vt 0.888060 0.385506
vt 0.884130 0.385557
vt 0.880224 0.385821
vt 0.925888 0.345822
vt 0.927440 0.342237
vt 0.927811 0.351401
vt 0.926288 0.355036
vt 0.928688 0.338509
vt 0.928998 0.347635
vt 0.873053 0.366825
vt 0.876715 0.367727
vt 0.876385 0.377455
vt 0.872640 0.377331
vt 0.876369 0.386294
vt 0.872586 0.386980
vt 0.921870 0.352470
vt 0.924030 0.349242
vt 0.924436 0.358511
vt 0.922267 0.361795
vt 0.866225 0.363739
vt 0.869548 0.365610
vt 0.869054 0.377079
vt 0.865664 0.375867
vt 0.868911 0.388155
vt 0.916680 0.358566
vt 0.919418 0.355520
vt 0.919793 0.364973
vt 0.917015 0.368585
vt 0.860180 0.357783
vt 0.863094 0.360975
vt 0.862507 0.372190
vt 0.859569 0.367787
vt 0.910473 0.364351
vt 0.913679 0.361676
vt 0.913957 0.372905
vt 0.910698 0.376491
vt 0.855159 0.351548
vt 0.857527 0.354664
vt 0.856892 0.364100
vt 0.854506 0.360855
vt 0.903563 0.367244
vt 0.907100 0.366128
vt 0.907276 0.377606
vt 0.903684 0.377753
vt 0.907101 0.388682
vt 0.903461 0.387393
vt 0.851325 0.344793
vt 0.853089 0.348262
vt 0.852429 0.357513
vt 0.850673 0.353989
vt 0.896074 0.368597
vt 0.899876 0.368044
vt 0.899938 0.377771
vt 0.896076 0.377763
vt 0.899705 0.386598
vt 0.895874 0.386021
vt 0.849873 0.341168
vt 0.849250 0.350314
vt 0.892195 0.368908
vt 0.892137 0.377738
vt 0.891985 0.385655
vt 0.929706 0.334562
vt 0.929878 0.343876
vt 0.930955 0.329507
vt 0.931177 0.340926
vt 0.897297 0.284566
vt 0.901135 0.285589
vt 0.900263 0.288284
vt 0.896702 0.287333
vt 0.904864 0.287009
vt 0.903721 0.289594
vt 0.902648 0.291986
vt 0.899447 0.290776
vt 0.896144 0.289901
vt 0.859325 0.349483
vt 0.861829 0.352199
vt 0.857085 0.346564
vt 0.859298 0.344415
vt 0.861374 0.347142
vt 0.863715 0.349640
vt 0.908444 0.288814
vt 0.907035 0.291265
vt 0.911819 0.291013
vt 0.910166 0.293302
vt 0.908621 0.295402
vt 0.905718 0.293519
vt 0.855116 0.343454
vt 0.853434 0.340161
vt 0.855893 0.338433
vt 0.857450 0.341514
vt 0.927535 0.330459
vt 0.928045 0.326465
vt 0.926610 0.334175
vt 0.923991 0.332848
vt 0.924808 0.329437
vt 0.925223 0.325940
vt 0.914938 0.293549
vt 0.913054 0.295696
vt 0.917801 0.296332
vt 0.915667 0.298408
vt 0.912843 0.301066
vt 0.911217 0.297705
vt 0.852033 0.336718
vt 0.850924 0.333133
vt 0.853578 0.331878
vt 0.854578 0.335219
vt 0.925403 0.337729
vt 0.923908 0.341133
vt 0.921498 0.339337
vt 0.922900 0.336159
vt 0.920479 0.299281
vt 0.918198 0.301226
vt 0.923068 0.302392
vt 0.920704 0.304170
vt 0.917422 0.306370
vt 0.915105 0.303632
vt 0.850100 0.329394
vt 0.849700 0.325388
vt 0.852535 0.324940
vt 0.852855 0.328447
vt 0.922136 0.344379
vt 0.920082 0.347433
vt 0.917929 0.345224
vt 0.919857 0.342374
vt 0.925595 0.305778
vt 0.923224 0.307276
vt 0.927759 0.309570
vt 0.925269 0.310766
vt 0.922860 0.311974
vt 0.920873 0.308768
vt 0.846995 0.321237
vt 0.849798 0.321230
vt 0.847626 0.316718
vt 0.850348 0.317286
vt 0.853050 0.317873
vt 0.852567 0.321396
vt 0.917763 0.350290
vt 0.915185 0.352936
vt 0.913370 0.350325
vt 0.915779 0.347892
vt 0.929372 0.313646
vt 0.926727 0.314499
vt 0.930352 0.317850
vt 0.927616 0.318344
vt 0.924898 0.318857
vt 0.924136 0.315370
vt 0.848719 0.312543
vt 0.851339 0.313468
vt 0.850445 0.308514
vt 0.852901 0.309778
vt 0.855276 0.311056
vt 0.853905 0.314412
vt 0.912372 0.355373
vt 0.909351 0.357507
vt 0.907947 0.354467
vt 0.910766 0.352537
vt 0.930862 0.322387
vt 0.928059 0.322303
vt 0.925287 0.322394
vt 0.852710 0.304783
vt 0.855040 0.306344
vt 0.855325 0.301468
vt 0.857641 0.303308
vt 0.860863 0.305595
vt 0.857353 0.307895
vt 0.906154 0.359275
vt 0.902798 0.360683
vt 0.901837 0.357495
vt 0.904974 0.356141
vt 0.857997 0.298429
vt 0.860225 0.300435
vt 0.860753 0.295556
vt 0.862829 0.297689
vt 0.865580 0.300424
vt 0.863251 0.302926
vt 0.899309 0.361771
vt 0.895716 0.362531
vt 0.895243 0.359302
vt 0.898592 0.358569
vt 0.863689 0.292853
vt 0.865514 0.295051
vt 0.866875 0.290403
vt 0.868465 0.292737
vt 0.869952 0.294879
vt 0.867296 0.297109
vt 0.892054 0.362971
vt 0.888362 0.363077
vt 0.888406 0.359842
vt 0.891842 0.359747
vt 0.870306 0.288298
vt 0.871649 0.290787
vt 0.873933 0.286591
vt 0.875006 0.289206
vt 0.876014 0.291626
vt 0.872904 0.293075
vt 0.884673 0.362871
vt 0.881025 0.362330
vt 0.881587 0.359115
vt 0.884975 0.359653
vt 0.877698 0.285272
vt 0.878497 0.287990
vt 0.881562 0.284353
vt 0.882082 0.287136
vt 0.882571 0.289718
vt 0.879246 0.290504
vt 0.877455 0.361471
vt 0.873998 0.360286
vt 0.875046 0.357126
vt 0.878260 0.358289
vt 0.885486 0.283821
vt 0.885728 0.286644
vt 0.889439 0.283681
vt 0.889402 0.286512
vt 0.889366 0.289140
vt 0.885955 0.289259
vt 0.870682 0.358786
vt 0.867535 0.356929
vt 0.869021 0.353929
vt 0.871948 0.355685
vt 0.893387 0.283928
vt 0.893070 0.286743
vt 0.892774 0.289351
vt 0.864574 0.354713
vt 0.866257 0.351923
vt 0.896769 0.344013
vt 0.894787 0.344660
vt 0.894005 0.341792
vt 0.895719 0.341215
vt 0.892760 0.345144
vt 0.892245 0.342201
vt 0.891731 0.339256
vt 0.893225 0.338923
vt 0.894672 0.338421
vt 0.871977 0.306865
vt 0.874726 0.306273
vt 0.876644 0.308609
vt 0.875102 0.309816
vt 0.876692 0.305114
vt 0.878251 0.307511
vt 0.879973 0.310036
vt 0.878662 0.310967
vt 0.877461 0.312029
vt 0.890691 0.345399
vt 0.890453 0.342436
vt 0.888608 0.345486
vt 0.888648 0.342499
vt 0.888688 0.339510
vt 0.890217 0.339472
vt 0.878631 0.304018
vt 0.879927 0.306548
vt 0.880639 0.303108
vt 0.881683 0.305759
vt 0.882832 0.308561
vt 0.881358 0.309213
vt 0.886528 0.345341
vt 0.886845 0.342386
vt 0.884467 0.345030
vt 0.885061 0.342101
vt 0.885653 0.339170
vt 0.887161 0.339429
vt 0.882715 0.302398
vt 0.883496 0.305133
vt 0.884844 0.301888
vt 0.885358 0.304691
vt 0.885917 0.307654
vt 0.884353 0.308030
vt 0.882454 0.344490
vt 0.883313 0.341643
vt 0.880491 0.343790
vt 0.881616 0.341020
vt 0.882738 0.338251
vt 0.884169 0.338795
vt 0.887013 0.301596
vt 0.887250 0.304430
vt 0.889199 0.301513
vt 0.889160 0.304360
vt 0.889118 0.307363
vt 0.887511 0.307432
vt 0.878618 0.342875
vt 0.879989 0.340231
vt 0.876823 0.341814
vt 0.878440 0.339297
vt 0.880054 0.336781
vt 0.881367 0.337572
vt 0.891383 0.301655
vt 0.891068 0.304480
vt 0.893543 0.302004
vt 0.892954 0.304791
vt 0.892313 0.307736
vt 0.890724 0.307473
vt 0.875155 0.340559
vt 0.876988 0.338214
vt 0.873592 0.339173
vt 0.875645 0.336996
vt 0.877693 0.334821
vt 0.878819 0.335867
vt 0.895659 0.302571
vt 0.894804 0.305283
vt 0.897715 0.303336
vt 0.896600 0.305957
vt 0.895376 0.308723
vt 0.893868 0.308152
vt 0.872190 0.337621
vt 0.874426 0.335652
vt 0.870914 0.335963
vt 0.873336 0.334199
vt 0.875760 0.332431
vt 0.876669 0.333675
vt 0.899700 0.304300
vt 0.898336 0.306793
vt 0.901608 0.305450
vt 0.899987 0.307801
vt 0.898201 0.310274
vt 0.896834 0.309414
vt 0.869825 0.334174
vt 0.872389 0.332648
vt 0.868881 0.332305
vt 0.871591 0.331014
vt 0.874297 0.329715
vt 0.874950 0.331116
vt 0.910732 0.324786
vt 0.910498 0.326859
vt 0.907564 0.326253
vt 0.907743 0.324429
vt 0.910095 0.328908
vt 0.907211 0.328043
vt 0.904336 0.327170
vt 0.904643 0.325642
vt 0.904776 0.324085
vt 0.903543 0.306663
vt 0.901565 0.308945
vt 0.906273 0.307331
vt 0.903071 0.310197
vt 0.900650 0.312352
vt 0.899491 0.311237
vt 0.868147 0.330344
vt 0.870952 0.329309
vt 0.867572 0.328334
vt 0.870479 0.327549
vt 0.873377 0.326758
vt 0.873752 0.328265
vt 0.909465 0.330901
vt 0.906689 0.329789
vt 0.908680 0.332841
vt 0.906005 0.331476
vt 0.903332 0.330101
vt 0.903917 0.328665
vt 0.907766 0.309135
vt 0.904348 0.311675
vt 0.909188 0.311160
vt 0.905403 0.313323
vt 0.902575 0.314898
vt 0.901699 0.313558
vt 0.867226 0.326276
vt 0.870176 0.325748
vt 0.867048 0.324197
vt 0.870048 0.323920
vt 0.873032 0.323660
vt 0.873115 0.325222
vt 0.907686 0.334684
vt 0.905164 0.333088
vt 0.906551 0.336445
vt 0.904179 0.334617
vt 0.901813 0.332787
vt 0.902637 0.331484
vt 0.909079 0.314121
vt 0.906140 0.315157
vt 0.909639 0.316381
vt 0.906755 0.317013
vt 0.903870 0.317839
vt 0.903299 0.316334
vt 0.867105 0.322109
vt 0.870091 0.322075
vt 0.867336 0.320021
vt 0.870313 0.320225
vt 0.873275 0.320514
vt 0.873064 0.322085
vt 0.905231 0.338069
vt 0.903050 0.336041
vt 0.903788 0.339582
vt 0.901793 0.337350
vt 0.899799 0.335116
vt 0.900872 0.334009
vt 0.910179 0.318509
vt 0.907249 0.318869
vt 0.910556 0.320607
vt 0.907574 0.320732
vt 0.904603 0.320945
vt 0.904325 0.319375
vt 0.867771 0.317930
vt 0.870689 0.318369
vt 0.868370 0.315813
vt 0.871232 0.316525
vt 0.874093 0.317423
vt 0.873598 0.318950
vt 0.902189 0.340925
vt 0.900418 0.338531
vt 0.900489 0.342136
vt 0.898939 0.339575
vt 0.897387 0.337013
vt 0.898648 0.336135
vt 0.910731 0.322699
vt 0.907746 0.322585
vt 0.904766 0.322517
vt 0.868993 0.313569
vt 0.871898 0.314683
vt 0.868959 0.310609
vt 0.872688 0.312874
vt 0.875480 0.314529
vt 0.874698 0.315928
vt 0.898667 0.343149
vt 0.897367 0.340471
vt 0.896063 0.337786
vt 0.870436 0.308626
vt 0.873786 0.311257
vt 0.876386 0.313210
vt 0.866836 0.305617
vt 0.865392 0.307269
vt 0.868141 0.304112
vt 0.911444 0.306219
vt 0.910181 0.304680
vt 0.912840 0.307907
vt 0.879705 0.292037
vt 0.876631 0.293097
vt 0.882870 0.291288
vt 0.883185 0.292940
vt 0.880188 0.293652
vt 0.877280 0.294646
vt 0.873680 0.294465
vt 0.870883 0.296147
vt 0.874497 0.295931
vt 0.871868 0.297480
vt 0.873853 0.304817
vt 0.875860 0.303685
vt 0.871637 0.304943
vt 0.871583 0.303832
vt 0.873065 0.303424
vt 0.875036 0.302242
vt 0.904455 0.305231
vt 0.906665 0.305418
vt 0.902478 0.304044
vt 0.903340 0.302624
vt 0.905279 0.303860
vt 0.906749 0.304308
vt 0.891567 0.300002
vt 0.893885 0.300379
vt 0.889222 0.299854
vt 0.889244 0.298185
vt 0.891752 0.298339
vt 0.894230 0.298745
vt 0.868494 0.298167
vt 0.867582 0.300550
vt 0.869672 0.299239
vt 0.868767 0.300695
vt 0.909991 0.298729
vt 0.907656 0.296645
vt 0.910838 0.301136
vt 0.909649 0.301248
vt 0.908784 0.299769
vt 0.906636 0.297950
vt 0.877907 0.302527
vt 0.880045 0.301558
vt 0.877178 0.301023
vt 0.879444 0.299997
vt 0.755973 0.027344
vt 0.755556 0.025926
vt 0.756941 0.025493
vt 0.757299 0.026799
vt 0.755326 0.024467
vt 0.756721 0.024156
vt 0.758032 0.023067
vt 0.758332 0.024335
vt 0.758748 0.025588
vt 0.779615 0.011121
vt 0.780729 0.012083
vt 0.779692 0.013102
vt 0.778668 0.012202
vt 0.781709 0.013183
vt 0.780620 0.014100
vt 0.779056 0.015417
vt 0.778137 0.014414
vt 0.777140 0.013494
vt 0.769000 0.037851
vt 0.767532 0.037650
vt 0.767954 0.036268
vt 0.769289 0.036457
vt 0.766103 0.037263
vt 0.766646 0.035941
vt 0.767943 0.034834
vt 0.769162 0.035227
vt 0.770392 0.035499
vt 0.757154 0.030039
vt 0.756476 0.028729
vt 0.757775 0.028072
vt 0.758380 0.029289
vt 0.759277 0.026815
vt 0.759913 0.028003
vt 0.777160 0.009499
vt 0.778440 0.010231
vt 0.777572 0.011399
vt 0.776397 0.010714
vt 0.776078 0.012665
vt 0.774958 0.011935
vt 0.771966 0.037876
vt 0.770481 0.037959
vt 0.770629 0.036527
vt 0.771970 0.036459
vt 0.771619 0.035646
vt 0.772830 0.035667
vt 0.758829 0.032453
vt 0.757912 0.031300
vt 0.759093 0.030451
vt 0.759918 0.031536
vt 0.760651 0.029142
vt 0.761483 0.030218
vt 0.774435 0.008372
vt 0.775834 0.008848
vt 0.775172 0.010139
vt 0.773892 0.009694
vt 0.773794 0.011312
vt 0.772596 0.010801
vt 0.774900 0.037350
vt 0.773446 0.037703
vt 0.773295 0.036277
vt 0.774594 0.035963
vt 0.774011 0.035559
vt 0.775149 0.035322
vt 0.760923 0.034514
vt 0.759809 0.033552
vt 0.760846 0.032533
vt 0.761871 0.033433
vt 0.762401 0.031221
vt 0.763398 0.032141
vt 0.771538 0.007785
vt 0.773006 0.007985
vt 0.772584 0.009367
vt 0.771249 0.009178
vt 0.771376 0.010409
vt 0.770146 0.010136
vt 0.777672 0.036228
vt 0.776317 0.036864
vt 0.775851 0.035538
vt 0.777039 0.035000
vt 0.776199 0.034981
vt 0.776955 0.034672
vt 0.763378 0.036136
vt 0.762098 0.035404
vt 0.762967 0.034237
vt 0.764141 0.034922
vt 0.764461 0.032970
vt 0.765580 0.033700
vt 0.768573 0.007759
vt 0.770057 0.007677
vt 0.769909 0.009108
vt 0.768568 0.009176
vt 0.768920 0.009990
vt 0.767708 0.009968
vt 0.780147 0.034545
vt 0.778975 0.035481
vt 0.778157 0.034304
vt 0.779250 0.033480
vt 0.777822 0.034084
vt 0.778999 0.033182
vt 0.765638 0.008286
vt 0.767092 0.007932
vt 0.767243 0.009358
vt 0.765944 0.009672
vt 0.766527 0.010076
vt 0.765389 0.010313
vt 0.782230 0.032394
vt 0.781269 0.033550
vt 0.780249 0.032543
vt 0.781126 0.031561
vt 0.780089 0.032176
vt 0.780818 0.031422
vt 0.762866 0.009407
vt 0.764221 0.008771
vt 0.764687 0.010097
vt 0.763499 0.010636
vt 0.764339 0.010655
vt 0.763583 0.010963
vt 0.783790 0.029844
vt 0.783099 0.031171
vt 0.781861 0.030483
vt 0.782484 0.029314
vt 0.781251 0.030730
vt 0.781762 0.029754
vt 0.760392 0.011090
vt 0.761564 0.010154
vt 0.762382 0.011331
vt 0.761288 0.012156
vt 0.762716 0.011552
vt 0.761539 0.012453
vt 0.784819 0.027050
vt 0.784395 0.028479
vt 0.783016 0.028086
vt 0.783421 0.026813
vt 0.782187 0.028671
vt 0.782494 0.027525
vt 0.758308 0.013241
vt 0.759269 0.012086
vt 0.760289 0.013092
vt 0.759412 0.014075
vt 0.760449 0.013459
vt 0.759721 0.014213
vt 0.785299 0.024124
vt 0.785153 0.025602
vt 0.783717 0.025503
vt 0.783876 0.024171
vt 0.782680 0.026328
vt 0.782744 0.025095
vt 0.756748 0.015791
vt 0.757439 0.014464
vt 0.758678 0.015152
vt 0.758054 0.016321
vt 0.759288 0.014905
vt 0.758776 0.015882
vt 0.785213 0.021168
vt 0.785351 0.022643
vt 0.783917 0.022823
vt 0.783817 0.021479
vt 0.782685 0.023837
vt 0.782506 0.022568
vt 0.755719 0.018585
vt 0.756143 0.017156
vt 0.757523 0.017549
vt 0.757117 0.018822
vt 0.758351 0.016964
vt 0.758044 0.018110
vt 0.784566 0.018292
vt 0.784982 0.019709
vt 0.783597 0.020142
vt 0.783239 0.018837
vt 0.782206 0.021300
vt 0.781790 0.020047
vt 0.755239 0.021512
vt 0.755385 0.020034
vt 0.756821 0.020132
vt 0.756662 0.021464
vt 0.757858 0.019307
vt 0.757794 0.020541
vt 0.847036 0.857215
vt 0.844724 0.861674
vt 0.850388 0.855631
vt 0.906075 0.393283
vt 0.902744 0.391619
vt 0.908329 0.397807
vt 0.884067 0.908544
vt 0.880433 0.910121
vt 0.887553 0.906658
vt 0.890707 0.908689
vt 0.886937 0.911060
vt 0.882882 0.913083
vt 0.843360 0.796279
vt 0.842775 0.794137
vt 0.844165 0.798361
vt 0.911929 0.331878
vt 0.911016 0.334029
vt 0.912622 0.329651
vt 0.909055 0.786186
vt 0.909769 0.792836
vt 0.908248 0.781668
vt 0.910901 0.781010
vt 0.911815 0.785703
vt 0.912799 0.792757
vt 0.868863 0.889418
vt 0.872596 0.889000
vt 0.865088 0.889548
vt 0.883694 0.425276
vt 0.887470 0.425482
vt 0.879964 0.424776
vt 0.890867 0.904489
vt 0.894000 0.902032
vt 0.897380 0.903066
vt 0.894165 0.906020
vt 0.887739 0.796472
vt 0.886917 0.798546
vt 0.888341 0.794331
vt 0.865658 0.331252
vt 0.865026 0.329011
vt 0.866514 0.333429
vt 0.907077 0.777547
vt 0.905368 0.773601
vt 0.907856 0.772386
vt 0.909605 0.776639
vt 0.853971 0.854715
vt 0.857687 0.854060
vt 0.899222 0.390648
vt 0.895566 0.389935
vt 0.896927 0.899259
vt 0.899594 0.896177
vt 0.903109 0.896185
vt 0.900391 0.899784
vt 0.903281 0.769855
vt 0.900803 0.766430
vt 0.903020 0.764754
vt 0.905573 0.768437
vt 0.909619 0.835155
vt 0.909455 0.852017
vt 0.909957 0.817650
vt 0.912506 0.818684
vt 0.912173 0.836176
vt 0.912012 0.853045
vt 0.901955 0.892827
vt 0.903984 0.889249
vt 0.907396 0.888306
vt 0.905452 0.892339
vt 0.842386 0.791960
vt 0.842226 0.789771
vt 0.913111 0.327381
vt 0.913364 0.325086
vt 0.898153 0.763204
vt 0.895245 0.760268
vt 0.897156 0.758251
vt 0.900171 0.761402
vt 0.861486 0.853663
vt 0.865308 0.853534
vt 0.891821 0.389480
vt 0.888021 0.389300
vt 0.905664 0.885485
vt 0.906987 0.881578
vt 0.910098 0.879901
vt 0.908941 0.884140
vt 0.885913 0.800545
vt 0.884708 0.802432
vt 0.867556 0.335521
vt 0.868802 0.337503
vt 0.892166 0.757547
vt 0.888827 0.755178
vt 0.890351 0.752853
vt 0.893845 0.755431
vt 0.907993 0.877418
vt 0.908773 0.872155
vt 0.910738 0.871739
vt 0.910787 0.875605
vt 0.885332 0.753064
vt 0.881625 0.751362
vt 0.882687 0.748791
vt 0.886595 0.750679
vt 0.833221 0.793105
vt 0.833758 0.796164
vt 0.832976 0.790024
vt 0.922136 0.328961
vt 0.922538 0.325764
vt 0.921434 0.332107
vt 0.886535 0.871385
vt 0.885763 0.861871
vt 0.885546 0.880945
vt 0.866503 0.406718
vt 0.867249 0.416322
vt 0.867437 0.397231
vt 0.883339 0.804207
vt 0.881795 0.805831
vt 0.870212 0.339364
vt 0.871802 0.341076
vt 0.877802 0.749947
vt 0.873842 0.748987
vt 0.874392 0.746260
vt 0.878588 0.747366
vt 0.834617 0.799164
vt 0.835731 0.802083
vt 0.920416 0.335165
vt 0.919147 0.338120
vt 0.910188 0.803363
vt 0.912799 0.804313
vt 0.869821 0.748335
vt 0.865752 0.748160
vt 0.865763 0.745378
vt 0.870095 0.745651
vt 0.837135 0.804877
vt 0.838773 0.807537
vt 0.917605 0.340930
vt 0.915834 0.343591
vt 0.880110 0.807313
vt 0.878280 0.808611
vt 0.873532 0.342637
vt 0.875412 0.344014
vt 0.836743 0.775771
vt 0.835301 0.778252
vt 0.838790 0.774519
vt 0.919167 0.310709
vt 0.917083 0.309330
vt 0.920584 0.313300
vt 0.861681 0.748300
vt 0.857655 0.748918
vt 0.857128 0.746187
vt 0.861430 0.745614
vt 0.840675 0.810014
vt 0.842788 0.812310
vt 0.913818 0.346058
vt 0.911597 0.348335
vt 0.843907 0.871139
vt 0.844781 0.880685
vt 0.909046 0.407353
vt 0.908009 0.416946
vt 0.834269 0.781021
vt 0.833499 0.783936
vt 0.921585 0.316256
vt 0.922275 0.319358
vt 0.853687 0.749844
vt 0.849853 0.751227
vt 0.848812 0.748647
vt 0.852922 0.747257
vt 0.845128 0.814374
vt 0.847645 0.816217
vt 0.909165 0.350372
vt 0.906562 0.352183
vt 0.876338 0.809742
vt 0.874289 0.810666
vt 0.877404 0.345217
vt 0.879509 0.346211
vt 0.833090 0.786954
vt 0.922567 0.322545
vt 0.846131 0.752897
vt 0.842619 0.754981
vt 0.841114 0.752643
vt 0.844889 0.750501
vt 0.850344 0.817789
vt 0.853176 0.819111
vt 0.903791 0.353718
vt 0.900891 0.354999
vt 0.839260 0.757320
vt 0.836159 0.760015
vt 0.834265 0.757981
vt 0.837599 0.755191
vt 0.841521 0.775448
vt 0.843703 0.777408
vt 0.914292 0.310180
vt 0.912087 0.312141
vt 0.856138 0.820134
vt 0.859182 0.820891
vt 0.897874 0.355976
vt 0.894777 0.356684
vt 0.821130 0.834738
vt 0.820954 0.817243
vt 0.821137 0.851586
vt 0.818570 0.852588
vt 0.818567 0.835734
vt 0.818396 0.818253
vt 0.872161 0.811405
vt 0.869968 0.811920
vt 0.881692 0.347012
vt 0.883949 0.347587
vt 0.833227 0.762925
vt 0.830550 0.766128
vt 0.828346 0.764434
vt 0.831223 0.761106
vt 0.889736 0.775641
vt 0.887545 0.777597
vt 0.892496 0.774756
vt 0.863869 0.309509
vt 0.861125 0.308562
vt 0.866029 0.311516
vt 0.862295 0.821334
vt 0.865435 0.821506
vt 0.891623 0.357075
vt 0.888442 0.357190
vt 0.828044 0.769532
vt 0.825927 0.773258
vt 0.823448 0.772022
vt 0.825764 0.768095
vt 0.868579 0.821361
vt 0.871694 0.820946
vt 0.885268 0.356988
vt 0.882123 0.356510
vt 0.861316 0.889382
vt 0.857586 0.888928
vt 0.891252 0.425383
vt 0.894995 0.424988
vt 0.867734 0.812240
vt 0.865480 0.812329
vt 0.886247 0.347958
vt 0.888573 0.348094
vt 0.824183 0.777188
vt 0.822977 0.781298
vt 0.820329 0.780617
vt 0.821663 0.776258
vt 0.854647 0.809645
vt 0.852718 0.808498
vt 0.856690 0.810587
vt 0.899817 0.345522
vt 0.897687 0.346459
vt 0.901842 0.344372
vt 0.874747 0.820216
vt 0.877716 0.819222
vt 0.879049 0.355718
vt 0.876059 0.354656
vt 0.820852 0.802963
vt 0.821362 0.792446
vt 0.818233 0.803890
vt 0.818334 0.792341
vt 0.822133 0.785806
vt 0.819376 0.785300
vt 0.887152 0.779595
vt 0.887677 0.781547
vt 0.866370 0.313559
vt 0.865778 0.315582
vt 0.880562 0.817925
vt 0.883275 0.816380
vt 0.873197 0.353296
vt 0.870468 0.351685
vt 0.853943 0.888187
vt 0.850432 0.887165
vt 0.898657 0.424301
vt 0.902193 0.423326
vt 0.863225 0.812219
vt 0.860997 0.811879
vt 0.890900 0.348022
vt 0.893210 0.347714
vt 0.822354 0.876969
vt 0.821626 0.871707
vt 0.823318 0.881133
vt 0.820223 0.879428
vt 0.819579 0.875131
vt 0.819665 0.871272
vt 0.842265 0.787590
vt 0.842518 0.785447
vt 0.913401 0.322796
vt 0.913211 0.320538
vt 0.885810 0.814558
vt 0.888168 0.812517
vt 0.867918 0.349803
vt 0.865541 0.347698
vt 0.869125 0.853670
vt 0.872890 0.854096
vt 0.884214 0.389388
vt 0.880428 0.389743
vt 0.824599 0.885048
vt 0.826236 0.888824
vt 0.822836 0.887847
vt 0.821336 0.883672
vt 0.850898 0.807183
vt 0.849227 0.805688
vt 0.903756 0.343046
vt 0.905529 0.341532
vt 0.890303 0.810238
vt 0.892226 0.807779
vt 0.863386 0.345363
vt 0.861437 0.342841
vt 0.847190 0.885429
vt 0.905478 0.421641
vt 0.858808 0.811344
vt 0.895480 0.347201
vt 0.828223 0.892419
vt 0.830543 0.895792
vt 0.827029 0.895762
vt 0.824733 0.891895
vt 0.888251 0.783558
vt 0.888671 0.785642
vt 0.865145 0.317693
vt 0.864684 0.319884
vt 0.893890 0.805132
vt 0.895317 0.802351
vt 0.859741 0.340134
vt 0.858276 0.337282
vt 0.876569 0.854783
vt 0.880114 0.855729
vt 0.876722 0.390359
vt 0.873146 0.391237
vt 0.833170 0.898903
vt 0.836060 0.901711
vt 0.832669 0.902703
vt 0.829700 0.899388
vt 0.842960 0.783357
vt 0.843557 0.781337
vt 0.912813 0.318344
vt 0.912243 0.316231
vt 0.896457 0.799439
vt 0.897341 0.796449
vt 0.857089 0.334295
vt 0.856154 0.331208
vt 0.839161 0.904205
vt 0.842449 0.906412
vt 0.839271 0.908406
vt 0.835846 0.905695
vt 0.847694 0.804050
vt 0.846342 0.802264
vt 0.907161 0.339865
vt 0.908622 0.338041
vt 0.897905 0.793393
vt 0.898177 0.790316
vt 0.855539 0.328044
vt 0.855224 0.324834
vt 0.883472 0.857370
vt 0.869793 0.392788
vt 0.845913 0.908338
vt 0.849530 0.909955
vt 0.847047 0.912890
vt 0.843015 0.910821
vt 0.888905 0.787787
vt 0.888926 0.789967
vt 0.864431 0.322137
vt 0.864407 0.324430
vt 0.898090 0.787242
vt 0.897706 0.784219
vt 0.855283 0.321619
vt 0.855660 0.318443
vt 0.821229 0.863863
vt 0.818803 0.864805
vt 0.853273 0.911238
vt 0.857116 0.912168
vt 0.855750 0.915794
vt 0.851309 0.914563
vt 0.844097 0.779389
vt 0.911708 0.314193
vt 0.896957 0.781286
vt 0.895939 0.778492
vt 0.856432 0.315370
vt 0.857501 0.312459
vt 0.883043 0.885628
vt 0.879772 0.887314
vt 0.869602 0.421122
vt 0.872824 0.422911
vt 0.861027 0.912732
vt 0.864966 0.912896
vt 0.864945 0.916883
vt 0.860311 0.916556
vt 0.845151 0.800366
vt 0.909918 0.336095
vt 0.894544 0.776039
vt 0.859018 0.309870
vt 0.909246 0.864306
vt 0.911663 0.865273
vt 0.868906 0.912774
vt 0.872823 0.912251
vt 0.874150 0.915892
vt 0.869582 0.916605
vt 0.888748 0.792157
vt 0.864598 0.326727
vt 0.876248 0.888297
vt 0.876325 0.423986
vt 0.876676 0.911363
vt 0.878603 0.914709
vt 0.776579 0.034163
vt 0.777307 0.034130
vt 0.778508 0.032598
vt 0.778801 0.032947
vt 0.780379 0.030965
vt 0.780223 0.031676
vt 0.774895 0.033944
vt 0.775765 0.034107
vt 0.777683 0.031619
vt 0.778132 0.032152
vt 0.780447 0.029268
vt 0.780461 0.030153
vt 0.773023 0.033293
vt 0.773978 0.033672
vt 0.776576 0.030306
vt 0.777162 0.031001
vt 0.780124 0.027313
vt 0.780335 0.028318
vt 0.771040 0.032232
vt 0.772040 0.032812
vt 0.775227 0.028704
vt 0.775929 0.029537
vt 0.779415 0.025178
vt 0.779816 0.026262
vt 0.769025 0.030802
vt 0.770031 0.031559
vt 0.766744 0.034323
vt 0.773685 0.026874
vt 0.774476 0.027813
vt 0.778348 0.022949
vt 0.778924 0.024070
vt 0.767058 0.029060
vt 0.768030 0.029966
vt 0.772011 0.024886
vt 0.772861 0.025895
vt 0.776966 0.020714
vt 0.777693 0.021827
vt 0.780625 0.017632
vt 0.781262 0.018820
vt 0.765216 0.027074
vt 0.766116 0.028093
vt 0.770269 0.022818
vt 0.771144 0.023857
vt 0.775322 0.018561
vt 0.776173 0.019622
vt 0.779888 0.016493
vt 0.763572 0.024921
vt 0.764365 0.026013
vt 0.768527 0.020750
vt 0.769394 0.021779
vt 0.773481 0.016576
vt 0.774422 0.017543
vt 0.762190 0.022686
vt 0.762845 0.023809
vt 0.766853 0.018762
vt 0.767678 0.019741
vt 0.771513 0.014834
vt 0.772508 0.015670
vt 0.761124 0.020458
vt 0.761614 0.021566
vt 0.765312 0.016932
vt 0.766062 0.017822
vt 0.769498 0.013404
vt 0.770507 0.014076
vt 0.760414 0.018323
vt 0.760722 0.019373
vt 0.757853 0.021799
vt 0.763962 0.015330
vt 0.764610 0.016098
vt 0.767515 0.012342
vt 0.768498 0.012824
vt 0.760091 0.016367
vt 0.760203 0.017318
vt 0.762856 0.014016
vt 0.763376 0.014634
vt 0.765643 0.011691
vt 0.766561 0.011963
vt 0.760159 0.014670
vt 0.760077 0.015482
vt 0.762031 0.013037
vt 0.762406 0.013483
vt 0.763959 0.011472
vt 0.764773 0.011529
vt 0.760315 0.013959
vt 0.761737 0.012688
vt 0.763232 0.011505
vt 0.764704 0.036788
vt 0.765367 0.035497
vt 0.782626 0.014335
vt 0.781445 0.015184
vt 0.783384 0.015597
vt 0.782158 0.016346
vt 0.755187 0.022992
vt 0.756621 0.022812
vt 0.784062 0.016906
vt 0.782763 0.017563
vt 0.878769 0.315049
vt 0.878002 0.316086
vt 0.879636 0.314091
vt 0.786705 0.015752
vt 0.787363 0.017379
vt 0.785955 0.014166
vt 0.894812 0.335229
vt 0.895910 0.334592
vt 0.893660 0.335755
vt 0.752305 0.023069
vt 0.752305 0.021307
vt 0.752406 0.024827
vt 0.877349 0.317196
vt 0.876807 0.318363
vt 0.784999 0.012697
vt 0.783962 0.011285
vt 0.901921 0.322508
vt 0.901784 0.321222
vt 0.901937 0.323800
vt 0.763607 0.039454
vt 0.762003 0.038737
vt 0.765251 0.040079
vt 0.892464 0.336165
vt 0.891237 0.336458
vt 0.752541 0.019557
vt 0.752878 0.017820
vt 0.880599 0.313224
vt 0.881648 0.312456
vt 0.787796 0.019082
vt 0.788132 0.020808
vt 0.889986 0.336625
vt 0.888726 0.336671
vt 0.753447 0.016139
vt 0.754113 0.014490
vt 0.882775 0.311799
vt 0.883960 0.311252
vt 0.788233 0.022566
vt 0.788233 0.024329
vt 0.887466 0.336589
vt 0.886221 0.336387
vt 0.755006 0.012937
vt 0.755999 0.011440
vt 0.885198 0.310827
vt 0.886471 0.310525
vt 0.787997 0.026079
vt 0.787660 0.027815
vt 0.885001 0.336059
vt 0.883817 0.335616
vt 0.757205 0.010097
vt 0.758500 0.008840
vt 0.887768 0.310350
vt 0.889076 0.310303
vt 0.787092 0.029496
vt 0.786425 0.031146
vt 0.882680 0.335057
vt 0.881603 0.334385
vt 0.759959 0.007776
vt 0.761489 0.006810
vt 0.890384 0.310381
vt 0.891679 0.310588
vt 0.785533 0.032698
vt 0.784539 0.034196
vt 0.880595 0.333613
vt 0.879661 0.332748
vt 0.763130 0.006073
vt 0.764820 0.005503
vt 0.892946 0.310921
vt 0.894174 0.311377
vt 0.783333 0.035538
vt 0.782038 0.036796
vt 0.878813 0.331795
vt 0.878058 0.330762
vt 0.766551 0.005111
vt 0.768303 0.004832
vt 0.895345 0.311957
vt 0.896456 0.312644
vt 0.780579 0.037859
vt 0.779049 0.038825
vt 0.877412 0.329657
vt 0.876866 0.328493
vt 0.770071 0.004794
vt 0.771835 0.004858
vt 0.901829 0.325085
vt 0.901606 0.326352
vt 0.760512 0.037812
vt 0.759076 0.036804
vt 0.897483 0.313443
vt 0.898428 0.314337
vt 0.777409 0.039562
vt 0.775718 0.040133
vt 0.876441 0.327279
vt 0.876125 0.326027
vt 0.773572 0.005158
vt 0.775287 0.005557
vt 0.901258 0.327602
vt 0.900800 0.328809
vt 0.757791 0.035613
vt 0.756576 0.034350
vt 0.899266 0.315325
vt 0.900004 0.316390
vt 0.773988 0.040524
vt 0.772235 0.040803
vt 0.875937 0.324748
vt 0.875863 0.323453
vt 0.776931 0.006181
vt 0.778535 0.006898
vt 0.900224 0.329964
vt 0.899543 0.331054
vt 0.755539 0.032939
vt 0.754583 0.031469
vt 0.900628 0.317524
vt 0.901136 0.318716
vt 0.770467 0.040841
vt 0.768703 0.040777
vt 0.875920 0.322156
vt 0.876092 0.320866
vt 0.780027 0.007823
vt 0.781462 0.008831
vt 0.898763 0.332070
vt 0.897895 0.333005
vt 0.753834 0.029883
vt 0.753176 0.028256
vt 0.901516 0.319954
vt 0.766966 0.040477
vt 0.876393 0.319599
vt 0.782747 0.010023
vt 0.896938 0.333847
vt 0.752742 0.026554
vt 0.906987 0.301779
vt 0.904932 0.300248
vt 0.908379 0.302924
vt 0.901302 0.294970
vt 0.904050 0.296330
vt 0.902604 0.298826
vt 0.900127 0.297611
vt 0.901231 0.301347
vt 0.898994 0.300260
vt 0.895444 0.293105
vt 0.898420 0.293898
vt 0.897524 0.296646
vt 0.894830 0.295932
vt 0.896653 0.299385
vt 0.889322 0.292420
vt 0.892400 0.292617
vt 0.892073 0.295487
vt 0.889283 0.295311
vt 0.886240 0.292534
vt 0.886490 0.295412
vt 0.883722 0.295782
vt 0.886734 0.298272
vt 0.884246 0.298611
vt 0.881010 0.296424
vt 0.878383 0.297318
vt 0.881807 0.299185
vt 0.875874 0.298466
vt 0.873509 0.299823
vt 0.871413 0.301298
vt 0.869991 0.302405
vt 0.886874 0.299939
vt 0.884547 0.300254
vt 0.886094 0.290855
vt 0.889345 0.290739
vt 0.869068 0.303177
vt 0.900462 0.302830
vt 0.898351 0.301803
vt 0.892592 0.290942
vt 0.895803 0.291462
vt 0.882263 0.300797
vt 0.898947 0.292297
vt 0.901992 0.293439
vt 0.909280 0.303720
vt 0.896153 0.300983
vt 0.904906 0.294887
s 1
usemtl Lata_gaseosa
f 1/1/1 2/2/2 4/3/4 3/4/3
f 3/4/3 4/3/4 6/5/6 5/6/5
f 5/6/5 6/5/6 8/7/8 7/8/7
f 7/8/7 8/7/8 10/9/10 9/10/9
f 9/10/9 10/9/10 12/11/12 11/12/11
f 11/12/11 12/11/12 14/13/14 13/14/13
f 13/14/13 14/13/14 16/15/16 15/16/15
f 15/16/15 16/15/16 18/17/18 17/18/17
f 17/18/17 18/17/18 20/19/20 19/20/19
f 19/20/19 20/19/20 22/21/22 21/22/21
f 21/22/21 22/21/22 24/23/24 23/24/23
f 23/24/23 24/23/24 26/25/26 25/26/25
f 25/26/25 26/25/26 28/27/28 27/28/27
f 27/29/27 28/30/28 30/31/30 29/32/29
f 29/32/29 30/31/30 32/33/32 31/34/31
f 31/34/31 32/33/32 34/35/34 33/36/33
f 33/36/33 34/35/34 36/37/36 35/38/35
f 35/38/35 36/37/36 38/39/38 37/40/37
f 37/40/37 38/39/38 40/41/40 39/42/39
f 39/42/39 40/41/40 42/43/42 41/44/41
f 41/44/41 42/43/42 44/45/44 43/46/43
f 43/46/43 44/45/44 46/47/46 45/48/45
f 26/49/26 24/50/24 60/51/60 61/52/61
f 45/48/45 46/47/46 48/53/48 47/54/47
f 47/54/47 48/53/48 2/2/2 1/1/1
f 43/55/43 45/56/45 215/57/215 214/58/214
f 49/59/49 50/60/50 74/61/74 73/62/73
f 36/63/36 34/64/34 65/65/65 66/66/66
f 46/67/46 44/68/44 70/69/70 71/70/71
f 12/71/12 10/72/10 53/73/53 54/74/54
f 22/75/22 20/76/20 58/77/58 59/78/59
f 32/79/32 30/80/30 63/81/63 64/82/64
f 42/83/42 40/84/40 68/85/68 69/86/69
f 8/87/8 6/88/6 51/89/51 52/90/52
f 18/91/18 16/92/16 56/93/56 57/94/57
f 4/95/4 2/96/2 50/60/50 49/59/49
f 28/97/28 26/49/26 61/52/61 62/98/62
f 38/99/38 36/63/36 66/66/66 67/100/67
f 48/101/48 46/67/46 71/70/71 72/102/72
f 14/103/14 12/71/12 54/74/54 55/104/55
f 24/50/24 22/75/22 59/78/59 60/51/60
f 34/64/34 32/79/32 64/82/64 65/65/65
f 44/68/44 42/83/42 69/86/69 70/69/70
f 10/72/10 8/87/8 52/90/52 53/73/53
f 20/76/20 18/91/18 57/94/57 58/77/58
f 30/80/30 28/105/28 62/106/62 63/81/63
f 40/84/40 38/99/38 67/100/67 68/85/68
f 2/96/2 48/101/48 72/102/72 50/60/50
f 6/88/6 4/95/4 49/59/49 51/89/51
f 16/92/16 14/103/14 55/104/55 56/93/56
f 78/107/78 77/108/77 101/109/101 102/110/102
f 65/65/65 64/82/64 88/111/88 89/112/89
f 58/77/58 57/94/57 81/113/81 82/114/82
f 50/60/50 72/102/72 96/115/96 74/61/74
f 51/89/51 49/59/49 73/62/73 75/116/75
f 66/66/66 65/65/65 89/112/89 90/117/90
f 59/78/59 58/77/58 82/114/82 83/118/83
f 52/90/52 51/89/51 75/116/75 76/119/76
f 67/100/67 66/66/66 90/117/90 91/120/91
f 60/51/60 59/78/59 83/118/83 84/121/84
f 53/73/53 52/90/52 76/119/76 77/108/77
f 68/85/68 67/100/67 91/120/91 92/122/92
f 61/52/61 60/51/60 84/121/84 85/123/85
f 54/74/54 53/73/53 77/108/77 78/107/78
f 69/86/69 68/85/68 92/122/92 93/124/93
f 62/98/62 61/52/61 85/123/85 86/125/86
f 55/104/55 54/74/54 78/107/78 79/126/79
f 70/69/70 69/86/69 93/124/93 94/127/94
f 63/81/63 62/106/62 86/128/86 87/129/87
f 56/93/56 55/104/55 79/126/79 80/130/80
f 71/70/71 70/69/70 94/127/94 95/131/95
f 64/82/64 63/81/63 87/129/87 88/111/88
f 57/94/57 56/93/56 80/130/80 81/113/81
f 72/102/72 71/70/71 95/131/95 96/115/96
f 113/132/113 112/133/112 136/134/136 137/135/137
f 93/124/93 92/122/92 116/136/116 117/137/117
f 86/125/86 85/123/85 109/138/109 110/139/110
f 79/126/79 78/107/78 102/110/102 103/140/103
f 94/127/94 93/124/93 117/137/117 118/141/118
f 87/129/87 86/128/86 110/142/110 111/143/111
f 80/130/80 79/126/79 103/140/103 104/144/104
f 95/131/95 94/127/94 118/141/118 119/145/119
f 88/111/88 87/129/87 111/143/111 112/146/112
f 81/113/81 80/130/80 104/144/104 105/147/105
f 96/115/96 95/131/95 119/145/119 120/148/120
f 73/62/73 74/61/74 98/149/98 97/150/97
f 89/112/89 88/111/88 112/146/112 113/151/113
f 82/114/82 81/113/81 105/147/105 106/152/106
f 74/61/74 96/115/96 120/148/120 98/149/98
f 75/116/75 73/62/73 97/150/97 99/153/99
f 90/117/90 89/112/89 113/151/113 114/154/114
f 83/118/83 82/114/82 106/152/106 107/155/107
f 76/119/76 75/116/75 99/153/99 100/156/100
f 91/120/91 90/117/90 114/154/114 115/157/115
f 84/121/84 83/118/83 107/155/107 108/158/108
f 77/108/77 76/119/76 100/156/100 101/109/101
f 92/122/92 91/120/91 115/157/115 116/136/116
f 85/123/85 84/121/84 108/158/108 109/138/109
f 126/159/126 125/160/125 149/161/149 150/162/150
f 106/163/106 105/164/105 129/165/129 130/166/130
f 98/167/98 120/168/120 144/169/144 122/170/122
f 99/171/99 97/172/97 121/173/121 123/174/123
f 114/175/114 113/132/113 137/135/137 138/176/138
f 107/177/107 106/163/106 130/166/130 131/178/131
f 100/179/100 99/171/99 123/174/123 124/180/124
f 115/181/115 114/175/114 138/176/138 139/182/139
f 108/183/108 107/177/107 131/178/131 132/184/132
f 101/185/101 100/179/100 124/180/124 125/160/125
f 116/186/116 115/181/115 139/182/139 140/187/140
f 109/188/109 108/183/108 132/184/132 133/189/133
f 102/190/102 101/185/101 125/160/125 126/159/126
f 117/191/117 116/186/116 140/187/140 141/192/141
f 110/193/110 109/188/109 133/189/133 134/194/134
f 103/195/103 102/190/102 126/159/126 127/196/127
f 118/197/118 117/191/117 141/192/141 142/198/142
f 111/199/111 110/200/110 134/201/134 135/202/135
f 104/203/104 103/195/103 127/196/127 128/204/128
f 119/205/119 118/197/118 142/198/142 143/206/143
f 112/133/112 111/199/111 135/202/135 136/134/136
f 105/164/105 104/203/104 128/204/128 129/165/129
f 120/168/120 119/205/119 143/206/143 144/169/144
f 97/172/97 98/167/98 122/170/122 121/173/121
f 153/207/153 152/208/152 176/209/176 177/210/177
f 141/192/141 140/187/140 164/211/164 165/212/165
f 134/194/134 133/189/133 157/213/157 158/214/158
f 127/196/127 126/159/126 150/162/150 151/215/151
f 142/198/142 141/192/141 165/212/165 166/216/166
f 135/202/135 134/201/134 158/217/158 159/218/159
f 128/204/128 127/196/127 151/215/151 152/208/152
f 143/206/143 142/198/142 166/216/166 167/219/167
f 136/134/136 135/202/135 159/218/159 160/220/160
f 129/165/129 128/204/128 152/208/152 153/207/153
f 144/169/144 143/206/143 167/219/167 168/221/168
f 121/173/121 122/170/122 146/222/146 145/223/145
f 137/135/137 136/134/136 160/220/160 161/224/161
f 130/166/130 129/165/129 153/207/153 154/225/154
f 122/170/122 144/169/144 168/221/168 146/222/146
f 123/174/123 121/173/121 145/223/145 147/226/147
f 138/176/138 137/135/137 161/224/161 162/227/162
f 131/178/131 130/166/130 154/225/154 155/228/155
f 124/180/124 123/174/123 147/226/147 148/229/148
f 139/182/139 138/176/138 162/227/162 163/230/163
f 132/184/132 131/178/131 155/228/155 156/231/156
f 125/160/125 124/180/124 148/229/148 149/161/149
f 140/187/140 139/182/139 163/230/163 164/211/164
f 133/189/133 132/184/132 156/231/156 157/213/157
f 188/232/188 187/233/187 361/234/361 189/235/189
f 168/221/168 167/219/167 191/236/191 192/237/192
f 145/223/145 146/222/146 170/238/170 169/239/169
f 161/224/161 160/220/160 184/240/184 185/241/185
f 154/225/154 153/207/153 177/210/177 178/242/178
f 146/222/146 168/221/168 192/237/192 170/238/170
f 147/226/147 145/223/145 169/239/169 171/243/171
f 162/227/162 161/224/161 185/241/185 186/244/186
f 155/228/155 154/225/154 178/242/178 179/245/179
f 148/229/148 147/226/147 171/243/171 172/246/172
f 163/230/163 162/227/162 186/244/186 187/247/187
f 156/231/156 155/228/155 179/245/179 180/248/180
f 149/161/149 148/229/148 172/246/172 173/249/173
f 164/211/164 163/230/163 187/247/187 188/250/188
f 157/213/157 156/231/156 180/248/180 181/251/181
f 150/162/150 149/161/149 173/249/173 174/252/174
f 165/212/165 164/211/164 188/250/188 189/253/189
f 158/214/158 157/213/157 181/251/181 182/254/182
f 151/215/151 150/162/150 174/252/174 175/255/175
f 166/216/166 165/212/165 189/253/189 190/256/190
f 159/218/159 158/217/158 182/257/182 183/258/183
f 152/208/152 151/215/151 175/255/175 176/209/176
f 167/219/167 166/216/166 190/256/190 191/236/191
f 160/220/160 159/218/159 183/258/183 184/240/184
f 193/259/193 194/260/194 218/261/218 217/262/217
f 9/263/9 11/264/11 198/265/198 197/266/197
f 19/267/19 21/268/21 203/269/203 202/270/202
f 29/271/29 31/272/31 208/273/208 207/274/207
f 39/275/39 41/276/41 213/277/213 212/278/212
f 5/279/5 7/280/7 196/281/196 195/282/195
f 15/283/15 17/284/17 201/285/201 200/286/200
f 1/287/1 3/288/3 194/260/194 193/259/193
f 25/289/25 27/290/27 206/291/206 205/292/205
f 35/293/35 37/294/37 211/295/211 210/296/210
f 45/56/45 47/297/47 216/298/216 215/57/215
f 11/264/11 13/299/13 199/300/199 198/265/198
f 21/268/21 23/301/23 204/302/204 203/269/203
f 31/272/31 33/303/33 209/304/209 208/273/208
f 41/276/41 43/55/43 214/58/214 213/277/213
f 7/280/7 9/263/9 197/266/197 196/281/196
f 17/284/17 19/267/19 202/270/202 201/285/201
f 27/305/27 29/271/29 207/274/207 206/306/206
f 37/294/37 39/275/39 212/278/212 211/295/211
f 47/297/47 1/287/1 193/259/193 216/298/216
f 3/288/3 5/279/5 195/282/195 194/260/194
f 13/299/13 15/283/15 200/286/200 199/300/199
f 23/301/23 25/289/25 205/292/205 204/302/204
f 33/303/33 35/293/35 210/296/210 209/304/209
f 222/307/222 223/308/223 247/309/247 246/310/246
f 208/273/208 209/304/209 233/311/233 232/312/232
f 201/285/201 202/270/202 226/313/226 225/314/225
f 216/298/216 193/259/193 217/262/217 240/315/240
f 194/260/194 195/282/195 219/316/219 218/261/218
f 209/304/209 210/296/210 234/317/234 233/311/233
f 202/270/202 203/269/203 227/318/227 226/313/226
f 195/282/195 196/281/196 220/319/220 219/316/219
f 210/296/210 211/295/211 235/320/235 234/317/234
f 203/269/203 204/302/204 228/321/228 227/318/227
f 196/281/196 197/266/197 221/322/221 220/319/220
f 211/295/211 212/278/212 236/323/236 235/320/235
f 204/302/204 205/292/205 229/324/229 228/321/228
f 197/266/197 198/265/198 222/307/222 221/322/221
f 212/278/212 213/277/213 237/325/237 236/323/236
f 205/292/205 206/291/206 230/326/230 229/324/229
f 198/265/198 199/300/199 223/308/223 222/307/222
f 213/277/213 214/58/214 238/327/238 237/325/237
f 206/306/206 207/274/207 231/328/231 230/329/230
f 199/300/199 200/286/200 224/330/224 223/308/223
f 214/58/214 215/57/215 239/331/239 238/327/238
f 207/274/207 208/273/208 232/312/232 231/328/231
f 200/286/200 201/285/201 225/314/225 224/330/224
f 215/57/215 216/298/216 240/315/240 239/331/239
f 237/325/237 238/327/238 262/332/262 261/333/261
f 230/329/230 231/328/231 255/334/255 254/335/254
f 223/308/223 224/330/224 248/336/248 247/309/247
f 238/327/238 239/331/239 263/337/263 262/332/262
f 231/328/231 232/312/232 256/338/256 255/334/255
f 224/330/224 225/314/225 249/339/249 248/336/248
f 239/331/239 240/315/240 264/340/264 263/337/263
f 217/262/217 218/261/218 242/341/242 241/342/241
f 232/312/232 233/311/233 257/343/257 256/338/256
f 225/314/225 226/313/226 250/344/250 249/339/249
f 240/315/240 217/262/217 241/342/241 264/340/264
f 218/261/218 219/316/219 243/345/243 242/341/242
f 233/311/233 234/317/234 258/346/258 257/343/257
f 226/313/226 227/318/227 251/347/251 250/344/250
f 219/316/219 220/319/220 244/348/244 243/345/243
f 234/317/234 235/320/235 259/349/259 258/346/258
f 227/318/227 228/321/228 252/350/252 251/347/251
f 220/319/220 221/322/221 245/351/245 244/348/244
f 235/320/235 236/323/236 260/352/260 259/349/259
f 228/321/228 229/324/229 253/353/253 252/350/252
f 221/322/221 222/307/222 246/310/246 245/351/245
f 236/323/236 237/325/237 261/333/261 260/352/260
f 229/324/229 230/326/230 254/354/254 253/353/253
f 241/355/241 242/356/242 266/357/266 265/358/265
f 256/359/256 257/360/257 281/361/281 280/362/280
f 249/363/249 250/364/250 274/365/274 273/366/273
f 264/367/264 241/355/241 265/358/265 288/368/288
f 242/356/242 243/369/243 267/370/267 266/357/266
f 257/360/257 258/371/258 282/372/282 281/361/281
f 250/364/250 251/373/251 275/374/275 274/365/274
f 243/369/243 244/375/244 268/376/268 267/370/267
f 258/371/258 259/377/259 283/378/283 282/372/282
f 251/373/251 252/379/252 276/380/276 275/374/275
f 244/375/244 245/381/245 269/382/269 268/376/268
f 259/377/259 260/383/260 284/384/284 283/378/283
f 252/379/252 253/385/253 277/386/277 276/380/276
f 245/381/245 246/387/246 270/388/270 269/382/269
f 260/383/260 261/389/261 285/390/285 284/384/284
f 253/385/253 254/391/254 278/392/278 277/386/277
f 246/387/246 247/393/247 271/394/271 270/388/270
f 261/389/261 262/395/262 286/396/286 285/390/285
f 254/397/254 255/398/255 279/399/279 278/400/278
f 247/393/247 248/401/248 272/402/272 271/394/271
f 262/395/262 263/403/263 287/404/287 286/396/286
f 255/398/255 256/359/256 280/362/280 279/399/279
f 248/401/248 249/363/249 273/366/273 272/402/272
f 263/403/263 264/367/264 288/368/288 287/404/287
f 269/382/269 270/388/270 294/405/294 293/406/293
f 284/384/284 285/390/285 309/407/309 308/408/308
f 277/386/277 278/392/278 302/409/302 301/410/301
f 270/388/270 271/394/271 295/411/295 294/405/294
f 285/390/285 286/396/286 310/412/310 309/407/309
f 278/400/278 279/399/279 303/413/303 302/414/302
f 271/394/271 272/402/272 296/415/296 295/411/295
f 286/396/286 287/404/287 311/416/311 310/412/310
f 279/399/279 280/362/280 304/417/304 303/413/303
f 272/402/272 273/366/273 297/418/297 296/415/296
f 287/404/287 288/368/288 312/419/312 311/416/311
f 265/358/265 266/357/266 290/420/290 289/421/289
f 280/362/280 281/361/281 305/422/305 304/417/304
f 273/366/273 274/365/274 298/423/298 297/418/297
f 288/368/288 265/358/265 289/421/289 312/419/312
f 266/357/266 267/370/267 291/424/291 290/420/290
f 281/361/281 282/372/282 306/425/306 305/422/305
f 274/365/274 275/374/275 299/426/299 298/423/298
f 267/370/267 268/376/268 292/427/292 291/424/291
f 282/372/282 283/378/283 307/428/307 306/425/306
f 275/374/275 276/380/276 300/429/300 299/426/299
f 268/376/268 269/382/269 293/406/293 292/427/292
f 283/378/283 284/384/284 308/408/308 307/428/307
f 276/380/276 277/386/277 301/410/301 300/429/300
f 304/417/304 305/422/305 329/430/329 328/431/328
f 297/418/297 298/423/298 322/432/322 321/433/321
f 312/419/312 289/421/289 313/434/313 336/435/336
f 290/420/290 291/424/291 315/436/315 314/437/314
f 305/422/305 306/425/306 330/438/330 329/430/329
f 298/423/298 299/426/299 323/439/323 322/432/322
f 291/424/291 292/427/292 316/440/316 315/436/315
f 306/425/306 307/428/307 331/441/331 330/438/330
f 299/426/299 300/429/300 324/442/324 323/439/323
f 292/427/292 293/406/293 317/443/317 316/440/316
f 307/428/307 308/408/308 332/444/332 331/441/331
f 300/429/300 301/410/301 325/445/325 324/442/324
f 293/406/293 294/405/294 318/446/318 317/443/317
f 308/408/308 309/407/309 333/447/333 332/444/332
f 301/410/301 302/409/302 326/448/326 325/445/325
f 294/405/294 295/411/295 319/449/319 318/446/318
f 309/407/309 310/412/310 334/450/334 333/447/333
f 302/414/302 303/413/303 327/451/327 326/452/326
f 295/411/295 296/415/296 320/453/320 319/449/319
f 310/412/310 311/416/311 335/454/335 334/450/334
f 303/413/303 304/417/304 328/431/328 327/451/327
f 296/415/296 297/418/297 321/433/321 320/453/320
f 311/416/311 312/419/312 336/435/336 335/454/335
f 289/421/289 290/420/290 314/437/314 313/434/313
f 317/443/317 318/446/318 342/455/342 341/456/341
f 332/444/332 333/447/333 357/457/357 356/458/356
f 325/445/325 326/448/326 350/459/350 349/460/349
f 318/446/318 319/449/319 343/461/343 342/455/342
f 333/447/333 334/450/334 358/462/358 357/457/357
f 326/452/326 327/451/327 351/463/351 350/464/350
f 319/449/319 320/453/320 344/465/344 343/461/343
f 334/450/334 335/454/335 359/466/359 358/462/358
f 327/451/327 328/431/328 352/467/352 351/463/351
f 320/453/320 321/433/321 345/468/345 344/465/344
f 335/454/335 336/435/336 360/469/360 359/466/359
f 313/434/313 314/437/314 338/470/338 337/471/337
f 328/431/328 329/430/329 353/472/353 352/467/352
f 321/433/321 322/432/322 346/473/346 345/468/345
f 336/435/336 313/434/313 337/471/337 360/469/360
f 314/437/314 315/436/315 339/474/339 338/470/338
f 329/430/329 330/438/330 354/475/354 353/472/353
f 322/432/322 323/439/323 347/476/347 346/473/346
f 315/436/315 316/440/316 340/477/340 339/474/339
f 330/438/330 331/441/331 355/478/355 354/475/354
f 323/439/323 324/442/324 348/479/348 347/476/347
f 316/440/316 317/443/317 341/456/341 340/477/340
f 331/441/331 332/444/332 356/458/356 355/478/355
f 324/442/324 325/445/325 349/460/349 348/479/348
f 346/480/346 347/481/347 348/482/348 345/483/345
f 345/483/345 348/482/348 349/484/349 344/485/344
f 344/485/344 349/484/349 350/486/350 343/487/343
f 343/487/343 350/486/350 351/488/351 342/489/342
f 342/489/342 351/488/351 352/490/352 341/491/341
f 341/491/341 352/490/352 353/492/353 340/493/340
f 340/493/340 353/492/353 354/494/354 339/495/339
f 339/495/339 354/494/354 355/496/355 338/497/338
f 338/497/338 355/496/355 356/498/356 337/499/337
f 337/499/337 356/498/356 357/500/357 360/501/360
f 360/501/360 357/500/357 358/502/358 359/503/359
f 187/233/187 186/504/186 366/505/361 361/234/361
f 186/504/186 185/506/185 371/507/361 366/505/361
f 185/506/185 184/508/184 376/509/361 371/507/361
f 184/508/184 183/510/183 381/511/361 376/509/361
f 183/510/183 182/512/182 181/513/181 381/511/361
f 189/235/189 361/234/361 362/514/361 190/515/190
f 361/234/361 366/505/361 367/516/361 362/514/361
f 366/505/361 371/507/361 372/517/361 367/516/361
f 371/507/361 376/509/361 377/518/361 372/517/361
f 376/509/361 381/511/361 382/519/361 377/518/361
f 381/511/361 181/513/181 180/520/180 382/519/361
f 190/515/190 362/514/361 363/521/361 191/522/191
f 362/514/361 367/516/361 368/523/361 363/521/361
f 367/516/361 372/517/361 373/524/361 368/523/361
f 372/517/361 377/518/361 378/525/361 373/524/361
f 377/518/361 382/519/361 383/526/361 378/525/361
f 382/519/361 180/520/180 179/527/179 383/526/361
f 191/522/191 363/521/361 364/528/361 192/529/192
f 363/521/361 368/523/361 369/530/361 364/528/361
f 368/523/361 373/524/361 374/531/361 369/530/361
f 373/524/361 378/525/361 379/532/361 374/531/361
f 378/525/361 383/526/361 384/533/361 379/532/361
f 383/526/361 179/527/179 178/534/178 384/533/361
f 192/529/192 364/528/361 365/535/361 170/536/170
f 364/528/361 369/530/361 370/537/361 365/535/361
f 369/530/361 374/531/361 375/538/361 370/537/361
f 374/531/361 379/532/361 380/539/361 375/538/361
f 379/532/361 384/533/361 385/540/361 380/539/361
f 384/533/361 178/534/178 177/541/177 385/540/361
f 170/536/170 365/535/361 171/542/171 169/543/169
f 365/535/361 370/537/361 172/544/172 171/542/171
f 370/537/361 375/538/361 173/545/173 172/544/172
f 375/538/361 380/539/361 174/546/174 173/545/173
f 380/539/361 385/540/361 175/547/175 174/546/174
f 385/540/361 177/541/177 176/548/176 175/547/175
f 436/549/412 918/550/857 1788/551/1607 948/552/887
f 918/550/857 434/553/410 899/554/842 1788/551/1607
f 1788/551/1607 899/554/842 433/555/409 900/556/843
f 948/552/887 1788/551/1607 900/556/843 435/557/411
f 438/558/414 919/559/858 1789/560/1608 947/561/886
f 919/559/858 427/562/403 892/563/835 1789/560/1608
f 1789/560/1608 892/563/835 426/564/402 902/565/845
f 947/561/886 1789/560/1608 902/565/845 437/566/413
f 440/567/416 921/568/860 1790/569/1609 946/570/885
f 921/568/860 420/571/396 885/572/828 1790/569/1609
f 1790/569/1609 885/572/828 419/573/395 904/574/847
f 946/570/885 1790/569/1609 904/574/847 439/575/415
f 441/576/417 922/577/861 1791/578/1610 945/579/884
f 922/577/861 428/580/404 893/581/836 1791/578/1610
f 1791/578/1610 893/581/836 427/562/403 919/559/858
f 945/579/884 1791/578/1610 919/559/858 438/558/414
f 442/582/418 923/583/862 1792/584/1611 944/585/883
f 923/583/862 421/586/397 886/587/829 1792/584/1611
f 1792/584/1611 886/587/829 420/571/396 921/568/860
f 944/585/883 1792/584/1611 921/568/860 440/567/416
f 443/588/419 924/589/863 1793/590/1612 943/591/882
f 924/589/863 429/592/405 894/593/837 1793/590/1612
f 1793/590/1612 894/593/837 428/580/404 922/577/861
f 943/591/882 1793/590/1612 922/577/861 441/576/417
f 444/594/420 925/595/864 1794/596/1613 942/597/881
f 925/595/864 422/598/398 887/599/830 1794/596/1613
f 1794/596/1613 887/599/830 421/586/397 923/583/862
f 942/597/881 1794/596/1613 923/583/862 442/582/418
f 445/600/421 926/601/865 1795/602/1614 941/603/880
f 926/601/865 430/604/406 895/605/838 1795/602/1614
f 1795/602/1614 895/605/838 429/592/405 924/589/863
f 941/603/880 1795/602/1614 924/589/863 443/588/419
f 446/606/422 927/607/866 1796/608/1615 940/609/879
f 927/607/866 423/610/399 888/611/831 1796/608/1615
f 1796/608/1615 888/611/831 422/598/398 925/595/864
f 940/609/879 1796/608/1615 925/595/864 444/594/420
f 447/612/423 928/613/867 1797/614/1616 939/615/878
f 928/613/867 431/616/407 896/617/839 1797/614/1616
f 1797/614/1616 896/617/839 430/604/406 926/601/865
f 939/615/878 1797/614/1616 926/601/865 445/600/421
f 448/618/424 929/619/868 1798/620/1617 938/621/877
f 929/619/868 424/622/400 889/623/832 1798/620/1617
f 1798/620/1617 889/623/832 423/610/399 927/607/866
f 938/621/877 1798/620/1617 927/607/866 446/606/422
f 449/624/425 930/625/869 1799/626/1618 937/627/876
f 930/625/869 432/628/408 897/629/840 1799/626/1618
f 1799/626/1618 897/629/840 431/616/407 928/613/867
f 937/627/876 1799/626/1618 928/613/867 447/612/423
f 450/630/426 931/631/870 1800/632/1619 936/633/875
f 931/631/870 425/634/401 890/635/833 1800/632/1619
f 1800/632/1619 890/635/833 424/622/400 929/619/868
f 936/633/875 1800/632/1619 929/619/868 448/618/424
f 435/557/411 900/556/843 1801/636/1620 935/637/874
f 900/556/843 433/555/409 898/638/841 1801/636/1620
f 1801/636/1620 898/638/841 432/628/408 930/625/869
f 935/637/874 1801/636/1620 930/625/869 449/624/425
f 437/566/413 902/565/845 1802/639/1621 934/640/873
f 902/565/845 426/564/402 891/641/834 1802/639/1621
f 1802/639/1621 891/641/834 425/634/401 931/631/870
f 934/640/873 1802/639/1621 931/631/870 450/630/426
f 439/575/415 904/574/847 1803/642/1622 933/643/872
f 904/574/847 419/573/395 884/644/827 1803/642/1622
f 1803/642/1622 884/644/827 418/645/394 916/646/855
f 933/643/872 1803/642/1622 916/646/855 451/647/427
f 467/648/440 920/649/859 1804/650/1623 977/651/906
f 920/649/859 439/575/415 933/643/872 1804/650/1623
f 1804/650/1623 933/643/872 451/647/427 932/652/871
f 977/651/906 1804/650/1623 932/652/871 468/653/441
f 465/654/438 917/655/856 1805/656/430 975/657/430
f 917/655/856 435/557/411 935/637/874 1805/656/430
f 1805/656/430 935/637/874 449/624/425 957/658/430
f 975/657/430 1805/656/430 957/658/430 463/659/430
f 463/659/430 957/658/430 1806/660/430 973/661/430
f 957/658/430 449/624/425 937/627/876 1806/660/430
f 1806/660/430 937/627/876 447/612/423 956/662/430
f 973/661/430 1806/660/430 956/662/430 461/663/430
f 461/663/430 956/662/430 1807/664/430 971/665/430
f 956/662/430 447/612/423 939/615/878 1807/664/430
f 1807/664/430 939/615/878 445/600/421 954/666/891
f 971/665/430 1807/664/430 954/666/891 459/667/434
f 460/668/435 955/669/892 1808/670/1624 970/671/902
f 955/669/892 446/606/422 940/609/879 1808/670/1624
f 1808/670/1624 940/609/879 444/594/420 953/672/890
f 970/671/902 1808/670/1624 953/672/890 458/673/433
f 459/667/434 954/666/891 1809/674/1625 969/675/901
f 954/666/891 445/600/421 941/603/880 1809/674/1625
f 1809/674/1625 941/603/880 443/588/419 952/676/889
f 969/675/901 1809/674/1625 952/676/889 457/677/432
f 458/673/433 953/672/890 1810/678/430 968/679/430
f 953/672/890 444/594/420 942/597/881 1810/678/430
f 1810/678/430 942/597/881 442/582/418 951/680/430
f 968/679/430 1810/678/430 951/680/430 456/681/430
f 456/681/430 951/680/430 1811/682/430 966/683/430
f 951/680/430 442/582/418 944/585/883 1811/682/430
f 1811/682/430 944/585/883 440/567/416 950/684/430
f 966/683/430 1811/682/430 950/684/430 454/685/430
f 454/685/430 950/684/430 1812/686/430 964/687/430
f 950/684/430 440/567/416 946/570/885 1812/686/430
f 1812/686/430 946/570/885 439/575/415 920/649/859
f 964/687/430 1812/686/430 920/649/859 467/648/440
f 452/688/428 949/689/888 1813/690/1626 962/691/897
f 949/689/888 436/549/412 948/552/887 1813/690/1626
f 1813/690/1626 948/552/887 435/557/411 917/655/856
f 962/691/897 1813/690/1626 917/655/856 465/654/438
f 402/692/378 901/693/844 1814/694/1627 867/695/810
f 901/693/844 452/688/428 962/691/897 1814/694/1627
f 1814/694/1627 962/691/897 465/654/438 958/696/893
f 867/695/810 1814/694/1627 958/696/893 401/697/377
f 395/698/371 903/699/846 1815/700/1628 860/701/803
f 903/699/846 453/702/429 963/703/898 1815/700/1628
f 1815/700/1628 963/703/898 466/704/439 959/705/894
f 860/701/803 1815/700/1628 959/705/894 394/706/370
f 388/707/364 905/708/430 1816/709/430 853/710/796
f 905/708/430 454/685/430 964/687/430 1816/709/430
f 1816/709/430 964/687/430 467/648/440 960/711/895
f 853/710/796 1816/709/430 960/711/895 387/712/363
f 396/713/372 906/714/848 1817/715/1629 861/716/804
f 906/714/848 455/717/431 965/718/899 1817/715/1629
f 1817/715/1629 965/718/899 453/702/429 903/699/846
f 861/716/804 1817/715/1629 903/699/846 395/698/371
f 389/719/365 907/720/430 1818/721/430 854/722/797
f 907/720/430 456/681/430 966/683/430 1818/721/430
f 1818/721/430 966/683/430 454/685/430 905/708/430
f 854/722/797 1818/721/430 905/708/430 388/707/364
f 397/723/373 908/724/849 1819/725/1630 862/726/805
f 908/724/849 457/677/432 967/727/900 1819/725/1630
f 1819/725/1630 967/727/900 455/717/431 906/714/848
f 862/726/805 1819/725/1630 906/714/848 396/713/372
f 390/728/366 909/729/850 1820/730/430 855/731/798
f 909/729/850 458/673/433 968/679/430 1820/730/430
f 1820/730/430 968/679/430 456/681/430 907/720/430
f 855/731/798 1820/730/430 907/720/430 389/719/365
f 398/732/374 910/733/851 1821/734/1631 863/735/806
f 910/733/851 459/667/434 969/675/901 1821/734/1631
f 1821/734/1631 969/675/901 457/677/432 908/724/849
f 863/735/806 1821/734/1631 908/724/849 397/723/373
f 391/736/367 911/737/852 1822/738/1632 856/739/799
f 911/737/852 460/668/435 970/671/902 1822/738/1632
f 1822/738/1632 970/671/902 458/673/433 909/729/850
f 856/739/799 1822/738/1632 909/729/850 390/728/366
f 399/740/375 912/741/430 1823/742/430 864/743/807
f 912/741/430 461/663/430 971/665/430 1823/742/430
f 1823/742/430 971/665/430 459/667/434 910/733/851
f 864/743/807 1823/742/430 910/733/851 398/732/374
f 392/744/368 913/745/853 1824/746/1633 857/747/800
f 913/745/853 462/748/436 972/749/903 1824/746/1633
f 1824/746/1633 972/749/903 460/668/435 911/737/852
f 857/747/800 1824/746/1633 911/737/852 391/736/367
f 400/750/376 914/751/430 1825/752/430 865/753/808
f 914/751/430 463/659/430 973/661/430 1825/752/430
f 1825/752/430 973/661/430 461/663/430 912/741/430
f 865/753/808 1825/752/430 912/741/430 399/740/375
f 393/754/369 915/755/854 1826/756/1634 858/757/801
f 915/755/854 464/758/437 974/759/904 1826/756/1634
f 1826/756/1634 974/759/904 462/748/436 913/745/853
f 858/757/801 1826/756/1634 913/745/853 392/744/368
f 401/697/377 958/696/893 1827/760/430 866/761/809
f 958/696/893 465/654/438 975/657/430 1827/760/430
f 1827/760/430 975/657/430 463/659/430 914/751/430
f 866/761/809 1827/760/430 914/751/430 400/750/376
f 394/706/370 959/705/894 1828/762/1635 859/763/802
f 959/705/894 466/704/439 976/764/905 1828/762/1635
f 1828/762/1635 976/764/905 464/758/437 915/755/854
f 859/763/802 1828/762/1635 915/755/854 393/754/369
f 387/712/363 960/711/895 1829/765/1636 852/766/795
f 960/711/895 467/648/440 977/651/906 1829/765/1636
f 1829/765/1636 977/651/906 468/653/441 961/767/896
f 852/766/795 1829/765/1636 961/767/896 386/768/362
f 411/769/387 1010/770/939 1830/771/1637 877/772/820
f 1010/770/939 494/773/467 1003/774/932 1830/771/1637
f 1830/771/1637 1003/774/932 495/775/468 1011/776/940
f 877/772/820 1830/771/1637 1011/776/940 412/777/388
f 398/732/374 1012/778/941 1831/779/1638 864/743/807
f 1012/778/941 481/780/454 990/781/919 1831/779/1638
f 1831/779/1638 990/781/919 482/782/455 1013/783/942
f 864/743/807 1831/779/1638 1013/783/942 399/740/375
f 412/777/388 1011/776/940 1832/784/1639 878/785/821
f 1011/776/940 495/775/468 1004/786/933 1832/784/1639
f 1832/784/1639 1004/786/933 496/787/469 1014/788/943
f 878/785/821 1832/784/1639 1014/788/943 413/789/389
f 399/740/375 1013/783/942 1833/790/1640 865/753/808
f 1013/783/942 482/782/455 991/791/920 1833/790/1640
f 1833/790/1640 991/791/920 483/792/456 1015/793/944
f 865/753/808 1833/790/1640 1015/793/944 400/750/376
f 386/768/362 1016/794/945 1834/795/1641 852/766/795
f 1016/794/945 469/796/442 978/797/907 1834/795/1641
f 1834/795/1641 978/797/907 470/798/443 1017/799/946
f 852/766/795 1834/795/1641 1017/799/946 387/712/363
f 413/789/389 1014/788/943 1835/800/1642 879/801/822
f 1014/788/943 496/787/469 1005/802/934 1835/800/1642
f 1835/800/1642 1005/802/934 497/803/470 1018/804/947
f 879/801/822 1835/800/1642 1018/804/947 414/805/390
f 400/750/376 1015/793/944 1836/806/1643 866/761/809
f 1015/793/944 483/792/456 992/807/921 1836/806/1643
f 1836/806/1643 992/807/921 484/808/457 1019/809/948
f 866/761/809 1836/806/1643 1019/809/948 401/697/377
f 387/712/363 1017/799/946 1837/810/1644 853/710/796
f 1017/799/946 470/798/443 979/811/908 1837/810/1644
f 1837/810/1644 979/811/908 471/812/444 1020/813/949
f 853/710/796 1837/810/1644 1020/813/949 388/707/364
f 414/805/390 1018/804/947 1838/814/1645 880/815/823
f 1018/804/947 497/803/470 1006/816/935 1838/814/1645
f 1838/814/1645 1006/816/935 498/817/471 1021/818/950
f 880/815/823 1838/814/1645 1021/818/950 415/819/391
f 401/697/377 1019/809/948 1839/820/1646 867/695/810
f 1019/809/948 484/808/457 993/821/922 1839/820/1646
f 1839/820/1646 993/821/922 485/822/458 1022/823/951
f 867/695/810 1839/820/1646 1022/823/951 402/692/378
f 388/707/364 1020/813/949 1840/824/1647 854/722/797
f 1020/813/949 471/812/444 980/825/909 1840/824/1647
f 1840/824/1647 980/825/909 472/826/445 1023/827/952
f 854/722/797 1840/824/1647 1023/827/952 389/719/365
f 415/819/391 1021/818/950 1841/828/1648 881/829/824
f 1021/818/950 498/817/471 1007/830/936 1841/828/1648
f 1841/828/1648 1007/830/936 499/831/472 1024/832/953
f 881/829/824 1841/828/1648 1024/832/953 416/833/392
f 402/692/378 1022/823/951 1842/834/1649 868/835/811
f 1022/823/951 485/822/458 994/836/923 1842/834/1649
f 1842/834/1649 994/836/923 486/837/459 1025/838/954
f 868/835/811 1842/834/1649 1025/838/954 403/839/379
f 389/719/365 1023/827/952 1843/840/1650 855/731/798
f 1023/827/952 472/826/445 981/841/910 1843/840/1650
f 1843/840/1650 981/841/910 473/842/446 1026/843/955
f 855/731/798 1843/840/1650 1026/843/955 390/728/366
f 416/833/392 1024/832/953 1844/844/1651 882/845/825
f 1024/832/953 499/831/472 1008/846/937 1844/844/1651
f 1844/844/1651 1008/846/937 500/847/473 1027/848/956
f 882/845/825 1844/844/1651 1027/848/956 417/849/393
f 403/839/379 1025/838/954 1845/850/1652 869/851/812
f 1025/838/954 486/837/459 995/852/924 1845/850/1652
f 1845/850/1652 995/852/924 487/853/460 1028/854/957
f 869/851/812 1845/850/1652 1028/854/957 404/855/380
f 390/728/366 1026/843/955 1846/856/1653 856/739/799
f 1026/843/955 473/842/446 982/857/911 1846/856/1653
f 1846/856/1653 982/857/911 474/858/447 1029/859/958
f 856/739/799 1846/856/1653 1029/859/958 391/736/367
f 417/849/393 1027/848/956 1847/860/1654 883/861/826
f 1027/848/956 500/847/473 1009/862/938 1847/860/1654
f 1847/860/1654 1009/862/938 469/796/442 1016/794/945
f 883/861/826 1847/860/1654 1016/794/945 386/768/362
f 404/855/380 1028/854/957 1848/863/1655 870/864/813
f 1028/854/957 487/853/460 996/865/925 1848/863/1655
f 1848/863/1655 996/865/925 488/866/461 1030/867/959
f 870/864/813 1848/863/1655 1030/867/959 405/868/381
f 391/736/367 1029/859/958 1849/869/1656 857/747/800
f 1029/859/958 474/858/447 983/870/912 1849/869/1656
f 1849/869/1656 983/870/912 475/871/448 1031/872/960
f 857/747/800 1849/869/1656 1031/872/960 392/744/368
f 405/868/381 1030/867/959 1850/873/1657 871/874/814
f 1030/867/959 488/866/461 997/875/926 1850/873/1657
f 1850/873/1657 997/875/926 489/876/462 1032/877/961
f 871/874/814 1850/873/1657 1032/877/961 406/878/382
f 392/744/368 1031/872/960 1851/879/1658 858/757/801
f 1031/872/960 475/871/448 984/880/913 1851/879/1658
f 1851/879/1658 984/880/913 476/881/449 1033/882/962
f 858/757/801 1851/879/1658 1033/882/962 393/754/369
f 406/878/382 1032/877/961 1852/883/1659 872/884/815
f 1032/877/961 489/876/462 998/885/927 1852/883/1659
f 1852/883/1659 998/885/927 490/886/463 1034/887/963
f 872/884/815 1852/883/1659 1034/887/963 407/888/383
f 393/754/369 1033/882/962 1853/889/1660 859/763/802
f 1033/882/962 476/881/449 985/890/914 1853/889/1660
f 1853/889/1660 985/890/914 477/891/450 1035/892/964
f 859/763/802 1853/889/1660 1035/892/964 394/706/370
f 407/888/383 1034/887/963 1854/893/1661 873/894/816
f 1034/887/963 490/886/463 999/895/928 1854/893/1661
f 1854/893/1661 999/895/928 491/896/464 1036/897/965
f 873/894/816 1854/893/1661 1036/897/965 408/898/384
f 394/706/370 1035/892/964 1855/899/1662 860/701/803
f 1035/892/964 477/891/450 986/900/915 1855/899/1662
f 1855/899/1662 986/900/915 478/901/451 1037/902/966
f 860/701/803 1855/899/1662 1037/902/966 395/698/371
f 408/898/384 1036/897/965 1856/903/1663 874/904/817
f 1036/897/965 491/896/464 1000/905/929 1856/903/1663
f 1856/903/1663 1000/905/929 492/906/465 1038/907/967
f 874/904/817 1856/903/1663 1038/907/967 409/908/385
f 395/698/371 1037/902/966 1857/909/1664 861/716/804
f 1037/902/966 478/901/451 987/910/916 1857/909/1664
f 1857/909/1664 987/910/916 479/911/452 1039/912/968
f 861/716/804 1857/909/1664 1039/912/968 396/713/372
f 409/908/385 1038/907/967 1858/913/1665 875/914/818
f 1038/907/967 492/906/465 1001/915/930 1858/913/1665
f 1858/913/1665 1001/915/930 493/916/466 1040/917/969
f 875/914/818 1858/913/1665 1040/917/969 410/918/386
f 396/713/372 1039/912/968 1859/919/1666 862/726/805
f 1039/912/968 479/911/452 988/920/917 1859/919/1666
f 1859/919/1666 988/920/917 480/921/453 1041/922/970
f 862/726/805 1859/919/1666 1041/922/970 397/723/373
f 410/918/386 1040/917/969 1860/923/1667 876/924/819
f 1040/917/969 493/916/466 1002/925/931 1860/923/1667
f 1860/923/1667 1002/925/931 494/773/467 1010/770/939
f 876/924/819 1860/923/1667 1010/770/939 411/769/387
f 397/723/373 1041/922/970 1861/926/1668 863/735/806
f 1041/922/970 480/921/453 989/927/918 1861/926/1668
f 1861/926/1668 989/927/918 481/780/454 1012/778/941
f 863/735/806 1861/926/1668 1012/778/941 398/732/374
f 533/928/499 1104/929/1018 1862/930/1669 1148/931/1047
f 1104/929/1018 507/932/480 1048/933/977 1862/930/1669
f 1862/930/1669 1048/933/977 508/934/481 1074/935/995
f 1148/931/1047 1862/930/1669 1074/935/995 534/936/500
f 535/937/501 1105/938/1019 1863/939/430 1147/940/430
f 1105/938/1019 521/941/494 1062/942/430 1863/939/430
f 1863/939/430 1062/942/430 522/943/430 1076/944/430
f 1147/940/430 1863/939/430 1076/944/430 536/945/430
f 534/936/500 1074/935/995 1864/946/1670 1146/947/1046
f 1074/935/995 508/934/481 1049/948/978 1864/946/1670
f 1864/946/1670 1049/948/978 509/949/482 1077/950/997
f 1146/947/1046 1864/946/1670 1077/950/997 537/951/502
f 536/945/430 1076/944/430 1865/952/430 1145/953/430
f 1076/944/430 522/943/430 1063/954/430 1865/952/430
f 1865/952/430 1063/954/430 523/955/430 1078/956/430
f 1145/953/430 1865/952/430 1078/956/430 538/957/430
f 537/951/502 1077/950/997 1866/958/1671 1144/959/1045
f 1077/950/997 509/949/482 1050/960/979 1866/958/1671
f 1866/958/1671 1050/960/979 510/961/483 1079/962/998
f 1144/959/1045 1866/958/1671 1079/962/998 539/963/503
f 538/957/430 1078/956/430 1867/964/430 1143/965/430
f 1078/956/430 523/955/430 1064/966/430 1867/964/430
f 1867/964/430 1064/966/430 524/967/430 1080/968/430
f 1143/965/430 1867/964/430 1080/968/430 540/969/430
f 539/963/503 1079/962/998 1868/970/1672 1142/971/1044
f 1079/962/998 510/961/483 1051/972/980 1868/970/1672
f 1868/970/1672 1051/972/980 511/973/484 1081/974/999
f 1142/971/1044 1868/970/1672 1081/974/999 541/975/504
f 540/969/430 1080/968/430 1869/976/430 1141/977/430
f 1080/968/430 524/967/430 1065/978/430 1869/976/430
f 1869/976/430 1065/978/430 525/979/430 1082/980/430
f 1141/977/430 1869/976/430 1082/980/430 542/981/430
f 541/975/504 1081/974/999 1870/982/1673 1140/983/1043
f 1081/974/999 511/973/484 1052/984/981 1870/982/1673
f 1870/982/1673 1052/984/981 512/985/485 1083/986/1000
f 1140/983/1043 1870/982/1673 1083/986/1000 543/987/505
f 542/981/430 1082/980/430 1871/988/430 1139/989/430
f 1082/980/430 525/979/430 1066/990/430 1871/988/430
f 1871/988/430 1066/990/430 526/991/430 1084/992/430
f 1139/989/430 1871/988/430 1084/992/430 544/993/430
f 543/987/505 1083/986/1000 1872/994/1674 1138/995/1042
f 1083/986/1000 512/985/485 1053/996/982 1872/994/1674
f 1872/994/1674 1053/996/982 513/997/486 1085/998/1001
f 1138/995/1042 1872/994/1674 1085/998/1001 545/999/506
f 544/993/430 1084/992/430 1873/1000/430 1137/1001/430
f 1084/992/430 526/991/430 1067/1002/430 1873/1000/430
f 1873/1000/430 1067/1002/430 527/1003/430 1086/1004/430
f 1137/1001/430 1873/1000/430 1086/1004/430 546/1005/430
f 545/999/506 1085/998/1001 1874/1006/1675 1136/1007/1041
f 1085/998/1001 513/997/486 1054/1008/983 1874/1006/1675
f 1874/1006/1675 1054/1008/983 514/1009/487 1087/1010/1002
f 1136/1007/1041 1874/1006/1675 1087/1010/1002 547/1011/507
f 546/1005/430 1086/1004/430 1875/1012/430 1135/1013/430
f 1086/1004/430 527/1003/430 1068/1014/430 1875/1012/430
f 1875/1012/430 1068/1014/430 528/1015/430 1088/1016/430
f 1135/1013/430 1875/1012/430 1088/1016/430 548/1017/430
f 547/1011/507 1087/1010/1002 1876/1018/1676 1134/1019/1040
f 1087/1010/1002 514/1009/487 1055/1020/984 1876/1018/1676
f 1876/1018/1676 1055/1020/984 515/1021/488 1089/1022/1003
f 1134/1019/1040 1876/1018/1676 1089/1022/1003 549/1023/508
f 550/1024/509 1113/1025/1020 1877/1026/1677 1133/1027/1039
f 1113/1025/1020 501/1028/474 1042/1029/971 1877/1026/1677
f 1877/1026/1677 1042/1029/971 502/1030/475 1090/1031/1004
f 1133/1027/1039 1877/1026/1677 1090/1031/1004 551/1032/510
f 548/1017/430 1088/1016/430 1878/1033/430 1132/1034/430
f 1088/1016/430 528/1015/430 1069/1035/430 1878/1033/430
f 1878/1033/430 1069/1035/430 529/1036/495 1091/1037/1005
f 1132/1034/430 1878/1033/430 1091/1037/1005 552/1038/511
f 549/1023/508 1089/1022/1003 1879/1039/1678 1131/1040/1038
f 1089/1022/1003 515/1021/488 1056/1041/985 1879/1039/1678
f 1879/1039/1678 1056/1041/985 516/1042/489 1092/1043/1006
f 1131/1040/1038 1879/1039/1678 1092/1043/1006 553/1044/512
f 551/1032/510 1090/1031/1004 1880/1045/1679 1130/1046/1037
f 1090/1031/1004 502/1030/475 1043/1047/972 1880/1045/1679
f 1880/1045/1679 1043/1047/972 503/1048/476 1093/1049/1007
f 1130/1046/1037 1880/1045/1679 1093/1049/1007 554/1050/513
f 552/1038/511 1091/1037/1005 1881/1051/1680 1129/1052/1036
f 1091/1037/1005 529/1036/495 1070/1053/991 1881/1051/1680
f 1881/1051/1680 1070/1053/991 530/1054/496 1094/1055/1008
f 1129/1052/1036 1881/1051/1680 1094/1055/1008 555/1056/514
f 553/1044/512 1092/1043/1006 1882/1057/1681 1128/1058/1035
f 1092/1043/1006 516/1042/489 1057/1059/986 1882/1057/1681
f 1882/1057/1681 1057/1059/986 517/1060/490 1095/1061/1009
f 1128/1058/1035 1882/1057/1681 1095/1061/1009 556/1062/515
f 554/1050/513 1093/1049/1007 1883/1063/1682 1127/1064/1034
f 1093/1049/1007 503/1048/476 1044/1065/973 1883/1063/1682
f 1883/1063/1682 1044/1065/973 504/1066/477 1096/1067/1010
f 1127/1064/1034 1883/1063/1682 1096/1067/1010 557/1068/516
f 555/1056/514 1094/1055/1008 1884/1069/1683 1126/1070/1033
f 1094/1055/1008 530/1054/496 1071/1071/992 1884/1069/1683
f 1884/1069/1683 1071/1071/992 531/1072/497 1097/1073/1011
f 1126/1070/1033 1884/1069/1683 1097/1073/1011 558/1074/517
f 556/1062/515 1095/1061/1009 1885/1075/1684 1125/1076/1032
f 1095/1061/1009 517/1060/490 1058/1077/987 1885/1075/1684
f 1885/1075/1684 1058/1077/987 518/1078/491 1098/1079/1012
f 1125/1076/1032 1885/1075/1684 1098/1079/1012 559/1080/518
f 557/1068/516 1096/1067/1010 1886/1081/1685 1124/1082/1031
f 1096/1067/1010 504/1066/477 1045/1083/974 1886/1081/1685
f 1886/1081/1685 1045/1083/974 505/1084/478 1099/1085/1013
f 1124/1082/1031 1886/1081/1685 1099/1085/1013 560/1086/519
f 558/1074/517 1097/1073/1011 1887/1087/1686 1123/1088/1030
f 1097/1073/1011 531/1072/497 1072/1089/993 1887/1087/1686
f 1887/1087/1686 1072/1089/993 532/1090/498 1100/1091/1014
f 1123/1088/1030 1887/1087/1686 1100/1091/1014 561/1092/520
f 559/1080/518 1098/1079/1012 1888/1093/1687 1122/1094/1029
f 1098/1079/1012 518/1078/491 1059/1095/988 1888/1093/1687
f 1888/1093/1687 1059/1095/988 519/1096/492 1101/1097/1015
f 1122/1094/1029 1888/1093/1687 1101/1097/1015 562/1098/521
f 560/1086/519 1099/1085/1013 1889/1099/1688 1121/1100/1028
f 1099/1085/1013 505/1084/478 1046/1101/975 1889/1099/1688
f 1889/1099/1688 1046/1101/975 506/1102/479 1102/1103/1016
f 1121/1100/1028 1889/1099/1688 1102/1103/1016 563/1104/522
f 561/1092/520 1100/1091/1014 1890/1105/1689 1120/1106/1027
f 1100/1091/1014 532/1090/498 1073/1107/994 1890/1105/1689
f 1890/1105/1689 1073/1107/994 501/1028/474 1113/1025/1020
f 1120/1106/1027 1890/1105/1689 1113/1025/1020 550/1024/509
f 562/1098/521 1101/1097/1015 1891/1108/1690 1119/1109/1026
f 1101/1097/1015 519/1096/492 1060/1110/989 1891/1108/1690
f 1891/1108/1690 1060/1110/989 520/1111/493 1103/1112/1017
f 1119/1109/1026 1891/1108/1690 1103/1112/1017 564/1113/523
f 563/1104/522 1102/1103/1016 1892/1114/1691 1118/1115/1025
f 1102/1103/1016 506/1102/479 1047/1116/976 1892/1114/1691
f 1892/1114/1691 1047/1116/976 507/932/480 1104/929/1018
f 1118/1115/1025 1892/1114/1691 1104/929/1018 533/928/499
f 564/1113/523 1103/1112/1017 1893/1117/1692 1117/1118/1024
f 1103/1112/1017 520/1111/493 1061/1119/990 1893/1117/1692
f 1893/1117/1692 1061/1119/990 521/941/494 1105/938/1019
f 1117/1118/1024 1893/1117/1692 1105/938/1019 535/937/501
f 488/866/461 1116/1120/1023 1894/1121/1693 997/875/926
f 1116/1120/1023 564/1113/523 1117/1118/1024 1894/1121/1693
f 1894/1121/1693 1117/1118/1024 535/937/501 1075/1122/996
f 997/875/926 1894/1121/1693 1075/1122/996 489/876/462
f 497/803/470 1114/1123/1021 1895/1124/1694 1006/816/935
f 1114/1123/1021 552/1038/511 1129/1052/1036 1895/1124/1694
f 1895/1124/1694 1129/1052/1036 555/1056/514 1115/1125/1022
f 1006/816/935 1895/1124/1694 1115/1125/1022 498/817/471
f 496/787/469 1112/1126/430 1896/1127/430 1005/802/934
f 1112/1126/430 548/1017/430 1132/1034/430 1896/1127/430
f 1896/1127/430 1132/1034/430 552/1038/511 1114/1123/1021
f 1005/802/934 1896/1127/430 1114/1123/1021 497/803/470
f 495/775/468 1111/1128/430 1897/1129/430 1004/786/933
f 1111/1128/430 546/1005/430 1135/1013/430 1897/1129/430
f 1897/1129/430 1135/1013/430 548/1017/430 1112/1126/430
f 1004/786/933 1897/1129/430 1112/1126/430 496/787/469
f 494/773/467 1110/1130/430 1898/1131/430 1003/774/932
f 1110/1130/430 544/993/430 1137/1001/430 1898/1131/430
f 1898/1131/430 1137/1001/430 546/1005/430 1111/1128/430
f 1003/774/932 1898/1131/430 1111/1128/430 495/775/468
f 493/916/466 1109/1132/430 1899/1133/430 1002/925/931
f 1109/1132/430 542/981/430 1139/989/430 1899/1133/430
f 1899/1133/430 1139/989/430 544/993/430 1110/1130/430
f 1002/925/931 1899/1133/430 1110/1130/430 494/773/467
f 492/906/465 1108/1134/430 1900/1135/430 1001/915/930
f 1108/1134/430 540/969/430 1141/977/430 1900/1135/430
f 1900/1135/430 1141/977/430 542/981/430 1109/1132/430
f 1001/915/930 1900/1135/430 1109/1132/430 493/916/466
f 491/896/464 1107/1136/430 1901/1137/430 1000/905/929
f 1107/1136/430 538/957/430 1143/965/430 1901/1137/430
f 1901/1137/430 1143/965/430 540/969/430 1108/1134/430
f 1000/905/929 1901/1137/430 1108/1134/430 492/906/465
f 490/886/463 1106/1138/430 1902/1139/430 999/895/928
f 1106/1138/430 536/945/430 1145/953/430 1902/1139/430
f 1902/1139/430 1145/953/430 538/957/430 1107/1136/430
f 999/895/928 1902/1139/430 1107/1136/430 491/896/464
f 489/876/462 1075/1122/996 1903/1140/430 998/885/927
f 1075/1122/996 535/937/501 1147/940/430 1903/1140/430
f 1903/1140/430 1147/940/430 536/945/430 1106/1138/430
f 998/885/927 1903/1140/430 1106/1138/430 490/886/463
f 529/1036/495 1069/1035/430 1904/1141/430 1149/1142/524
f 1069/1035/430 528/1015/430 1068/1014/430 1904/1141/430
f 1904/1141/430 1068/1014/430 527/1003/430 1150/1143/430
f 1149/1142/524 1904/1141/430 1150/1143/430 565/1144/524
f 565/1144/524 1150/1143/430 1905/1145/430 1151/1146/430
f 1150/1143/430 527/1003/430 1067/1002/430 1905/1145/430
f 1905/1145/430 1067/1002/430 526/991/430 1066/990/430
f 1151/1146/430 1905/1145/430 1066/990/430 525/979/430
f 530/1054/496 1070/1053/991 1906/1147/430 1152/1148/430
f 1070/1053/991 529/1036/495 1149/1142/524 1906/1147/430
f 1906/1147/430 1149/1142/524 565/1144/524 1153/1149/524
f 1152/1148/430 1906/1147/430 1153/1149/524 566/1150/430
f 566/1150/430 1153/1149/524 1907/1151/430 1154/1152/430
f 1153/1149/524 565/1144/524 1151/1146/430 1907/1151/430
f 1907/1151/430 1151/1146/430 525/979/430 1065/978/430
f 1154/1152/430 1907/1151/430 1065/978/430 524/967/430
f 531/1072/497 1071/1071/992 1908/1153/430 1155/1154/430
f 1071/1071/992 530/1054/496 1152/1148/430 1908/1153/430
f 1908/1153/430 1152/1148/430 566/1150/430 1156/1155/430
f 1155/1154/430 1908/1153/430 1156/1155/430 567/1156/430
f 567/1156/430 1156/1155/430 1909/1157/430 1157/1158/430
f 1156/1155/430 566/1150/430 1154/1152/430 1909/1157/430
f 1909/1157/430 1154/1152/430 524/967/430 1064/966/430
f 1157/1158/430 1909/1157/430 1064/966/430 523/955/430
f 532/1090/498 1072/1089/993 1910/1159/430 1158/1160/430
f 1072/1089/993 531/1072/497 1155/1154/430 1910/1159/430
f 1910/1159/430 1155/1154/430 567/1156/430 1159/1161/430
f 1158/1160/430 1910/1159/430 1159/1161/430 568/1162/430
f 568/1162/430 1159/1161/430 1911/1163/430 1160/1164/430
f 1159/1161/430 567/1156/430 1157/1158/430 1911/1163/430
f 1911/1163/430 1157/1158/430 523/955/430 1063/954/430
f 1160/1164/430 1911/1163/430 1063/954/430 522/943/430
f 501/1028/474 1073/1107/994 1912/1165/430 1161/1166/430
f 1073/1107/994 532/1090/498 1158/1160/430 1912/1165/430
f 1912/1165/430 1158/1160/430 568/1162/430 1162/1167/430
f 1161/1166/430 1912/1165/430 1162/1167/430 569/1168/430
f 569/1168/430 1162/1167/430 1913/1169/430 1163/1170/430
f 1162/1167/430 568/1162/430 1160/1164/430 1913/1169/430
f 1913/1169/430 1160/1164/430 522/943/430 1062/942/430
f 1163/1170/430 1913/1169/430 1062/942/430 521/941/494
f 502/1030/475 1042/1029/971 1914/1171/430 1164/1172/430
f 1042/1029/971 501/1028/474 1161/1166/430 1914/1171/430
f 1914/1171/430 1161/1166/430 569/1168/430 1165/1173/430
f 1164/1172/430 1914/1171/430 1165/1173/430 570/1174/430
f 570/1174/430 1165/1173/430 1915/1175/430 1166/1176/430
f 1165/1173/430 569/1168/430 1163/1170/430 1915/1175/430
f 1915/1175/430 1163/1170/430 521/941/494 1061/1119/990
f 1166/1176/430 1915/1175/430 1061/1119/990 520/1111/493
f 503/1048/476 1043/1047/972 1916/1177/430 1167/1178/430
f 1043/1047/972 502/1030/475 1164/1172/430 1916/1177/430
f 1916/1177/430 1164/1172/430 570/1174/430 1168/1179/430
f 1167/1178/430 1916/1177/430 1168/1179/430 571/1180/430
f 571/1180/430 1168/1179/430 1917/1181/430 1169/1182/430
f 1168/1179/430 570/1174/430 1166/1176/430 1917/1181/430
f 1917/1181/430 1166/1176/430 520/1111/493 1060/1110/989
f 1169/1182/430 1917/1181/430 1060/1110/989 519/1096/492
f 504/1066/477 1044/1065/973 1918/1183/430 1170/1184/430
f 1044/1065/973 503/1048/476 1167/1178/430 1918/1183/430
f 1918/1183/430 1167/1178/430 571/1180/430 1171/1185/430
f 1170/1184/430 1918/1183/430 1171/1185/430 572/1186/430
f 572/1186/430 1171/1185/430 1919/1187/430 1172/1188/430
f 1171/1185/430 571/1180/430 1169/1182/430 1919/1187/430
f 1919/1187/430 1169/1182/430 519/1096/492 1059/1095/988
f 1172/1188/430 1919/1187/430 1059/1095/988 518/1078/491
f 505/1084/478 1045/1083/974 1920/1189/430 1173/1190/430
f 1045/1083/974 504/1066/477 1170/1184/430 1920/1189/430
f 1920/1189/430 1170/1184/430 572/1186/430 1174/1191/430
f 1173/1190/430 1920/1189/430 1174/1191/430 573/1192/430
f 573/1192/430 1174/1191/430 1921/1193/430 1175/1194/430
f 1174/1191/430 572/1186/430 1172/1188/430 1921/1193/430
f 1921/1193/430 1172/1188/430 518/1078/491 1058/1077/987
f 1175/1194/430 1921/1193/430 1058/1077/987 517/1060/490
f 506/1102/479 1046/1101/975 1922/1195/430 1176/1196/430
f 1046/1101/975 505/1084/478 1173/1190/430 1922/1195/430
f 1922/1195/430 1173/1190/430 573/1192/430 1177/1197/430
f 1176/1196/430 1922/1195/430 1177/1197/430 574/1198/430
f 574/1198/430 1177/1197/430 1923/1199/430 1178/1200/430
f 1177/1197/430 573/1192/430 1175/1194/430 1923/1199/430
f 1923/1199/430 1175/1194/430 517/1060/490 1057/1059/986
f 1178/1200/430 1923/1199/430 1057/1059/986 516/1042/489
f 507/932/480 1047/1116/976 1924/1201/430 1179/1202/430
f 1047/1116/976 506/1102/479 1176/1196/430 1924/1201/430
f 1924/1201/430 1176/1196/430 574/1198/430 1180/1203/430
f 1179/1202/430 1924/1201/430 1180/1203/430 575/1204/430
f 575/1204/430 1180/1203/430 1925/1205/430 1181/1206/430
f 1180/1203/430 574/1198/430 1178/1200/430 1925/1205/430
f 1925/1205/430 1178/1200/430 516/1042/489 1056/1041/985
f 1181/1206/430 1925/1205/430 1056/1041/985 515/1021/488
f 508/934/481 1048/933/977 1926/1207/430 1182/1208/430
f 1048/933/977 507/932/480 1179/1202/430 1926/1207/430
f 1926/1207/430 1179/1202/430 575/1204/430 1183/1209/430
f 1182/1208/430 1926/1207/430 1183/1209/430 576/1210/430
f 576/1210/430 1183/1209/430 1927/1211/430 1184/1212/430
f 1183/1209/430 575/1204/430 1181/1206/430 1927/1211/430
f 1927/1211/430 1181/1206/430 515/1021/488 1055/1020/984
f 1184/1212/430 1927/1211/430 1055/1020/984 514/1009/487
f 509/949/482 1049/948/978 1928/1213/430 1185/1214/430
f 1049/948/978 508/934/481 1182/1208/430 1928/1213/430
f 1928/1213/430 1182/1208/430 576/1210/430 1186/1215/430
f 1185/1214/430 1928/1213/430 1186/1215/430 577/1216/525
f 577/1216/525 1186/1215/430 1929/1217/430 1187/1218/430
f 1186/1215/430 576/1210/430 1184/1212/430 1929/1217/430
f 1929/1217/430 1184/1212/430 514/1009/487 1054/1008/983
f 1187/1218/430 1929/1217/430 1054/1008/983 513/997/486
f 510/961/483 1050/960/979 1930/1219/430 1051/972/980
f 1050/960/979 509/949/482 1185/1214/430 1930/1219/430
f 1930/1219/430 1185/1214/430 577/1216/525 1188/1220/430
f 1051/972/980 1930/1219/430 1188/1220/430 511/973/484
f 511/973/484 1188/1220/430 1931/1221/430 1052/984/981
f 1188/1220/430 577/1216/525 1187/1218/430 1931/1221/430
f 1931/1221/430 1187/1218/430 513/997/486 1053/996/982
f 1052/984/981 1931/1221/430 1053/996/982 512/985/485
f 645/1222/589 1285/1223/1140 1932/1224/1695 1255/1225/1110
f 1285/1223/1140 627/1226/575 1237/1227/1096 1932/1224/1695
f 1932/1224/1695 1237/1227/1096 625/1228/573 1236/1229/1095
f 1255/1225/1110 1932/1224/1695 1236/1229/1095 626/1230/574
f 646/1231/590 1284/1232/1139 1933/1233/1696 1256/1234/1111
f 1284/1232/1139 629/1235/577 1239/1236/1098 1933/1233/1696
f 1933/1233/1696 1239/1236/1098 618/1237/566 1229/1238/1088
f 1256/1234/1111 1933/1233/1696 1229/1238/1088 619/1239/567
f 648/1240/592 1283/1241/1138 1934/1242/1697 1258/1243/1113
f 1283/1241/1138 631/1244/579 1241/1245/1100 1934/1242/1697
f 1934/1242/1697 1241/1245/1100 610/1246/558 1222/1247/1081
f 1258/1243/1113 1934/1242/1697 1222/1247/1081 612/1248/560
f 649/1249/593 1282/1250/1137 1935/1251/1698 1259/1252/1114
f 1282/1250/1137 646/1231/590 1256/1234/1111 1935/1251/1698
f 1935/1251/1698 1256/1234/1111 619/1239/567 1230/1253/1089
f 1259/1252/1114 1935/1251/1698 1230/1253/1089 620/1254/568
f 650/1255/594 1281/1256/1136 1936/1257/1699 1260/1258/1115
f 1281/1256/1136 648/1240/592 1258/1243/1113 1936/1257/1699
f 1936/1257/1699 1258/1243/1113 612/1248/560 1223/1259/1082
f 1260/1258/1115 1936/1257/1699 1223/1259/1082 613/1260/561
f 651/1261/595 1280/1262/1135 1937/1263/1700 1261/1264/1116
f 1280/1262/1135 649/1249/593 1259/1252/1114 1937/1263/1700
f 1937/1263/1700 1259/1252/1114 620/1254/568 1231/1265/1090
f 1261/1264/1116 1937/1263/1700 1231/1265/1090 621/1266/569
f 652/1267/596 1279/1268/1134 1938/1269/1701 1262/1270/1117
f 1279/1268/1134 650/1255/594 1260/1258/1115 1938/1269/1701
f 1938/1269/1701 1260/1258/1115 613/1260/561 1224/1271/1083
f 1262/1270/1117 1938/1269/1701 1224/1271/1083 614/1272/562
f 653/1273/597 1278/1274/1133 1939/1275/1702 1263/1276/1118
f 1278/1274/1133 651/1261/595 1261/1264/1116 1939/1275/1702
f 1939/1275/1702 1261/1264/1116 621/1266/569 1232/1277/1091
f 1263/1276/1118 1939/1275/1702 1232/1277/1091 622/1278/570
f 654/1279/598 1277/1280/1132 1940/1281/1703 1264/1282/1119
f 1277/1280/1132 652/1267/596 1262/1270/1117 1940/1281/1703
f 1940/1281/1703 1262/1270/1117 614/1272/562 1225/1283/1084
f 1264/1282/1119 1940/1281/1703 1225/1283/1084 615/1284/563
f 655/1285/599 1276/1286/1131 1941/1287/1704 1265/1288/1120
f 1276/1286/1131 653/1273/597 1263/1276/1118 1941/1287/1704
f 1941/1287/1704 1263/1276/1118 622/1278/570 1233/1289/1092
f 1265/1288/1120 1941/1287/1704 1233/1289/1092 623/1290/571
f 656/1291/600 1275/1292/1130 1942/1293/1705 1266/1294/1121
f 1275/1292/1130 654/1279/598 1264/1282/1119 1942/1293/1705
f 1942/1293/1705 1264/1282/1119 615/1284/563 1226/1295/1085
f 1266/1294/1121 1942/1293/1705 1226/1295/1085 616/1296/564
f 657/1297/601 1274/1298/1129 1943/1299/1706 1267/1300/1122
f 1274/1298/1129 655/1285/599 1265/1288/1120 1943/1299/1706
f 1943/1299/1706 1265/1288/1120 623/1290/571 1234/1301/1093
f 1267/1300/1122 1943/1299/1706 1234/1301/1093 624/1302/572
f 658/1303/602 1273/1304/1128 1944/1305/1707 1268/1306/1123
f 1273/1304/1128 656/1291/600 1266/1294/1121 1944/1305/1707
f 1944/1305/1707 1266/1294/1121 616/1296/564 1227/1307/1086
f 1268/1306/1123 1944/1305/1707 1227/1307/1086 617/1308/565
f 627/1226/575 1272/1309/1127 1945/1310/1708 1237/1227/1096
f 1272/1309/1127 657/1297/601 1267/1300/1122 1945/1310/1708
f 1945/1310/1708 1267/1300/1122 624/1302/572 1235/1311/1094
f 1237/1227/1096 1945/1310/1708 1235/1311/1094 625/1228/573
f 629/1235/577 1271/1312/1126 1946/1313/1709 1239/1236/1098
f 1271/1312/1126 658/1303/602 1268/1306/1123 1946/1313/1709
f 1946/1313/1709 1268/1306/1123 617/1308/565 1228/1314/1087
f 1239/1236/1098 1946/1313/1709 1228/1314/1087 618/1237/566
f 631/1244/579 1270/1315/1125 1947/1316/1710 1241/1245/1100
f 1270/1315/1125 643/1317/587 1253/1318/1108 1947/1316/1710
f 1947/1316/1710 1253/1318/1108 611/1319/559 1221/1320/1080
f 1241/1245/1100 1947/1316/1710 1221/1320/1080 610/1246/558
f 647/1321/591 1314/1322/1159 1948/1323/1711 1257/1324/1112
f 1314/1322/1159 659/1325/603 1269/1326/1124 1948/1323/1711
f 1948/1323/1711 1269/1326/1124 643/1317/587 1270/1315/1125
f 1257/1324/1112 1948/1323/1711 1270/1315/1125 631/1244/579
f 644/1327/588 1312/1328/361 1949/1329/361 1254/1330/1109
f 1312/1328/361 641/1331/361 1294/1332/361 1949/1329/361
f 1949/1329/361 1294/1332/361 657/1297/601 1272/1309/1127
f 1254/1330/1109 1949/1329/361 1272/1309/1127 627/1226/575
f 641/1331/361 1310/1333/361 1950/1334/361 1294/1332/361
f 1310/1333/361 639/1335/361 1293/1336/361 1950/1334/361
f 1950/1334/361 1293/1336/361 655/1285/599 1274/1298/1129
f 1294/1332/361 1950/1334/361 1274/1298/1129 657/1297/601
f 639/1335/361 1308/1337/361 1951/1338/361 1293/1336/361
f 1308/1337/361 637/1339/583 1291/1340/1144 1951/1338/361
f 1951/1338/361 1291/1340/1144 653/1273/597 1276/1286/1131
f 1293/1336/361 1951/1338/361 1276/1286/1131 655/1285/599
f 638/1341/584 1307/1342/1155 1952/1343/1712 1292/1344/1145
f 1307/1342/1155 636/1345/582 1290/1346/1143 1952/1343/1712
f 1952/1343/1712 1290/1346/1143 652/1267/596 1277/1280/1132
f 1292/1344/1145 1952/1343/1712 1277/1280/1132 654/1279/598
f 637/1339/583 1306/1347/1154 1953/1348/1713 1291/1340/1144
f 1306/1347/1154 635/1349/581 1289/1350/1142 1953/1348/1713
f 1953/1348/1713 1289/1350/1142 651/1261/595 1278/1274/1133
f 1291/1340/1144 1953/1348/1713 1278/1274/1133 653/1273/597
f 636/1345/582 1305/1351/361 1954/1352/361 1290/1346/1143
f 1305/1351/361 634/1353/361 1288/1354/361 1954/1352/361
f 1954/1352/361 1288/1354/361 650/1255/594 1279/1268/1134
f 1290/1346/1143 1954/1352/361 1279/1268/1134 652/1267/596
f 634/1353/361 1303/1355/361 1955/1356/361 1288/1354/361
f 1303/1355/361 632/1357/361 1287/1358/361 1955/1356/361
f 1955/1356/361 1287/1358/361 648/1240/592 1281/1256/1136
f 1288/1354/361 1955/1356/361 1281/1256/1136 650/1255/594
f 632/1357/361 1301/1359/361 1956/1360/361 1287/1358/361
f 1301/1359/361 647/1321/591 1257/1324/1112 1956/1360/361
f 1956/1360/361 1257/1324/1112 631/1244/579 1283/1241/1138
f 1287/1358/361 1956/1360/361 1283/1241/1138 648/1240/592
f 628/1361/576 1299/1362/1150 1957/1363/1714 1286/1364/1141
f 1299/1362/1150 644/1327/588 1254/1330/1109 1957/1363/1714
f 1957/1363/1714 1254/1330/1109 627/1226/575 1285/1223/1140
f 1286/1364/1141 1957/1363/1714 1285/1223/1140 645/1222/589
f 594/1365/542 1204/1366/1063 1958/1367/1715 1238/1368/1097
f 1204/1366/1063 593/1369/541 1295/1370/1146 1958/1367/1715
f 1958/1367/1715 1295/1370/1146 644/1327/588 1299/1362/1150
f 1238/1368/1097 1958/1367/1715 1299/1362/1150 628/1361/576
f 587/1371/535 1197/1372/1056 1959/1373/1716 1240/1374/1099
f 1197/1372/1056 586/1375/534 1296/1376/1147 1959/1373/1716
f 1959/1373/1716 1296/1376/1147 660/1377/604 1300/1378/1151
f 1240/1374/1099 1959/1373/1716 1300/1378/1151 630/1379/578
f 580/1380/528 1190/1381/1049 1960/1382/361 1242/1383/361
f 1190/1381/1049 578/1384/526 1297/1385/1148 1960/1382/361
f 1960/1382/361 1297/1385/1148 647/1321/591 1301/1359/361
f 1242/1383/361 1960/1382/361 1301/1359/361 632/1357/361
f 588/1386/536 1198/1387/1057 1961/1388/1717 1243/1389/1101
f 1198/1387/1057 587/1371/535 1240/1374/1099 1961/1388/1717
f 1961/1388/1717 1240/1374/1099 630/1379/578 1302/1390/1152
f 1243/1389/1101 1961/1388/1717 1302/1390/1152 633/1391/580
f 581/1392/529 1191/1393/1050 1962/1394/361 1244/1395/361
f 1191/1393/1050 580/1380/528 1242/1383/361 1962/1394/361
f 1962/1394/361 1242/1383/361 632/1357/361 1303/1355/361
f 1244/1395/361 1962/1394/361 1303/1355/361 634/1353/361
f 589/1396/537 1199/1397/1058 1963/1398/1718 1245/1399/1102
f 1199/1397/1058 588/1386/536 1243/1389/1101 1963/1398/1718
f 1963/1398/1718 1243/1389/1101 633/1391/580 1304/1400/1153
f 1245/1399/1102 1963/1398/1718 1304/1400/1153 635/1349/581
f 582/1401/530 1192/1402/1051 1964/1403/361 1246/1404/1103
f 1192/1402/1051 581/1392/529 1244/1395/361 1964/1403/361
f 1964/1403/361 1244/1395/361 634/1353/361 1305/1351/361
f 1246/1404/1103 1964/1403/361 1305/1351/361 636/1345/582
f 590/1405/538 1200/1406/1059 1965/1407/1719 1247/1408/1104
f 1200/1406/1059 589/1396/537 1245/1399/1102 1965/1407/1719
f 1965/1407/1719 1245/1399/1102 635/1349/581 1306/1347/1154
f 1247/1408/1104 1965/1407/1719 1306/1347/1154 637/1339/583
f 583/1409/531 1193/1410/1052 1966/1411/1720 1248/1412/1105
f 1193/1410/1052 582/1401/530 1246/1404/1103 1966/1411/1720
f 1966/1411/1720 1246/1404/1103 636/1345/582 1307/1342/1155
f 1248/1412/1105 1966/1411/1720 1307/1342/1155 638/1341/584
f 591/1413/539 1201/1414/1060 1967/1415/361 1249/1416/361
f 1201/1414/1060 590/1405/538 1247/1408/1104 1967/1415/361
f 1967/1415/361 1247/1408/1104 637/1339/583 1308/1337/361
f 1249/1416/361 1967/1415/361 1308/1337/361 639/1335/361
f 584/1417/532 1194/1418/1053 1968/1419/1721 1250/1420/1106
f 1194/1418/1053 583/1409/531 1248/1412/1105 1968/1419/1721
f 1968/1419/1721 1248/1412/1105 638/1341/584 1309/1421/1156
f 1250/1420/1106 1968/1419/1721 1309/1421/1156 640/1422/585
f 592/1423/540 1202/1424/1061 1969/1425/361 1251/1426/361
f 1202/1424/1061 591/1413/539 1249/1416/361 1969/1425/361
f 1969/1425/361 1249/1416/361 639/1335/361 1310/1333/361
f 1251/1426/361 1969/1425/361 1310/1333/361 641/1331/361
f 585/1427/533 1195/1428/1054 1970/1429/1722 1252/1430/1107
f 1195/1428/1054 584/1417/532 1250/1420/1106 1970/1429/1722
f 1970/1429/1722 1250/1420/1106 640/1422/585 1311/1431/1157
f 1252/1430/1107 1970/1429/1722 1311/1431/1157 642/1432/586
f 593/1369/541 1203/1433/1062 1971/1434/361 1295/1370/1146
f 1203/1433/1062 592/1423/540 1251/1426/361 1971/1434/361
f 1971/1434/361 1251/1426/361 641/1331/361 1312/1328/361
f 1295/1370/1146 1971/1434/361 1312/1328/361 644/1327/588
f 586/1375/534 1196/1435/1055 1972/1436/1723 1296/1376/1147
f 1196/1435/1055 585/1427/533 1252/1430/1107 1972/1436/1723
f 1972/1436/1723 1252/1430/1107 642/1432/586 1313/1437/1158
f 1296/1376/1147 1972/1436/1723 1313/1437/1158 660/1377/604
f 578/1384/526 1189/1438/1048 1973/1439/1724 1297/1385/1148
f 1189/1438/1048 579/1440/527 1298/1441/1149 1973/1439/1724
f 1973/1439/1724 1298/1441/1149 659/1325/603 1314/1322/1159
f 1297/1385/1148 1973/1439/1724 1314/1322/1159 647/1321/591
f 603/1442/551 1214/1443/1073 1974/1444/1725 1347/1445/1192
f 1214/1443/1073 604/1446/552 1348/1447/1193 1974/1444/1725
f 1974/1444/1725 1348/1447/1193 687/1448/631 1340/1449/1185
f 1347/1445/1192 1974/1444/1725 1340/1449/1185 686/1450/630
f 590/1405/538 1201/1414/1060 1975/1451/1726 1349/1452/1194
f 1201/1414/1060 591/1413/539 1350/1453/1195 1975/1451/1726
f 1975/1451/1726 1350/1453/1195 674/1454/618 1327/1455/1172
f 1349/1452/1194 1975/1451/1726 1327/1455/1172 673/1456/617
f 604/1446/552 1215/1457/1074 1976/1458/1727 1348/1447/1193
f 1215/1457/1074 605/1459/553 1351/1460/1196 1976/1458/1727
f 1976/1458/1727 1351/1460/1196 688/1461/632 1341/1462/1186
f 1348/1447/1193 1976/1458/1727 1341/1462/1186 687/1448/631
f 591/1413/539 1202/1424/1061 1977/1463/1728 1350/1453/1195
f 1202/1424/1061 592/1423/540 1352/1464/1197 1977/1463/1728
f 1977/1463/1728 1352/1464/1197 675/1465/619 1328/1466/1173
f 1350/1453/1195 1977/1463/1728 1328/1466/1173 674/1454/618
f 579/1440/527 1189/1438/1048 1978/1467/1729 1353/1468/1198
f 1189/1438/1048 578/1384/526 1354/1469/1199 1978/1467/1729
f 1978/1467/1729 1354/1469/1199 661/1470/605 1315/1471/1160
f 1353/1468/1198 1978/1467/1729 1315/1471/1160 662/1472/606
f 605/1459/553 1216/1473/1075 1979/1474/1730 1351/1460/1196
f 1216/1473/1075 606/1475/554 1355/1476/1200 1979/1474/1730
f 1979/1474/1730 1355/1476/1200 689/1477/633 1342/1478/1187
f 1351/1460/1196 1979/1474/1730 1342/1478/1187 688/1461/632
f 592/1423/540 1203/1433/1062 1980/1479/1731 1352/1464/1197
f 1203/1433/1062 593/1369/541 1356/1480/1201 1980/1479/1731
f 1980/1479/1731 1356/1480/1201 676/1481/620 1329/1482/1174
f 1352/1464/1197 1980/1479/1731 1329/1482/1174 675/1465/619
f 578/1384/526 1190/1381/1049 1981/1483/1732 1354/1469/1199
f 1190/1381/1049 580/1380/528 1357/1484/1202 1981/1483/1732
f 1981/1483/1732 1357/1484/1202 663/1485/607 1316/1486/1161
f 1354/1469/1199 1981/1483/1732 1316/1486/1161 661/1470/605
f 606/1475/554 1217/1487/1076 1982/1488/1733 1355/1476/1200
f 1217/1487/1076 607/1489/555 1358/1490/1203 1982/1488/1733
f 1982/1488/1733 1358/1490/1203 690/1491/634 1343/1492/1188
f 1355/1476/1200 1982/1488/1733 1343/1492/1188 689/1477/633
f 593/1369/541 1204/1366/1063 1983/1493/1734 1356/1480/1201
f 1204/1366/1063 594/1365/542 1359/1494/1204 1983/1493/1734
f 1983/1493/1734 1359/1494/1204 677/1495/621 1330/1496/1175
f 1356/1480/1201 1983/1493/1734 1330/1496/1175 676/1481/620
f 580/1380/528 1191/1393/1050 1984/1497/1735 1357/1484/1202
f 1191/1393/1050 581/1392/529 1360/1498/1205 1984/1497/1735
f 1984/1497/1735 1360/1498/1205 664/1499/608 1317/1500/1162
f 1357/1484/1202 1984/1497/1735 1317/1500/1162 663/1485/607
f 607/1489/555 1218/1501/1077 1985/1502/1736 1358/1490/1203
f 1218/1501/1077 608/1503/556 1361/1504/1206 1985/1502/1736
f 1985/1502/1736 1361/1504/1206 691/1505/635 1344/1506/1189
f 1358/1490/1203 1985/1502/1736 1344/1506/1189 690/1491/634
f 594/1365/542 1205/1507/1064 1986/1508/1737 1359/1494/1204
f 1205/1507/1064 595/1509/543 1362/1510/1207 1986/1508/1737
f 1986/1508/1737 1362/1510/1207 678/1511/622 1331/1512/1176
f 1359/1494/1204 1986/1508/1737 1331/1512/1176 677/1495/621
f 581/1392/529 1192/1402/1051 1987/1513/1738 1360/1498/1205
f 1192/1402/1051 582/1401/530 1363/1514/1208 1987/1513/1738
f 1987/1513/1738 1363/1514/1208 665/1515/609 1318/1516/1163
f 1360/1498/1205 1987/1513/1738 1318/1516/1163 664/1499/608
f 608/1503/556 1219/1517/1078 1988/1518/1739 1361/1504/1206
f 1219/1517/1078 609/1519/557 1364/1520/1209 1988/1518/1739
f 1988/1518/1739 1364/1520/1209 692/1521/636 1345/1522/1190
f 1361/1504/1206 1988/1518/1739 1345/1522/1190 691/1505/635
f 595/1509/543 1206/1523/1065 1989/1524/1740 1362/1510/1207
f 1206/1523/1065 596/1525/544 1365/1526/1210 1989/1524/1740
f 1989/1524/1740 1365/1526/1210 679/1527/623 1332/1528/1177
f 1362/1510/1207 1989/1524/1740 1332/1528/1177 678/1511/622
f 582/1401/530 1193/1410/1052 1990/1529/1741 1363/1514/1208
f 1193/1410/1052 583/1409/531 1366/1530/1211 1990/1529/1741
f 1990/1529/1741 1366/1530/1211 666/1531/610 1319/1532/1164
f 1363/1514/1208 1990/1529/1741 1319/1532/1164 665/1515/609
f 609/1519/557 1220/1533/1079 1991/1534/1742 1364/1520/1209
f 1220/1533/1079 579/1440/527 1353/1468/1198 1991/1534/1742
f 1991/1534/1742 1353/1468/1198 662/1472/606 1346/1535/1191
f 1364/1520/1209 1991/1534/1742 1346/1535/1191 692/1521/636
f 596/1525/544 1207/1536/1066 1992/1537/1743 1365/1526/1210
f 1207/1536/1066 597/1538/545 1367/1539/1212 1992/1537/1743
f 1992/1537/1743 1367/1539/1212 680/1540/624 1333/1541/1178
f 1365/1526/1210 1992/1537/1743 1333/1541/1178 679/1527/623
f 583/1409/531 1194/1418/1053 1993/1542/1744 1366/1530/1211
f 1194/1418/1053 584/1417/532 1368/1543/1213 1993/1542/1744
f 1993/1542/1744 1368/1543/1213 667/1544/611 1320/1545/1165
f 1366/1530/1211 1993/1542/1744 1320/1545/1165 666/1531/610
f 597/1538/545 1208/1546/1067 1994/1547/1745 1367/1539/1212
f 1208/1546/1067 598/1548/546 1369/1549/1214 1994/1547/1745
f 1994/1547/1745 1369/1549/1214 681/1550/625 1334/1551/1179
f 1367/1539/1212 1994/1547/1745 1334/1551/1179 680/1540/624
f 584/1417/532 1195/1428/1054 1995/1552/1746 1368/1543/1213
f 1195/1428/1054 585/1427/533 1370/1553/1215 1995/1552/1746
f 1995/1552/1746 1370/1553/1215 668/1554/612 1321/1555/1166
f 1368/1543/1213 1995/1552/1746 1321/1555/1166 667/1544/611
f 598/1548/546 1209/1556/1068 1996/1557/1747 1369/1549/1214
f 1209/1556/1068 599/1558/547 1371/1559/1216 1996/1557/1747
f 1996/1557/1747 1371/1559/1216 682/1560/626 1335/1561/1180
f 1369/1549/1214 1996/1557/1747 1335/1561/1180 681/1550/625
f 585/1427/533 1196/1435/1055 1997/1562/1748 1370/1553/1215
f 1196/1435/1055 586/1375/534 1372/1563/1217 1997/1562/1748
f 1997/1562/1748 1372/1563/1217 669/1564/613 1322/1565/1167
f 1370/1553/1215 1997/1562/1748 1322/1565/1167 668/1554/612
f 599/1558/547 1210/1566/1069 1998/1567/1749 1371/1559/1216
f 1210/1566/1069 600/1568/548 1373/1569/1218 1998/1567/1749
f 1998/1567/1749 1373/1569/1218 683/1570/627 1336/1571/1181
f 1371/1559/1216 1998/1567/1749 1336/1571/1181 682/1560/626
f 586/1375/534 1197/1372/1056 1999/1572/1750 1372/1563/1217
f 1197/1372/1056 587/1371/535 1374/1573/1219 1999/1572/1750
f 1999/1572/1750 1374/1573/1219 670/1574/614 1323/1575/1168
f 1372/1563/1217 1999/1572/1750 1323/1575/1168 669/1564/613
f 600/1568/548 1211/1576/1070 2000/1577/1751 1373/1569/1218
f 1211/1576/1070 601/1578/549 1375/1579/1220 2000/1577/1751
f 2000/1577/1751 1375/1579/1220 684/1580/628 1337/1581/1182
f 1373/1569/1218 2000/1577/1751 1337/1581/1182 683/1570/627
f 587/1371/535 1198/1387/1057 2001/1582/1752 1374/1573/1219
f 1198/1387/1057 588/1386/536 1376/1583/1221 2001/1582/1752
f 2001/1582/1752 1376/1583/1221 671/1584/615 1324/1585/1169
f 1374/1573/1219 2001/1582/1752 1324/1585/1169 670/1574/614
f 601/1578/549 1212/1586/1071 2002/1587/1753 1375/1579/1220
f 1212/1586/1071 602/1588/550 1377/1589/1222 2002/1587/1753
f 2002/1587/1753 1377/1589/1222 685/1590/629 1338/1591/1183
f 1375/1579/1220 2002/1587/1753 1338/1591/1183 684/1580/628
f 588/1386/536 1199/1397/1058 2003/1592/1754 1376/1583/1221
f 1199/1397/1058 589/1396/537 1378/1593/1223 2003/1592/1754
f 2003/1592/1754 1378/1593/1223 672/1594/616 1325/1595/1170
f 1376/1583/1221 2003/1592/1754 1325/1595/1170 671/1584/615
f 602/1588/550 1213/1596/1072 2004/1597/1755 1377/1589/1222
f 1213/1596/1072 603/1442/551 1347/1445/1192 2004/1597/1755
f 2004/1597/1755 1347/1445/1192 686/1450/630 1339/1598/1184
f 1377/1589/1222 2004/1597/1755 1339/1598/1184 685/1590/629
f 589/1396/537 1200/1406/1059 2005/1599/1756 1378/1593/1223
f 1200/1406/1059 590/1405/538 1349/1452/1194 2005/1599/1756
f 2005/1599/1756 1349/1452/1194 673/1456/617 1326/1600/1171
f 1378/1593/1223 2005/1599/1756 1326/1600/1171 672/1594/616
f 755/1601/699 1485/1602/1330 2006/1603/1757 1441/1604/1286
f 1485/1602/1330 725/1605/669 1411/1606/1256 2006/1603/1757
f 2006/1603/1757 1411/1606/1256 700/1607/644 1385/1608/1230
f 1441/1604/1286 2006/1603/1757 1385/1608/1230 699/1609/643
f 726/1610/670 1484/1611/1329 2007/1612/1758 1442/1613/1287
f 1484/1611/1329 727/1614/671 1413/1615/1258 2007/1612/1758
f 2007/1612/1758 1413/1615/1258 714/1616/658 1399/1617/1244
f 1442/1613/1287 2007/1612/1758 1399/1617/1244 713/1618/657
f 725/1605/669 1483/1619/1328 2008/1620/1759 1411/1606/1256
f 1483/1619/1328 728/1621/672 1414/1622/1259 2008/1620/1759
f 2008/1620/1759 1414/1622/1259 701/1623/645 1386/1624/1231
f 1411/1606/1256 2008/1620/1759 1386/1624/1231 700/1607/644
f 727/1614/671 1482/1625/1327 2009/1626/1760 1413/1615/1258
f 1482/1625/1327 729/1627/673 1415/1628/1260 2009/1626/1760
f 2009/1626/1760 1415/1628/1260 715/1629/659 1400/1630/1245
f 1413/1615/1258 2009/1626/1760 1400/1630/1245 714/1616/658
f 728/1621/672 1481/1631/1326 2010/1632/1761 1414/1622/1259
f 1481/1631/1326 730/1633/674 1416/1634/1261 2010/1632/1761
f 2010/1632/1761 1416/1634/1261 702/1635/646 1387/1636/1232
f 1414/1622/1259 2010/1632/1761 1387/1636/1232 701/1623/645
f 729/1627/673 1480/1637/1325 2011/1638/1762 1415/1628/1260
f 1480/1637/1325 731/1639/675 1417/1640/1262 2011/1638/1762
f 2011/1638/1762 1417/1640/1262 716/1641/660 1401/1642/1246
f 1415/1628/1260 2011/1638/1762 1401/1642/1246 715/1629/659
f 730/1633/674 1479/1643/1324 2012/1644/1763 1416/1634/1261
f 1479/1643/1324 732/1645/676 1418/1646/1263 2012/1644/1763
f 2012/1644/1763 1418/1646/1263 703/1647/647 1388/1648/1233
f 1416/1634/1261 2012/1644/1763 1388/1648/1233 702/1635/646
f 731/1639/675 1478/1649/1323 2013/1650/1764 1417/1640/1262
f 1478/1649/1323 733/1651/677 1419/1652/1264 2013/1650/1764
f 2013/1650/1764 1419/1652/1264 717/1653/661 1402/1654/1247
f 1417/1640/1262 2013/1650/1764 1402/1654/1247 716/1641/660
f 732/1645/676 1477/1655/1322 2014/1656/1765 1418/1646/1263
f 1477/1655/1322 734/1657/678 1420/1658/1265 2014/1656/1765
f 2014/1656/1765 1420/1658/1265 704/1659/648 1389/1660/1234
f 1418/1646/1263 2014/1656/1765 1389/1660/1234 703/1647/647
f 733/1651/677 1476/1661/1321 2015/1662/1766 1419/1652/1264
f 1476/1661/1321 735/1663/679 1421/1664/1266 2015/1662/1766
f 2015/1662/1766 1421/1664/1266 718/1665/662 1403/1666/1248
f 1419/1652/1264 2015/1662/1766 1403/1666/1248 717/1653/661
f 734/1657/678 1475/1667/1320 2016/1668/1767 1420/1658/1265
f 1475/1667/1320 736/1669/680 1422/1670/1267 2016/1668/1767
f 2016/1668/1767 1422/1670/1267 705/1671/649 1390/1672/1235
f 1420/1658/1265 2016/1668/1767 1390/1672/1235 704/1659/648
f 735/1663/679 1474/1673/1319 2017/1674/1768 1421/1664/1266
f 1474/1673/1319 737/1675/681 1423/1676/1268 2017/1674/1768
f 2017/1674/1768 1423/1676/1268 719/1677/663 1404/1678/1249
f 1421/1664/1266 2017/1674/1768 1404/1678/1249 718/1665/662
f 736/1669/680 1473/1679/1318 2018/1680/1769 1422/1670/1267
f 1473/1679/1318 738/1681/682 1424/1682/1269 2018/1680/1769
f 2018/1680/1769 1424/1682/1269 706/1683/650 1391/1684/1236
f 1422/1670/1267 2018/1680/1769 1391/1684/1236 705/1671/649
f 737/1675/681 1472/1685/1317 2019/1686/1770 1423/1676/1268
f 1472/1685/1317 739/1687/683 1425/1688/1270 2019/1686/1770
f 2019/1686/1770 1425/1688/1270 720/1689/664 1405/1690/1250
f 1423/1676/1268 2019/1686/1770 1405/1690/1250 719/1677/663
f 738/1681/682 1471/1691/1316 2020/1692/1771 1424/1682/1269
f 1471/1691/1316 740/1693/684 1426/1694/1271 2020/1692/1771
f 2020/1692/1771 1426/1694/1271 707/1695/651 1392/1696/1237
f 1424/1682/1269 2020/1692/1771 1392/1696/1237 706/1683/650
f 756/1697/700 1470/1698/1315 2021/1699/1772 1450/1700/1295
f 1470/1698/1315 741/1701/685 1427/1702/1272 2021/1699/1772
f 2021/1699/1772 1427/1702/1272 693/1703/637 1379/1704/1224
f 1450/1700/1295 2021/1699/1772 1379/1704/1224 694/1705/638
f 739/1687/683 1469/1706/1314 2022/1707/1773 1425/1688/1270
f 1469/1706/1314 742/1708/686 1428/1709/1273 2022/1707/1773
f 2022/1707/1773 1428/1709/1273 721/1710/665 1406/1711/1251
f 1425/1688/1270 2022/1707/1773 1406/1711/1251 720/1689/664
f 740/1693/684 1468/1712/1313 2023/1713/1774 1426/1694/1271
f 1468/1712/1313 743/1714/687 1429/1715/1274 2023/1713/1774
f 2023/1713/1774 1429/1715/1274 708/1716/652 1393/1717/1238
f 1426/1694/1271 2023/1713/1774 1393/1717/1238 707/1695/651
f 741/1701/685 1467/1718/1312 2024/1719/1775 1427/1702/1272
f 1467/1718/1312 744/1720/688 1430/1721/1275 2024/1719/1775
f 2024/1719/1775 1430/1721/1275 695/1722/639 1380/1723/1225
f 1427/1702/1272 2024/1719/1775 1380/1723/1225 693/1703/637
f 742/1708/686 1466/1724/1311 2025/1725/1776 1428/1709/1273
f 1466/1724/1311 745/1726/689 1431/1727/1276 2025/1725/1776
f 2025/1725/1776 1431/1727/1276 722/1728/666 1407/1729/1252
f 1428/1709/1273 2025/1725/1776 1407/1729/1252 721/1710/665
f 743/1714/687 1465/1730/1310 2026/1731/1777 1429/1715/1274
f 1465/1730/1310 746/1732/690 1432/1733/1277 2026/1731/1777
f 2026/1731/1777 1432/1733/1277 709/1734/653 1394/1735/1239
f 1429/1715/1274 2026/1731/1777 1394/1735/1239 708/1716/652
f 744/1720/688 1464/1736/1309 2027/1737/1778 1430/1721/1275
f 1464/1736/1309 747/1738/691 1433/1739/1278 2027/1737/1778
f 2027/1737/1778 1433/1739/1278 696/1740/640 1381/1741/1226
f 1430/1721/1275 2027/1737/1778 1381/1741/1226 695/1722/639
f 745/1726/689 1463/1742/1308 2028/1743/1779 1431/1727/1276
f 1463/1742/1308 748/1744/692 1434/1745/1279 2028/1743/1779
f 2028/1743/1779 1434/1745/1279 723/1746/667 1408/1747/1253
f 1431/1727/1276 2028/1743/1779 1408/1747/1253 722/1728/666
f 746/1732/690 1462/1748/1307 2029/1749/1780 1432/1733/1277
f 1462/1748/1307 749/1750/693 1435/1751/1280 2029/1749/1780
f 2029/1749/1780 1435/1751/1280 710/1752/654 1395/1753/1240
f 1432/1733/1277 2029/1749/1780 1395/1753/1240 709/1734/653
f 747/1738/691 1461/1754/1306 2030/1755/1781 1433/1739/1278
f 1461/1754/1306 750/1756/694 1436/1757/1281 2030/1755/1781
f 2030/1755/1781 1436/1757/1281 697/1758/641 1382/1759/1227
f 1433/1739/1278 2030/1755/1781 1382/1759/1227 696/1740/640
f 748/1744/692 1460/1760/1305 2031/1761/1782 1434/1745/1279
f 1460/1760/1305 751/1762/695 1437/1763/1282 2031/1761/1782
f 2031/1761/1782 1437/1763/1282 724/1764/668 1409/1765/1254
f 1434/1745/1279 2031/1761/1782 1409/1765/1254 723/1746/667
f 749/1750/693 1459/1766/1304 2032/1767/1783 1435/1751/1280
f 1459/1766/1304 752/1768/696 1438/1769/1283 2032/1767/1783
f 2032/1767/1783 1438/1769/1283 711/1770/655 1396/1771/1241
f 1435/1751/1280 2032/1767/1783 1396/1771/1241 710/1752/654
f 750/1756/694 1458/1772/1303 2033/1773/1784 1436/1757/1281
f 1458/1772/1303 753/1774/697 1439/1775/1284 2033/1773/1784
f 2033/1773/1784 1439/1775/1284 698/1776/642 1383/1777/1228
f 1436/1757/1281 2033/1773/1784 1383/1777/1228 697/1758/641
f 751/1762/695 1457/1778/1302 2034/1779/1785 1437/1763/1282
f 1457/1778/1302 756/1697/700 1450/1700/1295 2034/1779/1785
f 2034/1779/1785 1450/1700/1295 694/1705/638 1410/1780/1255
f 1437/1763/1282 2034/1779/1785 1410/1780/1255 724/1764/668
f 752/1768/696 1456/1781/1301 2035/1782/1786 1438/1769/1283
f 1456/1781/1301 754/1783/698 1440/1784/1285 2035/1782/1786
f 2035/1782/1786 1440/1784/1285 712/1785/656 1397/1786/1242
f 1438/1769/1283 2035/1782/1786 1397/1786/1242 711/1770/655
f 753/1774/697 1455/1787/1300 2036/1788/1787 1439/1775/1284
f 1455/1787/1300 755/1601/699 1441/1604/1286 2036/1788/1787
f 2036/1788/1787 1441/1604/1286 699/1609/643 1384/1789/1229
f 1439/1775/1284 2036/1788/1787 1384/1789/1229 698/1776/642
f 754/1783/698 1454/1790/1299 2037/1791/1788 1440/1784/1285
f 1454/1790/1299 726/1610/670 1442/1613/1287 2037/1791/1788
f 2037/1791/1788 1442/1613/1287 713/1618/657 1398/1792/1243
f 1440/1784/1285 2037/1791/1788 1398/1792/1243 712/1785/656
f 680/1540/624 1334/1551/1179 2038/1793/1789 1453/1794/1298
f 1334/1551/1179 681/1550/625 1412/1795/1257 2038/1793/1789
f 2038/1793/1789 1412/1795/1257 726/1610/670 1454/1790/1299
f 1453/1794/1298 2038/1793/1789 1454/1790/1299 754/1783/698
f 689/1477/633 1343/1492/1188 2039/1796/1790 1451/1797/1296
f 1343/1492/1188 690/1491/634 1452/1798/1297 2039/1796/1790
f 2039/1796/1790 1452/1798/1297 745/1726/689 1466/1724/1311
f 1451/1797/1296 2039/1796/1790 1466/1724/1311 742/1708/686
f 683/1570/627 1337/1581/1182 2040/1799/1791 1781/1800/1600
f 1337/1581/1182 684/1580/628 1782/1801/1601 2040/1799/1791
f 2040/1799/1791 1782/1801/1601 837/1802/780 1754/1803/1573
f 1781/1800/1600 2040/1799/1791 1754/1803/1573 836/1804/779
f 682/1560/626 1336/1571/1181 2041/1805/1792 1445/1806/1290
f 1336/1571/1181 683/1570/627 1781/1800/1600 2041/1805/1792
f 2041/1805/1792 1781/1800/1600 836/1804/779 1753/1807/1572
f 1445/1806/1290 2041/1805/1792 1753/1807/1572 834/1808/777
f 727/1614/671 1484/1611/1329 2042/1809/1793 1449/1810/1294
f 1484/1611/1329 726/1610/670 1780/1811/1599 2042/1809/1793
f 2042/1809/1793 1780/1811/1599 843/1812/786 1776/1813/1595
f 1449/1810/1294 2042/1809/1793 1776/1813/1595 844/1814/787
f 742/1708/686 1469/1706/1314 2043/1815/1794 1779/1816/1598
f 1469/1706/1314 739/1687/683 1778/1817/1597 2043/1815/1794
f 2043/1815/1794 1778/1817/1597 850/1818/793 1769/1819/1588
f 1779/1816/1598 2043/1815/1794 1769/1819/1588 851/1820/794
f 735/1663/679 1476/1661/1321 2044/1821/1795 1777/1822/1596
f 1476/1661/1321 733/1651/677 1443/1823/1288 2044/1821/1795
f 2044/1821/1795 1443/1823/1288 847/1824/790 1772/1825/1591
f 1777/1822/1596 2044/1821/1795 1772/1825/1591 848/1826/791
f 681/1550/625 1335/1561/1180 2045/1827/1796 1444/1828/1289
f 1335/1561/1180 682/1560/626 1445/1806/1290 2045/1827/1796
f 2045/1827/1796 1445/1806/1290 834/1808/777 1752/1829/1571
f 1444/1828/1289 2045/1827/1796 1752/1829/1571 835/1830/778
f 688/1461/632 1342/1478/1187 2046/1831/1797 1446/1832/1291
f 1342/1478/1187 689/1477/633 1447/1833/1292 2046/1831/1797
f 2046/1831/1797 1447/1833/1292 842/1834/785 1759/1835/1578
f 1446/1832/1291 2046/1831/1797 1759/1835/1578 841/1836/784
f 729/1627/673 1482/1625/1327 2047/1837/1798 1448/1838/1293
f 1482/1625/1327 727/1614/671 1449/1810/1294 2047/1837/1798
f 2047/1837/1798 1449/1810/1294 844/1814/787 1775/1839/1594
f 1448/1838/1293 2047/1837/1798 1775/1839/1594 845/1840/788
f 806/1841/749 1751/1842/1570 2048/1843/1799 1490/1844/1335
f 1751/1842/1570 803/1845/746 1487/1846/1332 2048/1843/1799
f 2048/1843/1799 1487/1846/1332 762/1847/706 1620/1848/1443
f 1490/1844/1335 2048/1843/1799 1620/1848/1443 761/1849/705
f 807/1850/750 1750/1851/1569 2049/1852/1800 1491/1853/1336
f 1750/1851/1569 804/1854/747 1488/1855/1333 2049/1852/1800
f 2049/1852/1800 1488/1855/1333 775/1856/719 1633/1857/1456
f 1491/1853/1336 2049/1852/1800 1633/1857/1456 774/1858/718
f 808/1859/751 1749/1860/1568 2050/1861/1801 1492/1862/1337
f 1749/1860/1568 805/1863/748 1489/1864/1334 2050/1861/1801
f 2050/1861/1801 1489/1864/1334 788/1865/732 1646/1866/1469
f 1492/1862/1337 2050/1861/1801 1646/1866/1469 787/1867/731
f 809/1868/752 1748/1869/1567 2051/1870/1802 1493/1871/1338
f 1748/1869/1567 806/1841/749 1490/1844/1335 2051/1870/1802
f 2051/1870/1802 1490/1844/1335 761/1849/705 1619/1872/1442
f 1493/1871/1338 2051/1870/1802 1619/1872/1442 760/1873/704
f 810/1874/753 1747/1875/1566 2052/1876/1803 1494/1877/1339
f 1747/1875/1566 807/1850/750 1491/1853/1336 2052/1876/1803
f 2052/1876/1803 1491/1853/1336 774/1858/718 1632/1878/1455
f 1494/1877/1339 2052/1876/1803 1632/1878/1455 773/1879/717
f 811/1880/754 1746/1881/1565 2053/1882/1804 1495/1883/1340
f 1746/1881/1565 808/1859/751 1492/1862/1337 2053/1882/1804
f 2053/1882/1804 1492/1862/1337 787/1867/731 1645/1884/1468
f 1495/1883/1340 2053/1882/1804 1645/1884/1468 786/1885/730
f 812/1886/755 1745/1887/1564 2054/1888/1805 1496/1889/1341
f 1745/1887/1564 809/1868/752 1493/1871/1338 2054/1888/1805
f 2054/1888/1805 1493/1871/1338 760/1873/704 1618/1890/1441
f 1496/1889/1341 2054/1888/1805 1618/1890/1441 759/1891/703
f 813/1892/756 1744/1893/1563 2055/1894/1806 1497/1895/1342
f 1744/1893/1563 810/1874/753 1494/1877/1339 2055/1894/1806
f 2055/1894/1806 1494/1877/1339 773/1879/717 1631/1896/1454
f 1497/1895/1342 2055/1894/1806 1631/1896/1454 772/1897/716
f 814/1898/757 1743/1899/1562 2056/1900/1807 1498/1901/1343
f 1743/1899/1562 811/1880/754 1495/1883/1340 2056/1900/1807
f 2056/1900/1807 1495/1883/1340 786/1885/730 1644/1902/1467
f 1498/1901/1343 2056/1900/1807 1644/1902/1467 785/1903/729
f 816/1904/759 1742/1905/1561 2057/1906/1808 1500/1907/1345
f 1742/1905/1561 812/1886/755 1496/1889/1341 2057/1906/1808
f 2057/1906/1808 1496/1889/1341 759/1891/703 1617/1908/1440
f 1500/1907/1345 2057/1906/1808 1617/1908/1440 757/1909/701
f 817/1910/760 1741/1911/1560 2058/1912/1809 1501/1913/1346
f 1741/1911/1560 813/1892/756 1497/1895/1342 2058/1912/1809
f 2058/1912/1809 1497/1895/1342 772/1897/716 1630/1914/1453
f 1501/1913/1346 2058/1912/1809 1630/1914/1453 771/1915/715
f 818/1916/761 1740/1917/1559 2059/1918/1810 1502/1919/1347
f 1740/1917/1559 814/1898/757 1498/1901/1343 2059/1918/1810
f 2059/1918/1810 1498/1901/1343 785/1903/729 1643/1920/1466
f 1502/1919/1347 2059/1918/1810 1643/1920/1466 784/1921/728
f 815/1922/758 1739/1923/1558 2060/1924/1811 1701/1925/1520
f 1739/1923/1558 816/1904/759 1500/1907/1345 2060/1924/1811
f 2060/1924/1811 1500/1907/1345 757/1909/701 1616/1926/1439
f 1701/1925/1520 2060/1924/1811 1616/1926/1439 758/1927/702
f 819/1928/762 1738/1929/1557 2061/1930/1812 1503/1931/1348
f 1738/1929/1557 817/1910/760 1501/1913/1346 2061/1930/1812
f 2061/1930/1812 1501/1913/1346 771/1915/715 1629/1932/1452
f 1503/1931/1348 2061/1930/1812 1629/1932/1452 770/1933/714
f 820/1934/763 1737/1935/1556 2062/1936/1813 1504/1937/1349
f 1737/1935/1556 818/1916/761 1502/1919/1347 2062/1936/1813
f 2062/1936/1813 1502/1919/1347 784/1921/728 1642/1938/1465
f 1504/1937/1349 2062/1936/1813 1642/1938/1465 783/1939/727
f 821/1940/764 1736/1941/1555 2063/1942/1814 1505/1943/1350
f 1736/1941/1555 819/1928/762 1503/1931/1348 2063/1942/1814
f 2063/1942/1814 1503/1931/1348 770/1933/714 1628/1944/1451
f 1505/1943/1350 2063/1942/1814 1628/1944/1451 769/1945/713
f 822/1946/765 1735/1947/1554 2064/1948/1815 1506/1949/1351
f 1735/1947/1554 820/1934/763 1504/1937/1349 2064/1948/1815
f 2064/1948/1815 1504/1937/1349 783/1939/727 1641/1950/1464
f 1506/1949/1351 2064/1948/1815 1641/1950/1464 782/1951/726
f 823/1952/766 1734/1953/1553 2065/1954/1816 1507/1955/1352
f 1734/1953/1553 821/1940/764 1505/1943/1350 2065/1954/1816
f 2065/1954/1816 1505/1943/1350 769/1945/713 1627/1956/1450
f 1507/1955/1352 2065/1954/1816 1627/1956/1450 768/1957/712
f 824/1958/767 1733/1959/1552 2066/1960/1817 1508/1961/1353
f 1733/1959/1552 822/1946/765 1506/1949/1351 2066/1960/1817
f 2066/1960/1817 1506/1949/1351 782/1951/726 1640/1962/1463
f 1508/1961/1353 2066/1960/1817 1640/1962/1463 781/1963/725
f 825/1964/768 1732/1965/1551 2067/1966/1818 1509/1967/1354
f 1732/1965/1551 823/1952/766 1507/1955/1352 2067/1966/1818
f 2067/1966/1818 1507/1955/1352 768/1957/712 1626/1968/1449
f 1509/1967/1354 2067/1966/1818 1626/1968/1449 767/1969/711
f 826/1970/769 1731/1971/1550 2068/1972/1819 1510/1973/1355
f 1731/1971/1550 824/1958/767 1508/1961/1353 2068/1972/1819
f 2068/1972/1819 1508/1961/1353 781/1963/725 1639/1974/1462
f 1510/1973/1355 2068/1972/1819 1639/1974/1462 780/1975/724
f 827/1976/770 1730/1977/1549 2069/1978/1820 1511/1979/1356
f 1730/1977/1549 825/1964/768 1509/1967/1354 2069/1978/1820
f 2069/1978/1820 1509/1967/1354 767/1969/711 1625/1980/1448
f 1511/1979/1356 2069/1978/1820 1625/1980/1448 766/1981/710
f 828/1982/771 1729/1983/1548 2070/1984/1821 1512/1985/1357
f 1729/1983/1548 826/1970/769 1510/1973/1355 2070/1984/1821
f 2070/1984/1821 1510/1973/1355 780/1975/724 1638/1986/1461
f 1512/1985/1357 2070/1984/1821 1638/1986/1461 779/1987/723
f 829/1988/772 1728/1989/1547 2071/1990/1822 1513/1991/1358
f 1728/1989/1547 827/1976/770 1511/1979/1356 2071/1990/1822
f 2071/1990/1822 1511/1979/1356 766/1981/710 1624/1992/1447
f 1513/1991/1358 2071/1990/1822 1624/1992/1447 765/1993/709
f 831/1994/774 1727/1995/1546 2072/1996/1823 1515/1997/1360
f 1727/1995/1546 828/1982/771 1512/1985/1357 2072/1996/1823
f 2072/1996/1823 1512/1985/1357 779/1987/723 1637/1998/1460
f 1515/1997/1360 2072/1996/1823 1637/1998/1460 778/1999/722
f 833/2000/776 1726/2001/1545 2073/2002/1824 1517/2003/1362
f 1726/2001/1545 829/1988/772 1513/1991/1358 2073/2002/1824
f 2073/2002/1824 1513/1991/1358 765/1993/709 1623/2004/1446
f 1517/2003/1362 2073/2002/1824 1623/2004/1446 764/2005/708
f 830/2006/773 1725/2007/1544 2074/2008/1825 1716/2009/1535
f 1725/2007/1544 831/1994/774 1515/1997/1360 2074/2008/1825
f 2074/2008/1825 1515/1997/1360 778/1999/722 1636/2010/1459
f 1716/2009/1535 2074/2008/1825 1636/2010/1459 777/2011/721
f 832/2012/775 1724/2013/1543 2075/2014/1826 1718/2015/1537
f 1724/2013/1543 833/2000/776 1517/2003/1362 2075/2014/1826
f 2075/2014/1826 1517/2003/1362 764/2005/708 1622/2016/1445
f 1718/2015/1537 2075/2014/1826 1622/2016/1445 763/2017/707
f 460/668/435 972/749/903 2076/2018/1827 1519/2019/1364
f 972/749/903 462/748/436 1518/2020/1363 2076/2018/1827
f 2076/2021/1827 1518/2022/1363 640/1422/585 1309/1421/1156
f 1519/2023/1364 2076/2021/1827 1309/1421/1156 638/1341/584
f 428/580/404 894/593/837 2077/2024/1828 1521/2025/1366
f 894/593/837 429/592/405 1520/2026/1365 2077/2024/1828
f 2077/2024/1828 1520/2026/1365 621/2027/569 1231/2028/1090
f 1521/2025/1366 2077/2024/1828 1231/2028/1090 620/2029/568
f 551/1032/510 1130/1046/1037 2078/2030/1829 1523/2031/1368
f 1130/1046/1037 554/1050/513 1522/2032/1367 2078/2030/1829
f 2078/2033/1829 1522/2034/1367 744/1720/688 1467/1718/1312
f 1523/2035/1368 2078/2033/1829 1467/1718/1312 741/1701/685
f 402/692/378 868/835/811 2079/2036/1830 1525/2037/1370
f 868/835/811 403/839/379 1524/2038/1369 2079/2036/1830
f 2079/2036/1830 1524/2038/1369 595/2039/543 1205/2040/1064
f 1525/2037/1370 2079/2036/1830 1205/2040/1064 594/2041/542
f 438/558/414 947/561/886 2080/2042/1831 1527/2043/1372
f 947/561/886 437/566/413 1526/2044/1371 2080/2042/1831
f 2080/2045/1831 1526/2046/1371 629/1235/577 1284/1232/1139
f 1527/2047/1372 2080/2045/1831 1284/1232/1139 646/1231/590
f 429/592/405 895/605/838 2081/2048/1832 1520/2026/1365
f 895/605/838 430/604/406 1528/2049/1373 2081/2048/1832
f 2081/2048/1832 1528/2049/1373 622/2050/570 1232/2051/1091
f 1520/2026/1365 2081/2048/1832 1232/2051/1091 621/2027/569
f 549/1023/508 1131/1040/1038 2082/2052/1833 1530/2053/1375
f 1131/1040/1038 553/1044/512 1529/2054/1374 2082/2052/1833
f 2082/2055/1833 1529/2056/1374 743/1714/687 1468/1712/1313
f 1530/2057/1375 2082/2055/1833 1468/1712/1313 740/1693/684
f 403/839/379 869/851/812 2083/2058/1834 1524/2038/1369
f 869/851/812 404/855/380 1531/2059/1376 2083/2058/1834
f 2083/2058/1834 1531/2059/1376 596/2060/544 1206/2061/1065
f 1524/2038/1369 2083/2058/1834 1206/2061/1065 595/2039/543
f 462/748/436 974/759/904 2084/2062/1835 1518/2020/1363
f 974/759/904 464/758/437 1532/2063/1377 2084/2062/1835
f 2084/2064/1835 1532/2065/1377 642/1432/586 1311/1431/1157
f 1518/2022/1363 2084/2064/1835 1311/1431/1157 640/1422/585
f 430/604/406 896/617/839 2085/2066/1836 1528/2049/1373
f 896/617/839 431/616/407 1533/2067/1378 2085/2066/1836
f 2085/2066/1836 1533/2067/1378 623/2068/571 1233/2069/1092
f 1528/2049/1373 2085/2066/1836 1233/2069/1092 622/2050/570
f 404/855/380 870/864/813 2086/2070/1837 1531/2059/1376
f 870/864/813 405/868/381 1534/2071/1379 2086/2070/1837
f 2086/2070/1837 1534/2071/1379 597/2072/545 1207/2073/1066
f 1531/2059/1376 2086/2070/1837 1207/2073/1066 596/2060/544
f 436/549/412 949/689/888 2087/2074/1391 1536/2075/1381
f 949/689/888 452/688/428 1535/2076/1380 2087/2074/1391
f 2087/2074/1391 1535/2076/1380 628/2077/576 1286/2078/1141
f 1536/2075/1381 2087/2074/1391 1286/2078/1141 645/2079/589
f 431/616/407 897/629/840 2088/2080/1838 1533/2067/1378
f 897/629/840 432/628/408 1537/2081/1382 2088/2080/1838
f 2088/2080/1838 1537/2081/1382 624/2082/572 1234/2083/1093
f 1533/2067/1378 2088/2080/1838 1234/2083/1093 623/2068/571
f 550/1024/509 1133/1027/1039 2089/2084/1839 1538/2085/1383
f 1133/1027/1039 551/1032/510 1523/2031/1368 2089/2084/1839
f 2089/2086/1839 1523/2035/1368 741/1701/685 1470/1698/1315
f 1538/2087/1383 2089/2086/1839 1470/1698/1315 756/1697/700
f 405/868/381 871/874/814 2090/2088/1840 1534/2071/1379
f 871/874/814 406/878/382 1539/2089/1384 2090/2088/1840
f 2090/2088/1840 1539/2089/1384 598/2090/546 1208/2091/1067
f 1534/2071/1379 2090/2088/1840 1208/2091/1067 597/2072/545
f 464/758/437 976/764/905 2091/2092/1841 1532/2063/1377
f 976/764/905 466/704/439 1540/2093/1385 2091/2092/1841
f 2091/2094/1841 1540/2095/1385 660/1377/604 1313/1437/1158
f 1532/2065/1377 2091/2094/1841 1313/1437/1158 642/1432/586
f 432/628/408 898/638/841 2092/2096/1842 1537/2081/1382
f 898/638/841 433/555/409 1541/2097/1386 2092/2096/1842
f 2092/2096/1842 1541/2097/1386 625/2098/573 1235/2099/1094
f 1537/2081/1382 2092/2096/1842 1235/2099/1094 624/2082/572
f 547/1011/507 1134/1019/1040 2093/2100/1843 1542/2101/1387
f 1134/1019/1040 549/1023/508 1530/2053/1375 2093/2100/1843
f 2093/2102/1843 1530/2057/1375 740/1693/684 1471/1691/1316
f 1542/2103/1387 2093/2102/1843 1471/1691/1316 738/1681/682
f 406/878/382 872/884/815 2094/2104/1844 1539/2089/1384
f 872/884/815 407/888/383 1543/2105/1388 2094/2104/1844
f 2094/2104/1844 1543/2105/1388 599/2106/547 1209/2107/1068
f 1539/2089/1384 2094/2104/1844 1209/2107/1068 598/2090/546
f 433/555/409 899/554/842 2095/2108/1845 1541/2097/1386
f 899/554/842 434/553/410 1544/2109/1389 2095/2108/1845
f 2095/2108/1845 1544/2109/1389 626/2110/574 1236/2111/1095
f 1541/2097/1386 2095/2108/1845 1236/2111/1095 625/2098/573
f 407/888/383 873/894/816 2096/2112/1846 1543/2105/1388
f 873/894/816 408/898/384 1545/2113/1390 2096/2112/1846
f 2096/2112/1846 1545/2113/1390 600/2114/548 1210/2115/1069
f 1543/2105/1388 2096/2112/1846 1210/2115/1069 599/2106/547
f 470/798/443 978/797/907 2097/2116/1847 1547/2117/1392
f 978/797/907 469/796/442 1546/2118/1391 2097/2116/1847
f 2097/2119/1847 1546/2120/1391 662/1472/606 1315/1471/1160
f 1547/2121/1392 2097/2119/1847 1315/1471/1160 661/1470/605
f 457/677/432 952/676/889 2098/2122/1848 1549/2123/1394
f 952/676/889 443/588/419 1548/2124/1393 2098/2122/1848
f 2098/2125/1848 1548/2126/1393 651/1261/595 1289/1350/1142
f 1549/2127/1394 2098/2125/1848 1289/1350/1142 635/1349/581
f 545/999/506 1136/1007/1041 2099/2128/1849 1550/2129/1395
f 1136/1007/1041 547/1011/507 1542/2101/1387 2099/2128/1849
f 2099/2130/1849 1542/2103/1387 738/1681/682 1473/1679/1318
f 1550/2131/1395 2099/2130/1849 1473/1679/1318 736/1669/680
f 408/898/384 874/904/817 2100/2132/1850 1545/2113/1390
f 874/904/817 409/908/385 1551/2133/1396 2100/2132/1850
f 2100/2132/1850 1551/2133/1396 601/2134/549 1211/2135/1070
f 1545/2113/1390 2100/2132/1850 1211/2135/1070 600/2114/548
f 471/812/444 979/811/908 2101/2136/1834 1552/2137/1376
f 979/811/908 470/798/443 1547/2117/1392 2101/2136/1834
f 2101/2138/1834 1547/2121/1392 661/1470/605 1316/1486/1161
f 1552/2139/1376 2101/2138/1834 1316/1486/1161 663/1485/607
f 452/688/428 901/693/844 2102/2140/1851 1535/2076/1380
f 901/693/844 402/692/378 1525/2037/1370 2102/2140/1851
f 2102/2140/1851 1525/2037/1370 594/2041/542 1238/2141/1097
f 1535/2076/1380 2102/2140/1851 1238/2141/1097 628/2077/576
f 409/908/385 875/914/818 2103/2142/1852 1551/2133/1396
f 875/914/818 410/918/386 1553/2143/1371 2103/2142/1852
f 2103/2142/1852 1553/2143/1371 602/2144/550 1212/2145/1071
f 1551/2133/1396 2103/2142/1852 1212/2145/1071 601/2134/549
f 472/826/445 980/825/909 2104/2146/1837 1554/2147/1379
f 980/825/909 471/812/444 1552/2137/1376 2104/2146/1837
f 2104/2148/1837 1552/2139/1376 663/1485/607 1317/1500/1162
f 1554/2149/1379 2104/2148/1837 1317/1500/1162 664/1499/608
f 543/987/505 1138/995/1042 2105/2150/1853 1555/2151/1397
f 1138/995/1042 545/999/506 1550/2129/1395 2105/2150/1853
f 2105/2152/1853 1550/2131/1395 736/1669/680 1475/1667/1320
f 1555/2153/1397 2105/2152/1853 1475/1667/1320 734/1657/678
f 499/831/472 1007/830/936 2106/2154/1854 1557/2155/1399
f 1007/830/936 498/817/471 1556/2156/1398 2106/2154/1854
f 2106/2157/1854 1556/2158/1398 690/1491/634 1344/1506/1189
f 1557/2159/1399 2106/2157/1854 1344/1506/1189 691/1505/635
f 410/918/386 876/924/819 2107/2160/1855 1553/2143/1371
f 876/924/819 411/769/387 1558/2161/1400 2107/2160/1855
f 2107/2160/1855 1558/2161/1400 603/2162/551 1213/2163/1072
f 1553/2143/1371 2107/2160/1855 1213/2163/1072 602/2144/550
f 473/842/446 981/841/910 2108/2164/1840 1559/2165/1384
f 981/841/910 472/826/445 1554/2147/1379 2108/2164/1840
f 2108/2166/1840 1554/2149/1379 664/1499/608 1318/1516/1163
f 1559/2167/1384 2108/2166/1840 1318/1516/1163 665/1515/609
f 446/606/422 955/669/892 2109/2168/1856 1560/2169/1401
f 955/669/892 460/668/435 1519/2019/1364 2109/2168/1856
f 2109/2170/1856 1519/2023/1364 638/1341/584 1292/1344/1145
f 1560/2171/1401 2109/2170/1856 1292/1344/1145 654/1279/598
f 500/847/473 1008/846/937 2110/2172/1833 1561/2173/1374
f 1008/846/937 499/831/472 1557/2155/1399 2110/2172/1833
f 2110/2174/1833 1557/2159/1399 691/1505/635 1345/1522/1190
f 1561/2175/1374 2110/2174/1833 1345/1522/1190 692/1521/636
f 411/769/387 877/772/820 2111/2176/1857 1558/2161/1400
f 877/772/820 412/777/388 1562/2177/1402 2111/2176/1857
f 2111/2176/1857 1562/2177/1402 604/2178/552 1214/2179/1073
f 1558/2161/1400 2111/2176/1857 1214/2179/1073 603/2162/551
f 474/858/447 982/857/911 2112/2180/1844 1563/2181/1388
f 982/857/911 473/842/446 1559/2165/1384 2112/2180/1844
f 2112/2182/1844 1559/2167/1384 665/1515/609 1319/1532/1164
f 1563/2183/1388 2112/2182/1844 1319/1532/1164 666/1531/610
f 541/975/504 1140/983/1043 2113/2184/1858 1564/2185/1403
f 1140/983/1043 543/987/505 1555/2151/1397 2113/2184/1858
f 2113/2186/1858 1555/2153/1397 734/1657/678 1477/1655/1322
f 1564/2187/1403 2113/2186/1858 1477/1655/1322 732/1645/676
f 469/796/442 1009/862/938 2114/2188/1859 1546/2118/1391
f 1009/862/938 500/847/473 1561/2173/1374 2114/2188/1859
f 2114/2189/1859 1561/2175/1374 692/1521/636 1346/1535/1191
f 1546/2120/1391 2114/2189/1859 1346/1535/1191 662/1472/606
f 412/777/388 878/785/821 2115/2190/1860 1562/2177/1402
f 878/785/821 413/789/389 1565/2191/1404 2115/2190/1860
f 2115/2190/1860 1565/2191/1404 605/2192/553 1215/2193/1074
f 1562/2177/1402 2115/2190/1860 1215/2193/1074 604/2178/552
f 475/871/448 983/870/912 2116/2194/1846 1566/2195/1390
f 983/870/912 474/858/447 1563/2181/1388 2116/2194/1846
f 2116/2196/1846 1563/2183/1388 666/1531/610 1320/1545/1165
f 1566/2197/1390 2116/2196/1846 1320/1545/1165 667/1544/611
f 413/789/389 879/801/822 2117/2198/1861 1565/2191/1404
f 879/801/822 414/805/390 1567/2199/1405 2117/2198/1861
f 2117/2198/1861 1567/2199/1405 606/2200/554 1216/2201/1075
f 1565/2191/1404 2117/2198/1861 1216/2201/1075 605/2192/553
f 498/817/471 1115/1125/1022 2118/2202/1862 1556/2156/1398
f 1115/1125/1022 555/1056/514 1568/2203/1406 2118/2202/1862
f 2118/2204/1862 1568/2205/1406 745/1726/689 1452/1798/1297
f 1556/2158/1398 2118/2204/1862 1452/1798/1297 690/1491/634
f 476/881/449 984/880/913 2119/2206/1850 1569/2207/1396
f 984/880/913 475/871/448 1566/2195/1390 2119/2206/1850
f 2119/2208/1850 1566/2197/1390 667/1544/611 1321/1555/1166
f 1569/2209/1396 2119/2208/1850 1321/1555/1166 668/1554/612
f 468/653/441 932/652/871 2120/2210/1383 1571/2211/1408
f 932/652/871 451/647/427 1570/2212/1407 2120/2210/1383
f 2120/2210/1383 1570/2212/1407 643/2213/587 1269/2214/1124
f 1571/2211/1408 2120/2210/1383 1269/2214/1124 659/2215/603
f 539/963/503 1142/971/1044 2121/2216/1863 1572/2217/1409
f 1142/971/1044 541/975/504 1564/2185/1403 2121/2216/1863
f 2121/2218/1863 1564/2187/1403 732/1645/676 1479/1643/1324
f 1572/2219/1409 2121/2218/1863 1479/1643/1324 730/1633/674
f 414/805/390 880/815/823 2122/2220/1864 1567/2199/1405
f 880/815/823 415/819/391 1573/2221/1410 2122/2220/1864
f 2122/2220/1864 1573/2221/1410 607/2222/555 1217/2223/1076
f 1567/2199/1405 2122/2220/1864 1217/2223/1076 606/2200/554
f 564/1113/523 1116/1120/1023 2123/2224/1865 1575/2225/1412
f 1116/1120/1023 488/866/461 1574/2226/1411 2123/2224/1865
f 2123/2227/1865 1574/2228/1411 680/1540/624 1453/1794/1298
f 1575/2229/1412 2123/2227/1865 1453/1794/1298 754/1783/698
f 477/891/450 985/890/914 2124/2230/1852 1576/2231/1371
f 985/890/914 476/881/449 1569/2207/1396 2124/2230/1852
f 2124/2232/1852 1569/2209/1396 668/1554/612 1322/1565/1167
f 1576/2233/1371 2124/2232/1852 1322/1565/1167 669/1564/613
f 415/819/391 881/829/824 2125/2234/1866 1573/2221/1410
f 881/829/824 416/833/392 1577/2235/1413 2125/2234/1866
f 2125/2234/1866 1577/2235/1413 608/2236/556 1218/2237/1077
f 1573/2221/1410 2125/2234/1866 1218/2237/1077 607/2222/555
f 478/901/451 986/900/915 2126/2238/1855 1578/2239/1400
f 986/900/915 477/891/450 1576/2231/1371 2126/2238/1855
f 2126/2240/1855 1576/2233/1371 669/1564/613 1323/1575/1168
f 1578/2241/1400 2126/2240/1855 1323/1575/1168 670/1574/614
f 437/566/413 934/640/873 2127/2242/1867 1526/2044/1371
f 934/640/873 450/630/426 1579/2243/1414 2127/2242/1867
f 2127/2244/1867 1579/2245/1414 658/1303/602 1271/1312/1126
f 1526/2046/1371 2127/2244/1867 1271/1312/1126 629/1235/577
f 537/951/502 1144/959/1045 2128/2246/1868 1580/2247/1385
f 1144/959/1045 539/963/503 1572/2217/1409 2128/2246/1868
f 2128/2248/1868 1572/2219/1409 730/1633/674 1481/1631/1326
f 1580/2249/1385 2128/2248/1868 1481/1631/1326 728/1621/672
f 416/833/392 882/845/825 2129/2250/1869 1577/2235/1413
f 882/845/825 417/849/393 1581/2251/1415 2129/2250/1869
f 2129/2250/1869 1581/2251/1415 609/2252/557 1219/2253/1078
f 1577/2235/1413 2129/2250/1869 1219/2253/1078 608/2236/556
f 563/1104/522 1118/1115/1025 2130/2254/1870 1583/2255/1417
f 1118/1115/1025 533/928/499 1582/2256/1416 2130/2254/1870
f 2130/2257/1870 1582/2258/1416 755/1601/699 1455/1787/1300
f 1583/2259/1417 2130/2257/1870 1455/1787/1300 753/1774/697
f 479/911/452 987/910/916 2131/2260/1857 1584/2261/1402
f 987/910/916 478/901/451 1578/2239/1400 2131/2260/1857
f 2131/2262/1857 1578/2241/1400 670/1574/614 1324/1585/1169
f 1584/2263/1402 2131/2262/1857 1324/1585/1169 671/1584/615
f 386/768/362 961/767/896 2132/2264/1871 1585/2265/1418
f 961/767/896 468/653/441 1571/2211/1408 2132/2264/1871
f 2132/2264/1871 1571/2211/1408 659/2215/603 1298/2266/1149
f 1585/2265/1418 2132/2264/1871 1298/2266/1149 579/2267/527
f 417/849/393 883/861/826 2133/2268/1872 1581/2251/1415
f 883/861/826 386/768/362 1585/2265/1418 2133/2268/1872
f 2133/2268/1872 1585/2265/1418 579/2267/527 1220/2269/1079
f 1581/2251/1415 2133/2268/1872 1220/2269/1079 609/2252/557
f 562/1098/521 1119/1109/1026 2134/2270/1873 1586/2271/1419
f 1119/1109/1026 564/1113/523 1575/2225/1412 2134/2270/1873
f 2134/2272/1873 1575/2229/1412 754/1783/698 1456/1781/1301
f 1586/2273/1419 2134/2272/1873 1456/1781/1301 752/1768/696
f 480/921/453 988/920/917 2135/2274/1860 1587/2275/1404
f 988/920/917 479/911/452 1584/2261/1402 2135/2274/1860
f 2135/2276/1860 1584/2263/1402 671/1584/615 1325/1595/1170
f 1587/2277/1404 2135/2276/1860 1325/1595/1170 672/1594/616
f 450/630/426 936/633/875 2136/2278/1874 1579/2243/1414
f 936/633/875 448/618/424 1588/2279/1420 2136/2278/1874
f 2136/2280/1874 1588/2281/1420 656/1291/600 1273/1304/1128
f 1579/2245/1414 2136/2280/1874 1273/1304/1128 658/1303/602
f 534/936/500 1146/947/1046 2137/2282/1875 1589/2283/1421
f 1146/947/1046 537/951/502 1580/2247/1385 2137/2282/1875
f 2137/2284/1875 1580/2249/1385 728/1621/672 1483/1619/1328
f 1589/2285/1421 2137/2284/1875 1483/1619/1328 725/1605/669
f 418/645/394 884/644/827 2138/2286/1876 1591/2287/1423
f 884/644/827 419/573/395 1590/2288/1422 2138/2286/1876
f 2138/2286/1876 1590/2288/1422 610/2289/558 1221/2290/1080
f 1591/2287/1423 2138/2286/1876 1221/2290/1080 611/2291/559
f 561/1092/520 1120/1106/1027 2139/2292/1877 1592/2293/1424
f 1120/1106/1027 550/1024/509 1538/2085/1383 2139/2292/1877
f 2139/2294/1877 1538/2087/1383 756/1697/700 1457/1778/1302
f 1592/2295/1424 2139/2294/1877 1457/1778/1302 751/1762/695
f 481/780/454 989/927/918 2140/2296/1861 1593/2297/1405
f 989/927/918 480/921/453 1587/2275/1404 2140/2296/1861
f 2140/2298/1861 1587/2277/1404 672/1594/616 1326/1600/1171
f 1593/2299/1405 2140/2298/1861 1326/1600/1171 673/1456/617
f 466/704/439 963/703/898 2141/2300/1878 1540/2093/1385
f 963/703/898 453/702/429 1594/2301/1425 2141/2300/1878
f 2141/2302/1878 1594/2303/1425 630/1379/578 1300/1378/1151
f 1540/2095/1385 2141/2302/1878 1300/1378/1151 660/1377/604
f 419/573/395 885/572/828 2142/2304/1879 1590/2288/1422
f 885/572/828 420/571/396 1595/2305/1426 2142/2304/1879
f 2142/2304/1879 1595/2305/1426 612/2306/560 1222/2307/1081
f 1590/2288/1422 2142/2304/1879 1222/2307/1081 610/2289/558
f 560/1086/519 1121/1100/1028 2143/2308/1880 1596/2309/1427
f 1121/1100/1028 563/1104/522 1583/2255/1417 2143/2308/1880
f 2143/2310/1880 1583/2259/1417 753/1774/697 1458/1772/1303
f 1596/2311/1427 2143/2310/1880 1458/1772/1303 750/1756/694
f 482/782/455 990/781/919 2144/2312/1864 1597/2313/1410
f 990/781/919 481/780/454 1593/2297/1405 2144/2312/1864
f 2144/2314/1864 1593/2299/1405 673/1456/617 1327/1455/1172
f 1597/2315/1410 2144/2314/1864 1327/1455/1172 674/1454/618
f 448/618/424 938/621/877 2145/2316/1881 1588/2279/1420
f 938/621/877 446/606/422 1560/2169/1401 2145/2316/1881
f 2145/2317/1881 1560/2171/1401 654/1279/598 1275/1292/1130
f 1588/2281/1420 2145/2317/1881 1275/1292/1130 656/1291/600
f 533/928/499 1148/931/1047 2146/2318/1882 1582/2256/1416
f 1148/931/1047 534/936/500 1589/2283/1421 2146/2318/1882
f 2146/2319/1882 1589/2285/1421 725/1605/669 1485/1602/1330
f 1582/2258/1416 2146/2319/1882 1485/1602/1330 755/1601/699
f 420/571/396 886/587/829 2147/2320/1883 1595/2305/1426
f 886/587/829 421/586/397 1598/2321/1428 2147/2320/1883
f 2147/2320/1883 1598/2321/1428 613/2322/561 1223/2323/1082
f 1595/2305/1426 2147/2320/1883 1223/2323/1082 612/2306/560
f 559/1080/518 1122/1094/1029 2148/2324/1834 1599/2325/1392
f 1122/1094/1029 562/1098/521 1586/2271/1419 2148/2324/1834
f 2148/2326/1834 1586/2273/1419 752/1768/696 1459/1766/1304
f 1599/2327/1392 2148/2326/1834 1459/1766/1304 749/1750/693
f 483/792/456 991/791/920 2149/2328/1866 1600/2329/1413
f 991/791/920 482/782/455 1597/2313/1410 2149/2328/1866
f 2149/2330/1866 1597/2315/1410 674/1454/618 1328/1466/1173
f 1600/2331/1413 2149/2330/1866 1328/1466/1173 675/1465/619
f 453/702/429 965/718/899 2150/2332/1884 1594/2301/1425
f 965/718/899 455/717/431 1601/2333/1429 2150/2332/1884
f 2150/2334/1884 1601/2335/1429 633/1391/580 1302/1390/1152
f 1594/2303/1425 2150/2334/1884 1302/1390/1152 630/1379/578
f 421/586/397 887/599/830 2151/2336/1885 1598/2321/1428
f 887/599/830 422/598/398 1602/2337/1430 2151/2336/1885
f 2151/2336/1885 1602/2337/1430 614/2338/562 1224/2339/1083
f 1598/2321/1428 2151/2336/1885 1224/2339/1083 613/2322/561
f 558/1074/517 1123/1088/1030 2152/2340/1869 1603/2341/1431
f 1123/1088/1030 561/1092/520 1592/2293/1424 2152/2340/1869
f 2152/2342/1869 1592/2295/1424 751/1762/695 1460/1760/1305
f 1603/2343/1431 2152/2342/1869 1460/1760/1305 748/1744/692
f 484/808/457 992/807/921 2153/2344/1869 1604/2345/1424
f 992/807/921 483/792/456 1600/2329/1413 2153/2344/1869
f 2153/2346/1869 1600/2331/1413 675/1465/619 1329/1482/1174
f 1604/2347/1424 2153/2346/1869 1329/1482/1174 676/1481/620
f 422/598/398 888/611/831 2154/2348/1886 1602/2337/1430
f 888/611/831 423/610/399 1605/2349/1432 2154/2348/1886
f 2154/2348/1886 1605/2349/1432 615/2350/563 1225/2351/1084
f 1602/2337/1430 2154/2348/1886 1225/2351/1084 614/2338/562
f 557/1068/516 1124/1082/1031 2155/2352/1887 1606/2353/1433
f 1124/1082/1031 560/1086/519 1596/2309/1427 2155/2352/1887
f 2155/2354/1887 1596/2311/1427 750/1756/694 1461/1754/1306
f 1606/2355/1433 2155/2354/1887 1461/1754/1306 747/1738/691
f 485/822/458 993/821/922 2156/2356/1877 1607/2357/1383
f 993/821/922 484/808/457 1604/2345/1424 2156/2356/1877
f 2156/2358/1877 1604/2347/1424 676/1481/620 1330/1496/1175
f 1607/2359/1383 2156/2358/1877 1330/1496/1175 677/1495/621
f 455/717/431 967/727/900 2157/2360/1888 1601/2333/1429
f 967/727/900 457/677/432 1549/2123/1394 2157/2360/1888
f 2157/2361/1888 1549/2127/1394 635/1349/581 1304/1400/1153
f 1601/2335/1429 2157/2361/1888 1304/1400/1153 633/1391/580
f 423/610/399 889/623/832 2158/2362/1889 1605/2349/1432
f 889/623/832 424/622/400 1608/2363/1434 2158/2362/1889
f 2158/2362/1889 1608/2363/1434 616/2364/564 1226/2365/1085
f 1605/2349/1432 2158/2362/1889 1226/2365/1085 615/2350/563
f 556/1062/515 1125/1076/1032 2159/2366/1847 1609/2367/1391
f 1125/1076/1032 559/1080/518 1599/2325/1392 2159/2366/1847
f 2159/2368/1847 1599/2327/1392 749/1750/693 1462/1748/1307
f 1609/2369/1391 2159/2368/1847 1462/1748/1307 746/1732/690
f 486/837/459 994/836/923 2160/2370/1839 1610/2371/1368
f 994/836/923 485/822/458 1607/2357/1383 2160/2370/1839
f 2160/2372/1839 1607/2359/1383 677/1495/621 1331/1512/1176
f 1610/2373/1368 2160/2372/1839 1331/1512/1176 678/1511/622
f 451/647/427 916/646/855 2161/2374/1890 1570/2212/1407
f 916/646/855 418/645/394 1591/2287/1423 2161/2374/1890
f 2161/2374/1890 1591/2287/1423 611/2291/559 1253/2375/1108
f 1570/2212/1407 2161/2374/1890 1253/2375/1108 643/2213/587
f 424/622/400 890/635/833 2162/2376/1891 1608/2363/1434
f 890/635/833 425/634/401 1611/2377/1435 2162/2376/1891
f 2162/2376/1891 1611/2377/1435 617/2378/565 1227/2379/1086
f 1608/2363/1434 2162/2376/1891 1227/2379/1086 616/2364/564
f 555/1056/514 1126/1070/1033 2163/2380/1892 1568/2203/1406
f 1126/1070/1033 558/1074/517 1603/2341/1431 2163/2380/1892
f 2163/2381/1892 1603/2343/1431 748/1744/692 1463/1742/1308
f 1568/2205/1406 2163/2381/1892 1463/1742/1308 745/1726/689
f 487/853/460 995/852/924 2164/2382/1829 1612/2383/1436
f 995/852/924 486/837/459 1610/2371/1368 2164/2382/1829
f 2164/2384/1829 1610/2373/1368 678/1511/622 1332/1528/1177
f 1612/2385/1436 2164/2384/1829 1332/1528/1177 679/1527/623
f 443/588/419 943/591/882 2165/2386/1893 1548/2124/1393
f 943/591/882 441/576/417 1613/2387/1437 2165/2386/1893
f 2165/2388/1893 1613/2389/1437 649/1249/593 1280/1262/1135
f 1548/2126/1393 2165/2388/1893 1280/1262/1135 651/1261/595
f 425/634/401 891/641/834 2166/2390/1894 1611/2377/1435
f 891/641/834 426/564/402 1614/2391/1385 2166/2390/1894
f 2166/2390/1894 1614/2391/1385 618/2392/566 1228/2393/1087
f 1611/2377/1435 2166/2390/1894 1228/2393/1087 617/2378/565
f 554/1050/513 1127/1064/1034 2167/2394/1895 1522/2032/1367
f 1127/1064/1034 557/1068/516 1606/2353/1433 2167/2394/1895
f 2167/2395/1895 1606/2355/1433 747/1738/691 1464/1736/1309
f 1522/2034/1367 2167/2395/1895 1464/1736/1309 744/1720/688
f 488/866/461 996/865/925 2168/2396/1896 1574/2226/1411
f 996/865/925 487/853/460 1612/2383/1436 2168/2396/1896
f 2168/2397/1896 1612/2385/1436 679/1527/623 1333/1541/1178
f 1574/2228/1411 2168/2397/1896 1333/1541/1178 680/1540/624
f 434/553/410 918/550/857 2169/2398/1897 1544/2109/1389
f 918/550/857 436/549/412 1536/2075/1381 2169/2398/1897
f 2169/2398/1897 1536/2075/1381 645/2079/589 1255/2399/1110
f 1544/2109/1389 2169/2398/1897 1255/2399/1110 626/2110/574
f 426/564/402 892/563/835 2170/2400/1898 1614/2391/1385
f 892/563/835 427/562/403 1615/2401/1438 2170/2400/1898
f 2170/2400/1898 1615/2401/1438 619/2402/567 1229/2403/1088
f 1614/2391/1385 2170/2400/1898 1229/2403/1088 618/2392/566
f 553/1044/512 1128/1058/1035 2171/2404/1859 1529/2054/1374
f 1128/1058/1035 556/1062/515 1609/2367/1391 2171/2404/1859
f 2171/2405/1859 1609/2369/1391 746/1732/690 1465/1730/1310
f 1529/2056/1374 2171/2405/1859 1465/1730/1310 743/1714/687
f 441/576/417 945/579/884 2172/2406/1899 1613/2387/1437
f 945/579/884 438/558/414 1527/2043/1372 2172/2406/1899
f 2172/2407/1899 1527/2047/1372 646/1231/590 1282/1250/1137
f 1613/2389/1437 2172/2407/1899 1282/1250/1137 649/1249/593
f 427/562/403 893/581/836 2173/2408/1900 1615/2401/1438
f 893/581/836 428/580/404 1521/2025/1366 2173/2408/1900
f 2173/2408/1900 1521/2025/1366 620/2029/568 1230/2409/1089
f 1615/2401/1438 2173/2408/1900 1230/2409/1089 619/2402/567
f 785/1903/729 1648/2410/1471 2174/2411/1901 1643/1920/1466
f 1648/2410/1471 789/2412/733 1649/2413/1472 2174/2411/1901
f 2174/2411/1901 1649/2413/1472 783/1939/727 1642/1938/1465
f 1643/1920/1466 2174/2411/1901 1642/1938/1465 784/1921/728
f 789/2412/733 1650/2414/1473 2175/2415/1902 1649/2413/1472
f 1650/2414/1473 781/1963/725 1640/1962/1463 2175/2415/1902
f 2175/2415/1902 1640/1962/1463 782/1951/726 1641/1950/1464
f 1649/2413/1472 2175/2415/1902 1641/1950/1464 783/1939/727
f 786/1885/730 1651/2416/1474 2176/2417/1903 1644/1902/1467
f 1651/2416/1474 790/2418/734 1652/2419/1475 2176/2417/1903
f 2176/2417/1903 1652/2419/1475 789/2412/733 1648/2410/1471
f 1644/1902/1467 2176/2417/1903 1648/2410/1471 785/1903/729
f 790/2418/734 1653/2420/1476 2177/2421/1904 1652/2419/1475
f 1653/2420/1476 780/1975/724 1639/1974/1462 2177/2421/1904
f 2177/2421/1904 1639/1974/1462 781/1963/725 1650/2414/1473
f 1652/2419/1475 2177/2421/1904 1650/2414/1473 789/2412/733
f 787/1867/731 1654/2422/1477 2178/2423/1905 1645/1884/1468
f 1654/2422/1477 791/2424/735 1655/2425/1478 2178/2423/1905
f 2178/2423/1905 1655/2425/1478 790/2418/734 1651/2416/1474
f 1645/1884/1468 2178/2423/1905 1651/2416/1474 786/1885/730
f 791/2424/735 1656/2426/1479 2179/2427/1906 1655/2425/1478
f 1656/2426/1479 779/1987/723 1638/1986/1461 2179/2427/1906
f 2179/2427/1906 1638/1986/1461 780/1975/724 1653/2420/1476
f 1655/2425/1478 2179/2427/1906 1653/2420/1476 790/2418/734
f 788/1865/732 1657/2428/1480 2180/2429/1907 1646/1866/1469
f 1657/2428/1480 792/2430/736 1658/2431/1481 2180/2429/1907
f 2180/2429/1907 1658/2431/1481 791/2424/735 1654/2422/1477
f 1646/1866/1469 2180/2429/1907 1654/2422/1477 787/1867/731
f 792/2430/736 1659/2432/1482 2181/2433/1908 1658/2431/1481
f 1659/2432/1482 778/1999/722 1637/1998/1460 2181/2433/1908
f 2181/2433/1908 1637/1998/1460 779/1987/723 1656/2426/1479
f 1658/2431/1481 2181/2433/1908 1656/2426/1479 791/2424/735
f 758/1927/702 1660/2434/1483 2182/2435/1909 1647/2436/1470
f 1660/2434/1483 793/2437/737 1661/2438/737 2182/2435/1909
f 2182/2435/1909 1661/2438/737 792/2430/736 1657/2428/1480
f 1647/2436/1470 2182/2435/1909 1657/2428/1480 788/1865/732
f 793/2437/737 1662/2439/1484 2183/2440/1910 1661/2438/737
f 1662/2439/1484 777/2011/721 1636/2010/1459 2183/2440/1910
f 2183/2440/1910 1636/2010/1459 778/1999/722 1659/2432/1482
f 1661/2438/737 2183/2440/1910 1659/2432/1482 792/2430/736
f 757/1909/701 1663/2441/1485 2184/2442/1911 1616/1926/1439
f 1663/2441/1485 794/2443/738 1664/2444/1486 2184/2442/1911
f 2184/2442/1911 1664/2444/1486 793/2437/737 1660/2434/1483
f 1616/1926/1439 2184/2442/1911 1660/2434/1483 758/1927/702
f 794/2443/738 1665/2445/1487 2185/2446/1912 1664/2444/1486
f 1665/2445/1487 776/2447/720 1635/2448/1458 2185/2446/1912
f 2185/2446/1912 1635/2448/1458 777/2011/721 1662/2439/1484
f 1664/2444/1486 2185/2446/1912 1662/2439/1484 793/2437/737
f 759/1891/703 1666/2449/1488 2186/2450/1913 1617/1908/1440
f 1666/2449/1488 795/2451/361 1667/2452/361 2186/2450/1913
f 2186/2450/1913 1667/2452/361 794/2443/738 1663/2441/1485
f 1617/1908/1440 2186/2450/1913 1663/2441/1485 757/1909/701
f 795/2451/361 1668/2453/1489 2187/2454/1914 1667/2452/361
f 1668/2453/1489 775/1856/719 1634/2455/1457 2187/2454/1914
f 2187/2454/1914 1634/2455/1457 776/2447/720 1665/2445/1487
f 1667/2452/361 2187/2454/1914 1665/2445/1487 794/2443/738
f 760/1873/704 1669/2456/1490 2188/2457/1915 1618/1890/1441
f 1669/2456/1490 796/2458/739 1670/2459/361 2188/2457/1915
f 2188/2457/1915 1670/2459/361 795/2451/361 1666/2449/1488
f 1618/1890/1441 2188/2457/1915 1666/2449/1488 759/1891/703
f 796/2458/739 1671/2460/1491 2189/2461/1916 1670/2459/361
f 1671/2460/1491 774/1858/718 1633/1857/1456 2189/2461/1916
f 2189/2461/1916 1633/1857/1456 775/1856/719 1668/2453/1489
f 1670/2459/361 2189/2461/1916 1668/2453/1489 795/2451/361
f 761/1849/705 1672/2462/1492 2190/2463/1917 1619/1872/1442
f 1672/2462/1492 797/2464/740 1673/2465/1493 2190/2463/1917
f 2190/2463/1917 1673/2465/1493 796/2458/739 1669/2456/1490
f 1619/1872/1442 2190/2463/1917 1669/2456/1490 760/1873/704
f 797/2464/740 1674/2466/1494 2191/2467/1918 1673/2465/1493
f 1674/2466/1494 773/1879/717 1632/1878/1455 2191/2467/1918
f 2191/2467/1918 1632/1878/1455 774/1858/718 1671/2460/1491
f 1673/2465/1493 2191/2467/1918 1671/2460/1491 796/2458/739
f 762/1847/706 1675/2468/1495 2192/2469/1919 1620/1848/1443
f 1675/2468/1495 798/2470/741 1676/2471/740 2192/2469/1919
f 2192/2469/1919 1676/2471/740 797/2464/740 1672/2462/1492
f 1620/1848/1443 2192/2469/1919 1672/2462/1492 761/1849/705
f 798/2470/741 1677/2472/1496 2193/2473/1920 1676/2471/740
f 1677/2472/1496 772/1897/716 1631/1896/1454 2193/2473/1920
f 2193/2473/1920 1631/1896/1454 773/1879/717 1674/2466/1494
f 1676/2471/740 2193/2473/1920 1674/2466/1494 797/2464/740
f 763/2017/707 1678/2474/1497 2194/2475/1921 1621/2476/1444
f 1678/2474/1497 799/2477/742 1679/2478/1498 2194/2475/1921
f 2194/2475/1921 1679/2478/1498 798/2470/741 1675/2468/1495
f 1621/2476/1444 2194/2475/1921 1675/2468/1495 762/1847/706
f 799/2477/742 1680/2479/1499 2195/2480/1922 1679/2478/1498
f 1680/2479/1499 771/1915/715 1630/1914/1453 2195/2480/1922
f 2195/2480/1922 1630/1914/1453 772/1897/716 1677/2472/1496
f 1679/2478/1498 2195/2480/1922 1677/2472/1496 798/2470/741
f 764/2005/708 1681/2481/1500 2196/2482/1923 1622/2016/1445
f 1681/2481/1500 800/2483/743 1682/2484/1501 2196/2482/1923
f 2196/2482/1923 1682/2484/1501 799/2477/742 1678/2474/1497
f 1622/2016/1445 2196/2482/1923 1678/2474/1497 763/2017/707
f 800/2483/743 1683/2485/1502 2197/2486/1924 1682/2484/1501
f 1683/2485/1502 770/1933/714 1629/1932/1452 2197/2486/1924
f 2197/2486/1924 1629/1932/1452 771/1915/715 1680/2479/1499
f 1682/2484/1501 2197/2486/1924 1680/2479/1499 799/2477/742
f 765/1993/709 1684/2487/1503 2198/2488/1925 1623/2004/1446
f 1684/2487/1503 801/2489/744 1685/2490/1504 2198/2488/1925
f 2198/2488/1925 1685/2490/1504 800/2483/743 1681/2481/1500
f 1623/2004/1446 2198/2488/1925 1681/2481/1500 764/2005/708
f 801/2489/744 1686/2491/1505 2199/2492/1926 1685/2490/1504
f 1686/2491/1505 769/1945/713 1628/1944/1451 2199/2492/1926
f 2199/2492/1926 1628/1944/1451 770/1933/714 1683/2485/1502
f 1685/2490/1504 2199/2492/1926 1683/2485/1502 800/2483/743
f 766/1981/710 1625/1980/1448 2200/2493/1927 1624/1992/1447
f 1625/1980/1448 767/1969/711 1687/2494/1506 2200/2493/1927
f 2200/2493/1927 1687/2494/1506 801/2489/744 1684/2487/1503
f 1624/1992/1447 2200/2493/1927 1684/2487/1503 765/1993/709
f 767/1969/711 1626/1968/1449 2201/2495/1928 1687/2494/1506
f 1626/1968/1449 768/1957/712 1627/1956/1450 2201/2495/1928
f 2201/2495/1928 1627/1956/1450 769/1945/713 1686/2491/1505
f 1687/2494/1506 2201/2495/1928 1686/2491/1505 801/2489/744
f 805/1863/748 1723/2496/1542 2202/2497/1929 1489/1864/1334
f 1723/2496/1542 815/1922/758 1701/1925/1520 2202/2497/1929
f 2202/2497/1929 1701/1925/1520 758/1927/702 1647/2436/1470
f 1489/1864/1334 2202/2497/1929 1647/2436/1470 788/1865/732
f 804/1854/747 1722/2498/1541 2203/2499/1930 1488/1855/1333
f 1722/2498/1541 802/2500/745 1486/2501/1331 2203/2499/1930
f 2203/2499/1930 1486/2501/1331 776/2447/720 1634/2455/1457
f 1488/1855/1333 2203/2499/1930 1634/2455/1457 775/1856/719
f 803/1845/746 1721/2502/1540 2204/2503/1931 1487/1846/1332
f 1721/2502/1540 832/2012/775 1718/2015/1537 2204/2503/1931
f 2204/2503/1931 1718/2015/1537 763/2017/707 1621/2476/1444
f 1487/1846/1332 2204/2503/1931 1621/2476/1444 762/1847/706
f 802/2500/745 1720/2504/1539 2205/2505/1932 1486/2501/1331
f 1720/2504/1539 830/2006/773 1716/2009/1535 2205/2505/1932
f 2205/2505/1932 1716/2009/1535 777/2011/721 1635/2448/1458
f 1486/2501/1331 2205/2505/1932 1635/2448/1458 776/2447/720
f 712/1785/656 1398/1792/1243 2206/2506/1933 1688/2507/1507
f 1398/1792/1243 713/1618/657 1514/2508/1359 2206/2506/1933
f 2206/2509/1933 1514/2510/1359 830/2006/773 1720/2504/1539
f 1688/2511/1507 2206/2509/1933 1720/2504/1539 802/2500/745
f 698/1776/642 1384/1789/1229 2207/2512/1934 1689/2513/1508
f 1384/1789/1229 699/1609/643 1516/2514/1361 2207/2512/1934
f 2207/2515/1934 1516/2516/1361 832/2012/775 1721/2502/1540
f 1689/2517/1508 2207/2515/1934 1721/2502/1540 803/1845/746
f 711/1770/655 1397/1786/1242 2208/2518/1935 1690/2519/1509
f 1397/1786/1242 712/1785/656 1688/2507/1507 2208/2518/1935
f 2208/2520/1935 1688/2511/1507 802/2500/745 1722/2498/1541
f 1690/2521/1509 2208/2520/1935 1722/2498/1541 804/1854/747
f 724/1764/668 1410/1780/1255 2209/2522/1936 1691/2523/1510
f 1410/1780/1255 694/1705/638 1499/2524/1344 2209/2522/1936
f 2209/2525/1936 1499/2526/1344 815/1922/758 1723/2496/1542
f 1691/2527/1510 2209/2525/1936 1723/2496/1542 805/1863/748
f 699/1609/643 1385/1608/1230 2210/2528/1937 1516/2514/1361
f 1385/1608/1230 700/1607/644 1719/2529/1538 2210/2528/1937
f 2210/2530/1937 1719/2531/1538 833/2000/776 1724/2013/1543
f 1516/2516/1361 2210/2530/1937 1724/2013/1543 832/2012/775
f 713/1618/657 1399/1617/1244 2211/2532/1938 1514/2508/1359
f 1399/1617/1244 714/1616/658 1717/2533/1536 2211/2532/1938
f 2211/2534/1938 1717/2535/1536 831/1994/774 1725/2007/1544
f 1514/2510/1359 2211/2534/1938 1725/2007/1544 830/2006/773
f 700/1607/644 1386/1624/1231 2212/2536/1939 1719/2529/1538
f 1386/1624/1231 701/1623/645 1715/2537/1534 2212/2536/1939
f 2212/2538/1939 1715/2539/1534 829/1988/772 1726/2001/1545
f 1719/2531/1538 2212/2538/1939 1726/2001/1545 833/2000/776
f 714/1616/658 1400/1630/1245 2213/2540/1940 1717/2533/1536
f 1400/1630/1245 715/1629/659 1714/2541/1533 2213/2540/1940
f 2213/2542/1940 1714/2543/1533 828/1982/771 1727/1995/1546
f 1717/2535/1536 2213/2542/1940 1727/1995/1546 831/1994/774
f 701/1623/645 1387/1636/1232 2214/2544/1941 1715/2537/1534
f 1387/1636/1232 702/1635/646 1713/2545/1532 2214/2544/1941
f 2214/2546/1941 1713/2547/1532 827/1976/770 1728/1989/1547
f 1715/2539/1534 2214/2546/1941 1728/1989/1547 829/1988/772
f 715/1629/659 1401/1642/1246 2215/2548/1942 1714/2541/1533
f 1401/1642/1246 716/1641/660 1712/2549/1531 2215/2548/1942
f 2215/2550/1942 1712/2551/1531 826/1970/769 1729/1983/1548
f 1714/2543/1533 2215/2550/1942 1729/1983/1548 828/1982/771
f 702/1635/646 1388/1648/1233 2216/2552/1943 1713/2545/1532
f 1388/1648/1233 703/1647/647 1711/2553/1530 2216/2552/1943
f 2216/2554/1943 1711/2555/1530 825/1964/768 1730/1977/1549
f 1713/2547/1532 2216/2554/1943 1730/1977/1549 827/1976/770
f 716/1641/660 1402/1654/1247 2217/2556/1944 1712/2549/1531
f 1402/1654/1247 717/1653/661 1710/2557/1529 2217/2556/1944
f 2217/2558/1944 1710/2559/1529 824/1958/767 1731/1971/1550
f 1712/2551/1531 2217/2558/1944 1731/1971/1550 826/1970/769
f 703/1647/647 1389/1660/1234 2218/2560/1945 1711/2553/1530
f 1389/1660/1234 704/1659/648 1709/2561/1528 2218/2560/1945
f 2218/2562/1945 1709/2563/1528 823/1952/766 1732/1965/1551
f 1711/2555/1530 2218/2562/1945 1732/1965/1551 825/1964/768
f 717/1653/661 1403/1666/1248 2219/2564/1946 1710/2557/1529
f 1403/1666/1248 718/1665/662 1708/2565/1527 2219/2564/1946
f 2219/2566/1946 1708/2567/1527 822/1946/765 1733/1959/1552
f 1710/2559/1529 2219/2566/1946 1733/1959/1552 824/1958/767
f 704/1659/648 1390/1672/1235 2220/2568/1947 1709/2561/1528
f 1390/1672/1235 705/1671/649 1707/2569/1526 2220/2568/1947
f 2220/2570/1947 1707/2571/1526 821/1940/764 1734/1953/1553
f 1709/2563/1528 2220/2570/1947 1734/1953/1553 823/1952/766
f 718/1665/662 1404/1678/1249 2221/2572/1948 1708/2565/1527
f 1404/1678/1249 719/1677/663 1706/2573/1525 2221/2572/1948
f 2221/2574/1948 1706/2575/1525 820/1934/763 1735/1947/1554
f 1708/2567/1527 2221/2574/1948 1735/1947/1554 822/1946/765
f 705/1671/649 1391/1684/1236 2222/2576/1949 1707/2569/1526
f 1391/1684/1236 706/1683/650 1705/2577/1524 2222/2576/1949
f 2222/2578/1949 1705/2579/1524 819/1928/762 1736/1941/1555
f 1707/2571/1526 2222/2578/1949 1736/1941/1555 821/1940/764
f 719/1677/663 1405/1690/1250 2223/2580/1950 1706/2573/1525
f 1405/1690/1250 720/1689/664 1704/2581/1523 2223/2580/1950
f 2223/2582/1950 1704/2583/1523 818/1916/761 1737/1935/1556
f 1706/2575/1525 2223/2582/1950 1737/1935/1556 820/1934/763
f 706/1683/650 1392/1696/1237 2224/2584/1951 1705/2577/1524
f 1392/1696/1237 707/1695/651 1703/2585/1522 2224/2584/1951
f 2224/2586/1951 1703/2587/1522 817/1910/760 1738/1929/1557
f 1705/2579/1524 2224/2586/1951 1738/1929/1557 819/1928/762
f 694/1705/638 1379/1704/1224 2225/2588/1952 1499/2524/1344
f 1379/1704/1224 693/1703/637 1702/2589/1521 2225/2588/1952
f 2225/2590/1952 1702/2591/1521 816/1904/759 1739/1923/1558
f 1499/2526/1344 2225/2590/1952 1739/1923/1558 815/1922/758
f 720/1689/664 1406/1711/1251 2226/2592/1953 1704/2581/1523
f 1406/1711/1251 721/1710/665 1700/2593/1519 2226/2592/1953
f 2226/2594/1953 1700/2595/1519 814/1898/757 1740/1917/1559
f 1704/2583/1523 2226/2594/1953 1740/1917/1559 818/1916/761
f 707/1695/651 1393/1717/1238 2227/2596/1954 1703/2585/1522
f 1393/1717/1238 708/1716/652 1699/2597/1518 2227/2596/1954
f 2227/2598/1954 1699/2599/1518 813/1892/756 1741/1911/1560
f 1703/2587/1522 2227/2598/1954 1741/1911/1560 817/1910/760
f 693/1703/637 1380/1723/1225 2228/2600/1955 1702/2589/1521
f 1380/1723/1225 695/1722/639 1698/2601/1517 2228/2600/1955
f 2228/2602/1955 1698/2603/1517 812/1886/755 1742/1905/1561
f 1702/2591/1521 2228/2602/1955 1742/1905/1561 816/1904/759
f 721/1710/665 1407/1729/1252 2229/2604/1956 1700/2593/1519
f 1407/1729/1252 722/1728/666 1697/2605/1516 2229/2604/1956
f 2229/2606/1956 1697/2607/1516 811/1880/754 1743/1899/1562
f 1700/2595/1519 2229/2606/1956 1743/1899/1562 814/1898/757
f 708/1716/652 1394/1735/1239 2230/2608/1957 1699/2597/1518
f 1394/1735/1239 709/1734/653 1696/2609/1515 2230/2608/1957
f 2230/2610/1957 1696/2611/1515 810/1874/753 1744/1893/1563
f 1699/2599/1518 2230/2610/1957 1744/1893/1563 813/1892/756
f 695/1722/639 1381/1741/1226 2231/2612/1958 1698/2601/1517
f 1381/1741/1226 696/1740/640 1695/2613/1514 2231/2612/1958
f 2231/2614/1958 1695/2615/1514 809/1868/752 1745/1887/1564
f 1698/2603/1517 2231/2614/1958 1745/1887/1564 812/1886/755
f 722/1728/666 1408/1747/1253 2232/2616/1959 1697/2605/1516
f 1408/1747/1253 723/1746/667 1694/2617/1513 2232/2616/1959
f 2232/2618/1959 1694/2619/1513 808/1859/751 1746/1881/1565
f 1697/2607/1516 2232/2618/1959 1746/1881/1565 811/1880/754
f 709/1734/653 1395/1753/1240 2233/2620/1960 1696/2609/1515
f 1395/1753/1240 710/1752/654 1693/2621/1512 2233/2620/1960
f 2233/2622/1960 1693/2623/1512 807/1850/750 1747/1875/1566
f 1696/2611/1515 2233/2622/1960 1747/1875/1566 810/1874/753
f 696/1740/640 1382/1759/1227 2234/2624/1961 1695/2613/1514
f 1382/1759/1227 697/1758/641 1692/2625/1511 2234/2624/1961
f 2234/2626/1961 1692/2627/1511 806/1841/749 1748/1869/1567
f 1695/2615/1514 2234/2626/1961 1748/1869/1567 809/1868/752
f 723/1746/667 1409/1765/1254 2235/2628/1962 1694/2617/1513
f 1409/1765/1254 724/1764/668 1691/2523/1510 2235/2628/1962
f 2235/2629/1962 1691/2527/1510 805/1863/748 1749/1860/1568
f 1694/2619/1513 2235/2629/1962 1749/1860/1568 808/1859/751
f 710/1752/654 1396/1771/1241 2236/2630/1963 1693/2621/1512
f 1396/1771/1241 711/1770/655 1690/2519/1509 2236/2630/1963
f 2236/2631/1963 1690/2521/1509 804/1854/747 1750/1851/1569
f 1693/2623/1512 2236/2631/1963 1750/1851/1569 807/1850/750
f 697/1758/641 1383/1777/1228 2237/2632/1964 1692/2625/1511
f 1383/1777/1228 698/1776/642 1689/2513/1508 2237/2632/1964
f 2237/2633/1964 1689/2517/1508 803/1845/746 1751/1842/1570
f 1692/2627/1511 2237/2633/1964 1751/1842/1570 806/1841/749
f 841/1836/784 1759/1835/1578 2238/2634/1965 1767/2635/1586
f 1759/1835/1578 842/1834/785 1768/2636/1587 2238/2634/1965
f 2238/2634/1965 1768/2636/1587 851/1820/794 1769/1819/1588
f 1767/2635/1586 2238/2634/1965 1769/1819/1588 850/1818/793
f 840/2637/783 1758/2638/1577 2239/2639/1966 1766/2640/1585
f 1758/2638/1577 841/1836/784 1767/2635/1586 2239/2639/1966
f 2239/2639/1966 1767/2635/1586 850/1818/793 1770/2641/1589
f 1766/2640/1585 2239/2639/1966 1770/2641/1589 849/2642/792
f 839/2643/782 1757/2644/1576 2240/2645/1967 1765/2646/1584
f 1757/2644/1576 840/2637/783 1766/2640/1585 2240/2645/1967
f 2240/2645/1967 1766/2640/1585 849/2642/792 1771/2647/1590
f 1765/2646/1584 2240/2645/1967 1771/2647/1590 848/1826/791
f 838/2648/781 1756/2649/1575 2241/2650/1968 1764/2651/1583
f 1756/2649/1575 839/2643/782 1765/2646/1584 2241/2650/1968
f 2241/2650/1968 1765/2646/1584 848/1826/791 1772/1825/1591
f 1764/2651/1583 2241/2650/1968 1772/1825/1591 847/1824/790
f 837/1802/780 1755/2652/1574 2242/2653/1969 1763/2654/1582
f 1755/2652/1574 838/2648/781 1764/2651/1583 2242/2653/1969
f 2242/2653/1969 1764/2651/1583 847/1824/790 1773/2655/1592
f 1763/2654/1582 2242/2653/1969 1773/2655/1592 846/2656/789
f 836/1804/779 1754/1803/1573 2243/2657/1970 1762/2658/1581
f 1754/1803/1573 837/1802/780 1763/2654/1582 2243/2657/1970
f 2243/2657/1970 1763/2654/1582 846/2656/789 1774/2659/1593
f 1762/2658/1581 2243/2657/1970 1774/2659/1593 845/1840/788
f 834/1808/777 1753/1807/1572 2244/2660/1971 1761/2661/1580
f 1753/1807/1572 836/1804/779 1762/2658/1581 2244/2660/1971
f 2244/2660/1971 1762/2658/1581 845/1840/788 1775/1839/1594
f 1761/2661/1580 2244/2660/1971 1775/1839/1594 844/1814/787
f 835/1830/778 1752/1829/1571 2245/2662/1972 1760/2663/1579
f 1752/1829/1571 834/1808/777 1761/2661/1580 2245/2662/1972
f 2245/2662/1972 1761/2661/1580 844/1814/787 1776/1813/1595
f 1760/2663/1579 2245/2662/1972 1776/1813/1595 843/1812/786
f 733/1651/677 1478/1649/1323 2246/2664/1973 1443/1823/1288
f 1478/1649/1323 731/1639/675 1783/2665/1602 2246/2664/1973
f 2246/2664/1973 1783/2665/1602 846/2656/789 1773/2655/1592
f 1443/1823/1288 2246/2664/1973 1773/2655/1592 847/1824/790
f 684/1580/628 1338/1591/1183 2247/2666/1974 1782/1801/1601
f 1338/1591/1183 685/1590/629 1784/2667/1603 2247/2666/1974
f 2247/2666/1974 1784/2667/1603 838/2648/781 1755/2652/1574
f 1782/1801/1601 2247/2666/1974 1755/2652/1574 837/1802/780
f 726/1610/670 1412/1795/1257 2248/2668/1975 1780/1811/1599
f 1412/1795/1257 681/1550/625 1444/1828/1289 2248/2668/1975
f 2248/2668/1975 1444/1828/1289 835/1830/778 1760/2663/1579
f 1780/1811/1599 2248/2668/1975 1760/2663/1579 843/1812/786
f 739/1687/683 1472/1685/1317 2249/2669/1976 1778/1817/1597
f 1472/1685/1317 737/1675/681 1785/2670/1604 2249/2669/1976
f 2249/2669/1976 1785/2670/1604 849/2642/792 1770/2641/1589
f 1778/1817/1597 2249/2669/1976 1770/2641/1589 850/1818/793
f 685/1590/629 1339/1598/1184 2250/2671/1977 1784/2667/1603
f 1339/1598/1184 686/1450/630 1786/2672/1605 2250/2671/1977
f 2250/2671/1977 1786/2672/1605 839/2643/782 1756/2649/1575
f 1784/2667/1603 2250/2671/1977 1756/2649/1575 838/2648/781
f 731/1639/675 1480/1637/1325 2251/2673/1978 1783/2665/1602
f 1480/1637/1325 729/1627/673 1448/1838/1293 2251/2673/1978
f 2251/2673/1978 1448/1838/1293 845/1840/788 1774/2659/1593
f 1783/2665/1602 2251/2673/1978 1774/2659/1593 846/2656/789
f 686/1450/630 1340/1449/1185 2252/2674/1979 1786/2672/1605
f 1340/1449/1185 687/1448/631 1787/2675/1606 2252/2674/1979
f 2252/2674/1979 1787/2675/1606 840/2637/783 1757/2644/1576
f 1786/2672/1605 2252/2674/1979 1757/2644/1576 839/2643/782
f 689/1477/633 1451/1797/1296 2253/2676/1980 1447/1833/1292
f 1451/1797/1296 742/1708/686 1779/1816/1598 2253/2676/1980
f 2253/2676/1980 1779/1816/1598 851/1820/794 1768/2636/1587
f 1447/1833/1292 2253/2676/1980 1768/2636/1587 842/1834/785
f 737/1675/681 1474/1673/1319 2254/2677/1981 1785/2670/1604
f 1474/1673/1319 735/1663/679 1777/1822/1596 2254/2677/1981
f 2254/2677/1981 1777/1822/1596 848/1826/791 1771/2647/1590
f 1785/2670/1604 2254/2677/1981 1771/2647/1590 849/2642/792
f 687/1448/631 1341/1462/1186 2255/2678/1982 1787/2675/1606
f 1341/1462/1186 688/1461/632 1446/1832/1291 2255/2678/1982
f 2255/2678/1982 1446/1832/1291 841/1836/784 1758/2638/1577
f 1787/2675/1606 2255/2678/1982 1758/2638/1577 840/2637/783
