# Blender 5.0.1
# www.blender.org
mtllib Radio.mtl
o Radio
v -0.922350 -0.026748 -0.198044
v -1.047123 0.038778 -0.196338
v -0.986564 -0.013934 -0.197166
v -1.006133 -0.004419 -0.196898
v -1.037756 0.021780 -0.196466
v -1.058166 1.217951 -0.196187
v -1.055383 1.246985 -0.196225
v -1.023656 1.294559 -0.196659
v -0.965645 1.322929 -0.197452
v 1.203279 0.037738 -0.227118
v 1.178225 0.007586 -0.226776
v 1.160928 -0.004419 -0.226539
v 1.141359 -0.013934 -0.226271
v 1.097100 -0.024962 -0.225666
v 1.141595 1.316079 -0.226275
v 1.192787 1.280365 -0.226975
v -1.017261 -0.051521 -0.181640
v -1.016003 -0.050294 -0.188748
v -1.048887 -0.036201 -0.181207
v -1.047283 -0.035140 -0.188320
v -1.098362 0.004591 -0.180531
v -1.096267 0.005252 -0.187650
v -1.128641 0.090271 -0.180117
v -1.126285 0.090345 -0.187240
v -0.913175 1.374722 -0.183064
v -0.913443 1.373257 -0.190151
v 1.172468 1.353810 -0.211591
v 1.171017 1.352583 -0.218662
v 1.253570 1.297698 -0.212700
v 1.251281 1.297036 -0.219760
v -0.939773 -0.019735 -0.197806
v -0.933740 -0.020266 -0.197889
v -0.964438 -0.019540 -0.197469
v -0.958064 -0.016628 -0.197556
v -0.945297 -0.023000 -0.197730
v -0.980298 -0.011433 -0.197252
v -0.977340 -0.011790 -0.197292
v -0.973993 -0.013476 -0.197338
v -0.998334 -0.003705 -0.197005
v -0.987912 -0.011934 -0.197148
v -1.017862 0.007068 -0.196738
v -1.009395 0.002737 -0.196854
v -1.035205 0.021048 -0.196501
v -1.024059 0.014174 -0.196653
v -1.039076 0.032230 -0.196448
v -1.036150 0.025199 -0.196488
v -0.939968 1.322340 -0.197804
v -0.945017 1.323474 -0.197735
v -0.951432 1.322462 -0.197647
v -0.964703 1.321665 -0.197465
v -0.970878 1.318126 -0.197381
v -0.980636 1.313507 -0.197247
v -0.988169 1.314059 -0.197144
v -0.995675 1.306640 -0.197042
v -1.001645 1.305768 -0.196960
v -1.009733 1.299337 -0.196849
v -1.021337 1.294702 -0.196691
v -1.023719 1.290437 -0.196658
v -1.028675 1.283660 -0.196590
v -1.037248 1.278934 -0.196473
v -1.037083 1.272217 -0.196475
v -1.042686 1.267623 -0.196399
v -1.044643 1.259868 -0.196372
v -1.046637 1.254662 -0.196345
v -1.051223 1.245065 -0.196282
v -1.050219 1.234357 -0.196296
v 1.088535 -0.020266 -0.225549
v 1.095857 -0.021377 -0.225649
v 1.100092 -0.023000 -0.225707
v 1.108880 -0.017996 -0.225827
v 1.115768 -0.016751 -0.225921
v 1.125372 -0.016029 -0.226053
v 1.135093 -0.011433 -0.226186
v 1.147290 -0.006544 -0.226352
v 1.164190 0.002737 -0.226584
v 1.172657 0.007068 -0.226699
v 1.180422 0.016505 -0.226806
v 1.190000 0.021047 -0.226937
v 1.190944 0.025199 -0.226950
v 1.197180 0.034474 -0.227035
v 1.201918 0.038778 -0.227100
v 1.201094 0.047412 -0.227088
v 1.205718 0.057010 -0.227152
v 1.203321 0.062413 -0.227119
v 1.210398 0.079035 -0.227216
v 1.099501 1.321809 -0.225699
v 1.118165 1.320039 -0.225954
v 1.113765 1.318691 -0.225894
v 1.102593 1.325125 -0.225741
v 1.140085 1.315217 -0.226254
v 1.129141 1.315549 -0.226105
v 1.153481 1.305779 -0.226437
v 1.145092 1.311293 -0.226323
v 1.172971 1.295029 -0.226704
v 1.166791 1.297140 -0.226620
v 1.161811 1.304651 -0.226551
v 1.190269 1.281077 -0.226941
v 1.179207 1.287899 -0.226789
v 1.200948 1.265706 -0.227087
v 1.194224 1.269844 -0.226995
v 1.191259 1.276898 -0.226954
v 1.207719 1.248904 -0.227179
v 1.199602 1.257494 -0.227068
v 1.202187 1.263347 -0.227104
v 1.210667 1.222321 -0.227220
v 1.204201 1.242949 -0.227131
v 1.208364 1.246300 -0.227188
v -1.049600 1.206894 -0.196304
v 1.077780 -0.019073 -0.225402
v 1.078234 -0.024933 -0.225408
v 1.210789 1.215941 -0.227221
v -0.911081 -0.060189 -0.197902
v -0.911823 -0.064691 -0.196817
v -0.912412 -0.068388 -0.194418
v -0.974590 1.353743 -0.197034
v -0.977479 1.357917 -0.195919
v -0.979830 1.361343 -0.193496
v -1.059847 1.312333 -0.195868
v -1.065920 1.315004 -0.194710
v -1.070885 1.317196 -0.192251
v -1.104642 1.245679 -0.195255
v -1.112079 1.246395 -0.194078
v -1.118164 1.246982 -0.191604
v -1.108341 1.210460 -0.195205
v -1.115866 1.210689 -0.194027
v -1.122022 1.210877 -0.191551
v 1.095595 -0.057680 -0.225349
v 1.097230 -0.062105 -0.224297
v 1.098592 -0.065738 -0.221924
v 1.160945 -0.041266 -0.226243
v 1.165123 -0.045037 -0.225225
v 1.168573 -0.048133 -0.222881
v 1.189671 -0.027339 -0.226636
v 1.194915 -0.030598 -0.225633
v 1.199241 -0.033273 -0.223301
v 1.214650 -0.010044 -0.226978
v 1.220752 -0.012715 -0.225986
v 1.225782 -0.014907 -0.223664
v 1.250150 0.032544 -0.227463
v 1.257355 0.031176 -0.226487
v 1.263290 0.030054 -0.224177
v 1.069778 1.362478 -0.224996
v 1.069209 1.366980 -0.223914
v 1.068763 1.370677 -0.221516
v -0.912787 -0.070968 -0.190160
v -0.912936 -0.072434 -0.183067
v -0.981436 1.363735 -0.189221
v -0.982284 1.365093 -0.182119
v -1.074315 1.318726 -0.187951
v -1.076199 1.319595 -0.180834
v -1.122376 1.247392 -0.187293
v -1.124704 1.247625 -0.180171
v -1.126285 1.211008 -0.187240
v -1.128641 1.211083 -0.180117
v 1.099579 -0.068274 -0.217684
v 1.100203 -0.069713 -0.210602
v 1.171017 -0.050294 -0.218662
v 1.172468 -0.051521 -0.211591
v 1.202296 -0.035140 -0.219089
v 1.204095 -0.036201 -0.212023
v 1.229329 -0.016437 -0.219459
v 1.231407 -0.017306 -0.212397
v 1.267469 0.029270 -0.219981
v 1.269905 0.028825 -0.212923
v 1.068487 1.373257 -0.217260
v 1.068394 1.374722 -0.210168
v -1.013675 -0.048133 -0.193033
v -1.010291 -0.045037 -0.195470
v -1.006142 -0.041266 -0.196602
v -1.044343 -0.033273 -0.192613
v -1.040083 -0.030598 -0.195063
v -1.034868 -0.027339 -0.196209
v -1.092464 0.006418 -0.191955
v -1.086965 0.008087 -0.194422
v -1.080242 0.010120 -0.195588
v -1.122022 0.090476 -0.191551
v -1.115866 0.090664 -0.194026
v -1.108341 0.090893 -0.195204
v -0.913801 1.370677 -0.194399
v -0.914264 1.366980 -0.196784
v -0.914802 1.362478 -0.197852
v 1.168573 1.350421 -0.222881
v 1.165123 1.347326 -0.225226
v 1.160945 1.343554 -0.226243
v 1.247361 1.295871 -0.223959
v 1.241798 1.294202 -0.226274
v 1.235045 1.292169 -0.227257
v -1.129068 1.185911 -0.180111
v -1.126709 1.185871 -0.187234
v -0.986513 0.032392 -0.197167
v -0.947180 -0.012613 -0.197705
v -0.974874 0.010307 -0.197326
v -0.975068 -0.007486 -0.197323
v -0.978807 -0.005321 -0.197272
v -0.981881 -0.005278 -0.197230
v -0.996553 0.014283 -0.197029
v -1.012033 0.018141 -0.196818
v 1.144804 0.032392 -0.226318
v 1.184324 0.044342 -0.226859
v 1.191521 0.035121 -0.226957
v 1.184774 0.025082 -0.226865
v 1.168086 0.021407 -0.226637
v 1.142450 0.009742 -0.226286
v 1.125613 -0.002119 -0.226056
v 1.102201 -0.015404 -0.225736
v 1.117031 -0.003683 -0.225939
v 1.095627 -0.013138 -0.225646
v -1.020457 1.242912 -0.196703
v -1.030028 1.257615 -0.196572
v -1.027522 1.264327 -0.196606
v -1.010294 1.271442 -0.196842
v -1.023531 1.281291 -0.196661
v -1.018855 1.288906 -0.196725
v -1.002120 1.291699 -0.196954
v -0.992175 1.286563 -0.197090
v -0.982352 1.307277 -0.197224
v -0.971508 1.313137 -0.197372
v -0.957437 1.311236 -0.197565
v 1.106299 1.314613 -0.225792
v 1.131958 1.291859 -0.226143
v 1.131950 1.302680 -0.226143
v 1.143654 1.307206 -0.226303
v 1.152670 1.300527 -0.226426
v 1.154836 1.282392 -0.226456
v 1.167614 1.283831 -0.226631
v 1.185202 1.276949 -0.226871
v 1.197012 1.264860 -0.227033
v 1.191197 1.259320 -0.226953
v 1.187510 1.269307 -0.226903
v 1.169204 1.264752 -0.226653
v 1.203007 1.249157 -0.227115
v 1.195700 1.246952 -0.227015
v 1.205464 1.222382 -0.227148
v -0.922757 1.374098 -0.182933
v -0.922860 1.372638 -0.190022
v -0.935645 1.373025 -0.182757
v -0.935494 1.371575 -0.189850
v -0.954504 1.370698 -0.182499
v -0.954023 1.369273 -0.189596
v -0.977728 1.366201 -0.182181
v -0.976936 1.364830 -0.189283
v -0.991285 1.362671 -0.181996
v -0.990330 1.361342 -0.189100
v -1.004482 1.358535 -0.181815
v -1.003371 1.357254 -0.188921
v -1.021418 1.352107 -0.181583
v -1.020113 1.350899 -0.188692
v -1.033555 1.346628 -0.181417
v -1.032116 1.345480 -0.188528
v -1.041349 1.342675 -0.181311
v -1.039825 1.341570 -0.188423
v -1.059682 1.331794 -0.181060
v -1.057965 1.330803 -0.188174
v -1.073051 1.322134 -0.180877
v -1.071198 1.321240 -0.187993
v -1.082252 1.314378 -0.180751
v -1.080309 1.313559 -0.187869
v -1.090701 1.306221 -0.180636
v -1.088677 1.305480 -0.187754
v -1.100735 1.294782 -0.180499
v -1.098618 1.294147 -0.187618
v -1.107294 1.285828 -0.180409
v -1.105117 1.285274 -0.187529
v -1.111190 1.279702 -0.180356
v -1.108979 1.279202 -0.187477
v -1.119212 1.263922 -0.180246
v -1.116930 1.263559 -0.187368
v -1.121716 1.257455 -0.180212
v -1.119413 1.257146 -0.187334
v -1.126186 1.240849 -0.180150
v -1.123846 1.240663 -0.187273
v -1.127738 1.228591 -0.180129
v -1.125388 1.228467 -0.187252
v 1.077767 -0.071810 -0.210295
v 1.077330 -0.070350 -0.217380
v 1.090740 -0.070737 -0.210473
v 1.090198 -0.069286 -0.217556
v 1.104956 -0.069097 -0.210667
v 1.104286 -0.067664 -0.217749
v 1.114393 -0.067650 -0.210796
v 1.113623 -0.066234 -0.217877
v 1.123724 -0.065921 -0.210924
v 1.122848 -0.064526 -0.218003
v 1.146493 -0.060382 -0.211235
v 1.145344 -0.059053 -0.218310
v 1.159689 -0.056246 -0.211416
v 1.158385 -0.054965 -0.218489
v 1.184775 -0.046226 -0.211759
v 1.183185 -0.045058 -0.218828
v 1.214890 -0.029505 -0.212171
v 1.212979 -0.028515 -0.219236
v 1.225031 -0.022335 -0.212310
v 1.223017 -0.021417 -0.219373
v 1.243178 -0.006693 -0.212558
v 1.240987 -0.005926 -0.219619
v 1.251106 0.001711 -0.212666
v 1.248840 0.002400 -0.219726
v 1.258223 0.010458 -0.212764
v 1.255891 0.011066 -0.219823
v 1.266398 0.022587 -0.212875
v 1.263993 0.023086 -0.219933
v 1.271510 0.031982 -0.212945
v 1.269060 0.032400 -0.220003
v 1.276924 0.044834 -0.213019
v 1.274427 0.045143 -0.220076
v 1.281393 0.061425 -0.213081
v 1.278860 0.061611 -0.220137
v 1.282509 0.069064 -0.213096
v 1.279968 0.069207 -0.220152
v 1.283609 0.083970 -0.213111
v 1.281061 0.084059 -0.220167
v -1.128968 0.107202 -0.180112
v -1.129177 0.163186 -0.180109
v -1.126610 0.107252 -0.187235
v -1.126817 0.163210 -0.187232
v -0.927759 -0.058998 -0.197674
v -0.919920 -0.059608 -0.197781
v -0.928998 -0.063467 -0.196582
v -0.920951 -0.064095 -0.196692
v -0.929995 -0.067136 -0.194177
v -0.921776 -0.067778 -0.194290
v -0.970493 -0.052452 -0.197090
v -0.958004 -0.055068 -0.197260
v -0.945162 -0.057121 -0.197436
v -0.973214 -0.056666 -0.195977
v -0.960219 -0.059390 -0.196155
v -0.946909 -0.061525 -0.196337
v -0.975426 -0.060126 -0.193556
v -0.962017 -0.062938 -0.193739
v -0.948321 -0.065140 -0.193927
v -0.994591 -0.045540 -0.196760
v -0.990660 -0.046845 -0.196814
v -0.986693 -0.048090 -0.196868
v -0.998288 -0.049477 -0.195634
v -0.994201 -0.050834 -0.195690
v -0.990075 -0.052128 -0.195747
v -1.001302 -0.052709 -0.193202
v -0.997087 -0.054108 -0.193260
v -0.992830 -0.055442 -0.193318
v -1.024487 -0.032978 -0.196351
v -1.009907 -0.039723 -0.196550
v -1.029326 -0.036440 -0.195210
v -1.014200 -0.043435 -0.195417
v -1.033277 -0.039281 -0.192765
v -1.017703 -0.046483 -0.192978
v -1.054001 -0.014658 -0.195947
v -1.044721 -0.021224 -0.196074
v -1.059879 -0.017481 -0.194792
v -1.050283 -0.024269 -0.194923
v -1.064684 -0.019799 -0.192335
v -1.054827 -0.026769 -0.192470
v -1.077969 0.007462 -0.195620
v -1.068074 -0.002788 -0.195755
v -1.084622 0.005347 -0.194454
v -1.074414 -0.005224 -0.194593
v -1.090063 0.003612 -0.191988
v -1.079598 -0.007224 -0.192131
v -1.090341 0.023913 -0.195450
v -1.084538 0.015540 -0.195530
v -1.097369 0.022293 -0.194279
v -1.091393 0.013671 -0.194361
v -1.103117 0.020964 -0.191809
v -1.096998 0.012137 -0.191893
v -1.102882 0.050461 -0.195279
v -1.100744 0.044397 -0.195308
v -1.096835 0.035472 -0.195362
v -1.110272 0.049591 -0.194103
v -1.108074 0.043365 -0.194133
v -1.104054 0.034188 -0.194188
v -1.116318 0.048876 -0.191629
v -1.114071 0.042518 -0.191660
v -1.109959 0.033135 -0.191716
v -1.107487 0.074505 -0.195216
v -1.106591 0.066454 -0.195228
v -1.114994 0.074124 -0.194038
v -1.114076 0.065950 -0.194051
v -1.121135 0.073812 -0.191563
v -1.120201 0.065536 -0.191576
v -0.923004 1.361897 -0.197740
v -0.933774 1.360905 -0.197592
v -0.922973 1.366384 -0.196665
v -0.934522 1.365362 -0.196507
v -0.922927 1.370067 -0.194274
v -0.935115 1.369020 -0.194108
v -0.949879 1.358788 -0.197372
v -0.970495 1.354741 -0.197090
v -0.951639 1.363168 -0.196273
v -0.973215 1.358955 -0.195978
v -0.953064 1.366763 -0.193862
v -0.975427 1.362414 -0.193556
v -0.982691 1.351562 -0.196923
v -0.994591 1.347829 -0.196760
v -0.985911 1.355647 -0.195804
v -0.998288 1.351766 -0.195635
v -0.988534 1.359000 -0.193377
v -1.001302 1.354997 -0.193202
v -1.009907 1.342012 -0.196551
v -1.020917 1.337038 -0.196400
v -1.028003 1.333441 -0.196303
v -1.014200 1.345724 -0.195417
v -1.025624 1.340564 -0.195261
v -1.032970 1.336837 -0.195160
v -1.017703 1.348771 -0.192978
v -1.029468 1.343459 -0.192817
v -1.037028 1.339624 -0.192714
v -1.044721 1.323512 -0.196075
v -1.056959 1.314663 -0.195907
v -1.050283 1.326558 -0.194924
v -1.062937 1.317410 -0.194751
v -1.054827 1.329058 -0.192470
v -1.067822 1.319665 -0.192292
v -1.065406 1.307539 -0.195792
v -1.073179 1.300030 -0.195685
v -1.071660 1.310054 -0.194631
v -1.079682 1.302306 -0.194522
v -1.076774 1.312118 -0.192170
v -1.085000 1.304175 -0.192058
v -1.082432 1.289476 -0.195559
v -1.088493 1.281197 -0.195476
v -1.092099 1.275526 -0.195427
v -1.089222 1.291427 -0.194391
v -1.095467 1.282900 -0.194306
v -1.099179 1.277061 -0.194255
v -1.094776 1.293029 -0.191924
v -1.101170 1.284298 -0.191836
v -1.104971 1.278322 -0.191784
v -1.099534 1.260890 -0.195325
v -1.101860 1.254871 -0.195293
v -1.106830 1.262005 -0.194150
v -1.109221 1.255821 -0.194117
v -1.112798 1.262920 -0.191677
v -1.115244 1.256601 -0.191644
v -1.106027 1.239295 -0.195236
v -1.107487 1.227556 -0.195216
v -1.113500 1.239867 -0.194059
v -1.114994 1.227936 -0.194039
v -1.119613 1.240336 -0.191584
v -1.121135 1.228249 -0.191563
v 1.074723 -0.059608 -0.225064
v 1.086818 -0.058616 -0.225229
v 1.075783 -0.064095 -0.224003
v 1.088201 -0.063073 -0.224173
v 1.076673 -0.067778 -0.221624
v 1.089356 -0.066732 -0.221798
v 1.099965 -0.057121 -0.225409
v 1.108569 -0.055815 -0.225527
v 1.117006 -0.054259 -0.225642
v 1.101741 -0.061525 -0.224358
v 1.110651 -0.060167 -0.224480
v 1.119417 -0.058547 -0.224600
v 1.103219 -0.065140 -0.221987
v 1.112380 -0.063740 -0.222112
v 1.121416 -0.062068 -0.222236
v 1.137494 -0.049273 -0.225922
v 1.149394 -0.045540 -0.226085
v 1.140743 -0.053358 -0.224892
v 1.153120 -0.049477 -0.225061
v 1.143432 -0.056712 -0.222537
v 1.156199 -0.052709 -0.222712
v 1.172099 -0.036464 -0.226396
v 1.176700 -0.040054 -0.225384
v 1.180498 -0.043001 -0.223044
v 1.199524 -0.021224 -0.226771
v 1.208804 -0.014658 -0.226898
v 1.205115 -0.024269 -0.225772
v 1.214711 -0.017481 -0.225903
v 1.209725 -0.026769 -0.223444
v 1.219581 -0.019799 -0.223579
v 1.225468 -0.000285 -0.227126
v 1.232772 0.007462 -0.227225
v 1.231921 -0.002642 -0.226139
v 1.239455 0.005347 -0.226242
v 1.237238 -0.004576 -0.223820
v 1.244960 0.003612 -0.223926
v 1.239341 0.015540 -0.227315
v 1.246902 0.026763 -0.227419
v 1.246225 0.013671 -0.226334
v 1.254012 0.025227 -0.226441
v 1.251896 0.012137 -0.224021
v 1.259868 0.023966 -0.224130
v 1.251638 0.035472 -0.227484
v 1.256663 0.047418 -0.227552
v 1.258886 0.034188 -0.226508
v 1.264054 0.046468 -0.226578
v 1.264856 0.033135 -0.224198
v 1.270141 0.045688 -0.224270
v 1.260830 0.062979 -0.227609
v 1.261878 0.070261 -0.227624
v 1.262917 0.084717 -0.227638
v 1.268332 0.062407 -0.226637
v 1.269405 0.069821 -0.226652
v 1.270466 0.084442 -0.226666
v 1.274511 0.061938 -0.224330
v 1.275604 0.069459 -0.224345
v 1.276684 0.084217 -0.224360
v 1.084887 1.361287 -0.225203
v 1.077950 1.361897 -0.225108
v 1.085356 1.365756 -0.224135
v 1.077899 1.366384 -0.224033
v 1.085761 1.369425 -0.221749
v 1.077878 1.370067 -0.221641
v 1.121183 1.355675 -0.225700
v 1.112928 1.357357 -0.225587
v 1.100617 1.359410 -0.225418
v 1.123758 1.359928 -0.224660
v 1.115131 1.361679 -0.224542
v 1.102169 1.363814 -0.224365
v 1.125892 1.363419 -0.222298
v 1.116960 1.365226 -0.222175
v 1.103462 1.367429 -0.221991
v 1.157137 1.345039 -0.226191
v 1.141496 1.350379 -0.225977
v 1.161167 1.348867 -0.225171
v 1.144907 1.354416 -0.224949
v 1.164495 1.352009 -0.222826
v 1.147728 1.357731 -0.222596
v 1.179289 1.335267 -0.226494
v 1.168428 1.340411 -0.226346
v 1.184158 1.338729 -0.225486
v 1.172892 1.344063 -0.225332
v 1.188175 1.341570 -0.223150
v 1.176576 1.347060 -0.222991
v 1.208804 1.316947 -0.226898
v 1.202683 1.321373 -0.226814
v 1.193016 1.327641 -0.226682
v 1.214711 1.319770 -0.225904
v 1.208383 1.324345 -0.225817
v 1.198379 1.330829 -0.225680
v 1.219581 1.322088 -0.223579
v 1.213082 1.326785 -0.223490
v 1.202802 1.333447 -0.223350
v 1.232772 1.294827 -0.227226
v 1.222876 1.305077 -0.227090
v 1.239454 1.296941 -0.226242
v 1.229246 1.307513 -0.226103
v 1.244960 1.298677 -0.223926
v 1.234496 1.309513 -0.223783
v 1.248571 1.272649 -0.227442
v 1.245143 1.278376 -0.227395
v 1.239341 1.286749 -0.227316
v 1.255730 1.274100 -0.226465
v 1.252201 1.279995 -0.226417
v 1.246225 1.288618 -0.226335
v 1.261627 1.275292 -0.224154
v 1.258015 1.281325 -0.224105
v 1.251896 1.290152 -0.224021
v 1.258612 1.248764 -0.227579
v 1.255546 1.257891 -0.227537
v 1.251638 1.266817 -0.227484
v 1.266057 1.249556 -0.226606
v 1.262906 1.258924 -0.226563
v 1.258886 1.268100 -0.226508
v 1.272188 1.250206 -0.224299
v 1.268968 1.259771 -0.224255
v 1.264856 1.269154 -0.224198
v 1.262917 1.216945 -0.227638
v 1.261393 1.235785 -0.227617
v 1.260182 1.242555 -0.227601
v 1.270466 1.217220 -0.226666
v 1.268909 1.236290 -0.226645
v 1.267668 1.243197 -0.226628
v 1.276684 1.217445 -0.224360
v 1.275099 1.236703 -0.224338
v 1.273833 1.243724 -0.224321
v -1.116182 0.107466 -0.194022
v -0.908717 -0.060306 -0.197935
v -0.909876 -0.068513 -0.194452
v -1.108746 1.185578 -0.195199
v -1.116279 1.185700 -0.194021
v -0.906688 1.367192 -0.196888
v -0.906158 1.370895 -0.194504
v 1.263548 0.120730 -0.227646
v 1.271111 0.120607 -0.226675
v 1.271215 0.163314 -0.226676
v 1.277340 0.120506 -0.224369
v 1.057931 -0.060453 -0.224834
v 1.063874 -0.060306 -0.224915
v 1.058425 -0.064967 -0.223766
v 1.064552 -0.064813 -0.223850
v 1.058852 -0.068672 -0.221380
v 1.065128 -0.068513 -0.221466
v 1.067050 1.367102 -0.223884
v 1.066550 1.370802 -0.221486
v 1.263320 1.203060 -0.227644
v 1.271176 1.175661 -0.226676
v 1.270878 1.203248 -0.226672
v 1.277406 1.175740 -0.224370
v 1.277103 1.203403 -0.224366
v 1.278174 1.244092 -0.220128
v 1.280701 1.244301 -0.213071
v 1.279456 1.236992 -0.220145
v 1.281994 1.237156 -0.213089
v 1.281061 1.217603 -0.220167
v 1.283609 1.217692 -0.213111
v 1.269060 1.269889 -0.220003
v 1.271510 1.270307 -0.212946
v 1.273236 1.260362 -0.220060
v 1.275723 1.260698 -0.213003
v 1.276505 1.250659 -0.220105
v 1.279019 1.250917 -0.213048
v 1.255891 1.291223 -0.219823
v 1.258223 1.291831 -0.212764
v 1.262110 1.282253 -0.219908
v 1.264498 1.282780 -0.212850
v 1.265780 1.276124 -0.219958
v 1.268201 1.276596 -0.212900
v 1.238196 1.310909 -0.219581
v 1.240361 1.311701 -0.212520
v 1.248840 1.299889 -0.219726
v 1.251106 1.300577 -0.212667
v 1.205926 1.335275 -0.219139
v 1.207763 1.336312 -0.212074
v 1.216399 1.328488 -0.219283
v 1.218345 1.329455 -0.212219
v 1.223017 1.323705 -0.219373
v 1.225031 1.324624 -0.212310
v 1.179184 1.349154 -0.218774
v 1.180728 1.350342 -0.211704
v 1.191015 1.343554 -0.218936
v 1.192691 1.344680 -0.211868
v 1.149733 1.360045 -0.218371
v 1.150935 1.361359 -0.211297
v 1.166855 1.354203 -0.218605
v 1.168259 1.355449 -0.211533
v 1.104401 1.369953 -0.217751
v 1.104998 1.371386 -0.210668
v 1.118272 1.367703 -0.217941
v 1.119080 1.369110 -0.210861
v 1.127417 1.365856 -0.218066
v 1.128347 1.367240 -0.210988
v 1.077899 1.372638 -0.217388
v 1.077974 1.374098 -0.210299
v 1.086079 1.371986 -0.217500
v 1.086324 1.373440 -0.210413
v -1.124442 0.065247 -0.187265
v -1.126786 0.065083 -0.180142
v -1.125388 0.073593 -0.187252
v -1.127738 0.073470 -0.180129
v -1.114046 0.032400 -0.187407
v -1.116302 0.031982 -0.180285
v -1.118222 0.041926 -0.187350
v -1.120515 0.041591 -0.180228
v -1.120503 0.048378 -0.187319
v -1.122816 0.048095 -0.180196
v -1.100877 0.011066 -0.187587
v -1.103015 0.010458 -0.180467
v -1.107095 0.020036 -0.187502
v -1.109290 0.019509 -0.180381
v -1.083183 -0.008620 -0.187829
v -1.085153 -0.009413 -0.180711
v -1.093826 0.002400 -0.187684
v -1.095898 0.001711 -0.180564
v -1.057965 -0.028515 -0.188174
v -1.059682 -0.029505 -0.181060
v -1.068003 -0.021417 -0.188037
v -1.069824 -0.022335 -0.180921
v -1.020113 -0.048610 -0.188692
v -1.021418 -0.049818 -0.181583
v -1.036001 -0.041265 -0.188474
v -1.037483 -0.042392 -0.181363
v -0.994719 -0.057756 -0.189039
v -0.995727 -0.059070 -0.181934
v -0.999066 -0.056393 -0.188980
v -1.000126 -0.057691 -0.181874
v -1.003371 -0.054965 -0.188921
v -1.004482 -0.056246 -0.181815
v -0.949272 -0.067664 -0.189661
v -0.949748 -0.069097 -0.182563
v -0.963237 -0.065415 -0.189470
v -0.963865 -0.066821 -0.182370
v -0.976935 -0.062541 -0.189282
v -0.977728 -0.063912 -0.182181
v -0.922316 -0.070350 -0.190029
v -0.922559 -0.071810 -0.182935
v -0.930656 -0.069697 -0.189915
v -0.930967 -0.071151 -0.182820
v -0.910197 -0.071096 -0.190195
v -0.910316 -0.072562 -0.183103
v 1.059185 -0.071259 -0.217132
v 1.065566 -0.071096 -0.217219
v 1.059439 -0.072728 -0.210045
v 1.065879 -0.072562 -0.210133
v 1.281723 0.120436 -0.220176
v 1.281831 0.163210 -0.220177
v 1.284276 0.120396 -0.213120
v 1.284384 0.163186 -0.213122
v 1.281790 1.175796 -0.220177
v 1.281484 1.203511 -0.220173
v 1.284343 1.175827 -0.213121
v 1.284035 1.203573 -0.213117
v 1.066237 1.373385 -0.217229
v 1.066123 1.374851 -0.210136
v -0.905753 1.373480 -0.190256
v -0.905459 1.374948 -0.183170
v -0.917067 -0.026748 0.188246
v -1.052657 0.083259 0.190101
v -0.981281 -0.013934 0.189125
v -1.000850 -0.004419 0.189392
v -1.032472 0.021780 0.189825
v -1.052883 1.217951 0.190104
v -0.924632 1.328893 0.188349
v -1.050099 1.246985 0.190066
v -1.018373 1.294559 0.189632
v -0.960361 1.322930 0.188838
v 1.208563 0.037738 0.159172
v 1.183509 0.007586 0.159515
v 1.166212 -0.004419 0.159752
v 1.146643 -0.013934 0.160019
v 1.102383 -0.024962 0.160625
v 1.090345 1.328893 0.160789
v -1.012390 -0.051521 0.174444
v -1.010939 -0.050294 0.181515
v -1.044017 -0.036201 0.174877
v -1.042218 -0.035140 0.181943
v -1.093492 0.004591 0.175553
v -1.091203 0.005252 0.182613
v -1.123771 0.090271 0.175967
v -1.121220 0.090345 0.183023
v -0.908305 1.374722 0.173020
v -0.908378 1.373257 0.180112
v 1.177339 1.353810 0.144493
v 1.176081 1.352583 0.151601
v 1.258441 1.297698 0.143384
v 1.256345 1.297037 0.150503
v -0.934490 -0.019735 0.188485
v -0.928456 -0.020266 0.188402
v -0.959154 -0.019540 0.188822
v -0.952781 -0.016628 0.188735
v -0.940014 -0.023000 0.188560
v -0.975014 -0.011433 0.189039
v -0.972056 -0.011790 0.188998
v -0.968710 -0.013476 0.188953
v -0.993050 -0.003705 0.189286
v -0.982629 -0.011934 0.189143
v -1.012578 0.007068 0.189553
v -1.004112 0.002737 0.189437
v -1.029922 0.021048 0.189790
v -1.018776 0.014175 0.189637
v -1.033792 0.032230 0.189843
v -1.030866 0.025199 0.189803
v -1.044038 0.050429 0.189983
v -1.039153 0.044570 0.189916
v -1.041840 0.038778 0.189953
v -1.044598 0.067369 0.189991
v -1.043770 0.059048 0.189979
v -0.934684 1.322340 0.188487
v -0.939734 1.323475 0.188556
v -0.946148 1.322462 0.188644
v -0.959420 1.321666 0.188825
v -0.965594 1.318126 0.188910
v -0.975352 1.313507 0.189043
v -0.982886 1.314059 0.189146
v -0.990392 1.306640 0.189249
v -0.996362 1.305768 0.189330
v -1.004449 1.299337 0.189441
v -1.016054 1.294702 0.189600
v -1.018435 1.290437 0.189632
v -1.023391 1.283660 0.189700
v -1.031965 1.278934 0.189817
v -1.031799 1.272217 0.189815
v -1.037402 1.267624 0.189892
v -1.039359 1.259868 0.189919
v -1.041353 1.254662 0.189946
v -1.045940 1.245065 0.190009
v -1.044935 1.234357 0.189995
v 1.093818 -0.020266 0.160742
v 1.101140 -0.021377 0.160642
v 1.105376 -0.023000 0.160584
v 1.114164 -0.017996 0.160463
v 1.121052 -0.016751 0.160369
v 1.130656 -0.016029 0.160238
v 1.140376 -0.011433 0.160105
v 1.152574 -0.006544 0.159938
v 1.169474 0.002737 0.159707
v 1.177940 0.007068 0.159591
v 1.185706 0.016505 0.159485
v 1.195284 0.021048 0.159354
v 1.196228 0.025199 0.159341
v 1.202464 0.034474 0.159256
v 1.207202 0.038778 0.159191
v 1.206377 0.047412 0.159202
v 1.211001 0.057010 0.159139
v 1.208604 0.062413 0.159172
v 1.215682 0.079035 0.159075
v 1.104785 1.321809 0.160591
v 1.100336 1.322340 0.160652
v 1.123449 1.320039 0.160336
v 1.119049 1.318691 0.160396
v 1.107876 1.325125 0.160549
v 1.145369 1.315217 0.160036
v 1.134424 1.315549 0.160186
v 1.206232 1.265707 0.159204
v 1.199508 1.269844 0.159296
v 1.196542 1.276898 0.159336
v 1.213002 1.248904 0.159111
v 1.204885 1.257494 0.159222
v 1.207471 1.263347 0.159187
v 1.215951 1.222321 0.159071
v 1.209485 1.242949 0.159159
v 1.213648 1.246300 0.159102
v -1.039171 0.142041 0.189916
v -1.047277 0.090175 0.190027
v -0.917801 -0.024933 0.188256
v -1.044316 1.206895 0.189986
v -0.922948 1.324272 0.188326
v 1.209343 0.099775 0.159162
v 1.204533 0.142041 0.159227
v 1.083063 -0.019073 0.160889
v 1.083518 -0.024933 0.160883
v 1.091180 1.327056 0.160777
v 1.206860 1.198460 0.159195
v 1.216072 1.215941 0.159069
v -0.906203 -0.062521 0.187396
v -0.906577 -0.064691 0.186732
v -0.907231 -0.068388 0.184349
v -0.970824 1.355905 0.188279
v -0.972233 1.357917 0.187629
v -0.974649 1.361343 0.185271
v -1.057730 1.313716 0.189468
v -1.060674 1.315004 0.188839
v -1.065704 1.317196 0.186517
v -1.103231 1.246050 0.190090
v -1.106833 1.246395 0.189470
v -1.112983 1.246982 0.187163
v -1.106976 1.210579 0.190141
v -1.110620 1.210689 0.189522
v -1.116841 1.210877 0.187216
v 1.101704 -0.059972 0.159932
v 1.102476 -0.062105 0.159252
v 1.103773 -0.065738 0.156843
v 1.168371 -0.043219 0.159020
v 1.170369 -0.045037 0.158324
v 1.173753 -0.048132 0.155886
v 1.197649 -0.029026 0.158620
v 1.200161 -0.030597 0.157916
v 1.204422 -0.033273 0.155467
v 1.223073 -0.011427 0.158272
v 1.225998 -0.012715 0.157563
v 1.230963 -0.014907 0.155103
v 1.259144 0.031836 0.157778
v 1.262601 0.031176 0.157062
v 1.268471 0.030054 0.154590
v 1.074746 1.364810 0.160300
v 1.074455 1.366980 0.159635
v 1.073944 1.370677 0.157251
v -0.907723 -0.070968 0.180103
v -0.908066 -0.072434 0.173017
v -0.976372 1.363735 0.181042
v -0.977413 1.365093 0.173965
v -1.069251 1.318726 0.182312
v -1.071329 1.319595 0.175250
v -1.117312 1.247392 0.182970
v -1.119834 1.247625 0.175913
v -1.121221 1.211008 0.183023
v -1.123771 1.211083 0.175967
v 1.104644 -0.068273 0.152578
v 1.105074 -0.069713 0.145482
v 1.176081 -0.050294 0.151601
v 1.177339 -0.051521 0.144493
v 1.207361 -0.035140 0.151173
v 1.208965 -0.036201 0.144061
v 1.234394 -0.016437 0.150804
v 1.236277 -0.017306 0.143687
v 1.272533 0.029270 0.150282
v 1.274776 0.028825 0.143161
v 1.073551 1.373257 0.153003
v 1.073264 1.374722 0.145916
v -1.008495 -0.048132 0.185734
v -1.005045 -0.045037 0.188078
v -1.003029 -0.043219 0.188720
v -1.039163 -0.033273 0.186154
v -1.034837 -0.030597 0.188486
v -1.032307 -0.029026 0.189120
v -1.087283 0.006418 0.186812
v -1.081719 0.008087 0.189127
v -1.078462 0.009067 0.189752
v -1.116841 0.090477 0.187216
v -1.110620 0.090665 0.189522
v -1.106976 0.090775 0.190142
v -0.908620 1.370677 0.184368
v -0.909018 1.366980 0.186765
v -0.909261 1.364810 0.187437
v 1.173753 1.350421 0.155886
v 1.170369 1.347326 0.158323
v 1.168371 1.345508 0.159020
v 1.252542 1.295871 0.154808
v 1.247044 1.294202 0.157274
v 1.243804 1.293222 0.157988
v -1.124198 1.185911 0.175973
v -1.121645 1.185871 0.183029
v -0.981230 0.032392 0.189124
v -0.935355 -0.013137 0.188496
v -0.941897 -0.012613 0.188586
v -0.969591 0.010307 0.188965
v -0.969784 -0.007486 0.188967
v -0.973523 -0.005321 0.189018
v -0.976597 -0.005278 0.189061
v -0.991269 0.014283 0.189261
v -1.006749 0.018141 0.189473
v -1.024690 0.025082 0.189718
v -1.026923 0.032693 0.189749
v -1.007490 0.037416 0.189483
v -1.025306 0.049812 0.189727
v -1.026018 0.061971 0.189736
v -0.992104 0.105615 0.189273
v -0.960535 0.093568 0.188841
v -0.924826 0.094840 0.188352
v 1.150088 0.032392 0.159972
v 1.142539 0.093568 0.160075
v 1.192946 0.132677 0.159386
v 1.200078 0.090174 0.159288
v 1.174979 0.047622 0.159632
v 1.189607 0.044342 0.159432
v 1.196804 0.035121 0.159333
v 1.190058 0.025082 0.159425
v 1.173369 0.021407 0.159654
v 1.147734 0.009742 0.160004
v 1.130896 -0.002119 0.160235
v 1.107484 -0.015404 0.160555
v 1.122314 -0.003682 0.160352
v 1.100911 -0.013138 0.160645
v 1.116343 0.005562 0.160434
v -0.982552 1.271328 0.189142
v -1.015173 1.242912 0.189588
v -1.024745 1.257615 0.189719
v -1.022238 1.264327 0.189684
v -1.005010 1.271443 0.189449
v -1.018248 1.281291 0.189630
v -1.013572 1.288906 0.189566
v -0.996837 1.291699 0.189337
v -0.986892 1.286563 0.189201
v -0.977068 1.307277 0.189067
v -0.966224 1.313137 0.188918
v -0.952153 1.311236 0.188726
v -0.946688 1.306614 0.188651
v -0.926439 1.231923 0.188374
v 1.151471 1.271328 0.159953
v 1.101707 1.231923 0.160634
v 1.106746 1.315136 0.160565
v 1.111583 1.314613 0.160498
v 1.137242 1.291859 0.160147
v 1.137234 1.302680 0.160148
v 1.148937 1.307206 0.159987
v 1.157954 1.300527 0.159864
v 1.160119 1.282393 0.159835
v 1.172897 1.283831 0.159660
v 1.190486 1.276950 0.159419
v 1.202295 1.264861 0.159258
v 1.196481 1.259320 0.159337
v 1.192793 1.269307 0.159388
v 1.174487 1.264752 0.159638
v 1.208291 1.249157 0.159176
v 1.200984 1.246952 0.159276
v 1.210748 1.222382 0.159142
v 1.196343 1.208663 0.159339
v -0.917887 1.374099 0.173151
v -0.917795 1.372639 0.180240
v -0.930775 1.373026 0.173327
v -0.930430 1.371575 0.180413
v -0.949634 1.370698 0.173585
v -0.948959 1.369273 0.180667
v -0.972858 1.366201 0.173903
v -0.971871 1.364830 0.180980
v -0.986415 1.362671 0.174088
v -0.985265 1.361342 0.181163
v -0.999611 1.358535 0.174269
v -0.998306 1.357254 0.181342
v -1.016547 1.352107 0.174500
v -1.015049 1.350899 0.181571
v -1.028685 1.346628 0.174666
v -1.027052 1.345480 0.181735
v -1.036479 1.342675 0.174773
v -1.034760 1.341570 0.181840
v -1.054812 1.331794 0.175024
v -1.052901 1.330803 0.182088
v -1.068181 1.322134 0.175207
v -1.066134 1.321240 0.182269
v -1.077381 1.314378 0.175333
v -1.075245 1.313559 0.182394
v -1.085831 1.306221 0.175448
v -1.083613 1.305480 0.182509
v -1.095864 1.294782 0.175585
v -1.093553 1.294147 0.182645
v -1.102423 1.285828 0.175675
v -1.100052 1.285275 0.182733
v -1.106320 1.279702 0.175728
v -1.103914 1.279203 0.182786
v -1.114341 1.263922 0.175838
v -1.111866 1.263559 0.182895
v -1.116846 1.257455 0.175872
v -1.114349 1.257146 0.182929
v -1.121315 1.240849 0.175934
v -1.118782 1.240663 0.182990
v -1.122868 1.228591 0.175955
v -1.120323 1.228467 0.183011
v 1.082638 -0.071809 0.145789
v 1.082394 -0.070350 0.152883
v 1.095611 -0.070736 0.145611
v 1.095263 -0.069286 0.152707
v 1.109826 -0.069097 0.145417
v 1.109351 -0.067664 0.152514
v 1.119263 -0.067650 0.145288
v 1.118688 -0.066234 0.152386
v 1.128595 -0.065921 0.145160
v 1.127913 -0.064526 0.152260
v 1.151363 -0.060382 0.144849
v 1.150408 -0.059053 0.151952
v 1.164560 -0.056246 0.144668
v 1.163449 -0.054965 0.151774
v 1.189645 -0.046226 0.144325
v 1.188250 -0.045058 0.151435
v 1.219761 -0.029505 0.143913
v 1.218043 -0.028514 0.151027
v 1.229902 -0.022335 0.143774
v 1.228081 -0.021417 0.150890
v 1.248048 -0.006693 0.143526
v 1.246051 -0.005926 0.150644
v 1.255977 0.001712 0.143418
v 1.253904 0.002400 0.150537
v 1.263093 0.010458 0.143320
v 1.260955 0.011066 0.150440
v 1.271268 0.022587 0.143209
v 1.269057 0.023086 0.150330
v 1.276380 0.031982 0.143139
v 1.274124 0.032400 0.150260
v 1.281795 0.044834 0.143064
v 1.279492 0.045143 0.150187
v 1.286263 0.061425 0.143003
v 1.283924 0.061611 0.150126
v 1.287379 0.069064 0.142988
v 1.285032 0.069207 0.150111
v 1.288480 0.083970 0.142973
v 1.286125 0.084060 0.150096
v -1.124097 0.107202 0.175972
v -1.124306 0.163186 0.175975
v -1.121545 0.107252 0.183028
v -1.121753 0.163210 0.183031
v -0.923138 -0.061313 0.187627
v -0.915192 -0.061932 0.187519
v -0.923752 -0.063467 0.186967
v -0.915704 -0.064095 0.186856
v -0.924814 -0.067136 0.184590
v -0.916595 -0.067778 0.184477
v -0.966640 -0.054634 0.188222
v -0.953889 -0.057306 0.188048
v -0.940804 -0.059402 0.187869
v -0.967968 -0.056666 0.187571
v -0.954973 -0.059390 0.187394
v -0.941663 -0.061525 0.187212
v -0.970245 -0.060126 0.185211
v -0.956836 -0.062938 0.185028
v -0.943141 -0.065140 0.184840
v -0.991243 -0.047579 0.188559
v -0.987232 -0.048911 0.188504
v -0.983182 -0.050181 0.188449
v -0.993042 -0.049477 0.187914
v -0.988955 -0.050834 0.187858
v -0.984829 -0.052127 0.187802
v -0.996121 -0.052709 0.185565
v -0.991906 -0.054107 0.185507
v -0.987650 -0.055442 0.185449
v -1.021731 -0.034771 0.188976
v -1.006868 -0.041645 0.188773
v -1.024080 -0.036440 0.188339
v -1.008954 -0.043435 0.188132
v -1.028097 -0.039281 0.186002
v -1.012522 -0.046483 0.185789
v -1.051783 -0.016120 0.189387
v -1.042339 -0.022801 0.189258
v -1.054633 -0.017481 0.188757
v -1.045037 -0.024269 0.188625
v -1.059503 -0.019799 0.186432
v -1.049647 -0.026769 0.186297
v -1.076153 0.006367 0.189720
v -1.066095 -0.004050 0.189583
v -1.079376 0.005348 0.189095
v -1.069168 -0.005224 0.188956
v -1.084882 0.003612 0.186779
v -1.074418 -0.007224 0.186636
v -1.088718 0.023074 0.189892
v -1.082826 0.014572 0.189811
v -1.092123 0.022294 0.189269
v -1.086146 0.013671 0.189188
v -1.097937 0.020964 0.186958
v -1.091818 0.012137 0.186874
v -1.101447 0.050010 0.190066
v -1.099278 0.043863 0.190036
v -1.095312 0.034807 0.189982
v -1.105026 0.049591 0.189446
v -1.102828 0.043365 0.189416
v -1.098808 0.034189 0.189361
v -1.111137 0.048877 0.187138
v -1.108890 0.042518 0.187108
v -1.104778 0.033135 0.187051
v -1.106112 0.074308 0.190130
v -1.105205 0.066193 0.190118
v -1.109748 0.074124 0.189511
v -1.108830 0.065950 0.189498
v -1.115954 0.073812 0.187204
v -1.115021 0.065536 0.187191
v -0.917726 1.364221 0.187553
v -0.928899 1.363213 0.187706
v -0.917727 1.366384 0.186884
v -0.929276 1.365362 0.187042
v -0.917746 1.370067 0.184493
v -0.929935 1.369021 0.184659
v -0.945528 1.361057 0.187933
v -0.966641 1.356924 0.188222
v -0.946393 1.363168 0.187276
v -0.967968 1.358955 0.187571
v -0.947883 1.366763 0.184905
v -0.970246 1.362415 0.185211
v -0.979096 1.353678 0.188392
v -0.991243 1.349868 0.188558
v -0.980665 1.355647 0.187745
v -0.993042 1.351766 0.187914
v -0.983353 1.359001 0.185390
v -0.996121 1.354998 0.185565
v -1.006868 1.343934 0.188772
v -1.018093 1.338864 0.188926
v -1.025313 1.335200 0.189024
v -1.008954 1.345724 0.188132
v -1.020378 1.340564 0.188288
v -1.027724 1.336837 0.188388
v -1.012522 1.348771 0.185789
v -1.024287 1.343459 0.185950
v -1.031847 1.339624 0.186053
v -1.042339 1.325090 0.189257
v -1.054793 1.316086 0.189428
v -1.045037 1.326558 0.188625
v -1.057690 1.317410 0.188798
v -1.049647 1.329058 0.186297
v -1.062642 1.319665 0.186475
v -1.063383 1.308841 0.189545
v -1.071285 1.301209 0.189653
v -1.066414 1.310054 0.188918
v -1.074436 1.302307 0.189027
v -1.071593 1.312118 0.186597
v -1.079819 1.304175 0.186710
v -1.080687 1.290487 0.189782
v -1.086843 1.282079 0.189866
v -1.090504 1.276321 0.189916
v -1.083976 1.291427 0.189158
v -1.090220 1.282901 0.189243
v -1.093933 1.277062 0.189294
v -1.089595 1.293029 0.186843
v -1.095989 1.284298 0.186931
v -1.099790 1.278322 0.186983
v -1.098050 1.261467 0.190019
v -1.100410 1.255363 0.190052
v -1.101584 1.262005 0.189399
v -1.103975 1.255821 0.189431
v -1.107618 1.262920 0.187090
v -1.110063 1.256601 0.187123
v -1.104635 1.239591 0.190109
v -1.106112 1.227753 0.190130
v -1.108254 1.239867 0.189490
v -1.109747 1.227936 0.189510
v -1.114433 1.240336 0.187183
v -1.115954 1.228249 0.187204
v 1.080534 -0.061932 0.160221
v 1.092796 -0.060924 0.160054
v 1.081029 -0.064095 0.159546
v 1.093447 -0.063073 0.159376
v 1.081854 -0.067778 0.157143
v 1.094537 -0.066732 0.156970
v 1.106147 -0.059402 0.159871
v 1.114909 -0.058069 0.159751
v 1.123517 -0.056480 0.159634
v 1.106987 -0.061525 0.159191
v 1.115897 -0.060167 0.159069
v 1.124663 -0.058547 0.158949
v 1.108400 -0.065140 0.156780
v 1.117561 -0.063740 0.156655
v 1.126597 -0.062068 0.156531
v 1.144439 -0.051389 0.159347
v 1.156586 -0.047579 0.159181
v 1.145989 -0.053358 0.158657
v 1.158366 -0.049477 0.158488
v 1.148612 -0.056712 0.156230
v 1.161380 -0.052709 0.156055
v 1.179744 -0.038323 0.158864
v 1.181947 -0.040054 0.158165
v 1.185679 -0.043001 0.155723
v 1.207682 -0.022801 0.158482
v 1.217126 -0.016120 0.158353
v 1.210361 -0.024269 0.157777
v 1.219957 -0.017481 0.157645
v 1.214906 -0.026769 0.155323
v 1.224762 -0.019799 0.155188
v 1.234072 -0.001505 0.158121
v 1.241495 0.006367 0.158020
v 1.237167 -0.002641 0.157410
v 1.244701 0.005348 0.157307
v 1.242419 -0.004576 0.154947
v 1.250141 0.003612 0.154841
v 1.248168 0.014572 0.157929
v 1.255847 0.025968 0.157824
v 1.251471 0.013671 0.157214
v 1.259258 0.025227 0.157108
v 1.257077 0.012137 0.154746
v 1.265049 0.023967 0.154637
v 1.260654 0.034807 0.157758
v 1.265753 0.046926 0.157688
v 1.264132 0.034189 0.157041
v 1.269300 0.046468 0.156970
v 1.270037 0.033135 0.154569
v 1.275322 0.045688 0.154497
v 1.269978 0.062683 0.157630
v 1.271038 0.070033 0.157616
v 1.272089 0.084575 0.157601
v 1.273578 0.062408 0.156912
v 1.274651 0.069821 0.156897
v 1.275712 0.084442 0.156883
v 1.279691 0.061938 0.154437
v 1.280785 0.069459 0.154422
v 1.281865 0.084217 0.154407
v 1.090392 1.363602 0.160086
v 1.083186 1.364221 0.160185
v 1.090602 1.365756 0.159414
v 1.083145 1.366384 0.159516
v 1.090942 1.369425 0.157018
v 1.083059 1.370067 0.157126
v 1.127779 1.357878 0.159575
v 1.119331 1.359595 0.159690
v 1.106683 1.361691 0.159863
v 1.129004 1.359928 0.158889
v 1.120377 1.361679 0.159007
v 1.107415 1.363814 0.159184
v 1.131073 1.363419 0.156469
v 1.122140 1.365227 0.156592
v 1.108643 1.367429 0.156776
v 1.164486 1.347021 0.159073
v 1.148525 1.352470 0.159291
v 1.166413 1.348867 0.158377
v 1.150153 1.354416 0.158600
v 1.169676 1.352009 0.155941
v 1.152908 1.357731 0.156171
v 1.187073 1.337060 0.158764
v 1.176002 1.342302 0.158915
v 1.189404 1.338729 0.158063
v 1.178138 1.344063 0.158217
v 1.193355 1.341570 0.155617
v 1.181757 1.347061 0.155776
v 1.217126 1.318409 0.158353
v 1.210898 1.322912 0.158438
v 1.201056 1.329292 0.158573
v 1.219957 1.319770 0.157645
v 1.213629 1.324345 0.157731
v 1.203625 1.330830 0.157868
v 1.224762 1.322088 0.155188
v 1.218263 1.326785 0.155277
v 1.207983 1.333447 0.155417
v 1.241495 1.295922 0.158019
v 1.231438 1.306339 0.158157
v 1.244700 1.296942 0.157307
v 1.234492 1.307513 0.157446
v 1.250141 1.298677 0.154841
v 1.239676 1.309513 0.154984
v 1.257542 1.273400 0.157800
v 1.254061 1.279215 0.157848
v 1.248168 1.287717 0.157928
v 1.260976 1.274100 0.157084
v 1.257447 1.279995 0.157132
v 1.251471 1.288618 0.157214
v 1.266808 1.275292 0.154613
v 1.263196 1.281325 0.154662
v 1.257077 1.290152 0.154746
v 1.267730 1.249174 0.157661
v 1.264620 1.258426 0.157703
v 1.260654 1.267482 0.157757
v 1.271303 1.249556 0.156943
v 1.268152 1.258924 0.156986
v 1.264132 1.268100 0.157041
v 1.277369 1.250206 0.154468
v 1.274149 1.259771 0.154512
v 1.270037 1.269154 0.154569
v 1.272089 1.217088 0.157601
v 1.270548 1.236047 0.157622
v 1.269321 1.242887 0.157639
v 1.275712 1.217220 0.156882
v 1.274155 1.236290 0.156904
v 1.272914 1.243197 0.156921
v 1.281865 1.217445 0.154407
v 1.280280 1.236704 0.154429
v 1.279014 1.243724 0.154446
v -1.107488 0.163349 0.190149
v -1.107289 0.107540 0.190146
v -1.111137 0.163314 0.189530
v -1.110936 0.107466 0.189527
v -1.117367 0.163252 0.187223
v -1.117162 0.107340 0.187221
v -0.903790 -0.062640 0.187363
v -0.904118 -0.064813 0.186698
v -0.904695 -0.068513 0.184315
v -1.107385 1.185641 0.190147
v -1.111033 1.185700 0.189528
v -1.117261 1.185801 0.187222
v -0.901725 1.365018 0.187334
v -0.901442 1.367193 0.186661
v -0.900977 1.370895 0.184263
v 1.272727 0.120667 0.157593
v 1.272831 0.163349 0.157591
v 1.276357 0.120607 0.156874
v 1.276462 0.163314 0.156872
v 1.282520 0.120507 0.154398
v 1.282627 0.163253 0.154397
v 1.063449 -0.062790 0.160455
v 1.069488 -0.062640 0.160373
v 1.063672 -0.064967 0.159783
v 1.069798 -0.064813 0.159699
v 1.064033 -0.068672 0.157387
v 1.070309 -0.068513 0.157301
v 1.072617 1.364929 0.160329
v 1.072296 1.367102 0.159665
v 1.071731 1.370802 0.157281
v 1.272792 1.175615 0.157591
v 1.272497 1.203158 0.157595
v 1.276422 1.175661 0.156873
v 1.276124 1.203249 0.156877
v 1.282586 1.175740 0.154397
v 1.282284 1.203403 0.154401
v 1.283238 1.244092 0.150135
v 1.285572 1.244301 0.143013
v 1.284520 1.236992 0.150118
v 1.286864 1.237156 0.142995
v 1.286125 1.217603 0.150096
v 1.288480 1.217692 0.142973
v 1.274124 1.269889 0.150260
v 1.276380 1.270307 0.143138
v 1.278300 1.260362 0.150203
v 1.280593 1.260698 0.143081
v 1.281569 1.250659 0.150158
v 1.283890 1.250917 0.143035
v 1.260955 1.291223 0.150440
v 1.263093 1.291831 0.143320
v 1.267174 1.282253 0.150355
v 1.269368 1.282780 0.143234
v 1.270844 1.276124 0.150305
v 1.273071 1.276597 0.143183
v 1.243261 1.310909 0.150682
v 1.245232 1.311702 0.143564
v 1.253904 1.299889 0.150536
v 1.255977 1.300578 0.143417
v 1.210990 1.335275 0.151123
v 1.212633 1.336313 0.144010
v 1.221463 1.328488 0.150980
v 1.223216 1.329455 0.143865
v 1.228081 1.323705 0.150890
v 1.229902 1.324624 0.143774
v 1.184248 1.349154 0.151489
v 1.185599 1.350342 0.144380
v 1.196079 1.343554 0.151327
v 1.197561 1.344681 0.144216
v 1.154797 1.360045 0.151892
v 1.155805 1.361359 0.144787
v 1.171920 1.354203 0.151658
v 1.173129 1.355449 0.144550
v 1.109465 1.369953 0.152512
v 1.109868 1.371386 0.145416
v 1.123336 1.367704 0.152322
v 1.123951 1.369110 0.145223
v 1.132482 1.365857 0.152197
v 1.133218 1.367240 0.145096
v 1.082963 1.372639 0.152874
v 1.082845 1.374099 0.145785
v 1.091144 1.371986 0.152763
v 1.091194 1.373440 0.145671
v -1.119378 0.065247 0.182998
v -1.121915 0.065083 0.175942
v -1.120323 0.073594 0.183011
v -1.122868 0.073470 0.175955
v -1.108981 0.032400 0.182856
v -1.111432 0.031982 0.175799
v -1.113158 0.041927 0.182913
v -1.115644 0.041591 0.175856
v -1.115439 0.048378 0.182944
v -1.117945 0.048095 0.175888
v -1.095813 0.011066 0.182676
v -1.098145 0.010458 0.175617
v -1.102031 0.020036 0.182761
v -1.104420 0.019509 0.175703
v -1.078118 -0.008620 0.182434
v -1.080283 -0.009412 0.175373
v -1.088761 0.002400 0.182579
v -1.091028 0.001711 0.175520
v -1.052901 -0.028514 0.182089
v -1.054812 -0.029505 0.175024
v -1.062939 -0.021417 0.182226
v -1.064953 -0.022335 0.175163
v -1.015049 -0.048610 0.181571
v -1.016547 -0.049818 0.174501
v -1.030936 -0.041265 0.181788
v -1.032613 -0.042392 0.174721
v -0.989654 -0.057756 0.181224
v -0.990856 -0.059070 0.174149
v -0.994002 -0.056393 0.181283
v -0.995256 -0.057691 0.174210
v -0.998307 -0.054965 0.181342
v -0.999611 -0.056246 0.174269
v -0.944208 -0.067664 0.180602
v -0.944878 -0.069097 0.173521
v -0.958172 -0.065414 0.180793
v -0.958995 -0.066821 0.173714
v -0.971871 -0.062541 0.180981
v -0.972858 -0.063912 0.173903
v -0.917252 -0.070350 0.180233
v -0.917689 -0.071809 0.173149
v -0.925591 -0.069697 0.180348
v -0.926096 -0.071151 0.173264
v -0.905133 -0.071096 0.180068
v -0.905445 -0.072562 0.172981
v 1.064250 -0.071259 0.153131
v 1.070631 -0.071096 0.153044
v 1.064309 -0.072728 0.146039
v 1.070749 -0.072562 0.145951
v 1.286788 0.120436 0.150087
v 1.286895 0.163210 0.150086
v 1.289147 0.120396 0.142964
v 1.289255 0.163186 0.142962
v 1.286855 1.175796 0.150086
v 1.286549 1.203511 0.150090
v 1.289214 1.175827 0.142963
v 1.288906 1.203573 0.142967
v 1.071301 1.373385 0.153034
v 1.070994 1.374851 0.145947
v -0.900688 1.373480 0.180007
v -0.900588 1.374948 0.172914
v 1.201577 1.198460 -0.227095
v 1.191059 1.208663 -0.226951
v -1.129177 0.946671 -0.180109
v -1.122442 1.185801 -0.191545
v 1.263612 1.175565 -0.227648
v 1.284384 0.946671 -0.213122
v 1.281831 0.946671 -0.220178
v -1.039427 0.977074 0.189920
v 1.204801 0.977074 0.159223
v -0.926242 0.977074 0.188371
v -0.961275 0.977074 0.188851
v -0.992732 0.977074 0.189281
v 1.101500 0.977074 0.160636
v 1.143314 0.977074 0.160064
v 1.193324 0.977074 0.159380
v -1.124306 0.946672 0.175974
v -1.121753 0.946672 0.183030
v -1.107488 0.977074 0.190149
v -1.111137 0.977074 0.189529
v -1.117367 0.946672 0.187223
v 1.272831 0.977074 0.157591
v 1.276462 0.977074 0.156872
v 1.289255 0.946672 0.142962
v 1.286895 0.946672 0.150085
v -1.126817 0.946671 -0.187232
v 1.263651 0.163388 -0.227648
v 1.277446 0.163252 -0.224370
v -1.039411 0.946672 0.189919
v 1.143266 0.946672 0.160065
v 1.193301 0.946672 0.159381
v 1.272831 0.946672 0.157591
v 1.276462 0.946672 0.156872
v 1.282626 0.946672 0.154397
v -1.108651 0.107619 -0.195200
v -1.122343 0.107340 -0.191546
v 1.204784 0.946672 0.159224
v -0.925525 0.946672 0.188362
v -0.961229 0.946672 0.188850
v -0.992693 0.946672 0.189280
v -1.107488 0.946672 0.190148
v -1.111137 0.946672 0.189529
v -0.923085 -0.024933 -0.198034
v -0.940639 -0.013138 -0.197794
v -0.951972 1.306614 -0.197639
v -0.909365 -0.064813 -0.196851
v -0.907308 1.362682 -0.197954
v 0.615649 1.367320 -0.217710
v 0.615682 1.371030 -0.215319
v 0.615837 -0.072802 -0.203977
v 0.615740 -0.071332 -0.211067
v 0.615740 1.373620 -0.211067
v 0.615837 1.375091 -0.203978
v 0.620914 1.315061 0.167210
v 0.620914 -0.013201 0.167210
v 0.620914 0.028046 0.167210
v 0.620914 0.053996 0.167210
v 0.620914 0.094840 0.167210
v 0.620914 1.276858 0.167210
v 0.620914 1.257732 0.167210
v 0.620914 1.231923 0.167210
v 0.620904 -0.062852 0.166508
v 0.620895 -0.065031 0.165839
v 0.620862 -0.068741 0.163448
v 0.620904 1.365141 0.166508
v 0.620895 1.367320 0.165839
v 0.620862 1.371030 0.163448
v 0.620707 -0.072802 0.152107
v 0.620804 -0.071331 0.159196
v 0.620804 1.373621 0.159196
v 0.620707 1.375091 0.152106
v 0.620914 0.977074 0.167210
v -0.987835 1.271328 -0.197149
v 0.620914 0.946672 0.167210
v 1.111059 0.005561 -0.225857
v 1.067683 1.362595 -0.224968
v 0.642693 1.367320 -0.218080
v 0.642725 1.371030 -0.215689
v 0.642880 -0.072802 -0.204347
v 0.642783 -0.071332 -0.211436
v 0.642783 1.373620 -0.211437
v 0.642880 1.375091 -0.204347
v 0.647957 -0.013201 0.166840
v 0.647957 0.028046 0.166840
v 0.647957 0.053996 0.166840
v 0.647957 0.094840 0.166840
v 0.647948 1.365141 0.166138
v 0.647939 1.367320 0.165469
v 0.647906 1.371030 0.163078
v 0.647751 -0.072802 0.151737
v 0.647848 -0.071331 0.158826
v 0.647848 1.373621 0.158826
v 0.647751 1.375091 0.151736
v 1.101463 1.315135 -0.225726
v 1.146188 1.271328 -0.226338
v 0.647957 1.315061 0.166840
v 0.647957 1.276858 0.166840
v 0.647957 1.257732 0.166840
v 0.647957 1.231923 0.166840
v 0.647948 -0.062852 0.166138
v 0.647939 -0.065031 0.165469
v 0.647906 -0.068741 0.163078
v 0.647957 0.977074 0.166840
v 0.647957 0.946672 0.166840
v -0.926150 0.977075 0.169571
v -0.926347 1.231923 0.169574
v 0.605655 1.231923 0.148619
v 1.101798 1.231923 0.141833
v 1.101592 0.977075 0.141836
v 0.605655 0.977075 0.148619
v -0.925405 0.094840 0.169561
v -0.926104 0.946672 0.169570
v 0.620679 0.946672 0.148414
v 0.620679 0.094840 0.148414
v 0.632699 1.231923 0.148249
v 0.632699 0.977075 0.148249
v -1.013674 -0.050628 0.010936
v -1.045022 -0.035440 0.011364
v -1.094141 0.005056 0.012036
v -1.124242 0.090272 0.012448
v -0.910218 1.373665 0.009520
v 1.174107 1.352934 -0.018989
v 1.254618 1.297233 -0.020090
v -0.910143 -0.071379 0.009520
v -0.978947 1.364121 0.010460
v -1.072126 1.318981 0.011735
v -1.120325 1.247464 0.012394
v -1.124242 1.211084 0.012448
v 1.102520 -0.068672 -0.018009
v 1.174121 -0.050639 -0.018989
v 1.205522 -0.035425 -0.019418
v 1.232592 -0.016699 -0.019788
v 1.270859 0.029151 -0.020312
v 1.070627 1.373669 -0.017573
v -1.124569 0.107189 0.012452
v -1.124778 0.163175 0.012455
v 1.284478 0.083974 -0.020498
v 1.283378 0.069110 -0.020483
v 1.282274 0.061554 -0.020468
v 1.277825 0.045043 -0.020407
v 1.272437 0.032255 -0.020333
v 1.267379 0.022961 -0.020264
v 1.259239 0.010885 -0.020153
v 1.252176 0.002204 -0.020056
v 1.244308 -0.006136 -0.019949
v 1.226291 -0.021670 -0.019702
v 1.216213 -0.028795 -0.019564
v 1.186300 -0.045399 -0.019155
v 1.161447 -0.055325 -0.018815
v 1.148396 -0.059416 -0.018637
v 1.125743 -0.064926 -0.018327
v 1.116551 -0.066630 -0.018201
v 1.107190 -0.068066 -0.018073
v 1.093128 -0.069688 -0.017881
v 1.080210 -0.070757 -0.017704
v -1.123339 1.228557 0.012435
v -1.121792 1.240758 0.012414
v -1.117351 1.257245 0.012353
v -1.114875 1.263638 0.012320
v -1.106878 1.279370 0.012210
v -1.103027 1.285424 0.012157
v -1.096511 1.294319 0.012068
v -1.086529 1.305698 0.011932
v -1.078137 1.313800 0.011817
v -1.069038 1.321470 0.011693
v -1.055746 1.331075 0.011511
v -1.037503 1.341902 0.011261
v -1.029822 1.345798 0.011156
v -1.017782 1.351233 0.010991
v -1.000956 1.357618 0.010761
v -0.987871 1.361720 0.010582
v -0.974517 1.365198 0.010400
v -0.951396 1.369672 0.010083
v -0.932628 1.371980 0.009827
v -0.919752 1.373047 0.009651
v -1.124670 1.185922 0.012454
v 1.284478 1.217676 -0.020498
v 1.282864 1.237097 -0.020476
v 1.281583 1.244173 -0.020459
v 1.279915 1.250732 -0.020436
v 1.276636 1.260459 -0.020391
v 1.272446 1.270017 -0.020334
v 1.269161 1.276259 -0.020289
v 1.265487 1.282395 -0.020239
v 1.259240 1.291404 -0.020153
v 1.252198 1.300061 -0.020057
v 1.241510 1.311125 -0.019911
v 1.226250 1.323988 -0.019702
v 1.219654 1.328755 -0.019612
v 1.209150 1.335561 -0.019468
v 1.194169 1.343878 -0.019263
v 1.182300 1.349495 -0.019101
v 1.169991 1.354537 -0.018932
v 1.152782 1.360407 -0.018697
v 1.130323 1.366255 -0.018390
v 1.121205 1.368094 -0.018265
v 1.107223 1.370350 -0.018074
v 1.088567 1.372393 -0.017819
v 1.080239 1.373046 -0.017705
v -1.123338 0.073497 0.012436
v -1.122394 0.065187 0.012423
v -1.118437 0.048264 0.012369
v -1.116163 0.041838 0.012338
v -1.111977 0.032289 0.012280
v -1.104999 0.019877 0.012185
v -1.098764 0.010885 0.012100
v -1.091722 0.002228 0.012003
v -1.081034 -0.008836 0.011857
v -1.065784 -0.021691 0.011648
v -1.055737 -0.028795 0.011511
v -1.033719 -0.041576 0.011210
v -1.017726 -0.048969 0.010991
v -1.000941 -0.055336 0.010762
v -0.996653 -0.056759 0.010703
v -0.992339 -0.058111 0.010644
v -0.974431 -0.062929 0.010399
v -0.960710 -0.065808 0.010211
v -0.946743 -0.068061 0.010020
v -0.928075 -0.070104 0.009765
v -0.919741 -0.070757 0.009651
v -0.907668 -0.071500 0.009486
v 1.062087 -0.071667 -0.017456
v 1.068400 -0.071504 -0.017543
v 1.285146 0.120387 -0.020507
v 1.285254 0.163175 -0.020509
v 1.285213 1.175837 -0.020508
v 1.284905 1.203582 -0.020504
v 1.068506 1.373789 -0.017544
v -0.902650 1.373886 0.009417
v 1.285254 0.946672 -0.020509
v -1.124778 0.946672 0.012455
v 0.618471 1.374031 -0.011389
v 0.618471 -0.071742 -0.011388
v 0.645513 1.374031 -0.011759
v 0.645514 -0.071742 -0.011758
v -0.910201 -0.071382 0.005266
v -0.979007 1.364124 0.006206
v -1.072189 1.318983 0.007481
v -1.120389 1.247464 0.008140
v -1.124305 1.211084 0.008194
v 1.102462 -0.068675 -0.022263
v 1.174066 -0.050642 -0.023243
v 1.205467 -0.035428 -0.023672
v 1.232538 -0.016701 -0.024042
v 1.270807 0.029150 -0.024566
v 1.070568 1.373672 -0.021827
v 1.284426 1.217676 -0.024752
v 1.282811 1.237098 -0.024730
v 1.281530 1.244174 -0.024713
v 1.279862 1.250733 -0.024690
v 1.276583 1.260460 -0.024645
v 1.272392 1.270017 -0.024588
v 1.269108 1.276260 -0.024543
v 1.265434 1.282396 -0.024493
v 1.259187 1.291405 -0.024407
v 1.252144 1.300062 -0.024311
v 1.241457 1.311127 -0.024165
v 1.226196 1.323990 -0.023956
v 1.219600 1.328757 -0.023866
v 1.209096 1.335563 -0.023722
v 1.194114 1.343881 -0.023517
v 1.182245 1.349498 -0.023355
v 1.169935 1.354540 -0.023187
v 1.152727 1.360410 -0.022951
v 1.130267 1.366258 -0.022644
v 1.121148 1.368097 -0.022519
v 1.107166 1.370353 -0.022328
v 1.088509 1.372396 -0.022073
v 1.080181 1.373049 -0.021959
v -1.123402 0.073497 0.008182
v -1.122457 0.065187 0.008169
v -1.118500 0.048264 0.008115
v -1.116227 0.041837 0.008084
v -1.112040 0.032288 0.008026
v -1.105062 0.019876 0.007931
v -1.098827 0.010883 0.007846
v -1.091784 0.002227 0.007749
v -1.081097 -0.008838 0.007603
v -1.065846 -0.021693 0.007394
v -1.055799 -0.028797 0.007257
v -1.033780 -0.041579 0.006956
v -1.017787 -0.048971 0.006737
v -1.001001 -0.055339 0.006508
v -0.996714 -0.056761 0.006449
v -0.992400 -0.058114 0.006390
v -0.974491 -0.062932 0.006145
v -0.960770 -0.065811 0.005957
v -0.946802 -0.068064 0.005766
v -0.928134 -0.070107 0.005511
v -0.919800 -0.070760 0.005397
v -0.907727 -0.071503 0.005232
v 1.062029 -0.071670 -0.021710
v 1.068342 -0.071508 -0.021797
v 1.285093 0.120387 -0.024761
v 1.285202 0.163175 -0.024763
v 1.285161 1.175837 -0.024763
v 1.284852 1.203582 -0.024758
v 1.068447 1.373793 -0.021798
v -0.902708 1.373890 0.005163
v 1.285202 0.946672 -0.024763
v -1.124842 0.946672 0.008201
v 0.618413 1.374034 -0.015643
v 0.618413 -0.071745 -0.015643
v 0.645455 1.374034 -0.016013
v 0.645456 -0.071745 -0.016012
v -1.015380 -0.052151 0.006704
v -1.047185 -0.036745 0.007139
v -1.096912 0.004251 0.007819
v -1.127325 0.090232 0.008235
v -0.910512 1.375475 0.005270
v 1.175740 1.354440 -0.023266
v 1.257272 1.298038 -0.024381
v -1.127653 0.107176 0.008240
v -1.127862 0.163173 0.008243
v 1.287445 0.083924 -0.024793
v 1.286340 0.068990 -0.024778
v 1.285221 0.061330 -0.024763
v 1.280733 0.044675 -0.024702
v 1.275295 0.031768 -0.024627
v 1.270160 0.022330 -0.024557
v 1.261947 0.010146 -0.024445
v 1.254796 0.001358 -0.024347
v 1.246830 -0.007087 -0.024238
v 1.228592 -0.022807 -0.023988
v 1.218398 -0.030015 -0.023849
v 1.188117 -0.046826 -0.023435
v 1.162886 -0.056904 -0.023090
v 1.149610 -0.061065 -0.022908
v 1.126701 -0.066638 -0.022595
v 1.117314 -0.068378 -0.022466
v 1.107827 -0.069833 -0.022337
v 1.093545 -0.071482 -0.022141
v 1.080518 -0.072559 -0.021963
v -1.126419 1.228654 0.008223
v -1.124861 1.240945 0.008201
v -1.120373 1.257614 0.008140
v -1.117858 1.264108 0.008106
v -1.109800 1.279959 0.007995
v -1.105886 1.286113 0.007942
v -1.099296 1.295108 0.007852
v -1.089214 1.306601 0.007714
v -1.080724 1.314798 0.007598
v -1.071476 1.322592 0.007471
v -1.058038 1.332303 0.007287
v -1.039606 1.343242 0.007035
v -1.031768 1.347217 0.006928
v -1.019562 1.352727 0.006761
v -1.002526 1.359193 0.006528
v -0.989250 1.363354 0.006346
v -0.975609 1.366906 0.006160
v -0.952225 1.371430 0.005840
v -0.933197 1.373770 0.005580
v -0.920179 1.374848 0.005402
v -1.127754 1.185932 0.008241
v 0.618471 -0.073554 -0.011388
v 0.645515 -0.073554 -0.011758
v 0.645515 1.375843 -0.011759
v 0.618471 1.375843 -0.011389
v -1.127799 0.946672 0.012496
v 1.288275 0.163173 -0.020550
v 1.288275 0.946672 -0.020550
v -0.910454 1.375472 0.009524
v -0.902724 1.375698 0.009418
v 1.070931 1.375472 -0.017577
v 1.068650 1.375601 -0.017546
v 1.288234 1.175843 -0.020550
v 1.287925 1.203604 -0.020545
v 1.288166 0.120376 -0.020548
v 1.062153 -0.073479 -0.017457
v 1.068623 -0.073312 -0.017545
v -0.910428 -0.073183 0.009524
v -0.907792 -0.073312 0.009488
v -0.920099 -0.072556 0.009656
v -0.928541 -0.071895 0.009771
v -0.947407 -0.069830 0.010029
v -0.961602 -0.067540 0.010224
v -0.975549 -0.064614 0.010414
v -1.002465 -0.056901 0.010782
v -1.015319 -0.052148 0.010958
v -0.998084 -0.058355 0.010723
v -0.993658 -0.059742 0.010662
v -1.019501 -0.050436 0.011015
v -1.035657 -0.042968 0.011236
v -1.047123 -0.036743 0.011393
v -1.057976 -0.030012 0.011542
v -1.068170 -0.022805 0.011681
v -1.096849 0.004252 0.012073
v -1.094374 0.001360 0.012040
v -1.083577 -0.009818 0.011892
v -1.101524 0.010147 0.012137
v -1.107828 0.019239 0.012224
v -1.114872 0.031769 0.012320
v -1.119103 0.041419 0.012378
v -1.121413 0.047950 0.012409
v -1.126355 0.073406 0.012477
v -1.127262 0.090232 0.012489
v -1.125400 0.064999 0.012464
v 1.080598 1.374845 -0.017710
v 1.089034 1.374184 -0.017825
v 1.107888 1.372119 -0.018083
v 1.122079 1.369829 -0.018277
v 1.131407 1.367948 -0.018405
v 1.175795 1.354437 -0.019012
v 1.171561 1.356086 -0.018954
v 1.154134 1.362031 -0.018715
v 1.184103 1.350950 -0.019125
v 1.196133 1.345257 -0.019290
v 1.211287 1.336843 -0.019497
v 1.221926 1.329950 -0.019643
v 1.228646 1.325094 -0.019735
v 1.257326 1.298036 -0.020127
v 1.254850 1.300929 -0.020093
v 1.244053 1.312107 -0.019945
v 1.268304 1.283050 -0.020277
v 1.272024 1.276838 -0.020328
v 1.262000 1.292142 -0.020191
v 1.275348 1.270520 -0.020373
v 1.279579 1.260870 -0.020431
v 1.282890 1.251049 -0.020477
v 1.287498 1.217738 -0.020540
v 1.284579 1.244408 -0.020500
v 1.285876 1.237240 -0.020517
v -1.127799 0.163173 0.012497
v -0.920120 1.374845 0.009656
v -0.933138 1.373767 0.009834
v -0.980133 1.365788 0.010477
v -0.975549 1.366902 0.010414
v -0.952165 1.371427 0.010094
v -0.989190 1.363351 0.010601
v -1.002465 1.359190 0.010782
v -1.019501 1.352725 0.011015
v -1.031707 1.347215 0.011182
v -1.039544 1.343240 0.011289
v -1.074578 1.320039 0.011768
v -1.071414 1.322591 0.011725
v -1.057976 1.332301 0.011541
v -1.080661 1.314796 0.011852
v -1.089151 1.306599 0.011968
v -1.099233 1.295107 0.012106
v -1.105822 1.286112 0.012196
v -1.109737 1.279958 0.012249
v -1.120310 1.257613 0.012394
v -1.123310 1.247744 0.012435
v -1.117794 1.264108 0.012360
v -1.126356 1.228654 0.012477
v -1.127262 1.211121 0.012489
v -1.124797 1.240944 0.012455
v 1.093602 -0.071478 -0.017887
v 1.103107 -0.070450 -0.018017
v 1.080575 -0.072556 -0.017709
v 1.107883 -0.069830 -0.018082
v 1.117371 -0.068375 -0.018212
v 1.126758 -0.066635 -0.018341
v 1.162941 -0.056901 -0.018836
v 1.175795 -0.052148 -0.019011
v 1.149666 -0.061062 -0.018654
v 1.188172 -0.046824 -0.019181
v 1.207599 -0.036743 -0.019446
v 1.228646 -0.022805 -0.019734
v 1.235054 -0.017751 -0.019822
v 1.218452 -0.030012 -0.019595
v 1.246884 -0.007085 -0.019984
v 1.254850 0.001360 -0.020093
v 1.270213 0.022331 -0.020303
v 1.273736 0.028597 -0.020351
v 1.262000 0.010147 -0.020190
v 1.275348 0.031769 -0.020373
v 1.280786 0.044676 -0.020447
v 1.287498 0.083924 -0.020539
v 1.286393 0.068990 -0.020524
v 1.285273 0.061330 -0.020509
v -1.127590 0.107177 0.012494
v -1.127690 1.185932 0.012495
v -1.124842 0.163175 0.008201
v -1.124632 0.107189 0.008198
v 1.282221 0.061554 -0.024722
v 1.283326 0.069109 -0.024737
v 1.284425 0.083974 -0.024752
v 1.272385 0.032254 -0.024587
v 1.277772 0.045042 -0.024661
v 1.259186 0.010884 -0.024407
v 1.267326 0.022960 -0.024518
v 1.235000 -0.017752 -0.024076
v 1.244255 -0.006138 -0.024203
v 1.252122 0.002202 -0.024310
v 1.216159 -0.028797 -0.023818
v 1.226237 -0.021672 -0.023956
v 1.148340 -0.059419 -0.022891
v 1.161392 -0.055327 -0.023069
v 1.107133 -0.068069 -0.022327
v 1.116494 -0.066633 -0.022455
v 1.125686 -0.064929 -0.022581
v 1.080153 -0.070760 -0.021958
v 1.093070 -0.069692 -0.022135
v -1.121855 1.240758 0.008160
v -1.123402 1.228558 0.008181
v -1.114938 1.263639 0.008066
v -1.117415 1.257246 0.008099
v -1.096574 1.294321 0.007814
v -1.103090 1.285425 0.007904
v -1.106941 1.279371 0.007956
v -1.078200 1.313802 0.007563
v -1.086591 1.305700 0.007678
v -1.055808 1.331078 0.007257
v -1.069101 1.321472 0.007439
v -1.017843 1.351235 0.006737
v -1.029884 1.345800 0.006902
v -1.037565 1.341904 0.007007
v -0.987931 1.361723 0.006328
v -1.001016 1.357621 0.006507
v -0.951456 1.369675 0.005829
v -0.974577 1.365201 0.006146
v -0.919810 1.373050 0.005397
v -0.932687 1.371984 0.005573
v -0.910276 1.373668 0.005266
v 1.254564 1.297235 -0.024344
v 1.254796 1.300931 -0.024347
v 1.174052 1.352937 -0.023243
v 1.171506 1.356089 -0.023208
v -1.094204 0.005054 0.007782
v -1.094437 0.001358 0.007786
v -0.910487 -0.073186 0.005270
v -0.907851 -0.073316 0.005234
v 1.070873 1.375475 -0.021832
v 1.068591 1.375604 -0.021800
v 1.288222 0.946672 -0.024804
v -1.124733 1.185922 0.008200
v -1.127862 0.946672 0.008242
v 1.288222 0.163173 -0.024804
v 0.645456 1.375846 -0.016013
v 0.618413 1.375846 -0.015643
v 0.618413 -0.073557 -0.015642
v 0.645456 -0.073557 -0.016012
v -0.902782 1.375702 0.005164
v 1.288181 1.175843 -0.024804
v 1.287872 1.203604 -0.024800
v 1.287445 1.217738 -0.024794
v 1.288114 0.120376 -0.024803
v 1.062095 -0.073483 -0.021711
v 1.068565 -0.073316 -0.021800
v -0.928600 -0.071898 0.005517
v -0.947467 -0.069833 0.005775
v -0.920158 -0.072559 0.005402
v -0.961662 -0.067543 0.005970
v -0.975609 -0.064617 0.006160
v -1.002526 -0.056904 0.006528
v -1.013735 -0.050631 0.006682
v -0.998145 -0.058357 0.006469
v -0.993718 -0.059745 0.006408
v -1.019562 -0.050439 0.006761
v -1.035718 -0.042970 0.006982
v -1.045084 -0.035442 0.007110
v -1.058038 -0.030015 0.007288
v -1.068232 -0.022807 0.007427
v -1.083640 -0.009820 0.007638
v -1.107891 0.019238 0.007970
v -1.114935 0.031768 0.008066
v -1.101587 0.010146 0.007883
v -1.119166 0.041418 0.008124
v -1.121477 0.047949 0.008155
v -1.126419 0.073406 0.008223
v -1.124305 0.090272 0.008194
v -1.125463 0.064999 0.008210
v 1.088976 1.374187 -0.022079
v 1.107831 1.372122 -0.022337
v 1.080539 1.374848 -0.021964
v 1.122023 1.369832 -0.022531
v 1.131351 1.367951 -0.022659
v 1.154078 1.362034 -0.022970
v 1.196078 1.345259 -0.023544
v 1.211233 1.336845 -0.023751
v 1.184048 1.350952 -0.023379
v 1.221871 1.329952 -0.023897
v 1.228592 1.325096 -0.023989
v 1.243999 1.312109 -0.024199
v 1.268251 1.283051 -0.024531
v 1.271971 1.276839 -0.024582
v 1.261947 1.292143 -0.024445
v 1.275295 1.270521 -0.024628
v 1.279526 1.260871 -0.024685
v 1.282837 1.251049 -0.024731
v 1.284526 1.244408 -0.024754
v 1.285823 1.237241 -0.024772
v -1.127325 1.211121 0.008235
v -0.980193 1.365791 0.006223
v -1.074641 1.320041 0.007514
v -1.123374 1.247745 0.008181
v 1.103050 -0.070453 -0.022271
v 1.175740 -0.052151 -0.023265
v 1.207545 -0.036745 -0.023700
v 1.186245 -0.045402 -0.023409
v 1.273683 0.028596 -0.024605
v 0.895348 0.480553 0.157410
v 0.896237 0.459438 0.222423
v 0.917242 0.478912 0.157111
v 0.914984 0.458033 0.222167
v 0.938646 0.474026 0.156818
v 0.933313 0.453850 0.221916
v 0.959084 0.466004 0.156538
v 0.950813 0.446981 0.221677
v 0.978098 0.455025 0.156278
v 0.967094 0.437580 0.221454
v 0.995263 0.441335 0.156044
v 0.981792 0.425857 0.221253
v 1.010197 0.425239 0.155839
v 0.994579 0.412075 0.221078
v 1.022564 0.407097 0.155670
v 1.005170 0.396540 0.220933
v 1.032090 0.387314 0.155540
v 1.013327 0.379600 0.220822
v 1.038562 0.366333 0.155451
v 1.018868 0.361634 0.220746
v 1.041834 0.344620 0.155407
v 1.021670 0.343043 0.220708
v 1.041834 0.322663 0.155407
v 1.021670 0.324241 0.220708
v 1.038562 0.300951 0.155451
v 1.018868 0.305649 0.220746
v 1.032090 0.279969 0.155540
v 1.013327 0.287683 0.220822
v 1.022564 0.260186 0.155670
v 1.005170 0.270743 0.220933
v 1.010197 0.242044 0.155839
v 0.994579 0.255209 0.221078
v 0.995263 0.225948 0.156044
v 0.981792 0.241426 0.221253
v 0.978098 0.212258 0.156278
v 0.967094 0.229704 0.221454
v 0.959084 0.201280 0.156538
v 0.950813 0.220303 0.221677
v 0.938646 0.193258 0.156818
v 0.933313 0.213434 0.221916
v 0.917242 0.188372 0.157111
v 0.914984 0.209250 0.222167
v 0.895348 0.186731 0.157410
v 0.896237 0.207845 0.222423
v 0.873454 0.188372 0.157710
v 0.877490 0.209250 0.222680
v 0.852049 0.193258 0.158002
v 0.859161 0.213434 0.222930
v 0.831611 0.201280 0.158282
v 0.841661 0.220303 0.223170
v 0.812598 0.212258 0.158542
v 0.825380 0.229704 0.223392
v 0.795432 0.225948 0.158777
v 0.810682 0.241426 0.223593
v 0.780499 0.242044 0.158981
v 0.797894 0.255209 0.223768
v 0.768131 0.260186 0.159150
v 0.787304 0.270743 0.223913
v 0.758605 0.279969 0.159281
v 0.779147 0.287683 0.224025
v 0.752133 0.300951 0.159369
v 0.773606 0.305649 0.224101
v 0.748861 0.322663 0.159414
v 0.770804 0.324241 0.224139
v 0.748861 0.344620 0.159414
v 0.770804 0.343043 0.224139
v 0.752133 0.366333 0.159369
v 0.773606 0.361634 0.224101
v 0.758605 0.387314 0.159281
v 0.779147 0.379600 0.224025
v 0.768131 0.407097 0.159150
v 0.787304 0.396540 0.223913
v 0.780499 0.425239 0.158981
v 0.797894 0.412075 0.223768
v 0.795432 0.441335 0.158777
v 0.810682 0.425857 0.223593
v 0.812598 0.455025 0.158542
v 0.825380 0.437580 0.223392
v 0.831611 0.466004 0.158282
v 0.841661 0.446981 0.223170
v 0.852049 0.474026 0.158002
v 0.859161 0.453850 0.222930
v 0.873454 0.478912 0.157710
v 0.877490 0.458033 0.222680
v 0.918090 0.478912 0.219131
v 0.917741 0.476405 0.221252
v 0.896196 0.480553 0.219430
v 0.896225 0.478017 0.221547
v 0.939495 0.474026 0.218838
v 0.938776 0.471603 0.220965
v 0.959932 0.466004 0.218559
v 0.958861 0.463720 0.220690
v 0.978946 0.455025 0.218299
v 0.977547 0.452930 0.220434
v 0.996112 0.441335 0.218064
v 0.994416 0.439477 0.220204
v 1.011045 0.425239 0.217860
v 1.009092 0.423658 0.220003
v 1.023413 0.407097 0.217690
v 1.021246 0.405830 0.219837
v 1.032939 0.387314 0.217560
v 1.030608 0.386388 0.219709
v 1.039410 0.366333 0.217472
v 1.036968 0.365768 0.219622
v 1.042683 0.344620 0.217427
v 1.040183 0.344431 0.219578
v 1.042683 0.322663 0.217427
v 1.040183 0.322853 0.219578
v 1.039410 0.300951 0.217472
v 1.036968 0.301515 0.219622
v 1.032939 0.279969 0.217560
v 1.030608 0.280896 0.219709
v 1.023413 0.260186 0.217690
v 1.021246 0.261454 0.219837
v 1.011045 0.242044 0.217860
v 1.009092 0.243625 0.220003
v 0.996112 0.225948 0.218064
v 0.994416 0.227807 0.220204
v 0.978946 0.212258 0.218299
v 0.977547 0.214353 0.220434
v 0.959932 0.201280 0.218559
v 0.958861 0.203564 0.220690
v 0.939495 0.193258 0.218838
v 0.938776 0.195680 0.220965
v 0.918090 0.188372 0.219131
v 0.917741 0.190879 0.221252
v 0.896196 0.186731 0.219430
v 0.896225 0.189266 0.221547
v 0.874302 0.188372 0.219730
v 0.874709 0.190879 0.221841
v 0.852897 0.193258 0.220023
v 0.853673 0.195680 0.222129
v 0.832460 0.201280 0.220302
v 0.833589 0.203564 0.222403
v 0.813446 0.212258 0.220562
v 0.814903 0.214353 0.222659
v 0.796280 0.225948 0.220797
v 0.798034 0.227807 0.222890
v 0.781347 0.242044 0.221001
v 0.783358 0.243625 0.223090
v 0.768979 0.260186 0.221170
v 0.771204 0.261454 0.223257
v 0.759453 0.279969 0.221301
v 0.761842 0.280896 0.223385
v 0.752982 0.300951 0.221389
v 0.755482 0.301515 0.223472
v 0.749709 0.322663 0.221434
v 0.752267 0.322853 0.223516
v 0.749709 0.344620 0.221434
v 0.752267 0.344431 0.223516
v 0.752982 0.366333 0.221389
v 0.755482 0.365768 0.223472
v 0.759453 0.387314 0.221301
v 0.761842 0.386388 0.223385
v 0.768979 0.407097 0.221170
v 0.771204 0.405830 0.223257
v 0.781347 0.425239 0.221001
v 0.783358 0.423658 0.223090
v 0.796280 0.441335 0.220797
v 0.798034 0.439477 0.222890
v 0.813446 0.455025 0.220562
v 0.814903 0.452930 0.222659
v 0.832460 0.466004 0.220302
v 0.833589 0.463720 0.222403
v 0.852897 0.474026 0.220023
v 0.853673 0.471603 0.222129
v 0.874302 0.478912 0.219730
v 0.874709 0.476405 0.221841
v 0.918010 0.478285 0.220190
v 0.896210 0.479919 0.220489
v 0.939322 0.473420 0.219899
v 0.959672 0.465433 0.219620
v 0.978603 0.454501 0.219362
v 0.995695 0.440870 0.219128
v 1.010564 0.424844 0.218924
v 1.022878 0.406780 0.218756
v 1.032363 0.387083 0.218626
v 1.038806 0.366191 0.218538
v 1.042065 0.344573 0.218494
v 1.042065 0.322711 0.218494
v 1.038806 0.301092 0.218538
v 1.032363 0.280201 0.218626
v 1.022878 0.260503 0.218756
v 1.010564 0.242440 0.218924
v 0.995695 0.226413 0.219128
v 0.978603 0.212782 0.219362
v 0.959672 0.201851 0.219621
v 0.939322 0.193864 0.219899
v 0.918010 0.188999 0.220190
v 0.896210 0.187365 0.220489
v 0.874411 0.188999 0.220787
v 0.853099 0.193864 0.221078
v 0.832749 0.201851 0.221357
v 0.813818 0.212782 0.221616
v 0.796726 0.226413 0.221849
v 0.781857 0.242440 0.222053
v 0.769543 0.260503 0.222221
v 0.760058 0.280201 0.222351
v 0.753614 0.301092 0.222439
v 0.750356 0.322710 0.222484
v 0.750356 0.344573 0.222484
v 0.753614 0.366191 0.222439
v 0.760058 0.387083 0.222351
v 0.769543 0.406780 0.222221
v 0.781857 0.424844 0.222053
v 0.796726 0.440870 0.221849
v 0.813818 0.454501 0.221615
v 0.832749 0.465433 0.221357
v 0.853099 0.473420 0.221078
v 0.874411 0.478285 0.220787
v -0.936898 0.544318 0.177602
v 0.618298 0.544318 0.156330
v -0.936927 0.554951 0.177603
v -0.936983 0.576215 0.177603
v -0.937012 0.586847 0.177604
v -0.937069 0.608112 0.177605
v -0.937097 0.618744 0.177605
v -0.937154 0.640009 0.177606
v -0.937182 0.650641 0.177606
v -0.937239 0.671906 0.177607
v -0.937268 0.682538 0.177607
v -0.937324 0.703802 0.177608
v -0.937353 0.714435 0.177608
v -0.937410 0.735699 0.177609
v -0.937438 0.746331 0.177610
v -0.937495 0.767596 0.177610
v -0.937523 0.778228 0.177611
v -0.937580 0.799493 0.177611
v -0.937608 0.810125 0.177612
v -0.937665 0.831390 0.177613
v -0.937693 0.842022 0.177613
v -0.937750 0.863286 0.177614
v -0.937778 0.873919 0.177614
v -0.937835 0.895183 0.177615
v -0.937864 0.905815 0.177615
v -0.937920 0.927080 0.177616
v -0.937949 0.937712 0.177616
v 0.618298 0.937712 0.156330
v 0.618298 0.927080 0.156330
v 0.618298 0.905815 0.156330
v 0.618298 0.895183 0.156330
v 0.618298 0.873919 0.156330
v 0.618298 0.863286 0.156330
v 0.618298 0.842022 0.156330
v 0.618298 0.831390 0.156330
v 0.618298 0.810125 0.156330
v 0.618298 0.799493 0.156330
v 0.618298 0.778228 0.156330
v 0.618298 0.767596 0.156330
v 0.618298 0.746331 0.156330
v 0.618298 0.735699 0.156330
v 0.618298 0.714435 0.156330
v 0.618298 0.703802 0.156330
v 0.618298 0.682538 0.156330
v 0.618298 0.671906 0.156330
v 0.618298 0.650641 0.156330
v 0.618298 0.640009 0.156330
v 0.618298 0.618744 0.156330
v 0.618298 0.608112 0.156330
v 0.618298 0.586847 0.156330
v 0.618298 0.576215 0.156330
v 0.618298 0.554951 0.156330
v -0.936817 0.544318 0.183513
v 0.618379 0.544318 0.162241
v -0.936846 0.554951 0.183514
v -0.936902 0.576215 0.183514
v -0.936931 0.586847 0.183515
v -0.936988 0.608112 0.183515
v -0.937016 0.618744 0.183516
v -0.937073 0.640009 0.183517
v -0.937101 0.650641 0.183517
v -0.937158 0.671906 0.183518
v -0.937187 0.682538 0.183518
v -0.937244 0.703802 0.183519
v -0.937272 0.714435 0.183519
v -0.937329 0.735699 0.183520
v -0.937357 0.746331 0.183521
v -0.937414 0.767596 0.183521
v -0.937442 0.778228 0.183522
v -0.937499 0.799493 0.183522
v -0.937527 0.810125 0.183523
v -0.937584 0.831390 0.183524
v -0.937612 0.842022 0.183524
v -0.937669 0.863286 0.183525
v -0.937697 0.873919 0.183525
v -0.937754 0.895183 0.183526
v -0.937783 0.905815 0.183526
v -0.937839 0.927080 0.183527
v -0.937868 0.937712 0.183527
v 0.618379 0.937712 0.162241
v 0.618379 0.927080 0.162241
v 0.618379 0.905815 0.162241
v 0.618379 0.895183 0.162241
v 0.618379 0.873919 0.162241
v 0.618379 0.863286 0.162241
v 0.618379 0.842022 0.162241
v 0.618379 0.831390 0.162241
v 0.618379 0.810125 0.162241
v 0.618379 0.799493 0.162241
v 0.618379 0.778228 0.162241
v 0.618379 0.767596 0.162241
v 0.618379 0.746331 0.162241
v 0.618379 0.735699 0.162241
v 0.618379 0.714435 0.162241
v 0.618379 0.703802 0.162241
v 0.618379 0.682538 0.162241
v 0.618379 0.671906 0.162241
v 0.618379 0.650641 0.162241
v 0.618379 0.640009 0.162241
v 0.618379 0.618744 0.162241
v 0.618379 0.608112 0.162241
v 0.618379 0.586847 0.162241
v 0.618379 0.576215 0.162241
v 0.618379 0.554951 0.162241
v -0.936898 0.102016 0.177602
v -0.938034 0.527307 0.177618
v 0.618298 0.527307 0.156330
v 0.618298 0.102016 0.156331
v -0.936927 0.112648 0.177603
v -0.936983 0.133913 0.177603
v -0.937012 0.144545 0.177604
v -0.937069 0.165810 0.177605
v -0.937097 0.176442 0.177605
v -0.937154 0.197706 0.177606
v -0.937182 0.208339 0.177606
v -0.937239 0.229603 0.177607
v -0.937268 0.240236 0.177607
v -0.937324 0.261500 0.177608
v -0.937353 0.272132 0.177609
v -0.937410 0.293397 0.177609
v -0.937438 0.304029 0.177610
v -0.937495 0.325294 0.177610
v -0.937523 0.335926 0.177611
v -0.937580 0.357190 0.177612
v -0.937608 0.367823 0.177612
v -0.937665 0.389087 0.177613
v -0.937693 0.399720 0.177613
v -0.937750 0.420984 0.177614
v -0.937778 0.431616 0.177614
v -0.937835 0.452881 0.177615
v -0.937864 0.463513 0.177615
v -0.937920 0.484778 0.177616
v -0.937949 0.495410 0.177617
v -0.938005 0.516674 0.177617
v 0.618298 0.516674 0.156330
v 0.618298 0.495410 0.156330
v 0.618298 0.484778 0.156330
v 0.618298 0.463513 0.156330
v 0.618298 0.452881 0.156330
v 0.618298 0.431616 0.156330
v 0.618298 0.420984 0.156330
v 0.618298 0.399719 0.156330
v 0.618298 0.389087 0.156330
v 0.618298 0.367823 0.156330
v 0.618298 0.357190 0.156330
v 0.618298 0.335926 0.156330
v 0.618298 0.325294 0.156330
v 0.618298 0.304029 0.156330
v 0.618298 0.293397 0.156330
v 0.618298 0.272132 0.156330
v 0.618298 0.261500 0.156330
v 0.618298 0.240235 0.156331
v 0.618298 0.229603 0.156331
v 0.618298 0.208339 0.156331
v 0.618298 0.197706 0.156331
v 0.618298 0.176442 0.156331
v 0.618298 0.165810 0.156331
v 0.618298 0.144545 0.156331
v 0.618298 0.133913 0.156331
v 0.618298 0.112648 0.156331
v -0.936817 0.102016 0.183513
v -0.937953 0.527307 0.183529
v 0.618379 0.527307 0.162241
v 0.618379 0.102016 0.162242
v -0.936846 0.112648 0.183514
v -0.936902 0.133913 0.183514
v -0.936931 0.144545 0.183515
v -0.936988 0.165810 0.183515
v -0.937016 0.176442 0.183516
v -0.937073 0.197706 0.183517
v -0.937101 0.208339 0.183517
v -0.937158 0.229603 0.183518
v -0.937187 0.240236 0.183518
v -0.937244 0.261500 0.183519
v -0.937272 0.272132 0.183519
v -0.937329 0.293397 0.183520
v -0.937357 0.304029 0.183521
v -0.937414 0.325294 0.183521
v -0.937442 0.335926 0.183522
v -0.937499 0.357190 0.183522
v -0.937527 0.367823 0.183523
v -0.937584 0.389087 0.183524
v -0.937612 0.399720 0.183524
v -0.937669 0.420984 0.183525
v -0.937697 0.431616 0.183525
v -0.937754 0.452881 0.183526
v -0.937783 0.463513 0.183526
v -0.937839 0.484778 0.183527
v -0.937868 0.495410 0.183528
v -0.937924 0.516674 0.183528
v 0.618379 0.516674 0.162241
v 0.618379 0.495410 0.162241
v 0.618379 0.484778 0.162241
v 0.618379 0.463513 0.162241
v 0.618379 0.452881 0.162241
v 0.618379 0.431616 0.162241
v 0.618379 0.420984 0.162241
v 0.618379 0.399720 0.162241
v 0.618379 0.389087 0.162241
v 0.618379 0.367823 0.162241
v 0.618379 0.357190 0.162241
v 0.618379 0.335926 0.162241
v 0.618379 0.325294 0.162241
v 0.618379 0.304029 0.162241
v 0.618379 0.293397 0.162241
v 0.618379 0.272132 0.162241
v 0.618379 0.261500 0.162241
v 0.618379 0.240235 0.162242
v 0.618379 0.229603 0.162242
v 0.618379 0.208339 0.162242
v 0.618379 0.197706 0.162242
v 0.618379 0.176442 0.162242
v 0.618379 0.165810 0.162242
v 0.618379 0.144545 0.162242
v 0.618379 0.133913 0.162242
v 0.618379 0.112648 0.162242
v -0.926149 0.977074 0.169571
v -0.926347 1.231923 0.169573
v 0.605656 1.231923 0.148619
v 1.108132 1.231923 0.141746
v 1.107925 0.977074 0.141749
v 0.605656 0.977074 0.148619
v 0.632700 1.231923 0.148249
v 0.632700 0.977074 0.148249
v -0.925952 0.977074 0.183987
v -0.926150 1.231923 0.183990
v 0.605853 1.231923 0.163035
v 1.108329 1.231923 0.156163
v 1.108122 0.977074 0.156166
v 0.605853 0.977074 0.163036
v 0.632897 1.231923 0.162666
v 0.632897 0.977074 0.162666
v 0.895348 0.872533 0.157410
v 0.896237 0.851418 0.222423
v 0.917241 0.870892 0.157111
v 0.914984 0.850013 0.222167
v 0.938646 0.866006 0.156818
v 0.933313 0.845829 0.221916
v 0.959084 0.857984 0.156538
v 0.950813 0.838960 0.221677
v 0.978098 0.847005 0.156278
v 0.967094 0.829560 0.221454
v 0.995263 0.833315 0.156043
v 0.981792 0.817837 0.221253
v 1.010196 0.817219 0.155839
v 0.994579 0.804054 0.221078
v 1.022564 0.799077 0.155670
v 1.005170 0.788520 0.220933
v 1.032090 0.779294 0.155540
v 1.013327 0.771580 0.220822
v 1.038562 0.758312 0.155451
v 1.018868 0.753614 0.220746
v 1.041834 0.736600 0.155406
v 1.021670 0.735022 0.220707
v 1.041834 0.714643 0.155406
v 1.021670 0.716221 0.220707
v 1.038562 0.692931 0.155451
v 1.018868 0.697629 0.220746
v 1.032090 0.671949 0.155540
v 1.013327 0.679663 0.220822
v 1.022564 0.652166 0.155670
v 1.005170 0.662723 0.220933
v 1.010196 0.634024 0.155839
v 0.994579 0.647189 0.221078
v 0.995263 0.617928 0.156043
v 0.981792 0.633406 0.221253
v 0.978098 0.604238 0.156278
v 0.967094 0.621684 0.221454
v 0.959084 0.593259 0.156538
v 0.950813 0.612283 0.221677
v 0.938646 0.585238 0.156818
v 0.933313 0.605414 0.221916
v 0.917241 0.580352 0.157111
v 0.914984 0.601230 0.222167
v 0.895348 0.578711 0.157410
v 0.896237 0.599825 0.222423
v 0.873454 0.580352 0.157710
v 0.877490 0.601230 0.222680
v 0.852049 0.585238 0.158002
v 0.859161 0.605414 0.222930
v 0.831611 0.593259 0.158282
v 0.841661 0.612283 0.223170
v 0.812597 0.604238 0.158542
v 0.825380 0.621684 0.223392
v 0.795432 0.617928 0.158777
v 0.810681 0.633406 0.223593
v 0.780499 0.634024 0.158981
v 0.797894 0.647189 0.223768
v 0.768131 0.652166 0.159150
v 0.787304 0.662723 0.223913
v 0.758605 0.671949 0.159280
v 0.779147 0.679663 0.224025
v 0.752133 0.692931 0.159369
v 0.773606 0.697629 0.224100
v 0.748861 0.714643 0.159414
v 0.770804 0.716221 0.224139
v 0.748861 0.736600 0.159414
v 0.770804 0.735022 0.224139
v 0.752133 0.758312 0.159369
v 0.773606 0.753614 0.224100
v 0.758605 0.779294 0.159280
v 0.779147 0.771580 0.224025
v 0.768131 0.799077 0.159150
v 0.787304 0.788520 0.223913
v 0.780499 0.817219 0.158981
v 0.797894 0.804054 0.223768
v 0.795432 0.833315 0.158777
v 0.810681 0.817837 0.223593
v 0.812597 0.847005 0.158542
v 0.825380 0.829560 0.223392
v 0.831611 0.857984 0.158282
v 0.841661 0.838960 0.223170
v 0.852049 0.866006 0.158002
v 0.859161 0.845829 0.222930
v 0.873454 0.870892 0.157710
v 0.877490 0.850013 0.222680
v 0.918090 0.870892 0.219131
v 0.917741 0.868385 0.221252
v 0.896196 0.872533 0.219430
v 0.896225 0.869997 0.221547
v 0.939495 0.866006 0.218838
v 0.938776 0.863583 0.220965
v 0.959932 0.857984 0.218559
v 0.958861 0.855699 0.220690
v 0.978946 0.847005 0.218298
v 0.977547 0.844910 0.220434
v 0.996111 0.833315 0.218064
v 0.994416 0.831456 0.220203
v 1.011045 0.817219 0.217859
v 1.009092 0.815638 0.220003
v 1.023413 0.799077 0.217690
v 1.021246 0.797809 0.219836
v 1.032939 0.779294 0.217560
v 1.030608 0.778368 0.219708
v 1.039410 0.758312 0.217471
v 1.036967 0.757748 0.219621
v 1.042682 0.736600 0.217427
v 1.040183 0.736411 0.219577
v 1.042682 0.714643 0.217427
v 1.040183 0.714832 0.219578
v 1.039410 0.692931 0.217471
v 1.036967 0.693495 0.219621
v 1.032939 0.671949 0.217560
v 1.030608 0.672875 0.219708
v 1.023413 0.652166 0.217690
v 1.021246 0.653434 0.219837
v 1.011045 0.634024 0.217859
v 1.009092 0.635605 0.220003
v 0.996111 0.617928 0.218064
v 0.994416 0.619787 0.220204
v 0.978946 0.604238 0.218299
v 0.977547 0.606333 0.220434
v 0.959932 0.593259 0.218559
v 0.958861 0.595544 0.220690
v 0.939495 0.585238 0.218838
v 0.938776 0.587660 0.220965
v 0.918090 0.580352 0.219131
v 0.917741 0.582859 0.221252
v 0.896196 0.578711 0.219430
v 0.896225 0.581246 0.221547
v 0.874302 0.580352 0.219730
v 0.874709 0.582859 0.221841
v 0.852897 0.585238 0.220023
v 0.853673 0.587660 0.222129
v 0.832460 0.593259 0.220302
v 0.833589 0.595544 0.222403
v 0.813446 0.604238 0.220562
v 0.814903 0.606333 0.222659
v 0.796280 0.617928 0.220797
v 0.798034 0.619787 0.222890
v 0.781347 0.634024 0.221001
v 0.783358 0.635605 0.223090
v 0.768979 0.652166 0.221170
v 0.771204 0.653434 0.223257
v 0.759453 0.671949 0.221301
v 0.761842 0.672875 0.223385
v 0.752982 0.692931 0.221389
v 0.755482 0.693495 0.223472
v 0.749709 0.714643 0.221434
v 0.752266 0.714832 0.223516
v 0.749709 0.736600 0.221434
v 0.752266 0.736411 0.223516
v 0.752982 0.758312 0.221389
v 0.755482 0.757748 0.223472
v 0.759453 0.779294 0.221301
v 0.761842 0.778368 0.223385
v 0.768979 0.799077 0.221170
v 0.771204 0.797809 0.223257
v 0.781347 0.817219 0.221001
v 0.783358 0.815638 0.223090
v 0.796280 0.833315 0.220797
v 0.798034 0.831456 0.222890
v 0.813446 0.847005 0.220562
v 0.814903 0.844910 0.222659
v 0.832460 0.857984 0.220302
v 0.833589 0.855699 0.222403
v 0.852897 0.866006 0.220023
v 0.853673 0.863583 0.222129
v 0.874302 0.870892 0.219730
v 0.874709 0.868385 0.221841
v 0.918010 0.870265 0.220190
v 0.896210 0.871898 0.220488
v 0.939322 0.865400 0.219899
v 0.959672 0.857413 0.219620
v 0.978603 0.846481 0.219361
v 0.995695 0.832850 0.219128
v 1.010564 0.816824 0.218924
v 1.022878 0.798760 0.218756
v 1.032363 0.779063 0.218626
v 1.038806 0.758171 0.218538
v 1.042065 0.736553 0.218493
v 1.042065 0.714690 0.218493
v 1.038806 0.693072 0.218538
v 1.032363 0.672181 0.218626
v 1.022878 0.652483 0.218756
v 1.010564 0.634420 0.218924
v 0.995695 0.618393 0.219128
v 0.978603 0.604762 0.219362
v 0.959672 0.593831 0.219620
v 0.939322 0.585843 0.219899
v 0.918010 0.580979 0.220190
v 0.896210 0.579345 0.220488
v 0.874411 0.580979 0.220787
v 0.853099 0.585843 0.221078
v 0.832749 0.593831 0.221356
v 0.813817 0.604762 0.221615
v 0.796726 0.618393 0.221849
v 0.781857 0.634420 0.222053
v 0.769543 0.652483 0.222221
v 0.760058 0.672181 0.222351
v 0.753614 0.693072 0.222439
v 0.750356 0.714690 0.222483
v 0.750356 0.736553 0.222483
v 0.753614 0.758171 0.222439
v 0.760058 0.779063 0.222351
v 0.769543 0.798760 0.222221
v 0.781857 0.816824 0.222053
v 0.796726 0.832850 0.221849
v 0.813817 0.846481 0.221615
v 0.832749 0.857413 0.221356
v 0.853099 0.865400 0.221078
v 0.874411 0.870265 0.220787
v 1.041276 1.385243 -0.003547
v 1.041310 1.386318 -0.001038
v 1.044361 1.385243 -0.001080
v 1.041286 1.386003 -0.002812
v 1.043052 1.385864 -0.002510
v 1.043468 1.386003 -0.001067
v 1.043443 1.385243 -0.002841
v 1.046009 1.385243 0.119377
v 1.042957 1.386318 0.119419
v 1.042992 1.385243 0.121928
v 1.045115 1.386003 0.119390
v 1.044739 1.385864 0.120843
v 1.042982 1.386003 0.121193
v 1.045139 1.385243 0.121164
v 0.891736 1.385243 0.001008
v 0.894787 1.386318 0.000966
v 0.894753 1.385243 -0.001542
v 0.892630 1.386003 0.000996
v 0.893006 1.385864 -0.000458
v 0.894763 1.386003 -0.000808
v 0.892605 1.385243 -0.000778
v 0.896469 1.385243 0.123932
v 0.896435 1.386318 0.121423
v 0.893383 1.385243 0.121465
v 0.896459 1.386003 0.123197
v 0.894693 1.385864 0.122896
v 0.894277 1.386003 0.121453
v 0.894301 1.385243 0.123227
v 1.041276 1.372559 -0.003547
v 1.044361 1.372559 -0.001080
v 1.043443 1.372559 -0.002841
v 1.046009 1.372559 0.119377
v 1.042992 1.372559 0.121928
v 1.045139 1.372559 0.121164
v 0.896469 1.372559 0.123932
v 0.893383 1.372559 0.121465
v 0.894301 1.372559 0.123227
v 0.891736 1.372559 0.001008
v 0.894753 1.372559 -0.001542
v 0.892605 1.372559 -0.000778
v 1.051844 1.375050 -0.134826
v 1.055568 1.375050 -0.134510
v 1.059160 1.375050 -0.133474
v 1.062480 1.375050 -0.131758
v 1.065401 1.375050 -0.129426
v 1.067812 1.375050 -0.126569
v 1.069619 1.375050 -0.123297
v 1.070753 1.375050 -0.119735
v 1.071170 1.375050 -0.116021
v 1.070855 1.375050 -0.112296
v 1.069818 1.375050 -0.108705
v 1.068102 1.375050 -0.105385
v 1.065770 1.375050 -0.102463
v 1.062914 1.375050 -0.100052
v 1.059641 1.375050 -0.098246
v 1.056080 1.375050 -0.097112
v 1.052365 1.375050 -0.096694
v 1.048640 1.375050 -0.097010
v 1.045049 1.375050 -0.098046
v 1.041729 1.375050 -0.099763
v 1.038807 1.375050 -0.102094
v 1.036397 1.375050 -0.104951
v 1.034590 1.375050 -0.108223
v 1.049816 1.375050 -0.119449
v 1.034390 1.375050 -0.122815
v 1.036107 1.375050 -0.126136
v 1.038438 1.375050 -0.129057
v 1.041295 1.375050 -0.131468
v 1.044567 1.375050 -0.133275
v 1.048129 1.375050 -0.134409
v 1.051860 1.406661 -0.133624
v 1.055350 1.406661 -0.133328
v 1.058715 1.406661 -0.132358
v 1.061826 1.406661 -0.130749
v 1.064563 1.406661 -0.128564
v 1.066822 1.406661 -0.125888
v 1.068515 1.406661 -0.122822
v 1.069577 1.406661 -0.119485
v 1.069968 1.406661 -0.116005
v 1.069672 1.406661 -0.112515
v 1.068702 1.406661 -0.109150
v 1.067093 1.406661 -0.106039
v 1.064909 1.406661 -0.103301
v 1.062232 1.406661 -0.101043
v 1.059166 1.406661 -0.099350
v 1.055829 1.406661 -0.098287
v 1.052349 1.406661 -0.097896
v 1.048859 1.406661 -0.098192
v 1.045494 1.406661 -0.099163
v 1.042383 1.406661 -0.100771
v 1.039646 1.406661 -0.102956
v 1.037387 1.406661 -0.105632
v 1.035694 1.406661 -0.108698
v 1.049918 1.375050 -0.112010
v 1.035507 1.406661 -0.122371
v 1.037115 1.406661 -0.125482
v 1.039300 1.406661 -0.128219
v 1.041976 1.406661 -0.130478
v 1.045042 1.406661 -0.132171
v 1.048380 1.406661 -0.133233
v 1.050996 1.406661 -0.120662
v 1.051130 1.406661 -0.110830
v 1.034191 1.375050 -0.109475
v 1.035880 1.375050 -0.111818
v 1.034148 1.375050 -0.110634
v 1.034766 1.375050 -0.111492
v 1.035778 1.375050 -0.119257
v 1.034026 1.375050 -0.121553
v 1.034656 1.375050 -0.119553
v 1.034015 1.375050 -0.120393
v 1.036059 1.406661 -0.110624
v 1.035381 1.406661 -0.109682
v 1.035497 1.406661 -0.110459
v 1.035359 1.406661 -0.110268
v 1.035221 1.406661 -0.121378
v 1.035925 1.406661 -0.120456
v 1.035215 1.406661 -0.120792
v 1.035358 1.406661 -0.120605
v 1.049918 1.406661 -0.112010
v 1.049816 1.406661 -0.119449
v 1.048129 1.406661 -0.134409
v 1.051844 1.406661 -0.134826
v 1.044567 1.406661 -0.133275
v 1.041295 1.406661 -0.131468
v 1.038438 1.406661 -0.129057
v 1.036107 1.406661 -0.126136
v 1.034390 1.406661 -0.122815
v 1.036397 1.406661 -0.104951
v 1.034590 1.406661 -0.108223
v 1.038807 1.406661 -0.102094
v 1.041729 1.406661 -0.099763
v 1.045049 1.406661 -0.098046
v 1.048640 1.406661 -0.097010
v 1.052365 1.406661 -0.096694
v 1.056080 1.406661 -0.097112
v 1.059641 1.406661 -0.098246
v 1.062914 1.406661 -0.100052
v 1.065770 1.406661 -0.102463
v 1.068102 1.406661 -0.105385
v 1.069818 1.406661 -0.108705
v 1.070855 1.406661 -0.112296
v 1.071170 1.406661 -0.116021
v 1.070753 1.406661 -0.119735
v 1.069619 1.406661 -0.123297
v 1.067812 1.406661 -0.126569
v 1.065401 1.406661 -0.129426
v 1.062480 1.406661 -0.131758
v 1.059160 1.406661 -0.133474
v 1.055568 1.406661 -0.134510
v 1.034015 1.406661 -0.120393
v 1.034026 1.406661 -0.121553
v 1.034656 1.406661 -0.119553
v 1.035778 1.406661 -0.119257
v 1.034766 1.406661 -0.111492
v 1.035880 1.406661 -0.111818
v 1.034148 1.406661 -0.110634
v 1.034191 1.406661 -0.109475
v -0.596229 1.644626 -0.084796
v -0.595903 1.646762 -0.085060
v -0.595596 1.648807 -0.085740
v -0.595319 1.650683 -0.086810
v -0.595084 1.652316 -0.088229
v -0.594900 1.653646 -0.089944
v -0.594773 1.654619 -0.091886
v -0.594709 1.655200 -0.093984
v -0.594709 1.655365 -0.096154
v -0.594775 1.655108 -0.098315
v -0.594903 1.654440 -0.100383
v -0.595088 1.653386 -0.102278
v -0.595324 1.651986 -0.103929
v -0.595602 1.650294 -0.105270
v -0.595909 1.648375 -0.106252
v -0.596236 1.646304 -0.106835
v -0.596569 1.644158 -0.106998
v -0.596895 1.642022 -0.106735
v -0.597203 1.639977 -0.106055
v -0.597479 1.638102 -0.104985
v -0.597714 1.636469 -0.103565
v -0.597898 1.635139 -0.101851
v -0.598025 1.634166 -0.099908
v -0.598090 1.633585 -0.097811
v -0.598089 1.633420 -0.095640
v -0.598023 1.633676 -0.093480
v -0.597895 1.634345 -0.091412
v -0.597710 1.635399 -0.089516
v -0.597474 1.636799 -0.087866
v -0.597197 1.638491 -0.086524
v -0.596889 1.640409 -0.085543
v -0.596562 1.642481 -0.084959
v -0.595798 1.647264 -0.082764
v -0.596193 1.644676 -0.082444
v -0.595425 1.649743 -0.083588
v -0.595090 1.652015 -0.084885
v -0.594806 1.653995 -0.086605
v -0.594582 1.655606 -0.088682
v -0.594428 1.656786 -0.091037
v -0.594351 1.657489 -0.093578
v -0.594351 1.657690 -0.096209
v -0.594431 1.657379 -0.098827
v -0.594586 1.656569 -0.101333
v -0.594811 1.655291 -0.103630
v -0.595097 1.653594 -0.105630
v -0.595433 1.651544 -0.107256
v -0.595806 1.649219 -0.108445
v -0.596201 1.646709 -0.109152
v -0.596605 1.644109 -0.109350
v -0.597000 1.641520 -0.109031
v -0.597373 1.639042 -0.108207
v -0.597708 1.636769 -0.106910
v -0.597993 1.634790 -0.105190
v -0.598216 1.633179 -0.103112
v -0.598370 1.631999 -0.100758
v -0.598448 1.631295 -0.098216
v -0.598447 1.631095 -0.095586
v -0.598368 1.631406 -0.092967
v -0.598212 1.632216 -0.090461
v -0.597988 1.633494 -0.088164
v -0.597702 1.635190 -0.086164
v -0.597366 1.637240 -0.084539
v -0.596993 1.639565 -0.083349
v -0.596597 1.642076 -0.082642
v -0.651741 1.654816 -0.086874
v -0.651993 1.653170 -0.086671
v -0.651504 1.656392 -0.087398
v -0.651291 1.657837 -0.088223
v -0.651110 1.659096 -0.089317
v -0.650968 1.660120 -0.090638
v -0.650870 1.660871 -0.092135
v -0.650821 1.661318 -0.093751
v -0.650822 1.661445 -0.095424
v -0.650872 1.661248 -0.097089
v -0.650971 1.660733 -0.098683
v -0.651114 1.659920 -0.100144
v -0.651296 1.658841 -0.101415
v -0.651509 1.657538 -0.102449
v -0.651746 1.656059 -0.103205
v -0.651998 1.654463 -0.103655
v -0.652255 1.652810 -0.103781
v -0.652506 1.651163 -0.103578
v -0.652743 1.649587 -0.103054
v -0.652956 1.648142 -0.102229
v -0.653137 1.646883 -0.101135
v -0.653279 1.645859 -0.099814
v -0.653377 1.645109 -0.098317
v -0.653426 1.644661 -0.096701
v -0.653426 1.644534 -0.095028
v -0.653375 1.644732 -0.093363
v -0.653277 1.645247 -0.091769
v -0.653134 1.646059 -0.090309
v -0.652952 1.647138 -0.089037
v -0.652738 1.648442 -0.088003
v -0.652501 1.649920 -0.087247
v -0.652249 1.651517 -0.086797
v -0.651627 1.655360 -0.084389
v -0.651954 1.653224 -0.084125
v -0.651320 1.657405 -0.085069
v -0.651044 1.659280 -0.086139
v -0.650809 1.660914 -0.087558
v -0.650624 1.662243 -0.089272
v -0.650498 1.663216 -0.091215
v -0.650433 1.663797 -0.093312
v -0.650434 1.663962 -0.095483
v -0.650500 1.663706 -0.097644
v -0.650628 1.663038 -0.099712
v -0.650813 1.661983 -0.101607
v -0.651049 1.660583 -0.103257
v -0.651326 1.658891 -0.104599
v -0.651634 1.656973 -0.105580
v -0.651961 1.654901 -0.106164
v -0.652293 1.652756 -0.106327
v -0.652620 1.650620 -0.106064
v -0.652927 1.648575 -0.105384
v -0.653204 1.646699 -0.104313
v -0.653439 1.645066 -0.102894
v -0.653623 1.643737 -0.101180
v -0.653750 1.642763 -0.099237
v -0.653814 1.642183 -0.097140
v -0.653813 1.642017 -0.094969
v -0.653748 1.642274 -0.092808
v -0.653620 1.642942 -0.090741
v -0.653434 1.643996 -0.088845
v -0.653199 1.645396 -0.087195
v -0.652921 1.647088 -0.085853
v -0.652614 1.649007 -0.084872
v -0.652287 1.651078 -0.084288
v -0.666224 1.656692 -0.088287
v -0.666428 1.655359 -0.088123
v -0.666032 1.657969 -0.088711
v -0.665860 1.659140 -0.089380
v -0.665713 1.660160 -0.090266
v -0.665598 1.660990 -0.091336
v -0.665519 1.661597 -0.092549
v -0.665478 1.661960 -0.093858
v -0.665479 1.662063 -0.095213
v -0.665520 1.661903 -0.096562
v -0.665600 1.661485 -0.097853
v -0.665716 1.660827 -0.099036
v -0.665863 1.659953 -0.100066
v -0.666036 1.658897 -0.100904
v -0.666228 1.657699 -0.101516
v -0.666432 1.656406 -0.101881
v -0.666640 1.655067 -0.101983
v -0.666843 1.653733 -0.101818
v -0.667035 1.652457 -0.101394
v -0.667208 1.651286 -0.100726
v -0.667355 1.650266 -0.099839
v -0.667470 1.649437 -0.098769
v -0.667549 1.648829 -0.097556
v -0.667589 1.648466 -0.096247
v -0.667589 1.648363 -0.094892
v -0.667547 1.648523 -0.093543
v -0.667468 1.648941 -0.092252
v -0.667352 1.649599 -0.091069
v -0.667205 1.650473 -0.090039
v -0.667032 1.651529 -0.089201
v -0.666839 1.652727 -0.088589
v -0.666636 1.654020 -0.088224
v -0.666151 1.657039 -0.086701
v -0.666403 1.655393 -0.086498
v -0.665914 1.658615 -0.087225
v -0.665702 1.660061 -0.088050
v -0.665520 1.661319 -0.089143
v -0.665378 1.662344 -0.090464
v -0.665281 1.663094 -0.091962
v -0.665231 1.663541 -0.093578
v -0.665232 1.663669 -0.095251
v -0.665282 1.663471 -0.096916
v -0.665381 1.662956 -0.098509
v -0.665524 1.662144 -0.099970
v -0.665706 1.661065 -0.101242
v -0.665919 1.659761 -0.102276
v -0.666156 1.658282 -0.103032
v -0.666408 1.656686 -0.103482
v -0.666665 1.655033 -0.103607
v -0.666916 1.653387 -0.103404
v -0.667153 1.651811 -0.102880
v -0.667366 1.650365 -0.102056
v -0.667547 1.649106 -0.100962
v -0.667689 1.648082 -0.099641
v -0.667787 1.647332 -0.098143
v -0.667836 1.646885 -0.096527
v -0.667836 1.646757 -0.094855
v -0.667785 1.646955 -0.093189
v -0.667687 1.647470 -0.091596
v -0.667544 1.648282 -0.090135
v -0.667362 1.649361 -0.088863
v -0.667148 1.650665 -0.087830
v -0.666911 1.652144 -0.087073
v -0.666659 1.653740 -0.086624
v -0.685233 1.659355 -0.089258
v -0.685401 1.658257 -0.089123
v -0.685076 1.660405 -0.089607
v -0.684933 1.661368 -0.090157
v -0.684813 1.662207 -0.090886
v -0.684718 1.662890 -0.091766
v -0.684653 1.663390 -0.092764
v -0.684620 1.663688 -0.093841
v -0.684620 1.663773 -0.094956
v -0.684654 1.663641 -0.096066
v -0.684720 1.663298 -0.097128
v -0.684815 1.662756 -0.098102
v -0.684936 1.662037 -0.098949
v -0.685079 1.661168 -0.099638
v -0.685237 1.660183 -0.100142
v -0.685404 1.659119 -0.100442
v -0.685575 1.658017 -0.100526
v -0.685743 1.656920 -0.100391
v -0.685901 1.655870 -0.100041
v -0.686043 1.654907 -0.099492
v -0.686163 1.654067 -0.098763
v -0.686258 1.653385 -0.097882
v -0.686323 1.652885 -0.096884
v -0.686356 1.652586 -0.095807
v -0.686356 1.652502 -0.094692
v -0.686323 1.652633 -0.093583
v -0.686257 1.652977 -0.092520
v -0.686161 1.653518 -0.091547
v -0.686040 1.654237 -0.090699
v -0.685898 1.655106 -0.090010
v -0.685740 1.656092 -0.089506
v -0.685572 1.657156 -0.089206
v -0.685179 1.659617 -0.088059
v -0.685382 1.658283 -0.087894
v -0.684987 1.660893 -0.088483
v -0.684814 1.662064 -0.089151
v -0.684667 1.663084 -0.090037
v -0.684552 1.663914 -0.091108
v -0.684473 1.664521 -0.092320
v -0.684433 1.664884 -0.093630
v -0.684433 1.664987 -0.094985
v -0.684474 1.664827 -0.096334
v -0.684554 1.664410 -0.097624
v -0.684670 1.663752 -0.098808
v -0.684817 1.662878 -0.099838
v -0.684990 1.661821 -0.100675
v -0.685182 1.660624 -0.101288
v -0.685386 1.659330 -0.101652
v -0.685594 1.657991 -0.101754
v -0.685798 1.656658 -0.101590
v -0.685990 1.655381 -0.101165
v -0.686162 1.654210 -0.100497
v -0.686309 1.653191 -0.099611
v -0.686424 1.652361 -0.098541
v -0.686503 1.651753 -0.097328
v -0.686544 1.651391 -0.096019
v -0.686543 1.651288 -0.094664
v -0.686502 1.651448 -0.093315
v -0.686422 1.651865 -0.092024
v -0.686307 1.652523 -0.090841
v -0.686159 1.653397 -0.089811
v -0.685986 1.654453 -0.088973
v -0.685794 1.655651 -0.088360
v -0.685590 1.656944 -0.087996
v -0.703684 1.661874 -0.090485
v -0.703807 1.661062 -0.090385
v -0.703567 1.662651 -0.090743
v -0.703462 1.663364 -0.091150
v -0.703373 1.663985 -0.091689
v -0.703302 1.664490 -0.092341
v -0.703254 1.664860 -0.093079
v -0.703230 1.665080 -0.093876
v -0.703230 1.665143 -0.094701
v -0.703255 1.665045 -0.095522
v -0.703304 1.664792 -0.096307
v -0.703374 1.664391 -0.097028
v -0.703464 1.663859 -0.097655
v -0.703569 1.663216 -0.098164
v -0.703686 1.662487 -0.098537
v -0.703810 1.661700 -0.098759
v -0.703937 1.660885 -0.098821
v -0.704061 1.660073 -0.098721
v -0.704177 1.659296 -0.098463
v -0.704282 1.658583 -0.098056
v -0.704372 1.657963 -0.097517
v -0.704442 1.657458 -0.096865
v -0.704490 1.657088 -0.096127
v -0.704514 1.656867 -0.095330
v -0.704514 1.656804 -0.094505
v -0.704489 1.656902 -0.093684
v -0.704441 1.657156 -0.092898
v -0.704370 1.657556 -0.092178
v -0.704280 1.658088 -0.091551
v -0.704175 1.658731 -0.091041
v -0.704058 1.659460 -0.090668
v -0.703934 1.660247 -0.090447
v -0.703617 1.662191 -0.089036
v -0.703785 1.661094 -0.088901
v -0.703459 1.663241 -0.089386
v -0.703317 1.664204 -0.089935
v -0.703197 1.665044 -0.090664
v -0.703102 1.665726 -0.091545
v -0.703037 1.666226 -0.092543
v -0.703004 1.666524 -0.093620
v -0.703004 1.666609 -0.094735
v -0.703038 1.666478 -0.095845
v -0.703104 1.666134 -0.096907
v -0.703199 1.665593 -0.097880
v -0.703320 1.664874 -0.098728
v -0.703463 1.664005 -0.099417
v -0.703620 1.663019 -0.099921
v -0.703788 1.661955 -0.100221
v -0.703959 1.660854 -0.100305
v -0.704127 1.659756 -0.100169
v -0.704285 1.658706 -0.099820
v -0.704427 1.657743 -0.099270
v -0.704547 1.656904 -0.098541
v -0.704642 1.656221 -0.097661
v -0.704707 1.655721 -0.096663
v -0.704740 1.655423 -0.095586
v -0.704740 1.655338 -0.094471
v -0.704706 1.655470 -0.093361
v -0.704641 1.655813 -0.092299
v -0.704545 1.656354 -0.091325
v -0.704424 1.657073 -0.090478
v -0.704282 1.657943 -0.089789
v -0.704124 1.658928 -0.089285
v -0.703956 1.659992 -0.088985
v -0.718495 1.664022 -0.090913
v -0.718601 1.663330 -0.090828
v -0.718396 1.664685 -0.091134
v -0.718306 1.665293 -0.091480
v -0.718230 1.665822 -0.091940
v -0.718170 1.666253 -0.092496
v -0.718129 1.666568 -0.093125
v -0.718109 1.666756 -0.093805
v -0.718109 1.666810 -0.094508
v -0.718130 1.666727 -0.095208
v -0.718171 1.666510 -0.095878
v -0.718232 1.666169 -0.096492
v -0.718308 1.665715 -0.097027
v -0.718398 1.665167 -0.097462
v -0.718497 1.664545 -0.097780
v -0.718603 1.663874 -0.097969
v -0.718711 1.663179 -0.098022
v -0.718817 1.662487 -0.097936
v -0.718917 1.661824 -0.097716
v -0.719006 1.661216 -0.097369
v -0.719082 1.660687 -0.096909
v -0.719142 1.660257 -0.096354
v -0.719183 1.659941 -0.095724
v -0.719204 1.659753 -0.095045
v -0.719204 1.659699 -0.094342
v -0.719182 1.659783 -0.093641
v -0.719141 1.659999 -0.092971
v -0.719081 1.660341 -0.092357
v -0.719005 1.660794 -0.091823
v -0.718915 1.661343 -0.091388
v -0.718815 1.661964 -0.091070
v -0.718709 1.662635 -0.090881
v -0.718468 1.664155 -0.090307
v -0.718592 1.663343 -0.090207
v -0.718351 1.664932 -0.090565
v -0.718246 1.665645 -0.090972
v -0.718157 1.666266 -0.091511
v -0.718087 1.666771 -0.092162
v -0.718038 1.667141 -0.092901
v -0.718014 1.667361 -0.093698
v -0.718014 1.667424 -0.094522
v -0.718039 1.667326 -0.095344
v -0.718088 1.667073 -0.096129
v -0.718158 1.666672 -0.096849
v -0.718248 1.666140 -0.097477
v -0.718353 1.665497 -0.097986
v -0.718470 1.664768 -0.098359
v -0.718594 1.663981 -0.098581
v -0.718721 1.663166 -0.098643
v -0.718845 1.662354 -0.098543
v -0.718962 1.661577 -0.098285
v -0.719067 1.660864 -0.097878
v -0.719156 1.660244 -0.097339
v -0.719226 1.659739 -0.096687
v -0.719274 1.659369 -0.095949
v -0.719299 1.659148 -0.095152
v -0.719298 1.659085 -0.094327
v -0.719274 1.659183 -0.093506
v -0.719225 1.659437 -0.092720
v -0.719154 1.659837 -0.092000
v -0.719065 1.660369 -0.091373
v -0.718959 1.661012 -0.090863
v -0.718842 1.661741 -0.090490
v -0.718718 1.662528 -0.090269
v -0.741821 1.667481 -0.091252
v -0.741908 1.666911 -0.091182
v -0.741739 1.668027 -0.091434
v -0.741666 1.668528 -0.091719
v -0.741603 1.668963 -0.092098
v -0.741554 1.669318 -0.092556
v -0.741520 1.669578 -0.093074
v -0.741503 1.669733 -0.093634
v -0.741503 1.669777 -0.094213
v -0.741520 1.669708 -0.094789
v -0.741554 1.669530 -0.095341
v -0.741604 1.669249 -0.095847
v -0.741667 1.668875 -0.096287
v -0.741741 1.668424 -0.096645
v -0.741823 1.667912 -0.096907
v -0.741910 1.667359 -0.097063
v -0.741999 1.666787 -0.097106
v -0.742086 1.666217 -0.097036
v -0.742168 1.665671 -0.096855
v -0.742242 1.665170 -0.096569
v -0.742304 1.664735 -0.096190
v -0.742354 1.664380 -0.095733
v -0.742388 1.664120 -0.095214
v -0.742405 1.663965 -0.094655
v -0.742405 1.663921 -0.094076
v -0.742387 1.663990 -0.093499
v -0.742353 1.664168 -0.092947
v -0.742303 1.664449 -0.092442
v -0.742240 1.664823 -0.092001
v -0.742167 1.665274 -0.091643
v -0.742084 1.665786 -0.091381
v -0.741997 1.666339 -0.091226
v -0.741793 1.667617 -0.090633
v -0.741899 1.666925 -0.090547
v -0.741693 1.668279 -0.090853
v -0.741604 1.668887 -0.091200
v -0.741528 1.669416 -0.091660
v -0.741468 1.669847 -0.092215
v -0.741427 1.670162 -0.092845
v -0.741406 1.670351 -0.093524
v -0.741406 1.670404 -0.094227
v -0.741427 1.670321 -0.094928
v -0.741469 1.670105 -0.095598
v -0.741529 1.669763 -0.096212
v -0.741605 1.669309 -0.096746
v -0.741695 1.668761 -0.097181
v -0.741795 1.668139 -0.097499
v -0.741901 1.667468 -0.097688
v -0.742009 1.666773 -0.097741
v -0.742114 1.666081 -0.097656
v -0.742214 1.665418 -0.097435
v -0.742304 1.664811 -0.097089
v -0.742380 1.664281 -0.096629
v -0.742439 1.663851 -0.096073
v -0.742481 1.663535 -0.095444
v -0.742501 1.663347 -0.094764
v -0.742501 1.663294 -0.094061
v -0.742480 1.663377 -0.093361
v -0.742438 1.663593 -0.092691
v -0.742378 1.663935 -0.092077
v -0.742302 1.664389 -0.091542
v -0.742212 1.664937 -0.091107
v -0.742112 1.665559 -0.090789
v -0.742006 1.666230 -0.090600
v -0.761891 1.670403 -0.091786
v -0.761955 1.669986 -0.091734
v -0.761831 1.670802 -0.091919
v -0.761777 1.671169 -0.092128
v -0.761731 1.671488 -0.092405
v -0.761695 1.671748 -0.092740
v -0.761670 1.671938 -0.093119
v -0.761658 1.672051 -0.093529
v -0.761658 1.672083 -0.093953
v -0.761671 1.672033 -0.094375
v -0.761696 1.671903 -0.094779
v -0.761732 1.671697 -0.095149
v -0.761778 1.671423 -0.095472
v -0.761832 1.671093 -0.095734
v -0.761892 1.670718 -0.095926
v -0.761956 1.670313 -0.096040
v -0.762021 1.669894 -0.096072
v -0.762085 1.669477 -0.096020
v -0.762145 1.669077 -0.095887
v -0.762199 1.668711 -0.095678
v -0.762245 1.668392 -0.095401
v -0.762281 1.668132 -0.095066
v -0.762306 1.667942 -0.094686
v -0.762318 1.667829 -0.094277
v -0.762318 1.667796 -0.093853
v -0.762305 1.667846 -0.093431
v -0.762280 1.667977 -0.093027
v -0.762244 1.668183 -0.092656
v -0.762198 1.668457 -0.092334
v -0.762144 1.668787 -0.092072
v -0.762084 1.669162 -0.091880
v -0.762020 1.669567 -0.091766
v -0.761856 1.670572 -0.091011
v -0.761943 1.670002 -0.090941
v -0.761774 1.671118 -0.091193
v -0.761700 1.671618 -0.091478
v -0.761637 1.672054 -0.091857
v -0.761588 1.672409 -0.092314
v -0.761554 1.672669 -0.092833
v -0.761537 1.672824 -0.093392
v -0.761537 1.672868 -0.093972
v -0.761555 1.672799 -0.094548
v -0.761589 1.672621 -0.095100
v -0.761638 1.672340 -0.095606
v -0.761701 1.671966 -0.096046
v -0.761775 1.671515 -0.096404
v -0.761857 1.671003 -0.096666
v -0.761945 1.670450 -0.096822
v -0.762033 1.669878 -0.096865
v -0.762120 1.669308 -0.096795
v -0.762203 1.668762 -0.096613
v -0.762276 1.668261 -0.096328
v -0.762339 1.667825 -0.095949
v -0.762388 1.667471 -0.095492
v -0.762422 1.667211 -0.094973
v -0.762439 1.667056 -0.094414
v -0.762439 1.667012 -0.093834
v -0.762422 1.667081 -0.093258
v -0.762387 1.667259 -0.092706
v -0.762338 1.667540 -0.092200
v -0.762275 1.667914 -0.091760
v -0.762201 1.668365 -0.091402
v -0.762119 1.668877 -0.091140
v -0.762032 1.669430 -0.090984
v -0.766666 1.671140 -0.091728
v -0.766730 1.670722 -0.091677
v -0.766606 1.671539 -0.091861
v -0.766552 1.671906 -0.092070
v -0.766506 1.672225 -0.092347
v -0.766470 1.672484 -0.092682
v -0.766445 1.672674 -0.093062
v -0.766433 1.672788 -0.093472
v -0.766433 1.672820 -0.093896
v -0.766446 1.672770 -0.094318
v -0.766471 1.672640 -0.094722
v -0.766507 1.672433 -0.095092
v -0.766553 1.672160 -0.095414
v -0.766607 1.671829 -0.095676
v -0.766667 1.671455 -0.095868
v -0.766731 1.671050 -0.095982
v -0.766796 1.670631 -0.096014
v -0.766860 1.670214 -0.095963
v -0.766920 1.669814 -0.095830
v -0.766974 1.669448 -0.095621
v -0.767020 1.669129 -0.095343
v -0.767056 1.668869 -0.095009
v -0.767081 1.668679 -0.094629
v -0.767093 1.668565 -0.094219
v -0.767093 1.668533 -0.093795
v -0.767080 1.668583 -0.093373
v -0.767055 1.668714 -0.092969
v -0.767019 1.668920 -0.092599
v -0.766973 1.669193 -0.092276
v -0.766919 1.669524 -0.092014
v -0.766859 1.669899 -0.091823
v -0.766795 1.670303 -0.091709
v -0.768241 1.673975 -0.080220
v -0.768651 1.671294 -0.079889
v -0.767856 1.676542 -0.081073
v -0.767509 1.678895 -0.082416
v -0.767214 1.680945 -0.084198
v -0.766983 1.682613 -0.086349
v -0.766823 1.683835 -0.088787
v -0.766743 1.684563 -0.091419
v -0.766744 1.684770 -0.094143
v -0.766826 1.684449 -0.096854
v -0.766986 1.683610 -0.099449
v -0.767219 1.682287 -0.101828
v -0.767515 1.680530 -0.103899
v -0.767863 1.678407 -0.105582
v -0.768249 1.675999 -0.106814
v -0.768659 1.673399 -0.107546
v -0.769077 1.670708 -0.107751
v -0.769487 1.668027 -0.107420
v -0.769872 1.665461 -0.106567
v -0.770219 1.663107 -0.105224
v -0.770514 1.661057 -0.103443
v -0.770746 1.659389 -0.101292
v -0.770905 1.658168 -0.098853
v -0.770985 1.657439 -0.096222
v -0.770985 1.657232 -0.093498
v -0.770902 1.657553 -0.090786
v -0.770742 1.658392 -0.088191
v -0.770509 1.659715 -0.085813
v -0.770213 1.661472 -0.083742
v -0.769865 1.663595 -0.082058
v -0.769479 1.666003 -0.080826
v -0.769069 1.668603 -0.080094
v -0.806989 1.679953 -0.079753
v -0.807398 1.677273 -0.079423
v -0.806603 1.682520 -0.080607
v -0.806256 1.684873 -0.081950
v -0.805962 1.686923 -0.083731
v -0.805730 1.688591 -0.085882
v -0.805571 1.689813 -0.088320
v -0.805490 1.690541 -0.090952
v -0.805491 1.690749 -0.093676
v -0.805573 1.690427 -0.096387
v -0.805734 1.689588 -0.098982
v -0.805967 1.688265 -0.101361
v -0.806263 1.686508 -0.103432
v -0.806611 1.684385 -0.105116
v -0.806997 1.681977 -0.106347
v -0.807407 1.679378 -0.107079
v -0.807825 1.676686 -0.107284
v -0.808234 1.674005 -0.106954
v -0.808620 1.671439 -0.106100
v -0.808967 1.669085 -0.104757
v -0.809262 1.667035 -0.102976
v -0.809493 1.665367 -0.100825
v -0.809652 1.664146 -0.098387
v -0.809733 1.663417 -0.095755
v -0.809732 1.663210 -0.093031
v -0.809650 1.663532 -0.090319
v -0.809489 1.664370 -0.087724
v -0.809256 1.665693 -0.085346
v -0.808960 1.667450 -0.083275
v -0.808612 1.669573 -0.081591
v -0.808226 1.671981 -0.080360
v -0.807816 1.674581 -0.079628
v 1.039659 1.392031 -0.113268
v 1.040025 1.394412 -0.113369
v 1.040376 1.396700 -0.113555
v 1.040698 1.398806 -0.113820
v 1.040979 1.400650 -0.114154
v 1.041207 1.402161 -0.114543
v 1.041375 1.403281 -0.114972
v 1.041475 1.403967 -0.115426
v 1.041504 1.404192 -0.115887
v 1.041461 1.403948 -0.116337
v 1.041347 1.403244 -0.116758
v 1.041167 1.402107 -0.117135
v 1.040928 1.400581 -0.117453
v 1.040639 1.398725 -0.117700
v 1.040310 1.396609 -0.117866
v 1.039956 1.394316 -0.117945
v 1.039588 1.391933 -0.117934
v 1.039222 1.389552 -0.117833
v 1.038871 1.387264 -0.117647
v 1.038549 1.385157 -0.117382
v 1.038269 1.383313 -0.117049
v 1.038040 1.381802 -0.116659
v 1.037873 1.380682 -0.116230
v 1.037773 1.379997 -0.115776
v 1.037743 1.379772 -0.115315
v 1.037786 1.380016 -0.114865
v 1.037900 1.380720 -0.114444
v 1.038080 1.381857 -0.114067
v 1.038319 1.383383 -0.113749
v 1.038609 1.385239 -0.113502
v 1.038937 1.387355 -0.113336
v 1.039292 1.389648 -0.113257
v 1.053841 1.389843 -0.113439
v 1.054207 1.392224 -0.113539
v 1.054557 1.394512 -0.113726
v 1.054879 1.396618 -0.113991
v 1.055160 1.398463 -0.114324
v 1.055388 1.399974 -0.114713
v 1.055556 1.401093 -0.115143
v 1.055656 1.401779 -0.115597
v 1.055685 1.402004 -0.116058
v 1.055642 1.401760 -0.116507
v 1.055528 1.401056 -0.116929
v 1.055349 1.399919 -0.117306
v 1.055109 1.398393 -0.117624
v 1.054820 1.396537 -0.117871
v 1.054491 1.394421 -0.118037
v 1.054137 1.392128 -0.118116
v 1.053769 1.389745 -0.118105
v 1.053403 1.387364 -0.118004
v 1.053052 1.385076 -0.117818
v 1.052730 1.382969 -0.117553
v 1.052450 1.381125 -0.117219
v 1.052222 1.379614 -0.116830
v 1.052054 1.378495 -0.116400
v 1.051954 1.377809 -0.115947
v 1.051924 1.377584 -0.115486
v 1.051968 1.377828 -0.115036
v 1.052081 1.378532 -0.114615
v 1.052261 1.379669 -0.114238
v 1.052500 1.381195 -0.113920
v 1.052790 1.383051 -0.113673
v 1.053118 1.385167 -0.113507
v 1.053473 1.387460 -0.113428
v 1.032899 1.405748 -0.118096
v 1.032754 1.404977 -0.120296
v 1.030095 1.388209 -0.126303
v 1.029772 1.386030 -0.125160
v 1.029482 1.382863 -0.108683
v 1.029753 1.384485 -0.106928
v 1.032743 1.404034 -0.109178
v 1.032892 1.405168 -0.111249
v 1.031595 1.397952 -0.126532
v 1.031217 1.395550 -0.127148
v 1.029054 1.380776 -0.117511
v 1.029051 1.380579 -0.115199
v 1.031572 1.396038 -0.103963
v 1.031929 1.398413 -0.104691
v 1.032542 1.403758 -0.122312
v 1.029498 1.384132 -0.123645
v 1.030073 1.386445 -0.105504
v 1.032970 1.405845 -0.113484
v 1.030831 1.393062 -0.127317
v 1.029124 1.380873 -0.112899
v 1.032251 1.400591 -0.105835
v 1.032270 1.402137 -0.124066
v 1.029281 1.382587 -0.121816
v 1.030429 1.388669 -0.104463
v 1.032972 1.406042 -0.115795
v 1.030452 1.390583 -0.127032
v 1.029270 1.381644 -0.110699
v 1.032526 1.402489 -0.107350
v 1.031951 1.400177 -0.125491
v 1.029131 1.381453 -0.119745
v 1.030807 1.391071 -0.103846
v 1.031193 1.393560 -0.103677
v 1.028538 1.394007 -0.102012
v 1.028934 1.396596 -0.102331
v 1.029306 1.399074 -0.103155
v 1.029641 1.401347 -0.104452
v 1.029926 1.403327 -0.106173
v 1.030149 1.404937 -0.108250
v 1.030303 1.406117 -0.110605
v 1.030381 1.406821 -0.113146
v 1.030380 1.407021 -0.115776
v 1.030301 1.406710 -0.118395
v 1.030146 1.405900 -0.120901
v 1.029921 1.404623 -0.123198
v 1.029635 1.402926 -0.125198
v 1.029299 1.400876 -0.126824
v 1.028926 1.398551 -0.128013
v 1.028530 1.396040 -0.128720
v 1.028127 1.393441 -0.128918
v 1.027731 1.390852 -0.128599
v 1.027359 1.388374 -0.127775
v 1.027024 1.386101 -0.126478
v 1.026739 1.384121 -0.124758
v 1.026515 1.382510 -0.122680
v 1.026362 1.381330 -0.120326
v 1.026284 1.380627 -0.117784
v 1.026285 1.380427 -0.115154
v 1.026364 1.380738 -0.112535
v 1.026519 1.381547 -0.110029
v 1.026744 1.382825 -0.107732
v 1.027030 1.384522 -0.105732
v 1.027366 1.386572 -0.104106
v 1.027739 1.388897 -0.102917
v 1.028135 1.391408 -0.102210
v 1.030331 1.393719 -0.102532
v 1.029367 1.393879 -0.102022
v 1.029763 1.396468 -0.102341
v 1.030726 1.396273 -0.102846
v 1.030135 1.398946 -0.103165
v 1.031105 1.398715 -0.103654
v 1.030470 1.401219 -0.104462
v 1.031453 1.400950 -0.104922
v 1.030755 1.403199 -0.106183
v 1.031755 1.402892 -0.106595
v 1.030978 1.404809 -0.108260
v 1.031998 1.404467 -0.108602
v 1.031132 1.405989 -0.110614
v 1.032169 1.405618 -0.110862
v 1.031210 1.406693 -0.113156
v 1.032259 1.406304 -0.113289
v 1.031209 1.406893 -0.115786
v 1.032263 1.406500 -0.115794
v 1.031130 1.406582 -0.118405
v 1.032182 1.406199 -0.118287
v 1.030975 1.405772 -0.120911
v 1.032019 1.405411 -0.120679
v 1.030750 1.404495 -0.123208
v 1.031780 1.404166 -0.122883
v 1.030464 1.402798 -0.125208
v 1.031477 1.402508 -0.124813
v 1.030128 1.400748 -0.126834
v 1.031124 1.400498 -0.126393
v 1.029755 1.398423 -0.128023
v 1.030739 1.398212 -0.127555
v 1.029359 1.395912 -0.128730
v 1.030337 1.395738 -0.128248
v 1.028956 1.393313 -0.128928
v 1.029935 1.393173 -0.128442
v 1.028560 1.390724 -0.128609
v 1.029549 1.390618 -0.128128
v 1.028188 1.388246 -0.127785
v 1.029193 1.388172 -0.127320
v 1.027853 1.385973 -0.126488
v 1.028881 1.385931 -0.126052
v 1.027568 1.383993 -0.124767
v 1.028624 1.383983 -0.124380
v 1.027345 1.382383 -0.122690
v 1.028428 1.382401 -0.122373
v 1.027191 1.381203 -0.120336
v 1.028297 1.381243 -0.120113
v 1.027113 1.380499 -0.117794
v 1.028233 1.380553 -0.117687
v 1.027114 1.380299 -0.115164
v 1.028237 1.380356 -0.115182
v 1.027193 1.380610 -0.112545
v 1.028309 1.380658 -0.112689
v 1.027348 1.381419 -0.110039
v 1.028447 1.381450 -0.110297
v 1.027573 1.382697 -0.107742
v 1.028646 1.382701 -0.108093
v 1.027859 1.384394 -0.105742
v 1.028902 1.384367 -0.106161
v 1.028195 1.386444 -0.104116
v 1.029209 1.386384 -0.104581
v 1.028568 1.388769 -0.102927
v 1.029558 1.388675 -0.103419
v 1.028964 1.391280 -0.102220
v 1.029937 1.391153 -0.102726
vn -0.9999 0.0087 0.0070
vn -0.9878 0.0086 -0.1556
vn -0.9878 0.0002 -0.1558
vn -1.0000 0.0002 0.0070
vn -0.0746 0.9288 -0.3629
vn -0.1016 0.9256 -0.3647
vn -0.1038 0.9893 -0.1024
vn -0.0750 0.9919 -0.1021
vn -0.0871 0.0004 -0.9962
vn -0.0872 -0.0007 -0.9962
vn -0.2660 -0.0024 -0.9640
vn -0.2659 0.0021 -0.9640
vn -0.5538 -0.0058 -0.8326
vn -0.8466 -0.0009 -0.5322
vn -0.8486 0.0001 -0.5290
vn 0.5307 0.0030 -0.8476
vn 0.8368 0.0001 -0.5474
vn 0.5303 -0.0007 -0.8478
vn -0.0137 -0.0000 -0.9999
vn -0.0144 -0.0053 -0.9999
vn -0.0141 -0.0030 -0.9999
vn -0.0157 -0.0031 -0.9999
vn -0.0150 -0.0028 -0.9999
vn -0.0159 -0.0028 -0.9999
vn -0.0158 -0.0009 -0.9999
vn -0.0159 -0.0024 -0.9999
vn -0.0142 -0.0035 -0.9999
vn -0.0137 -0.0015 -0.9999
vn -0.0117 -0.0067 -0.9999
vn -0.0146 -0.0053 -0.9999
vn -0.0137 -0.0032 -0.9999
vn -0.0152 -0.0037 -0.9999
vn -0.0143 -0.0035 -0.9999
vn -0.0156 -0.0059 -0.9999
vn -0.0148 -0.0034 -0.9999
vn -0.0162 -0.0051 -0.9999
vn -0.0156 -0.0023 -0.9999
vn -0.0161 -0.0034 -0.9999
vn -0.0179 -0.0035 -0.9998
vn -0.0171 -0.0018 -0.9999
vn -0.0159 -0.0015 -0.9999
vn -0.0116 -0.0003 -0.9999
vn -0.0114 -0.0006 -0.9999
vn -0.0117 -0.0001 -0.9999
vn -0.0103 -0.0005 -0.9999
vn -0.0118 -0.0017 -0.9999
vn -0.0105 -0.0033 -0.9999
vn -0.0128 -0.0030 -0.9999
vn -0.0124 -0.0044 -0.9999
vn -0.0128 -0.0036 -0.9999
vn -0.0122 -0.0042 -0.9999
vn -0.0149 -0.0057 -0.9999
vn -0.0141 -0.0018 -0.9999
vn -0.0134 -0.0033 -0.9999
vn -0.0114 -0.0017 -0.9999
vn -0.0090 -0.0023 -1.0000
vn -0.0112 -0.0016 -0.9999
vn -0.0119 -0.0031 -0.9999
vn -0.0106 -0.0045 -0.9999
vn -0.0118 -0.0023 -0.9999
vn -0.0110 -0.0046 -0.9999
vn -0.0122 -0.0028 -0.9999
vn -0.0119 -0.0057 -0.9999
vn -0.0130 -0.0039 -0.9999
vn -0.0139 -0.0026 -0.9999
vn -0.0136 -0.0067 -0.9999
vn -0.0160 0.0011 -0.9999
vn -0.0163 0.0011 -0.9999
vn -0.0156 0.0011 -0.9999
vn -0.0168 0.0022 -0.9999
vn -0.0156 0.0030 -0.9999
vn -0.0155 0.0033 -0.9999
vn -0.0152 0.0028 -0.9999
vn -0.0156 0.0042 -0.9999
vn -0.0142 0.0040 -0.9999
vn -0.0140 0.0030 -0.9999
vn -0.0066 0.0003 -1.0000
vn -0.0136 0.0008 -0.9999
vn -0.0140 0.0045 -0.9999
vn -0.0148 0.1187 -0.9928
vn -0.0134 0.1194 -0.9928
vn -0.0159 0.0003 -0.9999
vn -0.0157 -0.0002 -0.9999
vn -0.0173 0.0001 -0.9998
vn -0.0155 -0.0001 -0.9999
vn -0.0183 0.0007 -0.9998
vn -0.0158 0.0021 -0.9999
vn -0.0172 0.0028 -0.9998
vn -0.0159 0.0017 -0.9999
vn -0.0172 0.0046 -0.9998
vn -0.0147 0.0033 -0.9999
vn -0.0156 0.0049 -0.9999
vn -0.0152 0.0035 -0.9999
vn -0.0148 0.0067 -0.9999
vn -0.0129 0.0058 -0.9999
vn -0.0131 0.0030 -0.9999
vn -0.0119 0.0024 -0.9999
vn -0.0112 0.0037 -0.9999
vn -0.0112 0.0044 -0.9999
vn -0.0145 0.0006 -0.9999
vn -0.0099 0.1223 -0.9924
vn -0.0203 -0.0002 -0.9998
vn -0.0130 0.0036 -0.9999
vn -0.0127 0.0036 -0.9999
vn -0.0115 0.0028 -0.9999
vn -0.0115 0.0025 -0.9999
vn 0.0085 -0.0000 1.0000
vn 0.0137 -0.0000 0.9999
vn -0.0129 0.0048 -0.9999
vn -0.0118 0.0030 -0.9999
vn -0.0117 0.0062 -0.9999
vn -0.0121 0.0031 -0.9999
vn -0.0116 0.0010 -0.9999
vn -0.0095 0.0035 -0.9999
vn -0.0119 0.0005 -0.9999
vn -0.0100 0.0011 -0.9999
vn -0.0115 0.0015 -0.9999
vn -0.0105 0.0027 -0.9999
vn -0.1514 0.9170 -0.3690
vn -0.2034 0.9044 -0.3751
vn -0.2141 0.9712 -0.1050
vn -0.1575 0.9821 -0.1034
vn -0.0120 -0.0000 -0.9999
vn -0.0099 -0.0001 -1.0000
vn -0.0104 0.0016 -0.9999
vn -0.0116 -0.0002 -0.9999
vn -0.0106 -0.0002 -0.9999
vn -0.0106 0.0004 -0.9999
vn -0.0481 0.9936 -0.1024
vn -0.0488 0.9305 -0.3630
vn -0.2133 0.9770 -0.0012
vn -0.2484 0.9628 -0.1061
vn -0.2481 0.9687 -0.0008
vn -0.2348 0.8950 -0.3794
vn -0.0849 0.7137 -0.6953
vn -0.1220 0.7040 -0.6997
vn -0.0738 0.9973 -0.0030
vn -0.0471 0.9989 -0.0033
vn -0.0642 0.7175 -0.6936
vn -0.1603 0.6892 -0.7066
vn -0.2795 0.9601 -0.0005
vn -0.2798 0.9541 -0.1070
vn -0.3273 0.9386 -0.1087
vn -0.3271 0.9450 0.0001
vn -0.1563 0.9877 -0.0019
vn -0.1026 0.9947 -0.0026
vn -0.1835 0.6782 -0.7116
vn -0.3575 0.8453 -0.3972
vn -0.4002 0.8218 -0.4055
vn -0.4312 0.8951 -0.1136
vn -0.3832 0.9169 -0.1111
vn -0.2044 0.6687 -0.7148
vn -0.2637 0.8854 -0.3828
vn -0.3070 0.8687 -0.3888
vn -0.5017 0.7528 -0.4262
vn -0.5501 0.7108 -0.4383
vn -0.6042 0.7871 -0.1243
vn -0.5473 0.8283 -0.1203
vn -0.3833 0.9236 0.0007
vn -0.2353 0.6521 -0.7207
vn -0.2705 0.6287 -0.7291
vn -0.2997 0.6053 -0.7375
vn -0.4438 0.7948 -0.4138
vn -0.4806 0.8692 -0.1163
vn -0.4320 0.9019 0.0013
vn -0.6069 0.7948 0.0031
vn -0.6368 0.7606 -0.1267
vn -0.6404 0.7681 0.0035
vn -0.3286 0.5804 -0.7451
vn -0.8257 0.5641 0.0053
vn -0.8187 0.5567 -0.1407
vn -0.8607 0.4883 -0.1439
vn -0.8686 0.4955 0.0057
vn -0.3656 0.5431 -0.7559
vn -0.6740 0.7387 0.0038
vn -0.6701 0.7309 -0.1290
vn -0.7193 0.6819 -0.1326
vn -0.7238 0.6900 0.0043
vn -0.5774 0.6842 -0.4455
vn -0.4816 0.8764 0.0018
vn -0.5486 0.8361 0.0025
vn -0.3953 0.5048 -0.7674
vn -0.6902 0.5471 -0.4736
vn -0.7252 0.4900 -0.4838
vn -0.7744 0.6178 -0.1369
vn -0.4115 0.4812 -0.7740
vn -0.4279 0.4582 -0.7791
vn -0.6053 0.6552 -0.4520
vn -0.6458 0.6080 -0.4619
vn -0.7916 0.3495 -0.5012
vn -0.8147 0.2782 -0.5088
vn -0.9350 0.3212 -0.1505
vn -0.9040 0.4013 -0.1476
vn -0.7800 0.6258 0.0049
vn -0.4512 0.4212 -0.7868
vn -0.4756 0.3741 -0.7961
vn -0.4937 0.3306 -0.8044
vn -0.7583 0.4277 -0.4920
vn -0.9453 0.3262 0.0065
vn -0.9566 0.2483 -0.1523
vn -0.9676 0.2524 0.0067
vn -0.5114 0.2864 -0.8102
vn -0.5280 0.2317 -0.8170
vn -0.9960 0.0887 0.0069
vn -0.9841 0.0872 -0.1547
vn -0.9873 0.0337 -0.1554
vn -0.9994 0.0343 0.0070
vn -0.8310 0.2144 -0.5134
vn -0.9131 0.4076 0.0062
vn -0.8440 0.1438 -0.5168
vn -0.8513 0.0749 -0.5193
vn -0.9739 0.1670 -0.1538
vn -0.5383 0.1822 -0.8228
vn -0.8529 0.0289 -0.5213
vn -0.5462 0.1397 -0.8260
vn -0.5525 0.0932 -0.8283
vn 0.0628 -0.9271 -0.3695
vn 0.0832 -0.9250 -0.3708
vn 0.0931 -0.9900 -0.1063
vn 0.0711 -0.9919 -0.1057
vn -0.9854 0.1698 0.0068
vn 0.1161 -0.9875 -0.1071
vn 0.1180 -0.9930 -0.0057
vn 0.0949 -0.9955 -0.0054
vn -0.5554 0.0482 -0.8302
vn 0.0425 -0.7127 -0.7002
vn 0.0579 -0.7105 -0.7013
vn -0.5547 0.0184 -0.8318
vn 0.0071 -0.9303 -0.3667
vn 0.0115 -0.9945 -0.1042
vn -0.0013 -0.9946 -0.1040
vn -0.0051 -0.9270 -0.3751
vn 0.1249 -0.9189 -0.3741
vn 0.1498 -0.9143 -0.3763
vn 0.1647 -0.9803 -0.1088
vn 0.1380 -0.9845 -0.1078
vn 0.0727 -0.9973 -0.0050
vn 0.0444 -0.9990 -0.0046
vn 0.0429 -0.9936 -0.1049
vn 0.1046 -0.9221 -0.3725
vn 0.1400 -0.9901 -0.0060
vn 0.0111 0.7197 -0.6942
vn 0.0212 0.9310 -0.3644
vn 0.0519 0.9300 -0.3639
vn 0.0348 0.7190 -0.6942
vn 0.0741 -0.7073 -0.7030
vn 0.0896 -0.7039 -0.7046
vn 0.3201 -0.9401 -0.1173
vn 0.3678 -0.9220 -0.1207
vn 0.3710 -0.9286 -0.0096
vn 0.3230 -0.9464 -0.0088
vn 0.1892 -0.9053 -0.3803
vn 0.2072 -0.9720 -0.1107
vn 0.4281 -0.9037 -0.0105
vn 0.4246 -0.8967 -0.1250
vn 0.4899 -0.8619 -0.1305
vn 0.4941 -0.8693 -0.0116
vn 0.1668 -0.9860 -0.0064
vn 0.1379 -0.6902 -0.7103
vn 0.1772 -0.6734 -0.7177
vn 0.2430 -0.8891 -0.3878
vn 0.1084 -0.6992 -0.7067
vn 0.2093 -0.9778 -0.0070
vn 0.2925 -0.8702 -0.3965
vn 0.2656 -0.9573 -0.1138
vn 0.3355 -0.8507 -0.4047
vn 0.4818 -0.3051 -0.8214
vn 0.4920 -0.2696 -0.8278
vn 0.7533 -0.4063 -0.5171
vn 0.7312 -0.4542 -0.5089
vn 0.3861 -0.8238 -0.4151
vn 0.2678 -0.9634 -0.0079
vn 0.2129 -0.6533 -0.7265
vn 0.2774 -0.6082 -0.7437
vn 0.2430 -0.6337 -0.7344
vn 0.4434 -0.7873 -0.4284
vn 0.5922 -0.7935 -0.1400
vn 0.6379 -0.7565 -0.1444
vn 0.6447 -0.7643 -0.0141
vn 0.5984 -0.8011 -0.0133
vn 0.4926 -0.7503 -0.4410
vn 0.5309 -0.7172 -0.4513
vn 0.5470 -0.8260 -0.1357
vn 0.3464 -0.5395 -0.7674
vn 0.3152 -0.5740 -0.7558
vn 0.5692 -0.6805 -0.4615
vn 0.6913 -0.7069 -0.1498
vn 0.7429 -0.6512 -0.1552
vn 0.7519 -0.6591 -0.0160
vn 0.6990 -0.7150 -0.0150
vn 0.6133 -0.6321 -0.4737
vn 0.6550 -0.5785 -0.4861
vn 0.3700 -0.5102 -0.7764
vn 0.3929 -0.4795 -0.7847
vn 0.5523 -0.8335 -0.0125
vn 0.4184 -0.4404 -0.7943
vn 0.8394 -0.5176 -0.1656
vn 0.8688 -0.4653 -0.1692
vn 0.8816 -0.4717 -0.0183
vn 0.8510 -0.5249 -0.0177
vn 0.6950 -0.5191 -0.4976
vn 0.7930 -0.5877 -0.1605
vn 0.4415 -0.3977 -0.8043
vn 0.4633 -0.3530 -0.8129
vn 0.8936 -0.4148 -0.1718
vn 0.9069 -0.4210 -0.0187
vn 0.7726 -0.3612 -0.5221
vn 0.8019 -0.2772 -0.5292
vn 0.9312 -0.3194 -0.1756
vn 0.8031 -0.5956 -0.0169
vn 0.5022 -0.2389 -0.8311
vn -0.9877 -0.0113 -0.1556
vn -0.9872 -0.0359 -0.1554
vn -0.9993 -0.0365 0.0070
vn -0.9999 -0.0115 0.0070
vn 0.9822 -0.0453 -0.1821
vn 0.9831 -0.0103 -0.1826
vn 0.9997 -0.0104 -0.0204
vn 0.9987 -0.0460 -0.0204
vn 0.5182 -0.1829 -0.8355
vn 0.5289 -0.1121 -0.8413
vn 0.8257 -0.1718 -0.5374
vn 0.9455 -0.3249 -0.0194
vn 0.8352 -0.0922 -0.5421
vn 0.9775 -0.1074 -0.1814
vn 0.9634 -0.1991 -0.1794
vn -0.9878 -0.0018 -0.1558
vn -0.8528 -0.0097 -0.5222
vn 0.9790 -0.2027 -0.0200
vn 0.8384 -0.0388 -0.5437
vn 0.5317 -0.0594 -0.8448
vn 0.5326 -0.0248 -0.8460
vn 0.0437 0.7179 -0.6947
vn 0.0627 0.9291 -0.3645
vn 0.0835 0.9267 -0.3663
vn 0.0599 0.7151 -0.6965
vn -0.0230 -0.1202 -0.9925
vn -0.0404 -0.3897 -0.9200
vn -0.0486 -0.3888 -0.9200
vn -0.0243 -0.1199 -0.9925
vn 0.9938 -0.1092 -0.0203
vn -0.0272 -0.7173 -0.6963
vn -0.0282 -0.9302 -0.3660
vn -0.0581 -0.9283 -0.3673
vn -0.0504 -0.7140 -0.6983
vn -0.0198 0.7181 -0.6956
vn -0.0184 0.9308 -0.3652
vn -0.0051 0.9303 -0.3668
vn -0.0096 0.7162 -0.6979
vn -0.5547 -0.0196 -0.8318
vn -0.8528 -0.0307 -0.5213
vn -0.0760 -0.7109 -0.6992
vn -0.1047 -0.7058 -0.7006
vn -0.0639 -0.3856 -0.9204
vn -0.0606 -0.7126 -0.6989
vn -0.0349 -0.3909 -0.9198
vn -0.0479 -0.1073 -0.9931
vn -0.1257 -0.3512 -0.9278
vn -0.1334 -0.3459 -0.9288
vn -0.0496 -0.1064 -0.9931
vn -0.0188 -0.1200 -0.9926
vn -0.0347 -0.1172 -0.9925
vn -0.0821 -0.3788 -0.9218
vn -0.1003 -0.3702 -0.9235
vn -0.0400 -0.1146 -0.9926
vn -0.1745 -0.9113 -0.3729
vn -0.2211 -0.8993 -0.3773
vn -0.1731 -0.6839 -0.7088
vn -0.1385 -0.6964 -0.7042
vn -0.3100 -0.8672 -0.3897
vn -0.3388 -0.8542 -0.3944
vn -0.2578 -0.6366 -0.7268
vn -0.2376 -0.6497 -0.7221
vn -0.0715 -0.9272 -0.3678
vn -0.0291 -0.1194 -0.9924
vn -0.0919 -0.9252 -0.3682
vn -0.1298 -0.9200 -0.3697
vn -0.0571 -0.0999 -0.9934
vn -0.1543 -0.3268 -0.9324
vn -0.1682 -0.3124 -0.9349
vn -0.0604 -0.0964 -0.9935
vn -0.0456 -0.1105 -0.9928
vn -0.2044 -0.6688 -0.7148
vn -0.1166 -0.3592 -0.9259
vn -0.2222 -0.6582 -0.7193
vn -0.1434 -0.3371 -0.9305
vn -0.0534 -0.1034 -0.9932
vn -0.3096 -0.5977 -0.7396
vn -0.4151 -0.8131 -0.4080
vn -0.4616 -0.7825 -0.4179
vn -0.3401 -0.5687 -0.7489
vn -0.2882 -0.8760 -0.3867
vn -0.0685 -0.0840 -0.9941
vn -0.1944 -0.2761 -0.9413
vn -0.2079 -0.2550 -0.9443
vn -0.0723 -0.0778 -0.9943
vn -0.2637 -0.8854 -0.3828
vn -0.2803 -0.6208 -0.7321
vn -0.1823 -0.2939 -0.9383
vn -0.0649 -0.0897 -0.9938
vn -0.3714 -0.8379 -0.3999
vn -0.3673 -0.5396 -0.7576
vn -0.5044 -0.7503 -0.4274
vn -0.5544 -0.7073 -0.4386
vn -0.3981 -0.5030 -0.7671
vn -0.0766 -0.0696 -0.9946
vn -0.2225 -0.2270 -0.9481
vn -0.2320 -0.2005 -0.9518
vn -0.0788 -0.0613 -0.9950
vn -0.4578 -0.4073 -0.7903
vn -0.6582 -0.5915 -0.4657
vn -0.6829 -0.5566 -0.4730
vn -0.4709 -0.3794 -0.7964
vn -0.4328 -0.4536 -0.7790
vn -0.2368 -0.1850 -0.9538
vn -0.7077 -0.5193 -0.4790
vn -0.7424 -0.4593 -0.4877
vn -0.5032 -0.3091 -0.8070
vn -0.4845 -0.3522 -0.8007
vn -0.2496 -0.1494 -0.9568
vn -0.5213 -0.2554 -0.8143
vn -0.2562 -0.1224 -0.9588
vn -0.6132 -0.6472 -0.4529
vn -0.0803 -0.0549 -0.9953
vn -0.0820 -0.0507 -0.9953
vn -0.2423 -0.1712 -0.9550
vn -0.0841 -0.0453 -0.9954
vn -0.0891 -0.0132 -0.9959
vn -0.2677 -0.0442 -0.9625
vn -0.2670 -0.0210 -0.9635
vn -0.0881 -0.0061 -0.9961
vn -0.0867 -0.0293 -0.9958
vn -0.2599 -0.0981 -0.9606
vn -0.2645 -0.0741 -0.9615
vn -0.0883 -0.0222 -0.9958
vn -0.5330 -0.2068 -0.8205
vn -0.8034 -0.3144 -0.5056
vn -0.8258 -0.2391 -0.5108
vn -0.5448 -0.1566 -0.8238
vn -0.8513 -0.0703 -0.5199
vn -0.5549 -0.0452 -0.8307
vn -0.0860 -0.0371 -0.9956
vn -0.7780 -0.3837 -0.4975
vn -0.0266 0.1212 -0.9923
vn -0.0547 0.3919 -0.9184
vn -0.0434 0.3948 -0.9177
vn -0.0232 0.1217 -0.9923
vn -0.5537 -0.0940 -0.8274
vn -0.2665 -0.0091 -0.9638
vn -0.0875 -0.0026 -0.9962
vn -0.0437 0.7194 -0.6933
vn -0.0376 0.1159 -0.9925
vn -0.0938 0.3738 -0.9228
vn -0.0740 0.3850 -0.9200
vn -0.0324 0.1196 -0.9923
vn -0.8444 -0.1444 -0.5159
vn -0.0497 0.1076 -0.9930
vn -0.1321 0.3482 -0.9281
vn -0.1166 0.3591 -0.9260
vn -0.0458 0.1105 -0.9928
vn -0.0319 0.3964 -0.9175
vn -0.0419 0.1125 -0.9928
vn -0.1059 0.3653 -0.9248
vn -0.0592 0.0969 -0.9935
vn -0.1636 0.3167 -0.9343
vn -0.1495 0.3326 -0.9311
vn -0.0552 0.1024 -0.9932
vn -0.0714 0.0783 -0.9944
vn -0.2065 0.2552 -0.9446
vn -0.1938 0.2791 -0.9405
vn -0.0682 0.0860 -0.9940
vn -0.0631 0.0925 -0.9937
vn -0.1770 0.3015 -0.9369
vn -0.0785 0.0634 -0.9949
vn -0.2297 0.2085 -0.9507
vn -0.2201 0.2284 -0.9484
vn -0.0759 0.0685 -0.9948
vn -0.0737 0.0723 -0.9947
vn -0.2131 0.2409 -0.9469
vn -0.0827 0.0480 -0.9954
vn -0.2457 0.1600 -0.9561
vn -0.2392 0.1832 -0.9535
vn -0.0813 0.0551 -0.9952
vn -0.0871 0.0263 -0.9959
vn -0.2617 0.0862 -0.9613
vn -0.2586 0.1107 -0.9596
vn -0.0866 0.0332 -0.9957
vn -0.0849 0.0416 -0.9955
vn -0.2526 0.1379 -0.9577
vn -0.0886 0.0068 -0.9960
vn -0.2675 0.0225 -0.9633
vn -0.2668 0.0437 -0.9628
vn -0.0885 0.0122 -0.9960
vn -0.0879 0.0191 -0.9959
vn -0.2644 0.0658 -0.9622
vn -0.0033 -0.1196 -0.9928
vn 0.0240 -0.3884 -0.9212
vn 0.0158 -0.3899 -0.9207
vn -0.0045 -0.1202 -0.9927
vn -0.2665 0.0085 -0.9638
vn -0.0877 0.0024 -0.9961
vn 0.0223 -0.7157 -0.6981
vn 0.0047 -0.3926 -0.9197
vn 0.0327 -0.3860 -0.9219
vn -0.0125 0.3883 -0.9215
vn -0.0009 0.3967 -0.9179
vn 0.0063 -0.1173 -0.9931
vn 0.0512 -0.3804 -0.9234
vn 0.0411 -0.3836 -0.9226
vn 0.0037 -0.1184 -0.9930
vn -0.0002 -0.1191 -0.9929
vn 0.0168 -0.1125 -0.9935
vn 0.0105 -0.1159 -0.9932
vn -0.0097 -0.1208 -0.9926
vn 0.0668 -0.3746 -0.9248
vn 0.0373 -0.0913 -0.9951
vn 0.1546 -0.2978 -0.9420
vn 0.1370 -0.3194 -0.9377
vn 0.0319 -0.0985 -0.9946
vn 0.0219 -0.1078 -0.9939
vn 0.1054 -0.3488 -0.9312
vn 0.0871 -0.3632 -0.9276
vn 0.0268 -0.1033 -0.9943
vn 0.1203 -0.3356 -0.9343
vn 0.0437 -0.0791 -0.9959
vn 0.1788 -0.2583 -0.9494
vn 0.1686 -0.2761 -0.9462
vn 0.0412 -0.0840 -0.9956
vn 0.0525 -0.0590 -0.9969
vn 0.2082 -0.1955 -0.9584
vn 0.1991 -0.2191 -0.9552
vn 0.0500 -0.0667 -0.9965
vn 0.0470 -0.0730 -0.9962
vn 0.1886 -0.2408 -0.9521
vn 0.0567 -0.0450 -0.9974
vn 0.2235 -0.1472 -0.9635
vn 0.2167 -0.1721 -0.9610
vn 0.0551 -0.0518 -0.9971
vn 0.0573 -0.0379 -0.9976
vn 0.2265 -0.1287 -0.9655
vn 0.0611 -0.0262 -0.9978
vn 0.2373 -0.0871 -0.9675
vn 0.2306 -0.1139 -0.9664
vn 0.0587 -0.0331 -0.9977
vn 0.0616 -0.0155 -0.9980
vn -0.0040 0.1218 -0.9925
vn 0.0175 0.3952 -0.9184
vn 0.0265 0.3930 -0.9192
vn -0.0015 0.1213 -0.9926
vn 0.0611 -0.0082 -0.9981
vn 0.2407 -0.0277 -0.9702
vn 0.2406 -0.0529 -0.9692
vn 0.0610 -0.0036 -0.9981
vn 0.2407 -0.0115 -0.9705
vn 0.0879 0.7079 -0.7008
vn 0.0411 0.3876 -0.9209
vn 0.0122 0.3959 -0.9182
vn 0.0186 0.1115 -0.9936
vn 0.0938 0.3590 -0.9286
vn 0.1117 0.3431 -0.9326
vn 0.0235 0.1061 -0.9941
vn -0.0058 0.1220 -0.9925
vn 0.0078 0.1171 -0.9931
vn 0.0566 0.3794 -0.9235
vn 0.0726 0.3717 -0.9255
vn 0.0121 0.1149 -0.9933
vn 0.1177 0.6975 -0.7069
vn 0.1613 0.9122 -0.3765
vn 0.2037 0.9014 -0.3820
vn 0.1488 0.6861 -0.7121
vn 0.2254 0.6453 -0.7300
vn 0.3102 0.8624 -0.3999
vn 0.3384 0.8490 -0.4058
vn 0.2452 0.6311 -0.7359
vn 0.0029 0.1200 -0.9928
vn 0.1211 0.9208 -0.3708
vn 0.1902 0.6671 -0.7202
vn 0.1215 0.3331 -0.9350
vn 0.3675 0.8340 -0.4115
vn 0.4109 0.8087 -0.4209
vn 0.2940 0.5935 -0.7493
vn 0.2650 0.6170 -0.7410
vn 0.1448 0.3097 -0.9397
vn 0.3265 0.5620 -0.7600
vn 0.1597 0.2901 -0.9436
vn 0.2610 0.8828 -0.3906
vn 0.0273 0.1019 -0.9944
vn 0.0305 0.0991 -0.9946
vn 0.1311 0.3243 -0.9368
vn 0.0340 0.0953 -0.9949
vn 0.0493 0.0696 -0.9964
vn 0.1965 0.2270 -0.9539
vn 0.2059 0.2005 -0.9578
vn 0.0516 0.0613 -0.9968
vn 0.0418 0.0824 -0.9957
vn 0.1714 0.2710 -0.9472
vn 0.1827 0.2528 -0.9501
vn 0.0452 0.0771 -0.9960
vn 0.3528 0.5315 -0.7701
vn 0.5029 0.7417 -0.4439
vn 0.5453 0.7042 -0.4547
vn 0.3788 0.4999 -0.7788
vn 0.4360 0.4073 -0.8025
vn 0.6452 0.5915 -0.4836
vn 0.6697 0.5566 -0.4915
vn 0.4489 0.3794 -0.8090
vn 0.0387 0.0886 -0.9953
vn 0.4609 0.7747 -0.4329
vn 0.5319 0.0714 -0.8438
vn 0.8339 0.1104 -0.5408
vn 0.8380 0.0476 -0.5436
vn 0.5323 0.0305 -0.8460
vn 0.4113 0.4536 -0.7906
vn 0.2106 0.1850 -0.9599
vn 0.4772 0.3158 -0.8201
vn 0.7228 0.4698 -0.5068
vn 0.7462 0.4226 -0.5144
vn 0.4888 0.2815 -0.8258
vn 0.0547 0.0507 -0.9972
vn 0.2161 0.1712 -0.9613
vn 0.2216 0.1524 -0.9632
vn 0.0560 0.0462 -0.9974
vn 0.6005 0.6472 -0.4696
vn 0.0530 0.0549 -0.9971
vn 0.2256 0.1349 -0.9648
vn 0.0571 0.0406 -0.9975
vn 0.4625 0.3522 -0.8137
vn 0.0597 0.0290 -0.9978
vn 0.2343 0.0965 -0.9674
vn 0.2370 0.0742 -0.9687
vn 0.0604 0.0224 -0.9979
vn 0.5118 0.2030 -0.8347
vn 0.7916 0.3083 -0.5276
vn 0.8104 0.2408 -0.5341
vn 0.5203 0.1573 -0.8394
vn 0.6944 0.5193 -0.4982
vn 0.0584 0.0346 -0.9977
vn 0.2298 0.1178 -0.9661
vn 0.0616 0.0096 -0.9981
vn 0.2412 0.0334 -0.9699
vn 0.2406 0.0142 -0.9705
vn 0.0609 0.0043 -0.9981
vn 0.5000 0.2468 -0.8301
vn 0.7681 0.3726 -0.5207
vn 0.0607 0.0155 -0.9980
vn 0.2388 0.0549 -0.9695
vn 0.5261 0.1168 -0.8424
vn 0.8232 0.1800 -0.5384
vn 0.9613 0.2089 -0.1796
vn 0.9751 0.1284 -0.1809
vn 0.2395 0.0051 -0.9709
vn 0.5311 0.0111 -0.8472
vn 0.0600 0.0012 -0.9982
vn -0.0221 -0.3940 -0.9188
vn -0.0151 -0.1217 -0.9925
vn -0.0131 -0.1209 -0.9926
vn -0.0077 -0.3934 -0.9193
vn -0.0183 0.3947 -0.9186
vn -0.5540 0.0046 -0.8325
vn -0.8528 0.0073 -0.5222
vn 0.9832 0.0001 -0.1828
vn 0.9832 -0.0012 -0.1827
vn 0.8379 -0.0011 -0.5458
vn -0.0126 0.3882 -0.9215
vn -0.0015 -0.9946 -0.1040
vn -0.0261 -0.9943 -0.1037
vn -0.0052 -0.9270 -0.3751
vn 0.0597 -0.0001 -0.9982
vn 0.2389 -0.0003 -0.9710
vn 0.2394 -0.0026 -0.9709
vn 0.0601 -0.0007 -0.9982
vn 0.5310 -0.0056 -0.8474
vn 0.8382 -0.0088 -0.5453
vn -0.0106 -0.0005 -0.9999
vn -0.0004 -0.7169 -0.6972
vn 0.0053 0.9303 0.3668
vn 0.0097 0.7163 0.6978
vn 0.0300 0.7197 0.6936
vn 0.0312 0.9310 0.3637
vn 0.0365 -0.9292 -0.3678
vn -0.0094 0.7163 -0.6978
vn 0.2392 0.0014 -0.9710
vn 0.8381 0.0047 -0.5455
vn 0.0597 0.0002 -0.9982
vn 0.8382 0.0174 -0.5451
vn 0.9817 0.0556 -0.1820
vn 0.8877 0.4275 -0.1711
vn 0.9184 0.3552 -0.1745
vn 0.9324 0.3608 -0.0192
vn 0.9008 0.4338 -0.0186
vn -1.0000 -0.0019 0.0070
vn 0.9832 0.0056 -0.1827
vn 0.7925 0.5883 -0.1606
vn 0.8288 0.5348 -0.1646
vn 0.9770 0.2124 -0.0200
vn 0.9439 0.2786 -0.1775
vn 0.9589 0.2831 -0.0196
vn 0.8402 0.5421 -0.0175
vn 0.8029 0.5959 -0.0169
vn 0.9996 0.0207 -0.0204
vn 0.9830 0.0203 -0.1825
vn 0.9982 0.0565 -0.0203
vn 0.6756 0.7222 -0.1481
vn 0.7308 0.6649 -0.1540
vn 0.8592 0.4832 -0.1680
vn 0.7617 0.6285 -0.1574
vn 0.7716 0.6359 -0.0163
vn 0.8716 0.4899 -0.0181
vn 0.6827 0.7306 -0.0148
vn 0.6093 0.7802 -0.1415
vn 0.6154 0.7881 -0.0136
vn 0.7397 0.6728 -0.0158
vn 0.5102 0.8498 -0.1323
vn 0.5592 0.8177 -0.1368
vn 0.4037 0.9065 -0.1234
vn 0.4528 0.8825 -0.1273
vn 0.5648 0.8251 -0.0128
vn 0.5148 0.8572 -0.0119
vn 0.9912 0.1306 -0.0202
vn 0.2853 0.9515 -0.1150
vn 0.3397 0.9330 -0.1187
vn 0.3712 0.9206 -0.1210
vn 0.3749 0.9270 -0.0096
vn 0.4074 0.9132 -0.0101
vn 0.4567 0.8895 -0.0109
vn 0.2875 0.9577 -0.0082
vn 0.2227 0.9685 -0.1114
vn 0.2249 0.9744 -0.0073
vn 0.3428 0.9394 -0.0091
vn 0.1327 0.9854 -0.1067
vn 0.1766 0.9782 -0.1091
vn 0.0700 0.9921 -0.1039
vn 0.0922 0.9902 -0.1048
vn 0.1785 0.9839 -0.0066
vn 0.1342 0.9909 -0.0059
vn -0.9738 -0.1675 -0.1535
vn -0.9845 -0.0820 -0.1549
vn -0.9965 -0.0833 0.0070
vn -0.9853 -0.1705 0.0068
vn 0.0590 0.9929 -0.1036
vn 0.0606 0.9981 -0.0048
vn 0.0715 0.9974 -0.0049
vn 0.0937 0.9956 -0.0053
vn -0.8863 -0.4396 -0.1461
vn -0.9201 -0.3622 -0.1492
vn -0.9491 -0.2763 -0.1514
vn -0.9597 -0.2810 0.0066
vn -0.7966 -0.5883 -0.1389
vn -0.8404 -0.5230 -0.1423
vn -0.9299 -0.3678 0.0063
vn -0.8949 -0.4463 0.0060
vn -0.6794 -0.7222 -0.1295
vn -0.7348 -0.6649 -0.1340
vn -0.7657 -0.6285 -0.1365
vn -0.7718 -0.6359 0.0048
vn -0.8031 -0.5959 0.0051
vn -0.8477 -0.5305 0.0055
vn -0.6828 -0.7306 0.0039
vn -0.6091 -0.7833 -0.1245
vn -0.6115 -0.7912 0.0032
vn -0.7398 -0.6728 0.0045
vn -0.5505 -0.8260 -0.1207
vn -0.5010 -0.8574 -0.1176
vn -0.4486 -0.8937 0.0015
vn -0.4480 -0.8867 -0.1145
vn -0.3989 -0.9102 -0.1119
vn -0.3994 -0.9168 0.0009
vn -0.5023 -0.8647 0.0020
vn -0.5524 -0.8335 0.0026
vn -0.3626 -0.9254 -0.1103
vn -0.2798 -0.9541 -0.1070
vn -0.3068 -0.9456 -0.1080
vn -0.3070 -0.9517 -0.0001
vn -0.3309 -0.9437 0.0001
vn -0.3308 -0.9374 -0.1089
vn -0.0725 -0.9920 -0.1037
vn -0.0945 -0.9901 -0.1037
vn -0.1351 -0.9854 -0.1039
vn -0.1831 -0.9775 -0.1045
vn -0.1824 -0.9832 -0.0016
vn -0.1341 -0.9910 -0.0022
vn -0.2795 -0.9601 -0.0005
vn -0.2333 -0.9666 -0.1055
vn -0.2327 -0.9725 -0.0010
vn -0.3630 -0.9318 0.0005
vn -0.0581 -0.9929 -0.1037
vn -0.0569 -0.9984 -0.0032
vn -0.0714 -0.9974 -0.0031
vn -0.0935 -0.9956 -0.0028
vn -0.0158 0.9945 -0.1034
vn -0.0015 0.9946 -0.1040
vn 0.0129 -0.9999 -0.0042
vn -0.0246 -0.9997 -0.0037
vn -0.0001 -1.0000 -0.0040
vn 0.9998 -0.0013 -0.0204
vn -0.0048 0.9303 -0.3668
vn -0.0011 0.9946 -0.1040
vn 0.0267 0.9943 -0.1036
vn 0.9998 0.0056 -0.0204
vn 0.9998 0.0001 -0.0204
vn 0.0285 0.9996 -0.0044
vn 0.0002 1.0000 -0.0040
vn 0.0095 0.7162 0.6979
vn 0.0050 0.9303 0.3668
vn -0.0414 -0.7126 0.7003
vn -0.0569 -0.7109 0.7010
vn -0.0818 -0.9252 0.3706
vn -0.0614 -0.9272 0.3696
vn -0.0001 1.0000 -0.0040
vn -0.0147 0.9999 -0.0038
vn -0.0000 -1.0000 -0.0040
vn -0.9992 0.0343 0.0213
vn -0.9997 0.0087 0.0214
vn -0.9831 0.0086 0.1831
vn -0.9826 0.0337 0.1828
vn -0.0647 0.9288 0.3648
vn -0.0722 0.9919 0.1044
vn -0.1009 0.9893 0.1055
vn -0.0916 0.9256 0.3673
vn -0.2586 0.0001 0.9660
vn -0.5302 0.0001 0.8479
vn -0.2583 -0.0000 0.9661
vn -0.5303 -0.0010 0.8478
vn -0.8378 0.0002 0.5459
vn -0.8379 -0.0016 0.5458
vn 0.0126 -0.0066 0.9999
vn 0.0121 -0.0118 0.9999
vn 0.0064 -0.0029 1.0000
vn 0.0098 -0.0012 1.0000
vn 0.0051 -0.0039 1.0000
vn 0.0093 -0.0069 0.9999
vn 0.0107 -0.0063 0.9999
vn 0.0089 -0.0061 0.9999
vn 0.0089 -0.0054 0.9999
vn 0.0080 -0.0007 1.0000
vn 0.0084 -0.0009 1.0000
vn 0.0124 -0.0078 0.9999
vn 0.0181 -0.0150 0.9997
vn 0.0138 -0.0032 0.9999
vn 0.0116 -0.0119 0.9999
vn 0.0136 -0.0070 0.9999
vn 0.0104 -0.0082 0.9999
vn 0.0096 -0.0130 0.9999
vn 0.0122 -0.0077 0.9999
vn 0.0112 -0.0075 0.9999
vn 0.0095 -0.0051 0.9999
vn 0.0081 -0.0113 0.9999
vn 0.0083 -0.0075 0.9999
vn 0.0091 -0.0021 1.0000
vn 0.0044 -0.0078 1.0000
vn 0.0087 -0.0032 1.0000
vn 0.0090 0.0007 1.0000
vn 0.0054 -0.0004 1.0000
vn 0.0137 -0.0075 0.9999
vn 0.0087 0.0002 1.0000
vn 0.0183 -0.0008 0.9998
vn 0.0187 -0.0013 0.9998
vn 0.0212 -0.0011 0.9998
vn 0.0180 -0.0003 0.9998
vn 0.0209 -0.0007 0.9998
vn 0.0178 -0.0038 0.9998
vn 0.0208 -0.0073 0.9998
vn 0.0164 -0.0098 0.9998
vn 0.0155 -0.0067 0.9999
vn 0.0169 -0.0092 0.9998
vn 0.0157 -0.0079 0.9998
vn 0.0128 -0.0038 0.9999
vn 0.0107 -0.0127 0.9999
vn 0.0143 -0.0073 0.9999
vn 0.0189 0.0004 0.9998
vn 0.0187 -0.0038 0.9998
vn 0.0240 -0.0051 0.9997
vn 0.0190 -0.0034 0.9998
vn 0.0175 -0.0067 0.9998
vn 0.0205 -0.0099 0.9997
vn 0.0170 -0.0062 0.9998
vn 0.0195 -0.0100 0.9998
vn 0.0178 -0.0051 0.9998
vn 0.0176 -0.0126 0.9998
vn 0.0153 -0.0086 0.9998
vn 0.0132 -0.0057 0.9999
vn 0.0139 -0.0149 0.9998
vn 0.0137 -0.0073 0.9999
vn 0.0187 0.0002 0.9998
vn 0.0086 0.0024 1.0000
vn 0.0079 0.0023 1.0000
vn 0.0094 0.0025 1.0000
vn 0.0067 0.0049 1.0000
vn 0.0095 0.0066 0.9999
vn 0.0097 0.0072 0.9999
vn 0.0104 0.0062 0.9999
vn 0.0094 0.0094 0.9999
vn 0.0124 0.0090 0.9999
vn 0.0130 0.0066 0.9999
vn 0.0129 0.0068 0.9999
vn 0.0129 0.0100 0.9999
vn 0.0146 0.0047 0.9999
vn 0.0130 0.0144 0.9998
vn 0.0093 -0.0005 1.0000
vn 0.0137 0.0074 0.9999
vn 0.0087 0.0006 1.0000
vn 0.0056 0.0003 1.0000
vn 0.0035 0.0016 1.0000
vn 0.0097 -0.0003 1.0000
vn 0.0089 0.0047 0.9999
vn 0.0059 0.0062 1.0000
vn 0.0059 0.0102 0.9999
vn 0.0088 0.0037 1.0000
vn 0.0113 0.0073 0.9999
vn 0.0095 0.0107 0.9999
vn 0.0112 0.0148 0.9998
vn 0.0103 0.0077 0.9999
vn 0.0149 0.0066 0.9999
vn 0.0154 0.0128 0.9998
vn 0.0157 0.0023 0.9999
vn 0.0160 0.0084 0.9998
vn 0.0889 0.1009 0.9909
vn 0.0847 0.1070 0.9906
vn 0.0825 0.1134 0.9901
vn 0.0196 0.0058 0.9998
vn 0.0136 0.0030 0.9999
vn 0.0136 0.0074 0.9999
vn 0.0191 0.0104 0.9998
vn 0.0158 0.0079 0.9998
vn 0.0177 0.0054 0.9998
vn 0.0977 0.0832 0.9917
vn 0.0952 0.0913 0.9913
vn 0.0171 0.0061 0.9998
vn 0.0150 0.0078 0.9999
vn 0.0093 0.0147 0.9998
vn 0.0138 0.0061 0.9999
vn 0.0154 0.0107 0.9998
vn 0.0719 0.1285 0.9891
vn 0.0686 0.1323 0.9888
vn 0.0760 0.1236 0.9894
vn 0.0175 0.0012 0.9998
vn 0.0217 0.0025 0.9998
vn 0.0184 0.0033 0.9998
vn 0.0196 0.0109 0.9997
vn 0.0206 0.0058 0.9998
vn -0.1412 0.9170 0.3730
vn -0.1546 0.9821 0.1080
vn -0.2111 0.9711 0.1111
vn -0.1931 0.9044 0.3805
vn 0.0174 -0.0000 0.9998
vn 0.0220 -0.0003 0.9998
vn 0.0209 0.0035 0.9998
vn 0.0182 -0.0005 0.9998
vn 0.0205 -0.0005 0.9998
vn 0.0204 0.0009 0.9998
vn 0.0189 -0.0000 0.9998
vn 0.0188 -0.0000 0.9998
vn -0.0388 0.9305 0.3642
vn -0.0453 0.9935 0.1040
vn -0.0470 0.9989 0.0052
vn -0.0737 0.9973 0.0056
vn -0.2454 0.9628 0.1131
vn -0.2243 0.8950 0.3857
vn -0.0659 0.7137 0.6974
vn -0.1028 0.7040 0.7028
vn -0.1025 0.9947 0.0060
vn -0.0452 0.7175 0.6950
vn -0.1409 0.6892 0.7108
vn -0.1562 0.9877 0.0068
vn -0.2132 0.9770 0.0077
vn -0.1639 0.6782 0.7163
vn -0.3465 0.8453 0.4068
vn -0.3800 0.9169 0.1219
vn -0.4279 0.8950 0.1257
vn -0.3890 0.8218 0.4163
vn -0.2531 0.8854 0.3899
vn -0.1848 0.6687 0.7202
vn -0.2767 0.9540 0.1149
vn -0.3242 0.9386 0.1179
vn -0.2963 0.8687 0.3970
vn -0.2480 0.9687 0.0082
vn -0.4898 0.7528 0.4397
vn -0.5437 0.8282 0.1356
vn -0.6005 0.7871 0.1411
vn -0.5379 0.7108 0.4532
vn -0.2794 0.9601 0.0087
vn -0.3270 0.9450 0.0095
vn -0.2155 0.6521 0.7269
vn -0.2505 0.6287 0.7362
vn -0.2794 0.6053 0.7454
vn -0.4773 0.8691 0.1297
vn -0.4323 0.7948 0.4258
vn -0.4319 0.9019 0.0112
vn -0.4815 0.8764 0.0121
vn -0.3832 0.9236 0.0104
vn -0.3081 0.5804 0.7538
vn -0.7236 0.6900 0.0163
vn -0.7798 0.6258 0.0173
vn -0.7703 0.6177 0.1585
vn -0.7154 0.6819 0.1527
vn -0.3447 0.5431 0.7656
vn -0.5485 0.8361 0.0132
vn -0.6330 0.7605 0.1444
vn -0.5650 0.6842 0.4611
vn -0.6068 0.7947 0.0142
vn -0.3742 0.5048 0.7779
vn -0.6770 0.5471 0.4923
vn -0.8145 0.5567 0.1634
vn -0.7117 0.4900 0.5034
vn -0.3902 0.4812 0.7850
vn -0.5927 0.6552 0.4684
vn -0.4064 0.4582 0.7905
vn -0.6663 0.7309 0.1477
vn -0.6329 0.6080 0.4793
vn -0.6402 0.7680 0.0148
vn -0.7776 0.3495 0.5227
vn -0.8995 0.4013 0.1727
vn -0.9304 0.3211 0.1764
vn -0.8005 0.2782 0.5309
vn -0.6738 0.7387 0.0154
vn -0.4295 0.4212 0.7988
vn -0.4537 0.3741 0.8088
vn -0.4715 0.3306 0.8176
vn -0.8564 0.4883 0.1679
vn -0.7446 0.4277 0.5125
vn -0.8255 0.5641 0.0181
vn -0.8684 0.4955 0.0189
vn -0.4890 0.2864 0.8239
vn -0.5055 0.2317 0.8312
vn -0.9129 0.4076 0.0197
vn -0.9520 0.2483 0.1789
vn -0.8166 0.2144 0.5359
vn -0.9451 0.3262 0.0203
vn -0.8295 0.1438 0.5397
vn -0.9692 0.1670 0.1808
vn -0.9794 0.0872 0.1821
vn -0.8368 0.0749 0.5424
vn -0.5156 0.1822 0.8372
vn -0.8383 0.0289 0.5445
vn -0.5234 0.1397 0.8406
vn -0.5297 0.0932 0.8431
vn -0.9674 0.2524 0.0208
vn 0.0728 -0.9271 0.3677
vn 0.0739 -0.9918 0.1040
vn 0.0960 -0.9899 0.1040
vn 0.0934 -0.9250 0.3684
vn -0.9852 0.1698 0.0211
vn -0.9958 0.0887 0.0213
vn -0.5325 0.0482 0.8450
vn 0.0616 -0.7127 0.6987
vn 0.0771 -0.7105 0.6995
vn -0.5318 0.0184 0.8467
vn 0.0171 -0.9303 0.3664
vn 0.0051 -0.9302 0.3669
vn 0.0015 -0.9945 0.1043
vn 0.0144 -0.9945 0.1041
vn 0.1351 -0.9189 0.3705
vn 0.1409 -0.9845 0.1043
vn 0.1676 -0.9803 0.1046
vn 0.1601 -0.9143 0.3720
vn 0.0729 -0.9973 0.0036
vn 0.0951 -0.9955 0.0033
vn 0.1190 -0.9874 0.1042
vn 0.1147 -0.9221 0.3695
vn 0.0445 -0.9990 0.0040
vn 0.0458 -0.9935 0.1039
vn 0.0538 0.7190 0.6930
vn 0.0618 0.9300 0.3623
vn 0.0933 -0.7073 0.7008
vn 0.1088 -0.7039 0.7019
vn 0.1402 -0.9901 0.0028
vn 0.1670 -0.9860 0.0024
vn 0.2101 -0.9720 0.1053
vn 0.1996 -0.9053 0.3749
vn 0.2686 -0.9573 0.1069
vn 0.2094 -0.9778 0.0019
vn 0.2679 -0.9634 0.0012
vn 0.1182 -0.9930 0.0031
vn 0.1573 -0.6902 0.7063
vn 0.2535 -0.8891 0.3810
vn 0.1968 -0.6734 0.7126
vn 0.1277 -0.6992 0.7035
vn 0.3232 -0.9401 0.1089
vn 0.3033 -0.8702 0.3884
vn 0.3709 -0.9220 0.1109
vn 0.3464 -0.8507 0.3954
vn 0.5041 -0.3051 0.8080
vn 0.7448 -0.4542 0.4888
vn 0.7672 -0.4063 0.4963
vn 0.5144 -0.2696 0.8141
vn 0.3973 -0.8238 0.4043
vn 0.4278 -0.8967 0.1137
vn 0.3231 -0.9464 0.0006
vn 0.2327 -0.6533 0.7204
vn 0.2977 -0.6082 0.7359
vn 0.2630 -0.6337 0.7275
vn 0.4933 -0.8619 0.1174
vn 0.4549 -0.7873 0.4161
vn 0.3712 -0.9286 0.0001
vn 0.4282 -0.9037 -0.0006
vn 0.5044 -0.7503 0.4274
vn 0.5505 -0.8260 0.1210
vn 0.5958 -0.7935 0.1241
vn 0.5430 -0.7172 0.4367
vn 0.4942 -0.8693 -0.0012
vn 0.3673 -0.5395 0.7576
vn 0.3357 -0.5740 0.7469
vn 0.6416 -0.7564 0.1273
vn 0.5816 -0.6805 0.4458
vn 0.5525 -0.8335 -0.0018
vn 0.6260 -0.6321 0.4568
vn 0.6951 -0.7069 0.1312
vn 0.7468 -0.6511 0.1352
vn 0.6680 -0.5785 0.4680
vn 0.3911 -0.5102 0.7660
vn 0.4142 -0.4795 0.7737
vn 0.5985 -0.8011 -0.0023
vn 0.4400 -0.4404 0.7826
vn 0.6448 -0.7643 -0.0027
vn 0.6991 -0.7150 -0.0033
vn 0.7083 -0.5191 0.4784
vn 0.7970 -0.5877 0.1392
vn 0.8436 -0.5176 0.1431
vn 0.4634 -0.3977 0.7919
vn 0.8731 -0.4653 0.1458
vn 0.4853 -0.3530 0.7999
vn 0.7521 -0.6591 -0.0038
vn 0.8033 -0.5956 -0.0042
vn 0.7866 -0.3612 0.5008
vn 0.8979 -0.4148 0.1477
vn 0.9356 -0.3194 0.1505
vn 0.8161 -0.2772 0.5071
vn 0.8511 -0.5249 -0.0047
vn 0.5248 -0.2389 0.8170
vn 0.8817 -0.4717 -0.0049
vn 0.9679 -0.1991 0.1535
vn 0.9457 -0.3249 -0.0055
vn 0.9792 -0.2027 -0.0058
vn 0.9071 -0.4209 -0.0052
vn 0.5409 -0.1829 0.8210
vn 0.8400 -0.1718 0.5146
vn 0.5517 -0.1121 0.8265
vn 0.9820 -0.1074 0.1551
vn 0.8498 -0.0922 0.5190
vn -0.9831 -0.0018 0.1832
vn -0.9830 -0.0113 0.1831
vn -0.8382 -0.0097 0.5453
vn 0.9940 -0.1092 -0.0059
vn 0.9868 -0.0453 0.1556
vn 0.8530 -0.0388 0.5205
vn 0.5546 -0.0594 0.8300
vn 0.5555 -0.0248 0.8311
vn 0.0627 0.7179 0.6933
vn 0.0789 0.7151 0.6946
vn 0.0935 0.9267 0.3639
vn 0.0726 0.9291 0.3626
vn -0.0175 -0.4188 0.9079
vn -0.0264 -0.4176 0.9082
vn -0.9992 -0.0366 0.0149
vn -0.9998 -0.0115 0.0149
vn 0.8525 0.0476 0.5205
vn 0.9863 0.0556 0.1556
vn 0.9796 0.1283 0.1547
vn 0.8484 0.1104 0.5178
vn 0.8057 0.3083 0.5057
vn 0.9227 0.3552 0.1498
vn 0.8919 0.4275 0.1472
vn 0.7821 0.3726 0.4995
vn -0.9998 -0.0019 0.0214
vn -0.9997 -0.0115 0.0214
vn -0.9831 0.0002 0.1832
vn -0.0082 -0.7171 0.6969
vn -0.0313 -0.7140 0.6994
vn -0.0480 -0.9283 0.3687
vn -0.0182 -0.9301 0.3668
vn -0.0008 0.7181 0.6959
vn -0.0084 0.9308 0.3655
vn -0.5309 -0.0062 0.8474
vn -0.8382 -0.0307 0.5445
vn -0.5317 -0.0196 0.8467
vn -0.0067 -0.1559 0.9877
vn -0.0428 -0.4139 0.9093
vn -0.0002 -0.1564 0.9877
vn 0.0005 -0.1572 0.9876
vn -0.0116 -0.4200 0.9074
vn 0.0081 -0.1565 0.9876
vn -0.1090 -0.3775 0.9196
vn -0.1172 -0.3715 0.9210
vn -0.2178 -0.6497 0.7283
vn -0.2024 -0.6582 0.7251
vn -0.0623 -0.4067 0.9115
vn -0.0819 -0.3972 0.9141
vn -0.1537 -0.6839 0.7132
vn -0.1192 -0.6964 0.7077
vn -0.1643 -0.9113 0.3775
vn -0.2107 -0.8993 0.3832
vn -0.2993 -0.8672 0.3980
vn -0.2378 -0.6366 0.7336
vn -0.3279 -0.8542 0.4035
vn -0.0209 -0.1498 0.9885
vn -0.0140 -0.1532 0.9881
vn -0.0855 -0.7058 0.7032
vn -0.1196 -0.9200 0.3732
vn -0.0387 -0.1356 0.9900
vn -0.1279 -0.3621 0.9233
vn -0.0331 -0.1398 0.9896
vn -0.0314 -0.1404 0.9896
vn -0.0287 -0.1444 0.9891
vn -0.0992 -0.3857 0.9173
vn -0.1396 -0.3510 0.9259
vn -0.1544 -0.3352 0.9294
vn -0.2892 -0.5977 0.7478
vn -0.2601 -0.6208 0.7395
vn -0.1847 -0.6688 0.7201
vn -0.3195 -0.5687 0.7580
vn -0.4499 -0.7825 0.4303
vn -0.4038 -0.8131 0.4193
vn -0.2775 -0.8760 0.3944
vn -0.0477 -0.1268 0.9908
vn -0.0540 -0.1177 0.9916
vn -0.1694 -0.3154 0.9337
vn -0.2531 -0.8854 0.3898
vn -0.0440 -0.1307 0.9904
vn -0.1824 -0.2963 0.9375
vn -0.1966 -0.2733 0.9416
vn -0.3769 -0.5030 0.7777
vn -0.3464 -0.5396 0.7674
vn -0.3603 -0.8379 0.4099
vn -0.5422 -0.7073 0.4536
vn -0.4925 -0.7503 0.4410
vn -0.0587 -0.1102 0.9922
vn -0.0636 -0.1022 0.9927
vn -0.2121 -0.2432 0.9465
vn -0.2224 -0.2152 0.9509
vn -0.4360 -0.4073 0.8025
vn -0.4114 -0.4536 0.7906
vn -0.4489 -0.3794 0.8090
vn -0.6697 -0.5566 0.4915
vn -0.6452 -0.5915 0.4836
vn -0.0722 -0.0815 0.9941
vn -0.0692 -0.0916 0.9934
vn -0.2276 -0.1988 0.9532
vn -0.6944 -0.5193 0.4982
vn -0.4625 -0.3522 0.8137
vn -0.4809 -0.3091 0.8204
vn -0.7288 -0.4593 0.5078
vn -0.0817 -0.0476 0.9955
vn -0.2479 -0.1312 0.9599
vn -0.2409 -0.1602 0.9572
vn -0.0792 -0.0598 0.9951
vn -0.6005 -0.6472 0.4695
vn -0.2333 -0.1837 0.9549
vn -0.0744 -0.0721 0.9946
vn -0.0766 -0.0662 0.9949
vn -0.2600 -0.0474 0.9645
vn -0.2598 -0.0226 0.9654
vn -0.5320 -0.0452 0.8455
vn -0.5308 -0.0940 0.8422
vn -0.2520 -0.1053 0.9620
vn -0.2567 -0.0794 0.9632
vn -0.5220 -0.1566 0.8384
vn -0.5103 -0.2068 0.8348
vn -0.8115 -0.2391 0.5331
vn -0.7893 -0.3144 0.5274
vn -0.8368 -0.0703 0.5430
vn -0.0846 -0.0294 0.9960
vn -0.0825 -0.0385 0.9958
vn -0.4988 -0.2554 0.8282
vn -0.7641 -0.3837 0.5186
vn -0.0841 -0.0033 0.9965
vn -0.2594 -0.0098 0.9657
vn -0.0847 -0.0089 0.9964
vn -0.0856 -0.0171 0.9962
vn -0.0328 0.4208 0.9065
vn -0.0207 0.4242 0.9053
vn -0.0248 0.7194 0.6942
vn -0.0011 0.1600 0.9871
vn 0.0067 0.1599 0.9871
vn -0.0083 0.4256 0.9049
vn -0.8300 -0.1444 0.5388
vn -0.0031 0.1580 0.9874
vn -0.0109 0.1563 0.9876
vn -0.0536 0.4130 0.9091
vn -0.0749 0.4013 0.9129
vn -0.1159 0.3737 0.9203
vn -0.0992 0.3857 0.9173
vn -0.0173 0.1519 0.9882
vn -0.0878 0.3925 0.9155
vn -0.0235 0.1474 0.9888
vn -0.0292 0.1445 0.9891
vn -0.0337 0.1409 0.9894
vn -0.1345 0.3569 0.9244
vn -0.0412 0.1340 0.9901
vn -0.1495 0.3401 0.9284
vn -0.1953 0.2739 0.9417
vn -0.1816 0.2991 0.9368
vn -0.0463 0.1272 0.9908
vn -0.0514 0.1213 0.9913
vn -0.0581 0.1130 0.9919
vn -0.1638 0.3235 0.9320
vn -0.0622 0.1037 0.9927
vn -0.2198 0.2235 0.9496
vn -0.2097 0.2452 0.9465
vn -0.2024 0.2589 0.9444
vn -0.0657 0.0951 0.9933
vn -0.0686 0.0896 0.9936
vn -0.0717 0.0837 0.9939
vn -0.2299 0.1964 0.9532
vn -0.0756 0.0722 0.9945
vn -0.2370 0.1717 0.9562
vn -0.2540 0.0925 0.9628
vn -0.2505 0.1186 0.9608
vn -0.0774 0.0632 0.9950
vn -0.0802 0.0548 0.9953
vn -0.0824 0.0435 0.9956
vn -0.2441 0.1478 0.9584
vn -0.0832 0.0352 0.9959
vn -0.0843 0.0248 0.9961
vn -0.2601 0.0241 0.9653
vn -0.2592 0.0469 0.9647
vn -0.2568 0.0706 0.9639
vn -0.0850 0.0154 0.9963
vn -0.0851 0.0092 0.9963
vn -0.2594 0.0092 0.9657
vn -0.0840 0.0031 0.9965
vn 0.0518 -0.4173 0.9073
vn 0.0429 -0.4190 0.9070
vn 0.0174 -0.1571 0.9874
vn 0.0310 -0.4215 0.9063
vn 0.0257 -0.1571 0.9872
vn 0.0262 -0.1562 0.9874
vn 0.0612 -0.4147 0.9079
vn 0.0307 -0.1557 0.9873
vn 0.0125 0.4219 0.9066
vn 0.0248 0.4257 0.9045
vn 0.0811 -0.4086 0.9091
vn 0.0702 -0.4122 0.9084
vn 0.0399 -0.1532 0.9874
vn 0.0979 -0.4020 0.9104
vn 0.0449 -0.1514 0.9874
vn 0.0533 -0.1470 0.9877
vn 0.0370 -0.1549 0.9872
vn 0.1199 -0.3896 0.9132
vn 0.1396 -0.3744 0.9167
vn 0.0597 -0.1414 0.9882
vn 0.0666 -0.1353 0.9886
vn 0.1558 -0.3603 0.9197
vn 0.1927 -0.3193 0.9278
vn 0.1737 -0.3426 0.9233
vn 0.0733 -0.1293 0.9889
vn 0.0806 -0.1196 0.9895
vn 0.2190 -0.2773 0.9355
vn 0.2080 -0.2963 0.9322
vn 0.0858 -0.1102 0.9902
vn 0.0886 -0.1047 0.9905
vn 0.0933 -0.0959 0.9910
vn 0.2295 -0.2584 0.9384
vn 0.2508 -0.2097 0.9451
vn 0.2409 -0.2349 0.9417
vn 0.0973 -0.0879 0.9914
vn 0.1007 -0.0776 0.9919
vn 0.2673 -0.1578 0.9506
vn 0.2599 -0.1844 0.9479
vn 0.1041 -0.0680 0.9922
vn 0.1062 -0.0598 0.9925
vn 0.2709 -0.1383 0.9526
vn 0.1073 -0.0496 0.9930
vn 0.2818 -0.0932 0.9549
vn 0.2751 -0.1222 0.9536
vn 0.1091 -0.0429 0.9931
vn 0.1119 -0.0344 0.9931
vn 0.1126 -0.0202 0.9934
vn 0.2855 -0.0566 0.9567
vn 0.2861 -0.0298 0.9577
vn 0.1120 -0.0108 0.9936
vn 0.2862 -0.0124 0.9581
vn 0.1117 -0.0046 0.9937
vn 0.0446 0.4246 0.9043
vn 0.0542 0.4221 0.9049
vn 0.0349 0.1567 0.9870
vn 0.0701 0.4161 0.9066
vn 0.0289 0.1583 0.9870
vn 0.0282 0.1601 0.9867
vn 0.0389 0.4254 0.9041
vn 0.0194 0.1580 0.9872
vn 0.1271 0.3850 0.9141
vn 0.1464 0.3685 0.9180
vn 0.2453 0.6453 0.7235
vn 0.2098 0.6671 0.7148
vn 0.0868 0.4075 0.9091
vn 0.1042 0.3989 0.9110
vn 0.1682 0.6861 0.7078
vn 0.1370 0.6975 0.7034
vn 0.2141 0.9014 0.3763
vn 0.1716 0.9122 0.3720
vn 0.2652 0.6311 0.7289
vn 0.3494 0.8490 0.3964
vn 0.3211 0.8624 0.3913
vn 0.0469 0.1502 0.9875
vn 0.0415 0.1530 0.9873
vn 0.1070 0.7079 0.6981
vn 0.1312 0.9208 0.3673
vn 0.0628 0.1386 0.9884
vn 0.0556 0.1459 0.9877
vn 0.1570 0.3579 0.9204
vn 0.3786 0.8340 0.4013
vn 0.2852 0.6170 0.7335
vn 0.3144 0.5935 0.7409
vn 0.4223 0.8087 0.4095
vn 0.1983 0.3112 0.9294
vn 0.1822 0.3323 0.9254
vn 0.2716 0.8828 0.3833
vn 0.1674 0.3483 0.9223
vn 0.2379 0.2432 0.9403
vn 0.2484 0.2152 0.9445
vn 0.4578 0.4073 0.7903
vn 0.4328 0.4536 0.7790
vn 0.2110 0.2909 0.9332
vn 0.2232 0.2712 0.9363
vn 0.4000 0.4999 0.7682
vn 0.3738 0.5315 0.7601
vn 0.5576 0.7042 0.4396
vn 0.5148 0.7417 0.4300
vn 0.4709 0.3794 0.7964
vn 0.6829 0.5566 0.4730
vn 0.6582 0.5915 0.4657
vn 0.3471 0.5620 0.7508
vn 0.4726 0.7747 0.4201
vn 0.5548 0.0714 0.8289
vn 0.5552 0.0305 0.8311
vn 0.2536 0.1988 0.9467
vn 0.4995 0.3158 0.8067
vn 0.5112 0.2815 0.8121
vn 0.7600 0.4226 0.4938
vn 0.7364 0.4698 0.4869
vn 0.1068 0.0539 0.9928
vn 0.2698 0.1448 0.9520
vn 0.2653 0.1636 0.9502
vn 0.1053 0.0612 0.9926
vn 0.6132 0.6472 0.4529
vn 0.1003 0.0748 0.9921
vn 0.1035 0.0672 0.9924
vn 0.2594 0.1837 0.9481
vn 0.4845 0.3522 0.8007
vn 0.2789 0.1034 0.9547
vn 0.2820 0.0796 0.9561
vn 0.5431 0.1573 0.8248
vn 0.5345 0.2030 0.8204
vn 0.8247 0.2408 0.5117
vn 0.7077 0.5193 0.4790
vn 0.1112 0.0298 0.9934
vn 0.1103 0.0382 0.9932
vn 0.2864 0.0359 0.9574
vn 0.2861 0.0152 0.9581
vn 0.1086 0.0451 0.9931
vn 0.2743 0.1264 0.9533
vn 0.5225 0.2468 0.8161
vn 0.1119 0.0058 0.9937
vn 0.1127 0.0123 0.9936
vn -0.2588 -0.0031 0.9659
vn -0.2585 -0.0005 0.9660
vn 0.1115 0.0198 0.9936
vn 0.2840 0.0589 0.9570
vn 0.5489 0.1168 0.8277
vn 0.8376 0.1800 0.5157
vn -0.0831 -0.0003 0.9965
vn 0.9658 0.2089 0.1537
vn 0.1107 0.0013 0.9939
vn 0.2853 0.0055 0.9584
vn -0.0825 -0.0000 0.9966
vn 0.0095 -0.7162 0.6978
vn 0.0124 -0.4218 0.9066
vn 0.0021 -0.4228 0.9062
vn 0.0128 -0.1580 0.9874
vn 0.0135 -0.1560 0.9877
vn 0.0096 -0.7161 0.6979
vn 0.0124 -0.4217 0.9067
vn -0.2589 0.0023 0.9659
vn -0.0830 0.0002 0.9965
vn -0.8382 0.0073 0.5453
vn -0.5311 0.0047 0.8473
vn -0.0823 -0.0000 0.9966
vn -0.0824 -0.0000 0.9966
vn 0.0063 0.4238 0.9057
vn 0.8524 0.0001 0.5228
vn 0.8525 -0.0011 0.5227
vn 0.9877 -0.0012 0.1563
vn 0.9877 0.0001 0.1563
vn 0.2852 -0.0028 0.9585
vn 0.1102 -0.0005 0.9939
vn 0.0125 0.1577 0.9874
vn 0.0135 0.1558 0.9877
vn 0.0124 0.4218 0.9066
vn 0.0013 -0.9945 0.1043
vn 0.0049 -0.9303 0.3668
vn -0.0232 -0.9942 0.1047
vn 0.2847 -0.0003 0.9586
vn 0.5539 -0.0056 0.8325
vn 0.5532 -0.0007 0.8330
vn 0.8528 -0.0088 0.5222
vn 0.1096 -0.0000 0.9940
vn 0.0177 -0.4224 0.9062
vn 0.0187 -0.7168 0.6971
vn 0.0414 -0.7157 0.6972
vn 0.2847 -0.0000 0.9586
vn 0.5531 -0.0000 0.8331
vn 0.0132 -0.1565 0.9876
vn 0.0135 -0.1557 0.9877
vn 0.0465 -0.9292 0.3667
vn 0.0155 0.1590 0.9872
vn 0.0135 0.1559 0.9877
vn 0.1099 0.0001 0.9939
vn 0.2850 0.0015 0.9585
vn 0.5537 0.0030 0.8327
vn 0.8527 0.0047 0.5224
vn 0.5541 0.0111 0.8324
vn 0.1095 -0.0000 0.9940
vn 0.2848 -0.0000 0.9586
vn 0.8528 0.0174 0.5220
vn -0.9991 -0.0365 0.0213
vn -0.9825 -0.0359 0.1828
vn 0.9483 0.2786 0.1521
vn 0.9591 0.2831 -0.0056
vn 0.9326 0.3608 -0.0054
vn 0.9914 0.1306 -0.0059
vn 0.9772 0.2124 -0.0058
vn 0.9877 0.0056 0.1562
vn 0.7966 0.5883 0.1393
vn 0.8329 0.5348 0.1423
vn 0.9998 0.0207 -0.0060
vn 0.9984 0.0565 -0.0060
vn 0.9875 0.0203 0.1560
vn 0.8718 0.4899 -0.0049
vn 0.8403 0.5420 -0.0046
vn 0.8635 0.4832 0.1449
vn 0.9010 0.4338 -0.0051
vn 0.7347 0.6649 0.1344
vn 0.6794 0.7222 0.1299
vn 0.7657 0.6284 0.1369
vn 0.8031 0.5959 -0.0042
vn 0.7718 0.6359 -0.0039
vn 0.6828 0.7306 -0.0031
vn 0.6156 0.7881 -0.0025
vn 0.6129 0.7802 0.1252
vn 0.7399 0.6727 -0.0037
vn 0.5136 0.8498 0.1186
vn 0.5627 0.8176 0.1219
vn 0.4069 0.9065 0.1127
vn 0.4561 0.8824 0.1152
vn 0.4569 0.8895 -0.0009
vn 0.5149 0.8572 -0.0015
vn 0.5649 0.8251 -0.0020
vn 0.3429 0.9330 0.1097
vn 0.2883 0.9515 0.1075
vn 0.3744 0.9206 0.1112
vn 0.4076 0.9132 -0.0003
vn 0.3750 0.9270 -0.0000
vn 0.2877 0.9577 0.0010
vn 0.2250 0.9744 0.0017
vn 0.2256 0.9685 0.1056
vn 0.3430 0.9393 0.0004
vn 0.1356 0.9854 0.1034
vn 0.1795 0.9782 0.1045
vn 0.0729 0.9921 0.1023
vn 0.0950 0.9902 0.1025
vn 0.0938 0.9956 0.0033
vn 0.1344 0.9909 0.0028
vn 0.1786 0.9839 0.0023
vn -0.9692 -0.1675 0.1806
vn -0.9798 -0.0820 0.1823
vn -0.9963 -0.0833 0.0213
vn 0.0619 0.9928 0.1022
vn 0.0716 0.9974 0.0036
vn 0.0608 0.9981 0.0037
vn 0.9989 -0.0460 -0.0060
vn -0.9851 -0.1705 0.0211
vn -0.9595 -0.2810 0.0206
vn -0.9445 -0.2763 0.1778
vn -0.8819 -0.4395 0.1707
vn -0.9156 -0.3621 0.1747
vn -0.7925 -0.5883 0.1610
vn -0.8361 -0.5230 0.1656
vn -0.8475 -0.5305 0.0185
vn -0.8947 -0.4463 0.0194
vn -0.9297 -0.3677 0.0201
vn -0.7308 -0.6649 0.1544
vn -0.6756 -0.7222 0.1485
vn -0.7617 -0.6284 0.1578
vn -0.8029 -0.5958 0.0177
vn -0.7716 -0.6359 0.0172
vn -0.6827 -0.7306 0.0156
vn -0.6113 -0.7912 0.0143
vn -0.6054 -0.7832 0.1415
vn -0.7397 -0.6728 0.0166
vn -0.5470 -0.8260 0.1360
vn -0.4976 -0.8574 0.1316
vn -0.5022 -0.8647 0.0124
vn -0.4485 -0.8937 0.0115
vn -0.4446 -0.8867 0.1270
vn -0.3956 -0.9101 0.1231
vn -0.5523 -0.8335 0.0133
vn -0.3594 -0.9254 0.1205
vn -0.3037 -0.9456 0.1167
vn -0.2768 -0.9540 0.1149
vn -0.3628 -0.9318 0.0101
vn -0.3308 -0.9437 0.0096
vn -0.3276 -0.9374 0.1182
vn -0.3993 -0.9168 0.0107
vn -0.0696 -0.9919 0.1059
vn -0.0916 -0.9901 0.1065
vn -0.1322 -0.9853 0.1078
vn -0.1802 -0.9775 0.1098
vn -0.2326 -0.9725 0.0080
vn -0.1823 -0.9832 0.0072
vn -0.2304 -0.9666 0.1122
vn -0.3069 -0.9517 0.0092
vn -0.2794 -0.9601 0.0087
vn -0.0934 -0.9956 0.0059
vn -0.1340 -0.9910 0.0065
vn -0.0552 -0.9929 0.1055
vn -0.0713 -0.9974 0.0056
vn -0.0568 -0.9984 0.0054
vn 0.0014 0.9945 0.1043
vn -0.0130 0.9945 0.1041
vn -0.0000 -1.0000 0.0046
vn -0.0245 -0.9997 0.0049
vn 0.0002 -1.0000 0.0046
vn 0.0130 -0.9999 0.0044
vn 0.9877 -0.0103 0.1561
vn 0.9999 -0.0104 -0.0060
vn 1.0000 0.0056 -0.0060
vn 0.0296 0.9942 0.1031
vn 0.0017 0.9945 0.1043
vn 1.0000 0.0001 -0.0060
vn -0.3270 0.9450 0.0053
vn -0.3832 0.9236 0.0061
vn 0.0003 1.0000 0.0046
vn 0.0286 0.9996 0.0042
vn -0.9998 0.0002 0.0214
vn -0.0000 1.0000 0.0046
vn -0.0146 0.9999 0.0048
vn -1.0000 0.0008 -0.0049
vn 1.0000 -0.0013 -0.0060
vn -0.0000 -1.0000 -0.0000
vn -0.0000 1.0000 -0.0000
vn -0.9999 -0.0000 0.0125
vn 0.9995 0.0008 -0.0308
vn 1.0000 0.0008 0.0049
vn -0.0001 -1.0000 0.0008
vn 0.0001 -1.0000 0.0008
vn 0.9989 -0.0461 -0.0124
vn 0.9999 -0.0104 -0.0124
vn 0.0003 1.0000 0.0007
vn -0.0000 1.0000 0.0007
vn 0.9999 -0.0013 -0.0124
vn 0.9999 0.0001 -0.0124
vn -0.1023 0.9948 0.0022
vn -0.0736 0.9973 0.0017
vn 0.0286 0.9996 0.0004
vn 0.0606 0.9982 -0.0001
vn 0.0445 -0.9990 0.0002
vn 0.0130 -0.9999 0.0006
vn -0.0245 -0.9997 0.0011
vn -0.0568 -0.9984 0.0015
vn -0.0713 -0.9975 0.0017
vn -0.0934 -0.9956 0.0020
vn -0.0713 -0.9974 0.0017
vn -0.2794 -0.9602 0.0046
vn -0.2326 -0.9726 0.0040
vn -0.7397 -0.6728 0.0112
vn -0.7717 -0.6359 0.0116
vn -0.9852 -0.1706 0.0147
vn -0.9964 -0.0834 0.0149
vn 0.0714 0.9974 -0.0002
vn 0.0935 0.9956 -0.0005
vn 0.3429 0.9394 -0.0039
vn 0.3749 0.9270 -0.0042
vn 0.3750 0.9270 -0.0042
vn 0.8717 0.4899 -0.0108
vn 0.9009 0.4339 -0.0112
vn 0.7398 0.6728 -0.0091
vn 0.7397 0.6728 -0.0091
vn 0.7717 0.6359 -0.0095
vn 0.9983 0.0566 -0.0124
vn 0.9997 0.0207 -0.0124
vn -0.9999 0.0002 0.0149
vn -0.9999 -0.0019 0.0149
vn -0.9993 0.0343 0.0149
vn -0.9999 0.0087 0.0149
vn -0.0470 0.9989 0.0014
vn -0.1561 0.9877 0.0029
vn -0.2132 0.9770 0.0037
vn -0.2480 0.9687 0.0042
vn -0.2794 0.9602 0.0046
vn -0.4319 0.9019 0.0068
vn -0.6068 0.7948 0.0093
vn -0.5485 0.8361 0.0084
vn -0.4815 0.8764 0.0075
vn -0.6403 0.7681 0.0097
vn -0.6739 0.7388 0.0102
vn -0.7236 0.6901 0.0109
vn -0.7237 0.6901 0.0109
vn -0.8256 0.5642 0.0124
vn -0.7799 0.6258 0.0118
vn -0.8685 0.4956 0.0130
vn -0.8685 0.4955 0.0130
vn -0.9130 0.4077 0.0137
vn -0.9959 0.0888 0.0149
vn -0.9854 0.1699 0.0147
vn -0.9452 0.3263 0.0141
vn -0.9675 0.2525 0.0145
vn 0.0728 -0.9973 -0.0002
vn 0.0950 -0.9955 -0.0005
vn 0.1402 -0.9901 -0.0011
vn 0.1669 -0.9860 -0.0015
vn 0.2094 -0.9778 -0.0021
vn 0.1181 -0.9930 -0.0008
vn 0.3230 -0.9464 -0.0036
vn 0.2678 -0.9635 -0.0029
vn 0.2679 -0.9635 -0.0029
vn 0.4281 -0.9037 -0.0050
vn 0.3710 -0.9286 -0.0042
vn 0.3711 -0.9286 -0.0042
vn 0.5524 -0.8336 -0.0066
vn 0.5984 -0.8011 -0.0072
vn 0.5523 -0.8336 -0.0066
vn 0.4941 -0.8694 -0.0059
vn 0.6990 -0.7151 -0.0085
vn 0.6447 -0.7644 -0.0078
vn 0.8032 -0.5957 -0.0099
vn 0.8511 -0.5250 -0.0105
vn 0.7520 -0.6592 -0.0092
vn 0.7520 -0.6591 -0.0092
vn 0.8817 -0.4718 -0.0109
vn 0.8817 -0.4717 -0.0109
vn 0.9456 -0.3250 -0.0118
vn 0.9070 -0.4210 -0.0112
vn 0.9791 -0.2028 -0.0122
vn 0.9939 -0.1093 -0.0123
vn -0.0147 0.9999 0.0010
vn 0.9999 0.0057 -0.0124
vn 0.9914 0.1306 -0.0123
vn -0.1823 -0.9832 0.0033
vn -0.1341 -0.9910 0.0026
vn -0.1340 -0.9910 0.0026
vn -0.3069 -0.9517 0.0050
vn -0.3308 -0.9437 0.0053
vn -0.3629 -0.9318 0.0058
vn -0.3993 -0.9168 0.0063
vn -0.4485 -0.8938 0.0070
vn -0.5022 -0.8647 0.0078
vn -0.6114 -0.7913 0.0093
vn -0.5523 -0.8336 0.0085
vn -0.6113 -0.7913 0.0093
vn -0.6827 -0.7306 0.0103
vn -0.6827 -0.7307 0.0103
vn -0.8030 -0.5959 0.0121
vn -0.8476 -0.5305 0.0127
vn -0.8476 -0.5306 0.0127
vn -0.9298 -0.3678 0.0139
vn -0.8947 -0.4464 0.0134
vn -0.9596 -0.2810 0.0143
vn -0.9596 -0.2811 0.0143
vn 0.1785 0.9839 -0.0017
vn 0.1341 0.9910 -0.0011
vn 0.2876 0.9578 -0.0031
vn 0.2249 0.9744 -0.0023
vn 0.4075 0.9132 -0.0047
vn 0.4568 0.8896 -0.0053
vn 0.4567 0.8896 -0.0053
vn 0.9590 0.2832 -0.0119
vn 0.9771 0.2124 -0.0121
vn 0.5648 0.8252 -0.0068
vn 0.5148 0.8573 -0.0061
vn 0.6827 0.7306 -0.0083
vn 0.6155 0.7881 -0.0074
vn 0.6154 0.7881 -0.0074
vn 0.6827 0.7307 -0.0083
vn 0.8030 0.5959 -0.0099
vn 0.8402 0.5421 -0.0104
vn 0.9325 0.3609 -0.0116
vn -0.0136 -0.0000 -0.9999
vn 0.0136 -0.0000 0.9999
vn -0.2947 0.9556 0.0040
vn -0.2807 0.9218 0.2673
vn -0.1402 0.9539 0.2654
vn -0.1490 0.9888 0.0020
vn 0.1363 0.2558 0.9571
vn 0.0968 0.2713 0.9576
vn 0.0210 0.0236 0.9995
vn 0.0244 0.0222 0.9995
vn 0.2062 0.2081 0.9561
vn 0.1730 0.2346 0.9566
vn 0.0276 0.0204 0.9994
vn 0.0305 0.0181 0.9994
vn 0.2351 0.1770 0.9557
vn 0.0330 0.0154 0.9993
vn 0.2590 0.1420 0.9554
vn 0.0351 0.0123 0.9993
vn 0.2774 0.1037 0.9551
vn 0.0367 0.0090 0.9993
vn 0.2899 0.0632 0.9550
vn 0.0377 0.0055 0.9993
vn 0.2962 0.0212 0.9549
vn 0.0383 0.0018 0.9993
vn 0.2962 -0.0212 0.9549
vn 0.0383 -0.0018 0.9993
vn 0.2899 -0.0632 0.9550
vn 0.0377 -0.0055 0.9993
vn 0.2774 -0.1037 0.9551
vn 0.0367 -0.0090 0.9993
vn 0.2590 -0.1420 0.9554
vn 0.0351 -0.0123 0.9993
vn 0.2351 -0.1770 0.9557
vn 0.0330 -0.0154 0.9993
vn 0.2062 -0.2081 0.9561
vn 0.0305 -0.0181 0.9994
vn 0.1730 -0.2346 0.9566
vn 0.0276 -0.0204 0.9994
vn 0.1363 -0.2558 0.9571
vn 0.0244 -0.0222 0.9995
vn 0.0968 -0.2713 0.9576
vn 0.0209 -0.0236 0.9995
vn 0.0554 -0.2808 0.9582
vn 0.0174 -0.0244 0.9996
vn 0.0131 -0.2839 0.9588
vn 0.0137 -0.0247 0.9996
vn -0.0292 -0.2808 0.9593
vn 0.0100 -0.0244 0.9997
vn -0.0706 -0.2713 0.9599
vn 0.0064 -0.0236 0.9997
vn -0.1101 -0.2558 0.9604
vn 0.0030 -0.0222 0.9997
vn -0.1468 -0.2346 0.9609
vn -0.0002 -0.0204 0.9998
vn -0.1800 -0.2081 0.9614
vn -0.0031 -0.0181 0.9998
vn -0.2089 -0.1770 0.9618
vn -0.0056 -0.0154 0.9999
vn -0.2328 -0.1420 0.9621
vn -0.0077 -0.0123 0.9999
vn -0.2512 -0.1037 0.9624
vn -0.0093 -0.0090 0.9999
vn -0.2637 -0.0632 0.9625
vn -0.0104 -0.0055 0.9999
vn -0.2700 -0.0212 0.9626
vn -0.0109 -0.0018 0.9999
vn -0.2700 0.0212 0.9626
vn -0.0110 0.0018 0.9999
vn -0.2637 0.0632 0.9625
vn -0.0104 0.0055 0.9999
vn -0.2512 0.1037 0.9624
vn -0.0093 0.0090 0.9999
vn -0.2328 0.1420 0.9621
vn -0.0077 0.0123 0.9999
vn -0.2089 0.1770 0.9618
vn -0.0056 0.0154 0.9999
vn -0.1800 0.2081 0.9614
vn -0.0031 0.0181 0.9998
vn -0.1468 0.2346 0.9609
vn -0.0002 0.0204 0.9998
vn -0.1101 0.2558 0.9604
vn 0.0030 0.0223 0.9997
vn -0.0706 0.2713 0.9599
vn 0.0064 0.0236 0.9997
vn -0.0292 0.2808 0.9593
vn 0.0100 0.0244 0.9997
vn 0.0131 0.2839 0.9588
vn 0.0137 0.0247 0.9996
vn 0.0036 0.9647 0.2634
vn 0.1474 0.9539 0.2615
vn 0.1490 0.9888 -0.0020
vn 0.2879 0.9218 0.2595
vn 0.2947 0.9556 -0.0040
vn 0.4221 0.8691 0.2577
vn 0.4338 0.9010 -0.0059
vn 0.5470 0.7971 0.2560
vn 0.5633 0.8262 -0.0077
vn 0.6597 0.7072 0.2544
vn 0.6801 0.7331 -0.0093
vn 0.7577 0.6015 0.2531
vn 0.7818 0.6235 -0.0107
vn 0.8390 0.4823 0.2520
vn 0.8659 0.5000 -0.0118
vn 0.9015 0.3524 0.2512
vn 0.9308 0.3653 -0.0127
vn 0.9440 0.2147 0.2506
vn 0.9748 0.2225 -0.0133
vn 0.9655 0.0721 0.2503
vn 0.9971 0.0747 -0.0136
vn 0.9655 -0.0721 0.2503
vn 0.9971 -0.0747 -0.0136
vn 0.9440 -0.2147 0.2506
vn 0.9748 -0.2225 -0.0133
vn 0.9015 -0.3524 0.2512
vn 0.9308 -0.3653 -0.0127
vn 0.8389 -0.4823 0.2520
vn 0.8659 -0.5000 -0.0118
vn 0.7577 -0.6015 0.2531
vn 0.7818 -0.6235 -0.0107
vn 0.6597 -0.7072 0.2544
vn 0.6801 -0.7331 -0.0093
vn 0.5470 -0.7971 0.2560
vn 0.5633 -0.8262 -0.0077
vn 0.4221 -0.8691 0.2577
vn 0.4338 -0.9010 -0.0059
vn 0.2879 -0.9218 0.2595
vn 0.2947 -0.9556 -0.0040
vn 0.1474 -0.9539 0.2615
vn 0.1490 -0.9888 -0.0020
vn 0.0036 -0.9647 0.2634
vn -0.1402 -0.9539 0.2654
vn -0.1490 -0.9888 0.0020
vn -0.2807 -0.9218 0.2673
vn -0.2947 -0.9556 0.0040
vn -0.4149 -0.8691 0.2692
vn -0.4338 -0.9010 0.0059
vn -0.5398 -0.7971 0.2709
vn -0.5633 -0.8262 0.0077
vn -0.6525 -0.7072 0.2724
vn -0.6801 -0.7331 0.0093
vn -0.7505 -0.6015 0.2737
vn -0.7818 -0.6235 0.0107
vn -0.8318 -0.4823 0.2748
vn -0.8659 -0.5000 0.0118
vn -0.8943 -0.3524 0.2757
vn -0.9308 -0.3653 0.0127
vn -0.9368 -0.2147 0.2763
vn -0.9748 -0.2225 0.0133
vn -0.9583 -0.0721 0.2766
vn -0.9971 -0.0747 0.0136
vn -0.9583 0.0721 0.2766
vn -0.9971 0.0747 0.0136
vn -0.9368 0.2147 0.2763
vn -0.9748 0.2225 0.0133
vn -0.8943 0.3524 0.2757
vn -0.9308 0.3653 0.0127
vn -0.8318 0.4823 0.2748
vn -0.8659 0.5000 0.0118
vn -0.7505 0.6015 0.2737
vn -0.7818 0.6235 0.0107
vn -0.6525 0.7072 0.2724
vn -0.6801 0.7331 0.0093
vn -0.5398 0.7970 0.2709
vn -0.5633 0.8262 0.0077
vn -0.4149 0.8691 0.2692
vn -0.4338 0.9010 0.0059
vn 0.1144 0.6941 0.7107
vn 0.0097 0.7020 0.7122
vn 0.0554 0.2808 0.9582
vn 0.0174 0.0244 0.9996
vn 0.2166 0.6708 0.7093
vn 0.3143 0.6324 0.7080
vn 0.4051 0.5800 0.7067
vn 0.4871 0.5146 0.7056
vn 0.5585 0.4377 0.7046
vn 0.6176 0.3510 0.7039
vn 0.6631 0.2564 0.7032
vn 0.6940 0.1562 0.7028
vn 0.7096 0.0525 0.7026
vn 0.7096 -0.0525 0.7026
vn 0.6940 -0.1562 0.7028
vn 0.6631 -0.2564 0.7032
vn 0.6176 -0.3510 0.7039
vn 0.5585 -0.4377 0.7047
vn 0.4871 -0.5146 0.7056
vn 0.4051 -0.5800 0.7067
vn 0.3143 -0.6324 0.7080
vn 0.2166 -0.6708 0.7093
vn 0.1143 -0.6941 0.7107
vn 0.0097 -0.7020 0.7122
vn -0.0949 -0.6941 0.7136
vn -0.1971 -0.6708 0.7150
vn -0.2948 -0.6324 0.7163
vn -0.3856 -0.5800 0.7176
vn -0.4677 -0.5146 0.7187
vn -0.5390 -0.4377 0.7196
vn -0.5981 -0.3510 0.7205
vn -0.6436 -0.2564 0.7211
vn -0.6745 -0.1562 0.7215
vn -0.6902 -0.0525 0.7217
vn -0.6902 0.0525 0.7217
vn -0.6745 0.1562 0.7215
vn -0.6436 0.2565 0.7211
vn -0.5981 0.3510 0.7205
vn -0.5390 0.4377 0.7197
vn -0.4677 0.5146 0.7187
vn -0.3856 0.5800 0.7176
vn -0.2948 0.6324 0.7163
vn -0.1971 0.6708 0.7150
vn -0.0949 0.6941 0.7136
vn 0.0097 0.7077 0.7064
vn 0.0097 -0.7065 0.7076
vn 0.0097 -0.7071 0.7070
vn 0.0097 0.7071 0.7070
vn 0.1731 0.2346 0.9566
vn 0.2062 -0.2082 0.9561
vn 0.1731 -0.2346 0.9566
vn 0.0210 -0.0236 0.9995
vn 0.0030 -0.0223 0.9997
vn -0.0110 -0.0018 0.9999
vn 0.0131 0.2840 0.9587
vn 0.9015 0.3524 0.2511
vn 0.9015 -0.3524 0.2511
vn 0.8390 -0.4823 0.2520
vn 0.6597 -0.7072 0.2545
vn -0.4149 -0.8691 0.2691
vn -0.8317 -0.4823 0.2749
vn -0.8317 0.4823 0.2749
vn -0.5398 0.7971 0.2708
vn -0.4149 0.8691 0.2691
vn 0.1143 0.6941 0.7107
vn 0.0097 0.7020 0.7121
vn 0.4872 0.5146 0.7056
vn 0.7097 0.0525 0.7026
vn 0.7097 -0.0525 0.7026
vn 0.4051 -0.5800 0.7068
vn 0.1144 -0.6941 0.7107
vn -0.5390 -0.4377 0.7197
vn -0.6436 0.2564 0.7211
vn -0.3857 0.5800 0.7176
vn -0.0667 0.9943 0.0832
vn 0.0690 0.9943 0.0814
vn 0.0667 0.9943 -0.0832
vn -0.0690 0.9943 -0.0814
vn -0.9696 -0.0000 0.2445
vn -0.8990 0.3827 0.2128
vn -0.9045 0.3827 -0.1881
vn -0.9760 -0.0000 -0.2179
vn 0.9696 -0.0000 -0.2445
vn 0.8990 0.3827 -0.2128
vn 0.9045 0.3827 0.1881
vn 0.9760 -0.0000 0.2179
vn 0.1769 -0.0000 0.9842
vn 0.1568 0.3473 0.9246
vn -0.1314 0.3473 0.9285
vn -0.1499 -0.0000 0.9887
vn 0.1314 0.3473 -0.9285
vn 0.0867 0.8682 -0.4885
vn 0.3510 0.8278 -0.4377
vn 0.6123 0.3501 -0.7089
vn 0.4331 0.8924 -0.1269
vn 0.4364 0.8924 0.1150
vn 0.3628 0.8278 0.4279
vn 0.6314 0.3501 0.6919
vn 0.1000 0.8683 0.4859
vn -0.4364 0.8924 -0.1150
vn -0.3628 0.8278 -0.4280
vn -0.6314 0.3501 -0.6919
vn -0.1000 0.8682 -0.4859
vn -0.1568 0.3473 -0.9246
vn -0.0867 0.8683 0.4885
vn -0.3510 0.8278 0.4377
vn -0.6123 0.3501 0.7089
vn -0.4331 0.8924 0.1269
vn 0.1499 -0.0000 -0.9887
vn 0.6461 -0.0000 -0.7633
vn 0.6667 -0.0000 0.7453
vn -0.6461 -0.0000 0.7633
vn -0.1768 -0.0000 -0.9842
vn -0.6667 -0.0000 -0.7453
vn -0.2085 -0.0000 -0.9780
vn -0.1518 0.6857 -0.7119
vn -0.0100 0.6857 -0.7278
vn -0.3953 -0.0000 -0.9186
vn -0.2877 0.6857 -0.6686
vn -0.5669 -0.0000 -0.8238
vn -0.4126 0.6857 -0.5996
vn -0.7167 -0.0000 -0.6974
vn -0.5217 0.6857 -0.5076
vn -0.8390 -0.0000 -0.5441
vn -0.6107 0.6857 -0.3961
vn -0.9290 -0.0000 -0.3700
vn -0.6762 0.6857 -0.2693
vn -0.9895 -0.0000 -0.1448
vn -0.7274 0.6779 -0.1064
vn -0.3056 0.9045 -0.2974
vn -0.2974 0.9045 0.3056
vn -0.6974 -0.0000 0.7167
vn -0.1487 -0.0000 -0.9889
vn -0.1093 0.6779 -0.7270
vn -0.8238 -0.0000 0.5669
vn -0.5996 0.6857 0.4126
vn -0.6686 0.6857 0.2877
vn -0.9186 -0.0000 0.3953
vn -0.5076 0.6857 0.5217
vn -0.5441 -0.0000 0.8390
vn -0.3961 0.6857 0.6107
vn -0.3700 -0.0000 0.9290
vn -0.2693 0.6857 0.6762
vn -0.1817 -0.0000 0.9834
vn -0.1322 0.6857 0.7158
vn 0.0099 0.6857 0.7278
vn 0.2085 -0.0000 0.9780
vn 0.1518 0.6857 0.7119
vn 0.3953 -0.0000 0.9186
vn 0.2877 0.6857 0.6686
vn 0.5669 -0.0000 0.8238
vn 0.4126 0.6857 0.5996
vn 0.7167 -0.0000 0.6974
vn 0.5217 0.6857 0.5076
vn 0.8390 -0.0000 0.5441
vn 0.6107 0.6857 0.3961
vn 0.9290 -0.0000 0.3700
vn 0.6762 0.6857 0.2693
vn 0.9834 -0.0000 0.1817
vn 0.7158 0.6857 0.1322
vn 0.9999 -0.0000 -0.0137
vn 0.7278 0.6857 -0.0100
vn 0.9780 -0.0000 -0.2085
vn 0.7119 0.6857 -0.1518
vn 0.9186 -0.0000 -0.3953
vn 0.6686 0.6857 -0.2877
vn 0.8238 -0.0000 -0.5669
vn 0.5996 0.6857 -0.4126
vn 0.6974 -0.0000 -0.7167
vn 0.5076 0.6857 -0.5217
vn 0.5442 -0.0000 -0.8390
vn 0.3961 0.6857 -0.6107
vn 0.3700 -0.0000 -0.9290
vn 0.2693 0.6857 -0.6762
vn 0.1817 -0.0000 -0.9834
vn 0.1322 0.6857 -0.7158
vn -0.0894 0.6779 0.7297
vn -0.1216 -0.0000 0.9926
vn -0.7242 0.6779 0.1263
vn -0.9851 -0.0000 0.1718
vn -0.9489 -0.0000 0.3156
vn -0.7285 0.6408 0.2423
vn -0.5549 -0.0000 0.8319
vn -0.4260 0.6408 0.6387
vn -0.5775 -0.0000 -0.8164
vn -0.4433 0.6408 -0.6268
vn -0.9572 -0.0000 -0.2895
vn -0.7349 0.6408 -0.2222
vn -0.0001 1.0000 -0.0000
vn 0.0001 1.0000 -0.0000
vn 0.0153 0.0211 0.9997
vn 0.0447 0.2134 0.9759
vn -0.6451 0.2599 0.7185
vn -0.6665 0.1199 0.7358
vn 0.0724 0.3976 0.9147
vn -0.6250 0.3939 0.6740
vn 0.0973 0.5664 0.8183
vn -0.6068 0.5169 0.6038
vn 0.1184 0.7136 0.6905
vn -0.5914 0.6239 0.5108
vn 0.1350 0.8333 0.5361
vn -0.5794 0.7110 0.3984
vn 0.1464 0.9209 0.3612
vn -0.5710 0.7749 0.2711
vn 0.1522 0.9732 0.1723
vn -0.5669 0.8129 0.1336
vn 0.1521 0.9881 -0.0231
vn -0.5669 0.8238 -0.0087
vn 0.1463 0.9650 -0.2177
vn -0.5712 0.8069 -0.1503
vn 0.1347 0.9048 -0.4039
vn -0.5796 0.7631 -0.2859
vn 0.1180 0.8099 -0.5746
vn -0.5918 0.6940 -0.4101
vn 0.0968 0.6838 -0.7232
vn -0.6072 0.6023 -0.5182
vn 0.0718 0.5314 -0.8441
vn -0.6254 0.4914 -0.6062
vn 0.0441 0.3587 -0.9324
vn -0.6455 0.3656 -0.6705
vn 0.0147 0.1721 -0.9850
vn -0.6669 0.2298 -0.7088
vn -0.0153 -0.0211 -0.9997
vn -0.6888 0.0892 -0.7195
vn -0.0447 -0.2134 -0.9759
vn -0.7102 -0.0508 -0.7022
vn -0.0724 -0.3976 -0.9147
vn -0.7303 -0.1848 -0.6576
vn -0.0973 -0.5665 -0.8183
vn -0.7484 -0.3077 -0.5875
vn -0.1184 -0.7136 -0.6905
vn -0.7639 -0.4148 -0.4944
vn -0.1350 -0.8333 -0.5362
vn -0.7759 -0.5020 -0.3821
vn -0.1464 -0.9209 -0.3612
vn -0.7842 -0.5658 -0.2548
vn -0.1522 -0.9732 -0.1723
vn -0.7884 -0.6038 -0.1173
vn -0.1521 -0.9881 0.0231
vn -0.7884 -0.6147 0.0250
vn -0.1463 -0.9650 0.2177
vn -0.7841 -0.5978 0.1666
vn -0.1347 -0.9048 0.4039
vn -0.7757 -0.5541 0.3022
vn -0.1181 -0.8098 0.5746
vn -0.7635 -0.4849 0.4264
vn -0.0968 -0.6838 0.7232
vn -0.7481 -0.3932 0.5346
vn -0.0718 -0.5314 0.8440
vn -0.7299 -0.2823 0.6225
vn -0.0441 -0.3587 0.9324
vn -0.7098 -0.1565 0.6868
vn -0.6548 0.4985 0.5681
vn -0.6250 0.3939 0.6739
vn -0.6718 0.3831 0.6340
vn -0.0147 -0.1721 0.9850
vn -0.6883 -0.0207 0.7251
vn -0.7108 0.1257 0.6921
vn -0.6907 0.2572 0.6759
vn -0.6403 0.5991 0.4807
vn -0.6290 0.6809 0.3752
vn -0.6212 0.7408 0.2556
vn -0.6172 0.7766 0.1265
vn -0.6172 0.7868 -0.0071
vn -0.6213 0.7710 -0.1401
vn -0.6292 0.7298 -0.2675
vn -0.6406 0.6649 -0.3841
vn -0.6551 0.5787 -0.4857
vn -0.6722 0.4746 -0.5683
vn -0.6911 0.3565 -0.6287
vn -0.7112 0.2289 -0.6647
vn -0.7317 0.0969 -0.6747
vn -0.7518 -0.0346 -0.6585
vn -0.7707 -0.1605 -0.6166
vn -0.7878 -0.2760 -0.5507
vn -0.8022 -0.3765 -0.4633
vn -0.8136 -0.4583 -0.3578
vn -0.8213 -0.5183 -0.2382
vn -0.8253 -0.5541 -0.1091
vn -0.8253 -0.5642 0.0245
vn -0.8212 -0.5484 0.1575
vn -0.8133 -0.5073 0.2849
vn -0.8019 -0.4424 0.4015
vn -0.7874 -0.3562 0.5031
vn -0.7704 -0.2520 0.5857
vn -0.7514 -0.1339 0.6461
vn -0.7313 -0.0064 0.6820
vn -0.6292 0.7298 -0.2674
vn -0.5796 0.7632 -0.2858
vn -0.5712 0.8070 -0.1503
vn -0.6213 0.7709 -0.1402
vn -0.7097 -0.1565 0.6869
vn -0.6887 0.0892 -0.7195
vn -0.5915 0.6239 0.5108
vn -0.7303 -0.1849 -0.6576
vn -0.5794 0.7111 0.3984
vn -0.7484 -0.3078 -0.5875
vn -0.5711 0.7749 0.2710
vn -0.7638 -0.4148 -0.4945
vn -0.5668 0.8129 0.1336
vn -0.7884 -0.6146 0.0250
vn -0.5917 0.6940 -0.4101
vn -0.7841 -0.5979 0.1667
vn -0.6072 0.6023 -0.5183
vn -0.7757 -0.5540 0.3022
vn -0.6253 0.4914 -0.6062
vn -0.7636 -0.4849 0.4264
vn -0.6456 0.3656 -0.6705
vn -0.6670 0.2298 -0.7088
vn -0.6907 0.2571 0.6758
vn -0.6718 0.3830 0.6340
vn -0.6289 0.6809 0.3752
vn -0.6551 0.5787 -0.4858
vn -0.7112 0.2289 -0.6646
vn -0.7708 -0.1605 -0.6166
vn -0.7877 -0.2760 -0.5507
vn -0.8022 -0.3765 -0.4634
vn -0.8135 -0.4584 -0.3578
vn -0.8214 -0.5183 -0.2382
vn -0.8253 -0.5540 -0.1091
vn -0.8134 -0.5072 0.2848
vn -0.7703 -0.2521 0.5857
vn -0.6211 0.7409 0.2556
vn -0.6072 0.6022 -0.5183
vn -0.7757 -0.5540 0.3021
vn -0.6249 0.3939 0.6740
vn -0.6069 0.5168 0.6038
vn -0.7097 -0.1565 0.6868
vn -0.5914 0.6240 0.5108
vn -0.5793 0.7111 0.3984
vn -0.5710 0.7749 0.2710
vn -0.7638 -0.4149 -0.4945
vn -0.7842 -0.5658 -0.2547
vn -0.6906 0.2572 0.6759
vn -0.6402 0.5991 0.4808
vn -0.6291 0.7299 -0.2674
vn -0.6406 0.6649 -0.3842
vn -0.6721 0.4746 -0.5683
vn -0.7318 0.0969 -0.6746
vn -0.7878 -0.2759 -0.5507
vn -0.8022 -0.3766 -0.4634
vn -0.8213 -0.5484 0.1576
vn -0.7313 -0.0064 0.6821
vn -0.8023 -0.3765 -0.4633
vn -0.7485 -0.3077 -0.5875
vn -0.7877 -0.2761 -0.5507
vn -0.7638 -0.4149 -0.4944
vn -0.7484 -0.3078 -0.5874
vn -0.5668 0.8130 0.1335
vn -0.7759 -0.5019 -0.3821
vn -0.5668 0.8238 -0.0087
vn -0.7885 -0.6038 -0.1173
vn -0.7841 -0.5979 0.1666
vn -0.6452 0.2599 0.7185
vn -0.6665 0.1198 0.7358
vn -0.6249 0.3940 0.6740
vn -0.7300 -0.2822 0.6225
vn -0.7101 -0.0508 -0.7022
vn -0.7303 -0.1848 -0.6577
vn -0.7108 0.1256 0.6921
vn -0.6171 0.7767 0.1265
vn -0.6173 0.7867 -0.0071
vn -0.6212 0.7710 -0.1402
vn -0.6405 0.6649 -0.3842
vn -0.6721 0.4747 -0.5684
vn -0.6911 0.3565 -0.6288
vn -0.7707 -0.1605 -0.6167
vn -0.8135 -0.4583 -0.3579
vn -0.8212 -0.5485 0.1575
vn -0.8134 -0.5073 0.2848
vn -0.8020 -0.4423 0.4015
vn -0.7704 -0.2520 0.5856
vn -0.8136 -0.4584 -0.3578
vn -0.7758 -0.5021 -0.3822
vn -0.5711 0.7749 0.2711
vn -0.7842 -0.5659 -0.2547
vn -0.7885 -0.6038 -0.1172
vn -0.5795 0.7632 -0.2859
vn -0.6254 0.4914 -0.6061
vn -0.7635 -0.4849 0.4265
vn -0.6455 0.3656 -0.6706
vn -0.7481 -0.3932 0.5345
vn -0.6888 0.0893 -0.7194
vn -0.6069 0.5168 0.6039
vn -0.6884 -0.0207 0.7251
vn -0.7109 0.1256 0.6920
vn -0.6547 0.4985 0.5682
vn -0.6402 0.5992 0.4807
vn -0.6290 0.6809 0.3751
vn -0.6172 0.7867 -0.0072
vn -0.6213 0.7709 -0.1401
vn -0.6910 0.3564 -0.6288
vn -0.7877 -0.2759 -0.5508
vn -0.8213 -0.5184 -0.2382
vn -0.8254 -0.5539 -0.1092
vn -0.8019 -0.4423 0.4016
vn -0.7313 -0.0063 0.6820
vn -0.6069 0.5169 0.6038
vn -0.6250 0.3938 0.6740
vn -0.7843 -0.5657 -0.2548
vn -0.5711 0.8070 -0.1504
vn -0.7884 -0.6039 -0.1173
vn -0.5796 0.7631 -0.2858
vn -0.7883 -0.6148 0.0250
vn -0.6071 0.6022 -0.5184
vn -0.7636 -0.4850 0.4264
vn -0.6455 0.3657 -0.6705
vn -0.7480 -0.3932 0.5347
vn -0.6670 0.2298 -0.7087
vn -0.7299 -0.2823 0.6226
vn -0.6888 0.0892 -0.7194
vn -0.7102 -0.0507 -0.7022
vn -0.5915 0.6239 0.5107
vn -0.5794 0.7111 0.3983
vn -0.6907 0.2572 0.6758
vn -0.6172 0.7868 -0.0072
vn -0.6212 0.7710 -0.1401
vn -0.6292 0.7299 -0.2674
vn -0.6551 0.5786 -0.4858
vn -0.6721 0.4745 -0.5684
vn -0.7112 0.2290 -0.6647
vn -0.8022 -0.3766 -0.4633
vn -0.8135 -0.4584 -0.3580
vn -0.8213 -0.5183 -0.2383
vn -0.8252 -0.5542 -0.1091
vn -0.7874 -0.3562 0.5032
vn -0.7703 -0.2521 0.5858
vn -0.7514 -0.1339 0.6462
vn -0.7314 -0.0063 0.6819
vn -0.8021 -0.4422 0.4014
vn -0.7636 -0.4849 0.4263
vn -0.8133 -0.5073 0.2848
vn -0.7098 -0.1564 0.6868
vn -0.5712 0.7748 0.2710
vn -0.5668 0.8129 0.1337
vn -0.7760 -0.5019 -0.3821
vn -0.5669 0.8237 -0.0086
vn -0.7843 -0.5657 -0.2547
vn -0.7885 -0.6037 -0.1172
vn -0.5797 0.7630 -0.2858
vn -0.6253 0.4913 -0.6063
vn -0.6450 0.2599 0.7186
vn -0.7108 0.1257 0.6920
vn -0.6906 0.2572 0.6760
vn -0.6719 0.3830 0.6340
vn -0.6547 0.4986 0.5681
vn -0.6405 0.5990 0.4806
vn -0.6290 0.6809 0.3753
vn -0.6212 0.7408 0.2555
vn -0.6173 0.7765 0.1266
vn -0.6171 0.7868 -0.0071
vn -0.6293 0.7297 -0.2675
vn -0.6551 0.5788 -0.4857
vn -0.6720 0.4746 -0.5685
vn -0.6911 0.3564 -0.6288
vn -0.7518 -0.0345 -0.6584
vn -0.7706 -0.1606 -0.6167
vn -0.8136 -0.4583 -0.3579
vn -0.8214 -0.5182 -0.2382
vn -0.8253 -0.5641 0.0245
vn -0.7875 -0.3562 0.5030
vn -0.7702 -0.2521 0.5858
vn -0.7515 -0.1338 0.6461
vn -0.7312 -0.0063 0.6821
vn -0.6289 0.6810 0.3751
vn 0.7551 0.5239 0.3941
vn 0.7425 0.4343 0.5099
vn -0.6666 0.1198 0.7358
vn -0.7480 -0.3932 0.5346
vn -0.6670 0.2297 -0.7088
vn -0.6249 0.3939 0.6741
vn -0.6887 0.0891 -0.7196
vn -0.7096 -0.1565 0.6870
vn -0.7100 -0.0508 -0.7023
vn -0.5915 0.6240 0.5107
vn -0.6883 -0.0208 0.7251
vn -0.7637 -0.4150 -0.4945
vn -0.5668 0.8130 0.1336
vn -0.7758 -0.5020 -0.3821
vn -0.5669 0.8237 -0.0087
vn -0.5795 0.7631 -0.2860
vn -0.5917 0.6941 -0.4101
vn -0.7841 -0.5978 0.1667
vn -0.6072 0.6024 -0.5181
vn -0.6213 0.7408 0.2555
vn -0.6174 0.7866 -0.0072
vn -0.6290 0.7299 -0.2676
vn -0.6551 0.5789 -0.4856
vn -0.6912 0.3564 -0.6287
vn -0.7111 0.2288 -0.6649
vn -0.7318 0.0968 -0.6746
vn -0.7516 -0.0346 -0.6587
vn -0.7877 -0.2760 -0.5508
vn -0.8021 -0.3767 -0.4634
vn -0.8135 -0.4584 -0.3579
vn -0.8214 -0.5182 -0.2384
vn -0.8252 -0.5643 0.0245
vn -0.8213 -0.5483 0.1576
vn -0.8135 -0.5072 0.2847
vn -0.8020 -0.4424 0.4014
vn -0.7513 -0.1339 0.6462
vn -0.7314 -0.0064 0.6819
vn 0.7679 0.6400 -0.0253
vn 0.7339 0.6787 -0.0255
vn 0.7340 0.6671 0.1275
vn 0.7679 0.6290 0.1213
vn 0.6653 -0.0851 0.7417
vn 0.6427 -0.2300 0.7308
vn 0.5808 -0.5257 -0.6216
vn 0.5996 -0.3990 -0.6938
vn 0.7635 0.5898 0.2630
vn 0.5650 -0.6360 -0.5257
vn 0.5526 -0.7257 -0.4099
vn 0.5439 -0.7915 -0.2787
vn 0.7634 0.6228 -0.1711
vn 0.5397 -0.8307 -0.1370
vn 0.7548 0.5776 -0.3108
vn 0.5396 -0.8418 0.0095
vn 0.7422 0.5065 -0.4388
vn 0.5441 -0.8245 0.1554
vn 0.7264 0.4119 -0.5502
vn 0.5526 -0.7795 0.2950
vn 0.7077 0.2976 -0.6408
vn 0.5653 -0.7082 0.4229
vn 0.6867 0.1681 -0.7072
vn 0.6872 0.0592 0.7241
vn 0.5812 -0.6136 0.5344
vn 0.6648 0.0281 -0.7465
vn 0.7081 0.1972 0.6780
vn 0.5998 -0.4994 0.6252
vn 0.6423 -0.1167 -0.7575
vn 0.7267 0.3239 0.6058
vn 0.6208 -0.3698 0.6912
vn 0.6203 -0.2609 -0.7397
vn 0.5091 -0.7472 -0.4272
vn -0.7760 -0.5019 -0.3819
vn 0.5221 -0.6535 -0.5480
vn 0.5002 -0.8158 -0.2901
vn 0.7294 0.6606 -0.1778
vn 0.4956 -0.8568 -0.1423
vn 0.7203 0.6135 -0.3236
vn 0.4957 -0.8684 0.0107
vn 0.7072 0.5392 -0.4573
vn 0.5003 -0.8504 0.1630
vn 0.6906 0.4405 -0.5736
vn 0.5093 -0.8032 0.3088
vn 0.6710 0.3212 -0.6682
vn 0.5224 -0.7289 0.4425
vn 0.6494 0.1860 -0.7374
vn 0.6498 0.0722 0.7566
vn 0.6268 -0.0784 0.7752
vn 0.5391 -0.6302 0.5588
vn 0.6263 0.0399 -0.7785
vn 0.6715 0.2164 0.7087
vn 0.5586 -0.5109 0.6534
vn 0.6029 -0.1114 -0.7900
vn 0.6910 0.3486 0.6333
vn 0.5803 -0.3756 0.7226
vn 0.5798 -0.2619 -0.7715
vn 0.7075 0.4638 0.5332
vn 0.6033 -0.2296 0.7637
vn 0.5582 -0.4061 -0.7235
vn 0.7205 0.5575 0.4124
vn 0.5387 -0.5384 -0.6481
vn 0.7295 0.6261 0.2754
vn -0.5796 0.7632 -0.2859
vn -0.7303 -0.1849 -0.6577
vn -0.5670 0.8128 0.1336
vn -0.5711 0.8070 -0.1503
vn -0.7886 -0.6036 -0.1173
vn -0.7885 -0.6146 0.0250
vn -0.6073 0.6022 -0.5182
vn -0.7634 -0.4850 0.4265
vn -0.6449 0.2599 0.7187
vn -0.6664 0.1199 0.7359
vn -0.7480 -0.3933 0.5346
vn -0.6668 0.2298 -0.7089
vn -0.6067 0.5170 0.6038
vn -0.6884 -0.0207 0.7250
vn 0.4315 0.8556 -0.2860
vn 0.1932 0.8288 -0.5251
vn 0.2296 0.5910 -0.7733
vn 0.5149 0.7083 -0.4828
vn 0.6807 -0.3271 -0.6555
vn 0.3405 -0.2079 -0.9170
vn 0.2972 -0.2846 -0.9114
vn 0.6200 -0.4403 -0.6494
vn 0.4314 -0.6872 0.5845
vn 0.1710 -0.4686 0.8667
vn 0.2608 -0.3425 0.9026
vn 0.5514 -0.5427 0.6336
vn 0.6222 0.5516 0.5555
vn 0.3101 0.4347 0.8455
vn 0.2527 0.6228 0.7404
vn 0.5290 0.7277 0.4366
vn 0.7429 0.0769 -0.6649
vn 0.3808 0.0537 -0.9231
vn 0.3872 -0.0173 -0.9218
vn 0.7499 -0.0315 -0.6608
vn 0.1522 -0.9579 -0.2435
vn -0.0686 -0.8717 -0.4853
vn -0.1109 -0.9936 0.0226
vn 0.1041 -0.9944 0.0193
vn 0.7698 -0.0041 0.6383
vn 0.4152 0.0212 0.9095
vn 0.4088 0.0923 0.9080
vn 0.7629 0.1044 0.6381
vn 0.2838 0.3985 -0.8722
vn 0.6046 0.5273 -0.5970
vn 0.2333 -0.3804 -0.8949
vn 0.5321 -0.5692 -0.6268
vn 0.3251 -0.2461 0.9131
vn 0.6398 -0.4130 0.6481
vn 0.2087 0.8500 0.4836
vn 0.4395 0.8666 0.2364
vn 0.3830 -0.0805 -0.9202
vn 0.7423 -0.1297 -0.6574
vn -0.0532 -0.8504 0.5234
vn 0.1602 -0.9469 0.2789
vn 0.3905 0.1785 0.9031
vn 0.7390 0.2306 0.6331
vn 0.3306 0.2513 -0.9097
vn 0.6742 0.3536 -0.6484
vn 0.1447 -0.5048 -0.8510
vn 0.4138 -0.7114 -0.5680
vn 0.3685 -0.1693 0.9141
vn 0.7006 -0.2996 0.6476
vn 0.1931 0.9809 -0.0236
vn 0.3985 0.9168 -0.0254
vn 0.3680 -0.1421 -0.9189
vn 0.7200 -0.2258 -0.6562
vn 0.0589 -0.6355 0.7699
vn 0.2887 -0.8323 0.4731
vn 0.3580 0.2892 0.8878
vn 0.6935 0.3801 0.6120
vn 0.3626 0.1401 -0.9214
vn 0.7191 0.2033 -0.6645
vn 0.0358 -0.6673 -0.7439
vn 0.2747 -0.8517 -0.4463
vn 0.3960 -0.1035 0.9124
vn 0.7399 -0.1984 0.6429
vn 0.7621 -0.1024 0.6393
vn 0.4110 -0.0420 0.9106
vn -0.0032 0.0569 -0.9984
vn -0.0095 0.0164 -0.9998
vn 0.0210 0.0585 0.9981
vn 0.0272 0.0989 0.9947
vn -0.0137 -0.1659 0.9860
vn -0.0041 -0.1044 0.9945
vn 0.0345 0.1462 0.9887
vn 0.0032 -0.0569 0.9984
vn -0.0210 -0.0585 -0.9981
vn 0.0437 0.2073 0.9773
vn 0.0095 -0.0164 0.9998
vn -0.0272 -0.0989 -0.9947
vn 0.0572 0.2960 0.9535
vn -0.0345 -0.1462 -0.9887
vn 0.0797 0.4472 0.8909
vn -0.0437 -0.2073 -0.9773
vn 0.1220 0.7391 0.6625
vn -0.0572 -0.2960 -0.9535
vn 0.1522 0.9881 -0.0232
vn -0.0797 -0.4472 -0.8909
vn 0.1012 0.7104 -0.6964
vn -0.1220 -0.7391 -0.6625
vn 0.0522 0.4093 -0.9109
vn -0.1522 -0.9881 0.0231
vn 0.0278 0.2556 -0.9664
vn -0.1012 -0.7105 0.6964
vn 0.0137 0.1659 -0.9860
vn -0.0522 -0.4092 0.9109
vn 0.0041 0.1045 -0.9945
vn -0.0278 -0.2556 0.9664
vn 0.2656 0.1717 0.9487
vn 0.2823 0.3520 0.8924
vn 0.2084 -0.2000 0.9574
vn 0.2407 -0.0143 0.9705
vn -0.0435 -0.9835 -0.1758
vn -0.0499 -0.9985 0.0218
vn 0.2547 0.3139 -0.9147
vn 0.2364 0.1314 -0.9627
vn 0.2818 0.7971 0.5340
vn 0.2701 0.8921 0.3621
vn 0.0328 -0.8197 0.5719
vn 0.0792 -0.6951 0.7145
vn 0.1420 -0.4175 -0.8975
vn 0.1009 -0.5809 -0.8077
vn 0.2530 0.9419 -0.2209
vn 0.2583 0.8759 -0.4074
vn -0.0198 -0.9307 -0.3651
vn 0.2653 0.4861 -0.8327
vn 0.2896 0.6711 0.6825
vn -0.0081 -0.9145 0.4044
vn 0.1791 -0.2403 -0.9540
vn 0.2528 0.9672 -0.0243
vn 0.1697 -0.3794 0.9095
vn 0.0159 -0.8431 -0.5376
vn 0.2682 0.6415 -0.7187
vn 0.2903 0.5205 0.8030
vn -0.0374 -0.9752 0.2183
vn 0.2109 -0.0553 -0.9759
vn 0.2590 0.9502 0.1732
vn 0.1260 -0.5464 0.8280
vn 0.0578 -0.7247 -0.6867
vn 0.2649 0.7738 -0.5755
vn 0.6009 -0.2263 0.7666
vn 0.6310 -0.0791 0.7718
vn 0.5560 -0.3725 0.7430
vn 0.4955 -0.5172 0.6978
vn 0.4203 -0.6572 0.6257
vn 0.3351 -0.7851 0.5209
vn 0.2515 -0.8899 0.3806
vn 0.1878 -0.9597 0.2089
vn 0.1621 -0.9866 0.0183
vn 0.1820 -0.9678 -0.1740
vn 0.2403 -0.9053 -0.3503
vn 0.3195 -0.8066 -0.4973
vn 0.4014 -0.6832 -0.6100
vn 0.4743 -0.5464 -0.6902
vn 0.5333 -0.4038 -0.7433
vn 0.5774 -0.2588 -0.7744
vn 0.6072 -0.1119 -0.7867
vn 0.6230 0.0375 -0.7813
vn 0.6248 0.1903 -0.7573
vn 0.6118 0.3464 -0.7111
vn 0.5840 0.5022 -0.6377
vn 0.5437 0.6496 -0.5314
vn 0.4989 0.7741 -0.3896
vn 0.4633 0.8593 -0.2168
vn 0.4514 0.8920 -0.0257
vn 0.4692 0.8673 0.1661
vn 0.5101 0.7895 0.3413
vn 0.5593 0.6710 0.4868
vn 0.6029 0.5283 0.5979
vn 0.6331 0.3756 0.6769
vn 0.6475 0.2217 0.7291
vn 0.6466 0.0699 0.7597
vt 0.914723 0.545841
vt 0.895889 0.545841
vt 0.895889 0.516756
vt 0.914723 0.516756
vt 0.895151 0.582266
vt 0.895151 0.580979
vt 0.895889 0.580979
vt 0.895889 0.582266
vt 0.877517 0.651981
vt 0.877499 0.457107
vt 0.878864 0.457079
vt 0.878881 0.652003
vt 0.894580 0.415573
vt 0.895151 0.422314
vt 0.895151 0.516756
vt 0.894594 0.856680
vt 0.895151 0.886425
vt 0.894594 0.980871
vt 0.853312 0.439515
vt 0.848306 0.435372
vt 0.847965 0.433494
vt 0.850273 0.434646
vt 0.855417 0.443508
vt 0.854023 0.436690
vt 0.857232 0.440234
vt 0.847123 0.435277
vt 0.853347 0.436299
vt 0.855670 0.435494
vt 0.857554 0.436982
vt 0.854579 0.436698
vt 0.864220 0.441457
vt 0.863274 0.442186
vt 0.860031 0.440931
vt 0.862205 0.440214
vt 0.845875 0.433988
vt 0.843949 0.433144
vt 0.843816 0.432816
vt 0.851426 0.434119
vt 0.846966 0.434084
vt 0.853153 0.435216
vt 0.854293 0.435585
vt 0.855426 0.435133
vt 0.853758 0.435520
vt 0.858964 0.436853
vt 0.859554 0.438146
vt 0.861084 0.438930
vt 0.864681 0.441589
vt 0.851675 0.454567
vt 0.860164 0.444416
vt 0.459754 0.444662
vt 0.461634 0.444001
vt 0.462935 0.445668
vt 0.459903 0.446223
vt 0.465580 0.446261
vt 0.459501 0.448935
vt 0.459067 0.447958
vt 0.463641 0.440636
vt 0.465871 0.441522
vt 0.462854 0.442186
vt 0.461909 0.441457
vt 0.477783 0.434867
vt 0.478972 0.435277
vt 0.476181 0.438657
vt 0.475102 0.436986
vt 0.470506 0.439413
vt 0.471836 0.435585
vt 0.473594 0.434754
vt 0.473550 0.437269
vt 0.476575 0.434398
vt 0.478164 0.433494
vt 0.482116 0.433144
vt 0.482198 0.434204
vt 0.470080 0.443508
vt 0.480254 0.433988
vt 0.460611 0.443884
vt 0.459508 0.444474
vt 0.461738 0.442207
vt 0.465045 0.438930
vt 0.464038 0.439023
vt 0.466575 0.438146
vt 0.467165 0.436853
vt 0.469631 0.436469
vt 0.470703 0.435133
vt 0.475330 0.434623
vt 0.478930 0.433787
vt 0.478705 0.433139
vt 0.866287 0.664470
vt 0.865926 0.665411
vt 0.862831 0.666217
vt 0.863284 0.665004
vt 0.864560 0.667644
vt 0.859716 0.667504
vt 0.865573 0.666813
vt 0.859615 0.672546
vt 0.858238 0.671166
vt 0.861264 0.670660
vt 0.861713 0.671708
vt 0.857073 0.673867
vt 0.856440 0.670237
vt 0.858153 0.673709
vt 0.849074 0.676727
vt 0.850160 0.674697
vt 0.852704 0.675041
vt 0.851473 0.676583
vt 0.847001 0.676705
vt 0.849172 0.673862
vt 0.847914 0.676910
vt 0.842452 0.683961
vt 0.841097 0.683998
vt 0.861554 0.662346
vt 0.866934 0.660799
vt 0.866822 0.655834
vt 0.868371 0.657833
vt 0.867116 0.662735
vt 0.867868 0.663082
vt 0.863039 0.669712
vt 0.862109 0.669284
vt 0.864589 0.668858
vt 0.862143 0.670937
vt 0.862132 0.671682
vt 0.854354 0.675108
vt 0.854664 0.673982
vt 0.855716 0.675208
vt 0.852590 0.675943
vt 0.851644 0.676811
vt 0.472403 0.671194
vt 0.477042 0.675308
vt 0.477712 0.677208
vt 0.475692 0.676045
vt 0.465957 0.669743
vt 0.462777 0.668499
vt 0.465669 0.666294
vt 0.468267 0.669483
vt 0.466105 0.672149
vt 0.464988 0.671768
vt 0.468658 0.672761
vt 0.467006 0.673507
vt 0.477916 0.675402
vt 0.484024 0.683982
vt 0.478271 0.676609
vt 0.469830 0.667483
vt 0.460641 0.666314
vt 0.461693 0.665312
vt 0.462359 0.667118
vt 0.460879 0.663076
vt 0.461718 0.656154
vt 0.470934 0.675417
vt 0.470289 0.673969
vt 0.472404 0.673151
vt 0.472912 0.675477
vt 0.461861 0.669245
vt 0.463860 0.670479
vt 0.453324 0.894867
vt 0.453327 0.889185
vt 0.462059 0.889185
vt 0.462052 0.894867
vt 0.459557 0.663475
vt 0.474897 0.676289
vt 0.470028 0.674708
vt 0.470661 0.675573
vt 0.468512 0.673711
vt 0.461682 0.668490
vt 0.461405 0.669116
vt 0.460173 0.664982
vt 0.459706 0.666040
vt 0.461145 0.667215
vt 0.459930 0.666467
vt 0.895151 0.579012
vt 0.895151 0.576563
vt 0.895889 0.576563
vt 0.895889 0.579012
vt 0.459342 0.662353
vt 0.458589 0.662958
vt 0.458706 0.663429
vt 0.459816 0.654310
vt 0.459113 0.658634
vt 0.458151 0.657470
vt 0.458173 0.658623
vt 0.895889 0.583673
vt 0.895151 0.583673
vt 0.914723 0.576563
vt 0.895889 0.576037
vt 0.914723 0.576037
vt 0.895151 0.576037
vt 0.894593 0.580979
vt 0.894593 0.579012
vt 0.914723 0.582266
vt 0.914723 0.583673
vt 0.894593 0.582266
vt 0.894593 0.576563
vt 0.914723 0.574933
vt 0.895889 0.574933
vt 0.895889 0.573405
vt 0.914723 0.573405
vt 0.914723 0.579012
vt 0.914723 0.580979
vt 0.894593 0.576037
vt 0.895151 0.571486
vt 0.895151 0.569867
vt 0.895889 0.569867
vt 0.895889 0.571486
vt 0.894593 0.574933
vt 0.895151 0.574933
vt 0.895151 0.573405
vt 0.895151 0.566581
vt 0.895151 0.564728
vt 0.895889 0.564728
vt 0.895889 0.566581
vt 0.914723 0.571486
vt 0.894593 0.573405
vt 0.894593 0.571486
vt 0.894593 0.569867
vt 0.895151 0.568866
vt 0.895889 0.568866
vt 0.914723 0.569867
vt 0.914723 0.564728
vt 0.895889 0.564251
vt 0.914723 0.564251
vt 0.894593 0.568866
vt 0.914723 0.559124
vt 0.895889 0.559124
vt 0.895889 0.558139
vt 0.914723 0.558139
vt 0.894593 0.566581
vt 0.914723 0.563361
vt 0.895889 0.563361
vt 0.895889 0.562088
vt 0.914723 0.562088
vt 0.895151 0.564251
vt 0.914723 0.568866
vt 0.914723 0.566581
vt 0.894593 0.564728
vt 0.895151 0.560418
vt 0.895151 0.559124
vt 0.895889 0.560418
vt 0.894593 0.564251
vt 0.894593 0.563361
vt 0.895151 0.563361
vt 0.895151 0.562088
vt 0.895151 0.556242
vt 0.895151 0.555456
vt 0.895889 0.555456
vt 0.895889 0.556242
vt 0.914723 0.560418
vt 0.894593 0.562088
vt 0.894593 0.560418
vt 0.894593 0.559124
vt 0.895151 0.558139
vt 0.914723 0.555456
vt 0.895889 0.553322
vt 0.914723 0.553322
vt 0.894593 0.558139
vt 0.894593 0.556242
vt 0.914723 0.550821
vt 0.895889 0.550821
vt 0.895889 0.547975
vt 0.914723 0.547975
vt 0.895151 0.553322
vt 0.914723 0.556242
vt 0.895151 0.552303
vt 0.895151 0.550821
vt 0.895889 0.552303
vt 0.894593 0.555456
vt 0.895151 0.547975
vt 0.894593 0.553322
vt 0.894593 0.552303
vt 0.943092 0.466031
vt 0.943092 0.464709
vt 0.943958 0.464709
vt 0.943958 0.466031
vt 0.914723 0.552303
vt 0.943958 0.463546
vt 0.966052 0.463546
vt 0.966052 0.464709
vt 0.894593 0.550821
vt 0.942438 0.466031
vt 0.942438 0.464709
vt 0.894593 0.547975
vt 0.943092 0.468442
vt 0.943958 0.468442
vt 0.943958 0.517315
vt 0.943092 0.517315
vt 0.943092 0.462912
vt 0.943092 0.461835
vt 0.943958 0.461835
vt 0.943958 0.462912
vt 0.966052 0.466031
vt 0.966052 0.467365
vt 0.943958 0.467365
vt 0.943092 0.463546
vt 0.966052 0.462912
vt 0.894594 0.817656
vt 0.895151 0.817656
vt 0.895151 0.818017
vt 0.894594 0.818017
vt 0.942438 0.463546
vt 0.942438 0.462912
vt 0.943958 0.456768
vt 0.943958 0.455337
vt 0.966052 0.455337
vt 0.966052 0.456768
vt 0.943092 0.460807
vt 0.943958 0.460807
vt 0.966052 0.453759
vt 0.943958 0.453759
vt 0.943958 0.451389
vt 0.966052 0.451389
vt 0.966052 0.461835
vt 0.942438 0.460807
vt 0.942438 0.458373
vt 0.943092 0.458373
vt 0.942438 0.461835
vt 0.966052 0.460807
vt 0.943092 0.456768
vt 0.943958 0.458373
vt 0.943092 0.455337
vt 0.942438 0.441849
vt 0.942438 0.440881
vt 0.943092 0.440881
vt 0.943092 0.441849
vt 0.943092 0.453759
vt 0.966052 0.458373
vt 0.942438 0.456768
vt 0.942438 0.453759
vt 0.942438 0.455337
vt 0.943092 0.451389
vt 0.943958 0.448600
vt 0.943958 0.447667
vt 0.966052 0.447667
vt 0.966052 0.448600
vt 0.943092 0.449959
vt 0.943092 0.448600
vt 0.943958 0.449959
vt 0.942438 0.449959
vt 0.942438 0.451389
vt 0.943092 0.447667
vt 0.943958 0.445969
vt 0.943958 0.444603
vt 0.966052 0.444603
vt 0.966052 0.445969
vt 0.943092 0.445969
vt 0.943092 0.444603
vt 0.942438 0.448600
vt 0.942438 0.447667
vt 0.966052 0.449959
vt 0.942438 0.445969
vt 0.943958 0.441849
vt 0.943958 0.440881
vt 0.966052 0.440881
vt 0.966052 0.441849
vt 0.943092 0.443430
vt 0.943958 0.443430
vt 0.942438 0.444603
vt 0.942438 0.443430
vt 0.943958 0.440446
vt 0.966052 0.440446
vt 0.943092 0.440446
vt 0.943092 0.438960
vt 0.943958 0.438960
vt 0.966052 0.443430
vt 0.942438 0.440446
vt 0.943958 0.735243
vt 0.943958 0.733320
vt 0.966052 0.733320
vt 0.966052 0.735243
vt 0.943958 0.433965
vt 0.943958 0.429992
vt 0.966052 0.429992
vt 0.966052 0.433965
vt 0.942438 0.438960
vt 0.942438 0.437106
vt 0.943092 0.437106
vt 0.966052 0.438960
vt 0.943092 0.436156
vt 0.943958 0.436156
vt 0.943958 0.437106
vt 0.943958 0.741634
vt 0.943092 0.741634
vt 0.943092 0.735243
vt 0.966052 0.437106
vt 0.943092 0.433965
vt 0.942438 0.436156
vt 0.942438 0.433965
vt 0.894594 0.819424
vt 0.895151 0.819424
vt 0.895151 0.820312
vt 0.894594 0.820312
vt 0.843378 0.426876
vt 0.843566 0.426065
vt 0.845021 0.426178
vt 0.844795 0.426986
vt 0.966052 0.436156
vt 0.895889 0.422314
vt 0.942438 0.696785
vt 0.943092 0.696785
vt 0.943092 0.697245
vt 0.942438 0.697245
vt 0.894593 0.584823
vt 0.895151 0.584823
vt 0.895151 0.764135
vt 0.894594 0.764135
vt 0.942438 0.735243
vt 0.942438 0.733320
vt 0.943092 0.733320
vt 0.845208 0.425515
vt 0.848521 0.425876
vt 0.848260 0.426529
vt 0.843722 0.425399
vt 0.841916 0.425957
vt 0.842029 0.425289
vt 0.856167 0.429183
vt 0.856810 0.428462
vt 0.857549 0.428707
vt 0.856878 0.429419
vt 0.841780 0.426771
vt 0.850263 0.427697
vt 0.850666 0.426915
vt 0.853015 0.427408
vt 0.852521 0.428170
vt 0.943092 0.704167
vt 0.943092 0.706006
vt 0.942438 0.706006
vt 0.942438 0.704167
vt 0.943092 0.709213
vt 0.943092 0.710629
vt 0.942438 0.710629
vt 0.942438 0.709213
vt 0.943092 0.699417
vt 0.942438 0.699417
vt 0.847941 0.427325
vt 0.850997 0.426274
vt 0.853421 0.426782
vt 0.943092 0.700320
vt 0.943092 0.702277
vt 0.942438 0.702277
vt 0.942438 0.700320
vt 0.859647 0.430471
vt 0.860426 0.429800
vt 0.863160 0.431064
vt 0.862283 0.431690
vt 0.855450 0.428958
vt 0.856568 0.427629
vt 0.856064 0.428228
vt 0.857338 0.427870
vt 0.858100 0.428123
vt 0.859719 0.429510
vt 0.858966 0.430192
vt 0.860337 0.428950
vt 0.942438 0.713202
vt 0.943092 0.713202
vt 0.943092 0.714654
vt 0.942438 0.714654
vt 0.942438 0.708737
vt 0.943092 0.708737
vt 0.865941 0.433815
vt 0.866949 0.433264
vt 0.868684 0.434491
vt 0.867619 0.435002
vt 0.943092 0.707995
vt 0.942438 0.707995
vt 0.861065 0.429249
vt 0.863881 0.430551
vt 0.865105 0.432120
vt 0.864160 0.432709
vt 0.943092 0.711174
vt 0.942438 0.711174
vt 0.865882 0.431637
vt 0.942438 0.716070
vt 0.943092 0.716070
vt 0.943092 0.717481
vt 0.942438 0.717481
vt 0.867777 0.432812
vt 0.869559 0.434073
vt 0.870163 0.437148
vt 0.871312 0.436707
vt 0.873158 0.438618
vt 0.871952 0.439001
vt 0.942438 0.721360
vt 0.943092 0.721360
vt 0.943092 0.721840
vt 0.942438 0.721840
vt 0.872255 0.436346
vt 0.874147 0.438305
vt 0.873582 0.439114
vt 0.874582 0.438812
vt 0.943092 0.722696
vt 0.943092 0.723861
vt 0.942438 0.723861
vt 0.942438 0.722696
vt 0.875462 0.441682
vt 0.876508 0.441442
vt 0.877745 0.443642
vt 0.876671 0.443832
vt 0.943092 0.719592
vt 0.942438 0.719592
vt 0.872363 0.439481
vt 0.873140 0.440461
vt 0.874382 0.440123
vt 0.874189 0.441975
vt 0.864920 0.443478
vt 0.864391 0.442207
vt 0.875401 0.439846
vt 0.877127 0.449665
vt 0.878483 0.449574
vt 0.878649 0.451052
vt 0.877289 0.451121
vt 0.876070 0.445678
vt 0.877398 0.445491
vt 0.877795 0.446617
vt 0.876457 0.446774
vt 0.942438 0.726681
vt 0.943092 0.726681
vt 0.943092 0.727662
vt 0.942438 0.727662
vt 0.943092 0.730525
vt 0.942438 0.730525
vt 0.865889 0.445709
vt 0.875363 0.444064
vt 0.866375 0.444662
vt 0.878488 0.445338
vt 0.878894 0.446488
vt 0.943092 0.725422
vt 0.942438 0.725422
vt 0.845882 0.683676
vt 0.846020 0.684482
vt 0.843932 0.684667
vt 0.843935 0.683856
vt 0.866772 0.446768
vt 0.879596 0.449499
vt 0.879765 0.450996
vt 0.878807 0.454042
vt 0.877443 0.454084
vt 0.879925 0.454008
vt 0.894593 0.583673
vt 0.852521 0.682562
vt 0.853016 0.683324
vt 0.849115 0.684086
vt 0.848794 0.683294
vt 0.943092 0.729515
vt 0.942438 0.729515
vt 0.866874 0.449831
vt 0.846133 0.685144
vt 0.843930 0.685333
vt 0.856878 0.681313
vt 0.857549 0.682024
vt 0.855311 0.682726
vt 0.854726 0.681988
vt 0.842280 0.685443
vt 0.842358 0.684775
vt 0.853421 0.683950
vt 0.849378 0.684736
vt 0.853262 0.682382
vt 0.853787 0.683136
vt 0.854218 0.683756
vt 0.861638 0.679362
vt 0.862491 0.679999
vt 0.860426 0.680932
vt 0.859647 0.680261
vt 0.868154 0.675317
vt 0.869237 0.675814
vt 0.866949 0.677467
vt 0.865941 0.676917
vt 0.858100 0.682609
vt 0.855791 0.683332
vt 0.862919 0.678712
vt 0.863819 0.679326
vt 0.863192 0.680523
vt 0.861065 0.681483
vt 0.864559 0.679829
vt 0.871086 0.672672
vt 0.872265 0.673083
vt 0.870814 0.674484
vt 0.869681 0.674029
vt 0.870126 0.676221
vt 0.867777 0.677919
vt 0.868676 0.674896
vt 0.869776 0.675379
vt 0.870680 0.675775
vt 0.873855 0.669267
vt 0.875118 0.669575
vt 0.873990 0.671116
vt 0.872759 0.670764
vt 0.876272 0.664508
vt 0.877605 0.664680
vt 0.877173 0.665797
vt 0.875851 0.665596
vt 0.873232 0.673421
vt 0.871745 0.674857
vt 0.874507 0.668242
vt 0.875790 0.668519
vt 0.876156 0.669828
vt 0.875000 0.671406
vt 0.876843 0.668747
vt 0.877289 0.659570
vt 0.878649 0.659639
vt 0.878379 0.661795
vt 0.877025 0.661692
vt 0.876775 0.662846
vt 0.878700 0.664821
vt 0.878258 0.665963
vt 0.878122 0.662975
vt 0.879228 0.663082
vt 0.480565 0.427055
vt 0.480318 0.426249
vt 0.482563 0.426065
vt 0.482752 0.426876
vt 0.878807 0.656520
vt 0.879925 0.656554
vt 0.879765 0.659695
vt 0.879490 0.661880
vt 0.877443 0.656479
vt 0.482408 0.425399
vt 0.484495 0.425266
vt 0.484593 0.425935
vt 0.478685 0.426424
vt 0.478445 0.425768
vt 0.480115 0.425588
vt 0.560864 0.684836
vt 0.484142 0.684797
vt 0.476633 0.427562
vt 0.476259 0.426775
vt 0.477870 0.426529
vt 0.478188 0.427325
vt 0.478978 0.427224
vt 0.475952 0.426129
vt 0.477608 0.425876
vt 0.471403 0.428744
vt 0.475107 0.427843
vt 0.484713 0.426750
vt 0.474674 0.427068
vt 0.474318 0.426431
vt 0.461969 0.432709
vt 0.461024 0.432120
vt 0.464317 0.430411
vt 0.465146 0.431060
vt 0.469251 0.429419
vt 0.468580 0.428707
vt 0.470818 0.428006
vt 0.467163 0.430192
vt 0.466410 0.429510
vt 0.465792 0.428950
vt 0.468029 0.428123
vt 0.470338 0.427399
vt 0.458510 0.435002
vt 0.457445 0.434491
vt 0.459180 0.433264
vt 0.460188 0.433815
vt 0.460248 0.431637
vt 0.463636 0.429878
vt 0.454177 0.439001
vt 0.452971 0.438618
vt 0.454333 0.437174
vt 0.455497 0.437600
vt 0.457453 0.435836
vt 0.456570 0.434073
vt 0.458352 0.432812
vt 0.456353 0.435353
vt 0.455449 0.434957
vt 0.451622 0.442490
vt 0.450339 0.442212
vt 0.451747 0.440123
vt 0.452989 0.440461
vt 0.451982 0.438305
vt 0.453378 0.436825
vt 0.449286 0.441984
vt 0.450728 0.439846
vt 0.451035 0.443535
vt 0.449735 0.443288
vt 0.449857 0.446224
vt 0.448524 0.446052
vt 0.449458 0.443832
vt 0.450766 0.444064
vt 0.448668 0.443085
vt 0.449104 0.449037
vt 0.447429 0.445911
vt 0.448385 0.443642
vt 0.482168 0.683856
vt 0.482180 0.684667
vt 0.480832 0.684554
vt 0.480914 0.683746
vt 0.448915 0.450354
vt 0.447556 0.450274
vt 0.447750 0.448934
vt 0.448727 0.452967
vt 0.447364 0.452917
vt 0.446441 0.450209
vt 0.446639 0.448849
vt 0.446246 0.452877
vt 0.480765 0.685217
vt 0.477564 0.684856
vt 0.477792 0.684202
vt 0.482190 0.685333
vt 0.483751 0.684775
vt 0.483838 0.685443
vt 0.470679 0.681774
vt 0.470065 0.682504
vt 0.467126 0.681500
vt 0.467852 0.680808
vt 0.483646 0.683961
vt 0.475844 0.683035
vt 0.475449 0.683817
vt 0.473889 0.683500
vt 0.474352 0.682731
vt 0.894594 0.824094
vt 0.895151 0.824094
vt 0.895151 0.825130
vt 0.894594 0.825130
vt 0.894594 0.829562
vt 0.895151 0.829562
vt 0.895151 0.830064
vt 0.894594 0.830064
vt 0.478070 0.683406
vt 0.475124 0.684458
vt 0.473509 0.684131
vt 0.895151 0.822223
vt 0.894594 0.822223
vt 0.469561 0.683103
vt 0.466530 0.682068
vt 0.466410 0.681222
vt 0.465792 0.681781
vt 0.895151 0.831125
vt 0.895151 0.832594
vt 0.894594 0.832594
vt 0.894594 0.831125
vt 0.462969 0.679668
vt 0.462248 0.680181
vt 0.459604 0.678713
vt 0.460398 0.678240
vt 0.895151 0.827631
vt 0.894594 0.827631
vt 0.467163 0.680540
vt 0.465810 0.679972
vt 0.465006 0.680632
vt 0.463846 0.679042
vt 0.464345 0.681174
vt 0.455966 0.673584
vt 0.454817 0.674024
vt 0.452971 0.672113
vt 0.454177 0.671731
vt 0.459617 0.676530
vt 0.458589 0.677067
vt 0.457445 0.676240
vt 0.458510 0.675730
vt 0.894594 0.836001
vt 0.895151 0.836001
vt 0.895151 0.837001
vt 0.894594 0.837001
vt 0.894594 0.841030
vt 0.895151 0.841030
vt 0.895151 0.841522
vt 0.894594 0.841522
vt 0.461365 0.677663
vt 0.457745 0.677508
vt 0.456570 0.676659
vt 0.895151 0.834499
vt 0.894594 0.834499
vt 0.894594 0.849709
vt 0.895151 0.849709
vt 0.895151 0.852101
vt 0.894594 0.852101
vt 0.453874 0.674386
vt 0.451982 0.672427
vt 0.452548 0.671618
vt 0.451548 0.671920
vt 0.894594 0.843573
vt 0.895151 0.843573
vt 0.895151 0.844520
vt 0.894594 0.844520
vt 0.452989 0.670271
vt 0.451747 0.670609
vt 0.450667 0.669050
vt 0.451940 0.668757
vt 0.895151 0.839219
vt 0.894594 0.839219
vt 0.453766 0.671251
vt 0.450029 0.667984
vt 0.451320 0.667722
vt 0.450728 0.670886
vt 0.449621 0.669290
vt 0.448969 0.668199
vt 0.450059 0.665054
vt 0.448731 0.665240
vt 0.448162 0.663547
vt 0.449505 0.663404
vt 0.894594 0.846508
vt 0.895151 0.846508
vt 0.895151 0.848035
vt 0.894594 0.848035
vt 0.895151 0.842386
vt 0.894594 0.842386
vt 0.450766 0.666667
vt 0.449458 0.666899
vt 0.449002 0.661057
vt 0.447646 0.661149
vt 0.447364 0.657701
vt 0.448727 0.657651
vt 0.448385 0.667090
vt 0.447641 0.665393
vt 0.447059 0.663664
vt 0.895151 0.845273
vt 0.894594 0.845273
vt 0.449221 0.662281
vt 0.447870 0.662397
vt 0.446762 0.662493
vt 0.446533 0.661223
vt 0.446246 0.657742
vt 0.894594 0.848762
vt 0.895151 0.848762
vt 0.879984 0.457057
vt 0.895889 0.848762
vt 0.895889 0.849709
vt 0.447290 0.655175
vt 0.446171 0.655203
vt 0.448654 0.655141
vt 0.841472 0.425935
vt 0.841570 0.425266
vt 0.841352 0.426748
vt 0.485788 0.426723
vt 0.485701 0.425907
vt 0.840988 0.684813
vt 0.894593 0.545841
vt 0.895151 0.545841
vt 0.841352 0.426750
vt 0.880001 0.652021
vt 0.895889 0.886425
vt 0.895889 0.980871
vt 0.895151 0.980871
vt 0.840898 0.685483
vt 0.565754 0.685507
vt 0.565754 0.684836
vt 0.943958 0.520431
vt 0.943958 0.696785
vt 0.943092 0.520431
vt 0.448594 0.467189
vt 0.447229 0.467176
vt 0.447248 0.459455
vt 0.448613 0.459477
vt 0.942438 0.429992
vt 0.943092 0.429992
vt 0.460237 0.463330
vt 0.446109 0.467165
vt 0.446128 0.459437
vt 0.942438 0.425064
vt 0.943092 0.425064
vt 0.942438 0.468442
vt 0.459367 0.455689
vt 0.485630 0.425237
vt 0.932736 0.767308
vt 0.933293 0.767308
vt 0.933293 0.817656
vt 0.932736 0.817656
vt 0.942438 0.467365
vt 0.943092 0.467365
vt 0.560864 0.685507
vt 0.484238 0.685466
vt 0.446116 0.650203
vt 0.447236 0.650188
vt 0.895151 0.856680
vt 0.448601 0.650171
vt 0.894594 0.853638
vt 0.895151 0.853638
vt 0.895889 0.852101
vt 0.895889 0.845273
vt 0.895889 0.846508
vt 0.914723 0.846508
vt 0.914723 0.845273
vt 0.914723 0.422314
vt 0.895889 0.856680
vt 0.895889 0.842386
vt 0.895889 0.843573
vt 0.914723 0.848762
vt 0.895889 0.848035
vt 0.914723 0.848035
vt 0.914723 0.843573
vt 0.914723 0.842386
vt 0.914723 0.853638
vt 0.895889 0.853638
vt 0.914723 0.852101
vt 0.895889 0.839219
vt 0.895889 0.841030
vt 0.895889 0.844520
vt 0.895889 0.841522
vt 0.914723 0.841522
vt 0.914723 0.844520
vt 0.914723 0.839219
vt 0.895889 0.837001
vt 0.914723 0.837001
vt 0.914723 0.841030
vt 0.895889 0.834499
vt 0.895889 0.836001
vt 0.895889 0.831125
vt 0.895889 0.832594
vt 0.914723 0.836001
vt 0.914723 0.834499
vt 0.914723 0.849709
vt 0.895889 0.827631
vt 0.895889 0.829562
vt 0.895889 0.830064
vt 0.914723 0.830064
vt 0.914723 0.831125
vt 0.914723 0.832594
vt 0.914723 0.827631
vt 0.895889 0.825130
vt 0.914723 0.825130
vt 0.914723 0.829562
vt 0.895889 0.822223
vt 0.895889 0.824094
vt 0.895889 0.819424
vt 0.895889 0.820312
vt 0.914723 0.824094
vt 0.914723 0.822223
vt 0.943958 0.729515
vt 0.943958 0.730525
vt 0.966052 0.730525
vt 0.966052 0.729515
vt 0.895889 0.818017
vt 0.914723 0.818017
vt 0.914723 0.819424
vt 0.914723 0.820312
vt 0.966052 0.741634
vt 0.943958 0.725422
vt 0.943958 0.726681
vt 0.943958 0.727662
vt 0.966052 0.727662
vt 0.943958 0.722696
vt 0.943958 0.723861
vt 0.966052 0.726681
vt 0.966052 0.725422
vt 0.943958 0.719592
vt 0.943958 0.721360
vt 0.943958 0.721840
vt 0.966052 0.721840
vt 0.966052 0.722696
vt 0.966052 0.723861
vt 0.966052 0.719592
vt 0.943958 0.717481
vt 0.966052 0.717481
vt 0.966052 0.721360
vt 0.943958 0.716070
vt 0.943958 0.714654
vt 0.966052 0.713202
vt 0.943958 0.713202
vt 0.943958 0.711174
vt 0.966052 0.711174
vt 0.966052 0.714654
vt 0.966052 0.716070
vt 0.943958 0.710629
vt 0.943958 0.707995
vt 0.943958 0.708737
vt 0.966052 0.708737
vt 0.966052 0.709213
vt 0.943958 0.709213
vt 0.943958 0.699417
vt 0.943958 0.700320
vt 0.943958 0.702277
vt 0.943958 0.704167
vt 0.966052 0.704167
vt 0.966052 0.702277
vt 0.966052 0.707995
vt 0.943958 0.706006
vt 0.966052 0.706006
vt 0.966052 0.710629
vt 0.943958 0.697245
vt 0.966052 0.697245
vt 0.966052 0.699417
vt 0.966052 0.700320
vt 0.895889 0.584823
vt 0.895889 0.764135
vt 0.966052 0.468442
vt 0.943958 0.425064
vt 0.966052 0.696785
vt 0.966052 0.520431
vt 0.966052 0.425064
vt 0.895151 0.767308
vt 0.895889 0.767308
vt 0.895889 0.817656
vt 0.914723 0.856680
vt 0.914723 0.886425
vt 0.914723 0.817656
vt 0.914723 0.767308
vt 0.933293 0.764135
vt 0.932736 0.764135
vt 0.987836 0.699417
vt 0.987836 0.700320
vt 0.987182 0.700320
vt 0.987182 0.699417
vt 0.914723 0.764135
vt 0.914723 0.584823
vt 0.966052 0.517315
vt 0.866822 0.655834
vt 0.865892 0.463330
vt 0.868330 0.452703
vt 0.458221 0.451940
vt 0.866724 0.448326
vt 0.915647 0.547975
vt 0.915647 0.545841
vt 0.931997 0.545841
vt 0.931997 0.547975
vt 0.932736 0.582266
vt 0.931997 0.582266
vt 0.931997 0.580979
vt 0.932736 0.580979
vt 0.439923 0.894867
vt 0.438765 0.889185
vt 0.439923 0.889185
vt 0.933293 0.422314
vt 0.933293 0.516756
vt 0.932736 0.516756
vt 0.932736 0.422314
vt 0.466378 0.714174
vt 0.469520 0.709140
vt 0.471906 0.707949
vt 0.471554 0.709891
vt 0.459432 0.715639
vt 0.462326 0.714918
vt 0.459294 0.719241
vt 0.455963 0.721558
vt 0.452462 0.721673
vt 0.453375 0.720578
vt 0.452873 0.719496
vt 0.455661 0.718358
vt 0.464202 0.718302
vt 0.472777 0.709792
vt 0.465643 0.711253
vt 0.466342 0.710849
vt 0.463941 0.710017
vt 0.465068 0.711262
vt 0.461993 0.711555
vt 0.455101 0.716182
vt 0.457184 0.714897
vt 0.456078 0.716936
vt 0.452512 0.723284
vt 0.455830 0.723830
vt 0.452357 0.724840
vt 0.474067 0.708460
vt 0.476196 0.707249
vt 0.476058 0.707588
vt 0.763677 0.722340
vt 0.474745 0.729974
vt 0.468328 0.708596
vt 0.472939 0.708559
vt 0.466542 0.709729
vt 0.464193 0.709644
vt 0.465364 0.710111
vt 0.465917 0.710044
vt 0.459925 0.712759
vt 0.460535 0.711422
vt 0.458342 0.713569
vt 0.454924 0.716958
vt 0.454624 0.716319
vt 0.454377 0.718272
vt 0.462170 0.731988
vt 0.468070 0.729736
vt 0.451856 0.729102
vt 0.450851 0.727809
vt 0.763677 0.709781
vt 0.763677 0.717490
vt 0.453372 0.738796
vt 0.870602 0.737046
vt 0.870668 0.889185
vt 0.861315 0.889185
vt 0.861179 0.729736
vt 0.873266 0.719496
vt 0.873112 0.721109
vt 0.869978 0.720536
vt 0.871323 0.718812
vt 0.873977 0.722903
vt 0.873529 0.723913
vt 0.867243 0.721149
vt 0.874852 0.727020
vt 0.871935 0.729102
vt 0.869248 0.715333
vt 0.871039 0.716182
vt 0.870062 0.716936
vt 0.866942 0.716249
vt 0.854627 0.709369
vt 0.857399 0.711560
vt 0.856283 0.713287
vt 0.853398 0.709792
vt 0.768732 0.729974
vt 0.768732 0.722340
vt 0.862591 0.718302
vt 0.862150 0.714069
vt 0.859003 0.711852
vt 0.858958 0.709252
vt 0.860775 0.710111
vt 0.854233 0.707949
vt 0.855875 0.708884
vt 0.850062 0.708683
vt 0.850147 0.707588
vt 0.852073 0.708460
vt 0.873667 0.730896
vt 0.872381 0.718691
vt 0.873521 0.719301
vt 0.871215 0.716958
vt 0.867797 0.713569
vt 0.868838 0.713666
vt 0.863055 0.711025
vt 0.865605 0.711422
vt 0.866214 0.712759
vt 0.861947 0.709644
vt 0.857163 0.709117
vt 0.853441 0.708252
vt 0.853674 0.707582
vt 0.768732 0.717490
vt 0.768732 0.709781
vt 0.872768 0.738796
vt 0.452964 0.946749
vt 0.456068 0.947301
vt 0.456537 0.948556
vt 0.453337 0.947722
vt 0.454750 0.950030
vt 0.453702 0.949172
vt 0.459757 0.949885
vt 0.459862 0.955099
vt 0.457693 0.954233
vt 0.458157 0.953149
vt 0.461285 0.953671
vt 0.462490 0.956464
vt 0.461374 0.956301
vt 0.463144 0.952711
vt 0.470759 0.959421
vt 0.468279 0.959272
vt 0.467007 0.957678
vt 0.469637 0.957323
vt 0.472902 0.959398
vt 0.471959 0.959610
vt 0.470659 0.956459
vt 0.475096 0.959759
vt 0.474781 0.960623
vt 0.457857 0.944553
vt 0.452410 0.937821
vt 0.457283 0.951726
vt 0.464980 0.956583
vt 0.763677 0.950897
vt 0.763677 0.958038
vt 0.452294 0.942954
vt 0.450809 0.939888
vt 0.451329 0.945314
vt 0.452106 0.944955
vt 0.456321 0.952169
vt 0.454719 0.951285
vt 0.457259 0.954206
vt 0.457248 0.953436
vt 0.465301 0.957747
vt 0.463893 0.957851
vt 0.468103 0.959508
vt 0.467125 0.958611
vt 0.474444 0.942499
vt 0.763677 0.947323
vt 0.463955 0.949864
vt 0.860189 0.953701
vt 0.856789 0.958716
vt 0.854700 0.959919
vt 0.855393 0.957954
vt 0.864466 0.951932
vt 0.862849 0.949864
vt 0.867151 0.948635
vt 0.866854 0.952201
vt 0.875123 0.958664
vt 0.873959 0.959505
vt 0.872119 0.960698
vt 0.864061 0.955321
vt 0.851580 0.960280
vt 0.768732 0.958038
vt 0.768732 0.950897
vt 0.854489 0.958052
vt 0.872349 0.948655
vt 0.870573 0.949486
vt 0.871262 0.947620
vt 0.871237 0.938152
vt 0.872104 0.945308
vt 0.853547 0.942499
vt 0.861324 0.894867
vt 0.861709 0.958067
vt 0.859663 0.958129
vt 0.860188 0.955724
vt 0.862376 0.956570
vt 0.879678 0.954461
vt 0.877799 0.956408
vt 0.870142 0.950915
vt 0.471445 0.454567
vt 0.462332 0.461637
vt 0.873470 0.945720
vt 0.853291 0.959398
vt 0.851424 0.960623
vt 0.854123 0.959299
vt 0.857611 0.958968
vt 0.867436 0.963129
vt 0.866010 0.963728
vt 0.869506 0.962150
vt 0.872833 0.947278
vt 0.873317 0.948372
vt 0.871828 0.949587
vt 0.871274 0.950905
vt 0.873085 0.948813
vt 0.932736 0.579012
vt 0.931997 0.579012
vt 0.931997 0.576563
vt 0.932736 0.576563
vt 0.873693 0.944560
vt 0.874471 0.945186
vt 0.874351 0.945673
vt 0.873203 0.936245
vt 0.874925 0.939512
vt 0.873929 0.940716
vt 0.874902 0.940704
vt 0.872818 0.894867
vt 0.870672 0.894867
vt 0.872815 0.889185
vt 0.932736 0.583673
vt 0.931997 0.583673
vt 0.915647 0.583673
vt 0.915647 0.582266
vt 0.931997 0.576037
vt 0.932736 0.576037
vt 0.933293 0.580979
vt 0.933293 0.579012
vt 0.915647 0.580979
vt 0.933293 0.582266
vt 0.933293 0.576563
vt 0.915647 0.579012
vt 0.915647 0.576563
vt 0.933293 0.576037
vt 0.932736 0.571486
vt 0.931997 0.571486
vt 0.931997 0.569867
vt 0.932736 0.569867
vt 0.932736 0.574933
vt 0.933293 0.574933
vt 0.931997 0.574933
vt 0.931997 0.573405
vt 0.932736 0.573405
vt 0.915647 0.576037
vt 0.932736 0.566581
vt 0.931997 0.566581
vt 0.931997 0.564728
vt 0.932736 0.564728
vt 0.915647 0.574933
vt 0.915647 0.573405
vt 0.933293 0.573405
vt 0.933293 0.571486
vt 0.933293 0.569867
vt 0.931997 0.568866
vt 0.932736 0.568866
vt 0.915647 0.569867
vt 0.915647 0.568866
vt 0.915647 0.571486
vt 0.933293 0.568866
vt 0.915647 0.562088
vt 0.915647 0.560418
vt 0.931997 0.560418
vt 0.931997 0.562088
vt 0.933293 0.566581
vt 0.915647 0.566581
vt 0.931997 0.564251
vt 0.932736 0.564251
vt 0.915647 0.564728
vt 0.933293 0.564728
vt 0.932736 0.560418
vt 0.931997 0.559124
vt 0.932736 0.559124
vt 0.933293 0.564251
vt 0.932736 0.563361
vt 0.933293 0.563361
vt 0.931997 0.563361
vt 0.932736 0.562088
vt 0.915647 0.564251
vt 0.932736 0.556242
vt 0.931997 0.556242
vt 0.931997 0.555456
vt 0.932736 0.555456
vt 0.915647 0.563361
vt 0.933293 0.562088
vt 0.933293 0.560418
vt 0.933293 0.559124
vt 0.931997 0.558139
vt 0.932736 0.558139
vt 0.915647 0.559124
vt 0.915647 0.558139
vt 0.933293 0.558139
vt 0.933293 0.556242
vt 0.915647 0.556242
vt 0.931997 0.553322
vt 0.932736 0.553322
vt 0.915647 0.555456
vt 0.932736 0.552303
vt 0.931997 0.552303
vt 0.931997 0.550821
vt 0.932736 0.550821
vt 0.933293 0.555456
vt 0.932736 0.547975
vt 0.933293 0.553322
vt 0.933293 0.552303
vt 0.915647 0.553322
vt 0.987182 0.466031
vt 0.986316 0.466031
vt 0.986316 0.464709
vt 0.987182 0.464709
vt 0.915647 0.552303
vt 0.915647 0.550821
vt 0.933293 0.550821
vt 0.987836 0.466031
vt 0.987836 0.464709
vt 0.933293 0.547975
vt 0.987182 0.468442
vt 0.987182 0.517315
vt 0.986316 0.517315
vt 0.986316 0.468442
vt 0.987182 0.462912
vt 0.986316 0.462912
vt 0.986316 0.461835
vt 0.987182 0.461835
vt 0.967136 0.466031
vt 0.967136 0.464709
vt 0.986316 0.463546
vt 0.987182 0.463546
vt 0.967136 0.467365
vt 0.986316 0.467365
vt 0.933293 0.818017
vt 0.932736 0.818017
vt 0.987836 0.463546
vt 0.987836 0.462912
vt 0.967136 0.462912
vt 0.967136 0.461835
vt 0.986316 0.460807
vt 0.987182 0.460807
vt 0.986316 0.458373
vt 0.967136 0.460807
vt 0.967136 0.458373
vt 0.967136 0.463546
vt 0.987836 0.460807
vt 0.987182 0.458373
vt 0.987836 0.458373
vt 0.987836 0.461835
vt 0.986316 0.456768
vt 0.987182 0.456768
vt 0.986316 0.455337
vt 0.987182 0.455337
vt 0.987836 0.441849
vt 0.987182 0.441849
vt 0.987182 0.440881
vt 0.987836 0.440881
vt 0.987182 0.453759
vt 0.986316 0.453759
vt 0.967136 0.456768
vt 0.987836 0.456768
vt 0.987836 0.453759
vt 0.987836 0.455337
vt 0.986316 0.451389
vt 0.987182 0.451389
vt 0.967136 0.455337
vt 0.967136 0.453759
vt 0.987182 0.449959
vt 0.986316 0.449959
vt 0.986316 0.448600
vt 0.987182 0.448600
vt 0.967136 0.451389
vt 0.987836 0.449959
vt 0.987836 0.451389
vt 0.986316 0.447667
vt 0.987182 0.447667
vt 0.967136 0.449959
vt 0.987182 0.445969
vt 0.986316 0.445969
vt 0.986316 0.444603
vt 0.987182 0.444603
vt 0.987836 0.448600
vt 0.987836 0.447667
vt 0.967136 0.448600
vt 0.987836 0.445969
vt 0.967136 0.447667
vt 0.967136 0.445969
vt 0.987182 0.443430
vt 0.986316 0.443430
vt 0.986316 0.441849
vt 0.987836 0.444603
vt 0.986316 0.440881
vt 0.987836 0.443430
vt 0.967136 0.444603
vt 0.967136 0.443430
vt 0.987182 0.440446
vt 0.986316 0.440446
vt 0.986316 0.438960
vt 0.987182 0.438960
vt 0.967136 0.441849
vt 0.987836 0.440446
vt 0.967136 0.440881
vt 0.986316 0.437106
vt 0.967136 0.438960
vt 0.967136 0.437106
vt 0.967136 0.440446
vt 0.987836 0.438960
vt 0.987182 0.437106
vt 0.987836 0.437106
vt 0.986316 0.436156
vt 0.987182 0.436156
vt 0.986316 0.741634
vt 0.986316 0.735243
vt 0.987182 0.735243
vt 0.987182 0.741634
vt 0.967136 0.436156
vt 0.986316 0.433965
vt 0.987182 0.433965
vt 0.987836 0.436156
vt 0.987836 0.433965
vt 0.933293 0.819424
vt 0.933293 0.820312
vt 0.932736 0.820312
vt 0.932736 0.819424
vt 0.476454 0.700268
vt 0.474949 0.700386
vt 0.474757 0.699700
vt 0.476293 0.699580
vt 0.966843 0.733320
vt 0.966843 0.735243
vt 0.966344 0.735243
vt 0.966344 0.733320
vt 0.932736 0.852101
vt 0.931997 0.852101
vt 0.931997 0.849709
vt 0.932736 0.849709
vt 0.932736 0.846508
vt 0.931997 0.846508
vt 0.931997 0.845273
vt 0.932736 0.845273
vt 0.967136 0.741634
vt 0.967136 0.735243
vt 0.931997 0.516756
vt 0.931997 0.422314
vt 0.987836 0.696785
vt 0.987836 0.697245
vt 0.987182 0.697245
vt 0.987182 0.696785
vt 0.933293 0.584823
vt 0.932736 0.584823
vt 0.987836 0.735243
vt 0.987182 0.733320
vt 0.987836 0.733320
vt 0.471760 0.701145
vt 0.471602 0.700749
vt 0.475062 0.700788
vt 0.476548 0.700673
vt 0.478160 0.700157
vt 0.478228 0.700563
vt 0.462762 0.702747
vt 0.461998 0.703000
vt 0.461428 0.702397
vt 0.462216 0.702135
vt 0.478044 0.699466
vt 0.469113 0.701148
vt 0.466685 0.701657
vt 0.466265 0.701010
vt 0.468771 0.700485
vt 0.987182 0.704167
vt 0.987836 0.704167
vt 0.987836 0.706006
vt 0.987182 0.706006
vt 0.987182 0.709213
vt 0.987836 0.709213
vt 0.987836 0.710629
vt 0.987182 0.710629
vt 0.466931 0.702037
vt 0.469314 0.701537
vt 0.471331 0.700073
vt 0.987836 0.702277
vt 0.987182 0.702277
vt 0.460129 0.704170
vt 0.459754 0.703830
vt 0.462332 0.703355
vt 0.463082 0.703106
vt 0.463839 0.702869
vt 0.463533 0.702505
vt 0.459023 0.704130
vt 0.456196 0.705437
vt 0.455451 0.704906
vt 0.458363 0.703560
vt 0.459115 0.703252
vt 0.463012 0.701886
vt 0.987836 0.713202
vt 0.987836 0.714654
vt 0.987182 0.714654
vt 0.987182 0.713202
vt 0.987836 0.708737
vt 0.987182 0.708737
vt 0.456633 0.705749
vt 0.454656 0.706823
vt 0.454185 0.706529
vt 0.987182 0.707995
vt 0.987836 0.707995
vt 0.459412 0.704464
vt 0.452279 0.707712
vt 0.450485 0.708981
vt 0.449581 0.708547
vt 0.451423 0.707245
vt 0.987836 0.711174
vt 0.987182 0.711174
vt 0.453383 0.706029
vt 0.987836 0.716070
vt 0.987836 0.717481
vt 0.987182 0.717481
vt 0.987182 0.716070
vt 0.452781 0.707986
vt 0.451016 0.709235
vt 0.447768 0.711272
vt 0.445860 0.713247
vt 0.444837 0.712923
vt 0.446793 0.710898
vt 0.987836 0.721360
vt 0.987836 0.721840
vt 0.987182 0.721840
vt 0.987182 0.721360
vt 0.446461 0.713438
vt 0.448341 0.711491
vt 0.445422 0.713759
vt 0.444388 0.713447
vt 0.987182 0.722696
vt 0.987836 0.722696
vt 0.987836 0.723861
vt 0.987182 0.723861
vt 0.442880 0.718754
vt 0.442228 0.718638
vt 0.443477 0.716415
vt 0.444112 0.716560
vt 0.987182 0.719592
vt 0.987836 0.719592
vt 0.444595 0.714803
vt 0.442397 0.716166
vt 0.443540 0.714517
vt 0.446029 0.713943
vt 0.445213 0.714972
vt 0.440354 0.724574
vt 0.440183 0.726102
vt 0.439029 0.726044
vt 0.439203 0.724497
vt 0.441476 0.720353
vt 0.441065 0.721517
vt 0.439929 0.721383
vt 0.440349 0.720195
vt 0.987836 0.726681
vt 0.987836 0.727662
vt 0.987182 0.727662
vt 0.987182 0.726681
vt 0.987182 0.730525
vt 0.987836 0.730525
vt 0.441733 0.721595
vt 0.442138 0.720446
vt 0.441118 0.718441
vt 0.987836 0.725422
vt 0.987182 0.725422
vt 0.440699 0.729214
vt 0.440020 0.729193
vt 0.440861 0.726136
vt 0.441030 0.724620
vt 0.473917 0.967439
vt 0.476076 0.967630
vt 0.476078 0.968319
vt 0.473800 0.968123
vt 0.438863 0.729158
vt 0.933293 0.583673
vt 0.476074 0.967226
vt 0.477656 0.967336
vt 0.477704 0.967742
vt 0.987182 0.729515
vt 0.987836 0.729515
vt 0.473986 0.967038
vt 0.470877 0.966635
vt 0.470717 0.967029
vt 0.477784 0.968433
vt 0.466684 0.966242
vt 0.470445 0.967701
vt 0.466265 0.966888
vt 0.461998 0.964898
vt 0.464311 0.965623
vt 0.463815 0.966250
vt 0.461428 0.965502
vt 0.466931 0.965862
vt 0.465887 0.966048
vt 0.465442 0.966688
vt 0.466149 0.965672
vt 0.464603 0.965255
vt 0.462332 0.964543
vt 0.459023 0.963769
vt 0.459412 0.963434
vt 0.456888 0.962805
vt 0.458363 0.964339
vt 0.456163 0.963346
vt 0.449913 0.958477
vt 0.452279 0.960187
vt 0.451423 0.960654
vt 0.448994 0.958898
vt 0.457313 0.962487
vt 0.455964 0.961802
vt 0.452781 0.959912
vt 0.455515 0.962108
vt 0.454750 0.962629
vt 0.450453 0.958229
vt 0.446783 0.955654
vt 0.448283 0.957102
vt 0.447321 0.957488
vt 0.445783 0.956003
vt 0.449356 0.958027
vt 0.448422 0.958437
vt 0.449904 0.957787
vt 0.448848 0.956875
vt 0.447371 0.955449
vt 0.445000 0.953621
vt 0.445613 0.953445
vt 0.443833 0.952027
vt 0.443956 0.953920
vt 0.442761 0.952288
vt 0.441262 0.946966
vt 0.441709 0.948122
vt 0.440587 0.948292
vt 0.440130 0.947111
vt 0.444463 0.951874
vt 0.443778 0.950797
vt 0.442368 0.948021
vt 0.443139 0.950936
vt 0.442050 0.951171
vt 0.441926 0.946880
vt 0.441399 0.945140
vt 0.440183 0.941754
vt 0.440462 0.943984
vt 0.439313 0.944071
vt 0.439029 0.941812
vt 0.440728 0.945204
vt 0.439584 0.945314
vt 0.441137 0.943932
vt 0.440861 0.941720
vt 0.440020 0.938530
vt 0.440699 0.938510
vt 0.852007 0.700459
vt 0.849685 0.700268
vt 0.849846 0.699580
vt 0.852217 0.699775
vt 0.438863 0.938565
vt 0.847527 0.700540
vt 0.847586 0.700134
vt 0.849591 0.700673
vt 0.851884 0.700861
vt 0.853694 0.700640
vt 0.853548 0.701039
vt 0.768732 0.967805
vt 0.848053 0.967765
vt 0.847954 0.968456
vt 0.768732 0.968499
vt 0.856203 0.701002
vt 0.854538 0.700749
vt 0.854808 0.700073
vt 0.856520 0.700335
vt 0.853943 0.699961
vt 0.856017 0.701395
vt 0.857842 0.701305
vt 0.857626 0.701692
vt 0.861537 0.702643
vt 0.854379 0.701145
vt 0.858209 0.700647
vt 0.861828 0.702275
vt 0.864141 0.703000
vt 0.862324 0.701648
vt 0.864711 0.702397
vt 0.863807 0.703355
vt 0.866010 0.704170
vt 0.866385 0.703830
vt 0.871954 0.706529
vt 0.868549 0.704762
vt 0.869253 0.704211
vt 0.872756 0.706029
vt 0.867024 0.703252
vt 0.868136 0.705085
vt 0.871483 0.706823
vt 0.875654 0.708981
vt 0.873860 0.707712
vt 0.874716 0.707245
vt 0.876559 0.708547
vt 0.873358 0.707986
vt 0.875123 0.709235
vt 0.876235 0.710112
vt 0.876783 0.709872
vt 0.877717 0.709462
vt 0.880279 0.713247
vt 0.878871 0.711754
vt 0.879859 0.711393
vt 0.881302 0.712923
vt 0.878291 0.711967
vt 0.879678 0.713438
vt 0.883000 0.716963
vt 0.881545 0.714803
vt 0.882599 0.714517
vt 0.884089 0.716727
vt 0.880926 0.714972
vt 0.882361 0.717101
vt 0.883625 0.718075
vt 0.884729 0.717865
vt 0.882977 0.718198
vt 0.884877 0.720933
vt 0.883911 0.718638
vt 0.885021 0.718441
vt 0.886009 0.720787
vt 0.883260 0.718754
vt 0.884213 0.721019
vt 0.885002 0.723964
vt 0.885677 0.723912
vt 0.885878 0.725298
vt 0.886826 0.723825
vt 0.887030 0.725230
vt 0.885201 0.725337
vt 0.886076 0.728031
vt 0.885397 0.728055
vt 0.850081 0.967630
vt 0.851475 0.967513
vt 0.851545 0.968199
vt 0.850071 0.968319
vt 0.887232 0.727988
vt 0.854479 0.966753
vt 0.854618 0.967150
vt 0.851434 0.967110
vt 0.850087 0.967226
vt 0.848457 0.967742
vt 0.848509 0.967336
vt 0.862606 0.965393
vt 0.865646 0.964356
vt 0.866262 0.964944
vt 0.863127 0.966013
vt 0.848367 0.968433
vt 0.857041 0.966751
vt 0.858653 0.966424
vt 0.859046 0.967076
vt 0.857376 0.967414
vt 0.933293 0.824094
vt 0.933293 0.825130
vt 0.932736 0.825130
vt 0.932736 0.824094
vt 0.933293 0.829562
vt 0.933293 0.830064
vt 0.932736 0.830064
vt 0.932736 0.829562
vt 0.858422 0.966040
vt 0.856843 0.966362
vt 0.854853 0.967826
vt 0.933293 0.822223
vt 0.932736 0.822223
vt 0.865284 0.964012
vt 0.862300 0.965030
vt 0.866385 0.964068
vt 0.867024 0.964647
vt 0.932736 0.831125
vt 0.933293 0.831125
vt 0.933293 0.832594
vt 0.932736 0.832594
vt 0.872601 0.960985
vt 0.869943 0.962462
vt 0.932736 0.827631
vt 0.933293 0.827631
vt 0.867837 0.963458
vt 0.870688 0.962993
vt 0.868520 0.964019
vt 0.878371 0.956627
vt 0.880279 0.954651
vt 0.881302 0.954976
vt 0.879346 0.957001
vt 0.874471 0.959773
vt 0.875654 0.958918
vt 0.876559 0.959351
vt 0.875344 0.960229
vt 0.933293 0.836001
vt 0.933293 0.837001
vt 0.932736 0.837001
vt 0.932736 0.836001
vt 0.933293 0.841030
vt 0.933293 0.841522
vt 0.932736 0.841522
vt 0.932736 0.841030
vt 0.873422 0.961474
vt 0.933293 0.834499
vt 0.932736 0.834499
vt 0.933293 0.849709
vt 0.933293 0.852101
vt 0.880717 0.954139
vt 0.881751 0.954451
vt 0.933293 0.843573
vt 0.933293 0.844520
vt 0.932736 0.844520
vt 0.932736 0.843573
vt 0.882678 0.950251
vt 0.883321 0.950382
vt 0.882662 0.951484
vt 0.882027 0.951338
vt 0.932736 0.839219
vt 0.933293 0.839219
vt 0.884418 0.950605
vt 0.883742 0.951732
vt 0.880110 0.953956
vt 0.880926 0.952927
vt 0.881545 0.953096
vt 0.882599 0.953382
vt 0.884663 0.947546
vt 0.885252 0.945795
vt 0.886392 0.945916
vt 0.885790 0.947704
vt 0.933293 0.846508
vt 0.933293 0.848035
vt 0.932736 0.848035
vt 0.932736 0.842386
vt 0.933293 0.842386
vt 0.884582 0.945723
vt 0.884001 0.947452
vt 0.885785 0.943315
vt 0.886076 0.939751
vt 0.887232 0.939793
vt 0.886936 0.943393
vt 0.883260 0.949145
vt 0.883911 0.949261
vt 0.885021 0.949458
vt 0.933293 0.845273
vt 0.885397 0.939726
vt 0.885109 0.943270
vt 0.439961 0.732334
vt 0.439923 0.742772
vt 0.438765 0.742761
vt 0.438803 0.732310
vt 0.884880 0.944548
vt 0.885553 0.944606
vt 0.886699 0.944705
vt 0.933293 0.848762
vt 0.932736 0.848762
vt 0.440641 0.732347
vt 0.931997 0.848762
vt 0.885473 0.937123
vt 0.886153 0.937140
vt 0.440603 0.742779
vt 0.763677 0.699400
vt 0.763677 0.700093
vt 0.478619 0.700134
vt 0.478518 0.699443
vt 0.478679 0.700540
vt 0.763677 0.700501
vt 0.768732 0.699400
vt 0.768732 0.700093
vt 0.439943 0.933860
vt 0.440623 0.933849
vt 0.932736 0.545841
vt 0.933293 0.545841
vt 0.438785 0.933879
vt 0.440603 0.889185
vt 0.440603 0.894867
vt 0.479120 0.967781
vt 0.479213 0.968473
vt 0.932736 0.886425
vt 0.932736 0.980871
vt 0.931997 0.980871
vt 0.931997 0.886425
vt 0.886197 0.734790
vt 0.885516 0.734801
vt 0.479065 0.967375
vt 0.763677 0.967398
vt 0.763677 0.967805
vt 0.986316 0.520431
vt 0.987182 0.520431
vt 0.986316 0.696785
vt 0.886216 0.742772
vt 0.887355 0.734771
vt 0.887374 0.742761
vt 0.987836 0.429992
vt 0.987182 0.429992
vt 0.885536 0.742779
vt 0.846441 0.700105
vt 0.846515 0.699413
vt 0.847688 0.699443
vt 0.886216 0.889185
vt 0.887374 0.889185
vt 0.987836 0.425064
vt 0.987182 0.425064
vt 0.987836 0.468442
vt 0.987836 0.517315
vt 0.846398 0.700512
vt 0.768732 0.700501
vt 0.987836 0.467365
vt 0.987182 0.467365
vt 0.848111 0.967358
vt 0.768732 0.967398
vt 0.885528 0.931975
vt 0.886209 0.931984
vt 0.933293 0.856680
vt 0.933293 0.886425
vt 0.932736 0.856680
vt 0.887367 0.931998
vt 0.887311 0.937169
vt 0.885536 0.894867
vt 0.886216 0.894867
vt 0.933293 0.853638
vt 0.932736 0.853638
vt 0.967136 0.733320
vt 0.986316 0.733320
vt 0.931997 0.848035
vt 0.915647 0.848035
vt 0.915647 0.846508
vt 0.915647 0.849709
vt 0.915647 0.848762
vt 0.931997 0.856680
vt 0.987836 0.741634
vt 0.931997 0.842386
vt 0.931997 0.843573
vt 0.915647 0.853638
vt 0.915647 0.852101
vt 0.931997 0.853638
vt 0.915647 0.844520
vt 0.915647 0.843573
vt 0.931997 0.844520
vt 0.915647 0.845273
vt 0.931997 0.841030
vt 0.931997 0.839219
vt 0.931997 0.841522
vt 0.915647 0.842386
vt 0.915647 0.841522
vt 0.915647 0.839219
vt 0.915647 0.837001
vt 0.931997 0.837001
vt 0.915647 0.841030
vt 0.931997 0.834499
vt 0.931997 0.836001
vt 0.931997 0.831125
vt 0.931997 0.832594
vt 0.915647 0.832594
vt 0.915647 0.834499
vt 0.915647 0.836001
vt 0.931997 0.829562
vt 0.931997 0.827631
vt 0.931997 0.830064
vt 0.915647 0.831125
vt 0.915647 0.830064
vt 0.915647 0.827631
vt 0.915647 0.825130
vt 0.931997 0.825130
vt 0.915647 0.829562
vt 0.931997 0.822223
vt 0.931997 0.824094
vt 0.931997 0.819424
vt 0.931997 0.820312
vt 0.915647 0.820312
vt 0.915647 0.822223
vt 0.915647 0.824094
vt 0.986316 0.729515
vt 0.986316 0.730525
vt 0.967136 0.730525
vt 0.931997 0.818017
vt 0.915647 0.819424
vt 0.915647 0.818017
vt 0.967136 0.433965
vt 0.967136 0.729515
vt 0.967136 0.727662
vt 0.986316 0.727662
vt 0.986316 0.725422
vt 0.986316 0.726681
vt 0.986316 0.722696
vt 0.986316 0.723861
vt 0.967136 0.723861
vt 0.967136 0.725422
vt 0.967136 0.726681
vt 0.986316 0.721360
vt 0.986316 0.719592
vt 0.986316 0.721840
vt 0.967136 0.722696
vt 0.967136 0.721840
vt 0.967136 0.719592
vt 0.967136 0.717481
vt 0.986316 0.717481
vt 0.967136 0.721360
vt 0.986316 0.716070
vt 0.986316 0.714654
vt 0.967136 0.714654
vt 0.967136 0.713202
vt 0.986316 0.713202
vt 0.986316 0.711174
vt 0.967136 0.716070
vt 0.986316 0.710629
vt 0.986316 0.708737
vt 0.986316 0.707995
vt 0.967136 0.710629
vt 0.967136 0.709213
vt 0.986316 0.709213
vt 0.967136 0.711174
vt 0.986316 0.699417
vt 0.986316 0.700320
vt 0.986316 0.702277
vt 0.986316 0.704167
vt 0.967136 0.706006
vt 0.967136 0.704167
vt 0.986316 0.706006
vt 0.967136 0.708737
vt 0.967136 0.707995
vt 0.967136 0.700320
vt 0.967136 0.702277
vt 0.986316 0.697245
vt 0.967136 0.699417
vt 0.967136 0.697245
vt 0.931997 0.764135
vt 0.931997 0.584823
vt 0.967136 0.520431
vt 0.967136 0.696785
vt 0.967136 0.517315
vt 0.967136 0.468442
vt 0.986316 0.429992
vt 0.986316 0.425064
vt 0.967136 0.429992
vt 0.915647 0.856680
vt 0.931997 0.817656
vt 0.931997 0.767308
vt 0.915647 0.886425
vt 0.914972 0.573405
vt 0.914972 0.571486
vt 0.915398 0.571486
vt 0.915398 0.573405
vt 0.915647 0.767308
vt 0.915647 0.817656
vt 0.915647 0.516756
vt 0.915647 0.422314
vt 0.942438 0.696785
vt 0.915647 0.764135
vt 0.915647 0.584823
vt 0.885536 0.889185
vt 0.467941 0.889185
vt 0.467932 0.894867
vt 0.474614 0.889185
vt 0.474481 0.894867
vt 0.948721 0.779362
vt 0.946583 0.779362
vt 0.946583 0.750374
vt 0.948721 0.750374
vt 0.448594 0.467189
vt 0.914723 0.980871
vt 0.914723 0.886425
vt 0.857383 0.456745
vt 0.855656 0.667483
vt 0.933293 0.980871
vt 0.894594 0.767308
vt 0.915647 0.980871
vt 0.915647 0.886425
vt 0.853509 0.894867
vt 0.763677 0.889185
vt 0.763677 0.894867
vt 0.944444 0.981130
vt 0.942306 0.981091
vt 0.942306 0.806814
vt 0.944444 0.805108
vt 0.987836 0.520431
vt 0.763677 0.968499
vt 0.768732 0.947323
vt 0.768732 0.942499
vt 0.763677 0.942499
vt 0.942306 0.803738
vt 0.944444 0.802031
vt 0.768732 0.889185
vt 0.851675 0.454567
vt 0.768732 0.894867
vt 0.946583 0.981045
vt 0.944444 0.981084
vt 0.944444 0.927744
vt 0.946583 0.929451
vt 0.763677 0.729974
vt 0.474554 0.889185
vt 0.474685 0.729974
vt 0.763681 0.729974
vt 0.763681 0.889185
vt 0.944444 0.924668
vt 0.946583 0.926375
vt 0.973174 0.899926
vt 0.969814 0.899926
vt 0.969814 0.747671
vt 0.973174 0.747671
vt 0.966453 0.978376
vt 0.962427 0.978359
vt 0.962427 0.747671
vt 0.966453 0.747738
vt 0.942306 0.750374
vt 0.944444 0.750414
vt 0.969814 0.899927
vt 0.966453 0.899926
vt 0.966453 0.747671
vt 0.958401 0.747740
vt 0.962427 0.978413
vt 0.958401 0.978428
vt 0.944444 0.750414
vt 0.946583 0.750374
vt 0.950860 0.750374
vt 0.950860 0.779362
vt 0.966344 0.520431
vt 0.966344 0.517315
vt 0.966843 0.517315
vt 0.966843 0.520431
vt 0.966843 0.433965
vt 0.966344 0.433965
vt 0.966344 0.429992
vt 0.966843 0.429992
vt 0.914972 0.767308
vt 0.914972 0.764135
vt 0.915398 0.764135
vt 0.915398 0.767308
vt 0.914972 0.980871
vt 0.914972 0.886425
vt 0.915398 0.886425
vt 0.915398 0.980871
vt 0.915398 0.580979
vt 0.915398 0.582266
vt 0.914972 0.582266
vt 0.914972 0.580979
vt 0.914972 0.817656
vt 0.915398 0.817656
vt 0.915398 0.818017
vt 0.914972 0.818017
vt 0.966843 0.467365
vt 0.966843 0.468442
vt 0.966344 0.468442
vt 0.966344 0.467365
vt 0.966843 0.425064
vt 0.966344 0.425064
vt 0.967136 0.425064
vt 0.966344 0.696785
vt 0.966843 0.696785
vt 0.966843 0.697245
vt 0.966344 0.697245
vt 0.966843 0.699417
vt 0.966843 0.700320
vt 0.966344 0.700320
vt 0.966344 0.699417
vt 0.966344 0.707995
vt 0.966344 0.706006
vt 0.966843 0.706006
vt 0.966843 0.707995
vt 0.966344 0.721360
vt 0.966843 0.721360
vt 0.966843 0.721840
vt 0.966344 0.721840
vt 0.966843 0.729515
vt 0.966843 0.730525
vt 0.966344 0.730525
vt 0.966344 0.729515
vt 0.915398 0.819424
vt 0.915398 0.820312
vt 0.914972 0.820312
vt 0.914972 0.819424
vt 0.914972 0.829562
vt 0.915398 0.829562
vt 0.915398 0.830064
vt 0.914972 0.830064
vt 0.914972 0.844520
vt 0.915398 0.844520
vt 0.915398 0.845273
vt 0.914972 0.845273
vt 0.914972 0.841030
vt 0.915398 0.841030
vt 0.915398 0.841522
vt 0.914972 0.841522
vt 0.914972 0.852101
vt 0.915398 0.852101
vt 0.915398 0.853638
vt 0.914972 0.853638
vt 0.914972 0.516756
vt 0.914972 0.422314
vt 0.915398 0.422314
vt 0.915398 0.516756
vt 0.915398 0.547975
vt 0.914972 0.547975
vt 0.914972 0.545841
vt 0.915398 0.545841
vt 0.914972 0.516756
vt 0.915398 0.583673
vt 0.914972 0.583673
vt 0.914972 0.579012
vt 0.915398 0.579012
vt 0.915398 0.576563
vt 0.914972 0.576563
vt 0.915398 0.576037
vt 0.914972 0.576037
vt 0.914972 0.574933
vt 0.915398 0.574933
vt 0.915398 0.569867
vt 0.914972 0.569867
vt 0.915398 0.564728
vt 0.915398 0.566581
vt 0.914972 0.566581
vt 0.914972 0.564728
vt 0.915398 0.568866
vt 0.914972 0.568866
vt 0.915398 0.564251
vt 0.914972 0.564251
vt 0.914972 0.563361
vt 0.915398 0.563361
vt 0.915398 0.562088
vt 0.914972 0.562088
vt 0.915398 0.559124
vt 0.915398 0.560418
vt 0.914972 0.560418
vt 0.914972 0.559124
vt 0.915398 0.558139
vt 0.914972 0.558139
vt 0.914972 0.556242
vt 0.915398 0.556242
vt 0.915398 0.550821
vt 0.915398 0.552303
vt 0.914972 0.552303
vt 0.914972 0.550821
vt 0.914972 0.555456
vt 0.915398 0.555456
vt 0.915398 0.553322
vt 0.914972 0.553322
vt 0.966344 0.466031
vt 0.966843 0.466031
vt 0.966843 0.464709
vt 0.966344 0.464709
vt 0.966344 0.462912
vt 0.966344 0.461835
vt 0.966843 0.461835
vt 0.966843 0.462912
vt 0.966344 0.460807
vt 0.966843 0.460807
vt 0.966843 0.463546
vt 0.966344 0.463546
vt 0.966843 0.456768
vt 0.966843 0.458373
vt 0.966344 0.458373
vt 0.966344 0.456768
vt 0.966843 0.453759
vt 0.966843 0.455337
vt 0.966344 0.455337
vt 0.966344 0.453759
vt 0.966344 0.449959
vt 0.966344 0.448600
vt 0.966843 0.448600
vt 0.966843 0.449959
vt 0.966843 0.451389
vt 0.966344 0.451389
vt 0.966843 0.445969
vt 0.966843 0.447667
vt 0.966344 0.447667
vt 0.966344 0.445969
vt 0.966344 0.443430
vt 0.966344 0.441849
vt 0.966843 0.441849
vt 0.966843 0.443430
vt 0.966843 0.444603
vt 0.966344 0.444603
vt 0.966843 0.440881
vt 0.966344 0.440881
vt 0.966843 0.438960
vt 0.966843 0.440446
vt 0.966344 0.440446
vt 0.966344 0.438960
vt 0.966344 0.437106
vt 0.966344 0.436156
vt 0.966843 0.436156
vt 0.966843 0.437106
vt 0.966843 0.741634
vt 0.966344 0.741634
vt 0.914972 0.584823
vt 0.915398 0.584823
vt 0.914972 0.856680
vt 0.915398 0.856680
vt 0.915398 0.886425
vt 0.914972 0.849709
vt 0.915398 0.849709
vt 0.966344 0.704167
vt 0.966344 0.702277
vt 0.966843 0.702277
vt 0.966843 0.704167
vt 0.966843 0.708737
vt 0.966843 0.709213
vt 0.966344 0.709213
vt 0.966344 0.708737
vt 0.966843 0.710629
vt 0.966843 0.711174
vt 0.966344 0.711174
vt 0.966344 0.710629
vt 0.966843 0.713202
vt 0.966344 0.713202
vt 0.966344 0.714654
vt 0.966843 0.714654
vt 0.966344 0.717481
vt 0.966344 0.716070
vt 0.966843 0.716070
vt 0.966843 0.717481
vt 0.966344 0.719592
vt 0.966843 0.719592
vt 0.966843 0.722696
vt 0.966344 0.722696
vt 0.966344 0.723861
vt 0.966843 0.723861
vt 0.966344 0.726681
vt 0.966344 0.725422
vt 0.966843 0.725422
vt 0.966843 0.726681
vt 0.966344 0.727662
vt 0.966843 0.727662
vt 0.914972 0.824094
vt 0.914972 0.822223
vt 0.915398 0.822223
vt 0.915398 0.824094
vt 0.914972 0.827631
vt 0.914972 0.825130
vt 0.915398 0.825130
vt 0.915398 0.827631
vt 0.915398 0.831125
vt 0.914972 0.831125
vt 0.914972 0.832594
vt 0.915398 0.832594
vt 0.914972 0.848035
vt 0.915398 0.848035
vt 0.915398 0.848762
vt 0.914972 0.848762
vt 0.914972 0.836001
vt 0.914972 0.834499
vt 0.915398 0.834499
vt 0.915398 0.836001
vt 0.914972 0.839219
vt 0.914972 0.837001
vt 0.915398 0.837001
vt 0.915398 0.839219
vt 0.915398 0.842386
vt 0.914972 0.842386
vt 0.914972 0.843573
vt 0.915398 0.843573
vt 0.914972 0.846508
vt 0.915398 0.846508
vt 0.180047 0.117295
vt 0.180047 0.138233
vt 0.173377 0.138233
vt 0.173377 0.117295
vt 0.461085 0.388076
vt 0.461764 0.379016
vt 0.453941 0.379016
vt 0.453349 0.386910
vt 0.455744 0.405392
vt 0.459063 0.396935
vt 0.451588 0.394629
vt 0.448695 0.401998
vt 0.451201 0.413261
vt 0.444737 0.408854
vt 0.445536 0.420365
vt 0.439801 0.415044
vt 0.438875 0.426545
vt 0.433998 0.420428
vt 0.431368 0.431663
vt 0.427457 0.424888
vt 0.423182 0.435605
vt 0.420324 0.428323
vt 0.414500 0.438283
vt 0.412759 0.430657
vt 0.405515 0.439638
vt 0.404931 0.431836
vt 0.396429 0.439638
vt 0.397014 0.431837
vt 0.387445 0.438283
vt 0.389186 0.430657
vt 0.378762 0.435605
vt 0.381621 0.428323
vt 0.370576 0.431663
vt 0.374488 0.424888
vt 0.363069 0.426545
vt 0.367947 0.420429
vt 0.356409 0.420365
vt 0.362143 0.415044
vt 0.350744 0.413261
vt 0.357207 0.408854
vt 0.346201 0.405393
vt 0.353249 0.401998
vt 0.342881 0.396935
vt 0.350357 0.394629
vt 0.340859 0.388077
vt 0.348595 0.386911
vt 0.340180 0.379016
vt 0.348003 0.379016
vt 0.340859 0.369955
vt 0.348595 0.371121
vt 0.342881 0.361097
vt 0.350357 0.363403
vt 0.346201 0.352639
vt 0.353249 0.356034
vt 0.350744 0.344771
vt 0.357207 0.349178
vt 0.356409 0.337667
vt 0.362143 0.342988
vt 0.363069 0.331487
vt 0.367947 0.337603
vt 0.370576 0.326369
vt 0.374488 0.333144
vt 0.378762 0.322427
vt 0.381620 0.329709
vt 0.387445 0.319748
vt 0.389185 0.327375
vt 0.396429 0.318394
vt 0.397014 0.326195
vt 0.405515 0.318394
vt 0.404930 0.326195
vt 0.414499 0.319748
vt 0.412759 0.327375
vt 0.423182 0.322426
vt 0.420324 0.329709
vt 0.431368 0.326369
vt 0.427457 0.333144
vt 0.438875 0.331487
vt 0.433998 0.337603
vt 0.445536 0.337667
vt 0.439801 0.342988
vt 0.451201 0.344771
vt 0.444737 0.349178
vt 0.455744 0.352639
vt 0.448695 0.356034
vt 0.459063 0.361097
vt 0.451588 0.363403
vt 0.166707 0.138233
vt 0.166707 0.117295
vt 0.160037 0.138233
vt 0.160037 0.117295
vt 0.153367 0.138233
vt 0.153367 0.117295
vt 0.146696 0.138233
vt 0.146696 0.117295
vt 0.140026 0.138233
vt 0.140026 0.117295
vt 0.133356 0.138233
vt 0.133356 0.117295
vt 0.126686 0.138233
vt 0.126686 0.117295
vt 0.120016 0.138233
vt 0.120016 0.117295
vt 0.113346 0.138233
vt 0.113346 0.117295
vt 0.106675 0.138233
vt 0.106675 0.117295
vt 0.100005 0.138233
vt 0.100005 0.117295
vt 0.093335 0.138233
vt 0.093335 0.117295
vt 0.086665 0.138233
vt 0.086665 0.117295
vt 0.079995 0.138233
vt 0.079995 0.117295
vt 0.073324 0.138233
vt 0.073324 0.117295
vt 0.066654 0.138233
vt 0.066654 0.117295
vt 0.059984 0.138233
vt 0.059984 0.117295
vt 0.053314 0.138233
vt 0.053314 0.117295
vt 0.046644 0.138233
vt 0.046644 0.117295
vt 0.039974 0.138233
vt 0.039974 0.117295
vt 0.033303 0.138233
vt 0.033303 0.117295
vt 0.026633 0.138233
vt 0.026633 0.117295
vt 0.306781 0.117295
vt 0.306781 0.138233
vt 0.300111 0.138233
vt 0.300111 0.117295
vt 0.293440 0.138233
vt 0.293440 0.117295
vt 0.286770 0.138233
vt 0.286770 0.117295
vt 0.280100 0.138233
vt 0.280100 0.117295
vt 0.273430 0.138233
vt 0.273430 0.117295
vt 0.266760 0.138233
vt 0.266760 0.117295
vt 0.260089 0.138233
vt 0.260089 0.117295
vt 0.253419 0.138233
vt 0.253419 0.117295
vt 0.246749 0.138233
vt 0.246749 0.117295
vt 0.240079 0.138233
vt 0.240079 0.117295
vt 0.233409 0.138233
vt 0.233409 0.117295
vt 0.226739 0.138233
vt 0.226739 0.117295
vt 0.220068 0.138233
vt 0.220068 0.117295
vt 0.213398 0.138233
vt 0.213398 0.117295
vt 0.206728 0.138233
vt 0.206728 0.117295
vt 0.200058 0.138233
vt 0.200058 0.117295
vt 0.193388 0.138233
vt 0.193388 0.117295
vt 0.186718 0.138233
vt 0.186718 0.117295
vt 0.461876 0.369836
vt 0.459828 0.360861
vt 0.461085 0.369955
vt 0.453349 0.371121
vt 0.462564 0.379016
vt 0.461877 0.388196
vt 0.459828 0.397171
vt 0.456465 0.405740
vt 0.451862 0.413712
vt 0.446123 0.420909
vt 0.439374 0.427171
vt 0.431768 0.432356
vt 0.423475 0.436350
vt 0.414678 0.439064
vt 0.405575 0.440436
vt 0.396369 0.440436
vt 0.387267 0.439064
vt 0.378470 0.436351
vt 0.370176 0.432356
vt 0.362570 0.427171
vt 0.355822 0.420909
vt 0.350082 0.413712
vt 0.345479 0.405740
vt 0.342116 0.397171
vt 0.340068 0.388196
vt 0.339380 0.379016
vt 0.340068 0.369836
vt 0.342116 0.360861
vt 0.345479 0.352292
vt 0.350082 0.344320
vt 0.355822 0.337122
vt 0.362570 0.330861
vt 0.370176 0.325675
vt 0.378470 0.321681
vt 0.387266 0.318968
vt 0.396369 0.317596
vt 0.405575 0.317596
vt 0.414678 0.318968
vt 0.423474 0.321681
vt 0.431768 0.325675
vt 0.439374 0.330861
vt 0.446122 0.337122
vt 0.451862 0.344320
vt 0.456465 0.352292
vt 0.173377 0.138590
vt 0.166707 0.138590
vt 0.180047 0.138590
vt 0.186718 0.138590
vt 0.193388 0.138590
vt 0.200058 0.138590
vt 0.206728 0.138590
vt 0.213398 0.138590
vt 0.220068 0.138590
vt 0.226739 0.138590
vt 0.233409 0.138590
vt 0.240079 0.138590
vt 0.246749 0.138590
vt 0.253419 0.138590
vt 0.260089 0.138590
vt 0.266760 0.138590
vt 0.273430 0.138590
vt 0.280100 0.138590
vt 0.286770 0.138590
vt 0.293440 0.138590
vt 0.300111 0.138591
vt 0.306781 0.138591
vt 0.033303 0.138591
vt 0.026633 0.138591
vt 0.039974 0.138591
vt 0.046644 0.138591
vt 0.053314 0.138591
vt 0.059984 0.138591
vt 0.066654 0.138591
vt 0.073324 0.138591
vt 0.079995 0.138591
vt 0.086665 0.138591
vt 0.093335 0.138591
vt 0.100005 0.138591
vt 0.106675 0.138591
vt 0.113346 0.138591
vt 0.120016 0.138591
vt 0.126686 0.138591
vt 0.133356 0.138590
vt 0.140026 0.138590
vt 0.146696 0.138590
vt 0.153367 0.138590
vt 0.160037 0.138590
vt 0.027830 0.379049
vt 0.027835 0.377205
vt 0.297685 0.377205
vt 0.297685 0.379049
vt 0.027653 0.445458
vt 0.027657 0.443613
vt 0.297685 0.443613
vt 0.297685 0.445458
vt 0.027667 0.439924
vt 0.027672 0.438079
vt 0.297685 0.438079
vt 0.297685 0.439924
vt 0.027682 0.434390
vt 0.027687 0.432545
vt 0.297685 0.432545
vt 0.297685 0.434390
vt 0.027697 0.428856
vt 0.027702 0.427011
vt 0.297685 0.427011
vt 0.297685 0.428856
vt 0.027712 0.423322
vt 0.027716 0.421477
vt 0.297685 0.421477
vt 0.297685 0.423322
vt 0.027726 0.417788
vt 0.027731 0.415943
vt 0.297685 0.415943
vt 0.297685 0.417788
vt 0.027741 0.412254
vt 0.027746 0.410409
vt 0.297685 0.410409
vt 0.297685 0.412254
vt 0.027756 0.406720
vt 0.027761 0.404875
vt 0.297685 0.404875
vt 0.297685 0.406720
vt 0.027771 0.401185
vt 0.027776 0.399341
vt 0.297685 0.399341
vt 0.297685 0.401185
vt 0.027786 0.395651
vt 0.027790 0.393807
vt 0.297685 0.393807
vt 0.297685 0.395651
vt 0.027800 0.390117
vt 0.027805 0.388273
vt 0.297685 0.388273
vt 0.297685 0.390117
vt 0.027815 0.384583
vt 0.027820 0.382739
vt 0.297685 0.382739
vt 0.297685 0.384583
vt 0.028779 0.459645
vt 0.297437 0.459645
vt 0.297437 0.458624
vt 0.028779 0.458624
vt 0.028598 0.459645
vt 0.028598 0.458624
vt 0.028603 0.459645
vt 0.028603 0.458624
vt 0.028613 0.459645
vt 0.028613 0.458624
vt 0.028618 0.459645
vt 0.028618 0.458624
vt 0.028627 0.459645
vt 0.028627 0.458624
vt 0.028632 0.459645
vt 0.028632 0.458624
vt 0.028642 0.459645
vt 0.028642 0.458624
vt 0.028647 0.459645
vt 0.028647 0.458624
vt 0.028657 0.459645
vt 0.028657 0.458624
vt 0.028662 0.459645
vt 0.028662 0.458624
vt 0.028671 0.459645
vt 0.028671 0.458624
vt 0.028676 0.459645
vt 0.028676 0.458624
vt 0.028686 0.459645
vt 0.028686 0.458624
vt 0.028691 0.459645
vt 0.028691 0.458624
vt 0.028701 0.459645
vt 0.028701 0.458624
vt 0.028706 0.459645
vt 0.028706 0.458624
vt 0.028716 0.459645
vt 0.028716 0.458624
vt 0.028720 0.459645
vt 0.028720 0.458624
vt 0.028730 0.459645
vt 0.028730 0.458624
vt 0.028735 0.459645
vt 0.028735 0.458624
vt 0.028745 0.459645
vt 0.028745 0.458624
vt 0.028750 0.459645
vt 0.028750 0.458624
vt 0.028760 0.459645
vt 0.028760 0.458624
vt 0.028765 0.459645
vt 0.028765 0.458624
vt 0.028774 0.459645
vt 0.028774 0.458624
vt 0.027830 0.302310
vt 0.027835 0.300465
vt 0.297685 0.300465
vt 0.297685 0.302310
vt 0.027638 0.374253
vt 0.027643 0.372408
vt 0.297685 0.372408
vt 0.297685 0.374253
vt 0.027653 0.368719
vt 0.027657 0.366874
vt 0.297685 0.366874
vt 0.297685 0.368719
vt 0.027667 0.363185
vt 0.027672 0.361340
vt 0.297685 0.361340
vt 0.297685 0.363185
vt 0.027682 0.357651
vt 0.027687 0.355806
vt 0.297685 0.355806
vt 0.297685 0.357651
vt 0.027697 0.352117
vt 0.027702 0.350272
vt 0.297685 0.350272
vt 0.297685 0.352117
vt 0.027712 0.346583
vt 0.027716 0.344738
vt 0.297685 0.344738
vt 0.297685 0.346583
vt 0.027726 0.341049
vt 0.027731 0.339204
vt 0.297685 0.339204
vt 0.297685 0.341049
vt 0.027741 0.335514
vt 0.027746 0.333670
vt 0.297685 0.333670
vt 0.297685 0.335514
vt 0.027756 0.329980
vt 0.027761 0.328136
vt 0.297685 0.328136
vt 0.297685 0.329980
vt 0.027771 0.324446
vt 0.027776 0.322602
vt 0.297685 0.322602
vt 0.297685 0.324446
vt 0.027786 0.318912
vt 0.027790 0.317068
vt 0.297685 0.317068
vt 0.297685 0.318912
vt 0.027800 0.313378
vt 0.027805 0.311534
vt 0.297685 0.311534
vt 0.297685 0.313378
vt 0.027815 0.307844
vt 0.027820 0.305999
vt 0.297685 0.305999
vt 0.297685 0.307844
vt 0.028583 0.459645
vt 0.028583 0.458624
vt 0.028588 0.459645
vt 0.028588 0.458624
vt 0.361861 0.269328
vt 0.464220 0.269328
vt 0.464175 0.214465
vt 0.361861 0.214465
vt 0.026204 0.269328
vt 0.356039 0.269328
vt 0.356039 0.214465
vt 0.026247 0.214465
vt 0.088406 0.204903
vt 0.088406 0.145506
vt 0.026023 0.145506
vt 0.026023 0.204903
vt 0.329072 0.204903
vt 0.329072 0.145506
vt 0.099603 0.145506
vt 0.099603 0.204903
vt 0.180207 0.091588
vt 0.180207 0.112526
vt 0.173537 0.112526
vt 0.173537 0.091588
vt 0.458124 0.153792
vt 0.458803 0.144732
vt 0.450980 0.144732
vt 0.450388 0.152626
vt 0.452782 0.171108
vt 0.456102 0.162650
vt 0.448626 0.160345
vt 0.445734 0.167714
vt 0.448239 0.178977
vt 0.441776 0.174570
vt 0.442574 0.186080
vt 0.436840 0.180759
vt 0.435914 0.192261
vt 0.431036 0.186144
vt 0.428407 0.197379
vt 0.424495 0.190604
vt 0.420221 0.201321
vt 0.417362 0.194039
vt 0.411538 0.203999
vt 0.409798 0.196372
vt 0.402554 0.205353
vt 0.401969 0.197552
vt 0.393468 0.205353
vt 0.394053 0.197552
vt 0.384483 0.203999
vt 0.386224 0.196372
vt 0.375801 0.201321
vt 0.378659 0.194039
vt 0.367615 0.197379
vt 0.371527 0.190604
vt 0.360108 0.192261
vt 0.364985 0.186144
vt 0.353447 0.186081
vt 0.359182 0.180760
vt 0.347782 0.178977
vt 0.354246 0.174570
vt 0.343239 0.171108
vt 0.350288 0.167714
vt 0.339920 0.162650
vt 0.347395 0.160345
vt 0.337898 0.153792
vt 0.345634 0.152626
vt 0.337219 0.144732
vt 0.345042 0.144732
vt 0.337898 0.135671
vt 0.345634 0.136837
vt 0.339920 0.126813
vt 0.347395 0.129119
vt 0.343239 0.118355
vt 0.350288 0.121750
vt 0.347782 0.110487
vt 0.354246 0.114893
vt 0.353447 0.103383
vt 0.359182 0.108704
vt 0.360108 0.097203
vt 0.364985 0.103319
vt 0.367615 0.092085
vt 0.371526 0.098859
vt 0.375801 0.088142
vt 0.378659 0.095425
vt 0.384483 0.085464
vt 0.386224 0.093091
vt 0.393468 0.084110
vt 0.394052 0.091911
vt 0.402554 0.084110
vt 0.401969 0.091911
vt 0.411538 0.085464
vt 0.409798 0.093091
vt 0.420221 0.088142
vt 0.417362 0.095425
vt 0.428407 0.092084
vt 0.424495 0.098859
vt 0.435914 0.097203
vt 0.431036 0.103319
vt 0.442574 0.103383
vt 0.436840 0.108704
vt 0.448239 0.110486
vt 0.441776 0.114893
vt 0.452782 0.118355
vt 0.445734 0.121749
vt 0.456102 0.126813
vt 0.448626 0.129119
vt 0.166867 0.112526
vt 0.166867 0.091588
vt 0.160197 0.112526
vt 0.160197 0.091588
vt 0.153527 0.112526
vt 0.153527 0.091588
vt 0.146857 0.112526
vt 0.146857 0.091588
vt 0.140186 0.112526
vt 0.140186 0.091588
vt 0.133516 0.112526
vt 0.133516 0.091588
vt 0.126846 0.112526
vt 0.126846 0.091588
vt 0.120176 0.112526
vt 0.120176 0.091588
vt 0.113506 0.112526
vt 0.113506 0.091588
vt 0.106835 0.112526
vt 0.106835 0.091588
vt 0.100165 0.112526
vt 0.100165 0.091588
vt 0.093495 0.112526
vt 0.093495 0.091588
vt 0.086825 0.112526
vt 0.086825 0.091588
vt 0.080155 0.112526
vt 0.080155 0.091588
vt 0.073485 0.112526
vt 0.073485 0.091588
vt 0.066814 0.112526
vt 0.066814 0.091588
vt 0.060144 0.112526
vt 0.060144 0.091588
vt 0.053474 0.112526
vt 0.053474 0.091588
vt 0.046804 0.112526
vt 0.046804 0.091588
vt 0.040134 0.112526
vt 0.040134 0.091588
vt 0.033464 0.112526
vt 0.033464 0.091588
vt 0.026793 0.112526
vt 0.026793 0.091588
vt 0.306941 0.091588
vt 0.306941 0.112526
vt 0.300271 0.112526
vt 0.300271 0.091588
vt 0.293600 0.112526
vt 0.293600 0.091588
vt 0.286930 0.112526
vt 0.286930 0.091588
vt 0.280260 0.112526
vt 0.280260 0.091588
vt 0.273590 0.112526
vt 0.273590 0.091588
vt 0.266920 0.112526
vt 0.266920 0.091588
vt 0.260250 0.112526
vt 0.260250 0.091588
vt 0.253579 0.112526
vt 0.253579 0.091588
vt 0.246909 0.112526
vt 0.246909 0.091588
vt 0.240239 0.112526
vt 0.240239 0.091588
vt 0.233569 0.112526
vt 0.233569 0.091588
vt 0.226899 0.112526
vt 0.226899 0.091588
vt 0.220228 0.112526
vt 0.220228 0.091588
vt 0.213558 0.112526
vt 0.213558 0.091588
vt 0.206888 0.112526
vt 0.206888 0.091588
vt 0.200218 0.112526
vt 0.200218 0.091588
vt 0.193548 0.112526
vt 0.193548 0.091588
vt 0.186878 0.112526
vt 0.186878 0.091588
vt 0.458915 0.135552
vt 0.456867 0.126577
vt 0.458124 0.135671
vt 0.450388 0.136837
vt 0.459603 0.144732
vt 0.458915 0.153912
vt 0.456867 0.162886
vt 0.453504 0.171456
vt 0.448901 0.179428
vt 0.443161 0.186625
vt 0.436413 0.192886
vt 0.428807 0.198072
vt 0.420513 0.202066
vt 0.411716 0.204780
vt 0.402614 0.206152
vt 0.393408 0.206152
vt 0.384305 0.204780
vt 0.375509 0.202066
vt 0.367215 0.198072
vt 0.359609 0.192887
vt 0.352860 0.186625
vt 0.347121 0.179428
vt 0.342518 0.171456
vt 0.339155 0.162886
vt 0.337106 0.153912
vt 0.336418 0.144732
vt 0.337106 0.135552
vt 0.339155 0.126577
vt 0.342518 0.118008
vt 0.347121 0.110036
vt 0.352860 0.102838
vt 0.359609 0.096577
vt 0.367215 0.091391
vt 0.375509 0.087397
vt 0.384305 0.084684
vt 0.393408 0.083312
vt 0.402614 0.083312
vt 0.411716 0.084684
vt 0.420513 0.087397
vt 0.428807 0.091391
vt 0.436413 0.096577
vt 0.443161 0.102838
vt 0.448901 0.110035
vt 0.453504 0.118008
vt 0.173537 0.112884
vt 0.166867 0.112884
vt 0.180207 0.112884
vt 0.186878 0.112884
vt 0.193548 0.112884
vt 0.200218 0.112884
vt 0.206888 0.112884
vt 0.213558 0.112884
vt 0.220228 0.112884
vt 0.226899 0.112884
vt 0.233569 0.112884
vt 0.240239 0.112884
vt 0.246909 0.112884
vt 0.253579 0.112884
vt 0.260250 0.112884
vt 0.266920 0.112884
vt 0.273590 0.112884
vt 0.280260 0.112884
vt 0.286930 0.112884
vt 0.293601 0.112884
vt 0.300271 0.112884
vt 0.306941 0.112884
vt 0.033464 0.112884
vt 0.026793 0.112884
vt 0.040134 0.112884
vt 0.046804 0.112884
vt 0.053474 0.112884
vt 0.060144 0.112884
vt 0.066814 0.112884
vt 0.073485 0.112884
vt 0.080155 0.112884
vt 0.086825 0.112884
vt 0.093495 0.112884
vt 0.100165 0.112884
vt 0.106835 0.112884
vt 0.113506 0.112884
vt 0.120176 0.112884
vt 0.126846 0.112884
vt 0.133516 0.112884
vt 0.140186 0.112884
vt 0.146857 0.112884
vt 0.153527 0.112884
vt 0.160197 0.112884
vt 0.372729 0.045456
vt 0.372729 0.083194
vt 0.334990 0.083194
vt 0.334990 0.045456
vt 0.324732 0.083194
vt 0.315618 0.083194
vt 0.315618 0.045456
vt 0.324732 0.045456
vt 0.334435 0.083194
vt 0.325320 0.083194
vt 0.325320 0.045456
vt 0.334435 0.045456
vt 0.304687 0.083331
vt 0.295578 0.083015
vt 0.295578 0.045914
vt 0.304687 0.046230
vt 0.305920 0.046144
vt 0.305331 0.046121
vt 0.305413 0.045654
vt 0.305877 0.045556
vt 0.334990 0.083750
vt 0.334537 0.083648
vt 0.325278 0.083750
vt 0.324814 0.083648
vt 0.324814 0.045002
vt 0.325278 0.044900
vt 0.373284 0.083194
vt 0.373183 0.083648
vt 0.372729 0.083750
vt 0.295536 0.083603
vt 0.295071 0.083506
vt 0.294990 0.083038
vt 0.315029 0.045456
vt 0.315111 0.045002
vt 0.315575 0.044900
vt 0.334537 0.045002
vt 0.334990 0.044900
vt 0.305920 0.083245
vt 0.305877 0.083750
vt 0.305413 0.083647
vt 0.305331 0.083223
vt 0.294990 0.045937
vt 0.295071 0.045512
vt 0.295536 0.045409
vt 0.372729 0.044900
vt 0.373183 0.045002
vt 0.373284 0.045456
vt 0.315575 0.083750
vt 0.315111 0.083648
vt 0.315029 0.083194
vt 0.315029 0.045828
vt 0.314986 0.045240
vt 0.334393 0.083750
vt 0.304644 0.083919
vt 0.334393 0.044900
vt 0.324690 0.083750
vt 0.304644 0.045725
vt 0.315029 0.082929
vt 0.314986 0.083434
vt 0.324690 0.044900
vt 0.305625 0.375512
vt 0.334465 0.375512
vt 0.334465 0.378477
vt 0.305625 0.378477
vt 0.305506 0.371241
vt 0.334346 0.371241
vt 0.334346 0.374276
vt 0.305506 0.374276
vt 0.305506 0.368133
vt 0.334346 0.368133
vt 0.305506 0.364953
vt 0.334346 0.364953
vt 0.305506 0.361708
vt 0.334346 0.361708
vt 0.305506 0.358406
vt 0.334346 0.358406
vt 0.305506 0.357240
vt 0.334346 0.357240
vt 0.305837 0.324480
vt 0.334331 0.324480
vt 0.334331 0.317774
vt 0.305837 0.317774
vt 0.305751 0.338116
vt 0.334344 0.338116
vt 0.334344 0.325417
vt 0.305751 0.325417
vt 0.305625 0.438007
vt 0.334465 0.438007
vt 0.334465 0.441308
vt 0.305625 0.441308
vt 0.305625 0.434761
vt 0.334465 0.434761
vt 0.305625 0.431581
vt 0.334465 0.431581
vt 0.305625 0.428473
vt 0.334465 0.428473
vt 0.305625 0.425438
vt 0.334465 0.425438
vt 0.305625 0.422474
vt 0.334465 0.422474
vt 0.305625 0.419575
vt 0.334465 0.419575
vt 0.305625 0.416735
vt 0.334465 0.416735
vt 0.305625 0.413947
vt 0.334465 0.413947
vt 0.305625 0.411201
vt 0.334465 0.411201
vt 0.305625 0.408490
vt 0.334465 0.408490
vt 0.305625 0.405804
vt 0.334465 0.405804
vt 0.305625 0.403135
vt 0.334465 0.403135
vt 0.305625 0.400475
vt 0.334465 0.400475
vt 0.305625 0.397815
vt 0.334465 0.397815
vt 0.305625 0.395147
vt 0.334465 0.395147
vt 0.305625 0.392461
vt 0.334465 0.392461
vt 0.305625 0.389750
vt 0.334465 0.389750
vt 0.305625 0.387004
vt 0.334465 0.387004
vt 0.305625 0.384215
vt 0.334465 0.384215
vt 0.305625 0.381376
vt 0.334465 0.381376
vt 0.334291 0.354650
vt 0.305561 0.354650
vt 0.305561 0.341890
vt 0.334291 0.341890
vt 0.334465 0.442474
vt 0.305625 0.442474
vt 0.305506 0.356239
vt 0.334346 0.356239
vt 0.305561 0.355666
vt 0.334291 0.355666
vt 0.305751 0.339127
vt 0.334344 0.339127
vt 0.334465 0.444079
vt 0.305625 0.444079
vt 0.305625 0.443476
vt 0.334465 0.443476
vt 0.323570 0.302575
vt 0.316159 0.302575
vt 0.319864 0.288324
vt 0.322668 0.303477
vt 0.317060 0.303477
vt 0.333071 0.304417
vt 0.333330 0.301790
vt 0.334236 0.301790
vt 0.333960 0.304594
vt 0.332305 0.306944
vt 0.333142 0.307290
vt 0.331061 0.309272
vt 0.331814 0.309775
vt 0.329386 0.311312
vt 0.330027 0.311953
vt 0.327345 0.312987
vt 0.327849 0.313740
vt 0.325017 0.314231
vt 0.325364 0.315068
vt 0.312383 0.312987
vt 0.314711 0.314231
vt 0.314364 0.315068
vt 0.311879 0.313740
vt 0.310342 0.311312
vt 0.309702 0.311953
vt 0.308668 0.309272
vt 0.307914 0.309775
vt 0.307423 0.306944
vt 0.306586 0.307290
vt 0.306657 0.304417
vt 0.305768 0.304594
vt 0.306398 0.301790
vt 0.305492 0.301790
vt 0.306657 0.299163
vt 0.305768 0.298987
vt 0.307423 0.296637
vt 0.306586 0.296290
vt 0.308668 0.294309
vt 0.307914 0.293806
vt 0.310342 0.292268
vt 0.309702 0.291628
vt 0.312383 0.290594
vt 0.311879 0.289840
vt 0.314711 0.289349
vt 0.314364 0.288512
vt 0.317237 0.288583
vt 0.317060 0.287694
vt 0.319864 0.287418
vt 0.322491 0.288583
vt 0.322668 0.287694
vt 0.325017 0.289349
vt 0.325364 0.288512
vt 0.327345 0.290594
vt 0.327849 0.289840
vt 0.329386 0.292268
vt 0.330027 0.291628
vt 0.331061 0.294309
vt 0.331814 0.293806
vt 0.332305 0.296637
vt 0.333142 0.296290
vt 0.333071 0.299163
vt 0.333960 0.298987
vt 0.323831 0.314468
vt 0.324272 0.314457
vt 0.324416 0.315356
vt 0.323542 0.315376
vt 0.323688 0.314362
vt 0.322902 0.314902
vt 0.323570 0.313936
vt 0.322668 0.314059
vt 0.316040 0.314362
vt 0.316159 0.313936
vt 0.317060 0.314059
vt 0.316826 0.314902
vt 0.315897 0.314468
vt 0.316186 0.315376
vt 0.315456 0.314457
vt 0.315312 0.315356
vt 0.033578 0.034873
vt 0.033578 0.034398
vt 0.383409 0.034398
vt 0.383409 0.034873
vt 0.033578 0.033923
vt 0.383409 0.033923
vt 0.033578 0.033448
vt 0.383409 0.033447
vt 0.033578 0.032972
vt 0.383409 0.032972
vt 0.033578 0.032497
vt 0.383409 0.032497
vt 0.033578 0.032022
vt 0.383409 0.032022
vt 0.033578 0.031547
vt 0.383409 0.031547
vt 0.033578 0.031072
vt 0.383409 0.031072
vt 0.033578 0.030597
vt 0.383409 0.030597
vt 0.033578 0.030122
vt 0.383409 0.030122
vt 0.033578 0.029646
vt 0.383409 0.029646
vt 0.033578 0.029171
vt 0.383409 0.029171
vt 0.033578 0.028696
vt 0.383409 0.028696
vt 0.033578 0.028221
vt 0.383409 0.028221
vt 0.033578 0.027746
vt 0.383409 0.027746
vt 0.033578 0.027271
vt 0.383409 0.027271
vt 0.033578 0.026796
vt 0.383409 0.026796
vt 0.033578 0.042000
vt 0.033578 0.041525
vt 0.383409 0.041525
vt 0.383409 0.042000
vt 0.033578 0.041050
vt 0.383409 0.041050
vt 0.033578 0.040574
vt 0.383409 0.040575
vt 0.033578 0.040099
vt 0.383409 0.040099
vt 0.033578 0.039624
vt 0.383409 0.039624
vt 0.033578 0.039149
vt 0.383409 0.039149
vt 0.033578 0.038674
vt 0.383409 0.038674
vt 0.033578 0.038199
vt 0.383409 0.038199
vt 0.033578 0.037724
vt 0.383409 0.037724
vt 0.033578 0.037249
vt 0.383409 0.037249
vt 0.033578 0.036773
vt 0.383409 0.036773
vt 0.033578 0.036298
vt 0.383409 0.036298
vt 0.033578 0.035823
vt 0.383409 0.035823
vt 0.395407 0.033447
vt 0.395407 0.033923
vt 0.033578 0.035348
vt 0.383409 0.035348
vt 0.089539 0.069985
vt 0.089539 0.071323
vt 0.088047 0.071176
vt 0.088307 0.069864
vt 0.086612 0.070740
vt 0.087123 0.069505
vt 0.085289 0.070034
vt 0.086032 0.068922
vt 0.084130 0.069082
vt 0.085076 0.068137
vt 0.083179 0.067923
vt 0.084291 0.067181
vt 0.082472 0.066601
vt 0.083708 0.066089
vt 0.082037 0.065166
vt 0.083349 0.064905
vt 0.081890 0.063674
vt 0.083227 0.063674
vt 0.082037 0.062182
vt 0.083349 0.062443
vt 0.082472 0.060747
vt 0.083708 0.061259
vt 0.083179 0.059425
vt 0.084291 0.060167
vt 0.084130 0.058266
vt 0.085076 0.059211
vt 0.085289 0.057314
vt 0.086032 0.058426
vt 0.086612 0.056608
vt 0.087123 0.057843
vt 0.088047 0.056172
vt 0.088307 0.057484
vt 0.089539 0.056025
vt 0.089539 0.057363
vt 0.091031 0.056172
vt 0.090770 0.057484
vt 0.092466 0.056608
vt 0.091954 0.057843
vt 0.093788 0.057314
vt 0.093045 0.058426
vt 0.094947 0.058266
vt 0.094002 0.059211
vt 0.095898 0.059425
vt 0.094787 0.060168
vt 0.096605 0.060747
vt 0.095370 0.061259
vt 0.097041 0.062182
vt 0.095729 0.062443
vt 0.097187 0.063674
vt 0.095850 0.063674
vt 0.097041 0.065166
vt 0.095729 0.064905
vt 0.096605 0.066601
vt 0.095370 0.066089
vt 0.095898 0.067923
vt 0.094787 0.067180
vt 0.094947 0.069082
vt 0.094002 0.068137
vt 0.093788 0.070034
vt 0.093045 0.068922
vt 0.092466 0.070741
vt 0.091954 0.069505
vt 0.091031 0.071176
vt 0.090770 0.069864
vt 0.395407 0.030121
vt 0.398510 0.030121
vt 0.398510 0.030597
vt 0.395407 0.030597
vt 0.395407 0.035823
vt 0.395407 0.036298
vt 0.395407 0.026796
vt 0.395407 0.027271
vt 0.383409 0.027271
vt 0.395407 0.032972
vt 0.395407 0.035348
vt 0.395407 0.041525
vt 0.395407 0.042000
vt 0.395407 0.032497
vt 0.395407 0.034873
vt 0.395407 0.041050
vt 0.395407 0.032022
vt 0.395407 0.040575
vt 0.383409 0.031547
vt 0.395407 0.031547
vt 0.395407 0.040099
vt 0.395407 0.031072
vt 0.395407 0.039624
vt 0.395407 0.039149
vt 0.395407 0.038674
vt 0.395407 0.029646
vt 0.395407 0.038199
vt 0.395407 0.029171
vt 0.395407 0.037724
vt 0.395407 0.028696
vt 0.395407 0.037249
vt 0.395407 0.028221
vt 0.383409 0.034398
vt 0.395407 0.034398
vt 0.395407 0.036773
vt 0.395407 0.027746
vt 0.089753 0.072257
vt 0.089753 0.074820
vt 0.087573 0.074606
vt 0.088073 0.072092
vt 0.085477 0.073970
vt 0.086458 0.071602
vt 0.083545 0.072937
vt 0.084969 0.070806
vt 0.081852 0.071547
vt 0.083664 0.069735
vt 0.080462 0.069854
vt 0.082593 0.068430
vt 0.079430 0.067922
vt 0.081797 0.066941
vt 0.078794 0.065826
vt 0.081307 0.065326
vt 0.078579 0.063646
vt 0.081142 0.063646
vt 0.078794 0.061466
vt 0.081307 0.061966
vt 0.079430 0.059370
vt 0.081797 0.060350
vt 0.080462 0.057438
vt 0.082593 0.058862
vt 0.081852 0.055744
vt 0.083664 0.057557
vt 0.083545 0.054355
vt 0.084969 0.056486
vt 0.085477 0.053322
vt 0.086458 0.055690
vt 0.087573 0.052686
vt 0.088073 0.055200
vt 0.089753 0.052471
vt 0.089753 0.055034
vt 0.091933 0.052686
vt 0.091433 0.055200
vt 0.094030 0.053322
vt 0.093049 0.055690
vt 0.095962 0.054355
vt 0.094538 0.056486
vt 0.097655 0.055744
vt 0.095843 0.057557
vt 0.099045 0.057438
vt 0.096914 0.058862
vt 0.100077 0.059370
vt 0.097709 0.060350
vt 0.100713 0.061466
vt 0.098199 0.061966
vt 0.100928 0.063646
vt 0.098365 0.063646
vt 0.100713 0.065826
vt 0.098199 0.065326
vt 0.100077 0.067922
vt 0.097709 0.066941
vt 0.099045 0.069854
vt 0.096914 0.068430
vt 0.097655 0.071547
vt 0.095843 0.069735
vt 0.095962 0.072937
vt 0.094538 0.070806
vt 0.094030 0.073970
vt 0.093049 0.071602
vt 0.091933 0.074606
vt 0.091433 0.072092
vt 0.398510 0.032022
vt 0.402591 0.032022
vt 0.402591 0.032497
vt 0.398510 0.032497
vt 0.398510 0.038674
vt 0.398510 0.039149
vt 0.398510 0.029646
vt 0.398510 0.038199
vt 0.398510 0.029171
vt 0.398510 0.037724
vt 0.398510 0.028696
vt 0.398510 0.037249
vt 0.398510 0.028221
vt 0.398510 0.034398
vt 0.398510 0.034873
vt 0.395407 0.036773
vt 0.398510 0.036773
vt 0.398510 0.027746
vt 0.395407 0.033923
vt 0.398510 0.033923
vt 0.398510 0.036298
vt 0.398510 0.027271
vt 0.398510 0.033447
vt 0.398510 0.035823
vt 0.398510 0.026796
vt 0.398510 0.032972
vt 0.398510 0.035348
vt 0.398510 0.041525
vt 0.398510 0.042000
vt 0.395407 0.042000
vt 0.395407 0.032497
vt 0.398510 0.041050
vt 0.398510 0.032022
vt 0.398510 0.040575
vt 0.398510 0.031547
vt 0.395407 0.040099
vt 0.398510 0.040099
vt 0.398510 0.031072
vt 0.398510 0.039624
vt 0.041604 0.070139
vt 0.041604 0.071572
vt 0.040131 0.071427
vt 0.040411 0.070021
vt 0.038715 0.070998
vt 0.039264 0.069673
vt 0.037411 0.070300
vt 0.038207 0.069108
vt 0.036267 0.069362
vt 0.037281 0.068348
vt 0.035328 0.068218
vt 0.036520 0.067422
vt 0.034631 0.066913
vt 0.035955 0.066365
vt 0.034201 0.065497
vt 0.035607 0.065218
vt 0.034056 0.064025
vt 0.035490 0.064025
vt 0.034201 0.062552
vt 0.035607 0.062832
vt 0.034631 0.061137
vt 0.035955 0.061685
vt 0.035328 0.059832
vt 0.036520 0.060628
vt 0.036267 0.058688
vt 0.037281 0.059702
vt 0.037411 0.057750
vt 0.038207 0.058941
vt 0.038715 0.057052
vt 0.039264 0.058377
vt 0.040131 0.056623
vt 0.040411 0.058029
vt 0.041604 0.056478
vt 0.041604 0.057911
vt 0.043076 0.056623
vt 0.042796 0.058029
vt 0.044492 0.057052
vt 0.043943 0.058377
vt 0.045797 0.057750
vt 0.045000 0.058941
vt 0.046940 0.058688
vt 0.045927 0.059702
vt 0.047879 0.059832
vt 0.046687 0.060628
vt 0.048577 0.061137
vt 0.047252 0.061685
vt 0.049006 0.062552
vt 0.047600 0.062832
vt 0.049151 0.064025
vt 0.047718 0.064025
vt 0.049006 0.065497
vt 0.047600 0.065218
vt 0.048577 0.066913
vt 0.047252 0.066365
vt 0.047879 0.068218
vt 0.046687 0.067422
vt 0.046940 0.069362
vt 0.045927 0.068348
vt 0.045797 0.070300
vt 0.045000 0.069108
vt 0.044492 0.070998
vt 0.043943 0.069673
vt 0.043076 0.071427
vt 0.042796 0.070021
vt 0.402591 0.040575
vt 0.406550 0.040575
vt 0.406550 0.041050
vt 0.402591 0.041050
vt 0.398510 0.040575
vt 0.402591 0.040575
vt 0.398510 0.041050
vt 0.402591 0.031547
vt 0.402591 0.040099
vt 0.402591 0.031072
vt 0.398510 0.039624
vt 0.402591 0.039624
vt 0.402591 0.030597
vt 0.398510 0.039149
vt 0.402591 0.039149
vt 0.402591 0.030121
vt 0.402591 0.038674
vt 0.398510 0.029646
vt 0.402591 0.029646
vt 0.398510 0.038199
vt 0.402591 0.038199
vt 0.402591 0.029171
vt 0.402591 0.037724
vt 0.402591 0.028696
vt 0.402591 0.037249
vt 0.402591 0.028221
vt 0.398510 0.034398
vt 0.402591 0.034398
vt 0.402591 0.034873
vt 0.398510 0.034873
vt 0.402591 0.036773
vt 0.398510 0.027746
vt 0.402591 0.027746
vt 0.398510 0.033923
vt 0.402591 0.033923
vt 0.398510 0.036298
vt 0.402591 0.036298
vt 0.398510 0.027271
vt 0.402591 0.027271
vt 0.398510 0.033447
vt 0.402591 0.033447
vt 0.402591 0.035823
vt 0.398510 0.026796
vt 0.402591 0.026796
vt 0.398510 0.032972
vt 0.402591 0.032972
vt 0.398510 0.035348
vt 0.402591 0.035348
vt 0.402591 0.041525
vt 0.402591 0.042000
vt 0.398510 0.042000
vt 0.065925 0.072114
vt 0.065925 0.074007
vt 0.063841 0.073801
vt 0.064210 0.071945
vt 0.061838 0.073194
vt 0.062562 0.071445
vt 0.059991 0.072207
vt 0.061043 0.070633
vt 0.058372 0.070878
vt 0.059711 0.069540
vt 0.057044 0.069260
vt 0.058618 0.068208
vt 0.056057 0.067413
vt 0.057806 0.066689
vt 0.055449 0.065410
vt 0.057306 0.065041
vt 0.055244 0.063326
vt 0.057137 0.063326
vt 0.055449 0.061243
vt 0.057306 0.061612
vt 0.056057 0.059239
vt 0.057806 0.059963
vt 0.057044 0.057393
vt 0.058618 0.058444
vt 0.058372 0.055774
vt 0.059711 0.057113
vt 0.059991 0.054446
vt 0.061043 0.056020
vt 0.061838 0.053459
vt 0.062562 0.055208
vt 0.063841 0.052851
vt 0.064210 0.054708
vt 0.065925 0.052646
vt 0.065925 0.054539
vt 0.068008 0.052851
vt 0.067639 0.054708
vt 0.070012 0.053459
vt 0.069287 0.055208
vt 0.071858 0.054446
vt 0.070807 0.056020
vt 0.073477 0.055774
vt 0.072138 0.057113
vt 0.074805 0.057393
vt 0.073231 0.058444
vt 0.075792 0.059239
vt 0.074043 0.059963
vt 0.076400 0.061243
vt 0.074543 0.061612
vt 0.076605 0.063326
vt 0.074712 0.063326
vt 0.076400 0.065410
vt 0.074543 0.065041
vt 0.075792 0.067413
vt 0.074043 0.066689
vt 0.074805 0.069260
vt 0.073231 0.068208
vt 0.073477 0.070878
vt 0.072138 0.069540
vt 0.071858 0.072207
vt 0.070807 0.070633
vt 0.070012 0.073194
vt 0.069287 0.071445
vt 0.068008 0.073801
vt 0.067639 0.071945
vt 0.406550 0.040099
vt 0.409733 0.040099
vt 0.409733 0.040575
vt 0.406550 0.040575
vt 0.406550 0.031547
vt 0.406550 0.032022
vt 0.406550 0.031072
vt 0.406550 0.039624
vt 0.406550 0.030597
vt 0.406550 0.039149
vt 0.406550 0.030121
vt 0.406550 0.038674
vt 0.406550 0.029646
vt 0.406550 0.038199
vt 0.406550 0.029171
vt 0.406550 0.037724
vt 0.406550 0.028696
vt 0.406550 0.037249
vt 0.406550 0.028221
vt 0.406550 0.034398
vt 0.406550 0.034873
vt 0.406550 0.036773
vt 0.406550 0.027746
vt 0.406550 0.033923
vt 0.406550 0.036298
vt 0.402591 0.027271
vt 0.406550 0.027271
vt 0.406550 0.033447
vt 0.402591 0.035823
vt 0.406550 0.035823
vt 0.406550 0.026796
vt 0.406550 0.032972
vt 0.406550 0.035348
vt 0.406550 0.041525
vt 0.406550 0.042000
vt 0.406550 0.032497
vt 0.041644 0.072405
vt 0.041644 0.075357
vt 0.039431 0.075139
vt 0.040007 0.072244
vt 0.037303 0.074493
vt 0.038433 0.071766
vt 0.035342 0.073445
vt 0.036982 0.070991
vt 0.033623 0.072034
vt 0.035710 0.069947
vt 0.032212 0.070315
vt 0.034666 0.068675
vt 0.031164 0.068354
vt 0.033891 0.067224
vt 0.030518 0.066226
vt 0.033413 0.065650
vt 0.030300 0.064013
vt 0.033252 0.064013
vt 0.030518 0.061799
vt 0.033413 0.062375
vt 0.031164 0.059671
vt 0.033891 0.060801
vt 0.032212 0.057710
vt 0.034666 0.059350
vt 0.033623 0.055991
vt 0.035710 0.058078
vt 0.035342 0.054580
vt 0.036982 0.057034
vt 0.037303 0.053532
vt 0.038433 0.056259
vt 0.039431 0.052886
vt 0.040007 0.055781
vt 0.041644 0.052668
vt 0.041644 0.055620
vt 0.043858 0.052886
vt 0.043282 0.055781
vt 0.045986 0.053532
vt 0.044856 0.056259
vt 0.047947 0.054580
vt 0.046307 0.057034
vt 0.049666 0.055991
vt 0.047579 0.058078
vt 0.051077 0.057710
vt 0.048623 0.059350
vt 0.052126 0.059671
vt 0.049399 0.060801
vt 0.052771 0.061799
vt 0.049876 0.062375
vt 0.052989 0.064013
vt 0.050037 0.064013
vt 0.052771 0.066226
vt 0.049876 0.065650
vt 0.052126 0.068354
vt 0.049398 0.067224
vt 0.051077 0.070315
vt 0.048623 0.068675
vt 0.049666 0.072034
vt 0.047579 0.069947
vt 0.047947 0.073445
vt 0.046307 0.070991
vt 0.045986 0.074493
vt 0.044856 0.071766
vt 0.043858 0.075139
vt 0.043282 0.072244
vt 0.409733 0.033447
vt 0.414749 0.033447
vt 0.414749 0.033922
vt 0.409733 0.033922
vt 0.409733 0.031072
vt 0.409733 0.031547
vt 0.406550 0.031547
vt 0.406550 0.039624
vt 0.409733 0.039624
vt 0.406550 0.030597
vt 0.409733 0.030597
vt 0.406550 0.039149
vt 0.409733 0.039149
vt 0.409733 0.030121
vt 0.409733 0.038674
vt 0.409733 0.029646
vt 0.409733 0.038199
vt 0.409733 0.029171
vt 0.409733 0.037724
vt 0.409733 0.028696
vt 0.409733 0.037249
vt 0.406550 0.028221
vt 0.409733 0.028221
vt 0.406550 0.034398
vt 0.409733 0.034398
vt 0.409733 0.034873
vt 0.409733 0.036773
vt 0.406550 0.027746
vt 0.409733 0.027746
vt 0.409733 0.033922
vt 0.406550 0.036298
vt 0.409733 0.036298
vt 0.409733 0.027271
vt 0.406550 0.033447
vt 0.409733 0.035823
vt 0.409733 0.026796
vt 0.409733 0.032972
vt 0.406550 0.035348
vt 0.409733 0.035348
vt 0.406550 0.041525
vt 0.409733 0.041525
vt 0.409733 0.042000
vt 0.406550 0.032497
vt 0.409733 0.032497
vt 0.409733 0.041050
vt 0.409733 0.032022
vt 0.041553 0.068221
vt 0.041553 0.068952
vt 0.040584 0.068857
vt 0.040727 0.068140
vt 0.039652 0.068574
vt 0.039932 0.067899
vt 0.038794 0.068116
vt 0.039200 0.067507
vt 0.038042 0.067498
vt 0.038559 0.066981
vt 0.037424 0.066745
vt 0.038032 0.066339
vt 0.036965 0.065887
vt 0.037641 0.065607
vt 0.036683 0.064956
vt 0.037400 0.064813
vt 0.036587 0.063987
vt 0.037319 0.063987
vt 0.036683 0.063018
vt 0.037400 0.063161
vt 0.036965 0.062086
vt 0.037641 0.062366
vt 0.037424 0.061228
vt 0.038032 0.061634
vt 0.038042 0.060475
vt 0.038559 0.060993
vt 0.038794 0.059858
vt 0.039200 0.060466
vt 0.039652 0.059399
vt 0.039932 0.060075
vt 0.040584 0.059116
vt 0.040727 0.059834
vt 0.041553 0.059021
vt 0.041553 0.059753
vt 0.042522 0.059116
vt 0.042379 0.059834
vt 0.043453 0.059399
vt 0.043173 0.060075
vt 0.044312 0.059858
vt 0.043905 0.060466
vt 0.045064 0.060475
vt 0.044547 0.060993
vt 0.045682 0.061228
vt 0.045073 0.061634
vt 0.046140 0.062086
vt 0.045465 0.062366
vt 0.046423 0.063018
vt 0.045706 0.063161
vt 0.046519 0.063987
vt 0.045787 0.063987
vt 0.046423 0.064956
vt 0.045706 0.064813
vt 0.046140 0.065887
vt 0.045465 0.065607
vt 0.045682 0.066746
vt 0.045073 0.066339
vt 0.045064 0.067498
vt 0.044547 0.066981
vt 0.044312 0.068116
vt 0.043905 0.067507
vt 0.043453 0.068574
vt 0.043173 0.067899
vt 0.042522 0.068857
vt 0.042379 0.068140
vt 0.414749 0.037249
vt 0.419063 0.037249
vt 0.419063 0.037724
vt 0.414749 0.037724
vt 0.409733 0.035823
vt 0.414749 0.035823
vt 0.414749 0.036298
vt 0.409733 0.036298
vt 0.409733 0.026796
vt 0.414749 0.026796
vt 0.414749 0.027271
vt 0.414749 0.032972
vt 0.409733 0.035348
vt 0.414749 0.035348
vt 0.414749 0.041525
vt 0.414749 0.042000
vt 0.409733 0.042000
vt 0.414749 0.032497
vt 0.409733 0.034873
vt 0.414749 0.034873
vt 0.414749 0.041050
vt 0.409733 0.032022
vt 0.414749 0.032022
vt 0.409733 0.040575
vt 0.414749 0.040575
vt 0.409733 0.031547
vt 0.414749 0.031547
vt 0.409733 0.040099
vt 0.414749 0.040099
vt 0.409733 0.031072
vt 0.414749 0.031072
vt 0.409733 0.039624
vt 0.414749 0.039624
vt 0.414749 0.030597
vt 0.409733 0.039149
vt 0.414749 0.039149
vt 0.414749 0.030121
vt 0.409733 0.038674
vt 0.414749 0.038674
vt 0.414749 0.029646
vt 0.414749 0.038199
vt 0.409733 0.029171
vt 0.414749 0.029171
vt 0.409733 0.028696
vt 0.414749 0.028696
vt 0.409733 0.037249
vt 0.409733 0.028221
vt 0.414749 0.028221
vt 0.409733 0.034398
vt 0.414749 0.034398
vt 0.414749 0.036773
vt 0.409733 0.027746
vt 0.414749 0.027746
vt 0.065925 0.069716
vt 0.065925 0.071085
vt 0.064411 0.070936
vt 0.064678 0.069593
vt 0.062955 0.070495
vt 0.063479 0.069230
vt 0.061614 0.069778
vt 0.062375 0.068639
vt 0.060438 0.068813
vt 0.061406 0.067845
vt 0.059473 0.067637
vt 0.060612 0.066876
vt 0.058756 0.066296
vt 0.060021 0.065772
vt 0.058315 0.064840
vt 0.059657 0.064573
vt 0.058165 0.063326
vt 0.059535 0.063326
vt 0.058315 0.061813
vt 0.059657 0.062080
vt 0.058756 0.060357
vt 0.060021 0.060881
vt 0.059473 0.059015
vt 0.060612 0.059776
vt 0.060438 0.057840
vt 0.061406 0.058808
vt 0.061614 0.056875
vt 0.062375 0.058013
vt 0.062955 0.056158
vt 0.063479 0.057423
vt 0.064411 0.055716
vt 0.064678 0.057059
vt 0.065925 0.055567
vt 0.065925 0.056936
vt 0.067438 0.055716
vt 0.067171 0.057059
vt 0.068894 0.056158
vt 0.068370 0.057423
vt 0.070235 0.056875
vt 0.069475 0.058013
vt 0.071411 0.057840
vt 0.070443 0.058808
vt 0.072376 0.059015
vt 0.071238 0.059776
vt 0.073093 0.060357
vt 0.071828 0.060881
vt 0.073535 0.061813
vt 0.072192 0.062080
vt 0.073684 0.063326
vt 0.072315 0.063326
vt 0.073535 0.064840
vt 0.072192 0.064573
vt 0.073093 0.066296
vt 0.071828 0.065772
vt 0.072376 0.067637
vt 0.071238 0.066876
vt 0.071411 0.068813
vt 0.070443 0.067845
vt 0.070235 0.069778
vt 0.069475 0.068639
vt 0.068894 0.070495
vt 0.068370 0.069230
vt 0.067438 0.070936
vt 0.067171 0.069593
vt 0.419063 0.032497
vt 0.426773 0.032497
vt 0.426773 0.032972
vt 0.419063 0.032972
vt 0.419063 0.028221
vt 0.419063 0.028696
vt 0.419063 0.034398
vt 0.419063 0.034873
vt 0.419063 0.036773
vt 0.419063 0.027746
vt 0.414749 0.033922
vt 0.419063 0.033922
vt 0.414749 0.036298
vt 0.419063 0.036298
vt 0.414749 0.027271
vt 0.419063 0.027271
vt 0.414749 0.033447
vt 0.419063 0.033447
vt 0.414749 0.035823
vt 0.419063 0.035823
vt 0.419063 0.026796
vt 0.414749 0.032972
vt 0.419063 0.032972
vt 0.419063 0.035348
vt 0.414749 0.041525
vt 0.419063 0.041525
vt 0.419063 0.042000
vt 0.419063 0.032497
vt 0.414749 0.041050
vt 0.419063 0.041050
vt 0.419063 0.032022
vt 0.419063 0.040575
vt 0.419063 0.031547
vt 0.419063 0.040099
vt 0.419063 0.031072
vt 0.419063 0.039624
vt 0.419063 0.030597
vt 0.419063 0.039149
vt 0.419063 0.030121
vt 0.414749 0.038674
vt 0.419063 0.038674
vt 0.414749 0.029646
vt 0.419063 0.029646
vt 0.419063 0.038199
vt 0.419063 0.029171
vt 0.041544 0.066537
vt 0.041544 0.067471
vt 0.040864 0.067404
vt 0.041046 0.066488
vt 0.040209 0.067206
vt 0.040567 0.066343
vt 0.039607 0.066884
vt 0.040126 0.066107
vt 0.039078 0.066450
vt 0.039739 0.065790
vt 0.038645 0.065922
vt 0.039421 0.065403
vt 0.038322 0.065319
vt 0.039185 0.064961
vt 0.038124 0.064665
vt 0.039040 0.064482
vt 0.038057 0.063984
vt 0.038991 0.063984
vt 0.038124 0.063304
vt 0.039040 0.063486
vt 0.038322 0.062650
vt 0.039185 0.063007
vt 0.038645 0.062047
vt 0.039421 0.062566
vt 0.039078 0.061519
vt 0.039739 0.062179
vt 0.039607 0.061085
vt 0.040126 0.061862
vt 0.040209 0.060763
vt 0.040567 0.061626
vt 0.040864 0.060564
vt 0.041046 0.061481
vt 0.041544 0.060497
vt 0.041544 0.061431
vt 0.042224 0.060564
vt 0.042042 0.061481
vt 0.042878 0.060763
vt 0.042521 0.061626
vt 0.043481 0.061085
vt 0.042962 0.061862
vt 0.044010 0.061519
vt 0.043349 0.062179
vt 0.044443 0.062047
vt 0.043666 0.062566
vt 0.044765 0.062650
vt 0.043903 0.063007
vt 0.044964 0.063304
vt 0.044048 0.063486
vt 0.045031 0.063984
vt 0.044097 0.063984
vt 0.044964 0.064665
vt 0.044048 0.064482
vt 0.044765 0.065319
vt 0.043903 0.064961
vt 0.044443 0.065922
vt 0.043666 0.065403
vt 0.044010 0.066450
vt 0.043349 0.065790
vt 0.043481 0.066884
vt 0.042962 0.066107
vt 0.042878 0.067206
vt 0.042521 0.066343
vt 0.042224 0.067404
vt 0.042042 0.066488
vt 0.084396 0.063687
vt 0.084495 0.062679
vt 0.419063 0.034873
vt 0.426773 0.034873
vt 0.426773 0.035348
vt 0.419063 0.041050
vt 0.426773 0.041050
vt 0.426773 0.041525
vt 0.419063 0.041525
vt 0.419063 0.032022
vt 0.426773 0.032022
vt 0.419063 0.040575
vt 0.426773 0.040575
vt 0.419063 0.031547
vt 0.426773 0.031547
vt 0.419063 0.040100
vt 0.426773 0.040100
vt 0.419063 0.031072
vt 0.426773 0.031072
vt 0.419063 0.039624
vt 0.426773 0.039624
vt 0.419063 0.030597
vt 0.426773 0.030597
vt 0.419063 0.039149
vt 0.426773 0.039149
vt 0.426773 0.030121
vt 0.419063 0.038674
vt 0.426773 0.038674
vt 0.426773 0.029646
vt 0.426773 0.038199
vt 0.419063 0.029171
vt 0.426773 0.029171
vt 0.426773 0.037724
vt 0.419063 0.028696
vt 0.426773 0.028696
vt 0.426773 0.037249
vt 0.419063 0.028221
vt 0.426773 0.028221
vt 0.419063 0.034398
vt 0.426773 0.034398
vt 0.426773 0.036773
vt 0.419063 0.027746
vt 0.426773 0.027746
vt 0.419063 0.033922
vt 0.426773 0.033922
vt 0.419063 0.036298
vt 0.426773 0.036298
vt 0.419063 0.027271
vt 0.426773 0.027271
vt 0.419063 0.033447
vt 0.426773 0.033447
vt 0.419063 0.035823
vt 0.426773 0.035823
vt 0.419063 0.026796
vt 0.426773 0.026796
vt 0.426773 0.042000
vt 0.419063 0.042000
vt 0.427226 0.040099
vt 0.435569 0.040099
vt 0.435569 0.040575
vt 0.427226 0.040575
vt 0.094332 0.065663
vt 0.093855 0.066556
vt 0.084495 0.064695
vt 0.094626 0.064695
vt 0.084789 0.065663
vt 0.094725 0.063687
vt 0.085266 0.066556
vt 0.094626 0.062679
vt 0.085908 0.067339
vt 0.094332 0.061710
vt 0.086691 0.067981
vt 0.093855 0.060818
vt 0.087584 0.068459
vt 0.088553 0.058621
vt 0.089560 0.058522
vt 0.093213 0.060035
vt 0.088553 0.068753
vt 0.087584 0.058915
vt 0.092430 0.059393
vt 0.089560 0.068852
vt 0.086691 0.059393
vt 0.091537 0.058915
vt 0.090568 0.068753
vt 0.085908 0.060035
vt 0.090568 0.058621
vt 0.091537 0.068459
vt 0.085266 0.060818
vt 0.092430 0.067981
vt 0.084789 0.061711
vt 0.093213 0.067339
vt 0.071311 0.065560
vt 0.060502 0.061083
vt 0.068145 0.057917
vt 0.427226 0.031072
vt 0.435569 0.031072
vt 0.435569 0.031547
vt 0.427226 0.031547
vt 0.427226 0.039624
vt 0.435569 0.039624
vt 0.427226 0.030597
vt 0.435569 0.030597
vt 0.427226 0.039149
vt 0.435569 0.039149
vt 0.427226 0.030122
vt 0.435569 0.030122
vt 0.427226 0.038674
vt 0.435569 0.038674
vt 0.427226 0.029646
vt 0.435569 0.029646
vt 0.427226 0.038199
vt 0.435569 0.038199
vt 0.427226 0.029171
vt 0.435569 0.029171
vt 0.427226 0.037724
vt 0.435569 0.037724
vt 0.427226 0.028696
vt 0.435569 0.028696
vt 0.427226 0.037249
vt 0.435569 0.037249
vt 0.427226 0.028221
vt 0.435569 0.028221
vt 0.427226 0.034398
vt 0.435569 0.034398
vt 0.435569 0.034873
vt 0.427226 0.034873
vt 0.427226 0.036773
vt 0.435569 0.036773
vt 0.427226 0.027746
vt 0.435569 0.027746
vt 0.427226 0.033923
vt 0.435569 0.033923
vt 0.427226 0.036298
vt 0.435569 0.036298
vt 0.427226 0.027271
vt 0.435569 0.027271
vt 0.427226 0.033447
vt 0.435569 0.033447
vt 0.427226 0.035823
vt 0.435569 0.035823
vt 0.427226 0.026796
vt 0.435569 0.026796
vt 0.427226 0.032972
vt 0.435569 0.032972
vt 0.427226 0.035348
vt 0.435569 0.035348
vt 0.427226 0.041525
vt 0.435569 0.041525
vt 0.435569 0.042000
vt 0.427226 0.042000
vt 0.427226 0.032497
vt 0.435569 0.032497
vt 0.427226 0.041050
vt 0.435569 0.041050
vt 0.427226 0.032022
vt 0.435569 0.032022
vt 0.033001 0.030635
vt 0.031147 0.030981
vt 0.031147 0.030883
vt 0.033001 0.030193
vt 0.033001 0.041449
vt 0.031147 0.039709
vt 0.031147 0.039340
vt 0.033001 0.040952
vt 0.033001 0.037343
vt 0.031147 0.038370
vt 0.031147 0.038222
vt 0.033001 0.036877
vt 0.033001 0.032403
vt 0.031147 0.031376
vt 0.031147 0.031261
vt 0.033001 0.031951
vt 0.033001 0.028297
vt 0.031147 0.030037
vt 0.031147 0.029234
vt 0.033001 0.027787
vt 0.033001 0.039111
vt 0.031147 0.038765
vt 0.031147 0.038674
vt 0.033001 0.038674
vt 0.033001 0.034356
vt 0.031147 0.032910
vt 0.031147 0.032107
vt 0.033001 0.033847
vt 0.031147 0.030768
vt 0.033001 0.029741
vt 0.031147 0.039126
vt 0.033001 0.040471
vt 0.031147 0.038007
vt 0.033001 0.036396
vt 0.031147 0.031163
vt 0.033001 0.031509
vt 0.031147 0.027270
vt 0.033001 0.027271
vt 0.031147 0.038583
vt 0.033001 0.038237
vt 0.031147 0.031738
vt 0.033001 0.033350
vt 0.031147 0.030620
vt 0.033001 0.029275
vt 0.031147 0.038978
vt 0.033001 0.040005
vt 0.031147 0.037639
vt 0.033001 0.035899
vt 0.031147 0.031072
vt 0.033001 0.031072
vt 0.033001 0.042475
vt 0.031147 0.042475
vt 0.031147 0.040512
vt 0.033001 0.041958
vt 0.031147 0.038485
vt 0.033001 0.037795
vt 0.031147 0.031523
vt 0.033001 0.032869
vt 0.031147 0.030405
vt 0.033001 0.028794
vt 0.031147 0.038863
vt 0.033001 0.039553
vt 0.031147 0.036836
vt 0.033001 0.035389
vt 0.033001 0.034873
vt 0.031147 0.034873
vt 0.028093 0.030037
vt 0.028093 0.029234
vt 0.028093 0.032910
vt 0.028093 0.032107
vt 0.028093 0.038222
vt 0.028093 0.038007
vt 0.028093 0.027270
vt 0.028093 0.031738
vt 0.028093 0.037639
vt 0.028093 0.042475
vt 0.028093 0.040512
vt 0.028093 0.031523
vt 0.028093 0.036836
vt 0.028093 0.039709
vt 0.028093 0.031376
vt 0.028093 0.034873
vt 0.028093 0.039340
vt 0.028093 0.031261
vt 0.028093 0.039126
vt 0.028093 0.031163
vt 0.028093 0.038978
vt 0.028093 0.031072
vt 0.028093 0.038863
vt 0.028093 0.030981
vt 0.028093 0.038765
vt 0.028093 0.030883
vt 0.028093 0.038674
vt 0.028093 0.030768
vt 0.028093 0.038583
vt 0.028093 0.030620
vt 0.028093 0.038485
vt 0.028093 0.030405
vt 0.028093 0.038370
vt 0.033399 0.034398
vt 0.033399 0.033923
vt 0.033399 0.035348
vt 0.033399 0.034873
vt 0.033399 0.039149
vt 0.033399 0.038674
vt 0.033399 0.028221
vt 0.033399 0.027746
vt 0.033399 0.032497
vt 0.033399 0.032022
vt 0.033399 0.037249
vt 0.033399 0.036773
vt 0.033399 0.041525
vt 0.033399 0.041050
vt 0.033399 0.030597
vt 0.033399 0.030122
vt 0.033399 0.039624
vt 0.033399 0.028696
vt 0.033399 0.032972
vt 0.033399 0.037724
vt 0.033399 0.042000
vt 0.033399 0.031072
vt 0.033399 0.035823
vt 0.033399 0.040099
vt 0.033399 0.029171
vt 0.033399 0.033448
vt 0.033399 0.038199
vt 0.033399 0.042475
vt 0.033578 0.042475
vt 0.033399 0.031547
vt 0.033399 0.036298
vt 0.033399 0.040574
vt 0.033399 0.029646
vt 0.033399 0.027271
vt 0.033189 0.035360
vt 0.033190 0.034873
vt 0.033187 0.035845
vt 0.033183 0.036328
vt 0.033178 0.036808
vt 0.033173 0.037282
vt 0.033169 0.037750
vt 0.033166 0.038213
vt 0.033165 0.038674
vt 0.033166 0.039134
vt 0.033169 0.039598
vt 0.033173 0.040066
vt 0.033178 0.040540
vt 0.033183 0.041019
vt 0.033187 0.041503
vt 0.033189 0.041988
vt 0.033190 0.042475
vt 0.033189 0.027757
vt 0.033190 0.027271
vt 0.033187 0.028243
vt 0.033183 0.028726
vt 0.033178 0.029206
vt 0.033173 0.029680
vt 0.033169 0.030148
vt 0.033166 0.030611
vt 0.033165 0.031072
vt 0.033166 0.031532
vt 0.033169 0.031996
vt 0.033173 0.032464
vt 0.033178 0.032938
vt 0.033183 0.033417
vt 0.033187 0.033900
vt 0.033189 0.034386
vt 0.063668 0.068726
vt 0.065906 0.069171
vt 0.064765 0.069059
vt 0.067048 0.069059
vt 0.068145 0.068726
vt 0.069156 0.068185
vt 0.070043 0.067458
vt 0.070770 0.066572
vt 0.071311 0.061083
vt 0.071644 0.064463
vt 0.071756 0.063322
vt 0.071644 0.062180
vt 0.070043 0.059185
vt 0.070770 0.060072
vt 0.069156 0.058458
vt 0.063668 0.057917
vt 0.067048 0.057584
vt 0.065906 0.057472
vt 0.064765 0.057584
vt 0.062657 0.058458
vt 0.061770 0.059185
vt 0.061043 0.060072
vt 0.060057 0.063322
vt 0.060169 0.062180
vt 0.060502 0.065560
vt 0.060169 0.064463
vt 0.061043 0.066572
vt 0.061770 0.067458
vt 0.062657 0.068185
s 1
usemtl Radio
f 1781/1/1 188/2/2 1431/3/3 1955/4/4
f 235/5/5 237/6/6 236/7/7 234/8/8
f 568/9/9 1462/10/10 565/11/11 569/12/12
f 1463/13/13 315/14/14 1453/15/15
f 587/16/16 1435/17/17 1455/18/18
f 192/19/19 191/20/19 35/21/20 34/22/21
f 190/23/19 194/24/19 196/25/19
f 191/20/19 192/19/19 190/23/19 1471/26/19
f 194/24/19 190/23/19 192/19/19 193/27/19
f 40/28/22 39/29/23 196/25/19 195/30/19
f 43/31/24 46/32/25 197/33/19 44/34/26
f 32/35/27 1471/26/19 1470/36/28 1/37/29
f 193/27/19 192/19/19 34/22/21 33/38/30
f 191/20/19 31/39/31 35/21/20
f 31/39/31 191/20/19 1471/26/19 32/35/27
f 38/40/32 193/27/19 33/38/30
f 195/30/19 36/41/33 3/42/34 40/28/22
f 38/40/32 37/43/35 194/24/19 193/27/19
f 196/25/19 39/29/23 4/44/36 42/45/37
f 196/25/19 42/45/37 41/46/38 197/33/19
f 44/34/26 197/33/19 41/46/38
f 36/41/33 195/30/19 194/24/19 37/43/35
f 46/32/25 43/31/24 5/47/39
f 2/48/40 190/23/19 45/49/41
f 81/50/42 200/51/19 199/52/19 82/53/43
f 199/52/19 198/54/19 84/55/44 83/56/45
f 77/57/46 202/58/19 201/59/19 78/60/47
f 205/61/19 207/62/19 1502/63/19 206/64/19
f 203/65/19 73/66/48 72/67/49 204/68/19
f 206/64/19 70/69/50 69/70/51 205/61/19
f 1502/63/19 207/62/19 110/71/52 109/72/53
f 198/73/19 202/58/19 203/65/19
f 207/62/19 67/74/54 110/71/52
f 80/75/55 200/51/19 81/50/42 10/76/56
f 82/53/43 199/52/19 83/56/45
f 201/59/19 79/77/57 78/60/47
f 76/78/58 202/58/19 77/57/46 11/79/59
f 79/77/57 201/59/19 200/51/19 80/75/55
f 203/65/19 75/80/60 12/81/61 74/82/62
f 203/65/19 74/82/62 13/83/63 73/66/48
f 71/84/64 204/68/19 72/67/49
f 68/85/65 205/61/19 69/70/51 14/86/66
f 71/84/64 70/69/50 206/64/19 204/68/19
f 67/74/54 207/62/19 205/61/19 68/85/65
f 202/58/19 198/54/19 199/52/19
f 64/87/67 63/88/68 210/89/19 209/90/19
f 61/91/69 211/92/19 210/89/19 62/93/70
f 56/94/71 214/95/19 213/96/19 57/97/72
f 54/98/73 215/99/19 214/95/19 55/100/74
f 49/101/75 218/102/19 217/103/19 50/104/76
f 47/105/77 1472/106/78 218/102/19 48/107/79
f 47/105/77 181/108/80 1474/109/81 1472/106/78
f 214/95/19 215/99/19 211/92/19
f 217/103/19 218/102/19 1472/106/78
f 211/92/19 208/110/19 210/89/19
f 66/111/82 208/110/19 108/112/83 6/113/84
f 64/87/67 209/90/19 65/114/85 7/115/86
f 208/110/19 66/111/82 65/114/85 209/90/19
f 210/89/19 63/88/68 62/93/70
f 59/116/87 212/117/19 60/118/88
f 213/96/19 58/119/89 8/120/90 57/97/72
f 60/118/88 212/117/19 211/92/19 61/91/69
f 214/95/19 56/94/71 55/100/74
f 213/96/19 212/117/19 59/116/87 58/119/89
f 52/121/91 216/122/19 53/123/92
f 217/103/19 51/124/93 9/125/94 50/104/76
f 53/123/92 216/122/19 215/99/19 54/98/73
f 218/102/19 49/101/75 48/107/79
f 217/103/19 216/122/19 52/121/91 51/124/93
f 220/126/19 219/127/19 89/128/95 88/129/96
f 225/130/19 226/131/19 230/132/19
f 225/130/19 224/133/19 95/134/97 94/135/98
f 224/133/19 223/136/19 96/137/99 95/134/97
f 1521/138/100 1503/139/101 86/140/102
f 219/127/19 220/126/19 1522/141/19 1521/138/100
f 227/142/19 228/143/19 230/132/19 229/144/19
f 232/145/19 1430/146/19 230/132/19
f 90/147/103 222/148/19 221/149/19 91/150/104
f 97/151/105 226/131/19 225/130/19 98/152/106
f 1436/153/107 1456/154/107 1467/155/108 1440/156/108
f 231/157/19 232/145/19 230/132/19 228/143/19
f 220/126/19 221/149/19 222/148/19
f 219/127/19 86/140/102 89/128/95
f 91/150/104 221/149/19 87/158/109
f 221/149/19 220/126/19 88/129/96 87/158/109
f 93/159/110 222/148/19 90/147/103 15/160/111
f 223/136/19 92/161/112 96/137/99
f 92/161/112 223/136/19 222/148/19 93/159/110
f 98/152/106 225/130/19 94/135/98
f 101/162/113 226/131/19 97/151/105 16/163/114
f 103/164/115 228/143/19 227/142/19 104/165/116
f 100/166/117 229/144/19 226/131/19 101/162/113
f 227/142/19 229/144/19 100/166/117 99/167/118
f 99/167/118 104/165/116 227/142/19
f 239/168/119 241/169/120 240/170/121 238/171/122
f 106/172/123 232/145/19 231/157/19 107/173/124
f 102/174/125 107/173/124 231/157/19
f 231/157/19 228/143/19 103/164/115 102/174/125
f 1429/175/126 1430/146/19 233/176/19 111/177/127
f 233/176/19 232/145/19 106/172/123 105/178/128
f 105/178/128 111/177/127 233/176/19
f 235/5/5 234/8/8 25/179/129 26/180/130
f 1777/181/131 240/170/121 148/182/132 2012/183/133
f 240/170/121 241/169/120 147/184/134 148/182/132
f 384/185/135 389/186/136 239/168/119 237/6/6
f 25/179/129 234/8/8 1780/187/137 1737/188/138
f 383/189/139 384/185/135 237/6/6 235/5/5
f 389/186/136 390/190/140 241/169/120 239/168/119
f 1776/191/141 242/192/142 244/193/143 1775/194/144
f 237/6/6 239/168/119 238/171/122 236/7/7
f 236/7/7 238/171/122 1778/195/145 1779/196/146
f 390/190/140 117/197/147 147/184/134 241/169/120
f 247/198/148 249/199/149 248/200/150 246/201/151
f 117/197/147 395/202/152 243/203/153 147/184/134
f 243/203/153 245/204/154 244/193/143 242/192/142
f 1778/195/145 238/171/122 240/170/121 1777/181/131
f 253/205/155 255/206/156 254/207/157 252/208/158
f 1776/191/141 2012/183/133 148/182/132 242/192/142
f 147/184/134 243/203/153 242/192/142 148/182/132
f 1775/194/144 244/193/143 246/201/151 1774/209/159
f 395/202/152 396/210/160 245/204/154 243/203/153
f 403/211/161 404/212/162 249/199/149 247/198/148
f 396/210/160 403/211/161 247/198/148 245/204/154
f 249/199/149 251/213/163 250/214/164 248/200/150
f 1774/209/159 246/201/151 248/200/150 1773/215/165
f 245/204/154 247/198/148 246/201/151 244/193/143
f 1770/216/166 254/207/157 150/217/167 2013/218/168
f 404/212/162 405/219/169 251/213/163 249/199/149
f 1766/220/170 262/221/171 264/222/172 1765/223/173
f 405/219/169 410/224/174 253/205/155 251/213/163
f 1769/225/175 256/226/176 258/227/177 1768/228/178
f 254/207/157 255/206/156 149/229/179 150/217/167
f 1772/230/180 250/214/164 252/208/158 1771/231/181
f 251/213/163 253/205/155 252/208/158 250/214/164
f 410/224/174 411/232/182 255/206/156 253/205/155
f 261/233/183 263/234/184 262/221/171 260/235/185
f 411/232/182 120/236/186 149/229/179 255/206/156
f 120/236/186 416/237/187 257/238/188 149/229/179
f 257/238/188 259/239/189 258/227/177 256/226/176
f 1771/231/181 252/208/158 254/207/157 1770/216/166
f 267/240/190 269/241/191 268/242/192 266/243/193
f 1769/225/175 2013/218/168 150/217/167 256/226/176
f 149/229/179 257/238/188 256/226/176 150/217/167
f 1768/228/178 258/227/177 260/235/185 1767/244/194
f 416/237/187 417/245/195 259/239/189 257/238/188
f 424/246/196 425/247/197 263/234/184 261/233/183
f 417/245/195 424/246/196 261/233/183 259/239/189
f 263/234/184 265/248/198 264/222/172 262/221/171
f 1767/244/194 260/235/185 262/221/171 1766/220/170
f 259/239/189 261/233/183 260/235/185 258/227/177
f 1763/249/199 268/242/192 152/250/200 2014/251/201
f 425/247/197 426/252/202 265/248/198 263/234/184
f 426/252/202 431/253/203 267/240/190 265/248/198
f 1761/254/204 272/255/205 154/256/206 2011/257/207
f 269/241/191 151/258/208 152/250/200 268/242/192
f 1765/223/173 264/222/172 266/243/193 1764/259/209
f 265/248/198 267/240/190 266/243/193 264/222/172
f 271/260/210 273/261/211 272/255/205 270/262/212
f 431/253/203 432/263/213 269/241/191 267/240/190
f 273/261/211 153/264/214 154/256/206 272/255/205
f 432/263/213 123/265/215 151/258/208 269/241/191
f 123/265/215 437/266/216 271/260/210 151/258/208
f 1764/259/209 266/243/193 268/242/192 1763/249/199
f 275/267/217 277/268/218 276/269/219 274/270/220
f 1762/271/221 2014/251/201 152/250/200 270/262/212
f 151/258/208 271/260/210 270/262/212 152/250/200
f 276/269/219 156/272/222 2015/273/223 1759/274/224
f 437/266/216 438/275/225 273/261/211 271/260/210
f 443/276/226 444/277/227 277/268/218 275/267/217
f 438/275/225 126/278/228 153/264/214 273/261/211
f 679/279/229 681/280/230 1506/281/231 1507/282/232
f 1762/271/221 270/262/212 272/255/205 1761/254/204
f 279/283/233 281/284/234 280/285/235 278/286/236
f 1760/287/237 1967/288/238 682/289/239 274/270/220
f 277/268/218 155/290/240 156/272/222 276/269/219
f 2015/273/223 156/272/222 278/286/236 1758/291/241
f 583/292/242 691/293/243 165/294/244 144/295/245
f 129/296/246 451/297/247 279/283/233 155/290/240
f 444/277/227 129/296/246 155/290/240 277/268/218
f 286/298/248 158/299/249 2016/300/250 1754/301/251
f 155/290/240 279/283/233 278/286/236 156/272/222
f 281/284/234 283/302/252 282/303/253 280/285/235
f 1753/304/254 288/305/255 160/306/256 2017/307/257
f 1760/287/237 274/270/220 276/269/219 1759/274/224
f 1758/291/241 278/286/236 280/285/235 1757/308/258
f 453/309/259 458/310/260 285/311/261 283/302/252
f 452/312/262 453/309/259 283/302/252 281/284/234
f 1757/308/258 280/285/235 282/303/253 1756/313/263
f 285/311/261 287/314/264 286/298/248 284/315/265
f 451/297/247 452/312/262 281/284/234 279/283/233
f 287/314/264 157/316/266 158/299/249 286/298/248
f 480/317/267 141/318/268 163/319/269 301/320/270
f 283/302/252 285/311/261 284/315/265 282/303/253
f 289/321/271 288/305/255 158/299/249 157/316/266
f 1756/313/263 282/303/253 284/315/265 1755/322/272
f 458/310/260 459/323/273 287/314/264 285/311/261
f 462/324/274 289/321/271 157/316/266 132/325/275
f 459/323/273 132/325/275 157/316/266 287/314/264
f 289/321/271 159/326/276 160/306/256 288/305/255
f 1755/322/272 284/315/265 286/298/248 1754/301/251
f 292/327/277 162/328/278 1910/329/279 1751/330/280
f 291/331/281 293/332/282 292/327/277 290/333/283
f 2016/300/250 158/299/249 288/305/255 1753/304/254
f 467/334/284 291/331/281 159/326/276 135/335/285
f 293/332/282 161/336/286 162/328/278 292/327/277
f 462/324/274 135/335/285 159/326/276 289/321/271
f 291/331/281 290/333/283 160/306/256 159/326/276
f 294/337/287 296/338/288 1749/339/289 1750/340/290
f 295/341/291 297/342/292 296/338/288 294/337/287
f 468/343/293 138/344/294 161/336/286 293/332/282
f 2017/307/257 160/306/256 290/333/283 1752/345/295
f 467/334/284 468/343/293 293/332/282 291/331/281
f 473/346/296 295/341/291 161/336/286 138/344/294
f 300/347/297 164/348/298 2019/349/299 1747/350/300
f 299/351/301 301/320/270 300/347/297 298/352/302
f 161/336/286 295/341/291 294/337/287 162/328/278
f 473/346/296 474/353/303 297/342/292 295/341/291
f 1752/345/295 290/333/283 292/327/277 1751/330/280
f 301/320/270 163/319/269 164/348/298 300/347/297
f 479/354/304 299/351/301 297/342/292 474/353/303
f 299/351/301 298/352/302 296/338/288 297/342/292
f 1910/329/279 162/328/278 294/337/287 1750/340/290
f 2019/349/299 164/348/298 302/355/305 1746/356/306
f 303/357/307 305/358/308 304/359/309 302/355/305
f 1748/360/310 1749/339/289 296/338/288 298/352/302
f 479/354/304 480/317/267 301/320/270 299/351/301
f 141/318/268 485/361/311 303/357/307 163/319/269
f 1748/360/310 298/352/302 300/347/297 1747/350/300
f 163/319/269 303/357/307 302/355/305 164/348/298
f 312/362/312 23/363/313 1736/364/314 1740/365/315
f 310/366/316 685/367/317 1965/368/318 1742/369/319
f 486/370/320 493/371/321 307/372/322 305/358/308
f 1746/356/306 302/355/305 304/359/309 1745/373/323
f 307/372/322 309/374/324 308/375/325 306/376/326
f 485/361/311 486/370/320 305/358/308 303/357/307
f 313/377/327 315/378/14 314/379/328 312/362/312
f 1745/373/323 304/359/309 306/376/326 1744/380/329
f 305/358/308 307/372/322 306/376/326 304/359/309
f 309/374/324 311/381/330 310/366/316 308/375/325
f 493/371/321 494/382/331 309/374/324 307/372/322
f 494/382/331 495/383/332 311/381/330 309/374/324
f 501/384/333 631/385/334 633/386/335 500/387/336
f 317/388/337 319/389/338 318/390/339 316/391/340
f 1744/380/329 306/376/326 308/375/325 1743/392/341
f 1781/1/1 2011/257/207 154/256/206 188/2/2
f 1431/3/3 1453/15/15 315/14/14 313/393/327
f 567/394/342 677/395/343 145/396/344 114/397/345
f 571/398/346 693/399/347 1479/400/348 1476/401/349
f 1463/402/13 176/403/350 24/404/351 314/379/328
f 318/390/339 320/405/352 330/406/353 327/407/354
f 31/39/31 32/35/27 317/388/337 316/391/340
f 319/389/338 321/408/355 320/405/352 318/390/339
f 113/409/356 114/410/345 321/408/355 319/389/338
f 332/411/357 335/412/358 334/413/359 331/414/360
f 112/415/361 113/409/356 319/389/338 317/388/337
f 323/416/362 326/417/363 325/418/364 322/419/365
f 669/420/366 671/421/367 328/422/368 329/423/369
f 665/424/370 18/425/371 167/426/372 337/427/373
f 673/428/374 321/429/355 114/397/345 145/396/344
f 324/430/375 327/407/354 326/417/363 323/416/362
f 34/22/21 35/21/20 324/430/375 323/416/362
f 316/391/340 324/430/375 35/21/20 31/39/31
f 326/417/363 329/431/369 328/432/368 325/418/364
f 327/407/354 330/406/353 329/431/369 326/417/363
f 316/391/340 318/390/339 327/407/354 324/430/375
f 675/433/376 667/434/377 330/435/353 320/436/352
f 667/434/377 669/420/366 329/423/369 330/435/353
f 341/437/378 343/438/379 342/439/380 340/440/381
f 36/41/33 37/43/35 332/411/357 331/414/360
f 37/43/35 38/40/32 333/441/382 332/411/357
f 33/38/30 34/22/21 323/416/362 322/419/365
f 325/418/364 328/432/368 339/442/383 336/443/384
f 333/441/382 336/443/384 335/412/358 332/411/357
f 335/412/358 338/444/385 337/445/373 334/413/359
f 331/414/360 334/413/359 168/446/386 169/447/387
f 334/413/359 337/445/373 167/448/372 168/446/386
f 336/443/384 339/442/383 338/444/385 335/412/358
f 322/419/365 325/418/364 336/443/384 333/441/382
f 344/449/388 659/450/389 20/451/390 170/452/391
f 338/453/385 663/454/392 665/424/370 337/427/373
f 347/455/393 349/456/394 348/457/395 346/458/396
f 661/459/397 339/460/383 328/422/368 671/421/367
f 339/460/383 661/459/397 663/454/392 338/453/385
f 331/414/360 169/447/387 3/42/34 36/41/33
f 343/438/379 345/461/398 344/462/388 342/439/380
f 340/440/381 342/439/380 171/463/399 172/464/400
f 168/446/386 343/438/379 341/437/378 169/447/387
f 18/425/371 657/465/401 345/466/398 167/426/372
f 167/448/372 345/461/398 343/438/379 168/446/386
f 342/439/380 344/462/388 170/467/391 171/463/399
f 351/468/402 653/469/403 655/470/404 350/471/405
f 345/466/398 657/465/401 659/450/389 344/449/388
f 4/44/36 172/464/400 347/455/393 42/45/37
f 4/44/36 39/29/23 340/440/381 172/464/400
f 170/467/391 351/472/402 349/456/394 171/463/399
f 349/456/394 351/472/402 350/473/405 348/457/395
f 353/474/406 355/475/407 354/476/408 352/477/409
f 171/463/399 349/456/394 347/455/393 172/464/400
f 356/478/410 651/479/411 22/480/412 173/481/413
f 653/469/403 351/468/402 170/452/391 20/451/390
f 43/31/24 44/34/26 353/474/406 352/477/409
f 346/458/396 353/474/406 44/34/26 41/46/38
f 355/475/407 357/482/414 356/483/410 354/476/408
f 348/457/395 350/473/405 357/482/414 355/475/407
f 346/458/396 348/457/395 355/475/407 353/474/406
f 174/484/415 354/476/408 356/483/410 173/485/413
f 645/486/416 647/487/417 362/488/418 363/489/419
f 360/490/420 362/491/418 372/492/421 369/493/422
f 649/494/423 357/495/414 350/471/405 655/470/404
f 649/494/423 651/479/411 356/478/410 357/495/414
f 175/496/424 352/477/409 354/476/408 174/484/415
f 359/497/425 361/498/426 360/490/420 358/499/427
f 45/500/41 46/501/25 359/497/425 358/499/427
f 173/485/413 363/502/419 361/498/426 174/484/415
f 361/498/426 363/502/419 362/491/418 360/490/420
f 374/503/428 376/504/429 375/505/430 373/506/431
f 365/507/432 368/508/433 367/509/434 364/510/435
f 174/484/415 361/498/426 359/497/425 175/496/424
f 371/511/436 641/512/437 643/513/438 370/514/439
f 637/515/440 24/404/351 176/403/350 377/516/441
f 645/486/416 363/489/419 173/481/413 22/480/412
f 2/517/40 365/507/432 364/510/435
f 358/499/427 366/518/442 2/519/40 45/500/41
f 366/518/442 369/493/422 368/508/433 365/507/432
f 368/508/433 371/520/436 370/521/439 367/509/434
f 369/493/422 372/492/421 371/520/436 368/508/433
f 358/499/427 360/490/420 369/493/422 366/518/442
f 647/487/417 639/522/443 372/523/421 362/488/418
f 639/522/443 641/512/437 371/511/436 372/523/421
f 380/524/444 382/525/445 381/526/446 379/527/447
f 364/510/435 374/503/428 2/528/40
f 376/504/429 378/529/448 377/530/441 375/505/430
f 367/509/434 370/521/439 378/529/448 376/504/429
f 373/506/431 375/505/430 177/531/449 178/532/450
f 364/510/435 367/509/434 376/504/429 374/503/428
f 375/505/430 377/530/441 176/533/350 177/531/449
f 383/189/139 235/5/5 26/180/130 179/534/451
f 386/535/452 388/536/453 387/537/454 385/538/455
f 635/539/456 378/540/448 370/514/439 643/513/438
f 378/540/448 635/539/456 637/515/440 377/516/441
f 48/107/79 49/101/75 385/538/455 380/524/444
f 373/506/431 178/532/450 2/541/40
f 382/525/445 384/542/135 383/543/139 381/526/446
f 392/544/457 394/545/458 393/546/459 391/547/460
f 381/526/446 383/543/139 179/548/451 180/549/461
f 379/527/447 381/526/446 180/549/461 181/108/80
f 385/538/455 387/537/454 382/525/445 380/524/444
f 49/101/75 50/104/76 386/535/452 385/538/455
f 47/105/77 379/527/447 181/108/80
f 388/536/453 390/550/140 389/551/136 387/537/454
f 115/552/462 116/553/463 388/536/453 386/535/452
f 116/553/463 117/554/147 390/550/140 388/536/453
f 387/537/454 389/551/136 384/542/135 382/525/445
f 398/555/464 401/556/465 400/557/466 397/558/467
f 51/124/93 52/121/91 392/544/457 391/547/460
f 407/559/468 409/560/469 408/561/470 406/562/471
f 394/545/458 396/563/160 395/564/152 393/546/459
f 391/547/460 393/546/459 116/553/463 115/552/462
f 397/558/467 400/557/466 394/545/458 392/544/457
f 393/546/459 395/564/152 117/554/147 116/553/463
f 399/565/472 402/566/473 401/556/465 398/555/464
f 54/98/73 55/100/74 399/565/472 398/555/464
f 55/100/74 56/94/71 406/562/471 399/565/472
f 391/547/460 115/552/462 9/125/94 51/124/93
f 401/556/465 404/567/162 403/568/161 400/557/466
f 402/566/473 405/569/169 404/567/162 401/556/465
f 400/557/466 403/568/161 396/563/160 394/545/458
f 413/570/474 415/571/475 414/572/476 412/573/477
f 56/94/71 57/97/72 407/559/468 406/562/471
f 53/123/92 54/98/73 398/555/464 397/558/467
f 409/560/469 411/574/182 410/575/174 408/561/470
f 406/562/471 408/561/470 402/566/473 399/565/472
f 118/576/478 119/577/479 409/560/469 407/559/468
f 119/577/479 120/578/186 411/574/182 409/560/469
f 408/561/470 410/575/174 405/569/169 402/566/473
f 419/579/480 422/580/481 421/581/482 418/582/483
f 58/119/89 59/116/87 413/570/474 412/573/477
f 428/583/484 430/584/485 429/585/486 427/586/487
f 415/571/475 417/587/195 416/588/187 414/572/476
f 412/573/477 414/572/476 119/577/479 118/576/478
f 418/582/483 421/581/482 415/571/475 413/570/474
f 414/572/476 416/588/187 120/578/186 119/577/479
f 420/589/488 423/590/489 422/580/481 419/579/480
f 61/91/69 62/93/70 420/589/488 419/579/480
f 62/93/70 63/88/68 427/586/487 420/589/488
f 412/573/477 118/576/478 8/120/90 58/119/89
f 422/580/481 425/591/197 424/592/196 421/581/482
f 423/590/489 426/593/202 425/591/197 422/580/481
f 421/581/482 424/592/196 417/587/195 415/571/475
f 434/594/490 436/595/491 435/596/492 433/597/493
f 7/115/86 121/598/494 428/583/484 64/87/67
f 60/118/88 61/91/69 419/579/480 418/582/483
f 430/584/485 432/599/213 431/600/203 429/585/486
f 122/601/495 123/602/215 432/599/213 430/584/485
f 427/586/487 429/585/486 423/590/489 420/589/488
f 121/598/494 122/601/495 430/584/485 428/583/484
f 429/585/486 431/600/203 426/593/202 423/590/489
f 440/603/496 442/604/497 441/605/498 439/606/499
f 65/114/85 66/111/82 434/594/490 433/597/493
f 125/607/500 126/608/228 438/609/225 436/595/491
f 436/595/491 438/609/225 437/610/216 435/596/492
f 433/597/493 435/596/492 122/601/495 121/598/494
f 435/596/492 437/610/216 123/602/215 122/601/495
f 124/611/501 125/607/500 436/595/491 434/594/490
f 441/605/498 443/612/226 581/613/502 579/614/503
f 67/74/54 68/85/65 440/603/496 439/606/499
f 433/597/493 121/598/494 7/115/86 65/114/85
f 128/615/504 129/616/246 444/617/227 442/604/497
f 442/604/497 444/617/227 443/612/226 441/605/498
f 1503/139/101 1504/618/505 582/619/506
f 446/620/507 449/621/508 448/622/509 445/623/510
f 127/624/511 128/615/504 442/604/497 440/603/496
f 449/621/508 452/625/262 451/626/247 448/622/509
f 71/84/64 72/67/49 454/627/512 447/628/513
f 439/606/499 577/629/514 110/71/52 67/74/54
f 447/628/513 450/630/515 449/621/508 446/620/507
f 128/615/504 448/622/509 451/626/247 129/616/246
f 450/630/515 453/631/259 452/625/262 449/621/508
f 133/632/516 134/633/517 461/634/518 460/635/519
f 127/624/511 445/623/510 448/622/509 128/615/504
f 455/636/520 457/637/521 456/638/522 454/627/512
f 73/66/48 13/83/63 130/639/523 455/636/520
f 70/69/50 71/84/64 447/628/513 446/620/507
f 131/640/524 132/641/275 459/642/273 457/637/521
f 457/637/521 459/642/273 458/643/260 456/638/522
f 454/627/512 456/638/522 450/630/515 447/628/513
f 456/638/522 458/643/260 453/631/259 450/630/515
f 130/639/523 131/640/524 457/637/521 455/636/520
f 464/644/525 466/645/526 465/646/527 463/647/528
f 74/82/62 12/81/61 133/632/516 460/635/519
f 134/633/517 135/648/285 462/649/274 461/634/518
f 461/634/518 462/649/274 132/641/275 131/640/524
f 460/635/519 461/634/518 131/640/524 130/639/523
f 470/650/529 472/651/530 471/652/531 469/653/532
f 11/79/59 136/654/533 464/644/525 76/78/58
f 13/83/63 74/82/62 460/635/519 130/639/523
f 466/645/526 468/655/293 467/656/284 465/646/527
f 137/657/534 138/658/294 468/655/293 466/645/526
f 136/654/533 137/657/534 466/645/526 464/644/525
f 463/647/528 465/646/527 134/633/517 133/632/516
f 465/646/527 467/656/284 135/648/285 134/633/517
f 77/57/46 78/60/47 470/650/529 469/653/532
f 12/81/61 75/80/60 463/647/528 133/632/516
f 476/659/535 478/660/536 477/661/537 475/662/538
f 472/651/530 474/663/303 473/664/296 471/652/531
f 469/653/532 471/652/531 137/657/534 136/654/533
f 471/652/531 473/664/296 138/658/294 137/657/534
f 478/660/536 480/665/267 479/666/304 477/661/537
f 139/667/539 140/668/540 478/660/536 476/659/535
f 482/669/541 484/670/542 483/671/543 481/672/544
f 10/76/56 139/667/539 476/659/535 80/75/55
f 140/668/540 141/673/268 480/665/267 478/660/536
f 475/662/538 477/661/537 472/651/530 470/650/529
f 477/661/537 479/666/304 474/663/303 472/651/530
f 81/50/42 82/53/43 482/669/541 481/672/544
f 82/53/43 83/56/45 487/674/545 482/669/541
f 78/60/47 79/77/57 475/662/538 470/650/529
f 484/670/542 486/675/320 485/676/311 483/671/543
f 140/668/540 483/671/543 485/676/311 141/673/268
f 497/677/546 499/678/547 498/679/548 496/680/549
f 139/667/539 481/672/544 483/671/543 140/668/540
f 488/681/550 491/682/551 490/683/552 487/674/545
f 83/56/45 84/55/44 488/681/550 487/674/545
f 489/684/553 492/685/554 491/682/551 488/681/550
f 491/682/551 494/686/331 493/687/321 490/683/552
f 487/674/545 490/683/552 484/670/542 482/669/541
f 492/685/554 495/688/332 494/686/331 491/682/551
f 490/683/552 493/687/321 486/675/320 484/670/542
f 498/679/548 500/689/336 510/690/555 507/691/556
f 499/678/547 501/692/333 500/689/336 498/679/548
f 143/693/557 144/694/245 501/692/333 499/678/547
f 512/695/558 514/696/559 513/697/560 511/698/561
f 142/699/562 143/693/557 499/678/547 497/677/546
f 503/700/563 506/701/564 505/702/565 502/703/566
f 509/704/567 627/705/568 629/706/569 508/707/570
f 515/708/571 623/709/572 28/710/573 182/711/574
f 631/385/334 501/384/333 144/295/245 165/294/244
f 87/158/109 88/129/96 503/700/563 502/703/566
f 496/680/549 504/712/575 89/128/95 86/140/102
f 504/712/575 507/691/556 506/701/564 503/700/563
f 506/701/564 509/713/567 508/714/570 505/702/565
f 507/691/556 510/690/555 509/713/567 506/701/564
f 496/680/549 498/679/548 507/691/556 504/712/575
f 633/386/335 625/715/576 510/716/555 500/387/336
f 625/715/576 627/705/568 509/704/567 510/716/555
f 90/147/103 91/150/104 512/695/558 511/698/561
f 502/703/566 512/695/558 91/150/104 87/158/109
f 514/696/559 516/717/577 515/718/571 513/697/560
f 505/702/565 508/714/570 516/717/577 514/696/559
f 502/703/566 505/702/565 514/696/559 512/695/558
f 183/719/578 513/697/560 515/718/571 182/720/574
f 617/721/579 619/722/580 521/723/581 522/724/582
f 519/725/583 521/726/581 531/727/584 528/728/585
f 621/729/586 516/730/577 508/707/570 629/706/569
f 621/729/586 623/709/572 515/708/571 516/730/577
f 184/731/587 511/698/561 513/697/560 183/719/578
f 518/732/588 520/733/589 519/725/583 517/734/590
f 92/161/112 93/159/110 518/732/588 517/734/590
f 182/720/574 522/735/582 520/733/589 183/719/578
f 520/733/589 522/735/582 521/726/581 519/725/583
f 533/736/591 535/737/592 534/738/593 532/739/594
f 524/740/595 527/741/596 526/742/597 523/743/598
f 183/719/578 520/733/589 518/732/588 184/731/587
f 530/744/599 613/745/600 615/746/601 529/747/602
f 536/748/603 609/749/604 30/750/605 185/751/606
f 617/721/579 522/724/582 182/711/574 28/710/573
f 94/135/98 95/134/97 524/740/595 523/743/598
f 517/734/590 525/752/607 96/137/99 92/161/112
f 525/752/607 528/728/585 527/741/596 524/740/595
f 527/741/596 530/753/599 529/754/602 526/742/597
f 528/728/585 531/727/584 530/753/599 527/741/596
f 517/734/590 519/725/583 528/728/585 525/752/607
f 619/722/580 611/755/608 531/756/584 521/723/581
f 563/757/609 591/758/610 593/759/611 562/760/612
f 611/755/608 613/745/600 530/744/599 531/756/584
f 97/151/105 98/152/106 533/736/591 532/739/594
f 523/743/598 533/736/591 98/152/106 94/135/98
f 535/737/592 537/761/613 536/762/603 534/738/593
f 526/742/597 529/754/602 537/761/613 535/737/592
f 523/743/598 526/742/597 535/737/592 533/736/591
f 186/763/614 534/738/593 536/762/603 185/764/606
f 545/765/615 603/766/616 605/767/617 544/768/618
f 540/769/619 543/770/620 542/771/621 539/772/622
f 607/773/623 537/774/613 529/747/602 615/746/601
f 607/773/623 609/749/604 536/748/603 537/774/613
f 187/775/624 532/739/594 534/738/593 186/763/614
f 539/772/622 542/771/621 541/776/625 538/777/626
f 16/163/114 187/775/624 540/769/619 101/162/113
f 100/166/117 101/162/113 540/769/619 539/772/622
f 185/764/606 546/778/627 543/770/620 186/763/614
f 542/771/621 545/779/615 544/780/618 541/776/625
f 543/770/620 546/778/627 545/779/615 542/771/621
f 548/781/628 551/782/629 550/783/630 547/784/631
f 186/763/614 543/770/620 540/769/619 187/775/624
f 554/785/632 597/786/633 599/787/634 553/788/635
f 601/789/636 603/766/616 545/765/615 546/790/627
f 601/789/636 546/790/627 185/751/606 30/750/605
f 549/791/637 552/792/638 551/782/629 548/781/628
f 557/793/639 560/794/640 559/795/641 556/796/642
f 552/792/638 541/776/625 544/780/618 555/797/643
f 103/164/115 104/165/116 549/791/637 548/781/628
f 99/167/118 100/166/117 539/772/622 538/777/626
f 551/782/629 554/798/632 553/799/635 550/783/630
f 552/792/638 555/797/643 554/798/632 551/782/629
f 549/791/637 538/777/626 541/776/625 552/792/638
f 544/768/618 605/767/617 595/800/644 555/801/643
f 595/800/644 597/786/633 554/785/632 555/801/643
f 558/802/645 561/803/646 560/794/640 557/793/639
f 561/803/646 550/783/630 553/799/635 564/804/647
f 547/784/631 558/802/645 107/173/124 102/174/125
f 102/174/125 103/164/115 548/781/628 547/784/631
f 106/172/123 107/173/124 558/802/645 557/793/639
f 560/794/640 563/805/609 562/806/612 559/795/641
f 558/802/645 547/784/631 550/783/630 561/803/646
f 561/803/646 564/804/647 563/805/609 560/794/640
f 564/807/647 553/788/635 599/787/634 589/808/648
f 176/533/350 1463/809/13 565/11/11 177/531/449
f 564/807/647 589/808/648 591/758/610 563/757/609
f 590/810/649 592/811/650 591/758/610 589/808/648
f 586/812/651 559/795/641 562/806/612 588/813/652
f 556/796/642 584/814/653 111/177/127 105/178/128
f 105/178/128 106/172/123 557/793/639 556/796/642
f 177/531/449 565/11/11 1462/10/10 178/532/450
f 113/409/356 1473/815/654 567/816/342 114/410/345
f 566/817/655 576/818/656 578/819/657 1473/815/654
f 180/549/461 570/820/658 1474/109/81 181/108/80
f 126/278/228 1432/821/659 189/822/660 153/264/214
f 112/415/361 566/823/655 1473/815/654 113/409/356
f 568/9/9 569/12/12 125/607/500 124/611/501
f 569/12/12 1432/824/659 126/608/228 125/607/500
f 1435/17/17 1434/825/661 686/826/662 684/827/663
f 577/629/514 579/614/503 578/819/657 576/818/656
f 570/820/658 571/828/346 1476/829/349 1475/830/664
f 179/548/451 571/828/346 570/820/658 180/549/461
f 1477/831/665 678/832/666 677/395/343 1478/833/667
f 1454/834/668 574/835/669 573/836/670 572/837/671
f 575/838/672 683/839/673 311/381/330 495/383/332
f 26/180/130 693/399/347 571/398/346 179/534/451
f 85/840/674 1454/834/668 572/837/671
f 574/835/669 1455/841/18 575/842/672 573/836/670
f 572/837/671 573/836/670 492/685/554 489/684/553
f 1455/843/18 684/844/663 683/839/673 575/838/672
f 580/845/675 679/279/229 1507/282/232
f 489/684/553 85/846/674 572/837/671
f 109/72/53 110/71/52 577/629/514 576/818/656
f 579/614/503 581/613/502 580/847/675 578/819/657
f 1519/848/676 1516/849/677 1316/850/678 1425/851/679
f 439/606/499 441/605/498 579/614/503 577/629/514
f 581/852/502 680/853/680 679/279/229 580/845/675
f 581/852/502 443/276/226 275/267/217 680/853/680
f 1504/618/505 1505/854/681 583/855/242 582/619/506
f 143/693/557 582/619/506 583/855/242 144/694/245
f 586/812/651 588/813/652 587/856/16 585/857/682
f 587/16/16 687/858/683 1435/17/17
f 142/699/562 1503/139/101 582/619/506 143/693/557
f 584/814/653 586/812/651 585/857/682 1433/859/684
f 584/814/653 556/796/642 559/795/641 586/812/651
f 588/860/652 562/760/612 593/759/611 688/861/685
f 593/759/611 591/758/610 592/811/650 594/862/686
f 588/860/652 688/861/685 687/858/683 587/16/16
f 597/786/633 595/800/644 596/863/687 598/864/688
f 2007/865/689 598/864/688 596/863/687 2006/866/690
f 1955/4/4 1431/3/3 313/393/327 1741/867/691
f 687/858/683 689/868/692 1434/825/661 1435/17/17
f 1463/402/13 314/379/328 315/378/14
f 602/869/693 604/870/694 603/766/616 601/789/636
f 2009/871/695 590/810/649 600/872/696 2008/873/697
f 153/264/214 189/822/660 188/2/2 154/256/206
f 598/864/688 600/872/696 599/787/634 597/786/633
f 599/787/634 600/872/696 590/810/649 589/808/648
f 2003/874/698 604/870/694 602/869/693 2005/875/699
f 1963/876/700 690/877/701 594/862/686 1964/878/702
f 609/749/604 607/773/623 608/879/703 610/880/704
f 605/767/617 606/881/705 596/863/687 595/800/644
f 29/882/706 602/869/693 601/789/636 30/750/605
f 604/870/694 606/881/705 605/767/617 603/766/616
f 1739/883/707 2005/875/699 602/869/693 29/882/706
f 2006/866/690 596/863/687 606/881/705 2004/884/708
f 2004/884/708 606/881/705 604/870/694 2003/874/698
f 609/749/604 610/880/704 29/882/706 30/750/605
f 2002/885/709 608/879/703 616/886/710 2001/887/711
f 2007/865/689 2008/873/697 600/872/696 598/864/688
f 1944/888/712 610/880/704 608/879/703 2002/885/709
f 612/889/713 614/890/714 613/745/600 611/755/608
f 614/890/714 616/886/710 615/746/601 613/745/600
f 618/891/715 620/892/716 619/722/580 617/721/579
f 2001/887/711 616/886/710 614/890/714 2000/893/717
f 608/879/703 607/773/623 615/746/601 616/886/710
f 2000/893/717 614/890/714 612/889/713 1998/894/718
f 29/882/706 610/880/704 1944/888/712 1739/883/707
f 1964/878/702 594/862/686 592/811/650 2010/895/719
f 620/892/716 612/889/713 611/755/608 619/722/580
f 623/709/572 621/729/586 622/896/720 624/897/721
f 27/898/722 618/891/715 617/721/579 28/710/573
f 1738/899/723 1999/900/724 618/891/715 27/898/722
f 1997/901/725 1998/894/718 612/889/713 620/892/716
f 1997/901/725 620/892/716 618/891/715 1999/900/724
f 623/709/572 624/897/721 27/898/722 28/710/573
f 1996/902/726 622/896/720 630/903/727 1995/904/728
f 1946/905/729 624/897/721 622/896/720 1996/902/726
f 626/906/730 628/907/731 627/705/568 625/715/576
f 628/907/731 630/903/727 629/706/569 627/705/568
f 632/908/732 634/909/733 633/386/335 631/385/334
f 1995/904/728 630/903/727 628/907/731 1994/910/734
f 622/896/720 621/729/586 629/706/569 630/903/727
f 1994/910/734 628/907/731 626/906/730 1992/911/735
f 27/898/722 624/897/721 1946/905/729 1738/899/723
f 634/909/733 626/906/730 625/715/576 633/386/335
f 636/912/736 638/913/737 637/515/440 635/539/456
f 1988/914/738 638/913/737 636/912/736 1990/915/739
f 632/908/732 631/385/334 165/294/244 166/916/740
f 1951/917/741 1993/918/742 632/908/732 166/916/740
f 1991/919/743 1992/911/735 626/906/730 634/909/733
f 313/377/327 312/362/312 1740/365/315 1741/920/691
f 23/363/313 24/404/351 637/515/440 638/913/737
f 1991/919/743 634/909/733 632/908/732 1993/918/742
f 640/921/744 642/922/745 641/512/437 639/522/443
f 1990/915/739 636/912/736 644/923/746 1987/924/747
f 642/922/745 644/923/746 643/513/438 641/512/437
f 646/925/748 648/926/749 647/487/417 645/486/416
f 1987/924/747 644/923/746 642/922/745 1986/927/750
f 636/912/736 635/539/456 643/513/438 644/923/746
f 1986/927/750 642/922/745 640/921/744 1984/928/751
f 23/363/313 638/913/737 1988/914/738 1736/364/314
f 648/926/749 640/921/744 639/522/443 647/487/417
f 651/479/411 649/494/423 650/929/752 652/930/753
f 21/931/754 646/925/748 645/486/416 22/480/412
f 1735/932/755 1985/933/756 646/925/748 21/931/754
f 1983/934/757 1984/928/751 640/921/744 648/926/749
f 1983/934/757 648/926/749 646/925/748 1985/933/756
f 651/479/411 652/930/753 21/931/754 22/480/412
f 1982/935/758 650/929/752 656/936/759 1981/937/760
f 1948/938/761 652/930/753 650/929/752 1982/935/758
f 654/939/762 656/936/759 655/470/404 653/469/403
f 650/929/752 649/494/423 655/470/404 656/936/759
f 19/940/763 654/939/762 653/469/403 20/451/390
f 1978/941/764 660/942/765 658/943/766 1977/944/767
f 658/943/766 660/942/765 659/450/389 657/465/401
f 21/931/754 652/930/753 1948/938/761 1735/932/755
f 1734/945/768 1980/946/769 654/939/762 19/940/763
f 17/947/770 658/943/766 657/465/401 18/425/371
f 661/459/397 662/948/771 664/949/772 663/454/392
f 1975/950/773 1973/951/774 666/952/775 664/949/772
f 1980/946/769 1981/937/760 656/936/759 654/939/762
f 660/942/765 19/940/763 20/451/390 659/450/389
f 1978/941/764 1734/945/768 19/940/763 660/942/765
f 674/953/776 676/954/777 675/433/376 673/428/374
f 668/955/778 670/956/779 669/420/366 667/434/377
f 1971/957/780 670/956/779 668/955/778 1969/958/781
f 663/454/392 664/949/772 666/952/775 665/424/370
f 1976/959/782 662/948/771 672/960/783 1972/961/784
f 666/952/775 17/947/770 18/425/371 665/424/370
f 1976/959/782 1975/950/773 664/949/772 662/948/771
f 1733/962/785 1977/944/767 658/943/766 17/947/770
f 670/956/779 672/960/783 671/421/367 669/420/366
f 662/948/771 661/459/397 671/421/367 672/960/783
f 1972/961/784 672/960/783 670/956/779 1971/957/780
f 17/947/770 666/952/775 1973/951/774 1733/962/785
f 676/954/777 668/955/778 667/434/377 675/433/376
f 145/396/344 677/395/343 678/832/666 146/963/786
f 674/953/776 673/428/374 145/396/344 146/963/786
f 1949/964/787 1970/965/788 674/953/776 146/963/786
f 1968/966/789 1969/958/781 668/955/778 676/954/777
f 693/399/347 694/967/790 1480/968/791 1479/400/348
f 1968/966/789 676/954/777 674/953/776 1970/965/788
f 1966/969/792 681/280/230 682/289/239 1967/288/238
f 684/844/663 686/970/662 685/367/317 683/839/673
f 1950/971/793 678/832/666 1477/831/665 1959/972/794
f 680/853/680 682/289/239 681/280/230 679/279/229
f 680/853/680 275/267/217 274/270/220 682/289/239
f 308/375/325 310/366/316 1742/369/319 1743/392/341
f 688/861/685 690/877/701 689/868/692 687/858/683
f 683/839/673 685/367/317 310/366/316 311/381/330
f 1965/368/318 685/367/317 686/970/662 1956/973/795
f 688/861/685 593/759/611 594/862/686 690/877/701
f 1508/974/796 1509/975/797 692/976/798 691/293/243
f 1962/977/799 689/868/692 690/877/701 1963/876/700
f 165/294/244 691/293/243 692/976/798 166/916/740
f 1953/978/800 1434/825/661 689/868/692 1962/977/799
f 1429/175/126 111/177/127 584/814/653 1433/859/684
f 1952/979/801 692/976/798 1509/975/797 1957/980/802
f 25/179/129 694/967/790 693/399/347 26/180/130
f 234/8/8 236/7/7 1779/196/146 1780/187/137
f 2010/895/719 592/811/650 590/810/649 2009/871/695
f 1494/981/803 1516/849/677 1519/848/676 1497/982/804
f 1043/983/805 1042/984/806 1409/985/807 1407/986/808
f 1951/917/741 166/916/740 692/976/798 1952/979/801
f 1958/987/809 1480/968/791 694/967/790 1961/988/810
f 1959/972/794 1477/831/665 1506/281/231 1960/989/811
f 1773/215/165 248/200/150 250/214/164 1772/230/180
f 108/990/83 208/110/19 2/991/40
f 568/9/9 124/611/501 6/113/84 108/112/83
f 2/992/40 178/532/450 1462/10/10
f 566/823/655 112/415/361 1/37/29 1470/36/28
f 538/777/626 549/791/637 104/165/116 99/167/118
f 532/739/594 187/775/624 16/163/114 97/151/105
f 95/134/97 96/137/99 525/752/607 524/740/595
f 15/160/111 184/731/587 518/732/588 93/159/110
f 511/698/561 184/731/587 15/160/111 90/147/103
f 88/129/96 89/128/95 504/712/575 503/700/563
f 84/55/44 85/993/674 489/684/553 488/681/550
f 481/672/544 139/667/539 10/76/56 81/50/42
f 79/77/57 80/75/55 476/659/535 475/662/538
f 469/653/532 136/654/533 11/79/59 77/57/46
f 75/80/60 76/78/58 464/644/525 463/647/528
f 72/67/49 73/66/48 455/636/520 454/627/512
f 69/70/51 70/69/50 446/620/507 445/623/510
f 445/623/510 127/624/511 14/86/66 69/70/51
f 14/86/66 127/624/511 440/603/496 68/85/65
f 6/113/84 124/611/501 434/594/490 66/111/82
f 63/88/68 64/87/67 428/583/484 427/586/487
f 59/116/87 60/118/88 418/582/483 413/570/474
f 8/120/90 118/576/478 407/559/468 57/97/72
f 52/121/91 53/123/92 397/558/467 392/544/457
f 9/125/94 115/552/462 386/535/452 50/104/76
f 47/105/77 48/107/79 380/524/444 379/527/447
f 2/994/40 374/503/428 373/506/431
f 2/519/40 366/518/442 365/507/432
f 5/47/39 175/496/424 359/497/425 46/501/25
f 352/477/409 175/496/424 5/47/39 43/31/24
f 41/46/38 42/45/37 347/455/393 346/458/396
f 39/29/23 40/28/22 341/437/378 340/440/381
f 3/42/34 169/447/387 341/437/378 40/28/22
f 322/419/365 333/441/382 38/40/32 33/38/30
f 32/35/27 1/37/29 112/415/361 317/388/337
f 1873/995/812 1900/996/813 889/997/814 855/998/815
f 957/999/816 956/1000/817 958/1001/818 959/1002/819
f 1447/1003/820 1448/1004/821 1469/1005/822
f 1291/1006/823 1448/1007/821 1445/1008/824 1037/1009/825
f 894/1010/108 728/1011/826 729/1012/827 893/1013/108
f 899/1014/108 898/1015/108 902/1016/108
f 903/1017/108 741/1018/828 742/1019/829 902/1016/108
f 902/1016/108 742/1019/829 743/1020/830 901/1021/108
f 891/1022/108 894/1010/108 892/1023/108
f 896/1024/108 895/1025/108 894/1010/108 891/1022/108
f 734/1026/831 897/1027/108 898/1015/108 733/1028/832
f 737/1029/833 738/1030/834 899/1014/108 900/1031/108
f 745/1032/835 903/1017/108 904/1033/108 744/1034/836
f 726/1035/837 695/1036/838 803/1037/839 892/1023/108
f 1484/1038/108 907/1039/108 891/1022/108
f 895/1025/108 727/1040/840 728/1011/826 894/1010/108
f 893/1013/108 729/1012/827 725/1041/841
f 725/1041/841 726/1035/837 892/1023/108 893/1013/108
f 732/1042/842 727/1040/840 895/1025/108
f 897/1027/108 734/1026/831 697/1043/843 730/1044/844
f 732/1042/842 895/1025/108 896/1024/108 731/1045/845
f 898/1015/108 736/1046/846 698/1047/847 733/1028/832
f 898/1015/108 899/1014/108 735/1048/848 736/1046/846
f 738/1030/834 735/1048/848 899/1014/108
f 730/1044/844 731/1045/845 896/1024/108 897/1027/108
f 740/1049/849 699/1050/850 737/1029/833 900/1031/108
f 901/1021/108 743/1020/830 739/1051/851
f 739/1051/851 740/1049/849 900/1031/108 901/1021/108
f 745/1032/835 741/1018/828 903/1017/108
f 905/1052/108 902/1016/108 906/1053/108
f 802/1054/852 696/1055/853 744/1034/836 904/1033/108
f 803/1037/839 1482/1056/854 1483/1057/108 892/1023/108
f 801/1058/855 802/1054/852 904/1033/108 905/1052/108
f 910/1059/108 1458/1060/108 1457/1061/108 909/1062/108
f 780/1063/856 781/1064/857 913/1065/108 914/1066/108
f 913/1065/108 782/1067/858 783/1068/859 912/1069/108
f 912/1069/108 783/1068/859 784/1070/860 911/1071/108
f 776/1072/861 777/1073/862 915/1074/108 916/1075/108
f 919/1076/108 920/1077/108 922/1078/108 921/1079/108
f 909/1062/108 1513/1080/108 1512/1081/108 908/1082/108
f 917/1083/108 918/1084/108 771/1085/863 772/1086/864
f 920/1077/108 919/1076/108 768/1087/865 769/1088/866
f 922/1078/108 808/1089/867 809/1090/868 921/1079/108
f 909/1062/108 908/1082/108 912/1069/108
f 908/1082/108 922/1078/108 917/1083/108
f 921/1079/108 809/1090/868 766/1091/869
f 784/1070/860 806/1092/870 911/1071/108
f 779/1093/871 705/1094/872 780/1063/856 914/1066/108
f 781/1064/857 782/1067/858 913/1065/108
f 915/1074/108 777/1073/862 778/1095/873
f 775/1096/874 706/1097/875 776/1072/861 916/1075/108
f 778/1095/873 779/1093/871 914/1066/108 915/1074/108
f 917/1083/108 773/1098/876 707/1099/877 774/1100/878
f 917/1083/108 772/1086/864 708/1101/879 773/1098/876
f 770/1102/880 771/1085/863 918/1084/108
f 767/1103/881 709/1104/882 768/1087/865 919/1076/108
f 770/1102/880 918/1084/108 920/1077/108 769/1088/866
f 922/1078/108 1511/1105/108 1510/1106/883 808/1089/867
f 766/1091/869 767/1103/881 919/1076/108 921/1079/108
f 912/1069/108 908/1082/108 916/1075/108
f 806/1092/870 807/1107/884 910/1059/108 911/1071/108
f 763/1108/885 925/1109/108 926/1110/108 762/1111/886
f 760/1112/887 761/1113/888 926/1110/108 927/1114/108
f 755/1115/889 756/1116/890 929/1117/108 930/1118/108
f 753/1119/891 754/1120/892 930/1118/108 931/1121/108
f 748/1122/893 749/1123/894 933/1124/108 934/1125/108
f 746/1126/895 747/1127/896 934/1125/108 935/1128/108
f 805/1129/897 701/1130/898 746/1126/895 935/1128/108
f 924/1131/108 804/1132/899 1436/153/107 1440/156/108
f 929/1117/108 928/1133/108 927/1114/108
f 932/1134/108 931/1121/108 935/1128/108
f 1486/1135/108 1481/1136/900 805/1129/897 935/1128/108
f 926/1110/108 925/1109/108 924/1131/108
f 765/1137/901 700/1138/902 804/1132/899 924/1131/108
f 763/1108/885 702/1139/903 764/1140/904 925/1109/108
f 924/1131/108 925/1109/108 764/1140/904 765/1137/901
f 926/1110/108 761/1113/888 762/1111/886
f 758/1141/905 759/1142/906 928/1133/108
f 929/1117/108 756/1116/890 703/1143/907 757/1144/908
f 759/1142/906 760/1112/887 927/1114/108 928/1133/108
f 930/1118/108 754/1120/892 755/1115/889
f 929/1117/108 757/1144/908 758/1141/905 928/1133/108
f 751/1145/909 752/1146/910 932/1134/108
f 933/1124/108 749/1123/894 704/1147/911 750/1148/912
f 752/1146/910 753/1119/891 931/1121/108 932/1134/108
f 934/1125/108 747/1127/896 748/1122/893
f 933/1124/108 750/1148/912 751/1145/909 932/1134/108
f 936/1149/108 1487/1150/108 923/1151/108
f 941/1152/108 788/1153/913 789/1154/914 940/1155/108
f 945/1156/915 937/1157/108 951/1158/108
f 945/1156/915 946/1159/916 1245/1160/917 1246/1161/918
f 1246/1161/918 1247/1162/919 944/1163/920 945/1156/915
f 810/1164/921 1523/1165/922 1524/1166/108 939/1167/108
f 937/1157/108 941/1152/108 939/1167/108
f 948/1168/108 950/1169/108 951/1158/108 949/1170/108
f 951/1158/108 955/1171/108 953/1172/108
f 938/1173/108 1442/1174/108 937/1157/108
f 790/1175/923 791/1176/924 942/1177/108 943/1178/925
f 1254/1179/926 1255/1180/927 946/1159/916 947/1181/928
f 198/1182/19 1522/141/19 1430/146/19 84/1183/44
f 952/1184/108 949/1170/108 951/1158/108 953/1172/108
f 939/1167/108 786/1185/929 710/1186/930 810/1164/921
f 941/1152/108 937/1157/108 945/1156/915
f 785/1187/931 786/1185/929 939/1167/108 940/1155/108
f 940/1155/108 789/1154/914 785/1187/931
f 791/1176/924 787/1188/932 942/1177/108
f 942/1177/108 787/1188/932 788/1153/913 941/1152/108
f 790/1175/923 943/1178/925 1240/1189/933 885/1190/934
f 1239/1191/935 944/1163/920 1247/1162/919
f 943/1178/925 944/1163/920 1239/1191/935 1240/1189/933
f 796/1192/936 797/1193/937 948/1168/108 949/1170/108
f 793/1194/938 794/1195/939 947/1181/928 950/1169/108
f 948/1168/108 792/1196/940 793/1194/938 950/1169/108
f 792/1196/940 948/1168/108 797/1193/937
f 961/1197/941 960/1198/942 962/1199/943 963/1200/944
f 799/1201/945 800/1202/946 952/1184/108 953/1172/108
f 795/1203/947 952/1184/108 800/1202/946
f 952/1184/108 795/1203/947 796/1192/936 949/1170/108
f 811/1204/948 812/1205/949 954/1206/108 955/1171/108
f 954/1206/108 798/1207/950 799/1201/945 953/1172/108
f 798/1207/950 954/1206/108 812/1205/949
f 1437/1208/951 811/1204/948 955/1171/108 1443/1209/108
f 1458/1060/108 910/1059/108 807/1107/884 1464/1210/952
f 957/999/816 720/1211/953 719/1212/954 956/1000/817
f 956/1000/817 719/1212/954 1789/1213/955 1851/1214/956
f 962/1199/943 849/1215/957 848/1216/958 963/1200/944
f 1106/1217/959 959/1002/819 961/1197/941 1111/1218/960
f 1851/1214/956 1852/1219/961 958/1001/818 956/1000/817
f 1105/1220/962 957/999/816 959/1002/819 1106/1217/959
f 1111/1218/960 961/1197/941 963/1200/944 1112/1221/963
f 960/1198/942 958/1001/818 1852/1219/961 1855/1222/964
f 959/1002/819 958/1001/818 960/1198/942 961/1197/941
f 960/1198/942 1855/1222/964 1854/1223/965 962/1199/943
f 1112/1221/963 963/1200/944 848/1216/958 818/1224/966
f 969/1225/967 968/1226/968 970/1227/969 971/1228/970
f 818/1224/966 848/1216/958 965/1229/971 1117/1230/972
f 965/1229/971 964/1231/973 966/1232/974 967/1233/975
f 962/1199/943 1854/1223/965 1853/1234/976 849/1215/957
f 975/1235/977 974/1236/978 976/1237/979 977/1238/980
f 966/1232/974 964/1231/973 1856/1239/981 1857/1240/982
f 848/1216/958 849/1215/957 964/1231/973 965/1229/971
f 1853/1234/976 1856/1239/981 964/1231/973 849/1215/957
f 1117/1230/972 965/1229/971 967/1233/975 1118/1241/983
f 1125/1242/984 969/1225/967 971/1228/970 1126/1243/985
f 1118/1241/983 967/1233/975 969/1225/967 1125/1242/984
f 971/1228/970 970/1227/969 972/1244/986 973/1245/987
f 972/1244/986 970/1227/969 1859/1246/988 1860/1247/989
f 967/1233/975 966/1232/974 968/1226/968 969/1225/967
f 968/1226/968 1858/1248/990 1859/1246/988 970/1227/969
f 1126/1243/985 971/1228/970 973/1245/987 1127/1249/991
f 1865/1250/992 1866/1251/993 982/1252/994 980/1253/995
f 1127/1249/991 973/1245/987 975/1235/977 1132/1254/996
f 974/1236/978 972/1244/986 1860/1247/989 1863/1255/997
f 976/1237/979 851/1256/998 850/1257/999 977/1238/980
f 974/1236/978 1863/1255/997 1862/1258/1000 976/1237/979
f 973/1245/987 972/1244/986 974/1236/978 975/1235/977
f 1132/1254/996 975/1235/977 977/1238/980 1133/1259/1001
f 983/1260/1002 982/1252/994 984/1261/1003 985/1262/1004
f 1133/1259/1001 977/1238/980 850/1257/999 821/1263/1005
f 821/1263/1005 850/1257/999 979/1264/1006 1138/1265/1007
f 979/1264/1006 978/1266/1008 980/1253/995 981/1267/1009
f 976/1237/979 1862/1258/1000 1861/1268/1010 851/1256/998
f 989/1269/1011 988/1270/1012 990/1271/1013 991/1272/1014
f 980/1253/995 978/1266/1008 1864/1273/1015 1865/1250/992
f 850/1257/999 851/1256/998 978/1266/1008 979/1264/1006
f 1861/1268/1010 1864/1273/1015 978/1266/1008 851/1256/998
f 1138/1265/1007 979/1264/1006 981/1267/1009 1139/1274/1016
f 1146/1275/1017 983/1260/1002 985/1262/1004 1147/1276/1018
f 1139/1274/1016 981/1267/1009 983/1260/1002 1146/1275/1017
f 985/1262/1004 984/1261/1003 986/1277/1019 987/1278/1020
f 986/1277/1019 984/1261/1003 1867/1279/1021 1868/1280/1022
f 981/1267/1009 980/1253/995 982/1252/994 983/1260/1002
f 982/1252/994 1866/1251/993 1867/1279/1021 984/1261/1003
f 1147/1276/1018 985/1262/1004 987/1278/1020 1148/1281/1023
f 1148/1281/1023 987/1278/1020 989/1269/1011 1153/1282/1024
f 988/1270/1012 986/1277/1019 1868/1280/1022 1871/1283/1025
f 991/1272/1014 990/1271/1013 853/1284/1026 852/1285/1027
f 988/1270/1012 1871/1283/1025 1869/1286/1028 990/1271/1013
f 987/1278/1020 986/1277/1019 988/1270/1012 989/1269/1011
f 993/1287/1029 992/1288/1030 994/1289/1031 995/1290/1032
f 1153/1282/1024 989/1269/1011 991/1272/1014 1154/1291/1033
f 995/1290/1032 994/1289/1031 855/998/815 854/1292/1034
f 1154/1291/1033 991/1272/1014 852/1285/1027 824/1293/1035
f 824/1293/1035 852/1285/1027 993/1287/1029 1159/1294/1036
f 990/1271/1013 1869/1286/1028 1870/1295/1037 853/1284/1026
f 997/1296/1038 996/1297/1039 998/1298/1040 999/1299/1041
f 994/1289/1031 992/1288/1030 1874/1300/1042 1872/1301/1043
f 852/1285/1027 853/1284/1026 992/1288/1030 993/1287/1029
f 1870/1295/1037 1874/1300/1042 992/1288/1030 853/1284/1026
f 1159/1294/1036 993/1287/1029 995/1290/1032 1160/1302/1044
f 1165/1303/1045 997/1296/1038 999/1299/1041 1166/1304/1046
f 1160/1302/1044 995/1290/1032 854/1292/1034 827/1305/1047
f 1413/1306/1048 1518/1307/1049 1517/1308/1050 1415/1309/1051
f 994/1289/1031 1872/1301/1043 1873/995/812 855/998/815
f 1001/1310/1052 1000/1311/1053 1002/1312/1054 1003/1313/1055
f 998/1298/1040 996/1297/1039 1877/1314/1056 1875/1315/1057
f 999/1299/1041 998/1298/1040 857/1316/1058 856/1317/1059
f 1797/1318/1060 1877/1314/1056 996/1297/1039 1416/1319/1061
f 1316/850/678 845/1320/1062 866/1321/1063 1425/851/679
f 830/1322/1064 856/1317/1059 1001/1310/1052 1173/1323/1065
f 1166/1304/1046 999/1299/1041 856/1317/1059 830/1322/1064
f 1002/1312/1054 1000/1311/1053 1878/1324/1066 1879/1325/1067
f 856/1317/1059 857/1316/1058 1000/1311/1053 1001/1310/1052
f 1003/1313/1055 1002/1312/1054 1004/1326/1068 1005/1327/1069
f 1006/1328/1070 1004/1326/1068 1880/1329/1071 1883/1330/1072
f 998/1298/1040 1875/1315/1057 1876/1331/1073 857/1316/1058
f 1002/1312/1054 1879/1325/1067 1880/1329/1071 1004/1326/1068
f 1175/1332/1074 1005/1327/1069 1007/1333/1075 1180/1334/1076
f 1174/1335/1077 1003/1313/1055 1005/1327/1069 1175/1332/1074
f 1000/1311/1053 857/1316/1058 1876/1331/1073 1878/1324/1066
f 1007/1333/1075 1006/1328/1070 1008/1336/1078 1009/1337/1079
f 1173/1323/1065 1001/1310/1052 1003/1313/1055 1174/1335/1077
f 1009/1337/1079 1008/1336/1078 859/1338/1080 858/1339/1081
f 1202/1340/1082 1023/1341/1083 864/1342/1084 842/1343/1085
f 1005/1327/1069 1004/1326/1068 1006/1328/1070 1007/1333/1075
f 1011/1344/1086 858/1339/1081 859/1338/1080 1010/1345/1087
f 1006/1328/1070 1883/1330/1072 1881/1346/1088 1008/1336/1078
f 1180/1334/1076 1007/1333/1075 1009/1337/1079 1181/1347/1089
f 1184/1348/1090 833/1349/1091 858/1339/1081 1011/1344/1086
f 1181/1347/1089 1009/1337/1079 858/1339/1081 833/1349/1091
f 1011/1344/1086 1010/1345/1087 861/1350/1092 860/1351/1093
f 1881/1346/1088 1882/1352/1094 859/1338/1080 1008/1336/1078
f 1010/1345/1087 859/1338/1080 1882/1352/1094 1884/1353/1095
f 1013/1354/1096 1012/1355/1097 1014/1356/1098 1015/1357/1099
f 1010/1345/1087 1884/1353/1095 1885/1358/1100 861/1350/1092
f 1189/1359/1101 836/1360/1102 860/1351/1093 1013/1354/1096
f 1015/1357/1099 1014/1356/1098 863/1361/1103 862/1362/1104
f 1184/1348/1090 1011/1344/1086 860/1351/1093 836/1360/1102
f 1013/1354/1096 860/1351/1093 861/1350/1092 1012/1355/1097
f 1012/1355/1097 861/1350/1092 1885/1358/1100 1888/1363/1105
f 1017/1364/1106 1016/1365/1107 1018/1366/1108 1019/1367/1109
f 1190/1368/1110 1015/1357/1099 862/1362/1104 839/1369/1111
f 1012/1355/1097 1888/1363/1105 1886/1370/1112 1014/1356/1098
f 1189/1359/1101 1013/1354/1096 1015/1357/1099 1190/1368/1110
f 1195/1371/1113 839/1369/1111 862/1362/1104 1017/1364/1106
f 1016/1365/1107 863/1361/1103 1887/1372/1114 1889/1373/1115
f 1021/1374/1116 1020/1375/1117 1022/1376/1118 1023/1341/1083
f 862/1362/1104 863/1361/1103 1016/1365/1107 1017/1364/1106
f 1195/1371/1113 1017/1364/1106 1019/1367/1109 1196/1377/1119
f 1014/1356/1098 1886/1370/1112 1887/1372/1114 863/1361/1103
f 1023/1341/1083 1022/1376/1118 865/1378/1120 864/1342/1084
f 1201/1379/1121 1196/1377/1119 1019/1367/1109 1021/1374/1116
f 1021/1374/1116 1019/1367/1109 1018/1366/1108 1020/1375/1117
f 1889/1373/1115 1890/1380/1122 1018/1366/1108 1016/1365/1107
f 1020/1375/1117 1018/1366/1108 1890/1380/1122 1893/1381/1123
f 1025/1382/1124 1024/1383/1125 1026/1384/1126 1027/1385/1127
f 1022/1376/1118 1020/1375/1117 1893/1381/1123 1891/1386/1128
f 1201/1379/1121 1021/1374/1116 1023/1341/1083 1202/1340/1082
f 842/1343/1085 864/1342/1084 1025/1382/1124 1207/1387/1129
f 1022/1376/1118 1891/1386/1128 1892/1388/1130 865/1378/1120
f 864/1342/1084 865/1378/1120 1024/1383/1125 1025/1382/1124
f 1028/1389/1131 1026/1384/1126 1895/1390/1132 1898/1391/1133
f 1024/1383/1125 1894/1392/1134 1895/1390/1132 1026/1384/1126
f 1208/1393/1135 1027/1385/1127 1029/1394/1136 1215/1395/1137
f 1024/1383/1125 865/1378/1120 1892/1388/1130 1894/1392/1134
f 1029/1394/1136 1028/1389/1131 1030/1396/1138 1031/1397/1139
f 1207/1387/1129 1025/1382/1124 1027/1385/1127 1208/1393/1135
f 1035/1398/1140 1034/1399/1141 1036/1400/1142 1037/1401/825
f 1030/1396/1138 1028/1389/1131 1898/1391/1133 1897/1402/1143
f 1027/1385/1127 1026/1384/1126 1028/1389/1131 1029/1394/1136
f 1031/1397/1139 1030/1396/1138 1032/1403/1144 1033/1404/1145
f 1215/1395/1137 1029/1394/1136 1031/1397/1139 1216/1405/1146
f 1216/1405/1146 1031/1397/1139 1033/1404/1145 1217/1406/1147
f 1223/1407/1148 1222/1408/1149 1367/1409/1150 1365/1410/1151
f 1041/1411/1152 1040/1412/1153 1042/1413/806 1043/1414/805
f 1547/1415/1154 1562/1416/1155 1902/1417/1155 1989/1418/1154
f 1327/1419/1156 1328/1420/1157 1326/1421/1158 1325/1422/1159
f 1331/1423/1160 1332/1424/1161 1330/1425/1162 1329/1426/1163
f 1035/1398/1140 1850/1427/1164 1899/1428/1165 1034/1399/1141
f 1444/1429/1166 1035/1430/1140 1037/1009/825 1445/1008/824
f 1295/1431/1167 815/1432/1168 846/1433/1169 1411/1434/1170
f 1301/1435/1171 1494/981/803 1497/982/804 1427/1436/1172
f 1292/1437/1173 1036/1400/1142 718/1438/1174 877/1439/1175
f 1046/1440/1176 1049/1441/1177 1040/1412/1153 1038/1442/1178
f 725/1041/841 1038/1442/1178 1039/1443/1179 726/1035/837
f 1038/1442/1178 1040/1412/1153 1041/1411/1152 1039/1443/1179
f 1039/1443/1179 1041/1411/1152 814/1444/1180 813/1445/1181
f 1057/1446/1182 1056/1447/1183 1059/1448/1184 1060/1449/1185
f 814/1444/1180 1041/1411/1152 1043/1414/805 815/1450/1168
f 1048/1451/1186 1047/1452/1187 1050/1453/1188 1051/1454/1189
f 1403/1455/1190 1051/1456/1189 1050/1457/1188 1405/1458/1191
f 1399/1459/1192 1059/1460/1184 868/1461/1193 712/1462/1194
f 1407/986/808 846/1433/1169 815/1432/1168 1043/983/805
f 1044/1463/1195 1047/1452/1187 1048/1451/1186 1045/1464/1196
f 728/1011/826 1045/1464/1196 1046/1440/1176 729/1012/827
f 1038/1442/1178 725/1041/841 729/1012/827 1046/1440/1176
f 1045/1464/1196 1048/1451/1186 1049/1441/1177 1046/1440/1176
f 1049/1441/1177 1048/1451/1186 1051/1454/1189 1052/1465/1197
f 1040/1412/1153 1049/1441/1177 1052/1465/1197 1042/1413/806
f 1409/985/807 1042/984/806 1052/1466/1197 1401/1467/1198
f 1401/1467/1198 1052/1466/1197 1051/1456/1189 1403/1455/1190
f 870/1468/1199 869/1469/1200 1056/1447/1183 1053/1470/1201
f 730/1044/844 1053/1470/1201 1054/1471/1202 731/1045/845
f 731/1045/845 1054/1471/1202 1055/1472/1203 732/1042/842
f 727/1040/840 1044/1463/1195 1045/1464/1196 728/1011/826
f 1055/1472/1203 1058/1473/1204 1047/1452/1187 1044/1463/1195
f 1065/1474/1205 1064/1475/1206 1066/1476/1207 1067/1477/1208
f 1053/1470/1201 1056/1447/1183 1057/1446/1182 1054/1471/1202
f 1054/1471/1202 1057/1446/1182 1058/1473/1204 1055/1472/1203
f 1056/1447/1183 869/1469/1200 868/1478/1193 1059/1448/1184
f 1058/1473/1204 1057/1446/1182 1060/1449/1185 1061/1479/1209
f 1047/1452/1187 1058/1473/1204 1061/1479/1209 1050/1453/1188
f 1066/1480/1207 871/1481/1210 714/1482/1211 1393/1483/1212
f 1060/1484/1185 1059/1460/1184 1399/1459/1192 1397/1485/1213
f 1062/1486/1214 873/1487/1215 872/1488/1216 1064/1475/1206
f 1395/1489/1217 1405/1458/1191 1050/1457/1188 1061/1490/1209
f 1061/1490/1209 1060/1484/1185 1397/1485/1213 1395/1489/1217
f 1053/1470/1201 730/1044/844 697/1043/843 870/1468/1199
f 1062/1486/1214 1064/1475/1206 1065/1474/1205 1063/1491/1218
f 1071/1492/1219 1070/1493/1220 1072/1494/1221 1073/1495/1222
f 868/1478/1193 869/1469/1200 1065/1474/1205 1067/1477/1208
f 712/1462/1194 868/1461/1193 1067/1496/1208 1391/1497/1223
f 1063/1491/1218 1065/1474/1205 869/1469/1200 870/1468/1199
f 1064/1475/1206 872/1488/1216 871/1498/1210 1066/1476/1207
f 1073/1499/1222 1072/1500/1221 1389/1501/1224 1387/1502/1225
f 1067/1496/1208 1066/1480/1207 1393/1483/1212 1391/1497/1223
f 698/1047/847 736/1046/846 1069/1503/1226 873/1487/1215
f 698/1047/847 873/1487/1215 1062/1486/1214 733/1028/832
f 1069/1503/1226 1071/1492/1219 872/1488/1216 873/1487/1215
f 1068/1504/1227 1070/1493/1220 1071/1492/1219 1069/1503/1226
f 1077/1505/1228 1076/1506/1229 1078/1507/1230 1079/1508/1231
f 871/1498/1210 872/1488/1216 1071/1492/1219 1073/1495/1222
f 1078/1509/1230 874/1510/1232 716/1511/1233 1385/1512/1234
f 1387/1502/1225 714/1482/1211 871/1481/1210 1073/1499/1222
f 737/1029/833 1074/1513/1235 1075/1514/1236 738/1030/834
f 1068/1504/1227 735/1048/848 738/1030/834 1075/1514/1236
f 1074/1513/1235 1076/1506/1229 1077/1505/1228 1075/1514/1236
f 1075/1514/1236 1077/1505/1228 1070/1493/1220 1068/1504/1227
f 1070/1493/1220 1077/1505/1228 1079/1508/1231 1072/1494/1221
f 875/1515/1237 874/1516/1232 1078/1507/1230 1076/1506/1229
f 1379/1517/1238 1085/1518/1239 1084/1519/1240 1381/1520/1241
f 1088/1521/1242 1091/1522/1243 1082/1523/1244 1080/1524/1245
f 1383/1525/1246 1389/1501/1224 1072/1500/1221 1079/1526/1231
f 1383/1525/1246 1079/1526/1231 1078/1509/1230 1385/1512/1234
f 1083/1527/1247 1082/1523/1244 1084/1528/1240 1085/1529/1239
f 876/1530/1248 875/1515/1237 1076/1506/1229 1074/1513/1235
f 739/1051/851 1080/1524/1245 1081/1531/1249 740/1049/849
f 1081/1531/1249 1083/1527/1247 875/1515/1237 876/1530/1248
f 1080/1524/1245 1082/1523/1244 1083/1527/1247 1081/1531/1249
f 1098/1532/1250 1097/1533/1251 1099/1534/1252 1100/1535/1253
f 1090/1536/1254 1089/1537/1255 1092/1538/1256 1093/1539/1257
f 874/1516/1232 875/1515/1237 1083/1527/1247 1085/1529/1239
f 1093/1540/1257 1092/1541/1256 1377/1542/1258 1375/1543/1259
f 1371/1544/1260 1099/1545/1252 877/1439/1175 718/1438/1174
f 1379/1517/1238 716/1511/1233 874/1510/1232 1085/1518/1239
f 741/1018/828 1086/1546/1261 1087/1547/1262 742/1019/829
f 1080/1524/1245 739/1051/851 743/1020/830 1088/1521/1242
f 1086/1546/1261 1089/1537/1255 1090/1536/1254 1087/1547/1262
f 1087/1547/1262 1090/1536/1254 1091/1522/1243 1088/1521/1242
f 1091/1522/1243 1090/1536/1254 1093/1539/1257 1094/1548/1263
f 1082/1523/1244 1091/1522/1243 1094/1548/1263 1084/1528/1240
f 1381/1520/1241 1084/1519/1240 1094/1549/1263 1373/1550/1264
f 1373/1550/1264 1094/1549/1263 1093/1540/1257 1375/1543/1259
f 879/1551/1265 878/1552/1266 1097/1533/1251 1095/1553/1267
f 1086/1546/1261 741/1018/828 745/1032/835 1096/1554/1268
f 1095/1553/1267 1097/1533/1251 1098/1532/1250 1096/1554/1268
f 1096/1554/1268 1098/1532/1250 1089/1537/1255 1086/1546/1261
f 1104/1555/1269 1103/1556/1270 1105/1557/962 1106/1558/959
f 1089/1537/1255 1098/1532/1250 1100/1535/1253 1092/1538/1256
f 1097/1533/1251 878/1552/1266 877/1559/1175 1099/1534/1252
f 1105/1220/962 880/1560/1271 720/1211/953 957/999/816
f 1101/1561/1272 882/1562/1273 881/1563/1274 1103/1556/1270
f 1369/1564/1275 1377/1542/1258 1092/1541/1256 1100/1565/1253
f 1100/1565/1253 1099/1545/1252 1371/1544/1260 1369/1564/1275
f 747/1127/896 1102/1566/1276 1107/1567/1277 748/1122/893
f 1095/1553/1267 744/1034/836 696/1055/853 879/1551/1265
f 1101/1561/1272 1103/1556/1270 1104/1555/1269 1102/1566/1276
f 1102/1566/1276 1104/1555/1269 1109/1568/1278 1107/1567/1277
f 1103/1556/1270 881/1563/1274 880/1569/1271 1105/1557/962
f 1110/1570/1279 1109/1568/1278 1111/1571/960 1112/1572/963
f 1116/1573/1280 1115/1574/1281 1117/1575/972 1118/1576/983
f 748/1122/893 1107/1567/1277 1108/1577/1282 749/1123/894
f 701/1130/898 882/1562/1273 1101/1561/1272 746/1126/895
f 1107/1567/1277 1109/1568/1278 1110/1570/1279 1108/1577/1282
f 817/1578/1283 1110/1570/1279 1112/1572/963 818/1579/966
f 1108/1577/1282 1110/1570/1279 817/1578/1283 816/1580/1284
f 1109/1568/1278 1104/1555/1269 1106/1558/959 1111/1571/960
f 816/1580/1284 817/1578/1283 1115/1574/1281 1113/1581/1285
f 750/1148/912 1113/1581/1285 1114/1582/1286 751/1145/909
f 1114/1582/1286 1116/1573/1280 1122/1583/1287 1119/1584/1288
f 1113/1581/1285 1115/1574/1281 1116/1573/1280 1114/1582/1286
f 1123/1585/1289 1122/1583/1287 1125/1586/984 1126/1587/985
f 1131/1588/1290 1130/1589/1291 1132/1590/996 1133/1591/1001
f 1115/1574/1281 817/1578/1283 818/1579/966 1117/1575/972
f 1119/1584/1288 1122/1583/1287 1123/1585/1289 1120/1592/1292
f 753/1119/891 1120/1592/1292 1121/1593/1293 754/1120/892
f 754/1120/892 1121/1593/1293 1128/1594/1294 755/1115/889
f 1113/1581/1285 750/1148/912 704/1147/911 816/1580/1284
f 1120/1592/1292 1123/1585/1289 1124/1595/1295 1121/1593/1293
f 1124/1595/1295 1123/1585/1289 1126/1587/985 1127/1596/991
f 1122/1583/1287 1116/1573/1280 1118/1576/983 1125/1586/984
f 1121/1593/1293 1124/1595/1295 1130/1589/1291 1128/1594/1294
f 755/1115/889 1128/1594/1294 1129/1597/1296 756/1116/890
f 752/1146/910 1119/1584/1288 1120/1592/1292 753/1119/891
f 1137/1598/1297 1136/1599/1298 1138/1600/1007 1139/1601/1016
f 1128/1594/1294 1130/1589/1291 1131/1588/1290 1129/1597/1296
f 820/1602/1299 1131/1588/1290 1133/1591/1001 821/1603/1005
f 1129/1597/1296 1131/1588/1290 820/1602/1299 819/1604/1300
f 1130/1589/1291 1124/1595/1295 1127/1596/991 1132/1590/996
f 819/1604/1300 820/1602/1299 1136/1599/1298 1134/1605/1301
f 757/1144/908 1134/1605/1301 1135/1606/1302 758/1141/905
f 1135/1606/1302 1137/1598/1297 1143/1607/1303 1140/1608/1304
f 1134/1605/1301 1136/1599/1298 1137/1598/1297 1135/1606/1302
f 1144/1609/1305 1143/1607/1303 1146/1610/1017 1147/1611/1018
f 1152/1612/1306 1151/1613/1307 1153/1614/1024 1154/1615/1033
f 1136/1599/1298 820/1602/1299 821/1603/1005 1138/1600/1007
f 1140/1608/1304 1143/1607/1303 1144/1609/1305 1141/1616/1308
f 760/1112/887 1141/1616/1308 1142/1617/1309 761/1113/888
f 761/1113/888 1142/1617/1309 1149/1618/1310 762/1111/886
f 1134/1605/1301 757/1144/908 703/1143/907 819/1604/1300
f 1141/1616/1308 1144/1609/1305 1145/1619/1311 1142/1617/1309
f 1145/1619/1311 1144/1609/1305 1147/1611/1018 1148/1620/1023
f 1143/1607/1303 1137/1598/1297 1139/1601/1016 1146/1610/1017
f 1142/1617/1309 1145/1619/1311 1151/1613/1307 1149/1618/1310
f 702/1139/903 763/1108/885 1150/1621/1312 822/1622/1313
f 759/1142/906 1140/1608/1304 1141/1616/1308 760/1112/887
f 1158/1623/1314 1157/1624/1315 1159/1625/1036 1160/1626/1044
f 1149/1618/1310 1151/1613/1307 1152/1612/1306 1150/1621/1312
f 1150/1621/1312 1152/1612/1306 823/1627/1316 822/1622/1313
f 823/1627/1316 1152/1612/1306 1154/1615/1033 824/1628/1035
f 1151/1613/1307 1145/1619/1311 1148/1620/1023 1153/1614/1024
f 822/1622/1313 823/1627/1316 1157/1624/1315 1155/1629/1317
f 764/1140/904 1155/1629/1317 1156/1630/1318 765/1137/901
f 1156/1630/1318 1158/1623/1314 826/1631/1319 825/1632/1320
f 1155/1629/1317 1157/1624/1315 1158/1623/1314 1156/1630/1318
f 1164/1633/1321 1163/1634/1322 1165/1635/1045 1166/1636/1046
f 1157/1624/1315 823/1627/1316 824/1628/1035 1159/1625/1036
f 826/1631/1319 1158/1623/1314 1160/1626/1044 827/1637/1047
f 1309/1638/1323 1311/1639/1324 1163/1634/1322 1161/1640/1325
f 766/1091/869 1161/1640/1325 1162/1641/1326 767/1103/881
f 1155/1629/1317 764/1140/904 702/1139/903 822/1622/1313
f 1162/1641/1326 1164/1633/1321 829/1642/1327 828/1643/1328
f 1161/1640/1325 1163/1634/1322 1164/1633/1321 1162/1641/1326
f 1515/1644/1329 1315/1645/1330 1316/1646/678 1516/1647/677
f 1171/1648/1331 1170/1649/1332 1173/1650/1065 1174/1651/1077
f 829/1642/1327 1164/1633/1321 1166/1636/1046 830/1652/1064
f 1168/1653/1333 1171/1648/1331 1172/1654/1334 1169/1655/1335
f 770/1102/880 1169/1655/1335 1176/1656/1336 771/1085/863
f 1161/1640/1325 766/1091/869 809/1090/868 1309/1638/1323
f 1167/1657/1337 1170/1649/1332 1171/1648/1331 1168/1653/1333
f 829/1642/1327 830/1652/1064 1173/1650/1065 1170/1649/1332
f 1172/1654/1334 1171/1648/1331 1174/1651/1077 1175/1658/1074
f 1169/1655/1335 1172/1654/1334 1178/1659/1338 1176/1656/1336
f 1179/1660/1339 1178/1659/1338 1180/1661/1076 1181/1662/1089
f 828/1643/1328 829/1642/1327 1170/1649/1332 1167/1657/1337
f 772/1086/864 1177/1663/1340 831/1664/1341 708/1101/879
f 769/1088/866 1168/1653/1333 1169/1655/1335 770/1102/880
f 1177/1663/1340 1179/1660/1339 832/1665/1342 831/1664/1341
f 1176/1656/1336 1178/1659/1338 1179/1660/1339 1177/1663/1340
f 835/1666/1343 1183/1667/1344 1184/1668/1090 836/1669/1102
f 1178/1659/1338 1172/1654/1334 1175/1658/1074 1180/1661/1076
f 832/1665/1342 1179/1660/1339 1181/1662/1089 833/1670/1091
f 1182/1671/1345 831/1664/1341 832/1665/1342 1183/1667/1344
f 773/1098/876 1182/1671/1345 834/1672/1346 707/1099/877
f 1182/1671/1345 1183/1667/1344 835/1666/1343 834/1672/1346
f 1183/1667/1344 832/1665/1342 833/1670/1091 1184/1668/1090
f 1188/1673/1347 1187/1674/1348 1189/1675/1101 1190/1676/1110
f 1185/1677/1349 834/1672/1346 835/1666/1343 1187/1674/1348
f 706/1097/875 775/1096/874 1186/1678/1350 837/1679/1351
f 708/1101/879 831/1664/1341 1182/1671/1345 773/1098/876
f 1185/1677/1349 1187/1674/1348 1188/1673/1347 1186/1678/1350
f 1186/1678/1350 1188/1673/1347 838/1680/1352 837/1679/1351
f 838/1680/1352 1188/1673/1347 1190/1676/1110 839/1681/1111
f 1194/1682/1353 1193/1683/1354 1195/1684/1113 1196/1685/1119
f 1187/1674/1348 835/1666/1343 836/1669/1102 1189/1675/1101
f 776/1072/861 1191/1686/1355 1192/1687/1356 777/1073/862
f 707/1099/877 834/1672/1346 1185/1677/1349 774/1100/878
f 837/1679/1351 838/1680/1352 1193/1683/1354 1191/1686/1355
f 1191/1686/1355 1193/1683/1354 1194/1682/1353 1192/1687/1356
f 1200/1688/1357 1199/1689/1358 1201/1690/1121 1202/1691/1082
f 1193/1683/1354 838/1680/1352 839/1681/1111 1195/1684/1113
f 1197/1692/1359 1199/1689/1358 1200/1688/1357 1198/1693/1360
f 841/1694/1361 1200/1688/1357 1202/1691/1082 842/1695/1085
f 1197/1692/1359 1192/1687/1356 1194/1682/1353 1199/1689/1358
f 705/1094/872 779/1093/871 1198/1693/1360 840/1696/1362
f 1198/1693/1360 1200/1688/1357 841/1694/1361 840/1696/1362
f 1206/1697/1363 1205/1698/1364 1207/1699/1129 1208/1700/1135
f 1199/1689/1358 1194/1682/1353 1196/1685/1119 1201/1690/1121
f 780/1063/856 1203/1701/1365 1204/1702/1366 781/1064/857
f 781/1064/857 1204/1702/1366 1209/1703/1367 782/1067/858
f 777/1073/862 1192/1687/1356 1197/1692/1359 778/1095/873
f 1203/1701/1365 1205/1698/1364 1206/1697/1363 1204/1702/1366
f 841/1694/1361 842/1695/1085 1207/1699/1129 1205/1698/1364
f 1204/1702/1366 1206/1697/1363 1212/1704/1368 1209/1703/1367
f 1213/1705/1369 1212/1704/1368 1215/1706/1137 1216/1707/1146
f 840/1696/1362 841/1694/1361 1205/1698/1364 1203/1701/1365
f 782/1067/858 1209/1703/1367 1210/1708/1370 783/1068/859
f 1209/1703/1367 1212/1704/1368 1213/1705/1369 1210/1708/1370
f 1210/1708/1370 1213/1705/1369 1214/1709/1371 1211/1710/1372
f 1221/1711/1373 1220/1712/1374 1222/1713/1149 1223/1714/1148
f 1214/1709/1371 1213/1705/1369 1216/1707/1146 1217/1715/1147
f 1212/1704/1368 1206/1697/1363 1208/1700/1135 1215/1706/1137
f 1226/1716/1375 1229/1717/1376 1220/1712/1374 1218/1718/1377
f 785/1187/931 1218/1718/1377 1219/1719/1378 786/1185/929
f 1218/1718/1377 1220/1712/1374 1221/1711/1373 1219/1719/1378
f 1219/1719/1378 1221/1711/1373 844/1720/1379 843/1721/1380
f 1236/1722/1381 1235/1723/1382 1237/1724/1383 1238/1725/1384
f 844/1720/1379 1221/1711/1373 1223/1714/1148 845/1726/1062
f 1228/1727/1385 1227/1728/1386 1230/1729/1387 1231/1730/1388
f 1231/1731/1388 1230/1732/1387 1363/1733/1389 1361/1734/1390
f 1237/1735/1383 883/1736/1391 722/1737/1392 1357/1738/1393
f 1365/1410/1151 866/1321/1063 845/1320/1062 1223/1407/1148
f 787/1188/932 1224/1739/1394 1225/1740/1395 788/1153/913
f 1218/1718/1377 785/1187/931 789/1154/914 1226/1716/1375
f 1224/1739/1394 1227/1728/1386 1228/1727/1385 1225/1740/1395
f 1225/1740/1395 1228/1727/1385 1229/1717/1376 1226/1716/1375
f 1229/1717/1376 1228/1727/1385 1231/1730/1388 1232/1741/1396
f 1220/1712/1374 1229/1717/1376 1232/1741/1396 1222/1713/1149
f 1367/1409/1150 1222/1408/1149 1232/1742/1396 1359/1743/1397
f 1359/1743/1397 1232/1742/1396 1231/1731/1388 1361/1734/1390
f 790/1175/923 1233/1744/1398 1234/1745/1399 791/1176/924
f 1224/1739/1394 787/1188/932 791/1176/924 1234/1745/1399
f 1233/1744/1398 1235/1723/1382 1236/1722/1381 1234/1745/1399
f 1234/1745/1399 1236/1722/1381 1227/1728/1386 1224/1739/1394
f 1227/1728/1386 1236/1722/1381 1238/1725/1384 1230/1729/1387
f 884/1746/1400 883/1747/1391 1237/1724/1383 1235/1723/1382
f 1351/1748/1401 1244/1749/1402 1243/1750/1403 1353/1751/1404
f 1247/1162/919 1250/1752/1405 1241/1753/1406 1239/1191/935
f 1355/1754/1407 1363/1733/1389 1230/1732/1387 1238/1755/1384
f 1355/1754/1407 1238/1755/1384 1237/1735/1383 1357/1738/1393
f 1242/1756/1408 1241/1753/1406 1243/1757/1403 1244/1758/1402
f 885/1190/934 884/1746/1400 1235/1723/1382 1233/1744/1398
f 1240/1189/933 1242/1756/1408 884/1746/1400 885/1190/934
f 1239/1191/935 1241/1753/1406 1242/1756/1408 1240/1189/933
f 1257/1759/1409 1256/1760/1410 1258/1761/1411 1259/1762/1412
f 1249/1763/1413 1248/1764/1414 1251/1765/1415 1252/1766/1416
f 883/1747/1391 884/1746/1400 1242/1756/1408 1244/1758/1402
f 1252/1767/1416 1251/1768/1415 1349/1769/1417 1347/1770/1418
f 1258/1771/1411 886/1772/1419 724/1773/1420 1343/1774/1421
f 1351/1748/1401 722/1737/1392 883/1736/1391 1244/1749/1402
f 1245/1160/917 1248/1764/1414 1249/1763/1413 1246/1161/918
f 1246/1161/918 1249/1763/1413 1250/1752/1405 1247/1162/919
f 1250/1752/1405 1249/1763/1413 1252/1766/1416 1253/1775/1422
f 1241/1753/1406 1250/1752/1405 1253/1775/1422 1243/1757/1403
f 1353/1751/1404 1243/1750/1403 1253/1776/1422 1345/1777/1423
f 1285/1778/1424 1284/1779/1425 1327/1419/1156 1325/1422/1159
f 1345/1777/1423 1253/1776/1422 1252/1767/1416 1347/1770/1418
f 1254/1179/926 1256/1760/1410 1257/1759/1409 1255/1180/927
f 1255/1180/927 1257/1759/1409 1248/1764/1414 1245/1160/917
f 1248/1764/1414 1257/1759/1409 1259/1762/1412 1251/1765/1415
f 887/1780/1426 886/1781/1419 1258/1761/1411 1256/1760/1410
f 1267/1782/1427 1266/1783/1428 1339/1784/1429 1337/1785/1430
f 1260/1786/1431 1263/1787/1432 1264/1788/1433 1261/1789/1434
f 1341/1790/1435 1349/1769/1417 1251/1768/1415 1259/1791/1412
f 1341/1790/1435 1259/1791/1412 1258/1771/1411 1343/1774/1421
f 1264/1788/1433 1263/1787/1432 1266/1792/1428 1267/1793/1427
f 888/1794/1436 887/1780/1426 1256/1760/1410 1254/1179/926
f 794/1195/939 1262/1795/1437 888/1794/1436
f 793/1194/938 1261/1789/1434 1262/1795/1437 794/1195/939
f 1255/1180/927 1245/1160/917 946/1159/916
f 1262/1795/1437 1265/1796/1438 887/1780/1426 888/1794/1436
f 1261/1789/1434 1264/1788/1433 1265/1796/1438 1262/1795/1437
f 1265/1796/1438 1264/1788/1433 1267/1793/1427 1268/1797/1439
f 1273/1798/1440 1272/1799/1441 1275/1800/1442 1276/1801/1443
f 886/1781/1419 887/1780/1426 1265/1796/1438 1268/1797/1439
f 1276/1802/1443 1275/1803/1442 1333/1804/1444 1331/1423/1160
f 1335/1805/1445 1268/1806/1439 1267/1782/1427 1337/1785/1430
f 1335/1805/1445 724/1773/1420 886/1772/1419 1268/1806/1439
f 1269/1807/1446 1272/1799/1441 1273/1798/1440 1270/1808/1447
f 1282/1809/1448 1281/1810/1449 1284/1811/1425 1285/1812/1424
f 1271/1813/1450 1274/1814/1451 1263/1787/1432 1260/1786/1431
f 796/1192/936 1270/1808/1447 1271/1813/1450 797/1193/937
f 792/1196/940 1260/1786/1431 1261/1789/1434 793/1194/938
f 1270/1808/1447 1273/1798/1440 1274/1814/1451 1271/1813/1450
f 1274/1814/1451 1273/1798/1440 1276/1801/1443 1277/1815/1452
f 1274/1814/1451 1277/1815/1452 1266/1792/1428 1263/1787/1432
f 1266/1783/1428 1277/1816/1452 1329/1426/1163 1339/1784/1429
f 1329/1426/1163 1277/1816/1452 1276/1802/1443 1331/1423/1160
f 1278/1817/1453 1281/1810/1449 1282/1809/1448 1279/1818/1454
f 1290/1819/1455 1289/1820/1456 1291/1821/823 1292/1822/1173
f 1280/1823/1457 1283/1824/1458 1272/1799/1441 1269/1807/1446
f 1269/1807/1446 795/1203/947 800/1202/946 1280/1823/1457
f 795/1203/947 1269/1807/1446 1270/1808/1447 796/1192/936
f 799/1201/945 1279/1818/1454 1280/1823/1457 800/1202/946
f 1279/1818/1454 1282/1809/1448 1283/1824/1458 1280/1823/1457
f 1283/1824/1458 1286/1825/1459 1275/1800/1442 1272/1799/1441
f 1283/1824/1458 1282/1809/1448 1285/1812/1424 1286/1825/1459
f 1286/1826/1459 1323/1827/1460 1333/1804/1444 1275/1803/1442
f 1288/1828/1461 1290/1819/1455 878/1552/1266 879/1551/1265
f 1286/1826/1459 1285/1778/1424 1325/1422/1159 1323/1827/1460
f 1324/1829/1462 1323/1827/1460 1325/1422/1159 1326/1421/1158
f 1318/1830/1463 1320/1831/1464 1281/1810/1449 1278/1817/1453
f 1278/1817/1453 798/1207/950 812/1205/949 1318/1830/1463
f 798/1207/950 1278/1817/1453 1279/1818/1454 799/1201/945
f 1287/1832/1465 1289/1820/1456 1290/1819/1455 1288/1828/1461
f 1491/1833/1466 1490/1834/1467 1294/1835/1468 1295/1836/1167
f 877/1559/1175 878/1552/1266 1290/1819/1455 1292/1822/1173
f 803/1037/839 1293/1837/1469 1489/1838/1470 1482/1056/854
f 1293/1837/1469 1294/1835/1468 1490/1834/1467 1489/1838/1470
f 814/1444/1180 815/1450/1168 1295/1836/1167 1294/1835/1468
f 1490/1834/1467 1491/1833/1466 1529/1839/1471 1528/1840/1472
f 825/1632/1320 826/1631/1319 1297/1841/1473 1296/1842/1474
f 827/1305/1047 854/1292/1034 890/1843/1475 1298/1844/1476
f 1448/1004/821 1447/1003/820 1297/1841/1473 1298/1845/1476
f 813/1445/1181 814/1444/1180 1294/1835/1468 1293/1837/1469
f 1287/1832/1465 801/1058/855 1456/154/107 1468/1846/1477
f 1296/1842/1474 1297/1841/1473 1447/1003/820 1446/1847/1478
f 880/1569/1271 881/1563/1274 1300/1848/1479 1301/1849/1171
f 1297/1841/1473 826/1631/1319 827/1637/1047 1298/1845/1476
f 1468/1846/1477 1469/1005/822 1289/1820/1456 1287/1832/1465
f 1452/1850/1480 1418/1851/1481 1420/1852/1482 1451/1853/1483
f 1211/1710/1372 1214/1709/1371 1304/1854/1484 1302/1855/1485
f 1299/1856/1486 805/1129/897 1481/1136/900 1492/1857/1487
f 1492/1857/1487 1493/1858/1488 1300/1848/1479 1299/1856/1486
f 1299/1856/1486 1300/1848/1479 881/1563/1274 882/1562/1273
f 1495/1859/1489 1496/1860/1490 1411/1434/1170 1412/1861/1491
f 1305/1862/1492 1304/1854/1484 1306/1863/1493 1307/1864/1494
f 1306/1865/1493 1217/1406/1147 1033/1404/1145 1417/1866/1495
f 720/1211/953 880/1560/1271 1301/1435/1171 1427/1436/1172
f 806/1092/870 1302/1855/1485 1303/1867/1496 807/1107/884
f 1302/1855/1485 1304/1854/1484 1305/1862/1492 1303/1867/1496
f 1311/1639/1324 1310/1868/1497 1312/1869/1498 1313/1870/1499
f 1460/1871/1500 1305/1862/1492 1307/1864/1494 1461/1872/1501
f 1307/1873/1494 1306/1865/1493 1417/1866/1495 1418/1874/1481
f 1312/1875/1498 1529/1876/1471 1518/1307/1049 1413/1306/1048
f 1308/1877/1502 1527/1878/1503 1528/1840/1472 1310/1868/1497
f 1211/1710/1372 1302/1855/1485 806/1092/870 784/1070/860
f 808/1089/867 1308/1877/1502 1309/1638/1323 809/1090/868
f 1308/1877/1502 1310/1868/1497 1311/1639/1324 1309/1638/1323
f 1163/1634/1322 1311/1639/1324 1313/1870/1499 1165/1635/1045
f 1313/1879/1499 1312/1875/1498 1413/1306/1048 1414/1880/1504
f 1313/1879/1499 1414/1880/1504 997/1296/1038 1165/1303/1045
f 810/1164/921 1314/1881/1505 1514/1882/1506 1523/1165/922
f 1314/1881/1505 1315/1645/1330 1515/1644/1329 1514/1882/1506
f 844/1720/1379 845/1726/1062 1316/1646/678 1315/1645/1330
f 1310/1868/1497 1528/1840/1472 1529/1839/1471 1312/1869/1498
f 1317/1883/1507 1319/1884/1508 1320/1831/1464 1318/1830/1463
f 1321/1885/1509 1461/1886/1501 1452/1850/1480 1421/1887/1510
f 1320/1831/1464 1319/1884/1508 1321/1888/1509 1322/1889/1511
f 843/1721/1380 844/1720/1379 1315/1645/1330 1314/1881/1505
f 1437/1208/951 1449/1890/1512 1317/1883/1507 811/1204/948
f 1317/1883/1507 1449/1890/1512 1450/1891/1513 1319/1884/1508
f 1320/1831/1464 1322/1889/1511 1284/1811/1425 1281/1810/1449
f 1322/1892/1511 1422/1893/1514 1327/1419/1156 1284/1779/1425
f 1034/1399/1141 1899/1428/1165 1823/1894/1515 717/1895/1516
f 1322/1892/1511 1321/1885/1509 1421/1887/1510 1422/1893/1514
f 1289/1820/1456 1469/1005/822 1448/1004/821 1291/1821/823
f 1334/1896/1517 1846/1897/1518 1845/1898/1519 1332/1424/1161
f 1849/1899/1520 1848/1900/1521 1324/1829/1462 1326/1421/1158
f 1421/1887/1510 1452/1850/1480 1451/1853/1483 1423/1901/1522
f 1291/1902/823 1037/1401/825 1036/1400/1142 1292/1437/1173
f 1336/1903/1523 1335/1805/1445 1337/1785/1430 1338/1904/1524
f 1794/1905/1525 1847/1906/1526 1328/1420/1157 1424/1907/1527
f 854/1292/1034 855/998/815 889/997/814 890/1843/1475
f 1254/1179/926 947/1181/928 794/1195/939 888/1794/1436
f 1332/1424/1161 1331/1423/1160 1333/1804/1444 1334/1896/1517
f 1333/1804/1444 1323/1827/1460 1324/1829/1462 1334/1896/1517
f 1842/1908/1528 1841/1909/1529 1338/1904/1524 1340/1910/1530
f 1845/1898/1519 1844/1911/1531 1330/1425/1162 1332/1424/1161
f 1343/1774/1421 1344/1912/1532 1342/1913/1533 1341/1790/1435
f 1339/1784/1429 1329/1426/1163 1330/1425/1162 1340/1910/1530
f 723/1914/1534 724/1773/1420 1335/1805/1445 1336/1903/1523
f 1338/1904/1524 1337/1785/1430 1339/1784/1429 1340/1910/1530
f 1338/1904/1524 1841/1909/1529 1843/1915/1535 1336/1903/1523
f 723/1914/1534 1336/1903/1523 1843/1915/1535 1838/1916/1536
f 1840/1917/1537 1837/1918/1538 1350/1919/1539 1342/1913/1533
f 1343/1774/1421 724/1773/1420 723/1914/1534 1344/1912/1532
f 1344/1912/1532 1839/1920/1540 1840/1917/1537 1342/1913/1533
f 1842/1908/1528 1340/1910/1530 1330/1425/1162 1844/1911/1531
f 1839/1920/1540 1344/1912/1532 723/1914/1534 1838/1916/1536
f 1346/1921/1541 1345/1777/1423 1347/1770/1418 1348/1922/1542
f 1348/1922/1542 1347/1770/1418 1349/1769/1417 1350/1919/1539
f 1352/1923/1543 1351/1748/1401 1353/1751/1404 1354/1924/1544
f 1834/1925/1545 1354/1924/1544 1346/1921/1541 1835/1926/1546
f 1342/1913/1533 1350/1919/1539 1349/1769/1417 1341/1790/1435
f 1350/1919/1539 1837/1918/1538 1836/1927/1547 1348/1922/1542
f 1836/1927/1547 1835/1926/1546 1346/1921/1541 1348/1922/1542
f 1846/1897/1518 1334/1896/1517 1324/1829/1462 1848/1900/1521
f 1354/1924/1544 1353/1751/1404 1345/1777/1423 1346/1921/1541
f 1357/1738/1393 1358/1928/1548 1356/1929/1549 1355/1754/1407
f 721/1930/1550 722/1737/1392 1351/1748/1401 1352/1923/1543
f 1354/1924/1544 1834/1925/1545 1833/1931/1551 1352/1923/1543
f 721/1930/1550 1352/1923/1543 1833/1931/1551 1830/1932/1552
f 1832/1933/1553 1829/1934/1554 1364/1935/1555 1356/1929/1549
f 1357/1738/1393 722/1737/1392 721/1930/1550 1358/1928/1548
f 1358/1928/1548 1831/1936/1556 1832/1933/1553 1356/1929/1549
f 1831/1936/1556 1358/1928/1548 721/1930/1550 1830/1932/1552
f 1360/1937/1557 1359/1743/1397 1361/1734/1390 1362/1938/1558
f 1362/1938/1558 1361/1734/1390 1363/1733/1389 1364/1935/1555
f 1366/1939/1559 1365/1410/1151 1367/1409/1150 1368/1940/1560
f 1826/1941/1561 1368/1940/1560 1360/1937/1557 1827/1942/1562
f 1356/1929/1549 1364/1935/1555 1363/1733/1389 1355/1754/1407
f 1364/1935/1555 1829/1934/1554 1828/1943/1563 1362/1938/1558
f 1828/1943/1563 1827/1942/1562 1360/1937/1557 1362/1938/1558
f 1368/1940/1560 1367/1409/1150 1359/1743/1397 1360/1937/1557
f 1370/1944/1564 1369/1564/1275 1371/1544/1260 1372/1945/1565
f 1823/1894/1515 1822/1946/1566 1372/1945/1565 717/1895/1516
f 1366/1939/1559 867/1947/1567 866/1321/1063 1365/1410/1151
f 1368/1940/1560 1826/1941/1561 1825/1948/1568 1366/1939/1559
f 1825/1948/1568 1791/1949/1569 867/1947/1567 1366/1939/1559
f 1897/1402/1143 1896/1950/1570 1032/1403/1144 1030/1396/1138
f 717/1895/1516 1372/1945/1565 1371/1544/1260 718/1438/1174
f 1824/1951/1571 1821/1952/1572 1378/1953/1573 1370/1944/1564
f 1374/1954/1574 1373/1550/1264 1375/1543/1259 1376/1955/1575
f 1822/1946/1566 1824/1951/1571 1370/1944/1564 1372/1945/1565
f 1376/1955/1575 1375/1543/1259 1377/1542/1258 1378/1953/1573
f 1380/1956/1576 1379/1517/1238 1381/1520/1241 1382/1957/1577
f 1818/1958/1578 1382/1957/1577 1374/1954/1574 1819/1959/1579
f 1370/1944/1564 1378/1953/1573 1377/1542/1258 1369/1564/1275
f 1378/1953/1573 1821/1952/1572 1820/1960/1580 1376/1955/1575
f 1820/1960/1580 1819/1959/1579 1374/1954/1574 1376/1955/1575
f 1382/1957/1577 1381/1520/1241 1373/1550/1264 1374/1954/1574
f 1385/1512/1234 1386/1961/1581 1384/1962/1582 1383/1525/1246
f 715/1963/1583 716/1511/1233 1379/1517/1238 1380/1956/1576
f 1382/1957/1577 1818/1958/1578 1817/1964/1584 1380/1956/1576
f 715/1963/1583 1380/1956/1576 1817/1964/1584 1814/1965/1585
f 1816/1966/1586 1813/1967/1587 1390/1968/1588 1384/1962/1582
f 1385/1512/1234 716/1511/1233 715/1963/1583 1386/1961/1581
f 1386/1961/1581 1815/1969/1589 1816/1966/1586 1384/1962/1582
f 1815/1969/1589 1386/1961/1581 715/1963/1583 1814/1965/1585
f 1388/1970/1590 1387/1502/1225 1389/1501/1224 1390/1968/1588
f 1384/1962/1582 1390/1968/1588 1389/1501/1224 1383/1525/1246
f 713/1971/1591 714/1482/1211 1387/1502/1225 1388/1970/1590
f 1811/1972/1592 1810/1973/1593 1394/1974/1594 713/1971/1591
f 1392/1975/1595 1391/1497/1223 1393/1483/1212 1394/1974/1594
f 713/1971/1591 1388/1970/1590 1812/1976/1596 1811/1972/1592
f 1390/1968/1588 1813/1967/1587 1812/1976/1596 1388/1970/1590
f 711/1977/1597 712/1462/1194 1391/1497/1223 1392/1975/1595
f 1395/1489/1217 1397/1485/1213 1398/1978/1598 1396/1979/1599
f 1806/1980/1600 1805/1981/1601 1400/1982/1602 711/1977/1597
f 1394/1974/1594 1810/1973/1593 1809/1983/1603 1392/1975/1595
f 1394/1974/1594 1393/1483/1212 714/1482/1211 713/1971/1591
f 711/1977/1597 1392/1975/1595 1809/1983/1603 1806/1980/1600
f 1408/1984/1604 1407/986/808 1409/985/807 1410/1985/1605
f 1402/1986/1606 1401/1467/1198 1403/1455/1190 1404/1987/1607
f 1804/1988/1608 1803/1989/1609 1404/1987/1607 1406/1990/1610
f 1397/1485/1213 1399/1459/1192 1400/1982/1602 1398/1978/1598
f 1396/1979/1599 1398/1978/1598 1807/1991/1611 1808/1992/1612
f 1400/1982/1602 1399/1459/1192 712/1462/1194 711/1977/1597
f 1398/1978/1598 1400/1982/1602 1805/1981/1601 1807/1991/1611
f 1808/1992/1612 1804/1988/1608 1406/1990/1610 1396/1979/1599
f 1404/1987/1607 1403/1455/1190 1405/1458/1191 1406/1990/1610
f 1396/1979/1599 1406/1990/1610 1405/1458/1191 1395/1489/1217
f 1801/1993/1613 1410/1985/1605 1402/1986/1606 1802/1994/1614
f 1803/1989/1609 1802/1994/1614 1402/1986/1606 1404/1987/1607
f 1410/1985/1605 1409/985/807 1401/1467/1198 1402/1986/1606
f 846/1433/1169 847/1995/1615 1412/1861/1491 1411/1434/1170
f 1408/1984/1604 847/1995/1615 846/1433/1169 1407/986/808
f 1410/1985/1605 1801/1993/1613 1800/1996/1616 1408/1984/1604
f 1800/1996/1616 1798/1997/1617 847/1995/1615 1408/1984/1604
f 1427/1436/1172 1497/982/804 1498/1998/1618 1428/1999/1619
f 1782/2000/1620 1495/1859/1489 1412/1861/1491 1799/2001/1621
f 1783/2002/1622 1796/2003/1623 1415/1309/1051 1517/1308/1050
f 1418/1874/1481 1417/1866/1495 1419/2004/1624 1420/2005/1482
f 1799/2001/1621 1412/1861/1491 847/1995/1615 1798/1997/1617
f 1414/1880/1504 1413/1306/1048 1415/1309/1051 1416/1319/1061
f 1414/1880/1504 1416/1319/1061 996/1297/1039 997/1296/1038
f 1795/2006/1625 1419/2004/1624 1032/1403/1144 1896/1950/1570
f 1422/1893/1514 1421/1887/1510 1423/1901/1522 1424/1907/1527
f 1417/1866/1495 1033/1404/1145 1032/1403/1144 1419/2004/1624
f 1424/1907/1527 1423/1901/1522 1793/2007/1626 1794/1905/1525
f 1422/1893/1514 1424/1907/1527 1328/1420/1157 1327/1419/1156
f 1519/848/676 1425/851/679 1426/2008/1627 1520/2009/1628
f 1423/1901/1522 1451/1853/1483 1788/2010/1629 1793/2007/1626
f 866/1321/1063 867/1947/1567 1426/2008/1627 1425/851/679
f 1937/2011/1630 1933/2012/1631 1596/2013/1631 1597/2014/1630
f 1784/2015/1632 1520/2009/1628 1426/2008/1627 1792/2016/1633
f 1444/1429/1166 889/997/814 1900/996/813 1786/2017/1634
f 1792/2016/1633 1426/2008/1627 867/1947/1567 1791/1949/1569
f 719/1212/954 720/1211/953 1427/1436/1172 1428/1999/1619
f 1444/1429/1166 1786/2017/1634 1850/2018/1164 1035/1430/1140
f 580/845/675 1507/282/232 1478/833/667 567/2019/342
f 1432/821/659 1453/15/15 189/822/660
f 1428/1999/1619 1498/1998/1618 1785/2020/1635 1790/2021/1636
f 719/1212/954 1428/1999/1619 1790/2021/1636 1789/1213/955
f 811/1204/948 1317/1883/1507 1318/1830/1463 812/1205/949
f 1510/1106/883 1527/1878/1503 1308/1877/1502 808/1089/867
f 1314/1881/1505 810/1164/921 710/1186/930 843/1721/1380
f 1296/1842/1474 804/1132/899 700/1138/902 825/1632/1320
f 805/1129/897 1299/1856/1486 882/1562/1273 701/1130/898
f 1436/153/107 804/1132/899 1296/1842/1474 1446/1847/1478
f 696/1055/853 802/1054/852 1288/1828/1461 879/1551/1265
f 1293/1837/1469 803/1037/839 695/1036/838 813/1445/1181
f 801/1058/855 1287/1832/1465 1288/1828/1461 802/1054/852
f 1260/1786/1431 792/1196/940 797/1193/937 1271/1813/1450
f 1233/1744/1398 790/1175/923 885/1190/934
f 788/1153/913 1225/1740/1395 1226/1716/1375 789/1154/914
f 786/1185/929 1219/1719/1378 843/1721/1380 710/1186/930
f 783/1068/859 1210/1708/1370 1211/1710/1372 784/1070/860
f 1203/1701/1365 780/1063/856 705/1094/872 840/1696/1362
f 778/1095/873 1197/1692/1359 1198/1693/1360 779/1093/871
f 1191/1686/1355 776/1072/861 706/1097/875 837/1679/1351
f 774/1100/878 1185/1677/1349 1186/1678/1350 775/1096/874
f 771/1085/863 1176/1656/1336 1177/1663/1340 772/1086/864
f 768/1087/865 1167/1657/1337 1168/1653/1333 769/1088/866
f 1167/1657/1337 768/1087/865 709/1104/882 828/1643/1328
f 709/1104/882 767/1103/881 1162/1641/1326 828/1643/1328
f 700/1138/902 765/1137/901 1156/1630/1318 825/1632/1320
f 762/1111/886 1149/1618/1310 1150/1621/1312 763/1108/885
f 758/1141/905 1135/1606/1302 1140/1608/1304 759/1142/906
f 703/1143/907 756/1116/890 1129/1597/1296 819/1604/1300
f 751/1145/909 1114/1582/1286 1119/1584/1288 752/1146/910
f 704/1147/911 749/1123/894 1108/1577/1282 816/1580/1284
f 746/1126/895 1101/1561/1272 1102/1566/1276 747/1127/896
f 744/1034/836 1095/1553/1267 1096/1554/1268 745/1032/835
f 742/1019/829 1087/1547/1262 1088/1521/1242 743/1020/830
f 699/1050/850 740/1049/849 1081/1531/1249 876/1530/1248
f 1074/1513/1235 737/1029/833 699/1050/850 876/1530/1248
f 735/1048/848 1068/1504/1227 1069/1503/1226 736/1046/846
f 733/1028/832 1062/1486/1214 1063/1491/1218 734/1026/831
f 697/1043/843 734/1026/831 1063/1491/1218 870/1468/1199
f 1044/1463/1195 727/1040/840 732/1042/842 1055/1472/1203
f 726/1035/837 1039/1443/1179 813/1445/1181 695/1036/838
f 889/997/814 1444/1429/1166 1445/1008/824 890/1843/1475
f 1453/15/15 1432/821/659 1463/13/13
f 1435/17/17 684/827/663 1455/18/18
f 1459/2022/1512 1460/1871/1500 1450/1891/1513 1449/1890/1512
f 1437/1208/951 1464/1210/952 1459/2022/1512 1449/1890/1512
f 1460/1871/1500 1461/1872/1501 1450/1891/1513
f 1442/1174/108 1443/1209/108 955/1171/108 937/1157/108
f 1467/155/108 1466/2023/108 1439/2024/108 1440/156/108
f 1466/2023/108 1465/2025/108 1438/2026/108 1439/2024/108
f 938/2027/1637 1535/2028/1637 1536/2029/1637 1441/2030/1637
f 1961/988/810 694/967/790 25/179/129 1737/188/138
f 188/2/2 189/822/660 1453/15/15 1431/3/3
f 1298/1844/1476 890/1843/1475 1445/1008/824 1448/1007/821
f 574/835/669 585/857/682 587/856/16 1455/841/18
f 1429/175/126 1433/859/684 1454/2031/668 85/840/674
f 1454/2031/668 1433/859/684 585/857/682 574/835/669
f 1956/2032/795 686/826/662 1434/825/661 1953/2033/800
f 2/2034/40 208/110/19 1500/2035/19
f 1521/138/100 1472/106/78 1474/109/81 1503/139/101
f 801/1058/855 905/1052/108 1467/155/108 1456/154/107
f 312/362/312 314/379/328 24/404/351 23/363/313
f 573/836/670 575/842/672 495/688/332 492/685/554
f 1452/1850/1480 1461/1886/1501 1307/2036/1494 1418/1851/1481
f 906/1053/108 907/1039/108 1465/2025/108 1466/2023/108
f 905/1052/108 906/1053/108 1466/2023/108 1467/155/108
f 1034/1399/1141 717/1895/1516 718/1438/1174 1036/1400/1142
f 1303/1867/1496 1305/1862/1492 1460/1871/1500 1459/2022/1512
f 1304/1854/1484 1214/1709/1371 1217/1715/1147 1306/1863/1493
f 1476/401/349 1479/400/348 1508/974/796 1505/2037/681
f 1787/2038/1638 1788/2039/1629 1451/1853/1483 1420/1852/1482
f 1459/2022/1512 1464/1210/952 807/1107/884 1303/1867/1496
f 1468/1846/1477 1456/154/107 1436/153/107 1446/1847/1478
f 1319/1884/1508 1450/1891/1513 1461/1872/1501 1321/1888/1509
f 1446/1847/1478 1447/1003/820 1469/1005/822 1468/1846/1477
f 1443/1209/108 1458/1060/108 1464/1210/952 1437/1208/951
f 1462/10/10 568/9/9 108/990/83 2/991/40
f 569/12/12 565/11/11 1463/809/13 1432/824/659
f 1430/146/19 1429/175/126 85/840/674 84/1183/44
f 1457/1061/108 1458/1060/108 1443/1209/108 1442/1174/108
f 1457/1061/108 1442/1174/108 1441/2040/108
f 1438/2026/108 1465/2025/108 1501/2041/108 1499/2042/108
f 936/2043/1639 1533/2044/1639 1534/2045/1639 1488/2046/1639
f 1496/1860/1490 1491/2047/1466 1295/1431/1167 1411/1434/1170
f 1520/2009/1628 1784/2015/1632 1785/2020/1635 1498/1998/1618
f 1508/974/796 691/293/243 583/292/242 1505/2037/681
f 1496/1860/1490 1495/1859/1489 1517/1308/1050 1518/1307/1049
f 1514/1882/1506 1515/1644/1329 1493/1858/1488 1492/1857/1487
f 1481/1136/900 1523/1165/922 1514/1882/1506 1492/1857/1487
f 1515/1644/1329 1516/1647/677 1494/2048/803 1493/1858/1488
f 1483/1057/108 1482/1056/854 1510/1106/883 1511/1105/108
f 1525/2049/108 1524/1166/108 1486/1135/108 1487/1150/108
f 1471/26/19 1502/63/19 109/72/53 1470/36/28
f 1526/2050/108 1525/2049/108 1487/1150/108 1488/2051/108
f 1488/2046/1639 1534/2045/1639 1542/2052/1639 1526/2053/1639
f 1478/833/667 677/395/343 567/2019/342
f 1529/1876/1471 1491/2047/1466 1496/1860/1490 1518/1307/1049
f 1478/833/667 1507/282/232 1506/281/231 1477/831/665
f 1504/618/505 1475/830/664 1476/829/349 1505/854/681
f 1486/1135/108 1524/1166/108 1523/1165/922 1481/1136/900
f 1503/139/101 1474/109/81 1475/830/664 1504/618/505
f 1522/141/19 1500/2035/19 1472/106/78 1521/138/100
f 1457/1061/108 1531/2054/108 1513/1080/108 909/1062/108
f 1500/2035/19 1522/141/19 198/1182/19 2/2055/40
f 1499/2042/108 1501/2041/108 1531/2054/108 1530/2056/108
f 1441/2057/1640 1536/2058/1640 1543/2059/1640 1530/2060/1640
f 1527/1878/1503 1510/1106/883 1482/1056/854 1489/1838/1470
f 1517/1308/1050 1495/1859/1489 1782/2000/1620 1783/2002/1622
f 1519/848/676 1520/2009/1628 1498/1998/1618 1497/982/804
f 1300/1848/1479 1493/1858/1488 1494/2048/803 1301/1849/1171
f 1489/1838/1470 1490/1834/1467 1528/1840/1472 1527/1878/1503
f 1501/2041/108 1485/2061/108 1513/1080/108 1531/2054/108
f 1485/2061/108 1484/1038/108 1512/1081/108 1513/1080/108
f 1484/1038/108 1483/1057/108 1511/1105/108 1512/1081/108
f 576/818/656 566/817/655 1470/36/28 109/72/53
f 1509/975/797 1480/968/791 1958/987/809 1957/980/802
f 1508/974/796 1479/400/348 1480/968/791 1509/975/797
f 1474/109/81 570/820/658 1475/830/664
f 1473/815/654 578/819/657 580/847/675 567/816/342
f 2/2055/40 198/73/19 190/23/19
f 190/23/19 198/73/19 1502/63/19 1471/26/19
f 1966/969/792 1960/989/811 1506/281/231 681/280/230
f 1949/964/787 146/963/786 678/832/666 1950/971/793
f 1539/2062/108 1538/2063/108 1541/2064/108 1540/2065/108
f 1530/2060/1640 1543/2059/1640 1537/2066/1640 1499/2067/1640
f 1501/2068/1641 1540/2069/1641 1541/2070/1641 1485/2071/1641
f 1485/2072/1640 1541/2073/1640 1538/2074/1640 907/2075/1640
f 1526/2053/1639 1542/2052/1639 1535/2076/1639 938/2077/1639
f 907/2078/1642 1538/2079/1642 1539/2080/1642 1465/2070/1642
f 1465/2081/1639 1539/2074/1639 1540/2082/1639 1501/2083/1639
f 1499/2067/1640 1537/2066/1640 1532/2084/1640 1438/2085/1640
f 1438/2030/1643 1532/2086/1643 1533/2087/1643 936/2027/1643
f 1730/2088/1644 1732/2089/1645 1662/2090/1645 1660/2091/1644
f 1564/2092/1646 1905/2093/1646 1721/2094/1647 1651/2095/1647
f 1731/2096/1648 1729/2097/1649 1659/2098/1649 1661/2099/1648
f 1722/2100/1650 1727/2101/1651 1657/2102/1651 1652/2103/1650
f 1328/1420/1157 1847/1906/1526 1849/1899/1520 1326/1421/1158
f 1601/2104/1652 1602/2105/1653 1940/2106/1653 1941/2107/1652
f 1725/2108/1654 1655/2109/1654 1561/2110/1655 1673/2111/1655
f 1650/2112/1656 1649/2113/1657 1719/2114/1657 1720/2115/1656
f 1652/2116/1650 1651/2095/1647 1721/2094/1647 1722/2117/1650
f 1420/2005/1482 1419/2004/1624 1795/2006/1625 1787/2118/1638
f 1416/1319/1061 1415/1309/1051 1796/2003/1623 1797/1318/1060
f 1718/2119/1658 1648/2120/1658 1551/2121/1659 1663/2122/1659
f 1647/2123/1660 1646/2124/1661 1716/2125/1661 1717/2126/1662
f 1712/2127/1663 1713/2128/1664 1643/2129/1664 1642/2130/1663
f 1704/2131/1665 1634/2132/1665 1546/2133/1666 1947/2134/1666
f 1628/2135/1667 1627/2136/1668 1697/2137/1668 1698/2138/1667
f 1626/2139/1669 1625/2140/1670 1695/2141/1670 1696/2142/1669
f 1690/2143/1671 1620/2144/1671 1549/2145/1672 1945/2146/1673
f 1680/2147/1674 1610/2148/1674 1609/2149/1675 1679/2150/1675
f 1683/2151/1676 1613/2152/1677 1550/2153/1678 1943/2154/1678
f 1674/2155/1679 1604/2156/1679 1654/2157/1680 1724/2158/1680
f 1857/1240/982 1858/1248/990 968/1226/968 966/1232/974
f 1728/2159/1681 1901/2160/1682 1563/2161/1682 1658/2162/1681
f 1555/2163/1683 1667/2164/1683 1954/2165/1684 1603/2166/1684
f 1954/2165/1684 1728/2167/1681 1658/2162/1681 1603/2166/1684
f 1602/2105/1653 1548/2168/1685 1942/2169/1685 1940/2106/1653
f 1941/2107/1652 1938/2170/1686 1600/2171/1686 1601/2104/1652
f 1599/2172/1687 1600/2171/1686 1938/2170/1686 1939/2173/1687
f 1552/2174/1688 1664/2175/1688 1936/2176/1689 1598/2177/1689
f 1597/2014/1630 1598/2177/1689 1936/2176/1689 1937/2011/1630
f 1595/2178/1690 1596/2013/1631 1933/2012/1631 1934/2179/1690
f 1592/2180/1691 1593/2181/1692 1931/2182/1692 1932/2183/1691
f 1594/2184/1693 1935/2185/1693 1931/2182/1692 1593/2181/1692
f 1934/2179/1690 1935/2185/1693 1594/2184/1693 1595/2178/1690
f 1553/2186/1694 1665/2187/1694 1929/2188/1695 1591/2189/1695
f 1590/2190/1696 1591/2189/1695 1929/2188/1695 1930/2191/1697
f 1588/2192/1698 1589/2193/1699 1926/2194/1699 1927/2195/1698
f 1587/2196/1700 1928/2197/1701 1924/2198/1702 1586/2199/1702
f 1927/2195/1698 1928/2197/1701 1587/2196/1700 1588/2192/1698
f 1583/2200/1703 1584/2201/1704 1922/2202/1704 1923/2203/1703
f 1924/2198/1702 1925/2204/1705 1585/2205/1705 1586/2199/1702
f 1554/2206/1706 1585/2205/1705 1925/2204/1705 1666/2207/1706
f 1554/2206/1706 1666/2207/1706 1922/2202/1704 1584/2201/1704
f 1920/2208/1707 1582/2209/1707 1650/2112/1656 1720/2115/1656
f 1581/2210/1708 1582/2209/1707 1920/2208/1707 1921/2211/1708
f 1555/2163/1683 1583/2200/1703 1923/2203/1703 1667/2164/1683
f 1917/2212/1709 1918/2213/1710 1579/2214/1710 1580/2215/1709
f 1918/2213/1710 1919/2216/1711 1578/2217/1711 1579/2214/1710
f 1556/2218/1712 1581/2210/1708 1921/2211/1708 1668/2219/1712
f 1576/2220/1713 1577/2221/1714 1915/2222/1715 1916/2223/1713
f 1578/2217/1711 1919/2216/1711 1915/2222/1715 1577/2221/1714
f 1575/2224/1716 1557/2225/1717 1669/2226/1718 2018/2227/1716
f 1557/2225/1717 1576/2220/1713 1916/2223/1713 1669/2226/1718
f 1913/2228/1719 1914/2229/1720 1573/2230/1720 1574/2231/1721
f 1574/2231/1721 1558/2232/1722 1670/2233/1722 1913/2228/1719
f 1558/2232/1722 1575/2224/1716 2018/2227/1716 1670/2233/1722
f 1572/2234/1723 1559/2235/1724 1671/2236/1724 1911/2237/1723
f 1908/2238/1725 1909/2239/1726 1569/2240/1726 1570/2241/1725
f 1571/2242/1727 1912/2243/1728 1908/2238/1725 1570/2241/1725
f 1571/2242/1727 1572/2234/1723 1911/2237/1723 1912/2243/1728
f 1560/2244/1729 1569/2240/1726 1909/2239/1726 1672/2245/1730
f 1567/2246/1731 1568/2247/1732 1906/2248/1732 1907/2249/1731
f 1903/2250/1733 1904/2251/1734 1565/2252/1734 1566/2253/1733
f 1567/2246/1731 1907/2249/1731 1903/2250/1733 1566/2253/1733
f 1564/2092/1646 1565/2252/1734 1904/2251/1734 1905/2093/1646
f 1902/1417/1155 1562/1416/1155 1563/2254/1682 1901/2255/1682
f 1729/2097/1649 1726/2256/1735 1656/2257/1735 1659/2098/1649
f 1548/2168/1685 1656/2257/1735 1726/2256/1735 1942/2169/1685
f 1731/2096/1648 1661/2099/1648 1655/2109/1654 1725/2108/1654
f 1723/2258/1736 1724/2158/1680 1654/2157/1680 1653/2259/1736
f 1653/2259/1736 1657/2260/1651 1727/2101/1651 1723/2258/1736
f 1674/2155/1679 1675/2261/1737 1605/2262/1737 1604/2156/1679
f 1649/2113/1657 1662/2090/1645 1732/2089/1645 1719/2114/1657
f 1730/2088/1644 1660/2091/1644 1648/2120/1658 1718/2119/1658
f 1717/2126/1662 1663/2122/1659 1551/2121/1659 1647/2123/1660
f 1714/2263/1738 1715/2264/1739 1645/2265/1740 1644/2266/1738
f 1715/2264/1739 1716/2125/1661 1646/2124/1661 1645/2265/1740
f 1644/2266/1738 1643/2129/1664 1713/2128/1664 1714/2263/1738
f 1641/2267/1741 1640/2268/1742 1710/2269/1742 1711/2270/1741
f 1642/2130/1663 1641/2267/1741 1711/2270/1741 1712/2127/1663
f 1544/2271/1743 1639/2272/1744 1709/2273/1744 1974/2274/1743
f 1639/2272/1744 1638/2275/1745 1708/2276/1745 1709/2273/1744
f 1640/2268/1742 1544/2271/1743 1974/2274/1743 1710/2269/1742
f 1979/2277/1746 1708/2276/1745 1638/2275/1745 1545/2278/1746
f 1706/2279/1747 1707/2280/1748 1637/2281/1748 1636/2282/1749
f 1979/2277/1746 1545/2278/1746 1637/2281/1748 1707/2280/1748
f 1705/2283/1750 1706/2279/1747 1636/2282/1749 1635/2284/1751
f 1704/2131/1665 1705/2283/1750 1635/2284/1751 1634/2132/1665
f 1947/2134/1666 1546/2133/1666 1633/2285/1752 1703/2286/1752
f 1702/2287/1753 1703/2286/1752 1633/2285/1752 1632/2288/1754
f 1700/2289/1755 1701/2290/1756 1631/2291/1756 1630/2292/1755
f 1701/2290/1756 1702/2287/1753 1632/2288/1754 1631/2291/1756
f 1698/2138/1667 1699/2293/1757 1629/2294/1758 1628/2135/1667
f 1630/2292/1755 1629/2294/1758 1699/2293/1757 1700/2289/1755
f 1696/2142/1669 1673/2111/1655 1561/2110/1655 1626/2139/1669
f 1627/2136/1668 1547/1415/1154 1989/1418/1154 1697/2137/1668
f 1693/2295/1759 1694/2296/1760 1624/2297/1760 1623/2298/1759
f 1694/2296/1760 1695/2141/1670 1625/2140/1670 1624/2297/1760
f 1691/2299/1761 1692/2300/1762 1622/2301/1762 1621/2302/1761
f 1690/2143/1671 1691/2299/1761 1621/2302/1761 1620/2144/1671
f 1623/2298/1759 1622/2301/1762 1692/2300/1762 1693/2295/1759
f 1945/2146/1673 1549/2145/1672 1619/2303/1763 1689/2304/1763
f 1688/2305/1764 1689/2304/1763 1619/2303/1763 1618/2306/1765
f 1677/2307/1766 1607/2308/1766 1606/2309/1767 1676/2310/1767
f 1686/2311/1768 1687/2312/1769 1617/2313/1769 1616/2314/1768
f 1687/2312/1769 1688/2305/1764 1618/2306/1765 1617/2313/1769
f 1684/2315/1770 1685/2316/1771 1615/2317/1772 1614/2318/1773
f 1683/2151/1676 1684/2315/1770 1614/2318/1773 1613/2152/1677
f 1616/2314/1768 1615/2317/1772 1685/2316/1771 1686/2311/1768
f 1943/2154/1678 1550/2153/1678 1612/2319/1774 1682/2320/1774
f 1681/2321/1775 1682/2320/1774 1612/2319/1774 1611/2322/1775
f 1611/2322/1775 1610/2148/1674 1680/2147/1674 1681/2321/1775
f 1678/2323/1776 1679/2150/1675 1609/2149/1675 1608/2324/1776
f 1606/2309/1767 1605/2262/1737 1675/2261/1737 1676/2310/1767
f 1677/2307/1766 1678/2323/1776 1608/2324/1776 1607/2308/1766
f 1599/2172/1687 1939/2173/1687 1664/2175/1688 1552/2174/1688
f 1930/2191/1697 1926/2194/1699 1589/2193/1699 1590/2190/1696
f 1592/2180/1691 1932/2183/1691 1665/2187/1694 1553/2186/1694
f 1556/2218/1712 1668/2219/1712 1917/2212/1709 1580/2215/1709
f 1559/2235/1724 1573/2230/1720 1914/2229/1720 1671/2236/1724
f 1560/2244/1729 1672/2245/1730 1906/2248/1732 1568/2247/1732
f 321/429/355 673/428/374 675/433/376 320/436/352
f 1662/2090/19 1783/2002/19 1782/2000/19 1660/2091/19
f 1659/2098/19 1785/2020/19 1784/2015/19 1661/2099/19
f 1657/2102/1777 1788/2039/1777 1787/2038/1777 1652/2103/1777
f 1548/2168/19 1789/1213/19 1790/2021/19 1656/2257/19
f 1656/2257/19 1790/2021/19 1785/2020/19 1659/2098/19
f 1655/2109/19 1792/2016/19 1791/1949/19 1561/2110/19
f 1661/2099/19 1784/2015/19 1792/2016/19 1655/2109/19
f 1653/2259/1777 1793/2007/1777 1788/2010/1777 1657/2260/1777
f 1654/2157/1777 1794/1905/1777 1793/2007/1777 1653/2259/1777
f 1652/2116/1777 1787/2118/1777 1795/2006/1777 1651/2095/1777
f 1649/2113/19 1796/2003/19 1783/2002/19 1662/2090/19
f 1650/2112/19 1797/1318/19 1796/2003/19 1649/2113/19
f 1648/2120/19 1799/2001/19 1798/1997/19 1551/2121/19
f 1660/2091/19 1782/2000/19 1799/2001/19 1648/2120/19
f 1647/2123/19 1800/1996/19 1801/1993/19 1646/2124/19
f 1551/2121/19 1798/1997/19 1800/1996/19 1647/2123/19
f 1646/2124/19 1801/1993/19 1802/1994/19 1645/2265/19
f 1644/2266/19 1803/1989/19 1804/1988/19 1643/2129/19
f 1645/2265/19 1802/1994/19 1803/1989/19 1644/2266/19
f 1640/2268/19 1805/1981/19 1806/1980/19 1544/2271/19
f 1641/2267/19 1807/1991/19 1805/1981/19 1640/2268/19
f 1642/2130/19 1808/1992/19 1807/1991/19 1641/2267/19
f 1643/2129/19 1804/1988/19 1808/1992/19 1642/2130/19
f 1544/2271/19 1806/1980/19 1809/1983/19 1639/2272/19
f 1638/2275/19 1810/1973/19 1811/1972/19 1545/2278/19
f 1639/2272/19 1809/1983/19 1810/1973/19 1638/2275/19
f 1637/2281/19 1812/1976/19 1813/1967/19 1636/2282/19
f 1545/2278/19 1811/1972/19 1812/1976/19 1637/2281/19
f 1634/2132/19 1815/1969/19 1814/1965/19 1546/2133/19
f 1635/2284/19 1816/1966/19 1815/1969/19 1634/2132/19
f 1636/2282/19 1813/1967/19 1816/1966/19 1635/2284/19
f 1633/2285/19 1817/1964/19 1818/1958/19 1632/2288/19
f 1546/2133/19 1814/1965/19 1817/1964/19 1633/2285/19
f 1632/2288/19 1818/1958/19 1819/1959/19 1631/2291/19
f 1630/2292/19 1820/1960/19 1821/1952/19 1629/2294/19
f 1631/2291/19 1819/1959/19 1820/1960/19 1630/2292/19
f 1627/2136/19 1822/1946/19 1823/1894/19 1547/1415/19
f 1628/2135/19 1824/1951/19 1822/1946/19 1627/2136/19
f 1629/2294/19 1821/1952/19 1824/1951/19 1628/2135/19
f 1626/2139/19 1825/1948/19 1826/1941/19 1625/2140/19
f 1561/2110/19 1791/1949/19 1825/1948/19 1626/2139/19
f 1625/2140/19 1826/1941/19 1827/1942/19 1624/2297/19
f 1623/2298/19 1828/1943/19 1829/1934/19 1622/2301/19
f 1624/2297/19 1827/1942/19 1828/1943/19 1623/2298/19
f 1620/2144/19 1831/1936/19 1830/1932/19 1549/2145/19
f 1621/2302/19 1832/1933/19 1831/1936/19 1620/2144/19
f 1622/2301/19 1829/1934/19 1832/1933/19 1621/2302/19
f 1619/2303/19 1833/1931/19 1834/1925/19 1618/2306/19
f 1549/2145/19 1830/1932/19 1833/1931/19 1619/2303/19
f 1618/2306/19 1834/1925/19 1835/1926/19 1617/2313/19
f 1616/2314/19 1836/1927/19 1837/1918/19 1615/2317/19
f 1617/2313/19 1835/1926/19 1836/1927/19 1616/2314/19
f 1613/2152/19 1839/1920/19 1838/1916/19 1550/2153/19
f 1614/2318/19 1840/1917/19 1839/1920/19 1613/2152/19
f 1615/2317/19 1837/1918/19 1840/1917/19 1614/2318/19
f 1611/2322/19 1841/1909/19 1842/1908/19 1610/2148/19
f 1612/2319/19 1843/1915/19 1841/1909/19 1611/2322/19
f 1550/2153/19 1838/1916/19 1843/1915/19 1612/2319/19
f 1610/2148/19 1842/1908/19 1844/1911/19 1609/2149/19
f 1608/2324/19 1845/1898/1777 1846/1897/1777 1607/2308/1777
f 1609/2149/19 1844/1911/19 1845/1898/1777 1608/2324/19
f 1604/2156/1777 1847/1906/1777 1794/1905/1777 1654/2157/1777
f 1607/2308/1777 1846/1897/1777 1848/1900/1777 1606/2309/1777
f 1605/2262/1777 1849/1899/1777 1847/1906/1777 1604/2156/1777
f 1606/2309/1777 1848/1900/1777 1849/1899/1777 1605/2262/1777
f 1563/2161/19 1850/2018/19 1786/2017/19 1658/2162/19
f 1601/2104/19 1852/1219/19 1851/1214/19 1602/2105/19
f 1602/2105/19 1851/1214/19 1789/1213/19 1548/2168/19
f 1552/2174/19 1853/1234/19 1854/1223/19 1599/2172/19
f 1599/2172/19 1854/1223/19 1855/1222/19 1600/2171/19
f 1600/2171/19 1855/1222/19 1852/1219/19 1601/2104/19
f 1597/2014/19 1857/1240/19 1856/1239/19 1598/2177/19
f 1598/2177/19 1856/1239/19 1853/1234/19 1552/2174/19
f 1596/2013/19 1858/1248/19 1857/1240/19 1597/2014/19
f 1594/2184/19 1860/1247/19 1859/1246/19 1595/2178/19
f 1595/2178/19 1859/1246/19 1858/1248/19 1596/2013/19
f 1553/2186/19 1861/1268/19 1862/1258/19 1592/2180/19
f 1592/2180/19 1862/1258/19 1863/1255/19 1593/2181/19
f 1593/2181/19 1863/1255/19 1860/1247/19 1594/2184/19
f 1590/2190/19 1865/1250/19 1864/1273/19 1591/2189/19
f 1591/2189/19 1864/1273/19 1861/1268/19 1553/2186/19
f 1589/2193/19 1866/1251/19 1865/1250/19 1590/2190/19
f 1587/2196/19 1868/1280/19 1867/1279/19 1588/2192/19
f 1588/2192/19 1867/1279/19 1866/1251/19 1589/2193/19
f 1554/2206/19 1870/1295/19 1869/1286/19 1585/2205/19
f 1585/2205/19 1869/1286/19 1871/1283/19 1586/2199/19
f 1586/2199/19 1871/1283/19 1868/1280/19 1587/2196/19
f 1555/2163/19 1873/995/19 1872/1301/19 1583/2200/19
f 1583/2200/19 1872/1301/19 1874/1300/19 1584/2201/19
f 1584/2201/19 1874/1300/19 1870/1295/19 1554/2206/19
f 1556/2218/19 1876/1331/19 1875/1315/19 1581/2210/19
f 1581/2210/19 1875/1315/19 1877/1314/19 1582/2209/19
f 1582/2209/19 1877/1314/19 1797/1318/19 1650/2112/19
f 1580/2215/19 1878/1324/19 1876/1331/19 1556/2218/19
f 1578/2217/19 1880/1329/19 1879/1325/19 1579/2214/19
f 1579/2214/19 1879/1325/19 1878/1324/19 1580/2215/19
f 1557/2225/19 1882/1352/19 1881/1346/19 1576/2220/19
f 1576/2220/19 1881/1346/19 1883/1330/19 1577/2221/19
f 1577/2221/19 1883/1330/19 1880/1329/19 1578/2217/19
f 1558/2232/19 1885/1358/19 1884/1353/19 1575/2224/19
f 1575/2224/19 1884/1353/19 1882/1352/19 1557/2225/19
f 1559/2235/19 1887/1372/19 1886/1370/19 1573/2230/19
f 1573/2230/19 1886/1370/19 1888/1363/19 1574/2231/19
f 1574/2231/19 1888/1363/19 1885/1358/19 1558/2232/19
f 1571/2242/19 1890/1380/19 1889/1373/19 1572/2234/19
f 1572/2234/19 1889/1373/19 1887/1372/19 1559/2235/19
f 1560/2244/19 1892/1388/19 1891/1386/19 1569/2240/19
f 1569/2240/19 1891/1386/19 1893/1381/19 1570/2241/19
f 1570/2241/19 1893/1381/19 1890/1380/19 1571/2242/19
f 1568/2247/19 1894/1392/19 1892/1388/19 1560/2244/19
f 1567/2246/19 1895/1390/19 1894/1392/19 1568/2247/19
f 1651/2095/1777 1795/2006/1777 1896/1950/19 1564/2092/19
f 1564/2092/19 1896/1950/19 1897/1402/19 1565/2252/19
f 1565/2252/19 1897/1402/19 1898/1391/19 1566/2253/19
f 1566/2253/19 1898/1391/19 1895/1390/19 1567/2246/19
f 1547/1415/19 1823/1894/19 1899/1428/19 1562/1416/19
f 1562/1416/19 1899/1428/19 1850/1427/19 1563/2254/19
f 1603/2166/19 1900/996/19 1873/995/19 1555/2163/19
f 1658/2162/19 1786/2017/19 1900/996/19 1603/2166/19
f 1901/2255/108 1741/920/108 1740/365/108 1902/1417/108
f 1903/2250/1778 1744/380/1778 1743/392/1778 1904/2251/1778
f 1904/2251/1778 1743/392/1778 1742/369/1778 1905/2093/1778
f 1906/2248/108 1746/356/108 1745/373/108 1907/2249/108
f 1908/2238/108 1748/360/108 1747/350/108 1909/2239/108
f 1671/2236/108 1910/329/108 1750/340/108 1911/2237/108
f 1911/2237/108 1750/340/108 1749/339/108 1912/2243/108
f 1913/2228/108 1752/345/108 1751/330/108 1914/2229/108
f 1915/2222/108 1755/322/108 1754/301/108 1916/2223/108
f 1917/2212/108 1758/291/108 1757/308/108 1918/2213/108
f 1918/2213/108 1757/308/108 1756/313/108 1919/2216/108
f 1920/2208/108 1760/287/108 1759/274/108 1921/2211/108
f 1922/2202/108 1762/271/108 1761/254/108 1923/2203/108
f 1924/2198/108 1764/259/108 1763/249/108 1925/2204/108
f 1926/2194/108 1767/244/108 1766/220/108 1927/2195/108
f 1927/2195/108 1766/220/108 1765/223/108 1928/2197/108
f 1929/2188/108 1769/225/108 1768/228/108 1930/2191/108
f 1931/2182/108 1771/231/108 1770/216/108 1932/2183/108
f 1933/2012/108 1774/209/108 1773/215/108 1934/2179/108
f 1934/2179/108 1773/215/108 1772/230/108 1935/2185/108
f 1936/2176/108 1776/191/108 1775/194/108 1937/2011/108
f 1938/2170/108 1778/195/108 1777/181/108 1939/2173/108
f 1940/2106/108 1780/187/108 1779/196/108 1941/2107/108
f 1942/2169/108 1737/188/108 1780/187/108 1940/2106/108
f 1728/2159/108 1955/4/108 1741/867/108 1901/2160/108
f 1943/2154/108 1739/883/108 1944/888/108 1683/2151/108
f 1945/2146/108 1738/899/108 1946/905/108 1690/2143/108
f 1947/2134/108 1735/932/108 1948/938/108 1704/2131/108
f 1663/2122/108 1949/964/108 1950/971/108 1718/2119/108
f 1673/2111/108 1951/917/108 1952/979/108 1725/2108/108
f 1954/2165/108 1781/1/108 1955/4/108 1728/2167/108
f 1722/2100/1778 1956/2032/1778 1953/2033/1778 1727/2101/1778
f 1731/2096/108 1957/980/108 1958/987/108 1729/2097/108
f 1730/2088/108 1959/972/108 1960/989/108 1732/2089/108
f 1729/2097/108 1958/987/108 1961/988/108 1726/2256/108
f 1726/2256/108 1961/988/108 1737/188/108 1942/2169/108
f 1725/2108/108 1952/979/108 1957/980/108 1731/2096/108
f 1727/2101/1778 1953/978/1778 1962/977/1778 1723/2258/1778
f 1723/2258/1778 1962/977/1778 1963/876/1778 1724/2158/1778
f 1724/2158/1778 1963/876/1778 1964/878/1778 1674/2155/1778
f 1721/2094/1778 1965/368/1778 1956/973/1778 1722/2117/1778
f 1732/2089/108 1960/989/108 1966/969/108 1719/2114/108
f 1719/2114/108 1966/969/108 1967/288/108 1720/2115/108
f 1720/2115/108 1967/288/108 1760/287/108 1920/2208/108
f 1718/2119/108 1950/971/108 1959/972/108 1730/2088/108
f 1715/2264/108 1969/958/108 1968/966/108 1716/2125/108
f 1716/2125/108 1968/966/108 1970/965/108 1717/2126/108
f 1717/2126/108 1970/965/108 1949/964/108 1663/2122/108
f 1713/2128/108 1972/961/108 1971/957/108 1714/2263/108
f 1714/2263/108 1971/957/108 1969/958/108 1715/2264/108
f 1974/2274/108 1733/962/108 1973/951/108 1710/2269/108
f 1710/2269/108 1973/951/108 1975/950/108 1711/2270/108
f 1711/2270/108 1975/950/108 1976/959/108 1712/2127/108
f 1712/2127/108 1976/959/108 1972/961/108 1713/2128/108
f 1709/2273/108 1977/944/108 1733/962/108 1974/2274/108
f 1979/2277/108 1734/945/108 1978/941/108 1708/2276/108
f 1708/2276/108 1978/941/108 1977/944/108 1709/2273/108
f 1706/2279/108 1981/937/108 1980/946/108 1707/2280/108
f 1707/2280/108 1980/946/108 1734/945/108 1979/2277/108
f 1704/2131/108 1948/938/108 1982/935/108 1705/2283/108
f 1705/2283/108 1982/935/108 1981/937/108 1706/2279/108
f 1701/2290/108 1984/928/108 1983/934/108 1702/2287/108
f 1702/2287/108 1983/934/108 1985/933/108 1703/2286/108
f 1703/2286/108 1985/933/108 1735/932/108 1947/2134/108
f 1699/2293/108 1987/924/108 1986/927/108 1700/2289/108
f 1700/2289/108 1986/927/108 1984/928/108 1701/2290/108
f 1989/1418/108 1736/364/108 1988/914/108 1697/2137/108
f 1697/2137/108 1988/914/108 1990/915/108 1698/2138/108
f 1698/2138/108 1990/915/108 1987/924/108 1699/2293/108
f 1694/2296/108 1992/911/108 1991/919/108 1695/2141/108
f 1695/2141/108 1991/919/108 1993/918/108 1696/2142/108
f 1696/2142/108 1993/918/108 1951/917/108 1673/2111/108
f 1692/2300/108 1995/904/108 1994/910/108 1693/2295/108
f 1693/2295/108 1994/910/108 1992/911/108 1694/2296/108
f 1690/2143/108 1946/905/108 1996/902/108 1691/2299/108
f 1691/2299/108 1996/902/108 1995/904/108 1692/2300/108
f 1687/2312/108 1998/894/108 1997/901/108 1688/2305/108
f 1688/2305/108 1997/901/108 1999/900/108 1689/2304/108
f 1689/2304/108 1999/900/108 1738/899/108 1945/2146/108
f 1685/2316/108 2001/887/108 2000/893/108 1686/2311/108
f 1686/2311/108 2000/893/108 1998/894/108 1687/2312/108
f 1683/2151/108 1944/888/108 2002/885/108 1684/2315/108
f 1684/2315/108 2002/885/108 2001/887/108 1685/2316/108
f 1680/2147/108 2004/884/108 2003/874/108 1681/2321/108
f 1681/2321/108 2003/874/108 2005/875/108 1682/2320/108
f 1682/2320/108 2005/875/108 1739/883/108 1943/2154/108
f 1679/2150/108 2006/866/108 2004/884/108 1680/2147/108
f 1677/2307/1778 2008/873/1778 2007/865/108 1678/2323/108
f 1678/2323/108 2007/865/108 2006/866/108 1679/2150/108
f 1676/2310/1778 2009/871/1778 2008/873/1778 1677/2307/1778
f 1674/2155/1778 1964/878/1778 2010/895/1778 1675/2261/1778
f 1675/2261/1778 2010/895/1778 2009/871/1778 1676/2310/1778
f 1667/2164/108 2011/257/108 1781/1/108 1954/2165/108
f 1939/2173/108 1777/181/108 2012/183/108 1664/2175/108
f 1941/2107/108 1779/196/108 1778/195/108 1938/2170/108
f 1664/2175/108 2012/183/108 1776/191/108 1936/2176/108
f 1937/2011/108 1775/194/108 1774/209/108 1933/2012/108
f 1932/2183/108 1770/216/108 2013/218/108 1665/2187/108
f 1935/2185/108 1772/230/108 1771/231/108 1931/2182/108
f 1665/2187/108 2013/218/108 1769/225/108 1929/2188/108
f 1930/2191/108 1768/228/108 1767/244/108 1926/2194/108
f 1925/2204/108 1763/249/108 2014/251/108 1666/2207/108
f 1928/2197/108 1765/223/108 1764/259/108 1924/2198/108
f 1923/2203/108 1761/254/108 2011/257/108 1667/2164/108
f 1666/2207/108 2014/251/108 1762/271/108 1922/2202/108
f 1921/2211/108 1759/274/108 2015/273/108 1668/2219/108
f 1668/2219/108 2015/273/108 1758/291/108 1917/2212/108
f 1916/2223/108 1754/301/108 2016/300/108 1669/2226/108
f 1919/2216/108 1756/313/108 1755/322/108 1915/2222/108
f 2018/2227/108 1753/304/108 2017/307/108 1670/2233/108
f 1669/2226/108 2016/300/108 1753/304/108 2018/2227/108
f 1914/2229/108 1751/330/108 1910/329/108 1671/2236/108
f 1670/2233/108 2017/307/108 1752/345/108 1913/2228/108
f 1909/2239/108 1747/350/108 2019/349/108 1672/2245/108
f 1912/2243/108 1749/339/108 1748/360/108 1908/2238/108
f 1672/2245/108 2019/349/108 1746/356/108 1906/2248/108
f 1905/2093/1778 1742/369/1778 1965/368/1778 1721/2094/1778
f 1907/2249/108 1745/373/108 1744/380/1778 1903/2250/1778
f 1902/1417/108 1740/365/108 1736/364/108 1989/1418/108
f 194/24/19 195/30/19 196/25/19
f 196/25/19 197/33/19 190/23/19
f 197/33/19 46/32/25 45/49/41
f 190/23/19 197/33/19 45/49/41
f 202/58/19 76/78/58 75/80/60
f 203/65/19 204/68/19 1502/63/19
f 204/68/19 206/64/19 1502/63/19
f 202/58/19 75/80/60 203/65/19
f 1502/63/19 198/73/19 203/65/19
f 200/51/19 201/59/19 199/52/19
f 201/59/19 202/58/19 199/52/19
f 215/99/19 1500/2035/19 211/92/19
f 211/92/19 212/117/19 213/96/19
f 213/96/19 214/95/19 211/92/19
f 1472/106/78 1500/2035/19 215/99/19
f 215/99/19 216/122/19 1472/106/78
f 216/122/19 217/103/19 1472/106/78
f 1500/2035/19 208/110/19 211/92/19
f 208/110/19 209/90/19 210/89/19
f 226/131/19 229/144/19 230/132/19
f 230/132/19 1522/141/19 224/133/19
f 224/133/19 225/130/19 230/132/19
f 1503/139/101 142/699/562 86/140/102
f 142/699/562 497/677/546 86/140/102
f 497/677/546 496/680/549 86/140/102
f 86/140/102 219/127/19 1521/138/100
f 233/176/19 1430/146/19 232/145/19
f 1430/146/19 1522/141/19 230/132/19
f 222/148/19 223/136/19 220/126/19
f 223/136/19 224/133/19 220/126/19
f 224/133/19 1522/141/19 220/126/19
f 898/1015/108 897/1027/108 896/1024/108
f 896/1024/108 891/1022/108 898/1015/108
f 891/1022/108 902/1016/108 898/1015/108
f 902/1016/108 901/1021/108 900/1031/108
f 900/1031/108 899/1014/108 902/1016/108
f 894/1010/108 893/1013/108 892/1023/108
f 892/1023/108 1483/1057/108 1484/1038/108
f 1484/1038/108 891/1022/108 892/1023/108
f 1485/2061/108 907/1039/108 1484/1038/108
f 907/1039/108 906/1053/108 891/1022/108
f 905/1052/108 904/1033/108 902/1016/108
f 904/1033/108 903/1017/108 902/1016/108
f 902/1016/108 891/1022/108 906/1053/108
f 912/1069/108 911/1071/108 909/1062/108
f 911/1071/108 910/1059/108 909/1062/108
f 774/1100/878 775/1096/874 916/1075/108
f 916/1075/108 908/1082/108 917/1083/108
f 908/1082/108 1512/1081/108 922/1078/108
f 1512/1081/108 1511/1105/108 922/1078/108
f 922/1078/108 920/1077/108 918/1084/108
f 917/1083/108 774/1100/878 916/1075/108
f 922/1078/108 918/1084/108 917/1083/108
f 916/1075/108 915/1074/108 912/1069/108
f 915/1074/108 914/1066/108 913/1065/108
f 912/1069/108 915/1074/108 913/1065/108
f 927/1114/108 923/1151/108 931/1121/108
f 931/1121/108 930/1118/108 927/1114/108
f 930/1118/108 929/1117/108 927/1114/108
f 931/1121/108 923/1151/108 935/1128/108
f 923/1151/108 1487/1150/108 935/1128/108
f 1487/1150/108 1486/1135/108 935/1128/108
f 935/1128/108 934/1125/108 933/1124/108
f 933/1124/108 932/1134/108 935/1128/108
f 924/1131/108 1440/156/108 1439/2024/108
f 1439/2024/108 923/1151/108 924/1131/108
f 923/1151/108 927/1114/108 924/1131/108
f 927/1114/108 926/1110/108 924/1131/108
f 923/1151/108 1439/2024/108 936/1149/108
f 1439/2024/108 1438/2026/108 936/1149/108
f 936/1149/108 1488/2051/108 1487/1150/108
f 951/1158/108 950/1169/108 947/1181/928
f 947/1181/928 946/1159/916 951/1158/108
f 946/1159/916 945/1156/915 951/1158/108
f 941/1152/108 940/1155/108 939/1167/108
f 939/1167/108 1524/1166/108 1525/2049/108
f 1525/2049/108 937/1157/108 939/1167/108
f 937/1157/108 955/1171/108 951/1158/108
f 955/1171/108 954/1206/108 953/1172/108
f 938/1173/108 1441/2040/108 1442/1174/108
f 937/1157/108 1525/2049/108 938/1173/108
f 1525/2049/108 1526/2050/108 938/1173/108
f 945/1156/915 944/1163/920 941/1152/108
f 944/1163/920 943/1178/925 941/1152/108
f 943/1178/925 942/1177/108 941/1152/108
f 1441/2040/108 1530/2056/108 1531/2054/108
f 1531/2054/108 1457/1061/108 1441/2040/108
f 2100/2325/1779 2184/2326/1780 2186/2327/1781 2102/2328/1782
f 2111/2329/1783 2109/2330/1784 2025/2331/1785 2027/2332/1786
f 2115/2333/1787 2113/2334/1788 2029/2335/1789 2031/2336/1790
f 2117/2337/1791 2115/2333/1787 2031/2336/1790 2033/2338/1792
f 2119/2339/1793 2117/2337/1791 2033/2338/1792 2035/2340/1794
f 2121/2341/1795 2119/2339/1793 2035/2340/1794 2037/2342/1796
f 2123/2343/1797 2121/2341/1795 2037/2342/1796 2039/2344/1798
f 2125/2345/1799 2123/2343/1797 2039/2344/1798 2041/2346/1800
f 2127/2347/1801 2125/2345/1799 2041/2346/1800 2043/2348/1802
f 2129/2349/1803 2127/2347/1801 2043/2348/1802 2045/2350/1804
f 2131/2351/1805 2129/2349/1803 2045/2350/1804 2047/2352/1806
f 2133/2353/1807 2131/2351/1805 2047/2352/1806 2049/2354/1808
f 2135/2355/1809 2133/2353/1807 2049/2354/1808 2051/2356/1810
f 2137/2357/1811 2135/2355/1809 2051/2356/1810 2053/2358/1812
f 2139/2359/1813 2137/2357/1811 2053/2358/1812 2055/2360/1814
f 2141/2361/1815 2139/2359/1813 2055/2360/1814 2057/2362/1816
f 2143/2363/1817 2141/2361/1815 2057/2362/1816 2059/2364/1818
f 2145/2365/1819 2143/2363/1817 2059/2364/1818 2061/2366/1820
f 2147/2367/1821 2145/2365/1819 2061/2366/1820 2063/2368/1822
f 2149/2369/1823 2147/2367/1821 2063/2368/1822 2065/2370/1824
f 2151/2371/1825 2149/2369/1823 2065/2370/1824 2067/2372/1826
f 2153/2373/1827 2151/2371/1825 2067/2372/1826 2069/2374/1828
f 2155/2375/1829 2153/2373/1827 2069/2374/1828 2071/2376/1830
f 2157/2377/1831 2155/2375/1829 2071/2376/1830 2073/2378/1832
f 2159/2379/1833 2157/2377/1831 2073/2378/1832 2075/2380/1834
f 2161/2381/1835 2159/2379/1833 2075/2380/1834 2077/2382/1836
f 2163/2383/1837 2161/2381/1835 2077/2382/1836 2079/2384/1838
f 2165/2385/1839 2163/2383/1837 2079/2384/1838 2081/2386/1840
f 2167/2387/1841 2165/2385/1839 2081/2386/1840 2083/2388/1842
f 2169/2389/1843 2167/2387/1841 2083/2388/1842 2085/2390/1844
f 2171/2391/1845 2169/2389/1843 2085/2390/1844 2087/2392/1846
f 2173/2393/1847 2171/2391/1845 2087/2392/1846 2089/2394/1848
f 2175/2395/1849 2173/2393/1847 2089/2394/1848 2091/2396/1850
f 2177/2397/1851 2175/2395/1849 2091/2396/1850 2093/2398/1852
f 2179/2399/1853 2177/2397/1851 2093/2398/1852 2095/2400/1854
f 2181/2401/1855 2179/2399/1853 2095/2400/1854 2097/2402/1856
f 2183/2403/1857 2181/2401/1855 2097/2402/1856 2099/2404/1858
f 2185/2405/1859 2183/2403/1857 2099/2404/1858 2101/2406/1860
f 2187/2407/1861 2185/2405/1859 2101/2406/1860 2103/2408/1862
f 2107/2409/1863 2187/2407/1861 2103/2408/1862 2021/2410/1864
f 2101/2406/1860 2069/2374/1828 2037/2342/1796
f 2102/2328/1782 2186/2327/1781 2106/2411/1865 2020/2412/1640
f 2020/2412/1640 2106/2411/1865 2104/2413/1866 2022/2414/1867
f 2022/2414/1867 2104/2413/1866 2108/2415/1868 2024/2416/1869
f 2024/2416/1869 2108/2415/1868 2110/2417/1870 2026/2418/1871
f 2026/2418/1871 2110/2417/1870 2112/2419/1872 2028/2420/1873
f 2028/2420/1873 2112/2419/1872 2114/2421/1874 2030/2422/1875
f 2030/2422/1875 2114/2421/1874 2116/2423/1876 2032/2424/1877
f 2032/2424/1877 2116/2423/1876 2118/2425/1878 2034/2426/1879
f 2034/2426/1879 2118/2425/1878 2120/2427/1880 2036/2428/1881
f 2036/2428/1881 2120/2427/1880 2122/2429/1882 2038/2430/1883
f 2038/2430/1883 2122/2429/1882 2124/2431/1884 2040/2432/1885
f 2040/2432/1885 2124/2431/1884 2126/2433/1886 2042/2434/1887
f 2042/2434/1887 2126/2433/1886 2128/2435/1888 2044/2436/1889
f 2044/2436/1889 2128/2435/1888 2130/2437/1890 2046/2438/1891
f 2046/2438/1891 2130/2437/1890 2132/2439/1892 2048/2440/1893
f 2048/2440/1893 2132/2439/1892 2134/2441/1894 2050/2442/1895
f 2050/2442/1895 2134/2441/1894 2136/2443/1896 2052/2444/1897
f 2052/2444/1897 2136/2443/1896 2138/2445/1898 2054/2446/1899
f 2054/2446/1899 2138/2445/1898 2140/2447/1900 2056/2448/1901
f 2056/2448/1901 2140/2447/1900 2142/2449/1902 2058/2450/1903
f 2058/2450/1903 2142/2449/1902 2144/2451/1904 2060/2452/1905
f 2060/2452/1905 2144/2451/1904 2146/2453/1906 2062/2454/1639
f 2062/2455/1639 2146/2456/1906 2148/2457/1907 2064/2458/1908
f 2064/2458/1908 2148/2457/1907 2150/2459/1909 2066/2460/1910
f 2066/2460/1910 2150/2459/1909 2152/2461/1911 2068/2462/1912
f 2068/2462/1912 2152/2461/1911 2154/2463/1913 2070/2464/1914
f 2070/2464/1914 2154/2463/1913 2156/2465/1915 2072/2466/1916
f 2072/2466/1916 2156/2465/1915 2158/2467/1917 2074/2468/1918
f 2074/2468/1918 2158/2467/1917 2160/2469/1919 2076/2470/1920
f 2076/2470/1920 2160/2469/1919 2162/2471/1921 2078/2472/1922
f 2078/2472/1922 2162/2471/1921 2164/2473/1923 2080/2474/1924
f 2080/2474/1924 2164/2473/1923 2166/2475/1925 2082/2476/1926
f 2082/2476/1926 2166/2475/1925 2168/2477/1927 2084/2478/1928
f 2084/2478/1928 2168/2477/1927 2170/2479/1929 2086/2480/1930
f 2086/2480/1930 2170/2479/1929 2172/2481/1931 2088/2482/1932
f 2088/2482/1932 2172/2481/1931 2174/2483/1933 2090/2484/1934
f 2090/2484/1934 2174/2483/1933 2176/2485/1935 2092/2486/1936
f 2092/2486/1936 2176/2485/1935 2178/2487/1937 2094/2488/1938
f 2094/2488/1938 2178/2487/1937 2180/2489/1939 2096/2490/1940
f 2096/2490/1940 2180/2489/1939 2182/2491/1941 2098/2492/1942
f 2098/2492/1942 2182/2491/1941 2184/2326/1780 2100/2325/1779
f 2113/2334/1788 2111/2329/1783 2027/2332/1786 2029/2335/1789
f 2188/2493/1943 2189/2494/1944 2107/2409/1863 2105/2495/1945
f 2109/2330/1784 2105/2495/1945 2023/2496/1946 2025/2331/1785
f 2190/2497/1947 2188/2493/1943 2105/2495/1945 2109/2330/1784
f 2191/2498/1948 2190/2497/1947 2109/2330/1784 2111/2329/1783
f 2192/2499/1949 2191/2498/1948 2111/2329/1783 2113/2334/1788
f 2193/2500/1950 2192/2499/1949 2113/2334/1788 2115/2333/1787
f 2194/2501/1951 2193/2500/1950 2115/2333/1787 2117/2337/1791
f 2195/2502/1952 2194/2501/1951 2117/2337/1791 2119/2339/1793
f 2196/2503/1953 2195/2502/1952 2119/2339/1793 2121/2341/1795
f 2197/2504/1954 2196/2503/1953 2121/2341/1795 2123/2343/1797
f 2198/2505/1955 2197/2504/1954 2123/2343/1797 2125/2345/1799
f 2199/2506/1956 2198/2505/1955 2125/2345/1799 2127/2347/1801
f 2200/2507/1957 2199/2506/1956 2127/2347/1801 2129/2349/1803
f 2201/2508/1958 2200/2507/1957 2129/2349/1803 2131/2351/1805
f 2202/2509/1959 2201/2508/1958 2131/2351/1805 2133/2353/1807
f 2203/2510/1960 2202/2509/1959 2133/2353/1807 2135/2355/1809
f 2204/2511/1961 2203/2510/1960 2135/2355/1809 2137/2357/1811
f 2205/2512/1962 2204/2511/1961 2137/2357/1811 2139/2359/1813
f 2206/2513/1963 2205/2512/1962 2139/2359/1813 2141/2361/1815
f 2207/2514/1964 2206/2513/1963 2141/2361/1815 2143/2363/1817
f 2208/2515/1965 2207/2514/1964 2143/2363/1817 2145/2365/1819
f 2209/2516/1966 2208/2515/1965 2145/2365/1819 2147/2367/1821
f 2210/2517/1967 2209/2516/1966 2147/2367/1821 2149/2369/1823
f 2211/2518/1968 2210/2517/1967 2149/2369/1823 2151/2371/1825
f 2212/2519/1969 2211/2518/1968 2151/2371/1825 2153/2373/1827
f 2213/2520/1970 2212/2519/1969 2153/2373/1827 2155/2375/1829
f 2214/2521/1971 2213/2520/1970 2155/2375/1829 2157/2377/1831
f 2215/2522/1972 2214/2521/1971 2157/2377/1831 2159/2379/1833
f 2216/2523/1973 2215/2522/1972 2159/2379/1833 2161/2381/1835
f 2217/2524/1974 2216/2523/1973 2161/2381/1835 2163/2383/1837
f 2218/2525/1975 2217/2524/1974 2163/2383/1837 2165/2385/1839
f 2219/2526/1976 2218/2525/1975 2165/2385/1839 2167/2387/1841
f 2220/2527/1977 2219/2526/1976 2167/2387/1841 2169/2389/1843
f 2221/2528/1978 2220/2527/1977 2169/2389/1843 2171/2391/1845
f 2222/2529/1979 2221/2528/1978 2171/2391/1845 2173/2393/1847
f 2223/2530/1980 2222/2529/1979 2173/2393/1847 2175/2395/1849
f 2224/2531/1981 2223/2530/1980 2175/2395/1849 2177/2397/1851
f 2225/2532/1982 2224/2531/1981 2177/2397/1851 2179/2399/1853
f 2226/2533/1983 2225/2532/1982 2179/2399/1853 2181/2401/1855
f 2227/2534/1984 2226/2533/1983 2181/2401/1855 2183/2403/1857
f 2228/2535/1985 2227/2534/1984 2183/2403/1857 2185/2405/1859
f 2229/2536/1986 2228/2535/1985 2185/2405/1859 2187/2407/1861
f 2189/2494/1944 2229/2536/1986 2187/2407/1861 2107/2409/1863
f 2106/2411/1865 2186/2327/1781 2229/2537/1986 2189/2538/1944
f 2186/2327/1781 2184/2326/1780 2228/2539/1985 2229/2537/1986
f 2184/2326/1780 2182/2491/1941 2227/2540/1984 2228/2539/1985
f 2182/2491/1941 2180/2489/1939 2226/2541/1983 2227/2540/1984
f 2180/2489/1939 2178/2487/1937 2225/2542/1982 2226/2541/1983
f 2178/2487/1937 2176/2485/1935 2224/2543/1981 2225/2542/1982
f 2176/2485/1935 2174/2483/1933 2223/2544/1980 2224/2543/1981
f 2174/2483/1933 2172/2481/1931 2222/2545/1979 2223/2544/1980
f 2172/2481/1931 2170/2479/1929 2221/2546/1978 2222/2545/1979
f 2170/2479/1929 2168/2477/1927 2220/2547/1977 2221/2546/1978
f 2168/2477/1927 2166/2475/1925 2219/2548/1976 2220/2547/1977
f 2166/2475/1925 2164/2473/1923 2218/2549/1975 2219/2548/1976
f 2164/2473/1923 2162/2471/1921 2217/2550/1974 2218/2549/1975
f 2162/2471/1921 2160/2469/1919 2216/2551/1973 2217/2550/1974
f 2160/2469/1919 2158/2467/1917 2215/2552/1972 2216/2551/1973
f 2158/2467/1917 2156/2465/1915 2214/2553/1971 2215/2552/1972
f 2156/2465/1915 2154/2463/1913 2213/2554/1970 2214/2553/1971
f 2154/2463/1913 2152/2461/1911 2212/2555/1969 2213/2554/1970
f 2152/2461/1911 2150/2459/1909 2211/2556/1968 2212/2555/1969
f 2150/2459/1909 2148/2457/1907 2210/2557/1967 2211/2556/1968
f 2148/2457/1907 2146/2456/1906 2209/2558/1966 2210/2557/1967
f 2146/2453/1906 2144/2451/1904 2208/2559/1965 2209/2560/1966
f 2144/2451/1904 2142/2449/1902 2207/2561/1964 2208/2559/1965
f 2142/2449/1902 2140/2447/1900 2206/2562/1963 2207/2561/1964
f 2140/2447/1900 2138/2445/1898 2205/2563/1962 2206/2562/1963
f 2138/2445/1898 2136/2443/1896 2204/2564/1961 2205/2563/1962
f 2136/2443/1896 2134/2441/1894 2203/2565/1960 2204/2564/1961
f 2134/2441/1894 2132/2439/1892 2202/2566/1959 2203/2565/1960
f 2132/2439/1892 2130/2437/1890 2201/2567/1958 2202/2566/1959
f 2130/2437/1890 2128/2435/1888 2200/2568/1957 2201/2567/1958
f 2128/2435/1888 2126/2433/1886 2199/2569/1956 2200/2568/1957
f 2126/2433/1886 2124/2431/1884 2198/2570/1955 2199/2569/1956
f 2124/2431/1884 2122/2429/1882 2197/2571/1954 2198/2570/1955
f 2122/2429/1882 2120/2427/1880 2196/2572/1953 2197/2571/1954
f 2120/2427/1880 2118/2425/1878 2195/2573/1952 2196/2572/1953
f 2118/2425/1878 2116/2423/1876 2194/2574/1951 2195/2573/1952
f 2116/2423/1876 2114/2421/1874 2193/2575/1950 2194/2574/1951
f 2114/2421/1874 2112/2419/1872 2192/2576/1949 2193/2575/1950
f 2112/2419/1872 2110/2417/1870 2191/2577/1948 2192/2576/1949
f 2110/2417/1870 2108/2415/1868 2190/2578/1947 2191/2577/1948
f 2108/2415/1868 2104/2413/1866 2188/2579/1943 2190/2578/1947
f 2104/2413/1866 2106/2411/1865 2189/2538/1944 2188/2579/1943
f 2021/2410/1864 2023/2496/1946 2105/2495/1945 2107/2409/1863
f 2284/2580/1987 2282/2581/1988 2283/2582/1989 2333/2583/1990
f 2308/2584/1987 2307/2585/1988 2310/2586/1989 2309/2587/1990
f 2306/2588/1987 2305/2589/1988 2312/2590/1989 2311/2591/1990
f 2304/2592/1987 2303/2593/1988 2314/2594/1989 2313/2595/1990
f 2302/2596/1987 2301/2597/1988 2316/2598/1989 2315/2599/1990
f 2300/2600/1987 2299/2601/1988 2318/2602/1989 2317/2603/1990
f 2298/2604/1987 2297/2605/1988 2320/2606/1989 2319/2607/1990
f 2296/2608/1987 2295/2609/1988 2322/2610/1989 2321/2611/1990
f 2294/2612/1987 2293/2613/1988 2324/2614/1989 2323/2615/1990
f 2292/2616/1987 2291/2617/1988 2326/2618/1989 2325/2619/1990
f 2290/2620/1987 2289/2621/1988 2328/2622/1989 2327/2623/1990
f 2288/2624/1987 2287/2625/1988 2330/2626/1989 2329/2627/1990
f 2286/2628/1987 2285/2629/1988 2332/2630/1989 2331/2631/1990
f 2230/2632/1639 2231/2633/1639 2283/2634/1989 2282/2635/1988
f 2257/2633/1640 2256/2636/1640 2308/2637/1987 2309/2634/1990
f 2255/2638/1639 2258/2633/1639 2310/2634/1989 2307/2639/1988
f 2259/2633/1640 2254/2640/1640 2306/2641/1987 2311/2634/1990
f 2253/2642/1639 2260/2633/1639 2312/2634/1989 2305/2643/1988
f 2261/2633/1640 2252/2644/1640 2304/2645/1987 2313/2634/1990
f 2251/2646/1639 2262/2633/1639 2314/2634/1989 2303/2647/1988
f 2263/2633/1640 2250/2648/1640 2302/2649/1987 2315/2634/1990
f 2249/2650/1639 2264/2633/1639 2316/2634/1989 2301/2651/1988
f 2265/2633/1640 2248/2652/1640 2300/2653/1987 2317/2634/1990
f 2247/2654/1639 2266/2633/1639 2318/2634/1989 2299/2655/1988
f 2267/2633/1640 2246/2656/1640 2298/2657/1987 2319/2634/1990
f 2245/2658/1639 2268/2633/1639 2320/2634/1989 2297/2659/1988
f 2269/2633/1640 2244/2660/1640 2296/2661/1987 2321/2634/1990
f 2243/2662/1639 2270/2633/1639 2322/2634/1989 2295/2663/1988
f 2271/2633/1640 2242/2664/1640 2294/2665/1987 2323/2634/1990
f 2241/2666/1639 2272/2633/1639 2324/2634/1989 2293/2667/1988
f 2273/2633/1640 2240/2668/1640 2292/2669/1987 2325/2634/1990
f 2239/2670/1639 2274/2633/1639 2326/2634/1989 2291/2671/1988
f 2275/2633/1640 2238/2672/1640 2290/2673/1987 2327/2634/1990
f 2237/2674/1639 2276/2633/1639 2328/2634/1989 2289/2675/1988
f 2277/2633/1640 2236/2676/1640 2288/2677/1987 2329/2634/1990
f 2235/2678/1639 2278/2633/1639 2330/2634/1989 2287/2679/1988
f 2279/2633/1640 2234/2680/1640 2286/2681/1987 2331/2634/1990
f 2233/2682/1639 2280/2633/1639 2332/2634/1989 2285/2683/1988
f 2281/2633/1640 2232/2684/1640 2284/2685/1987 2333/2634/1990
f 2394/2686/1987 2390/2687/1988 2393/2688/1989 2445/2689/1990
f 2391/2690/1987 2419/2691/1988 2420/2692/1989 2392/2693/1990
f 2418/2694/1987 2417/2695/1988 2422/2696/1989 2421/2697/1990
f 2416/2698/1987 2415/2699/1988 2424/2700/1989 2423/2701/1990
f 2414/2702/1987 2413/2703/1988 2426/2704/1989 2425/2705/1990
f 2412/2706/1987 2411/2707/1988 2428/2708/1989 2427/2709/1990
f 2410/2710/1987 2409/2711/1988 2430/2712/1989 2429/2713/1990
f 2408/2714/1987 2407/2715/1988 2432/2716/1989 2431/2717/1990
f 2406/2718/1987 2405/2719/1988 2434/2720/1989 2433/2721/1990
f 2404/2722/1987 2403/2723/1988 2436/2724/1989 2435/2725/1990
f 2402/2726/1987 2401/2727/1988 2438/2728/1989 2437/2729/1990
f 2400/2730/1987 2399/2731/1988 2440/2732/1989 2439/2733/1990
f 2398/2734/1987 2397/2735/1988 2442/2736/1989 2441/2737/1990
f 2396/2738/1987 2395/2739/1988 2444/2740/1989 2443/2741/1990
f 2336/2633/1640 2335/2742/1640 2391/2743/1987 2392/2634/1990
f 2334/2632/1639 2337/2633/1639 2393/2634/1989 2390/2635/1988
f 2363/2744/1639 2364/2633/1639 2420/2634/1989 2419/2745/1988
f 2365/2633/1640 2362/2636/1640 2418/2637/1987 2421/2634/1990
f 2361/2638/1639 2366/2633/1639 2422/2634/1989 2417/2639/1988
f 2367/2633/1640 2360/2640/1640 2416/2641/1987 2423/2634/1990
f 2359/2642/1639 2368/2633/1639 2424/2634/1989 2415/2643/1988
f 2369/2633/1640 2358/2644/1640 2414/2645/1987 2425/2634/1990
f 2357/2646/1639 2370/2633/1639 2426/2634/1989 2413/2647/1988
f 2371/2633/1640 2356/2648/1640 2412/2649/1987 2427/2634/1990
f 2355/2650/1639 2372/2633/1639 2428/2634/1989 2411/2651/1988
f 2373/2633/1640 2354/2652/1640 2410/2653/1987 2429/2634/1990
f 2353/2654/1639 2374/2633/1639 2430/2634/1989 2409/2655/1988
f 2375/2633/1640 2352/2656/1640 2408/2657/1987 2431/2634/1990
f 2351/2658/1639 2376/2633/1639 2432/2634/1989 2407/2659/1988
f 2377/2633/1640 2350/2660/1640 2406/2661/1987 2433/2634/1990
f 2349/2662/1639 2378/2633/1639 2434/2634/1989 2405/2663/1988
f 2379/2633/1640 2348/2664/1640 2404/2665/1987 2435/2634/1990
f 2347/2666/1639 2380/2633/1639 2436/2634/1989 2403/2667/1988
f 2381/2633/1640 2346/2668/1640 2402/2669/1987 2437/2634/1990
f 2345/2670/1639 2382/2633/1639 2438/2634/1989 2401/2671/1988
f 2383/2633/1640 2344/2672/1640 2400/2673/1987 2439/2634/1990
f 2343/2674/1639 2384/2633/1639 2440/2634/1989 2399/2675/1988
f 2385/2633/1640 2342/2676/1640 2398/2677/1987 2441/2634/1990
f 2341/2678/1639 2386/2633/1639 2442/2634/1989 2397/2679/1988
f 2387/2633/1640 2340/2680/1640 2396/2681/1987 2443/2634/1990
f 2339/2682/1639 2388/2633/1639 2444/2634/1989 2395/2683/1988
f 2389/2633/1640 2338/2684/1640 2394/2685/1987 2445/2634/1990
f 2452/2746/19 2449/2747/19 2450/2748/19 2453/2749/19
f 2447/2750/19 2448/2751/19 2451/2752/19 2446/2753/19
f 2448/2751/19 2452/2746/19 2453/2749/19 2451/2752/19
f 2460/2754/108 2461/2755/108 2458/2756/108 2457/2757/108
f 2455/2758/108 2454/2759/108 2459/2760/108 2456/2761/108
f 2456/2761/108 2459/2760/108 2461/2755/108 2460/2754/108
f 2542/2762/1779 2626/2763/1780 2628/2764/1781 2544/2765/1782
f 2553/2766/1783 2551/2767/1784 2467/2768/1785 2469/2769/1786
f 2557/2770/1787 2555/2771/1991 2471/2772/1789 2473/2773/1790
f 2559/2774/1791 2557/2770/1787 2473/2773/1790 2475/2775/1792
f 2561/2776/1793 2559/2774/1791 2475/2775/1792 2477/2777/1794
f 2563/2778/1795 2561/2776/1793 2477/2777/1794 2479/2779/1796
f 2565/2780/1797 2563/2778/1795 2479/2779/1796 2481/2781/1798
f 2567/2782/1799 2565/2780/1797 2481/2781/1798 2483/2783/1800
f 2569/2784/1801 2567/2782/1799 2483/2783/1800 2485/2785/1802
f 2571/2786/1803 2569/2784/1801 2485/2785/1802 2487/2787/1804
f 2573/2788/1805 2571/2786/1803 2487/2787/1804 2489/2789/1806
f 2575/2790/1807 2573/2788/1805 2489/2789/1806 2491/2791/1808
f 2577/2792/1809 2575/2790/1807 2491/2791/1808 2493/2793/1810
f 2579/2794/1992 2577/2792/1809 2493/2793/1810 2495/2795/1812
f 2581/2796/1993 2579/2794/1992 2495/2795/1812 2497/2797/1814
f 2583/2798/1815 2581/2796/1993 2497/2797/1814 2499/2799/1816
f 2585/2800/1817 2583/2798/1815 2499/2799/1816 2501/2801/1994
f 2587/2802/1819 2585/2800/1817 2501/2801/1994 2503/2803/1820
f 2589/2804/1821 2587/2802/1819 2503/2803/1820 2505/2805/1822
f 2591/2806/1823 2589/2804/1821 2505/2805/1822 2507/2807/1824
f 2593/2808/1825 2591/2806/1823 2507/2807/1824 2509/2809/1826
f 2595/2810/1827 2593/2808/1825 2509/2809/1826 2511/2811/1995
f 2597/2812/1829 2595/2810/1827 2511/2811/1995 2513/2813/1830
f 2599/2814/1831 2597/2812/1829 2513/2813/1830 2515/2815/1832
f 2601/2816/1833 2599/2814/1831 2515/2815/1832 2517/2817/1834
f 2603/2818/1835 2601/2816/1833 2517/2817/1834 2519/2819/1836
f 2605/2820/1837 2603/2818/1835 2519/2819/1836 2521/2821/1838
f 2607/2822/1839 2605/2820/1837 2521/2821/1838 2523/2823/1840
f 2609/2824/1841 2607/2822/1839 2523/2823/1840 2525/2825/1996
f 2611/2826/1843 2609/2824/1841 2525/2825/1996 2527/2827/1844
f 2613/2828/1845 2611/2826/1843 2527/2827/1844 2529/2829/1846
f 2615/2830/1847 2613/2828/1845 2529/2829/1846 2531/2831/1848
f 2617/2832/1849 2615/2830/1847 2531/2831/1848 2533/2833/1850
f 2619/2834/1851 2617/2832/1849 2533/2833/1850 2535/2835/1852
f 2621/2836/1853 2619/2834/1851 2535/2835/1852 2537/2837/1854
f 2623/2838/1855 2621/2836/1853 2537/2837/1854 2539/2839/1856
f 2625/2840/1857 2623/2838/1855 2539/2839/1856 2541/2841/1858
f 2627/2842/1859 2625/2840/1857 2541/2841/1858 2543/2843/1860
f 2629/2844/1861 2627/2842/1859 2543/2843/1860 2545/2845/1862
f 2549/2846/1997 2629/2844/1861 2545/2845/1862 2463/2847/1864
f 2471/2772/1789 2543/2843/1860 2511/2811/1995
f 2544/2765/1782 2628/2764/1781 2548/2848/1865 2462/2849/1640
f 2462/2849/1640 2548/2848/1865 2546/2850/1866 2464/2851/1867
f 2464/2851/1867 2546/2850/1866 2550/2852/1868 2466/2853/1869
f 2466/2853/1869 2550/2852/1868 2552/2854/1870 2468/2855/1871
f 2468/2855/1871 2552/2854/1870 2554/2856/1872 2470/2857/1873
f 2470/2857/1873 2554/2856/1872 2556/2858/1874 2472/2859/1875
f 2472/2859/1875 2556/2858/1874 2558/2860/1876 2474/2861/1877
f 2474/2861/1877 2558/2860/1876 2560/2862/1878 2476/2863/1879
f 2476/2863/1879 2560/2862/1878 2562/2864/1998 2478/2865/1881
f 2478/2865/1881 2562/2864/1998 2564/2866/1882 2480/2867/1883
f 2480/2867/1883 2564/2866/1882 2566/2868/1884 2482/2869/1885
f 2482/2869/1885 2566/2868/1884 2568/2870/1886 2484/2871/1887
f 2484/2871/1887 2568/2870/1886 2570/2872/1888 2486/2873/1889
f 2486/2873/1889 2570/2872/1888 2572/2874/1999 2488/2875/1891
f 2488/2875/1891 2572/2874/1999 2574/2876/2000 2490/2877/1893
f 2490/2877/1893 2574/2876/2000 2576/2878/1894 2492/2879/1895
f 2492/2879/1895 2576/2878/1894 2578/2880/2001 2494/2881/1897
f 2494/2881/1897 2578/2880/2001 2580/2882/1898 2496/2883/1899
f 2496/2883/1899 2580/2882/1898 2582/2884/1900 2498/2885/1901
f 2498/2885/1901 2582/2884/1900 2584/2886/1902 2500/2887/1903
f 2500/2887/1903 2584/2886/1902 2586/2888/1904 2502/2889/1905
f 2502/2889/1905 2586/2888/1904 2588/2890/1906 2504/2891/1639
f 2504/2892/1639 2588/2893/1906 2590/2894/1907 2506/2895/1908
f 2506/2895/1908 2590/2894/1907 2592/2896/1909 2508/2897/1910
f 2508/2897/1910 2592/2896/1909 2594/2898/2002 2510/2899/1912
f 2510/2899/1912 2594/2898/2002 2596/2900/1913 2512/2901/1914
f 2512/2901/1914 2596/2900/1913 2598/2902/1915 2514/2903/1916
f 2514/2903/1916 2598/2902/1915 2600/2904/1917 2516/2905/1918
f 2516/2905/1918 2600/2904/1917 2602/2906/2003 2518/2907/1920
f 2518/2907/1920 2602/2906/2003 2604/2908/1921 2520/2909/1922
f 2520/2909/1922 2604/2908/1921 2606/2910/1923 2522/2911/1924
f 2522/2911/1924 2606/2910/1923 2608/2912/1925 2524/2913/1926
f 2524/2913/1926 2608/2912/1925 2610/2914/1927 2526/2915/1928
f 2526/2915/1928 2610/2914/1927 2612/2916/1929 2528/2917/1930
f 2528/2917/1930 2612/2916/1929 2614/2918/1931 2530/2919/1932
f 2530/2919/1932 2614/2918/1931 2616/2920/2004 2532/2921/1934
f 2532/2921/1934 2616/2920/2004 2618/2922/1935 2534/2923/1936
f 2534/2923/1936 2618/2922/1935 2620/2924/1937 2536/2925/1938
f 2536/2925/1938 2620/2924/1937 2622/2926/2005 2538/2927/1940
f 2538/2927/1940 2622/2926/2005 2624/2928/2006 2540/2929/1942
f 2540/2929/1942 2624/2928/2006 2626/2763/1780 2542/2762/1779
f 2555/2771/1991 2553/2766/1783 2469/2769/1786 2471/2772/1789
f 2630/2930/2007 2631/2931/2008 2549/2846/1997 2547/2932/1945
f 2551/2767/1784 2547/2932/1945 2465/2933/1946 2467/2768/1785
f 2632/2934/1947 2630/2930/2007 2547/2932/1945 2551/2767/1784
f 2633/2935/1948 2632/2934/1947 2551/2767/1784 2553/2766/1783
f 2634/2936/1949 2633/2935/1948 2553/2766/1783 2555/2771/1991
f 2635/2937/2009 2634/2936/1949 2555/2771/1991 2557/2770/1787
f 2636/2938/1951 2635/2937/2009 2557/2770/1787 2559/2774/1791
f 2637/2939/1952 2636/2938/1951 2559/2774/1791 2561/2776/1793
f 2638/2940/1953 2637/2939/1952 2561/2776/1793 2563/2778/1795
f 2639/2941/1954 2638/2940/1953 2563/2778/1795 2565/2780/1797
f 2640/2942/2010 2639/2941/1954 2565/2780/1797 2567/2782/1799
f 2641/2943/2011 2640/2942/2010 2567/2782/1799 2569/2784/1801
f 2642/2944/1957 2641/2943/2011 2569/2784/1801 2571/2786/1803
f 2643/2945/1958 2642/2944/1957 2571/2786/1803 2573/2788/1805
f 2644/2946/1959 2643/2945/1958 2573/2788/1805 2575/2790/1807
f 2645/2947/1960 2644/2946/1959 2575/2790/1807 2577/2792/1809
f 2646/2948/1961 2645/2947/1960 2577/2792/1809 2579/2794/1992
f 2647/2949/2012 2646/2948/1961 2579/2794/1992 2581/2796/1993
f 2648/2950/1963 2647/2949/2012 2581/2796/1993 2583/2798/1815
f 2649/2951/1964 2648/2950/1963 2583/2798/1815 2585/2800/1817
f 2650/2952/2013 2649/2951/1964 2585/2800/1817 2587/2802/1819
f 2651/2953/1966 2650/2952/2013 2587/2802/1819 2589/2804/1821
f 2652/2954/1967 2651/2953/1966 2589/2804/1821 2591/2806/1823
f 2653/2955/1968 2652/2954/1967 2591/2806/1823 2593/2808/1825
f 2654/2956/1969 2653/2955/1968 2593/2808/1825 2595/2810/1827
f 2655/2957/1970 2654/2956/1969 2595/2810/1827 2597/2812/1829
f 2656/2958/1971 2655/2957/1970 2597/2812/1829 2599/2814/1831
f 2657/2959/2014 2656/2958/1971 2599/2814/1831 2601/2816/1833
f 2658/2960/1973 2657/2959/2014 2601/2816/1833 2603/2818/1835
f 2659/2961/1974 2658/2960/1973 2603/2818/1835 2605/2820/1837
f 2660/2962/1975 2659/2961/1974 2605/2820/1837 2607/2822/1839
f 2661/2963/1976 2660/2962/1975 2607/2822/1839 2609/2824/1841
f 2662/2964/1977 2661/2963/1976 2609/2824/1841 2611/2826/1843
f 2663/2965/1978 2662/2964/1977 2611/2826/1843 2613/2828/1845
f 2664/2966/2015 2663/2965/1978 2613/2828/1845 2615/2830/1847
f 2665/2967/1980 2664/2966/2015 2615/2830/1847 2617/2832/1849
f 2666/2968/1981 2665/2967/1980 2617/2832/1849 2619/2834/1851
f 2667/2969/1982 2666/2968/1981 2619/2834/1851 2621/2836/1853
f 2668/2970/2016 2667/2969/1982 2621/2836/1853 2623/2838/1855
f 2669/2971/1984 2668/2970/2016 2623/2838/1855 2625/2840/1857
f 2670/2972/1985 2669/2971/1984 2625/2840/1857 2627/2842/1859
f 2671/2973/1986 2670/2972/1985 2627/2842/1859 2629/2844/1861
f 2631/2931/2008 2671/2973/1986 2629/2844/1861 2549/2846/1997
f 2548/2848/1865 2628/2764/1781 2671/2974/1986 2631/2975/2008
f 2628/2764/1781 2626/2763/1780 2670/2976/1985 2671/2974/1986
f 2626/2763/1780 2624/2928/2006 2669/2977/1984 2670/2976/1985
f 2624/2928/2006 2622/2926/2005 2668/2978/2016 2669/2977/1984
f 2622/2926/2005 2620/2924/1937 2667/2979/1982 2668/2978/2016
f 2620/2924/1937 2618/2922/1935 2666/2980/1981 2667/2979/1982
f 2618/2922/1935 2616/2920/2004 2665/2981/1980 2666/2980/1981
f 2616/2920/2004 2614/2918/1931 2664/2982/2015 2665/2981/1980
f 2614/2918/1931 2612/2916/1929 2663/2983/1978 2664/2982/2015
f 2612/2916/1929 2610/2914/1927 2662/2984/1977 2663/2983/1978
f 2610/2914/1927 2608/2912/1925 2661/2985/1976 2662/2984/1977
f 2608/2912/1925 2606/2910/1923 2660/2986/1975 2661/2985/1976
f 2606/2910/1923 2604/2908/1921 2659/2987/1974 2660/2986/1975
f 2604/2908/1921 2602/2906/2003 2658/2988/1973 2659/2987/1974
f 2602/2906/2003 2600/2904/1917 2657/2989/2014 2658/2988/1973
f 2600/2904/1917 2598/2902/1915 2656/2990/1971 2657/2989/2014
f 2598/2902/1915 2596/2900/1913 2655/2991/1970 2656/2990/1971
f 2596/2900/1913 2594/2898/2002 2654/2992/1969 2655/2991/1970
f 2594/2898/2002 2592/2896/1909 2653/2993/1968 2654/2992/1969
f 2592/2896/1909 2590/2894/1907 2652/2994/1967 2653/2993/1968
f 2590/2894/1907 2588/2893/1906 2651/2995/1966 2652/2994/1967
f 2588/2890/1906 2586/2888/1904 2650/2996/2013 2651/2997/1966
f 2586/2888/1904 2584/2886/1902 2649/2998/1964 2650/2996/2013
f 2584/2886/1902 2582/2884/1900 2648/2999/1963 2649/2998/1964
f 2582/2884/1900 2580/2882/1898 2647/3000/2012 2648/2999/1963
f 2580/2882/1898 2578/2880/2001 2646/3001/1961 2647/3000/2012
f 2578/2880/2001 2576/2878/1894 2645/3002/1960 2646/3001/1961
f 2576/2878/1894 2574/2876/2000 2644/3003/1959 2645/3002/1960
f 2574/2876/2000 2572/2874/1999 2643/3004/1958 2644/3003/1959
f 2572/2874/1999 2570/2872/1888 2642/3005/1957 2643/3004/1958
f 2570/2872/1888 2568/2870/1886 2641/3006/2011 2642/3005/1957
f 2568/2870/1886 2566/2868/1884 2640/3007/2010 2641/3006/2011
f 2566/2868/1884 2564/2866/1882 2639/3008/1954 2640/3007/2010
f 2564/2866/1882 2562/2864/1998 2638/3009/1953 2639/3008/1954
f 2562/2864/1998 2560/2862/1878 2637/3010/1952 2638/3009/1953
f 2560/2862/1878 2558/2860/1876 2636/3011/1951 2637/3010/1952
f 2558/2860/1876 2556/2858/1874 2635/3012/2009 2636/3011/1951
f 2556/2858/1874 2554/2856/1872 2634/3013/1949 2635/3012/2009
f 2554/2856/1872 2552/2854/1870 2633/3014/1948 2634/3013/1949
f 2552/2854/1870 2550/2852/1868 2632/3015/1947 2633/3014/1948
f 2550/2852/1868 2546/2850/1866 2630/3016/2007 2632/3015/1947
f 2546/2850/1866 2548/2848/1865 2631/2975/2008 2630/3016/2007
f 2463/2847/1864 2465/2933/1946 2547/2932/1945 2549/2846/1997
f 2694/3017/2017 2680/3018/2018 2673/3019/2019 2687/3020/2020
f 2707/3021/2021 2695/3022/2022 2686/3023/2023 2709/3024/2024
f 2701/3025/2025 2674/3026/2026 2679/3027/2027 2703/3028/2028
f 2704/3029/2029 2681/3030/2030 2693/3031/2031 2706/3032/2032
f 2672/3033/2033 2675/3034/2034 2676/3035/2035 2678/3036/2036
f 2673/3019/2019 2677/3037/2037 2676/3038/2035 2675/3025/2034
f 2674/3026/2026 2678/3039/2036 2676/3040/2035 2677/3021/2037
f 2679/3027/2027 2682/3024/2038 2683/3041/2039 2685/3042/2040
f 2680/3018/2018 2684/3043/2041 2683/3044/2039 2682/3045/2038
f 2681/3030/2030 2685/3046/2040 2683/3047/2039 2684/3048/2041
f 2686/3023/2023 2689/3049/2042 2690/3050/2043 2692/3051/2044
f 2687/3020/2020 2691/3028/2045 2690/3052/2043 2689/3053/2042
f 2688/3054/2046 2692/3055/2044 2690/3056/2043 2691/3057/2045
f 2693/3031/2031 2696/3058/2047 2697/3059/2048 2699/3060/2049
f 2694/3017/2017 2698/3061/2050 2697/3062/2048 2696/3063/2047
f 2695/3022/2022 2699/3064/2049 2697/3065/2048 2698/3066/2050
f 2700/3067/2051 2672/3033/2033 2678/3036/2036 2702/3068/2052
f 2702/3069/2052 2678/3039/2036 2674/3026/2026 2701/3025/2025
f 2673/3019/2019 2680/3018/2018 2682/3045/2038 2677/3037/2037
f 2677/3021/2037 2682/3024/2038 2679/3027/2027 2674/3026/2026
f 2680/3018/2018 2694/3017/2017 2696/3063/2047 2684/3043/2041
f 2684/3048/2041 2696/3058/2047 2693/3031/2031 2681/3030/2030
f 2694/3017/2017 2687/3020/2020 2689/3053/2042 2698/3061/2050
f 2698/3066/2050 2689/3049/2042 2686/3023/2023 2695/3022/2022
f 2687/3020/2020 2673/3019/2019 2675/3025/2034 2691/3028/2045
f 2691/3057/2045 2675/3034/2034 2672/3033/2033 2688/3054/2046
f 2681/3030/2030 2704/3029/2029 2705/3070/2053 2685/3046/2040
f 2685/3042/2040 2705/3071/2053 2703/3028/2028 2679/3027/2027
f 2695/3022/2022 2707/3021/2021 2708/3072/2054 2699/3064/2049
f 2699/3060/2049 2708/3073/2054 2706/3032/2032 2693/3031/2031
f 2688/3054/2046 2710/3074/2055 2711/3075/2056 2692/3055/2044
f 2692/3051/2044 2711/3076/2056 2709/3024/2024 2686/3023/2023
f 2710/3074/2055 2688/3054/2046 2672/3033/2033 2700/3067/2051
f 2741/3077/2057 2792/3078/2058 2793/3079/2059 2712/3080/19
f 2740/3081/2060 2794/3082/2061 2792/3083/2058 2741/3084/2057
f 2739/3085/2062 2795/3086/2063 2794/3082/2061 2740/3081/2060
f 2738/3087/2064 2796/3088/2065 2795/3086/2063 2739/3085/2062
f 2737/3089/2066 2797/3090/2067 2796/3088/2065 2738/3087/2064
f 2736/3091/2068 2798/3092/2069 2797/3090/2067 2737/3089/2066
f 2779/3093/2070 2822/3094/2071 2798/3092/2069 2736/3091/2068
f 2765/3095/2064 2790/3096/2072 2791/3097/2073 2735/3098/2074
f 2775/3099/2075 2826/3100/2076 2790/3101/2072 2765/3102/2064
f 2733/3103/2077 2799/3104/2078 2800/3105/2079 2734/3106/2080
f 2732/3107/2074 2801/3108/2081 2799/3104/2078 2733/3103/2077
f 2731/3109/2082 2802/3110/2083 2801/3108/2081 2732/3107/2074
f 2730/3111/2084 2803/3112/2085 2802/3110/2083 2731/3109/2082
f 2729/3113/2086 2804/3114/2087 2803/3112/2085 2730/3111/2084
f 2728/3115/108 2805/3116/2088 2804/3114/2087 2729/3113/2086
f 2727/3117/2089 2806/3118/2090 2805/3116/2088 2728/3115/108
f 2726/3119/2091 2807/3120/2092 2806/3118/2090 2727/3117/2089
f 2725/3121/2093 2808/3122/2094 2807/3120/2092 2726/3119/2091
f 2724/3123/2095 2809/3124/2096 2808/3122/2094 2725/3121/2093
f 2723/3125/2097 2810/3126/2098 2809/3124/2096 2724/3123/2095
f 2722/3127/2099 2811/3128/2100 2810/3126/2098 2723/3125/2097
f 2721/3129/2101 2812/3130/2102 2811/3128/2100 2722/3127/2099
f 2720/3131/2103 2813/3132/2104 2812/3130/2102 2721/3129/2101
f 2719/3133/2105 2814/3134/2106 2813/3132/2104 2720/3131/2103
f 2718/3135/2107 2815/3136/2108 2814/3134/2106 2719/3133/2105
f 2717/3137/2109 2816/3138/2110 2815/3136/2108 2718/3135/2107
f 2716/3139/2111 2817/3140/2112 2816/3138/2110 2717/3137/2109
f 2715/3141/2113 2818/3142/2114 2817/3140/2112 2716/3139/2111
f 2714/3143/2115 2819/3144/2116 2818/3142/2114 2715/3141/2113
f 2713/3145/2117 2820/3146/2118 2819/3144/2116 2714/3143/2115
f 2712/3080/19 2793/3079/2059 2820/3146/2118 2713/3145/2117
f 2824/3147/2119 2778/3148/2120 2735/3149/2074 2791/3150/2073
f 2734/3106/2080 2800/3105/2079 2828/3151/2121 2774/3152/2122
f 2822/3094/2071 2779/3093/2070 2781/3153/2123 2821/3154/2124
f 2821/3154/2124 2781/3153/2123 2780/3155/2125 2823/3156/2126
f 2823/3156/2126 2780/3155/2125 2778/3148/2120 2824/3147/2119
f 2826/3100/2076 2775/3099/2075 2777/3157/2127 2825/3158/2128
f 2825/3159/2128 2777/3160/2127 2776/3161/2129 2827/3162/2130
f 2827/3162/2130 2776/3161/2129 2774/3152/2122 2828/3151/2121
f 2772/3163/1640 2773/3164/1640 2750/3165/1640
f 2773/3164/1640 2772/3163/1640 2791/3166/2073 2790/3167/2072
f 2771/3168/1640 2742/3169/1640 2793/3170/2059 2792/3171/2058
f 2770/3172/1640 2771/3168/1640 2792/3171/2058 2794/3173/2061
f 2769/3174/1640 2770/3172/1640 2794/3173/2061 2795/3175/2063
f 2768/3176/1640 2769/3174/1640 2795/3175/2063 2796/3177/2065
f 2767/3178/1640 2768/3176/1640 2796/3177/2065 2797/3179/2067
f 2766/3180/1640 2767/3178/1640 2797/3179/2067 2798/3181/2069
f 2763/3182/1640 2764/3183/1640 2800/3184/2079 2799/3185/2078
f 2762/3186/1640 2763/3182/1640 2799/3185/2078 2801/3187/2081
f 2761/3188/1640 2762/3186/1640 2801/3187/2081 2802/3189/2083
f 2760/3190/1640 2761/3188/1640 2802/3189/2083 2803/3191/2085
f 2759/3192/1640 2760/3190/1640 2803/3191/2085 2804/3193/2087
f 2758/3194/1640 2759/3192/1640 2804/3193/2087 2805/3195/2088
f 2757/3196/1640 2758/3194/1640 2805/3195/2088 2806/3197/2090
f 2756/3198/1640 2757/3196/1640 2806/3197/2090 2807/3199/2092
f 2755/3200/1640 2756/3198/1640 2807/3199/2092 2808/3201/2094
f 2754/3202/1640 2755/3200/1640 2808/3201/2094 2809/3203/2096
f 2753/3204/1640 2754/3202/1640 2809/3203/2096 2810/3205/2098
f 2752/3206/1640 2753/3204/1640 2810/3205/2098 2811/3207/2100
f 2751/3208/1640 2752/3206/1640 2811/3207/2100 2812/3209/2102
f 2750/3165/1640 2751/3208/1640 2812/3209/2102 2813/3210/2104
f 2749/3211/1640 2750/3165/1640 2813/3210/2104 2814/3212/2106
f 2748/3213/1640 2749/3211/1640 2814/3212/2106 2815/3214/2108
f 2747/3215/1640 2748/3213/1640 2815/3214/2108 2816/3216/2110
f 2746/3217/1640 2747/3215/1640 2816/3216/2110 2817/3218/2112
f 2745/3219/1640 2746/3217/1640 2817/3218/2112 2818/3220/2114
f 2744/3221/1640 2745/3219/1640 2818/3220/2114 2819/3222/2116
f 2743/3223/1640 2744/3221/1640 2819/3222/2116 2820/3224/2118
f 2742/3169/1640 2743/3223/1640 2820/3224/2118 2793/3170/2059
f 2788/3225/2131 2786/3226/1640 2822/3227/2071 2821/3228/2124
f 2789/3229/1640 2788/3225/2131 2821/3228/2124 2823/3230/2126
f 2787/3231/1640 2789/3229/1640 2823/3230/2126 2824/3232/2119
f 2784/3233/2132 2782/3234/1640 2826/3235/2076 2825/3236/2128
f 2785/3237/1640 2784/3233/2132 2825/3236/2128 2827/3238/2130
f 2783/3239/2131 2785/3237/1640 2827/3238/2130 2828/3240/2121
f 2764/3183/1640 2783/3239/2131 2828/3240/2121 2800/3184/2079
f 2782/3234/1640 2773/3164/1640 2790/3167/2072 2826/3235/2076
f 2772/3163/1640 2787/3231/1640 2824/3232/2119 2791/3166/2073
f 2786/3226/1640 2766/3180/1640 2798/3181/2069 2822/3227/2071
f 2773/3164/1640 2782/3234/1640 2763/3182/1640
f 2782/3234/1640 2784/3233/2132 2783/3239/2131
f 2784/3233/2132 2785/3237/1640 2783/3239/2131
f 2783/3239/2131 2764/3183/1640 2782/3234/1640
f 2764/3183/1640 2763/3182/1640 2782/3234/1640
f 2763/3182/1640 2762/3186/1640 2773/3164/1640
f 2762/3186/1640 2761/3188/1640 2773/3164/1640
f 2761/3188/1640 2760/3190/1640 2773/3164/1640
f 2760/3190/1640 2759/3192/1640 2773/3164/1640
f 2759/3192/1640 2758/3194/1640 2773/3164/1640
f 2758/3194/1640 2757/3196/1640 2773/3164/1640
f 2757/3196/1640 2756/3198/1640 2773/3164/1640
f 2756/3198/1640 2755/3200/1640 2773/3164/1640
f 2755/3200/1640 2754/3202/1640 2773/3164/1640
f 2754/3202/1640 2753/3204/1640 2773/3164/1640
f 2753/3204/1640 2752/3206/1640 2773/3164/1640
f 2752/3206/1640 2751/3208/1640 2773/3164/1640
f 2751/3208/1640 2750/3165/1640 2773/3164/1640
f 2750/3165/1640 2749/3211/1640 2772/3163/1640
f 2749/3211/1640 2748/3213/1640 2772/3163/1640
f 2748/3213/1640 2747/3215/1640 2772/3163/1640
f 2747/3215/1640 2746/3217/1640 2772/3163/1640
f 2746/3217/1640 2745/3219/1640 2772/3163/1640
f 2745/3219/1640 2744/3221/1640 2772/3163/1640
f 2744/3221/1640 2743/3223/1640 2772/3163/1640
f 2743/3223/1640 2742/3169/1640 2772/3163/1640
f 2742/3169/1640 2771/3168/1640 2772/3163/1640
f 2771/3168/1640 2770/3172/1640 2772/3163/1640
f 2770/3172/1640 2769/3174/1640 2772/3163/1640
f 2769/3174/1640 2768/3176/1640 2772/3163/1640
f 2768/3176/1640 2767/3178/1640 2772/3163/1640
f 2767/3178/1640 2766/3180/1640 2787/3231/1640
f 2766/3180/1640 2786/3226/1640 2787/3231/1640
f 2786/3226/1640 2788/3225/2131 2789/3229/1640
f 2789/3229/1640 2787/3231/1640 2786/3226/1640
f 2787/3231/1640 2772/3163/1640 2767/3178/1640
f 3533/3241/2133 3534/3242/2134 2861/3243/2135 2862/3244/2136
f 3534/3242/2134 3535/3245/2137 2863/3246/2138 2861/3243/2135
f 3535/3245/2137 3536/3247/2139 2864/3248/2140 2863/3246/2138
f 3536/3247/2139 3537/3249/2141 2865/3250/2142 2864/3248/2140
f 3537/3249/2141 3538/3251/2143 2866/3252/2144 2865/3250/2142
f 3538/3251/2143 3539/3253/2145 2867/3254/2146 2866/3252/2144
f 3539/3253/2145 3540/3255/2147 2868/3256/2148 2867/3254/2146
f 3540/3255/2147 3541/3257/2149 2869/3258/2150 2868/3256/2148
f 3541/3257/2149 3542/3259/2151 2870/3260/2152 2869/3258/2150
f 3542/3259/2151 3543/3261/2153 2871/3262/2154 2870/3260/2152
f 3543/3261/2153 3544/3263/2155 2872/3264/2156 2871/3262/2154
f 3544/3263/2155 3545/3265/2157 2873/3266/2158 2872/3264/2156
f 3545/3265/2157 3546/3267/2159 2874/3268/2160 2873/3266/2158
f 3546/3267/2159 3547/3269/2161 2875/3270/2162 2874/3268/2160
f 3547/3269/2161 3548/3271/2163 2876/3272/2164 2875/3270/2162
f 3548/3271/2163 3549/3273/2165 2877/3274/2166 2876/3272/2164
f 3549/3273/2165 3550/3275/2167 2878/3276/2168 2877/3274/2166
f 3550/3277/2167 3551/3278/2169 2879/3279/2170 2878/3280/2168
f 3551/3278/2169 3552/3281/2171 2880/3282/2172 2879/3279/2170
f 3552/3281/2171 3553/3283/2173 2881/3284/2174 2880/3282/2172
f 3553/3283/2173 3554/3285/2175 2882/3286/2176 2881/3284/2174
f 3554/3285/2175 3555/3287/2177 2883/3288/2178 2882/3286/2176
f 3555/3287/2177 3556/3289/2179 2884/3290/2180 2883/3288/2178
f 3556/3289/2179 3557/3291/2181 2885/3292/2182 2884/3290/2180
f 3557/3291/2181 3558/3293/2183 2886/3294/2184 2885/3292/2182
f 3558/3293/2183 3559/3295/2185 2887/3296/2186 2886/3294/2184
f 3559/3295/2185 3560/3297/2187 2888/3298/2188 2887/3296/2186
f 3560/3297/2187 3561/3299/2189 2889/3300/2190 2888/3298/2188
f 3561/3299/2189 3562/3301/2191 2890/3302/2192 2889/3300/2190
f 3562/3301/2191 3563/3303/2193 2891/3304/2194 2890/3302/2192
f 2832/3248/2195 2928/3305/2140 2927/3306/2196 2831/3246/2197
f 3563/3303/2193 3564/3307/2198 2892/3308/2199 2891/3304/2194
f 3564/3307/2198 3533/3241/2133 2862/3244/2136 2892/3308/2199
f 2829/3309/2200 2862/3310/2136 2861/3311/2135 2830/3312/2201
f 2830/3312/2201 2861/3311/2135 2863/3313/2138 2831/3314/2197
f 2831/3314/2197 2863/3313/2138 2864/3315/2140 2832/3316/2195
f 2832/3316/2195 2864/3315/2140 2865/3317/2142 2833/3318/2202
f 2833/3318/2202 2865/3317/2142 2866/3319/2144 2834/3320/2203
f 2834/3320/2203 2866/3319/2144 2867/3321/2146 2835/3322/2204
f 2835/3322/2204 2867/3321/2146 2868/3323/2148 2836/3324/2205
f 2836/3324/2205 2868/3323/2148 2869/3325/2150 2837/3326/2206
f 2837/3326/2206 2869/3325/2150 2870/3327/2152 2838/3328/2207
f 2838/3328/2207 2870/3327/2152 2871/3329/2154 2839/3330/2208
f 2839/3330/2208 2871/3329/2154 2872/3331/2156 2840/3332/2209
f 2840/3332/2209 2872/3331/2156 2873/3333/2158 2841/3334/2210
f 2841/3334/2210 2873/3333/2158 2874/3335/2160 2842/3336/2211
f 2842/3336/2211 2874/3335/2160 2875/3337/2162 2843/3338/2212
f 2843/3338/2212 2875/3337/2162 2876/3339/2164 2844/3340/2213
f 2844/3340/2213 2876/3339/2164 2877/3341/2166 2845/3342/2214
f 2845/3342/2214 2877/3341/2166 2878/3343/2168 2846/3344/2215
f 2846/3344/2215 2878/3343/2168 2879/3345/2170 2847/3346/2216
f 2847/3346/2216 2879/3345/2170 2880/3347/2172 2848/3348/2217
f 2848/3348/2217 2880/3347/2172 2881/3349/2174 2849/3350/2218
f 2849/3350/2218 2881/3349/2174 2882/3351/2176 2850/3352/2219
f 2850/3352/2219 2882/3351/2176 2883/3353/2178 2851/3354/2220
f 2851/3354/2220 2883/3353/2178 2884/3355/2180 2852/3356/2221
f 2852/3356/2221 2884/3355/2180 2885/3357/2182 2853/3358/2222
f 2853/3358/2222 2885/3357/2182 2886/3359/2184 2854/3360/2223
f 2854/3360/2223 2886/3359/2184 2887/3361/2186 2855/3362/2224
f 2855/3362/2224 2887/3361/2186 2888/3363/2188 2856/3364/2225
f 2856/3364/2225 2888/3363/2188 2889/3365/2190 2857/3366/2226
f 2857/3366/2226 2889/3365/2190 2890/3367/2192 2858/3368/2227
f 2858/3368/2227 2890/3367/2192 2891/3369/2194 2859/3370/2228
f 2859/3370/2228 2891/3369/2194 2892/3371/2199 2860/3372/2229
f 2860/3372/2229 2892/3371/2199 2862/3310/2136 2829/3309/2200
f 2903/3373/2230 2999/3374/2231 2998/3375/2232 2902/3376/2233
f 2859/3304/2228 2955/3377/2234 2954/3378/2192 2858/3302/2227
f 2846/3276/2215 2942/3379/2168 2941/3380/2235 2845/3381/2214
f 2833/3250/2202 2929/3382/2236 2928/3305/2140 2832/3248/2195
f 2860/3308/2229 2956/3383/2199 2955/3377/2234 2859/3304/2228
f 2847/3279/2216 2943/3384/2237 2942/3385/2168 2846/3280/2215
f 2834/3252/2203 2930/3386/2238 2929/3382/2236 2833/3250/2202
f 2829/3244/2200 2926/3387/2136 2956/3383/2199 2860/3308/2229
f 2848/3282/2217 2944/3388/2239 2943/3384/2237 2847/3279/2216
f 2835/3254/2204 2931/3389/2240 2930/3386/2238 2834/3252/2203
f 2849/3284/2218 2945/3390/2241 2944/3388/2239 2848/3282/2217
f 2836/3391/2205 2932/3392/2242 2931/3389/2240 2835/3254/2204
f 2850/3286/2219 2946/3393/2176 2945/3390/2241 2849/3284/2218
f 2837/3258/2206 2933/3394/2150 2932/3392/2242 2836/3391/2205
f 2851/3288/2220 2947/3395/2178 2946/3393/2176 2850/3286/2219
f 2838/3260/2207 2934/3376/2152 2933/3394/2150 2837/3258/2206
f 2852/3290/2221 2948/3396/2180 2947/3395/2178 2851/3288/2220
f 2839/3262/2208 2935/3373/2231 2934/3376/2152 2838/3260/2207
f 2853/3292/2222 2949/3397/2243 2948/3396/2180 2852/3290/2221
f 2840/3264/2209 2936/3398/2244 2935/3373/2231 2839/3262/2208
f 2854/3294/2223 2950/3399/2245 2949/3397/2243 2853/3292/2222
f 2841/3266/2210 2937/3400/2246 2936/3398/2244 2840/3264/2209
f 2855/3296/2224 2951/3401/2247 2950/3399/2245 2854/3294/2223
f 2842/3268/2211 2938/3402/2248 2937/3400/2246 2841/3266/2210
f 2856/3298/2225 2952/3403/2249 2951/3401/2247 2855/3296/2224
f 2843/3270/2212 2939/3404/2250 2938/3402/2248 2842/3268/2211
f 2830/3405/2201 2925/3406/2135 2926/3387/2136 2829/3244/2200
f 2857/3300/2226 2953/3407/2190 2952/3403/2249 2856/3298/2225
f 2844/3272/2213 2940/3408/2251 2939/3404/2250 2843/3270/2212
f 2831/3246/2197 2927/3306/2196 2925/3406/2135 2830/3405/2201
f 2858/3302/2227 2954/3378/2192 2953/3407/2190 2857/3300/2226
f 2845/3381/2214 2941/3380/2235 2940/3408/2251 2844/3272/2213
f 2894/3409/2200 2926/3410/2136 2925/3411/2135 2893/3412/2252
f 2893/3412/2252 2925/3411/2135 2927/3413/2196 2895/3414/2253
f 2895/3414/2253 2927/3413/2196 2928/3415/2140 2896/3416/2195
f 2896/3416/2195 2928/3415/2140 2929/3417/2236 2897/3418/2202
f 2897/3418/2202 2929/3417/2236 2930/3419/2238 2898/3420/2254
f 2898/3420/2254 2930/3419/2238 2931/3421/2240 2899/3422/2204
f 2899/3422/2204 2931/3421/2240 2932/3423/2242 2900/3424/2205
f 2900/3424/2205 2932/3423/2242 2933/3425/2150 2901/3426/2206
f 2901/3426/2206 2933/3425/2150 2934/3427/2152 2902/3428/2233
f 2902/3428/2233 2934/3427/2152 2935/3429/2231 2903/3430/2230
f 2903/3430/2230 2935/3429/2231 2936/3431/2244 2904/3432/2209
f 2904/3432/2209 2936/3431/2244 2937/3433/2246 2905/3434/2255
f 2905/3434/2255 2937/3433/2246 2938/3435/2248 2906/3436/2211
f 2906/3436/2211 2938/3435/2248 2939/3437/2250 2907/3438/2212
f 2907/3438/2212 2939/3437/2250 2940/3439/2251 2908/3440/2256
f 2908/3440/2256 2940/3439/2251 2941/3441/2235 2909/3442/2214
f 2909/3442/2214 2941/3441/2235 2942/3443/2168 2910/3444/2215
f 2910/3444/2215 2942/3443/2168 2943/3445/2237 2911/3446/2257
f 2911/3446/2257 2943/3445/2237 2944/3447/2239 2912/3448/2258
f 2912/3448/2258 2944/3447/2239 2945/3449/2241 2913/3450/2259
f 2913/3450/2259 2945/3449/2241 2946/3451/2176 2914/3452/2260
f 2914/3452/2260 2946/3451/2176 2947/3453/2178 2915/3454/2261
f 2915/3454/2261 2947/3453/2178 2948/3455/2180 2916/3456/2262
f 2916/3456/2262 2948/3455/2180 2949/3457/2243 2917/3458/2222
f 2917/3458/2222 2949/3457/2243 2950/3459/2245 2918/3460/2223
f 2918/3460/2223 2950/3459/2245 2951/3461/2247 2919/3462/2263
f 2919/3462/2263 2951/3461/2247 2952/3463/2249 2920/3464/2225
f 2920/3464/2225 2952/3463/2249 2953/3465/2190 2921/3466/2226
f 2921/3466/2226 2953/3465/2190 2954/3467/2192 2922/3468/2264
f 2922/3468/2264 2954/3467/2192 2955/3469/2234 2923/3470/2228
f 2923/3470/2228 2955/3469/2234 2956/3471/2199 2924/3472/2229
f 2924/3472/2229 2956/3471/2199 2926/3410/2136 2894/3409/2200
f 2963/3473/2265 3059/3474/2146 3058/3475/2144 2962/3476/2254
f 2917/3397/2222 3013/3477/2182 3012/3478/2180 2916/3396/2262
f 2904/3398/2209 3000/3479/2244 2999/3374/2231 2903/3373/2230
f 2918/3399/2223 3014/3480/2184 3013/3477/2182 2917/3397/2222
f 2905/3400/2255 3001/3481/2266 3000/3479/2244 2904/3398/2209
f 2919/3401/2263 3015/3482/2267 3014/3480/2184 2918/3399/2223
f 2906/3402/2211 3002/3483/2248 3001/3481/2266 2905/3400/2255
f 2920/3403/2225 3016/3484/2249 3015/3482/2267 2919/3401/2263
f 2907/3404/2212 3003/3485/2162 3002/3483/2248 2906/3402/2211
f 2893/3406/2252 2989/3486/2135 2990/3487/2136 2894/3387/2200
f 2921/3488/2226 3017/3489/2190 3016/3484/2249 2920/3403/2225
f 2908/3408/2256 3004/3490/2251 3003/3485/2162 2907/3404/2212
f 2895/3491/2253 2991/3492/2268 2989/3486/2135 2893/3406/2252
f 2922/3378/2264 3018/3493/2192 3017/3489/2190 2921/3488/2226
f 2909/3380/2214 3005/3494/2166 3004/3490/2251 2908/3408/2256
f 2896/3305/2195 2992/3495/2269 2991/3492/2268 2895/3491/2253
f 2923/3377/2228 3019/3496/2270 3018/3493/2192 2922/3378/2264
f 2910/3379/2215 3006/3497/2168 3005/3494/2166 2909/3380/2214
f 2897/3382/2202 2993/3498/2271 2992/3495/2269 2896/3305/2195
f 2924/3383/2229 3020/3499/2199 3019/3496/2270 2923/3377/2228
f 2911/3384/2257 3007/3500/2170 3006/3501/2168 2910/3502/2215
f 2898/3503/2254 2994/3476/2272 2993/3498/2271 2897/3382/2202
f 2894/3387/2200 2990/3487/2136 3020/3499/2199 2924/3383/2229
f 2912/3388/2258 3008/3504/2172 3007/3500/2170 2911/3384/2257
f 2899/3389/2204 2995/3505/2273 2994/3476/2272 2898/3503/2254
f 2913/3390/2259 3009/3506/2274 3008/3504/2172 2912/3388/2258
f 2900/3392/2205 2996/3507/2242 2995/3505/2273 2899/3389/2204
f 2914/3508/2260 3010/3509/2176 3009/3506/2274 2913/3390/2259
f 2901/3394/2206 2997/3510/2150 2996/3507/2242 2900/3392/2205
f 2915/3395/2261 3011/3511/2275 3010/3509/2176 2914/3508/2260
f 2902/3376/2233 2998/3375/2232 2997/3510/2150 2901/3394/2206
f 2916/3396/2262 3012/3478/2180 3011/3511/2275 2915/3395/2261
f 2958/3512/2200 2990/3513/2136 2989/3514/2135 2957/3515/2276
f 2957/3515/2276 2989/3514/2135 2991/3516/2268 2959/3517/2197
f 2959/3517/2197 2991/3516/2268 2992/3518/2269 2960/3519/2195
f 2960/3519/2195 2992/3518/2269 2993/3520/2271 2961/3521/2277
f 2961/3521/2277 2993/3520/2271 2994/3522/2272 2962/3523/2254
f 2962/3523/2254 2994/3522/2272 2995/3524/2273 2963/3525/2265
f 2963/3525/2265 2995/3524/2273 2996/3526/2242 2964/3527/2205
f 2964/3527/2205 2996/3526/2242 2997/3528/2150 2965/3529/2206
f 2965/3529/2206 2997/3528/2150 2998/3530/2232 2966/3531/2207
f 2966/3531/2207 2998/3530/2232 2999/3532/2231 2967/3533/2278
f 2967/3533/2278 2999/3532/2231 3000/3534/2244 2968/3535/2279
f 2968/3535/2279 3000/3534/2244 3001/3536/2266 2969/3537/2210
f 2969/3537/2210 3001/3536/2266 3002/3538/2248 2970/3539/2280
f 2970/3539/2280 3002/3538/2248 3003/3540/2162 2971/3541/2212
f 2971/3541/2212 3003/3540/2162 3004/3542/2251 2972/3543/2213
f 2972/3543/2213 3004/3542/2251 3005/3544/2166 2973/3545/2281
f 2973/3545/2281 3005/3544/2166 3006/3546/2168 2974/3547/2215
f 2974/3547/2215 3006/3546/2168 3007/3548/2170 2975/3549/2257
f 2975/3549/2257 3007/3548/2170 3008/3550/2172 2976/3551/2282
f 2976/3551/2282 3008/3550/2172 3009/3552/2274 2977/3553/2283
f 2977/3553/2283 3009/3552/2274 3010/3554/2176 2978/3555/2219
f 2978/3555/2219 3010/3554/2176 3011/3556/2275 2979/3557/2220
f 2979/3557/2220 3011/3556/2275 3012/3558/2180 2980/3559/2262
f 2980/3559/2262 3012/3558/2180 3013/3560/2182 2981/3561/2222
f 2981/3561/2222 3013/3560/2182 3014/3562/2184 2982/3563/2284
f 2982/3563/2284 3014/3562/2184 3015/3564/2267 2983/3565/2263
f 2983/3565/2263 3015/3564/2267 3016/3566/2249 2984/3567/2225
f 2984/3567/2225 3016/3566/2249 3017/3568/2190 2985/3569/2226
f 2985/3569/2226 3017/3568/2190 3018/3570/2192 2986/3571/2264
f 2986/3571/2264 3018/3570/2192 3019/3572/2270 2987/3573/2228
f 2987/3573/2228 3019/3572/2270 3020/3574/2199 2988/3575/2285
f 2988/3575/2285 3020/3574/2199 2990/3513/2136 2958/3512/2200
f 3041/3576/2286 3137/3577/2241 3136/3578/2287 3040/3579/2288
f 2977/3580/2283 3073/3581/2289 3072/3579/2290 2976/3582/2282
f 2964/3507/2205 3060/3583/2291 3059/3474/2146 2963/3473/2265
f 2978/3509/2219 3074/3584/2292 3073/3581/2289 2977/3580/2283
f 2965/3510/2206 3061/3585/2293 3060/3583/2291 2964/3507/2205
f 2979/3586/2220 3075/3587/2275 3074/3584/2292 2978/3509/2219
f 2966/3375/2207 3062/3588/2152 3061/3585/2293 2965/3510/2206
f 2980/3589/2262 3076/3590/2294 3075/3587/2275 2979/3586/2220
f 2967/3374/2278 3063/3591/2154 3062/3588/2152 2966/3375/2207
f 2981/3477/2222 3077/3592/2182 3076/3590/2294 2980/3589/2262
f 2968/3593/2279 3064/3594/2244 3063/3591/2154 2967/3374/2278
f 2982/3595/2284 3078/3596/2295 3077/3592/2182 2981/3477/2222
f 2969/3481/2210 3065/3597/2246 3064/3594/2244 2968/3593/2279
f 2983/3482/2263 3079/3598/2247 3078/3596/2295 2982/3595/2284
f 2970/3483/2280 3066/3599/2248 3065/3597/2246 2969/3481/2210
f 2984/3484/2225 3080/3600/2249 3079/3598/2247 2983/3482/2263
f 2971/3485/2212 3067/3601/2162 3066/3599/2248 2970/3483/2280
f 2957/3602/2276 3053/3603/2296 3054/3604/2297 2958/3605/2200
f 2985/3489/2226 3081/3606/2190 3080/3600/2249 2984/3484/2225
f 2972/3607/2213 3068/3608/2164 3067/3601/2162 2971/3485/2212
f 2959/3609/2197 3055/3610/2298 3053/3603/2296 2957/3602/2276
f 2986/3611/2264 3082/3612/2299 3081/3606/2190 2985/3489/2226
f 2973/3613/2281 3069/3614/2166 3068/3608/2164 2972/3607/2213
f 2960/3615/2195 3056/3616/2269 3055/3610/2298 2959/3609/2197
f 2987/3496/2228 3083/3617/2234 3082/3612/2299 2986/3611/2264
f 2974/3618/2215 3070/3619/2300 3069/3614/2166 2973/3613/2281
f 2961/3620/2277 3057/3621/2236 3056/3616/2269 2960/3615/2195
f 2988/3622/2285 3084/3623/2199 3083/3617/2234 2987/3496/2228
f 2975/3500/2257 3071/3624/2301 3070/3625/2300 2974/3626/2215
f 2962/3476/2254 3058/3475/2144 3057/3621/2236 2961/3620/2277
f 2958/3605/2200 3054/3604/2297 3084/3623/2199 2988/3622/2285
f 2976/3582/2282 3072/3579/2290 3071/3624/2301 2975/3500/2257
f 3022/3627/2302 3054/3628/2297 3053/3629/2296 3021/3630/2201
f 3021/3630/2201 3053/3629/2296 3055/3631/2298 3023/3632/2197
f 3023/3632/2197 3055/3631/2298 3056/3633/2269 3024/3634/2195
f 3024/3634/2195 3056/3633/2269 3057/3635/2236 3025/3636/2202
f 3025/3636/2202 3057/3635/2236 3058/3637/2144 3026/3638/2203
f 3026/3638/2203 3058/3637/2144 3059/3639/2146 3027/3640/2265
f 3027/3640/2265 3059/3639/2146 3060/3641/2291 3028/3642/2303
f 3028/3642/2303 3060/3641/2291 3061/3643/2293 3029/3644/2304
f 3029/3644/2304 3061/3643/2293 3062/3645/2152 3030/3646/2305
f 3030/3646/2305 3062/3645/2152 3063/3647/2154 3031/3648/2208
f 3031/3648/2208 3063/3647/2154 3064/3649/2244 3032/3650/2306
f 3032/3650/2306 3064/3649/2244 3065/3651/2246 3033/3652/2210
f 3033/3652/2210 3065/3651/2246 3066/3653/2248 3034/3654/2307
f 3034/3654/2307 3066/3653/2248 3067/3655/2162 3035/3656/2308
f 3035/3656/2308 3067/3655/2162 3068/3657/2164 3036/3658/2213
f 3036/3658/2213 3068/3657/2164 3069/3659/2166 3037/3660/2214
f 3037/3660/2214 3069/3659/2166 3070/3661/2300 3038/3662/2215
f 3038/3662/2215 3070/3661/2300 3071/3663/2301 3039/3664/2309
f 3039/3664/2309 3071/3663/2301 3072/3665/2290 3040/3666/2288
f 3040/3666/2288 3072/3665/2290 3073/3667/2289 3041/3668/2286
f 3041/3668/2286 3073/3667/2289 3074/3669/2292 3042/3670/2310
f 3042/3670/2310 3074/3669/2292 3075/3671/2275 3043/3672/2261
f 3043/3672/2261 3075/3671/2275 3076/3673/2294 3044/3674/2262
f 3044/3674/2262 3076/3673/2294 3077/3675/2182 3045/3676/2222
f 3045/3676/2222 3077/3675/2182 3078/3677/2295 3046/3678/2311
f 3046/3678/2311 3078/3677/2295 3079/3679/2247 3047/3680/2312
f 3047/3680/2312 3079/3679/2247 3080/3681/2249 3048/3682/2313
f 3048/3682/2313 3080/3681/2249 3081/3683/2190 3049/3684/2226
f 3049/3684/2226 3081/3683/2190 3082/3685/2299 3050/3686/2314
f 3050/3686/2314 3082/3685/2299 3083/3687/2234 3051/3688/2228
f 3051/3688/2228 3083/3687/2234 3084/3689/2199 3052/3690/2229
f 3052/3690/2229 3084/3689/2199 3054/3628/2297 3022/3627/2302
f 3106/3691/2315 3202/3692/2316 3201/3693/2274 3105/3694/2218
f 3028/3583/2303 3124/3695/2148 3123/3696/2317 3027/3474/2265
f 3042/3584/2310 3138/3691/2292 3137/3577/2241 3041/3576/2286
f 3029/3585/2304 3125/3697/2293 3124/3695/2148 3028/3583/2303
f 3043/3587/2261 3139/3698/2318 3138/3691/2292 3042/3584/2310
f 3030/3588/2305 3126/3699/2152 3125/3697/2293 3029/3585/2304
f 3044/3590/2262 3140/3700/2319 3139/3698/2318 3043/3587/2261
f 3031/3591/2208 3127/3701/2320 3126/3699/2152 3030/3588/2305
f 3045/3592/2222 3141/3702/2243 3140/3700/2319 3044/3590/2262
f 3032/3594/2306 3128/3703/2156 3127/3701/2320 3031/3591/2208
f 3046/3596/2311 3142/3704/2295 3141/3702/2243 3045/3592/2222
f 3033/3597/2210 3129/3705/2246 3128/3703/2156 3032/3594/2306
f 3047/3598/2312 3143/3706/2247 3142/3704/2295 3046/3596/2311
f 3034/3599/2307 3130/3707/2321 3129/3705/2246 3033/3597/2210
f 3048/3600/2313 3144/3708/2322 3143/3706/2247 3047/3598/2312
f 3035/3601/2308 3131/3709/2323 3130/3707/2321 3034/3599/2307
f 3021/3603/2201 3117/3710/2296 3118/3711/2297 3022/3604/2302
f 3049/3606/2226 3145/3712/2324 3144/3708/2322 3048/3600/2313
f 3036/3608/2213 3132/3713/2164 3131/3709/2323 3035/3601/2308
f 3023/3610/2197 3119/3714/2298 3117/3710/2296 3021/3603/2201
f 3050/3612/2314 3146/3715/2299 3145/3712/2324 3049/3606/2226
f 3037/3716/2214 3133/3717/2325 3132/3713/2164 3036/3608/2213
f 3024/3616/2195 3120/3718/2326 3119/3714/2298 3023/3610/2197
f 3051/3719/2228 3147/3720/2234 3146/3715/2299 3050/3612/2314
f 3038/3619/2215 3134/3721/2300 3133/3717/2325 3037/3716/2214
f 3025/3621/2202 3121/3722/2236 3120/3718/2326 3024/3616/2195
f 3052/3623/2229 3148/3723/2327 3147/3720/2234 3051/3719/2228
f 3039/3624/2309 3135/3724/2170 3134/3725/2300 3038/3625/2215
f 3026/3475/2203 3122/3726/2272 3121/3722/2236 3025/3621/2202
f 3022/3604/2302 3118/3711/2297 3148/3723/2327 3052/3623/2229
f 3040/3579/2288 3136/3578/2287 3135/3724/2170 3039/3624/2309
f 3027/3474/2265 3123/3696/2317 3122/3726/2272 3026/3475/2203
f 3086/3727/2328 3118/3728/2297 3117/3729/2296 3085/3730/2201
f 3085/3730/2201 3117/3729/2296 3119/3731/2298 3087/3732/2197
f 3087/3732/2197 3119/3731/2298 3120/3733/2326 3088/3734/2329
f 3088/3734/2329 3120/3733/2326 3121/3735/2236 3089/3736/2330
f 3089/3736/2330 3121/3735/2236 3122/3737/2272 3090/3738/2331
f 3090/3738/2331 3122/3737/2272 3123/3739/2317 3091/3740/2204
f 3091/3740/2204 3123/3739/2317 3124/3741/2148 3092/3742/2205
f 3092/3742/2205 3124/3741/2148 3125/3743/2293 3093/3744/2332
f 3093/3744/2332 3125/3743/2293 3126/3745/2152 3094/3746/2333
f 3094/3746/2333 3126/3745/2152 3127/3747/2320 3095/3748/2278
f 3095/3748/2278 3127/3747/2320 3128/3749/2156 3096/3750/2209
f 3096/3750/2209 3128/3749/2156 3129/3751/2246 3097/3752/2210
f 3097/3752/2210 3129/3751/2246 3130/3753/2321 3098/3754/2211
f 3098/3754/2211 3130/3753/2321 3131/3755/2323 3099/3756/2334
f 3099/3756/2334 3131/3755/2323 3132/3757/2164 3100/3758/2213
f 3100/3758/2213 3132/3757/2164 3133/3759/2325 3101/3760/2214
f 3101/3760/2214 3133/3759/2325 3134/3761/2300 3102/3762/2215
f 3102/3762/2215 3134/3761/2300 3135/3763/2170 3103/3764/2216
f 3103/3764/2216 3135/3763/2170 3136/3765/2287 3104/3766/2335
f 3104/3766/2335 3136/3765/2287 3137/3767/2241 3105/3768/2218
f 3105/3768/2218 3137/3767/2241 3138/3769/2292 3106/3770/2315
f 3106/3770/2315 3138/3769/2292 3139/3771/2318 3107/3772/2336
f 3107/3772/2336 3139/3771/2318 3140/3773/2319 3108/3774/2337
f 3108/3774/2337 3140/3773/2319 3141/3775/2243 3109/3776/2222
f 3109/3776/2222 3141/3775/2243 3142/3777/2295 3110/3778/2223
f 3110/3778/2223 3142/3777/2295 3143/3779/2247 3111/3780/2224
f 3111/3780/2224 3143/3779/2247 3144/3781/2322 3112/3782/2338
f 3112/3782/2338 3144/3781/2322 3145/3783/2324 3113/3784/2226
f 3113/3784/2226 3145/3783/2324 3146/3785/2299 3114/3786/2227
f 3114/3786/2227 3146/3785/2299 3147/3787/2234 3115/3788/2228
f 3115/3788/2228 3147/3787/2234 3148/3789/2327 3116/3790/2339
f 3116/3790/2339 3148/3789/2327 3118/3728/2297 3086/3727/2328
f 3152/3791/2195 3248/3792/2340 3247/3793/2341 3151/3794/2253
f 3093/3697/2332 3189/3795/2293 3188/3796/2148 3092/3797/2205
f 3107/3798/2336 3203/3799/2342 3202/3692/2316 3106/3691/2315
f 3094/3800/2333 3190/3801/2343 3189/3795/2293 3093/3697/2332
f 3108/3802/2337 3204/3803/2344 3203/3799/2342 3107/3798/2336
f 3095/3701/2278 3191/3804/2345 3190/3801/2343 3094/3800/2333
f 3109/3702/2222 3205/3805/2346 3204/3803/2344 3108/3802/2337
f 3096/3703/2209 3192/3806/2156 3191/3804/2345 3095/3701/2278
f 3110/3704/2223 3206/3807/2184 3205/3805/2346 3109/3702/2222
f 3097/3705/2210 3193/3808/2347 3192/3806/2156 3096/3703/2209
f 3111/3706/2224 3207/3809/2186 3206/3807/2184 3110/3704/2223
f 3098/3707/2211 3194/3810/2248 3193/3808/2347 3097/3705/2210
f 3112/3708/2338 3208/3811/2348 3207/3809/2186 3111/3706/2224
f 3099/3812/2334 3195/3813/2349 3194/3810/2248 3098/3707/2211
f 3085/3814/2201 3181/3815/2135 3182/3816/2136 3086/3711/2328
f 3113/3712/2226 3209/3817/2350 3208/3811/2348 3112/3708/2338
f 3100/3818/2213 3196/3819/2351 3195/3813/2349 3099/3812/2334
f 3087/3714/2197 3183/3820/2268 3181/3815/2135 3085/3814/2201
f 3114/3821/2227 3210/3822/2352 3209/3817/2350 3113/3712/2226
f 3101/3717/2214 3197/3823/2353 3196/3819/2351 3100/3818/2213
f 3088/3824/2329 3184/3791/2269 3183/3820/2268 3087/3714/2197
f 3115/3720/2228 3211/3825/2194 3210/3822/2352 3114/3821/2227
f 3102/3721/2215 3198/3826/2354 3197/3823/2353 3101/3717/2214
f 3089/3722/2330 3185/3827/2355 3184/3791/2269 3088/3824/2329
f 3116/3828/2339 3212/3829/2327 3211/3825/2194 3115/3720/2228
f 3103/3830/2216 3199/3831/2170 3198/3832/2354 3102/3725/2215
f 3090/3833/2331 3186/3834/2356 3185/3827/2355 3089/3722/2330
f 3086/3711/2328 3182/3816/2136 3212/3829/2327 3116/3828/2339
f 3104/3578/2335 3200/3835/2239 3199/3831/2170 3103/3830/2216
f 3091/3696/2204 3187/3836/2146 3186/3834/2356 3090/3833/2331
f 3105/3694/2218 3201/3693/2274 3200/3835/2239 3104/3578/2335
f 3092/3797/2205 3188/3796/2148 3187/3836/2146 3091/3696/2204
f 3150/3837/2302 3182/3838/2136 3181/3839/2135 3149/3840/2357
f 3149/3840/2357 3181/3839/2135 3183/3841/2268 3151/3842/2253
f 3151/3842/2253 3183/3841/2268 3184/3843/2269 3152/3844/2195
f 3152/3844/2195 3184/3843/2269 3185/3845/2355 3153/3846/2202
f 3153/3846/2202 3185/3845/2355 3186/3847/2356 3154/3848/2331
f 3154/3848/2331 3186/3847/2356 3187/3849/2146 3155/3850/2204
f 3155/3850/2204 3187/3849/2146 3188/3851/2148 3156/3852/2205
f 3156/3852/2205 3188/3851/2148 3189/3853/2293 3157/3854/2358
f 3157/3854/2358 3189/3853/2293 3190/3855/2343 3158/3856/2359
f 3158/3856/2359 3190/3855/2343 3191/3857/2345 3159/3858/2360
f 3159/3858/2360 3191/3857/2345 3192/3859/2156 3160/3860/2306
f 3160/3860/2306 3192/3859/2156 3193/3861/2347 3161/3862/2361
f 3161/3862/2361 3193/3861/2347 3194/3863/2248 3162/3864/2362
f 3162/3864/2362 3194/3863/2248 3195/3865/2349 3163/3866/2212
f 3163/3866/2212 3195/3865/2349 3196/3867/2351 3164/3868/2363
f 3164/3868/2363 3196/3867/2351 3197/3869/2353 3165/3870/2281
f 3165/3870/2281 3197/3869/2353 3198/3871/2354 3166/3872/2215
f 3166/3872/2215 3198/3871/2354 3199/3873/2170 3167/3874/2216
f 3167/3874/2216 3199/3873/2170 3200/3875/2239 3168/3876/2217
f 3168/3876/2217 3200/3875/2239 3201/3877/2274 3169/3878/2364
f 3169/3878/2364 3201/3877/2274 3202/3879/2316 3170/3880/2365
f 3170/3880/2365 3202/3879/2316 3203/3881/2342 3171/3882/2366
f 3171/3882/2366 3203/3881/2342 3204/3883/2344 3172/3884/2367
f 3172/3884/2367 3204/3883/2344 3205/3885/2346 3173/3886/2222
f 3173/3886/2222 3205/3885/2346 3206/3887/2184 3174/3888/2311
f 3174/3888/2311 3206/3887/2184 3207/3889/2186 3175/3890/2312
f 3175/3890/2312 3207/3889/2186 3208/3891/2348 3176/3892/2225
f 3176/3892/2225 3208/3891/2348 3209/3893/2350 3177/3894/2368
f 3177/3894/2368 3209/3893/2350 3210/3895/2352 3178/3896/2369
f 3178/3896/2369 3210/3895/2352 3211/3897/2194 3179/3898/2370
f 3179/3898/2370 3211/3897/2194 3212/3899/2327 3180/3900/2371
f 3180/3900/2371 3212/3899/2327 3182/3838/2136 3150/3837/2302
f 3240/3901/2372 3336/3902/2373 3335/3903/2267 3239/3904/2374
f 3179/3905/2370 3275/3906/2375 3274/3907/2192 3178/3908/2369
f 3166/3909/2215 3262/3910/2354 3261/3911/2166 3165/3823/2281
f 3153/3827/2202 3249/3912/2355 3248/3792/2340 3152/3791/2195
f 3180/3913/2371 3276/3914/2199 3275/3906/2375 3179/3905/2370
f 3167/3831/2216 3263/3915/2301 3262/3916/2354 3166/3917/2215
f 3154/3834/2331 3250/3918/2144 3249/3912/2355 3153/3827/2202
f 3150/3919/2302 3246/3920/2136 3276/3914/2199 3180/3913/2371
f 3168/3835/2217 3264/3921/2239 3263/3915/2301 3167/3831/2216
f 3155/3922/2204 3251/3923/2376 3250/3918/2144 3154/3834/2331
f 3169/3924/2364 3265/3925/2241 3264/3921/2239 3168/3835/2217
f 3156/3926/2205 3252/3927/2377 3251/3923/2376 3155/3922/2204
f 3170/3928/2365 3266/3929/2378 3265/3925/2241 3169/3924/2364
f 3157/3930/2358 3253/3931/2379 3252/3927/2377 3156/3926/2205
f 3171/3932/2366 3267/3933/2380 3266/3929/2378 3170/3928/2365
f 3158/3801/2359 3254/3934/2343 3253/3931/2379 3157/3930/2358
f 3172/3935/2367 3268/3936/2381 3267/3933/2380 3171/3932/2366
f 3159/3804/2360 3255/3937/2382 3254/3934/2343 3158/3801/2359
f 3173/3938/2222 3269/3939/2182 3268/3936/2381 3172/3935/2367
f 3160/3806/2306 3256/3940/2244 3255/3937/2382 3159/3804/2360
f 3174/3807/2311 3270/3941/2295 3269/3939/2182 3173/3938/2222
f 3161/3942/2361 3257/3943/2246 3256/3940/2244 3160/3806/2306
f 3175/3809/2312 3271/3904/2267 3270/3941/2295 3174/3807/2311
f 3162/3944/2362 3258/3945/2383 3257/3943/2246 3161/3942/2361
f 3176/3946/2225 3272/3901/2249 3271/3904/2267 3175/3809/2312
f 3163/3947/2212 3259/3948/2323 3258/3945/2383 3162/3944/2362
f 3149/3949/2357 3245/3950/2384 3246/3920/2136 3150/3919/2302
f 3177/3817/2368 3273/3951/2324 3272/3901/2249 3176/3946/2225
f 3164/3952/2363 3260/3953/2351 3259/3948/2323 3163/3947/2212
f 3151/3794/2253 3247/3793/2341 3245/3950/2384 3149/3949/2357
f 3178/3908/2369 3274/3907/2192 3273/3951/2324 3177/3817/2368
f 3165/3823/2281 3261/3911/2166 3260/3953/2351 3164/3952/2363
f 3214/3954/2385 3246/3955/2136 3245/3956/2384 3213/3957/2386
f 3213/3957/2386 3245/3956/2384 3247/3958/2341 3215/3959/2387
f 3215/3959/2387 3247/3958/2341 3248/3960/2340 3216/3961/2388
f 3216/3961/2388 3248/3960/2340 3249/3962/2355 3217/3963/2389
f 3217/3963/2389 3249/3962/2355 3250/3964/2144 3218/3965/2390
f 3218/3965/2390 3250/3964/2144 3251/3966/2376 3219/3967/2391
f 3219/3967/2391 3251/3966/2376 3252/3968/2377 3220/3969/2392
f 3220/3969/2392 3252/3968/2377 3253/3970/2379 3221/3971/2393
f 3221/3971/2393 3253/3970/2379 3254/3972/2343 3222/3973/2305
f 3222/3973/2305 3254/3972/2343 3255/3974/2382 3223/3975/2394
f 3223/3975/2394 3255/3974/2382 3256/3976/2244 3224/3977/2279
f 3224/3977/2279 3256/3976/2244 3257/3978/2246 3225/3979/2395
f 3225/3979/2395 3257/3978/2246 3258/3980/2383 3226/3981/2396
f 3226/3981/2396 3258/3980/2383 3259/3982/2323 3227/3983/2397
f 3227/3983/2397 3259/3982/2323 3260/3984/2351 3228/3985/2256
f 3228/3985/2256 3260/3984/2351 3261/3986/2166 3229/3987/2214
f 3229/3987/2214 3261/3986/2166 3262/3988/2354 3230/3989/2398
f 3230/3989/2398 3262/3988/2354 3263/3990/2301 3231/3991/2399
f 3231/3991/2399 3263/3990/2301 3264/3992/2239 3232/3993/2217
f 3232/3993/2217 3264/3992/2239 3265/3994/2241 3233/3995/2259
f 3233/3995/2259 3265/3994/2241 3266/3996/2378 3234/3997/2400
f 3234/3997/2400 3266/3996/2378 3267/3998/2380 3235/3999/2401
f 3235/3999/2401 3267/3998/2380 3268/4000/2381 3236/4001/2262
f 3236/4001/2262 3268/4000/2381 3269/4002/2182 3237/4003/2402
f 3237/4003/2402 3269/4002/2182 3270/4004/2295 3238/4005/2311
f 3238/4005/2311 3270/4004/2295 3271/4006/2267 3239/4007/2374
f 3239/4007/2374 3271/4006/2267 3272/4008/2249 3240/4009/2372
f 3240/4009/2372 3272/4008/2249 3273/4010/2324 3241/4011/2403
f 3241/4011/2403 3273/4010/2324 3274/4012/2192 3242/4013/2404
f 3242/4013/2404 3274/4012/2192 3275/4014/2375 3243/4015/2405
f 3243/4015/2405 3275/4014/2375 3276/4016/2199 3244/4017/2406
f 3244/4017/2406 3276/4016/2199 3246/3955/2136 3214/3954/2385
f 3282/4018/2407 3346/4019/2408 3345/4020/2409 3281/4021/2202
f 3227/3948/2397 3323/4022/2162 3322/4023/2248 3226/3945/2396
f 3213/3950/2386 3309/4024/2296 3310/4025/2410 3214/3920/2385
f 3241/3951/2403 3337/4026/2411 3336/3902/2373 3240/3901/2372
f 3228/3953/2256 3324/4027/2412 3323/4022/2162 3227/3948/2397
f 3215/4028/2387 3311/4029/2413 3309/4024/2296 3213/3950/2386
f 3242/4030/2404 3338/4031/2299 3337/4026/2411 3241/3951/2403
f 3229/4032/2214 3325/4033/2414 3324/4027/2412 3228/3953/2256
f 3216/4034/2388 3312/4035/2269 3311/4029/2413 3215/4028/2387
f 3243/4036/2405 3339/4037/2415 3338/4031/2299 3242/4030/2404
f 3230/3910/2398 3326/4038/2416 3325/4033/2414 3229/4032/2214
f 3217/4039/2389 3313/4040/2417 3312/4035/2269 3216/4034/2388
f 3244/3914/2406 3340/4041/2418 3339/4037/2415 3243/4036/2405
f 3231/4042/2399 3327/4043/2170 3326/4044/2416 3230/3916/2398
f 3218/3918/2390 3314/4045/2356 3313/4040/2417 3217/4039/2389
f 3214/3920/2385 3310/4025/2410 3340/4041/2418 3244/3914/2406
f 3232/4046/2217 3328/4047/2239 3327/4043/2170 3231/4042/2399
f 3219/3923/2391 3315/4048/2240 3314/4045/2356 3218/3918/2390
f 3233/3925/2259 3329/4049/2419 3328/4047/2239 3232/4046/2217
f 3220/3927/2392 3316/4050/2420 3315/4048/2240 3219/3923/2391
f 3234/3929/2400 3330/4051/2421 3329/4049/2419 3233/3925/2259
f 3221/3931/2393 3317/4052/2422 3316/4050/2420 3220/3927/2392
f 3235/3933/2401 3331/4053/2178 3330/4051/2421 3234/3929/2400
f 3222/3934/2305 3318/4054/2152 3317/4052/2422 3221/3931/2393
f 3236/3936/2262 3332/4055/2294 3331/4053/2178 3235/3933/2401
f 3223/3937/2394 3319/4056/2423 3318/4054/2152 3222/3934/2305
f 3237/4057/2402 3333/4058/2182 3332/4055/2294 3236/3936/2262
f 3224/4059/2279 3320/4060/2424 3319/4056/2423 3223/3937/2394
f 3238/3941/2311 3334/4061/2425 3333/4058/2182 3237/4057/2402
f 3225/3943/2395 3321/4062/2426 3320/4060/2424 3224/4059/2279
f 3239/3904/2374 3335/3903/2267 3334/4061/2425 3238/3941/2311
f 3226/3945/2396 3322/4023/2248 3321/4062/2426 3225/3943/2395
f 3278/4063/2302 3310/4064/2410 3309/4065/2296 3277/4066/2357
f 3277/4066/2357 3309/4065/2296 3311/4067/2413 3279/4068/2253
f 3279/4068/2253 3311/4067/2413 3312/4069/2269 3280/4070/2329
f 3280/4070/2329 3312/4069/2269 3313/4071/2417 3281/4072/2202
f 3281/4072/2202 3313/4071/2417 3314/4073/2356 3282/4074/2407
f 3282/4074/2407 3314/4073/2356 3315/4075/2240 3283/4076/2427
f 3283/4076/2427 3315/4075/2240 3316/4077/2420 3284/4078/2303
f 3284/4078/2303 3316/4077/2420 3317/4079/2422 3285/4080/2428
f 3285/4080/2428 3317/4079/2422 3318/4081/2152 3286/4082/2305
f 3286/4082/2305 3318/4081/2152 3319/4083/2423 3287/4084/2429
f 3287/4084/2429 3319/4083/2423 3320/4085/2424 3288/4086/2209
f 3288/4086/2209 3320/4085/2424 3321/4087/2426 3289/4088/2430
f 3289/4088/2430 3321/4087/2426 3322/4089/2248 3290/4090/2280
f 3290/4090/2280 3322/4089/2248 3323/4091/2162 3291/4092/2431
f 3291/4092/2431 3323/4091/2162 3324/4093/2412 3292/4094/2432
f 3292/4094/2432 3324/4093/2412 3325/4095/2414 3293/4096/2433
f 3293/4096/2433 3325/4095/2414 3326/4097/2416 3294/4098/2434
f 3294/4098/2434 3326/4097/2416 3327/4099/2170 3295/4100/2216
f 3295/4100/2216 3327/4099/2170 3328/4101/2239 3296/4102/2435
f 3296/4102/2435 3328/4101/2239 3329/4103/2419 3297/4104/2436
f 3297/4104/2436 3329/4103/2419 3330/4105/2421 3298/4106/2437
f 3298/4106/2437 3330/4105/2421 3331/4107/2178 3299/4108/2438
f 3299/4108/2438 3331/4107/2178 3332/4109/2294 3300/4110/2221
f 3300/4110/2221 3332/4109/2294 3333/4111/2182 3301/4112/2439
f 3301/4112/2439 3333/4111/2182 3334/4113/2425 3302/4114/2440
f 3302/4114/2440 3334/4113/2425 3335/4115/2267 3303/4116/2441
f 3303/4116/2441 3335/4115/2267 3336/4117/2373 3304/4118/2442
f 3304/4118/2442 3336/4117/2373 3337/4119/2411 3305/4120/2226
f 3305/4120/2226 3337/4119/2411 3338/4121/2299 3306/4122/2227
f 3306/4122/2227 3338/4121/2299 3339/4123/2415 3307/4124/2443
f 3307/4124/2443 3339/4123/2415 3340/4125/2418 3308/4126/2444
f 3308/4126/2444 3340/4125/2418 3310/4064/2410 3278/4063/2302
f 3349/4127/2445 3381/4127/2446 3380/4128/2447 3348/4128/2448
f 3278/4129/2302 3342/4130/2449 3372/4131/2450 3308/4041/2444
f 3296/4132/2435 3360/4133/2451 3359/4134/2452 3295/4135/2216
f 3283/4136/2427 3347/4137/2453 3346/4019/2408 3282/4018/2407
f 3297/4138/2436 3361/4139/2454 3360/4133/2451 3296/4132/2435
f 3284/4140/2303 3348/4141/2448 3347/4137/2453 3283/4136/2427
f 3298/4142/2437 3362/4143/2455 3361/4139/2454 3297/4138/2436
f 3285/4144/2428 3349/4145/2445 3348/4141/2448 3284/4140/2303
f 3299/4146/2438 3363/4147/2456 3362/4143/2455 3298/4142/2437
f 3286/4148/2305 3350/4149/2457 3349/4145/2445 3285/4144/2428
f 3300/4150/2221 3364/4151/2458 3363/4147/2456 3299/4146/2438
f 3287/4056/2429 3351/4152/2459 3350/4149/2457 3286/4148/2305
f 3301/4153/2439 3365/4154/2460 3364/4151/2458 3300/4150/2221
f 3288/4060/2209 3352/4155/2461 3351/4152/2459 3287/4056/2429
f 3302/4061/2440 3366/4156/2462 3365/4154/2460 3301/4153/2439
f 3289/4157/2430 3353/4158/2463 3352/4155/2461 3288/4060/2209
f 3303/3903/2441 3367/4159/2464 3366/4156/2462 3302/4061/2440
f 3290/4160/2280 3354/4161/2465 3353/4158/2463 3289/4157/2430
f 3304/3902/2442 3368/4162/2466 3367/4159/2464 3303/3903/2441
f 3291/4163/2431 3355/4164/2467 3354/4161/2465 3290/4160/2280
f 3277/4165/2357 3341/4166/2468 3342/4130/2449 3278/4129/2302
f 3305/4026/2226 3369/4167/2469 3368/4162/2466 3304/3902/2442
f 3292/4168/2432 3356/4169/2470 3355/4164/2467 3291/4163/2431
f 3279/4170/2253 3343/4171/2471 3341/4166/2468 3277/4165/2357
f 3306/4172/2227 3370/4173/2472 3369/4167/2469 3305/4026/2226
f 3293/4174/2433 3357/4175/2473 3356/4169/2470 3292/4168/2432
f 3280/4176/2329 3344/4177/2474 3343/4171/2471 3279/4170/2253
f 3307/4178/2443 3371/4179/2475 3370/4173/2472 3306/4172/2227
f 3294/4180/2434 3358/4181/2476 3357/4175/2473 3293/4174/2433
f 3281/4021/2202 3345/4020/2409 3344/4177/2474 3280/4176/2329
f 3308/4041/2444 3372/4131/2450 3371/4179/2475 3307/4178/2443
f 3295/4135/2216 3359/4134/2452 3358/4182/2476 3294/4183/2434
f 3394/4184/2477 3426/4185/2478 3425/4186/2241 3393/4187/2479
f 3363/4188/2456 3395/4188/2480 3394/4189/2477 3362/4189/2455
f 3350/4190/2457 3382/4190/2481 3381/4127/2446 3349/4127/2445
f 3364/4191/2458 3396/4191/2482 3395/4188/2480 3363/4188/2456
f 3351/4192/2459 3383/4192/2483 3382/4190/2481 3350/4190/2457
f 3365/4193/2460 3397/4193/2484 3396/4191/2482 3364/4191/2458
f 3352/4194/2461 3384/4194/2485 3383/4192/2483 3351/4192/2459
f 3366/4195/2462 3398/4195/2486 3397/4193/2484 3365/4193/2460
f 3353/4196/2463 3385/4196/2487 3384/4194/2485 3352/4194/2461
f 3367/4197/2464 3399/4197/2488 3398/4195/2486 3366/4195/2462
f 3354/4198/2465 3386/4198/2489 3385/4196/2487 3353/4196/2463
f 3368/4199/2466 3400/4199/2490 3399/4197/2488 3367/4197/2464
f 3355/4200/2467 3387/4200/2491 3386/4198/2489 3354/4198/2465
f 3341/4201/2468 3373/4201/2492 3374/4202/2493 3342/4202/2449
f 3369/4203/2469 3401/4203/2494 3400/4199/2490 3368/4199/2466
f 3356/4204/2470 3388/4204/2495 3387/4200/2491 3355/4200/2467
f 3343/4205/2471 3375/4205/2496 3373/4201/2492 3341/4201/2468
f 3370/4206/2472 3402/4206/2497 3401/4203/2494 3369/4203/2469
f 3357/4207/2473 3389/4207/2498 3388/4204/2495 3356/4204/2470
f 3344/4208/2474 3376/4208/2499 3375/4205/2496 3343/4205/2471
f 3371/4209/2475 3403/4209/2500 3402/4206/2497 3370/4206/2472
f 3358/4210/2476 3390/4210/2501 3389/4207/2498 3357/4207/2473
f 3345/4211/2409 3377/4211/2502 3376/4208/2499 3344/4208/2474
f 3372/4212/2450 3404/4212/2503 3403/4209/2500 3371/4209/2475
f 3359/4213/2452 3391/4213/2504 3390/4210/2501 3358/4210/2476
f 3346/4214/2408 3378/4214/2505 3377/4211/2502 3345/4211/2409
f 3342/4202/2449 3374/4202/2493 3404/4212/2503 3372/4212/2450
f 3360/4215/2451 3392/4215/2506 3391/4213/2504 3359/4213/2452
f 3347/4216/2453 3379/4216/2507 3378/4214/2505 3346/4214/2408
f 3361/4217/2454 3393/4217/2479 3392/4215/2506 3360/4215/2451
f 3348/4128/2448 3380/4128/2447 3379/4216/2507 3347/4216/2453
f 3362/4189/2455 3394/4189/2477 3393/4217/2479 3361/4217/2454
f 3431/4218/2186 3415/4219/2508 3423/4220/2509
f 3381/4221/2446 3413/4222/2293 3412/4223/2510 3380/4224/2447
f 3395/4225/2480 3427/4226/2275 3426/4185/2478 3394/4184/2477
f 3382/4227/2481 3414/4228/2511 3413/4222/2293 3381/4221/2446
f 3396/4229/2482 3428/4230/2512 3427/4226/2275 3395/4225/2480
f 3383/4231/2483 3415/4232/2508 3414/4228/2511 3382/4227/2481
f 3397/4233/2484 3429/4234/2513 3428/4230/2512 3396/4229/2482
f 3384/4235/2485 3416/4236/2156 3415/4232/2508 3383/4231/2483
f 3398/4237/2486 3430/4238/2295 3429/4234/2513 3397/4233/2484
f 3385/4239/2487 3417/4240/2514 3416/4236/2156 3384/4235/2485
f 3399/4241/2488 3431/4242/2186 3430/4238/2295 3398/4237/2486
f 3386/4243/2489 3418/4244/2248 3417/4240/2514 3385/4239/2487
f 3400/4245/2490 3432/4246/2515 3431/4242/2186 3399/4241/2488
f 3387/4247/2491 3419/4248/2162 3418/4244/2248 3386/4243/2489
f 3373/4249/2492 3405/4250/2516 3406/4251/2517 3374/4252/2493
f 3401/4253/2494 3433/4254/2518 3432/4246/2515 3400/4245/2490
f 3388/4255/2495 3420/4256/2519 3419/4248/2162 3387/4247/2491
f 3375/4257/2496 3407/4258/2268 3405/4250/2516 3373/4249/2492
f 3402/4259/2497 3434/4260/2192 3433/4254/2518 3401/4253/2494
f 3389/4261/2498 3421/4262/2235 3420/4256/2519 3388/4255/2495
f 3376/4263/2499 3408/4264/2520 3407/4258/2268 3375/4257/2496
f 3403/4265/2500 3435/4266/2234 3434/4260/2192 3402/4259/2497
f 3390/4267/2501 3422/4268/2168 3421/4262/2235 3389/4261/2498
f 3377/4269/2502 3409/4270/2142 3408/4264/2520 3376/4263/2499
f 3404/4271/2503 3436/4272/2521 3435/4266/2234 3403/4265/2500
f 3391/4273/2504 3423/4274/2509 3422/4275/2168 3390/4276/2501
f 3378/4277/2505 3410/4278/2238 3409/4270/2142 3377/4269/2502
f 3374/4252/2493 3406/4251/2517 3436/4272/2521 3404/4271/2503
f 3392/4279/2506 3424/4280/2172 3423/4274/2509 3391/4273/2504
f 3379/4281/2507 3411/4282/2146 3410/4278/2238 3378/4277/2505
f 3393/4187/2479 3425/4186/2241 3424/4280/2172 3392/4279/2506
f 3380/4224/2447 3412/4223/2510 3411/4282/2146 3379/4281/2507
f 3501/4283/2522 3446/4284/2523 3447/4285/2524 3502/4286/2525
f 3503/4287/2526 3455/4288/2527 3456/4289/2528 3504/4290/2529
f 3505/4291/2530 3464/4292/2531 3465/4293/2532 3506/4294/2533
f 3507/4295/2534 3442/4296/2535 3443/4297/2536 3508/4298/2537
f 3509/4299/2538 3451/4300/2539 3452/4301/2540 3510/4302/2541
f 3511/4303/2542 3460/4304/2543 3461/4305/2544 3512/4306/2545
f 3513/4307/2546 3438/4308/2547 3439/4309/2548 3514/4310/2549
f 3502/4286/2525 3447/4285/2524 3448/4311/2550 3515/4312/2551
f 3504/4290/2529 3456/4289/2528 3457/4313/2552 3516/4314/2553
f 3506/4294/2533 3465/4293/2532 3466/4315/2554 3517/4316/2555
f 3508/4298/2537 3443/4297/2536 3444/4317/2556 3518/4318/2557
f 3510/4302/2541 3452/4301/2540 3453/4319/2558 3519/4320/2559
f 3512/4306/2545 3461/4305/2544 3462/4321/2560 3520/4322/2561
f 3514/4310/2549 3439/4309/2548 3440/4323/2562 3521/4324/2563
f 3515/4312/2551 3448/4311/2550 3449/4325/2564 3522/4326/2565
f 3516/4314/2553 3457/4313/2552 3458/4327/2566 3523/4328/2567
f 3517/4316/2555 3466/4315/2554 3467/4329/2568 3524/4330/2569
f 3518/4318/2557 3444/4317/2556 3445/4331/2570 3525/4332/2571
f 3519/4333/2559 3453/4334/2558 3454/4335/2572 3526/4336/2573
f 3520/4322/2561 3462/4321/2560 3463/4337/2574 3527/4338/2575
f 3521/4324/2563 3440/4323/2562 3441/4339/2576 3528/4340/2577
f 3522/4326/2565 3449/4325/2564 3450/4341/2578 3529/4342/2579
f 3523/4328/2567 3458/4327/2566 3459/4343/2580 3530/4344/2581
f 3524/4330/2569 3467/4329/2568 3468/4345/2582 3531/4346/2583
f 3525/4332/2571 3445/4331/2570 3446/4284/2523 3501/4283/2522
f 3526/4336/2573 3454/4335/2572 3455/4288/2527 3503/4287/2526
f 3527/4338/2575 3463/4337/2574 3464/4292/2531 3505/4291/2530
f 3528/4340/2577 3441/4339/2576 3442/4296/2535 3507/4295/2534
f 3529/4342/2579 3450/4341/2578 3451/4300/2539 3509/4299/2538
f 3530/4344/2581 3459/4343/2580 3460/4304/2543 3511/4303/2542
f 3532/4347/2584 3437/4348/2585 3438/4308/2547 3513/4307/2546
f 3531/4346/2583 3468/4345/2582 3437/4348/2585 3532/4347/2584
f 3451/4300/2539 3483/4349/2586 3484/4350/2587 3452/4301/2540
f 3438/4308/2547 3470/4351/2588 3471/4352/2589 3439/4309/2548
f 3465/4293/2532 3497/4353/2590 3498/4354/2591 3466/4315/2554
f 3452/4301/2540 3484/4350/2587 3485/4355/2165 3453/4319/2558
f 3439/4309/2548 3471/4352/2589 3472/4356/2592 3440/4323/2562
f 3466/4315/2554 3498/4354/2591 3499/4357/2593 3467/4329/2568
f 3453/4334/2558 3485/4358/2165 3486/4359/2594 3454/4335/2572
f 3440/4323/2562 3472/4356/2592 3473/4360/2595 3441/4339/2576
f 3467/4329/2568 3499/4357/2593 3500/4361/2596 3468/4345/2582
f 3454/4335/2572 3486/4359/2594 3487/4362/2597 3455/4288/2527
f 3441/4339/2576 3473/4360/2595 3474/4363/2598 3442/4296/2535
f 3468/4345/2582 3500/4361/2596 3469/4364/2133 3437/4348/2585
f 3455/4288/2527 3487/4362/2597 3488/4365/2599 3456/4289/2528
f 3442/4296/2535 3474/4363/2598 3475/4366/2600 3443/4297/2536
f 3456/4289/2528 3488/4365/2599 3489/4367/2601 3457/4313/2552
f 3443/4297/2536 3475/4366/2600 3476/4368/2602 3444/4317/2556
f 3457/4313/2552 3489/4367/2601 3490/4369/2603 3458/4327/2566
f 3444/4317/2556 3476/4368/2602 3477/4370/2604 3445/4331/2570
f 3458/4327/2566 3490/4369/2603 3491/4371/2605 3459/4343/2580
f 3445/4331/2570 3477/4370/2604 3478/4372/2606 3446/4284/2523
f 3459/4343/2580 3491/4371/2605 3492/4373/2607 3460/4304/2543
f 3446/4284/2523 3478/4372/2606 3479/4374/2608 3447/4285/2524
f 3460/4304/2543 3492/4373/2607 3493/4375/2609 3461/4305/2544
f 3447/4285/2524 3479/4374/2608 3480/4376/2610 3448/4311/2550
f 3461/4305/2544 3493/4375/2609 3494/4377/2611 3462/4321/2560
f 3448/4311/2550 3480/4376/2610 3481/4378/2612 3449/4325/2564
f 3462/4321/2560 3494/4377/2611 3495/4379/2613 3463/4337/2574
f 3449/4325/2564 3481/4378/2612 3482/4380/2614 3450/4341/2578
f 3463/4337/2574 3495/4379/2613 3496/4381/2615 3464/4292/2531
f 3450/4341/2578 3482/4380/2614 3483/4349/2586 3451/4300/2539
f 3437/4348/2585 3469/4364/2133 3470/4351/2588 3438/4308/2547
f 3464/4292/2531 3496/4381/2615 3497/4353/2590 3465/4293/2532
f 3567/4382/2616 3569/4383/2617 3535/3245/2137 3534/3242/2134
f 3627/4384/2618 3566/4385/2619 3533/3241/2133 3564/3307/2198
f 3611/4386/2620 3613/4387/2621 3557/3291/2181 3556/3289/2179
f 3593/4388/2622 3595/4389/2623 3548/3271/2163 3547/3269/2161
f 3575/4390/2624 3577/4391/2625 3539/3253/2145 3538/3251/2143
f 3619/4392/2626 3621/4393/2627 3561/3299/2189 3560/3297/2187
f 3601/4394/2628 3603/4395/2629 3552/3281/2171 3551/3278/2169
f 3583/4396/2630 3585/4397/2631 3543/3261/2153 3542/3259/2151
f 3609/4398/2632 3611/4386/2620 3556/3289/2179 3555/3287/2177
f 3591/4399/2633 3593/4388/2622 3547/3269/2161 3546/3267/2159
f 3573/4400/2634 3575/4390/2624 3538/3251/2143 3537/3249/2141
f 3617/4401/2635 3619/4392/2626 3560/3297/2187 3559/3295/2185
f 3599/4402/2636 3601/4394/2628 3551/3278/2169 3550/3277/2167
f 3581/4403/2637 3583/4396/2630 3542/3259/2151 3541/3257/2149
f 3625/4404/2638 3627/4384/2618 3564/3307/2198 3563/3303/2193
f 3607/4405/2639 3609/4398/2632 3555/3287/2177 3554/3285/2175
f 3589/4406/2640 3591/4399/2633 3546/3267/2159 3545/3265/2157
f 3571/4407/2641 3573/4400/2634 3537/3249/2141 3536/3247/2139
f 3615/4408/2642 3617/4401/2635 3559/3295/2185 3558/3293/2183
f 3597/4409/2643 3599/4402/2636 3550/3277/2167 3549/4410/2165
f 3579/4411/2644 3581/4403/2637 3541/3257/2149 3540/3255/2147
f 3623/4412/2645 3625/4404/2638 3563/3303/2193 3562/3301/2191
f 3605/4413/2646 3607/4405/2639 3554/3285/2175 3553/3283/2173
f 3587/4414/2647 3589/4406/2640 3545/3265/2157 3544/3263/2155
f 3569/4383/2617 3571/4407/2641 3536/3247/2139 3535/3245/2137
f 3613/4387/2621 3615/4408/2642 3558/3293/2183 3557/3291/2181
f 3595/4389/2623 3597/4415/2643 3549/3273/2165 3548/3271/2163
f 3577/4391/2625 3579/4411/2644 3540/3255/2147 3539/3253/2145
f 3621/4393/2627 3623/4412/2645 3562/3301/2191 3561/3299/2189
f 3603/4395/2629 3605/4413/2646 3553/3283/2173 3552/3281/2171
f 3585/4397/2631 3587/4414/2647 3544/3263/2155 3543/3261/2153
f 3628/4416/2648 3531/4346/2583 3532/4347/2584 3565/4417/2649
f 3626/4418/2650 3524/4330/2569 3531/4346/2583 3628/4416/2648
f 3624/4419/2651 3517/4316/2555 3524/4330/2569 3626/4418/2650
f 3622/4420/2652 3506/4294/2533 3517/4316/2555 3624/4419/2651
f 3620/4421/2653 3505/4291/2530 3506/4294/2533 3622/4420/2652
f 3618/4422/2654 3527/4338/2575 3505/4291/2530 3620/4421/2653
f 3616/4423/2655 3520/4322/2561 3527/4338/2575 3618/4422/2654
f 3614/4424/2656 3512/4306/2545 3520/4322/2561 3616/4423/2655
f 3612/4425/2657 3511/4303/2542 3512/4306/2545 3614/4424/2656
f 3610/4426/2658 3530/4344/2581 3511/4303/2542 3612/4425/2657
f 3608/4427/2659 3523/4328/2567 3530/4344/2581 3610/4426/2658
f 3606/4428/2660 3516/4314/2553 3523/4328/2567 3608/4427/2659
f 3604/4429/2661 3504/4290/2529 3516/4314/2553 3606/4428/2660
f 3602/4430/2662 3503/4287/2526 3504/4290/2529 3604/4429/2661
f 3600/4431/2663 3526/4336/2573 3503/4287/2526 3602/4430/2662
f 3598/4432/2664 3519/4333/2559 3526/4336/2573 3600/4431/2663
f 3596/4433/2665 3510/4302/2541 3519/4320/2559 3598/4434/2664
f 3594/4435/2666 3509/4299/2538 3510/4302/2541 3596/4433/2665
f 3592/4436/2667 3529/4342/2579 3509/4299/2538 3594/4435/2666
f 3590/4437/2668 3522/4326/2565 3529/4342/2579 3592/4436/2667
f 3588/4438/2669 3515/4312/2551 3522/4326/2565 3590/4437/2668
f 3586/4439/2670 3502/4286/2525 3515/4312/2551 3588/4438/2669
f 3584/4440/2671 3501/4283/2522 3502/4286/2525 3586/4439/2670
f 3582/4441/2672 3525/4332/2571 3501/4283/2522 3584/4440/2671
f 3580/4442/2673 3518/4318/2557 3525/4332/2571 3582/4441/2672
f 3578/4443/2674 3508/4298/2537 3518/4318/2557 3580/4442/2673
f 3576/4444/2675 3507/4295/2534 3508/4298/2537 3578/4443/2674
f 3574/4445/2676 3528/4340/2577 3507/4295/2534 3576/4444/2675
f 3572/4446/2677 3521/4324/2563 3528/4340/2577 3574/4445/2676
f 3570/4447/2678 3514/4310/2549 3521/4324/2563 3572/4446/2677
f 3568/4448/2679 3513/4307/2546 3514/4310/2549 3570/4447/2678
f 3565/4417/2649 3532/4347/2584 3513/4307/2546 3568/4448/2679
f 3566/4385/2619 3565/4417/2649 3568/4448/2679 3567/4382/2616
f 3567/4382/2616 3568/4448/2679 3570/4447/2678 3569/4383/2617
f 3569/4383/2617 3570/4447/2678 3572/4446/2677 3571/4407/2641
f 3571/4407/2641 3572/4446/2677 3574/4445/2676 3573/4400/2634
f 3573/4400/2634 3574/4445/2676 3576/4444/2675 3575/4390/2624
f 3575/4390/2624 3576/4444/2675 3578/4443/2674 3577/4391/2625
f 3577/4391/2625 3578/4443/2674 3580/4442/2673 3579/4411/2644
f 3579/4411/2644 3580/4442/2673 3582/4441/2672 3581/4403/2637
f 3581/4403/2637 3582/4441/2672 3584/4440/2671 3583/4396/2630
f 3583/4396/2630 3584/4440/2671 3586/4439/2670 3585/4397/2631
f 3585/4397/2631 3586/4439/2670 3588/4438/2669 3587/4414/2647
f 3587/4414/2647 3588/4438/2669 3590/4437/2668 3589/4406/2640
f 3589/4406/2640 3590/4437/2668 3592/4436/2667 3591/4399/2633
f 3591/4399/2633 3592/4436/2667 3594/4435/2666 3593/4388/2622
f 3593/4388/2622 3594/4435/2666 3596/4433/2665 3595/4389/2623
f 3595/4389/2623 3596/4433/2665 3598/4434/2664 3597/4415/2643
f 3597/4409/2643 3598/4432/2664 3600/4431/2663 3599/4402/2636
f 3599/4402/2636 3600/4431/2663 3602/4430/2662 3601/4394/2628
f 3601/4394/2628 3602/4430/2662 3604/4429/2661 3603/4395/2629
f 3603/4395/2629 3604/4429/2661 3606/4428/2660 3605/4413/2646
f 3605/4413/2646 3606/4428/2660 3608/4427/2659 3607/4405/2639
f 3607/4405/2639 3608/4427/2659 3610/4426/2658 3609/4398/2632
f 3609/4398/2632 3610/4426/2658 3612/4425/2657 3611/4386/2620
f 3611/4386/2620 3612/4425/2657 3614/4424/2656 3613/4387/2621
f 3613/4387/2621 3614/4424/2656 3616/4423/2655 3615/4408/2642
f 3615/4408/2642 3616/4423/2655 3618/4422/2654 3617/4401/2635
f 3617/4401/2635 3618/4422/2654 3620/4421/2653 3619/4392/2626
f 3619/4392/2626 3620/4421/2653 3622/4420/2652 3621/4393/2627
f 3621/4393/2627 3622/4420/2652 3624/4419/2651 3623/4412/2645
f 3623/4412/2645 3624/4419/2651 3626/4418/2650 3625/4404/2638
f 3625/4404/2638 3626/4418/2650 3628/4416/2648 3627/4384/2618
f 3627/4384/2618 3628/4416/2648 3565/4417/2649 3566/4385/2619
f 3566/4385/2619 3567/4382/2616 3534/3242/2134 3533/3241/2133
f 3407/4449/2268 3406/4450/2517 3405/4451/2516
f 3406/4450/2517 3407/4449/2268 3436/4452/2521
f 3436/4452/2521 3407/4449/2268 3435/4453/2234
f 3435/4453/2234 3431/4218/2186 3434/4454/2192
f 3434/4454/2192 3431/4218/2186 3433/4455/2518
f 3433/4455/2518 3431/4218/2186 3432/4456/2515
f 3431/4218/2186 3427/4457/2275 3430/4458/2295
f 3430/4458/2295 3427/4457/2275 3429/4459/2513
f 3429/4459/2513 3427/4457/2275 3428/4460/2512
f 3427/4457/2275 3425/4461/2241 3426/4462/2478
f 3425/4461/2241 3427/4457/2275 3424/4463/2172
f 3424/4463/2172 3427/4457/2275 3423/4220/2509
f 3423/4220/2509 3419/4464/2162 3422/4465/2168
f 3422/4465/2168 3419/4464/2162 3421/4466/2235
f 3421/4466/2235 3419/4464/2162 3420/4467/2519
f 3419/4464/2162 3415/4219/2508 3418/4468/2248
f 3418/4468/2248 3415/4219/2508 3417/4469/2514
f 3417/4469/2514 3415/4219/2508 3416/4470/2156
f 3415/4219/2508 3413/4471/2293 3414/4472/2511
f 3413/4471/2293 3411/4473/2146 3412/4474/2510
f 3411/4473/2146 3407/4449/2268 3410/4475/2238
f 3410/4475/2238 3407/4449/2268 3409/4476/2142
f 3409/4476/2142 3407/4449/2268 3408/4477/2520
f 3415/4219/2508 3407/4449/2268 3413/4471/2293
f 3413/4471/2293 3407/4449/2268 3411/4473/2146
f 3407/4449/2268 3431/4218/2186 3435/4453/2234
f 3431/4218/2186 3423/4220/2509 3427/4457/2275
f 3423/4220/2509 3415/4219/2508 3419/4464/2162
f 3407/4449/2268 3415/4219/2508 3431/4218/2186
f 2025/2331/1785 2023/2496/1946 2021/2410/1864
f 2021/2410/1864 2103/2408/1862 2025/2331/1785
f 2103/2408/1862 2101/2406/1860 2025/2331/1785
f 2101/2406/1860 2099/2404/1858 2093/2398/1852
f 2099/2404/1858 2097/2402/1856 2093/2398/1852
f 2097/2402/1856 2095/2400/1854 2093/2398/1852
f 2093/2398/1852 2091/2396/1850 2089/2394/1848
f 2089/2394/1848 2087/2392/1846 2093/2398/1852
f 2087/2392/1846 2085/2390/1844 2093/2398/1852
f 2085/2390/1844 2083/2388/1842 2081/2386/1840
f 2081/2386/1840 2079/2384/1838 2077/2382/1836
f 2077/2382/1836 2075/2380/1834 2073/2378/1832
f 2073/2378/1832 2071/2376/1830 2069/2374/1828
f 2069/2374/1828 2067/2372/1826 2061/2366/1820
f 2067/2372/1826 2065/2370/1824 2061/2366/1820
f 2065/2370/1824 2063/2368/1822 2061/2366/1820
f 2061/2366/1820 2059/2364/1818 2057/2362/1816
f 2057/2362/1816 2055/2360/1814 2061/2366/1820
f 2055/2360/1814 2053/2358/1812 2061/2366/1820
f 2053/2358/1812 2051/2356/1810 2049/2354/1808
f 2049/2354/1808 2047/2352/1806 2053/2358/1812
f 2047/2352/1806 2045/2350/1804 2053/2358/1812
f 2045/2350/1804 2043/2348/1802 2037/2342/1796
f 2043/2348/1802 2041/2346/1800 2037/2342/1796
f 2041/2346/1800 2039/2344/1798 2037/2342/1796
f 2037/2342/1796 2035/2340/1794 2033/2338/1792
f 2033/2338/1792 2031/2336/1790 2037/2342/1796
f 2031/2336/1790 2029/2335/1789 2037/2342/1796
f 2029/2335/1789 2027/2332/1786 2025/2331/1785
f 2085/2390/1844 2081/2386/1840 2077/2382/1836
f 2077/2382/1836 2073/2378/1832 2085/2390/1844
f 2073/2378/1832 2069/2374/1828 2085/2390/1844
f 2029/2335/1789 2025/2331/1785 2037/2342/1796
f 2025/2331/1785 2101/2406/1860 2037/2342/1796
f 2101/2406/1860 2093/2398/1852 2069/2374/1828
f 2093/2398/1852 2085/2390/1844 2069/2374/1828
f 2069/2374/1828 2061/2366/1820 2037/2342/1796
f 2061/2366/1820 2053/2358/1812 2037/2342/1796
f 2053/2358/1812 2045/2350/1804 2037/2342/1796
f 2467/2768/1785 2465/2933/1946 2543/2843/1860
f 2465/2933/1946 2463/2847/1864 2543/2843/1860
f 2463/2847/1864 2545/2845/1862 2543/2843/1860
f 2543/2843/1860 2541/2841/1858 2535/2835/1852
f 2541/2841/1858 2539/2839/1856 2535/2835/1852
f 2539/2839/1856 2537/2837/1854 2535/2835/1852
f 2535/2835/1852 2533/2833/1850 2531/2831/1848
f 2531/2831/1848 2529/2829/1846 2527/2827/1844
f 2527/2827/1844 2525/2825/1996 2523/2823/1840
f 2523/2823/1840 2521/2821/1838 2527/2827/1844
f 2521/2821/1838 2519/2819/1836 2527/2827/1844
f 2519/2819/1836 2517/2817/1834 2515/2815/1832
f 2515/2815/1832 2513/2813/1830 2511/2811/1995
f 2511/2811/1995 2509/2809/1826 2503/2803/1820
f 2509/2809/1826 2507/2807/1824 2503/2803/1820
f 2507/2807/1824 2505/2805/1822 2503/2803/1820
f 2503/2803/1820 2501/2801/1994 2495/2795/1812
f 2501/2801/1994 2499/2799/1816 2495/2795/1812
f 2499/2799/1816 2497/2797/1814 2495/2795/1812
f 2495/2795/1812 2493/2793/1810 2491/2791/1808
f 2491/2791/1808 2489/2789/1806 2487/2787/1804
f 2487/2787/1804 2485/2785/1802 2483/2783/1800
f 2483/2783/1800 2481/2781/1798 2487/2787/1804
f 2481/2781/1798 2479/2779/1796 2487/2787/1804
f 2479/2779/1796 2477/2777/1794 2471/2772/1789
f 2477/2777/1794 2475/2775/1792 2471/2772/1789
f 2475/2775/1792 2473/2773/1790 2471/2772/1789
f 2471/2772/1789 2469/2769/1786 2543/2843/1860
f 2469/2769/1786 2467/2768/1785 2543/2843/1860
f 2535/2835/1852 2531/2831/1848 2527/2827/1844
f 2519/2819/1836 2515/2815/1832 2527/2827/1844
f 2515/2815/1832 2511/2811/1995 2527/2827/1844
f 2495/2795/1812 2491/2791/1808 2487/2787/1804
f 2543/2843/1860 2535/2835/1852 2511/2811/1995
f 2535/2835/1852 2527/2827/1844 2511/2811/1995
f 2511/2811/1995 2503/2803/1820 2495/2795/1812
f 2495/2795/1812 2487/2787/1804 2511/2811/1995
f 2487/2787/1804 2479/2779/1796 2511/2811/1995
f 2479/2779/1796 2471/2772/1789 2511/2811/1995
